// Created by Crowbar++ 0.74
version 1
nodes
  0 "ValveBiped.Bip01_Spine4" -1
  1 "ValveBiped.Bip01_L_Clavicle" 0
  2 "ValveBiped.Bip01_L_UpperArm" 1
  3 "ValveBiped.Bip01_L_Forearm" 2
  4 "ValveBiped.Bip01_L_Hand" 3
  5 "ValveBiped.Bip01_L_Finger4" 4
  6 "ValveBiped.Bip01_L_Finger41" 5
  7 "ValveBiped.Bip01_L_Finger42" 6
  8 "ValveBiped.Bip01_L_Finger3" 4
  9 "ValveBiped.Bip01_L_Finger31" 8
  10 "ValveBiped.Bip01_L_Finger32" 9
  11 "ValveBiped.Bip01_L_Finger2" 4
  12 "ValveBiped.Bip01_L_Finger21" 11
  13 "ValveBiped.Bip01_L_Finger22" 12
  14 "ValveBiped.Bip01_L_Finger1" 4
  15 "ValveBiped.Bip01_L_Finger11" 14
  16 "ValveBiped.Bip01_L_Finger12" 15
  17 "ValveBiped.Bip01_L_Finger0" 4
  18 "ValveBiped.Bip01_L_Finger01" 17
  19 "ValveBiped.Bip01_L_Finger02" 18
  20 "ValveBiped.Bip01_R_Clavicle" 0
  21 "ValveBiped.Bip01_R_UpperArm" 20
  22 "ValveBiped.Bip01_R_Forearm" 21
  23 "ValveBiped.Bip01_R_Hand" 22
  24 "ValveBiped.Bip01_R_Finger4" 23
  25 "ValveBiped.Bip01_R_Finger41" 24
  26 "ValveBiped.Bip01_R_Finger42" 25
  27 "ValveBiped.Bip01_R_Finger3" 23
  28 "ValveBiped.Bip01_R_Finger31" 27
  29 "ValveBiped.Bip01_R_Finger32" 28
  30 "ValveBiped.Bip01_R_Finger2" 23
  31 "ValveBiped.Bip01_R_Finger21" 30
  32 "ValveBiped.Bip01_R_Finger22" 31
  33 "ValveBiped.Bip01_R_Finger1" 23
  34 "ValveBiped.Bip01_R_Finger11" 33
  35 "ValveBiped.Bip01_R_Finger12" 34
  36 "ValveBiped.Bip01_R_Finger0" 23
  37 "ValveBiped.Bip01_R_Finger01" 36
  38 "ValveBiped.Bip01_R_Finger02" 37
  39 "root" -1
  40 "slide" 39
  41 "lever" 39
  42 "trigger" 39
  43 "slot" 39
  44 "attachment_muzzleflash" 39
  45 "ejaculator" 39
  46 "hammer" 39
  47 "root.002" 39
end
skeleton
  time 0
    0 0.000000 -0.000006 0.000000 -1.570781 -1.391896 -1.570809
    1 -9.029490 1.278119 12.492669 1.596636 -1.286515 2.942963
    2 6.028140 0.000007 0.000003 0.097247 -1.149281 -2.695495
    3 11.692572 0.000000 -0.000019 -0.000025 0.000025 -1.062710
    4 11.481682 -0.000163 -0.000038 0.242060 -0.470799 0.711329
    5 3.859703 -0.142405 -1.191976 -0.555853 -0.166017 -1.749965
    6 1.312561 -0.000010 0.000002 -0.100849 -0.020352 -0.116350
    7 0.729367 -0.000004 0.000000 -0.063133 -0.015236 -0.804624
    8 3.942326 0.046766 -0.431443 -0.264579 -0.068731 -1.429727
    9 1.539099 -0.000002 -0.000007 -0.098155 -0.042324 -0.527806
    10 1.196324 -0.000004 0.000003 -0.041214 -0.093103 -1.005073
    11 3.883690 -0.046767 0.431443 -0.045425 -0.041180 -1.131032
    12 1.719576 -0.000013 0.000009 -0.050047 -0.136036 -0.906586
    13 1.209185 -0.000010 0.000003 -0.001031 -0.145326 -0.760171
    14 3.859859 -0.137949 1.332466 0.223662 -0.070929 -1.064440
    15 1.719433 -0.000006 -0.000003 -0.002760 -0.231514 -0.867584
    16 1.099669 -0.000008 0.000002 0.079693 -0.218712 -0.758154
    17 0.806044 -0.348926 1.321258 -1.236615 -0.565365 -0.767339
    18 1.789782 0.000002 -0.000008 -0.000961 0.001743 -0.089192
    19 1.207005 0.000000 0.000000 -0.000299 -0.000013 0.365778
    20 -2.417969 -10.468750 -8.367188 -1.668474 1.286518 2.942954
    21 6.028139 0.000000 -0.000002 0.837002 1.218739 -1.166941
    22 11.692549 0.000000 0.000003 -0.000002 0.000000 -1.057711
    23 11.481695 -0.000080 0.000006 -1.616350 -0.182302 0.650905
    24 3.859676 -0.132517 1.193109 0.466558 -0.157011 -0.880761
    25 1.312561 0.000002 -0.000001 0.000004 0.000002 -0.438855
    26 0.729367 0.000004 0.000001 0.000001 0.000003 -0.245808
    27 3.942295 0.050373 0.431044 0.149671 -0.084846 -0.812605
    28 1.539099 0.000011 0.000000 0.000051 0.000069 -0.247789
    29 1.196325 0.000004 -0.000003 -0.000003 0.000001 -0.432648
    30 3.883663 -0.050280 -0.431043 -0.133207 -0.161718 -0.593820
    31 1.719580 -0.000008 0.000006 0.000049 -0.007757 -0.368371
    32 1.209188 -0.000013 0.000006 -0.000011 -0.004469 -0.218043
    33 3.859833 -0.148894 -1.331282 -0.308040 0.226431 -0.218411
    34 1.719427 -0.000006 0.000010 -0.000072 -0.006145 -0.364960
    35 1.099665 0.000011 0.000004 -0.000057 -0.004212 -0.243965
    36 0.806026 -0.359824 -1.318335 1.272735 0.761895 -0.705695
    37 1.789783 -0.000004 -0.000002 -0.005228 0.001391 -0.098339
    38 1.207001 -0.000002 -0.000006 -0.000562 -0.000780 -0.139765
    39 -1.890684 -11.023258 -4.161076 3.020085 -1.181762 -3.591320
    40 -0.000001 1.365388 -0.536964 -1.570798 0.000001 0.000000
    41 -0.000001 -0.513253 -0.829849 1.121305 0.000000 -3.141591
    42 0.000000 -0.854954 0.683403 0.154998 0.000000 -3.141591
    43 -0.456437 0.634190 -1.470296 -1.570797 0.000001 0.000000
    44 0.000008 1.368782 -31.679443 -1.570797 0.000000 0.000000
    45 0.162476 0.431641 -1.771484 -1.592774 0.018724 -0.721931
    46 -0.102380 0.431843 0.420865 -1.560826 -0.000482 0.000595
    47 0.000000 0.306830 -0.617118 -1.570796 0.000000 0.000000
  time 1
    0 0.000000 -0.000006 0.000000 -1.570781 -1.391896 -1.570809
    1 -9.123242 1.196086 12.457511 1.596636 -1.286515 2.942963
    2 6.028140 0.000007 0.000003 0.097615 -1.152727 -2.697239
    3 11.692572 0.000000 -0.000019 -0.000013 0.000025 -1.038705
    4 11.481682 -0.000163 -0.000038 0.225055 -0.456366 0.698317
    5 3.859703 -0.142405 -1.191976 -0.555853 -0.166017 -1.749965
    6 1.312561 -0.000010 0.000002 -0.100849 -0.020352 -0.116320
    7 0.729367 -0.000004 0.000000 -0.063133 -0.015236 -0.804624
    8 3.942326 0.046766 -0.431443 -0.264579 -0.068731 -1.429727
    9 1.539099 -0.000002 -0.000007 -0.098155 -0.042324 -0.527806
    10 1.196324 -0.000004 0.000003 -0.041214 -0.093103 -1.005073
    11 3.883690 -0.046767 0.431443 -0.045425 -0.041180 -1.131032
    12 1.719576 -0.000013 0.000009 -0.050047 -0.136036 -0.906586
    13 1.209185 -0.000010 0.000003 -0.001031 -0.145326 -0.760171
    14 3.859859 -0.137949 1.332466 0.223662 -0.070929 -1.064440
    15 1.719433 -0.000006 -0.000003 -0.002760 -0.231514 -0.867584
    16 1.099669 -0.000008 0.000002 0.079693 -0.218712 -0.758154
    17 0.806044 -0.348926 1.321258 -1.236615 -0.565365 -0.767339
    18 1.789782 0.000002 -0.000008 -0.000961 0.001743 -0.089192
    19 1.207005 0.000000 0.000000 -0.000299 -0.000013 0.365778
    20 -2.417969 -10.468750 -8.367188 -1.668474 1.286518 2.942954
    21 6.028139 0.000000 -0.000002 0.833133 1.216365 -1.169004
    22 11.692549 0.000000 0.000003 -0.000002 0.000000 -1.064821
    23 11.481695 -0.000080 0.000006 -1.617868 -0.178517 0.675628
    24 3.859676 -0.132517 1.193109 0.467528 -0.153934 -0.886509
    25 1.312561 0.000002 -0.000001 0.000028 0.000014 -0.436396
    26 0.729367 0.000004 0.000001 0.000001 0.000003 -0.250273
    27 3.942295 0.050373 0.431044 0.150713 -0.082437 -0.818552
    28 1.539099 0.000011 0.000000 0.000207 0.000309 -0.247875
    29 1.196325 0.000004 -0.000003 -0.000027 0.000001 -0.438190
    30 3.883663 -0.050280 -0.431043 -0.130666 -0.160292 -0.596988
    31 1.719580 -0.000008 0.000006 0.000205 -0.007098 -0.374038
    32 1.209188 -0.000013 0.000006 -0.000059 -0.004469 -0.222897
    33 3.859833 -0.148894 -1.331282 -0.307716 0.226923 -0.218657
    34 1.719427 -0.000006 0.000010 -0.000288 -0.004778 -0.370749
    35 1.099665 0.000011 0.000004 -0.000225 -0.004236 -0.242973
    36 0.806026 -0.359824 -1.318335 1.272440 0.760544 -0.706142
    37 1.789783 -0.000004 -0.000002 -0.005180 0.001391 -0.096565
    38 1.207001 -0.000002 -0.000006 -0.000562 -0.000768 -0.133257
    39 -1.886777 -11.015446 -4.235297 3.003416 -1.193470 -3.589207
    40 -0.000001 1.365388 -0.536964 -1.570798 0.000001 0.000000
    41 -0.000001 -0.513253 -0.829849 1.121305 0.000000 -3.141591
    42 0.000000 -0.854954 0.683403 0.154998 0.000000 -3.141591
    43 -0.456437 0.634190 -1.470296 -1.570797 0.000001 0.000000
    44 0.000008 1.368782 -31.679443 -1.570797 0.000000 0.000000
    45 0.162476 0.431641 -1.771484 -1.592774 0.018724 -0.721931
    46 -0.102380 0.431843 0.420865 -1.560826 -0.000482 0.000595
    47 0.000000 0.306830 -0.617118 -1.570796 0.000000 0.000000
  time 2
    0 0.000000 -0.000006 0.000000 -1.570781 -1.391896 -1.570809
    1 -9.213089 1.117958 12.414541 1.596636 -1.286515 2.942963
    2 6.028140 0.000007 0.000003 0.098998 -1.156216 -2.699732
    3 11.692572 0.000000 -0.000019 -0.000013 0.000025 -1.009145
    4 11.481682 -0.000163 -0.000038 0.202560 -0.438278 0.679152
    5 3.859703 -0.142405 -1.191976 -0.555853 -0.166017 -1.749965
    6 1.312561 -0.000010 0.000002 -0.100849 -0.020352 -0.116320
    7 0.729367 -0.000004 0.000000 -0.063133 -0.015236 -0.804624
    8 3.942326 0.046766 -0.431443 -0.264579 -0.068731 -1.429727
    9 1.539099 -0.000002 -0.000007 -0.098155 -0.042324 -0.527806
    10 1.196324 -0.000004 0.000003 -0.041214 -0.093103 -1.005073
    11 3.883690 -0.046767 0.431443 -0.045425 -0.041180 -1.131032
    12 1.719576 -0.000013 0.000009 -0.050047 -0.136036 -0.906586
    13 1.209185 -0.000010 0.000003 -0.001031 -0.145326 -0.760171
    14 3.859859 -0.137949 1.332466 0.223662 -0.070929 -1.064440
    15 1.719433 -0.000006 -0.000003 -0.002760 -0.231514 -0.867584
    16 1.099669 -0.000008 0.000002 0.079693 -0.218712 -0.758154
    17 0.806044 -0.348926 1.321258 -1.236615 -0.565365 -0.767339
    18 1.789782 0.000002 -0.000008 -0.000961 0.001743 -0.089192
    19 1.207005 0.000000 0.000000 -0.000299 -0.000013 0.365778
    20 -2.417969 -10.468750 -8.367188 -1.668474 1.286518 2.942954
    21 6.028139 0.000000 -0.000002 0.827505 1.214607 -1.172936
    22 11.692549 0.000000 0.000003 -0.000002 0.000000 -1.074841
    23 11.481695 -0.000080 0.000006 -1.622496 -0.171288 0.709658
    24 3.859676 -0.132517 1.193109 0.469050 -0.148936 -0.895766
    25 1.312561 0.000002 -0.000001 0.000076 0.000026 -0.432448
    26 0.729367 0.000004 0.000001 0.000001 0.000003 -0.257500
    27 3.942295 0.050373 0.431044 0.152391 -0.078530 -0.828179
    28 1.539099 0.000011 0.000000 0.000458 0.000680 -0.248004
    29 1.196325 0.000004 -0.000003 -0.000051 0.000001 -0.447149
    30 3.883663 -0.050280 -0.431043 -0.126568 -0.157979 -0.602096
    31 1.719580 -0.000008 0.000006 0.000432 -0.006031 -0.383214
    32 1.209188 -0.000013 0.000006 -0.000131 -0.004457 -0.230749
    33 3.859833 -0.148894 -1.331282 -0.307189 0.227726 -0.219066
    34 1.719427 -0.000006 0.000010 -0.000647 -0.002561 -0.380117
    35 1.099665 0.000011 0.000004 -0.000512 -0.004272 -0.241333
    36 0.806026 -0.359824 -1.318335 1.271961 0.758363 -0.706857
    37 1.789783 -0.000004 -0.000002 -0.005120 0.001375 -0.093701
    38 1.207001 -0.000002 -0.000006 -0.000562 -0.000756 -0.122758
    39 -1.882871 -11.003726 -4.301705 2.991319 -1.209067 -3.596373
    40 -0.000001 1.365388 -0.536964 -1.570798 0.000001 0.000000
    41 -0.000001 -0.513253 -0.829849 1.121305 0.000000 -3.141591
    42 0.000000 -0.854954 0.683403 0.154998 0.000000 -3.141591
    43 -0.456437 0.634190 -1.470296 -1.570797 0.000001 0.000000
    44 0.000008 1.368782 -31.679443 -1.570797 0.000000 0.000000
    45 0.162476 0.431641 -1.771484 -1.592774 0.018724 -0.721931
    46 -0.102380 0.431843 0.420865 -1.560826 -0.000482 0.000595
    47 0.000000 0.306830 -0.617118 -1.570796 0.000000 0.000000
  time 3
    0 0.000000 -0.000006 0.000000 -1.570781 -1.391896 -1.570809
    1 -9.299029 1.047644 12.363758 1.596636 -1.286515 2.942963
    2 6.028140 0.000007 0.000003 0.096694 -1.160049 -2.697406
    3 11.692572 0.000000 -0.000019 -0.000013 0.000025 -0.982006
    4 11.481682 -0.000163 -0.000038 0.176876 -0.421002 0.658625
    5 3.859703 -0.142405 -1.191976 -0.555853 -0.166017 -1.749965
    6 1.312561 -0.000010 0.000002 -0.100849 -0.020352 -0.116320
    7 0.729367 -0.000004 0.000000 -0.063133 -0.015236 -0.804624
    8 3.942326 0.046766 -0.431443 -0.264579 -0.068731 -1.429727
    9 1.539099 -0.000002 -0.000007 -0.098155 -0.042324 -0.527806
    10 1.196324 -0.000004 0.000003 -0.041214 -0.093103 -1.005073
    11 3.883690 -0.046767 0.431443 -0.045425 -0.041180 -1.131032
    12 1.719576 -0.000013 0.000009 -0.050047 -0.136036 -0.906586
    13 1.209185 -0.000010 0.000003 -0.001031 -0.145326 -0.760171
    14 3.859859 -0.137949 1.332466 0.223662 -0.070929 -1.064440
    15 1.719433 -0.000006 -0.000003 -0.002760 -0.231514 -0.867584
    16 1.099669 -0.000008 0.000002 0.079693 -0.218712 -0.758154
    17 0.806044 -0.348926 1.321258 -1.236615 -0.565365 -0.767339
    18 1.789782 0.000002 -0.000008 -0.000961 0.001743 -0.089192
    19 1.207005 0.000000 0.000000 -0.000299 -0.000013 0.365778
    20 -2.417969 -10.468750 -8.367188 -1.668474 1.286518 2.942954
    21 6.028139 0.000000 -0.000002 0.820382 1.213992 -1.178674
    22 11.692549 0.000000 0.000003 -0.000002 0.000000 -1.084998
    23 11.481695 -0.000080 0.000006 -1.630740 -0.163069 0.746143
    24 3.859676 -0.132517 1.193109 0.471040 -0.142116 -0.908328
    25 1.312561 0.000002 -0.000001 0.000124 0.000050 -0.427099
    26 0.729367 0.000004 0.000001 0.000001 0.000003 -0.267315
    27 3.942295 0.050373 0.431044 0.154620 -0.073185 -0.841228
    28 1.539099 0.000011 0.000000 0.000794 0.001183 -0.248177
    29 1.196325 0.000004 -0.000003 -0.000099 0.000001 -0.459284
    30 3.883663 -0.050280 -0.431043 -0.121031 -0.154803 -0.608992
    31 1.719580 -0.000008 0.000006 0.000744 -0.004569 -0.395650
    32 1.209188 -0.000013 0.000006 -0.000227 -0.004433 -0.241406
    33 3.859833 -0.148894 -1.331282 -0.306470 0.228816 -0.219618
    34 1.719427 -0.000006 0.000010 -0.001186 0.000447 -0.392833
    35 1.099665 0.000011 0.000004 -0.000896 -0.004320 -0.239133
    36 0.806026 -0.359824 -1.318335 1.271334 0.755412 -0.707840
    37 1.789783 -0.000004 -0.000002 -0.005037 0.001359 -0.089818
    38 1.207001 -0.000002 -0.000006 -0.000562 -0.000732 -0.108506
    39 -1.871152 -10.992007 -4.352488 2.987794 -1.227271 -3.612174
    40 -0.000001 1.365388 -0.536964 -1.570798 0.000001 0.000000
    41 -0.000001 -0.513253 -0.829849 1.121305 0.000000 -3.141591
    42 0.000000 -0.854954 0.683403 0.154998 0.000000 -3.141591
    43 -0.456437 0.634190 -1.470296 -1.570797 0.000001 0.000000
    44 0.000008 1.368782 -31.679443 -1.570797 0.000000 0.000000
    45 0.162476 0.431641 -1.771484 -1.592774 0.018724 -0.721931
    46 -0.102380 0.431843 0.420865 -1.560826 -0.000482 0.000595
    47 0.000000 0.306830 -0.617118 -1.570796 0.000000 0.000000
  time 4
    0 0.000000 -0.000006 0.000000 -1.570781 -1.391896 -1.570809
    1 -9.377156 0.985142 12.305163 1.596636 -1.286515 2.942963
    2 6.028140 0.000007 0.000003 0.085173 -1.164357 -2.684031
    3 11.692572 0.000000 -0.000019 -0.000013 0.000025 -0.965480
    4 11.481682 -0.000163 -0.000038 0.150218 -0.408959 0.641730
    5 3.859703 -0.142405 -1.191976 -0.555853 -0.166017 -1.749965
    6 1.312561 -0.000010 0.000002 -0.100849 -0.020352 -0.116350
    7 0.729367 -0.000004 0.000000 -0.063133 -0.015236 -0.804624
    8 3.942326 0.046766 -0.431443 -0.264579 -0.068731 -1.429727
    9 1.539099 -0.000002 -0.000007 -0.098155 -0.042324 -0.527806
    10 1.196324 -0.000004 0.000003 -0.041214 -0.093103 -1.005073
    11 3.883690 -0.046767 0.431443 -0.045425 -0.041180 -1.131032
    12 1.719576 -0.000013 0.000009 -0.050047 -0.136036 -0.906586
    13 1.209185 -0.000010 0.000003 -0.001031 -0.145326 -0.760171
    14 3.859859 -0.137949 1.332466 0.223662 -0.070929 -1.064440
    15 1.719433 -0.000006 -0.000003 -0.002760 -0.231514 -0.867584
    16 1.099669 -0.000008 0.000002 0.079693 -0.218712 -0.758154
    17 0.806044 -0.348926 1.321258 -1.236615 -0.565365 -0.767339
    18 1.789782 0.000002 -0.000008 -0.000961 0.001743 -0.089192
    19 1.207005 0.000000 0.000000 -0.000299 -0.000013 0.365778
    20 -2.417969 -10.468750 -8.367188 -1.668474 1.286518 2.942954
    21 6.028139 0.000000 -0.000002 0.812995 1.214783 -1.185443
    22 11.692549 0.000000 0.000003 -0.000002 0.000000 -1.092784
    23 11.481695 -0.000080 0.000006 -1.643540 -0.156487 0.778403
    24 3.859676 -0.132517 1.193109 0.473401 -0.133602 -0.923922
    25 1.312561 0.000002 -0.000001 0.000196 0.000074 -0.420454
    26 0.729367 0.000004 0.000001 0.000001 0.000003 -0.279503
    27 3.942295 0.050373 0.431044 0.157281 -0.066485 -0.857463
    28 1.539099 0.000011 0.000000 0.001225 0.001819 -0.248414
    29 1.196325 0.000004 -0.000003 -0.000147 0.000001 -0.474419
    30 3.883663 -0.050280 -0.431043 -0.114176 -0.150800 -0.617569
    31 1.719580 -0.000008 0.000006 0.001104 -0.002760 -0.411145
    32 1.209188 -0.000013 0.000006 -0.000359 -0.004421 -0.254673
    33 3.859833 -0.148894 -1.331282 -0.305595 0.230159 -0.220293
    34 1.719427 -0.000006 0.000010 -0.001906 0.004174 -0.408665
    35 1.099665 0.000011 0.000004 -0.001363 -0.004380 -0.236371
    36 0.806026 -0.359824 -1.318335 1.270560 0.751756 -0.709046
    37 1.789783 -0.000004 -0.000002 -0.004917 0.001343 -0.085000
    38 1.207001 -0.000002 -0.000006 -0.000550 -0.000708 -0.090738
    39 -1.863339 -10.972476 -4.395458 2.996843 -1.246716 -3.635601
    40 -0.000001 1.365388 -0.536964 -1.570798 0.000001 0.000000
    41 -0.000001 -0.513253 -0.829849 1.121305 0.000000 -3.141591
    42 0.000000 -0.854954 0.683403 0.154998 0.000000 -3.141591
    43 -0.456437 0.634190 -1.470296 -1.570797 0.000001 0.000000
    44 0.000008 1.368782 -31.679443 -1.570797 0.000000 0.000000
    45 0.162476 0.431641 -1.771484 -1.592774 0.018724 -0.721931
    46 -0.102380 0.431843 0.420865 -1.560826 -0.000482 0.000595
    47 0.000000 0.306830 -0.617118 -1.570796 0.000000 0.000000
  time 5
    0 0.000000 -0.000006 0.000000 -1.570781 -1.391896 -1.570809
    1 -9.439658 0.930452 12.238755 1.596636 -1.286515 2.942963
    2 6.028140 0.000007 0.000003 0.055313 -1.169138 -2.650137
    3 11.692572 0.000000 -0.000019 -0.000013 0.000025 -0.969398
    4 11.481682 -0.000163 -0.000038 0.125243 -0.406593 0.634467
    5 3.859703 -0.142405 -1.191976 -0.555853 -0.166017 -1.749965
    6 1.312561 -0.000010 0.000002 -0.100849 -0.020352 -0.116320
    7 0.729367 -0.000004 0.000000 -0.063133 -0.015236 -0.804624
    8 3.942326 0.046766 -0.431443 -0.264579 -0.068731 -1.429727
    9 1.539099 -0.000002 -0.000007 -0.098155 -0.042324 -0.527806
    10 1.196324 -0.000004 0.000003 -0.041214 -0.093103 -1.005073
    11 3.883690 -0.046767 0.431443 -0.045425 -0.041180 -1.131032
    12 1.719576 -0.000013 0.000009 -0.050047 -0.136036 -0.906586
    13 1.209185 -0.000010 0.000003 -0.001031 -0.145326 -0.760171
    14 3.859859 -0.137949 1.332466 0.223662 -0.070929 -1.064440
    15 1.719433 -0.000006 -0.000003 -0.002760 -0.231514 -0.867584
    16 1.099669 -0.000008 0.000002 0.079693 -0.218712 -0.758154
    17 0.806044 -0.348926 1.321258 -1.236615 -0.565365 -0.767339
    18 1.789782 0.000002 -0.000008 -0.000961 0.001743 -0.089192
    19 1.207005 0.000000 0.000000 -0.000299 -0.000013 0.365778
    20 -2.417969 -10.468750 -8.367188 -1.668474 1.286518 2.942954
    21 6.028139 0.000000 -0.000002 0.806927 1.217244 -1.192019
    22 11.692549 0.000000 0.000003 -0.000002 0.000000 -1.096169
    23 11.481695 -0.000080 0.000006 -1.661691 -0.154646 0.800157
    24 3.859676 -0.132517 1.193109 0.476025 -0.123467 -0.942345
    25 1.312561 0.000002 -0.000001 0.000280 0.000110 -0.412602
    26 0.729367 0.000004 0.000001 0.000001 -0.000009 -0.293913
    27 3.942295 0.050373 0.431044 0.160301 -0.058504 -0.876671
    28 1.539099 0.000011 0.000000 0.001717 0.002562 -0.248673
    29 1.196325 0.000004 -0.000003 -0.000219 -0.000011 -0.492293
    30 3.883663 -0.050280 -0.431043 -0.106134 -0.145994 -0.627633
    31 1.719580 -0.000008 0.000006 0.001487 -0.000602 -0.429473
    32 1.209188 -0.000013 0.000006 -0.000514 -0.004409 -0.270356
    33 3.859833 -0.148894 -1.331282 -0.304552 0.231753 -0.221091
    34 1.719427 -0.000006 0.000010 -0.002828 0.008573 -0.427402
    35 1.099665 0.000011 0.000004 -0.001927 -0.004452 -0.233136
    36 0.806026 -0.359824 -1.318335 1.269675 0.747434 -0.710476
    37 1.789783 -0.000004 -0.000002 -0.004785 0.001327 -0.079307
    38 1.207001 -0.000002 -0.000006 -0.000550 -0.000684 -0.069692
    39 -1.851620 -10.956850 -4.430615 3.022371 -1.266161 -3.665826
    40 -0.000001 1.365388 -0.536964 -1.570798 0.000001 0.000000
    41 -0.000001 -0.513253 -0.829849 1.121305 0.000000 -3.141591
    42 0.000000 -0.854954 0.683403 0.154998 0.000000 -3.141591
    43 -0.456437 0.634190 -1.470296 -1.570797 0.000001 0.000000
    44 0.000008 1.368782 -31.679443 -1.570797 0.000000 0.000000
    45 0.162476 0.431641 -1.771484 -1.592774 0.018724 -0.721931
    46 -0.102380 0.431843 0.420865 -1.560826 -0.000482 0.000595
    47 0.000000 0.306830 -0.617118 -1.570796 0.000000 0.000000
  time 6
    0 0.000000 -0.000006 0.000000 -1.570781 -1.391896 -1.570809
    1 -9.490441 0.887482 12.160627 1.596636 -1.286515 2.942963
    2 6.028140 0.000007 0.000003 0.006929 -1.173575 -2.596223
    3 11.692572 0.000000 -0.000019 -0.000013 0.000025 -0.993260
    4 11.481682 -0.000163 -0.000038 0.103368 -0.413523 0.637645
    5 3.859703 -0.142405 -1.191976 -0.555853 -0.166017 -1.749965
    6 1.312561 -0.000010 0.000002 -0.100849 -0.020352 -0.116320
    7 0.729367 -0.000004 0.000000 -0.063133 -0.015236 -0.804624
    8 3.942326 0.046766 -0.431443 -0.264579 -0.068731 -1.429727
    9 1.539099 -0.000002 -0.000007 -0.098155 -0.042324 -0.527806
    10 1.196324 -0.000004 0.000003 -0.041214 -0.093103 -1.005073
    11 3.883690 -0.046767 0.431443 -0.045425 -0.041180 -1.131032
    12 1.719576 -0.000013 0.000009 -0.050047 -0.136036 -0.906586
    13 1.209185 -0.000010 0.000003 -0.001031 -0.145326 -0.760171
    14 3.859859 -0.137949 1.332466 0.223662 -0.070929 -1.064440
    15 1.719433 -0.000006 -0.000003 -0.002760 -0.231514 -0.867584
    16 1.099669 -0.000008 0.000002 0.079693 -0.218712 -0.758154
    17 0.806044 -0.348926 1.321258 -1.236615 -0.565365 -0.767339
    18 1.789782 0.000002 -0.000008 -0.000961 0.001743 -0.089192
    19 1.207005 0.000000 0.000000 -0.000299 -0.000013 0.365778
    20 -2.417969 -10.468750 -8.367188 -1.668474 1.286518 2.942954
    21 6.028139 0.000000 -0.000002 0.802794 1.221024 -1.197563
    22 11.692549 0.000000 0.000003 -0.000002 0.000000 -1.095221
    23 11.481695 -0.000080 0.000006 -1.684036 -0.157988 0.810720
    24 3.859676 -0.132517 1.193109 0.478782 -0.111825 -0.963372
    25 1.312561 0.000002 -0.000001 0.000364 0.000146 -0.403650
    26 0.729367 0.000004 0.000001 0.000001 -0.000009 -0.310373
    27 3.942295 0.050373 0.431044 0.163561 -0.049299 -0.898569
    28 1.539099 0.000011 0.000000 0.002292 0.003401 -0.248975
    29 1.196325 0.000004 -0.000003 -0.000291 -0.000011 -0.512730
    30 3.883663 -0.050280 -0.431043 -0.097038 -0.140421 -0.639055
    31 1.719580 -0.000008 0.000006 0.001883 0.001854 -0.450411
    32 1.209188 -0.000013 0.000006 -0.000682 -0.004385 -0.288239
    33 3.859833 -0.148894 -1.331282 -0.303366 0.233562 -0.221991
    34 1.719427 -0.000006 0.000010 -0.003979 0.013582 -0.448836
    35 1.099665 0.000011 0.000004 -0.002574 -0.004535 -0.229447
    36 0.806026 -0.359824 -1.318335 1.268642 0.742489 -0.712085
    37 1.789783 -0.000004 -0.000002 -0.004641 0.001295 -0.072824
    38 1.207001 -0.000002 -0.000006 -0.000538 -0.000660 -0.045606
    39 -1.839901 -10.941225 -4.454053 3.062281 -1.284323 -3.700644
    40 -0.000001 1.365388 -0.536964 -1.570798 0.000001 0.000000
    41 -0.000001 -0.513253 -0.829849 1.121305 0.000000 -3.141591
    42 0.000000 -0.854954 0.683403 0.154998 0.000000 -3.141591
    43 -0.456437 0.634190 -1.470296 -1.570797 0.000001 0.000000
    44 0.000008 1.368782 -31.679443 -1.570797 0.000000 0.000000
    45 0.162476 0.431641 -1.771484 -1.592774 0.018724 -0.721931
    46 -0.102380 0.431843 0.420865 -1.560826 -0.000482 0.000595
    47 0.000000 0.306830 -0.617118 -1.570796 0.000000 0.000000
  time 7
    0 0.000000 -0.000006 0.000000 -1.570781 -1.391896 -1.570809
    1 -9.521692 0.860138 12.078593 1.596636 -1.286515 2.942963
    2 6.028140 0.000007 0.000003 -0.049198 -1.176762 -2.534168
    3 11.692572 0.000000 -0.000019 -0.000013 0.000025 -1.026169
    4 11.481682 -0.000163 -0.000038 0.084858 -0.424156 0.646521
    5 3.859703 -0.142405 -1.191976 -0.555853 -0.166017 -1.749965
    6 1.312561 -0.000010 0.000002 -0.100849 -0.020352 -0.116320
    7 0.729367 -0.000004 0.000000 -0.063133 -0.015236 -0.804624
    8 3.942326 0.046766 -0.431443 -0.264579 -0.068731 -1.429727
    9 1.539099 -0.000002 -0.000007 -0.098155 -0.042324 -0.527806
    10 1.196324 -0.000004 0.000003 -0.041214 -0.093103 -1.005073
    11 3.883690 -0.046767 0.431443 -0.045425 -0.041180 -1.131032
    12 1.719576 -0.000013 0.000009 -0.050047 -0.136036 -0.906586
    13 1.209185 -0.000010 0.000003 -0.001031 -0.145326 -0.760171
    14 3.859859 -0.137949 1.332466 0.223662 -0.070929 -1.064440
    15 1.719433 -0.000006 -0.000003 -0.002760 -0.231514 -0.867584
    16 1.099669 -0.000008 0.000002 0.079693 -0.218712 -0.758154
    17 0.806044 -0.348926 1.321258 -1.236615 -0.565365 -0.767339
    18 1.789782 0.000002 -0.000008 -0.000961 0.001743 -0.089192
    19 1.207005 0.000000 0.000000 -0.000299 -0.000013 0.365778
    20 -2.417969 -10.468750 -8.367188 -1.668474 1.286518 2.942954
    21 6.028139 0.000000 -0.000002 0.799804 1.225244 -1.202398
    22 11.692549 0.000000 0.000003 -0.000002 0.000000 -1.092242
    23 11.481695 -0.000080 0.000006 -1.706453 -0.163649 0.815174
    24 3.859676 -0.132517 1.193109 0.481550 -0.098777 -0.986729
    25 1.312561 0.000002 -0.000001 0.000471 0.000182 -0.393727
    26 0.729367 0.000004 0.000001 -0.000011 -0.000009 -0.328666
    27 3.942295 0.050373 0.431044 0.166952 -0.038957 -0.922944
    28 1.539099 0.000011 0.000000 0.002927 0.004347 -0.249320
    29 1.196325 0.000004 -0.000003 -0.000363 -0.000023 -0.535467
    30 3.883663 -0.050280 -0.431043 -0.086995 -0.134106 -0.651706
    31 1.719580 -0.000008 0.000006 0.002254 0.004623 -0.473732
    32 1.209188 -0.000013 0.000006 -0.000874 -0.004373 -0.308150
    33 3.859833 -0.148894 -1.331282 -0.302047 0.235576 -0.222993
    34 1.719427 -0.000006 0.000010 -0.005393 0.019131 -0.472711
    35 1.099665 0.000011 0.000004 -0.003281 -0.004607 -0.225370
    36 0.806026 -0.359824 -1.318335 1.267536 0.737024 -0.713827
    37 1.789783 -0.000004 -0.000002 -0.004473 0.001263 -0.065633
    38 1.207001 -0.000002 -0.000006 -0.000526 -0.000624 -0.018764
    39 -1.832088 -10.925599 -4.473585 3.108097 -1.300045 -3.737208
    40 -0.000001 1.365388 -0.536964 -1.570798 0.000001 0.000000
    41 -0.000001 -0.513253 -0.829849 1.121305 0.000000 -3.141591
    42 0.000000 -0.854954 0.683403 0.154998 0.000000 -3.141591
    43 -0.456437 0.634190 -1.470296 -1.570797 0.000001 0.000000
    44 0.000008 1.368782 -31.679443 -1.570797 0.000000 0.000000
    45 0.162476 0.431641 -1.771484 -1.592774 0.018724 -0.721931
    46 -0.102380 0.431843 0.420865 -1.560826 -0.000482 0.000595
    47 0.000000 0.306830 -0.617118 -1.570796 0.000000 0.000000
  time 8
    0 0.000000 -0.000006 0.000000 -1.570781 -1.391896 -1.570809
    1 -9.533411 0.852325 11.980934 1.596636 -1.286515 2.942963
    2 6.028140 0.000007 0.000003 -0.105508 -1.178485 -2.472611
    3 11.692572 0.000000 -0.000019 -0.000025 0.000025 -1.061570
    4 11.481682 -0.000163 -0.000038 0.070510 -0.435100 0.658071
    5 3.859703 -0.142405 -1.191976 -0.555853 -0.166017 -1.749965
    6 1.312561 -0.000010 0.000002 -0.100849 -0.020352 -0.116320
    7 0.729367 -0.000004 0.000000 -0.063133 -0.015236 -0.804624
    8 3.942326 0.046766 -0.431443 -0.264579 -0.068731 -1.429727
    9 1.539099 -0.000002 -0.000007 -0.098155 -0.042324 -0.527806
    10 1.196324 -0.000004 0.000003 -0.041214 -0.093103 -1.005073
    11 3.883690 -0.046767 0.431443 -0.045425 -0.041180 -1.131032
    12 1.719576 -0.000013 0.000009 -0.050047 -0.136036 -0.906586
    13 1.209185 -0.000010 0.000003 -0.001031 -0.145326 -0.760171
    14 3.859859 -0.137949 1.332466 0.223662 -0.070929 -1.064440
    15 1.719433 -0.000006 -0.000003 -0.002760 -0.231514 -0.867584
    16 1.099669 -0.000008 0.000002 0.079693 -0.218712 -0.758154
    17 0.806044 -0.348926 1.321258 -1.236615 -0.565365 -0.767339
    18 1.789782 0.000002 -0.000008 -0.000961 0.001743 -0.089192
    19 1.207005 0.000000 0.000000 -0.000299 -0.000013 0.365778
    20 -2.417969 -10.468750 -8.367188 -1.668474 1.286518 2.942954
    21 6.028139 0.000000 -0.000002 0.797694 1.229156 -1.206267
    22 11.692549 0.000000 0.000003 -0.000002 0.000000 -1.088451
    23 11.481695 -0.000080 0.000006 -1.726050 -0.170060 0.815745
    24 3.859676 -0.132517 1.193109 0.484235 -0.084447 -1.012191
    25 1.312561 0.000002 -0.000001 0.000579 0.000218 -0.382897
    26 0.729367 0.000004 0.000001 -0.000011 -0.000021 -0.348620
    27 3.942295 0.050373 0.431044 0.170368 -0.027571 -0.949538
    28 1.539099 0.000011 0.000000 0.003610 0.005366 -0.249687
    29 1.196325 0.000004 -0.000003 -0.000446 -0.000035 -0.560328
    30 3.883663 -0.050280 -0.431043 -0.076161 -0.127071 -0.665390
    31 1.719580 -0.000008 0.000006 0.002602 0.007643 -0.499211
    32 1.209188 -0.000013 0.000006 -0.001090 -0.004361 -0.329873
    33 3.859833 -0.148894 -1.331282 -0.300621 0.237769 -0.224097
    34 1.719427 -0.000006 0.000010 -0.007095 0.025147 -0.498817
    35 1.099665 0.000011 0.000004 -0.004060 -0.004703 -0.220904
    36 0.806026 -0.359824 -1.318335 1.266356 0.731040 -0.715704
    37 1.789783 -0.000004 -0.000002 -0.004293 0.001231 -0.057783
    38 1.207001 -0.000002 -0.000006 -0.000526 -0.000588 0.010548
    39 -1.820369 -10.913880 -4.485304 3.152103 -1.312291 -3.770740
    40 -0.000001 1.365388 -0.536964 -1.570798 0.000001 0.000000
    41 -0.000001 -0.513253 -0.829849 1.121305 0.000000 -3.141591
    42 0.000000 -0.854954 0.683403 0.154998 0.000000 -3.141591
    43 -0.456437 0.634190 -1.470296 -1.570797 0.000001 0.000000
    44 0.000008 1.368782 -31.679443 -1.570797 0.000000 0.000000
    45 0.162476 0.431641 -1.771484 -1.592774 0.018724 -0.721931
    46 -0.102380 0.431843 0.420865 -1.560826 -0.000482 0.000595
    47 0.000000 0.306830 -0.617118 -1.570796 0.000000 0.000000
  time 9
    0 0.000000 -0.000006 0.000000 -1.570781 -1.391896 -1.570809
    1 -9.502160 0.922640 11.879369 1.596636 -1.286515 2.942963
    2 6.028140 0.000007 0.000003 -0.161911 -1.177710 -2.411054
    3 11.692572 0.000000 -0.000019 -0.000025 0.000025 -1.103097
    4 11.481682 -0.000163 -0.000038 0.061034 -0.444037 0.675874
    5 3.859703 -0.142405 -1.191976 -0.555853 -0.166017 -1.749965
    6 1.312561 -0.000010 0.000002 -0.100849 -0.020352 -0.116320
    7 0.729367 -0.000004 0.000000 -0.063133 -0.015236 -0.804624
    8 3.942326 0.046766 -0.431443 -0.264579 -0.068731 -1.429727
    9 1.539099 -0.000002 -0.000007 -0.098155 -0.042324 -0.527806
    10 1.196324 -0.000004 0.000003 -0.041214 -0.093103 -1.005073
    11 3.883690 -0.046767 0.431443 -0.045425 -0.041180 -1.131032
    12 1.719576 -0.000013 0.000009 -0.050047 -0.136036 -0.906586
    13 1.209185 -0.000010 0.000003 -0.001031 -0.145326 -0.760171
    14 3.859859 -0.137949 1.332466 0.223662 -0.070929 -1.064440
    15 1.719433 -0.000006 -0.000003 -0.002760 -0.231514 -0.867584
    16 1.099669 -0.000008 0.000002 0.079693 -0.218712 -0.758154
    17 0.806044 -0.348926 1.321258 -1.236615 -0.565365 -0.767339
    18 1.789782 0.000002 -0.000008 -0.000961 0.001743 -0.089192
    19 1.207005 0.000000 0.000000 -0.000299 -0.000013 0.365778
    20 -2.417969 -10.468750 -8.367188 -1.668474 1.286518 2.942954
    21 6.028139 0.000000 -0.000002 0.796375 1.232101 -1.208974
    22 11.692549 0.000000 0.000003 -0.000002 0.000000 -1.085201
    23 11.481695 -0.000080 0.000006 -1.740007 -0.175312 0.814603
    24 3.859676 -0.132517 1.193109 0.486716 -0.068937 -1.039532
    25 1.312561 0.000002 -0.000001 0.000699 0.000266 -0.371270
    26 0.729367 0.000004 0.000001 -0.000011 -0.000021 -0.370062
    27 3.942295 0.050373 0.431044 0.173712 -0.015203 -0.978138
    28 1.539099 0.000011 0.000000 0.004341 0.006469 -0.250075
    29 1.196325 0.000004 -0.000003 -0.000542 -0.000059 -0.587051
    30 3.883663 -0.050280 -0.431043 -0.064631 -0.119364 -0.680002
    31 1.719580 -0.000008 0.000006 0.002877 0.010891 -0.526603
    32 1.209188 -0.000013 0.000006 -0.001305 -0.004349 -0.353236
    33 3.859833 -0.148894 -1.331282 -0.299087 0.240130 -0.225263
    34 1.719427 -0.000006 0.000010 -0.009096 0.031571 -0.526923
    35 1.099665 0.000011 0.000004 -0.004887 -0.004787 -0.216115
    36 0.806026 -0.359824 -1.318335 1.265103 0.724641 -0.717715
    37 1.789783 -0.000004 -0.000002 -0.004102 0.001199 -0.049382
    38 1.207001 -0.000002 -0.000006 -0.000502 -0.000552 0.042140
    39 -1.816463 -10.906067 -4.489211 3.185251 -1.320234 -3.795453
    40 -0.000001 1.365388 -0.536964 -1.570798 0.000001 0.000000
    41 -0.000001 -0.513253 -0.829849 1.121305 0.000000 -3.141591
    42 0.000000 -0.854954 0.683403 0.154998 0.000000 -3.141591
    43 -0.456437 0.634190 -1.470296 -1.570797 0.000001 0.000000
    44 0.000008 1.368782 -31.679443 -1.570797 0.000000 0.000000
    45 0.162476 0.431641 -1.771484 -1.592774 0.018724 -0.721931
    46 -0.102380 0.431843 0.420865 -1.560826 -0.000482 0.000595
    47 0.000000 0.306830 -0.617118 -1.570796 0.000000 0.000000
  time 10
    0 0.000000 -0.000006 0.000000 -1.570781 -1.391896 -1.570809
    1 -9.424033 1.129677 11.762178 1.596636 -1.286515 2.942963
    2 6.028140 0.000007 0.000003 -0.214903 -1.173919 -2.352820
    3 11.692572 0.000000 -0.000019 -0.000025 0.000037 -1.151463
    4 11.481682 -0.000163 -0.000038 0.057226 -0.448338 0.701595
    5 3.859703 -0.142405 -1.191976 -0.555853 -0.166017 -1.749965
    6 1.312561 -0.000010 0.000002 -0.100849 -0.020352 -0.116320
    7 0.729367 -0.000004 0.000000 -0.063133 -0.015236 -0.804624
    8 3.942326 0.046766 -0.431443 -0.264579 -0.068731 -1.429727
    9 1.539099 -0.000002 -0.000007 -0.098155 -0.042324 -0.527806
    10 1.196324 -0.000004 0.000003 -0.041214 -0.093103 -1.005073
    11 3.883690 -0.046767 0.431443 -0.045425 -0.041180 -1.131032
    12 1.719576 -0.000013 0.000009 -0.050047 -0.136036 -0.906586
    13 1.209185 -0.000010 0.000003 -0.001031 -0.145326 -0.760171
    14 3.859859 -0.137949 1.332466 0.223662 -0.070929 -1.064440
    15 1.719433 -0.000006 -0.000003 -0.002760 -0.231514 -0.867584
    16 1.099669 -0.000008 0.000002 0.079693 -0.218712 -0.758154
    17 0.806044 -0.348926 1.321258 -1.236615 -0.565365 -0.767339
    18 1.789782 0.000002 -0.000008 -0.000961 0.001743 -0.089192
    19 1.207005 0.000000 0.000000 -0.000299 -0.000013 0.365778
    20 -2.417969 -10.468750 -8.367188 -1.668474 1.286518 2.942954
    21 6.028139 0.000000 -0.000002 0.795935 1.233288 -1.209941
    22 11.692549 0.000000 0.000003 -0.000002 0.000000 -1.083779
    23 11.481695 -0.000080 0.000006 -1.745286 -0.177528 0.813746
    24 3.859676 -0.132517 1.193109 0.488873 -0.052410 -1.068503
    25 1.312561 0.000002 -0.000001 0.000831 0.000302 -0.358974
    26 0.729367 0.000004 0.000001 -0.000023 -0.000033 -0.392799
    27 3.942295 0.050373 0.431044 0.176864 -0.001972 -1.008460
    28 1.539099 0.000011 0.000000 0.005120 0.007631 -0.250485
    29 1.196325 0.000004 -0.000003 -0.000638 -0.000083 -0.615396
    30 3.883663 -0.050280 -0.431043 -0.052551 -0.111011 -0.695367
    31 1.719580 -0.000008 0.000006 0.003069 0.014354 -0.555681
    32 1.209188 -0.000013 0.000006 -0.001545 -0.004349 -0.377979
    33 3.859833 -0.148894 -1.331282 -0.297469 0.242623 -0.226490
    34 1.719427 -0.000006 0.000010 -0.011409 0.038330 -0.556772
    35 1.099665 0.000011 0.000004 -0.005774 -0.004883 -0.211046
    36 0.806026 -0.359824 -1.318335 1.263812 0.717867 -0.719815
    37 1.789783 -0.000004 -0.000002 -0.003898 0.001151 -0.040477
    38 1.207001 -0.000002 -0.000006 -0.000490 -0.000504 0.075680
    39 -1.812556 -10.902161 -4.493117 3.198300 -1.323048 -3.804916
    40 -0.000001 1.365388 -0.536964 -1.570798 0.000001 0.000000
    41 -0.000001 -0.513253 -0.829849 1.121305 0.000000 -3.141591
    42 0.000000 -0.854954 0.683403 0.154998 0.000000 -3.141591
    43 -0.456437 0.634190 -1.470296 -1.570797 0.000001 0.000000
    44 0.000008 1.368782 -31.679443 -1.570797 0.000000 0.000000
    45 0.162476 0.431641 -1.771484 -1.592774 0.018724 -0.721931
    46 -0.102380 0.431843 0.420865 -1.560826 -0.000482 0.000595
    47 0.000000 0.306830 -0.617118 -1.570796 0.000000 0.000000
  time 11
    0 0.000000 -0.000006 0.000000 -1.570781 -1.391896 -1.570809
    1 -9.299029 1.453906 11.629361 1.596636 -1.286515 2.942963
    2 6.028140 0.000007 0.000003 -0.212784 -1.172196 -2.363370
    3 11.692572 0.000000 -0.000019 -0.000025 0.000037 -1.189927
    4 11.481682 -0.000163 -0.000038 0.099737 -0.432471 0.774019
    5 3.859703 -0.142405 -1.191976 -0.555853 -0.166017 -1.749965
    6 1.312561 -0.000010 0.000002 -0.100849 -0.020352 -0.116320
    7 0.729367 -0.000004 0.000000 -0.063133 -0.015236 -0.804624
    8 3.942326 0.046766 -0.431443 -0.264579 -0.068731 -1.429727
    9 1.539099 -0.000002 -0.000007 -0.098155 -0.042324 -0.527806
    10 1.196324 -0.000004 0.000003 -0.041214 -0.093103 -1.005073
    11 3.883690 -0.046767 0.431443 -0.045425 -0.041180 -1.131032
    12 1.719576 -0.000013 0.000009 -0.050047 -0.136036 -0.906586
    13 1.209185 -0.000010 0.000003 -0.001031 -0.145326 -0.760171
    14 3.859859 -0.137949 1.332466 0.223662 -0.070929 -1.064440
    15 1.719433 -0.000006 -0.000003 -0.002760 -0.231514 -0.867584
    16 1.099669 -0.000008 0.000002 0.079693 -0.218712 -0.758154
    17 0.806044 -0.348926 1.321258 -1.236615 -0.565365 -0.767339
    18 1.789782 0.000002 -0.000008 -0.000961 0.001743 -0.089192
    19 1.207005 0.000000 0.000000 -0.000299 -0.000013 0.365778
    20 -2.417969 -10.468750 -8.367188 -1.668474 1.286518 2.942954
    21 6.028139 0.000000 -0.000002 0.807895 1.228629 -1.197112
    22 11.692549 0.000000 0.000003 -0.000002 0.000000 -1.077888
    23 11.481695 -0.000080 0.000006 -1.691340 -0.203650 0.793762
    24 3.859676 -0.132517 1.193109 0.490623 -0.034979 -1.098876
    25 1.312561 0.000002 -0.000001 0.000963 0.000349 -0.346096
    26 0.729367 0.000004 0.000001 -0.000023 -0.000033 -0.416615
    27 3.942295 0.050373 0.431044 0.179752 0.012026 -1.040245
    28 1.539099 0.000011 0.000000 0.005935 0.008854 -0.250917
    29 1.196325 0.000004 -0.000003 -0.000746 -0.000107 -0.645164
    30 3.883663 -0.050280 -0.431043 -0.040051 -0.102059 -0.711337
    31 1.719580 -0.000008 0.000006 0.003177 0.017998 -0.586198
    32 1.209188 -0.000013 0.000006 -0.001797 -0.004349 -0.403952
    33 3.859833 -0.148894 -1.331282 -0.295779 0.245235 -0.227779
    34 1.719427 -0.000006 0.000010 -0.014070 0.045341 -0.588156
    35 1.099665 0.000011 0.000004 -0.006696 -0.004967 -0.205761
    36 0.806026 -0.359824 -1.318335 1.262485 0.710782 -0.722005
    37 1.789783 -0.000004 -0.000002 -0.003694 0.001103 -0.031153
    38 1.207001 -0.000002 -0.000006 -0.000478 -0.000468 0.110930
    39 -1.828182 -10.909974 -4.497023 2.991414 -1.297604 -3.600323
    40 -0.000001 1.365388 -0.536964 -1.570798 0.000001 0.000000
    41 -0.000001 -0.513253 -0.829849 1.121305 0.000000 -3.141591
    42 0.000000 -0.854954 0.683403 0.154998 0.000000 -3.141591
    43 -0.456437 0.634190 -1.470296 -1.570797 0.000001 0.000000
    44 0.000008 1.368782 -31.679443 -1.570797 0.000000 0.000000
    45 0.162476 0.431641 -1.771484 -1.592774 0.018724 -0.721931
    46 -0.102380 0.431843 0.420865 -1.560826 -0.000482 0.000595
    47 0.000000 0.306830 -0.617118 -1.570796 0.000000 0.000000
  time 12
    0 0.000000 -0.000006 0.000000 -1.570781 -1.391896 -1.570809
    1 -9.134961 1.879700 11.480919 1.596636 -1.286515 2.942963
    2 6.028140 0.000007 0.000003 -0.103020 -1.176116 -2.494791
    3 11.692572 0.000000 -0.000019 -0.000025 0.000037 -1.199400
    4 11.481682 -0.000163 -0.000038 0.204685 -0.402913 0.923152
    5 3.859703 -0.142405 -1.191976 -0.555853 -0.166017 -1.749965
    6 1.312561 -0.000010 0.000002 -0.100849 -0.020352 -0.116320
    7 0.729367 -0.000004 0.000000 -0.063133 -0.015236 -0.804624
    8 3.942326 0.046766 -0.431443 -0.264579 -0.068731 -1.429727
    9 1.539099 -0.000002 -0.000007 -0.098155 -0.042324 -0.527806
    10 1.196324 -0.000004 0.000003 -0.041214 -0.093103 -1.005073
    11 3.883690 -0.046767 0.431443 -0.045425 -0.041180 -1.131032
    12 1.719576 -0.000013 0.000009 -0.050047 -0.136036 -0.906586
    13 1.209185 -0.000010 0.000003 -0.001031 -0.145338 -0.760171
    14 3.859859 -0.137949 1.332466 0.223662 -0.070929 -1.064440
    15 1.719433 -0.000006 -0.000003 -0.002760 -0.231514 -0.867584
    16 1.099669 -0.000008 0.000002 0.079693 -0.218712 -0.758154
    17 0.806044 -0.348926 1.321258 -1.236615 -0.565365 -0.767339
    18 1.789782 0.000002 -0.000008 -0.000961 0.001743 -0.089192
    19 1.207005 0.000000 0.000000 -0.000299 -0.000013 0.365778
    20 -2.417969 -10.468750 -8.367188 -1.668474 1.286518 2.942954
    21 6.028139 0.000000 -0.000002 0.861009 1.214343 -1.144183
    22 11.692549 0.000000 0.000003 -0.000002 0.000000 -1.087164
    23 11.481695 -0.000080 0.000006 -1.638261 -0.214222 0.758819
    24 3.859676 -0.132517 1.193109 0.491881 -0.016819 -1.130404
    25 1.312561 0.000002 -0.000001 0.001107 0.000385 -0.332743
    26 0.729367 0.000004 0.000001 -0.000023 -0.000045 -0.441358
    27 3.942295 0.050373 0.431044 0.182281 0.026659 -1.073281
    28 1.539099 0.000011 0.000000 0.006774 0.010112 -0.251348
    29 1.196325 0.000004 -0.000003 -0.000854 -0.000131 -0.676049
    30 3.883663 -0.050280 -0.431043 -0.027239 -0.092567 -0.727780
    31 1.719580 -0.000008 0.000006 0.003153 0.021785 -0.617908
    32 1.209188 -0.000013 0.000006 -0.002060 -0.004361 -0.430918
    33 3.859833 -0.148894 -1.331282 -0.294030 0.247944 -0.229088
    34 1.719427 -0.000006 0.000010 -0.017054 0.052544 -0.620772
    35 1.099665 0.000011 0.000004 -0.007643 -0.005051 -0.200260
    36 0.806026 -0.359824 -1.318335 1.261121 0.703427 -0.724239
    37 1.789783 -0.000004 -0.000002 -0.003467 0.001055 -0.021494
    38 1.207001 -0.000002 -0.000006 -0.000454 -0.000421 0.147559
    39 -1.867245 -10.925599 -4.508742 2.621552 -1.191071 -3.232479
    40 -0.000001 1.365388 -0.536964 -1.570798 0.000001 0.000000
    41 -0.000001 -0.513253 -0.829849 1.121305 0.000000 -3.141591
    42 0.000000 -0.854954 0.683403 0.154998 0.000000 -3.141591
    43 -0.456437 0.634190 -1.470296 -1.570797 0.000001 0.000000
    44 0.000008 1.368782 -31.679443 -1.570797 0.000000 0.000000
    45 0.162476 0.431641 -1.771484 -1.592774 0.018724 -0.721931
    46 -0.102380 0.431843 0.420865 -1.560826 -0.000482 0.000595
    47 0.000000 0.306830 -0.617118 -1.570796 0.000000 0.000000
  time 13
    0 0.000000 -0.000006 0.000000 -1.570781 -1.391896 -1.570809
    1 -8.939643 2.379715 11.312945 1.596636 -1.286515 2.942963
    2 6.028140 0.000007 0.000003 0.127660 -1.171593 -2.741766
    3 11.692572 0.000000 -0.000019 -0.000025 0.000037 -1.158443
    4 11.481682 -0.000163 -0.000038 0.337975 -0.387859 1.120299
    5 3.859703 -0.142405 -1.191976 -0.555853 -0.166017 -1.749965
    6 1.312561 -0.000010 0.000002 -0.100849 -0.020352 -0.116350
    7 0.729367 -0.000004 0.000000 -0.063133 -0.015236 -0.804624
    8 3.942326 0.046766 -0.431443 -0.264579 -0.068731 -1.429727
    9 1.539099 -0.000002 -0.000007 -0.098143 -0.042324 -0.527806
    10 1.196324 -0.000004 0.000003 -0.041214 -0.093103 -1.005073
    11 3.883690 -0.046767 0.431443 -0.045425 -0.041180 -1.131032
    12 1.719576 -0.000013 0.000009 -0.050047 -0.136036 -0.906586
    13 1.209185 -0.000010 0.000003 -0.001031 -0.145326 -0.760171
    14 3.859859 -0.137949 1.332466 0.223662 -0.070929 -1.064440
    15 1.719433 -0.000006 -0.000003 -0.002760 -0.231514 -0.867584
    16 1.099669 -0.000008 0.000002 0.079693 -0.218712 -0.758154
    17 0.806044 -0.348926 1.321258 -1.236615 -0.565365 -0.767339
    18 1.789782 0.000002 -0.000008 -0.000961 0.001743 -0.089192
    19 1.207005 0.000000 0.000000 -0.000299 -0.000013 0.365778
    20 -2.417969 -10.468750 -8.367188 -1.668474 1.286518 2.942954
    21 6.028139 0.000000 -0.000002 0.968996 1.177333 -1.036907
    22 11.692549 0.000000 0.000003 -0.000002 0.000000 -1.106190
    23 11.481695 -0.000080 0.000006 -1.508312 -0.230079 0.689960
    24 3.859676 -0.132517 1.193109 0.492576 0.001919 -1.162838
    25 1.312561 0.000002 -0.000001 0.001250 0.000433 -0.319023
    26 0.729367 0.000004 0.000001 -0.000035 -0.000045 -0.466791
    27 3.942295 0.050373 0.431044 0.184366 0.041807 -1.107260
    28 1.539099 0.000011 0.000000 0.007649 0.011406 -0.251801
    29 1.196325 0.000004 -0.000003 -0.000962 -0.000167 -0.707854
    30 3.883663 -0.050280 -0.431043 -0.014248 -0.082584 -0.744546
    31 1.719580 -0.000008 0.000006 0.003021 0.025680 -0.650539
    32 1.209188 -0.000013 0.000006 -0.002324 -0.004373 -0.458638
    33 3.859833 -0.148894 -1.331282 -0.292244 0.250724 -0.230458
    34 1.719427 -0.000006 0.000010 -0.020374 0.059843 -0.654387
    35 1.099665 0.000011 0.000004 -0.008638 -0.005135 -0.194629
    36 0.806026 -0.359824 -1.318335 1.259793 0.695864 -0.726518
    37 1.789783 -0.000004 -0.000002 -0.003251 0.001007 -0.011570
    38 1.207001 -0.000002 -0.000006 -0.000430 -0.000385 0.185279
    39 -1.925841 -10.952944 -4.516555 2.367993 -0.992319 -2.972581
    40 -0.000001 1.365388 -0.536964 -1.570798 0.000001 0.000000
    41 -0.000001 -0.513253 -0.829849 1.121305 0.000000 -3.141591
    42 0.000000 -0.854954 0.683403 0.154998 0.000000 -3.141591
    43 -0.456437 0.634190 -1.470296 -1.570797 0.000001 0.000000
    44 0.000008 1.368782 -31.679443 -1.570797 0.000000 0.000000
    45 0.162476 0.431641 -1.771484 -1.592774 0.018724 -0.721931
    46 -0.102380 0.431843 0.420865 -1.560826 -0.000482 0.000595
    47 0.000000 0.306830 -0.617118 -1.570796 0.000000 0.000000
  time 14
    0 0.000000 -0.000006 0.000000 -1.570781 -1.391896 -1.570809
    1 -8.720886 2.946139 11.125439 1.596636 -1.286515 2.942963
    2 6.028140 0.000007 0.000003 0.428105 -1.130242 -3.045729
    3 11.692572 0.000000 -0.000019 -0.000013 0.000025 -1.053307
    4 11.481682 -0.000163 -0.000038 0.474718 -0.404466 1.328088
    5 3.859703 -0.142405 -1.191976 -0.555853 -0.166017 -1.749965
    6 1.312561 -0.000010 0.000002 -0.100849 -0.020352 -0.116320
    7 0.729367 -0.000004 0.000000 -0.063133 -0.015236 -0.804624
    8 3.942326 0.046766 -0.431443 -0.264579 -0.068731 -1.429727
    9 1.539099 -0.000002 -0.000007 -0.098155 -0.042324 -0.527806
    10 1.196324 -0.000004 0.000003 -0.041214 -0.093103 -1.005073
    11 3.883690 -0.046767 0.431443 -0.045425 -0.041180 -1.131032
    12 1.719576 -0.000013 0.000009 -0.050047 -0.136036 -0.906586
    13 1.209185 -0.000010 0.000003 -0.001031 -0.145326 -0.760171
    14 3.859859 -0.137949 1.332466 0.223662 -0.070929 -1.064440
    15 1.719433 -0.000006 -0.000003 -0.002760 -0.231514 -0.867584
    16 1.099669 -0.000008 0.000002 0.079693 -0.218712 -0.758154
    17 0.806044 -0.348926 1.321258 -1.236615 -0.565365 -0.767339
    18 1.789782 0.000002 -0.000008 -0.000961 0.001743 -0.089192
    19 1.207005 0.000000 0.000000 -0.000299 -0.000013 0.365778
    20 -2.417969 -10.468750 -8.367188 -1.668474 1.286518 2.942954
    21 6.028139 0.000000 -0.000002 1.069772 1.129027 -0.937303
    22 11.692549 0.000000 0.000003 -0.000002 0.000000 -1.124200
    23 11.481695 -0.000080 0.000006 -1.352474 -0.240241 0.608083
    24 3.859676 -0.132517 1.193109 0.492660 0.021058 -1.195950
    25 1.312561 0.000002 -0.000001 0.001406 0.000469 -0.305044
    26 0.729367 0.000004 0.000001 -0.000035 -0.000057 -0.492721
    27 3.942295 0.050373 0.431044 0.185972 0.057339 -1.141948
    28 1.539099 0.000011 0.000000 0.008524 0.012737 -0.252276
    29 1.196325 0.000004 -0.000003 -0.001070 -0.000203 -0.740316
    30 3.883663 -0.050280 -0.431043 -0.001185 -0.072193 -0.761507
    31 1.719580 -0.000008 0.000006 0.002745 0.029635 -0.683845
    32 1.209188 -0.000013 0.000006 -0.002600 -0.004397 -0.486919
    33 3.859833 -0.148894 -1.331282 -0.290410 0.253565 -0.231849
    34 1.719427 -0.000006 0.000010 -0.024029 0.067177 -0.688746
    35 1.099665 0.000011 0.000004 -0.009633 -0.005219 -0.188870
    36 0.806026 -0.359824 -1.318335 1.258429 0.688155 -0.728797
    37 1.789783 -0.000004 -0.000002 -0.003011 0.000959 -0.001455
    38 1.207001 -0.000002 -0.000006 -0.000406 -0.000337 0.223808
    39 -2.000062 -10.980288 -4.524368 2.234165 -0.732543 -2.814658
    40 -0.000001 1.365388 -0.536964 -1.570798 0.000001 0.000000
    41 -0.000001 -0.513253 -0.829849 1.121305 0.000000 -3.141591
    42 0.000000 -0.854954 0.683403 0.154998 0.000000 -3.141591
    43 -0.456437 0.634190 -1.470296 -1.570797 0.000001 0.000000
    44 0.000008 1.368782 -31.679443 -1.570797 0.000000 0.000000
    45 0.162476 0.431641 -1.771484 -1.592774 0.018724 -0.721931
    46 -0.102380 0.431843 0.420865 -1.560826 -0.000482 0.000595
    47 0.000000 0.306830 -0.617118 -1.570796 0.000000 0.000000
  time 15
    0 0.000000 -0.000006 0.000000 -1.570781 -1.391896 -1.570809
    1 -8.486504 3.551626 10.914495 1.596636 -1.286515 2.942963
    2 6.028140 0.000007 0.000003 0.697124 -1.038019 -3.307408
    3 11.692572 0.000000 -0.000019 -0.000013 0.000025 -0.884278
    4 11.481682 -0.000163 -0.000038 0.598708 -0.459138 1.516964
    5 3.859703 -0.142405 -1.191976 -0.559130 -0.141772 -1.687406
    6 1.312561 -0.000010 0.000002 -0.093227 -0.019980 -0.140253
    7 0.729367 -0.000004 0.000000 -0.058890 -0.012935 -0.763604
    8 3.942326 0.046766 -0.431443 -0.259509 -0.056267 -1.384989
    9 1.539099 -0.000002 -0.000007 -0.091336 -0.038273 -0.507243
    10 1.196324 -0.000004 0.000003 -0.040076 -0.085637 -0.963018
    11 3.883690 -0.046767 0.431443 -0.037144 -0.034229 -1.091518
    12 1.719576 -0.000013 0.000009 -0.049040 -0.124938 -0.866942
    13 1.209185 -0.000010 0.000003 -0.003727 -0.134648 -0.720000
    14 3.859859 -0.137949 1.332466 0.232579 -0.066530 -1.025504
    15 1.719433 -0.000006 -0.000003 -0.006691 -0.214484 -0.829857
    16 1.099669 -0.000008 0.000002 0.069912 -0.204163 -0.719211
    17 0.806044 -0.348926 1.321258 -1.237634 -0.570370 -0.765255
    18 1.789782 0.000002 -0.000008 -0.000781 0.001518 -0.088189
    19 1.207005 0.000000 0.000000 -0.000251 -0.000013 0.337747
    20 -2.417969 -10.468750 -8.367188 -1.668474 1.286518 2.942954
    21 6.028139 0.000000 -0.000002 1.135637 1.083358 -0.871351
    22 11.692549 0.000000 0.000003 -0.000002 0.000000 -1.140044
    23 11.481695 -0.000080 0.000006 -1.223899 -0.239252 0.540879
    24 3.859676 -0.132517 1.193109 0.492109 0.040436 -1.229492
    25 1.312561 0.000002 -0.000001 0.001550 0.000505 -0.290914
    26 0.729367 0.000004 0.000001 -0.000035 -0.000057 -0.518953
    27 3.942295 0.050373 0.431044 0.187050 0.073111 -1.177084
    28 1.539099 0.000011 0.000000 0.009423 0.014067 -0.252729
    29 1.196325 0.000004 -0.000003 -0.001178 -0.000239 -0.773151
    30 3.883663 -0.050280 -0.431043 0.011842 -0.061443 -0.778489
    31 1.719580 -0.000008 0.000006 0.002326 0.033638 -0.717556
    32 1.209188 -0.000013 0.000006 -0.002875 -0.004433 -0.515545
    33 3.859833 -0.148894 -1.331282 -0.288565 0.256441 -0.233239
    34 1.719427 -0.000006 0.000010 -0.027972 0.074464 -0.723570
    35 1.099665 0.000011 0.000004 -0.010651 -0.005291 -0.183067
    36 0.806026 -0.359824 -1.318335 1.257102 0.680364 -0.731076
    37 1.789783 -0.000004 -0.000002 -0.002783 0.000895 0.008768
    38 1.207001 -0.000002 -0.000006 -0.000383 -0.000289 0.262811
    39 -2.082096 -11.003726 -4.524368 2.172918 -0.443352 -2.698076
    40 -0.000001 1.365388 -0.536964 -1.570798 0.000001 0.000000
    41 -0.000001 -0.513253 -0.829849 1.121305 0.000000 -3.141591
    42 0.000000 -0.854954 0.683403 0.154998 0.000000 -3.141591
    43 -0.456437 0.634190 -1.470296 -1.570797 0.000001 0.000000
    44 0.000008 1.368782 -31.679443 -1.570797 0.000000 0.000000
    45 0.162476 0.431641 -1.771484 -1.592774 0.018724 -0.721931
    46 -0.102380 0.431843 0.420865 -1.560826 -0.000482 0.000595
    47 0.000000 0.306830 -0.617118 -1.570796 0.000000 0.000000
  time 16
    0 0.000000 -0.000006 0.000000 -1.570781 -1.391896 -1.570809
    1 -8.244309 4.184458 10.676207 1.596636 -1.286515 2.942963
    2 6.028140 0.000007 0.000003 0.638141 -1.059384 -3.238042
    3 11.692572 0.000000 -0.000019 -0.000013 0.000025 -1.000953
    4 11.481682 -0.000163 -0.000038 0.594634 -0.462245 1.595086
    5 3.859703 -0.142405 -1.191976 -0.560519 -0.079332 -1.528578
    6 1.312561 -0.000010 0.000002 -0.074196 -0.018231 -0.200219
    7 0.729367 -0.000004 0.000000 -0.047817 -0.007937 -0.660158
    8 3.942326 0.046766 -0.431443 -0.244277 -0.025887 -1.271738
    9 1.539099 -0.000002 -0.000007 -0.073922 -0.028757 -0.455682
    10 1.196324 -0.000004 0.000003 -0.035821 -0.067061 -0.857018
    11 3.883690 -0.046767 0.431443 -0.015116 -0.018205 -0.991684
    12 1.719576 -0.000013 0.000009 -0.044570 -0.097230 -0.767255
    13 1.209185 -0.000010 0.000003 -0.008569 -0.107323 -0.619124
    14 3.859859 -0.137949 1.332466 0.255709 -0.057027 -0.927260
    15 1.719433 -0.000006 -0.000003 -0.013654 -0.171040 -0.735685
    16 1.099669 -0.000008 0.000002 0.047953 -0.165968 -0.622261
    17 0.806044 -0.348926 1.321258 -1.240266 -0.582910 -0.759985
    18 1.789782 0.000002 -0.000008 -0.000338 0.000983 -0.085653
    19 1.207005 0.000000 0.000000 -0.000143 -0.000001 0.267401
    20 -2.417969 -10.468750 -8.367188 -1.668474 1.286518 2.942954
    21 6.028139 0.000000 -0.000002 1.174505 1.045030 -0.830800
    22 11.692549 0.000000 0.000003 -0.000002 0.000000 -1.157309
    23 11.481695 -0.000080 0.000006 -1.133145 -0.231648 0.494859
    24 3.859676 -0.132517 1.193109 0.490886 0.059852 -1.263193
    25 1.312561 0.000002 -0.000001 0.001706 0.000541 -0.276720
    26 0.729367 0.000004 0.000001 -0.000035 -0.000069 -0.545314
    27 3.942295 0.050373 0.431044 0.187578 0.088967 -1.212385
    28 1.539099 0.000011 0.000000 0.010310 0.015409 -0.253203
    29 1.196325 0.000004 -0.000003 -0.001285 -0.000287 -0.806117
    30 3.883663 -0.050280 -0.431043 0.024726 -0.050453 -0.795385
    31 1.719580 -0.000008 0.000006 0.001775 0.037640 -0.751402
    32 1.209188 -0.000013 0.000006 -0.003151 -0.004469 -0.544280
    33 3.859833 -0.148894 -1.331282 -0.286719 0.259329 -0.234630
    34 1.719427 -0.000006 0.000010 -0.032191 0.081643 -0.758557
    35 1.099665 0.000011 0.000004 -0.011670 -0.005362 -0.177221
    36 0.806026 -0.359824 -1.318335 1.255811 0.672552 -0.733310
    37 1.789783 -0.000004 -0.000002 -0.002556 0.000831 0.019038
    38 1.207001 -0.000002 -0.000006 -0.000359 -0.000253 0.301957
    39 -2.168036 -11.027165 -4.512649 2.165393 -0.146342 -2.580760
    40 -0.000001 1.365388 -0.536964 -1.570798 0.000001 0.000000
    41 -0.000001 -0.513253 -0.829849 1.121305 0.000000 -3.141591
    42 0.000000 -0.854954 0.683403 0.154998 0.000000 -3.141591
    43 -0.456437 0.634190 -1.470296 -1.570797 0.000001 0.000000
    44 0.000008 1.368782 -31.679443 -1.570797 0.000000 0.000000
    45 0.162476 0.431641 -1.771484 -1.592774 0.018724 -0.721931
    46 -0.102380 0.431843 0.420865 -1.560826 -0.000482 0.000595
    47 0.000000 0.306830 -0.617118 -1.570796 0.000000 0.000000
  time 17
    0 0.000000 -0.000006 0.000000 -1.570781 -1.391896 -1.570809
    1 -7.994302 4.821196 10.410574 1.596636 -1.286515 2.942963
    2 6.028140 0.000007 0.000003 0.684313 -1.038881 -3.239122
    3 11.692572 0.000000 -0.000019 -0.000013 0.000025 -1.008931
    4 11.481682 -0.000163 -0.000038 0.650696 -0.571971 1.411607
    5 3.859703 -0.142405 -1.191976 -0.547129 0.002403 -1.318474
    6 1.312561 -0.000010 0.000002 -0.049591 -0.014264 -0.278291
    7 0.729367 -0.000004 0.000000 -0.032632 -0.003167 -0.524578
    8 3.942326 0.046766 -0.431443 -0.219253 0.011026 -1.122430
    9 1.539099 -0.000002 -0.000007 -0.050552 -0.017719 -0.388262
    10 1.196324 -0.000004 0.000003 -0.027324 -0.043583 -0.718117
    11 3.883690 -0.046767 0.431443 0.015936 -0.000696 -0.860441
    12 1.719576 -0.000013 0.000009 -0.034598 -0.061863 -0.636787
    13 1.209185 -0.000010 0.000003 -0.010690 -0.071046 -0.487555
    14 3.859859 -0.137949 1.332466 0.287192 -0.048086 -0.798440
    15 1.719433 -0.000006 -0.000003 -0.016423 -0.113526 -0.613663
    16 1.099669 -0.000008 0.000002 0.025207 -0.113140 -0.497419
    17 0.806044 -0.348926 1.321258 -1.243824 -0.599178 -0.753010
    18 1.789782 0.000002 -0.000008 0.000226 0.000275 -0.082349
    19 1.207005 0.000000 0.000000 -0.000011 0.000047 0.175629
    20 -2.417969 -10.468750 -8.367188 -1.668474 1.286518 2.942954
    21 6.028139 0.000000 -0.000002 1.203701 1.009646 -0.799662
    22 11.692549 0.000000 0.000003 -0.000002 0.000000 -1.175590
    23 11.481695 -0.000080 0.000006 -1.055985 -0.223293 0.456090
    24 3.859676 -0.132517 1.193109 0.489017 0.079142 -1.296849
    25 1.312561 0.000002 -0.000001 0.001850 0.000577 -0.262569
    26 0.729367 0.000004 0.000001 -0.000047 -0.000069 -0.571545
    27 3.942295 0.050373 0.431044 0.187542 0.104774 -1.247591
    28 1.539099 0.000011 0.000000 0.011197 0.016751 -0.253678
    29 1.196325 0.000004 -0.000003 -0.001381 -0.000335 -0.838951
    30 3.883663 -0.050280 -0.431043 0.037369 -0.039271 -0.812065
    31 1.719580 -0.000008 0.000006 0.001092 0.041595 -0.785135
    32 1.209188 -0.000013 0.000006 -0.003427 -0.004517 -0.572884
    33 3.859833 -0.148894 -1.331282 -0.284885 0.262205 -0.236000
    34 1.719427 -0.000006 0.000010 -0.036637 0.088642 -0.793475
    35 1.099665 0.000011 0.000004 -0.012677 -0.005422 -0.171418
    36 0.806026 -0.359824 -1.318335 1.254521 0.664760 -0.735544
    37 1.789783 -0.000004 -0.000002 -0.002328 0.000767 0.029261
    38 1.207001 -0.000002 -0.000006 -0.000323 -0.000205 0.340961
    39 -2.253976 -11.038884 -4.485304 2.216638 0.146324 -2.426787
    40 -0.000001 1.365388 -0.536964 -1.570798 0.000001 0.000000
    41 -0.000001 -0.513253 -0.829849 1.121305 0.000000 -3.141591
    42 0.000000 -0.854954 0.683403 0.154998 0.000000 -3.141591
    43 -0.456437 0.634190 -1.470296 -1.570797 0.000001 0.000000
    44 0.000008 1.368782 -31.679443 -1.570797 0.000000 0.000000
    45 0.162476 0.431641 -1.771484 -1.592774 0.018724 -0.721931
    46 -0.102380 0.431843 0.420865 -1.560826 -0.000482 0.000595
    47 0.000000 0.306830 -0.617118 -1.570796 0.000000 0.000000
  time 18
    0 0.000000 -0.000006 0.000000 -1.570781 -1.391896 -1.570809
    1 -7.752107 5.442309 10.117596 1.596636 -1.286515 2.942963
    2 6.028140 0.000007 0.000003 0.789469 -0.986330 -3.275176
    3 11.692572 0.000000 -0.000019 -0.000013 0.000025 -0.918184
    4 11.481682 -0.000163 -0.000038 0.607742 -0.558303 1.351439
    5 3.859703 -0.142405 -1.191976 -0.516913 0.079524 -1.106630
    6 1.312561 -0.000010 0.000002 -0.025382 -0.008379 -0.356274
    7 0.729367 -0.000004 0.000000 -0.016956 -0.000483 -0.388947
    8 3.942326 0.046766 -0.431443 -0.189004 0.043792 -0.972085
    9 1.539099 -0.000002 -0.000007 -0.026487 -0.008275 -0.320635
    10 1.196324 -0.000004 0.000003 -0.015651 -0.021495 -0.579135
    11 3.883690 -0.046767 0.431443 0.049025 0.012595 -0.728727
    12 1.719576 -0.000013 0.000009 -0.020121 -0.028091 -0.506183
    13 1.209185 -0.000010 0.000003 -0.008030 -0.034804 -0.356326
    14 3.859859 -0.137949 1.332466 0.319563 -0.043256 -0.669402
    15 1.719433 -0.000006 -0.000003 -0.012156 -0.056108 -0.492384
    16 1.099669 -0.000008 0.000002 0.009322 -0.057939 -0.374376
    17 0.806044 -0.348926 1.321258 -1.247569 -0.615420 -0.745879
    18 1.789782 0.000002 -0.000008 0.000789 -0.000415 -0.079045
    19 1.207005 0.000000 0.000000 0.000097 0.000107 0.083831
    20 -2.417969 -10.468750 -8.367188 -1.668474 1.286518 2.942954
    21 6.028139 0.000000 -0.000002 1.225861 0.977295 -0.775357
    22 11.692549 0.000000 0.000003 -0.000002 0.000000 -1.194887
    23 11.481695 -0.000080 0.000006 -0.991119 -0.214699 0.424002
    24 3.859676 -0.132517 1.193109 0.486536 0.098118 -1.330165
    25 1.312561 0.000002 -0.000001 0.002005 0.000613 -0.248590
    26 0.729367 0.000004 0.000001 -0.000047 -0.000081 -0.597496
    27 3.942295 0.050373 0.431044 0.186955 0.120378 -1.282420
    28 1.539099 0.000011 0.000000 0.012083 0.018082 -0.254131
    29 1.196325 0.000004 -0.000003 -0.001489 -0.000395 -0.871414
    30 3.883663 -0.050280 -0.431043 0.049678 -0.028030 -0.828422
    31 1.719580 -0.000008 0.000006 0.000289 0.045490 -0.818463
    32 1.209188 -0.000013 0.000006 -0.003690 -0.004565 -0.601166
    33 3.859833 -0.148894 -1.331282 -0.283064 0.265058 -0.237371
    34 1.719427 -0.000006 0.000010 -0.041275 0.095401 -0.828020
    35 1.099665 0.000011 0.000004 -0.013683 -0.005482 -0.165658
    36 0.806026 -0.359824 -1.318335 1.253304 0.657031 -0.737689
    37 1.789783 -0.000004 -0.000002 -0.002100 0.000703 0.039376
    38 1.207001 -0.000002 -0.000006 -0.000299 -0.000169 0.379442
    39 -2.336010 -11.042790 -4.442334 2.347800 0.421283 -2.201156
    40 -0.000001 1.365388 -0.536964 -1.570798 0.000001 0.000000
    41 -0.000001 -0.513253 -0.829849 1.121305 0.000000 -3.141591
    42 0.000000 -0.854954 0.683403 0.154998 0.000000 -3.141591
    43 -0.456437 0.634190 -1.470296 -1.570797 0.000001 0.000000
    44 0.000008 1.368782 -31.679443 -1.570797 0.000000 0.000000
    45 0.162476 0.431641 -1.771484 -1.592774 0.018724 -0.721931
    46 -0.102380 0.431843 0.420865 -1.560826 -0.000482 0.000595
    47 0.000000 0.306830 -0.617118 -1.570796 0.000000 0.000000
  time 19
    0 0.000000 -0.000006 0.000000 -1.570781 -1.391896 -1.570809
    1 -7.521631 6.036077 9.789461 1.596636 -1.286515 2.942963
    2 6.028140 0.000007 0.000003 0.826887 -0.967851 -3.257980
    3 11.692572 0.000000 -0.000019 -0.000013 0.000025 -0.868109
    4 11.481682 -0.000163 -0.000038 0.499162 -0.436438 1.186267
    5 3.859703 -0.142405 -1.191976 -0.483542 0.132424 -0.944435
    6 1.312561 -0.000010 0.000002 -0.007154 -0.002603 -0.415972
    7 0.729367 -0.000004 0.000000 -0.004816 0.000105 -0.285374
    8 3.942326 0.046766 -0.431443 -0.162818 0.065484 -0.856815
    9 1.539099 -0.000002 -0.000007 -0.007611 -0.002151 -0.268594
    10 1.196324 -0.000004 0.000003 -0.004757 -0.005867 -0.472947
    11 3.883690 -0.046767 0.431443 0.075308 0.019750 -0.627916
    12 1.719576 -0.000013 0.000009 -0.006183 -0.003738 -0.406226
    13 1.209185 -0.000010 0.000003 -0.002816 -0.007551 -0.256162
    14 3.859859 -0.137949 1.332466 0.344539 -0.042417 -0.570833
    15 1.719433 -0.000006 -0.000003 -0.004246 -0.012855 -0.399824
    16 1.099669 -0.000008 0.000002 0.001843 -0.014711 -0.281194
    17 0.806044 -0.348926 1.321258 -1.250578 -0.627908 -0.740282
    18 1.789782 0.000002 -0.000008 0.001232 -0.000968 -0.076479
    19 1.207005 0.000000 0.000000 0.000193 0.000155 0.013485
    20 -2.417969 -10.468750 -8.367188 -1.668474 1.286518 2.942954
    21 6.028139 0.000000 -0.000002 1.242657 0.947714 -0.756145
    22 11.692549 0.000000 0.000003 -0.000002 0.000000 -1.215335
    23 11.481695 -0.000080 0.000006 -0.937101 -0.206208 0.398194
    24 3.859676 -0.132517 1.193109 0.483480 0.116617 -1.362937
    25 1.312561 0.000002 -0.000001 0.002149 0.000637 -0.234870
    26 0.729367 0.000004 0.000001 -0.000047 -0.000093 -0.622930
    27 3.942295 0.050373 0.431044 0.185840 0.135635 -1.316612
    28 1.539099 0.000011 0.000000 0.012946 0.019376 -0.254584
    29 1.196325 0.000004 -0.000003 -0.001585 -0.000442 -0.903219
    30 3.883663 -0.050280 -0.431043 0.061554 -0.016812 -0.844327
    31 1.719580 -0.000008 0.000006 -0.000610 0.049277 -0.851140
    32 1.209188 -0.000013 0.000006 -0.003954 -0.004637 -0.628907
    33 3.859833 -0.148894 -1.331282 -0.281290 0.267862 -0.238700
    34 1.719427 -0.000006 0.000010 -0.046057 0.101861 -0.861937
    35 1.099665 0.000011 0.000004 -0.014666 -0.005530 -0.160028
    36 0.806026 -0.359824 -1.318335 1.252124 0.649468 -0.739789
    37 1.789783 -0.000004 -0.000002 -0.001885 0.000639 0.049311
    38 1.207001 -0.000002 -0.000006 -0.000263 -0.000133 0.417162
    39 -2.418043 -11.034977 -4.391551 2.596216 0.641838 -1.859036
    40 -0.000001 1.365388 -0.536964 -1.570798 0.000001 0.000000
    41 -0.000001 -0.513253 -0.829849 1.121305 0.000000 -3.141591
    42 0.000000 -0.854954 0.683403 0.154998 0.000000 -3.141591
    43 -0.456437 0.634190 -1.470296 -1.570797 0.000001 0.000000
    44 0.000008 1.368782 -31.679443 -1.570797 0.000000 0.000000
    45 0.162476 0.431641 -1.771484 -1.592774 0.018724 -0.721931
    46 -0.102380 0.431843 0.420865 -1.560826 -0.000482 0.000595
    47 0.000000 0.306830 -0.617118 -1.570796 0.000000 0.000000
  time 20
    0 0.000000 -0.000006 0.000000 -1.570781 -1.391896 -1.570809
    1 -7.306781 6.582969 9.433982 1.596636 -1.286515 2.942963
    2 6.028140 0.000007 0.000003 0.824030 -0.979912 -3.203318
    3 11.692572 0.000000 -0.000019 -0.000013 0.000025 -0.869889
    4 11.481682 -0.000163 -0.000038 0.311228 -0.241191 0.946957
    5 3.859703 -0.142405 -1.191976 -0.468130 0.151539 -0.880191
    6 1.312561 -0.000010 0.000002 0.000001 -0.000002 -0.439725
    7 0.729367 -0.000004 0.000000 0.000002 -0.000003 -0.244304
    8 3.942326 0.046766 -0.431443 -0.151780 0.073202 -0.810985
    9 1.539099 -0.000002 -0.000007 -0.000001 0.000006 -0.247791
    10 1.196324 -0.000004 0.000003 0.000001 -0.000007 -0.430811
    11 3.883690 -0.046767 0.431443 0.085902 0.021835 -0.587859
    12 1.719576 -0.000013 0.000009 0.000001 0.005514 -0.366480
    13 1.209185 -0.000010 0.000003 0.000000 0.003091 -0.216394
    14 3.859859 -0.137949 1.332466 0.354450 -0.042753 -0.531716
    15 1.719433 -0.000006 -0.000003 -0.000004 0.004079 -0.363006
    16 1.099669 -0.000008 0.000002 0.000004 0.002595 -0.244332
    17 0.806044 -0.348926 1.321258 -1.251816 -0.632888 -0.738026
    18 1.789782 0.000002 -0.000008 0.001400 -0.001192 -0.075476
    19 1.207005 0.000000 0.000000 0.000229 0.000179 -0.014572
    20 -2.417969 -10.468750 -8.367188 -1.668474 1.286518 2.942954
    21 6.028139 0.000000 -0.000002 1.255408 0.920813 -0.740737
    22 11.692549 0.000000 0.000003 -0.000002 0.000000 -1.236866
    23 11.481695 -0.000080 0.000006 -0.892555 -0.198160 0.378210
    24 3.859676 -0.132517 1.193109 0.479920 0.134475 -1.394873
    25 1.312561 0.000002 -0.000001 0.002293 0.000661 -0.221517
    26 0.729367 0.000004 0.000001 -0.000047 -0.000093 -0.647651
    27 3.942295 0.050373 0.431044 0.184258 0.150400 -1.349908
    28 1.539099 0.000011 0.000000 0.013785 0.020646 -0.255015
    29 1.196325 0.000004 -0.000003 -0.001681 -0.000502 -0.934104
    30 3.883663 -0.050280 -0.431043 0.072940 -0.005727 -0.859649
    31 1.719580 -0.000008 0.000006 -0.001617 0.052921 -0.882894
    32 1.209188 -0.000013 0.000006 -0.004206 -0.004697 -0.655851
    33 3.859833 -0.148894 -1.331282 -0.279552 0.270595 -0.240009
    34 1.719427 -0.000006 0.000010 -0.050899 0.107973 -0.894925
    35 1.099665 0.000011 0.000004 -0.015637 -0.005578 -0.154527
    36 0.806026 -0.359824 -1.318335 1.251018 0.642092 -0.741845
    37 1.789783 -0.000004 -0.000002 -0.001669 0.000575 0.058959
    38 1.207001 -0.000002 -0.000006 -0.000227 -0.000097 0.453790
    39 -2.492264 -11.011539 -4.332956 2.969887 0.744565 -7.670218
    40 -0.000001 1.365388 -0.536964 -1.570798 0.000001 0.000000
    41 -0.000001 -0.513253 -0.829849 1.121305 0.000000 -3.141591
    42 0.000000 -0.854954 0.683403 0.154998 0.000000 -3.141591
    43 -0.456437 0.634190 -1.470296 -1.570797 0.000001 0.000000
    44 0.000008 1.368782 -31.679443 -1.570797 0.000000 0.000000
    45 0.162476 0.431641 -1.771484 -1.592774 0.018724 -0.721931
    46 -0.102380 0.431843 0.420865 -1.560826 -0.000482 0.000595
    47 0.000000 0.306830 -0.617118 -1.570796 0.000000 0.000000
  time 21
    0 0.000000 -0.000006 0.000000 -1.570781 -1.391896 -1.570809
    1 -7.107556 7.082984 9.047251 1.596636 -1.286515 2.942963
    2 6.028140 0.000007 0.000003 0.821818 -0.997443 -3.136528
    3 11.692572 0.000000 -0.000019 -0.000013 0.000025 -0.902014
    4 11.481682 -0.000163 -0.000038 0.202294 -0.095527 0.786123
    5 3.859703 -0.142405 -1.191976 -0.468130 0.151539 -0.880191
    6 1.312561 -0.000010 0.000002 0.000001 -0.000002 -0.439725
    7 0.729367 -0.000004 0.000000 0.000002 -0.000003 -0.244304
    8 3.942326 0.046766 -0.431443 -0.151780 0.073202 -0.810985
    9 1.539099 -0.000002 -0.000007 -0.000001 0.000006 -0.247791
    10 1.196324 -0.000004 0.000003 0.000001 -0.000007 -0.430811
    11 3.883690 -0.046767 0.431443 0.085902 0.021835 -0.587859
    12 1.719576 -0.000013 0.000009 0.000001 0.005514 -0.366480
    13 1.209185 -0.000010 0.000003 0.000000 0.003091 -0.216394
    14 3.859859 -0.137949 1.332466 0.354450 -0.042753 -0.531716
    15 1.719433 -0.000006 -0.000003 -0.000004 0.004079 -0.363006
    16 1.099669 -0.000008 0.000002 0.000004 0.002595 -0.244332
    17 0.806044 -0.348926 1.321258 -1.251816 -0.632888 -0.738026
    18 1.789782 0.000002 -0.000008 0.001400 -0.001192 -0.075476
    19 1.207005 0.000000 0.000000 0.000229 0.000179 -0.014572
    20 -2.417969 -10.468750 -8.367188 -1.668474 1.286518 2.942954
    21 6.028139 0.000000 -0.000002 1.264993 0.896550 -0.728295
    22 11.692549 0.000000 0.000003 -0.000002 0.000000 -1.259074
    23 11.481695 -0.000080 0.000006 -0.856398 -0.190828 0.363422
    24 3.859676 -0.132517 1.193109 0.475942 0.151542 -1.425744
    25 1.312561 0.000002 -0.000001 0.002437 0.000685 -0.208639
    26 0.729367 0.000004 0.000001 -0.000047 -0.000105 -0.671488
    27 3.942295 0.050373 0.431044 0.182269 0.164554 -1.382047
    28 1.539099 0.000011 0.000000 0.014588 0.021869 -0.255425
    29 1.196325 0.000004 -0.000003 -0.001777 -0.000550 -0.963872
    30 3.883663 -0.050280 -0.431043 0.083750 0.005131 -0.874304
    31 1.719580 -0.000008 0.000006 -0.002696 0.056396 -0.913479
    32 1.209188 -0.000013 0.000006 -0.004445 -0.004769 -0.681824
    33 3.859833 -0.148894 -1.331282 -0.277886 0.273219 -0.241257
    34 1.719427 -0.000006 0.000010 -0.055752 0.113713 -0.926704
    35 1.099665 0.000011 0.000004 -0.016560 -0.005614 -0.149241
    36 0.806026 -0.359824 -1.318335 1.249949 0.634986 -0.743766
    37 1.789783 -0.000004 -0.000002 -0.001453 0.000511 0.068283
    38 1.207001 -0.000002 -0.000006 -0.000203 -0.000061 0.489041
    39 -2.562579 -10.976382 -4.274360 3.351655 0.690078 -7.180096
    40 -0.000001 1.365388 -0.536964 -1.570798 0.000001 0.000000
    41 -0.000001 -0.513253 -0.829849 1.121305 0.000000 -3.141591
    42 0.000000 -0.854954 0.683403 0.154998 0.000000 -3.141591
    43 -0.456437 0.634190 -1.470296 -1.570797 0.000001 0.000000
    44 0.000008 1.368782 -31.679443 -1.570797 0.000000 0.000000
    45 0.162476 0.431641 -1.771484 -1.592774 0.018724 -0.721931
    46 -0.102380 0.431843 0.420865 -1.560826 -0.000482 0.000595
    47 0.000000 0.306830 -0.617118 -1.570796 0.000000 0.000000
  time 22
    0 0.000000 -0.000006 0.000000 -1.570781 -1.391896 -1.570809
    1 -6.927863 7.536123 8.637082 1.596636 -1.286515 2.942963
    2 6.028140 0.000007 0.000003 0.854719 -0.997874 -3.091253
    3 11.692572 0.000000 -0.000019 -0.000013 0.000025 -0.920748
    4 11.481682 -0.000163 -0.000038 0.337798 -0.031870 0.784307
    5 3.859703 -0.142405 -1.191976 -0.468130 0.151539 -0.880191
    6 1.312561 -0.000010 0.000002 0.000001 -0.000002 -0.439725
    7 0.729367 -0.000004 0.000000 0.000002 -0.000003 -0.244304
    8 3.942326 0.046766 -0.431443 -0.151780 0.073202 -0.810985
    9 1.539099 -0.000002 -0.000007 -0.000001 0.000006 -0.247791
    10 1.196324 -0.000004 0.000003 0.000001 -0.000007 -0.430811
    11 3.883690 -0.046767 0.431443 0.085902 0.021835 -0.587859
    12 1.719576 -0.000013 0.000009 0.000001 0.005514 -0.366480
    13 1.209185 -0.000010 0.000003 0.000000 0.003091 -0.216394
    14 3.859859 -0.137949 1.332466 0.354450 -0.042753 -0.531716
    15 1.719433 -0.000006 -0.000003 -0.000004 0.004079 -0.363006
    16 1.099669 -0.000008 0.000002 0.000004 0.002595 -0.244332
    17 0.806044 -0.348926 1.321258 -1.251816 -0.632888 -0.738026
    18 1.789782 0.000002 -0.000008 0.001400 -0.001192 -0.075476
    19 1.207005 0.000000 0.000000 0.000229 0.000167 -0.014572
    20 -2.417969 -10.468750 -8.367188 -1.668474 1.286518 2.942954
    21 6.028139 0.000000 -0.000002 1.271940 0.874925 -0.718237
    22 11.692549 0.000000 0.000003 -0.000002 0.000000 -1.281350
    23 11.481695 -0.000080 0.000006 -0.827327 -0.184383 0.353316
    24 3.859676 -0.132517 1.193109 0.471651 0.167680 -1.455258
    25 1.312561 0.000002 -0.000001 0.002569 0.000709 -0.196343
    26 0.729367 0.000004 0.000001 -0.000059 -0.000105 -0.694204
    27 3.942295 0.050373 0.431044 0.179932 0.177964 -1.412746
    28 1.539099 0.000011 0.000000 0.015367 0.023031 -0.255835
    29 1.196325 0.000004 -0.000003 -0.001861 -0.000610 -0.992216
    30 3.883663 -0.050280 -0.431043 0.093925 0.015642 -0.888161
    31 1.719580 -0.000008 0.000006 -0.003822 0.059680 -0.942624
    32 1.209188 -0.000013 0.000006 -0.004673 -0.004840 -0.706589
    33 3.859833 -0.148894 -1.331282 -0.276304 0.275736 -0.242443
    34 1.719427 -0.000006 0.000010 -0.060558 0.119035 -0.957041
    35 1.099665 0.000011 0.000004 -0.017447 -0.005650 -0.144172
    36 0.806026 -0.359824 -1.318335 1.248990 0.628171 -0.745598
    37 1.789783 -0.000004 -0.000002 -0.001261 0.000448 0.077188
    38 1.207001 -0.000002 -0.000006 -0.000167 -0.000037 0.522581
    39 -2.621175 -10.925599 -4.219671 3.611691 0.521776 -6.794613
    40 -0.000001 1.365388 -0.536964 -1.570798 0.000001 0.000000
    41 -0.000001 -0.513253 -0.829849 1.121305 0.000000 -3.141591
    42 0.000000 -0.854954 0.683403 0.154998 0.000000 -3.141591
    43 -0.456437 0.634190 -1.470296 -1.570797 0.000001 0.000000
    44 0.000008 1.368782 -31.679443 -1.570797 0.000000 0.000000
    45 0.162476 0.431641 -1.771484 -1.592774 0.018724 -0.721931
    46 -0.102380 0.431843 0.420865 -1.560826 -0.000482 0.000595
    47 0.000000 0.306830 -0.617118 -1.570796 0.000000 0.000000
  time 23
    0 0.000000 -0.000006 0.000000 -1.570781 -1.391896 -1.570809
    1 -6.763795 7.946292 8.207382 1.596636 -1.286515 2.942963
    2 6.028140 0.000007 0.000003 0.910753 -0.984133 -3.066497
    3 11.692572 0.000000 -0.000019 -0.000013 0.000025 -0.914551
    4 11.481682 -0.000163 -0.000038 0.681782 -0.046279 0.862682
    5 3.859703 -0.142405 -1.191976 -0.468130 0.151539 -0.880191
    6 1.312561 -0.000010 0.000002 0.000001 -0.000002 -0.439725
    7 0.729367 -0.000004 0.000000 0.000002 -0.000003 -0.244304
    8 3.942326 0.046766 -0.431443 -0.151780 0.073202 -0.810985
    9 1.539099 -0.000002 -0.000007 -0.000001 0.000006 -0.247791
    10 1.196324 -0.000004 0.000003 0.000001 -0.000007 -0.430811
    11 3.883690 -0.046767 0.431443 0.085902 0.021835 -0.587859
    12 1.719576 -0.000013 0.000009 0.000001 0.005514 -0.366480
    13 1.209185 -0.000010 0.000003 0.000000 0.003091 -0.216394
    14 3.859859 -0.137949 1.332466 0.354450 -0.042753 -0.531716
    15 1.719433 -0.000006 -0.000003 -0.000004 0.004079 -0.363006
    16 1.099669 -0.000008 0.000002 0.000004 0.002595 -0.244332
    17 0.806044 -0.348926 1.321258 -1.251816 -0.632888 -0.738026
    18 1.789782 0.000002 -0.000008 0.001400 -0.001192 -0.075476
    19 1.207005 0.000000 0.000000 0.000229 0.000179 -0.014572
    20 -2.417969 -10.468750 -8.367188 -1.668474 1.286518 2.942954
    21 6.028139 0.000000 -0.000002 1.276865 0.856024 -0.710179
    22 11.692549 0.000000 0.000003 -0.000002 0.000000 -1.303016
    23 11.481695 -0.000080 0.000006 -0.804331 -0.179097 0.347320
    24 3.859676 -0.132517 1.193109 0.467169 0.182738 -1.483187
    25 1.312561 0.000002 -0.000001 0.002701 0.000733 -0.184737
    26 0.729367 0.000004 0.000001 -0.000059 -0.000117 -0.715646
    27 3.942295 0.050373 0.431044 0.177343 0.190512 -1.441724
    28 1.539099 0.000011 0.000000 0.016086 0.024134 -0.256202
    29 1.196325 0.000004 -0.000003 -0.001933 -0.000658 -1.018939
    30 3.883663 -0.050280 -0.431043 0.103381 0.025685 -0.901156
    31 1.719580 -0.000008 0.000006 -0.004973 0.062748 -0.970083
    32 1.209188 -0.000013 0.000006 -0.004889 -0.004924 -0.729930
    33 3.859833 -0.148894 -1.331282 -0.274794 0.278121 -0.243547
    34 1.719427 -0.000006 0.000010 -0.065232 0.123912 -0.985659
    35 1.099665 0.000011 0.000004 -0.018274 -0.005674 -0.139383
    36 0.806026 -0.359824 -1.318335 1.248068 0.621750 -0.747341
    37 1.789783 -0.000004 -0.000002 -0.001082 0.000384 0.085589
    38 1.207001 -0.000002 -0.000006 -0.000143 -0.000013 0.554173
    39 -2.671957 -10.859191 -4.172795 3.746853 0.307179 -6.505685
    40 -0.000001 1.365388 -0.536964 -1.570798 0.000001 0.000000
    41 -0.000001 -0.513253 -0.829849 1.121305 0.000000 -3.141591
    42 0.000000 -0.854954 0.683403 0.154998 0.000000 -3.141591
    43 -0.456437 0.634190 -1.470296 -1.570797 0.000001 0.000000
    44 0.000008 1.368782 -31.679443 -1.570797 0.000000 0.000000
    45 0.162476 0.431641 -1.771484 -1.592774 0.018724 -0.721931
    46 -0.102380 0.431843 0.420865 -1.560826 -0.000482 0.000595
    47 0.000000 0.306830 -0.617118 -1.570796 0.000000 0.000000
  time 24
    0 0.000000 -0.000006 0.000000 -1.570781 -1.391896 -1.570809
    1 -6.615353 8.313490 7.765962 1.596636 -1.286515 2.942963
    2 6.028140 0.000007 0.000003 0.966511 -0.969057 -3.042489
    3 11.692572 0.000000 -0.000019 -0.000013 0.000025 -0.907713
    4 11.481682 -0.000163 -0.000038 1.070225 -0.110007 0.938636
    5 3.859703 -0.142405 -1.191976 -0.468130 0.151539 -0.880191
    6 1.312561 -0.000010 0.000002 0.000001 -0.000002 -0.439725
    7 0.729367 -0.000004 0.000000 0.000002 -0.000003 -0.244304
    8 3.942326 0.046766 -0.431443 -0.151780 0.073202 -0.810985
    9 1.539099 -0.000002 -0.000007 -0.000001 0.000006 -0.247791
    10 1.196324 -0.000004 0.000003 0.000001 -0.000007 -0.430811
    11 3.883690 -0.046767 0.431443 0.085902 0.021835 -0.587859
    12 1.719576 -0.000013 0.000009 0.000001 0.005514 -0.366480
    13 1.209185 -0.000010 0.000003 0.000000 0.003091 -0.216394
    14 3.859859 -0.137949 1.332466 0.354450 -0.042753 -0.531716
    15 1.719433 -0.000006 -0.000003 -0.000004 0.004079 -0.363006
    16 1.099669 -0.000008 0.000002 0.000004 0.002595 -0.244332
    17 0.806044 -0.348926 1.321258 -1.251816 -0.632888 -0.738026
    18 1.789782 0.000002 -0.000008 0.001400 -0.001192 -0.075476
    19 1.207005 0.000000 0.000000 0.000229 0.000179 -0.014572
    20 -2.417969 -10.468750 -8.367188 -1.668474 1.286518 2.942954
    21 6.028139 0.000000 -0.000002 1.280206 0.839893 -0.703861
    22 11.692549 0.000000 0.000003 -0.000002 0.000000 -1.323531
    23 11.481695 -0.000080 0.000006 -0.786325 -0.175141 0.344865
    24 3.859676 -0.132517 1.193109 0.462615 0.196615 -1.509283
    25 1.312561 0.000002 -0.000001 0.002820 0.000745 -0.173908
    26 0.729367 0.000004 0.000001 -0.000059 -0.000117 -0.735601
    27 3.942295 0.050373 0.431044 0.174610 0.202101 -1.468742
    28 1.539099 0.000011 0.000000 0.016769 0.025165 -0.256547
    29 1.196325 0.000004 -0.000003 -0.002004 -0.000718 -1.043801
    30 3.883663 -0.050280 -0.431043 0.112081 0.035141 -0.913181
    31 1.719580 -0.000008 0.000006 -0.006111 0.065564 -0.995653
    32 1.209188 -0.000013 0.000006 -0.005080 -0.004996 -0.751675
    33 3.859833 -0.148894 -1.331282 -0.273404 0.280350 -0.244590
    34 1.719427 -0.000006 0.000010 -0.069702 0.128323 -1.012277
    35 1.099665 0.000011 0.000004 -0.019053 -0.005686 -0.134939
    36 0.806026 -0.359824 -1.318335 1.247220 0.615766 -0.748905
    37 1.789783 -0.000004 -0.000002 -0.000902 0.000320 0.093439
    38 1.207001 -0.000002 -0.000006 -0.000107 -0.000001 0.583533
    39 -2.711021 -10.773251 -4.137637 3.792860 0.083769 -6.260027
    40 -0.000001 1.365388 -0.536964 -1.570798 0.000001 0.000000
    41 -0.000001 -0.513253 -0.829849 1.121305 0.000000 -3.141591
    42 0.000000 -0.854954 0.683403 0.154998 0.000000 -3.141591
    43 -0.456437 0.634190 -1.470296 -1.570797 0.000001 0.000000
    44 0.000008 1.368782 -31.679443 -1.570797 0.000000 0.000000
    45 0.162476 0.431641 -1.771484 -1.592774 0.018724 -0.721931
    46 -0.102380 0.431843 0.420865 -1.560826 -0.000482 0.000595
    47 0.000000 0.306830 -0.617118 -1.570796 0.000000 0.000000
  time 25
    0 0.000000 -0.000006 0.000000 -1.570781 -1.391896 -1.570809
    1 -6.482537 8.641625 7.320636 1.596636 -1.286515 2.942963
    2 6.028140 0.000007 0.000003 1.005495 -0.968368 -3.002448
    3 11.692572 0.000000 -0.000019 -0.000013 0.000025 -0.926660
    4 11.481682 -0.000163 -0.000038 1.311652 -0.128717 0.949580
    5 3.859703 -0.142405 -1.191976 -0.468130 0.151539 -0.880191
    6 1.312561 -0.000010 0.000002 0.000001 -0.000002 -0.439725
    7 0.729367 -0.000004 0.000000 0.000002 -0.000003 -0.244304
    8 3.942326 0.046766 -0.431443 -0.151780 0.073202 -0.810985
    9 1.539099 -0.000002 -0.000007 -0.000001 0.000006 -0.247791
    10 1.196324 -0.000004 0.000003 0.000001 -0.000007 -0.430811
    11 3.883690 -0.046767 0.431443 0.085902 0.021835 -0.587859
    12 1.719576 -0.000013 0.000009 0.000001 0.005514 -0.366480
    13 1.209185 -0.000010 0.000003 0.000000 0.003091 -0.216394
    14 3.859859 -0.137949 1.332466 0.354450 -0.042753 -0.531716
    15 1.719433 -0.000006 -0.000003 -0.000004 0.004079 -0.363006
    16 1.099669 -0.000008 0.000002 0.000004 0.002595 -0.244332
    17 0.806044 -0.348926 1.321258 -1.251816 -0.632888 -0.738026
    18 1.789782 0.000002 -0.000008 0.001400 -0.001192 -0.075476
    19 1.207005 0.000000 0.000000 0.000229 0.000179 -0.014572
    20 -2.417969 -10.468750 -8.367188 -1.668474 1.286518 2.942954
    21 6.028139 0.000000 -0.000002 1.282317 0.826618 -0.698961
    22 11.692549 0.000000 0.000003 -0.000002 0.000000 -1.341948
    23 11.481695 -0.000080 0.000006 -0.772441 -0.172720 0.345493
    24 3.859676 -0.132517 1.193109 0.458108 0.209199 -1.533252
    25 1.312561 0.000002 -0.000001 0.002928 0.000757 -0.163963
    26 0.729367 0.000004 0.000001 -0.000059 -0.000129 -0.753915
    27 3.942295 0.050373 0.431044 0.171818 0.212636 -1.493542
    28 1.539099 0.000011 0.000000 0.017393 0.026111 -0.256870
    29 1.196325 0.000004 -0.000003 -0.002064 -0.000766 -1.066537
    30 3.883663 -0.050280 -0.431043 0.119955 0.043914 -0.924129
    31 1.719580 -0.000008 0.000006 -0.007226 0.068117 -1.019042
    32 1.209188 -0.000013 0.000006 -0.005260 -0.005068 -0.771586
    33 3.859833 -0.148894 -1.331282 -0.272122 0.282388 -0.245552
    34 1.719427 -0.000006 0.000010 -0.073897 0.132254 -1.036686
    35 1.099665 0.000011 0.000004 -0.019772 -0.005698 -0.130840
    36 0.806026 -0.359824 -1.318335 1.246483 0.610260 -0.750335
    37 1.789783 -0.000004 -0.000002 -0.000746 0.000256 0.100629
    38 1.207001 -0.000002 -0.000006 -0.000083 0.000023 0.610374
    39 -2.750085 -10.679498 -4.110293 3.768856 -0.136992 -6.014369
    40 -0.000001 1.365388 -0.536964 -1.570798 0.000001 0.000000
    41 -0.000001 -0.513253 -0.829849 1.121305 0.000000 -3.141591
    42 0.000000 -0.854954 0.683403 0.154998 0.000000 -3.141591
    43 -0.456437 0.634190 -1.470296 -1.570797 0.000001 0.000000
    44 0.000008 1.368782 -31.679443 -1.570797 0.000000 0.000000
    45 0.162476 0.431641 -1.771484 -1.592774 0.018724 -0.721931
    46 -0.102380 0.431843 0.420865 -1.560826 -0.000482 0.000595
    47 0.000000 0.306830 -0.617118 -1.570796 0.000000 0.000000
  time 26
    0 0.000000 -0.000006 0.000000 -1.570781 -1.391896 -1.570809
    1 -6.365346 8.930697 6.875310 1.596636 -1.286515 2.942963
    2 6.028140 0.000007 0.000003 1.031485 -0.980127 -2.952688
    3 11.692572 0.000000 -0.000019 -0.000013 0.000025 -0.964412
    4 11.481682 -0.000163 -0.000038 1.417220 -0.094308 0.925220
    5 3.859703 -0.142405 -1.191976 -0.468130 0.151539 -0.880191
    6 1.312561 -0.000010 0.000002 0.000001 -0.000002 -0.439725
    7 0.729367 -0.000004 0.000000 0.000002 -0.000003 -0.244304
    8 3.942326 0.046766 -0.431443 -0.151780 0.073202 -0.810985
    9 1.539099 -0.000002 -0.000007 -0.000001 0.000006 -0.247791
    10 1.196324 -0.000004 0.000003 0.000001 -0.000007 -0.430811
    11 3.883690 -0.046767 0.431443 0.085902 0.021835 -0.587859
    12 1.719576 -0.000013 0.000009 0.000001 0.005514 -0.366480
    13 1.209185 -0.000010 0.000003 0.000000 0.003091 -0.216394
    14 3.859859 -0.137949 1.332466 0.354450 -0.042753 -0.531716
    15 1.719433 -0.000006 -0.000003 -0.000004 0.004079 -0.363006
    16 1.099669 -0.000008 0.000002 0.000004 0.002595 -0.244332
    17 0.806044 -0.348926 1.321258 -1.251816 -0.632888 -0.738026
    18 1.789782 0.000002 -0.000008 0.001400 -0.001192 -0.075476
    19 1.207005 0.000000 0.000000 0.000229 0.000179 -0.014572
    20 -2.417969 -10.468750 -8.367188 -1.668474 1.286518 2.942954
    21 6.028139 0.000000 -0.000002 1.283460 0.816069 -0.695351
    22 11.692549 0.000000 0.000003 -0.000002 0.000000 -1.357927
    23 11.481695 -0.000080 0.000006 -0.761666 -0.172004 0.348862
    24 3.859676 -0.132517 1.193109 0.453794 0.220389 -1.554867
    25 1.312561 0.000002 -0.000001 0.003024 0.000769 -0.155011
    26 0.729367 0.000004 0.000001 -0.000059 -0.000129 -0.770353
    27 3.942295 0.050373 0.431044 0.169086 0.222020 -1.515865
    28 1.539099 0.000011 0.000000 0.017956 0.026962 -0.257172
    29 1.196325 0.000004 -0.000003 -0.002124 -0.000814 -1.086974
    30 3.883663 -0.050280 -0.431043 0.126954 0.051871 -0.933935
    31 1.719580 -0.000008 0.000006 -0.008268 0.070382 -1.040046
    32 1.209188 -0.000013 0.000006 -0.005416 -0.005128 -0.789469
    33 3.859833 -0.148894 -1.331282 -0.270959 0.284221 -0.246411
    34 1.719427 -0.000006 0.000010 -0.077744 0.135693 -1.058608
    35 1.099665 0.000011 0.000004 -0.020419 -0.005710 -0.127152
    36 0.806026 -0.359824 -1.318335 1.245819 0.605295 -0.751631
    37 1.789783 -0.000004 -0.000002 -0.000602 0.000208 0.107113
    38 1.207001 -0.000002 -0.000006 -0.000059 0.000047 0.634413
    39 -2.796961 -10.585745 -4.094667 3.673795 -0.343563 -5.736924
    40 -0.000001 1.365388 -0.536964 -1.570798 0.000001 0.000000
    41 -0.000001 -0.513253 -0.829849 1.121305 0.000000 -3.141591
    42 0.000000 -0.854954 0.683403 0.154998 0.000000 -3.141591
    43 -0.456437 0.634190 -1.470296 -1.570797 0.000001 0.000000
    44 0.000008 1.368782 -31.679443 -1.570797 0.000000 0.000000
    45 0.162476 0.431641 -1.771484 -1.592774 0.018724 -0.721931
    46 -0.102380 0.431843 0.420865 -1.560826 -0.000482 0.000595
    47 0.000000 0.306830 -0.617118 -1.570796 0.000000 0.000000
  time 27
    0 0.000000 -0.000006 0.000000 -1.570781 -1.391896 -1.570809
    1 -6.259874 9.188517 6.429984 1.596636 -1.286515 2.942963
    2 6.028140 0.000007 0.000003 1.055078 -0.991671 -2.908244
    3 11.692572 0.000000 -0.000019 -0.000013 0.000025 -0.997320
    4 11.481682 -0.000163 -0.000038 1.494271 -0.064917 0.903937
    5 3.859703 -0.142405 -1.191976 -0.468130 0.151539 -0.880191
    6 1.312561 -0.000010 0.000002 0.000001 -0.000002 -0.439725
    7 0.729367 -0.000004 0.000000 0.000002 -0.000003 -0.244304
    8 3.942326 0.046766 -0.431443 -0.151780 0.073202 -0.810985
    9 1.539099 -0.000002 -0.000007 -0.000001 0.000006 -0.247791
    10 1.196324 -0.000004 0.000003 0.000001 -0.000007 -0.430811
    11 3.883690 -0.046767 0.431443 0.085902 0.021835 -0.587859
    12 1.719576 -0.000013 0.000009 0.000001 0.005514 -0.366480
    13 1.209185 -0.000010 0.000003 0.000000 0.003091 -0.216394
    14 3.859859 -0.137949 1.332466 0.354450 -0.042753 -0.531716
    15 1.719433 -0.000006 -0.000003 -0.000004 0.004079 -0.363006
    16 1.099669 -0.000008 0.000002 0.000004 0.002595 -0.244332
    17 0.806044 -0.348926 1.321258 -1.251816 -0.632888 -0.738026
    18 1.789782 0.000002 -0.000008 0.001400 -0.001192 -0.075476
    19 1.207005 0.000000 0.000000 0.000229 0.000179 -0.014572
    20 -2.417969 -10.468750 -8.367188 -1.668474 1.286518 2.942954
    21 6.028139 0.000000 -0.000002 1.283987 0.808553 -0.692901
    22 11.692549 0.000000 0.000003 -0.000002 0.000000 -1.370114
    23 11.481695 -0.000080 0.000006 -0.753205 -0.173197 0.354286
    24 3.859676 -0.132517 1.193109 0.449803 0.230097 -1.573833
    25 1.312561 0.000002 -0.000001 0.003108 0.000781 -0.147158
    26 0.729367 0.000004 0.000001 -0.000059 -0.000141 -0.784763
    27 3.942295 0.050373 0.431044 0.166509 0.230181 -1.535451
    28 1.539099 0.000011 0.000000 0.018447 0.027705 -0.257410
    29 1.196325 0.000004 -0.000003 -0.002172 -0.000850 -1.104848
    30 3.883663 -0.050280 -0.431043 0.133030 0.058894 -0.942469
    31 1.719580 -0.000008 0.000006 -0.009227 0.072348 -1.058442
    32 1.209188 -0.000013 0.000006 -0.005560 -0.005200 -0.805131
    33 3.859833 -0.148894 -1.331282 -0.269953 0.285839 -0.247147
    34 1.719427 -0.000006 0.000010 -0.081172 0.138641 -1.077810
    35 1.099665 0.000011 0.000004 -0.020982 -0.005722 -0.123916
    36 0.806026 -0.359824 -1.318335 1.245229 0.600952 -0.752748
    37 1.789783 -0.000004 -0.000002 -0.000482 0.000160 0.112806
    38 1.207001 -0.000002 -0.000006 -0.000035 0.000059 0.655459
    39 -2.855557 -10.507618 -4.090761 3.497961 -0.513354 -5.403806
    40 -0.000001 1.365388 -0.536964 -1.570798 0.000001 0.000000
    41 -0.000001 -0.513253 -0.829849 1.121305 0.000000 -3.141591
    42 0.000000 -0.854954 0.683403 0.154998 0.000000 -3.141591
    43 -0.456437 0.634190 -1.470296 -1.570797 0.000001 0.000000
    44 0.000008 1.368782 -31.679443 -1.570797 0.000000 0.000000
    45 0.162476 0.431641 -1.771484 -1.592774 0.018724 -0.721931
    46 -0.102380 0.431843 0.420865 -1.560826 -0.000482 0.000595
    47 0.000000 0.306830 -0.617118 -1.570796 0.000000 0.000000
  time 28
    0 0.000000 -0.000006 0.000000 -1.570781 -1.391896 -1.570809
    1 -6.166121 9.411180 5.996377 1.596636 -1.286515 2.942963
    2 6.028140 0.000007 0.000003 1.075261 -1.003387 -2.867538
    3 11.692572 0.000000 -0.000019 -0.000013 0.000025 -1.026525
    4 11.481682 -0.000163 -0.000038 1.550864 -0.040425 0.882654
    5 3.859703 -0.142405 -1.191976 -0.468130 0.151539 -0.880191
    6 1.312561 -0.000010 0.000002 0.000001 -0.000002 -0.439725
    7 0.729367 -0.000004 0.000000 0.000002 -0.000003 -0.244304
    8 3.942326 0.046766 -0.431443 -0.151780 0.073202 -0.810985
    9 1.539099 -0.000002 -0.000007 -0.000001 0.000006 -0.247791
    10 1.196324 -0.000004 0.000003 0.000001 -0.000007 -0.430811
    11 3.883690 -0.046767 0.431443 0.085902 0.021835 -0.587859
    12 1.719576 -0.000013 0.000009 0.000001 0.005514 -0.366480
    13 1.209185 -0.000010 0.000003 0.000000 0.003091 -0.216394
    14 3.859859 -0.137949 1.332466 0.354450 -0.042753 -0.531716
    15 1.719433 -0.000006 -0.000003 -0.000004 0.004079 -0.363006
    16 1.099669 -0.000008 0.000002 0.000004 0.002595 -0.244332
    17 0.806044 -0.348926 1.321258 -1.251816 -0.632888 -0.738026
    18 1.789782 0.000002 -0.000008 0.001400 -0.001192 -0.075476
    19 1.207005 0.000000 0.000000 0.000229 0.000179 -0.014572
    20 -2.417969 -10.468750 -8.367188 -1.668474 1.286518 2.942954
    21 6.028139 0.000000 -0.000002 1.284075 0.804070 -0.691483
    22 11.692549 0.000000 0.000003 -0.000002 0.000000 -1.378104
    23 11.481695 -0.000080 0.000006 -0.746046 -0.176505 0.361423
    24 3.859676 -0.132517 1.193109 0.446280 0.238247 -1.589948
    25 1.312561 0.000002 -0.000001 0.003180 0.000781 -0.140514
    26 0.729367 0.000004 0.000001 -0.000059 -0.000141 -0.796973
    27 3.942295 0.050373 0.431044 0.164208 0.237024 -1.552039
    28 1.539099 0.000011 0.000000 0.018867 0.028341 -0.257625
    29 1.196325 0.000004 -0.000003 -0.002208 -0.000886 -1.119984
    30 3.883663 -0.050280 -0.431043 0.138136 0.064899 -0.949667
    31 1.719580 -0.000008 0.000006 -0.010066 0.074002 -1.074004
    32 1.209188 -0.000013 0.000006 -0.005668 -0.005248 -0.818398
    33 3.859833 -0.148894 -1.331282 -0.269090 0.287217 -0.247781
    34 1.719427 -0.000006 0.000010 -0.084120 0.141074 -1.094060
    35 1.099665 0.000011 0.000004 -0.021461 -0.005734 -0.121154
    36 0.806026 -0.359824 -1.318335 1.244750 0.597254 -0.753731
    37 1.789783 -0.000004 -0.000002 -0.000375 0.000128 0.117624
    38 1.207001 -0.000002 -0.000006 -0.000011 0.000071 0.673226
    39 -2.933684 -10.449022 -4.098574 3.246497 -0.615502 -5.013730
    40 -0.000001 1.365388 -0.536964 -1.570798 0.000001 0.000000
    41 -0.000001 -0.513253 -0.829849 1.121305 0.000000 -3.141591
    42 0.000000 -0.854954 0.683403 0.154998 0.000000 -3.141591
    43 -0.456437 0.634190 -1.470296 -1.570797 0.000001 0.000000
    44 0.000008 1.368782 -31.679443 -1.570797 0.000000 0.000000
    45 0.162476 0.431641 -1.771484 -1.592774 0.018724 -0.721931
    46 -0.102380 0.431843 0.420865 -1.560826 -0.000482 0.000595
    47 0.000000 0.306830 -0.617118 -1.570796 0.000000 0.000000
  time 29
    0 0.000000 -0.000006 0.000000 -1.570781 -1.391896 -1.570809
    1 -6.084087 9.602592 5.578395 1.596636 -1.286515 2.942963
    2 6.028140 0.000007 0.000003 1.091666 -1.015362 -2.829906
    3 11.692572 0.000000 -0.000019 -0.000013 0.000025 -1.051954
    4 11.481682 -0.000163 -0.000038 1.592755 -0.020233 0.858899
    5 3.859703 -0.142405 -1.191976 -0.468130 0.151539 -0.880191
    6 1.312561 -0.000010 0.000002 0.000001 -0.000002 -0.439725
    7 0.729367 -0.000004 0.000000 0.000002 -0.000003 -0.244304
    8 3.942326 0.046766 -0.431443 -0.151780 0.073202 -0.810985
    9 1.539099 -0.000002 -0.000007 -0.000001 0.000006 -0.247791
    10 1.196324 -0.000004 0.000003 0.000001 -0.000007 -0.430811
    11 3.883690 -0.046767 0.431443 0.085902 0.021835 -0.587859
    12 1.719576 -0.000013 0.000009 0.000001 0.005514 -0.366480
    13 1.209185 -0.000010 0.000003 0.000000 0.003091 -0.216394
    14 3.859859 -0.137949 1.332466 0.354450 -0.042753 -0.531716
    15 1.719433 -0.000006 -0.000003 -0.000004 0.004079 -0.363006
    16 1.099669 -0.000008 0.000002 0.000004 0.002595 -0.244332
    17 0.806044 -0.348926 1.321258 -1.251816 -0.632888 -0.738026
    18 1.789782 0.000002 -0.000008 0.001400 -0.001192 -0.075476
    19 1.207005 0.000000 0.000000 0.000229 0.000179 -0.014572
    20 -2.417969 -10.468750 -8.367188 -1.668474 1.286518 2.942954
    21 6.028139 0.000000 -0.000002 1.284075 0.802531 -0.691032
    22 11.692549 0.000000 0.000003 -0.000002 0.000000 -1.380947
    23 11.481695 -0.000080 0.000006 -0.739465 -0.182064 0.369760
    24 3.859676 -0.132517 1.193109 0.443355 0.244740 -1.602917
    25 1.312561 0.000002 -0.000001 0.003240 0.000793 -0.135164
    26 0.729367 0.000004 0.000001 -0.000059 -0.000141 -0.806767
    27 3.942295 0.050373 0.431044 0.162266 0.242501 -1.565372
    28 1.539099 0.000011 0.000000 0.019202 0.028856 -0.257798
    29 1.196325 0.000004 -0.000003 -0.002244 -0.000910 -1.132119
    30 3.883663 -0.050280 -0.431043 0.142211 0.069740 -0.955442
    31 1.719580 -0.000008 0.000006 -0.010749 0.075320 -1.086486
    32 1.209188 -0.000013 0.000006 -0.005764 -0.005296 -0.829054
    33 3.859833 -0.148894 -1.331282 -0.268407 0.288320 -0.248292
    34 1.719427 -0.000006 0.000010 -0.086505 0.142992 -1.107125
    35 1.099665 0.000011 0.000004 -0.021857 -0.005734 -0.118954
    36 0.806026 -0.359824 -1.318335 1.244344 0.594282 -0.754491
    37 1.789783 -0.000004 -0.000002 -0.000291 0.000096 0.121507
    38 1.207001 -0.000002 -0.000006 0.000001 0.000083 0.687479
    39 -3.043062 -10.425584 -4.118106 2.965791 -0.631968 -4.611802
    40 -0.000001 1.365388 -0.536964 -1.570798 0.000001 0.000000
    41 -0.000001 -0.513253 -0.829849 1.121305 0.000000 -3.141591
    42 0.000000 -0.854954 0.683403 0.154998 0.000000 -3.141591
    43 -0.456437 0.634190 -1.470296 -1.570797 0.000001 0.000000
    44 0.000008 1.368782 -31.679443 -1.570797 0.000000 0.000000
    45 0.162476 0.431641 -1.771484 -1.592774 0.018724 -0.721931
    46 -0.102380 0.431843 0.420865 -1.560826 -0.000482 0.000595
    47 0.000000 0.306830 -0.617118 -1.570796 0.000000 0.000000
  time 30
    0 0.000000 -0.000006 0.000000 -1.570781 -1.391896 -1.570809
    1 -6.013772 9.766660 5.179945 1.596636 -1.286515 2.942963
    2 6.028140 0.000007 0.000003 1.104015 -1.027638 -2.794767
    3 11.692572 0.000000 -0.000019 -0.000013 0.000025 -1.073822
    4 11.481682 -0.000163 -0.000038 1.624550 -0.003602 0.831009
    5 3.859703 -0.142405 -1.191976 -0.468130 0.151539 -0.880191
    6 1.312561 -0.000010 0.000002 0.000001 -0.000002 -0.439725
    7 0.729367 -0.000004 0.000000 0.000002 -0.000003 -0.244304
    8 3.942326 0.046766 -0.431443 -0.151780 0.073202 -0.810985
    9 1.539099 -0.000002 -0.000007 -0.000001 0.000006 -0.247791
    10 1.196324 -0.000004 0.000003 0.000001 -0.000007 -0.430811
    11 3.883690 -0.046767 0.431443 0.085902 0.021835 -0.587859
    12 1.719576 -0.000013 0.000009 0.000001 0.005514 -0.366480
    13 1.209185 -0.000010 0.000003 0.000000 0.003091 -0.216394
    14 3.859859 -0.137949 1.332466 0.354450 -0.042753 -0.531716
    15 1.719433 -0.000006 -0.000003 -0.000004 0.004079 -0.363006
    16 1.099669 -0.000008 0.000002 0.000004 0.002595 -0.244332
    17 0.806044 -0.348926 1.321258 -1.251816 -0.632888 -0.738026
    18 1.789782 0.000002 -0.000008 0.001400 -0.001192 -0.075476
    19 1.207005 0.000000 0.000000 0.000229 0.000179 -0.014572
    20 -2.417969 -10.468750 -8.367188 -1.668474 1.286518 2.942954
    21 6.028139 0.000000 -0.000002 1.274666 0.806004 -0.695931
    22 11.692549 0.000000 0.000003 -0.000002 0.000000 -1.382099
    23 11.481695 -0.000080 0.000006 -0.750674 -0.172447 0.396995
    24 3.859676 -0.132517 1.193109 0.441138 0.249500 -1.612491
    25 1.312561 0.000002 -0.000001 0.003288 0.000793 -0.131217
    26 0.729367 0.000004 0.000001 -0.000059 -0.000141 -0.813993
    27 3.942295 0.050373 0.431044 0.160792 0.246516 -1.575235
    28 1.539099 0.000011 0.000000 0.019454 0.029227 -0.257927
    29 1.196325 0.000004 -0.000003 -0.002268 -0.000934 -1.141078
    30 3.883663 -0.050280 -0.431043 0.145195 0.073324 -0.959688
    31 1.719580 -0.000008 0.000006 -0.011277 0.076279 -1.095706
    32 1.209188 -0.000013 0.000006 -0.005836 -0.005332 -0.836907
    33 3.859833 -0.148894 -1.331282 -0.267891 0.289135 -0.248681
    34 1.719427 -0.000006 0.000010 -0.088290 0.144394 -1.116749
    35 1.099665 0.000011 0.000004 -0.022133 -0.005734 -0.117315
    36 0.806026 -0.359824 -1.318335 1.244086 0.592101 -0.755027
    37 1.789783 -0.000004 -0.000002 -0.000231 0.000064 0.124371
    38 1.207001 -0.000002 -0.000006 0.000001 0.000095 0.697978
    39 -3.191504 -10.445116 -4.149356 2.718423 -0.580087 -4.261781
    40 -0.000001 1.365388 -0.536964 -1.570798 0.000001 0.000000
    41 -0.000001 -0.513253 -0.829849 1.121305 0.000000 -3.141591
    42 0.000000 -0.854954 0.683403 0.154998 0.000000 -3.141591
    43 -0.456437 0.634190 -1.470296 -1.570797 0.000001 0.000000
    44 0.000008 1.368782 -31.679443 -1.570797 0.000000 0.000000
    45 0.162476 0.431641 -1.771484 -1.592774 0.018724 -0.721931
    46 -0.102380 0.431843 0.420865 -1.560826 -0.000482 0.000595
    47 0.000000 0.306830 -0.617118 -1.570796 0.000000 0.000000
  time 31
    0 0.000000 -0.000006 0.000000 -1.570781 -1.391896 -1.570809
    1 -5.959083 9.903383 4.808840 1.596636 -1.286515 2.942963
    2 6.028140 0.000007 0.000003 1.112310 -1.040130 -2.762036
    3 11.692572 0.000000 -0.000019 -0.000025 0.000025 -1.091985
    4 11.481682 -0.000163 -0.000038 1.649436 0.010185 0.797571
    5 3.859703 -0.142405 -1.191976 -0.468130 0.151539 -0.880191
    6 1.312561 -0.000010 0.000002 0.000001 -0.000002 -0.439725
    7 0.729367 -0.000004 0.000000 0.000002 -0.000003 -0.244304
    8 3.942326 0.046766 -0.431443 -0.151780 0.073202 -0.810985
    9 1.539099 -0.000002 -0.000007 -0.000001 0.000006 -0.247791
    10 1.196324 -0.000004 0.000003 0.000001 -0.000007 -0.430811
    11 3.883690 -0.046767 0.431443 0.085902 0.021835 -0.587859
    12 1.719576 -0.000013 0.000009 0.000001 0.005514 -0.366480
    13 1.209185 -0.000010 0.000003 0.000000 0.003091 -0.216394
    14 3.859859 -0.137949 1.332466 0.354450 -0.042753 -0.531716
    15 1.719433 -0.000006 -0.000003 -0.000004 0.004079 -0.363006
    16 1.099669 -0.000008 0.000002 0.000004 0.002595 -0.244332
    17 0.806044 -0.348926 1.321258 -1.251816 -0.632888 -0.738026
    18 1.789782 0.000002 -0.000008 0.001400 -0.001192 -0.075476
    19 1.207005 0.000000 0.000000 0.000229 0.000179 -0.014572
    20 -2.417969 -10.468750 -8.367188 -1.668474 1.286518 2.942954
    21 6.028139 0.000000 -0.000002 1.250395 0.814839 -0.709018
    22 11.692549 0.000000 0.000003 -0.000002 0.000000 -1.384604
    23 11.481695 -0.000080 0.000006 -0.783577 -0.135037 0.448553
    24 3.859676 -0.132517 1.193109 0.439748 0.252439 -1.618421
    25 1.312561 0.000002 -0.000001 0.003312 0.000793 -0.128779
    26 0.729367 0.000004 0.000001 -0.000059 -0.000141 -0.818480
    27 3.942295 0.050373 0.431044 0.159857 0.248985 -1.581323
    28 1.539099 0.000011 0.000000 0.019610 0.029467 -0.258014
    29 1.196325 0.000004 -0.000003 -0.002280 -0.000946 -1.146620
    30 3.883663 -0.050280 -0.431043 0.147040 0.075553 -0.962317
    31 1.719580 -0.000008 0.000006 -0.011600 0.076878 -1.101396
    32 1.209188 -0.000013 0.000006 -0.005871 -0.005344 -0.841782
    33 3.859833 -0.148894 -1.331282 -0.267580 0.289638 -0.248906
    34 1.719427 -0.000006 0.000010 -0.089393 0.145245 -1.122701
    35 1.099665 0.000011 0.000004 -0.022312 -0.005734 -0.116301
    36 0.806026 -0.359824 -1.318335 1.243902 0.590730 -0.755384
    37 1.789783 -0.000004 -0.000002 -0.000195 0.000048 0.126145
    38 1.207001 -0.000002 -0.000006 0.000001 0.000095 0.704486
    39 -3.386823 -10.515430 -4.192327 2.527444 -0.500032 -3.990767
    40 -0.000001 1.365388 -0.536964 -1.570798 0.000001 0.000000
    41 -0.000001 -0.513253 -0.829849 1.121305 0.000000 -3.141591
    42 0.000000 -0.854954 0.683403 0.154998 0.000000 -3.141591
    43 -0.456437 0.634190 -1.470296 -1.570797 0.000001 0.000000
    44 0.000008 1.368782 -31.679443 -1.570797 0.000000 0.000000
    45 0.162476 0.431641 -1.771484 -1.592774 0.018724 -0.721931
    46 -0.102380 0.431843 0.420865 -1.560826 -0.000482 0.000595
    47 0.000000 0.306830 -0.617118 -1.570796 0.000000 0.000000
  time 32
    0 0.000000 -0.000006 0.000000 -1.570781 -1.391896 -1.570809
    1 -5.908301 10.012761 4.468986 1.596636 -1.286515 2.942963
    2 6.028140 0.000007 0.000003 1.116918 -1.052708 -2.731798
    3 11.692572 0.000000 -0.000019 -0.000025 0.000037 -1.105946
    4 11.481682 -0.000163 -0.000038 1.669806 0.021750 0.757426
    5 3.859703 -0.142405 -1.191976 -0.468130 0.151539 -0.880191
    6 1.312561 -0.000010 0.000002 0.000001 -0.000002 -0.439725
    7 0.729367 -0.000004 0.000000 0.000002 -0.000003 -0.244304
    8 3.942326 0.046766 -0.431443 -0.151780 0.073202 -0.810985
    9 1.539099 -0.000002 -0.000007 -0.000001 0.000006 -0.247791
    10 1.196324 -0.000004 0.000003 0.000001 -0.000007 -0.430811
    11 3.883690 -0.046767 0.431443 0.085902 0.021835 -0.587859
    12 1.719576 -0.000013 0.000009 0.000001 0.005514 -0.366480
    13 1.209185 -0.000010 0.000003 0.000000 0.003091 -0.216394
    14 3.859859 -0.137949 1.332466 0.354450 -0.042753 -0.531716
    15 1.719433 -0.000006 -0.000003 -0.000004 0.004079 -0.363006
    16 1.099669 -0.000008 0.000002 0.000004 0.002595 -0.244332
    17 0.806044 -0.348926 1.321258 -1.251816 -0.632888 -0.738026
    18 1.789782 0.000002 -0.000008 0.001400 -0.001192 -0.075476
    19 1.207005 0.000000 0.000000 0.000229 0.000179 -0.014572
    20 -2.417969 -10.468750 -8.367188 -1.668474 1.286518 2.942954
    21 6.028139 0.000000 -0.000002 1.216188 0.827761 -0.728488
    22 11.692549 0.000000 0.000003 -0.000002 0.000000 -1.386703
    23 11.481695 -0.000080 0.000006 -0.822844 -0.079281 0.512902
    24 3.859676 -0.132517 1.193109 0.439257 0.253431 -1.620435
    25 1.312561 0.000002 -0.000001 0.003324 0.000793 -0.127938
    26 0.729367 0.000004 0.000001 -0.000059 -0.000141 -0.820012
    27 3.942295 0.050373 0.431044 0.159534 0.249836 -1.583400
    28 1.539099 0.000011 0.000000 0.019658 0.029539 -0.258035
    29 1.196325 0.000004 -0.000003 -0.002280 -0.000958 -1.148503
    30 3.883663 -0.050280 -0.431043 0.147664 0.076320 -0.963222
    31 1.719580 -0.000008 0.000006 -0.011708 0.077082 -1.103330
    32 1.209188 -0.000013 0.000006 -0.005895 -0.005356 -0.843443
    33 3.859833 -0.148894 -1.331282 -0.267472 0.289806 -0.248988
    34 1.719427 -0.000006 0.000010 -0.089777 0.145532 -1.124746
    35 1.099665 0.000011 0.000004 -0.022372 -0.005734 -0.115956
    36 0.806026 -0.359824 -1.318335 1.243828 0.590272 -0.755518
    37 1.789783 -0.000004 -0.000002 -0.000183 0.000048 0.126756
    38 1.207001 -0.000002 -0.000006 0.000013 0.000095 0.706719
    39 -3.632924 -10.652153 -4.247016 2.379137 -0.424859 -3.788931
    40 -0.000001 1.365388 -0.536964 -1.570798 0.000001 0.000000
    41 -0.000001 -0.513253 -0.829849 1.121305 0.000000 -3.141591
    42 0.000000 -0.854954 0.683403 0.154998 0.000000 -3.141591
    43 -0.456437 0.634190 -1.470296 -1.570797 0.000001 0.000000
    44 0.000008 1.368782 -31.679443 -1.570797 0.000000 0.000000
    45 0.162476 0.431641 -1.771484 -1.592774 0.018724 -0.721931
    46 -0.102380 0.431843 0.420865 -1.560826 -0.000482 0.000595
    47 0.000000 0.306830 -0.617118 -1.570796 0.000000 0.000000
  time 33
    0 0.000000 -0.000006 0.000000 -1.570781 -1.391896 -1.570809
    1 -5.869237 10.102607 4.168196 1.596636 -1.286515 2.942963
    2 6.028140 0.000007 0.000003 1.118300 -1.065027 -2.704301
    3 11.692572 0.000000 -0.000019 -0.000025 0.000025 -1.115135
    4 11.481682 -0.000163 -0.000038 1.687608 0.031667 0.709412
    5 3.859703 -0.142405 -1.191976 -0.468130 0.151539 -0.880191
    6 1.312561 -0.000010 0.000002 0.000001 -0.000002 -0.439725
    7 0.729367 -0.000004 0.000000 0.000002 -0.000003 -0.244304
    8 3.942326 0.046766 -0.431443 -0.151780 0.073202 -0.810985
    9 1.539099 -0.000002 -0.000007 -0.000001 0.000006 -0.247791
    10 1.196324 -0.000004 0.000003 0.000001 -0.000007 -0.430811
    11 3.883690 -0.046767 0.431443 0.085926 0.021703 -0.586267
    12 1.719576 -0.000013 0.000009 0.000001 0.005514 -0.366480
    13 1.209185 -0.000010 0.000003 -0.000024 0.003091 -0.224695
    14 3.859859 -0.137949 1.332466 0.351454 -0.044023 -0.518400
    15 1.719433 -0.000006 -0.000003 -0.000004 0.004079 -0.363006
    16 1.099669 -0.000008 0.000002 -0.000846 -0.000820 -0.244979
    17 0.806044 -0.348926 1.321258 -1.250218 -0.633826 -0.741126
    18 1.789782 0.000002 -0.000008 0.001196 -0.000847 -0.067925
    19 1.207005 0.000000 0.000000 0.000181 0.000155 -0.007199
    20 -2.417969 -10.468750 -8.367188 -1.668474 1.286518 2.942954
    21 6.028139 0.000000 -0.000002 1.177232 0.843893 -0.752728
    22 11.692549 0.000000 0.000003 -0.000002 0.000000 -1.387786
    23 11.481695 -0.000080 0.000006 -0.860086 -0.016022 0.585929
    24 3.859676 -0.132517 1.193109 0.439257 0.253431 -1.620435
    25 1.312561 0.000002 -0.000001 0.003324 0.000793 -0.127938
    26 0.729367 0.000004 0.000001 -0.000059 -0.000141 -0.820012
    27 3.942295 0.050373 0.431044 0.159534 0.249836 -1.583400
    28 1.539099 0.000011 0.000000 0.019658 0.029539 -0.258035
    29 1.196325 0.000004 -0.000003 -0.002280 -0.000958 -1.148503
    30 3.883663 -0.050280 -0.431043 0.147664 0.076320 -0.963222
    31 1.719580 -0.000008 0.000006 -0.011708 0.077082 -1.103330
    32 1.209188 -0.000013 0.000006 -0.005895 -0.005356 -0.843443
    33 3.859833 -0.148894 -1.331282 -0.267472 0.289806 -0.248988
    34 1.719427 -0.000006 0.000010 -0.089777 0.145532 -1.124723
    35 1.099665 0.000011 0.000004 -0.022372 -0.005734 -0.115956
    36 0.806026 -0.359824 -1.318335 1.243828 0.590272 -0.755518
    37 1.789783 -0.000004 -0.000002 -0.000183 0.000048 0.126756
    38 1.207001 -0.000002 -0.000006 0.000013 0.000095 0.706719
    39 -3.902464 -10.835753 -4.321237 2.253691 -0.363753 -3.633580
    40 -0.000001 1.365388 -0.536964 -1.570798 0.000001 0.000000
    41 -0.000001 -0.513253 -0.829849 1.121305 0.000000 -3.141591
    42 0.000000 -0.854954 0.683403 0.154998 0.000000 -3.141591
    43 -0.456437 0.634190 -1.470296 -1.570797 0.000001 0.000000
    44 0.000008 1.368782 -31.679443 -1.570797 0.000000 0.000000
    45 0.162476 0.431641 -1.771484 -1.592774 0.018724 -0.721931
    46 -0.102380 0.431843 0.420865 -1.560826 -0.000482 0.000595
    47 0.000000 0.306830 -0.617118 -1.570796 0.000000 0.000000
  time 34
    0 0.000000 -0.000006 0.000000 -1.570781 -1.391896 -1.570809
    1 -5.837986 10.169016 3.910375 1.596636 -1.286515 2.942963
    2 6.028140 0.000007 0.000003 1.117287 -1.076614 -2.680210
    3 11.692572 0.000000 -0.000019 -0.000025 0.000037 -1.118839
    4 11.481682 -0.000163 -0.000038 1.704080 0.040460 0.652674
    5 3.859703 -0.142405 -1.191976 -0.468130 0.151539 -0.880191
    6 1.312561 -0.000010 0.000002 0.000001 -0.000002 -0.439725
    7 0.729367 -0.000004 0.000000 0.000002 -0.000003 -0.244304
    8 3.942326 0.046766 -0.431443 -0.151780 0.073202 -0.810985
    9 1.539099 -0.000002 -0.000007 -0.000001 0.000006 -0.247791
    10 1.196324 -0.000004 0.000003 0.000001 -0.000007 -0.430811
    11 3.883690 -0.046767 0.431443 0.086022 0.021332 -0.581925
    12 1.719576 -0.000013 0.000009 0.000001 0.005514 -0.366480
    13 1.209185 -0.000010 0.000003 -0.000096 0.003091 -0.247304
    14 3.859859 -0.137949 1.332466 0.343196 -0.047307 -0.482142
    15 1.719433 -0.000006 -0.000003 -0.000004 0.004079 -0.363006
    16 1.099669 -0.000008 0.000002 -0.003179 -0.010121 -0.246750
    17 0.806044 -0.348926 1.321258 -1.245830 -0.636355 -0.749548
    18 1.789782 0.000002 -0.000008 0.000621 0.000085 -0.047394
    19 1.207005 0.000000 0.000000 0.000049 0.000095 0.012793
    20 -2.417969 -10.468750 -8.367188 -1.668474 1.286518 2.942954
    21 6.028139 0.000000 -0.000002 1.137836 0.862661 -0.779805
    22 11.692549 0.000000 0.000003 -0.000002 0.000000 -1.388125
    23 11.481695 -0.000080 0.000006 -0.892193 0.044270 0.667121
    24 3.859676 -0.132517 1.193109 0.439257 0.253431 -1.620435
    25 1.312561 0.000002 -0.000001 0.003324 0.000793 -0.127938
    26 0.729367 0.000004 0.000001 -0.000059 -0.000141 -0.820012
    27 3.942295 0.050373 0.431044 0.159534 0.249836 -1.583400
    28 1.539099 0.000011 0.000000 0.019658 0.029539 -0.258035
    29 1.196325 0.000004 -0.000003 -0.002280 -0.000958 -1.148503
    30 3.883663 -0.050280 -0.431043 0.147664 0.076320 -0.963222
    31 1.719580 -0.000008 0.000006 -0.011708 0.077082 -1.103330
    32 1.209188 -0.000013 0.000006 -0.005895 -0.005356 -0.843443
    33 3.859833 -0.148894 -1.331282 -0.267472 0.289818 -0.248988
    34 1.719427 -0.000006 0.000010 -0.089777 0.145532 -1.124723
    35 1.099665 0.000011 0.000004 -0.022372 -0.005734 -0.115956
    36 0.806026 -0.359824 -1.318335 1.243828 0.590272 -0.755518
    37 1.789783 -0.000004 -0.000002 -0.000183 0.000048 0.126756
    38 1.207001 -0.000002 -0.000006 0.000013 0.000095 0.706719
    39 -4.168097 -11.054509 -4.411083 2.139485 -0.316257 -3.508913
    40 -0.000001 1.365388 -0.536964 -1.570798 0.000001 0.000000
    41 -0.000001 -0.513253 -0.829849 1.121305 0.000000 -3.141591
    42 0.000000 -0.854954 0.683403 0.154998 0.000000 -3.141591
    43 -0.456437 0.634190 -1.470296 -1.570797 0.000001 0.000000
    44 0.000008 1.368782 -31.679443 -1.570797 0.000000 0.000000
    45 0.162476 0.431641 -1.771484 -1.592774 0.018724 -0.721931
    46 -0.102380 0.431843 0.420865 -1.560826 -0.000482 0.000595
    47 0.000000 0.306830 -0.617118 -1.570796 0.000000 0.000000
  time 35
    0 0.000000 -0.000006 0.000000 -1.570781 -1.391896 -1.570809
    1 -5.818454 10.219798 3.695525 1.596636 -1.286515 2.942963
    2 6.028140 0.000007 0.000003 1.114614 -1.086952 -2.660521
    3 11.692572 0.000000 -0.000019 -0.000025 0.000037 -1.115990
    4 11.481682 -0.000163 -0.000038 1.720376 0.048632 0.586252
    5 3.859703 -0.142405 -1.191976 -0.468130 0.151539 -0.880191
    6 1.312561 -0.000010 0.000002 0.000001 -0.000002 -0.439725
    7 0.729367 -0.000004 0.000000 0.000002 -0.000003 -0.244304
    8 3.942326 0.046766 -0.431443 -0.151780 0.073202 -0.810985
    9 1.539099 -0.000002 -0.000007 -0.000001 0.000006 -0.247791
    10 1.196324 -0.000004 0.000003 0.000001 -0.000007 -0.430811
    11 3.883690 -0.046767 0.431443 0.086154 0.020768 -0.575484
    12 1.719576 -0.000013 0.000009 0.000001 0.005514 -0.366480
    13 1.209185 -0.000010 0.000003 -0.000192 0.003091 -0.280692
    14 3.859859 -0.137949 1.332466 0.330768 -0.051610 -0.428370
    15 1.719433 -0.000006 -0.000003 -0.000004 0.004079 -0.363006
    16 1.099669 -0.000008 0.000002 -0.006594 -0.023831 -0.249309
    17 0.806044 -0.348926 1.321258 -1.239310 -0.640005 -0.762034
    18 1.789782 0.000002 -0.000008 -0.000158 0.001501 -0.017130
    19 1.207005 0.000000 0.000000 -0.000143 0.000011 0.042309
    20 -2.417969 -10.468750 -8.367188 -1.668474 1.286518 2.942954
    21 6.028139 0.000000 -0.000002 1.102045 0.883804 -0.807914
    22 11.692549 0.000000 0.000003 -0.000002 0.000000 -1.388192
    23 11.481695 -0.000080 0.000006 -0.919673 0.092831 0.757163
    24 3.859676 -0.132517 1.193109 0.439257 0.253431 -1.620435
    25 1.312561 0.000002 -0.000001 0.003324 0.000793 -0.127938
    26 0.729367 0.000004 0.000001 -0.000059 -0.000141 -0.820012
    27 3.942295 0.050373 0.431044 0.159534 0.249836 -1.583400
    28 1.539099 0.000011 0.000000 0.019658 0.029539 -0.258035
    29 1.196325 0.000004 -0.000003 -0.002280 -0.000958 -1.148503
    30 3.883663 -0.050280 -0.431043 0.147664 0.076320 -0.963222
    31 1.719580 -0.000008 0.000006 -0.011708 0.077082 -1.103330
    32 1.209188 -0.000013 0.000006 -0.005895 -0.005356 -0.843443
    33 3.859833 -0.148894 -1.331282 -0.267472 0.289806 -0.248988
    34 1.719427 -0.000006 0.000010 -0.089777 0.145532 -1.124723
    35 1.099665 0.000011 0.000004 -0.022372 -0.005734 -0.115956
    36 0.806026 -0.359824 -1.318335 1.243828 0.590272 -0.755518
    37 1.789783 -0.000004 -0.000002 -0.000183 0.000048 0.126756
    38 1.207001 -0.000002 -0.000006 0.000013 0.000095 0.706719
    39 -4.418104 -11.284985 -4.508742 2.031374 -0.280181 -3.405928
    40 -0.000001 1.365388 -0.536964 -1.570798 0.000001 0.000000
    41 -0.000001 -0.513253 -0.829849 1.121305 0.000000 -3.141591
    42 0.000000 -0.854954 0.683403 0.154998 0.000000 -3.141591
    43 -0.456437 0.634190 -1.470296 -1.570797 0.000001 0.000000
    44 0.000008 1.368782 -31.679443 -1.570797 0.000000 0.000000
    45 0.162476 0.431641 -1.771484 -1.592774 0.018724 -0.721931
    46 -0.102380 0.431843 0.420865 -1.560826 -0.000482 0.000595
    47 0.000000 0.306830 -0.617118 -1.570796 0.000000 0.000000
  time 36
    0 0.000000 -0.000006 0.000000 -1.570781 -1.391896 -1.570809
    1 -5.802829 10.251049 3.539270 1.596636 -1.286515 2.942963
    2 6.028140 0.000007 0.000003 1.111296 -1.095222 -2.646233
    3 11.692572 0.000000 -0.000019 -0.000025 0.000037 -1.105377
    4 11.481682 -0.000163 -0.000038 1.737469 0.056685 0.509290
    5 3.859703 -0.142405 -1.191976 -0.468130 0.151539 -0.880191
    6 1.312561 -0.000010 0.000002 0.000001 -0.000002 -0.439725
    7 0.729367 -0.000004 0.000000 0.000002 -0.000003 -0.244304
    8 3.942326 0.046766 -0.431443 -0.151780 0.073202 -0.810985
    9 1.539099 -0.000002 -0.000007 -0.000001 0.000006 -0.247791
    10 1.196324 -0.000004 0.000003 0.000001 -0.000007 -0.430811
    11 3.883690 -0.046767 0.431443 0.086321 0.020097 -0.567668
    12 1.719576 -0.000013 0.000009 0.000001 0.005514 -0.366480
    13 1.209185 -0.000010 0.000003 -0.000324 0.003079 -0.321296
    14 3.859859 -0.137949 1.332466 0.315332 -0.055948 -0.362729
    15 1.719433 -0.000006 -0.000003 -0.000004 0.004079 -0.363006
    16 1.099669 -0.000008 0.000002 -0.010689 -0.040489 -0.252346
    17 0.806044 -0.348926 1.321258 -1.231287 -0.644385 -0.777259
    18 1.789782 0.000002 -0.000008 -0.001081 0.003262 0.019683
    19 1.207005 0.000000 0.000000 -0.000395 -0.000073 0.078199
    20 -2.417969 -10.468750 -8.367188 -1.668474 1.286518 2.942954
    21 6.028139 0.000000 -0.000002 1.072322 0.907495 -0.835571
    22 11.692549 0.000000 0.000003 -0.000002 0.000000 -1.387921
    23 11.481695 -0.000080 0.000006 -0.945634 0.124239 0.855541
    24 3.859676 -0.132517 1.193109 0.439257 0.253431 -1.620435
    25 1.312561 0.000002 -0.000001 0.003324 0.000793 -0.127938
    26 0.729367 0.000004 0.000001 -0.000059 -0.000141 -0.820012
    27 3.942295 0.050373 0.431044 0.159534 0.249836 -1.583400
    28 1.539099 0.000011 0.000000 0.019658 0.029539 -0.258035
    29 1.196325 0.000004 -0.000003 -0.002280 -0.000958 -1.148503
    30 3.883663 -0.050280 -0.431043 0.147664 0.076320 -0.963222
    31 1.719580 -0.000008 0.000006 -0.011708 0.077082 -1.103330
    32 1.209188 -0.000013 0.000006 -0.005895 -0.005356 -0.843443
    33 3.859833 -0.148894 -1.331282 -0.267472 0.289818 -0.248988
    34 1.719427 -0.000006 0.000010 -0.089777 0.145532 -1.124723
    35 1.099665 0.000011 0.000004 -0.022372 -0.005734 -0.115956
    36 0.806026 -0.359824 -1.318335 1.243828 0.590272 -0.755518
    37 1.789783 -0.000004 -0.000002 -0.000183 0.000048 0.126756
    38 1.207001 -0.000002 -0.000006 0.000013 0.000095 0.706719
    39 -4.640767 -11.503742 -4.602495 1.928027 -0.253082 -3.319479
    40 -0.000001 1.365388 -0.536964 -1.570798 0.000001 0.000000
    41 -0.000001 -0.513253 -0.829849 1.121305 0.000000 -3.141591
    42 0.000000 -0.854954 0.683403 0.154998 0.000000 -3.141591
    43 -0.456437 0.634190 -1.470296 -1.570797 0.000001 0.000000
    44 0.000008 1.368782 -31.679443 -1.570797 0.000000 0.000000
    45 0.162476 0.431641 -1.771484 -1.592774 0.018724 -0.721931
    46 -0.102380 0.431843 0.420865 -1.560826 -0.000482 0.000595
    47 0.000000 0.306830 -0.617118 -1.570796 0.000000 0.000000
  time 37
    0 0.000000 -0.000006 0.000000 -1.570781 -1.391896 -1.570809
    1 -5.791109 10.266675 3.441611 1.596636 -1.286515 2.942963
    2 6.028140 0.000007 0.000003 1.108624 -1.100606 -2.638756
    3 11.692572 0.000000 -0.000019 -0.000025 0.000037 -1.085503
    4 11.481682 -0.000163 -0.000038 1.755979 0.065120 0.421181
    5 3.859703 -0.142405 -1.191976 -0.468130 0.151539 -0.880191
    6 1.312561 -0.000010 0.000002 0.000001 -0.000002 -0.439725
    7 0.729367 -0.000004 0.000000 0.000002 -0.000003 -0.244304
    8 3.942326 0.046766 -0.431443 -0.151780 0.073202 -0.810985
    9 1.539099 -0.000002 -0.000007 -0.000001 0.000006 -0.247791
    10 1.196324 -0.000004 0.000003 0.000001 -0.000007 -0.430811
    11 3.883690 -0.046767 0.431443 0.086489 0.019366 -0.559200
    12 1.719576 -0.000013 0.000009 0.000001 0.005514 -0.366480
    13 1.209185 -0.000010 0.000003 -0.000455 0.003067 -0.365494
    14 3.859859 -0.137949 1.332466 0.298194 -0.059507 -0.291046
    15 1.719433 -0.000006 -0.000003 -0.000004 0.004079 -0.363006
    16 1.099669 -0.000008 0.000002 -0.015078 -0.058646 -0.255579
    17 0.806044 -0.348926 1.321258 -1.222448 -0.648999 -0.793931
    18 1.789782 0.000002 -0.000008 -0.002004 0.005212 0.059799
    19 1.207005 0.000000 0.000000 -0.000670 -0.000157 0.117263
    20 -2.417969 -10.468750 -8.367188 -1.668474 1.286518 2.942954
    21 6.028139 0.000000 -0.000002 1.049019 0.934220 -0.862390
    22 11.692549 0.000000 0.000003 -0.000002 0.000000 -1.386161
    23 11.481695 -0.000080 0.000006 -0.974632 0.137879 0.959915
    24 3.859676 -0.132517 1.193109 0.439257 0.253431 -1.620435
    25 1.312561 0.000002 -0.000001 0.003324 0.000793 -0.127938
    26 0.729367 0.000004 0.000001 -0.000059 -0.000141 -0.820012
    27 3.942295 0.050373 0.431044 0.159534 0.249836 -1.583400
    28 1.539099 0.000011 0.000000 0.019658 0.029539 -0.258035
    29 1.196325 0.000004 -0.000003 -0.002280 -0.000958 -1.148503
    30 3.883663 -0.050280 -0.431043 0.147664 0.076320 -0.963222
    31 1.719580 -0.000008 0.000006 -0.011708 0.077082 -1.103330
    32 1.209188 -0.000013 0.000006 -0.005895 -0.005356 -0.843443
    33 3.859833 -0.148894 -1.331282 -0.267472 0.289818 -0.248988
    34 1.719427 -0.000006 0.000010 -0.089777 0.145532 -1.124723
    35 1.099665 0.000011 0.000004 -0.022372 -0.005734 -0.115956
    36 0.806026 -0.359824 -1.318335 1.243828 0.590272 -0.755518
    37 1.789783 -0.000004 -0.000002 -0.000183 0.000048 0.126756
    38 1.207001 -0.000002 -0.000006 0.000013 0.000095 0.706719
    39 -4.832180 -11.702967 -4.692342 1.831251 -0.233099 -3.247270
    40 -0.000001 1.365388 -0.536964 -1.570798 0.000001 0.000000
    41 -0.000001 -0.513253 -0.829849 1.121305 0.000000 -3.141591
    42 0.000000 -0.854954 0.683403 0.154998 0.000000 -3.141591
    43 -0.456437 0.634190 -1.470296 -1.570797 0.000001 0.000000
    44 0.000008 1.368782 -31.679443 -1.570797 0.000000 0.000000
    45 0.162476 0.431641 -1.771484 -1.592774 0.018724 -0.721931
    46 -0.102380 0.431843 0.420865 -1.560826 -0.000482 0.000595
    47 0.000000 0.306830 -0.617118 -1.570796 0.000000 0.000000
  time 38
    0 0.000000 -0.000006 0.000000 -1.570781 -1.391896 -1.570809
    1 -5.791109 10.274488 3.406454 1.596636 -1.286515 2.942963
    2 6.028140 0.000007 0.000003 1.107702 -1.101813 -2.639670
    3 11.692572 0.000000 -0.000019 -0.000013 0.000025 -1.054518
    4 11.481682 -0.000163 -0.000038 1.776526 0.074558 0.321221
    5 3.859703 -0.142405 -1.191976 -0.468130 0.151539 -0.880191
    6 1.312561 -0.000010 0.000002 0.000001 -0.000002 -0.439725
    7 0.729367 -0.000004 0.000000 0.000002 -0.000003 -0.244304
    8 3.942326 0.046766 -0.431443 -0.151780 0.073202 -0.810985
    9 1.539099 -0.000002 -0.000007 -0.000001 0.000006 -0.247791
    10 1.196324 -0.000004 0.000003 0.000001 -0.000007 -0.430811
    11 3.883690 -0.046767 0.431443 0.086645 0.018623 -0.550697
    12 1.719576 -0.000013 0.000009 0.000001 0.005514 -0.366480
    13 1.209185 -0.000010 0.000003 -0.000587 0.003043 -0.409722
    14 3.859859 -0.137949 1.332466 0.280853 -0.061832 -0.219290
    15 1.719433 -0.000006 -0.000003 -0.000004 0.004079 -0.363006
    16 1.099669 -0.000008 0.000002 -0.019435 -0.076803 -0.258756
    17 0.806044 -0.348926 1.321258 -1.213484 -0.653510 -0.810741
    18 1.789782 0.000002 -0.000008 -0.002842 0.007198 0.099886
    19 1.207005 0.000000 0.000000 -0.000958 -0.000241 0.156353
    20 -2.417969 -10.468750 -8.367188 -1.668474 1.286518 2.942954
    21 6.028139 0.000000 -0.000002 1.029585 0.964021 -0.889402
    22 11.692549 0.000000 0.000003 -0.000002 0.000000 -1.381354
    23 11.481695 -0.000080 0.000006 -1.009632 0.138561 1.066172
    24 3.859676 -0.132517 1.193109 0.439257 0.253431 -1.620435
    25 1.312561 0.000002 -0.000001 0.003324 0.000793 -0.127938
    26 0.729367 0.000004 0.000001 -0.000059 -0.000141 -0.820012
    27 3.942295 0.050373 0.431044 0.159534 0.249836 -1.583400
    28 1.539099 0.000011 0.000000 0.019658 0.029539 -0.258035
    29 1.196325 0.000004 -0.000003 -0.002280 -0.000958 -1.148503
    30 3.883663 -0.050280 -0.431043 0.147664 0.076320 -0.963222
    31 1.719580 -0.000008 0.000006 -0.011708 0.077082 -1.103330
    32 1.209188 -0.000013 0.000006 -0.005895 -0.005356 -0.843443
    33 3.859833 -0.148894 -1.331282 -0.267472 0.289818 -0.248988
    34 1.719427 -0.000006 0.000010 -0.089777 0.145532 -1.124723
    35 1.099665 0.000011 0.000004 -0.022372 -0.005734 -0.115956
    36 0.806026 -0.359824 -1.318335 1.243828 0.590272 -0.755518
    37 1.789783 -0.000004 -0.000002 -0.000183 0.000048 0.126756
    38 1.207001 -0.000002 -0.000006 0.000013 0.000095 0.706719
    39 -4.980622 -11.859221 -4.766563 1.744763 -0.218909 -3.188658
    40 -0.000001 1.365388 -0.536964 -1.570798 0.000001 0.000000
    41 -0.000001 -0.513253 -0.829849 1.121305 0.000000 -3.141591
    42 0.000000 -0.854954 0.683403 0.154998 0.000000 -3.141591
    43 -0.456437 0.634190 -1.470296 -1.570797 0.000001 0.000000
    44 0.000008 1.368782 -31.679443 -1.570797 0.000000 0.000000
    45 0.162476 0.431641 -1.771484 -1.592774 0.018724 -0.721931
    46 -0.102380 0.431843 0.420865 -1.560826 -0.000482 0.000595
    47 0.000000 0.306830 -0.617118 -1.570796 0.000000 0.000000
  time 39
    0 0.000000 -0.000006 0.000000 -1.570781 -1.391896 -1.570809
    1 -5.791109 10.274488 3.406454 1.596636 -1.286515 2.942963
    2 6.028140 0.000007 0.000003 1.099500 -1.106465 -2.651383
    3 11.692572 0.000000 -0.000019 -0.000013 0.000025 -1.039774
    4 11.481682 -0.000163 -0.000038 1.802298 0.077020 0.222975
    5 3.859703 -0.142405 -1.191976 -0.468130 0.151539 -0.880191
    6 1.312561 -0.000010 0.000002 0.000001 -0.000002 -0.439725
    7 0.729367 -0.000004 0.000000 0.000002 -0.000003 -0.244304
    8 3.942326 0.046766 -0.431443 -0.151780 0.073202 -0.810985
    9 1.539099 -0.000002 -0.000007 -0.000001 0.000006 -0.247791
    10 1.196324 -0.000004 0.000003 0.000001 -0.000007 -0.430811
    11 3.883690 -0.046767 0.431443 0.086789 0.017952 -0.542881
    12 1.719576 -0.000013 0.000009 0.000001 0.005514 -0.366480
    13 1.209185 -0.000010 0.000003 -0.000707 0.003007 -0.450326
    14 3.859859 -0.137949 1.332466 0.264841 -0.062875 -0.153505
    15 1.719433 -0.000006 -0.000003 -0.000004 0.004079 -0.363006
    16 1.099669 -0.000008 0.000002 -0.023376 -0.093509 -0.261596
    17 0.806044 -0.348926 1.321258 -1.205115 -0.657551 -0.826276
    18 1.789782 0.000002 -0.000008 -0.003550 0.009045 0.136699
    19 1.207005 0.000000 0.000000 -0.001210 -0.000301 0.192217
    20 -2.417969 -10.468750 -8.367188 -1.668474 1.286518 2.942954
    21 6.028139 0.000000 -0.000002 1.009271 0.996460 -0.919187
    22 11.692549 0.000000 0.000003 -0.000002 0.000000 -1.372823
    23 11.481695 -0.000080 0.000006 -1.050345 0.133617 1.172087
    24 3.859676 -0.132517 1.193109 0.439257 0.253431 -1.620435
    25 1.312561 0.000002 -0.000001 0.003324 0.000793 -0.127938
    26 0.729367 0.000004 0.000001 -0.000059 -0.000141 -0.820012
    27 3.942295 0.050373 0.431044 0.159534 0.249836 -1.583400
    28 1.539099 0.000011 0.000000 0.019658 0.029539 -0.258035
    29 1.196325 0.000004 -0.000003 -0.002280 -0.000958 -1.148503
    30 3.883663 -0.050280 -0.431043 0.147664 0.076320 -0.963222
    31 1.719580 -0.000008 0.000006 -0.011708 0.077082 -1.103330
    32 1.209188 -0.000013 0.000006 -0.005895 -0.005356 -0.843443
    33 3.859833 -0.148894 -1.331282 -0.267472 0.289818 -0.248988
    34 1.719427 -0.000006 0.000010 -0.089777 0.145532 -1.124723
    35 1.099665 0.000011 0.000004 -0.022372 -0.005734 -0.115956
    36 0.806026 -0.359824 -1.318335 1.243828 0.590272 -0.755518
    37 1.789783 -0.000004 -0.000002 -0.000183 0.000048 0.126756
    38 1.207001 -0.000002 -0.000006 0.000013 0.000095 0.706719
    39 -5.078281 -11.976412 -4.825158 1.669895 -0.209724 -3.144377
    40 -0.000001 1.365388 -0.536964 -1.570798 0.000001 0.000000
    41 -0.000001 -0.513253 -0.829849 1.121305 0.000000 -3.141591
    42 0.000000 -0.854954 0.683403 0.154998 0.000000 -3.141591
    43 -0.456437 0.634190 -1.470296 -1.570797 0.000001 0.000000
    44 0.000008 1.368782 -31.679443 -1.570797 0.000000 0.000000
    45 0.162476 0.431641 -1.771484 -1.592774 0.018724 -0.721931
    46 -0.102380 0.431843 0.420865 -1.560826 -0.000482 0.000595
    47 0.000000 0.306830 -0.617118 -1.570796 0.000000 0.000000
  time 40
    0 0.000000 -0.000006 0.000000 -1.570781 -1.391896 -1.570809
    1 -5.791109 10.274488 3.406454 1.596636 -1.286515 2.942963
    2 6.028140 0.000007 0.000003 1.076091 -1.122273 -2.664010
    3 11.692572 0.000000 -0.000019 -0.000013 0.000025 -1.064277
    4 11.481682 -0.000163 -0.000038 1.818506 0.066912 0.147576
    5 3.859703 -0.142405 -1.191976 -0.468130 0.151539 -0.880191
    6 1.312561 -0.000010 0.000002 0.000001 -0.000002 -0.439725
    7 0.729367 -0.000004 0.000000 0.000002 -0.000003 -0.244304
    8 3.942326 0.046766 -0.431443 -0.151780 0.073202 -0.810985
    9 1.539099 -0.000002 -0.000007 -0.000001 0.000006 -0.247791
    10 1.196324 -0.000004 0.000003 0.000001 -0.000007 -0.430811
    11 3.883690 -0.046767 0.431443 0.086909 0.017389 -0.536476
    12 1.719576 -0.000013 0.000009 0.000001 0.005514 -0.366480
    13 1.209185 -0.000010 0.000003 -0.000815 0.002983 -0.483683
    14 3.859859 -0.137949 1.332466 0.251670 -0.062935 -0.099516
    15 1.719433 -0.000006 -0.000003 -0.000004 0.004079 -0.363006
    16 1.099669 -0.000008 0.000002 -0.026605 -0.107268 -0.263902
    17 0.806044 -0.348926 1.321258 -1.198157 -0.660809 -0.839124
    18 1.789782 0.000002 -0.000008 -0.004077 0.010581 0.166964
    19 1.207005 0.000000 0.000000 -0.001425 -0.000349 0.221733
    20 -2.417969 -10.468750 -8.367188 -1.668474 1.286518 2.942954
    21 6.028139 0.000000 -0.000002 0.981043 1.029821 -0.955612
    22 11.692549 0.000000 0.000003 -0.000002 0.000000 -1.360568
    23 11.481695 -0.000080 0.000006 -1.091564 0.133310 1.274519
    24 3.859676 -0.132517 1.193109 0.439257 0.253431 -1.620435
    25 1.312561 0.000002 -0.000001 0.003324 0.000793 -0.127938
    26 0.729367 0.000004 0.000001 -0.000059 -0.000141 -0.820012
    27 3.942295 0.050373 0.431044 0.159534 0.249836 -1.583400
    28 1.539099 0.000011 0.000000 0.019658 0.029539 -0.258035
    29 1.196325 0.000004 -0.000003 -0.002280 -0.000958 -1.148503
    30 3.883663 -0.050280 -0.431043 0.147664 0.076320 -0.963222
    31 1.719580 -0.000008 0.000006 -0.011708 0.077082 -1.103330
    32 1.209188 -0.000013 0.000006 -0.005895 -0.005356 -0.843443
    33 3.859833 -0.148894 -1.331282 -0.267472 0.289818 -0.248988
    34 1.719427 -0.000006 0.000010 -0.089777 0.145532 -1.124723
    35 1.099665 0.000011 0.000004 -0.022372 -0.005734 -0.115956
    36 0.806026 -0.359824 -1.318335 1.243828 0.590272 -0.755518
    37 1.789783 -0.000004 -0.000002 -0.000183 0.000048 0.126756
    38 1.207001 -0.000002 -0.000006 0.000013 0.000095 0.706719
    39 -5.109532 -12.038914 -4.868128 1.611030 -0.204966 -3.116081
    40 -0.000001 1.365388 -0.536964 -1.570798 0.000001 0.000000
    41 -0.000001 -0.513253 -0.829849 1.121305 0.000000 -3.141591
    42 0.000000 -0.854954 0.683403 0.154998 0.000000 -3.141591
    43 -0.456437 0.634190 -1.470296 -1.570797 0.000001 0.000000
    44 0.000008 1.368782 -31.679443 -1.570797 0.000000 0.000000
    45 0.162476 0.431641 -1.771484 -1.592774 0.018724 -0.721931
    46 -0.102380 0.431843 0.420865 -1.560826 -0.000482 0.000595
    47 0.000000 0.306830 -0.617118 -1.570796 0.000000 0.000000
  time 41
    0 0.000000 -0.000006 0.000000 -1.570781 -1.391896 -1.570809
    1 -5.791109 10.274488 3.406454 1.596636 -1.286515 2.942963
    2 6.028140 0.000007 0.000003 1.042175 -1.144715 -2.670988
    3 11.692572 0.000000 -0.000019 -0.000025 0.000025 -1.114494
    4 11.481682 -0.000163 -0.000038 1.820897 0.047700 0.094721
    5 3.859703 -0.142405 -1.191976 -0.468130 0.151539 -0.880191
    6 1.312561 -0.000010 0.000002 0.000001 -0.000002 -0.439725
    7 0.729367 -0.000004 0.000000 0.000002 -0.000003 -0.244304
    8 3.942326 0.046766 -0.431443 -0.151780 0.073202 -0.810985
    9 1.539099 -0.000002 -0.000007 -0.000001 0.000006 -0.247791
    10 1.196324 -0.000004 0.000003 0.000001 -0.000007 -0.430811
    11 3.883690 -0.046767 0.431443 0.086981 0.017005 -0.532098
    12 1.719576 -0.000013 0.000009 0.000001 0.005514 -0.366480
    13 1.209185 -0.000010 0.000003 -0.000875 0.002971 -0.506324
    14 3.859859 -0.137949 1.332466 0.242790 -0.062576 -0.063077
    15 1.719433 -0.000006 -0.000003 -0.000004 0.004079 -0.363006
    16 1.099669 -0.000008 0.000002 -0.028769 -0.116604 -0.265420
    17 0.806044 -0.348926 1.321258 -1.193393 -0.662973 -0.847873
    18 1.789782 0.000002 -0.000008 -0.004412 0.011634 0.187494
    19 1.207005 0.000000 0.000000 -0.001581 -0.000373 0.241751
    20 -2.417969 -10.468750 -8.367188 -1.668474 1.286518 2.942954
    21 6.028139 0.000000 -0.000002 0.936547 1.059623 -1.003383
    22 11.692549 0.000000 0.000003 -0.000002 0.000000 -1.345672
    23 11.481695 -0.000080 0.000006 -1.121936 0.151247 1.365418
    24 3.859676 -0.132517 1.193109 0.439257 0.253431 -1.620435
    25 1.312561 0.000002 -0.000001 0.003324 0.000793 -0.127938
    26 0.729367 0.000004 0.000001 -0.000059 -0.000141 -0.820012
    27 3.942295 0.050373 0.431044 0.159534 0.249836 -1.583400
    28 1.539099 0.000011 0.000000 0.019658 0.029539 -0.258035
    29 1.196325 0.000004 -0.000003 -0.002280 -0.000958 -1.148503
    30 3.883663 -0.050280 -0.431043 0.147664 0.076320 -0.963222
    31 1.719580 -0.000008 0.000006 -0.011708 0.077082 -1.103330
    32 1.209188 -0.000013 0.000006 -0.005895 -0.005356 -0.843443
    33 3.859833 -0.148894 -1.331282 -0.267472 0.289818 -0.248988
    34 1.719427 -0.000006 0.000010 -0.089777 0.145532 -1.124723
    35 1.099665 0.000011 0.000004 -0.022372 -0.005734 -0.115956
    36 0.806026 -0.359824 -1.318335 1.243828 0.590272 -0.755518
    37 1.789783 -0.000004 -0.000002 -0.000183 0.000048 0.126756
    38 1.207001 -0.000002 -0.000006 0.000013 0.000095 0.706719
    39 -5.070468 -12.042821 -4.899379 1.578263 -0.203767 -3.106067
    40 -0.000001 1.365388 -0.536964 -1.570798 0.000001 0.000000
    41 -0.000001 -0.513253 -0.829849 1.121305 0.000000 -3.141591
    42 0.000000 -0.854954 0.683403 0.154998 0.000000 -3.141591
    43 -0.456437 0.634190 -1.470296 -1.570797 0.000001 0.000000
    44 0.000008 1.368782 -31.679443 -1.570797 0.000000 0.000000
    45 0.162476 0.431641 -1.771484 -1.592774 0.018724 -0.721931
    46 -0.102380 0.431843 0.420865 -1.560826 -0.000482 0.000595
    47 0.000000 0.306830 -0.617118 -1.570796 0.000000 0.000000
  time 42
    0 0.000000 -0.000006 0.000000 -1.570781 -1.391896 -1.570809
    1 -5.791109 10.274488 3.406454 1.596636 -1.286515 2.942963
    2 6.028140 0.000007 0.000003 1.005219 -1.166898 -2.673813
    3 11.692572 0.000000 -0.000019 -0.000025 0.000037 -1.172262
    4 11.481682 -0.000163 -0.000038 1.816026 0.026123 0.059266
    5 3.859703 -0.142405 -1.191976 -0.468130 0.151539 -0.880191
    6 1.312561 -0.000010 0.000002 0.000001 -0.000002 -0.439725
    7 0.729367 -0.000004 0.000000 0.000002 -0.000003 -0.244304
    8 3.942326 0.046766 -0.431443 -0.151780 0.073202 -0.810985
    9 1.539099 -0.000002 -0.000007 -0.000001 0.000006 -0.247791
    10 1.196324 -0.000004 0.000003 0.000001 -0.000007 -0.430811
    11 3.883690 -0.046767 0.431443 0.087005 0.016873 -0.530506
    12 1.719576 -0.000013 0.000009 0.000001 0.005514 -0.366480
    13 1.209185 -0.000010 0.000003 -0.000899 0.002959 -0.514624
    14 3.859859 -0.137949 1.332466 0.239530 -0.062372 -0.049652
    15 1.719433 -0.000006 -0.000003 -0.000004 0.004079 -0.363006
    16 1.099669 -0.000008 0.000002 -0.029572 -0.120043 -0.265983
    17 0.806044 -0.348926 1.321258 -1.191622 -0.663755 -0.851111
    18 1.789782 0.000002 -0.000008 -0.004520 0.012014 0.195045
    19 1.207005 0.000000 0.000000 -0.001629 -0.000385 0.249098
    20 -2.417969 -10.468750 -8.367188 -1.668474 1.286518 2.942954
    21 6.028139 0.000000 -0.000002 0.883345 1.083534 -1.056570
    22 11.692549 0.000000 0.000003 -0.000002 0.000000 -1.330438
    23 11.481695 -0.000080 0.000006 -1.139726 0.178119 1.441643
    24 3.859676 -0.132517 1.193109 0.439257 0.253431 -1.620435
    25 1.312561 0.000002 -0.000001 0.003324 0.000793 -0.127938
    26 0.729367 0.000004 0.000001 -0.000059 -0.000141 -0.820012
    27 3.942295 0.050373 0.431044 0.159534 0.249836 -1.583400
    28 1.539099 0.000011 0.000000 0.019658 0.029539 -0.258035
    29 1.196325 0.000004 -0.000003 -0.002280 -0.000958 -1.148503
    30 3.883663 -0.050280 -0.431043 0.147664 0.076320 -0.963222
    31 1.719580 -0.000008 0.000006 -0.011708 0.077082 -1.103330
    32 1.209188 -0.000013 0.000006 -0.005895 -0.005356 -0.843443
    33 3.859833 -0.148894 -1.331282 -0.267472 0.289818 -0.248988
    34 1.719427 -0.000006 0.000010 -0.089777 0.145532 -1.124723
    35 1.099665 0.000011 0.000004 -0.022372 -0.005734 -0.115956
    36 0.806026 -0.359824 -1.318335 1.243828 0.590272 -0.755518
    37 1.789783 -0.000004 -0.000002 -0.000183 0.000048 0.126756
    38 1.207001 -0.000002 -0.000006 0.000013 0.000095 0.706719
    39 -4.996247 -12.015476 -4.915005 1.562070 -0.203767 -3.106067
    40 -0.000001 1.365388 -0.536964 -1.570798 0.000001 0.000000
    41 -0.000001 -0.513253 -0.829849 1.121305 0.000000 -3.141591
    42 0.000000 -0.854954 0.683403 0.154998 0.000000 -3.141591
    43 -0.456437 0.634190 -1.470296 -1.570797 0.000001 0.000000
    44 0.000008 1.368782 -31.679443 -1.570797 0.000000 0.000000
    45 0.162476 0.431641 -1.771484 -1.592774 0.018724 -0.721931
    46 -0.102380 0.431843 0.420865 -1.560826 -0.000482 0.000595
    47 0.000000 0.306830 -0.617118 -1.570796 0.000000 0.000000
  time 43
    0 0.000000 -0.000006 0.000000 -1.570781 -1.391896 -1.570809
    1 -5.791109 10.274488 3.406454 1.596636 -1.286515 2.942963
    2 6.028140 0.000007 0.000003 0.974805 -1.183654 -2.670822
    3 11.692572 0.000000 -0.000019 -0.000025 0.000037 -1.219915
    4 11.481682 -0.000163 -0.000038 1.803450 0.005072 0.041413
    5 3.859703 -0.142405 -1.191976 -0.468130 0.151539 -0.880191
    6 1.312561 -0.000010 0.000002 0.000001 -0.000002 -0.439725
    7 0.729367 -0.000004 0.000000 0.000002 -0.000003 -0.244304
    8 3.942326 0.046766 -0.431443 -0.151780 0.073202 -0.810985
    9 1.539099 -0.000002 -0.000007 -0.000001 0.000006 -0.247791
    10 1.196324 -0.000004 0.000003 0.000001 -0.000007 -0.430811
    11 3.883690 -0.046767 0.431443 0.087005 0.016873 -0.530506
    12 1.719576 -0.000013 0.000009 0.000001 0.005514 -0.366480
    13 1.209185 -0.000010 0.000003 -0.000899 0.002959 -0.514624
    14 3.859859 -0.137949 1.332466 0.239530 -0.062372 -0.049652
    15 1.719433 -0.000006 -0.000003 -0.000004 0.004079 -0.363006
    16 1.099669 -0.000008 0.000002 -0.029572 -0.120043 -0.265983
    17 0.806044 -0.348926 1.321258 -1.191622 -0.663755 -0.851111
    18 1.789782 0.000002 -0.000008 -0.004520 0.012014 0.195045
    19 1.207005 0.000000 0.000000 -0.001629 -0.000385 0.249098
    20 -2.417969 -10.468750 -8.367188 -1.668474 1.286518 2.942954
    21 6.028139 0.000000 -0.000002 0.837442 1.102566 -1.103310
    22 11.692549 0.000000 0.000003 -0.000002 0.000000 -1.316422
    23 11.481695 -0.000080 0.000006 -1.153538 0.196330 1.501766
    24 3.859676 -0.132517 1.193109 0.439257 0.253431 -1.620435
    25 1.312561 0.000002 -0.000001 0.003324 0.000793 -0.127938
    26 0.729367 0.000004 0.000001 -0.000059 -0.000141 -0.820012
    27 3.942295 0.050373 0.431044 0.159534 0.249836 -1.583400
    28 1.539099 0.000011 0.000000 0.019658 0.029539 -0.258035
    29 1.196325 0.000004 -0.000003 -0.002280 -0.000958 -1.148503
    30 3.883663 -0.050280 -0.431043 0.147664 0.076320 -0.963222
    31 1.719580 -0.000008 0.000006 -0.011708 0.077082 -1.103330
    32 1.209188 -0.000013 0.000006 -0.005895 -0.005356 -0.843443
    33 3.859833 -0.148894 -1.331282 -0.267472 0.289818 -0.248988
    34 1.719427 -0.000006 0.000010 -0.089777 0.145532 -1.124723
    35 1.099665 0.000011 0.000004 -0.022372 -0.005734 -0.115956
    36 0.806026 -0.359824 -1.318335 1.243828 0.590272 -0.755518
    37 1.789783 -0.000004 -0.000002 -0.000183 0.000048 0.126756
    38 1.207001 -0.000002 -0.000006 0.000013 0.000095 0.706719
    39 -4.945464 -11.999851 -4.926724 1.547116 -0.203767 -3.106067
    40 -0.000001 1.365388 -0.536964 -1.570798 0.000001 0.000000
    41 -0.000001 -0.513253 -0.829849 1.121305 0.000000 -3.141591
    42 0.000000 -0.854954 0.683403 0.154998 0.000000 -3.141591
    43 -0.456437 0.634190 -1.470296 -1.570797 0.000001 0.000000
    44 0.000008 1.368782 -31.679443 -1.570797 0.000000 0.000000
    45 0.162476 0.431641 -1.771484 -1.592774 0.018724 -0.721931
    46 -0.102380 0.431843 0.420865 -1.560826 -0.000482 0.000595
    47 0.000000 0.306830 -0.617118 -1.570796 0.000000 0.000000
  time 44
    0 0.000000 -0.000006 0.000000 -1.570781 -1.391896 -1.570809
    1 -5.791109 10.274488 3.406454 1.596636 -1.286515 2.942963
    2 6.028140 0.000007 0.000003 0.961258 -1.190934 -2.664841
    3 11.692572 0.000000 -0.000019 -0.000025 0.000037 -1.241213
    4 11.481682 -0.000163 -0.000038 1.791582 -0.007306 0.037731
    5 3.859703 -0.142405 -1.191976 -0.468130 0.151539 -0.880191
    6 1.312561 -0.000010 0.000002 0.000001 -0.000002 -0.439725
    7 0.729367 -0.000004 0.000000 0.000002 -0.000003 -0.244304
    8 3.942326 0.046766 -0.431443 -0.151780 0.073202 -0.810985
    9 1.539099 -0.000002 -0.000007 -0.000001 0.000006 -0.247791
    10 1.196324 -0.000004 0.000003 0.000001 -0.000007 -0.430811
    11 3.883690 -0.046767 0.431443 0.087005 0.016873 -0.530506
    12 1.719576 -0.000013 0.000009 0.000001 0.005514 -0.366480
    13 1.209185 -0.000010 0.000003 -0.000899 0.002959 -0.514624
    14 3.859859 -0.137949 1.332466 0.239530 -0.062372 -0.049652
    15 1.719433 -0.000006 -0.000003 -0.000004 0.004079 -0.363006
    16 1.099669 -0.000008 0.000002 -0.029572 -0.120043 -0.265983
    17 0.806044 -0.348926 1.321258 -1.191622 -0.663755 -0.851111
    18 1.789782 0.000002 -0.000008 -0.004520 0.012014 0.195045
    19 1.207005 0.000000 0.000000 -0.001629 -0.000385 0.249098
    20 -2.417969 -10.468750 -8.367188 -1.668474 1.286518 2.942954
    21 6.028139 0.000000 -0.000002 0.805960 1.115093 -1.135931
    22 11.692549 0.000000 0.000003 -0.000002 0.000000 -1.306334
    23 11.481695 -0.000080 0.000006 -1.163011 0.206526 1.541048
    24 3.859676 -0.132517 1.193109 0.439257 0.253431 -1.620435
    25 1.312561 0.000002 -0.000001 0.003324 0.000793 -0.127938
    26 0.729367 0.000004 0.000001 -0.000059 -0.000141 -0.820012
    27 3.942295 0.050373 0.431044 0.159534 0.249836 -1.583400
    28 1.539099 0.000011 0.000000 0.019658 0.029539 -0.258035
    29 1.196325 0.000004 -0.000003 -0.002280 -0.000958 -1.148503
    30 3.883663 -0.050280 -0.431043 0.147664 0.076320 -0.963222
    31 1.719580 -0.000008 0.000006 -0.011708 0.077082 -1.103330
    32 1.209188 -0.000013 0.000006 -0.005895 -0.005356 -0.843443
    33 3.859833 -0.148894 -1.331282 -0.267472 0.289818 -0.248988
    34 1.719427 -0.000006 0.000010 -0.089777 0.145532 -1.124723
    35 1.099665 0.000011 0.000004 -0.022372 -0.005734 -0.115956
    36 0.806026 -0.359824 -1.318335 1.243828 0.590272 -0.755518
    37 1.789783 -0.000004 -0.000002 -0.000183 0.000048 0.126756
    38 1.207001 -0.000002 -0.000006 0.000013 0.000095 0.706719
    39 -4.918120 -11.992038 -4.934537 1.536162 -0.203767 -3.106067
    40 -0.000001 1.365388 -0.536964 -1.570798 0.000001 0.000000
    41 -0.000001 -0.513253 -0.829849 1.121305 0.000000 -3.141591
    42 0.000000 -0.854954 0.683403 0.154998 0.000000 -3.141591
    43 -0.456437 0.634190 -1.470296 -1.570797 0.000001 0.000000
    44 0.000008 1.368782 -31.679443 -1.570797 0.000000 0.000000
    45 0.162476 0.431641 -1.771484 -1.592774 0.018724 -0.721931
    46 -0.102380 0.431843 0.420865 -1.560826 -0.000482 0.000595
    47 0.000000 0.306830 -0.617118 -1.570796 0.000000 0.000000
  time 45
    0 0.000000 -0.000006 0.000000 -1.570781 -1.391896 -1.570809
    1 -5.791109 10.274488 3.406454 1.596636 -1.286515 2.942963
    2 6.028140 0.000007 0.000003 0.961073 -1.191235 -2.662266
    3 11.692572 0.000000 -0.000019 -0.000025 0.000037 -1.242067
    4 11.481682 -0.000163 -0.000038 1.787154 -0.009696 0.038538
    5 3.859703 -0.142405 -1.191976 -0.468130 0.151539 -0.880191
    6 1.312561 -0.000010 0.000002 0.000001 -0.000002 -0.439725
    7 0.729367 -0.000004 0.000000 0.000002 -0.000003 -0.244304
    8 3.942326 0.046766 -0.431443 -0.151780 0.073202 -0.810985
    9 1.539099 -0.000002 -0.000007 -0.000001 0.000006 -0.247791
    10 1.196324 -0.000004 0.000003 0.000001 -0.000007 -0.430811
    11 3.883690 -0.046767 0.431443 0.087005 0.016873 -0.530506
    12 1.719576 -0.000013 0.000009 0.000001 0.005514 -0.366480
    13 1.209185 -0.000010 0.000003 -0.000899 0.002959 -0.514624
    14 3.859859 -0.137949 1.332466 0.239530 -0.062372 -0.049652
    15 1.719433 -0.000006 -0.000003 -0.000004 0.004079 -0.363006
    16 1.099669 -0.000008 0.000002 -0.029572 -0.120043 -0.265983
    17 0.806044 -0.348926 1.321258 -1.191622 -0.663755 -0.851111
    18 1.789782 0.000002 -0.000008 -0.004520 0.012014 0.195045
    19 1.207005 0.000000 0.000000 -0.001629 -0.000385 0.249098
    20 -2.417969 -10.468750 -8.367188 -1.668474 1.286518 2.942954
    21 6.028139 0.000000 -0.000002 0.795232 1.119533 -1.147342
    22 11.692549 0.000000 0.000003 -0.000002 0.000000 -1.302610
    23 11.481695 -0.000080 0.000006 -1.166771 0.209630 1.555037
    24 3.859676 -0.132517 1.193109 0.439257 0.253431 -1.620435
    25 1.312561 0.000002 -0.000001 0.003324 0.000793 -0.127938
    26 0.729367 0.000004 0.000001 -0.000059 -0.000141 -0.820012
    27 3.942295 0.050373 0.431044 0.159534 0.249836 -1.583400
    28 1.539099 0.000011 0.000000 0.019658 0.029539 -0.258035
    29 1.196325 0.000004 -0.000003 -0.002280 -0.000958 -1.148503
    30 3.883663 -0.050280 -0.431043 0.147664 0.076320 -0.963222
    31 1.719580 -0.000008 0.000006 -0.011708 0.077082 -1.103330
    32 1.209188 -0.000013 0.000006 -0.005895 -0.005356 -0.843443
    33 3.859833 -0.148894 -1.331282 -0.267472 0.289806 -0.248988
    34 1.719427 -0.000006 0.000010 -0.089777 0.145532 -1.124723
    35 1.099665 0.000011 0.000004 -0.022372 -0.005734 -0.115956
    36 0.806026 -0.359824 -1.318335 1.243828 0.590272 -0.755518
    37 1.789783 -0.000004 -0.000002 -0.000183 0.000048 0.126756
    38 1.207001 -0.000002 -0.000006 0.000013 0.000095 0.706719
    39 -4.914213 -11.988132 -4.934537 1.531876 -0.203767 -3.106067
    40 -0.000001 1.365388 -0.536964 -1.570798 0.000001 0.000000
    41 -0.000001 -0.513253 -0.829849 1.121305 0.000000 -3.141591
    42 0.000000 -0.854954 0.683403 0.154998 0.000000 -3.141591
    43 -0.456437 0.634190 -1.470296 -1.570797 0.000001 0.000000
    44 0.000008 1.368782 -31.679443 -1.570797 0.000000 0.000000
    45 0.162476 0.431641 -1.771484 -1.592774 0.018724 -0.721931
    46 -0.102380 0.431843 0.420865 -1.560826 -0.000482 0.000595
    47 0.000000 0.306830 -0.617118 -1.570796 0.000000 0.000000
  time 46
    0 0.000000 -0.000006 0.000000 -1.570781 -1.391896 -1.570809
    1 -5.791109 10.274488 3.406454 1.596636 -1.286515 2.942963
    2 6.028140 0.000007 0.000003 0.963377 -1.189771 -2.666419
    3 11.692572 0.000000 -0.000019 -0.000025 0.000037 -1.239004
    4 11.481682 -0.000163 -0.000038 1.790431 -0.007999 0.036974
    5 3.859703 -0.142405 -1.191976 -0.468130 0.151539 -0.880191
    6 1.312561 -0.000010 0.000002 0.000001 -0.000002 -0.439725
    7 0.729367 -0.000004 0.000000 0.000002 -0.000003 -0.244304
    8 3.942326 0.046766 -0.431443 -0.151780 0.073202 -0.810985
    9 1.539099 -0.000002 -0.000007 -0.000001 0.000006 -0.247791
    10 1.196324 -0.000004 0.000003 0.000001 -0.000007 -0.430811
    11 3.883690 -0.046767 0.431443 0.087005 0.016873 -0.530506
    12 1.719576 -0.000013 0.000009 0.000001 0.005514 -0.366480
    13 1.209185 -0.000010 0.000003 -0.000899 0.002959 -0.514624
    14 3.859859 -0.137949 1.332466 0.239530 -0.062372 -0.049652
    15 1.719433 -0.000006 -0.000003 -0.000004 0.004079 -0.363006
    16 1.099669 -0.000008 0.000002 -0.029572 -0.120043 -0.265983
    17 0.806044 -0.348926 1.321258 -1.191622 -0.663755 -0.851111
    18 1.789782 0.000002 -0.000008 -0.004520 0.012014 0.195045
    19 1.207005 0.000000 0.000000 -0.001629 -0.000385 0.249098
    20 -2.417969 -10.468750 -8.367188 -1.668474 1.286518 2.942954
    21 6.028139 0.000000 -0.000002 0.798222 1.118346 -1.144183
    22 11.692549 0.000000 0.000003 -0.000002 0.000000 -1.303422
    23 11.481695 -0.000080 0.000006 -1.166554 0.211573 1.551669
    24 3.859676 -0.132517 1.193109 0.439257 0.253431 -1.620435
    25 1.312561 0.000002 -0.000001 0.003324 0.000793 -0.127938
    26 0.729367 0.000004 0.000001 -0.000059 -0.000141 -0.820012
    27 3.942295 0.050373 0.431044 0.159534 0.249836 -1.583400
    28 1.539099 0.000011 0.000000 0.019658 0.029539 -0.258035
    29 1.196325 0.000004 -0.000003 -0.002280 -0.000958 -1.148503
    30 3.883663 -0.050280 -0.431043 0.147664 0.076320 -0.963222
    31 1.719580 -0.000008 0.000006 -0.011708 0.077082 -1.103330
    32 1.209188 -0.000013 0.000006 -0.005895 -0.005356 -0.843443
    33 3.859833 -0.148894 -1.331282 -0.267472 0.289818 -0.248988
    34 1.719427 -0.000006 0.000010 -0.089777 0.145532 -1.124723
    35 1.099665 0.000011 0.000004 -0.022372 -0.005734 -0.115956
    36 0.806026 -0.359824 -1.318335 1.243828 0.590272 -0.755518
    37 1.789783 -0.000004 -0.000002 -0.000183 0.000048 0.126756
    38 1.207001 -0.000002 -0.000006 0.000013 0.000095 0.706719
    39 -4.933745 -11.995944 -4.930630 1.535114 -0.203767 -3.106067
    40 -0.000001 1.365388 -0.536964 -1.570798 0.000001 0.000000
    41 -0.000001 -0.513253 -0.829849 1.121305 0.000000 -3.141591
    42 0.000000 -0.854954 0.683403 0.154998 0.000000 -3.141591
    43 -0.456437 0.634190 -1.470296 -1.570797 0.000001 0.000000
    44 0.000008 1.368782 -31.679443 -1.570797 0.000000 0.000000
    45 0.162476 0.431641 -1.771484 -1.592774 0.018724 -0.721931
    46 -0.102380 0.431843 0.420865 -1.560826 -0.000482 0.000595
    47 0.000000 0.306830 -0.617118 -1.570796 0.000000 0.000000
  time 47
    0 0.000000 -0.000006 0.000000 -1.570781 -1.391896 -1.570809
    1 -5.791109 10.274488 3.406454 1.596636 -1.286515 2.942963
    2 6.028140 0.000007 0.000003 0.967801 -1.186885 -2.675724
    3 11.692572 0.000000 -0.000019 -0.000025 0.000037 -1.232594
    4 11.481682 -0.000163 -0.000038 1.799199 -0.003340 0.033494
    5 3.859703 -0.142405 -1.191976 -0.468130 0.151539 -0.880191
    6 1.312561 -0.000010 0.000002 0.000001 -0.000002 -0.439725
    7 0.729367 -0.000004 0.000000 0.000002 -0.000003 -0.244304
    8 3.942326 0.046766 -0.431443 -0.151780 0.073202 -0.810985
    9 1.539099 -0.000002 -0.000007 -0.000001 0.000006 -0.247791
    10 1.196324 -0.000004 0.000003 0.000001 -0.000007 -0.430811
    11 3.883690 -0.046767 0.431443 0.087005 0.016873 -0.530506
    12 1.719576 -0.000013 0.000009 0.000001 0.005514 -0.366480
    13 1.209185 -0.000010 0.000003 -0.000899 0.002959 -0.514624
    14 3.859859 -0.137949 1.332466 0.239530 -0.062372 -0.049652
    15 1.719433 -0.000006 -0.000003 -0.000004 0.004079 -0.363006
    16 1.099669 -0.000008 0.000002 -0.029572 -0.120043 -0.265983
    17 0.806044 -0.348926 1.321258 -1.191622 -0.663755 -0.851111
    18 1.789782 0.000002 -0.000008 -0.004520 0.012014 0.195045
    19 1.207005 0.000000 0.000000 -0.001629 -0.000385 0.249098
    20 -2.417969 -10.468750 -8.367188 -1.668474 1.286518 2.942954
    21 6.028139 0.000000 -0.000002 0.804377 1.115269 -1.137349
    22 11.692549 0.000000 0.000003 -0.000002 0.000000 -1.305183
    23 11.481695 -0.000080 0.000006 -1.165469 0.217098 1.542990
    24 3.859676 -0.132517 1.193109 0.439257 0.253431 -1.620435
    25 1.312561 0.000002 -0.000001 0.003324 0.000793 -0.127938
    26 0.729367 0.000004 0.000001 -0.000059 -0.000141 -0.820012
    27 3.942295 0.050373 0.431044 0.159534 0.249836 -1.583400
    28 1.539099 0.000011 0.000000 0.019658 0.029539 -0.258035
    29 1.196325 0.000004 -0.000003 -0.002280 -0.000958 -1.148503
    30 3.883663 -0.050280 -0.431043 0.147664 0.076320 -0.963222
    31 1.719580 -0.000008 0.000006 -0.011708 0.077082 -1.103330
    32 1.209188 -0.000013 0.000006 -0.005895 -0.005356 -0.843443
    33 3.859833 -0.148894 -1.331282 -0.267472 0.289806 -0.248988
    34 1.719427 -0.000006 0.000010 -0.089777 0.145532 -1.124723
    35 1.099665 0.000011 0.000004 -0.022372 -0.005734 -0.115956
    36 0.806026 -0.359824 -1.318335 1.243828 0.590272 -0.755518
    37 1.789783 -0.000004 -0.000002 -0.000183 0.000048 0.126756
    38 1.207001 -0.000002 -0.000006 0.000013 0.000095 0.706719
    39 -4.968902 -12.007663 -4.922818 1.543592 -0.203767 -3.106067
    40 -0.000001 1.365388 -0.536964 -1.570798 0.000001 0.000000
    41 -0.000001 -0.513253 -0.829849 1.121305 0.000000 -3.141591
    42 0.000000 -0.854954 0.683403 0.154998 0.000000 -3.141591
    43 -0.456437 0.634190 -1.470296 -1.570797 0.000001 0.000000
    44 0.000008 1.368782 -31.679443 -1.570797 0.000000 0.000000
    45 0.162476 0.431641 -1.771484 -1.592774 0.018724 -0.721931
    46 -0.102380 0.431843 0.420865 -1.560826 -0.000482 0.000595
    47 0.000000 0.306830 -0.617118 -1.570796 0.000000 0.000000
  time 48
    0 0.000000 -0.000006 0.000000 -1.570781 -1.391896 -1.570809
    1 -5.791109 10.274488 3.406454 1.596636 -1.286515 2.942963
    2 6.028140 0.000007 0.000003 0.974068 -1.182663 -2.689098
    3 11.692572 0.000000 -0.000019 -0.000025 0.000037 -1.223476
    4 11.481682 -0.000163 -0.000038 1.811952 0.003351 0.028552
    5 3.859703 -0.142405 -1.191976 -0.468130 0.151539 -0.880191
    6 1.312561 -0.000010 0.000002 0.000001 -0.000002 -0.439725
    7 0.729367 -0.000004 0.000000 0.000002 -0.000003 -0.244304
    8 3.942326 0.046766 -0.431443 -0.151780 0.073202 -0.810985
    9 1.539099 -0.000002 -0.000007 -0.000001 0.000006 -0.247791
    10 1.196324 -0.000004 0.000003 0.000001 -0.000007 -0.430811
    11 3.883690 -0.046767 0.431443 0.087005 0.016873 -0.530506
    12 1.719576 -0.000013 0.000009 0.000001 0.005514 -0.366480
    13 1.209185 -0.000010 0.000003 -0.000899 0.002959 -0.514624
    14 3.859859 -0.137949 1.332466 0.239530 -0.062372 -0.049652
    15 1.719433 -0.000006 -0.000003 -0.000004 0.004079 -0.363006
    16 1.099669 -0.000008 0.000002 -0.029572 -0.120043 -0.265983
    17 0.806044 -0.348926 1.321258 -1.191622 -0.663755 -0.851111
    18 1.789782 0.000002 -0.000008 -0.004520 0.012014 0.195045
    19 1.207005 0.000000 0.000000 -0.001629 -0.000385 0.249098
    20 -2.417969 -10.468750 -8.367188 -1.668474 1.286518 2.942954
    21 6.028139 0.000000 -0.000002 0.812907 1.110786 -1.127872
    22 11.692549 0.000000 0.000003 -0.000002 0.000000 -1.307552
    23 11.481695 -0.000080 0.000006 -1.163879 0.225078 1.530314
    24 3.859676 -0.132517 1.193109 0.439257 0.253431 -1.620435
    25 1.312561 0.000002 -0.000001 0.003324 0.000793 -0.127938
    26 0.729367 0.000004 0.000001 -0.000059 -0.000141 -0.820012
    27 3.942295 0.050373 0.431044 0.159534 0.249836 -1.583400
    28 1.539099 0.000011 0.000000 0.019658 0.029539 -0.258035
    29 1.196325 0.000004 -0.000003 -0.002280 -0.000958 -1.148503
    30 3.883663 -0.050280 -0.431043 0.147664 0.076320 -0.963222
    31 1.719580 -0.000008 0.000006 -0.011708 0.077082 -1.103330
    32 1.209188 -0.000013 0.000006 -0.005895 -0.005356 -0.843443
    33 3.859833 -0.148894 -1.331282 -0.267472 0.289818 -0.248988
    34 1.719427 -0.000006 0.000010 -0.089777 0.145532 -1.124723
    35 1.099665 0.000011 0.000004 -0.022372 -0.005734 -0.115956
    36 0.806026 -0.359824 -1.318335 1.243828 0.590272 -0.755518
    37 1.789783 -0.000004 -0.000002 -0.000183 0.000048 0.126756
    38 1.207001 -0.000002 -0.000006 0.000013 0.000095 0.706719
    39 -5.019685 -12.023289 -4.911098 1.555879 -0.203767 -3.106067
    40 -0.000001 1.365388 -0.536964 -1.570798 0.000001 0.000000
    41 -0.000001 -0.513253 -0.829849 1.121305 0.000000 -3.141591
    42 0.000000 -0.854954 0.683403 0.154998 0.000000 -3.141591
    43 -0.456437 0.634190 -1.470296 -1.570797 0.000001 0.000000
    44 0.000008 1.368782 -31.679443 -1.570797 0.000000 0.000000
    45 0.162476 0.431641 -1.771484 -1.592774 0.018724 -0.721931
    46 -0.102380 0.431843 0.420865 -1.560826 -0.000482 0.000595
    47 0.000000 0.306830 -0.617118 -1.570796 0.000000 0.000000
  time 49
    0 0.000000 -0.000006 0.000000 -1.570781 -1.391896 -1.570809
    1 -5.791109 10.274488 3.406454 1.596636 -1.286515 2.942963
    2 6.028140 0.000007 0.000003 0.981902 -1.177365 -2.705214
    3 11.692572 0.000000 -0.000019 -0.000025 0.000037 -1.212222
    4 11.481682 -0.000163 -0.000038 1.826919 0.011213 0.022601
    5 3.859703 -0.142405 -1.191976 -0.468130 0.151539 -0.880191
    6 1.312561 -0.000010 0.000002 0.000001 -0.000002 -0.439725
    7 0.729367 -0.000004 0.000000 0.000002 -0.000003 -0.244304
    8 3.942326 0.046766 -0.431443 -0.151780 0.073202 -0.810985
    9 1.539099 -0.000002 -0.000007 -0.000001 0.000006 -0.247791
    10 1.196324 -0.000004 0.000003 0.000001 -0.000007 -0.430811
    11 3.883690 -0.046767 0.431443 0.087005 0.016873 -0.530506
    12 1.719576 -0.000013 0.000009 0.000001 0.005514 -0.366480
    13 1.209185 -0.000010 0.000003 -0.000899 0.002959 -0.514624
    14 3.859859 -0.137949 1.332466 0.239530 -0.062372 -0.049652
    15 1.719433 -0.000006 -0.000003 -0.000004 0.004079 -0.363006
    16 1.099669 -0.000008 0.000002 -0.029572 -0.120043 -0.265983
    17 0.806044 -0.348926 1.321258 -1.191622 -0.663755 -0.851111
    18 1.789782 0.000002 -0.000008 -0.004520 0.012014 0.195045
    19 1.207005 0.000000 0.000000 -0.001629 -0.000385 0.249098
    20 -2.417969 -10.468750 -8.367188 -1.668474 1.286518 2.942954
    21 6.028139 0.000000 -0.000002 0.823020 1.105511 -1.116590
    22 11.692549 0.000000 0.000003 -0.000002 0.000000 -1.310193
    23 11.481695 -0.000080 0.000006 -1.162215 0.234524 1.515069
    24 3.859676 -0.132517 1.193109 0.439257 0.253431 -1.620435
    25 1.312561 0.000002 -0.000001 0.003324 0.000793 -0.127938
    26 0.729367 0.000004 0.000001 -0.000059 -0.000141 -0.820012
    27 3.942295 0.050373 0.431044 0.159534 0.249836 -1.583400
    28 1.539099 0.000011 0.000000 0.019658 0.029539 -0.258035
    29 1.196325 0.000004 -0.000003 -0.002280 -0.000958 -1.148503
    30 3.883663 -0.050280 -0.431043 0.147664 0.076320 -0.963222
    31 1.719580 -0.000008 0.000006 -0.011708 0.077082 -1.103330
    32 1.209188 -0.000013 0.000006 -0.005895 -0.005356 -0.843443
    33 3.859833 -0.148894 -1.331282 -0.267472 0.289818 -0.248988
    34 1.719427 -0.000006 0.000010 -0.089777 0.145532 -1.124723
    35 1.099665 0.000011 0.000004 -0.022372 -0.005734 -0.115956
    36 0.806026 -0.359824 -1.318335 1.243828 0.590272 -0.755518
    37 1.789783 -0.000004 -0.000002 -0.000183 0.000048 0.126756
    38 1.207001 -0.000002 -0.000006 0.000013 0.000095 0.706719
    39 -5.082187 -12.046727 -4.895473 1.570453 -0.203767 -3.106067
    40 -0.000001 1.365388 -0.536964 -1.570798 0.000001 0.000000
    41 -0.000001 -0.513253 -0.829849 1.121305 0.000000 -3.141591
    42 0.000000 -0.854954 0.683403 0.154998 0.000000 -3.141591
    43 -0.456437 0.634190 -1.470296 -1.570797 0.000001 0.000000
    44 0.000008 1.368782 -31.679443 -1.570797 0.000000 0.000000
    45 0.162476 0.431641 -1.771484 -1.592774 0.018724 -0.721931
    46 -0.102380 0.431843 0.420865 -1.560826 -0.000482 0.000595
    47 0.000000 0.306830 -0.617118 -1.570796 0.000000 0.000000
  time 50
    0 0.000000 -0.000006 0.000000 -1.570781 -1.391896 -1.570809
    1 -5.791109 10.274488 3.406454 1.596636 -1.286515 2.942963
    2 6.028140 0.000007 0.000003 0.990749 -1.171162 -2.722826
    3 11.692572 0.000000 -0.000019 -0.000025 0.000037 -1.199329
    4 11.481682 -0.000163 -0.000038 1.842684 0.019385 0.016044
    5 3.859703 -0.142405 -1.191976 -0.468130 0.151539 -0.880191
    6 1.312561 -0.000010 0.000002 0.000001 -0.000002 -0.439725
    7 0.729367 -0.000004 0.000000 0.000002 -0.000003 -0.244304
    8 3.942326 0.046766 -0.431443 -0.151780 0.073202 -0.810985
    9 1.539099 -0.000002 -0.000007 -0.000001 0.000006 -0.247791
    10 1.196324 -0.000004 0.000003 0.000001 -0.000007 -0.430811
    11 3.883690 -0.046767 0.431443 0.087005 0.016873 -0.530506
    12 1.719576 -0.000013 0.000009 0.000001 0.005514 -0.366480
    13 1.209185 -0.000010 0.000003 -0.000899 0.002959 -0.514624
    14 3.859859 -0.137949 1.332466 0.239530 -0.062372 -0.049652
    15 1.719433 -0.000006 -0.000003 -0.000004 0.004079 -0.363006
    16 1.099669 -0.000008 0.000002 -0.029572 -0.120043 -0.265983
    17 0.806044 -0.348926 1.321258 -1.191622 -0.663755 -0.851111
    18 1.789782 0.000002 -0.000008 -0.004520 0.012014 0.195045
    19 1.207005 0.000000 0.000000 -0.001629 -0.000385 0.249098
    20 -2.417969 -10.468750 -8.367188 -1.668474 1.286518 2.942954
    21 6.028139 0.000000 -0.000002 0.834188 1.099973 -1.104406
    22 11.692549 0.000000 0.000003 -0.000002 0.000000 -1.312834
    23 11.481695 -0.000080 0.000006 -1.160841 0.244277 1.498625
    24 3.859676 -0.132517 1.193109 0.439257 0.253431 -1.620435
    25 1.312561 0.000002 -0.000001 0.003324 0.000793 -0.127938
    26 0.729367 0.000004 0.000001 -0.000059 -0.000141 -0.820012
    27 3.942295 0.050373 0.431044 0.159534 0.249836 -1.583400
    28 1.539099 0.000011 0.000000 0.019658 0.029539 -0.258035
    29 1.196325 0.000004 -0.000003 -0.002280 -0.000958 -1.148503
    30 3.883663 -0.050280 -0.431043 0.147664 0.076320 -0.963222
    31 1.719580 -0.000008 0.000006 -0.011708 0.077082 -1.103330
    32 1.209188 -0.000013 0.000006 -0.005895 -0.005356 -0.843443
    33 3.859833 -0.148894 -1.331282 -0.267472 0.289806 -0.248988
    34 1.719427 -0.000006 0.000010 -0.089777 0.145532 -1.124723
    35 1.099665 0.000011 0.000004 -0.022372 -0.005734 -0.115956
    36 0.806026 -0.359824 -1.318335 1.243828 0.590272 -0.755518
    37 1.789783 -0.000004 -0.000002 -0.000183 0.000048 0.126756
    38 1.207001 -0.000002 -0.000006 0.000013 0.000095 0.706719
    39 -5.156408 -12.070165 -4.875941 1.585788 -0.203767 -3.106067
    40 -0.000001 1.365388 -0.536964 -1.570798 0.000001 0.000000
    41 -0.000001 -0.513253 -0.829849 1.121305 0.000000 -3.141591
    42 0.000000 -0.854954 0.683403 0.154998 0.000000 -3.141591
    43 -0.456437 0.634190 -1.470296 -1.570797 0.000001 0.000000
    44 0.000008 1.368782 -31.679443 -1.570797 0.000000 0.000000
    45 0.162476 0.431641 -1.771484 -1.592774 0.018724 -0.721931
    46 -0.102380 0.431843 0.420865 -1.560826 -0.000482 0.000595
    47 0.000000 0.306830 -0.617118 -1.570796 0.000000 0.000000
  time 51
    0 0.000000 -0.000006 0.000000 -1.570781 -1.391896 -1.570809
    1 -5.791109 10.274488 3.406454 1.596636 -1.286515 2.942963
    2 6.028140 0.000007 0.000003 1.000426 -1.164357 -2.740603
    3 11.692572 0.000000 -0.000019 -0.000025 0.000037 -1.185511
    4 11.481682 -0.000163 -0.000038 1.857563 0.027007 0.009236
    5 3.859703 -0.142405 -1.191976 -0.468130 0.151539 -0.880191
    6 1.312561 -0.000010 0.000002 0.000001 -0.000002 -0.439725
    7 0.729367 -0.000004 0.000000 0.000002 -0.000003 -0.244304
    8 3.942326 0.046766 -0.431443 -0.151780 0.073202 -0.810985
    9 1.539099 -0.000002 -0.000007 -0.000001 0.000006 -0.247791
    10 1.196324 -0.000004 0.000003 0.000001 -0.000007 -0.430811
    11 3.883690 -0.046767 0.431443 0.087005 0.016873 -0.530506
    12 1.719576 -0.000013 0.000009 0.000001 0.005514 -0.366480
    13 1.209185 -0.000010 0.000003 -0.000899 0.002959 -0.514624
    14 3.859859 -0.137949 1.332466 0.239530 -0.062372 -0.049652
    15 1.719433 -0.000006 -0.000003 -0.000004 0.004079 -0.363006
    16 1.099669 -0.000008 0.000002 -0.029572 -0.120043 -0.265983
    17 0.806044 -0.348926 1.321258 -1.191622 -0.663755 -0.851111
    18 1.789782 0.000002 -0.000008 -0.004520 0.012014 0.195045
    19 1.207005 0.000000 0.000000 -0.001629 -0.000385 0.249098
    20 -2.417969 -10.468750 -8.367188 -1.668474 1.286518 2.942954
    21 6.028139 0.000000 -0.000002 0.845796 1.094611 -1.092092
    22 11.692549 0.000000 0.000003 -0.000002 0.000000 -1.315203
    23 11.481695 -0.000080 0.000006 -1.160118 0.253314 1.482524
    24 3.859676 -0.132517 1.193109 0.439257 0.253431 -1.620435
    25 1.312561 0.000002 -0.000001 0.003324 0.000793 -0.127938
    26 0.729367 0.000004 0.000001 -0.000059 -0.000141 -0.820012
    27 3.942295 0.050373 0.431044 0.159534 0.249836 -1.583400
    28 1.539099 0.000011 0.000000 0.019658 0.029539 -0.258035
    29 1.196325 0.000004 -0.000003 -0.002280 -0.000958 -1.148503
    30 3.883663 -0.050280 -0.431043 0.147664 0.076320 -0.963222
    31 1.719580 -0.000008 0.000006 -0.011708 0.077082 -1.103330
    32 1.209188 -0.000013 0.000006 -0.005895 -0.005356 -0.843443
    33 3.859833 -0.148894 -1.331282 -0.267472 0.289818 -0.248988
    34 1.719427 -0.000006 0.000010 -0.089777 0.145532 -1.124723
    35 1.099665 0.000011 0.000004 -0.022372 -0.005734 -0.115956
    36 0.806026 -0.359824 -1.318335 1.243828 0.590272 -0.755518
    37 1.789783 -0.000004 -0.000002 -0.000183 0.000048 0.126756
    38 1.207001 -0.000002 -0.000006 0.000013 0.000095 0.706719
    39 -5.234536 -12.097510 -4.856409 1.600362 -0.203767 -3.106067
    40 -0.000001 1.365388 -0.536964 -1.570798 0.000001 0.000000
    41 -0.000001 -0.513253 -0.829849 1.121305 0.000000 -3.141591
    42 0.000000 -0.854954 0.683403 0.154998 0.000000 -3.141591
    43 -0.456437 0.634190 -1.470296 -1.570797 0.000001 0.000000
    44 0.000008 1.368782 -31.679443 -1.570797 0.000000 0.000000
    45 0.162476 0.431641 -1.771484 -1.592774 0.018724 -0.721931
    46 -0.102380 0.431843 0.420865 -1.560826 -0.000482 0.000595
    47 0.000000 0.306830 -0.617118 -1.570796 0.000000 0.000000
  time 52
    0 0.000000 -0.000006 0.000000 -1.570781 -1.391896 -1.570809
    1 -5.791109 10.274488 3.406454 1.596636 -1.286515 2.942963
    2 6.028140 0.000007 0.000003 1.010195 -1.157249 -2.757384
    3 11.692572 0.000000 -0.000019 -0.000025 0.000025 -1.171193
    4 11.481682 -0.000163 -0.000038 1.870050 0.033292 0.002528
    5 3.859703 -0.142405 -1.191976 -0.468130 0.151539 -0.880191
    6 1.312561 -0.000010 0.000002 0.000001 -0.000002 -0.439725
    7 0.729367 -0.000004 0.000000 0.000002 -0.000003 -0.244304
    8 3.942326 0.046766 -0.431443 -0.151780 0.073202 -0.810985
    9 1.539099 -0.000002 -0.000007 -0.000001 0.000006 -0.247791
    10 1.196324 -0.000004 0.000003 0.000001 -0.000007 -0.430811
    11 3.883690 -0.046767 0.431443 0.087005 0.016873 -0.530506
    12 1.719576 -0.000013 0.000009 0.000001 0.005514 -0.366480
    13 1.209185 -0.000010 0.000003 -0.000899 0.002959 -0.514624
    14 3.859859 -0.137949 1.332466 0.239530 -0.062372 -0.049652
    15 1.719433 -0.000006 -0.000003 -0.000004 0.004079 -0.363006
    16 1.099669 -0.000008 0.000002 -0.029572 -0.120043 -0.265983
    17 0.806044 -0.348926 1.321258 -1.191622 -0.663755 -0.851111
    18 1.789782 0.000002 -0.000008 -0.004520 0.012014 0.195045
    19 1.207005 0.000000 0.000000 -0.001629 -0.000385 0.249098
    20 -2.417969 -10.468750 -8.367188 -1.668474 1.286518 2.942954
    21 6.028139 0.000000 -0.000002 0.857491 1.089995 -1.080294
    22 11.692549 0.000000 0.000003 -0.000002 0.000000 -1.317302
    23 11.481695 -0.000080 0.000006 -1.160263 0.260475 1.468250
    24 3.859676 -0.132517 1.193109 0.439257 0.253431 -1.620435
    25 1.312561 0.000002 -0.000001 0.003324 0.000793 -0.127938
    26 0.729367 0.000004 0.000001 -0.000059 -0.000141 -0.820012
    27 3.942295 0.050373 0.431044 0.159534 0.249836 -1.583400
    28 1.539099 0.000011 0.000000 0.019658 0.029539 -0.258035
    29 1.196325 0.000004 -0.000003 -0.002280 -0.000958 -1.148503
    30 3.883663 -0.050280 -0.431043 0.147664 0.076320 -0.963222
    31 1.719580 -0.000008 0.000006 -0.011708 0.077082 -1.103330
    32 1.209188 -0.000013 0.000006 -0.005895 -0.005356 -0.843443
    33 3.859833 -0.148894 -1.331282 -0.267472 0.289806 -0.248988
    34 1.719427 -0.000006 0.000010 -0.089777 0.145532 -1.124723
    35 1.099665 0.000011 0.000004 -0.022372 -0.005734 -0.115956
    36 0.806026 -0.359824 -1.318335 1.243828 0.590272 -0.755518
    37 1.789783 -0.000004 -0.000002 -0.000183 0.000048 0.126756
    38 1.207001 -0.000002 -0.000006 0.000013 0.000095 0.706719
    39 -5.316569 -12.124854 -4.836877 1.612649 -0.203767 -3.106067
    40 -0.000001 1.365388 -0.536964 -1.570798 0.000001 0.000000
    41 -0.000001 -0.513253 -0.829849 1.121305 0.000000 -3.141591
    42 0.000000 -0.854954 0.683403 0.154998 0.000000 -3.141591
    43 -0.456437 0.634190 -1.470296 -1.570797 0.000001 0.000000
    44 0.000008 1.368782 -31.679443 -1.570797 0.000000 0.000000
    45 0.162476 0.431641 -1.771484 -1.592774 0.018724 -0.721931
    46 -0.102380 0.431843 0.420865 -1.560826 -0.000482 0.000595
    47 0.000000 0.306830 -0.617118 -1.570796 0.000000 0.000000
  time 53
    0 0.000000 -0.000006 0.000000 -1.570781 -1.391896 -1.570809
    1 -5.791109 10.274488 3.406454 1.596636 -1.286515 2.942963
    2 6.028140 0.000007 0.000003 1.019964 -1.150013 -2.771922
    3 11.692572 0.000000 -0.000019 -0.000025 0.000025 -1.156947
    4 11.481682 -0.000163 -0.000038 1.878729 0.037402 -0.003978
    5 3.859703 -0.142405 -1.191976 -0.468130 0.151539 -0.880191
    6 1.312561 -0.000010 0.000002 0.000001 -0.000002 -0.439725
    7 0.729367 -0.000004 0.000000 0.000002 -0.000003 -0.244304
    8 3.942326 0.046766 -0.431443 -0.151780 0.073202 -0.810985
    9 1.539099 -0.000002 -0.000007 -0.000001 0.000006 -0.247791
    10 1.196324 -0.000004 0.000003 0.000001 -0.000007 -0.430811
    11 3.883690 -0.046767 0.431443 0.087005 0.016873 -0.530506
    12 1.719576 -0.000013 0.000009 0.000001 0.005514 -0.366480
    13 1.209185 -0.000010 0.000003 -0.000899 0.002959 -0.514624
    14 3.859859 -0.137949 1.332466 0.239530 -0.062372 -0.049652
    15 1.719433 -0.000006 -0.000003 -0.000004 0.004079 -0.363006
    16 1.099669 -0.000008 0.000002 -0.029572 -0.120043 -0.265983
    17 0.806044 -0.348926 1.321258 -1.191622 -0.663755 -0.851111
    18 1.789782 0.000002 -0.000008 -0.004520 0.012014 0.195045
    19 1.207005 0.000000 0.000000 -0.001629 -0.000385 0.249098
    20 -2.417969 -10.468750 -8.367188 -1.668474 1.286518 2.942954
    21 6.028139 0.000000 -0.000002 0.868835 1.086523 -1.069464
    22 11.692549 0.000000 0.000003 -0.000002 0.000000 -1.319198
    23 11.481695 -0.000080 0.000006 -1.161492 0.264704 1.457515
    24 3.859676 -0.132517 1.193109 0.439257 0.253431 -1.620435
    25 1.312561 0.000002 -0.000001 0.003324 0.000793 -0.127938
    26 0.729367 0.000004 0.000001 -0.000059 -0.000141 -0.820012
    27 3.942295 0.050373 0.431044 0.159534 0.249836 -1.583400
    28 1.539099 0.000011 0.000000 0.019658 0.029539 -0.258035
    29 1.196325 0.000004 -0.000003 -0.002280 -0.000958 -1.148503
    30 3.883663 -0.050280 -0.431043 0.147664 0.076320 -0.963222
    31 1.719580 -0.000008 0.000006 -0.011708 0.077082 -1.103330
    32 1.209188 -0.000013 0.000006 -0.005895 -0.005356 -0.843443
    33 3.859833 -0.148894 -1.331282 -0.267472 0.289806 -0.248988
    34 1.719427 -0.000006 0.000010 -0.089777 0.145532 -1.124723
    35 1.099665 0.000011 0.000004 -0.022372 -0.005734 -0.115956
    36 0.806026 -0.359824 -1.318335 1.243828 0.590272 -0.755518
    37 1.789783 -0.000004 -0.000002 -0.000183 0.000048 0.126756
    38 1.207001 -0.000002 -0.000006 0.000013 0.000095 0.706719
    39 -5.398603 -12.152199 -4.817346 1.621126 -0.203767 -3.106067
    40 -0.000001 1.365388 -0.536964 -1.570798 0.000001 0.000000
    41 -0.000001 -0.513253 -0.829849 1.121305 0.000000 -3.141591
    42 0.000000 -0.854954 0.683403 0.154998 0.000000 -3.141591
    43 -0.456437 0.634190 -1.470296 -1.570797 0.000001 0.000000
    44 0.000008 1.368782 -31.679443 -1.570797 0.000000 0.000000
    45 0.162476 0.431641 -1.771484 -1.592774 0.018724 -0.721931
    46 -0.102380 0.431843 0.420865 -1.560826 -0.000482 0.000595
    47 0.000000 0.306830 -0.617118 -1.570796 0.000000 0.000000
  time 54
    0 0.000000 -0.000006 0.000000 -1.570781 -1.391896 -1.570809
    1 -5.791109 10.274488 3.406454 1.596636 -1.286515 2.942963
    2 6.028140 0.000007 0.000003 1.028904 -1.143293 -2.782804
    3 11.692572 0.000000 -0.000019 -0.000025 0.000025 -1.143698
    4 11.481682 -0.000163 -0.000038 1.881918 0.038549 -0.009627
    5 3.859703 -0.142405 -1.191976 -0.468130 0.151539 -0.880191
    6 1.312561 -0.000010 0.000002 0.000001 -0.000002 -0.439725
    7 0.729367 -0.000004 0.000000 0.000002 -0.000003 -0.244304
    8 3.942326 0.046766 -0.431443 -0.151780 0.073202 -0.810985
    9 1.539099 -0.000002 -0.000007 -0.000001 0.000006 -0.247791
    10 1.196324 -0.000004 0.000003 0.000001 -0.000007 -0.430811
    11 3.883690 -0.046767 0.431443 0.087005 0.016873 -0.530506
    12 1.719576 -0.000013 0.000009 0.000001 0.005514 -0.366480
    13 1.209185 -0.000010 0.000003 -0.000899 0.002959 -0.514624
    14 3.859859 -0.137949 1.332466 0.239530 -0.062372 -0.049652
    15 1.719433 -0.000006 -0.000003 -0.000004 0.004079 -0.363006
    16 1.099669 -0.000008 0.000002 -0.029572 -0.120043 -0.265983
    17 0.806044 -0.348926 1.321258 -1.191622 -0.663755 -0.851111
    18 1.789782 0.000002 -0.000008 -0.004520 0.012014 0.195045
    19 1.207005 0.000000 0.000000 -0.001629 -0.000385 0.249098
    20 -2.417969 -10.468750 -8.367188 -1.668474 1.286518 2.942954
    21 6.028139 0.000000 -0.000002 0.879652 1.084765 -1.060116
    22 11.692549 0.000000 0.000003 -0.000002 0.000000 -1.320755
    23 11.481695 -0.000080 0.000006 -1.164095 0.264909 1.451863
    24 3.859676 -0.132517 1.193109 0.439257 0.253431 -1.620435
    25 1.312561 0.000002 -0.000001 0.003324 0.000793 -0.127938
    26 0.729367 0.000004 0.000001 -0.000059 -0.000141 -0.820012
    27 3.942295 0.050373 0.431044 0.159534 0.249836 -1.583400
    28 1.539099 0.000011 0.000000 0.019658 0.029539 -0.258035
    29 1.196325 0.000004 -0.000003 -0.002280 -0.000958 -1.148503
    30 3.883663 -0.050280 -0.431043 0.147664 0.076320 -0.963222
    31 1.719580 -0.000008 0.000006 -0.011708 0.077082 -1.103330
    32 1.209188 -0.000013 0.000006 -0.005895 -0.005356 -0.843443
    33 3.859833 -0.148894 -1.331282 -0.267472 0.289806 -0.248988
    34 1.719427 -0.000006 0.000010 -0.089777 0.145532 -1.124723
    35 1.099665 0.000011 0.000004 -0.022372 -0.005734 -0.115956
    36 0.806026 -0.359824 -1.318335 1.243828 0.590272 -0.755518
    37 1.789783 -0.000004 -0.000002 -0.000183 0.000048 0.126756
    38 1.207001 -0.000002 -0.000006 0.000013 0.000095 0.706719
    39 -5.476730 -12.175637 -4.797814 1.624365 -0.203767 -3.106067
    40 -0.000001 1.365388 -0.536964 -1.570798 0.000001 0.000000
    41 -0.000001 -0.513253 -0.829849 1.121305 0.000000 -3.141591
    42 0.000000 -0.854954 0.683403 0.154998 0.000000 -3.141591
    43 -0.456437 0.634190 -1.470296 -1.570797 0.000001 0.000000
    44 0.000008 1.368782 -31.679443 -1.570797 0.000000 0.000000
    45 0.162476 0.431641 -1.771484 -1.592774 0.018724 -0.721931
    46 -0.102380 0.431843 0.420865 -1.560826 -0.000482 0.000595
    47 0.000000 0.306830 -0.617118 -1.570796 0.000000 0.000000
  time 55
    0 0.000000 -0.000006 0.000000 -1.570781 -1.391896 -1.570809
    1 -5.791109 10.274488 3.406454 1.596636 -1.286515 2.942963
    2 6.028140 0.000007 0.000003 1.037014 -1.137134 -2.790613
    3 11.692572 0.000000 -0.000019 -0.000025 0.000025 -1.131589
    4 11.481682 -0.000163 -0.000038 1.880678 0.037378 -0.014569
    5 3.859703 -0.142405 -1.191976 -0.468130 0.151539 -0.880191
    6 1.312561 -0.000010 0.000002 0.000001 -0.000002 -0.439725
    7 0.729367 -0.000004 0.000000 0.000002 -0.000003 -0.244304
    8 3.942326 0.046766 -0.431443 -0.151780 0.073202 -0.810985
    9 1.539099 -0.000002 -0.000007 -0.000001 0.000006 -0.247791
    10 1.196324 -0.000004 0.000003 0.000001 -0.000007 -0.430811
    11 3.883690 -0.046767 0.431443 0.087005 0.016873 -0.530506
    12 1.719576 -0.000013 0.000009 0.000001 0.005514 -0.366480
    13 1.209185 -0.000010 0.000003 -0.000899 0.002959 -0.514624
    14 3.859859 -0.137949 1.332466 0.239530 -0.062372 -0.049652
    15 1.719433 -0.000006 -0.000003 -0.000004 0.004079 -0.363006
    16 1.099669 -0.000008 0.000002 -0.029572 -0.120043 -0.265983
    17 0.806044 -0.348926 1.321258 -1.191622 -0.663755 -0.851111
    18 1.789782 0.000002 -0.000008 -0.004520 0.012014 0.195045
    19 1.207005 0.000000 0.000000 -0.001629 -0.000385 0.249098
    20 -2.417969 -10.468750 -8.367188 -1.668474 1.286518 2.942954
    21 6.028139 0.000000 -0.000002 0.889676 1.084369 -1.052186
    22 11.692549 0.000000 0.000003 -0.000002 0.000000 -1.322110
    23 11.481695 -0.000080 0.000006 -1.167639 0.261942 1.450550
    24 3.859676 -0.132517 1.193109 0.439257 0.253431 -1.620435
    25 1.312561 0.000002 -0.000001 0.003324 0.000793 -0.127938
    26 0.729367 0.000004 0.000001 -0.000059 -0.000141 -0.820012
    27 3.942295 0.050373 0.431044 0.159534 0.249836 -1.583400
    28 1.539099 0.000011 0.000000 0.019658 0.029539 -0.258035
    29 1.196325 0.000004 -0.000003 -0.002280 -0.000958 -1.148503
    30 3.883663 -0.050280 -0.431043 0.147664 0.076320 -0.963222
    31 1.719580 -0.000008 0.000006 -0.011708 0.077082 -1.103330
    32 1.209188 -0.000013 0.000006 -0.005895 -0.005356 -0.843443
    33 3.859833 -0.148894 -1.331282 -0.267472 0.289818 -0.248988
    34 1.719427 -0.000006 0.000010 -0.089777 0.145532 -1.124723
    35 1.099665 0.000011 0.000004 -0.022372 -0.005734 -0.115956
    36 0.806026 -0.359824 -1.318335 1.243828 0.590272 -0.755518
    37 1.789783 -0.000004 -0.000002 -0.000183 0.000048 0.126756
    38 1.207001 -0.000002 -0.000006 0.000013 0.000095 0.706719
    39 -5.550951 -12.202982 -4.782188 1.623127 -0.203767 -3.106067
    40 -0.000001 1.365388 -0.536964 -1.570798 0.000001 0.000000
    41 -0.000001 -0.513253 -0.829849 1.121305 0.000000 -3.141591
    42 0.000000 -0.854954 0.683403 0.154998 0.000000 -3.141591
    43 -0.456437 0.634190 -1.470296 -1.570797 0.000001 0.000000
    44 0.000008 1.368782 -31.679443 -1.570797 0.000000 0.000000
    45 0.162476 0.431641 -1.771484 -1.592774 0.018724 -0.721931
    46 -0.102380 0.431843 0.420865 -1.560826 -0.000482 0.000595
    47 0.000000 0.306830 -0.617118 -1.570796 0.000000 0.000000
  time 56
    0 0.000000 -0.000006 0.000000 -1.570781 -1.391896 -1.570809
    1 -5.791109 10.274488 3.406454 1.596636 -1.286515 2.942963
    2 6.028140 0.000007 0.000003 1.044019 -1.131706 -2.796262
    3 11.692572 0.000000 -0.000019 -0.000025 0.000025 -1.120976
    4 11.481682 -0.000163 -0.000038 1.877667 0.035323 -0.018806
    5 3.859703 -0.142405 -1.191976 -0.468130 0.151539 -0.880191
    6 1.312561 -0.000010 0.000002 0.000001 -0.000002 -0.439725
    7 0.729367 -0.000004 0.000000 0.000002 -0.000003 -0.244304
    8 3.942326 0.046766 -0.431443 -0.151780 0.073202 -0.810985
    9 1.539099 -0.000002 -0.000007 -0.000001 0.000006 -0.247791
    10 1.196324 -0.000004 0.000003 0.000001 -0.000007 -0.430811
    11 3.883690 -0.046767 0.431443 0.087005 0.016873 -0.530506
    12 1.719576 -0.000013 0.000009 0.000001 0.005514 -0.366480
    13 1.209185 -0.000010 0.000003 -0.000899 0.002959 -0.514624
    14 3.859859 -0.137949 1.332466 0.239530 -0.062372 -0.049652
    15 1.719433 -0.000006 -0.000003 -0.000004 0.004079 -0.363006
    16 1.099669 -0.000008 0.000002 -0.029572 -0.120043 -0.265983
    17 0.806044 -0.348926 1.321258 -1.191622 -0.663755 -0.851111
    18 1.789782 0.000002 -0.000008 -0.004520 0.012014 0.195045
    19 1.207005 0.000000 0.000000 -0.001629 -0.000385 0.249098
    20 -2.417969 -10.468750 -8.367188 -1.668474 1.286518 2.942954
    21 6.028139 0.000000 -0.000002 0.898470 1.084589 -1.045546
    22 11.692549 0.000000 0.000003 -0.000002 0.000000 -1.323261
    23 11.481695 -0.000080 0.000006 -1.171327 0.257918 1.451235
    24 3.859676 -0.132517 1.193109 0.439257 0.253431 -1.620435
    25 1.312561 0.000002 -0.000001 0.003324 0.000793 -0.127938
    26 0.729367 0.000004 0.000001 -0.000059 -0.000141 -0.820012
    27 3.942295 0.050373 0.431044 0.159534 0.249836 -1.583400
    28 1.539099 0.000011 0.000000 0.019658 0.029539 -0.258035
    29 1.196325 0.000004 -0.000003 -0.002280 -0.000958 -1.148503
    30 3.883663 -0.050280 -0.431043 0.147664 0.076320 -0.963222
    31 1.719580 -0.000008 0.000006 -0.011708 0.077082 -1.103330
    32 1.209188 -0.000013 0.000006 -0.005895 -0.005356 -0.843443
    33 3.859833 -0.148894 -1.331282 -0.267472 0.289806 -0.248988
    34 1.719427 -0.000006 0.000010 -0.089777 0.145532 -1.124723
    35 1.099665 0.000011 0.000004 -0.022372 -0.005734 -0.115956
    36 0.806026 -0.359824 -1.318335 1.243828 0.590272 -0.755518
    37 1.789783 -0.000004 -0.000002 -0.000183 0.000048 0.126756
    38 1.207001 -0.000002 -0.000006 0.000013 0.000095 0.706719
    39 -5.613453 -12.222514 -4.766563 1.620174 -0.203767 -3.106067
    40 -0.000001 1.365388 -0.536964 -1.570798 0.000001 0.000000
    41 -0.000001 -0.513253 -0.829849 1.121305 0.000000 -3.141591
    42 0.000000 -0.854954 0.683403 0.154998 0.000000 -3.141591
    43 -0.456437 0.634190 -1.470296 -1.570797 0.000001 0.000000
    44 0.000008 1.368782 -31.679443 -1.570797 0.000000 0.000000
    45 0.162476 0.431641 -1.771484 -1.592774 0.018724 -0.721931
    46 -0.102380 0.431843 0.420865 -1.560826 -0.000482 0.000595
    47 0.000000 0.306830 -0.617118 -1.570796 0.000000 0.000000
  time 57
    0 0.000000 -0.000006 0.000000 -1.570781 -1.391896 -1.570809
    1 -5.791109 10.274488 3.406454 1.596636 -1.286515 2.942963
    2 6.028140 0.000007 0.000003 1.049640 -1.127226 -2.800166
    3 11.692572 0.000000 -0.000019 -0.000025 0.000025 -1.112286
    4 11.481682 -0.000163 -0.000038 1.873681 0.032885 -0.022185
    5 3.859703 -0.142405 -1.191976 -0.468130 0.151539 -0.880191
    6 1.312561 -0.000010 0.000002 0.000001 -0.000002 -0.439725
    7 0.729367 -0.000004 0.000000 0.000002 -0.000003 -0.244304
    8 3.942326 0.046766 -0.431443 -0.151780 0.073202 -0.810985
    9 1.539099 -0.000002 -0.000007 -0.000001 0.000006 -0.247791
    10 1.196324 -0.000004 0.000003 0.000001 -0.000007 -0.430811
    11 3.883690 -0.046767 0.431443 0.087005 0.016873 -0.530506
    12 1.719576 -0.000013 0.000009 0.000001 0.005514 -0.366480
    13 1.209185 -0.000010 0.000003 -0.000899 0.002959 -0.514624
    14 3.859859 -0.137949 1.332466 0.239530 -0.062372 -0.049652
    15 1.719433 -0.000006 -0.000003 -0.000004 0.004079 -0.363006
    16 1.099669 -0.000008 0.000002 -0.029572 -0.120043 -0.265983
    17 0.806044 -0.348926 1.321258 -1.191622 -0.663755 -0.851111
    18 1.789782 0.000002 -0.000008 -0.004520 0.012014 0.195045
    19 1.207005 0.000000 0.000000 -0.001629 -0.000385 0.249098
    20 -2.417969 -10.468750 -8.367188 -1.668474 1.286518 2.942954
    21 6.028139 0.000000 -0.000002 0.905769 1.085204 -1.040324
    22 11.692549 0.000000 0.000003 -0.000002 0.000000 -1.324141
    23 11.481695 -0.000080 0.000006 -1.174726 0.253519 1.453119
    24 3.859676 -0.132517 1.193109 0.439257 0.253431 -1.620435
    25 1.312561 0.000002 -0.000001 0.003324 0.000793 -0.127938
    26 0.729367 0.000004 0.000001 -0.000059 -0.000141 -0.820012
    27 3.942295 0.050373 0.431044 0.159534 0.249836 -1.583400
    28 1.539099 0.000011 0.000000 0.019658 0.029539 -0.258035
    29 1.196325 0.000004 -0.000003 -0.002280 -0.000958 -1.148503
    30 3.883663 -0.050280 -0.431043 0.147664 0.076320 -0.963222
    31 1.719580 -0.000008 0.000006 -0.011708 0.077082 -1.103330
    32 1.209188 -0.000013 0.000006 -0.005895 -0.005356 -0.843443
    33 3.859833 -0.148894 -1.331282 -0.267472 0.289818 -0.248988
    34 1.719427 -0.000006 0.000010 -0.089777 0.145532 -1.124723
    35 1.099665 0.000011 0.000004 -0.022372 -0.005734 -0.115956
    36 0.806026 -0.359824 -1.318335 1.243828 0.590272 -0.755518
    37 1.789783 -0.000004 -0.000002 -0.000183 0.000048 0.126756
    38 1.207001 -0.000002 -0.000006 0.000013 0.000095 0.706719
    39 -5.668143 -12.242046 -4.750937 1.616364 -0.203767 -3.106067
    40 -0.000001 1.365388 -0.536964 -1.570798 0.000001 0.000000
    41 -0.000001 -0.513253 -0.829849 1.121305 0.000000 -3.141591
    42 0.000000 -0.854954 0.683403 0.154998 0.000000 -3.141591
    43 -0.456437 0.634190 -1.470296 -1.570797 0.000001 0.000000
    44 0.000008 1.368782 -31.679443 -1.570797 0.000000 0.000000
    45 0.162476 0.431641 -1.771484 -1.592774 0.018724 -0.721931
    46 -0.102380 0.431843 0.420865 -1.560826 -0.000482 0.000595
    47 0.000000 0.306830 -0.617118 -1.570796 0.000000 0.000000
  time 58
    0 0.000000 -0.000006 0.000000 -1.570781 -1.391896 -1.570809
    1 -5.791109 10.274488 3.406454 1.596636 -1.286515 2.942963
    2 6.028140 0.000007 0.000003 1.053788 -1.123910 -2.802493
    3 11.692572 0.000000 -0.000019 -0.000025 0.000025 -1.105875
    4 11.481682 -0.000163 -0.000038 1.869784 0.030544 -0.024606
    5 3.859703 -0.142405 -1.191976 -0.468130 0.151539 -0.880191
    6 1.312561 -0.000010 0.000002 0.000001 -0.000002 -0.439725
    7 0.729367 -0.000004 0.000000 0.000002 -0.000003 -0.244304
    8 3.942326 0.046766 -0.431443 -0.151780 0.073202 -0.810985
    9 1.539099 -0.000002 -0.000007 -0.000001 0.000006 -0.247791
    10 1.196324 -0.000004 0.000003 0.000001 -0.000007 -0.430811
    11 3.883690 -0.046767 0.431443 0.087005 0.016873 -0.530506
    12 1.719576 -0.000013 0.000009 0.000001 0.005514 -0.366480
    13 1.209185 -0.000010 0.000003 -0.000899 0.002959 -0.514624
    14 3.859859 -0.137949 1.332466 0.239530 -0.062372 -0.049652
    15 1.719433 -0.000006 -0.000003 -0.000004 0.004079 -0.363006
    16 1.099669 -0.000008 0.000002 -0.029572 -0.120043 -0.265983
    17 0.806044 -0.348926 1.321258 -1.191622 -0.663755 -0.851111
    18 1.789782 0.000002 -0.000008 -0.004520 0.012014 0.195045
    19 1.207005 0.000000 0.000000 -0.001629 -0.000385 0.249098
    20 -2.417969 -10.468750 -8.367188 -1.668474 1.286518 2.942954
    21 6.028139 0.000000 -0.000002 0.911221 1.085995 -1.036585
    22 11.692549 0.000000 0.000003 -0.000002 0.000000 -1.324750
    23 11.481695 -0.000080 0.000006 -1.177546 0.249529 1.455460
    24 3.859676 -0.132517 1.193109 0.439257 0.253431 -1.620435
    25 1.312561 0.000002 -0.000001 0.003324 0.000793 -0.127938
    26 0.729367 0.000004 0.000001 -0.000059 -0.000141 -0.820012
    27 3.942295 0.050373 0.431044 0.159534 0.249836 -1.583400
    28 1.539099 0.000011 0.000000 0.019658 0.029539 -0.258035
    29 1.196325 0.000004 -0.000003 -0.002280 -0.000958 -1.148503
    30 3.883663 -0.050280 -0.431043 0.147664 0.076320 -0.963222
    31 1.719580 -0.000008 0.000006 -0.011708 0.077082 -1.103330
    32 1.209188 -0.000013 0.000006 -0.005895 -0.005356 -0.843443
    33 3.859833 -0.148894 -1.331282 -0.267472 0.289818 -0.248988
    34 1.719427 -0.000006 0.000010 -0.089777 0.145532 -1.124723
    35 1.099665 0.000011 0.000004 -0.022372 -0.005734 -0.115956
    36 0.806026 -0.359824 -1.318335 1.243828 0.590272 -0.755518
    37 1.789783 -0.000004 -0.000002 -0.000183 0.000048 0.126756
    38 1.207001 -0.000002 -0.000006 0.000013 0.000095 0.706719
    39 -5.707206 -12.253765 -4.743125 1.612554 -0.203767 -3.106067
    40 -0.000001 1.365388 -0.536964 -1.570798 0.000001 0.000000
    41 -0.000001 -0.513253 -0.829849 1.121305 0.000000 -3.141591
    42 0.000000 -0.854954 0.683403 0.154998 0.000000 -3.141591
    43 -0.456437 0.634190 -1.470296 -1.570797 0.000001 0.000000
    44 0.000008 1.368782 -31.679443 -1.570797 0.000000 0.000000
    45 0.162476 0.431641 -1.771484 -1.592774 0.018724 -0.721931
    46 -0.102380 0.431843 0.420865 -1.560826 -0.000482 0.000595
    47 0.000000 0.306830 -0.617118 -1.570796 0.000000 0.000000
  time 59
    0 0.000000 -0.000006 0.000000 -1.570781 -1.391896 -1.570809
    1 -5.791109 10.274488 3.406454 1.596636 -1.286515 2.942963
    2 6.028140 0.000007 0.000003 1.056737 -1.121584 -2.803988
    3 11.692572 0.000000 -0.000019 -0.000025 0.000025 -1.101316
    4 11.481682 -0.000163 -0.000038 1.866773 0.028775 -0.026270
    5 3.859703 -0.142405 -1.191976 -0.468130 0.151539 -0.880191
    6 1.312561 -0.000010 0.000002 0.000001 -0.000002 -0.439725
    7 0.729367 -0.000004 0.000000 0.000002 -0.000003 -0.244304
    8 3.942326 0.046766 -0.431443 -0.151780 0.073202 -0.810985
    9 1.539099 -0.000002 -0.000007 -0.000001 0.000006 -0.247791
    10 1.196324 -0.000004 0.000003 0.000001 -0.000007 -0.430811
    11 3.883690 -0.046767 0.431443 0.087005 0.016873 -0.530506
    12 1.719576 -0.000013 0.000009 0.000001 0.005514 -0.366480
    13 1.209185 -0.000010 0.000003 -0.000899 0.002959 -0.514624
    14 3.859859 -0.137949 1.332466 0.239530 -0.062372 -0.049652
    15 1.719433 -0.000006 -0.000003 -0.000004 0.004079 -0.363006
    16 1.099669 -0.000008 0.000002 -0.029572 -0.120043 -0.265983
    17 0.806044 -0.348926 1.321258 -1.191622 -0.663755 -0.851111
    18 1.789782 0.000002 -0.000008 -0.004520 0.012014 0.195045
    19 1.207005 0.000000 0.000000 -0.001629 -0.000385 0.249098
    20 -2.417969 -10.468750 -8.367188 -1.668474 1.286518 2.942954
    21 6.028139 0.000000 -0.000002 0.915002 1.086611 -1.034006
    22 11.692549 0.000000 0.000003 -0.000002 0.000000 -1.325156
    23 11.481695 -0.000080 0.000006 -1.179643 0.246528 1.457344
    24 3.859676 -0.132517 1.193109 0.439257 0.253431 -1.620435
    25 1.312561 0.000002 -0.000001 0.003324 0.000793 -0.127938
    26 0.729367 0.000004 0.000001 -0.000059 -0.000141 -0.820012
    27 3.942295 0.050373 0.431044 0.159534 0.249836 -1.583400
    28 1.539099 0.000011 0.000000 0.019658 0.029539 -0.258035
    29 1.196325 0.000004 -0.000003 -0.002280 -0.000958 -1.148503
    30 3.883663 -0.050280 -0.431043 0.147664 0.076320 -0.963222
    31 1.719580 -0.000008 0.000006 -0.011708 0.077082 -1.103330
    32 1.209188 -0.000013 0.000006 -0.005895 -0.005356 -0.843443
    33 3.859833 -0.148894 -1.331282 -0.267472 0.289818 -0.248988
    34 1.719427 -0.000006 0.000010 -0.089777 0.145532 -1.124723
    35 1.099665 0.000011 0.000004 -0.022372 -0.005734 -0.115956
    36 0.806026 -0.359824 -1.318335 1.243828 0.590272 -0.755518
    37 1.789783 -0.000004 -0.000002 -0.000183 0.000048 0.126756
    38 1.207001 -0.000002 -0.000006 0.000013 0.000095 0.706719
    39 -5.738457 -12.265484 -4.735312 1.609601 -0.203767 -3.106067
    40 -0.000001 1.365388 -0.536964 -1.570798 0.000001 0.000000
    41 -0.000001 -0.513253 -0.829849 1.121305 0.000000 -3.141591
    42 0.000000 -0.854954 0.683403 0.154998 0.000000 -3.141591
    43 -0.456437 0.634190 -1.470296 -1.570797 0.000001 0.000000
    44 0.000008 1.368782 -31.679443 -1.570797 0.000000 0.000000
    45 0.162476 0.431641 -1.771484 -1.592774 0.018724 -0.721931
    46 -0.102380 0.431843 0.420865 -1.560826 -0.000482 0.000595
    47 0.000000 0.306830 -0.617118 -1.570796 0.000000 0.000000
  time 60
    0 0.000000 -0.000006 0.000000 -1.570781 -1.391896 -1.570809
    1 -5.791109 10.274488 3.406454 1.596636 -1.286515 2.942963
    2 6.028140 0.000007 0.000003 1.058580 -1.120033 -2.805317
    3 11.692572 0.000000 -0.000019 -0.000025 0.000025 -1.098325
    4 11.481682 -0.000163 -0.000038 1.865622 0.028035 -0.027430
    5 3.859703 -0.142405 -1.191976 -0.468130 0.151539 -0.880191
    6 1.312561 -0.000010 0.000002 0.000001 -0.000002 -0.439725
    7 0.729367 -0.000004 0.000000 0.000002 -0.000003 -0.244304
    8 3.942326 0.046766 -0.431443 -0.151780 0.073202 -0.810985
    9 1.539099 -0.000002 -0.000007 -0.000001 0.000006 -0.247791
    10 1.196324 -0.000004 0.000003 0.000001 -0.000007 -0.430811
    11 3.883690 -0.046767 0.431443 0.087005 0.016873 -0.530506
    12 1.719576 -0.000013 0.000009 0.000001 0.005514 -0.366480
    13 1.209185 -0.000010 0.000003 -0.000899 0.002959 -0.514624
    14 3.859859 -0.137949 1.332466 0.239530 -0.062372 -0.049652
    15 1.719433 -0.000006 -0.000003 -0.000004 0.004079 -0.363006
    16 1.099669 -0.000008 0.000002 -0.029572 -0.120043 -0.265983
    17 0.806044 -0.348926 1.321258 -1.191622 -0.663755 -0.851111
    18 1.789782 0.000002 -0.000008 -0.004520 0.012014 0.195045
    19 1.207005 0.000000 0.000000 -0.001629 -0.000385 0.249098
    20 -2.417969 -10.468750 -8.367188 -1.668474 1.286518 2.942954
    21 6.028139 0.000000 -0.000002 0.917553 1.086787 -1.032265
    22 11.692549 0.000000 0.000003 -0.000002 0.000000 -1.325427
    23 11.481695 -0.000080 0.000006 -1.180728 0.245130 1.457858
    24 3.859676 -0.132517 1.193109 0.439257 0.253431 -1.620435
    25 1.312561 0.000002 -0.000001 0.003324 0.000793 -0.127938
    26 0.729367 0.000004 0.000001 -0.000059 -0.000141 -0.820012
    27 3.942295 0.050373 0.431044 0.159534 0.249836 -1.583400
    28 1.539099 0.000011 0.000000 0.019658 0.029539 -0.258035
    29 1.196325 0.000004 -0.000003 -0.002280 -0.000958 -1.148503
    30 3.883663 -0.050280 -0.431043 0.147664 0.076320 -0.963222
    31 1.719580 -0.000008 0.000006 -0.011708 0.077082 -1.103330
    32 1.209188 -0.000013 0.000006 -0.005895 -0.005356 -0.843443
    33 3.859833 -0.148894 -1.331282 -0.267472 0.289818 -0.248988
    34 1.719427 -0.000006 0.000010 -0.089777 0.145532 -1.124723
    35 1.099665 0.000011 0.000004 -0.022372 -0.005734 -0.115956
    36 0.806026 -0.359824 -1.318335 1.243828 0.590272 -0.755518
    37 1.789783 -0.000004 -0.000002 -0.000183 0.000048 0.126756
    38 1.207001 -0.000002 -0.000006 0.000013 0.000095 0.706719
    39 -5.754083 -12.269390 -4.731405 1.608458 -0.203767 -3.106067
    40 -0.000001 1.365388 -0.536964 -1.570798 0.000001 0.000000
    41 -0.000001 -0.513253 -0.829849 1.121305 0.000000 -3.141591
    42 0.000000 -0.854954 0.683403 0.154998 0.000000 -3.141591
    43 -0.456437 0.634190 -1.470296 -1.570797 0.000001 0.000000
    44 0.000008 1.368782 -31.679443 -1.570797 0.000000 0.000000
    45 0.162476 0.431641 -1.771484 -1.592774 0.018724 -0.721931
    46 -0.102380 0.431843 0.420865 -1.560826 -0.000482 0.000595
    47 0.000000 0.306830 -0.617118 -1.570796 0.000000 0.000000
  time 61
    0 0.000000 -0.000006 0.000000 -1.570781 -1.391896 -1.570809
    1 -5.791109 10.274488 3.406454 1.596636 -1.286515 2.942963
    2 6.028140 0.000007 0.000003 1.059686 -1.119128 -2.806480
    3 11.692572 0.000000 -0.000019 -0.000025 0.000025 -1.096544
    4 11.481682 -0.000163 -0.000038 1.865622 0.027963 -0.028186
    5 3.859703 -0.142405 -1.191976 -0.468130 0.151539 -0.880191
    6 1.312561 -0.000010 0.000002 0.000001 -0.000002 -0.439725
    7 0.729367 -0.000004 0.000000 0.000002 -0.000003 -0.244304
    8 3.942326 0.046766 -0.431443 -0.151780 0.073202 -0.810985
    9 1.539099 -0.000002 -0.000007 -0.000001 0.000006 -0.247791
    10 1.196324 -0.000004 0.000003 0.000001 -0.000007 -0.430811
    11 3.883690 -0.046767 0.431443 0.087005 0.016873 -0.530506
    12 1.719576 -0.000013 0.000009 0.000001 0.005514 -0.366480
    13 1.209185 -0.000010 0.000003 -0.000899 0.002959 -0.514624
    14 3.859859 -0.137949 1.332466 0.239530 -0.062372 -0.049652
    15 1.719433 -0.000006 -0.000003 -0.000004 0.004079 -0.363006
    16 1.099669 -0.000008 0.000002 -0.029572 -0.120043 -0.265983
    17 0.806044 -0.348926 1.321258 -1.191622 -0.663755 -0.851111
    18 1.789782 0.000002 -0.000008 -0.004520 0.012014 0.195045
    19 1.207005 0.000000 0.000000 -0.001629 -0.000385 0.249098
    20 -2.417969 -10.468750 -8.367188 -1.668474 1.286518 2.942954
    21 6.028139 0.000000 -0.000002 0.918872 1.086655 -1.031105
    22 11.692549 0.000000 0.000003 -0.000002 0.000000 -1.325563
    23 11.481695 -0.000080 0.000006 -1.181234 0.244857 1.457515
    24 3.859676 -0.132517 1.193109 0.439257 0.253431 -1.620435
    25 1.312561 0.000002 -0.000001 0.003324 0.000793 -0.127938
    26 0.729367 0.000004 0.000001 -0.000059 -0.000141 -0.820012
    27 3.942295 0.050373 0.431044 0.159534 0.249836 -1.583400
    28 1.539099 0.000011 0.000000 0.019658 0.029539 -0.258035
    29 1.196325 0.000004 -0.000003 -0.002280 -0.000958 -1.148503
    30 3.883663 -0.050280 -0.431043 0.147664 0.076320 -0.963222
    31 1.719580 -0.000008 0.000006 -0.011708 0.077082 -1.103330
    32 1.209188 -0.000013 0.000006 -0.005895 -0.005356 -0.843443
    33 3.859833 -0.148894 -1.331282 -0.267472 0.289806 -0.248988
    34 1.719427 -0.000006 0.000010 -0.089777 0.145532 -1.124723
    35 1.099665 0.000011 0.000004 -0.022372 -0.005734 -0.115956
    36 0.806026 -0.359824 -1.318335 1.243828 0.590272 -0.755518
    37 1.789783 -0.000004 -0.000002 -0.000183 0.000048 0.126756
    38 1.207001 -0.000002 -0.000006 0.000013 0.000095 0.706719
    39 -5.765802 -12.273296 -4.727499 1.608458 -0.203767 -3.106067
    40 -0.000001 1.365388 -0.536964 -1.570798 0.000001 0.000000
    41 -0.000001 -0.513253 -0.829849 1.121305 0.000000 -3.141591
    42 0.000000 -0.854954 0.683403 0.154998 0.000000 -3.141591
    43 -0.456437 0.634190 -1.470296 -1.570797 0.000001 0.000000
    44 0.000008 1.368782 -31.679443 -1.570797 0.000000 0.000000
    45 0.162476 0.431641 -1.771484 -1.592774 0.018724 -0.721931
    46 -0.102380 0.431843 0.420865 -1.560826 -0.000482 0.000595
    47 0.000000 0.306830 -0.617118 -1.570796 0.000000 0.000000
  time 62
    0 0.000000 -0.000006 0.000000 -1.570781 -1.391896 -1.570809
    1 -5.791109 10.274488 3.406454 1.596636 -1.286515 2.942963
    2 6.028140 0.000007 0.000003 1.060147 -1.118698 -2.806978
    3 11.692572 0.000000 -0.000019 -0.000025 0.000025 -1.095689
    4 11.481682 -0.000163 -0.000038 1.865622 0.027939 -0.028540
    5 3.859703 -0.142405 -1.191976 -0.468130 0.151539 -0.880191
    6 1.312561 -0.000010 0.000002 0.000001 -0.000002 -0.439725
    7 0.729367 -0.000004 0.000000 0.000002 -0.000003 -0.244304
    8 3.942326 0.046766 -0.431443 -0.151780 0.073202 -0.810985
    9 1.539099 -0.000002 -0.000007 -0.000001 0.000006 -0.247791
    10 1.196324 -0.000004 0.000003 0.000001 -0.000007 -0.430811
    11 3.883690 -0.046767 0.431443 0.087005 0.016873 -0.530506
    12 1.719576 -0.000013 0.000009 0.000001 0.005514 -0.366480
    13 1.209185 -0.000010 0.000003 -0.000899 0.002959 -0.514624
    14 3.859859 -0.137949 1.332466 0.239530 -0.062372 -0.049652
    15 1.719433 -0.000006 -0.000003 -0.000004 0.004079 -0.363006
    16 1.099669 -0.000008 0.000002 -0.029572 -0.120043 -0.265983
    17 0.806044 -0.348926 1.321258 -1.191622 -0.663755 -0.851111
    18 1.789782 0.000002 -0.000008 -0.004520 0.012014 0.195045
    19 1.207005 0.000000 0.000000 -0.001629 -0.000385 0.249098
    20 -2.417969 -10.468750 -8.367188 -1.668474 1.286518 2.942954
    21 6.028139 0.000000 -0.000002 0.919575 1.086611 -1.030589
    22 11.692549 0.000000 0.000003 -0.000002 0.000000 -1.325698
    23 11.481695 -0.000080 0.000006 -1.181451 0.244720 1.457344
    24 3.859676 -0.132517 1.193109 0.439257 0.253431 -1.620435
    25 1.312561 0.000002 -0.000001 0.003324 0.000793 -0.127938
    26 0.729367 0.000004 0.000001 -0.000059 -0.000141 -0.820012
    27 3.942295 0.050373 0.431044 0.159534 0.249836 -1.583400
    28 1.539099 0.000011 0.000000 0.019658 0.029539 -0.258035
    29 1.196325 0.000004 -0.000003 -0.002280 -0.000958 -1.148503
    30 3.883663 -0.050280 -0.431043 0.147664 0.076320 -0.963222
    31 1.719580 -0.000008 0.000006 -0.011708 0.077082 -1.103330
    32 1.209188 -0.000013 0.000006 -0.005895 -0.005356 -0.843443
    33 3.859833 -0.148894 -1.331282 -0.267472 0.289806 -0.248988
    34 1.719427 -0.000006 0.000010 -0.089777 0.145532 -1.124723
    35 1.099665 0.000011 0.000004 -0.022372 -0.005734 -0.115956
    36 0.806026 -0.359824 -1.318335 1.243828 0.590272 -0.755518
    37 1.789783 -0.000004 -0.000002 -0.000183 0.000048 0.126756
    38 1.207001 -0.000002 -0.000006 0.000013 0.000095 0.706719
    39 -5.769708 -12.277203 -4.727499 1.608458 -0.203767 -3.106067
    40 -0.000001 1.365388 -0.536964 -1.570798 0.000001 0.000000
    41 -0.000001 -0.513253 -0.829849 1.121305 0.000000 -3.141591
    42 0.000000 -0.854954 0.683403 0.154998 0.000000 -3.141591
    43 -0.456437 0.634190 -1.470296 -1.570797 0.000001 0.000000
    44 0.000008 1.368782 -31.679443 -1.570797 0.000000 0.000000
    45 0.162476 0.431641 -1.771484 -1.592774 0.018724 -0.721931
    46 -0.102380 0.431843 0.420865 -1.560826 -0.000482 0.000595
    47 0.000000 0.306830 -0.617118 -1.570796 0.000000 0.000000
  time 63
    0 0.000000 -0.000006 0.000000 -1.570781 -1.391896 -1.570809
    1 -5.791109 10.274488 3.406454 1.596636 -1.286515 2.942963
    2 6.028140 0.000007 0.000003 1.060239 -1.118568 -2.807061
    3 11.692572 0.000000 -0.000019 -0.000025 0.000025 -1.095476
    4 11.481682 -0.000163 -0.000038 1.865622 0.027915 -0.028640
    5 3.859703 -0.142405 -1.191976 -0.468130 0.151539 -0.880191
    6 1.312561 -0.000010 0.000002 0.000001 -0.000002 -0.439725
    7 0.729367 -0.000004 0.000000 0.000002 -0.000003 -0.244304
    8 3.942326 0.046766 -0.431443 -0.151780 0.073202 -0.810985
    9 1.539099 -0.000002 -0.000007 -0.000001 0.000006 -0.247791
    10 1.196324 -0.000004 0.000003 0.000001 -0.000007 -0.430811
    11 3.883690 -0.046767 0.431443 0.087005 0.016873 -0.530506
    12 1.719576 -0.000013 0.000009 0.000001 0.005514 -0.366480
    13 1.209185 -0.000010 0.000003 -0.000899 0.002959 -0.514624
    14 3.859859 -0.137949 1.332466 0.239530 -0.062372 -0.049652
    15 1.719433 -0.000006 -0.000003 -0.000004 0.004079 -0.363006
    16 1.099669 -0.000008 0.000002 -0.029572 -0.120043 -0.265983
    17 0.806044 -0.348926 1.321258 -1.191622 -0.663755 -0.851111
    18 1.789782 0.000002 -0.000008 -0.004520 0.012014 0.195045
    19 1.207005 0.000000 0.000000 -0.001629 -0.000385 0.249098
    20 -2.417969 -10.468750 -8.367188 -1.668474 1.286518 2.942954
    21 6.028139 0.000000 -0.000002 0.919751 1.086611 -1.030460
    22 11.692549 0.000000 0.000003 -0.000002 0.000000 -1.325698
    23 11.481695 -0.000080 0.000006 -1.181451 0.244686 1.457344
    24 3.859676 -0.132517 1.193109 0.439257 0.253431 -1.620435
    25 1.312561 0.000002 -0.000001 0.003324 0.000793 -0.127938
    26 0.729367 0.000004 0.000001 -0.000059 -0.000141 -0.820012
    27 3.942295 0.050373 0.431044 0.159534 0.249836 -1.583400
    28 1.539099 0.000011 0.000000 0.019658 0.029539 -0.258035
    29 1.196325 0.000004 -0.000003 -0.002280 -0.000958 -1.148503
    30 3.883663 -0.050280 -0.431043 0.147664 0.076320 -0.963222
    31 1.719580 -0.000008 0.000006 -0.011708 0.077082 -1.103330
    32 1.209188 -0.000013 0.000006 -0.005895 -0.005356 -0.843443
    33 3.859833 -0.148894 -1.331282 -0.267472 0.289818 -0.248988
    34 1.719427 -0.000006 0.000010 -0.089777 0.145532 -1.124723
    35 1.099665 0.000011 0.000004 -0.022372 -0.005734 -0.115956
    36 0.806026 -0.359824 -1.318335 1.243828 0.590272 -0.755518
    37 1.789783 -0.000004 -0.000002 -0.000183 0.000048 0.126756
    38 1.207001 -0.000002 -0.000006 0.000013 0.000095 0.706719
    39 -5.773615 -12.277203 -4.727499 1.608458 -0.203767 -3.106067
    40 -0.000001 1.365388 -0.536964 -1.570798 0.000001 0.000000
    41 -0.000001 -0.513253 -0.829849 1.121305 0.000000 -3.141591
    42 0.000000 -0.854954 0.683403 0.154998 0.000000 -3.141591
    43 -0.456437 0.634190 -1.470296 -1.570797 0.000001 0.000000
    44 0.000008 1.368782 -31.679443 -1.570797 0.000000 0.000000
    45 0.162476 0.431641 -1.771484 -1.592774 0.018724 -0.721931
    46 -0.102380 0.431843 0.420865 -1.560826 -0.000482 0.000595
    47 0.000000 0.306830 -0.617118 -1.570796 0.000000 0.000000
  time 64
    0 0.000000 -0.000006 0.000000 -1.570781 -1.391896 -1.570809
    1 -5.791109 10.274488 3.406454 1.596636 -1.286515 2.942963
    2 6.028140 0.000007 0.000003 1.060239 -1.118612 -2.807061
    3 11.692572 0.000000 -0.000019 -0.000025 0.000025 -1.095476
    4 11.481682 -0.000163 -0.000038 1.865622 0.027915 -0.028640
    5 3.859703 -0.142405 -1.191976 -0.468130 0.151539 -0.880191
    6 1.312561 -0.000010 0.000002 0.000001 -0.000002 -0.439725
    7 0.729367 -0.000004 0.000000 0.000002 -0.000003 -0.244304
    8 3.942326 0.046766 -0.431443 -0.151780 0.073202 -0.810985
    9 1.539099 -0.000002 -0.000007 -0.000001 0.000006 -0.247791
    10 1.196324 -0.000004 0.000003 0.000001 -0.000007 -0.430811
    11 3.883690 -0.046767 0.431443 0.087005 0.016873 -0.530506
    12 1.719576 -0.000013 0.000009 0.000001 0.005514 -0.366480
    13 1.209185 -0.000010 0.000003 -0.000899 0.002959 -0.514624
    14 3.859859 -0.137949 1.332466 0.239530 -0.062372 -0.049652
    15 1.719433 -0.000006 -0.000003 -0.000004 0.004079 -0.363006
    16 1.099669 -0.000008 0.000002 -0.029572 -0.120043 -0.265983
    17 0.806044 -0.348926 1.321258 -1.191622 -0.663755 -0.851111
    18 1.789782 0.000002 -0.000008 -0.004520 0.012014 0.195045
    19 1.207005 0.000000 0.000000 -0.001629 -0.000385 0.249098
    20 -2.417969 -10.468750 -8.367188 -1.668474 1.286518 2.942954
    21 6.028139 0.000000 -0.000002 0.919751 1.086611 -1.030460
    22 11.692549 0.000000 0.000003 -0.000002 0.000000 -1.325698
    23 11.481695 -0.000080 0.000006 -1.181451 0.244686 1.457344
    24 3.859676 -0.132517 1.193109 0.439257 0.253431 -1.620435
    25 1.312561 0.000002 -0.000001 0.003324 0.000793 -0.127938
    26 0.729367 0.000004 0.000001 -0.000059 -0.000141 -0.820012
    27 3.942295 0.050373 0.431044 0.159534 0.249836 -1.583400
    28 1.539099 0.000011 0.000000 0.019658 0.029539 -0.258035
    29 1.196325 0.000004 -0.000003 -0.002280 -0.000958 -1.148503
    30 3.883663 -0.050280 -0.431043 0.147664 0.076320 -0.963222
    31 1.719580 -0.000008 0.000006 -0.011708 0.077082 -1.103330
    32 1.209188 -0.000013 0.000006 -0.005895 -0.005356 -0.843443
    33 3.859833 -0.148894 -1.331282 -0.267472 0.289818 -0.248988
    34 1.719427 -0.000006 0.000010 -0.089777 0.145532 -1.124723
    35 1.099665 0.000011 0.000004 -0.022372 -0.005734 -0.115956
    36 0.806026 -0.359824 -1.318335 1.243828 0.590272 -0.755518
    37 1.789783 -0.000004 -0.000002 -0.000183 0.000048 0.126756
    38 1.207001 -0.000002 -0.000006 0.000013 0.000095 0.706719
    39 -5.773615 -12.277203 -4.727499 1.608458 -0.203767 -3.106067
    40 -0.000001 1.365388 -0.536964 -1.570798 0.000001 0.000000
    41 -0.000001 -0.513253 -0.829849 1.121305 0.000000 -3.141591
    42 0.000000 -0.854954 0.683403 0.154998 0.000000 -3.141591
    43 -0.456437 0.634190 -1.470296 -1.570797 0.000001 0.000000
    44 0.000008 1.368782 -31.679443 -1.570797 0.000000 0.000000
    45 0.162476 0.431641 -1.771484 -1.592774 0.018724 -0.721931
    46 -0.102380 0.431843 0.420865 -1.560826 -0.000482 0.000595
    47 0.000000 0.306830 -0.617118 -1.570796 0.000000 0.000000
end
