// Created by Crowbar++ 0.74
version 1
nodes
  0 "ValveBiped.Bip01_Spine4" -1
  1 "ValveBiped.Bip01_L_Clavicle" 0
  2 "ValveBiped.Bip01_L_UpperArm" 1
  3 "ValveBiped.Bip01_L_Forearm" 2
  4 "ValveBiped.Bip01_L_Hand" 3
  5 "ValveBiped.Bip01_L_Finger4" 4
  6 "ValveBiped.Bip01_L_Finger41" 5
  7 "ValveBiped.Bip01_L_Finger42" 6
  8 "ValveBiped.Bip01_L_Finger3" 4
  9 "ValveBiped.Bip01_L_Finger31" 8
  10 "ValveBiped.Bip01_L_Finger32" 9
  11 "ValveBiped.Bip01_L_Finger2" 4
  12 "ValveBiped.Bip01_L_Finger21" 11
  13 "ValveBiped.Bip01_L_Finger22" 12
  14 "ValveBiped.Bip01_L_Finger1" 4
  15 "ValveBiped.Bip01_L_Finger11" 14
  16 "ValveBiped.Bip01_L_Finger12" 15
  17 "ValveBiped.Bip01_L_Finger0" 4
  18 "ValveBiped.Bip01_L_Finger01" 17
  19 "ValveBiped.Bip01_L_Finger02" 18
  20 "ValveBiped.Bip01_R_Clavicle" 0
  21 "ValveBiped.Bip01_R_UpperArm" 20
  22 "ValveBiped.Bip01_R_Forearm" 21
  23 "ValveBiped.Bip01_R_Hand" 22
  24 "ValveBiped.Bip01_R_Finger4" 23
  25 "ValveBiped.Bip01_R_Finger41" 24
  26 "ValveBiped.Bip01_R_Finger42" 25
  27 "ValveBiped.Bip01_R_Finger3" 23
  28 "ValveBiped.Bip01_R_Finger31" 27
  29 "ValveBiped.Bip01_R_Finger32" 28
  30 "ValveBiped.Bip01_R_Finger2" 23
  31 "ValveBiped.Bip01_R_Finger21" 30
  32 "ValveBiped.Bip01_R_Finger22" 31
  33 "ValveBiped.Bip01_R_Finger1" 23
  34 "ValveBiped.Bip01_R_Finger11" 33
  35 "ValveBiped.Bip01_R_Finger12" 34
  36 "ValveBiped.Bip01_R_Finger0" 23
  37 "ValveBiped.Bip01_R_Finger01" 36
  38 "ValveBiped.Bip01_R_Finger02" 37
  39 "v_weapon.Glock_Parent" -1
  40 "v_weapon.Glock_Trigger" 39
  41 "v_weapon.Glock_Clip" 39
  42 "v_weapon.Glock_Slide" 39
end
skeleton
  time 0
    0 0.000000 -0.000006 0.000000 -1.570781 -1.391896 -1.570809
    1 -1.483398 -3.150391 5.222656 1.596636 -1.286515 2.942963
    2 6.028145 0.000003 0.000002 -0.474623 -0.271478 -2.031544
    3 11.692549 0.000081 -0.000005 -0.000003 0.000000 -0.006559
    4 16.903711 0.011630 -0.000024 3.445799 0.208825 1.239310
    5 3.859703 -0.142414 -1.191975 -0.487421 0.120797 -1.069988
    6 1.312561 -0.000008 0.000003 -0.027864 0.037317 -1.192998
    7 0.729369 0.000002 0.000000 -0.008358 0.003609 0.307042
    8 3.942329 0.046756 -0.431444 -0.163132 0.051916 -0.905282
    9 1.539095 0.000004 -0.000005 -0.005237 0.000490 -1.223577
    10 1.196321 -0.000002 0.000002 -0.000362 0.000153 -0.116934
    11 3.883694 -0.046778 0.431443 0.070768 -0.015249 -0.882406
    12 1.719576 -0.000008 0.000009 0.013481 -0.025329 -1.202520
    13 1.209183 -0.000002 0.000003 0.003990 0.002743 -0.005831
    14 3.859856 -0.137957 1.332466 0.371693 -0.022511 -0.880368
    15 1.719431 0.000004 -0.000003 0.075785 -0.210568 -0.662877
    16 1.099670 -0.000004 0.000005 0.028025 -0.011715 -0.820372
    17 0.806046 -0.348927 1.321258 -1.374004 -0.689219 -0.430400
    18 1.789785 0.000000 -0.000004 0.032759 -0.078138 0.162091
    19 1.207001 0.000001 0.000002 0.010587 -0.000226 0.459257
    20 -1.406250 -6.015625 -4.156250 -1.668474 1.286518 2.942953
    21 6.028141 0.000000 -0.000002 0.499219 0.632992 -1.874738
    22 11.692554 0.000000 -0.000001 -0.000002 0.000000 -0.563478
    23 11.481701 -0.000001 -0.000007 -2.947716 -1.083645 0.526311
    24 3.859676 -0.132542 1.193109 0.528328 0.278280 -1.341454
    25 1.312565 -0.000006 -0.000001 0.065277 -0.711121 -0.161904
    26 0.729365 0.000000 0.000000 0.141935 0.000625 -1.591744
    27 3.942299 0.050346 0.431044 0.194982 0.016690 -1.137821
    28 1.539104 0.000000 0.000001 0.004047 0.019613 -0.944775
    29 1.196324 -0.000004 -0.000002 -0.000509 -0.001886 -1.524661
    30 3.883663 -0.050302 -0.431042 0.022723 -0.069892 -0.857458
    31 1.719584 0.000002 0.000007 -0.043917 0.077078 -1.252831
    32 1.209185 0.000004 0.000006 -0.001237 -0.010408 -1.253067
    33 3.859837 -0.148917 -1.331282 -0.337920 0.119869 -0.323827
    34 1.719429 0.000006 0.000011 0.002864 -0.012232 -0.588881
    35 1.099665 0.000000 0.000005 0.000726 -0.004263 -0.056846
    36 0.707031 -0.671387 -1.284180 1.317943 0.455926 -0.560777
    37 1.789782 -0.000006 -0.000004 -0.136757 0.005385 -0.079338
    38 1.207001 -0.000001 -0.000006 0.001807 0.000004 0.725117
    39 6.342874 -4.891774 -16.051262 2.003453 -0.715400 -2.678688
    40 -0.163176 2.333985 0.382082 3.036093 0.153234 -1.921804
    41 1.417019 1.884747 0.307373 -0.111807 0.161678 -1.589027
    42 2.720737 2.529261 0.412600 -3.110087 -0.046555 2.851964
  time 1
    0 0.000000 -0.000006 0.000000 -1.570781 -1.391896 -1.570809
    1 -1.483398 -3.150391 5.222656 1.596636 -1.286515 2.942963
    2 6.028145 0.000003 0.000002 -0.473599 -0.271014 -2.033249
    3 11.692549 0.000081 -0.000005 -0.000003 0.000000 -0.006559
    4 16.856834 0.011630 -0.000024 3.449150 0.204862 1.239998
    5 3.859703 -0.142414 -1.191975 -0.487421 0.120797 -1.069988
    6 1.312561 -0.000008 0.000003 -0.027864 0.037317 -1.192998
    7 0.729369 0.000002 0.000000 -0.008358 0.003609 0.307042
    8 3.942329 0.046756 -0.431444 -0.163132 0.051916 -0.905282
    9 1.539095 0.000004 -0.000005 -0.005237 0.000490 -1.223577
    10 1.196321 -0.000002 0.000002 -0.000362 0.000153 -0.116934
    11 3.883694 -0.046778 0.431443 0.070768 -0.015249 -0.882406
    12 1.719576 -0.000008 0.000009 0.013481 -0.025329 -1.202520
    13 1.209183 -0.000002 0.000003 0.003990 0.002743 -0.005831
    14 3.859856 -0.137957 1.332466 0.371693 -0.022511 -0.880368
    15 1.719431 0.000004 -0.000003 0.075785 -0.210568 -0.662877
    16 1.099670 -0.000004 0.000005 0.028025 -0.011715 -0.820372
    17 0.806046 -0.348927 1.321258 -1.374004 -0.689219 -0.430400
    18 1.789785 0.000000 -0.000004 0.032759 -0.078138 0.162091
    19 1.207001 0.000001 0.000002 0.010587 -0.000226 0.459257
    20 -1.406250 -6.015625 -4.156250 -1.668474 1.286518 2.942953
    21 6.028141 0.000000 -0.000002 0.503256 0.631974 -1.869078
    22 11.692554 0.000000 -0.000001 -0.000002 0.000000 -0.576323
    23 11.481701 -0.000001 -0.000007 -2.950281 -1.079722 0.537324
    24 3.859676 -0.132542 1.193109 0.528328 0.278280 -1.341454
    25 1.312565 -0.000006 -0.000001 0.065277 -0.711121 -0.161904
    26 0.729365 0.000000 0.000000 0.141935 0.000625 -1.591744
    27 3.942299 0.050346 0.431044 0.194982 0.016690 -1.137821
    28 1.539104 0.000000 0.000001 0.004047 0.019613 -0.944775
    29 1.196324 -0.000004 -0.000002 -0.000509 -0.001886 -1.524661
    30 3.883663 -0.050302 -0.431042 0.022723 -0.069892 -0.857458
    31 1.719584 0.000002 0.000007 -0.043917 0.077078 -1.252831
    32 1.209185 0.000004 0.000006 -0.001237 -0.010408 -1.253067
    33 3.859837 -0.148917 -1.331282 -0.337920 0.119869 -0.323827
    34 1.719429 0.000006 0.000011 0.002864 -0.012232 -0.588881
    35 1.099665 0.000000 0.000005 0.000726 -0.004263 -0.056846
    36 0.707031 -0.671387 -1.284180 1.317943 0.455926 -0.560777
    37 1.789782 -0.000006 -0.000004 -0.136757 0.005385 -0.079338
    38 1.207001 -0.000001 -0.000006 0.001807 0.000004 0.725117
    39 6.315529 -4.919118 -16.008292 2.005419 -0.719134 -2.683355
    40 -0.163176 2.333985 0.382082 3.036093 0.153234 -1.921804
    41 1.417019 1.884747 0.307373 -0.111807 0.161678 -1.589027
    42 2.720737 2.529261 0.412600 -3.110087 -0.046555 2.851964
  time 2
    0 0.000000 -0.000006 0.000000 -1.570781 -1.391896 -1.570809
    1 -1.483398 -3.150391 5.222656 1.596636 -1.286515 2.942963
    2 6.028145 0.000003 0.000002 -0.470581 -0.269761 -2.038651
    3 11.692549 0.000081 -0.000005 -0.000003 0.000000 -0.006559
    4 16.712299 0.011630 -0.000024 3.458917 0.193281 1.242553
    5 3.859703 -0.142414 -1.191975 -0.487421 0.120797 -1.069988
    6 1.312561 -0.000008 0.000003 -0.027864 0.037317 -1.192998
    7 0.729369 0.000002 0.000000 -0.008358 0.003609 0.307042
    8 3.942329 0.046756 -0.431444 -0.163132 0.051916 -0.905282
    9 1.539095 0.000004 -0.000005 -0.005237 0.000490 -1.223577
    10 1.196321 -0.000002 0.000002 -0.000362 0.000153 -0.116934
    11 3.883694 -0.046778 0.431443 0.070768 -0.015249 -0.882406
    12 1.719576 -0.000008 0.000009 0.013481 -0.025329 -1.202520
    13 1.209183 -0.000002 0.000003 0.003990 0.002743 -0.005831
    14 3.859856 -0.137957 1.332466 0.371693 -0.022511 -0.880368
    15 1.719431 0.000004 -0.000003 0.075785 -0.210568 -0.662877
    16 1.099670 -0.000004 0.000005 0.028025 -0.011715 -0.820372
    17 0.806046 -0.348927 1.321258 -1.374004 -0.689219 -0.430400
    18 1.789785 0.000000 -0.000004 0.032759 -0.078138 0.162091
    19 1.207001 0.000001 0.000002 0.010587 -0.000226 0.459257
    20 -1.406250 -6.015625 -4.156250 -1.668474 1.286518 2.942953
    21 6.028141 0.000000 -0.000002 0.514951 0.629329 -1.853003
    22 11.692554 0.000000 -0.000001 -0.000002 0.000000 -0.613967
    23 11.481701 -0.000001 -0.000007 -2.957447 -1.068534 0.569757
    24 3.859676 -0.132542 1.193109 0.528328 0.278280 -1.341454
    25 1.312565 -0.000006 -0.000001 0.065277 -0.711121 -0.161904
    26 0.729365 0.000000 0.000000 0.141935 0.000625 -1.591744
    27 3.942299 0.050346 0.431044 0.194982 0.016690 -1.137821
    28 1.539104 0.000000 0.000001 0.004047 0.019613 -0.944775
    29 1.196324 -0.000004 -0.000002 -0.000509 -0.001886 -1.524661
    30 3.883663 -0.050302 -0.431042 0.022723 -0.069892 -0.857458
    31 1.719584 0.000002 0.000007 -0.043917 0.077078 -1.252831
    32 1.209185 0.000004 0.000006 -0.001237 -0.010408 -1.253067
    33 3.859837 -0.148917 -1.331282 -0.337920 0.119869 -0.323827
    34 1.719429 0.000006 0.000011 0.002864 -0.012232 -0.588881
    35 1.099665 0.000000 0.000005 0.000726 -0.004263 -0.056846
    36 0.707031 -0.671387 -1.284180 1.317943 0.455926 -0.560777
    37 1.789782 -0.000006 -0.000004 -0.136757 0.005385 -0.079338
    38 1.207001 -0.000001 -0.000006 0.001807 0.000004 0.725117
    39 6.233495 -5.001152 -15.867663 2.011198 -0.729925 -2.697353
    40 -0.163176 2.333985 0.382082 3.036093 0.153234 -1.921804
    41 1.417019 1.884747 0.307373 -0.111807 0.161678 -1.589027
    42 2.720737 2.529261 0.412600 -3.110087 -0.046555 2.851964
  time 3
    0 0.000000 -0.000006 0.000000 -1.570781 -1.391896 -1.570809
    1 -1.483398 -3.150391 5.222656 1.596636 -1.286515 2.942963
    2 6.028145 0.000003 0.000002 -0.465514 -0.268184 -2.048089
    3 11.692549 0.000081 -0.000005 -0.000003 0.000000 -0.006559
    4 16.466197 0.011630 -0.000024 3.474909 0.174308 1.247518
    5 3.859703 -0.142414 -1.191975 -0.487421 0.120797 -1.069988
    6 1.312561 -0.000008 0.000003 -0.027864 0.037317 -1.192960
    7 0.729369 0.000002 0.000000 -0.008358 0.003609 0.307042
    8 3.942329 0.046756 -0.431444 -0.163132 0.051916 -0.905282
    9 1.539095 0.000004 -0.000005 -0.005237 0.000490 -1.223577
    10 1.196321 -0.000002 0.000002 -0.000362 0.000153 -0.116934
    11 3.883694 -0.046778 0.431443 0.070768 -0.015249 -0.882406
    12 1.719576 -0.000008 0.000009 0.013481 -0.025329 -1.202520
    13 1.209183 -0.000002 0.000003 0.003990 0.002743 -0.005831
    14 3.859856 -0.137957 1.332466 0.371693 -0.022511 -0.880368
    15 1.719431 0.000004 -0.000003 0.075785 -0.210568 -0.662877
    16 1.099670 -0.000004 0.000005 0.028025 -0.011715 -0.820372
    17 0.806046 -0.348927 1.321258 -1.374004 -0.689219 -0.430400
    18 1.789785 0.000000 -0.000004 0.032759 -0.078138 0.162091
    19 1.207001 0.000001 0.000002 0.010587 -0.000226 0.459257
    20 -1.406250 -6.015625 -4.156250 -1.668474 1.286518 2.942953
    21 6.028141 0.000000 -0.000002 0.532736 0.626364 -1.829461
    22 11.692554 0.000000 -0.000001 -0.000002 0.000000 -0.671950
    23 11.481701 -0.000001 -0.000007 -2.968019 -1.050808 0.620772
    24 3.859676 -0.132542 1.193109 0.528328 0.278280 -1.341454
    25 1.312565 -0.000006 -0.000001 0.065277 -0.711121 -0.161904
    26 0.729365 0.000000 0.000000 0.141935 0.000625 -1.591744
    27 3.942299 0.050346 0.431044 0.194982 0.016690 -1.137821
    28 1.539104 0.000000 0.000001 0.004047 0.019613 -0.944775
    29 1.196324 -0.000004 -0.000002 -0.000509 -0.001886 -1.524661
    30 3.883663 -0.050302 -0.431042 0.022723 -0.069892 -0.857458
    31 1.719584 0.000002 0.000007 -0.043917 0.077078 -1.252831
    32 1.209185 0.000004 0.000006 -0.001237 -0.010408 -1.253067
    33 3.859837 -0.148917 -1.331282 -0.337920 0.119869 -0.323827
    34 1.719429 0.000006 0.000011 0.002864 -0.012232 -0.588881
    35 1.099665 0.000000 0.000005 0.000726 -0.004263 -0.056846
    36 0.707031 -0.671387 -1.284180 1.317943 0.455926 -0.560777
    37 1.789782 -0.000006 -0.000004 -0.136757 0.005385 -0.079338
    38 1.207001 -0.000001 -0.000006 0.001807 0.000004 0.725117
    39 6.092866 -5.141781 -15.609843 2.021029 -0.746922 -2.720685
    40 -0.163176 2.333985 0.382082 3.036093 0.153234 -1.921804
    41 1.417019 1.884747 0.307373 -0.111807 0.161678 -1.589027
    42 2.720737 2.529261 0.412600 -3.110087 -0.046555 2.851964
  time 4
    0 0.000000 -0.000006 0.000000 -1.570781 -1.391896 -1.570809
    1 -1.483398 -3.150391 5.222656 1.596636 -1.286515 2.942963
    2 6.028145 0.000003 0.000002 -0.458722 -0.266607 -2.061621
    3 11.692549 0.000081 -0.000005 -0.000003 0.000000 -0.006559
    4 16.126343 0.011630 -0.000024 3.496933 0.147999 1.255480
    5 3.859703 -0.142414 -1.191975 -0.487421 0.120797 -1.069988
    6 1.312561 -0.000008 0.000003 -0.027864 0.037317 -1.192998
    7 0.729369 0.000002 0.000000 -0.008358 0.003609 0.307042
    8 3.942329 0.046756 -0.431444 -0.163132 0.051916 -0.905282
    9 1.539095 0.000004 -0.000005 -0.005237 0.000490 -1.223577
    10 1.196321 -0.000002 0.000002 -0.000362 0.000153 -0.116934
    11 3.883694 -0.046778 0.431443 0.070768 -0.015249 -0.882406
    12 1.719576 -0.000008 0.000009 0.013481 -0.025329 -1.202520
    13 1.209183 -0.000002 0.000003 0.003990 0.002743 -0.005831
    14 3.859856 -0.137957 1.332466 0.371693 -0.022511 -0.880368
    15 1.719431 0.000004 -0.000003 0.075785 -0.210568 -0.662877
    16 1.099670 -0.000004 0.000005 0.028025 -0.011715 -0.820372
    17 0.806046 -0.348927 1.321258 -1.374004 -0.689219 -0.430400
    18 1.789785 0.000000 -0.000004 0.032759 -0.078138 0.162091
    19 1.207001 0.000001 0.000002 0.010587 -0.000226 0.459257
    20 -1.406250 -6.015625 -4.156250 -1.668474 1.286518 2.942953
    21 6.028141 0.000000 -0.000002 0.555080 0.624416 -1.801555
    22 11.692554 0.000000 -0.000001 -0.000002 0.000000 -0.745633
    23 11.481701 -0.000001 -0.000007 -2.980404 -1.027343 0.686811
    24 3.859676 -0.132542 1.193109 0.528328 0.278280 -1.341454
    25 1.312565 -0.000006 -0.000001 0.065277 -0.711121 -0.161904
    26 0.729365 0.000000 0.000000 0.141935 0.000625 -1.591744
    27 3.942299 0.050346 0.431044 0.194982 0.016690 -1.137821
    28 1.539104 0.000000 0.000001 0.004047 0.019613 -0.944775
    29 1.196324 -0.000004 -0.000002 -0.000509 -0.001886 -1.524661
    30 3.883663 -0.050302 -0.431042 0.022723 -0.069892 -0.857458
    31 1.719584 0.000002 0.000007 -0.043917 0.077078 -1.252831
    32 1.209185 0.000004 0.000006 -0.001237 -0.010408 -1.253067
    33 3.859837 -0.148917 -1.331282 -0.337920 0.119869 -0.323827
    34 1.719429 0.000006 0.000011 0.002864 -0.012232 -0.588881
    35 1.099665 0.000000 0.000005 0.000726 -0.004263 -0.056846
    36 0.707031 -0.671387 -1.284180 1.317943 0.455926 -0.560777
    37 1.789782 -0.000006 -0.000004 -0.136757 0.005385 -0.079338
    38 1.207001 -0.000001 -0.000006 0.001807 0.000004 0.725117
    39 5.897547 -5.344913 -15.230925 2.035448 -0.769172 -2.754015
    40 -0.163176 2.333985 0.382082 3.036093 0.153234 -1.921804
    41 1.417019 1.884747 0.307373 -0.111807 0.161678 -1.589027
    42 2.720737 2.529261 0.412600 -3.110087 -0.046555 2.851964
  time 5
    0 0.000000 -0.000006 0.000000 -1.570781 -1.391896 -1.570809
    1 -1.483398 -3.150391 5.222656 1.596636 -1.286515 2.942963
    2 6.028145 0.000003 0.000002 -0.450367 -0.265215 -2.079132
    3 11.692549 0.000081 -0.000005 -0.000003 0.000000 -0.006559
    4 15.696643 0.007724 -0.000024 3.524798 0.114241 1.266686
    5 3.859703 -0.142414 -1.191975 -0.487421 0.120797 -1.069988
    6 1.312561 -0.000008 0.000003 -0.027864 0.037317 -1.192998
    7 0.729369 0.000002 0.000000 -0.008358 0.003609 0.307042
    8 3.942329 0.046756 -0.431444 -0.163132 0.051916 -0.905282
    9 1.539095 0.000004 -0.000005 -0.005237 0.000490 -1.223577
    10 1.196321 -0.000002 0.000002 -0.000362 0.000153 -0.116934
    11 3.883694 -0.046778 0.431443 0.070768 -0.015249 -0.882406
    12 1.719576 -0.000008 0.000009 0.013481 -0.025329 -1.202520
    13 1.209183 -0.000002 0.000003 0.003990 0.002743 -0.005831
    14 3.859856 -0.137957 1.332466 0.371693 -0.022511 -0.880368
    15 1.719431 0.000004 -0.000003 0.075785 -0.210568 -0.662877
    16 1.099670 -0.000004 0.000005 0.028025 -0.011715 -0.820372
    17 0.806046 -0.348927 1.321258 -1.374004 -0.689219 -0.430400
    18 1.789785 0.000000 -0.000004 0.032759 -0.078138 0.162091
    19 1.207001 0.000001 0.000002 0.010587 -0.000226 0.459257
    20 -1.406250 -6.015625 -4.156250 -1.668474 1.286518 2.942953
    21 6.028141 0.000000 -0.000002 0.580209 0.625230 -1.772746
    22 11.692554 0.000000 -0.000001 -0.000002 0.000000 -0.828890
    23 11.481701 -0.000001 -0.000007 -2.992834 -0.998793 0.763410
    24 3.859676 -0.132542 1.193109 0.528328 0.278280 -1.341454
    25 1.312565 -0.000006 -0.000001 0.065277 -0.711121 -0.161904
    26 0.729365 0.000000 0.000000 0.141935 0.000625 -1.591744
    27 3.942299 0.050346 0.431044 0.194982 0.016690 -1.137821
    28 1.539104 0.000000 0.000001 0.004047 0.019613 -0.944775
    29 1.196324 -0.000004 -0.000002 -0.000509 -0.001886 -1.524661
    30 3.883663 -0.050302 -0.431042 0.022723 -0.069904 -0.857458
    31 1.719584 0.000002 0.000007 -0.043917 0.077078 -1.252831
    32 1.209185 0.000004 0.000006 -0.001237 -0.010408 -1.253067
    33 3.859837 -0.148917 -1.331282 -0.337920 0.119869 -0.323827
    34 1.719429 0.000006 0.000011 0.002864 -0.012232 -0.588881
    35 1.099665 0.000000 0.000005 0.000726 -0.004263 -0.056846
    36 0.707031 -0.671387 -1.284180 1.317943 0.455926 -0.560777
    37 1.789782 -0.000006 -0.000004 -0.136757 0.005385 -0.079338
    38 1.207001 -0.000001 -0.000006 0.001807 0.000004 0.725117
    39 5.647540 -5.606639 -14.719191 2.055349 -0.795363 -2.798106
    40 -0.163176 2.333985 0.382082 3.036093 0.153234 -1.921804
    41 1.417019 1.884747 0.307373 -0.111807 0.161678 -1.589027
    42 2.720737 2.529261 0.412600 -3.110087 -0.046555 2.851964
  time 6
    0 0.000000 -0.000006 0.000000 -1.570781 -1.391896 -1.570809
    1 -1.483398 -3.150391 5.222656 1.596636 -1.286515 2.942963
    2 6.028145 0.000003 0.000002 -0.440880 -0.264288 -2.100169
    3 11.692549 0.000081 -0.000005 -0.000003 0.000000 -0.006559
    4 15.188815 0.007724 -0.000024 3.558505 0.072809 1.281088
    5 3.859703 -0.142414 -1.191975 -0.487421 0.120797 -1.069988
    6 1.312561 -0.000008 0.000003 -0.027864 0.037317 -1.192998
    7 0.729369 0.000002 0.000000 -0.008358 0.003609 0.307042
    8 3.942329 0.046756 -0.431444 -0.163132 0.051916 -0.905282
    9 1.539095 0.000004 -0.000005 -0.005237 0.000490 -1.223577
    10 1.196321 -0.000002 0.000002 -0.000362 0.000153 -0.116934
    11 3.883694 -0.046778 0.431443 0.070768 -0.015249 -0.882406
    12 1.719576 -0.000008 0.000009 0.013481 -0.025329 -1.202520
    13 1.209183 -0.000002 0.000003 0.003990 0.002743 -0.005831
    14 3.859856 -0.137957 1.332466 0.371693 -0.022511 -0.880368
    15 1.719431 0.000004 -0.000003 0.075785 -0.210568 -0.662877
    16 1.099670 -0.000004 0.000005 0.028025 -0.011715 -0.820372
    17 0.806046 -0.348927 1.321258 -1.374004 -0.689219 -0.430400
    18 1.789785 0.000000 -0.000004 0.032759 -0.078138 0.162091
    19 1.207001 0.000001 0.000002 0.010587 -0.000226 0.459257
    20 -1.406250 -6.015625 -4.156250 -1.668474 1.286518 2.942953
    21 6.028141 0.000000 -0.000002 0.606696 0.630346 -1.745745
    22 11.692554 0.000000 -0.000001 -0.000002 0.000000 -0.916311
    23 11.481701 -0.000001 -0.000007 -3.003671 -0.965738 0.846177
    24 3.859676 -0.132542 1.193109 0.528328 0.278280 -1.341454
    25 1.312565 -0.000006 -0.000001 0.065277 -0.711121 -0.161904
    26 0.729365 0.000000 0.000000 0.141935 0.000625 -1.591744
    27 3.942299 0.050346 0.431044 0.194982 0.016690 -1.137821
    28 1.539104 0.000000 0.000001 0.004047 0.019613 -0.944775
    29 1.196324 -0.000004 -0.000002 -0.000509 -0.001886 -1.524661
    30 3.883663 -0.050302 -0.431042 0.022723 -0.069892 -0.857458
    31 1.719584 0.000002 0.000007 -0.043917 0.077078 -1.252831
    32 1.209185 0.000004 0.000006 -0.001237 -0.010408 -1.253067
    33 3.859837 -0.148917 -1.331282 -0.337920 0.119869 -0.323827
    34 1.719429 0.000006 0.000011 0.002864 -0.012232 -0.588881
    35 1.099665 0.000000 0.000005 0.000726 -0.004263 -0.056846
    36 0.707031 -0.671387 -1.284180 1.317943 0.455926 -0.560777
    37 1.789782 -0.000006 -0.000004 -0.136757 0.005385 -0.079338
    38 1.207001 -0.000001 -0.000006 0.001807 0.000004 0.725117
    39 5.342843 -5.930868 -14.082452 2.081803 -0.824078 -2.854387
    40 -0.163176 2.333985 0.382082 3.036093 0.153234 -1.921804
    41 1.417019 1.884747 0.307373 -0.111807 0.161678 -1.589027
    42 2.720737 2.529261 0.412600 -3.110087 -0.046555 2.851964
  time 7
    0 0.000000 -0.000006 0.000000 -1.570781 -1.391896 -1.570809
    1 -1.483398 -3.150391 5.222656 1.596636 -1.286515 2.942963
    2 6.028145 0.000003 0.000002 -0.430854 -0.263963 -2.123822
    3 11.692549 0.000081 -0.000005 -0.000003 0.000000 -0.006559
    4 14.622391 0.007724 -0.000024 3.598053 0.023507 1.298143
    5 3.859703 -0.142414 -1.191975 -0.487421 0.120797 -1.069988
    6 1.312561 -0.000008 0.000003 -0.027864 0.037317 -1.192998
    7 0.729369 0.000002 0.000000 -0.008358 0.003609 0.307042
    8 3.942329 0.046756 -0.431444 -0.163132 0.051916 -0.905282
    9 1.539095 0.000004 -0.000005 -0.005237 0.000490 -1.223577
    10 1.196321 -0.000002 0.000002 -0.000362 0.000153 -0.116934
    11 3.883694 -0.046778 0.431443 0.070768 -0.015249 -0.882406
    12 1.719576 -0.000008 0.000009 0.013481 -0.025329 -1.202520
    13 1.209183 -0.000002 0.000003 0.003990 0.002743 -0.005831
    14 3.859856 -0.137957 1.332466 0.371693 -0.022511 -0.880368
    15 1.719431 0.000004 -0.000003 0.075785 -0.210568 -0.662877
    16 1.099670 -0.000004 0.000005 0.028025 -0.011715 -0.820372
    17 0.806046 -0.348927 1.321258 -1.374004 -0.689219 -0.430400
    18 1.789785 0.000000 -0.000004 0.032759 -0.078138 0.162091
    19 1.207001 0.000001 0.000002 0.010587 -0.000226 0.459257
    20 -1.406250 -6.015625 -4.156250 -1.668474 1.286518 2.942953
    21 6.028141 0.000000 -0.000002 0.633391 0.640899 -1.722556
    22 11.692554 0.000000 -0.000001 -0.000002 0.000000 -1.002958
    23 11.481701 -0.000001 -0.000007 -3.011368 -0.928688 0.930495
    24 3.859676 -0.132542 1.193109 0.528328 0.278280 -1.341454
    25 1.312565 -0.000006 -0.000001 0.065277 -0.711121 -0.161904
    26 0.729365 0.000000 0.000000 0.141935 0.000625 -1.591744
    27 3.942299 0.050346 0.431044 0.194982 0.016690 -1.137821
    28 1.539104 0.000000 0.000001 0.004047 0.019613 -0.944775
    29 1.196324 -0.000004 -0.000002 -0.000509 -0.001886 -1.524661
    30 3.883663 -0.050302 -0.431042 0.022723 -0.069892 -0.857458
    31 1.719584 0.000002 0.000007 -0.043917 0.077078 -1.252831
    32 1.209185 0.000004 0.000006 -0.001237 -0.010408 -1.253067
    33 3.859837 -0.148917 -1.331282 -0.337920 0.119869 -0.323827
    34 1.719429 0.000006 0.000011 0.002864 -0.012232 -0.588881
    35 1.099665 0.000000 0.000005 0.000726 -0.004263 -0.056846
    36 0.707031 -0.671387 -1.284180 1.317943 0.455926 -0.560777
    37 1.789782 -0.000006 -0.000004 -0.136757 0.005385 -0.079338
    38 1.207001 -0.000001 -0.000006 0.001807 0.000004 0.725117
    39 4.991270 -6.305879 -13.332430 2.116063 -0.853539 -2.923999
    40 -0.163176 2.333985 0.382082 3.036093 0.153234 -1.921804
    41 1.417019 1.884747 0.307373 -0.111807 0.161678 -1.589027
    42 2.720737 2.529261 0.412600 -3.110087 -0.046555 2.851964
  time 8
    0 0.000000 -0.000006 0.000000 -1.570781 -1.391896 -1.570809
    1 -1.483398 -3.150391 5.222656 1.596636 -1.286515 2.942963
    2 6.028145 0.000003 0.000002 -0.420881 -0.264288 -2.148554
    3 11.692549 0.000081 -0.000005 -0.000003 0.000000 -0.006559
    4 14.016904 0.003817 -0.000024 3.643537 -0.033834 1.316476
    5 3.859703 -0.142414 -1.191975 -0.487421 0.120797 -1.069988
    6 1.312561 -0.000008 0.000003 -0.027864 0.037317 -1.192998
    7 0.729369 0.000002 0.000000 -0.008358 0.003609 0.307042
    8 3.942329 0.046756 -0.431444 -0.163132 0.051916 -0.905282
    9 1.539095 0.000004 -0.000005 -0.005237 0.000490 -1.223577
    10 1.196321 -0.000002 0.000002 -0.000362 0.000153 -0.116934
    11 3.883694 -0.046778 0.431443 0.070768 -0.015249 -0.882406
    12 1.719576 -0.000008 0.000009 0.013481 -0.025329 -1.202520
    13 1.209183 -0.000002 0.000003 0.003990 0.002743 -0.005831
    14 3.859856 -0.137957 1.332466 0.371693 -0.022511 -0.880368
    15 1.719431 0.000004 -0.000003 0.075785 -0.210568 -0.662877
    16 1.099670 -0.000004 0.000005 0.028025 -0.011715 -0.820372
    17 0.806046 -0.348927 1.321258 -1.374004 -0.689219 -0.430400
    18 1.789785 0.000000 -0.000004 0.032759 -0.078138 0.162091
    19 1.207001 0.000001 0.000002 0.010587 -0.000226 0.459257
    20 -1.406250 -6.015625 -4.156250 -1.668474 1.286518 2.942953
    21 6.028141 0.000000 -0.000002 0.659529 0.657207 -1.703808
    22 11.692554 0.000000 -0.000001 -0.000002 0.000000 -1.085145
    23 11.481701 -0.000001 -0.000007 -3.014597 -0.887861 1.011862
    24 3.859676 -0.132542 1.193109 0.528328 0.278280 -1.341454
    25 1.312565 -0.000006 -0.000001 0.065277 -0.711121 -0.161904
    26 0.729365 0.000000 0.000000 0.141935 0.000625 -1.591744
    27 3.942299 0.050346 0.431044 0.194982 0.016690 -1.137821
    28 1.539104 0.000000 0.000001 0.004047 0.019613 -0.944775
    29 1.196324 -0.000004 -0.000002 -0.000509 -0.001886 -1.524661
    30 3.883663 -0.050302 -0.431042 0.022723 -0.069892 -0.857458
    31 1.719584 0.000002 0.000007 -0.043917 0.077078 -1.252831
    32 1.209185 0.000004 0.000006 -0.001237 -0.010408 -1.253067
    33 3.859837 -0.148917 -1.331282 -0.337920 0.119869 -0.323827
    34 1.719429 0.000006 0.000011 0.002864 -0.012232 -0.588881
    35 1.099665 0.000000 0.000005 0.000726 -0.004263 -0.056846
    36 0.707031 -0.671387 -1.284180 1.317943 0.455926 -0.560777
    37 1.789782 -0.000006 -0.000004 -0.136757 0.005385 -0.079338
    38 1.207001 -0.000001 -0.000006 0.001807 0.000004 0.725117
    39 4.596727 -6.719954 -12.496467 2.159379 -0.881636 -3.008277
    40 -0.163176 2.333985 0.382082 3.036093 0.153234 -1.921804
    41 1.417019 1.884747 0.307373 -0.111807 0.161678 -1.589027
    42 2.720737 2.529261 0.412600 -3.110087 -0.046555 2.851964
  time 9
    0 0.000000 -0.000006 0.000000 -1.570781 -1.391896 -1.570809
    1 -1.483398 -3.150391 5.222656 1.596636 -1.286515 2.942963
    2 6.028145 0.000003 0.000002 -0.411826 -0.265494 -2.172434
    3 11.692549 0.000081 -0.000005 -0.000003 0.000000 -0.006509
    4 13.391885 0.003817 -0.000024 3.695246 -0.099299 1.334170
    5 3.859703 -0.142414 -1.191975 -0.487421 0.120797 -1.069988
    6 1.312561 -0.000008 0.000003 -0.027864 0.037317 -1.192998
    7 0.729369 0.000002 0.000000 -0.008358 0.003609 0.307042
    8 3.942329 0.046756 -0.431444 -0.163132 0.051916 -0.905282
    9 1.539095 0.000004 -0.000005 -0.005237 0.000490 -1.223577
    10 1.196321 -0.000002 0.000002 -0.000362 0.000153 -0.116934
    11 3.883694 -0.046778 0.431443 0.070768 -0.015249 -0.882406
    12 1.719576 -0.000008 0.000009 0.013481 -0.025329 -1.202520
    13 1.209183 -0.000002 0.000003 0.003990 0.002743 -0.005831
    14 3.859856 -0.137957 1.332466 0.371693 -0.022511 -0.880368
    15 1.719431 0.000004 -0.000003 0.075785 -0.210568 -0.662877
    16 1.099670 -0.000004 0.000005 0.028025 -0.011715 -0.820372
    17 0.806046 -0.348927 1.321258 -1.374004 -0.689219 -0.430400
    18 1.789785 0.000000 -0.000004 0.032759 -0.078138 0.162091
    19 1.207001 0.000001 0.000002 0.010587 -0.000226 0.459257
    20 -1.406250 -6.015625 -4.156250 -1.668474 1.286518 2.942953
    21 6.028141 0.000000 -0.000002 0.684414 0.678951 -1.689581
    22 11.692554 0.000000 -0.000001 -0.000002 0.000000 -1.159482
    23 11.481701 -0.000001 -0.000007 -3.012031 -0.843473 1.085622
    24 3.859676 -0.132542 1.193109 0.528328 0.278280 -1.341454
    25 1.312565 -0.000006 -0.000001 0.065277 -0.711121 -0.161904
    26 0.729365 0.000000 0.000000 0.141935 0.000625 -1.591744
    27 3.942299 0.050346 0.431044 0.194982 0.016690 -1.137821
    28 1.539104 0.000000 0.000001 0.004047 0.019613 -0.944775
    29 1.196324 -0.000004 -0.000002 -0.000509 -0.001886 -1.524661
    30 3.883663 -0.050302 -0.431042 0.022723 -0.069892 -0.857458
    31 1.719584 0.000002 0.000007 -0.043917 0.077078 -1.252831
    32 1.209185 0.000004 0.000006 -0.001237 -0.010408 -1.253067
    33 3.859837 -0.148917 -1.331282 -0.337920 0.119869 -0.323827
    34 1.719429 0.000006 0.000011 0.002864 -0.012232 -0.588881
    35 1.099665 0.000000 0.000005 0.000726 -0.004263 -0.056846
    36 0.707031 -0.671387 -1.284180 1.317943 0.455926 -0.560777
    37 1.789782 -0.000006 -0.000004 -0.136757 0.005385 -0.079338
    38 1.207001 -0.000001 -0.000006 0.001807 0.000004 0.725117
    39 4.170932 -7.169187 -11.621440 2.212228 -0.906101 -3.107887
    40 -0.163176 2.333985 0.382082 3.036093 0.153234 -1.921804
    41 1.417019 1.884747 0.307373 -0.111807 0.161678 -1.589027
    42 2.720737 2.529261 0.412600 -3.110087 -0.046555 2.851964
  time 10
    0 0.000000 -0.000006 0.000000 -1.570781 -1.391896 -1.570809
    1 -1.483398 -3.150391 5.222656 1.596636 -1.286515 2.942963
    2 6.028145 0.000003 0.000002 -0.404441 -0.267906 -2.193528
    3 11.692549 0.000081 -0.000005 -0.000003 0.000000 -0.006509
    4 12.766866 -0.000089 -0.000024 3.753850 -0.172830 1.348965
    5 3.859703 -0.142414 -1.191975 -0.487421 0.120797 -1.069988
    6 1.312561 -0.000008 0.000003 -0.027864 0.037317 -1.192998
    7 0.729369 0.000002 0.000000 -0.008358 0.003609 0.307042
    8 3.942329 0.046756 -0.431444 -0.163132 0.051916 -0.905282
    9 1.539095 0.000004 -0.000005 -0.005237 0.000490 -1.223577
    10 1.196321 -0.000002 0.000002 -0.000362 0.000153 -0.116934
    11 3.883694 -0.046778 0.431443 0.070768 -0.015249 -0.882406
    12 1.719576 -0.000008 0.000009 0.013481 -0.025329 -1.202520
    13 1.209183 -0.000002 0.000003 0.003990 0.002743 -0.005831
    14 3.859856 -0.137957 1.332466 0.371693 -0.022511 -0.880368
    15 1.719431 0.000004 -0.000003 0.075785 -0.210568 -0.662877
    16 1.099670 -0.000004 0.000005 0.028025 -0.011715 -0.820372
    17 0.806046 -0.348927 1.321258 -1.374004 -0.689219 -0.430400
    18 1.789785 0.000000 -0.000004 0.032759 -0.078138 0.162091
    19 1.207001 0.000001 0.000002 0.010587 -0.000226 0.459257
    20 -1.406250 -6.015625 -4.156250 -1.668474 1.286518 2.942953
    21 6.028141 0.000000 -0.000002 0.708151 0.704620 -1.678497
    22 11.692554 0.000000 -0.000001 -0.000002 0.000000 -1.225374
    23 11.481701 -0.000001 -0.000007 -3.003008 -0.795526 1.148596
    24 3.859676 -0.132542 1.193109 0.528328 0.278280 -1.341454
    25 1.312565 -0.000006 -0.000001 0.065277 -0.711121 -0.161904
    26 0.729365 0.000000 0.000000 0.141935 0.000625 -1.591744
    27 3.942299 0.050346 0.431044 0.194982 0.016690 -1.137821
    28 1.539104 0.000000 0.000001 0.004047 0.019613 -0.944775
    29 1.196324 -0.000004 -0.000002 -0.000509 -0.001886 -1.524661
    30 3.883663 -0.050302 -0.431042 0.022723 -0.069892 -0.857458
    31 1.719584 0.000002 0.000007 -0.043917 0.077078 -1.252831
    32 1.209185 0.000004 0.000006 -0.001237 -0.010408 -1.253067
    33 3.859837 -0.148917 -1.331282 -0.337920 0.119869 -0.323827
    34 1.719429 0.000006 0.000011 0.002864 -0.012232 -0.588881
    35 1.099665 0.000000 0.000005 0.000726 -0.004263 -0.056846
    36 0.707031 -0.671387 -1.284180 1.317943 0.455926 -0.560777
    37 1.789782 -0.000006 -0.000004 -0.136757 0.005385 -0.079338
    38 1.207001 -0.000001 -0.000006 0.001807 0.000004 0.725117
    39 3.729513 -7.630139 -10.742507 2.274134 -0.924386 3.061075
    40 -0.163176 2.333985 0.382082 3.036093 0.153234 -1.921804
    41 1.417019 1.884747 0.307373 -0.111807 0.161678 -1.589027
    42 2.720737 2.529261 0.412600 -3.110087 -0.046555 2.851964
  time 11
    0 0.000000 -0.000006 0.000000 -1.570781 -1.391896 -1.570809
    1 -1.483398 -3.150391 5.222656 1.596636 -1.286515 2.942963
    2 6.028145 0.000003 0.000002 -0.399320 -0.272174 -2.210016
    3 11.692549 0.000081 -0.000005 -0.000003 0.000000 -0.006509
    4 12.153566 -0.000089 -0.000024 3.820114 -0.254176 1.358303
    5 3.859703 -0.142414 -1.191975 -0.487421 0.120797 -1.069988
    6 1.312561 -0.000008 0.000003 -0.027864 0.037317 -1.192960
    7 0.729369 0.000002 0.000000 -0.008358 0.003609 0.307042
    8 3.942329 0.046756 -0.431444 -0.163132 0.051916 -0.905282
    9 1.539095 0.000004 -0.000005 -0.005237 0.000490 -1.223577
    10 1.196321 -0.000002 0.000002 -0.000362 0.000153 -0.116934
    11 3.883694 -0.046778 0.431443 0.070768 -0.015249 -0.882406
    12 1.719576 -0.000008 0.000009 0.013481 -0.025329 -1.202520
    13 1.209183 -0.000002 0.000003 0.003990 0.002743 -0.005831
    14 3.859856 -0.137957 1.332466 0.371693 -0.022511 -0.880368
    15 1.719431 0.000004 -0.000003 0.075785 -0.210568 -0.662877
    16 1.099670 -0.000004 0.000005 0.028025 -0.011715 -0.820372
    17 0.806046 -0.348927 1.321258 -1.374004 -0.689219 -0.430400
    18 1.789785 0.000000 -0.000004 0.032759 -0.078138 0.162091
    19 1.207001 0.000001 0.000002 0.010587 -0.000226 0.459257
    20 -1.406250 -6.015625 -4.156250 -1.668474 1.286518 2.942953
    21 6.028141 0.000000 -0.000002 0.730844 0.732644 -1.669143
    22 11.692554 0.000000 -0.000001 -0.000002 0.000000 -1.282346
    23 11.481701 -0.000001 -0.000007 -2.986995 -0.744128 1.198210
    24 3.859676 -0.132542 1.193109 0.528328 0.278280 -1.341454
    25 1.312565 -0.000006 -0.000001 0.065277 -0.711121 -0.161904
    26 0.729365 0.000000 0.000000 0.141935 0.000625 -1.591744
    27 3.942299 0.050346 0.431044 0.194982 0.016690 -1.137821
    28 1.539104 0.000000 0.000001 0.004047 0.019613 -0.944775
    29 1.196324 -0.000004 -0.000002 -0.000509 -0.001886 -1.524661
    30 3.883663 -0.050302 -0.431042 0.022723 -0.069904 -0.857458
    31 1.719584 0.000002 0.000007 -0.043917 0.077078 -1.252831
    32 1.209185 0.000004 0.000006 -0.001237 -0.010408 -1.253067
    33 3.859837 -0.148917 -1.331282 -0.337920 0.119869 -0.323827
    34 1.719429 0.000006 0.000011 0.002864 -0.012232 -0.588881
    35 1.099665 0.000000 0.000005 0.000726 -0.004263 -0.056846
    36 0.707031 -0.671387 -1.284180 1.317943 0.455926 -0.560777
    37 1.789782 -0.000006 -0.000004 -0.136757 0.005385 -0.079338
    38 1.207001 -0.000001 -0.000006 0.001807 0.000004 0.725117
    39 3.272467 -8.098903 -9.894825 2.342772 -0.934069 2.934515
    40 -0.163176 2.333985 0.382082 3.036093 0.153234 -1.921804
    41 1.417019 1.884747 0.307373 -0.111807 0.161678 -1.589027
    42 2.720737 2.529261 0.412600 -3.110087 -0.046555 2.851964
  time 12
    0 0.000000 -0.000006 0.000000 -1.570781 -1.391896 -1.570809
    1 -1.483398 -3.150391 5.222656 1.596636 -1.286515 2.942963
    2 6.028145 0.000003 0.000002 -0.397110 -0.279271 -2.220876
    3 11.692549 0.000081 -0.000005 -0.000003 0.000000 -0.006509
    4 11.555891 -0.000089 -0.000024 3.895379 -0.342801 1.359532
    5 3.859703 -0.142414 -1.191975 -0.487421 0.120797 -1.069988
    6 1.312561 -0.000008 0.000003 -0.027864 0.037317 -1.192998
    7 0.729369 0.000002 0.000000 -0.008358 0.003609 0.307042
    8 3.942329 0.046756 -0.431444 -0.163132 0.051916 -0.905282
    9 1.539095 0.000004 -0.000005 -0.005237 0.000490 -1.223577
    10 1.196321 -0.000002 0.000002 -0.000362 0.000153 -0.116934
    11 3.883694 -0.046778 0.431443 0.070768 -0.015249 -0.882406
    12 1.719576 -0.000008 0.000009 0.013481 -0.025329 -1.202520
    13 1.209183 -0.000002 0.000003 0.003990 0.002743 -0.005831
    14 3.859856 -0.137957 1.332466 0.371693 -0.022511 -0.880368
    15 1.719431 0.000004 -0.000003 0.075785 -0.210568 -0.662877
    16 1.099670 -0.000004 0.000005 0.028025 -0.011715 -0.820372
    17 0.806046 -0.348927 1.321258 -1.374004 -0.689219 -0.430400
    18 1.789785 0.000000 -0.000004 0.032759 -0.078138 0.162091
    19 1.207001 0.000001 0.000002 0.010587 -0.000226 0.459257
    20 -1.406250 -6.015625 -4.156250 -1.668474 1.286518 2.942953
    21 6.028141 0.000000 -0.000002 0.753258 0.760958 -1.659671
    22 11.692554 0.000000 -0.000001 -0.000002 0.000000 -1.331765
    23 11.481701 -0.000001 -0.000007 -2.964171 -0.689461 1.233633
    24 3.859676 -0.132542 1.193109 0.528328 0.278280 -1.341454
    25 1.312565 -0.000006 -0.000001 0.065277 -0.711121 -0.161904
    26 0.729365 0.000000 0.000000 0.141935 0.000625 -1.591744
    27 3.942299 0.050346 0.431044 0.194982 0.016690 -1.137821
    28 1.539104 0.000000 0.000001 0.004047 0.019613 -0.944775
    29 1.196324 -0.000004 -0.000002 -0.000509 -0.001886 -1.524661
    30 3.883663 -0.050302 -0.431042 0.022723 -0.069892 -0.857458
    31 1.719584 0.000002 0.000007 -0.043917 0.077078 -1.252831
    32 1.209185 0.000004 0.000006 -0.001237 -0.010408 -1.253067
    33 3.859837 -0.148917 -1.331282 -0.337920 0.119869 -0.323827
    34 1.719429 0.000006 0.000011 0.002864 -0.012232 -0.588881
    35 1.099665 0.000000 0.000005 0.000726 -0.004263 -0.056846
    36 0.707031 -0.671387 -1.284180 1.317943 0.455926 -0.560777
    37 1.789782 -0.000006 -0.000004 -0.136757 0.005385 -0.079338
    38 1.207001 -0.000001 -0.000006 0.001807 0.000004 0.725117
    39 2.811516 -8.559854 -9.105738 2.413853 -0.933194 2.799956
    40 -0.163176 2.333985 0.382082 3.036093 0.153234 -1.921804
    41 1.417019 1.884747 0.307373 -0.111807 0.161678 -1.589027
    42 2.720737 2.529261 0.412600 -3.110087 -0.046555 2.851964
  time 13
    0 0.000000 -0.000006 0.000000 -1.570781 -1.391896 -1.570809
    1 -1.483398 -3.150391 5.222656 1.596636 -1.286515 2.942963
    2 6.028145 0.000003 0.000002 -0.445246 -0.206950 -2.034671
    3 11.692549 0.000081 -0.000005 -0.000003 0.000012 -0.416031
    4 11.481670 -0.000089 -0.000024 3.981656 -0.437723 1.556626
    5 3.859703 -0.142414 -1.191975 -0.487421 0.120797 -1.069988
    6 1.312561 -0.000008 0.000003 -0.027864 0.037317 -1.192960
    7 0.729369 0.000002 0.000000 -0.008358 0.003609 0.307042
    8 3.942329 0.046756 -0.431444 -0.163132 0.051916 -0.905282
    9 1.539095 0.000004 -0.000005 -0.005237 0.000490 -1.223577
    10 1.196321 -0.000002 0.000002 -0.000362 0.000153 -0.116934
    11 3.883694 -0.046778 0.431443 0.070768 -0.015249 -0.882406
    12 1.719576 -0.000008 0.000009 0.013481 -0.025329 -1.202520
    13 1.209183 -0.000002 0.000003 0.003990 0.002743 -0.005831
    14 3.859856 -0.137957 1.332466 0.371693 -0.022511 -0.880368
    15 1.719431 0.000004 -0.000003 0.075785 -0.210568 -0.662877
    16 1.099670 -0.000004 0.000005 0.028025 -0.011715 -0.820372
    17 0.806046 -0.348927 1.321258 -1.374004 -0.689219 -0.430400
    18 1.789785 0.000000 -0.000004 0.032759 -0.078138 0.162091
    19 1.207001 0.000001 0.000002 0.010587 -0.000226 0.459257
    20 -1.406250 -6.015625 -4.156250 -1.668474 1.286518 2.942953
    21 6.028141 0.000000 -0.000002 0.776264 0.787790 -1.648391
    22 11.692554 0.000000 -0.000001 -0.000002 0.000000 -1.375178
    23 11.481701 -0.000001 -0.000007 -2.934888 -0.631779 1.254978
    24 3.859676 -0.132542 1.193109 0.528328 0.278280 -1.341454
    25 1.312565 -0.000006 -0.000001 0.065277 -0.711121 -0.161904
    26 0.729365 0.000000 0.000000 0.141935 0.000625 -1.591744
    27 3.942299 0.050346 0.431044 0.194982 0.016690 -1.137821
    28 1.539104 0.000000 0.000001 0.004047 0.019613 -0.944775
    29 1.196324 -0.000004 -0.000002 -0.000509 -0.001886 -1.524661
    30 3.883663 -0.050302 -0.431042 0.022723 -0.069904 -0.857458
    31 1.719584 0.000002 0.000007 -0.043917 0.077078 -1.252831
    32 1.209185 0.000004 0.000006 -0.001237 -0.010408 -1.253067
    33 3.859837 -0.148917 -1.331282 -0.337920 0.119869 -0.323827
    34 1.719429 0.000006 0.000011 0.002864 -0.012232 -0.588881
    35 1.099665 0.000000 0.000005 0.000726 -0.004263 -0.056846
    36 0.707031 -0.671387 -1.284180 1.317943 0.455926 -0.560777
    37 1.789782 -0.000006 -0.000004 -0.136757 0.005385 -0.079338
    38 1.207001 -0.000001 -0.000006 0.001807 0.000004 0.725117
    39 2.350564 -9.012993 -8.383060 2.481777 -0.920575 2.663207
    40 -0.163176 2.333985 0.382082 3.036093 0.153234 -1.921804
    41 1.417019 1.884747 0.307373 -0.111807 0.161678 -1.589027
    42 2.720737 2.529261 0.412600 -3.110087 -0.046555 2.851964
  time 14
    0 0.000000 -0.000006 0.000000 -1.570781 -1.391896 -1.570809
    1 -1.483398 -3.150391 5.222656 1.596636 -1.286515 2.942963
    2 6.028145 0.000003 0.000002 -0.469502 -0.180508 -1.948419
    3 11.692549 0.000081 -0.000005 -0.000003 0.000012 -0.603650
    4 11.481670 -0.000089 -0.000024 4.082010 -0.537452 1.627797
    5 3.859703 -0.142414 -1.191975 -0.487421 0.120797 -1.069988
    6 1.312561 -0.000008 0.000003 -0.027864 0.037317 -1.192998
    7 0.729369 0.000002 0.000000 -0.008358 0.003609 0.307042
    8 3.942329 0.046756 -0.431444 -0.163132 0.051916 -0.905282
    9 1.539095 0.000004 -0.000005 -0.005237 0.000490 -1.223577
    10 1.196321 -0.000002 0.000002 -0.000362 0.000153 -0.116934
    11 3.883694 -0.046778 0.431443 0.070768 -0.015249 -0.882406
    12 1.719576 -0.000008 0.000009 0.013481 -0.025329 -1.202520
    13 1.209183 -0.000002 0.000003 0.003990 0.002743 -0.005831
    14 3.859856 -0.137957 1.332466 0.371693 -0.022511 -0.880368
    15 1.719431 0.000004 -0.000003 0.075785 -0.210568 -0.662877
    16 1.099670 -0.000004 0.000005 0.028025 -0.011715 -0.820372
    17 0.806046 -0.348927 1.321258 -1.374004 -0.689219 -0.430400
    18 1.789785 0.000000 -0.000004 0.032759 -0.078138 0.162091
    19 1.207001 0.000001 0.000002 0.010587 -0.000226 0.459257
    20 -1.406250 -6.015625 -4.156250 -1.668474 1.286518 2.942953
    21 6.028141 0.000000 -0.000002 0.800488 0.811889 -1.634360
    22 11.692554 0.000000 -0.000001 -0.000002 0.000000 -1.413536
    23 11.481701 -0.000001 -0.000007 -2.899767 -0.571481 1.262812
    24 3.859676 -0.132542 1.193109 0.528328 0.278280 -1.341454
    25 1.312565 -0.000006 -0.000001 0.065277 -0.711121 -0.161904
    26 0.729365 0.000000 0.000000 0.141935 0.000625 -1.591744
    27 3.942299 0.050346 0.431044 0.194982 0.016690 -1.137821
    28 1.539104 0.000000 0.000001 0.004047 0.019613 -0.944775
    29 1.196324 -0.000004 -0.000002 -0.000509 -0.001886 -1.524661
    30 3.883663 -0.050302 -0.431042 0.022723 -0.069892 -0.857458
    31 1.719584 0.000002 0.000007 -0.043917 0.077078 -1.252831
    32 1.209185 0.000004 0.000006 -0.001237 -0.010408 -1.253067
    33 3.859837 -0.148917 -1.331282 -0.337920 0.119869 -0.323827
    34 1.719429 0.000006 0.000011 0.002864 -0.012232 -0.588881
    35 1.099665 0.000000 0.000005 0.000726 -0.004263 -0.056846
    36 0.707031 -0.671387 -1.284180 1.317943 0.455926 -0.560777
    37 1.789782 -0.000006 -0.000004 -0.136757 0.005385 -0.079338
    38 1.207001 -0.000001 -0.000006 0.001807 0.000004 0.725117
    39 1.897425 -9.454413 -7.734602 2.540644 -0.896058 2.530267
    40 -0.163176 2.333985 0.382082 3.036093 0.153234 -1.921804
    41 1.417019 1.884747 0.307373 -0.111807 0.161678 -1.589027
    42 2.720737 2.529261 0.412600 -3.110087 -0.046555 2.851964
  time 15
    0 0.000000 -0.000006 0.000000 -1.570781 -1.391896 -1.570809
    1 -1.483398 -3.150391 5.222656 1.596636 -1.286515 2.942963
    2 6.028145 0.000003 0.000002 -0.493651 -0.168261 -1.882636
    3 11.692549 0.000081 -0.000005 -0.000015 0.000024 -0.738357
    4 11.481670 -0.000089 -0.000024 4.200366 -0.639654 1.654338
    5 3.859703 -0.142414 -1.191975 -0.487421 0.120797 -1.069988
    6 1.312561 -0.000008 0.000003 -0.027864 0.037317 -1.192960
    7 0.729369 0.000002 0.000000 -0.008358 0.003609 0.307042
    8 3.942329 0.046756 -0.431444 -0.163132 0.051916 -0.905282
    9 1.539095 0.000004 -0.000005 -0.005237 0.000490 -1.223577
    10 1.196321 -0.000002 0.000002 -0.000362 0.000153 -0.116934
    11 3.883694 -0.046778 0.431443 0.070768 -0.015249 -0.882406
    12 1.719576 -0.000008 0.000009 0.013481 -0.025329 -1.202520
    13 1.209183 -0.000002 0.000003 0.003990 0.002743 -0.005831
    14 3.859856 -0.137957 1.332466 0.371693 -0.022511 -0.880368
    15 1.719431 0.000004 -0.000003 0.075785 -0.210568 -0.662877
    16 1.099670 -0.000004 0.000005 0.028025 -0.011715 -0.820372
    17 0.806046 -0.348927 1.321258 -1.374004 -0.689219 -0.430400
    18 1.789785 0.000000 -0.000004 0.032759 -0.078138 0.162091
    19 1.207001 0.000001 0.000002 0.010587 -0.000226 0.459257
    20 -1.406250 -6.015625 -4.156250 -1.668474 1.286518 2.942953
    21 6.028141 0.000000 -0.000002 0.826556 0.832179 -1.616673
    22 11.692554 0.000000 -0.000001 -0.000002 0.000000 -1.448206
    23 11.481701 -0.000001 -0.000007 -2.859470 -0.508968 1.258346
    24 3.859676 -0.132542 1.193109 0.528328 0.278280 -1.341454
    25 1.312565 -0.000006 -0.000001 0.065277 -0.711121 -0.161904
    26 0.729365 0.000000 0.000000 0.141935 0.000625 -1.591744
    27 3.942299 0.050346 0.431044 0.194982 0.016690 -1.137821
    28 1.539104 0.000000 0.000001 0.004047 0.019613 -0.944775
    29 1.196324 -0.000004 -0.000002 -0.000509 -0.001886 -1.524661
    30 3.883663 -0.050302 -0.431042 0.022723 -0.069892 -0.857458
    31 1.719584 0.000002 0.000007 -0.043917 0.077078 -1.252831
    32 1.209185 0.000004 0.000006 -0.001237 -0.010408 -1.253067
    33 3.859837 -0.148917 -1.331282 -0.337920 0.119869 -0.323827
    34 1.719429 0.000006 0.000011 0.002864 -0.012232 -0.588881
    35 1.099665 0.000000 0.000005 0.000726 -0.004263 -0.056846
    36 0.707031 -0.671387 -1.284180 1.317943 0.455926 -0.560777
    37 1.789782 -0.000006 -0.000004 -0.136757 0.005385 -0.079338
    38 1.207001 -0.000001 -0.000006 0.001807 0.000004 0.725117
    39 1.444287 -9.876301 -7.160366 2.585747 -0.860544 2.405992
    40 -0.163176 2.333985 0.382082 3.036093 0.153234 -1.921804
    41 1.417019 1.884747 0.307373 -0.111807 0.161678 -1.589027
    42 2.720737 2.529261 0.412600 -3.110087 -0.046555 2.851964
  time 16
    0 0.000000 -0.000006 0.000000 -1.570781 -1.391896 -1.570809
    1 -1.483398 -3.150391 5.222656 1.596636 -1.286515 2.942963
    2 6.028145 0.000003 0.000002 -0.520873 -0.165663 -1.827599
    3 11.692549 0.000081 -0.000005 -0.000015 0.000024 -0.844379
    4 11.481670 -0.000089 -0.000024 4.342278 -0.740900 1.643476
    5 3.859703 -0.142414 -1.191975 -0.487421 0.120797 -1.069988
    6 1.312561 -0.000008 0.000003 -0.027864 0.037317 -1.192960
    7 0.729369 0.000002 0.000000 -0.008358 0.003609 0.307042
    8 3.942329 0.046756 -0.431444 -0.163132 0.051916 -0.905282
    9 1.539095 0.000004 -0.000005 -0.005237 0.000490 -1.223577
    10 1.196321 -0.000002 0.000002 -0.000362 0.000153 -0.116934
    11 3.883694 -0.046778 0.431443 0.070768 -0.015249 -0.882406
    12 1.719576 -0.000008 0.000009 0.013481 -0.025329 -1.202520
    13 1.209183 -0.000002 0.000003 0.003990 0.002743 -0.005831
    14 3.859856 -0.137957 1.332466 0.371693 -0.022511 -0.880368
    15 1.719431 0.000004 -0.000003 0.075785 -0.210568 -0.662877
    16 1.099670 -0.000004 0.000005 0.028025 -0.011715 -0.820372
    17 0.806046 -0.348927 1.321258 -1.374004 -0.689219 -0.430400
    18 1.789785 0.000000 -0.000004 0.032759 -0.078138 0.162091
    19 1.207001 0.000001 0.000002 0.010587 -0.000226 0.459257
    20 -1.406250 -6.015625 -4.156250 -1.668474 1.286518 2.942953
    21 6.028141 0.000000 -0.000002 0.854783 0.847994 -1.595175
    22 11.692554 0.000000 -0.000001 -0.000002 0.000000 -1.479666
    23 11.481701 -0.000001 -0.000007 -2.814706 -0.444712 1.242716
    24 3.859676 -0.132542 1.193109 0.528328 0.278280 -1.341454
    25 1.312565 -0.000006 -0.000001 0.065277 -0.711121 -0.161904
    26 0.729365 0.000000 0.000000 0.141935 0.000625 -1.591744
    27 3.942299 0.050346 0.431044 0.194982 0.016690 -1.137821
    28 1.539104 0.000000 0.000001 0.004047 0.019613 -0.944775
    29 1.196324 -0.000004 -0.000002 -0.000509 -0.001886 -1.524661
    30 3.883663 -0.050302 -0.431042 0.022723 -0.069892 -0.857458
    31 1.719584 0.000002 0.000007 -0.043917 0.077078 -1.252831
    32 1.209185 0.000004 0.000006 -0.001237 -0.010408 -1.253067
    33 3.859837 -0.148917 -1.331282 -0.337920 0.119869 -0.323827
    34 1.719429 0.000006 0.000011 0.002864 -0.012232 -0.588881
    35 1.099665 0.000000 0.000005 0.000726 -0.004263 -0.056846
    36 0.707031 -0.671387 -1.284180 1.317943 0.455926 -0.560777
    37 1.789782 -0.000006 -0.000004 -0.136757 0.005385 -0.079338
    38 1.207001 -0.000001 -0.000006 0.001807 0.000004 0.725117
    39 0.998960 -10.286470 -6.668164 2.614406 -0.815579 2.293431
    40 -0.163176 2.333985 0.382082 3.036093 0.153234 -1.921804
    41 1.417019 1.884747 0.307373 -0.111807 0.161678 -1.589027
    42 2.720737 2.529261 0.412600 -3.110087 -0.046555 2.851964
  time 17
    0 0.000000 -0.000006 0.000000 -1.570781 -1.391896 -1.570809
    1 -1.483398 -3.150391 5.222656 1.596636 -1.286515 2.942963
    2 6.028145 0.000003 0.000002 -0.551544 -0.171137 -1.781204
    3 11.692549 0.000081 -0.000005 -0.000015 0.000024 -0.930236
    4 11.481670 -0.000089 -0.000024 4.514162 -0.836300 1.593539
    5 3.859703 -0.142414 -1.191975 -0.487421 0.120797 -1.069988
    6 1.312561 -0.000008 0.000003 -0.027864 0.037317 -1.192998
    7 0.729369 0.000002 0.000000 -0.008358 0.003609 0.307042
    8 3.942329 0.046756 -0.431444 -0.163132 0.051916 -0.905282
    9 1.539095 0.000004 -0.000005 -0.005237 0.000490 -1.223577
    10 1.196321 -0.000002 0.000002 -0.000362 0.000153 -0.116934
    11 3.883694 -0.046778 0.431443 0.070768 -0.015249 -0.882406
    12 1.719576 -0.000008 0.000009 0.013481 -0.025329 -1.202520
    13 1.209183 -0.000002 0.000003 0.003990 0.002743 -0.005831
    14 3.859856 -0.137957 1.332466 0.371693 -0.022511 -0.880368
    15 1.719431 0.000004 -0.000003 0.075785 -0.210568 -0.662877
    16 1.099670 -0.000004 0.000005 0.028025 -0.011715 -0.820372
    17 0.806046 -0.348927 1.321258 -1.374004 -0.689219 -0.430400
    18 1.789785 0.000000 -0.000004 0.032759 -0.078138 0.162091
    19 1.207001 0.000001 0.000002 0.010587 -0.000226 0.459257
    20 -1.406250 -6.015625 -4.156250 -1.668474 1.286518 2.942953
    21 6.028141 0.000000 -0.000002 0.885028 0.859011 -1.570060
    22 11.692554 0.000000 -0.000001 -0.000002 0.000000 -1.508390
    23 11.481701 -0.000001 -0.000007 -2.766181 -0.379256 1.217095
    24 3.859676 -0.132542 1.193109 0.528328 0.278280 -1.341454
    25 1.312565 -0.000006 -0.000001 0.065277 -0.711121 -0.161904
    26 0.729365 0.000000 0.000000 0.141935 0.000625 -1.591744
    27 3.942299 0.050346 0.431044 0.194982 0.016690 -1.137821
    28 1.539104 0.000000 0.000001 0.004047 0.019613 -0.944775
    29 1.196324 -0.000004 -0.000002 -0.000509 -0.001886 -1.524661
    30 3.883663 -0.050302 -0.431042 0.022723 -0.069892 -0.857458
    31 1.719584 0.000002 0.000007 -0.043917 0.077078 -1.252831
    32 1.209185 0.000004 0.000006 -0.001237 -0.010408 -1.253067
    33 3.859837 -0.148917 -1.331282 -0.337920 0.119869 -0.323827
    34 1.719429 0.000006 0.000011 0.002864 -0.012232 -0.588881
    35 1.099665 0.000000 0.000005 0.000726 -0.004263 -0.056846
    36 0.707031 -0.671387 -1.284180 1.317943 0.455926 -0.560777
    37 1.789782 -0.000006 -0.000004 -0.136757 0.005385 -0.079338
    38 1.207001 -0.000001 -0.000006 0.001807 0.000004 0.725117
    39 0.565354 -10.681013 -6.234557 2.625846 -0.763249 2.193440
    40 -0.163176 2.333985 0.382082 3.036093 0.153234 -1.921804
    41 1.417019 1.884747 0.307373 -0.111807 0.161678 -1.589027
    42 2.720737 2.529261 0.412600 -3.110087 -0.046555 2.851964
  time 18
    0 0.000000 -0.000006 0.000000 -1.570781 -1.391896 -1.570809
    1 -1.483398 -3.150391 5.222656 1.596636 -1.286515 2.942963
    2 6.028145 0.000003 0.000002 -0.584802 -0.183663 -1.743452
    3 11.692549 0.000081 -0.000005 -0.000015 0.000036 -1.000092
    4 11.481670 -0.000089 -0.000024 -1.560870 -0.919557 1.501332
    5 3.859703 -0.142414 -1.191975 -0.487421 0.120797 -1.069988
    6 1.312561 -0.000008 0.000003 -0.027864 0.037317 -1.192960
    7 0.729369 0.000002 0.000000 -0.008358 0.003609 0.307042
    8 3.942329 0.046756 -0.431444 -0.163132 0.051916 -0.905282
    9 1.539095 0.000004 -0.000005 -0.005237 0.000490 -1.223577
    10 1.196321 -0.000002 0.000002 -0.000362 0.000153 -0.116934
    11 3.883694 -0.046778 0.431443 0.070768 -0.015249 -0.882406
    12 1.719576 -0.000008 0.000009 0.013481 -0.025329 -1.202520
    13 1.209183 -0.000002 0.000003 0.003990 0.002743 -0.005831
    14 3.859856 -0.137957 1.332466 0.371693 -0.022511 -0.880368
    15 1.719431 0.000004 -0.000003 0.075785 -0.210568 -0.662877
    16 1.099670 -0.000004 0.000005 0.028025 -0.011715 -0.820372
    17 0.806046 -0.348927 1.321258 -1.374004 -0.689219 -0.430400
    18 1.789785 0.000000 -0.000004 0.032759 -0.078138 0.162091
    19 1.207001 0.000001 0.000002 0.010587 -0.000226 0.459257
    20 -1.406250 -6.015625 -4.156250 -1.668474 1.286518 2.942953
    21 6.028141 0.000000 -0.000002 0.916874 0.865145 -1.541958
    22 11.692554 0.000000 -0.000001 -0.000002 0.000000 -1.534199
    23 11.481701 -0.000001 -0.000007 -2.714428 -0.313038 1.182694
    24 3.859676 -0.132542 1.193109 0.528328 0.278280 -1.341454
    25 1.312565 -0.000006 -0.000001 0.065277 -0.711121 -0.161904
    26 0.729365 0.000000 0.000000 0.141935 0.000625 -1.591744
    27 3.942299 0.050346 0.431044 0.194982 0.016690 -1.137821
    28 1.539104 0.000000 0.000001 0.004047 0.019613 -0.944775
    29 1.196324 -0.000004 -0.000002 -0.000509 -0.001886 -1.524661
    30 3.883663 -0.050302 -0.431042 0.022723 -0.069892 -0.857458
    31 1.719584 0.000002 0.000007 -0.043917 0.077078 -1.252831
    32 1.209185 0.000004 0.000006 -0.001237 -0.010408 -1.253067
    33 3.859837 -0.148917 -1.331282 -0.337920 0.119869 -0.323827
    34 1.719429 0.000006 0.000011 0.002864 -0.012232 -0.588881
    35 1.099665 0.000000 0.000005 0.000726 -0.004263 -0.056846
    36 0.707031 -0.671387 -1.284180 1.317943 0.455926 -0.560777
    37 1.789782 -0.000006 -0.000004 -0.136757 0.005385 -0.079338
    38 1.207001 -0.000001 -0.000006 0.001807 0.000004 0.725117
    39 0.135653 -11.059931 -5.867358 2.620722 -0.705588 2.105829
    40 -0.163176 2.333985 0.382082 3.036093 0.153234 -1.921804
    41 1.417019 1.884747 0.307373 -0.111807 0.161678 -1.589027
    42 2.720737 2.529261 0.412600 -3.110087 -0.046555 2.851964
  time 19
    0 0.000000 -0.000006 0.000000 -1.570781 -1.391896 -1.570809
    1 -1.483398 -3.150391 5.222656 1.596636 -1.286515 2.942963
    2 6.028145 0.000003 0.000002 -0.619408 -0.202821 -1.714170
    3 11.692549 0.000081 -0.000005 -0.000015 0.000036 -1.056521
    4 11.481670 -0.000089 -0.000024 -1.313242 -0.983138 1.365381
    5 3.859703 -0.142414 -1.191975 -0.487421 0.120797 -1.069988
    6 1.312561 -0.000008 0.000003 -0.027864 0.037317 -1.192998
    7 0.729369 0.000002 0.000000 -0.008358 0.003609 0.307042
    8 3.942329 0.046756 -0.431444 -0.163132 0.051916 -0.905282
    9 1.539095 0.000004 -0.000005 -0.005237 0.000490 -1.223577
    10 1.196321 -0.000002 0.000002 -0.000362 0.000153 -0.116934
    11 3.883694 -0.046778 0.431443 0.070768 -0.015249 -0.882406
    12 1.719576 -0.000008 0.000009 0.013481 -0.025329 -1.202520
    13 1.209183 -0.000002 0.000003 0.003990 0.002743 -0.005831
    14 3.859856 -0.137957 1.332466 0.371693 -0.022511 -0.880368
    15 1.719431 0.000004 -0.000003 0.075785 -0.210568 -0.662877
    16 1.099670 -0.000004 0.000005 0.028025 -0.011715 -0.820372
    17 0.806046 -0.348927 1.321258 -1.374004 -0.689219 -0.430400
    18 1.789785 0.000000 -0.000004 0.032759 -0.078138 0.162091
    19 1.207001 0.000001 0.000002 0.010587 -0.000226 0.459257
    20 -1.406250 -6.015625 -4.156250 -1.668474 1.286518 2.942953
    21 6.028141 0.000000 -0.000002 0.949660 0.866627 -1.511773
    22 11.692554 0.000000 -0.000001 -0.000002 0.000000 -1.556857
    23 11.481701 -0.000001 -0.000007 -2.659888 -0.246639 1.140686
    24 3.859676 -0.132542 1.193109 0.528328 0.278280 -1.341454
    25 1.312565 -0.000006 -0.000001 0.065277 -0.711121 -0.161904
    26 0.729365 0.000000 0.000000 0.141935 0.000625 -1.591744
    27 3.942299 0.050346 0.431044 0.194982 0.016690 -1.137821
    28 1.539104 0.000000 0.000001 0.004047 0.019613 -0.944775
    29 1.196324 -0.000004 -0.000002 -0.000509 -0.001886 -1.524661
    30 3.883663 -0.050302 -0.431042 0.022723 -0.069892 -0.857458
    31 1.719584 0.000002 0.000007 -0.043917 0.077078 -1.252831
    32 1.209185 0.000004 0.000006 -0.001237 -0.010408 -1.253067
    33 3.859837 -0.148917 -1.331282 -0.337920 0.119869 -0.323827
    34 1.719429 0.000006 0.000011 0.002864 -0.012232 -0.588881
    35 1.099665 0.000000 0.000005 0.000726 -0.004263 -0.056846
    36 0.707031 -0.671387 -1.284180 1.317943 0.455926 -0.560777
    37 1.789782 -0.000006 -0.000004 -0.136757 0.005385 -0.079338
    38 1.207001 -0.000001 -0.000006 0.001807 0.000004 0.725117
    39 -0.282329 -11.427129 -5.558755 2.600583 -0.644708 2.029360
    40 -0.163176 2.333985 0.382082 3.036093 0.153234 -1.921804
    41 1.417019 1.884747 0.307373 -0.111807 0.161678 -1.589027
    42 2.720737 2.529261 0.412600 -3.110087 -0.046555 2.851964
  time 20
    0 0.000000 -0.000006 0.000000 -1.570781 -1.391896 -1.570809
    1 -1.483398 -3.150391 5.222656 1.596636 -1.286515 2.942963
    2 6.028145 0.000003 0.000002 -0.653907 -0.228753 -1.693532
    3 11.692549 0.000081 -0.000005 -0.000027 0.000036 -1.099524
    4 11.481670 -0.000089 -0.000024 -1.033056 -1.020101 1.192813
    5 3.859703 -0.142414 -1.191975 -0.487421 0.120797 -1.069988
    6 1.312561 -0.000008 0.000003 -0.027864 0.037317 -1.192960
    7 0.729369 0.000002 0.000000 -0.008358 0.003609 0.307042
    8 3.942329 0.046756 -0.431444 -0.163132 0.051916 -0.905282
    9 1.539095 0.000004 -0.000005 -0.005237 0.000490 -1.223577
    10 1.196321 -0.000002 0.000002 -0.000362 0.000153 -0.116934
    11 3.883694 -0.046778 0.431443 0.070768 -0.015249 -0.882406
    12 1.719576 -0.000008 0.000009 0.013481 -0.025329 -1.202520
    13 1.209183 -0.000002 0.000003 0.003990 0.002743 -0.005831
    14 3.859856 -0.137957 1.332466 0.371693 -0.022511 -0.880368
    15 1.719431 0.000004 -0.000003 0.075785 -0.210568 -0.662877
    16 1.099670 -0.000004 0.000005 0.028025 -0.011715 -0.820372
    17 0.806046 -0.348927 1.321258 -1.374004 -0.689219 -0.430400
    18 1.789785 0.000000 -0.000004 0.032759 -0.078138 0.162091
    19 1.207001 0.000001 0.000002 0.010587 -0.000226 0.459257
    20 -1.406250 -6.015625 -4.156250 -1.668474 1.286518 2.942953
    21 6.028141 0.000000 -0.000002 0.982620 0.863866 -1.480527
    22 11.692554 0.000000 -0.000001 -0.000002 0.000000 -1.576244
    23 11.481701 -0.000001 -0.000007 -2.602960 -0.180602 1.092396
    24 3.859676 -0.132542 1.193109 0.528328 0.278280 -1.341454
    25 1.312565 -0.000006 -0.000001 0.065277 -0.711121 -0.161904
    26 0.729365 0.000000 0.000000 0.141935 0.000625 -1.591744
    27 3.942299 0.050346 0.431044 0.194982 0.016690 -1.137821
    28 1.539104 0.000000 0.000001 0.004047 0.019613 -0.944775
    29 1.196324 -0.000004 -0.000002 -0.000509 -0.001886 -1.524661
    30 3.883663 -0.050302 -0.431042 0.022723 -0.069892 -0.857458
    31 1.719584 0.000002 0.000007 -0.043917 0.077078 -1.252831
    32 1.209185 0.000004 0.000006 -0.001237 -0.010408 -1.253067
    33 3.859837 -0.148917 -1.331282 -0.337920 0.119869 -0.323827
    34 1.719429 0.000006 0.000011 0.002864 -0.012232 -0.588881
    35 1.099665 0.000000 0.000005 0.000726 -0.004263 -0.056846
    36 0.707031 -0.671387 -1.284180 1.317943 0.455926 -0.560777
    37 1.789782 -0.000006 -0.000004 -0.136757 0.005385 -0.079338
    38 1.207001 -0.000001 -0.000006 0.001807 0.000004 0.725117
    39 -0.692497 -11.774796 -5.304841 2.567158 -0.582437 1.962509
    40 -0.163176 2.333985 0.382082 3.036093 0.153234 -1.921804
    41 1.417019 1.884747 0.307373 -0.111807 0.161678 -1.589027
    42 2.720737 2.529261 0.412600 -3.110087 -0.046555 2.851964
  time 21
    0 0.000000 -0.000006 0.000000 -1.570781 -1.391896 -1.570809
    1 -1.483398 -3.150391 5.222656 1.596636 -1.286515 2.942963
    2 6.028145 0.000003 0.000002 -0.685925 -0.260484 -1.681535
    3 11.692549 0.000081 -0.000005 -0.000027 0.000036 -1.130340
    4 11.481670 -0.000089 -0.000024 -0.742337 -1.027718 1.006679
    5 3.859703 -0.142414 -1.191975 -0.487421 0.120797 -1.069988
    6 1.312561 -0.000008 0.000003 -0.027864 0.037317 -1.192960
    7 0.729369 0.000002 0.000000 -0.008358 0.003609 0.307042
    8 3.942329 0.046756 -0.431444 -0.163132 0.051916 -0.905282
    9 1.539095 0.000004 -0.000005 -0.005237 0.000490 -1.223577
    10 1.196321 -0.000002 0.000002 -0.000362 0.000153 -0.116934
    11 3.883694 -0.046778 0.431443 0.070768 -0.015249 -0.882406
    12 1.719576 -0.000008 0.000009 0.013481 -0.025329 -1.202520
    13 1.209183 -0.000002 0.000003 0.003990 0.002743 -0.005831
    14 3.859856 -0.137957 1.332466 0.371693 -0.022511 -0.880368
    15 1.719431 0.000004 -0.000003 0.075785 -0.210568 -0.662877
    16 1.099670 -0.000004 0.000005 0.028025 -0.011715 -0.820372
    17 0.806046 -0.348927 1.321258 -1.374004 -0.689219 -0.430400
    18 1.789785 0.000000 -0.000004 0.032759 -0.078138 0.162091
    19 1.207001 0.000001 0.000002 0.010587 -0.000226 0.459257
    20 -1.406250 -6.015625 -4.156250 -1.668474 1.286518 2.942953
    21 6.028141 0.000000 -0.000002 1.014710 0.857703 -1.449517
    22 11.692554 0.000000 -0.000001 -0.000002 0.000000 -1.591409
    23 11.481701 -0.000001 -0.000007 -2.543864 -0.115474 1.039034
    24 3.859676 -0.132542 1.193109 0.528328 0.278280 -1.341454
    25 1.312565 -0.000006 -0.000001 0.065277 -0.711121 -0.161904
    26 0.729365 0.000000 0.000000 0.141935 0.000625 -1.591744
    27 3.942299 0.050346 0.431044 0.194982 0.016690 -1.137821
    28 1.539104 0.000000 0.000001 0.004047 0.019613 -0.944775
    29 1.196324 -0.000004 -0.000002 -0.000509 -0.001886 -1.524661
    30 3.883663 -0.050302 -0.431042 0.022723 -0.069892 -0.857458
    31 1.719584 0.000002 0.000007 -0.043917 0.077078 -1.252831
    32 1.209185 0.000004 0.000006 -0.001237 -0.010408 -1.253067
    33 3.859837 -0.148917 -1.331282 -0.337920 0.119869 -0.323827
    34 1.719429 0.000006 0.000011 0.002864 -0.012232 -0.588881
    35 1.099665 0.000000 0.000005 0.000726 -0.004263 -0.056846
    36 0.707031 -0.671387 -1.284180 1.317943 0.455926 -0.560777
    37 1.789782 -0.000006 -0.000004 -0.136757 0.005385 -0.079338
    38 1.207001 -0.000001 -0.000006 0.001807 0.000004 0.725117
    39 -1.087041 -12.110744 -5.097803 2.522412 -0.520526 1.904038
    40 -0.163176 2.333985 0.382082 3.036093 0.153234 -1.921804
    41 1.417019 1.884747 0.307373 -0.111807 0.161678 -1.589027
    42 2.720737 2.529261 0.412600 -3.110087 -0.046555 2.851964
  time 22
    0 0.000000 -0.000006 0.000000 -1.570781 -1.391896 -1.570809
    1 -1.483398 -3.150391 5.222656 1.596636 -1.286515 2.942963
    2 6.028145 0.000003 0.000002 -0.713201 -0.296760 -1.678123
    3 11.692549 0.000081 -0.000005 -0.000027 0.000036 -1.150207
    4 11.481670 -0.000089 -0.000024 -0.467992 -1.009335 0.834504
    5 3.859703 -0.142414 -1.191975 -0.487421 0.120797 -1.069988
    6 1.312561 -0.000008 0.000003 -0.027864 0.037317 -1.192960
    7 0.729369 0.000002 0.000000 -0.008358 0.003609 0.307042
    8 3.942329 0.046756 -0.431444 -0.163132 0.051916 -0.905282
    9 1.539095 0.000004 -0.000005 -0.005237 0.000490 -1.223577
    10 1.196321 -0.000002 0.000002 -0.000362 0.000153 -0.116934
    11 3.883694 -0.046778 0.431443 0.070768 -0.015249 -0.882406
    12 1.719576 -0.000008 0.000009 0.013481 -0.025329 -1.202520
    13 1.209183 -0.000002 0.000003 0.003990 0.002743 -0.005831
    14 3.859856 -0.137957 1.332466 0.371693 -0.022511 -0.880368
    15 1.719431 0.000004 -0.000003 0.075785 -0.210568 -0.662877
    16 1.099670 -0.000004 0.000005 0.028025 -0.011715 -0.820372
    17 0.806046 -0.348927 1.321258 -1.374004 -0.689219 -0.430400
    18 1.789785 0.000000 -0.000004 0.032759 -0.078138 0.162091
    19 1.207001 0.000001 0.000002 0.010587 -0.000226 0.459257
    20 -1.406250 -6.015625 -4.156250 -1.668474 1.286518 2.942953
    21 6.028141 0.000000 -0.000002 1.045303 0.848895 -1.419607
    22 11.692554 0.000000 -0.000001 -0.000002 0.000000 -1.602173
    23 11.481701 -0.000001 -0.000007 -2.482777 -0.051799 0.982267
    24 3.859676 -0.132542 1.193109 0.528328 0.278280 -1.341454
    25 1.312565 -0.000006 -0.000001 0.065277 -0.711121 -0.161904
    26 0.729365 0.000000 0.000000 0.141935 0.000625 -1.591744
    27 3.942299 0.050346 0.431044 0.194982 0.016690 -1.137821
    28 1.539104 0.000000 0.000001 0.004047 0.019613 -0.944775
    29 1.196324 -0.000004 -0.000002 -0.000509 -0.001886 -1.524661
    30 3.883663 -0.050302 -0.431042 0.022723 -0.069892 -0.857458
    31 1.719584 0.000002 0.000007 -0.043917 0.077078 -1.252831
    32 1.209185 0.000004 0.000006 -0.001237 -0.010408 -1.253067
    33 3.859837 -0.148917 -1.331282 -0.337920 0.119869 -0.323827
    34 1.719429 0.000006 0.000011 0.002864 -0.012232 -0.588881
    35 1.099665 0.000000 0.000005 0.000726 -0.004263 -0.056846
    36 0.707031 -0.671387 -1.284180 1.317943 0.455926 -0.560777
    37 1.789782 -0.000006 -0.000004 -0.136757 0.005385 -0.079338
    38 1.207001 -0.000001 -0.000006 0.001807 0.000004 0.725117
    39 -1.473771 -12.431066 -4.933736 2.468192 -0.460496 1.852423
    40 -0.163176 2.333985 0.382082 3.036093 0.153234 -1.921804
    41 1.417019 1.884747 0.307373 -0.111807 0.161678 -1.589027
    42 2.720737 2.529261 0.412600 -3.110087 -0.046555 2.851964
  time 23
    0 0.000000 -0.000006 0.000000 -1.570781 -1.391896 -1.570809
    1 -1.483398 -3.150391 5.222656 1.596636 -1.286515 2.942963
    2 6.028145 0.000003 0.000002 -0.733900 -0.336006 -1.682786
    3 11.692549 0.000081 -0.000005 -0.000027 0.000036 -1.160660
    4 11.481670 -0.000089 -0.000024 -0.226397 -0.972991 0.693491
    5 3.859703 -0.142414 -1.191975 -0.487421 0.120797 -1.069988
    6 1.312561 -0.000008 0.000003 -0.027864 0.037317 -1.192998
    7 0.729369 0.000002 0.000000 -0.008358 0.003609 0.307042
    8 3.942329 0.046756 -0.431444 -0.163132 0.051916 -0.905282
    9 1.539095 0.000004 -0.000005 -0.005237 0.000490 -1.223577
    10 1.196321 -0.000002 0.000002 -0.000362 0.000153 -0.116934
    11 3.883694 -0.046778 0.431443 0.070768 -0.015249 -0.882406
    12 1.719576 -0.000008 0.000009 0.013481 -0.025329 -1.202520
    13 1.209183 -0.000002 0.000003 0.003990 0.002743 -0.005831
    14 3.859856 -0.137957 1.332466 0.371693 -0.022511 -0.880368
    15 1.719431 0.000004 -0.000003 0.075785 -0.210568 -0.662877
    16 1.099670 -0.000004 0.000005 0.028025 -0.011715 -0.820372
    17 0.806046 -0.348927 1.321258 -1.374004 -0.689219 -0.430400
    18 1.789785 0.000000 -0.000004 0.032759 -0.078138 0.162091
    19 1.207001 0.000001 0.000002 0.010587 -0.000226 0.459257
    20 -1.406250 -6.015625 -4.156250 -1.668474 1.286518 2.942953
    21 6.028141 0.000000 -0.000002 1.073773 0.838400 -1.391584
    22 11.692554 0.000000 -0.000001 -0.000002 0.000000 -1.608358
    23 11.481701 -0.000001 -0.000007 -2.419744 0.009879 0.923872
    24 3.859676 -0.132542 1.193109 0.528328 0.278280 -1.341454
    25 1.312565 -0.000006 -0.000001 0.065277 -0.711121 -0.161904
    26 0.729365 0.000000 0.000000 0.141935 0.000625 -1.591744
    27 3.942299 0.050346 0.431044 0.194982 0.016690 -1.137821
    28 1.539104 0.000000 0.000001 0.004047 0.019613 -0.944775
    29 1.196324 -0.000004 -0.000002 -0.000509 -0.001886 -1.524661
    30 3.883663 -0.050302 -0.431042 0.022723 -0.069892 -0.857458
    31 1.719584 0.000002 0.000007 -0.043917 0.077078 -1.252831
    32 1.209185 0.000004 0.000006 -0.001237 -0.010408 -1.253067
    33 3.859837 -0.148917 -1.331282 -0.337920 0.119869 -0.323827
    34 1.719429 0.000006 0.000011 0.002864 -0.012232 -0.588881
    35 1.099665 0.000000 0.000005 0.000726 -0.004263 -0.056846
    36 0.707031 -0.671387 -1.284180 1.317943 0.455926 -0.560777
    37 1.789782 -0.000006 -0.000004 -0.136757 0.005385 -0.079338
    38 1.207001 -0.000001 -0.000006 0.001807 0.000004 0.725117
    39 -1.848783 -12.739669 -4.808732 2.406108 -0.403788 1.806713
    40 -0.163176 2.333985 0.382082 3.036093 0.153234 -1.921804
    41 1.417019 1.884747 0.307373 -0.111807 0.161678 -1.589027
    42 2.720737 2.529261 0.412600 -3.110087 -0.046555 2.851964
  time 24
    0 0.000000 -0.000006 0.000000 -1.570781 -1.391896 -1.570809
    1 -1.483398 -3.150391 5.222656 1.596636 -1.286515 2.942963
    2 6.028145 0.000003 0.000002 -0.746837 -0.376133 -1.694953
    3 11.692549 0.000081 -0.000005 -0.000027 0.000036 -1.163385
    4 11.481670 -0.000089 -0.000024 -0.020231 -0.927231 0.586932
    5 3.859703 -0.142414 -1.191975 -0.487421 0.120797 -1.069988
    6 1.312561 -0.000008 0.000003 -0.027864 0.037317 -1.192998
    7 0.729369 0.000002 0.000000 -0.008358 0.003609 0.307042
    8 3.942329 0.046756 -0.431444 -0.163132 0.051916 -0.905282
    9 1.539095 0.000004 -0.000005 -0.005237 0.000490 -1.223577
    10 1.196321 -0.000002 0.000002 -0.000362 0.000153 -0.116934
    11 3.883694 -0.046778 0.431443 0.070768 -0.015249 -0.882406
    12 1.719576 -0.000008 0.000009 0.013481 -0.025329 -1.202520
    13 1.209183 -0.000002 0.000003 0.003990 0.002743 -0.005831
    14 3.859856 -0.137957 1.332466 0.371693 -0.022511 -0.880368
    15 1.719431 0.000004 -0.000003 0.075785 -0.210568 -0.662877
    16 1.099670 -0.000004 0.000005 0.028025 -0.011715 -0.820372
    17 0.806046 -0.348927 1.321258 -1.374004 -0.689219 -0.430400
    18 1.789785 0.000000 -0.000004 0.032759 -0.078138 0.162091
    19 1.207001 0.000001 0.000002 0.010587 -0.000226 0.459257
    20 -1.406250 -6.015625 -4.156250 -1.668474 1.286518 2.942953
    21 6.028141 0.000000 -0.000002 1.099807 0.827150 -1.365959
    22 11.692554 0.000000 -0.000001 -0.000002 0.000000 -1.609964
    23 11.481701 -0.000001 -0.000007 -2.354677 0.069014 0.865818
    24 3.859676 -0.132542 1.193109 0.528328 0.278280 -1.341454
    25 1.312565 -0.000006 -0.000001 0.065277 -0.711121 -0.161904
    26 0.729365 0.000000 0.000000 0.141935 0.000625 -1.591744
    27 3.942299 0.050346 0.431044 0.194982 0.016690 -1.137821
    28 1.539104 0.000000 0.000001 0.004047 0.019613 -0.944775
    29 1.196324 -0.000004 -0.000002 -0.000509 -0.001886 -1.524661
    30 3.883663 -0.050302 -0.431042 0.022723 -0.069892 -0.857458
    31 1.719584 0.000002 0.000007 -0.043917 0.077078 -1.252831
    32 1.209185 0.000004 0.000006 -0.001237 -0.010408 -1.253067
    33 3.859837 -0.148917 -1.331282 -0.337920 0.119869 -0.323827
    34 1.719429 0.000006 0.000011 0.002864 -0.012232 -0.588881
    35 1.099665 0.000000 0.000005 0.000726 -0.004263 -0.056846
    36 0.707031 -0.671387 -1.284180 1.317943 0.455926 -0.560777
    37 1.789782 -0.000006 -0.000004 -0.136757 0.005385 -0.079338
    38 1.207001 -0.000001 -0.000006 0.001807 0.000004 0.725117
    39 -2.208169 -13.028741 -4.718885 2.337767 -0.351663 1.765860
    40 -0.163176 2.333985 0.382082 3.036093 0.153234 -1.921804
    41 1.417019 1.884747 0.307373 -0.111807 0.161678 -1.589027
    42 2.720737 2.529261 0.412600 -3.110087 -0.046555 2.851964
  time 25
    0 0.000000 -0.000006 0.000000 -1.570781 -1.391896 -1.570809
    1 -1.483398 -3.150391 5.222656 1.596636 -1.286515 2.942963
    2 6.028145 0.000003 0.000002 -0.751580 -0.415146 -1.713943
    3 11.692549 0.000081 -0.000005 -0.000027 0.000036 -1.159967
    4 11.481670 -0.000089 -0.000024 0.155292 -0.878884 0.510552
    5 3.859703 -0.142414 -1.191975 -0.487421 0.120797 -1.069988
    6 1.312561 -0.000008 0.000003 -0.027864 0.037317 -1.192960
    7 0.729369 0.000002 0.000000 -0.008358 0.003609 0.307042
    8 3.942329 0.046756 -0.431444 -0.163132 0.051916 -0.905282
    9 1.539095 0.000004 -0.000005 -0.005237 0.000490 -1.223577
    10 1.196321 -0.000002 0.000002 -0.000362 0.000153 -0.116934
    11 3.883694 -0.046778 0.431443 0.070768 -0.015249 -0.882406
    12 1.719576 -0.000008 0.000009 0.013481 -0.025329 -1.202520
    13 1.209183 -0.000002 0.000003 0.003990 0.002743 -0.005831
    14 3.859856 -0.137957 1.332466 0.371693 -0.022511 -0.880368
    15 1.719431 0.000004 -0.000003 0.075785 -0.210568 -0.662877
    16 1.099670 -0.000004 0.000005 0.028025 -0.011715 -0.820372
    17 0.806046 -0.348927 1.321258 -1.374004 -0.689219 -0.430400
    18 1.789785 0.000000 -0.000004 0.032759 -0.078138 0.162091
    19 1.207001 0.000001 0.000002 0.010587 -0.000226 0.459257
    20 -1.406250 -6.015625 -4.156250 -1.668474 1.286518 2.942953
    21 6.028141 0.000000 -0.000002 1.123196 0.816104 -1.343084
    22 11.692554 0.000000 -0.000001 -0.000002 0.000000 -1.607109
    23 11.481701 -0.000001 -0.000007 -2.287530 0.125025 0.810337
    24 3.859676 -0.132542 1.193109 0.528328 0.278280 -1.341454
    25 1.312565 -0.000006 -0.000001 0.065277 -0.711121 -0.161904
    26 0.729365 0.000000 0.000000 0.141935 0.000625 -1.591744
    27 3.942299 0.050346 0.431044 0.194982 0.016690 -1.137821
    28 1.539104 0.000000 0.000001 0.004047 0.019613 -0.944775
    29 1.196324 -0.000004 -0.000002 -0.000509 -0.001886 -1.524661
    30 3.883663 -0.050302 -0.431042 0.022723 -0.069892 -0.857458
    31 1.719584 0.000002 0.000007 -0.043917 0.077078 -1.252831
    32 1.209185 0.000004 0.000006 -0.001237 -0.010408 -1.253067
    33 3.859837 -0.148917 -1.331282 -0.337920 0.119869 -0.323827
    34 1.719429 0.000006 0.000011 0.002864 -0.012232 -0.588881
    35 1.099665 0.000000 0.000005 0.000726 -0.004263 -0.056846
    36 0.707031 -0.671387 -1.284180 1.317943 0.455926 -0.560777
    37 1.789782 -0.000006 -0.000004 -0.136757 0.005385 -0.079338
    38 1.207001 -0.000001 -0.000006 0.001807 0.000004 0.725117
    39 -2.551929 -13.306093 -4.660290 2.264541 -0.305308 1.729387
    40 -0.163176 2.333985 0.382082 3.036093 0.153234 -1.921804
    41 1.417019 1.884747 0.307373 -0.111807 0.161678 -1.589027
    42 2.720737 2.529261 0.412600 -3.110087 -0.046555 2.851964
  time 26
    0 0.000000 -0.000006 0.000000 -1.570781 -1.391896 -1.570809
    1 -1.483398 -3.150391 5.222656 1.596636 -1.286515 2.942963
    2 6.028145 0.000003 0.000002 -0.748454 -0.451376 -1.738903
    3 11.692549 0.000081 -0.000005 -0.000027 0.000036 -1.151792
    4 11.481670 -0.000089 -0.000024 0.306684 -0.832590 0.458501
    5 3.859703 -0.142414 -1.191975 -0.487421 0.120797 -1.069988
    6 1.312561 -0.000008 0.000003 -0.027864 0.037317 -1.192998
    7 0.729369 0.000002 0.000000 -0.008358 0.003609 0.307042
    8 3.942329 0.046756 -0.431444 -0.163132 0.051916 -0.905282
    9 1.539095 0.000004 -0.000005 -0.005237 0.000490 -1.223577
    10 1.196321 -0.000002 0.000002 -0.000362 0.000153 -0.116934
    11 3.883694 -0.046778 0.431443 0.070768 -0.015249 -0.882406
    12 1.719576 -0.000008 0.000009 0.013481 -0.025329 -1.202520
    13 1.209183 -0.000002 0.000003 0.003990 0.002743 -0.005831
    14 3.859856 -0.137957 1.332466 0.371693 -0.022511 -0.880368
    15 1.719431 0.000004 -0.000003 0.075785 -0.210568 -0.662877
    16 1.099670 -0.000004 0.000005 0.028025 -0.011715 -0.820372
    17 0.806046 -0.348927 1.321258 -1.374004 -0.689219 -0.430400
    18 1.789785 0.000000 -0.000004 0.032759 -0.078138 0.162091
    19 1.207001 0.000001 0.000002 0.010587 -0.000226 0.459257
    20 -1.406250 -6.015625 -4.156250 -1.668474 1.286518 2.942953
    21 6.028141 0.000000 -0.000002 1.143939 0.806016 -1.323039
    22 11.692554 0.000000 -0.000001 -0.000002 0.000000 -1.600270
    23 11.481701 -0.000001 -0.000007 -2.218128 0.177440 0.759663
    24 3.859676 -0.132542 1.193109 0.528328 0.278280 -1.341454
    25 1.312565 -0.000006 -0.000001 0.065277 -0.711121 -0.161904
    26 0.729365 0.000000 0.000000 0.141935 0.000625 -1.591744
    27 3.942299 0.050346 0.431044 0.194982 0.016690 -1.137821
    28 1.539104 0.000000 0.000001 0.004047 0.019613 -0.944775
    29 1.196324 -0.000004 -0.000002 -0.000509 -0.001886 -1.524661
    30 3.883663 -0.050302 -0.431042 0.022723 -0.069892 -0.857458
    31 1.719584 0.000002 0.000007 -0.043917 0.077078 -1.252831
    32 1.209185 0.000004 0.000006 -0.001237 -0.010408 -1.253067
    33 3.859837 -0.148917 -1.331282 -0.337920 0.119869 -0.323827
    34 1.719429 0.000006 0.000011 0.002864 -0.012232 -0.588881
    35 1.099665 0.000000 0.000005 0.000726 -0.004263 -0.056846
    36 0.707031 -0.671387 -1.284180 1.317943 0.455926 -0.560777
    37 1.789782 -0.000006 -0.000004 -0.136757 0.005385 -0.079338
    38 1.207001 -0.000001 -0.000006 0.001807 0.000004 0.725117
    39 -2.880064 -13.567820 -4.632945 2.187799 -0.265880 1.696723
    40 -0.163176 2.333985 0.382082 3.036093 0.153234 -1.921804
    41 1.417019 1.884747 0.307373 -0.111807 0.161678 -1.589027
    42 2.720737 2.529261 0.412600 -3.110087 -0.046555 2.851964
  time 27
    0 0.000000 -0.000006 0.000000 -1.570781 -1.391896 -1.570809
    1 -1.483398 -3.150391 5.222656 1.596636 -1.286515 2.942963
    2 6.028145 0.000003 0.000002 -0.738212 -0.483339 -1.768923
    3 11.692549 0.000081 -0.000005 -0.000027 0.000036 -1.139951
    4 11.481670 -0.000089 -0.000024 0.438829 -0.791017 0.425865
    5 3.859703 -0.142414 -1.191975 -0.487421 0.120797 -1.069988
    6 1.312561 -0.000008 0.000003 -0.027864 0.037317 -1.192998
    7 0.729369 0.000002 0.000000 -0.008358 0.003609 0.307042
    8 3.942329 0.046756 -0.431444 -0.163132 0.051916 -0.905282
    9 1.539095 0.000004 -0.000005 -0.005237 0.000490 -1.223577
    10 1.196321 -0.000002 0.000002 -0.000362 0.000153 -0.116934
    11 3.883694 -0.046778 0.431443 0.070768 -0.015249 -0.882406
    12 1.719576 -0.000008 0.000009 0.013481 -0.025329 -1.202520
    13 1.209183 -0.000002 0.000003 0.003990 0.002743 -0.005831
    14 3.859856 -0.137957 1.332466 0.371693 -0.022511 -0.880368
    15 1.719431 0.000004 -0.000003 0.075785 -0.210568 -0.662877
    16 1.099670 -0.000004 0.000005 0.028025 -0.011715 -0.820372
    17 0.806046 -0.348927 1.321258 -1.374004 -0.689219 -0.430400
    18 1.789785 0.000000 -0.000004 0.032759 -0.078138 0.162091
    19 1.207001 0.000001 0.000002 0.010587 -0.000226 0.459257
    20 -1.406250 -6.015625 -4.156250 -1.668474 1.286518 2.942953
    21 6.028141 0.000000 -0.000002 1.162177 0.797470 -1.305785
    22 11.692554 0.000000 -0.000001 -0.000002 0.000000 -1.590160
    23 11.481701 -0.000001 -0.000007 -2.146292 0.225714 0.716293
    24 3.859676 -0.132542 1.193109 0.528328 0.278280 -1.341454
    25 1.312565 -0.000006 -0.000001 0.065277 -0.711121 -0.161904
    26 0.729365 0.000000 0.000000 0.141935 0.000625 -1.591744
    27 3.942299 0.050346 0.431044 0.194982 0.016690 -1.137821
    28 1.539104 0.000000 0.000001 0.004047 0.019613 -0.944775
    29 1.196324 -0.000004 -0.000002 -0.000509 -0.001886 -1.524661
    30 3.883663 -0.050302 -0.431042 0.022723 -0.069904 -0.857458
    31 1.719584 0.000002 0.000007 -0.043917 0.077078 -1.252831
    32 1.209185 0.000004 0.000006 -0.001237 -0.010408 -1.253067
    33 3.859837 -0.148917 -1.331282 -0.337920 0.119869 -0.323827
    34 1.719429 0.000006 0.000011 0.002864 -0.012232 -0.588881
    35 1.099665 0.000000 0.000005 0.000726 -0.004263 -0.056846
    36 0.707031 -0.671387 -1.284180 1.317943 0.455926 -0.560777
    37 1.789782 -0.000006 -0.000004 -0.136757 0.005385 -0.079338
    38 1.207001 -0.000001 -0.000006 0.001807 0.000004 0.725117
    39 -3.188667 -13.813921 -4.629039 2.108734 -0.234332 1.667583
    40 -0.163176 2.333985 0.382082 3.036093 0.153234 -1.921804
    41 1.417019 1.884747 0.307373 -0.111807 0.161678 -1.589027
    42 2.720737 2.529261 0.412600 -3.110087 -0.046555 2.851964
  time 28
    0 0.000000 -0.000006 0.000000 -1.570781 -1.391896 -1.570809
    1 -1.483398 -3.150391 5.222656 1.596636 -1.286515 2.942963
    2 6.028145 0.000003 0.000002 -0.722149 -0.510245 -1.802753
    3 11.692549 0.000081 -0.000005 -0.000027 0.000036 -1.125435
    4 11.481670 -0.000089 -0.000024 0.555270 -0.755629 0.409302
    5 3.859703 -0.142414 -1.191975 -0.487421 0.120797 -1.069988
    6 1.312561 -0.000008 0.000003 -0.027864 0.037317 -1.192960
    7 0.729369 0.000002 0.000000 -0.008358 0.003609 0.307042
    8 3.942329 0.046756 -0.431444 -0.163132 0.051916 -0.905282
    9 1.539095 0.000004 -0.000005 -0.005237 0.000490 -1.223577
    10 1.196321 -0.000002 0.000002 -0.000362 0.000153 -0.116934
    11 3.883694 -0.046778 0.431443 0.070768 -0.015249 -0.882406
    12 1.719576 -0.000008 0.000009 0.013481 -0.025329 -1.202520
    13 1.209183 -0.000002 0.000003 0.003990 0.002743 -0.005831
    14 3.859856 -0.137957 1.332466 0.371693 -0.022511 -0.880368
    15 1.719431 0.000004 -0.000003 0.075785 -0.210568 -0.662877
    16 1.099670 -0.000004 0.000005 0.028025 -0.011715 -0.820372
    17 0.806046 -0.348927 1.321258 -1.374004 -0.689219 -0.430400
    18 1.789785 0.000000 -0.000004 0.032759 -0.078138 0.162091
    19 1.207001 0.000001 0.000002 0.010587 -0.000226 0.459257
    20 -1.406250 -6.015625 -4.156250 -1.668474 1.286518 2.942953
    21 6.028141 0.000000 -0.000002 1.178117 0.790900 -1.291125
    22 11.692554 0.000000 -0.000001 -0.000002 0.000000 -1.577612
    23 11.481701 -0.000001 -0.000007 -2.071892 0.269157 0.682573
    24 3.859676 -0.132542 1.193109 0.528328 0.278280 -1.341454
    25 1.312565 -0.000006 -0.000001 0.065277 -0.711121 -0.161904
    26 0.729365 0.000000 0.000000 0.141935 0.000625 -1.591744
    27 3.942299 0.050346 0.431044 0.194982 0.016690 -1.137821
    28 1.539104 0.000000 0.000001 0.004047 0.019613 -0.944775
    29 1.196324 -0.000004 -0.000002 -0.000509 -0.001886 -1.524661
    30 3.883663 -0.050302 -0.431042 0.022723 -0.069892 -0.857458
    31 1.719584 0.000002 0.000007 -0.043917 0.077078 -1.252831
    32 1.209185 0.000004 0.000006 -0.001237 -0.010408 -1.253067
    33 3.859837 -0.148917 -1.331282 -0.337920 0.119869 -0.323827
    34 1.719429 0.000006 0.000011 0.002864 -0.012232 -0.588881
    35 1.099665 0.000000 0.000005 0.000726 -0.004263 -0.056846
    36 0.707031 -0.671387 -1.284180 1.317943 0.455926 -0.560777
    37 1.789782 -0.000006 -0.000004 -0.136757 0.005385 -0.079338
    38 1.207001 -0.000001 -0.000006 0.001807 0.000004 0.725117
    39 -3.481645 -14.040490 -4.648571 2.028596 -0.211670 1.641871
    40 -0.163176 2.333985 0.382082 3.036093 0.153234 -1.921804
    41 1.417019 1.884747 0.307373 -0.111807 0.161678 -1.589027
    42 2.720737 2.529261 0.412600 -3.110087 -0.046555 2.851964
  time 29
    0 0.000000 -0.000006 0.000000 -1.570781 -1.391896 -1.570809
    1 -1.483398 -3.150391 5.222656 1.596636 -1.286515 2.942963
    2 6.028145 0.000003 0.000002 -0.701827 -0.531816 -1.839198
    3 11.692549 0.000081 -0.000005 -0.000027 0.000036 -1.108987
    4 11.481670 -0.000089 -0.000024 0.657634 -0.726958 0.407041
    5 3.859703 -0.142414 -1.191975 -0.487421 0.120797 -1.069988
    6 1.312561 -0.000008 0.000003 -0.027864 0.037317 -1.192998
    7 0.729369 0.000002 0.000000 -0.008358 0.003609 0.307042
    8 3.942329 0.046756 -0.431444 -0.163132 0.051916 -0.905282
    9 1.539095 0.000004 -0.000005 -0.005237 0.000490 -1.223577
    10 1.196321 -0.000002 0.000002 -0.000362 0.000153 -0.116934
    11 3.883694 -0.046778 0.431443 0.070768 -0.015249 -0.882406
    12 1.719576 -0.000008 0.000009 0.013481 -0.025329 -1.202520
    13 1.209183 -0.000002 0.000003 0.003990 0.002743 -0.005831
    14 3.859856 -0.137957 1.332466 0.371693 -0.022511 -0.880368
    15 1.719431 0.000004 -0.000003 0.075785 -0.210568 -0.662877
    16 1.099670 -0.000004 0.000005 0.028025 -0.011715 -0.820372
    17 0.806046 -0.348927 1.321258 -1.374004 -0.689219 -0.430400
    18 1.789785 0.000000 -0.000004 0.032759 -0.078138 0.162091
    19 1.207001 0.000001 0.000002 0.010587 -0.000226 0.459257
    20 -1.406250 -6.015625 -4.156250 -1.668474 1.286518 2.942953
    21 6.028141 0.000000 -0.000002 1.191970 0.786743 -1.278902
    22 11.692554 0.000000 -0.000001 -0.000002 0.000000 -1.563280
    23 11.481701 -0.000001 -0.000007 -1.994837 0.307116 0.660698
    24 3.859676 -0.132542 1.193109 0.528328 0.278280 -1.341454
    25 1.312565 -0.000006 -0.000001 0.065277 -0.711121 -0.161904
    26 0.729365 0.000000 0.000000 0.141935 0.000625 -1.591744
    27 3.942299 0.050346 0.431044 0.194982 0.016690 -1.137821
    28 1.539104 0.000000 0.000001 0.004047 0.019613 -0.944775
    29 1.196324 -0.000004 -0.000002 -0.000509 -0.001886 -1.524661
    30 3.883663 -0.050302 -0.431042 0.022723 -0.069892 -0.857458
    31 1.719584 0.000002 0.000007 -0.043917 0.077078 -1.252831
    32 1.209185 0.000004 0.000006 -0.001237 -0.010408 -1.253067
    33 3.859837 -0.148917 -1.331282 -0.337920 0.119869 -0.323827
    34 1.719429 0.000006 0.000011 0.002864 -0.012232 -0.588881
    35 1.099665 0.000000 0.000005 0.000726 -0.004263 -0.056846
    36 0.707031 -0.671387 -1.284180 1.317943 0.455926 -0.560777
    37 1.789782 -0.000006 -0.000004 -0.136757 0.005385 -0.079338
    38 1.207001 -0.000001 -0.000006 0.001807 0.000004 0.725117
    39 -3.755091 -14.251434 -4.687634 1.948459 -0.198819 1.619492
    40 -0.163176 2.333985 0.382082 3.036093 0.153234 -1.921804
    41 1.417019 1.884747 0.307373 -0.111807 0.161678 -1.589027
    42 2.720737 2.529261 0.412600 -3.110087 -0.046555 2.851964
  time 30
    0 0.000000 -0.000006 0.000000 -1.570781 -1.391896 -1.570809
    1 -1.483398 -3.150391 5.222656 1.596636 -1.286515 2.942963
    2 6.028145 0.000003 0.000002 -0.678864 -0.548284 -1.876894
    3 11.692549 0.000081 -0.000005 -0.000027 0.000036 -1.091399
    4 11.481670 -0.000089 -0.000024 0.746306 -0.704921 0.418444
    5 3.859703 -0.142414 -1.191975 -0.487421 0.120797 -1.069988
    6 1.312561 -0.000008 0.000003 -0.027864 0.037317 -1.192998
    7 0.729369 0.000002 0.000000 -0.008358 0.003609 0.307042
    8 3.942329 0.046756 -0.431444 -0.163132 0.051916 -0.905282
    9 1.539095 0.000004 -0.000005 -0.005237 0.000490 -1.223577
    10 1.196321 -0.000002 0.000002 -0.000362 0.000153 -0.116934
    11 3.883694 -0.046778 0.431443 0.070768 -0.015249 -0.882406
    12 1.719576 -0.000008 0.000009 0.013481 -0.025329 -1.202520
    13 1.209183 -0.000002 0.000003 0.003990 0.002743 -0.005831
    14 3.859856 -0.137957 1.332466 0.371693 -0.022511 -0.880368
    15 1.719431 0.000004 -0.000003 0.075785 -0.210568 -0.662877
    16 1.099670 -0.000004 0.000005 0.028025 -0.011715 -0.820372
    17 0.806046 -0.348927 1.321258 -1.374004 -0.689219 -0.430400
    18 1.789785 0.000000 -0.000004 0.032759 -0.078138 0.162091
    19 1.207001 0.000001 0.000002 0.010587 -0.000226 0.459257
    20 -1.406250 -6.015625 -4.156250 -1.668474 1.286518 2.942953
    21 6.028141 0.000000 -0.000002 1.204186 0.784795 -1.268683
    22 11.692554 0.000000 -0.000001 -0.000002 0.000000 -1.548591
    23 11.481701 -0.000001 -0.000007 -1.915172 0.338790 0.652864
    24 3.859676 -0.132542 1.193109 0.528328 0.278280 -1.341454
    25 1.312565 -0.000006 -0.000001 0.065277 -0.711121 -0.161904
    26 0.729365 0.000000 0.000000 0.141935 0.000625 -1.591744
    27 3.942299 0.050346 0.431044 0.194982 0.016690 -1.137821
    28 1.539104 0.000000 0.000001 0.004047 0.019613 -0.944775
    29 1.196324 -0.000004 -0.000002 -0.000509 -0.001886 -1.524661
    30 3.883663 -0.050302 -0.431042 0.022723 -0.069904 -0.857458
    31 1.719584 0.000002 0.000007 -0.043917 0.077078 -1.252831
    32 1.209185 0.000004 0.000006 -0.001237 -0.010408 -1.253067
    33 3.859837 -0.148917 -1.331282 -0.337920 0.119869 -0.323827
    34 1.719429 0.000006 0.000011 0.002864 -0.012232 -0.588881
    35 1.099665 0.000000 0.000005 0.000726 -0.004263 -0.056846
    36 0.707031 -0.671387 -1.284180 1.317943 0.455926 -0.560777
    37 1.789782 -0.000006 -0.000004 -0.136757 0.005385 -0.079338
    38 1.207001 -0.000001 -0.000006 0.001807 0.000004 0.725117
    39 -4.005098 -14.446753 -4.746230 1.869393 -0.196656 1.600637
    40 -0.163176 2.333985 0.382082 3.036093 0.153234 -1.921804
    41 1.417019 1.884747 0.307373 -0.111807 0.161678 -1.589027
    42 2.720737 2.529261 0.412600 -3.110087 -0.046555 2.851964
  time 31
    0 0.000000 -0.000006 0.000000 -1.570781 -1.391896 -1.570809
    1 -1.483398 -3.150391 5.222656 1.596636 -1.286515 2.942963
    2 6.028145 0.000003 0.000002 -0.655147 -0.561041 -1.914249
    3 11.692549 0.000081 -0.000005 -0.000027 0.000036 -1.071087
    4 11.481670 -0.000089 -0.000024 0.825401 -0.687607 0.434713
    5 3.859703 -0.142414 -1.191975 -0.487421 0.120797 -1.069988
    6 1.312561 -0.000008 0.000003 -0.027864 0.037317 -1.192998
    7 0.729369 0.000002 0.000000 -0.008358 0.003609 0.307042
    8 3.942329 0.046756 -0.431444 -0.163132 0.051916 -0.905282
    9 1.539095 0.000004 -0.000005 -0.005237 0.000490 -1.223577
    10 1.196321 -0.000002 0.000002 -0.000362 0.000153 -0.116934
    11 3.883694 -0.046778 0.431443 0.070768 -0.015249 -0.882406
    12 1.719576 -0.000008 0.000009 0.013481 -0.025329 -1.202520
    13 1.209183 -0.000002 0.000003 0.003990 0.002743 -0.005831
    14 3.859856 -0.137957 1.332466 0.371693 -0.022511 -0.880368
    15 1.719431 0.000004 -0.000003 0.075785 -0.210568 -0.662877
    16 1.099670 -0.000004 0.000005 0.028025 -0.011715 -0.820372
    17 0.806046 -0.348927 1.321258 -1.374004 -0.689219 -0.430400
    18 1.789785 0.000000 -0.000004 0.032759 -0.078138 0.162091
    19 1.207001 0.000001 0.000002 0.010587 -0.000226 0.459257
    20 -1.406250 -6.015625 -4.156250 -1.668474 1.286518 2.942953
    21 6.028141 0.000000 -0.000002 1.214384 0.783865 -1.260312
    22 11.692554 0.000000 -0.000001 -0.000002 0.000000 -1.534081
    23 11.481701 -0.000001 -0.000007 -1.835375 0.366359 0.653621
    24 3.859676 -0.132542 1.193109 0.528328 0.278280 -1.341454
    25 1.312565 -0.000006 -0.000001 0.065277 -0.711121 -0.161904
    26 0.729365 0.000000 0.000000 0.141935 0.000625 -1.591744
    27 3.942299 0.050346 0.431044 0.194982 0.016690 -1.137821
    28 1.539104 0.000000 0.000001 0.004047 0.019613 -0.944775
    29 1.196324 -0.000004 -0.000002 -0.000509 -0.001886 -1.524661
    30 3.883663 -0.050302 -0.431042 0.022723 -0.069892 -0.857458
    31 1.719584 0.000002 0.000007 -0.043917 0.077078 -1.252831
    32 1.209185 0.000004 0.000006 -0.001237 -0.010408 -1.253067
    33 3.859837 -0.148917 -1.331282 -0.337920 0.119869 -0.323827
    34 1.719429 0.000006 0.000011 0.002864 -0.012232 -0.588881
    35 1.099665 0.000000 0.000005 0.000726 -0.004263 -0.056846
    36 0.707031 -0.671387 -1.284180 1.317943 0.455926 -0.560777
    37 1.789782 -0.000006 -0.000004 -0.136757 0.005385 -0.079338
    38 1.207001 -0.000001 -0.000006 0.001807 0.000004 0.725117
    39 -4.231668 -14.622539 -4.820451 1.792711 -0.200415 1.584162
    40 -0.163176 2.333985 0.382082 3.036093 0.153234 -1.921804
    41 1.417019 1.884747 0.307373 -0.111807 0.161678 -1.589027
    42 2.720737 2.529261 0.412600 -3.110087 -0.046555 2.851964
  time 32
    0 0.000000 -0.000006 0.000000 -1.570781 -1.391896 -1.570809
    1 -1.483398 -3.150391 5.222656 1.596636 -1.286515 2.942963
    2 6.028145 0.000003 0.000002 -0.632615 -0.570922 -1.949272
    3 11.692549 0.000081 -0.000005 -0.000015 0.000036 -1.047851
    4 11.481670 -0.000089 -0.000024 0.899134 -0.672906 0.447443
    5 3.859703 -0.142414 -1.191975 -0.487421 0.120797 -1.069988
    6 1.312561 -0.000008 0.000003 -0.027864 0.037317 -1.192998
    7 0.729369 0.000002 0.000000 -0.008358 0.003609 0.307042
    8 3.942329 0.046756 -0.431444 -0.163132 0.051916 -0.905282
    9 1.539095 0.000004 -0.000005 -0.005237 0.000490 -1.223577
    10 1.196321 -0.000002 0.000002 -0.000362 0.000153 -0.116934
    11 3.883694 -0.046778 0.431443 0.070768 -0.015249 -0.882406
    12 1.719576 -0.000008 0.000009 0.013481 -0.025329 -1.202520
    13 1.209183 -0.000002 0.000003 0.003990 0.002743 -0.005831
    14 3.859856 -0.137957 1.332466 0.371693 -0.022511 -0.880368
    15 1.719431 0.000004 -0.000003 0.075785 -0.210568 -0.662877
    16 1.099670 -0.000004 0.000005 0.028025 -0.011715 -0.820372
    17 0.806046 -0.348927 1.321258 -1.374004 -0.689219 -0.430400
    18 1.789785 0.000000 -0.000004 0.032759 -0.078138 0.162091
    19 1.207001 0.000001 0.000002 0.010587 -0.000226 0.459257
    20 -1.406250 -6.015625 -4.156250 -1.668474 1.286518 2.942953
    21 6.028141 0.000000 -0.000002 1.222250 0.782441 -1.253748
    22 11.692554 0.000000 -0.000001 -0.000002 0.000000 -1.519986
    23 11.481701 -0.000001 -0.000007 -1.758010 0.392476 0.656384
    24 3.859676 -0.132542 1.193109 0.528328 0.278280 -1.341454
    25 1.312565 -0.000006 -0.000001 0.065277 -0.711121 -0.161904
    26 0.729365 0.000000 0.000000 0.141935 0.000625 -1.591744
    27 3.942299 0.050346 0.431044 0.194982 0.016690 -1.137821
    28 1.539104 0.000000 0.000001 0.004047 0.019613 -0.944775
    29 1.196324 -0.000004 -0.000002 -0.000509 -0.001886 -1.524661
    30 3.883663 -0.050302 -0.431042 0.022723 -0.069904 -0.857458
    31 1.719584 0.000002 0.000007 -0.043917 0.077078 -1.252831
    32 1.209185 0.000004 0.000006 -0.001237 -0.010408 -1.253067
    33 3.859837 -0.148917 -1.331282 -0.337920 0.119869 -0.323827
    34 1.719429 0.000006 0.000011 0.002864 -0.012232 -0.588881
    35 1.099665 0.000000 0.000005 0.000726 -0.004263 -0.056846
    36 0.707031 -0.671387 -1.284180 1.317943 0.455926 -0.560777
    37 1.789782 -0.000006 -0.000004 -0.136757 0.005385 -0.079338
    38 1.207001 -0.000001 -0.000006 0.001807 0.000004 0.725117
    39 -4.434799 -14.778794 -4.906391 1.719247 -0.204794 1.569116
    40 -0.163176 2.333985 0.382082 3.036093 0.153234 -1.921804
    41 1.417019 1.884747 0.307373 -0.111807 0.161678 -1.589027
    42 2.720737 2.529261 0.412600 -3.110087 -0.046555 2.851964
  time 33
    0 0.000000 -0.000006 0.000000 -1.570781 -1.391896 -1.570809
    1 -1.483398 -3.150391 5.222656 1.596636 -1.286515 2.942963
    2 6.028145 0.000003 0.000002 -0.612617 -0.578391 -1.980202
    3 11.692549 0.000081 -0.000005 -0.000015 0.000036 -1.024170
    4 11.481670 -0.000089 -0.000024 0.967122 -0.660060 0.457715
    5 3.859703 -0.142414 -1.191975 -0.487421 0.120797 -1.069988
    6 1.312561 -0.000008 0.000003 -0.027864 0.037317 -1.192998
    7 0.729369 0.000002 0.000000 -0.008358 0.003609 0.307042
    8 3.942329 0.046756 -0.431444 -0.163132 0.051916 -0.905282
    9 1.539095 0.000004 -0.000005 -0.005237 0.000490 -1.223577
    10 1.196321 -0.000002 0.000002 -0.000362 0.000153 -0.116934
    11 3.883694 -0.046778 0.431443 0.070768 -0.015249 -0.882406
    12 1.719576 -0.000008 0.000009 0.013481 -0.025329 -1.202520
    13 1.209183 -0.000002 0.000003 0.003990 0.002743 -0.005831
    14 3.859856 -0.137957 1.332466 0.371693 -0.022511 -0.880368
    15 1.719431 0.000004 -0.000003 0.075785 -0.210568 -0.662877
    16 1.099670 -0.000004 0.000005 0.028025 -0.011715 -0.820389
    17 0.806046 -0.348927 1.321258 -1.374004 -0.689219 -0.430400
    18 1.789785 0.000000 -0.000004 0.032759 -0.078138 0.162091
    19 1.207001 0.000001 0.000002 0.010587 -0.000226 0.459257
    20 -1.406250 -6.015625 -4.156250 -1.668474 1.286518 2.942953
    21 6.028141 0.000000 -0.000002 1.227923 0.780842 -1.248874
    22 11.692554 0.000000 -0.000001 -0.000002 0.000000 -1.506487
    23 11.481701 -0.000001 -0.000007 -1.683433 0.416813 0.661115
    24 3.859676 -0.132542 1.193109 0.528328 0.278280 -1.341454
    25 1.312565 -0.000006 -0.000001 0.065277 -0.711121 -0.161904
    26 0.729365 0.000000 0.000000 0.141935 0.000625 -1.591744
    27 3.942299 0.050346 0.431044 0.194982 0.016690 -1.137821
    28 1.539104 0.000000 0.000001 0.004047 0.019613 -0.944775
    29 1.196324 -0.000004 -0.000002 -0.000509 -0.001886 -1.524661
    30 3.883663 -0.050302 -0.431042 0.022723 -0.069904 -0.857458
    31 1.719584 0.000002 0.000007 -0.043917 0.077078 -1.252831
    32 1.209185 0.000004 0.000006 -0.001237 -0.010408 -1.253067
    33 3.859837 -0.148917 -1.331282 -0.337920 0.119869 -0.323827
    34 1.719429 0.000006 0.000011 0.002864 -0.012232 -0.588881
    35 1.099665 0.000000 0.000005 0.000726 -0.004263 -0.056846
    36 0.707031 -0.671387 -1.284180 1.317943 0.455926 -0.560777
    37 1.789782 -0.000006 -0.000004 -0.136757 0.005385 -0.079338
    38 1.207001 -0.000001 -0.000006 0.001807 0.000004 0.725117
    39 -4.614492 -14.915517 -5.000144 1.649476 -0.209712 1.555593
    40 -0.163176 2.333985 0.382082 3.036093 0.153234 -1.921804
    41 1.417019 1.884747 0.307373 -0.111807 0.161678 -1.589027
    42 2.720737 2.529261 0.412600 -3.110087 -0.046555 2.851964
  time 34
    0 0.000000 -0.000006 0.000000 -1.570781 -1.391896 -1.570809
    1 -1.483398 -3.150391 5.222656 1.596636 -1.286515 2.942963
    2 6.028145 0.000003 0.000002 -0.596068 -0.584236 -2.005958
    3 11.692549 0.000081 -0.000005 -0.000015 0.000036 -1.002024
    4 11.481670 -0.000089 -0.000024 1.029364 -0.648283 0.466857
    5 3.859703 -0.142414 -1.191975 -0.487421 0.120797 -1.069988
    6 1.312561 -0.000008 0.000003 -0.027864 0.037317 -1.192998
    7 0.729369 0.000002 0.000000 -0.008358 0.003609 0.307042
    8 3.942329 0.046756 -0.431444 -0.163132 0.051916 -0.905282
    9 1.539095 0.000004 -0.000005 -0.005237 0.000490 -1.223577
    10 1.196321 -0.000002 0.000002 -0.000362 0.000153 -0.116934
    11 3.883694 -0.046778 0.431443 0.070768 -0.015249 -0.882406
    12 1.719576 -0.000008 0.000009 0.013481 -0.025329 -1.202520
    13 1.209183 -0.000002 0.000003 0.003990 0.002743 -0.005831
    14 3.859856 -0.137957 1.332466 0.371693 -0.022511 -0.880368
    15 1.719431 0.000004 -0.000003 0.075785 -0.210568 -0.662877
    16 1.099670 -0.000004 0.000005 0.028025 -0.011715 -0.820372
    17 0.806046 -0.348927 1.321258 -1.374004 -0.689219 -0.430400
    18 1.789785 0.000000 -0.000004 0.032759 -0.078138 0.162091
    19 1.207001 0.000001 0.000002 0.010587 -0.000226 0.459257
    20 -1.406250 -6.015625 -4.156250 -1.668474 1.286518 2.942953
    21 6.028141 0.000000 -0.000002 1.231751 0.779359 -1.245534
    22 11.692554 0.000000 -0.000001 -0.000002 0.000000 -1.493879
    23 11.481701 -0.000001 -0.000007 -1.612217 0.438898 0.667889
    24 3.859676 -0.132542 1.193109 0.528328 0.278280 -1.341454
    25 1.312565 -0.000006 -0.000001 0.065277 -0.711121 -0.161904
    26 0.729365 0.000000 0.000000 0.141935 0.000625 -1.591744
    27 3.942299 0.050346 0.431044 0.194982 0.016690 -1.137821
    28 1.539104 0.000000 0.000001 0.004047 0.019613 -0.944775
    29 1.196324 -0.000004 -0.000002 -0.000509 -0.001886 -1.524661
    30 3.883663 -0.050302 -0.431042 0.022723 -0.069904 -0.857458
    31 1.719584 0.000002 0.000007 -0.043917 0.077078 -1.252831
    32 1.209185 0.000004 0.000006 -0.001237 -0.010408 -1.253067
    33 3.859837 -0.148917 -1.331282 -0.337920 0.119869 -0.323827
    34 1.719429 0.000006 0.000011 0.002864 -0.012232 -0.588881
    35 1.099665 0.000000 0.000005 0.000726 -0.004263 -0.056846
    36 0.707031 -0.671387 -1.284180 1.317943 0.455926 -0.560777
    37 1.789782 -0.000006 -0.000004 -0.136757 0.005385 -0.079338
    38 1.207001 -0.000001 -0.000006 0.001807 0.000004 0.725117
    39 -4.766840 -15.036615 -5.093897 1.583757 -0.215043 1.543690
    40 -0.163176 2.333985 0.382082 3.036093 0.153234 -1.921804
    41 1.417019 1.884747 0.307373 -0.111807 0.161678 -1.589027
    42 2.720737 2.529261 0.412600 -3.110087 -0.046555 2.851964
  time 35
    0 0.000000 -0.000006 0.000000 -1.570781 -1.391896 -1.570809
    1 -1.483398 -3.150391 5.222656 1.596636 -1.286515 2.942963
    2 6.028145 0.000003 0.000002 -0.583940 -0.589014 -2.025176
    3 11.692549 0.000081 -0.000005 -0.000015 0.000024 -0.983842
    4 11.481670 -0.000089 -0.000024 1.085478 -0.636787 0.476245
    5 3.859703 -0.142414 -1.191975 -0.487421 0.120797 -1.069988
    6 1.312561 -0.000008 0.000003 -0.027864 0.037317 -1.192998
    7 0.729369 0.000002 0.000000 -0.008358 0.003609 0.307042
    8 3.942329 0.046756 -0.431444 -0.163132 0.051916 -0.905282
    9 1.539095 0.000004 -0.000005 -0.005237 0.000490 -1.223577
    10 1.196321 -0.000002 0.000002 -0.000362 0.000153 -0.116934
    11 3.883694 -0.046778 0.431443 0.070768 -0.015249 -0.882406
    12 1.719576 -0.000008 0.000009 0.013481 -0.025329 -1.202520
    13 1.209183 -0.000002 0.000003 0.003990 0.002743 -0.005831
    14 3.859856 -0.137957 1.332466 0.371693 -0.022511 -0.880368
    15 1.719431 0.000004 -0.000003 0.075785 -0.210568 -0.662877
    16 1.099670 -0.000004 0.000005 0.028025 -0.011715 -0.820389
    17 0.806046 -0.348927 1.321258 -1.374004 -0.689219 -0.430400
    18 1.789785 0.000000 -0.000004 0.032759 -0.078138 0.162091
    19 1.207001 0.000001 0.000002 0.010587 -0.000226 0.459257
    20 -1.406250 -6.015625 -4.156250 -1.668474 1.286518 2.942953
    21 6.028141 0.000000 -0.000002 1.233840 0.778051 -1.243608
    22 11.692554 0.000000 -0.000001 -0.000002 0.000000 -1.482342
    23 11.481701 -0.000001 -0.000007 -1.544805 0.458622 0.676480
    24 3.859676 -0.132542 1.193109 0.528328 0.278280 -1.341454
    25 1.312565 -0.000006 -0.000001 0.065277 -0.711121 -0.161904
    26 0.729365 0.000000 0.000000 0.141935 0.000625 -1.591744
    27 3.942299 0.050346 0.431044 0.194982 0.016690 -1.137821
    28 1.539104 0.000000 0.000001 0.004047 0.019613 -0.944775
    29 1.196324 -0.000004 -0.000002 -0.000509 -0.001886 -1.524661
    30 3.883663 -0.050302 -0.431042 0.022723 -0.069892 -0.857458
    31 1.719584 0.000002 0.000007 -0.043917 0.077078 -1.252831
    32 1.209185 0.000004 0.000006 -0.001237 -0.010408 -1.253067
    33 3.859837 -0.148917 -1.331282 -0.337920 0.119869 -0.323827
    34 1.719429 0.000006 0.000011 0.002864 -0.012232 -0.588881
    35 1.099665 0.000000 0.000005 0.000726 -0.004263 -0.056846
    36 0.707031 -0.671387 -1.284180 1.317943 0.455926 -0.560777
    37 1.789782 -0.000006 -0.000004 -0.136757 0.005385 -0.079338
    38 1.207001 -0.000001 -0.000006 0.001807 0.000004 0.725117
    39 -4.895751 -15.138180 -5.187650 1.522447 -0.220735 1.533500
    40 -0.163176 2.333985 0.382082 3.036093 0.153234 -1.921804
    41 1.417019 1.884747 0.307373 -0.111807 0.161678 -1.589027
    42 2.720737 2.529261 0.412600 -3.110087 -0.046555 2.851964
  time 36
    0 0.000000 -0.000006 0.000000 -1.570781 -1.391896 -1.570809
    1 -1.483398 -3.150391 5.222656 1.596636 -1.286515 2.942963
    2 6.028145 0.000003 0.000002 -0.576717 -0.593560 -2.037229
    3 11.692549 0.000081 -0.000005 -0.000015 0.000024 -0.970861
    4 11.481670 -0.000089 -0.000024 1.135367 -0.624813 0.486714
    5 3.859703 -0.142414 -1.191975 -0.487421 0.120797 -1.069988
    6 1.312561 -0.000008 0.000003 -0.027864 0.037317 -1.192998
    7 0.729369 0.000002 0.000000 -0.008358 0.003609 0.307042
    8 3.942329 0.046756 -0.431444 -0.163132 0.051916 -0.905282
    9 1.539095 0.000004 -0.000005 -0.005237 0.000490 -1.223577
    10 1.196321 -0.000002 0.000002 -0.000362 0.000153 -0.116934
    11 3.883694 -0.046778 0.431443 0.070768 -0.015249 -0.882406
    12 1.719576 -0.000008 0.000009 0.013481 -0.025329 -1.202520
    13 1.209183 -0.000002 0.000003 0.003990 0.002743 -0.005831
    14 3.859856 -0.137957 1.332466 0.371693 -0.022511 -0.880368
    15 1.719431 0.000004 -0.000003 0.075785 -0.210568 -0.662877
    16 1.099670 -0.000004 0.000005 0.028025 -0.011715 -0.820372
    17 0.806046 -0.348927 1.321258 -1.374004 -0.689219 -0.430400
    18 1.789785 0.000000 -0.000004 0.032759 -0.078138 0.162091
    19 1.207001 0.000001 0.000002 0.010587 -0.000226 0.459257
    20 -1.406250 -6.015625 -4.156250 -1.668474 1.286518 2.942953
    21 6.028141 0.000000 -0.000002 1.234292 0.776888 -1.242979
    22 11.692554 0.000000 -0.000001 -0.000002 0.000000 -1.472113
    23 11.481701 -0.000001 -0.000007 -1.481728 0.475839 0.686622
    24 3.859676 -0.132542 1.193109 0.528328 0.278280 -1.341454
    25 1.312565 -0.000006 -0.000001 0.065277 -0.711121 -0.161904
    26 0.729365 0.000000 0.000000 0.141935 0.000625 -1.591744
    27 3.942299 0.050346 0.431044 0.194982 0.016690 -1.137821
    28 1.539104 0.000000 0.000001 0.004047 0.019613 -0.944775
    29 1.196324 -0.000004 -0.000002 -0.000509 -0.001886 -1.524661
    30 3.883663 -0.050302 -0.431042 0.022723 -0.069892 -0.857458
    31 1.719584 0.000002 0.000007 -0.043917 0.077078 -1.252831
    32 1.209185 0.000004 0.000006 -0.001237 -0.010408 -1.253067
    33 3.859837 -0.148917 -1.331282 -0.337920 0.119869 -0.323827
    34 1.719429 0.000006 0.000011 0.002864 -0.012232 -0.588881
    35 1.099665 0.000000 0.000005 0.000726 -0.004263 -0.056846
    36 0.707031 -0.671387 -1.284180 1.317943 0.455926 -0.560777
    37 1.789782 -0.000006 -0.000004 -0.136757 0.005385 -0.079338
    38 1.207001 -0.000001 -0.000006 0.001807 0.000004 0.725117
    39 -4.993410 -15.220214 -5.273590 1.465904 -0.226684 1.525120
    40 -0.163176 2.333985 0.382082 3.036093 0.153234 -1.921804
    41 1.417019 1.884747 0.307373 -0.111807 0.161678 -1.589027
    42 2.720737 2.529261 0.412600 -3.110087 -0.046555 2.851964
  time 37
    0 0.000000 -0.000006 0.000000 -1.570781 -1.391896 -1.570809
    1 -1.483398 -3.150391 5.222656 1.596636 -1.286515 2.942963
    2 6.028145 0.000003 0.000002 -0.574938 -0.598570 -2.041550
    3 11.692549 0.000081 -0.000005 -0.000015 0.000024 -0.964421
    4 11.481670 -0.000089 -0.000024 1.178841 -0.611630 0.499198
    5 3.859703 -0.142414 -1.191975 -0.487421 0.120797 -1.069988
    6 1.312561 -0.000008 0.000003 -0.027864 0.037317 -1.192960
    7 0.729369 0.000002 0.000000 -0.008358 0.003609 0.307042
    8 3.942329 0.046756 -0.431444 -0.163132 0.051916 -0.905282
    9 1.539095 0.000004 -0.000005 -0.005237 0.000490 -1.223577
    10 1.196321 -0.000002 0.000002 -0.000362 0.000153 -0.116934
    11 3.883694 -0.046778 0.431443 0.070768 -0.015249 -0.882406
    12 1.719576 -0.000008 0.000009 0.013481 -0.025329 -1.202520
    13 1.209183 -0.000002 0.000003 0.003990 0.002743 -0.005831
    14 3.859856 -0.137957 1.332466 0.371693 -0.022511 -0.880368
    15 1.719431 0.000004 -0.000003 0.075785 -0.210568 -0.662877
    16 1.099670 -0.000004 0.000005 0.028025 -0.011715 -0.820372
    17 0.806046 -0.348927 1.321258 -1.374004 -0.689219 -0.430400
    18 1.789785 0.000000 -0.000004 0.032759 -0.078138 0.162091
    19 1.207001 0.000001 0.000002 0.010587 -0.000226 0.459257
    20 -1.406250 -6.015625 -4.156250 -1.668474 1.286518 2.942953
    21 6.028141 0.000000 -0.000002 1.233283 0.775842 -1.243568
    22 11.692554 0.000000 -0.000001 -0.000002 0.000000 -1.463490
    23 11.481701 -0.000001 -0.000007 -1.423649 0.490514 0.698051
    24 3.859676 -0.132542 1.193109 0.528328 0.278280 -1.341454
    25 1.312565 -0.000006 -0.000001 0.065277 -0.711121 -0.161904
    26 0.729365 0.000000 0.000000 0.141935 0.000625 -1.591744
    27 3.942299 0.050346 0.431044 0.194982 0.016690 -1.137821
    28 1.539104 0.000000 0.000001 0.004047 0.019613 -0.944775
    29 1.196324 -0.000004 -0.000002 -0.000509 -0.001886 -1.524661
    30 3.883663 -0.050302 -0.431042 0.022723 -0.069904 -0.857458
    31 1.719584 0.000002 0.000007 -0.043917 0.077078 -1.252831
    32 1.209185 0.000004 0.000006 -0.001237 -0.010408 -1.253067
    33 3.859837 -0.148917 -1.331282 -0.337920 0.119869 -0.323827
    34 1.719429 0.000006 0.000011 0.002864 -0.012232 -0.588881
    35 1.099665 0.000000 0.000005 0.000726 -0.004263 -0.056846
    36 0.707031 -0.671387 -1.284180 1.317943 0.455926 -0.560777
    37 1.789782 -0.000006 -0.000004 -0.136757 0.005385 -0.079338
    38 1.207001 -0.000001 -0.000006 0.001807 0.000004 0.725117
    39 -5.063725 -15.282716 -5.351717 1.414485 -0.232813 1.518644
    40 -0.163176 2.333985 0.382082 3.036093 0.153234 -1.921804
    41 1.417019 1.884747 0.307373 -0.111807 0.161678 -1.589027
    42 2.720737 2.529261 0.412600 -3.110087 -0.046555 2.851964
  time 38
    0 0.000000 -0.000006 0.000000 -1.570781 -1.391896 -1.570809
    1 -1.483398 -3.150391 5.222656 1.596636 -1.286515 2.942963
    2 6.028145 0.000003 0.000002 -0.576447 -0.603256 -2.040925
    3 11.692549 0.000081 -0.000005 -0.000015 0.000024 -0.963678
    4 11.481670 -0.000089 -0.000024 1.216474 -0.599122 0.513698
    5 3.859703 -0.142414 -1.191975 -0.487421 0.120797 -1.069988
    6 1.312561 -0.000008 0.000003 -0.027864 0.037317 -1.192960
    7 0.729369 0.000002 0.000000 -0.008358 0.003609 0.307042
    8 3.942329 0.046756 -0.431444 -0.163132 0.051916 -0.905282
    9 1.539095 0.000004 -0.000005 -0.005237 0.000490 -1.223577
    10 1.196321 -0.000002 0.000002 -0.000362 0.000153 -0.116934
    11 3.883694 -0.046778 0.431443 0.070768 -0.015249 -0.882406
    12 1.719576 -0.000008 0.000009 0.013481 -0.025329 -1.202520
    13 1.209183 -0.000002 0.000003 0.003990 0.002743 -0.005831
    14 3.859856 -0.137957 1.332466 0.371693 -0.022511 -0.880368
    15 1.719431 0.000004 -0.000003 0.075785 -0.210568 -0.662877
    16 1.099670 -0.000004 0.000005 0.028025 -0.011715 -0.820372
    17 0.806046 -0.348927 1.321258 -1.374004 -0.689219 -0.430400
    18 1.789785 0.000000 -0.000004 0.032759 -0.078138 0.162091
    19 1.207001 0.000001 0.000002 0.010587 -0.000226 0.459257
    20 -1.406250 -6.015625 -4.156250 -1.668474 1.286518 2.942953
    21 6.028141 0.000000 -0.000002 1.230812 0.774795 -1.245259
    22 11.692554 0.000000 -0.000001 -0.000002 0.000000 -1.456770
    23 11.481701 -0.000001 -0.000007 -1.371188 0.502573 0.710351
    24 3.859676 -0.132542 1.193109 0.528328 0.278280 -1.341454
    25 1.312565 -0.000006 -0.000001 0.065277 -0.711121 -0.161904
    26 0.729365 0.000000 0.000000 0.141935 0.000625 -1.591744
    27 3.942299 0.050346 0.431044 0.194982 0.016690 -1.137821
    28 1.539104 0.000000 0.000001 0.004047 0.019613 -0.944775
    29 1.196324 -0.000004 -0.000002 -0.000509 -0.001886 -1.524661
    30 3.883663 -0.050302 -0.431042 0.022723 -0.069904 -0.857458
    31 1.719584 0.000002 0.000007 -0.043917 0.077078 -1.252831
    32 1.209185 0.000004 0.000006 -0.001237 -0.010408 -1.253067
    33 3.859837 -0.148917 -1.331282 -0.337920 0.119869 -0.323827
    34 1.719429 0.000006 0.000011 0.002864 -0.012232 -0.588881
    35 1.099665 0.000000 0.000005 0.000726 -0.004263 -0.056846
    36 0.707031 -0.671387 -1.284180 1.317943 0.455926 -0.560777
    37 1.789782 -0.000006 -0.000004 -0.136757 0.005385 -0.079338
    38 1.207001 -0.000001 -0.000006 0.001807 0.000004 0.725117
    39 -5.102788 -15.325686 -5.422032 1.368547 -0.239045 1.514264
    40 -0.163176 2.333985 0.382082 3.036093 0.153234 -1.921804
    41 1.417019 1.884747 0.307373 -0.111807 0.161678 -1.589027
    42 2.720737 2.529261 0.412600 -3.110087 -0.046555 2.851964
  time 39
    0 0.000000 -0.000006 0.000000 -1.570781 -1.391896 -1.570809
    1 -1.483398 -3.150391 5.222656 1.596636 -1.286515 2.942963
    2 6.028145 0.000003 0.000002 -0.578981 -0.606132 -2.038196
    3 11.692549 0.000081 -0.000005 -0.000015 0.000024 -0.967740
    4 11.481670 -0.000089 -0.000024 1.248552 -0.589761 0.530114
    5 3.859703 -0.142414 -1.191975 -0.487421 0.120797 -1.069988
    6 1.312561 -0.000008 0.000003 -0.027864 0.037317 -1.192960
    7 0.729369 0.000002 0.000000 -0.008358 0.003609 0.307042
    8 3.942329 0.046756 -0.431444 -0.163132 0.051916 -0.905282
    9 1.539095 0.000004 -0.000005 -0.005237 0.000490 -1.223577
    10 1.196321 -0.000002 0.000002 -0.000362 0.000153 -0.116934
    11 3.883694 -0.046778 0.431443 0.070768 -0.015249 -0.882406
    12 1.719576 -0.000008 0.000009 0.013481 -0.025329 -1.202520
    13 1.209183 -0.000002 0.000003 0.003990 0.002743 -0.005831
    14 3.859856 -0.137957 1.332466 0.371693 -0.022511 -0.880368
    15 1.719431 0.000004 -0.000003 0.075785 -0.210568 -0.662877
    16 1.099670 -0.000004 0.000005 0.028025 -0.011715 -0.820372
    17 0.806046 -0.348927 1.321258 -1.374004 -0.689219 -0.430400
    18 1.789785 0.000000 -0.000004 0.032759 -0.078138 0.162091
    19 1.207001 0.000001 0.000002 0.010587 -0.000226 0.459257
    20 -1.406250 -6.015625 -4.156250 -1.668474 1.286518 2.942953
    21 6.028141 0.000000 -0.000002 1.226948 0.773632 -1.248049
    22 11.692554 0.000000 -0.000001 -0.000002 0.000000 -1.452072
    23 11.481701 -0.000001 -0.000007 -1.324920 0.512163 0.723256
    24 3.859676 -0.132542 1.193109 0.528328 0.278280 -1.341454
    25 1.312565 -0.000006 -0.000001 0.065277 -0.711121 -0.161904
    26 0.729365 0.000000 0.000000 0.141935 0.000625 -1.591744
    27 3.942299 0.050346 0.431044 0.194982 0.016690 -1.137821
    28 1.539104 0.000000 0.000001 0.004047 0.019613 -0.944775
    29 1.196324 -0.000004 -0.000002 -0.000509 -0.001886 -1.524661
    30 3.883663 -0.050302 -0.431042 0.022723 -0.069904 -0.857458
    31 1.719584 0.000002 0.000007 -0.043917 0.077078 -1.252831
    32 1.209185 0.000004 0.000006 -0.001237 -0.010408 -1.253067
    33 3.859837 -0.148917 -1.331282 -0.337920 0.119869 -0.323827
    34 1.719429 0.000006 0.000011 0.002864 -0.012232 -0.588881
    35 1.099665 0.000000 0.000005 0.000726 -0.004263 -0.056846
    36 0.707031 -0.671387 -1.284180 1.317943 0.455926 -0.560777
    37 1.789782 -0.000006 -0.000004 -0.136757 0.005385 -0.079338
    38 1.207001 -0.000001 -0.000006 0.001807 0.000004 0.725117
    39 -5.110601 -15.349124 -5.480627 1.328329 -0.245303 1.511978
    40 -0.163176 2.333985 0.382082 3.036093 0.153234 -1.921804
    41 1.417019 1.884747 0.307373 -0.111807 0.161678 -1.589027
    42 2.720737 2.529261 0.412600 -3.110087 -0.046555 2.851964
  time 40
    0 0.000000 -0.000006 0.000000 -1.570781 -1.391896 -1.570809
    1 -1.483398 -3.150391 5.222656 1.596636 -1.286515 2.942963
    2 6.028145 0.000003 0.000002 -0.582269 -0.607152 -2.033818
    3 11.692549 0.000081 -0.000005 -0.000015 0.000024 -0.975915
    4 11.481670 -0.000089 -0.000024 1.274790 -0.583971 0.547661
    5 3.859703 -0.142414 -1.191975 -0.487421 0.120797 -1.069988
    6 1.312561 -0.000008 0.000003 -0.027864 0.037317 -1.192960
    7 0.729369 0.000002 0.000000 -0.008358 0.003609 0.307042
    8 3.942329 0.046756 -0.431444 -0.163132 0.051916 -0.905282
    9 1.539095 0.000004 -0.000005 -0.005237 0.000490 -1.223577
    10 1.196321 -0.000002 0.000002 -0.000362 0.000153 -0.116934
    11 3.883694 -0.046778 0.431443 0.070768 -0.015249 -0.882406
    12 1.719576 -0.000008 0.000009 0.013481 -0.025329 -1.202520
    13 1.209183 -0.000002 0.000003 0.003990 0.002743 -0.005831
    14 3.859856 -0.137957 1.332466 0.371693 -0.022511 -0.880368
    15 1.719431 0.000004 -0.000003 0.075785 -0.210568 -0.662877
    16 1.099670 -0.000004 0.000005 0.028025 -0.011715 -0.820372
    17 0.806046 -0.348927 1.321258 -1.374004 -0.689219 -0.430400
    18 1.789785 0.000000 -0.000004 0.032759 -0.078138 0.162091
    19 1.207001 0.000001 0.000002 0.010587 -0.000226 0.459257
    20 -1.406250 -6.015625 -4.156250 -1.668474 1.286518 2.942953
    21 6.028141 0.000000 -0.000002 1.222528 0.772034 -1.251154
    22 11.692554 0.000000 -0.000001 -0.000002 0.000000 -1.450050
    23 11.481701 -0.000001 -0.000007 -1.285508 0.518774 0.736275
    24 3.859676 -0.132542 1.193109 0.528328 0.278280 -1.341454
    25 1.312565 -0.000006 -0.000001 0.065277 -0.711121 -0.161904
    26 0.729365 0.000000 0.000000 0.141935 0.000625 -1.591744
    27 3.942299 0.050346 0.431044 0.194982 0.016690 -1.137821
    28 1.539104 0.000000 0.000001 0.004047 0.019613 -0.944775
    29 1.196324 -0.000004 -0.000002 -0.000509 -0.001886 -1.524661
    30 3.883663 -0.050302 -0.431042 0.022723 -0.069892 -0.857458
    31 1.719584 0.000002 0.000007 -0.043917 0.077078 -1.252831
    32 1.209185 0.000004 0.000006 -0.001237 -0.010408 -1.253067
    33 3.859837 -0.148917 -1.331282 -0.337920 0.119869 -0.323827
    34 1.719429 0.000006 0.000011 0.002864 -0.012232 -0.588881
    35 1.099665 0.000000 0.000005 0.000726 -0.004263 -0.056846
    36 0.707031 -0.671387 -1.284180 1.317943 0.455926 -0.560777
    37 1.789782 -0.000006 -0.000004 -0.136757 0.005385 -0.079338
    38 1.207001 -0.000001 -0.000006 0.001807 0.000004 0.725117
    39 -5.091069 -15.345218 -5.531410 1.294189 -0.251484 1.511978
    40 -0.163176 2.333985 0.382082 3.036093 0.153234 -1.921804
    41 1.417019 1.884747 0.307373 -0.111807 0.161678 -1.589027
    42 2.720737 2.529261 0.412600 -3.110087 -0.046555 2.851964
  time 41
    0 0.000000 -0.000006 0.000000 -1.570781 -1.391896 -1.570809
    1 -1.483398 -3.150391 5.222656 1.596636 -1.286515 2.942963
    2 6.028145 0.000003 0.000002 -0.585611 -0.606920 -2.028985
    3 11.692549 0.000081 -0.000005 -0.000015 0.000024 -0.985378
    4 11.481670 -0.000089 -0.000024 1.294707 -0.581132 0.564814
    5 3.859703 -0.142414 -1.191975 -0.487421 0.120797 -1.069988
    6 1.312561 -0.000008 0.000003 -0.027864 0.037317 -1.192960
    7 0.729369 0.000002 0.000000 -0.008358 0.003609 0.307042
    8 3.942329 0.046756 -0.431444 -0.163132 0.051916 -0.905282
    9 1.539095 0.000004 -0.000005 -0.005237 0.000490 -1.223577
    10 1.196321 -0.000002 0.000002 -0.000362 0.000153 -0.116934
    11 3.883694 -0.046778 0.431443 0.070768 -0.015249 -0.882406
    12 1.719576 -0.000008 0.000009 0.013481 -0.025329 -1.202520
    13 1.209183 -0.000002 0.000003 0.003990 0.002743 -0.005831
    14 3.859856 -0.137957 1.332466 0.371693 -0.022511 -0.880368
    15 1.719431 0.000004 -0.000003 0.075785 -0.210568 -0.662877
    16 1.099670 -0.000004 0.000005 0.028025 -0.011715 -0.820372
    17 0.806046 -0.348927 1.321258 -1.374004 -0.689219 -0.430400
    18 1.789785 0.000000 -0.000004 0.032759 -0.078138 0.162091
    19 1.207001 0.000001 0.000002 0.010587 -0.000226 0.459257
    20 -1.406250 -6.015625 -4.156250 -1.668474 1.286518 2.942953
    21 6.028141 0.000000 -0.000002 1.218317 0.770260 -1.254062
    22 11.692554 0.000000 -0.000001 -0.000002 0.000000 -1.449396
    23 11.481701 -0.000001 -0.000007 -1.253527 0.522406 0.748309
    24 3.859676 -0.132542 1.193109 0.528328 0.278280 -1.341454
    25 1.312565 -0.000006 -0.000001 0.065277 -0.711121 -0.161904
    26 0.729365 0.000000 0.000000 0.141935 0.000625 -1.591744
    27 3.942299 0.050346 0.431044 0.194982 0.016690 -1.137821
    28 1.539104 0.000000 0.000001 0.004047 0.019613 -0.944775
    29 1.196324 -0.000004 -0.000002 -0.000509 -0.001886 -1.524661
    30 3.883663 -0.050302 -0.431042 0.022723 -0.069892 -0.857458
    31 1.719584 0.000002 0.000007 -0.043917 0.077078 -1.252831
    32 1.209185 0.000004 0.000006 -0.001237 -0.010408 -1.253067
    33 3.859837 -0.148917 -1.331282 -0.337920 0.119869 -0.323827
    34 1.719429 0.000006 0.000011 0.002864 -0.012232 -0.588881
    35 1.099665 0.000000 0.000005 0.000726 -0.004263 -0.056846
    36 0.707031 -0.671387 -1.284180 1.317943 0.455926 -0.560777
    37 1.789782 -0.000006 -0.000004 -0.136757 0.005385 -0.079338
    38 1.207001 -0.000001 -0.000006 0.001807 0.000004 0.725117
    39 -5.063725 -15.333499 -5.574380 1.266603 -0.257613 1.513788
    40 -0.163176 2.333985 0.382082 3.036093 0.153234 -1.921804
    41 1.417019 1.884747 0.307373 -0.111807 0.161678 -1.589027
    42 2.720737 2.529261 0.412600 -3.110087 -0.046555 2.851964
  time 42
    0 0.000000 -0.000006 0.000000 -1.570781 -1.391896 -1.570809
    1 -1.483398 -3.150391 5.222656 1.596636 -1.286515 2.942963
    2 6.028145 0.000003 0.000002 -0.588899 -0.606271 -2.023982
    3 11.692549 0.000081 -0.000005 -0.000015 0.000036 -0.994543
    4 11.481670 -0.000089 -0.000024 1.307922 -0.580148 0.580494
    5 3.859703 -0.142414 -1.191975 -0.487421 0.120797 -1.069988
    6 1.312561 -0.000008 0.000003 -0.027864 0.037317 -1.192998
    7 0.729369 0.000002 0.000000 -0.008358 0.003609 0.307042
    8 3.942329 0.046756 -0.431444 -0.163132 0.051916 -0.905282
    9 1.539095 0.000004 -0.000005 -0.005237 0.000490 -1.223577
    10 1.196321 -0.000002 0.000002 -0.000362 0.000153 -0.116934
    11 3.883694 -0.046778 0.431443 0.070768 -0.015249 -0.882406
    12 1.719576 -0.000008 0.000009 0.013481 -0.025329 -1.202520
    13 1.209183 -0.000002 0.000003 0.003990 0.002743 -0.005831
    14 3.859856 -0.137957 1.332466 0.371693 -0.022511 -0.880368
    15 1.719431 0.000004 -0.000003 0.075785 -0.210568 -0.662877
    16 1.099670 -0.000004 0.000005 0.028025 -0.011715 -0.820372
    17 0.806046 -0.348927 1.321258 -1.374004 -0.689219 -0.430400
    18 1.789785 0.000000 -0.000004 0.032759 -0.078138 0.162091
    19 1.207001 0.000001 0.000002 0.010587 -0.000226 0.459257
    20 -1.406250 -6.015625 -4.156250 -1.668474 1.286518 2.942953
    21 6.028141 0.000000 -0.000002 1.214245 0.769039 -1.256971
    22 11.692554 0.000000 -0.000001 -0.000002 0.000000 -1.448742
    23 11.481701 -0.000001 -0.000007 -1.229508 0.523641 0.758528
    24 3.859676 -0.132542 1.193109 0.528328 0.278280 -1.341454
    25 1.312565 -0.000006 -0.000001 0.065277 -0.711121 -0.161904
    26 0.729365 0.000000 0.000000 0.141935 0.000625 -1.591744
    27 3.942299 0.050346 0.431044 0.194982 0.016690 -1.137821
    28 1.539104 0.000000 0.000001 0.004047 0.019613 -0.944775
    29 1.196324 -0.000004 -0.000002 -0.000509 -0.001886 -1.524661
    30 3.883663 -0.050302 -0.431042 0.022723 -0.069892 -0.857458
    31 1.719584 0.000002 0.000007 -0.043917 0.077078 -1.252831
    32 1.209185 0.000004 0.000006 -0.001237 -0.010408 -1.253067
    33 3.859837 -0.148917 -1.331282 -0.337920 0.119869 -0.323827
    34 1.719429 0.000006 0.000011 0.002864 -0.012232 -0.588881
    35 1.099665 0.000000 0.000005 0.000726 -0.004263 -0.056846
    36 0.707031 -0.671387 -1.284180 1.317943 0.455926 -0.560777
    37 1.789782 -0.000006 -0.000004 -0.136757 0.005385 -0.079338
    38 1.207001 -0.000001 -0.000006 0.001807 0.000004 0.725117
    39 -5.020754 -15.317873 -5.613444 1.246106 -0.263742 1.516644
    40 -0.163176 2.333985 0.382082 3.036093 0.153234 -1.921804
    41 1.417019 1.884747 0.307373 -0.111807 0.161678 -1.589027
    42 2.720737 2.529261 0.412600 -3.110087 -0.046555 2.851964
  time 43
    0 0.000000 -0.000006 0.000000 -1.570781 -1.391896 -1.570809
    1 -1.483398 -3.150391 5.222656 1.596636 -1.286515 2.942963
    2 6.028145 0.000003 0.000002 -0.592187 -0.605111 -2.018865
    3 11.692549 0.000081 -0.000005 -0.000015 0.000036 -1.003263
    4 11.481670 -0.000089 -0.000024 1.313955 -0.580879 0.594501
    5 3.859703 -0.142414 -1.191975 -0.487421 0.120797 -1.069988
    6 1.312561 -0.000008 0.000003 -0.027864 0.037317 -1.192998
    7 0.729369 0.000002 0.000000 -0.008358 0.003609 0.307042
    8 3.942329 0.046756 -0.431444 -0.163132 0.051916 -0.905282
    9 1.539095 0.000004 -0.000005 -0.005237 0.000490 -1.223577
    10 1.196321 -0.000002 0.000002 -0.000362 0.000153 -0.116934
    11 3.883694 -0.046778 0.431443 0.070768 -0.015249 -0.882406
    12 1.719576 -0.000008 0.000009 0.013481 -0.025329 -1.202520
    13 1.209183 -0.000002 0.000003 0.003990 0.002743 -0.005831
    14 3.859856 -0.137957 1.332466 0.371693 -0.022511 -0.880368
    15 1.719431 0.000004 -0.000003 0.075785 -0.210568 -0.662877
    16 1.099670 -0.000004 0.000005 0.028025 -0.011715 -0.820372
    17 0.806046 -0.348927 1.321258 -1.374004 -0.689219 -0.430400
    18 1.789785 0.000000 -0.000004 0.032759 -0.078138 0.162091
    19 1.207001 0.000001 0.000002 0.010587 -0.000226 0.459257
    20 -1.406250 -6.015625 -4.156250 -1.668474 1.286518 2.942953
    21 6.028141 0.000000 -0.000002 1.210416 0.768254 -1.259801
    22 11.692554 0.000000 -0.000001 -0.000002 0.000000 -1.448088
    23 11.481701 -0.000001 -0.000007 -1.214026 0.522624 0.766589
    24 3.859676 -0.132542 1.193109 0.528328 0.278280 -1.341454
    25 1.312565 -0.000006 -0.000001 0.065277 -0.711121 -0.161904
    26 0.729365 0.000000 0.000000 0.141935 0.000625 -1.591744
    27 3.942299 0.050346 0.431044 0.194982 0.016690 -1.137821
    28 1.539104 0.000000 0.000001 0.004047 0.019613 -0.944775
    29 1.196324 -0.000004 -0.000002 -0.000509 -0.001886 -1.524661
    30 3.883663 -0.050302 -0.431042 0.022723 -0.069892 -0.857458
    31 1.719584 0.000002 0.000007 -0.043917 0.077078 -1.252831
    32 1.209185 0.000004 0.000006 -0.001237 -0.010408 -1.253067
    33 3.859837 -0.148917 -1.331282 -0.337920 0.119869 -0.323827
    34 1.719429 0.000006 0.000011 0.002864 -0.012232 -0.588881
    35 1.099665 0.000000 0.000005 0.000726 -0.004263 -0.056846
    36 0.707031 -0.671387 -1.284180 1.317943 0.455926 -0.560777
    37 1.789782 -0.000006 -0.000004 -0.136757 0.005385 -0.079338
    38 1.207001 -0.000001 -0.000006 0.001807 0.000004 0.725117
    39 -4.969972 -15.306154 -5.652508 1.233117 -0.269769 1.520549
    40 -0.163176 2.333985 0.382082 3.036093 0.153234 -1.921804
    41 1.417019 1.884747 0.307373 -0.111807 0.161678 -1.589027
    42 2.720737 2.529261 0.412600 -3.110087 -0.046555 2.851964
  time 44
    0 0.000000 -0.000006 0.000000 -1.570781 -1.391896 -1.570809
    1 -1.483398 -3.150391 5.222656 1.596636 -1.286515 2.942963
    2 6.028145 0.000003 0.000002 -0.595421 -0.603395 -2.013747
    3 11.692549 0.000081 -0.000005 -0.000015 0.000036 -1.011388
    4 11.481670 -0.000089 -0.000024 1.312518 -0.583297 0.606593
    5 3.859703 -0.142414 -1.191975 -0.487421 0.120797 -1.069988
    6 1.312561 -0.000008 0.000003 -0.027864 0.037317 -1.192960
    7 0.729369 0.000002 0.000000 -0.008358 0.003609 0.307042
    8 3.942329 0.046756 -0.431444 -0.163132 0.051916 -0.905282
    9 1.539095 0.000004 -0.000005 -0.005237 0.000490 -1.223577
    10 1.196321 -0.000002 0.000002 -0.000362 0.000153 -0.116934
    11 3.883694 -0.046778 0.431443 0.070768 -0.015249 -0.882406
    12 1.719576 -0.000008 0.000009 0.013481 -0.025329 -1.202520
    13 1.209183 -0.000002 0.000003 0.003990 0.002743 -0.005831
    14 3.859856 -0.137957 1.332466 0.371693 -0.022511 -0.880368
    15 1.719431 0.000004 -0.000003 0.075785 -0.210568 -0.662877
    16 1.099670 -0.000004 0.000005 0.028025 -0.011715 -0.820372
    17 0.806046 -0.348927 1.321258 -1.374004 -0.689219 -0.430400
    18 1.789785 0.000000 -0.000004 0.032759 -0.078138 0.162091
    19 1.207001 0.000001 0.000002 0.010587 -0.000226 0.459257
    20 -1.406250 -6.015625 -4.156250 -1.668474 1.286518 2.942953
    21 6.028141 0.000000 -0.000002 1.207005 0.767906 -1.262395
    22 11.692554 0.000000 -0.000001 -0.000002 0.000000 -1.447433
    23 11.481701 -0.000001 -0.000007 -1.207568 0.519391 0.772341
    24 3.859676 -0.132542 1.193109 0.528328 0.278280 -1.341454
    25 1.312565 -0.000006 -0.000001 0.065277 -0.711121 -0.161904
    26 0.729365 0.000000 0.000000 0.141935 0.000625 -1.591744
    27 3.942299 0.050346 0.431044 0.194982 0.016690 -1.137821
    28 1.539104 0.000000 0.000001 0.004047 0.019613 -0.944775
    29 1.196324 -0.000004 -0.000002 -0.000509 -0.001886 -1.524661
    30 3.883663 -0.050302 -0.431042 0.022723 -0.069892 -0.857458
    31 1.719584 0.000002 0.000007 -0.043917 0.077078 -1.252831
    32 1.209185 0.000004 0.000006 -0.001237 -0.010408 -1.253067
    33 3.859837 -0.148917 -1.331282 -0.337920 0.119869 -0.323827
    34 1.719429 0.000006 0.000011 0.002864 -0.012232 -0.588881
    35 1.099665 0.000000 0.000005 0.000726 -0.004263 -0.056846
    36 0.707031 -0.671387 -1.284180 1.317943 0.455926 -0.560777
    37 1.789782 -0.000006 -0.000004 -0.136757 0.005385 -0.079338
    38 1.207001 -0.000001 -0.000006 0.001807 0.000004 0.725117
    39 -4.911376 -15.294435 -5.691571 1.227993 -0.275717 1.525310
    40 -0.163176 2.333985 0.382082 3.036093 0.153234 -1.921804
    41 1.417019 1.884747 0.307373 -0.111807 0.161678 -1.589027
    42 2.720737 2.529261 0.412600 -3.110087 -0.046555 2.851964
  time 45
    0 0.000000 -0.000006 0.000000 -1.570781 -1.391896 -1.570809
    1 -1.483398 -3.150391 5.222656 1.596636 -1.286515 2.942963
    2 6.028145 0.000003 0.000002 -0.598602 -0.601214 -2.008460
    3 11.692549 0.000081 -0.000005 -0.000015 0.000036 -1.019364
    4 11.481670 -0.000089 -0.000024 1.305624 -0.587035 0.617258
    5 3.859703 -0.142414 -1.191975 -0.487421 0.120797 -1.069988
    6 1.312561 -0.000008 0.000003 -0.027864 0.037317 -1.192998
    7 0.729369 0.000002 0.000000 -0.008358 0.003609 0.307042
    8 3.942329 0.046756 -0.431444 -0.163132 0.051916 -0.905282
    9 1.539095 0.000004 -0.000005 -0.005237 0.000490 -1.223577
    10 1.196321 -0.000002 0.000002 -0.000362 0.000153 -0.116934
    11 3.883694 -0.046778 0.431443 0.070768 -0.015249 -0.882406
    12 1.719576 -0.000008 0.000009 0.013481 -0.025329 -1.202520
    13 1.209183 -0.000002 0.000003 0.003990 0.002743 -0.005831
    14 3.859856 -0.137957 1.332466 0.371693 -0.022511 -0.880368
    15 1.719431 0.000004 -0.000003 0.075785 -0.210568 -0.662877
    16 1.099670 -0.000004 0.000005 0.028025 -0.011715 -0.820372
    17 0.806046 -0.348927 1.321258 -1.374004 -0.689219 -0.430400
    18 1.789785 0.000000 -0.000004 0.032759 -0.078138 0.162091
    19 1.207001 0.000001 0.000002 0.010587 -0.000226 0.459257
    20 -1.406250 -6.015625 -4.156250 -1.668474 1.286518 2.942953
    21 6.028141 0.000000 -0.000002 1.203977 0.767935 -1.264832
    22 11.692554 0.000000 -0.000001 -0.000002 0.000000 -1.446779
    23 11.481701 -0.000001 -0.000007 -1.207966 0.514524 0.776201
    24 3.859676 -0.132542 1.193109 0.528328 0.278280 -1.341454
    25 1.312565 -0.000006 -0.000001 0.065277 -0.711121 -0.161904
    26 0.729365 0.000000 0.000000 0.141935 0.000625 -1.591744
    27 3.942299 0.050346 0.431044 0.194982 0.016690 -1.137821
    28 1.539104 0.000000 0.000001 0.004047 0.019613 -0.944775
    29 1.196324 -0.000004 -0.000002 -0.000509 -0.001886 -1.524661
    30 3.883663 -0.050302 -0.431042 0.022723 -0.069904 -0.857458
    31 1.719584 0.000002 0.000007 -0.043917 0.077078 -1.252831
    32 1.209185 0.000004 0.000006 -0.001237 -0.010408 -1.253067
    33 3.859837 -0.148917 -1.331282 -0.337920 0.119869 -0.323827
    34 1.719429 0.000006 0.000011 0.002864 -0.012232 -0.588881
    35 1.099665 0.000000 0.000005 0.000726 -0.004263 -0.056846
    36 0.707031 -0.671387 -1.284180 1.317943 0.455926 -0.560777
    37 1.789782 -0.000006 -0.000004 -0.136757 0.005385 -0.079338
    38 1.207001 -0.000001 -0.000006 0.001807 0.000004 0.725117
    39 -4.844968 -15.282716 -5.722822 1.228768 -0.281486 1.530738
    40 -0.163176 2.333985 0.382082 3.036093 0.153234 -1.921804
    41 1.417019 1.884747 0.307373 -0.111807 0.161678 -1.589027
    42 2.720737 2.529261 0.412600 -3.110087 -0.046555 2.851964
  time 46
    0 0.000000 -0.000006 0.000000 -1.570781 -1.391896 -1.570809
    1 -1.483398 -3.150391 5.222656 1.596636 -1.286515 2.942963
    2 6.028145 0.000003 0.000002 -0.601620 -0.598895 -2.003286
    3 11.692549 0.000081 -0.000005 -0.000015 0.000036 -1.026795
    4 11.481670 -0.000089 -0.000024 1.295473 -0.591729 0.626843
    5 3.859703 -0.142414 -1.191975 -0.487421 0.120797 -1.069988
    6 1.312561 -0.000008 0.000003 -0.027864 0.037317 -1.192998
    7 0.729369 0.000002 0.000000 -0.008358 0.003609 0.307042
    8 3.942329 0.046756 -0.431444 -0.163132 0.051916 -0.905282
    9 1.539095 0.000004 -0.000005 -0.005237 0.000490 -1.223577
    10 1.196321 -0.000002 0.000002 -0.000362 0.000153 -0.116934
    11 3.883694 -0.046778 0.431443 0.070768 -0.015249 -0.882406
    12 1.719576 -0.000008 0.000009 0.013481 -0.025329 -1.202520
    13 1.209183 -0.000002 0.000003 0.003990 0.002743 -0.005831
    14 3.859856 -0.137957 1.332466 0.371693 -0.022511 -0.880368
    15 1.719431 0.000004 -0.000003 0.075785 -0.210568 -0.662877
    16 1.099670 -0.000004 0.000005 0.028025 -0.011715 -0.820372
    17 0.806046 -0.348927 1.321258 -1.374004 -0.689219 -0.430400
    18 1.789785 0.000000 -0.000004 0.032759 -0.078138 0.162091
    19 1.207001 0.000001 0.000002 0.010587 -0.000226 0.459257
    20 -1.406250 -6.015625 -4.156250 -1.668474 1.286518 2.942953
    21 6.028141 0.000000 -0.000002 1.201123 0.768225 -1.267111
    22 11.692554 0.000000 -0.000001 -0.000002 0.000000 -1.446066
    23 11.481701 -0.000001 -0.000007 -1.212345 0.508494 0.778812
    24 3.859676 -0.132542 1.193109 0.528328 0.278280 -1.341454
    25 1.312565 -0.000006 -0.000001 0.065277 -0.711121 -0.161904
    26 0.729365 0.000000 0.000000 0.141935 0.000625 -1.591744
    27 3.942299 0.050346 0.431044 0.194982 0.016690 -1.137821
    28 1.539104 0.000000 0.000001 0.004047 0.019613 -0.944775
    29 1.196324 -0.000004 -0.000002 -0.000509 -0.001886 -1.524661
    30 3.883663 -0.050302 -0.431042 0.022723 -0.069892 -0.857458
    31 1.719584 0.000002 0.000007 -0.043917 0.077078 -1.252831
    32 1.209185 0.000004 0.000006 -0.001237 -0.010408 -1.253067
    33 3.859837 -0.148917 -1.331282 -0.337920 0.119869 -0.323827
    34 1.719429 0.000006 0.000011 0.002864 -0.012232 -0.588881
    35 1.099665 0.000000 0.000005 0.000726 -0.004263 -0.056846
    36 0.707031 -0.671387 -1.284180 1.317943 0.455926 -0.560777
    37 1.789782 -0.000006 -0.000004 -0.136757 0.005385 -0.079338
    38 1.207001 -0.000001 -0.000006 0.001807 0.000004 0.725117
    39 -4.778560 -15.274903 -5.754073 1.232939 -0.287023 1.536738
    40 -0.163176 2.333985 0.382082 3.036093 0.153234 -1.921804
    41 1.417019 1.884747 0.307373 -0.111807 0.161678 -1.589027
    42 2.720737 2.529261 0.412600 -3.110087 -0.046555 2.851964
  time 47
    0 0.000000 -0.000006 0.000000 -1.570781 -1.391896 -1.570809
    1 -1.483398 -3.150391 5.222656 1.596636 -1.286515 2.942963
    2 6.028145 0.000003 0.000002 -0.604531 -0.596436 -1.998339
    3 11.692549 0.000081 -0.000005 -0.000015 0.000036 -1.033781
    4 11.481670 -0.000089 -0.000024 1.282642 -0.597182 0.635493
    5 3.859703 -0.142414 -1.191975 -0.487421 0.120797 -1.069988
    6 1.312561 -0.000008 0.000003 -0.027864 0.037317 -1.192998
    7 0.729369 0.000002 0.000000 -0.008358 0.003609 0.307042
    8 3.942329 0.046756 -0.431444 -0.163132 0.051916 -0.905282
    9 1.539095 0.000004 -0.000005 -0.005237 0.000490 -1.223577
    10 1.196321 -0.000002 0.000002 -0.000362 0.000153 -0.116934
    11 3.883694 -0.046778 0.431443 0.070768 -0.015249 -0.882406
    12 1.719576 -0.000008 0.000009 0.013481 -0.025329 -1.202520
    13 1.209183 -0.000002 0.000003 0.003990 0.002743 -0.005831
    14 3.859856 -0.137957 1.332466 0.371693 -0.022511 -0.880368
    15 1.719431 0.000004 -0.000003 0.075785 -0.210568 -0.662877
    16 1.099670 -0.000004 0.000005 0.028025 -0.011715 -0.820372
    17 0.806046 -0.348927 1.321258 -1.374004 -0.689219 -0.430400
    18 1.789785 0.000000 -0.000004 0.032759 -0.078138 0.162091
    19 1.207001 0.000001 0.000002 0.010587 -0.000226 0.459257
    20 -1.406250 -6.015625 -4.156250 -1.668474 1.286518 2.942953
    21 6.028141 0.000000 -0.000002 1.198548 0.768749 -1.269312
    22 11.692554 0.000000 -0.000001 -0.000002 0.000000 -1.445233
    23 11.481701 -0.000001 -0.000007 -1.220130 0.501592 0.780251
    24 3.859676 -0.132542 1.193109 0.528328 0.278280 -1.341454
    25 1.312565 -0.000006 -0.000001 0.065277 -0.711121 -0.161904
    26 0.729365 0.000000 0.000000 0.141935 0.000625 -1.591744
    27 3.942299 0.050346 0.431044 0.194982 0.016690 -1.137821
    28 1.539104 0.000000 0.000001 0.004047 0.019613 -0.944775
    29 1.196324 -0.000004 -0.000002 -0.000509 -0.001886 -1.524661
    30 3.883663 -0.050302 -0.431042 0.022723 -0.069892 -0.857458
    31 1.719584 0.000002 0.000007 -0.043917 0.077078 -1.252831
    32 1.209185 0.000004 0.000006 -0.001237 -0.010408 -1.253067
    33 3.859837 -0.148917 -1.331282 -0.337920 0.119869 -0.323827
    34 1.719429 0.000006 0.000011 0.002864 -0.012232 -0.588881
    35 1.099665 0.000000 0.000005 0.000726 -0.004263 -0.056846
    36 0.707031 -0.671387 -1.284180 1.317943 0.455926 -0.560777
    37 1.789782 -0.000006 -0.000004 -0.136757 0.005385 -0.079338
    38 1.207001 -0.000001 -0.000006 0.001807 0.000004 0.725117
    39 -4.704339 -15.263184 -5.785324 1.240029 -0.292277 1.543213
    40 -0.163176 2.333985 0.382082 3.036093 0.153234 -1.921804
    41 1.417019 1.884747 0.307373 -0.111807 0.161678 -1.589027
    42 2.720737 2.529261 0.412600 -3.110087 -0.046555 2.851964
  time 48
    0 0.000000 -0.000006 0.000000 -1.570781 -1.391896 -1.570809
    1 -1.483398 -3.150391 5.222656 1.596636 -1.286515 2.942963
    2 6.028145 0.000003 0.000002 -0.607172 -0.593885 -1.993677
    3 11.692549 0.000081 -0.000005 -0.000015 0.000036 -1.040222
    4 11.481670 -0.000089 -0.000024 1.267704 -0.603310 0.643112
    5 3.859703 -0.142414 -1.191975 -0.487421 0.120797 -1.069988
    6 1.312561 -0.000008 0.000003 -0.027864 0.037317 -1.192960
    7 0.729369 0.000002 0.000000 -0.008358 0.003609 0.307042
    8 3.942329 0.046756 -0.431444 -0.163132 0.051916 -0.905282
    9 1.539095 0.000004 -0.000005 -0.005237 0.000490 -1.223577
    10 1.196321 -0.000002 0.000002 -0.000362 0.000153 -0.116934
    11 3.883694 -0.046778 0.431443 0.070768 -0.015249 -0.882406
    12 1.719576 -0.000008 0.000009 0.013481 -0.025329 -1.202520
    13 1.209183 -0.000002 0.000003 0.003990 0.002743 -0.005831
    14 3.859856 -0.137957 1.332466 0.371693 -0.022511 -0.880368
    15 1.719431 0.000004 -0.000003 0.075785 -0.210568 -0.662877
    16 1.099670 -0.000004 0.000005 0.028025 -0.011715 -0.820372
    17 0.806046 -0.348927 1.321258 -1.374004 -0.689219 -0.430400
    18 1.789785 0.000000 -0.000004 0.032759 -0.078138 0.162091
    19 1.207001 0.000001 0.000002 0.010587 -0.000226 0.459257
    20 -1.406250 -6.015625 -4.156250 -1.668474 1.286518 2.942953
    21 6.028141 0.000000 -0.000002 1.196251 0.769504 -1.271317
    22 11.692554 0.000000 -0.000001 -0.000002 0.000000 -1.444400
    23 11.481701 -0.000001 -0.000007 -1.230791 0.493892 0.780667
    24 3.859676 -0.132542 1.193109 0.528328 0.278280 -1.341454
    25 1.312565 -0.000006 -0.000001 0.065277 -0.711121 -0.161904
    26 0.729365 0.000000 0.000000 0.141935 0.000625 -1.591744
    27 3.942299 0.050346 0.431044 0.194982 0.016690 -1.137821
    28 1.539104 0.000000 0.000001 0.004047 0.019613 -0.944775
    29 1.196324 -0.000004 -0.000002 -0.000509 -0.001886 -1.524661
    30 3.883663 -0.050302 -0.431042 0.022723 -0.069892 -0.857458
    31 1.719584 0.000002 0.000007 -0.043917 0.077078 -1.252831
    32 1.209185 0.000004 0.000006 -0.001237 -0.010408 -1.253067
    33 3.859837 -0.148917 -1.331282 -0.337920 0.119869 -0.323827
    34 1.719429 0.000006 0.000011 0.002864 -0.012232 -0.588881
    35 1.099665 0.000000 0.000005 0.000726 -0.004263 -0.056846
    36 0.707031 -0.671387 -1.284180 1.317943 0.455926 -0.560777
    37 1.789782 -0.000006 -0.000004 -0.136757 0.005385 -0.079338
    38 1.207001 -0.000001 -0.000006 0.001807 0.000004 0.725117
    39 -4.634024 -15.255371 -5.812669 1.249562 -0.297221 1.549975
    40 -0.163176 2.333985 0.382082 3.036093 0.153234 -1.921804
    41 1.417019 1.884747 0.307373 -0.111807 0.161678 -1.589027
    42 2.720737 2.529261 0.412600 -3.110087 -0.046555 2.851964
  time 49
    0 0.000000 -0.000006 0.000000 -1.570781 -1.391896 -1.570809
    1 -1.483398 -3.150391 5.222656 1.596636 -1.286515 2.942963
    2 6.028145 0.000003 0.000002 -0.609544 -0.591333 -1.989470
    3 11.692549 0.000081 -0.000005 -0.000015 0.000036 -1.045919
    4 11.481670 -0.000089 -0.000024 1.251138 -0.609915 0.649747
    5 3.859703 -0.142414 -1.191975 -0.487421 0.120797 -1.069988
    6 1.312561 -0.000008 0.000003 -0.027864 0.037317 -1.192998
    7 0.729369 0.000002 0.000000 -0.008358 0.003609 0.307042
    8 3.942329 0.046756 -0.431444 -0.163132 0.051916 -0.905282
    9 1.539095 0.000004 -0.000005 -0.005237 0.000490 -1.223577
    10 1.196321 -0.000002 0.000002 -0.000362 0.000153 -0.116934
    11 3.883694 -0.046778 0.431443 0.070768 -0.015249 -0.882406
    12 1.719576 -0.000008 0.000009 0.013481 -0.025329 -1.202520
    13 1.209183 -0.000002 0.000003 0.003990 0.002743 -0.005831
    14 3.859856 -0.137957 1.332466 0.371693 -0.022511 -0.880368
    15 1.719431 0.000004 -0.000003 0.075785 -0.210568 -0.662877
    16 1.099670 -0.000004 0.000005 0.028025 -0.011715 -0.820372
    17 0.806046 -0.348927 1.321258 -1.374004 -0.689219 -0.430400
    18 1.789785 0.000000 -0.000004 0.032759 -0.078138 0.162091
    19 1.207001 0.000001 0.000002 0.010587 -0.000226 0.459257
    20 -1.406250 -6.015625 -4.156250 -1.668474 1.286518 2.942953
    21 6.028141 0.000000 -0.000002 1.194302 0.770406 -1.273085
    22 11.692554 0.000000 -0.000001 -0.000002 0.000000 -1.443508
    23 11.481701 -0.000001 -0.000007 -1.243707 0.485610 0.780213
    24 3.859676 -0.132542 1.193109 0.528328 0.278280 -1.341454
    25 1.312565 -0.000006 -0.000001 0.065277 -0.711121 -0.161904
    26 0.729365 0.000000 0.000000 0.141935 0.000625 -1.591744
    27 3.942299 0.050346 0.431044 0.194982 0.016690 -1.137821
    28 1.539104 0.000000 0.000001 0.004047 0.019613 -0.944775
    29 1.196324 -0.000004 -0.000002 -0.000509 -0.001886 -1.524661
    30 3.883663 -0.050302 -0.431042 0.022723 -0.069892 -0.857458
    31 1.719584 0.000002 0.000007 -0.043917 0.077078 -1.252831
    32 1.209185 0.000004 0.000006 -0.001237 -0.010408 -1.253067
    33 3.859837 -0.148917 -1.331282 -0.337920 0.119869 -0.323827
    34 1.719429 0.000006 0.000011 0.002864 -0.012232 -0.588881
    35 1.099665 0.000000 0.000005 0.000726 -0.004263 -0.056846
    36 0.707031 -0.671387 -1.284180 1.317943 0.455926 -0.560777
    37 1.789782 -0.000006 -0.000004 -0.136757 0.005385 -0.079338
    38 1.207001 -0.000001 -0.000006 0.001807 0.000004 0.725117
    39 -4.563709 -15.247558 -5.832201 1.261002 -0.301831 1.556926
    40 -0.163176 2.333985 0.382082 3.036093 0.153234 -1.921804
    41 1.417019 1.884747 0.307373 -0.111807 0.161678 -1.589027
    42 2.720737 2.529261 0.412600 -3.110087 -0.046555 2.851964
  time 50
    0 0.000000 -0.000006 0.000000 -1.570781 -1.391896 -1.570809
    1 -1.483398 -3.150391 5.222656 1.596636 -1.286515 2.942963
    2 6.028145 0.000003 0.000002 -0.611485 -0.588875 -1.985717
    3 11.692549 0.000081 -0.000005 -0.000015 0.000036 -1.050824
    4 11.481670 -0.000089 -0.000024 1.233519 -0.616914 0.655252
    5 3.859703 -0.142414 -1.191975 -0.487421 0.120797 -1.069988
    6 1.312561 -0.000008 0.000003 -0.027864 0.037317 -1.192998
    7 0.729369 0.000002 0.000000 -0.008358 0.003609 0.307042
    8 3.942329 0.046756 -0.431444 -0.163132 0.051916 -0.905282
    9 1.539095 0.000004 -0.000005 -0.005237 0.000490 -1.223577
    10 1.196321 -0.000002 0.000002 -0.000362 0.000153 -0.116934
    11 3.883694 -0.046778 0.431443 0.070768 -0.015249 -0.882406
    12 1.719576 -0.000008 0.000009 0.013481 -0.025329 -1.202520
    13 1.209183 -0.000002 0.000003 0.003990 0.002743 -0.005831
    14 3.859856 -0.137957 1.332466 0.371693 -0.022511 -0.880368
    15 1.719431 0.000004 -0.000003 0.075785 -0.210568 -0.662877
    16 1.099670 -0.000004 0.000005 0.028025 -0.011715 -0.820372
    17 0.806046 -0.348927 1.321258 -1.374004 -0.689219 -0.430400
    18 1.789785 0.000000 -0.000004 0.032759 -0.078138 0.162091
    19 1.207001 0.000001 0.000002 0.010587 -0.000226 0.459257
    20 -1.406250 -6.015625 -4.156250 -1.668474 1.286518 2.942953
    21 6.028141 0.000000 -0.000002 1.192735 0.771452 -1.274579
    22 11.692554 0.000000 -0.000001 -0.000002 0.000000 -1.442676
    23 11.481701 -0.000001 -0.000007 -1.258392 0.476929 0.779002
    24 3.859676 -0.132542 1.193109 0.528328 0.278280 -1.341454
    25 1.312565 -0.000006 -0.000001 0.065277 -0.711121 -0.161904
    26 0.729365 0.000000 0.000000 0.141935 0.000625 -1.591744
    27 3.942299 0.050346 0.431044 0.194982 0.016690 -1.137821
    28 1.539104 0.000000 0.000001 0.004047 0.019613 -0.944775
    29 1.196324 -0.000004 -0.000002 -0.000509 -0.001886 -1.524661
    30 3.883663 -0.050302 -0.431042 0.022723 -0.069892 -0.857458
    31 1.719584 0.000002 0.000007 -0.043917 0.077078 -1.252831
    32 1.209185 0.000004 0.000006 -0.001237 -0.010408 -1.253067
    33 3.859837 -0.148917 -1.331282 -0.337920 0.119869 -0.323827
    34 1.719429 0.000006 0.000011 0.002864 -0.012232 -0.588881
    35 1.099665 0.000000 0.000005 0.000726 -0.004263 -0.056846
    36 0.707031 -0.671387 -1.284180 1.317943 0.455926 -0.560777
    37 1.789782 -0.000006 -0.000004 -0.136757 0.005385 -0.079338
    38 1.207001 -0.000001 -0.000006 0.001807 0.000004 0.725117
    39 -4.497301 -15.239746 -5.855639 1.273872 -0.305977 1.563783
    40 -0.163176 2.333985 0.382082 3.036093 0.153234 -1.921804
    41 1.417019 1.884747 0.307373 -0.111807 0.161678 -1.589027
    42 2.720737 2.529261 0.412600 -3.110087 -0.046555 2.851964
  time 51
    0 0.000000 -0.000006 0.000000 -1.570781 -1.391896 -1.570809
    1 -1.483398 -3.150391 5.222656 1.596636 -1.286515 2.942963
    2 6.028145 0.000003 0.000002 -0.613048 -0.586509 -1.982647
    3 11.692549 0.000081 -0.000005 -0.000015 0.000036 -1.054738
    4 11.481670 -0.000089 -0.000024 1.215229 -0.624110 0.659675
    5 3.859703 -0.142414 -1.191975 -0.487421 0.120797 -1.069988
    6 1.312561 -0.000008 0.000003 -0.027864 0.037317 -1.192998
    7 0.729369 0.000002 0.000000 -0.008358 0.003609 0.307042
    8 3.942329 0.046756 -0.431444 -0.163132 0.051916 -0.905282
    9 1.539095 0.000004 -0.000005 -0.005237 0.000490 -1.223577
    10 1.196321 -0.000002 0.000002 -0.000362 0.000153 -0.116934
    11 3.883694 -0.046778 0.431443 0.070768 -0.015249 -0.882406
    12 1.719576 -0.000008 0.000009 0.013481 -0.025329 -1.202520
    13 1.209183 -0.000002 0.000003 0.003990 0.002743 -0.005831
    14 3.859856 -0.137957 1.332466 0.371693 -0.022511 -0.880368
    15 1.719431 0.000004 -0.000003 0.075785 -0.210568 -0.662877
    16 1.099670 -0.000004 0.000005 0.028025 -0.011715 -0.820372
    17 0.806046 -0.348927 1.321258 -1.374004 -0.689219 -0.430400
    18 1.789785 0.000000 -0.000004 0.032759 -0.078138 0.162091
    19 1.207001 0.000001 0.000002 0.010587 -0.000226 0.459257
    20 -1.406250 -6.015625 -4.156250 -1.668474 1.286518 2.942953
    21 6.028141 0.000000 -0.000002 1.191587 0.772586 -1.275758
    22 11.692554 0.000000 -0.000001 -0.000002 0.000000 -1.441843
    23 11.481701 -0.000001 -0.000007 -1.274184 0.468029 0.777147
    24 3.859676 -0.132542 1.193109 0.528328 0.278280 -1.341454
    25 1.312565 -0.000006 -0.000001 0.065277 -0.711121 -0.161904
    26 0.729365 0.000000 0.000000 0.141935 0.000625 -1.591744
    27 3.942299 0.050346 0.431044 0.194982 0.016690 -1.137821
    28 1.539104 0.000000 0.000001 0.004047 0.019613 -0.944775
    29 1.196324 -0.000004 -0.000002 -0.000509 -0.001886 -1.524661
    30 3.883663 -0.050302 -0.431042 0.022723 -0.069904 -0.857458
    31 1.719584 0.000002 0.000007 -0.043917 0.077078 -1.252831
    32 1.209185 0.000004 0.000006 -0.001237 -0.010408 -1.253067
    33 3.859837 -0.148917 -1.331282 -0.337920 0.119869 -0.323827
    34 1.719429 0.000006 0.000011 0.002864 -0.012232 -0.588881
    35 1.099665 0.000000 0.000005 0.000726 -0.004263 -0.056846
    36 0.707031 -0.671387 -1.284180 1.317943 0.455926 -0.560777
    37 1.789782 -0.000006 -0.000004 -0.136757 0.005385 -0.079338
    38 1.207001 -0.000001 -0.000006 0.001807 0.000004 0.725117
    39 -4.434799 -15.235839 -5.871264 1.287814 -0.309686 1.570544
    40 -0.163176 2.333985 0.382082 3.036093 0.153234 -1.921804
    41 1.417019 1.884747 0.307373 -0.111807 0.161678 -1.589027
    42 2.720737 2.529261 0.412600 -3.110087 -0.046555 2.851964
  time 52
    0 0.000000 -0.000006 0.000000 -1.570781 -1.391896 -1.570809
    1 -1.483398 -3.150391 5.222656 1.596636 -1.286515 2.942963
    2 6.028145 0.000003 0.000002 -0.614126 -0.584329 -1.980316
    3 11.692549 0.000081 -0.000005 -0.000015 0.000036 -1.057562
    4 11.481670 -0.000089 -0.000024 1.197035 -0.631390 0.662919
    5 3.859703 -0.142414 -1.191975 -0.487421 0.120797 -1.069988
    6 1.312561 -0.000008 0.000003 -0.027864 0.037317 -1.192960
    7 0.729369 0.000002 0.000000 -0.008358 0.003609 0.307042
    8 3.942329 0.046756 -0.431444 -0.163132 0.051916 -0.905282
    9 1.539095 0.000004 -0.000005 -0.005237 0.000490 -1.223577
    10 1.196321 -0.000002 0.000002 -0.000362 0.000153 -0.116934
    11 3.883694 -0.046778 0.431443 0.070768 -0.015249 -0.882406
    12 1.719576 -0.000008 0.000009 0.013481 -0.025329 -1.202520
    13 1.209183 -0.000002 0.000003 0.003990 0.002743 -0.005831
    14 3.859856 -0.137957 1.332466 0.371693 -0.022511 -0.880368
    15 1.719431 0.000004 -0.000003 0.075785 -0.210568 -0.662877
    16 1.099670 -0.000004 0.000005 0.028025 -0.011715 -0.820372
    17 0.806046 -0.348927 1.321258 -1.374004 -0.689219 -0.430400
    18 1.789785 0.000000 -0.000004 0.032759 -0.078138 0.162091
    19 1.207001 0.000001 0.000002 0.010587 -0.000226 0.459257
    20 -1.406250 -6.015625 -4.156250 -1.668474 1.286518 2.942953
    21 6.028141 0.000000 -0.000002 1.190960 0.773778 -1.276544
    22 11.692554 0.000000 -0.000001 -0.000002 0.000000 -1.441070
    23 11.481701 -0.000001 -0.000007 -1.290639 0.459057 0.774839
    24 3.859676 -0.132542 1.193109 0.528328 0.278280 -1.341454
    25 1.312565 -0.000006 -0.000001 0.065277 -0.711121 -0.161904
    26 0.729365 0.000000 0.000000 0.141935 0.000625 -1.591744
    27 3.942299 0.050346 0.431044 0.194982 0.016690 -1.137821
    28 1.539104 0.000000 0.000001 0.004047 0.019613 -0.944775
    29 1.196324 -0.000004 -0.000002 -0.000509 -0.001886 -1.524661
    30 3.883663 -0.050302 -0.431042 0.022723 -0.069892 -0.857458
    31 1.719584 0.000002 0.000007 -0.043917 0.077078 -1.252831
    32 1.209185 0.000004 0.000006 -0.001237 -0.010408 -1.253067
    33 3.859837 -0.148917 -1.331282 -0.337920 0.119869 -0.323827
    34 1.719429 0.000006 0.000011 0.002864 -0.012232 -0.588881
    35 1.099665 0.000000 0.000005 0.000726 -0.004263 -0.056846
    36 0.707031 -0.671387 -1.284180 1.317943 0.455926 -0.560777
    37 1.789782 -0.000006 -0.000004 -0.136757 0.005385 -0.079338
    38 1.207001 -0.000001 -0.000006 0.001807 0.000004 0.725117
    39 -4.380110 -15.231933 -5.886890 1.302292 -0.312879 1.577020
    40 -0.163176 2.333985 0.382082 3.036093 0.153234 -1.921804
    41 1.417019 1.884747 0.307373 -0.111807 0.161678 -1.589027
    42 2.720737 2.529261 0.412600 -3.110087 -0.046555 2.851964
  time 53
    0 0.000000 -0.000006 0.000000 -1.570781 -1.391896 -1.570809
    1 -1.483398 -3.150391 5.222656 1.596636 -1.286515 2.942963
    2 6.028145 0.000003 0.000002 -0.614665 -0.582427 -1.978838
    3 11.692549 0.000081 -0.000005 -0.000015 0.000036 -1.059196
    4 11.481670 -0.000089 -0.000024 1.179224 -0.638558 0.665033
    5 3.859703 -0.142414 -1.191975 -0.487421 0.120797 -1.069988
    6 1.312561 -0.000008 0.000003 -0.027864 0.037317 -1.192960
    7 0.729369 0.000002 0.000000 -0.008358 0.003609 0.307042
    8 3.942329 0.046756 -0.431444 -0.163132 0.051916 -0.905282
    9 1.539095 0.000004 -0.000005 -0.005237 0.000490 -1.223577
    10 1.196321 -0.000002 0.000002 -0.000362 0.000153 -0.116934
    11 3.883694 -0.046778 0.431443 0.070768 -0.015249 -0.882406
    12 1.719576 -0.000008 0.000009 0.013481 -0.025329 -1.202520
    13 1.209183 -0.000002 0.000003 0.003990 0.002743 -0.005831
    14 3.859856 -0.137957 1.332466 0.371693 -0.022511 -0.880368
    15 1.719431 0.000004 -0.000003 0.075785 -0.210568 -0.662877
    16 1.099670 -0.000004 0.000005 0.028025 -0.011715 -0.820372
    17 0.806046 -0.348927 1.321258 -1.374004 -0.689219 -0.430400
    18 1.789785 0.000000 -0.000004 0.032759 -0.078138 0.162091
    19 1.207001 0.000001 0.000002 0.010587 -0.000226 0.459257
    20 -1.406250 -6.015625 -4.156250 -1.668474 1.286518 2.942953
    21 6.028141 0.000000 -0.000002 1.190891 0.775028 -1.276898
    22 11.692554 0.000000 -0.000001 -0.000002 0.000000 -1.440416
    23 11.481701 -0.000001 -0.000007 -1.307138 0.450194 0.772190
    24 3.859676 -0.132542 1.193109 0.528328 0.278280 -1.341454
    25 1.312565 -0.000006 -0.000001 0.065277 -0.711121 -0.161904
    26 0.729365 0.000000 0.000000 0.141935 0.000625 -1.591744
    27 3.942299 0.050346 0.431044 0.194982 0.016690 -1.137821
    28 1.539104 0.000000 0.000001 0.004047 0.019613 -0.944775
    29 1.196324 -0.000004 -0.000002 -0.000509 -0.001886 -1.524661
    30 3.883663 -0.050302 -0.431042 0.022723 -0.069892 -0.857458
    31 1.719584 0.000002 0.000007 -0.043917 0.077078 -1.252831
    32 1.209185 0.000004 0.000006 -0.001237 -0.010408 -1.253067
    33 3.859837 -0.148917 -1.331282 -0.337920 0.119869 -0.323827
    34 1.719429 0.000006 0.000011 0.002864 -0.012232 -0.588881
    35 1.099665 0.000000 0.000005 0.000726 -0.004263 -0.056846
    36 0.707031 -0.671387 -1.284180 1.317943 0.455926 -0.560777
    37 1.789782 -0.000006 -0.000004 -0.136757 0.005385 -0.079338
    38 1.207001 -0.000001 -0.000006 0.001807 0.000004 0.725117
    39 -4.337140 -15.228027 -5.894703 1.316830 -0.315506 1.583019
    40 -0.163176 2.333985 0.382082 3.036093 0.153234 -1.921804
    41 1.417019 1.884747 0.307373 -0.111807 0.161678 -1.589027
    42 2.720737 2.529261 0.412600 -3.110087 -0.046555 2.851964
  time 54
    0 0.000000 -0.000006 0.000000 -1.570781 -1.391896 -1.570809
    1 -1.483398 -3.150391 5.222656 1.596636 -1.286515 2.942963
    2 6.028145 0.000003 0.000002 -0.614611 -0.580849 -1.978326
    3 11.692549 0.000081 -0.000005 -0.000015 0.000036 -1.059543
    4 11.481670 -0.000089 -0.000024 1.162562 -0.645472 0.665868
    5 3.859703 -0.142414 -1.191975 -0.487421 0.120797 -1.069988
    6 1.312561 -0.000008 0.000003 -0.027864 0.037317 -1.192960
    7 0.729369 0.000002 0.000000 -0.008358 0.003609 0.307042
    8 3.942329 0.046756 -0.431444 -0.163132 0.051916 -0.905282
    9 1.539095 0.000004 -0.000005 -0.005237 0.000490 -1.223577
    10 1.196321 -0.000002 0.000002 -0.000362 0.000153 -0.116934
    11 3.883694 -0.046778 0.431443 0.070768 -0.015249 -0.882406
    12 1.719576 -0.000008 0.000009 0.013481 -0.025329 -1.202520
    13 1.209183 -0.000002 0.000003 0.003990 0.002743 -0.005831
    14 3.859856 -0.137957 1.332466 0.371693 -0.022511 -0.880368
    15 1.719431 0.000004 -0.000003 0.075785 -0.210568 -0.662877
    16 1.099670 -0.000004 0.000005 0.028025 -0.011715 -0.820372
    17 0.806046 -0.348927 1.321258 -1.374004 -0.689219 -0.430400
    18 1.789785 0.000000 -0.000004 0.032759 -0.078138 0.162091
    19 1.207001 0.000001 0.000002 0.010587 -0.000226 0.459257
    20 -1.406250 -6.015625 -4.156250 -1.668474 1.286518 2.942953
    21 6.028141 0.000000 -0.000002 1.191448 0.776249 -1.276780
    22 11.692554 0.000000 -0.000001 -0.000002 0.000000 -1.440000
    23 11.481701 -0.000001 -0.000007 -1.323239 0.441622 0.769276
    24 3.859676 -0.132542 1.193109 0.528328 0.278280 -1.341454
    25 1.312565 -0.000006 -0.000001 0.065277 -0.711121 -0.161904
    26 0.729365 0.000000 0.000000 0.141935 0.000625 -1.591744
    27 3.942299 0.050346 0.431044 0.194982 0.016690 -1.137821
    28 1.539104 0.000000 0.000001 0.004047 0.019613 -0.944775
    29 1.196324 -0.000004 -0.000002 -0.000509 -0.001886 -1.524661
    30 3.883663 -0.050302 -0.431042 0.022723 -0.069892 -0.857458
    31 1.719584 0.000002 0.000007 -0.043917 0.077078 -1.252831
    32 1.209185 0.000004 0.000006 -0.001237 -0.010408 -1.253067
    33 3.859837 -0.148917 -1.331282 -0.337920 0.119869 -0.323827
    34 1.719429 0.000006 0.000011 0.002864 -0.012232 -0.588881
    35 1.099665 0.000000 0.000005 0.000726 -0.004263 -0.056846
    36 0.707031 -0.671387 -1.284180 1.317943 0.455926 -0.560777
    37 1.789782 -0.000006 -0.000004 -0.136757 0.005385 -0.079338
    38 1.207001 -0.000001 -0.000006 0.001807 0.000004 0.725117
    39 -4.301983 -15.224120 -5.898609 1.331070 -0.317541 1.588447
    40 -0.163176 2.333985 0.382082 3.036093 0.153234 -1.921804
    41 1.417019 1.884747 0.307373 -0.111807 0.161678 -1.589027
    42 2.720737 2.529261 0.412600 -3.110087 -0.046555 2.851964
  time 55
    0 0.000000 -0.000006 0.000000 -1.570781 -1.391896 -1.570809
    1 -1.483398 -3.150391 5.222656 1.596636 -1.286515 2.942963
    2 6.028145 0.000003 0.000002 -0.613910 -0.579690 -1.978894
    3 11.692549 0.000081 -0.000005 -0.000015 0.000036 -1.058503
    4 11.481670 -0.000089 -0.000024 1.147337 -0.651965 0.665475
    5 3.859703 -0.142414 -1.191975 -0.487421 0.120797 -1.069988
    6 1.312561 -0.000008 0.000003 -0.027864 0.037317 -1.192998
    7 0.729369 0.000002 0.000000 -0.008358 0.003609 0.307042
    8 3.942329 0.046756 -0.431444 -0.163132 0.051916 -0.905282
    9 1.539095 0.000004 -0.000005 -0.005237 0.000490 -1.223577
    10 1.196321 -0.000002 0.000002 -0.000362 0.000153 -0.116934
    11 3.883694 -0.046778 0.431443 0.070768 -0.015249 -0.882406
    12 1.719576 -0.000008 0.000009 0.013481 -0.025329 -1.202520
    13 1.209183 -0.000002 0.000003 0.003990 0.002743 -0.005831
    14 3.859856 -0.137957 1.332466 0.371693 -0.022511 -0.880368
    15 1.719431 0.000004 -0.000003 0.075785 -0.210568 -0.662877
    16 1.099670 -0.000004 0.000005 0.028025 -0.011715 -0.820372
    17 0.806046 -0.348927 1.321258 -1.374004 -0.689219 -0.430400
    18 1.789785 0.000000 -0.000004 0.032759 -0.078138 0.162091
    19 1.207001 0.000001 0.000002 0.010587 -0.000226 0.459257
    20 -1.406250 -6.015625 -4.156250 -1.668474 1.286518 2.942953
    21 6.028141 0.000000 -0.000002 1.192701 0.777441 -1.276072
    22 11.692554 0.000000 -0.000001 -0.000002 0.000000 -1.439762
    23 11.481701 -0.000001 -0.000007 -1.338367 0.433595 0.766324
    24 3.859676 -0.132542 1.193109 0.528328 0.278280 -1.341454
    25 1.312565 -0.000006 -0.000001 0.065277 -0.711121 -0.161904
    26 0.729365 0.000000 0.000000 0.141935 0.000625 -1.591744
    27 3.942299 0.050346 0.431044 0.194982 0.016690 -1.137821
    28 1.539104 0.000000 0.000001 0.004047 0.019613 -0.944775
    29 1.196324 -0.000004 -0.000002 -0.000509 -0.001886 -1.524661
    30 3.883663 -0.050302 -0.431042 0.022723 -0.069904 -0.857458
    31 1.719584 0.000002 0.000007 -0.043917 0.077078 -1.252831
    32 1.209185 0.000004 0.000006 -0.001237 -0.010408 -1.253067
    33 3.859837 -0.148917 -1.331282 -0.337920 0.119869 -0.323827
    34 1.719429 0.000006 0.000011 0.002864 -0.012232 -0.588881
    35 1.099665 0.000000 0.000005 0.000726 -0.004263 -0.056846
    36 0.707031 -0.671387 -1.284180 1.317943 0.455926 -0.560777
    37 1.789782 -0.000006 -0.000004 -0.136757 0.005385 -0.079338
    38 1.207001 -0.000001 -0.000006 0.001807 0.000004 0.725117
    39 -4.282451 -15.224120 -5.898609 1.344417 -0.318905 1.593209
    40 -0.163176 2.333985 0.382082 3.036093 0.153234 -1.921804
    41 1.417019 1.884747 0.307373 -0.111807 0.161678 -1.589027
    42 2.720737 2.529261 0.412600 -3.110087 -0.046555 2.851964
  time 56
    0 0.000000 -0.000006 0.000000 -1.570781 -1.391896 -1.570809
    1 -1.483398 -3.150391 5.222656 1.596636 -1.286515 2.942963
    2 6.028145 0.000003 0.000002 -0.612563 -0.578901 -1.980486
    3 11.692549 0.000081 -0.000005 -0.000015 0.000036 -1.056026
    4 11.481670 -0.000089 -0.000024 1.134314 -0.657840 0.663755
    5 3.859703 -0.142414 -1.191975 -0.487421 0.120797 -1.069988
    6 1.312561 -0.000008 0.000003 -0.027864 0.037317 -1.192960
    7 0.729369 0.000002 0.000000 -0.008358 0.003609 0.307042
    8 3.942329 0.046756 -0.431444 -0.163132 0.051916 -0.905282
    9 1.539095 0.000004 -0.000005 -0.005237 0.000490 -1.223577
    10 1.196321 -0.000002 0.000002 -0.000362 0.000153 -0.116934
    11 3.883694 -0.046778 0.431443 0.070768 -0.015249 -0.882406
    12 1.719576 -0.000008 0.000009 0.013481 -0.025329 -1.202520
    13 1.209183 -0.000002 0.000003 0.003990 0.002743 -0.005831
    14 3.859856 -0.137957 1.332466 0.371693 -0.022511 -0.880368
    15 1.719431 0.000004 -0.000003 0.075785 -0.210568 -0.662877
    16 1.099670 -0.000004 0.000005 0.028025 -0.011715 -0.820372
    17 0.806046 -0.348927 1.321258 -1.374004 -0.689219 -0.430400
    18 1.789785 0.000000 -0.000004 0.032759 -0.078138 0.162091
    19 1.207001 0.000001 0.000002 0.010587 -0.000226 0.459257
    20 -1.406250 -6.015625 -4.156250 -1.668474 1.286518 2.942953
    21 6.028141 0.000000 -0.000002 1.194684 0.778429 -1.274736
    22 11.692554 0.000000 -0.000001 -0.000002 0.000000 -1.439821
    23 11.481701 -0.000001 -0.000007 -1.352079 0.426294 0.763296
    24 3.859676 -0.132542 1.193109 0.528328 0.278280 -1.341454
    25 1.312565 -0.000006 -0.000001 0.065277 -0.711121 -0.161904
    26 0.729365 0.000000 0.000000 0.141935 0.000625 -1.591744
    27 3.942299 0.050346 0.431044 0.194982 0.016690 -1.137821
    28 1.539104 0.000000 0.000001 0.004047 0.019613 -0.944775
    29 1.196324 -0.000004 -0.000002 -0.000509 -0.001886 -1.524661
    30 3.883663 -0.050302 -0.431042 0.022723 -0.069904 -0.857458
    31 1.719584 0.000002 0.000007 -0.043917 0.077078 -1.252831
    32 1.209185 0.000004 0.000006 -0.001237 -0.010408 -1.253067
    33 3.859837 -0.148917 -1.331282 -0.337920 0.119869 -0.323827
    34 1.719429 0.000006 0.000011 0.002864 -0.012232 -0.588881
    35 1.099665 0.000000 0.000005 0.000726 -0.004263 -0.056846
    36 0.707031 -0.671387 -1.284180 1.317943 0.455926 -0.560777
    37 1.789782 -0.000006 -0.000004 -0.136757 0.005385 -0.079338
    38 1.207001 -0.000001 -0.000006 0.001807 0.000004 0.725117
    39 -4.274638 -15.224120 -5.894703 1.356512 -0.319575 1.597018
    40 -0.163176 2.333985 0.382082 3.036093 0.153234 -1.921804
    41 1.417019 1.884747 0.307373 -0.111807 0.161678 -1.589027
    42 2.720737 2.529261 0.412600 -3.110087 -0.046555 2.851964
  time 57
    0 0.000000 -0.000006 0.000000 -1.570781 -1.391896 -1.570809
    1 -1.483398 -3.150391 5.222656 1.596636 -1.286515 2.942963
    2 6.028145 0.000003 0.000002 -0.610892 -0.578391 -1.982647
    3 11.692549 0.000081 -0.000005 -0.000015 0.000036 -1.052657
    4 11.481670 -0.000089 -0.000024 1.123876 -0.662815 0.660757
    5 3.859703 -0.142414 -1.191975 -0.487421 0.120797 -1.069988
    6 1.312561 -0.000008 0.000003 -0.027864 0.037317 -1.192998
    7 0.729369 0.000002 0.000000 -0.008358 0.003609 0.307042
    8 3.942329 0.046756 -0.431444 -0.163132 0.051916 -0.905282
    9 1.539095 0.000004 -0.000005 -0.005237 0.000490 -1.223577
    10 1.196321 -0.000002 0.000002 -0.000362 0.000153 -0.116934
    11 3.883694 -0.046778 0.431443 0.070768 -0.015249 -0.882406
    12 1.719576 -0.000008 0.000009 0.013481 -0.025329 -1.202520
    13 1.209183 -0.000002 0.000003 0.003990 0.002743 -0.005831
    14 3.859856 -0.137957 1.332466 0.371693 -0.022511 -0.880368
    15 1.719431 0.000004 -0.000003 0.075785 -0.210568 -0.662877
    16 1.099670 -0.000004 0.000005 0.028025 -0.011715 -0.820372
    17 0.806046 -0.348927 1.321258 -1.374004 -0.689219 -0.430400
    18 1.789785 0.000000 -0.000004 0.032759 -0.078138 0.162091
    19 1.207001 0.000001 0.000002 0.010587 -0.000226 0.459257
    20 -1.406250 -6.015625 -4.156250 -1.668474 1.286518 2.942953
    21 6.028141 0.000000 -0.000002 1.197016 0.779127 -1.273046
    22 11.692554 0.000000 -0.000001 -0.000002 0.000000 -1.440178
    23 11.481701 -0.000001 -0.000007 -1.363801 0.420227 0.760231
    24 3.859676 -0.132542 1.193109 0.528328 0.278280 -1.341454
    25 1.312565 -0.000006 -0.000001 0.065277 -0.711121 -0.161904
    26 0.729365 0.000000 0.000000 0.141935 0.000625 -1.591744
    27 3.942299 0.050346 0.431044 0.194982 0.016690 -1.137821
    28 1.539104 0.000000 0.000001 0.004047 0.019613 -0.944775
    29 1.196324 -0.000004 -0.000002 -0.000509 -0.001886 -1.524661
    30 3.883663 -0.050302 -0.431042 0.022723 -0.069892 -0.857458
    31 1.719584 0.000002 0.000007 -0.043917 0.077078 -1.252831
    32 1.209185 0.000004 0.000006 -0.001237 -0.010408 -1.253067
    33 3.859837 -0.148917 -1.331282 -0.337920 0.119869 -0.323827
    34 1.719429 0.000006 0.000011 0.002864 -0.012232 -0.588881
    35 1.099665 0.000000 0.000005 0.000726 -0.004263 -0.056846
    36 0.707031 -0.671387 -1.284180 1.317943 0.455926 -0.560777
    37 1.789782 -0.000006 -0.000004 -0.136757 0.005385 -0.079338
    38 1.207001 -0.000001 -0.000006 0.001807 0.000004 0.725117
    39 -4.278544 -15.228027 -5.890796 1.366879 -0.319523 1.599780
    40 -0.163176 2.333985 0.382082 3.036093 0.153234 -1.921804
    41 1.417019 1.884747 0.307373 -0.111807 0.161678 -1.589027
    42 2.720737 2.529261 0.412600 -3.110087 -0.046555 2.851964
  time 58
    0 0.000000 -0.000006 0.000000 -1.570781 -1.391896 -1.570809
    1 -1.483398 -3.150391 5.222656 1.596636 -1.286515 2.942963
    2 6.028145 0.000003 0.000002 -0.609221 -0.578205 -1.984921
    3 11.692549 0.000081 -0.000005 -0.000015 0.000036 -1.049040
    4 11.481670 -0.000089 -0.000024 1.116599 -0.666441 0.656825
    5 3.859703 -0.142414 -1.191975 -0.487421 0.120797 -1.069988
    6 1.312561 -0.000008 0.000003 -0.027864 0.037317 -1.192998
    7 0.729369 0.000002 0.000000 -0.008358 0.003609 0.307042
    8 3.942329 0.046756 -0.431444 -0.163132 0.051916 -0.905282
    9 1.539095 0.000004 -0.000005 -0.005237 0.000490 -1.223577
    10 1.196321 -0.000002 0.000002 -0.000362 0.000153 -0.116934
    11 3.883694 -0.046778 0.431443 0.070768 -0.015249 -0.882406
    12 1.719576 -0.000008 0.000009 0.013481 -0.025329 -1.202520
    13 1.209183 -0.000002 0.000003 0.003990 0.002743 -0.005831
    14 3.859856 -0.137957 1.332466 0.371693 -0.022511 -0.880368
    15 1.719431 0.000004 -0.000003 0.075785 -0.210568 -0.662877
    16 1.099670 -0.000004 0.000005 0.028025 -0.011715 -0.820372
    17 0.806046 -0.348927 1.321258 -1.374004 -0.689219 -0.430400
    18 1.789785 0.000000 -0.000004 0.032759 -0.078138 0.162091
    19 1.207001 0.000001 0.000002 0.010587 -0.000226 0.459257
    20 -1.406250 -6.015625 -4.156250 -1.668474 1.286518 2.942953
    21 6.028141 0.000000 -0.000002 1.199313 0.779563 -1.271317
    22 11.692554 0.000000 -0.000001 -0.000002 0.000000 -1.440594
    23 11.481701 -0.000001 -0.000007 -1.373090 0.416014 0.757127
    24 3.859676 -0.132542 1.193109 0.528328 0.278280 -1.341454
    25 1.312565 -0.000006 -0.000001 0.065277 -0.711121 -0.161904
    26 0.729365 0.000000 0.000000 0.141935 0.000625 -1.591744
    27 3.942299 0.050346 0.431044 0.194982 0.016690 -1.137821
    28 1.539104 0.000000 0.000001 0.004047 0.019613 -0.944775
    29 1.196324 -0.000004 -0.000002 -0.000509 -0.001886 -1.524661
    30 3.883663 -0.050302 -0.431042 0.022723 -0.069904 -0.857458
    31 1.719584 0.000002 0.000007 -0.043917 0.077078 -1.252831
    32 1.209185 0.000004 0.000006 -0.001237 -0.010408 -1.253067
    33 3.859837 -0.148917 -1.331282 -0.337920 0.119869 -0.323827
    34 1.719429 0.000006 0.000011 0.002864 -0.012232 -0.588881
    35 1.099665 0.000000 0.000005 0.000726 -0.004263 -0.056846
    36 0.707031 -0.671387 -1.284180 1.317943 0.455926 -0.560777
    37 1.789782 -0.000006 -0.000004 -0.136757 0.005385 -0.079338
    38 1.207001 -0.000001 -0.000006 0.001807 0.000004 0.725117
    39 -4.290263 -15.228027 -5.882983 1.374982 -0.318674 1.601303
    40 -0.163176 2.333985 0.382082 3.036093 0.153234 -1.921804
    41 1.417019 1.884747 0.307373 -0.111807 0.161678 -1.589027
    42 2.720737 2.529261 0.412600 -3.110087 -0.046555 2.851964
  time 59
    0 0.000000 -0.000006 0.000000 -1.570781 -1.391896 -1.570809
    1 -1.483398 -3.150391 5.222656 1.596636 -1.286515 2.942963
    2 6.028145 0.000003 0.000002 -0.607711 -0.578298 -1.987082
    3 11.692549 0.000081 -0.000005 -0.000015 0.000036 -1.045424
    4 11.481670 -0.000089 -0.000024 1.112960 -0.668465 0.652204
    5 3.859703 -0.142414 -1.191975 -0.487421 0.120797 -1.069988
    6 1.312561 -0.000008 0.000003 -0.027864 0.037317 -1.192998
    7 0.729369 0.000002 0.000000 -0.008358 0.003609 0.307042
    8 3.942329 0.046756 -0.431444 -0.163132 0.051916 -0.905282
    9 1.539095 0.000004 -0.000005 -0.005237 0.000490 -1.223577
    10 1.196321 -0.000002 0.000002 -0.000362 0.000153 -0.116934
    11 3.883694 -0.046778 0.431443 0.070768 -0.015249 -0.882406
    12 1.719576 -0.000008 0.000009 0.013481 -0.025329 -1.202520
    13 1.209183 -0.000002 0.000003 0.003990 0.002743 -0.005831
    14 3.859856 -0.137957 1.332466 0.371693 -0.022511 -0.880368
    15 1.719431 0.000004 -0.000003 0.075785 -0.210568 -0.662877
    16 1.099670 -0.000004 0.000005 0.028025 -0.011715 -0.820372
    17 0.806046 -0.348927 1.321258 -1.374004 -0.689219 -0.430400
    18 1.789785 0.000000 -0.000004 0.032759 -0.078138 0.162091
    19 1.207001 0.000001 0.000002 0.010587 -0.000226 0.459257
    20 -1.406250 -6.015625 -4.156250 -1.668474 1.286518 2.942953
    21 6.028141 0.000000 -0.000002 1.201332 0.779679 -1.269744
    22 11.692554 0.000000 -0.000001 -0.000002 0.000000 -1.441070
    23 11.481701 -0.000001 -0.000007 -1.379371 0.413871 0.754251
    24 3.859676 -0.132542 1.193109 0.528328 0.278280 -1.341454
    25 1.312565 -0.000006 -0.000001 0.065277 -0.711121 -0.161904
    26 0.729365 0.000000 0.000000 0.141935 0.000625 -1.591744
    27 3.942299 0.050346 0.431044 0.194982 0.016690 -1.137821
    28 1.539104 0.000000 0.000001 0.004047 0.019613 -0.944775
    29 1.196324 -0.000004 -0.000002 -0.000509 -0.001886 -1.524661
    30 3.883663 -0.050302 -0.431042 0.022723 -0.069892 -0.857458
    31 1.719584 0.000002 0.000007 -0.043917 0.077078 -1.252831
    32 1.209185 0.000004 0.000006 -0.001237 -0.010408 -1.253067
    33 3.859837 -0.148917 -1.331282 -0.337920 0.119869 -0.323827
    34 1.719429 0.000006 0.000011 0.002864 -0.012232 -0.588881
    35 1.099665 0.000000 0.000005 0.000726 -0.004263 -0.056846
    36 0.707031 -0.671387 -1.284180 1.317943 0.455926 -0.560777
    37 1.789782 -0.000006 -0.000004 -0.136757 0.005385 -0.079338
    38 1.207001 -0.000001 -0.000006 0.001807 0.000004 0.725117
    39 -4.309795 -15.231933 -5.875171 1.380523 -0.317103 1.601589
    40 -0.163176 2.333985 0.382082 3.036093 0.153234 -1.921804
    41 1.417019 1.884747 0.307373 -0.111807 0.161678 -1.589027
    42 2.720737 2.529261 0.412600 -3.110087 -0.046555 2.851964
  time 60
    0 0.000000 -0.000006 0.000000 -1.570781 -1.391896 -1.570809
    1 -1.483398 -3.150391 5.222656 1.596636 -1.286515 2.942963
    2 6.028145 0.000003 0.000002 -0.606418 -0.578715 -1.989129
    3 11.692549 0.000081 -0.000005 -0.000015 0.000036 -1.042154
    4 11.481670 -0.000089 -0.000024 1.113152 -0.668999 0.647388
    5 3.859703 -0.142414 -1.191975 -0.487421 0.120797 -1.069988
    6 1.312561 -0.000008 0.000003 -0.027864 0.037317 -1.192960
    7 0.729369 0.000002 0.000000 -0.008358 0.003609 0.307042
    8 3.942329 0.046756 -0.431444 -0.163132 0.051916 -0.905282
    9 1.539095 0.000004 -0.000005 -0.005237 0.000490 -1.223577
    10 1.196321 -0.000002 0.000002 -0.000362 0.000153 -0.116934
    11 3.883694 -0.046778 0.431443 0.070768 -0.015249 -0.882406
    12 1.719576 -0.000008 0.000009 0.013481 -0.025329 -1.202520
    13 1.209183 -0.000002 0.000003 0.003990 0.002743 -0.005831
    14 3.859856 -0.137957 1.332466 0.371693 -0.022511 -0.880368
    15 1.719431 0.000004 -0.000003 0.075785 -0.210568 -0.662877
    16 1.099670 -0.000004 0.000005 0.028025 -0.011715 -0.820372
    17 0.806046 -0.348927 1.321258 -1.374004 -0.689219 -0.430400
    18 1.789785 0.000000 -0.000004 0.032759 -0.078138 0.162091
    19 1.207001 0.000001 0.000002 0.010587 -0.000226 0.459257
    20 -1.406250 -6.015625 -4.156250 -1.668474 1.286518 2.942953
    21 6.028141 0.000000 -0.000002 1.203038 0.779534 -1.268329
    22 11.692554 0.000000 -0.000001 -0.000002 0.000000 -1.441605
    23 11.481701 -0.000001 -0.000007 -1.382114 0.413726 0.751753
    24 3.859676 -0.132542 1.193109 0.528328 0.278280 -1.341454
    25 1.312565 -0.000006 -0.000001 0.065277 -0.711121 -0.161904
    26 0.729365 0.000000 0.000000 0.141935 0.000625 -1.591744
    27 3.942299 0.050346 0.431044 0.194982 0.016690 -1.137821
    28 1.539104 0.000000 0.000001 0.004047 0.019613 -0.944775
    29 1.196324 -0.000004 -0.000002 -0.000509 -0.001886 -1.524661
    30 3.883663 -0.050302 -0.431042 0.022723 -0.069892 -0.857458
    31 1.719584 0.000002 0.000007 -0.043917 0.077078 -1.252831
    32 1.209185 0.000004 0.000006 -0.001237 -0.010408 -1.253067
    33 3.859837 -0.148917 -1.331282 -0.337920 0.119869 -0.323827
    34 1.719429 0.000006 0.000011 0.002864 -0.012232 -0.588881
    35 1.099665 0.000000 0.000005 0.000726 -0.004263 -0.056846
    36 0.707031 -0.671387 -1.284180 1.317943 0.455926 -0.560777
    37 1.789782 -0.000006 -0.000004 -0.136757 0.005385 -0.079338
    38 1.207001 -0.000001 -0.000006 0.001807 0.000004 0.725117
    39 -4.333233 -15.235839 -5.863452 1.382787 -0.314939 1.600827
    40 -0.163176 2.333985 0.382082 3.036093 0.153234 -1.921804
    41 1.417019 1.884747 0.307373 -0.111807 0.161678 -1.589027
    42 2.720737 2.529261 0.412600 -3.110087 -0.046555 2.851964
  time 61
    0 0.000000 -0.000006 0.000000 -1.570781 -1.391896 -1.570809
    1 -1.483398 -3.150391 5.222656 1.596636 -1.286515 2.942963
    2 6.028145 0.000003 0.000002 -0.605178 -0.579319 -1.991119
    3 11.692549 0.000081 -0.000005 -0.000015 0.000036 -1.038983
    4 11.481670 -0.000089 -0.000024 1.116024 -0.668662 0.642276
    5 3.859703 -0.142414 -1.191975 -0.487421 0.120797 -1.069988
    6 1.312561 -0.000008 0.000003 -0.027864 0.037317 -1.192998
    7 0.729369 0.000002 0.000000 -0.008358 0.003609 0.307042
    8 3.942329 0.046756 -0.431444 -0.163132 0.051916 -0.905282
    9 1.539095 0.000004 -0.000005 -0.005237 0.000490 -1.223577
    10 1.196321 -0.000002 0.000002 -0.000362 0.000153 -0.116934
    11 3.883694 -0.046778 0.431443 0.070768 -0.015249 -0.882406
    12 1.719576 -0.000008 0.000009 0.013481 -0.025329 -1.202520
    13 1.209183 -0.000002 0.000003 0.003990 0.002743 -0.005831
    14 3.859856 -0.137957 1.332466 0.371693 -0.022511 -0.880368
    15 1.719431 0.000004 -0.000003 0.075785 -0.210568 -0.662877
    16 1.099670 -0.000004 0.000005 0.028025 -0.011715 -0.820372
    17 0.806046 -0.348927 1.321258 -1.374004 -0.689219 -0.430400
    18 1.789785 0.000000 -0.000004 0.032759 -0.078138 0.162091
    19 1.207001 0.000001 0.000002 0.010587 -0.000226 0.459257
    20 -1.406250 -6.015625 -4.156250 -1.668474 1.286518 2.942953
    21 6.028141 0.000000 -0.000002 1.204639 0.779127 -1.266954
    22 11.692554 0.000000 -0.000001 -0.000002 0.000000 -1.442141
    23 11.481701 -0.000001 -0.000007 -1.382423 0.414852 0.749331
    24 3.859676 -0.132542 1.193109 0.528328 0.278280 -1.341454
    25 1.312565 -0.000006 -0.000001 0.065277 -0.711121 -0.161904
    26 0.729365 0.000000 0.000000 0.141935 0.000625 -1.591744
    27 3.942299 0.050346 0.431044 0.194982 0.016690 -1.137821
    28 1.539104 0.000000 0.000001 0.004047 0.019613 -0.944775
    29 1.196324 -0.000004 -0.000002 -0.000509 -0.001886 -1.524661
    30 3.883663 -0.050302 -0.431042 0.022723 -0.069892 -0.857458
    31 1.719584 0.000002 0.000007 -0.043917 0.077078 -1.252831
    32 1.209185 0.000004 0.000006 -0.001237 -0.010408 -1.253067
    33 3.859837 -0.148917 -1.331282 -0.337920 0.119869 -0.323827
    34 1.719429 0.000006 0.000011 0.002864 -0.012232 -0.588881
    35 1.099665 0.000000 0.000005 0.000726 -0.004263 -0.056846
    36 0.707031 -0.671387 -1.284180 1.317943 0.455926 -0.560777
    37 1.789782 -0.000006 -0.000004 -0.136757 0.005385 -0.079338
    38 1.207001 -0.000001 -0.000006 0.001807 0.000004 0.725117
    39 -4.356672 -15.239746 -5.855639 1.382728 -0.312287 1.599494
    40 -0.163176 2.333985 0.382082 3.036093 0.153234 -1.921804
    41 1.417019 1.884747 0.307373 -0.111807 0.161678 -1.589027
    42 2.720737 2.529261 0.412600 -3.110087 -0.046555 2.851964
  time 62
    0 0.000000 -0.000006 0.000000 -1.570781 -1.391896 -1.570809
    1 -1.483398 -3.150391 5.222656 1.596636 -1.286515 2.942963
    2 6.028145 0.000003 0.000002 -0.603938 -0.579968 -1.993109
    3 11.692549 0.000081 -0.000005 -0.000015 0.000036 -1.035713
    4 11.481670 -0.000089 -0.000024 1.120046 -0.667818 0.636722
    5 3.859703 -0.142414 -1.191975 -0.487421 0.120797 -1.069988
    6 1.312561 -0.000008 0.000003 -0.027864 0.037317 -1.192998
    7 0.729369 0.000002 0.000000 -0.008358 0.003609 0.307042
    8 3.942329 0.046756 -0.431444 -0.163132 0.051916 -0.905282
    9 1.539095 0.000004 -0.000005 -0.005237 0.000490 -1.223577
    10 1.196321 -0.000002 0.000002 -0.000362 0.000153 -0.116934
    11 3.883694 -0.046778 0.431443 0.070768 -0.015249 -0.882406
    12 1.719576 -0.000008 0.000009 0.013481 -0.025329 -1.202520
    13 1.209183 -0.000002 0.000003 0.003990 0.002743 -0.005831
    14 3.859856 -0.137957 1.332466 0.371693 -0.022511 -0.880368
    15 1.719431 0.000004 -0.000003 0.075785 -0.210568 -0.662877
    16 1.099670 -0.000004 0.000005 0.028025 -0.011715 -0.820372
    17 0.806046 -0.348927 1.321258 -1.374004 -0.689219 -0.430400
    18 1.789785 0.000000 -0.000004 0.032759 -0.078138 0.162091
    19 1.207001 0.000001 0.000002 0.010587 -0.000226 0.459257
    20 -1.406250 -6.015625 -4.156250 -1.668474 1.286518 2.942953
    21 6.028141 0.000000 -0.000002 1.206135 0.778632 -1.265657
    22 11.692554 0.000000 -0.000001 -0.000002 0.000000 -1.442735
    23 11.481701 -0.000001 -0.000007 -1.381981 0.416704 0.746796
    24 3.859676 -0.132542 1.193109 0.528328 0.278280 -1.341454
    25 1.312565 -0.000006 -0.000001 0.065277 -0.711121 -0.161904
    26 0.729365 0.000000 0.000000 0.141935 0.000625 -1.591744
    27 3.942299 0.050346 0.431044 0.194982 0.016690 -1.137821
    28 1.539104 0.000000 0.000001 0.004047 0.019613 -0.944775
    29 1.196324 -0.000004 -0.000002 -0.000509 -0.001886 -1.524661
    30 3.883663 -0.050302 -0.431042 0.022723 -0.069892 -0.857458
    31 1.719584 0.000002 0.000007 -0.043917 0.077078 -1.252831
    32 1.209185 0.000004 0.000006 -0.001237 -0.010408 -1.253067
    33 3.859837 -0.148917 -1.331282 -0.337920 0.119869 -0.323827
    34 1.719429 0.000006 0.000011 0.002864 -0.012232 -0.588881
    35 1.099665 0.000000 0.000005 0.000726 -0.004263 -0.056846
    36 0.707031 -0.671387 -1.284180 1.317943 0.455926 -0.560777
    37 1.789782 -0.000006 -0.000004 -0.136757 0.005385 -0.079338
    38 1.207001 -0.000001 -0.000006 0.001807 0.000004 0.725117
    39 -4.384016 -15.243652 -5.843920 1.382013 -0.309274 1.597589
    40 -0.163176 2.333985 0.382082 3.036093 0.153234 -1.921804
    41 1.417019 1.884747 0.307373 -0.111807 0.161678 -1.589027
    42 2.720737 2.529261 0.412600 -3.110087 -0.046555 2.851964
  time 63
    0 0.000000 -0.000006 0.000000 -1.570781 -1.391896 -1.570809
    1 -1.483398 -3.150391 5.222656 1.596636 -1.286515 2.942963
    2 6.028145 0.000003 0.000002 -0.602806 -0.580710 -1.994985
    3 11.692549 0.000081 -0.000005 -0.000015 0.000024 -1.032493
    4 11.481670 -0.000089 -0.000024 1.124834 -0.666554 0.630922
    5 3.859703 -0.142414 -1.191975 -0.487421 0.120797 -1.069988
    6 1.312561 -0.000008 0.000003 -0.027864 0.037317 -1.192998
    7 0.729369 0.000002 0.000000 -0.008358 0.003609 0.307042
    8 3.942329 0.046756 -0.431444 -0.163132 0.051916 -0.905282
    9 1.539095 0.000004 -0.000005 -0.005237 0.000490 -1.223577
    10 1.196321 -0.000002 0.000002 -0.000362 0.000153 -0.116934
    11 3.883694 -0.046778 0.431443 0.070768 -0.015249 -0.882406
    12 1.719576 -0.000008 0.000009 0.013481 -0.025329 -1.202520
    13 1.209183 -0.000002 0.000003 0.003990 0.002743 -0.005831
    14 3.859856 -0.137957 1.332466 0.371693 -0.022511 -0.880368
    15 1.719431 0.000004 -0.000003 0.075785 -0.210568 -0.662877
    16 1.099670 -0.000004 0.000005 0.028025 -0.011715 -0.820389
    17 0.806046 -0.348927 1.321258 -1.374004 -0.689219 -0.430400
    18 1.789785 0.000000 -0.000004 0.032759 -0.078138 0.162091
    19 1.207001 0.000001 0.000002 0.010587 -0.000226 0.459257
    20 -1.406250 -6.015625 -4.156250 -1.668474 1.286518 2.942953
    21 6.028141 0.000000 -0.000002 1.207597 0.778022 -1.264360
    22 11.692554 0.000000 -0.000001 -0.000002 0.000000 -1.443270
    23 11.481701 -0.000001 -0.000007 -1.381008 0.419065 0.744222
    24 3.859676 -0.132542 1.193109 0.528328 0.278280 -1.341454
    25 1.312565 -0.000006 -0.000001 0.065277 -0.711121 -0.161904
    26 0.729365 0.000000 0.000000 0.141935 0.000625 -1.591744
    27 3.942299 0.050346 0.431044 0.194982 0.016690 -1.137821
    28 1.539104 0.000000 0.000001 0.004047 0.019613 -0.944775
    29 1.196324 -0.000004 -0.000002 -0.000509 -0.001886 -1.524661
    30 3.883663 -0.050302 -0.431042 0.022723 -0.069892 -0.857458
    31 1.719584 0.000002 0.000007 -0.043917 0.077078 -1.252831
    32 1.209185 0.000004 0.000006 -0.001237 -0.010408 -1.253067
    33 3.859837 -0.148917 -1.331282 -0.337920 0.119869 -0.323827
    34 1.719429 0.000006 0.000011 0.002864 -0.012232 -0.588881
    35 1.099665 0.000000 0.000005 0.000726 -0.004263 -0.056846
    36 0.707031 -0.671387 -1.284180 1.317943 0.455926 -0.560777
    37 1.789782 -0.000006 -0.000004 -0.136757 0.005385 -0.079338
    38 1.207001 -0.000001 -0.000006 0.001807 0.000004 0.725117
    39 -4.415267 -15.247558 -5.832201 1.380762 -0.306055 1.595399
    40 -0.163176 2.333985 0.382082 3.036093 0.153234 -1.921804
    41 1.417019 1.884747 0.307373 -0.111807 0.161678 -1.589027
    42 2.720737 2.529261 0.412600 -3.110087 -0.046555 2.851964
  time 64
    0 0.000000 -0.000006 0.000000 -1.570781 -1.391896 -1.570809
    1 -1.483398 -3.150391 5.222656 1.596636 -1.286515 2.942963
    2 6.028145 0.000003 0.000002 -0.601728 -0.581452 -1.996804
    3 11.692549 0.000081 -0.000005 -0.000015 0.000036 -1.029372
    4 11.481670 -0.000089 -0.000024 1.130101 -0.665036 0.625122
    5 3.859703 -0.142414 -1.191975 -0.487421 0.120797 -1.069988
    6 1.312561 -0.000008 0.000003 -0.027864 0.037317 -1.192998
    7 0.729369 0.000002 0.000000 -0.008358 0.003609 0.307042
    8 3.942329 0.046756 -0.431444 -0.163132 0.051916 -0.905282
    9 1.539095 0.000004 -0.000005 -0.005237 0.000490 -1.223577
    10 1.196321 -0.000002 0.000002 -0.000362 0.000153 -0.116934
    11 3.883694 -0.046778 0.431443 0.070768 -0.015249 -0.882406
    12 1.719576 -0.000008 0.000009 0.013481 -0.025329 -1.202520
    13 1.209183 -0.000002 0.000003 0.003990 0.002743 -0.005831
    14 3.859856 -0.137957 1.332466 0.371693 -0.022511 -0.880368
    15 1.719431 0.000004 -0.000003 0.075785 -0.210568 -0.662877
    16 1.099670 -0.000004 0.000005 0.028025 -0.011715 -0.820372
    17 0.806046 -0.348927 1.321258 -1.374004 -0.689219 -0.430400
    18 1.789785 0.000000 -0.000004 0.032759 -0.078138 0.162091
    19 1.207001 0.000001 0.000002 0.010587 -0.000226 0.459257
    20 -1.406250 -6.015625 -4.156250 -1.668474 1.286518 2.942953
    21 6.028141 0.000000 -0.000002 1.208919 0.777382 -1.263141
    22 11.692554 0.000000 -0.000001 -0.000002 0.000000 -1.443865
    23 11.481701 -0.000001 -0.000007 -1.379592 0.421753 0.741687
    24 3.859676 -0.132542 1.193109 0.528328 0.278280 -1.341454
    25 1.312565 -0.000006 -0.000001 0.065277 -0.711121 -0.161904
    26 0.729365 0.000000 0.000000 0.141935 0.000625 -1.591744
    27 3.942299 0.050346 0.431044 0.194982 0.016690 -1.137821
    28 1.539104 0.000000 0.000001 0.004047 0.019613 -0.944775
    29 1.196324 -0.000004 -0.000002 -0.000509 -0.001886 -1.524661
    30 3.883663 -0.050302 -0.431042 0.022723 -0.069904 -0.857458
    31 1.719584 0.000002 0.000007 -0.043917 0.077078 -1.252831
    32 1.209185 0.000004 0.000006 -0.001237 -0.010408 -1.253067
    33 3.859837 -0.148917 -1.331282 -0.337920 0.119869 -0.323827
    34 1.719429 0.000006 0.000011 0.002864 -0.012232 -0.588881
    35 1.099665 0.000000 0.000005 0.000726 -0.004263 -0.056846
    36 0.707031 -0.671387 -1.284180 1.317943 0.455926 -0.560777
    37 1.789782 -0.000006 -0.000004 -0.136757 0.005385 -0.079338
    38 1.207001 -0.000001 -0.000006 0.001807 0.000004 0.725117
    39 -4.442612 -15.251465 -5.820482 1.379153 -0.302784 1.593114
    40 -0.163176 2.333985 0.382082 3.036093 0.153234 -1.921804
    41 1.417019 1.884747 0.307373 -0.111807 0.161678 -1.589027
    42 2.720737 2.529261 0.412600 -3.110087 -0.046555 2.851964
  time 65
    0 0.000000 -0.000006 0.000000 -1.570781 -1.391896 -1.570809
    1 -1.483398 -3.150391 5.222656 1.596636 -1.286515 2.942963
    2 6.028145 0.000003 0.000002 -0.600758 -0.582195 -1.998510
    3 11.692549 0.000081 -0.000005 -0.000015 0.000024 -1.026449
    4 11.481670 -0.000089 -0.000024 1.135463 -0.663349 0.619568
    5 3.859703 -0.142414 -1.191975 -0.487421 0.120797 -1.069988
    6 1.312561 -0.000008 0.000003 -0.027864 0.037317 -1.192960
    7 0.729369 0.000002 0.000000 -0.008358 0.003609 0.307042
    8 3.942329 0.046756 -0.431444 -0.163132 0.051916 -0.905282
    9 1.539095 0.000004 -0.000005 -0.005237 0.000490 -1.223577
    10 1.196321 -0.000002 0.000002 -0.000362 0.000153 -0.116934
    11 3.883694 -0.046778 0.431443 0.070768 -0.015249 -0.882406
    12 1.719576 -0.000008 0.000009 0.013481 -0.025329 -1.202520
    13 1.209183 -0.000002 0.000003 0.003990 0.002743 -0.005831
    14 3.859856 -0.137957 1.332466 0.371693 -0.022511 -0.880368
    15 1.719431 0.000004 -0.000003 0.075785 -0.210568 -0.662877
    16 1.099670 -0.000004 0.000005 0.028025 -0.011715 -0.820372
    17 0.806046 -0.348927 1.321258 -1.374004 -0.689219 -0.430400
    18 1.789785 0.000000 -0.000004 0.032759 -0.078138 0.162091
    19 1.207001 0.000001 0.000002 0.010587 -0.000226 0.459257
    20 -1.406250 -6.015625 -4.156250 -1.668474 1.286518 2.942953
    21 6.028141 0.000000 -0.000002 1.210103 0.776743 -1.262041
    22 11.692554 0.000000 -0.000001 -0.000002 0.000000 -1.444341
    23 11.481701 -0.000001 -0.000007 -1.377956 0.424586 0.739302
    24 3.859676 -0.132542 1.193109 0.528328 0.278280 -1.341454
    25 1.312565 -0.000006 -0.000001 0.065277 -0.711121 -0.161904
    26 0.729365 0.000000 0.000000 0.141935 0.000625 -1.591744
    27 3.942299 0.050346 0.431044 0.194982 0.016690 -1.137821
    28 1.539104 0.000000 0.000001 0.004047 0.019613 -0.944775
    29 1.196324 -0.000004 -0.000002 -0.000509 -0.001886 -1.524661
    30 3.883663 -0.050302 -0.431042 0.022723 -0.069892 -0.857458
    31 1.719584 0.000002 0.000007 -0.043917 0.077078 -1.252831
    32 1.209185 0.000004 0.000006 -0.001237 -0.010408 -1.253067
    33 3.859837 -0.148917 -1.331282 -0.337920 0.119869 -0.323827
    34 1.719429 0.000006 0.000011 0.002864 -0.012232 -0.588881
    35 1.099665 0.000000 0.000005 0.000726 -0.004263 -0.056846
    36 0.707031 -0.671387 -1.284180 1.317943 0.455926 -0.560777
    37 1.789782 -0.000006 -0.000004 -0.136757 0.005385 -0.079338
    38 1.207001 -0.000001 -0.000006 0.001807 0.000004 0.725117
    39 -4.469956 -15.255371 -5.808762 1.377306 -0.299616 1.590733
    40 -0.163176 2.333985 0.382082 3.036093 0.153234 -1.921804
    41 1.417019 1.884747 0.307373 -0.111807 0.161678 -1.589027
    42 2.720737 2.529261 0.412600 -3.110087 -0.046555 2.851964
  time 66
    0 0.000000 -0.000006 0.000000 -1.570781 -1.391896 -1.570809
    1 -1.483398 -3.150391 5.222656 1.596636 -1.286515 2.942963
    2 6.028145 0.000003 0.000002 -0.599895 -0.582891 -1.999988
    3 11.692549 0.000081 -0.000005 -0.000015 0.000036 -1.023823
    4 11.481670 -0.000089 -0.000024 1.140538 -0.661691 0.614555
    5 3.859703 -0.142414 -1.191975 -0.487421 0.120797 -1.069988
    6 1.312561 -0.000008 0.000003 -0.027864 0.037317 -1.192998
    7 0.729369 0.000002 0.000000 -0.008358 0.003609 0.307042
    8 3.942329 0.046756 -0.431444 -0.163132 0.051916 -0.905282
    9 1.539095 0.000004 -0.000005 -0.005237 0.000490 -1.223577
    10 1.196321 -0.000002 0.000002 -0.000362 0.000153 -0.116934
    11 3.883694 -0.046778 0.431443 0.070768 -0.015249 -0.882406
    12 1.719576 -0.000008 0.000009 0.013481 -0.025329 -1.202520
    13 1.209183 -0.000002 0.000003 0.003990 0.002743 -0.005831
    14 3.859856 -0.137957 1.332466 0.371693 -0.022511 -0.880368
    15 1.719431 0.000004 -0.000003 0.075785 -0.210568 -0.662877
    16 1.099670 -0.000004 0.000005 0.028025 -0.011715 -0.820372
    17 0.806046 -0.348927 1.321258 -1.374004 -0.689219 -0.430400
    18 1.789785 0.000000 -0.000004 0.032759 -0.078138 0.162091
    19 1.207001 0.000001 0.000002 0.010587 -0.000226 0.459257
    20 -1.406250 -6.015625 -4.156250 -1.668474 1.286518 2.942953
    21 6.028141 0.000000 -0.000002 1.211147 0.776132 -1.261098
    22 11.692554 0.000000 -0.000001 -0.000002 0.000000 -1.444757
    23 11.481701 -0.000001 -0.000007 -1.376231 0.427347 0.737145
    24 3.859676 -0.132542 1.193109 0.528328 0.278280 -1.341454
    25 1.312565 -0.000006 -0.000001 0.065277 -0.711121 -0.161904
    26 0.729365 0.000000 0.000000 0.141935 0.000625 -1.591744
    27 3.942299 0.050346 0.431044 0.194982 0.016690 -1.137821
    28 1.539104 0.000000 0.000001 0.004047 0.019613 -0.944775
    29 1.196324 -0.000004 -0.000002 -0.000509 -0.001886 -1.524661
    30 3.883663 -0.050302 -0.431042 0.022723 -0.069892 -0.857458
    31 1.719584 0.000002 0.000007 -0.043917 0.077078 -1.252831
    32 1.209185 0.000004 0.000006 -0.001237 -0.010408 -1.253067
    33 3.859837 -0.148917 -1.331282 -0.337920 0.119869 -0.323827
    34 1.719429 0.000006 0.000011 0.002864 -0.012232 -0.588881
    35 1.099665 0.000000 0.000005 0.000726 -0.004263 -0.056846
    36 0.707031 -0.671387 -1.284180 1.317943 0.455926 -0.560777
    37 1.789782 -0.000006 -0.000004 -0.136757 0.005385 -0.079338
    38 1.207001 -0.000001 -0.000006 0.001807 0.000004 0.725117
    39 -4.497301 -15.259278 -5.800950 1.375459 -0.296681 1.588447
    40 -0.163176 2.333985 0.382082 3.036093 0.153234 -1.921804
    41 1.417019 1.884747 0.307373 -0.111807 0.161678 -1.589027
    42 2.720737 2.529261 0.412600 -3.110087 -0.046555 2.851964
  time 67
    0 0.000000 -0.000006 0.000000 -1.570781 -1.391896 -1.570809
    1 -1.483398 -3.150391 5.222656 1.596636 -1.286515 2.942963
    2 6.028145 0.000003 0.000002 -0.599195 -0.583447 -2.001239
    3 11.692549 0.000081 -0.000005 -0.000015 0.000036 -1.021643
    4 11.481670 -0.000089 -0.000024 1.145039 -0.660145 0.610181
    5 3.859703 -0.142414 -1.191975 -0.487421 0.120797 -1.069988
    6 1.312561 -0.000008 0.000003 -0.027864 0.037317 -1.192998
    7 0.729369 0.000002 0.000000 -0.008358 0.003609 0.307042
    8 3.942329 0.046756 -0.431444 -0.163132 0.051916 -0.905282
    9 1.539095 0.000004 -0.000005 -0.005237 0.000490 -1.223577
    10 1.196321 -0.000002 0.000002 -0.000362 0.000153 -0.116934
    11 3.883694 -0.046778 0.431443 0.070768 -0.015249 -0.882406
    12 1.719576 -0.000008 0.000009 0.013481 -0.025329 -1.202520
    13 1.209183 -0.000002 0.000003 0.003990 0.002743 -0.005831
    14 3.859856 -0.137957 1.332466 0.371693 -0.022511 -0.880368
    15 1.719431 0.000004 -0.000003 0.075785 -0.210568 -0.662877
    16 1.099670 -0.000004 0.000005 0.028025 -0.011715 -0.820372
    17 0.806046 -0.348927 1.321258 -1.374004 -0.689219 -0.430400
    18 1.789785 0.000000 -0.000004 0.032759 -0.078138 0.162091
    19 1.207001 0.000001 0.000002 0.010587 -0.000226 0.459257
    20 -1.406250 -6.015625 -4.156250 -1.668474 1.286518 2.942953
    21 6.028141 0.000000 -0.000002 1.211982 0.775609 -1.260312
    22 11.692554 0.000000 -0.000001 -0.000002 0.000000 -1.445114
    23 11.481701 -0.000001 -0.000007 -1.374550 0.429817 0.735291
    24 3.859676 -0.132542 1.193109 0.528328 0.278280 -1.341454
    25 1.312565 -0.000006 -0.000001 0.065277 -0.711121 -0.161904
    26 0.729365 0.000000 0.000000 0.141935 0.000625 -1.591744
    27 3.942299 0.050346 0.431044 0.194982 0.016690 -1.137821
    28 1.539104 0.000000 0.000001 0.004047 0.019613 -0.944775
    29 1.196324 -0.000004 -0.000002 -0.000509 -0.001886 -1.524661
    30 3.883663 -0.050302 -0.431042 0.022723 -0.069892 -0.857458
    31 1.719584 0.000002 0.000007 -0.043917 0.077078 -1.252831
    32 1.209185 0.000004 0.000006 -0.001237 -0.010408 -1.253067
    33 3.859837 -0.148917 -1.331282 -0.337920 0.119869 -0.323827
    34 1.719429 0.000006 0.000011 0.002864 -0.012232 -0.588881
    35 1.099665 0.000000 0.000005 0.000726 -0.004263 -0.056846
    36 0.707031 -0.671387 -1.284180 1.317943 0.455926 -0.560777
    37 1.789782 -0.000006 -0.000004 -0.136757 0.005385 -0.079338
    38 1.207001 -0.000001 -0.000006 0.001807 0.000004 0.725117
    39 -4.520739 -15.259278 -5.793137 1.373671 -0.294131 1.586448
    40 -0.163176 2.333985 0.382082 3.036093 0.153234 -1.921804
    41 1.417019 1.884747 0.307373 -0.111807 0.161678 -1.589027
    42 2.720737 2.529261 0.412600 -3.110087 -0.046555 2.851964
  time 68
    0 0.000000 -0.000006 0.000000 -1.570781 -1.391896 -1.570809
    1 -1.483398 -3.150391 5.222656 1.596636 -1.286515 2.942963
    2 6.028145 0.000003 0.000002 -0.598656 -0.583958 -2.002149
    3 11.692549 0.000081 -0.000005 -0.000015 0.000036 -1.019909
    4 11.481670 -0.000089 -0.000024 1.148678 -0.658880 0.606838
    5 3.859703 -0.142414 -1.191975 -0.487421 0.120797 -1.069988
    6 1.312561 -0.000008 0.000003 -0.027864 0.037317 -1.192998
    7 0.729369 0.000002 0.000000 -0.008358 0.003609 0.307042
    8 3.942329 0.046756 -0.431444 -0.163132 0.051916 -0.905282
    9 1.539095 0.000004 -0.000005 -0.005237 0.000490 -1.223577
    10 1.196321 -0.000002 0.000002 -0.000362 0.000153 -0.116934
    11 3.883694 -0.046778 0.431443 0.070768 -0.015249 -0.882406
    12 1.719576 -0.000008 0.000009 0.013481 -0.025329 -1.202520
    13 1.209183 -0.000002 0.000003 0.003990 0.002743 -0.005831
    14 3.859856 -0.137957 1.332466 0.371693 -0.022511 -0.880368
    15 1.719431 0.000004 -0.000003 0.075785 -0.210568 -0.662877
    16 1.099670 -0.000004 0.000005 0.028025 -0.011715 -0.820372
    17 0.806046 -0.348927 1.321258 -1.374004 -0.689219 -0.430400
    18 1.789785 0.000000 -0.000004 0.032759 -0.078138 0.162091
    19 1.207001 0.000001 0.000002 0.010587 -0.000226 0.459257
    20 -1.406250 -6.015625 -4.156250 -1.668474 1.286518 2.942953
    21 6.028141 0.000000 -0.000002 1.212609 0.775202 -1.259722
    22 11.692554 0.000000 -0.000001 -0.000002 0.000000 -1.445411
    23 11.481701 -0.000001 -0.000007 -1.373178 0.431851 0.733853
    24 3.859676 -0.132542 1.193109 0.528328 0.278280 -1.341454
    25 1.312565 -0.000006 -0.000001 0.065277 -0.711121 -0.161904
    26 0.729365 0.000000 0.000000 0.141935 0.000625 -1.591744
    27 3.942299 0.050346 0.431044 0.194982 0.016690 -1.137821
    28 1.539104 0.000000 0.000001 0.004047 0.019613 -0.944775
    29 1.196324 -0.000004 -0.000002 -0.000509 -0.001886 -1.524661
    30 3.883663 -0.050302 -0.431042 0.022723 -0.069904 -0.857458
    31 1.719584 0.000002 0.000007 -0.043917 0.077078 -1.252831
    32 1.209185 0.000004 0.000006 -0.001237 -0.010408 -1.253067
    33 3.859837 -0.148917 -1.331282 -0.337920 0.119869 -0.323827
    34 1.719429 0.000006 0.000011 0.002864 -0.012232 -0.588881
    35 1.099665 0.000000 0.000005 0.000726 -0.004263 -0.056846
    36 0.707031 -0.671387 -1.284180 1.317943 0.455926 -0.560777
    37 1.789782 -0.000006 -0.000004 -0.136757 0.005385 -0.079338
    38 1.207001 -0.000001 -0.000006 0.001807 0.000004 0.725117
    39 -4.536365 -15.263184 -5.785324 1.372241 -0.292148 1.584829
    40 -0.163176 2.333985 0.382082 3.036093 0.153234 -1.921804
    41 1.417019 1.884747 0.307373 -0.111807 0.161678 -1.589027
    42 2.720737 2.529261 0.412600 -3.110087 -0.046555 2.851964
  time 69
    0 0.000000 -0.000006 0.000000 -1.570781 -1.391896 -1.570809
    1 -1.483398 -3.150391 5.222656 1.596636 -1.286515 2.942963
    2 6.028145 0.000003 0.000002 -0.598278 -0.584236 -2.002774
    3 11.692549 0.000081 -0.000005 -0.000015 0.000036 -1.018819
    4 11.481670 -0.000089 -0.000024 1.151072 -0.658037 0.604627
    5 3.859703 -0.142414 -1.191975 -0.487421 0.120797 -1.069988
    6 1.312561 -0.000008 0.000003 -0.027864 0.037317 -1.192960
    7 0.729369 0.000002 0.000000 -0.008358 0.003609 0.307042
    8 3.942329 0.046756 -0.431444 -0.163132 0.051916 -0.905282
    9 1.539095 0.000004 -0.000005 -0.005237 0.000490 -1.223577
    10 1.196321 -0.000002 0.000002 -0.000362 0.000153 -0.116934
    11 3.883694 -0.046778 0.431443 0.070768 -0.015249 -0.882406
    12 1.719576 -0.000008 0.000009 0.013481 -0.025329 -1.202520
    13 1.209183 -0.000002 0.000003 0.003990 0.002743 -0.005831
    14 3.859856 -0.137957 1.332466 0.371693 -0.022511 -0.880368
    15 1.719431 0.000004 -0.000003 0.075785 -0.210568 -0.662877
    16 1.099670 -0.000004 0.000005 0.028025 -0.011715 -0.820372
    17 0.806046 -0.348927 1.321258 -1.374004 -0.689219 -0.430400
    18 1.789785 0.000000 -0.000004 0.032759 -0.078138 0.162091
    19 1.207001 0.000001 0.000002 0.010587 -0.000226 0.459257
    20 -1.406250 -6.015625 -4.156250 -1.668474 1.286518 2.942953
    21 6.028141 0.000000 -0.000002 1.212992 0.774911 -1.259329
    22 11.692554 0.000000 -0.000001 -0.000002 0.000000 -1.445590
    23 11.481701 -0.000001 -0.000007 -1.372250 0.433231 0.732944
    24 3.859676 -0.132542 1.193109 0.528328 0.278280 -1.341454
    25 1.312565 -0.000006 -0.000001 0.065277 -0.711121 -0.161904
    26 0.729365 0.000000 0.000000 0.141935 0.000625 -1.591744
    27 3.942299 0.050346 0.431044 0.194982 0.016690 -1.137821
    28 1.539104 0.000000 0.000001 0.004047 0.019613 -0.944775
    29 1.196324 -0.000004 -0.000002 -0.000509 -0.001886 -1.524661
    30 3.883663 -0.050302 -0.431042 0.022723 -0.069892 -0.857458
    31 1.719584 0.000002 0.000007 -0.043917 0.077078 -1.252831
    32 1.209185 0.000004 0.000006 -0.001237 -0.010408 -1.253067
    33 3.859837 -0.148917 -1.331282 -0.337920 0.119869 -0.323827
    34 1.719429 0.000006 0.000011 0.002864 -0.012232 -0.588881
    35 1.099665 0.000000 0.000005 0.000726 -0.004263 -0.056846
    36 0.707031 -0.671387 -1.284180 1.317943 0.455926 -0.560777
    37 1.789782 -0.000006 -0.000004 -0.136757 0.005385 -0.079338
    38 1.207001 -0.000001 -0.000006 0.001807 0.000004 0.725117
    39 -4.548084 -15.263184 -5.781418 1.371228 -0.290835 1.583686
    40 -0.163176 2.333985 0.382082 3.036093 0.153234 -1.921804
    41 1.417019 1.884747 0.307373 -0.111807 0.161678 -1.589027
    42 2.720737 2.529261 0.412600 -3.110087 -0.046555 2.851964
  time 70
    0 0.000000 -0.000006 0.000000 -1.570781 -1.391896 -1.570809
    1 -1.483398 -3.150391 5.222656 1.596636 -1.286515 2.942963
    2 6.028145 0.000003 0.000002 -0.598170 -0.584375 -2.003002
    3 11.692549 0.000081 -0.000005 -0.000015 0.000036 -1.018423
    4 11.481670 -0.000089 -0.000024 1.151933 -0.657699 0.603840
    5 3.859703 -0.142414 -1.191975 -0.487421 0.120797 -1.069988
    6 1.312561 -0.000008 0.000003 -0.027864 0.037317 -1.192960
    7 0.729369 0.000002 0.000000 -0.008358 0.003609 0.307042
    8 3.942329 0.046756 -0.431444 -0.163132 0.051916 -0.905282
    9 1.539095 0.000004 -0.000005 -0.005237 0.000490 -1.223577
    10 1.196321 -0.000002 0.000002 -0.000362 0.000153 -0.116934
    11 3.883694 -0.046778 0.431443 0.070768 -0.015249 -0.882406
    12 1.719576 -0.000008 0.000009 0.013481 -0.025329 -1.202520
    13 1.209183 -0.000002 0.000003 0.003990 0.002743 -0.005831
    14 3.859856 -0.137957 1.332466 0.371693 -0.022511 -0.880368
    15 1.719431 0.000004 -0.000003 0.075785 -0.210568 -0.662877
    16 1.099670 -0.000004 0.000005 0.028025 -0.011715 -0.820372
    17 0.806046 -0.348927 1.321258 -1.374004 -0.689219 -0.430400
    18 1.789785 0.000000 -0.000004 0.032759 -0.078138 0.162091
    19 1.207001 0.000001 0.000002 0.010587 -0.000226 0.459257
    20 -1.406250 -6.015625 -4.156250 -1.668474 1.286518 2.942953
    21 6.028141 0.000000 -0.000002 1.213131 0.774795 -1.259211
    22 11.692554 0.000000 -0.000001 -0.000002 0.000000 -1.445649
    23 11.481701 -0.000001 -0.000007 -1.371896 0.433704 0.732604
    24 3.859676 -0.132542 1.193109 0.528328 0.278280 -1.341454
    25 1.312565 -0.000006 -0.000001 0.065277 -0.711121 -0.161904
    26 0.729365 0.000000 0.000000 0.141935 0.000625 -1.591744
    27 3.942299 0.050346 0.431044 0.194982 0.016690 -1.137821
    28 1.539104 0.000000 0.000001 0.004047 0.019613 -0.944775
    29 1.196324 -0.000004 -0.000002 -0.000509 -0.001886 -1.524661
    30 3.883663 -0.050302 -0.431042 0.022723 -0.069892 -0.857458
    31 1.719584 0.000002 0.000007 -0.043917 0.077078 -1.252831
    32 1.209185 0.000004 0.000006 -0.001237 -0.010408 -1.253067
    33 3.859837 -0.148917 -1.331282 -0.337920 0.119869 -0.323827
    34 1.719429 0.000006 0.000011 0.002864 -0.012232 -0.588881
    35 1.099665 0.000000 0.000005 0.000726 -0.004263 -0.056846
    36 0.707031 -0.671387 -1.284180 1.317943 0.455926 -0.560777
    37 1.789782 -0.000006 -0.000004 -0.136757 0.005385 -0.079338
    38 1.207001 -0.000001 -0.000006 0.001807 0.000004 0.725117
    39 -4.551990 -15.263184 -5.781418 1.370871 -0.290371 1.583305
    40 -0.163176 2.333985 0.382082 3.036093 0.153234 -1.921804
    41 1.417019 1.884747 0.307373 -0.111807 0.161678 -1.589027
    42 2.720737 2.529261 0.412600 -3.110087 -0.046555 2.851964
end
