// Created by Crowbar++ 0.74
version 1
nodes
  0 "ValveBiped.Bip01_Spine4" -1
  1 "ValveBiped.Bip01_L_Clavicle" 0
  2 "ValveBiped.Bip01_L_UpperArm" 1
  3 "ValveBiped.Bip01_L_Forearm" 2
  4 "ValveBiped.Bip01_L_Hand" 3
  5 "ValveBiped.Bip01_L_Finger4" 4
  6 "ValveBiped.Bip01_L_Finger41" 5
  7 "ValveBiped.Bip01_L_Finger42" 6
  8 "ValveBiped.Bip01_L_Finger3" 4
  9 "ValveBiped.Bip01_L_Finger31" 8
  10 "ValveBiped.Bip01_L_Finger32" 9
  11 "ValveBiped.Bip01_L_Finger2" 4
  12 "ValveBiped.Bip01_L_Finger21" 11
  13 "ValveBiped.Bip01_L_Finger22" 12
  14 "ValveBiped.Bip01_L_Finger1" 4
  15 "ValveBiped.Bip01_L_Finger11" 14
  16 "ValveBiped.Bip01_L_Finger12" 15
  17 "ValveBiped.Bip01_L_Finger0" 4
  18 "ValveBiped.Bip01_L_Finger01" 17
  19 "ValveBiped.Bip01_L_Finger02" 18
  20 "ValveBiped.Bip01_R_Clavicle" 0
  21 "ValveBiped.Bip01_R_UpperArm" 20
  22 "ValveBiped.Bip01_R_Forearm" 21
  23 "ValveBiped.Bip01_R_Hand" 22
  24 "ValveBiped.Bip01_R_Finger4" 23
  25 "ValveBiped.Bip01_R_Finger41" 24
  26 "ValveBiped.Bip01_R_Finger42" 25
  27 "ValveBiped.Bip01_R_Finger3" 23
  28 "ValveBiped.Bip01_R_Finger31" 27
  29 "ValveBiped.Bip01_R_Finger32" 28
  30 "ValveBiped.Bip01_R_Finger2" 23
  31 "ValveBiped.Bip01_R_Finger21" 30
  32 "ValveBiped.Bip01_R_Finger22" 31
  33 "ValveBiped.Bip01_R_Finger1" 23
  34 "ValveBiped.Bip01_R_Finger11" 33
  35 "ValveBiped.Bip01_R_Finger12" 34
  36 "ValveBiped.Bip01_R_Finger0" 23
  37 "ValveBiped.Bip01_R_Finger01" 36
  38 "ValveBiped.Bip01_R_Finger02" 37
  39 "v_weapon.MP5_Parent" -1
  40 "v_weapon.MP5_Clip" 39
  41 "v_weapon.MP5_Bolt" 39
  42 "v_weapon.MP5_ClipRelease" 39
  43 "v_weapon.MP5_Trigger" 39
  44 "v_weapon.MP5_Clip2" 39
end
skeleton
  time 0
    0 0.000000 -0.000006 0.000000 -1.570781 -1.391896 -1.570809
    1 -5.371094 0.969727 1.057617 1.596636 -1.286515 2.942963
    2 6.028145 0.000003 0.000002 0.093862 -1.205198 -2.459535
    3 11.692553 0.000081 -0.000005 -0.000003 0.000012 -0.411397
    4 11.481672 -0.000089 -0.000024 -0.181055 0.495099 0.227791
    5 3.859703 -0.142416 -1.191975 -0.481891 -0.078878 -1.661263
    6 1.312563 -0.000010 0.000004 -0.002601 0.039112 -0.675895
    7 0.729363 0.000000 0.000003 -0.006788 0.000392 -0.008718
    8 3.942329 0.046754 -0.431444 -0.119597 -0.202676 -1.456636
    9 1.539093 0.000006 -0.000006 0.004841 -0.049720 -0.468417
    10 1.196322 -0.000006 0.000003 0.005210 0.000368 -0.385561
    11 3.883690 -0.046784 0.431443 0.105531 -0.250832 -1.086781
    12 1.719582 -0.000010 0.000009 0.016486 -0.106799 -0.687850
    13 1.209181 -0.000006 0.000003 0.008515 0.010741 -0.700736
    14 3.859856 -0.137963 1.332466 0.359793 -0.259762 -0.987101
    15 1.719435 0.000000 -0.000005 0.012200 -0.121739 -0.585374
    16 1.099678 -0.000006 0.000003 0.009078 0.012743 -0.902352
    17 0.806042 -0.348929 1.321258 -1.379476 -0.521416 -0.611917
    18 1.789783 0.000000 -0.000008 -0.001500 -0.000167 -0.097641
    19 1.207001 0.000001 -0.000002 -0.000226 -0.000197 -0.024899
    20 -3.070313 -5.792969 -5.765625 -1.668474 1.286518 2.942953
    21 6.028141 0.000000 -0.000002 1.083377 0.787157 -1.099333
    22 11.692556 0.000000 -0.000002 -0.000002 0.000000 -1.405536
    23 11.481703 -0.000001 -0.000005 -1.254321 0.444873 0.813135
    24 3.859676 -0.132545 1.193110 0.519775 0.048729 -1.589310
    25 1.312559 -0.000004 -0.000001 -0.001721 -0.016487 -0.322232
    26 0.729365 -0.000002 -0.000001 -0.000278 0.006317 -1.047272
    27 3.942299 0.050347 0.431044 0.125342 -0.051528 -1.426276
    28 1.539106 0.000000 0.000001 -0.119992 0.277622 -0.734224
    29 1.196321 -0.000004 -0.000002 0.056320 0.110503 -1.427850
    30 3.883663 -0.050304 -0.431042 -0.091919 -0.016657 -1.132258
    31 1.719582 0.000002 0.000006 -0.016124 0.020220 -1.062731
    32 1.209183 0.000002 0.000006 -0.037421 0.320621 -1.232387
    33 3.859837 -0.148918 -1.331282 -0.115527 0.266901 -0.224358
    34 1.719429 0.000008 0.000011 0.010202 -0.020465 -1.548207
    35 1.099665 0.000000 0.000006 -0.256059 -0.096433 -0.942706
    36 0.806025 -0.359831 -1.318334 1.294972 0.543888 -0.655409
    37 1.789782 -0.000008 -0.000004 -0.002841 0.016457 0.213885
    38 1.207003 -0.000002 -0.000008 -0.002281 -0.000088 0.877653
    39 -4.916288 -11.674659 -8.324659 1.570831 -0.000031 -3.141580
    40 0.028150 2.046865 -7.394535 -0.000007 0.000000 0.000000
    41 0.028148 5.078109 -12.500008 -0.000007 0.000000 0.000000
    42 0.028150 1.326164 -6.433592 -0.000007 0.000000 0.000000
    43 0.025025 1.444311 -3.791368 -0.504736 0.000000 0.000000
    44 11.093750 -8.562500 5.578125 -0.000007 0.000000 -0.000003
  time 1
    0 0.000000 -0.000006 0.000000 -1.570781 -1.391896 -1.570809
    1 -5.371094 0.969727 1.057617 1.596636 -1.286515 2.942963
    2 6.028145 0.000003 0.000002 0.034096 -1.206202 -2.395400
    3 11.692553 0.000081 -0.000005 -0.000003 0.000012 -0.486335
    4 11.481672 -0.000089 -0.000024 -0.144365 0.489794 0.288798
    5 3.859703 -0.142416 -1.191975 -0.481891 -0.078878 -1.661263
    6 1.312563 -0.000010 0.000004 -0.002601 0.039112 -0.675895
    7 0.729363 0.000000 0.000003 -0.006788 0.000392 -0.008718
    8 3.942329 0.046754 -0.431444 -0.119597 -0.202676 -1.456636
    9 1.539093 0.000006 -0.000006 0.004841 -0.049720 -0.468417
    10 1.196322 -0.000006 0.000003 0.005210 0.000368 -0.385561
    11 3.883690 -0.046784 0.431443 0.105531 -0.250832 -1.086781
    12 1.719582 -0.000010 0.000009 0.016486 -0.106799 -0.687850
    13 1.209181 -0.000006 0.000003 0.008515 0.010741 -0.700736
    14 3.859856 -0.137963 1.332466 0.359793 -0.259762 -0.987101
    15 1.719435 0.000000 -0.000005 0.012200 -0.121739 -0.585374
    16 1.099678 -0.000006 0.000003 0.009078 0.012743 -0.902352
    17 0.806042 -0.348929 1.321258 -1.379476 -0.521416 -0.611917
    18 1.789783 0.000000 -0.000008 -0.001500 -0.000167 -0.097641
    19 1.207001 0.000001 -0.000002 -0.000226 -0.000197 -0.024899
    20 -3.070313 -5.792969 -5.765625 -1.668474 1.286518 2.942953
    21 6.028141 0.000000 -0.000002 1.082729 0.772706 -1.094394
    22 11.692556 0.000000 -0.000002 -0.000002 0.000000 -1.427901
    23 11.481703 -0.000001 -0.000005 -1.233724 0.457590 0.801902
    24 3.859676 -0.132545 1.193110 0.519775 0.048729 -1.589310
    25 1.312559 -0.000004 -0.000001 -0.001721 -0.016487 -0.322232
    26 0.729365 -0.000002 -0.000001 -0.000278 0.006317 -1.047272
    27 3.942299 0.050347 0.431044 0.125342 -0.051528 -1.426276
    28 1.539106 0.000000 0.000001 -0.119992 0.277622 -0.734224
    29 1.196321 -0.000004 -0.000002 0.056320 0.110503 -1.427850
    30 3.883663 -0.050304 -0.431042 -0.091919 -0.016657 -1.132258
    31 1.719582 0.000002 0.000006 -0.016124 0.020220 -1.062731
    32 1.209183 0.000002 0.000006 -0.037421 0.320621 -1.232387
    33 3.859837 -0.148918 -1.331282 -0.115527 0.266901 -0.224358
    34 1.719429 0.000008 0.000011 0.010202 -0.020465 -1.548207
    35 1.099665 0.000000 0.000006 -0.256059 -0.096433 -0.942727
    36 0.806025 -0.359831 -1.318334 1.294972 0.543888 -0.655409
    37 1.789782 -0.000008 -0.000004 -0.002841 0.016457 0.213885
    38 1.207003 -0.000002 -0.000008 -0.002281 -0.000088 0.877653
    39 -4.920195 -11.475434 -8.301221 1.593038 0.025410 -3.140129
    40 0.028150 2.046865 -7.394535 -0.000007 0.000000 0.000000
    41 0.028148 5.078109 -12.500008 -0.000007 0.000000 0.000000
    42 0.028150 1.326164 -6.433592 -0.000007 0.000000 0.000000
    43 0.025025 1.444311 -3.791368 -0.504751 0.000000 0.000000
    44 11.093750 -8.562500 5.578125 -0.000007 0.000000 -0.000003
  time 2
    0 0.000000 -0.000006 0.000000 -1.570781 -1.391896 -1.570809
    1 -5.371094 0.969727 1.057617 1.596636 -1.286515 2.942963
    2 6.028145 0.000003 0.000002 -0.043608 -1.202058 -2.310524
    3 11.692553 0.000081 -0.000005 -0.000003 0.000012 -0.588786
    4 11.481672 -0.000089 -0.000024 -0.086073 0.483647 0.387903
    5 3.859703 -0.142416 -1.191975 -0.481891 -0.078878 -1.661263
    6 1.312563 -0.000010 0.000004 -0.002601 0.039112 -0.675895
    7 0.729363 0.000000 0.000003 -0.006788 0.000392 -0.008718
    8 3.942329 0.046754 -0.431444 -0.119597 -0.202676 -1.456636
    9 1.539093 0.000006 -0.000006 0.004841 -0.049720 -0.468417
    10 1.196322 -0.000006 0.000003 0.005210 0.000368 -0.385561
    11 3.883690 -0.046784 0.431443 0.105531 -0.250832 -1.086781
    12 1.719582 -0.000010 0.000009 0.016486 -0.106799 -0.687850
    13 1.209181 -0.000006 0.000003 0.008515 0.010741 -0.700736
    14 3.859856 -0.137963 1.332466 0.359793 -0.259762 -0.987101
    15 1.719435 0.000000 -0.000005 0.012200 -0.121739 -0.585374
    16 1.099678 -0.000006 0.000003 0.009078 0.012743 -0.902352
    17 0.806042 -0.348929 1.321258 -1.379476 -0.521416 -0.611917
    18 1.789783 0.000000 -0.000008 -0.001500 -0.000167 -0.097641
    19 1.207001 0.000001 -0.000002 -0.000226 -0.000197 -0.024899
    20 -3.070313 -5.792969 -5.765625 -1.668474 1.286518 2.942953
    21 6.028141 0.000000 -0.000002 1.081288 0.747645 -1.085881
    22 11.692556 0.000000 -0.000002 -0.000002 0.000000 -1.469641
    23 11.481703 -0.000001 -0.000005 -1.190598 0.471328 0.800744
    24 3.859676 -0.132545 1.193110 0.519775 0.048729 -1.589310
    25 1.312559 -0.000004 -0.000001 -0.001721 -0.016487 -0.322232
    26 0.729365 -0.000002 -0.000001 -0.000278 0.006317 -1.047272
    27 3.942299 0.050347 0.431044 0.125342 -0.051528 -1.426276
    28 1.539106 0.000000 0.000001 -0.119992 0.277622 -0.734224
    29 1.196321 -0.000004 -0.000002 0.056320 0.110503 -1.427850
    30 3.883663 -0.050304 -0.431042 -0.091919 -0.016657 -1.132258
    31 1.719582 0.000002 0.000006 -0.016124 0.020220 -1.062731
    32 1.209183 0.000002 0.000006 -0.037421 0.320621 -1.232387
    33 3.859837 -0.148918 -1.331282 -0.115527 0.266901 -0.224358
    34 1.719429 0.000008 0.000011 0.010202 -0.020465 -1.548207
    35 1.099665 0.000000 0.000006 -0.256059 -0.096433 -0.942706
    36 0.806025 -0.359831 -1.318334 1.294972 0.543888 -0.655409
    37 1.789782 -0.000008 -0.000004 -0.002841 0.016457 0.213885
    38 1.207003 -0.000002 -0.000008 -0.002281 -0.000088 0.877653
    39 -4.931914 -11.104329 -8.250438 1.615490 0.072679 -3.137518
    40 0.028150 2.046865 -7.394535 -0.000007 0.000000 0.000000
    41 0.028148 5.078109 -12.500008 -0.000007 0.000000 0.000000
    42 0.028150 1.326164 -6.433592 -0.000007 0.000000 0.000000
    43 0.025025 1.444311 -3.791368 -0.504736 0.000000 0.000000
    44 11.093750 -8.562500 5.578125 -0.000007 0.000000 -0.000003
  time 3
    0 0.000000 -0.000006 0.000000 -1.570781 -1.391896 -1.570809
    1 -5.371094 0.969727 1.057617 1.596636 -1.286515 2.942963
    2 6.028145 0.000003 0.000002 -0.077562 -1.197390 -2.272426
    3 11.692553 0.000081 -0.000005 -0.000003 0.000024 -0.629316
    4 11.481672 -0.000089 -0.000024 -0.062328 0.483573 0.438575
    5 3.859703 -0.142416 -1.191975 -0.481891 -0.078878 -1.661263
    6 1.312563 -0.000010 0.000004 -0.002601 0.039112 -0.675895
    7 0.729363 0.000000 0.000003 -0.006788 0.000392 -0.008718
    8 3.942329 0.046754 -0.431444 -0.119597 -0.202676 -1.456636
    9 1.539093 0.000006 -0.000006 0.004841 -0.049720 -0.468417
    10 1.196322 -0.000006 0.000003 0.005210 0.000368 -0.385561
    11 3.883690 -0.046784 0.431443 0.105531 -0.250832 -1.086781
    12 1.719582 -0.000010 0.000009 0.016486 -0.106799 -0.687850
    13 1.209181 -0.000006 0.000003 0.008515 0.010741 -0.700736
    14 3.859856 -0.137963 1.332466 0.359793 -0.259762 -0.987101
    15 1.719435 0.000000 -0.000005 0.012200 -0.121739 -0.585374
    16 1.099678 -0.000006 0.000003 0.009078 0.012743 -0.902352
    17 0.806042 -0.348929 1.321258 -1.379476 -0.521416 -0.611917
    18 1.789783 0.000000 -0.000008 -0.001500 -0.000167 -0.097641
    19 1.207001 0.000001 -0.000002 -0.000226 -0.000197 -0.024899
    20 -3.070313 -5.792969 -5.765625 -1.668474 1.286518 2.942953
    21 6.028141 0.000000 -0.000002 1.081504 0.735961 -1.081170
    22 11.692556 0.000000 -0.000002 -0.000002 0.000000 -1.493558
    23 11.481703 -0.000001 -0.000005 -1.163447 0.468187 0.816811
    24 3.859676 -0.132545 1.193110 0.519775 0.048729 -1.589310
    25 1.312559 -0.000004 -0.000001 -0.001721 -0.016487 -0.322232
    26 0.729365 -0.000002 -0.000001 -0.000278 0.006317 -1.047272
    27 3.942299 0.050347 0.431044 0.125342 -0.051528 -1.426276
    28 1.539106 0.000000 0.000001 -0.119992 0.277622 -0.734224
    29 1.196321 -0.000004 -0.000002 0.056320 0.110503 -1.427850
    30 3.883663 -0.050304 -0.431042 -0.091919 -0.016657 -1.132258
    31 1.719582 0.000002 0.000006 -0.016124 0.020220 -1.062731
    32 1.209183 0.000002 0.000006 -0.037421 0.320621 -1.232387
    33 3.859837 -0.148918 -1.331282 -0.115527 0.266901 -0.224358
    34 1.719429 0.000008 0.000011 0.010202 -0.020465 -1.548207
    35 1.099665 0.000000 0.000006 -0.256059 -0.096433 -0.942706
    36 0.806025 -0.359831 -1.318334 1.294972 0.543888 -0.655409
    37 1.789782 -0.000008 -0.000004 -0.002841 0.016457 0.213885
    38 1.207003 -0.000002 -0.000008 -0.002281 -0.000088 0.877653
    39 -4.939726 -10.905104 -8.199655 1.611936 0.098120 -3.136067
    40 0.028150 2.046865 -7.394535 -0.000007 0.000000 0.000000
    41 0.028148 5.078109 -12.500008 -0.000007 0.000000 0.000000
    42 0.028150 1.326164 -6.433592 -0.000007 0.000000 0.000000
    43 0.025025 1.444311 -3.791368 -0.504736 0.000000 0.000000
    44 11.093750 -8.562500 5.578125 -0.000007 0.000000 -0.000003
  time 4
    0 0.000000 -0.000006 0.000000 -1.570781 -1.391896 -1.570809
    1 -5.371094 0.969727 1.057617 1.596636 -1.286515 2.942963
    2 6.028145 0.000003 0.000002 -0.077297 -1.196866 -2.272500
    3 11.692553 0.000081 -0.000005 -0.000003 0.000024 -0.622913
    4 11.481672 -0.000089 -0.000024 -0.068755 0.486281 0.436765
    5 3.859703 -0.142416 -1.191975 -0.481891 -0.078878 -1.661263
    6 1.312563 -0.000010 0.000004 -0.002601 0.039112 -0.675895
    7 0.729363 0.000000 0.000003 -0.006788 0.000392 -0.008718
    8 3.942329 0.046754 -0.431444 -0.119597 -0.202676 -1.456636
    9 1.539093 0.000006 -0.000006 0.004841 -0.049720 -0.468417
    10 1.196322 -0.000006 0.000003 0.005210 0.000368 -0.385561
    11 3.883690 -0.046784 0.431443 0.105531 -0.250832 -1.086781
    12 1.719582 -0.000010 0.000009 0.016486 -0.106799 -0.687850
    13 1.209181 -0.000006 0.000003 0.008515 0.010741 -0.700736
    14 3.859856 -0.137963 1.332466 0.359793 -0.259762 -0.987101
    15 1.719435 0.000000 -0.000005 0.012200 -0.121739 -0.585374
    16 1.099678 -0.000006 0.000003 0.009078 0.012743 -0.902352
    17 0.806042 -0.348929 1.321258 -1.379476 -0.521416 -0.611917
    18 1.789783 0.000000 -0.000008 -0.001500 -0.000167 -0.097641
    19 1.207001 0.000001 -0.000002 -0.000226 -0.000197 -0.024899
    20 -3.070313 -5.792969 -5.765625 -1.668474 1.286518 2.942953
    21 6.028141 0.000000 -0.000002 1.082945 0.737849 -1.080886
    22 11.692556 0.000000 -0.000002 -0.000002 0.000000 -1.494191
    23 11.481703 -0.000001 -0.000005 -1.162979 0.460833 0.827330
    24 3.859676 -0.132545 1.193110 0.519775 0.048729 -1.589310
    25 1.312559 -0.000004 -0.000001 -0.001721 -0.016487 -0.322232
    26 0.729365 -0.000002 -0.000001 -0.000278 0.006317 -1.047272
    27 3.942299 0.050347 0.431044 0.125342 -0.051528 -1.426276
    28 1.539106 0.000000 0.000001 -0.119992 0.277622 -0.734224
    29 1.196321 -0.000004 -0.000002 0.056320 0.110503 -1.427850
    30 3.883663 -0.050304 -0.431042 -0.091919 -0.016657 -1.132258
    31 1.719582 0.000002 0.000006 -0.016124 0.020220 -1.062731
    32 1.209183 0.000002 0.000006 -0.037421 0.320621 -1.232387
    33 3.859837 -0.148918 -1.331282 -0.115527 0.266901 -0.224358
    34 1.719429 0.000008 0.000011 0.010202 -0.020465 -1.548207
    35 1.099665 0.000000 0.000006 -0.256059 -0.096433 -0.942706
    36 0.806025 -0.359831 -1.318334 1.294972 0.543888 -0.655409
    37 1.789782 -0.000008 -0.000004 -0.002841 0.016457 0.213885
    38 1.207003 -0.000002 -0.000008 -0.002281 -0.000088 0.877653
    39 -4.947539 -10.916823 -8.180123 1.602135 0.096376 -3.136284
    40 0.028150 2.046865 -7.394535 -0.000007 0.000000 0.000000
    41 0.028148 5.078109 -12.500008 -0.000007 0.000000 0.000000
    42 0.028150 1.326164 -6.433592 -0.000007 0.000000 0.000000
    43 0.025025 1.444311 -3.791368 -0.504736 0.000000 0.000000
    44 11.093750 -8.562500 5.578125 -0.000007 0.000000 -0.000003
  time 5
    0 0.000000 -0.000006 0.000000 -1.570781 -1.391896 -1.570809
    1 -5.371094 0.969727 1.057617 1.596636 -1.286515 2.942963
    2 6.028145 0.000003 0.000002 -0.080341 -1.195819 -2.268749
    3 11.692553 0.000081 -0.000005 -0.000003 0.000024 -0.613062
    4 11.481672 -0.000089 -0.000024 -0.080092 0.489647 0.429526
    5 3.859703 -0.142416 -1.191975 -0.481891 -0.078878 -1.661263
    6 1.312563 -0.000010 0.000004 -0.002601 0.039112 -0.675895
    7 0.729363 0.000000 0.000003 -0.006788 0.000392 -0.008718
    8 3.942329 0.046754 -0.431444 -0.119597 -0.202676 -1.456636
    9 1.539093 0.000006 -0.000006 0.004841 -0.049720 -0.468417
    10 1.196322 -0.000006 0.000003 0.005210 0.000368 -0.385561
    11 3.883690 -0.046784 0.431443 0.105531 -0.250832 -1.086781
    12 1.719582 -0.000010 0.000009 0.016486 -0.106799 -0.687850
    13 1.209181 -0.000006 0.000003 0.008515 0.010741 -0.700736
    14 3.859856 -0.137963 1.332466 0.359793 -0.259762 -0.987101
    15 1.719435 0.000000 -0.000005 0.012200 -0.121739 -0.585374
    16 1.099678 -0.000006 0.000003 0.009078 0.012743 -0.902352
    17 0.806042 -0.348929 1.321258 -1.379476 -0.521416 -0.611917
    18 1.789783 0.000000 -0.000008 -0.001500 -0.000167 -0.097641
    19 1.207001 0.000001 -0.000002 -0.000226 -0.000197 -0.024899
    20 -3.070313 -5.792969 -5.765625 -1.668474 1.286518 2.942953
    21 6.028141 0.000000 -0.000002 1.083737 0.740159 -1.081283
    22 11.692556 0.000000 -0.000002 -0.000002 0.000000 -1.492351
    23 11.481703 -0.000001 -0.000005 -1.164559 0.452278 0.839176
    24 3.859676 -0.132545 1.193110 0.519775 0.048729 -1.589310
    25 1.312559 -0.000004 -0.000001 -0.001721 -0.016487 -0.322232
    26 0.729365 -0.000002 -0.000001 -0.000278 0.006317 -1.047272
    27 3.942299 0.050347 0.431044 0.125342 -0.051528 -1.426276
    28 1.539106 0.000000 0.000001 -0.119992 0.277622 -0.734224
    29 1.196321 -0.000004 -0.000002 0.056320 0.110503 -1.427850
    30 3.883663 -0.050304 -0.431042 -0.091919 -0.016657 -1.132258
    31 1.719582 0.000002 0.000006 -0.016124 0.020220 -1.062731
    32 1.209183 0.000002 0.000006 -0.037421 0.320621 -1.232387
    33 3.859837 -0.148918 -1.331282 -0.115527 0.266901 -0.224358
    34 1.719429 0.000008 0.000011 0.010202 -0.020465 -1.548207
    35 1.099665 0.000000 0.000006 -0.256059 -0.096433 -0.942706
    36 0.806025 -0.359831 -1.318334 1.294972 0.543888 -0.655409
    37 1.789782 -0.000008 -0.000004 -0.002841 0.016457 0.213885
    38 1.207003 -0.000002 -0.000008 -0.002281 -0.000088 0.877653
    39 -4.947539 -10.940261 -8.184030 1.588657 0.091549 -3.136865
    40 0.028150 2.046865 -7.394535 -0.000007 0.000000 0.000000
    41 0.028148 5.078109 -12.500008 -0.000007 0.000000 0.000000
    42 0.028150 1.326164 -6.433592 -0.000007 0.000000 0.000000
    43 0.025025 1.444311 -3.791368 -0.504736 0.000000 0.000000
    44 11.093750 -8.562500 5.578125 -0.000007 0.000000 -0.000003
  time 6
    0 0.000000 -0.000006 0.000000 -1.570781 -1.391896 -1.570809
    1 -5.371094 0.969727 1.057617 1.596636 -1.286515 2.942963
    2 6.028145 0.000003 0.000002 -0.082393 -1.194642 -2.266101
    3 11.692553 0.000081 -0.000005 -0.000003 0.000012 -0.600185
    4 11.481672 -0.000089 -0.000024 -0.094732 0.493306 0.417954
    5 3.859703 -0.142416 -1.191975 -0.481891 -0.078878 -1.661263
    6 1.312563 -0.000010 0.000004 -0.002601 0.039112 -0.675895
    7 0.729363 0.000000 0.000003 -0.006788 0.000392 -0.008718
    8 3.942329 0.046754 -0.431444 -0.119597 -0.202676 -1.456636
    9 1.539093 0.000006 -0.000006 0.004841 -0.049720 -0.468417
    10 1.196322 -0.000006 0.000003 0.005210 0.000368 -0.385561
    11 3.883690 -0.046784 0.431443 0.105531 -0.250832 -1.086781
    12 1.719582 -0.000010 0.000009 0.016486 -0.106799 -0.687850
    13 1.209181 -0.000006 0.000003 0.008515 0.010741 -0.700736
    14 3.859856 -0.137963 1.332466 0.359793 -0.259762 -0.987101
    15 1.719435 0.000000 -0.000005 0.012200 -0.121739 -0.585374
    16 1.099678 -0.000006 0.000003 0.009078 0.012743 -0.902352
    17 0.806042 -0.348929 1.321258 -1.379476 -0.521416 -0.611917
    18 1.789783 0.000000 -0.000008 -0.001500 -0.000167 -0.097641
    19 1.207001 0.000001 -0.000002 -0.000226 -0.000197 -0.024899
    20 -3.070313 -5.792969 -5.765625 -1.668474 1.286518 2.942953
    21 6.028141 0.000000 -0.000002 1.084529 0.743121 -1.081851
    22 11.692556 0.000000 -0.000002 -0.000002 0.000000 -1.489131
    23 11.481703 -0.000001 -0.000005 -1.168479 0.443494 0.851430
    24 3.859676 -0.132545 1.193110 0.519775 0.048729 -1.589310
    25 1.312559 -0.000004 -0.000001 -0.001721 -0.016487 -0.322232
    26 0.729365 -0.000002 -0.000001 -0.000278 0.006317 -1.047272
    27 3.942299 0.050347 0.431044 0.125342 -0.051528 -1.426276
    28 1.539106 0.000000 0.000001 -0.119992 0.277622 -0.734224
    29 1.196321 -0.000004 -0.000002 0.056320 0.110503 -1.427850
    30 3.883663 -0.050304 -0.431042 -0.091919 -0.016657 -1.132258
    31 1.719582 0.000002 0.000006 -0.016124 0.020220 -1.062731
    32 1.209183 0.000002 0.000006 -0.037421 0.320621 -1.232387
    33 3.859837 -0.148918 -1.331282 -0.115527 0.266901 -0.224358
    34 1.719429 0.000008 0.000011 0.010202 -0.020465 -1.548207
    35 1.099665 0.000000 0.000006 -0.256059 -0.096433 -0.942706
    36 0.806025 -0.359831 -1.318334 1.294972 0.543888 -0.655409
    37 1.789782 -0.000008 -0.000004 -0.002841 0.016457 0.213885
    38 1.207003 -0.000002 -0.000008 -0.002281 -0.000088 0.877653
    39 -4.947539 -10.979325 -8.195749 1.573986 0.084138 -3.137735
    40 0.028150 2.046865 -7.394535 -0.000007 0.000000 0.000000
    41 0.028148 5.078109 -12.500008 -0.000007 0.000000 0.000000
    42 0.028150 1.326164 -6.433592 -0.000007 0.000000 0.000000
    43 0.025025 1.444311 -3.791368 -0.504736 0.000000 0.000000
    44 11.093750 -8.562500 5.578125 -0.000007 0.000000 -0.000003
  time 7
    0 0.000000 -0.000006 0.000000 -1.570781 -1.391896 -1.570809
    1 -5.371094 0.969727 1.057617 1.596636 -1.286515 2.942963
    2 6.028145 0.000003 0.000002 -0.081996 -1.193595 -2.266027
    3 11.692553 0.000081 -0.000005 -0.000003 0.000012 -0.585409
    4 11.481672 -0.000089 -0.000024 -0.111068 0.496636 0.402619
    5 3.859703 -0.142416 -1.191975 -0.481891 -0.078878 -1.661263
    6 1.312563 -0.000010 0.000004 -0.002601 0.039112 -0.675895
    7 0.729363 0.000000 0.000003 -0.006788 0.000392 -0.008718
    8 3.942329 0.046754 -0.431444 -0.119597 -0.202676 -1.456636
    9 1.539093 0.000006 -0.000006 0.004841 -0.049720 -0.468417
    10 1.196322 -0.000006 0.000003 0.005210 0.000368 -0.385561
    11 3.883690 -0.046784 0.431443 0.105531 -0.250832 -1.086781
    12 1.719582 -0.000010 0.000009 0.016486 -0.106799 -0.687850
    13 1.209181 -0.000006 0.000003 0.008515 0.010741 -0.700736
    14 3.859856 -0.137963 1.332466 0.359793 -0.259762 -0.987101
    15 1.719435 0.000000 -0.000005 0.012200 -0.121739 -0.585374
    16 1.099678 -0.000006 0.000003 0.009078 0.012743 -0.902352
    17 0.806042 -0.348929 1.321258 -1.379476 -0.521416 -0.611917
    18 1.789783 0.000000 -0.000008 -0.001500 -0.000167 -0.097641
    19 1.207001 0.000001 -0.000002 -0.000226 -0.000197 -0.024899
    20 -3.070313 -5.792969 -5.765625 -1.668474 1.286518 2.942953
    21 6.028141 0.000000 -0.000002 1.085177 0.746441 -1.082702
    22 11.692556 0.000000 -0.000002 -0.000002 0.000000 -1.484704
    23 11.481703 -0.000001 -0.000005 -1.174741 0.436064 0.862017
    24 3.859676 -0.132545 1.193110 0.519775 0.048729 -1.589310
    25 1.312559 -0.000004 -0.000001 -0.001721 -0.016487 -0.322232
    26 0.729365 -0.000002 -0.000001 -0.000278 0.006317 -1.047272
    27 3.942299 0.050347 0.431044 0.125342 -0.051528 -1.426276
    28 1.539106 0.000000 0.000001 -0.119992 0.277622 -0.734224
    29 1.196321 -0.000004 -0.000002 0.056320 0.110503 -1.427850
    30 3.883663 -0.050304 -0.431042 -0.091919 -0.016657 -1.132258
    31 1.719582 0.000002 0.000006 -0.016124 0.020220 -1.062731
    32 1.209183 0.000002 0.000006 -0.037421 0.320621 -1.232387
    33 3.859837 -0.148918 -1.331282 -0.115527 0.266901 -0.224358
    34 1.719429 0.000008 0.000011 0.010202 -0.020465 -1.548207
    35 1.099665 0.000000 0.000006 -0.256059 -0.096433 -0.942706
    36 0.806025 -0.359831 -1.318334 1.294972 0.543888 -0.655409
    37 1.789782 -0.000008 -0.000004 -0.002841 0.016457 0.213885
    38 1.207003 -0.000002 -0.000008 -0.002281 -0.000088 0.877653
    39 -4.947539 -11.022295 -8.211374 1.560508 0.074672 -3.138823
    40 0.028150 2.046865 -7.394535 -0.000007 0.000000 0.000000
    41 0.028148 5.078109 -12.500008 -0.000007 0.000000 0.000000
    42 0.028150 1.326164 -6.433592 -0.000007 0.000000 0.000000
    43 0.025025 1.444311 -3.791368 -0.504736 0.000000 0.000000
    44 11.093750 -8.562500 5.578125 -0.000007 0.000000 -0.000003
  time 8
    0 0.000000 -0.000006 0.000000 -1.570781 -1.391896 -1.570809
    1 -5.371094 0.969727 1.057617 1.596636 -1.286515 2.942963
    2 6.028145 0.000003 0.000002 -0.078885 -1.192984 -2.269043
    3 11.692553 0.000081 -0.000005 -0.000003 0.000012 -0.570351
    4 11.481672 -0.000089 -0.000024 -0.127137 0.498978 0.384617
    5 3.859703 -0.142416 -1.191975 -0.481891 -0.078878 -1.661263
    6 1.312563 -0.000010 0.000004 -0.002601 0.039112 -0.675895
    7 0.729363 0.000000 0.000003 -0.006788 0.000392 -0.008718
    8 3.942329 0.046754 -0.431444 -0.119597 -0.202676 -1.456636
    9 1.539093 0.000006 -0.000006 0.004841 -0.049720 -0.468417
    10 1.196322 -0.000006 0.000003 0.005210 0.000368 -0.385561
    11 3.883690 -0.046784 0.431443 0.105531 -0.250832 -1.086781
    12 1.719582 -0.000010 0.000009 0.016486 -0.106799 -0.687850
    13 1.209181 -0.000006 0.000003 0.008515 0.010741 -0.700736
    14 3.859856 -0.137963 1.332466 0.359793 -0.259762 -0.987101
    15 1.719435 0.000000 -0.000005 0.012200 -0.121739 -0.585374
    16 1.099678 -0.000006 0.000003 0.009078 0.012743 -0.902352
    17 0.806042 -0.348929 1.321258 -1.379476 -0.521416 -0.611917
    18 1.789783 0.000000 -0.000008 -0.001500 -0.000167 -0.097641
    19 1.207001 0.000001 -0.000002 -0.000226 -0.000197 -0.024899
    20 -3.070313 -5.792969 -5.765625 -1.668474 1.286518 2.942953
    21 6.028141 0.000000 -0.000002 1.085609 0.749793 -1.083667
    22 11.692556 0.000000 -0.000002 -0.000002 0.000000 -1.479415
    23 11.481703 -0.000001 -0.000005 -1.183342 0.431518 0.868893
    24 3.859676 -0.132545 1.193110 0.519775 0.048729 -1.589310
    25 1.312559 -0.000004 -0.000001 -0.001721 -0.016487 -0.322232
    26 0.729365 -0.000002 -0.000001 -0.000278 0.006317 -1.047272
    27 3.942299 0.050347 0.431044 0.125342 -0.051528 -1.426276
    28 1.539106 0.000000 0.000001 -0.119992 0.277622 -0.734224
    29 1.196321 -0.000004 -0.000002 0.056320 0.110503 -1.427850
    30 3.883663 -0.050304 -0.431042 -0.091919 -0.016657 -1.132258
    31 1.719582 0.000002 0.000006 -0.016124 0.020220 -1.062731
    32 1.209183 0.000002 0.000006 -0.037421 0.320621 -1.232387
    33 3.859837 -0.148918 -1.331282 -0.114464 0.267379 -0.220688
    34 1.719429 0.000008 0.000011 0.010250 -0.020369 -1.542528
    35 1.099665 0.000000 0.000006 -0.257437 -0.092131 -0.926358
    36 0.806025 -0.359831 -1.318334 1.294972 0.543888 -0.655409
    37 1.789782 -0.000008 -0.000004 -0.002841 0.016457 0.213885
    38 1.207003 -0.000002 -0.000008 -0.002281 -0.000088 0.877653
    39 -4.947539 -11.073078 -8.234812 1.550615 0.063649 -3.139911
    40 0.028150 2.046865 -7.394535 -0.000007 0.000000 0.000000
    41 0.028148 5.078109 -12.500008 -0.000007 0.000000 0.000000
    42 0.028150 1.326164 -6.433592 -0.000007 0.000000 0.000000
    43 0.025025 1.444311 -3.791368 -0.494816 0.000000 0.000000
    44 11.093750 -8.562500 5.578125 -0.000007 0.000000 -0.000003
  time 9
    0 0.000000 -0.000006 0.000000 -1.570781 -1.391896 -1.570809
    1 -5.371094 0.969727 1.057617 1.596636 -1.286515 2.942963
    2 6.028145 0.000003 0.000002 -0.072134 -1.193115 -2.276324
    3 11.692553 0.000081 -0.000005 -0.000003 0.000012 -0.556418
    4 11.481672 -0.000089 -0.000024 -0.141509 0.499636 0.364615
    5 3.859703 -0.142416 -1.191975 -0.481891 -0.078878 -1.661263
    6 1.312563 -0.000010 0.000004 -0.002601 0.039112 -0.675895
    7 0.729363 0.000000 0.000003 -0.006788 0.000392 -0.008718
    8 3.942329 0.046754 -0.431444 -0.119597 -0.202676 -1.456636
    9 1.539093 0.000006 -0.000006 0.004841 -0.049720 -0.468417
    10 1.196322 -0.000006 0.000003 0.005210 0.000368 -0.385561
    11 3.883690 -0.046784 0.431443 0.105531 -0.250832 -1.086781
    12 1.719582 -0.000010 0.000009 0.016486 -0.106799 -0.687850
    13 1.209181 -0.000006 0.000003 0.008515 0.010741 -0.700736
    14 3.859856 -0.137963 1.332466 0.359793 -0.259762 -0.987101
    15 1.719435 0.000000 -0.000005 0.012200 -0.121739 -0.585374
    16 1.099678 -0.000006 0.000003 0.009078 0.012743 -0.902352
    17 0.806042 -0.348929 1.321258 -1.379476 -0.521416 -0.611917
    18 1.789783 0.000000 -0.000008 -0.001500 -0.000167 -0.097641
    19 1.207001 0.000001 -0.000002 -0.000226 -0.000197 -0.024899
    20 -3.070313 -5.792969 -5.765625 -1.668474 1.286518 2.942953
    21 6.028141 0.000000 -0.000002 1.085753 0.752950 -1.084802
    22 11.692556 0.000000 -0.000002 -0.000002 0.000000 -1.473436
    23 11.481703 -0.000001 -0.000005 -1.194226 0.431238 0.869812
    24 3.859676 -0.132545 1.193110 0.519775 0.048729 -1.589310
    25 1.312559 -0.000004 -0.000001 -0.001721 -0.016487 -0.322232
    26 0.729365 -0.000002 -0.000001 -0.000278 0.006317 -1.047272
    27 3.942299 0.050347 0.431044 0.125342 -0.051528 -1.426276
    28 1.539106 0.000000 0.000001 -0.119992 0.277622 -0.734224
    29 1.196321 -0.000004 -0.000002 0.056320 0.110503 -1.427850
    30 3.883663 -0.050304 -0.431042 -0.091919 -0.016657 -1.132258
    31 1.719582 0.000002 0.000006 -0.016124 0.020220 -1.062731
    32 1.209183 0.000002 0.000006 -0.037421 0.320621 -1.232387
    33 3.859837 -0.148918 -1.331282 -0.111493 0.268686 -0.210553
    34 1.719429 0.000008 0.000011 0.010394 -0.020130 -1.526867
    35 1.099665 0.000000 0.000006 -0.260901 -0.080038 -0.880874
    36 0.806025 -0.359831 -1.318334 1.294972 0.543888 -0.655409
    37 1.789782 -0.000008 -0.000004 -0.002841 0.016457 0.213885
    38 1.207003 -0.000002 -0.000008 -0.002281 -0.000088 0.877653
    39 -4.947539 -11.123861 -8.258251 1.546725 0.051567 -3.141072
    40 0.028150 2.046865 -7.394535 -0.000007 0.000000 0.000000
    41 0.028148 5.078109 -12.500008 -0.000007 0.000000 0.000000
    42 0.028150 1.326164 -6.433592 -0.000007 0.000000 0.000000
    43 0.025025 1.444311 -3.791368 -0.467351 0.000000 0.000000
    44 11.093750 -8.562500 5.578125 -0.000007 0.000000 -0.000003
  time 10
    0 0.000000 -0.000006 0.000000 -1.570781 -1.391896 -1.570809
    1 -5.371094 0.969727 1.057617 1.596636 -1.286515 2.942963
    2 6.028145 0.000003 0.000002 -0.063000 -1.193900 -2.286327
    3 11.692553 0.000081 -0.000005 -0.000003 0.000012 -0.543823
    4 11.481672 -0.000089 -0.000024 -0.154006 0.498831 0.343756
    5 3.859703 -0.142416 -1.191975 -0.481891 -0.078878 -1.661263
    6 1.312563 -0.000010 0.000004 -0.002601 0.039112 -0.675895
    7 0.729363 0.000000 0.000003 -0.006788 0.000392 -0.008718
    8 3.942329 0.046754 -0.431444 -0.119597 -0.202676 -1.456636
    9 1.539093 0.000006 -0.000006 0.004841 -0.049720 -0.468417
    10 1.196322 -0.000006 0.000003 0.005210 0.000368 -0.385561
    11 3.883690 -0.046784 0.431443 0.105531 -0.250832 -1.086781
    12 1.719582 -0.000010 0.000009 0.016486 -0.106799 -0.687850
    13 1.209181 -0.000006 0.000003 0.008515 0.010741 -0.700736
    14 3.859856 -0.137963 1.332466 0.359793 -0.259762 -0.987101
    15 1.719435 0.000000 -0.000005 0.012200 -0.121739 -0.585374
    16 1.099678 -0.000006 0.000003 0.009078 0.012743 -0.902352
    17 0.806042 -0.348929 1.321258 -1.379476 -0.521416 -0.611917
    18 1.789783 0.000000 -0.000008 -0.001500 -0.000167 -0.097641
    19 1.207001 0.000001 -0.000002 -0.000226 -0.000197 -0.024899
    20 -3.070313 -5.792969 -5.765625 -1.668474 1.286518 2.942953
    21 6.028141 0.000000 -0.000002 1.085609 0.755847 -1.085994
    22 11.692556 0.000000 -0.000002 -0.000002 0.000000 -1.467111
    23 11.481703 -0.000001 -0.000005 -1.206748 0.434200 0.865863
    24 3.859676 -0.132545 1.193110 0.519775 0.048729 -1.589310
    25 1.312559 -0.000004 -0.000001 -0.001721 -0.016487 -0.322232
    26 0.729365 -0.000002 -0.000001 -0.000278 0.006317 -1.047272
    27 3.942299 0.050347 0.431044 0.125342 -0.051528 -1.426276
    28 1.539106 0.000000 0.000001 -0.119992 0.277622 -0.734224
    29 1.196321 -0.000004 -0.000002 0.056320 0.110503 -1.427850
    30 3.883663 -0.050304 -0.431042 -0.091919 -0.016657 -1.132258
    31 1.719582 0.000002 0.000006 -0.016124 0.020220 -1.062731
    32 1.209183 0.000002 0.000006 -0.037421 0.320621 -1.232387
    33 3.859837 -0.148918 -1.331282 -0.106996 0.270610 -0.195223
    34 1.719429 0.000008 0.000011 0.010621 -0.019770 -1.503211
    35 1.099665 0.000000 0.000006 -0.265095 -0.061295 -0.811540
    36 0.806025 -0.359831 -1.318334 1.294972 0.543888 -0.655409
    37 1.789782 -0.000008 -0.000004 -0.002841 0.016457 0.213885
    38 1.207003 -0.000002 -0.000008 -0.002281 -0.000088 0.877653
    39 -4.943633 -11.178550 -8.281689 1.547735 0.038987 -3.142160
    40 0.028150 2.046865 -7.394535 -0.000007 0.000000 0.000000
    41 0.028148 5.078109 -12.500008 -0.000007 0.000000 0.000000
    42 0.028150 1.326164 -6.433592 -0.000007 0.000000 0.000000
    43 0.025025 1.444311 -3.791368 -0.425885 0.000000 0.000000
    44 11.093750 -8.562500 5.578125 -0.000007 0.000000 -0.000003
  time 11
    0 0.000000 -0.000006 0.000000 -1.570781 -1.391896 -1.570809
    1 -5.371094 0.969727 1.057617 1.596636 -1.286515 2.942963
    2 6.028145 0.000003 0.000002 -0.053470 -1.194947 -2.296991
    3 11.692553 0.000081 -0.000005 -0.000003 0.000012 -0.532283
    4 11.481672 -0.000089 -0.000024 -0.165522 0.497295 0.323230
    5 3.859703 -0.142416 -1.191975 -0.481891 -0.078878 -1.661263
    6 1.312563 -0.000010 0.000004 -0.002601 0.039112 -0.675895
    7 0.729363 0.000000 0.000003 -0.006788 0.000392 -0.008718
    8 3.942329 0.046754 -0.431444 -0.119597 -0.202676 -1.456636
    9 1.539093 0.000006 -0.000006 0.004841 -0.049720 -0.468417
    10 1.196322 -0.000006 0.000003 0.005210 0.000368 -0.385561
    11 3.883690 -0.046784 0.431443 0.105531 -0.250832 -1.086781
    12 1.719582 -0.000010 0.000009 0.016486 -0.106799 -0.687850
    13 1.209181 -0.000006 0.000003 0.008515 0.010741 -0.700736
    14 3.859856 -0.137963 1.332466 0.359793 -0.259762 -0.987101
    15 1.719435 0.000000 -0.000005 0.012200 -0.121739 -0.585374
    16 1.099678 -0.000006 0.000003 0.009078 0.012743 -0.902352
    17 0.806042 -0.348929 1.321258 -1.379476 -0.521416 -0.611917
    18 1.789783 0.000000 -0.000008 -0.001500 -0.000167 -0.097641
    19 1.207001 0.000001 -0.000002 -0.000226 -0.000197 -0.024899
    20 -3.070313 -5.792969 -5.765625 -1.668474 1.286518 2.942953
    21 6.028141 0.000000 -0.000002 1.085393 0.758613 -1.087243
    22 11.692556 0.000000 -0.000002 -0.000002 0.000000 -1.460730
    23 11.481703 -0.000001 -0.000005 -1.219797 0.438158 0.860042
    24 3.859676 -0.132545 1.193110 0.519775 0.048729 -1.589310
    25 1.312559 -0.000004 -0.000001 -0.001721 -0.016487 -0.322232
    26 0.729365 -0.000002 -0.000001 -0.000278 0.006317 -1.047272
    27 3.942299 0.050347 0.431044 0.125342 -0.051528 -1.426276
    28 1.539106 0.000000 0.000001 -0.119992 0.277622 -0.734224
    29 1.196321 -0.000004 -0.000002 0.056320 0.110503 -1.427850
    30 3.883663 -0.050304 -0.431042 -0.091919 -0.016657 -1.132258
    31 1.719582 0.000002 0.000006 -0.016124 0.020220 -1.062731
    32 1.209183 0.000002 0.000006 -0.037421 0.320621 -1.232387
    33 3.859837 -0.148918 -1.331282 -0.101300 0.272923 -0.175969
    34 1.719429 0.000008 0.000011 0.010921 -0.019327 -1.473515
    35 1.099665 0.000000 0.000006 -0.268535 -0.037170 -0.723769
    36 0.806025 -0.359831 -1.318334 1.294972 0.543888 -0.655409
    37 1.789782 -0.000008 -0.000004 -0.002841 0.016457 0.213885
    38 1.207003 -0.000002 -0.000008 -0.002281 -0.000088 0.877653
    39 -4.943633 -11.229333 -8.309034 1.550584 0.026406 -3.143030
    40 0.028150 2.046865 -7.394535 -0.000007 0.000000 0.000000
    41 0.028148 5.078109 -12.500008 -0.000007 0.000000 0.000000
    42 0.028150 1.326164 -6.433592 -0.000007 0.000000 0.000000
    43 0.025025 1.444311 -3.791368 -0.373882 0.000000 0.000000
    44 11.093750 -8.562500 5.578125 -0.000007 0.000000 -0.000003
  time 12
    0 0.000000 -0.000006 0.000000 -1.570781 -1.391896 -1.570809
    1 -5.371094 0.969727 1.057617 1.596636 -1.286515 2.942963
    2 6.028145 0.000003 0.000002 -0.043674 -1.196256 -2.307950
    3 11.692553 0.000081 -0.000005 -0.000003 0.000012 -0.521869
    4 11.481672 -0.000089 -0.000024 -0.175699 0.495136 0.303704
    5 3.859703 -0.142416 -1.191975 -0.481891 -0.078878 -1.661263
    6 1.312563 -0.000010 0.000004 -0.002601 0.039112 -0.675895
    7 0.729363 0.000000 0.000003 -0.006788 0.000392 -0.008718
    8 3.942329 0.046754 -0.431444 -0.119597 -0.202676 -1.456636
    9 1.539093 0.000006 -0.000006 0.004841 -0.049720 -0.468417
    10 1.196322 -0.000006 0.000003 0.005210 0.000368 -0.385561
    11 3.883690 -0.046784 0.431443 0.105531 -0.250832 -1.086781
    12 1.719582 -0.000010 0.000009 0.016486 -0.106799 -0.687850
    13 1.209181 -0.000006 0.000003 0.008515 0.010741 -0.700736
    14 3.859856 -0.137963 1.332466 0.359793 -0.259762 -0.987101
    15 1.719435 0.000000 -0.000005 0.012200 -0.121739 -0.585374
    16 1.099678 -0.000006 0.000003 0.009078 0.012743 -0.902352
    17 0.806042 -0.348929 1.321258 -1.379476 -0.521416 -0.611917
    18 1.789783 0.000000 -0.000008 -0.001500 -0.000167 -0.097641
    19 1.207001 0.000001 -0.000002 -0.000226 -0.000197 -0.024899
    20 -3.070313 -5.792969 -5.765625 -1.668474 1.286518 2.942953
    21 6.028141 0.000000 -0.000002 1.085177 0.761282 -1.088378
    22 11.692556 0.000000 -0.000002 -0.000002 0.000000 -1.454463
    23 11.481703 -0.000001 -0.000005 -1.232846 0.442601 0.852621
    24 3.859676 -0.132545 1.193110 0.519775 0.048729 -1.589310
    25 1.312559 -0.000004 -0.000001 -0.001721 -0.016487 -0.322232
    26 0.729365 -0.000002 -0.000001 -0.000278 0.006317 -1.047272
    27 3.942299 0.050347 0.431044 0.125342 -0.051528 -1.426276
    28 1.539106 0.000000 0.000001 -0.119992 0.277622 -0.734224
    29 1.196321 -0.000004 -0.000002 0.056320 0.110503 -1.427850
    30 3.883663 -0.050304 -0.431042 -0.091919 -0.016657 -1.132258
    31 1.719582 0.000002 0.000006 -0.016124 0.020220 -1.062731
    32 1.209183 0.000002 0.000006 -0.037421 0.320621 -1.232387
    33 3.859837 -0.148918 -1.331282 -0.094772 0.275412 -0.154089
    34 1.719429 0.000008 0.000011 0.011281 -0.018823 -1.439732
    35 1.099665 0.000000 0.000006 -0.269865 -0.009269 -0.623295
    36 0.806025 -0.359831 -1.318334 1.294972 0.543888 -0.655409
    37 1.789782 -0.000008 -0.000004 -0.002841 0.016457 0.213885
    38 1.207003 -0.000002 -0.000008 -0.002281 -0.000088 0.877653
    39 -4.943633 -11.280116 -8.328565 1.554933 0.014324 -3.143611
    40 0.028150 2.046865 -7.394535 -0.000007 0.000000 0.000000
    41 0.028148 5.078109 -12.500008 -0.000007 0.000000 0.000000
    42 0.028150 1.326164 -6.433592 -0.000007 0.000000 0.000000
    43 0.025025 1.444311 -3.791368 -0.314887 0.000000 0.000000
    44 11.093750 -8.562500 5.578125 -0.000007 0.000000 -0.000003
  time 13
    0 0.000000 -0.000006 0.000000 -1.570781 -1.391896 -1.570809
    1 -5.371094 0.969727 1.057617 1.596636 -1.286515 2.942963
    2 6.028145 0.000003 0.000002 -0.034606 -1.197782 -2.318321
    3 11.692553 0.000081 -0.000005 -0.000003 0.000012 -0.513355
    4 11.481672 -0.000089 -0.000024 -0.184268 0.492538 0.286274
    5 3.859703 -0.142416 -1.191975 -0.481891 -0.078878 -1.661263
    6 1.312563 -0.000010 0.000004 -0.002601 0.039112 -0.675895
    7 0.729363 0.000000 0.000003 -0.006788 0.000392 -0.008718
    8 3.942329 0.046754 -0.431444 -0.119597 -0.202676 -1.456636
    9 1.539093 0.000006 -0.000006 0.004841 -0.049720 -0.468417
    10 1.196322 -0.000006 0.000003 0.005210 0.000368 -0.385561
    11 3.883690 -0.046784 0.431443 0.105531 -0.250832 -1.086781
    12 1.719582 -0.000010 0.000009 0.016486 -0.106799 -0.687850
    13 1.209181 -0.000006 0.000003 0.008515 0.010741 -0.700736
    14 3.859856 -0.137963 1.332466 0.359793 -0.259762 -0.987101
    15 1.719435 0.000000 -0.000005 0.012200 -0.121739 -0.585374
    16 1.099678 -0.000006 0.000003 0.009078 0.012743 -0.902352
    17 0.806042 -0.348929 1.321258 -1.379476 -0.521416 -0.611917
    18 1.789783 0.000000 -0.000008 -0.001500 -0.000167 -0.097641
    19 1.207001 0.000001 -0.000002 -0.000226 -0.000197 -0.024899
    20 -3.070313 -5.792969 -5.765625 -1.668474 1.286518 2.942953
    21 6.028141 0.000000 -0.000002 1.084961 0.763854 -1.089456
    22 11.692556 0.000000 -0.000002 -0.000002 0.000000 -1.448484
    23 11.481703 -0.000001 -0.000005 -1.245427 0.447120 0.844009
    24 3.859676 -0.132545 1.193110 0.519775 0.048729 -1.589310
    25 1.312559 -0.000004 -0.000001 -0.001721 -0.016487 -0.322232
    26 0.729365 -0.000002 -0.000001 -0.000278 0.006317 -1.047272
    27 3.942299 0.050347 0.431044 0.125342 -0.051528 -1.426276
    28 1.539106 0.000000 0.000001 -0.119992 0.277622 -0.734224
    29 1.196321 -0.000004 -0.000002 0.056320 0.110503 -1.427850
    30 3.883663 -0.050304 -0.431042 -0.091919 -0.016657 -1.132258
    31 1.719582 0.000002 0.000006 -0.016124 0.020220 -1.062731
    32 1.209183 0.000002 0.000006 -0.037421 0.320621 -1.232387
    33 3.859837 -0.148918 -1.331282 -0.087781 0.277913 -0.130883
    34 1.719429 0.000008 0.000011 0.011676 -0.018320 -1.403959
    35 1.099665 0.000000 0.000006 -0.268187 0.020440 -0.516256
    36 0.806025 -0.359831 -1.318334 1.294972 0.543888 -0.655409
    37 1.789782 -0.000008 -0.000004 -0.002841 0.016457 0.213885
    38 1.207003 -0.000002 -0.000008 -0.002281 -0.000088 0.877653
    39 -4.943633 -11.326992 -8.348097 1.560416 0.003301 -3.143828
    40 0.028150 2.046865 -7.394535 -0.000007 0.000000 0.000000
    41 0.028148 5.078109 -12.500008 -0.000007 0.000000 0.000000
    42 0.028150 1.326164 -6.433592 -0.000007 0.000000 0.000000
    43 0.025025 1.444311 -3.791368 -0.252364 0.000000 0.000000
    44 11.093750 -8.562500 5.578125 -0.000007 0.000000 -0.000003
  time 14
    0 0.000000 -0.000006 0.000000 -1.570781 -1.391896 -1.570809
    1 -5.371094 0.969727 1.057617 1.596636 -1.286515 2.942963
    2 6.028145 0.000003 0.000002 -0.025539 -1.199527 -2.328691
    3 11.692553 0.000081 -0.000005 -0.000003 0.000012 -0.506108
    4 11.481672 -0.000089 -0.000024 -0.190696 0.489794 0.271272
    5 3.859703 -0.142416 -1.191975 -0.481891 -0.078878 -1.661263
    6 1.312563 -0.000010 0.000004 -0.002601 0.039112 -0.675895
    7 0.729363 0.000000 0.000003 -0.006788 0.000392 -0.008718
    8 3.942329 0.046754 -0.431444 -0.119597 -0.202676 -1.456636
    9 1.539093 0.000006 -0.000006 0.004841 -0.049720 -0.468417
    10 1.196322 -0.000006 0.000003 0.005210 0.000368 -0.385561
    11 3.883690 -0.046784 0.431443 0.105531 -0.250832 -1.086781
    12 1.719582 -0.000010 0.000009 0.016486 -0.106799 -0.687850
    13 1.209181 -0.000006 0.000003 0.008515 0.010741 -0.700736
    14 3.859856 -0.137963 1.332466 0.359793 -0.259762 -0.987101
    15 1.719435 0.000000 -0.000005 0.012200 -0.121739 -0.585374
    16 1.099678 -0.000006 0.000003 0.009078 0.012743 -0.902352
    17 0.806042 -0.348929 1.321258 -1.379476 -0.521416 -0.611917
    18 1.789783 0.000000 -0.000008 -0.001500 -0.000167 -0.097641
    19 1.207001 0.000001 -0.000002 -0.000226 -0.000197 -0.024899
    20 -3.070313 -5.792969 -5.765625 -1.668474 1.286518 2.942953
    21 6.028141 0.000000 -0.000002 1.084889 0.766392 -1.090535
    22 11.692556 0.000000 -0.000002 -0.000002 0.000000 -1.442792
    23 11.481703 -0.000001 -0.000005 -1.256837 0.451385 0.834750
    24 3.859676 -0.132545 1.193110 0.519775 0.048729 -1.589310
    25 1.312559 -0.000004 -0.000001 -0.001721 -0.016487 -0.322232
    26 0.729365 -0.000002 -0.000001 -0.000278 0.006317 -1.047272
    27 3.942299 0.050347 0.431044 0.125342 -0.051528 -1.426276
    28 1.539106 0.000000 0.000001 -0.119992 0.277622 -0.734224
    29 1.196321 -0.000004 -0.000002 0.056320 0.110503 -1.427850
    30 3.883663 -0.050304 -0.431042 -0.091919 -0.016657 -1.132258
    31 1.719582 0.000002 0.000006 -0.016124 0.020220 -1.062731
    32 1.209183 0.000002 0.000006 -0.037421 0.320621 -1.232387
    33 3.859837 -0.148918 -1.331282 -0.080735 0.280252 -0.107620
    34 1.719429 0.000008 0.000011 0.012083 -0.017817 -1.368186
    35 1.099665 0.000000 0.000006 -0.263345 0.049815 -0.409047
    36 0.806025 -0.359831 -1.318334 1.294972 0.543888 -0.655409
    37 1.789782 -0.000008 -0.000004 -0.002841 0.016457 0.213885
    38 1.207003 -0.000002 -0.000008 -0.002281 -0.000088 0.877653
    39 -4.943633 -11.369962 -8.359816 1.566634 -0.006165 -3.143756
    40 0.028150 2.046865 -7.394535 -0.000007 0.000000 0.000000
    41 0.028148 5.078109 -12.500008 -0.000007 0.000000 0.000000
    42 0.028150 1.326164 -6.433592 -0.000007 0.000000 0.000000
    43 0.025025 1.444311 -3.791368 -0.189856 0.000000 0.000000
    44 11.093750 -8.562500 5.578125 -0.000007 0.000000 -0.000003
  time 15
    0 0.000000 -0.000006 0.000000 -1.570781 -1.391896 -1.570809
    1 -5.371094 0.969727 1.057617 1.596636 -1.286515 2.942963
    2 6.028145 0.000003 0.000002 -0.015611 -1.201360 -2.340091
    3 11.692553 0.000081 -0.000005 -0.000003 0.000012 -0.499564
    4 11.481672 -0.000089 -0.000024 -0.194891 0.487269 0.259033
    5 3.859703 -0.142416 -1.191975 -0.481891 -0.078878 -1.661263
    6 1.312563 -0.000010 0.000004 -0.002601 0.039112 -0.675895
    7 0.729363 0.000000 0.000003 -0.006788 0.000392 -0.008718
    8 3.942329 0.046754 -0.431444 -0.119597 -0.202676 -1.456636
    9 1.539093 0.000006 -0.000006 0.004841 -0.049720 -0.468417
    10 1.196322 -0.000006 0.000003 0.005210 0.000368 -0.385561
    11 3.883690 -0.046784 0.431443 0.105531 -0.250832 -1.086781
    12 1.719582 -0.000010 0.000009 0.016486 -0.106799 -0.687850
    13 1.209181 -0.000006 0.000003 0.008515 0.010741 -0.700736
    14 3.859856 -0.137963 1.332466 0.359793 -0.259762 -0.987101
    15 1.719435 0.000000 -0.000005 0.012200 -0.121739 -0.585374
    16 1.099678 -0.000006 0.000003 0.009078 0.012743 -0.902352
    17 0.806042 -0.348929 1.321258 -1.379476 -0.521416 -0.611917
    18 1.789783 0.000000 -0.000008 -0.001500 -0.000167 -0.097641
    19 1.207001 0.000001 -0.000002 -0.000226 -0.000197 -0.024899
    20 -3.070313 -5.792969 -5.765625 -1.668474 1.286518 2.942953
    21 6.028141 0.000000 -0.000002 1.084817 0.768898 -1.091443
    22 11.692556 0.000000 -0.000002 -0.000002 0.000000 -1.437617
    23 11.481703 -0.000001 -0.000005 -1.266375 0.455241 0.825457
    24 3.859676 -0.132545 1.193110 0.519775 0.048729 -1.589310
    25 1.312559 -0.000004 -0.000001 -0.001721 -0.016487 -0.322232
    26 0.729365 -0.000002 -0.000001 -0.000278 0.006317 -1.047272
    27 3.942299 0.050347 0.431044 0.125342 -0.051528 -1.426276
    28 1.539106 0.000000 0.000001 -0.119992 0.277622 -0.734224
    29 1.196321 -0.000004 -0.000002 0.056320 0.110503 -1.427850
    30 3.883663 -0.050304 -0.431042 -0.091919 -0.016657 -1.132258
    31 1.719582 0.000002 0.000006 -0.016124 0.020220 -1.062731
    32 1.209183 0.000002 0.000006 -0.037421 0.320621 -1.232387
    33 3.859837 -0.148918 -1.331282 -0.074030 0.282313 -0.085656
    34 1.719429 0.000008 0.000011 0.012491 -0.017361 -1.334439
    35 1.099665 0.000000 0.000006 -0.255939 0.076756 -0.308146
    36 0.806025 -0.359831 -1.318334 1.294972 0.543888 -0.655409
    37 1.789782 -0.000008 -0.000004 -0.002841 0.016457 0.213885
    38 1.207003 -0.000002 -0.000008 -0.002281 -0.000088 0.877653
    39 -4.943633 -11.412932 -8.363723 1.573158 -0.013576 -3.143538
    40 0.028150 2.046865 -7.394535 -0.000007 0.000000 0.000000
    41 0.028148 5.078109 -12.500008 -0.000007 0.000000 0.000000
    42 0.028150 1.326164 -6.433592 -0.000007 0.000000 0.000000
    43 0.025025 1.444311 -3.791368 -0.130860 0.000000 0.000000
    44 11.093750 -8.562500 5.578125 -0.000007 0.000000 -0.000003
  time 16
    0 0.000000 -0.000006 0.000000 -1.570781 -1.391896 -1.570809
    1 -5.371094 0.969727 1.057617 1.596636 -1.286515 2.942963
    2 6.028145 0.000003 0.000002 -0.004690 -1.203192 -2.352521
    3 11.692553 0.000081 -0.000005 -0.000003 0.000012 -0.493372
    4 11.481672 -0.000089 -0.000024 -0.196409 0.485110 0.249698
    5 3.859703 -0.142416 -1.191975 -0.481891 -0.078878 -1.661263
    6 1.312563 -0.000010 0.000004 -0.002601 0.039112 -0.675895
    7 0.729363 0.000000 0.000003 -0.006788 0.000392 -0.008718
    8 3.942329 0.046754 -0.431444 -0.119597 -0.202676 -1.456636
    9 1.539093 0.000006 -0.000006 0.004841 -0.049720 -0.468417
    10 1.196322 -0.000006 0.000003 0.005210 0.000368 -0.385561
    11 3.883690 -0.046784 0.431443 0.105531 -0.250832 -1.086781
    12 1.719582 -0.000010 0.000009 0.016486 -0.106799 -0.687850
    13 1.209181 -0.000006 0.000003 0.008515 0.010741 -0.700736
    14 3.859856 -0.137963 1.332466 0.359793 -0.259762 -0.987101
    15 1.719435 0.000000 -0.000005 0.012200 -0.121739 -0.585374
    16 1.099678 -0.000006 0.000003 0.009078 0.012743 -0.902352
    17 0.806042 -0.348929 1.321258 -1.379476 -0.521416 -0.611917
    18 1.789783 0.000000 -0.000008 -0.001500 -0.000167 -0.097641
    19 1.207001 0.000001 -0.000002 -0.000226 -0.000197 -0.024899
    20 -3.070313 -5.792969 -5.765625 -1.668474 1.286518 2.942953
    21 6.028141 0.000000 -0.000002 1.084817 0.771274 -1.092351
    22 11.692556 0.000000 -0.000002 -0.000002 0.000000 -1.432730
    23 11.481703 -0.000001 -0.000005 -1.273455 0.458484 0.816335
    24 3.859676 -0.132545 1.193110 0.519775 0.048729 -1.589310
    25 1.312559 -0.000004 -0.000001 -0.001721 -0.016487 -0.322232
    26 0.729365 -0.000002 -0.000001 -0.000278 0.006317 -1.047272
    27 3.942299 0.050347 0.431044 0.125342 -0.051528 -1.426276
    28 1.539106 0.000000 0.000001 -0.119992 0.277622 -0.734224
    29 1.196321 -0.000004 -0.000002 0.056320 0.110503 -1.427850
    30 3.883663 -0.050304 -0.431042 -0.091919 -0.016657 -1.132258
    31 1.719582 0.000002 0.000006 -0.016124 0.020220 -1.062731
    32 1.209183 0.000002 0.000006 -0.037421 0.320621 -1.232387
    33 3.859837 -0.148918 -1.331282 -0.068089 0.284010 -0.066289
    34 1.719429 0.000008 0.000011 0.012862 -0.016978 -1.304707
    35 1.099665 0.000000 0.000006 -0.247274 0.099539 -0.219800
    36 0.806025 -0.359831 -1.318334 1.294972 0.543888 -0.655409
    37 1.789782 -0.000008 -0.000004 -0.002841 0.016457 0.213885
    38 1.207003 -0.000002 -0.000008 -0.002281 -0.000088 0.877653
    39 -4.943633 -11.451996 -8.363723 1.579744 -0.018403 -3.143175
    40 0.028150 2.046865 -7.394535 -0.000007 0.000000 0.000000
    41 0.028148 5.078109 -12.500008 -0.000007 0.000000 0.000000
    42 0.028150 1.326164 -6.433592 -0.000007 0.000000 0.000000
    43 0.025025 1.444311 -3.791368 -0.078858 0.000000 0.000000
    44 11.093750 -8.562500 5.578125 -0.000007 0.000000 -0.000003
  time 17
    0 0.000000 -0.000006 0.000000 -1.570781 -1.391896 -1.570809
    1 -5.371094 0.969727 1.057617 1.596636 -1.286515 2.942963
    2 6.028145 0.000003 0.000002 0.007356 -1.204806 -2.366128
    3 11.692553 0.000081 -0.000005 -0.000003 0.000012 -0.486969
    4 11.481672 -0.000089 -0.000024 -0.194891 0.483573 0.243412
    5 3.859703 -0.142416 -1.191975 -0.481891 -0.078878 -1.661263
    6 1.312563 -0.000010 0.000004 -0.002601 0.039112 -0.675895
    7 0.729363 0.000000 0.000003 -0.006788 0.000392 -0.008718
    8 3.942329 0.046754 -0.431444 -0.119597 -0.202676 -1.456636
    9 1.539093 0.000006 -0.000006 0.004841 -0.049720 -0.468417
    10 1.196322 -0.000006 0.000003 0.005210 0.000368 -0.385561
    11 3.883690 -0.046784 0.431443 0.105531 -0.250832 -1.086781
    12 1.719582 -0.000010 0.000009 0.016486 -0.106799 -0.687850
    13 1.209181 -0.000006 0.000003 0.008515 0.010741 -0.700736
    14 3.859856 -0.137963 1.332466 0.359793 -0.259762 -0.987101
    15 1.719435 0.000000 -0.000005 0.012200 -0.121739 -0.585374
    16 1.099678 -0.000006 0.000003 0.009078 0.012743 -0.902352
    17 0.806042 -0.348929 1.321258 -1.379476 -0.521416 -0.611917
    18 1.789783 0.000000 -0.000008 -0.001500 -0.000167 -0.097641
    19 1.207001 0.000001 -0.000002 -0.000226 -0.000197 -0.024899
    20 -3.070313 -5.792969 -5.765625 -1.668474 1.286518 2.942953
    21 6.028141 0.000000 -0.000002 1.084817 0.773357 -1.093203
    22 11.692556 0.000000 -0.000002 -0.000002 0.000000 -1.428016
    23 11.481703 -0.000001 -0.000005 -1.277317 0.461063 0.807620
    24 3.859676 -0.132545 1.193110 0.519775 0.048729 -1.589310
    25 1.312559 -0.000004 -0.000001 -0.001721 -0.016487 -0.322232
    26 0.729365 -0.000002 -0.000001 -0.000278 0.006317 -1.047272
    27 3.942299 0.050347 0.431044 0.125342 -0.051528 -1.426276
    28 1.539106 0.000000 0.000001 -0.119992 0.277622 -0.734224
    29 1.196321 -0.000004 -0.000002 0.056320 0.110503 -1.427850
    30 3.883663 -0.050304 -0.431042 -0.091919 -0.016657 -1.132258
    31 1.719582 0.000002 0.000006 -0.016124 0.020220 -1.062731
    32 1.209183 0.000002 0.000006 -0.037421 0.320621 -1.232387
    33 3.859837 -0.148918 -1.331282 -0.063319 0.285280 -0.050817
    34 1.719429 0.000008 0.000011 0.013162 -0.016666 -1.281052
    35 1.099665 0.000000 0.000006 -0.239029 0.116904 -0.149890
    36 0.806025 -0.359831 -1.318334 1.294972 0.543888 -0.655409
    37 1.789782 -0.000008 -0.000004 -0.002841 0.016457 0.213885
    38 1.207003 -0.000002 -0.000008 -0.002281 -0.000088 0.877653
    39 -4.943633 -11.487153 -8.359816 1.585901 -0.020115 -3.142740
    40 0.028150 2.046865 -7.394535 -0.000007 0.000000 0.000000
    41 0.028148 5.078109 -12.500008 -0.000007 0.000000 0.000000
    42 0.028150 1.326164 -6.433592 -0.000007 0.000000 0.000000
    43 0.025025 1.444311 -3.791368 -0.037391 0.000000 0.000000
    44 11.093750 -8.562500 5.578125 -0.000007 0.000000 -0.000003
  time 18
    0 0.000000 -0.000006 0.000000 -1.570781 -1.391896 -1.570809
    1 -5.371094 0.969727 1.057617 1.596636 -1.286515 2.942963
    2 6.028145 0.000003 0.000002 0.020527 -1.206114 -2.380764
    3 11.692553 0.000081 -0.000005 -0.000003 0.000012 -0.480073
    4 11.481672 -0.000089 -0.000024 -0.191053 0.482659 0.239650
    5 3.859703 -0.142416 -1.191975 -0.481891 -0.078878 -1.661263
    6 1.312563 -0.000010 0.000004 -0.002601 0.039112 -0.675895
    7 0.729363 0.000000 0.000003 -0.006788 0.000392 -0.008718
    8 3.942329 0.046754 -0.431444 -0.119597 -0.202676 -1.456636
    9 1.539093 0.000006 -0.000006 0.004841 -0.049720 -0.468417
    10 1.196322 -0.000006 0.000003 0.005210 0.000368 -0.385561
    11 3.883690 -0.046784 0.431443 0.105531 -0.250832 -1.086781
    12 1.719582 -0.000010 0.000009 0.016486 -0.106799 -0.687850
    13 1.209181 -0.000006 0.000003 0.008515 0.010741 -0.700736
    14 3.859856 -0.137963 1.332466 0.359793 -0.259762 -0.987101
    15 1.719435 0.000000 -0.000005 0.012200 -0.121739 -0.585374
    16 1.099678 -0.000006 0.000003 0.009078 0.012743 -0.902352
    17 0.806042 -0.348929 1.321258 -1.379476 -0.521416 -0.611917
    18 1.789783 0.000000 -0.000008 -0.001500 -0.000167 -0.097641
    19 1.207001 0.000001 -0.000002 -0.000226 -0.000197 -0.024899
    20 -3.070313 -5.792969 -5.765625 -1.668474 1.286518 2.942953
    21 6.028141 0.000000 -0.000002 1.084673 0.775245 -1.093997
    22 11.692556 0.000000 -0.000002 -0.000002 0.000000 -1.423589
    23 11.481703 -0.000001 -0.000005 -1.278253 0.462927 0.799723
    24 3.859676 -0.132545 1.193110 0.519775 0.048729 -1.589310
    25 1.312559 -0.000004 -0.000001 -0.001721 -0.016487 -0.322232
    26 0.729365 -0.000002 -0.000001 -0.000278 0.006317 -1.047272
    27 3.942299 0.050347 0.431044 0.125342 -0.051528 -1.426276
    28 1.539106 0.000000 0.000001 -0.119992 0.277622 -0.734224
    29 1.196321 -0.000004 -0.000002 0.056320 0.110503 -1.427850
    30 3.883663 -0.050304 -0.431042 -0.091919 -0.016657 -1.132258
    31 1.719582 0.000002 0.000006 -0.016124 0.020220 -1.062731
    32 1.209183 0.000002 0.000006 -0.037421 0.320621 -1.232387
    33 3.859837 -0.148918 -1.331282 -0.060157 0.286085 -0.040569
    34 1.719429 0.000008 0.000011 0.013366 -0.016474 -1.265390
    35 1.099665 0.000000 0.000006 -0.232964 0.127942 -0.103959
    36 0.806025 -0.359831 -1.318334 1.294972 0.543888 -0.655409
    37 1.789782 -0.000008 -0.000004 -0.002841 0.016457 0.213885
    38 1.207003 -0.000002 -0.000008 -0.002281 -0.000088 0.877653
    39 -4.943633 -11.522310 -8.359816 1.591353 -0.019181 -3.142305
    40 0.028150 2.046865 -7.394535 -0.000007 0.000000 0.000000
    41 0.028148 5.078109 -12.500008 -0.000007 0.000000 0.000000
    42 0.028150 1.326164 -6.433592 -0.000007 0.000000 0.000000
    43 0.025025 1.444311 -3.791368 -0.009927 0.000000 0.000000
    44 11.093750 -8.562500 5.578125 -0.000007 0.000000 -0.000003
  time 19
    0 0.000000 -0.000006 0.000000 -1.570781 -1.391896 -1.570809
    1 -5.371094 0.969727 1.057617 1.596636 -1.286515 2.942963
    2 6.028145 0.000003 0.000002 0.034427 -1.207118 -2.396136
    3 11.692553 0.000081 -0.000005 -0.000003 0.000012 -0.472473
    4 11.481672 -0.000089 -0.000024 -0.186232 0.482329 0.237316
    5 3.859703 -0.142416 -1.191975 -0.481891 -0.078878 -1.661263
    6 1.312563 -0.000010 0.000004 -0.002601 0.039112 -0.675895
    7 0.729363 0.000000 0.000003 -0.006788 0.000392 -0.008718
    8 3.942329 0.046754 -0.431444 -0.119597 -0.202676 -1.456636
    9 1.539093 0.000006 -0.000006 0.004841 -0.049720 -0.468417
    10 1.196322 -0.000006 0.000003 0.005210 0.000368 -0.385561
    11 3.883690 -0.046784 0.431443 0.105531 -0.250832 -1.086781
    12 1.719582 -0.000010 0.000009 0.016486 -0.106799 -0.687850
    13 1.209181 -0.000006 0.000003 0.008515 0.010741 -0.700736
    14 3.859856 -0.137963 1.332466 0.359793 -0.259762 -0.987101
    15 1.719435 0.000000 -0.000005 0.012200 -0.121739 -0.585374
    16 1.099678 -0.000006 0.000003 0.009078 0.012743 -0.902352
    17 0.806042 -0.348929 1.321258 -1.379476 -0.521416 -0.611917
    18 1.789783 0.000000 -0.000008 -0.001500 -0.000167 -0.097641
    19 1.207001 0.000001 -0.000002 -0.000226 -0.000197 -0.024899
    20 -3.070313 -5.792969 -5.765625 -1.668474 1.286518 2.942953
    21 6.028141 0.000000 -0.000002 1.084529 0.776937 -1.094735
    22 11.692556 0.000000 -0.000002 -0.000002 0.000000 -1.419507
    23 11.481703 -0.000001 -0.000005 -1.277200 0.463999 0.793153
    24 3.859676 -0.132545 1.193110 0.519775 0.048729 -1.589310
    25 1.312559 -0.000004 -0.000001 -0.001721 -0.016487 -0.322232
    26 0.729365 -0.000002 -0.000001 -0.000278 0.006317 -1.047272
    27 3.942299 0.050347 0.431044 0.125342 -0.051528 -1.426276
    28 1.539106 0.000000 0.000001 -0.119992 0.277622 -0.734224
    29 1.196321 -0.000004 -0.000002 0.056320 0.110503 -1.427850
    30 3.883663 -0.050304 -0.431042 -0.091919 -0.016657 -1.132258
    31 1.719582 0.000002 0.000006 -0.016124 0.020220 -1.062731
    32 1.209183 0.000002 0.000006 -0.037421 0.320621 -1.232387
    33 3.859837 -0.148918 -1.331282 -0.059013 0.286374 -0.036871
    34 1.719429 0.000008 0.000011 0.013438 -0.016402 -1.259747
    35 1.099665 0.000000 0.000006 -0.230651 0.131837 -0.087419
    36 0.806025 -0.359831 -1.318334 1.294972 0.543888 -0.655409
    37 1.789782 -0.000008 -0.000004 -0.002841 0.016457 0.213885
    38 1.207003 -0.000002 -0.000008 -0.002281 -0.000088 0.877653
    39 -4.943633 -11.553561 -8.355910 1.595702 -0.016659 -3.141797
    40 0.028150 2.046865 -7.394535 -0.000007 0.000000 0.000000
    41 0.028148 5.078109 -12.500008 -0.000007 0.000000 0.000000
    42 0.028150 1.326164 -6.433592 -0.000007 0.000000 0.000000
    43 0.025025 1.444311 -3.791368 -0.000007 0.000000 0.000000
    44 11.093750 -8.562500 5.578125 -0.000007 0.000000 -0.000003
  time 20
    0 0.000000 -0.000006 0.000000 -1.570781 -1.391896 -1.570809
    1 -5.371094 0.969727 1.057617 1.596636 -1.286515 2.942963
    2 6.028145 0.000003 0.000002 0.048260 -1.207772 -2.411213
    3 11.692553 0.000081 -0.000005 -0.000003 0.000012 -0.464311
    4 11.481672 -0.000089 -0.000024 -0.180787 0.482585 0.236268
    5 3.859703 -0.142416 -1.191975 -0.481891 -0.078878 -1.661263
    6 1.312563 -0.000010 0.000004 -0.002601 0.039112 -0.675895
    7 0.729363 0.000000 0.000003 -0.006788 0.000392 -0.008718
    8 3.942329 0.046754 -0.431444 -0.119597 -0.202676 -1.456636
    9 1.539093 0.000006 -0.000006 0.004841 -0.049720 -0.468417
    10 1.196322 -0.000006 0.000003 0.005210 0.000368 -0.385561
    11 3.883690 -0.046784 0.431443 0.105531 -0.250832 -1.086781
    12 1.719582 -0.000010 0.000009 0.016486 -0.106799 -0.687850
    13 1.209181 -0.000006 0.000003 0.008515 0.010741 -0.700736
    14 3.859856 -0.137963 1.332466 0.359793 -0.259762 -0.987101
    15 1.719435 0.000000 -0.000005 0.012200 -0.121739 -0.585374
    16 1.099678 -0.000006 0.000003 0.009078 0.012743 -0.902352
    17 0.806042 -0.348929 1.321258 -1.379476 -0.521416 -0.611917
    18 1.789783 0.000000 -0.000008 -0.001500 -0.000167 -0.097641
    19 1.207001 0.000001 -0.000002 -0.000226 -0.000197 -0.024899
    20 -3.070313 -5.792969 -5.765625 -1.668474 1.286518 2.942953
    21 6.028141 0.000000 -0.000002 1.084385 0.778532 -1.095416
    22 11.692556 0.000000 -0.000002 -0.000002 0.000000 -1.415712
    23 11.481703 -0.000001 -0.000005 -1.274450 0.464203 0.788285
    24 3.859676 -0.132545 1.193110 0.519775 0.048729 -1.589310
    25 1.312559 -0.000004 -0.000001 -0.001721 -0.016487 -0.322232
    26 0.729365 -0.000002 -0.000001 -0.000278 0.006317 -1.047272
    27 3.942299 0.050347 0.431044 0.125342 -0.051528 -1.426276
    28 1.539106 0.000000 0.000001 -0.119992 0.277622 -0.734224
    29 1.196321 -0.000004 -0.000002 0.056320 0.110503 -1.427850
    30 3.883663 -0.050304 -0.431042 -0.091919 -0.016657 -1.132258
    31 1.719582 0.000002 0.000006 -0.016124 0.020220 -1.062731
    32 1.209183 0.000002 0.000006 -0.037421 0.320621 -1.232387
    33 3.859837 -0.148918 -1.331282 -0.059013 0.286374 -0.036871
    34 1.719429 0.000008 0.000011 0.013438 -0.016402 -1.259747
    35 1.099665 0.000000 0.000006 -0.230651 0.131837 -0.087419
    36 0.806025 -0.359831 -1.318334 1.294972 0.543888 -0.655409
    37 1.789782 -0.000008 -0.000004 -0.002841 0.016457 0.213885
    38 1.207003 -0.000002 -0.000008 -0.002281 -0.000088 0.877653
    39 -4.939726 -11.580906 -8.352004 1.598582 -0.012860 -3.141435
    40 0.028150 2.046865 -7.394535 -0.000007 0.000000 0.000000
    41 0.028148 5.078109 -12.500008 -0.000007 0.000000 0.000000
    42 0.028150 1.326164 -6.433592 -0.000007 0.000000 0.000000
    43 0.025025 1.444311 -3.791368 -0.000007 0.000000 0.000000
    44 11.093750 -8.562500 5.578125 -0.000007 0.000000 -0.000003
  time 21
    0 0.000000 -0.000006 0.000000 -1.570781 -1.391896 -1.570809
    1 -5.371094 0.969727 1.057617 1.596636 -1.286515 2.942963
    2 6.028145 0.000003 0.000002 0.062093 -1.208034 -2.426291
    3 11.692553 0.000081 -0.000005 -0.000003 0.000012 -0.455164
    4 11.481672 -0.000089 -0.000024 -0.175431 0.483464 0.235983
    5 3.859703 -0.142416 -1.191975 -0.481891 -0.078878 -1.661263
    6 1.312563 -0.000010 0.000004 -0.002601 0.039112 -0.675895
    7 0.729363 0.000000 0.000003 -0.006788 0.000392 -0.008718
    8 3.942329 0.046754 -0.431444 -0.119597 -0.202676 -1.456636
    9 1.539093 0.000006 -0.000006 0.004841 -0.049720 -0.468417
    10 1.196322 -0.000006 0.000003 0.005210 0.000368 -0.385561
    11 3.883690 -0.046784 0.431443 0.105531 -0.250832 -1.086781
    12 1.719582 -0.000010 0.000009 0.016486 -0.106799 -0.687850
    13 1.209181 -0.000006 0.000003 0.008515 0.010741 -0.700736
    14 3.859856 -0.137963 1.332466 0.359793 -0.259762 -0.987101
    15 1.719435 0.000000 -0.000005 0.012200 -0.121739 -0.585374
    16 1.099678 -0.000006 0.000003 0.009078 0.012743 -0.902352
    17 0.806042 -0.348929 1.321258 -1.379476 -0.521416 -0.611917
    18 1.789783 0.000000 -0.000008 -0.001500 -0.000167 -0.097641
    19 1.207001 0.000001 -0.000002 -0.000226 -0.000197 -0.024899
    20 -3.070313 -5.792969 -5.765625 -1.668474 1.286518 2.942953
    21 6.028141 0.000000 -0.000002 1.084241 0.780029 -1.096040
    22 11.692556 0.000000 -0.000002 -0.000002 0.000000 -1.412378
    23 11.481703 -0.000001 -0.000005 -1.270237 0.463386 0.785528
    24 3.859676 -0.132545 1.193110 0.519775 0.048729 -1.589310
    25 1.312559 -0.000004 -0.000001 -0.001721 -0.016487 -0.322232
    26 0.729365 -0.000002 -0.000001 -0.000278 0.006317 -1.047272
    27 3.942299 0.050347 0.431044 0.125342 -0.051528 -1.426276
    28 1.539106 0.000000 0.000001 -0.119992 0.277622 -0.734224
    29 1.196321 -0.000004 -0.000002 0.056320 0.110503 -1.427850
    30 3.883663 -0.050304 -0.431042 -0.091919 -0.016657 -1.132258
    31 1.719582 0.000002 0.000006 -0.016124 0.020220 -1.062731
    32 1.209183 0.000002 0.000006 -0.037421 0.320621 -1.232387
    33 3.859837 -0.148918 -1.331282 -0.059013 0.286374 -0.036871
    34 1.719429 0.000008 0.000011 0.013438 -0.016402 -1.259747
    35 1.099665 0.000000 0.000006 -0.230651 0.131837 -0.087419
    36 0.806025 -0.359831 -1.318334 1.294972 0.543888 -0.655409
    37 1.789782 -0.000008 -0.000004 -0.002841 0.016457 0.213885
    38 1.207003 -0.000002 -0.000008 -0.002281 -0.000088 0.877653
    39 -4.939726 -11.608251 -8.348097 1.599623 -0.008158 -3.141072
    40 0.028150 2.046865 -7.394535 -0.000007 0.000000 0.000000
    41 0.028148 5.078109 -12.500008 -0.000007 0.000000 0.000000
    42 0.028150 1.326164 -6.433592 -0.000007 0.000000 0.000000
    43 0.025025 1.444311 -3.791368 -0.000007 0.000000 0.000000
    44 11.093750 -8.562500 5.578125 -0.000007 0.000000 -0.000003
  time 22
    0 0.000000 -0.000006 0.000000 -1.570781 -1.391896 -1.570809
    1 -5.371094 0.969727 1.057617 1.596636 -1.286515 2.942963
    2 6.028145 0.000003 0.000002 0.075860 -1.207816 -2.441074
    3 11.692553 0.000081 -0.000005 -0.000003 0.000012 -0.444750
    4 11.481672 -0.000089 -0.000024 -0.170610 0.485037 0.236030
    5 3.859703 -0.142416 -1.191975 -0.481891 -0.078878 -1.661263
    6 1.312563 -0.000010 0.000004 -0.002601 0.039112 -0.675895
    7 0.729363 0.000000 0.000003 -0.006788 0.000392 -0.008718
    8 3.942329 0.046754 -0.431444 -0.119597 -0.202676 -1.456636
    9 1.539093 0.000006 -0.000006 0.004841 -0.049720 -0.468417
    10 1.196322 -0.000006 0.000003 0.005210 0.000368 -0.385561
    11 3.883690 -0.046784 0.431443 0.105531 -0.250832 -1.086781
    12 1.719582 -0.000010 0.000009 0.016486 -0.106799 -0.687850
    13 1.209181 -0.000006 0.000003 0.008515 0.010741 -0.700736
    14 3.859856 -0.137963 1.332466 0.359793 -0.259762 -0.987101
    15 1.719435 0.000000 -0.000005 0.012200 -0.121739 -0.585374
    16 1.099678 -0.000006 0.000003 0.009078 0.012743 -0.902352
    17 0.806042 -0.348929 1.321258 -1.379476 -0.521416 -0.611917
    18 1.789783 0.000000 -0.000008 -0.001500 -0.000167 -0.097641
    19 1.207001 0.000001 -0.000002 -0.000226 -0.000197 -0.024899
    20 -3.070313 -5.792969 -5.765625 -1.668474 1.286518 2.942953
    21 6.028141 0.000000 -0.000002 1.084169 0.781494 -1.096665
    22 11.692556 0.000000 -0.000002 -0.000002 0.000000 -1.409446
    23 11.481703 -0.000001 -0.000005 -1.264737 0.461343 0.785324
    24 3.859676 -0.132545 1.193110 0.519775 0.048729 -1.589310
    25 1.312559 -0.000004 -0.000001 -0.001721 -0.016487 -0.322232
    26 0.729365 -0.000002 -0.000001 -0.000278 0.006317 -1.047272
    27 3.942299 0.050347 0.431044 0.125342 -0.051528 -1.426276
    28 1.539106 0.000000 0.000001 -0.119992 0.277622 -0.734224
    29 1.196321 -0.000004 -0.000002 0.056320 0.110503 -1.427850
    30 3.883663 -0.050304 -0.431042 -0.091919 -0.016657 -1.132258
    31 1.719582 0.000002 0.000006 -0.016124 0.020220 -1.062731
    32 1.209183 0.000002 0.000006 -0.037421 0.320621 -1.232387
    33 3.859837 -0.148918 -1.331282 -0.059013 0.286374 -0.036871
    34 1.719429 0.000008 0.000011 0.013438 -0.016402 -1.259747
    35 1.099665 0.000000 0.000006 -0.230651 0.131837 -0.087419
    36 0.806025 -0.359831 -1.318334 1.294972 0.543888 -0.655409
    37 1.789782 -0.000008 -0.000004 -0.002841 0.016457 0.213885
    38 1.207003 -0.000002 -0.000008 -0.002281 -0.000088 0.877653
    39 -4.939726 -11.627782 -8.344191 1.598428 -0.002958 -3.140782
    40 0.028150 2.046865 -7.394535 -0.000007 0.000000 0.000000
    41 0.028148 5.078109 -12.500008 -0.000007 0.000000 0.000000
    42 0.028150 1.326164 -6.433592 -0.000007 0.000000 0.000000
    43 0.025025 1.444311 -3.791368 -0.000007 0.000000 0.000000
    44 11.093750 -8.562500 5.578125 -0.000007 0.000000 -0.000003
  time 23
    0 0.000000 -0.000006 0.000000 -1.570781 -1.391896 -1.570809
    1 -5.371094 0.969727 1.057617 1.596636 -1.286515 2.942963
    2 6.028145 0.000003 0.000002 0.089295 -1.207205 -2.455343
    3 11.692553 0.000081 -0.000005 -0.000003 0.000012 -0.433280
    4 11.481672 -0.000089 -0.000024 -0.166593 0.487196 0.236078
    5 3.859703 -0.142416 -1.191975 -0.481891 -0.078878 -1.661263
    6 1.312563 -0.000010 0.000004 -0.002601 0.039112 -0.675895
    7 0.729363 0.000000 0.000003 -0.006788 0.000392 -0.008718
    8 3.942329 0.046754 -0.431444 -0.119597 -0.202676 -1.456636
    9 1.539093 0.000006 -0.000006 0.004841 -0.049720 -0.468417
    10 1.196322 -0.000006 0.000003 0.005210 0.000368 -0.385561
    11 3.883690 -0.046784 0.431443 0.105531 -0.250832 -1.086781
    12 1.719582 -0.000010 0.000009 0.016486 -0.106799 -0.687850
    13 1.209181 -0.000006 0.000003 0.008515 0.010741 -0.700736
    14 3.859856 -0.137963 1.332466 0.359793 -0.259762 -0.987101
    15 1.719435 0.000000 -0.000005 0.012200 -0.121739 -0.585374
    16 1.099678 -0.000006 0.000003 0.009078 0.012743 -0.902352
    17 0.806042 -0.348929 1.321258 -1.379476 -0.521416 -0.611917
    18 1.789783 0.000000 -0.000008 -0.001500 -0.000167 -0.097641
    19 1.207001 0.000001 -0.000002 -0.000226 -0.000197 -0.024899
    20 -3.070313 -5.792969 -5.765625 -1.668474 1.286518 2.942953
    21 6.028141 0.000000 -0.000002 1.084097 0.782893 -1.097232
    22 11.692556 0.000000 -0.000002 -0.000002 0.000000 -1.406916
    23 11.481703 -0.000001 -0.000005 -1.258534 0.458279 0.787400
    24 3.859676 -0.132545 1.193110 0.519775 0.048729 -1.589310
    25 1.312559 -0.000004 -0.000001 -0.001721 -0.016487 -0.322232
    26 0.729365 -0.000002 -0.000001 -0.000278 0.006317 -1.047272
    27 3.942299 0.050347 0.431044 0.125342 -0.051528 -1.426276
    28 1.539106 0.000000 0.000001 -0.119992 0.277622 -0.734224
    29 1.196321 -0.000004 -0.000002 0.056320 0.110503 -1.427850
    30 3.883663 -0.050304 -0.431042 -0.091919 -0.016657 -1.132258
    31 1.719582 0.000002 0.000006 -0.016124 0.020220 -1.062731
    32 1.209183 0.000002 0.000006 -0.037421 0.320621 -1.232387
    33 3.859837 -0.148918 -1.331282 -0.059013 0.286374 -0.036871
    34 1.719429 0.000008 0.000011 0.013438 -0.016402 -1.259747
    35 1.099665 0.000000 0.000006 -0.230651 0.131837 -0.087419
    36 0.806025 -0.359831 -1.318334 1.294972 0.543888 -0.655409
    37 1.789782 -0.000008 -0.000004 -0.002841 0.016457 0.213885
    38 1.207003 -0.000002 -0.000008 -0.002281 -0.000088 0.877653
    39 -4.939726 -11.651221 -8.340284 1.595243 0.002429 -3.140709
    40 0.028150 2.046865 -7.394535 -0.000007 0.000000 0.000000
    41 0.028148 5.078109 -12.500008 -0.000007 0.000000 0.000000
    42 0.028150 1.326164 -6.433592 -0.000007 0.000000 0.000000
    43 0.025025 1.444311 -3.791368 -0.000007 0.000000 0.000000
    44 11.093750 -8.562500 5.578125 -0.000007 0.000000 -0.000003
  time 24
    0 0.000000 -0.000006 0.000000 -1.570781 -1.391896 -1.570809
    1 -5.371094 0.969727 1.057617 1.596636 -1.286515 2.942963
    2 6.028145 0.000003 0.000002 0.102334 -1.206333 -2.469170
    3 11.692553 0.000081 -0.000005 -0.000003 0.000012 -0.420896
    4 11.481672 -0.000089 -0.000024 -0.163558 0.489721 0.235935
    5 3.859703 -0.142416 -1.191975 -0.481891 -0.078878 -1.661263
    6 1.312563 -0.000010 0.000004 -0.002601 0.039112 -0.675895
    7 0.729363 0.000000 0.000003 -0.006788 0.000392 -0.008718
    8 3.942329 0.046754 -0.431444 -0.119597 -0.202676 -1.456636
    9 1.539093 0.000006 -0.000006 0.004841 -0.049720 -0.468417
    10 1.196322 -0.000006 0.000003 0.005210 0.000368 -0.385561
    11 3.883690 -0.046784 0.431443 0.105531 -0.250832 -1.086781
    12 1.719582 -0.000010 0.000009 0.016486 -0.106799 -0.687850
    13 1.209181 -0.000006 0.000003 0.008515 0.010741 -0.700736
    14 3.859856 -0.137963 1.332466 0.359793 -0.259762 -0.987101
    15 1.719435 0.000000 -0.000005 0.012200 -0.121739 -0.585374
    16 1.099678 -0.000006 0.000003 0.009078 0.012743 -0.902352
    17 0.806042 -0.348929 1.321258 -1.379476 -0.521416 -0.611917
    18 1.789783 0.000000 -0.000008 -0.001500 -0.000167 -0.097641
    19 1.207001 0.000001 -0.000002 -0.000226 -0.000197 -0.024899
    20 -3.070313 -5.792969 -5.765625 -1.668474 1.286518 2.942953
    21 6.028141 0.000000 -0.000002 1.084097 0.784260 -1.097743
    22 11.692556 0.000000 -0.000002 -0.000002 0.000000 -1.404789
    23 11.481703 -0.000001 -0.000005 -1.252039 0.454449 0.791247
    24 3.859676 -0.132545 1.193110 0.519775 0.048729 -1.589310
    25 1.312559 -0.000004 -0.000001 -0.001721 -0.016487 -0.322232
    26 0.729365 -0.000002 -0.000001 -0.000278 0.006317 -1.047272
    27 3.942299 0.050347 0.431044 0.125342 -0.051528 -1.426276
    28 1.539106 0.000000 0.000001 -0.119992 0.277622 -0.734224
    29 1.196321 -0.000004 -0.000002 0.056320 0.110503 -1.427850
    30 3.883663 -0.050304 -0.431042 -0.091919 -0.016657 -1.132258
    31 1.719582 0.000002 0.000006 -0.016124 0.020220 -1.062731
    32 1.209183 0.000002 0.000006 -0.037421 0.320621 -1.232387
    33 3.859837 -0.148918 -1.331282 -0.059013 0.286374 -0.036871
    34 1.719429 0.000008 0.000011 0.013438 -0.016402 -1.259747
    35 1.099665 0.000000 0.000006 -0.230651 0.131837 -0.087419
    36 0.806025 -0.359831 -1.318334 1.294972 0.543888 -0.655409
    37 1.789782 -0.000008 -0.000004 -0.002841 0.016457 0.213885
    38 1.207003 -0.000002 -0.000008 -0.002281 -0.000088 0.877653
    39 -4.939726 -11.670753 -8.336378 1.590526 0.007661 -3.140782
    40 0.028150 2.046865 -7.394535 -0.000007 0.000000 0.000000
    41 0.028148 5.078109 -12.500008 -0.000007 0.000000 0.000000
    42 0.028150 1.326164 -6.433592 -0.000007 0.000000 0.000000
    43 0.025025 1.444311 -3.791368 -0.000007 0.000000 0.000000
    44 11.093750 -8.562500 5.578125 -0.000007 0.000000 -0.000003
  time 25
    0 0.000000 -0.000006 0.000000 -1.570781 -1.391896 -1.570809
    1 -5.371094 0.969727 1.057617 1.596636 -1.286515 2.942963
    2 6.028145 0.000003 0.000002 0.113917 -1.205242 -2.481379
    3 11.692553 0.000081 -0.000005 -0.000003 0.000012 -0.408793
    4 11.481672 -0.000089 -0.000024 -0.161505 0.492355 0.235554
    5 3.859703 -0.142416 -1.191975 -0.481891 -0.078878 -1.661263
    6 1.312563 -0.000010 0.000004 -0.002601 0.039112 -0.675895
    7 0.729363 0.000000 0.000003 -0.006788 0.000392 -0.008718
    8 3.942329 0.046754 -0.431444 -0.119597 -0.202676 -1.456636
    9 1.539093 0.000006 -0.000006 0.004841 -0.049720 -0.468417
    10 1.196322 -0.000006 0.000003 0.005210 0.000368 -0.385561
    11 3.883690 -0.046784 0.431443 0.105531 -0.250832 -1.086781
    12 1.719582 -0.000010 0.000009 0.016486 -0.106799 -0.687850
    13 1.209181 -0.000006 0.000003 0.008515 0.010741 -0.700736
    14 3.859856 -0.137963 1.332466 0.359793 -0.259762 -0.987101
    15 1.719435 0.000000 -0.000005 0.012200 -0.121739 -0.585374
    16 1.099678 -0.000006 0.000003 0.009078 0.012743 -0.902352
    17 0.806042 -0.348929 1.321258 -1.379476 -0.521416 -0.611917
    18 1.789783 0.000000 -0.000008 -0.001500 -0.000167 -0.097641
    19 1.207001 0.000001 -0.000002 -0.000226 -0.000197 -0.024899
    20 -3.070313 -5.792969 -5.765625 -1.668474 1.286518 2.942953
    21 6.028141 0.000000 -0.000002 1.084097 0.785595 -1.098197
    22 11.692556 0.000000 -0.000002 -0.000002 0.000000 -1.403006
    23 11.481703 -0.000001 -0.000005 -1.245836 0.450134 0.796251
    24 3.859676 -0.132545 1.193110 0.519775 0.048729 -1.589310
    25 1.312559 -0.000004 -0.000001 -0.001721 -0.016487 -0.322232
    26 0.729365 -0.000002 -0.000001 -0.000278 0.006317 -1.047272
    27 3.942299 0.050347 0.431044 0.125342 -0.051528 -1.426276
    28 1.539106 0.000000 0.000001 -0.119992 0.277622 -0.734224
    29 1.196321 -0.000004 -0.000002 0.056320 0.110503 -1.427850
    30 3.883663 -0.050304 -0.431042 -0.091919 -0.016657 -1.132258
    31 1.719582 0.000002 0.000006 -0.016124 0.020220 -1.062731
    32 1.209183 0.000002 0.000006 -0.037421 0.320621 -1.232387
    33 3.859837 -0.148918 -1.331282 -0.059013 0.286374 -0.036871
    34 1.719429 0.000008 0.000011 0.013438 -0.016402 -1.259747
    35 1.099665 0.000000 0.000006 -0.230651 0.131837 -0.087419
    36 0.806025 -0.359831 -1.318334 1.294972 0.543888 -0.655409
    37 1.789782 -0.000008 -0.000004 -0.002841 0.016457 0.213885
    38 1.207003 -0.000002 -0.000008 -0.002281 -0.000088 0.877653
    39 -4.935820 -11.686378 -8.332472 1.584798 0.012332 -3.140854
    40 0.028150 2.046865 -7.394535 -0.000007 0.000000 0.000000
    41 0.028148 5.078109 -12.500008 -0.000007 0.000000 0.000000
    42 0.028150 1.326164 -6.433592 -0.000007 0.000000 0.000000
    43 0.025025 1.444311 -3.791368 -0.000007 0.000000 0.000000
    44 11.093750 -8.562500 5.578125 -0.000007 0.000000 -0.000003
  time 26
    0 0.000000 -0.000006 0.000000 -1.570781 -1.391896 -1.570809
    1 -5.371094 0.969727 1.057617 1.596636 -1.286515 2.942963
    2 6.028145 0.000003 0.000002 0.123977 -1.204151 -2.491896
    3 11.692553 0.000081 -0.000005 -0.000003 0.000012 -0.397254
    4 11.481672 -0.000089 -0.000024 -0.160612 0.494990 0.234792
    5 3.859703 -0.142416 -1.191975 -0.481891 -0.078878 -1.661263
    6 1.312563 -0.000010 0.000004 -0.002601 0.039112 -0.675895
    7 0.729363 0.000000 0.000003 -0.006788 0.000392 -0.008718
    8 3.942329 0.046754 -0.431444 -0.119597 -0.202676 -1.456636
    9 1.539093 0.000006 -0.000006 0.004841 -0.049720 -0.468417
    10 1.196322 -0.000006 0.000003 0.005210 0.000368 -0.385561
    11 3.883690 -0.046784 0.431443 0.105531 -0.250832 -1.086781
    12 1.719582 -0.000010 0.000009 0.016486 -0.106799 -0.687850
    13 1.209181 -0.000006 0.000003 0.008515 0.010741 -0.700736
    14 3.859856 -0.137963 1.332466 0.359793 -0.259762 -0.987101
    15 1.719435 0.000000 -0.000005 0.012200 -0.121739 -0.585374
    16 1.099678 -0.000006 0.000003 0.009078 0.012743 -0.902352
    17 0.806042 -0.348929 1.321258 -1.379476 -0.521416 -0.611917
    18 1.789783 0.000000 -0.000008 -0.001500 -0.000167 -0.097641
    19 1.207001 0.000001 -0.000002 -0.000226 -0.000197 -0.024899
    20 -3.070313 -5.792969 -5.765625 -1.668474 1.286518 2.942953
    21 6.028141 0.000000 -0.000002 1.084169 0.786832 -1.098595
    22 11.692556 0.000000 -0.000002 -0.000002 0.000000 -1.401569
    23 11.481703 -0.000001 -0.000005 -1.240453 0.445639 0.801902
    24 3.859676 -0.132545 1.193110 0.519775 0.048729 -1.589310
    25 1.312559 -0.000004 -0.000001 -0.001721 -0.016487 -0.322232
    26 0.729365 -0.000002 -0.000001 -0.000278 0.006317 -1.047272
    27 3.942299 0.050347 0.431044 0.125342 -0.051528 -1.426276
    28 1.539106 0.000000 0.000001 -0.119992 0.277622 -0.734224
    29 1.196321 -0.000004 -0.000002 0.056320 0.110503 -1.427850
    30 3.883663 -0.050304 -0.431042 -0.091919 -0.016657 -1.132258
    31 1.719582 0.000002 0.000006 -0.016124 0.020220 -1.062731
    32 1.209183 0.000002 0.000006 -0.037421 0.320621 -1.232387
    33 3.859837 -0.148918 -1.331282 -0.059013 0.286374 -0.036871
    34 1.719429 0.000008 0.000011 0.013438 -0.016402 -1.259747
    35 1.099665 0.000000 0.000006 -0.230651 0.131837 -0.087419
    36 0.806025 -0.359831 -1.318334 1.294972 0.543888 -0.655409
    37 1.789782 -0.000008 -0.000004 -0.002841 0.016457 0.213885
    38 1.207003 -0.000002 -0.000008 -0.002281 -0.000088 0.877653
    39 -4.935820 -11.702003 -8.328565 1.578580 0.016131 -3.140999
    40 0.028150 2.046865 -7.394535 -0.000007 0.000000 0.000000
    41 0.028148 5.078109 -12.500008 -0.000007 0.000000 0.000000
    42 0.028150 1.326164 -6.433592 -0.000007 0.000000 0.000000
    43 0.025025 1.444311 -3.791368 -0.000007 0.000000 0.000000
    44 11.093750 -8.562500 5.578125 -0.000007 0.000000 -0.000003
  time 27
    0 0.000000 -0.000006 0.000000 -1.570781 -1.391896 -1.570809
    1 -5.371094 0.969727 1.057617 1.596636 -1.286515 2.942963
    2 6.028145 0.000003 0.000002 0.132251 -1.203148 -2.500575
    3 11.692553 0.000081 -0.000005 -0.000003 0.000012 -0.386769
    4 11.481672 -0.000089 -0.000024 -0.161059 0.497368 0.233316
    5 3.859703 -0.142416 -1.191975 -0.481891 -0.078878 -1.661263
    6 1.312563 -0.000010 0.000004 -0.002601 0.039112 -0.675895
    7 0.729363 0.000000 0.000003 -0.006788 0.000392 -0.008718
    8 3.942329 0.046754 -0.431444 -0.119597 -0.202676 -1.456636
    9 1.539093 0.000006 -0.000006 0.004841 -0.049720 -0.468417
    10 1.196322 -0.000006 0.000003 0.005210 0.000368 -0.385561
    11 3.883690 -0.046784 0.431443 0.105531 -0.250832 -1.086781
    12 1.719582 -0.000010 0.000009 0.016486 -0.106799 -0.687850
    13 1.209181 -0.000006 0.000003 0.008515 0.010741 -0.700736
    14 3.859856 -0.137963 1.332466 0.359793 -0.259762 -0.987101
    15 1.719435 0.000000 -0.000005 0.012200 -0.121739 -0.585374
    16 1.099678 -0.000006 0.000003 0.009078 0.012743 -0.902352
    17 0.806042 -0.348929 1.321258 -1.379476 -0.521416 -0.611917
    18 1.789783 0.000000 -0.000008 -0.001500 -0.000167 -0.097641
    19 1.207001 0.000001 -0.000002 -0.000226 -0.000197 -0.024899
    20 -3.070313 -5.792969 -5.765625 -1.668474 1.286518 2.942953
    21 6.028141 0.000000 -0.000002 1.084313 0.788036 -1.098992
    22 11.692556 0.000000 -0.000002 -0.000002 0.000000 -1.400419
    23 11.481703 -0.000001 -0.000005 -1.236357 0.441349 0.807722
    24 3.859676 -0.132545 1.193110 0.519775 0.048729 -1.589310
    25 1.312559 -0.000004 -0.000001 -0.001721 -0.016487 -0.322232
    26 0.729365 -0.000002 -0.000001 -0.000278 0.006317 -1.047272
    27 3.942299 0.050347 0.431044 0.125342 -0.051528 -1.426276
    28 1.539106 0.000000 0.000001 -0.119992 0.277622 -0.734224
    29 1.196321 -0.000004 -0.000002 0.056320 0.110503 -1.427850
    30 3.883663 -0.050304 -0.431042 -0.091919 -0.016657 -1.132258
    31 1.719582 0.000002 0.000006 -0.016124 0.020220 -1.062731
    32 1.209183 0.000002 0.000006 -0.037421 0.320621 -1.232387
    33 3.859837 -0.148918 -1.331282 -0.059013 0.286374 -0.036871
    34 1.719429 0.000008 0.000011 0.013438 -0.016402 -1.259747
    35 1.099665 0.000000 0.000006 -0.230651 0.131837 -0.087419
    36 0.806025 -0.359831 -1.318334 1.294972 0.543888 -0.655409
    37 1.789782 -0.000008 -0.000004 -0.002841 0.016457 0.213885
    38 1.207003 -0.000002 -0.000008 -0.002281 -0.000088 0.877653
    39 -4.935820 -11.713723 -8.324659 1.572331 0.018684 -3.141217
    40 0.028150 2.046865 -7.394535 -0.000007 0.000000 0.000000
    41 0.028148 5.078109 -12.500008 -0.000007 0.000000 0.000000
    42 0.028150 1.326164 -6.433592 -0.000007 0.000000 0.000000
    43 0.025025 1.444311 -3.791368 -0.000007 0.000000 0.000000
    44 11.093750 -8.562500 5.578125 -0.000007 0.000000 -0.000003
  time 28
    0 0.000000 -0.000006 0.000000 -1.570781 -1.391896 -1.570809
    1 -5.371094 0.969727 1.057617 1.596636 -1.286515 2.942963
    2 6.028145 0.000003 0.000002 0.138406 -1.202276 -2.506974
    3 11.692553 0.000081 -0.000005 -0.000003 0.000012 -0.377974
    4 11.481672 -0.000089 -0.000024 -0.162844 0.499380 0.230982
    5 3.859703 -0.142416 -1.191975 -0.481891 -0.078878 -1.661263
    6 1.312563 -0.000010 0.000004 -0.002601 0.039112 -0.675895
    7 0.729363 0.000000 0.000003 -0.006788 0.000392 -0.008718
    8 3.942329 0.046754 -0.431444 -0.119597 -0.202676 -1.456636
    9 1.539093 0.000006 -0.000006 0.004841 -0.049720 -0.468417
    10 1.196322 -0.000006 0.000003 0.005210 0.000368 -0.385561
    11 3.883690 -0.046784 0.431443 0.105531 -0.250832 -1.086781
    12 1.719582 -0.000010 0.000009 0.016486 -0.106799 -0.687850
    13 1.209181 -0.000006 0.000003 0.008515 0.010741 -0.700736
    14 3.859856 -0.137963 1.332466 0.359793 -0.259762 -0.987101
    15 1.719435 0.000000 -0.000005 0.012200 -0.121739 -0.585374
    16 1.099678 -0.000006 0.000003 0.009078 0.012743 -0.902352
    17 0.806042 -0.348929 1.321258 -1.379476 -0.521416 -0.611917
    18 1.789783 0.000000 -0.000008 -0.001500 -0.000167 -0.097641
    19 1.207001 0.000001 -0.000002 -0.000226 -0.000197 -0.024899
    20 -3.070313 -5.792969 -5.765625 -1.668474 1.286518 2.942953
    21 6.028141 0.000000 -0.000002 1.084457 0.789142 -1.099276
    22 11.692556 0.000000 -0.000002 -0.000002 0.000000 -1.399499
    23 11.481703 -0.000001 -0.000005 -1.234016 0.437596 0.813135
    24 3.859676 -0.132545 1.193110 0.519775 0.048729 -1.589310
    25 1.312559 -0.000004 -0.000001 -0.001721 -0.016487 -0.322232
    26 0.729365 -0.000002 -0.000001 -0.000278 0.006317 -1.047272
    27 3.942299 0.050347 0.431044 0.125342 -0.051528 -1.426276
    28 1.539106 0.000000 0.000001 -0.119992 0.277622 -0.734224
    29 1.196321 -0.000004 -0.000002 0.056320 0.110503 -1.427850
    30 3.883663 -0.050304 -0.431042 -0.091919 -0.016657 -1.132258
    31 1.719582 0.000002 0.000006 -0.016124 0.020220 -1.062731
    32 1.209183 0.000002 0.000006 -0.037421 0.320621 -1.232387
    33 3.859837 -0.148918 -1.331282 -0.059013 0.286374 -0.036871
    34 1.719429 0.000008 0.000011 0.013438 -0.016402 -1.259747
    35 1.099665 0.000000 0.000006 -0.230651 0.131837 -0.087419
    36 0.806025 -0.359831 -1.318334 1.294972 0.543888 -0.655409
    37 1.789782 -0.000008 -0.000004 -0.002841 0.016457 0.213885
    38 1.207003 -0.000002 -0.000008 -0.002281 -0.000088 0.877653
    39 -4.935820 -11.721535 -8.320753 1.566634 0.019618 -3.141362
    40 0.028150 2.046865 -7.394535 -0.000007 0.000000 0.000000
    41 0.028148 5.078109 -12.500008 -0.000007 0.000000 0.000000
    42 0.028150 1.326164 -6.433592 -0.000007 0.000000 0.000000
    43 0.025025 1.444311 -3.791368 -0.000007 0.000000 0.000000
    44 11.093750 -8.562500 5.578125 -0.000007 0.000000 -0.000003
  time 29
    0 0.000000 -0.000006 0.000000 -1.570781 -1.391896 -1.570809
    1 -5.371094 0.969727 1.057617 1.596636 -1.286515 2.942963
    2 6.028145 0.000003 0.000002 0.142841 -1.201578 -2.511534
    3 11.692553 0.000081 -0.000005 -0.000003 0.000012 -0.370937
    4 11.481672 -0.000089 -0.000024 -0.165611 0.500917 0.228077
    5 3.859703 -0.142416 -1.191975 -0.481891 -0.078878 -1.661263
    6 1.312563 -0.000010 0.000004 -0.002601 0.039112 -0.675895
    7 0.729363 0.000000 0.000003 -0.006788 0.000392 -0.008718
    8 3.942329 0.046754 -0.431444 -0.119597 -0.202676 -1.456636
    9 1.539093 0.000006 -0.000006 0.004841 -0.049720 -0.468417
    10 1.196322 -0.000006 0.000003 0.005210 0.000368 -0.385561
    11 3.883690 -0.046784 0.431443 0.105531 -0.250832 -1.086781
    12 1.719582 -0.000010 0.000009 0.016486 -0.106799 -0.687850
    13 1.209181 -0.000006 0.000003 0.008515 0.010741 -0.700736
    14 3.859856 -0.137963 1.332466 0.359793 -0.259762 -0.987101
    15 1.719435 0.000000 -0.000005 0.012200 -0.121739 -0.585374
    16 1.099678 -0.000006 0.000003 0.009078 0.012743 -0.902352
    17 0.806042 -0.348929 1.321258 -1.379476 -0.521416 -0.611917
    18 1.789783 0.000000 -0.000008 -0.001500 -0.000167 -0.097641
    19 1.207001 0.000001 -0.000002 -0.000226 -0.000197 -0.024899
    20 -3.070313 -5.792969 -5.765625 -1.668474 1.286518 2.942953
    21 6.028141 0.000000 -0.000002 1.084601 0.790151 -1.099560
    22 11.692556 0.000000 -0.000002 -0.000002 0.000000 -1.398809
    23 11.481703 -0.000001 -0.000005 -1.233255 0.434710 0.817730
    24 3.859676 -0.132545 1.193110 0.519775 0.048729 -1.589310
    25 1.312559 -0.000004 -0.000001 -0.001721 -0.016487 -0.322232
    26 0.729365 -0.000002 -0.000001 -0.000278 0.006317 -1.047272
    27 3.942299 0.050347 0.431044 0.125342 -0.051528 -1.426276
    28 1.539106 0.000000 0.000001 -0.119992 0.277622 -0.734224
    29 1.196321 -0.000004 -0.000002 0.056320 0.110503 -1.427850
    30 3.883663 -0.050304 -0.431042 -0.091919 -0.016657 -1.132258
    31 1.719582 0.000002 0.000006 -0.016124 0.020220 -1.062731
    32 1.209183 0.000002 0.000006 -0.037421 0.320621 -1.232387
    33 3.859837 -0.148918 -1.331282 -0.059013 0.286374 -0.036871
    34 1.719429 0.000008 0.000011 0.013438 -0.016402 -1.259747
    35 1.099665 0.000000 0.000006 -0.230651 0.131837 -0.087419
    36 0.806025 -0.359831 -1.318334 1.294972 0.543888 -0.655409
    37 1.789782 -0.000008 -0.000004 -0.002841 0.016457 0.213885
    38 1.207003 -0.000002 -0.000008 -0.002281 -0.000088 0.877653
    39 -4.931914 -11.733254 -8.316846 1.561917 0.019182 -3.141580
    40 0.028150 2.046865 -7.394535 -0.000007 0.000000 0.000000
    41 0.028148 5.078109 -12.500008 -0.000007 0.000000 0.000000
    42 0.028150 1.326164 -6.433592 -0.000007 0.000000 0.000000
    43 0.025025 1.444311 -3.791368 -0.000007 0.000000 0.000000
    44 11.093750 -8.562500 5.578125 -0.000007 0.000000 -0.000003
  time 30
    0 0.000000 -0.000006 0.000000 -1.570781 -1.391896 -1.570809
    1 -5.371094 0.969727 1.057617 1.596636 -1.286515 2.942963
    2 6.028145 0.000003 0.000002 0.146282 -1.201185 -2.515138
    3 11.692553 0.000081 -0.000005 -0.000003 0.000012 -0.365660
    4 11.481672 -0.000089 -0.000024 -0.168379 0.501905 0.224982
    5 3.859703 -0.142416 -1.191975 -0.481891 -0.078878 -1.661263
    6 1.312563 -0.000010 0.000004 -0.002601 0.039112 -0.675895
    7 0.729363 0.000000 0.000003 -0.006788 0.000392 -0.008718
    8 3.942329 0.046754 -0.431444 -0.119597 -0.202676 -1.456636
    9 1.539093 0.000006 -0.000006 0.004841 -0.049720 -0.468417
    10 1.196322 -0.000006 0.000003 0.005210 0.000368 -0.385561
    11 3.883690 -0.046784 0.431443 0.105531 -0.250832 -1.086781
    12 1.719582 -0.000010 0.000009 0.016486 -0.106799 -0.687850
    13 1.209181 -0.000006 0.000003 0.008515 0.010741 -0.700736
    14 3.859856 -0.137963 1.332466 0.359793 -0.259762 -0.987101
    15 1.719435 0.000000 -0.000005 0.012200 -0.121739 -0.585374
    16 1.099678 -0.000006 0.000003 0.009078 0.012743 -0.902352
    17 0.806042 -0.348929 1.321258 -1.379476 -0.521416 -0.611917
    18 1.789783 0.000000 -0.000008 -0.001500 -0.000167 -0.097641
    19 1.207001 0.000001 -0.000002 -0.000226 -0.000197 -0.024899
    20 -3.070313 -5.792969 -5.765625 -1.668474 1.286518 2.942953
    21 6.028141 0.000000 -0.000002 1.084673 0.790998 -1.099787
    22 11.692556 0.000000 -0.000002 -0.000002 0.000000 -1.398292
    23 11.481703 -0.000001 -0.000005 -1.233665 0.432923 0.820930
    24 3.859676 -0.132545 1.193110 0.519775 0.048729 -1.589310
    25 1.312559 -0.000004 -0.000001 -0.001721 -0.016487 -0.322232
    26 0.729365 -0.000002 -0.000001 -0.000278 0.006317 -1.047272
    27 3.942299 0.050347 0.431044 0.125342 -0.051528 -1.426276
    28 1.539106 0.000000 0.000001 -0.119992 0.277622 -0.734224
    29 1.196321 -0.000004 -0.000002 0.056320 0.110503 -1.427850
    30 3.883663 -0.050304 -0.431042 -0.091919 -0.016657 -1.132258
    31 1.719582 0.000002 0.000006 -0.016124 0.020220 -1.062731
    32 1.209183 0.000002 0.000006 -0.037421 0.320621 -1.232387
    33 3.859837 -0.148918 -1.331282 -0.059013 0.286374 -0.036871
    34 1.719429 0.000008 0.000011 0.013438 -0.016402 -1.259747
    35 1.099665 0.000000 0.000006 -0.230651 0.131837 -0.087419
    36 0.806025 -0.359831 -1.318334 1.294972 0.543888 -0.655409
    37 1.789782 -0.000008 -0.000004 -0.002841 0.016457 0.213885
    38 1.207003 -0.000002 -0.000008 -0.002281 -0.000088 0.877653
    39 -4.931914 -11.741067 -8.312940 1.558701 0.018030 -3.141797
    40 0.028150 2.046865 -7.394535 -0.000007 0.000000 0.000000
    41 0.028148 5.078109 -12.500008 -0.000007 0.000000 0.000000
    42 0.028150 1.326164 -6.433592 -0.000007 0.000000 0.000000
    43 0.025025 1.444311 -3.791368 -0.000007 0.000000 0.000000
    44 11.093750 -8.562500 5.578125 -0.000007 0.000000 -0.000003
  time 31
    0 0.000000 -0.000006 0.000000 -1.570781 -1.391896 -1.570809
    1 -5.371094 0.969727 1.057617 1.596636 -1.286515 2.942963
    2 6.028145 0.000003 0.000002 0.148334 -1.201054 -2.517418
    3 11.692553 0.000081 -0.000005 -0.000003 0.000012 -0.362845
    4 11.481672 -0.000089 -0.000024 -0.170699 0.502234 0.222029
    5 3.859703 -0.142416 -1.191975 -0.481891 -0.078878 -1.661263
    6 1.312563 -0.000010 0.000004 -0.002601 0.039112 -0.675895
    7 0.729363 0.000000 0.000003 -0.006788 0.000392 -0.008718
    8 3.942329 0.046754 -0.431444 -0.119597 -0.202676 -1.456636
    9 1.539093 0.000006 -0.000006 0.004841 -0.049720 -0.468417
    10 1.196322 -0.000006 0.000003 0.005210 0.000368 -0.385561
    11 3.883690 -0.046784 0.431443 0.105531 -0.250832 -1.086781
    12 1.719582 -0.000010 0.000009 0.016486 -0.106799 -0.687850
    13 1.209181 -0.000006 0.000003 0.008515 0.010741 -0.700736
    14 3.859856 -0.137963 1.332466 0.359793 -0.259762 -0.987101
    15 1.719435 0.000000 -0.000005 0.012200 -0.121739 -0.585374
    16 1.099678 -0.000006 0.000003 0.009078 0.012743 -0.902352
    17 0.806042 -0.348929 1.321258 -1.379476 -0.521416 -0.611917
    18 1.789783 0.000000 -0.000008 -0.001500 -0.000167 -0.097641
    19 1.207001 0.000001 -0.000002 -0.000226 -0.000197 -0.024899
    20 -3.070313 -5.792969 -5.765625 -1.668474 1.286518 2.942953
    21 6.028141 0.000000 -0.000002 1.084673 0.791649 -1.100014
    22 11.692556 0.000000 -0.000002 -0.000002 0.000000 -1.397832
    23 11.481703 -0.000001 -0.000005 -1.235128 0.432489 0.822189
    24 3.859676 -0.132545 1.193110 0.519775 0.048729 -1.589310
    25 1.312559 -0.000004 -0.000001 -0.001721 -0.016487 -0.322232
    26 0.729365 -0.000002 -0.000001 -0.000278 0.006317 -1.047272
    27 3.942299 0.050347 0.431044 0.125342 -0.051528 -1.426276
    28 1.539106 0.000000 0.000001 -0.119992 0.277622 -0.734224
    29 1.196321 -0.000004 -0.000002 0.056320 0.110503 -1.427850
    30 3.883663 -0.050304 -0.431042 -0.091919 -0.016657 -1.132258
    31 1.719582 0.000002 0.000006 -0.016124 0.020220 -1.062731
    32 1.209183 0.000002 0.000006 -0.037421 0.320621 -1.232387
    33 3.859837 -0.148918 -1.331282 -0.059013 0.286374 -0.036871
    34 1.719429 0.000008 0.000011 0.013438 -0.016402 -1.259747
    35 1.099665 0.000000 0.000006 -0.230651 0.131837 -0.087419
    36 0.806025 -0.359831 -1.318334 1.294972 0.543888 -0.655409
    37 1.789782 -0.000008 -0.000004 -0.002841 0.016457 0.213885
    38 1.207003 -0.000002 -0.000008 -0.002281 -0.000088 0.877653
    39 -4.931914 -11.744974 -8.312940 1.557537 0.016255 -3.142015
    40 0.028150 2.046865 -7.394535 -0.000007 0.000000 0.000000
    41 0.028148 5.078109 -12.500008 -0.000007 0.000000 0.000000
    42 0.028150 1.326164 -6.433592 -0.000007 0.000000 0.000000
    43 0.025025 1.444311 -3.791368 -0.000007 0.000000 0.000000
    44 11.093750 -8.562500 5.578125 -0.000007 0.000000 -0.000003
  time 32
    0 0.000000 -0.000006 0.000000 -1.570781 -1.391896 -1.570809
    1 -5.371094 0.969727 1.057617 1.596636 -1.286515 2.942963
    2 6.028145 0.000003 0.000002 0.149261 -1.201229 -2.518448
    3 11.692553 0.000081 -0.000005 -0.000003 0.000012 -0.362071
    4 11.481672 -0.000089 -0.000024 -0.172842 0.502015 0.219314
    5 3.859703 -0.142416 -1.191975 -0.481891 -0.078878 -1.661263
    6 1.312563 -0.000010 0.000004 -0.002601 0.039112 -0.675895
    7 0.729363 0.000000 0.000003 -0.006788 0.000392 -0.008718
    8 3.942329 0.046754 -0.431444 -0.119597 -0.202676 -1.456636
    9 1.539093 0.000006 -0.000006 0.004841 -0.049720 -0.468417
    10 1.196322 -0.000006 0.000003 0.005210 0.000368 -0.385561
    11 3.883690 -0.046784 0.431443 0.105531 -0.250832 -1.086781
    12 1.719582 -0.000010 0.000009 0.016486 -0.106799 -0.687850
    13 1.209181 -0.000006 0.000003 0.008515 0.010741 -0.700736
    14 3.859856 -0.137963 1.332466 0.359793 -0.259762 -0.987101
    15 1.719435 0.000000 -0.000005 0.012200 -0.121739 -0.585374
    16 1.099678 -0.000006 0.000003 0.009078 0.012743 -0.902352
    17 0.806042 -0.348929 1.321258 -1.379476 -0.521416 -0.611917
    18 1.789783 0.000000 -0.000008 -0.001500 -0.000167 -0.097641
    19 1.207001 0.000001 -0.000002 -0.000226 -0.000197 -0.024899
    20 -3.070313 -5.792969 -5.765625 -1.668474 1.286518 2.942953
    21 6.028141 0.000000 -0.000002 1.084673 0.792072 -1.100184
    22 11.692556 0.000000 -0.000002 -0.000002 0.000000 -1.397430
    23 11.481703 -0.000001 -0.000005 -1.237410 0.433153 0.821883
    24 3.859676 -0.132545 1.193110 0.519775 0.048729 -1.589310
    25 1.312559 -0.000004 -0.000001 -0.001721 -0.016487 -0.322232
    26 0.729365 -0.000002 -0.000001 -0.000278 0.006317 -1.047272
    27 3.942299 0.050347 0.431044 0.125342 -0.051528 -1.426276
    28 1.539106 0.000000 0.000001 -0.119992 0.277622 -0.734224
    29 1.196321 -0.000004 -0.000002 0.056320 0.110503 -1.427850
    30 3.883663 -0.050304 -0.431042 -0.091919 -0.016657 -1.132258
    31 1.719582 0.000002 0.000006 -0.016124 0.020220 -1.062731
    32 1.209183 0.000002 0.000006 -0.037421 0.320621 -1.232387
    33 3.859837 -0.148918 -1.331282 -0.059013 0.286374 -0.036871
    34 1.719429 0.000008 0.000011 0.013438 -0.016402 -1.259747
    35 1.099665 0.000000 0.000006 -0.230651 0.131837 -0.087419
    36 0.806025 -0.359831 -1.318334 1.294972 0.543888 -0.655409
    37 1.789782 -0.000008 -0.000004 -0.002841 0.016457 0.213885
    38 1.207003 -0.000002 -0.000008 -0.002281 -0.000088 0.877653
    39 -4.931914 -11.748880 -8.309034 1.557966 0.014044 -3.142232
    40 0.028150 2.046865 -7.394535 -0.000007 0.000000 0.000000
    41 0.028148 5.078109 -12.500008 -0.000007 0.000000 0.000000
    42 0.028150 1.326164 -6.433592 -0.000007 0.000000 0.000000
    43 0.025025 1.444311 -3.791368 -0.000007 0.000000 0.000000
    44 11.093750 -8.562500 5.578125 -0.000007 0.000000 -0.000003
  time 33
    0 0.000000 -0.000006 0.000000 -1.570781 -1.391896 -1.570809
    1 -5.371094 0.969727 1.057617 1.596636 -1.286515 2.942963
    2 6.028145 0.000003 0.000002 0.148930 -1.201534 -2.518227
    3 11.692553 0.000081 -0.000005 -0.000003 0.000012 -0.362634
    4 11.481672 -0.000089 -0.000024 -0.174895 0.501503 0.216790
    5 3.859703 -0.142416 -1.191975 -0.481891 -0.078878 -1.661263
    6 1.312563 -0.000010 0.000004 -0.002601 0.039112 -0.675895
    7 0.729363 0.000000 0.000003 -0.006788 0.000392 -0.008718
    8 3.942329 0.046754 -0.431444 -0.119597 -0.202676 -1.456636
    9 1.539093 0.000006 -0.000006 0.004841 -0.049720 -0.468417
    10 1.196322 -0.000006 0.000003 0.005210 0.000368 -0.385561
    11 3.883690 -0.046784 0.431443 0.105531 -0.250832 -1.086781
    12 1.719582 -0.000010 0.000009 0.016486 -0.106799 -0.687850
    13 1.209181 -0.000006 0.000003 0.008515 0.010741 -0.700736
    14 3.859856 -0.137963 1.332466 0.359793 -0.259762 -0.987101
    15 1.719435 0.000000 -0.000005 0.012200 -0.121739 -0.585374
    16 1.099678 -0.000006 0.000003 0.009078 0.012743 -0.902352
    17 0.806042 -0.348929 1.321258 -1.379476 -0.521416 -0.611917
    18 1.789783 0.000000 -0.000008 -0.001500 -0.000167 -0.097641
    19 1.207001 0.000001 -0.000002 -0.000226 -0.000197 -0.024899
    20 -3.070313 -5.792969 -5.765625 -1.668474 1.286518 2.942953
    21 6.028141 0.000000 -0.000002 1.084601 0.792365 -1.100354
    22 11.692556 0.000000 -0.000002 -0.000002 0.000000 -1.397200
    23 11.481703 -0.000001 -0.000005 -1.240219 0.434353 0.820862
    24 3.859676 -0.132545 1.193110 0.519775 0.048729 -1.589310
    25 1.312559 -0.000004 -0.000001 -0.001721 -0.016487 -0.322232
    26 0.729365 -0.000002 -0.000001 -0.000278 0.006317 -1.047272
    27 3.942299 0.050347 0.431044 0.125342 -0.051528 -1.426276
    28 1.539106 0.000000 0.000001 -0.119992 0.277622 -0.734224
    29 1.196321 -0.000004 -0.000002 0.056320 0.110503 -1.427850
    30 3.883663 -0.050304 -0.431042 -0.091919 -0.016657 -1.132258
    31 1.719582 0.000002 0.000006 -0.016124 0.020220 -1.062731
    32 1.209183 0.000002 0.000006 -0.037421 0.320621 -1.232387
    33 3.859837 -0.148918 -1.331282 -0.059013 0.286374 -0.036871
    34 1.719429 0.000008 0.000011 0.013438 -0.016402 -1.259747
    35 1.099665 0.000000 0.000006 -0.230651 0.131837 -0.087419
    36 0.806025 -0.359831 -1.318334 1.294972 0.543888 -0.655409
    37 1.789782 -0.000008 -0.000004 -0.002841 0.016457 0.213885
    38 1.207003 -0.000002 -0.000008 -0.002281 -0.000088 0.877653
    39 -4.928007 -11.752786 -8.309034 1.559160 0.011460 -3.142378
    40 0.028150 2.046865 -7.394535 -0.000007 0.000000 0.000000
    41 0.028148 5.078109 -12.500008 -0.000007 0.000000 0.000000
    42 0.028150 1.326164 -6.433592 -0.000007 0.000000 0.000000
    43 0.025025 1.444311 -3.791368 -0.000007 0.000000 0.000000
    44 11.093750 -8.562500 5.578125 -0.000007 0.000000 -0.000003
  time 34
    0 0.000000 -0.000006 0.000000 -1.570781 -1.391896 -1.570809
    1 -5.371094 0.969727 1.057617 1.596636 -1.286515 2.942963
    2 6.028145 0.000003 0.000002 0.147474 -1.201970 -2.516756
    3 11.692553 0.000081 -0.000005 -0.000003 0.000012 -0.364534
    4 11.481672 -0.000089 -0.000024 -0.176859 0.500734 0.214599
    5 3.859703 -0.142416 -1.191975 -0.481891 -0.078878 -1.661263
    6 1.312563 -0.000010 0.000004 -0.002601 0.039112 -0.675895
    7 0.729363 0.000000 0.000003 -0.006788 0.000392 -0.008718
    8 3.942329 0.046754 -0.431444 -0.119597 -0.202676 -1.456636
    9 1.539093 0.000006 -0.000006 0.004841 -0.049720 -0.468417
    10 1.196322 -0.000006 0.000003 0.005210 0.000368 -0.385561
    11 3.883690 -0.046784 0.431443 0.105531 -0.250832 -1.086781
    12 1.719582 -0.000010 0.000009 0.016486 -0.106799 -0.687850
    13 1.209181 -0.000006 0.000003 0.008515 0.010741 -0.700736
    14 3.859856 -0.137963 1.332466 0.359793 -0.259762 -0.987101
    15 1.719435 0.000000 -0.000005 0.012200 -0.121739 -0.585374
    16 1.099678 -0.000006 0.000003 0.009078 0.012743 -0.902352
    17 0.806042 -0.348929 1.321258 -1.379476 -0.521416 -0.611917
    18 1.789783 0.000000 -0.000008 -0.001500 -0.000167 -0.097641
    19 1.207001 0.000001 -0.000002 -0.000226 -0.000197 -0.024899
    20 -3.070313 -5.792969 -5.765625 -1.668474 1.286518 2.942953
    21 6.028141 0.000000 -0.000002 1.084529 0.792527 -1.100468
    22 11.692556 0.000000 -0.000002 -0.000002 0.000000 -1.397027
    23 11.481703 -0.000001 -0.000005 -1.243437 0.435936 0.819262
    24 3.859676 -0.132545 1.193110 0.519775 0.048729 -1.589310
    25 1.312559 -0.000004 -0.000001 -0.001721 -0.016487 -0.322232
    26 0.729365 -0.000002 -0.000001 -0.000278 0.006317 -1.047272
    27 3.942299 0.050347 0.431044 0.125342 -0.051528 -1.426276
    28 1.539106 0.000000 0.000001 -0.119992 0.277622 -0.734224
    29 1.196321 -0.000004 -0.000002 0.056320 0.110503 -1.427850
    30 3.883663 -0.050304 -0.431042 -0.091919 -0.016657 -1.132258
    31 1.719582 0.000002 0.000006 -0.016124 0.020220 -1.062731
    32 1.209183 0.000002 0.000006 -0.037421 0.320621 -1.232387
    33 3.859837 -0.148918 -1.331282 -0.059013 0.286374 -0.036871
    34 1.719429 0.000008 0.000011 0.013438 -0.016402 -1.259747
    35 1.099665 0.000000 0.000006 -0.230651 0.131837 -0.087419
    36 0.806025 -0.359831 -1.318334 1.294972 0.543888 -0.655409
    37 1.789782 -0.000008 -0.000004 -0.002841 0.016457 0.213885
    38 1.207003 -0.000002 -0.000008 -0.002281 -0.000088 0.877653
    39 -4.928007 -11.752786 -8.309034 1.560998 0.008688 -3.142450
    40 0.028150 2.046865 -7.394535 -0.000007 0.000000 0.000000
    41 0.028148 5.078109 -12.500008 -0.000007 0.000000 0.000000
    42 0.028150 1.326164 -6.433592 -0.000007 0.000000 0.000000
    43 0.025025 1.444311 -3.791368 -0.000007 0.000000 0.000000
    44 11.093750 -8.562500 5.578125 -0.000007 0.000000 -0.000003
  time 35
    0 0.000000 -0.000006 0.000000 -1.570781 -1.391896 -1.570809
    1 -5.371094 0.969727 1.057617 1.596636 -1.286515 2.942963
    2 6.028145 0.000003 0.000002 0.144561 -1.202537 -2.513740
    3 11.692553 0.000081 -0.000005 -0.000003 0.000012 -0.367841
    4 11.481672 -0.000089 -0.000024 -0.178644 0.499746 0.212980
    5 3.859703 -0.142416 -1.191975 -0.481891 -0.078878 -1.661263
    6 1.312563 -0.000010 0.000004 -0.002601 0.039112 -0.675895
    7 0.729363 0.000000 0.000003 -0.006788 0.000392 -0.008718
    8 3.942329 0.046754 -0.431444 -0.119597 -0.202676 -1.456636
    9 1.539093 0.000006 -0.000006 0.004841 -0.049720 -0.468417
    10 1.196322 -0.000006 0.000003 0.005210 0.000368 -0.385561
    11 3.883690 -0.046784 0.431443 0.105531 -0.250832 -1.086781
    12 1.719582 -0.000010 0.000009 0.016486 -0.106799 -0.687850
    13 1.209181 -0.000006 0.000003 0.008515 0.010741 -0.700736
    14 3.859856 -0.137963 1.332466 0.359793 -0.259762 -0.987101
    15 1.719435 0.000000 -0.000005 0.012200 -0.121739 -0.585374
    16 1.099678 -0.000006 0.000003 0.009078 0.012743 -0.902352
    17 0.806042 -0.348929 1.321258 -1.379476 -0.521416 -0.611917
    18 1.789783 0.000000 -0.000008 -0.001500 -0.000167 -0.097641
    19 1.207001 0.000001 -0.000002 -0.000226 -0.000197 -0.024899
    20 -3.070313 -5.792969 -5.765625 -1.668474 1.286518 2.942953
    21 6.028141 0.000000 -0.000002 1.084457 0.792527 -1.100524
    22 11.692556 0.000000 -0.000002 -0.000002 0.000000 -1.397142
    23 11.481703 -0.000001 -0.000005 -1.246772 0.437775 0.817254
    24 3.859676 -0.132545 1.193110 0.519775 0.048729 -1.589310
    25 1.312559 -0.000004 -0.000001 -0.001721 -0.016487 -0.322232
    26 0.729365 -0.000002 -0.000001 -0.000278 0.006317 -1.047272
    27 3.942299 0.050347 0.431044 0.125342 -0.051528 -1.426276
    28 1.539106 0.000000 0.000001 -0.119992 0.277622 -0.734224
    29 1.196321 -0.000004 -0.000002 0.056320 0.110503 -1.427850
    30 3.883663 -0.050304 -0.431042 -0.091919 -0.016657 -1.132258
    31 1.719582 0.000002 0.000006 -0.016124 0.020220 -1.062731
    32 1.209183 0.000002 0.000006 -0.037421 0.320621 -1.232387
    33 3.859837 -0.148918 -1.331282 -0.059013 0.286374 -0.036871
    34 1.719429 0.000008 0.000011 0.013438 -0.016402 -1.259747
    35 1.099665 0.000000 0.000006 -0.230651 0.131837 -0.087419
    36 0.806025 -0.359831 -1.318334 1.294972 0.543888 -0.655409
    37 1.789782 -0.000008 -0.000004 -0.002841 0.016457 0.213885
    38 1.207003 -0.000002 -0.000008 -0.002281 -0.000088 0.877653
    39 -4.928007 -11.752786 -8.309034 1.563234 0.005855 -3.142450
    40 0.028150 2.046865 -7.394535 -0.000007 0.000000 0.000000
    41 0.028148 5.078109 -12.500008 -0.000007 0.000000 0.000000
    42 0.028150 1.326164 -6.433592 -0.000007 0.000000 0.000000
    43 0.025025 1.444311 -3.791368 -0.000007 0.000000 0.000000
    44 11.093750 -8.562500 5.578125 -0.000007 0.000000 -0.000003
  time 36
    0 0.000000 -0.000006 0.000000 -1.570781 -1.391896 -1.570809
    1 -5.371094 0.969727 1.057617 1.596636 -1.286515 2.942963
    2 6.028145 0.000003 0.000002 0.140061 -1.203192 -2.509033
    3 11.692553 0.000081 -0.000005 -0.000003 0.000012 -0.372556
    4 11.481672 -0.000089 -0.000024 -0.180251 0.498612 0.212123
    5 3.859703 -0.142416 -1.191975 -0.481891 -0.078878 -1.661263
    6 1.312563 -0.000010 0.000004 -0.002601 0.039112 -0.675895
    7 0.729363 0.000000 0.000003 -0.006788 0.000392 -0.008718
    8 3.942329 0.046754 -0.431444 -0.119597 -0.202676 -1.456636
    9 1.539093 0.000006 -0.000006 0.004841 -0.049720 -0.468417
    10 1.196322 -0.000006 0.000003 0.005210 0.000368 -0.385561
    11 3.883690 -0.046784 0.431443 0.105531 -0.250832 -1.086781
    12 1.719582 -0.000010 0.000009 0.016486 -0.106799 -0.687850
    13 1.209181 -0.000006 0.000003 0.008515 0.010741 -0.700736
    14 3.859856 -0.137963 1.332466 0.359793 -0.259762 -0.987101
    15 1.719435 0.000000 -0.000005 0.012200 -0.121739 -0.585374
    16 1.099678 -0.000006 0.000003 0.009078 0.012743 -0.902352
    17 0.806042 -0.348929 1.321258 -1.379476 -0.521416 -0.611917
    18 1.789783 0.000000 -0.000008 -0.001500 -0.000167 -0.097641
    19 1.207001 0.000001 -0.000002 -0.000226 -0.000197 -0.024899
    20 -3.070313 -5.792969 -5.765625 -1.668474 1.286518 2.942953
    21 6.028141 0.000000 -0.000002 1.084385 0.792332 -1.100524
    22 11.692556 0.000000 -0.000002 -0.000002 0.000000 -1.397487
    23 11.481703 -0.000001 -0.000005 -1.250166 0.439792 0.815041
    24 3.859676 -0.132545 1.193110 0.519775 0.048729 -1.589310
    25 1.312559 -0.000004 -0.000001 -0.001721 -0.016487 -0.322232
    26 0.729365 -0.000002 -0.000001 -0.000278 0.006317 -1.047272
    27 3.942299 0.050347 0.431044 0.125342 -0.051528 -1.426276
    28 1.539106 0.000000 0.000001 -0.119992 0.277622 -0.734224
    29 1.196321 -0.000004 -0.000002 0.056320 0.110503 -1.427850
    30 3.883663 -0.050304 -0.431042 -0.091919 -0.016657 -1.132258
    31 1.719582 0.000002 0.000006 -0.016124 0.020220 -1.062731
    32 1.209183 0.000002 0.000006 -0.037421 0.320621 -1.232387
    33 3.859837 -0.148918 -1.331282 -0.059013 0.286374 -0.036871
    34 1.719429 0.000008 0.000011 0.013438 -0.016402 -1.259747
    35 1.099665 0.000000 0.000006 -0.230651 0.131837 -0.087419
    36 0.806025 -0.359831 -1.318334 1.294972 0.543888 -0.655409
    37 1.789782 -0.000008 -0.000004 -0.002841 0.016457 0.213885
    38 1.207003 -0.000002 -0.000008 -0.002281 -0.000088 0.877653
    39 -4.924101 -11.748880 -8.309034 1.565746 0.003083 -3.142450
    40 0.028150 2.046865 -7.394535 -0.000007 0.000000 0.000000
    41 0.028148 5.078109 -12.500008 -0.000007 0.000000 0.000000
    42 0.028150 1.326164 -6.433592 -0.000007 0.000000 0.000000
    43 0.025025 1.444311 -3.791368 -0.000007 0.000000 0.000000
    44 11.093750 -8.562500 5.578125 -0.000007 0.000000 -0.000003
  time 37
    0 0.000000 -0.000006 0.000000 -1.570781 -1.391896 -1.570809
    1 -5.371094 0.969727 1.057617 1.596636 -1.286515 2.942963
    2 6.028145 0.000003 0.000002 0.135097 -1.203846 -2.503885
    3 11.692553 0.000081 -0.000005 -0.000003 0.000012 -0.377763
    4 11.481672 -0.000089 -0.000024 -0.181679 0.497441 0.211694
    5 3.859703 -0.142416 -1.191975 -0.481891 -0.078878 -1.661263
    6 1.312563 -0.000010 0.000004 -0.002601 0.039112 -0.675895
    7 0.729363 0.000000 0.000003 -0.006788 0.000392 -0.008718
    8 3.942329 0.046754 -0.431444 -0.119597 -0.202676 -1.456636
    9 1.539093 0.000006 -0.000006 0.004841 -0.049720 -0.468417
    10 1.196322 -0.000006 0.000003 0.005210 0.000368 -0.385561
    11 3.883690 -0.046784 0.431443 0.105531 -0.250832 -1.086781
    12 1.719582 -0.000010 0.000009 0.016486 -0.106799 -0.687850
    13 1.209181 -0.000006 0.000003 0.008515 0.010741 -0.700736
    14 3.859856 -0.137963 1.332466 0.359793 -0.259762 -0.987101
    15 1.719435 0.000000 -0.000005 0.012200 -0.121739 -0.585374
    16 1.099678 -0.000006 0.000003 0.009078 0.012743 -0.902352
    17 0.806042 -0.348929 1.321258 -1.379476 -0.521416 -0.611917
    18 1.789783 0.000000 -0.000008 -0.001500 -0.000167 -0.097641
    19 1.207001 0.000001 -0.000002 -0.000226 -0.000197 -0.024899
    20 -3.070313 -5.792969 -5.765625 -1.668474 1.286518 2.942953
    21 6.028141 0.000000 -0.000002 1.084241 0.792007 -1.100468
    22 11.692556 0.000000 -0.000002 -0.000002 0.000000 -1.397947
    23 11.481703 -0.000001 -0.000005 -1.253385 0.441835 0.812794
    24 3.859676 -0.132545 1.193110 0.519775 0.048729 -1.589310
    25 1.312559 -0.000004 -0.000001 -0.001721 -0.016487 -0.322232
    26 0.729365 -0.000002 -0.000001 -0.000278 0.006317 -1.047272
    27 3.942299 0.050347 0.431044 0.125342 -0.051528 -1.426276
    28 1.539106 0.000000 0.000001 -0.119992 0.277622 -0.734224
    29 1.196321 -0.000004 -0.000002 0.056320 0.110503 -1.427850
    30 3.883663 -0.050304 -0.431042 -0.091919 -0.016657 -1.132258
    31 1.719582 0.000002 0.000006 -0.016124 0.020220 -1.062731
    32 1.209183 0.000002 0.000006 -0.037421 0.320621 -1.232387
    33 3.859837 -0.148918 -1.331282 -0.059013 0.286374 -0.036871
    34 1.719429 0.000008 0.000011 0.013438 -0.016402 -1.259747
    35 1.099665 0.000000 0.000006 -0.230651 0.131837 -0.087419
    36 0.806025 -0.359831 -1.318334 1.294972 0.543888 -0.655409
    37 1.789782 -0.000008 -0.000004 -0.002841 0.016457 0.213885
    38 1.207003 -0.000002 -0.000008 -0.002281 -0.000088 0.877653
    39 -4.924101 -11.744974 -8.309034 1.568319 0.000499 -3.142450
    40 0.028150 2.046865 -7.394535 -0.000007 0.000000 0.000000
    41 0.028148 5.078109 -12.500008 -0.000007 0.000000 0.000000
    42 0.028150 1.326164 -6.433592 -0.000007 0.000000 0.000000
    43 0.025025 1.444311 -3.791368 -0.000007 0.000000 0.000000
    44 11.093750 -8.562500 5.578125 -0.000007 0.000000 -0.000003
  time 38
    0 0.000000 -0.000006 0.000000 -1.570781 -1.391896 -1.570809
    1 -5.371094 0.969727 1.057617 1.596636 -1.286515 2.942963
    2 6.028145 0.000003 0.000002 0.129934 -1.204457 -2.498442
    3 11.692553 0.000081 -0.000005 -0.000003 0.000012 -0.383110
    4 11.481672 -0.000089 -0.000024 -0.182751 0.496343 0.211694
    5 3.859703 -0.142416 -1.191975 -0.481891 -0.078878 -1.661263
    6 1.312563 -0.000010 0.000004 -0.002601 0.039112 -0.675895
    7 0.729363 0.000000 0.000003 -0.006788 0.000392 -0.008718
    8 3.942329 0.046754 -0.431444 -0.119597 -0.202676 -1.456636
    9 1.539093 0.000006 -0.000006 0.004841 -0.049720 -0.468417
    10 1.196322 -0.000006 0.000003 0.005210 0.000368 -0.385561
    11 3.883690 -0.046784 0.431443 0.105531 -0.250832 -1.086781
    12 1.719582 -0.000010 0.000009 0.016486 -0.106799 -0.687850
    13 1.209181 -0.000006 0.000003 0.008515 0.010741 -0.700736
    14 3.859856 -0.137963 1.332466 0.359793 -0.259762 -0.987101
    15 1.719435 0.000000 -0.000005 0.012200 -0.121739 -0.585374
    16 1.099678 -0.000006 0.000003 0.009078 0.012743 -0.902352
    17 0.806042 -0.348929 1.321258 -1.379476 -0.521416 -0.611917
    18 1.789783 0.000000 -0.000008 -0.001500 -0.000167 -0.097641
    19 1.207001 0.000001 -0.000002 -0.000226 -0.000197 -0.024899
    20 -3.070313 -5.792969 -5.765625 -1.668474 1.286518 2.942953
    21 6.028141 0.000000 -0.000002 1.084097 0.791583 -1.100411
    22 11.692556 0.000000 -0.000002 -0.000002 0.000000 -1.398579
    23 11.481703 -0.000001 -0.000005 -1.256252 0.443750 0.810616
    24 3.859676 -0.132545 1.193110 0.519775 0.048729 -1.589310
    25 1.312559 -0.000004 -0.000001 -0.001721 -0.016487 -0.322232
    26 0.729365 -0.000002 -0.000001 -0.000278 0.006317 -1.047272
    27 3.942299 0.050347 0.431044 0.125342 -0.051528 -1.426276
    28 1.539106 0.000000 0.000001 -0.119992 0.277622 -0.734224
    29 1.196321 -0.000004 -0.000002 0.056320 0.110503 -1.427850
    30 3.883663 -0.050304 -0.431042 -0.091919 -0.016657 -1.132258
    31 1.719582 0.000002 0.000006 -0.016124 0.020220 -1.062731
    32 1.209183 0.000002 0.000006 -0.037421 0.320621 -1.232387
    33 3.859837 -0.148918 -1.331282 -0.059013 0.286374 -0.036871
    34 1.719429 0.000008 0.000011 0.013438 -0.016402 -1.259747
    35 1.099665 0.000000 0.000006 -0.230651 0.131837 -0.087419
    36 0.806025 -0.359831 -1.318334 1.294972 0.543888 -0.655409
    37 1.789782 -0.000008 -0.000004 -0.002841 0.016457 0.213885
    38 1.207003 -0.000002 -0.000008 -0.002281 -0.000088 0.877653
    39 -4.924101 -11.737161 -8.309034 1.570831 -0.001712 -3.142378
    40 0.028150 2.046865 -7.394535 -0.000007 0.000000 0.000000
    41 0.028148 5.078109 -12.500008 -0.000007 0.000000 0.000000
    42 0.028150 1.326164 -6.433592 -0.000007 0.000000 0.000000
    43 0.025025 1.444311 -3.791368 -0.000007 0.000000 0.000000
    44 11.093750 -8.562500 5.578125 -0.000007 0.000000 -0.000003
  time 39
    0 0.000000 -0.000006 0.000000 -1.570781 -1.391896 -1.570809
    1 -5.371094 0.969727 1.057617 1.596636 -1.286515 2.942963
    2 6.028145 0.000003 0.000002 0.124705 -1.204980 -2.493000
    3 11.692553 0.000081 -0.000005 -0.000003 0.000012 -0.388388
    4 11.481672 -0.000089 -0.000024 -0.183465 0.495319 0.212171
    5 3.859703 -0.142416 -1.191975 -0.481891 -0.078878 -1.661263
    6 1.312563 -0.000010 0.000004 -0.002601 0.039112 -0.675895
    7 0.729363 0.000000 0.000003 -0.006788 0.000392 -0.008718
    8 3.942329 0.046754 -0.431444 -0.119597 -0.202676 -1.456636
    9 1.539093 0.000006 -0.000006 0.004841 -0.049720 -0.468417
    10 1.196322 -0.000006 0.000003 0.005210 0.000368 -0.385561
    11 3.883690 -0.046784 0.431443 0.105531 -0.250832 -1.086781
    12 1.719582 -0.000010 0.000009 0.016486 -0.106799 -0.687850
    13 1.209181 -0.000006 0.000003 0.008515 0.010741 -0.700736
    14 3.859856 -0.137963 1.332466 0.359793 -0.259762 -0.987101
    15 1.719435 0.000000 -0.000005 0.012200 -0.121739 -0.585374
    16 1.099678 -0.000006 0.000003 0.009078 0.012743 -0.902352
    17 0.806042 -0.348929 1.321258 -1.379476 -0.521416 -0.611917
    18 1.789783 0.000000 -0.000008 -0.001500 -0.000167 -0.097641
    19 1.207001 0.000001 -0.000002 -0.000226 -0.000197 -0.024899
    20 -3.070313 -5.792969 -5.765625 -1.668474 1.286518 2.942953
    21 6.028141 0.000000 -0.000002 1.084025 0.791128 -1.100354
    22 11.692556 0.000000 -0.000002 -0.000002 0.000000 -1.399212
    23 11.481703 -0.000001 -0.000005 -1.258592 0.445486 0.808710
    24 3.859676 -0.132545 1.193110 0.519775 0.048729 -1.589310
    25 1.312559 -0.000004 -0.000001 -0.001721 -0.016487 -0.322232
    26 0.729365 -0.000002 -0.000001 -0.000278 0.006317 -1.047272
    27 3.942299 0.050347 0.431044 0.125342 -0.051528 -1.426276
    28 1.539106 0.000000 0.000001 -0.119992 0.277622 -0.734224
    29 1.196321 -0.000004 -0.000002 0.056320 0.110503 -1.427850
    30 3.883663 -0.050304 -0.431042 -0.091919 -0.016657 -1.132258
    31 1.719582 0.000002 0.000006 -0.016124 0.020220 -1.062731
    32 1.209183 0.000002 0.000006 -0.037421 0.320621 -1.232387
    33 3.859837 -0.148918 -1.331282 -0.059013 0.286374 -0.036871
    34 1.719429 0.000008 0.000011 0.013438 -0.016402 -1.259747
    35 1.099665 0.000000 0.000006 -0.230651 0.131837 -0.087419
    36 0.806025 -0.359831 -1.318334 1.294972 0.543888 -0.655409
    37 1.789782 -0.000008 -0.000004 -0.002841 0.016457 0.213885
    38 1.207003 -0.000002 -0.000008 -0.002281 -0.000088 0.877653
    39 -4.924101 -11.733254 -8.312940 1.573036 -0.003456 -3.142305
    40 0.028150 2.046865 -7.394535 -0.000007 0.000000 0.000000
    41 0.028148 5.078109 -12.500008 -0.000007 0.000000 0.000000
    42 0.028150 1.326164 -6.433592 -0.000007 0.000000 0.000000
    43 0.025025 1.444311 -3.791368 -0.000007 0.000000 0.000000
    44 11.093750 -8.562500 5.578125 -0.000007 0.000000 -0.000003
  time 40
    0 0.000000 -0.000006 0.000000 -1.570781 -1.391896 -1.570809
    1 -5.371094 0.969727 1.057617 1.596636 -1.286515 2.942963
    2 6.028145 0.000003 0.000002 0.119808 -1.205416 -2.487851
    3 11.692553 0.000081 -0.000005 -0.000003 0.000012 -0.393243
    4 11.481672 -0.000089 -0.000024 -0.183733 0.494514 0.213171
    5 3.859703 -0.142416 -1.191975 -0.481891 -0.078878 -1.661263
    6 1.312563 -0.000010 0.000004 -0.002601 0.039112 -0.675895
    7 0.729363 0.000000 0.000003 -0.006788 0.000392 -0.008718
    8 3.942329 0.046754 -0.431444 -0.119597 -0.202676 -1.456636
    9 1.539093 0.000006 -0.000006 0.004841 -0.049720 -0.468417
    10 1.196322 -0.000006 0.000003 0.005210 0.000368 -0.385561
    11 3.883690 -0.046784 0.431443 0.105531 -0.250832 -1.086781
    12 1.719582 -0.000010 0.000009 0.016486 -0.106799 -0.687850
    13 1.209181 -0.000006 0.000003 0.008515 0.010741 -0.700736
    14 3.859856 -0.137963 1.332466 0.359793 -0.259762 -0.987101
    15 1.719435 0.000000 -0.000005 0.012200 -0.121739 -0.585374
    16 1.099678 -0.000006 0.000003 0.009078 0.012743 -0.902352
    17 0.806042 -0.348929 1.321258 -1.379476 -0.521416 -0.611917
    18 1.789783 0.000000 -0.000008 -0.001500 -0.000167 -0.097641
    19 1.207001 0.000001 -0.000002 -0.000226 -0.000197 -0.024899
    20 -3.070313 -5.792969 -5.765625 -1.668474 1.286518 2.942953
    21 6.028141 0.000000 -0.000002 1.083881 0.790640 -1.100241
    22 11.692556 0.000000 -0.000002 -0.000002 0.000000 -1.399902
    23 11.481703 -0.000001 -0.000005 -1.260172 0.446865 0.807212
    24 3.859676 -0.132545 1.193110 0.519775 0.048729 -1.589310
    25 1.312559 -0.000004 -0.000001 -0.001721 -0.016487 -0.322232
    26 0.729365 -0.000002 -0.000001 -0.000278 0.006317 -1.047272
    27 3.942299 0.050347 0.431044 0.125342 -0.051528 -1.426276
    28 1.539106 0.000000 0.000001 -0.119992 0.277622 -0.734224
    29 1.196321 -0.000004 -0.000002 0.056320 0.110503 -1.427850
    30 3.883663 -0.050304 -0.431042 -0.091919 -0.016657 -1.132258
    31 1.719582 0.000002 0.000006 -0.016124 0.020220 -1.062731
    32 1.209183 0.000002 0.000006 -0.037421 0.320621 -1.232387
    33 3.859837 -0.148918 -1.331282 -0.059013 0.286374 -0.036871
    34 1.719429 0.000008 0.000011 0.013438 -0.016402 -1.259747
    35 1.099665 0.000000 0.000006 -0.230651 0.131837 -0.087419
    36 0.806025 -0.359831 -1.318334 1.294972 0.543888 -0.655409
    37 1.789782 -0.000008 -0.000004 -0.002841 0.016457 0.213885
    38 1.207003 -0.000002 -0.000008 -0.002281 -0.000088 0.877653
    39 -4.920195 -11.725442 -8.312940 1.574843 -0.004608 -3.142232
    40 0.028150 2.046865 -7.394535 -0.000007 0.000000 0.000000
    41 0.028148 5.078109 -12.500008 -0.000007 0.000000 0.000000
    42 0.028150 1.326164 -6.433592 -0.000007 0.000000 0.000000
    43 0.025025 1.444311 -3.791368 -0.000007 0.000000 0.000000
    44 11.093750 -8.562500 5.578125 -0.000007 0.000000 -0.000003
  time 41
    0 0.000000 -0.000006 0.000000 -1.570781 -1.391896 -1.570809
    1 -5.371094 0.969727 1.057617 1.596636 -1.286515 2.942963
    2 6.028145 0.000003 0.000002 0.115439 -1.205722 -2.483144
    3 11.692553 0.000081 -0.000005 -0.000003 0.000012 -0.397465
    4 11.481672 -0.000089 -0.000024 -0.183554 0.493965 0.214647
    5 3.859703 -0.142416 -1.191975 -0.481891 -0.078878 -1.661263
    6 1.312563 -0.000010 0.000004 -0.002601 0.039112 -0.675895
    7 0.729363 0.000000 0.000003 -0.006788 0.000392 -0.008718
    8 3.942329 0.046754 -0.431444 -0.119597 -0.202676 -1.456636
    9 1.539093 0.000006 -0.000006 0.004841 -0.049720 -0.468417
    10 1.196322 -0.000006 0.000003 0.005210 0.000368 -0.385561
    11 3.883690 -0.046784 0.431443 0.105531 -0.250832 -1.086781
    12 1.719582 -0.000010 0.000009 0.016486 -0.106799 -0.687850
    13 1.209181 -0.000006 0.000003 0.008515 0.010741 -0.700736
    14 3.859856 -0.137963 1.332466 0.359793 -0.259762 -0.987101
    15 1.719435 0.000000 -0.000005 0.012200 -0.121739 -0.585374
    16 1.099678 -0.000006 0.000003 0.009078 0.012743 -0.902352
    17 0.806042 -0.348929 1.321258 -1.379476 -0.521416 -0.611917
    18 1.789783 0.000000 -0.000008 -0.001500 -0.000167 -0.097641
    19 1.207001 0.000001 -0.000002 -0.000226 -0.000197 -0.024899
    20 -3.070313 -5.792969 -5.765625 -1.668474 1.286518 2.942953
    21 6.028141 0.000000 -0.000002 1.083809 0.790119 -1.100127
    22 11.692556 0.000000 -0.000002 -0.000002 0.000000 -1.400649
    23 11.481703 -0.000001 -0.000005 -1.260875 0.447784 0.806293
    24 3.859676 -0.132545 1.193110 0.519775 0.048729 -1.589310
    25 1.312559 -0.000004 -0.000001 -0.001721 -0.016487 -0.322232
    26 0.729365 -0.000002 -0.000001 -0.000278 0.006317 -1.047272
    27 3.942299 0.050347 0.431044 0.125342 -0.051528 -1.426276
    28 1.539106 0.000000 0.000001 -0.119992 0.277622 -0.734224
    29 1.196321 -0.000004 -0.000002 0.056320 0.110503 -1.427850
    30 3.883663 -0.050304 -0.431042 -0.091919 -0.016657 -1.132258
    31 1.719582 0.000002 0.000006 -0.016124 0.020220 -1.062731
    32 1.209183 0.000002 0.000006 -0.037421 0.320621 -1.232387
    33 3.859837 -0.148918 -1.331282 -0.059013 0.286374 -0.036871
    34 1.719429 0.000008 0.000011 0.013438 -0.016402 -1.259747
    35 1.099665 0.000000 0.000006 -0.230651 0.131837 -0.087419
    36 0.806025 -0.359831 -1.318334 1.294972 0.543888 -0.655409
    37 1.789782 -0.000008 -0.000004 -0.002841 0.016457 0.213885
    38 1.207003 -0.000002 -0.000008 -0.002281 -0.000088 0.877653
    39 -4.920195 -11.717629 -8.312940 1.576068 -0.005044 -3.142160
    40 0.028150 2.046865 -7.394535 -0.000007 0.000000 0.000000
    41 0.028148 5.078109 -12.500008 -0.000007 0.000000 0.000000
    42 0.028150 1.326164 -6.433592 -0.000007 0.000000 0.000000
    43 0.025025 1.444311 -3.791368 -0.000007 0.000000 0.000000
    44 11.093750 -8.562500 5.578125 -0.000007 0.000000 -0.000003
  time 42
    0 0.000000 -0.000006 0.000000 -1.570781 -1.391896 -1.570809
    1 -5.371094 0.969727 1.057617 1.596636 -1.286515 2.942963
    2 6.028145 0.000003 0.000002 0.111534 -1.205853 -2.478952
    3 11.692553 0.000081 -0.000005 -0.000003 0.000012 -0.400842
    4 11.481672 -0.000089 -0.000024 -0.183197 0.493709 0.216409
    5 3.859703 -0.142416 -1.191975 -0.481891 -0.078878 -1.661263
    6 1.312563 -0.000010 0.000004 -0.002601 0.039112 -0.675895
    7 0.729363 0.000000 0.000003 -0.006788 0.000392 -0.008718
    8 3.942329 0.046754 -0.431444 -0.119597 -0.202676 -1.456636
    9 1.539093 0.000006 -0.000006 0.004841 -0.049720 -0.468417
    10 1.196322 -0.000006 0.000003 0.005210 0.000368 -0.385561
    11 3.883690 -0.046784 0.431443 0.105531 -0.250832 -1.086781
    12 1.719582 -0.000010 0.000009 0.016486 -0.106799 -0.687850
    13 1.209181 -0.000006 0.000003 0.008515 0.010741 -0.700736
    14 3.859856 -0.137963 1.332466 0.359793 -0.259762 -0.987101
    15 1.719435 0.000000 -0.000005 0.012200 -0.121739 -0.585374
    16 1.099678 -0.000006 0.000003 0.009078 0.012743 -0.902352
    17 0.806042 -0.348929 1.321258 -1.379476 -0.521416 -0.611917
    18 1.789783 0.000000 -0.000008 -0.001500 -0.000167 -0.097641
    19 1.207001 0.000001 -0.000002 -0.000226 -0.000197 -0.024899
    20 -3.070313 -5.792969 -5.765625 -1.668474 1.286518 2.942953
    21 6.028141 0.000000 -0.000002 1.083665 0.789598 -1.100014
    22 11.692556 0.000000 -0.000002 -0.000002 0.000000 -1.401397
    23 11.481703 -0.000001 -0.000005 -1.260816 0.448167 0.806122
    24 3.859676 -0.132545 1.193110 0.519775 0.048729 -1.589310
    25 1.312559 -0.000004 -0.000001 -0.001721 -0.016487 -0.322232
    26 0.729365 -0.000002 -0.000001 -0.000278 0.006317 -1.047272
    27 3.942299 0.050347 0.431044 0.125342 -0.051528 -1.426276
    28 1.539106 0.000000 0.000001 -0.119992 0.277622 -0.734224
    29 1.196321 -0.000004 -0.000002 0.056320 0.110503 -1.427850
    30 3.883663 -0.050304 -0.431042 -0.091919 -0.016657 -1.132258
    31 1.719582 0.000002 0.000006 -0.016124 0.020220 -1.062731
    32 1.209183 0.000002 0.000006 -0.037421 0.320621 -1.232387
    33 3.859837 -0.148918 -1.331282 -0.059013 0.286374 -0.036871
    34 1.719429 0.000008 0.000011 0.013438 -0.016402 -1.259747
    35 1.099665 0.000000 0.000006 -0.230651 0.131837 -0.087419
    36 0.806025 -0.359831 -1.318334 1.294972 0.543888 -0.655409
    37 1.789782 -0.000008 -0.000004 -0.002841 0.016457 0.213885
    38 1.207003 -0.000002 -0.000008 -0.002281 -0.000088 0.877653
    39 -4.920195 -11.709816 -8.316846 1.576497 -0.004857 -3.142087
    40 0.028150 2.046865 -7.394535 -0.000007 0.000000 0.000000
    41 0.028148 5.078109 -12.500008 -0.000007 0.000000 0.000000
    42 0.028150 1.326164 -6.433592 -0.000007 0.000000 0.000000
    43 0.025025 1.444311 -3.791368 -0.000007 0.000000 0.000000
    44 11.093750 -8.562500 5.578125 -0.000007 0.000000 -0.000003
  time 43
    0 0.000000 -0.000006 0.000000 -1.570781 -1.391896 -1.570809
    1 -5.371094 0.969727 1.057617 1.596636 -1.286515 2.942963
    2 6.028145 0.000003 0.000002 0.107894 -1.205896 -2.475054
    3 11.692553 0.000081 -0.000005 -0.000003 0.000012 -0.403516
    4 11.481672 -0.000089 -0.000024 -0.182840 0.493709 0.218314
    5 3.859703 -0.142416 -1.191975 -0.481891 -0.078878 -1.661263
    6 1.312563 -0.000010 0.000004 -0.002601 0.039112 -0.675895
    7 0.729363 0.000000 0.000003 -0.006788 0.000392 -0.008718
    8 3.942329 0.046754 -0.431444 -0.119597 -0.202676 -1.456636
    9 1.539093 0.000006 -0.000006 0.004841 -0.049720 -0.468417
    10 1.196322 -0.000006 0.000003 0.005210 0.000368 -0.385561
    11 3.883690 -0.046784 0.431443 0.105531 -0.250832 -1.086781
    12 1.719582 -0.000010 0.000009 0.016486 -0.106799 -0.687850
    13 1.209181 -0.000006 0.000003 0.008515 0.010741 -0.700736
    14 3.859856 -0.137963 1.332466 0.359793 -0.259762 -0.987101
    15 1.719435 0.000000 -0.000005 0.012200 -0.121739 -0.585374
    16 1.099678 -0.000006 0.000003 0.009078 0.012743 -0.902352
    17 0.806042 -0.348929 1.321258 -1.379476 -0.521416 -0.611917
    18 1.789783 0.000000 -0.000008 -0.001500 -0.000167 -0.097641
    19 1.207001 0.000001 -0.000002 -0.000226 -0.000197 -0.024899
    20 -3.070313 -5.792969 -5.765625 -1.668474 1.286518 2.942953
    21 6.028141 0.000000 -0.000002 1.083593 0.789142 -1.099900
    22 11.692556 0.000000 -0.000002 -0.000002 0.000000 -1.402144
    23 11.481703 -0.000001 -0.000005 -1.260231 0.448091 0.806633
    24 3.859676 -0.132545 1.193110 0.519775 0.048729 -1.589310
    25 1.312559 -0.000004 -0.000001 -0.001721 -0.016487 -0.322232
    26 0.729365 -0.000002 -0.000001 -0.000278 0.006317 -1.047272
    27 3.942299 0.050347 0.431044 0.125342 -0.051528 -1.426276
    28 1.539106 0.000000 0.000001 -0.119992 0.277622 -0.734224
    29 1.196321 -0.000004 -0.000002 0.056320 0.110503 -1.427850
    30 3.883663 -0.050304 -0.431042 -0.091919 -0.016657 -1.132258
    31 1.719582 0.000002 0.000006 -0.016124 0.020220 -1.062731
    32 1.209183 0.000002 0.000006 -0.037421 0.320621 -1.232387
    33 3.859837 -0.148918 -1.331282 -0.059013 0.286374 -0.036871
    34 1.719429 0.000008 0.000011 0.013438 -0.016402 -1.259747
    35 1.099665 0.000000 0.000006 -0.230651 0.131837 -0.087419
    36 0.806025 -0.359831 -1.318334 1.294972 0.543888 -0.655409
    37 1.789782 -0.000008 -0.000004 -0.002841 0.016457 0.213885
    38 1.207003 -0.000002 -0.000008 -0.002281 -0.000088 0.877653
    39 -4.920195 -11.705910 -8.316846 1.576252 -0.004390 -3.142015
    40 0.028150 2.046865 -7.394535 -0.000007 0.000000 0.000000
    41 0.028148 5.078109 -12.500008 -0.000007 0.000000 0.000000
    42 0.028150 1.326164 -6.433592 -0.000007 0.000000 0.000000
    43 0.025025 1.444311 -3.791368 -0.000007 0.000000 0.000000
    44 11.093750 -8.562500 5.578125 -0.000007 0.000000 -0.000003
  time 44
    0 0.000000 -0.000006 0.000000 -1.570781 -1.391896 -1.570809
    1 -5.371094 0.969727 1.057617 1.596636 -1.286515 2.942963
    2 6.028145 0.000003 0.000002 0.104585 -1.205809 -2.471450
    3 11.692553 0.000081 -0.000005 -0.000003 0.000012 -0.405768
    4 11.481672 -0.000089 -0.000024 -0.182483 0.493819 0.220267
    5 3.859703 -0.142416 -1.191975 -0.481891 -0.078878 -1.661263
    6 1.312563 -0.000010 0.000004 -0.002601 0.039112 -0.675895
    7 0.729363 0.000000 0.000003 -0.006788 0.000392 -0.008718
    8 3.942329 0.046754 -0.431444 -0.119597 -0.202676 -1.456636
    9 1.539093 0.000006 -0.000006 0.004841 -0.049720 -0.468417
    10 1.196322 -0.000006 0.000003 0.005210 0.000368 -0.385561
    11 3.883690 -0.046784 0.431443 0.105531 -0.250832 -1.086781
    12 1.719582 -0.000010 0.000009 0.016486 -0.106799 -0.687850
    13 1.209181 -0.000006 0.000003 0.008515 0.010741 -0.700736
    14 3.859856 -0.137963 1.332466 0.359793 -0.259762 -0.987101
    15 1.719435 0.000000 -0.000005 0.012200 -0.121739 -0.585374
    16 1.099678 -0.000006 0.000003 0.009078 0.012743 -0.902352
    17 0.806042 -0.348929 1.321258 -1.379476 -0.521416 -0.611917
    18 1.789783 0.000000 -0.000008 -0.001500 -0.000167 -0.097641
    19 1.207001 0.000001 -0.000002 -0.000226 -0.000197 -0.024899
    20 -3.070313 -5.792969 -5.765625 -1.668474 1.286518 2.942953
    21 6.028141 0.000000 -0.000002 1.083521 0.788687 -1.099787
    22 11.692556 0.000000 -0.000002 -0.000002 0.000000 -1.402834
    23 11.481703 -0.000001 -0.000005 -1.259412 0.447759 0.807518
    24 3.859676 -0.132545 1.193110 0.519775 0.048729 -1.589310
    25 1.312559 -0.000004 -0.000001 -0.001721 -0.016487 -0.322232
    26 0.729365 -0.000002 -0.000001 -0.000278 0.006317 -1.047272
    27 3.942299 0.050347 0.431044 0.125342 -0.051528 -1.426276
    28 1.539106 0.000000 0.000001 -0.119992 0.277622 -0.734224
    29 1.196321 -0.000004 -0.000002 0.056320 0.110503 -1.427850
    30 3.883663 -0.050304 -0.431042 -0.091919 -0.016657 -1.132258
    31 1.719582 0.000002 0.000006 -0.016124 0.020220 -1.062731
    32 1.209183 0.000002 0.000006 -0.037421 0.320621 -1.232387
    33 3.859837 -0.148918 -1.331282 -0.059013 0.286374 -0.036871
    34 1.719429 0.000008 0.000011 0.013438 -0.016402 -1.259747
    35 1.099665 0.000000 0.000006 -0.230651 0.131837 -0.087419
    36 0.806025 -0.359831 -1.318334 1.294972 0.543888 -0.655409
    37 1.789782 -0.000008 -0.000004 -0.002841 0.016457 0.213885
    38 1.207003 -0.000002 -0.000008 -0.002281 -0.000088 0.877653
    39 -4.920195 -11.698097 -8.316846 1.575609 -0.003736 -3.141942
    40 0.028150 2.046865 -7.394535 -0.000007 0.000000 0.000000
    41 0.028148 5.078109 -12.500008 -0.000007 0.000000 0.000000
    42 0.028150 1.326164 -6.433592 -0.000007 0.000000 0.000000
    43 0.025025 1.444311 -3.791368 -0.000007 0.000000 0.000000
    44 11.093750 -8.562500 5.578125 -0.000007 0.000000 -0.000003
  time 45
    0 0.000000 -0.000006 0.000000 -1.570781 -1.391896 -1.570809
    1 -5.371094 0.969727 1.057617 1.596636 -1.286515 2.942963
    2 6.028145 0.000003 0.000002 0.101672 -1.205722 -2.468214
    3 11.692553 0.000081 -0.000005 -0.000003 0.000012 -0.407527
    4 11.481672 -0.000089 -0.000024 -0.182126 0.494038 0.222124
    5 3.859703 -0.142416 -1.191975 -0.481891 -0.078878 -1.661263
    6 1.312563 -0.000010 0.000004 -0.002601 0.039112 -0.675895
    7 0.729363 0.000000 0.000003 -0.006788 0.000392 -0.008718
    8 3.942329 0.046754 -0.431444 -0.119597 -0.202676 -1.456636
    9 1.539093 0.000006 -0.000006 0.004841 -0.049720 -0.468417
    10 1.196322 -0.000006 0.000003 0.005210 0.000368 -0.385561
    11 3.883690 -0.046784 0.431443 0.105531 -0.250832 -1.086781
    12 1.719582 -0.000010 0.000009 0.016486 -0.106799 -0.687850
    13 1.209181 -0.000006 0.000003 0.008515 0.010741 -0.700736
    14 3.859856 -0.137963 1.332466 0.359793 -0.259762 -0.987101
    15 1.719435 0.000000 -0.000005 0.012200 -0.121739 -0.585374
    16 1.099678 -0.000006 0.000003 0.009078 0.012743 -0.902352
    17 0.806042 -0.348929 1.321258 -1.379476 -0.521416 -0.611917
    18 1.789783 0.000000 -0.000008 -0.001500 -0.000167 -0.097641
    19 1.207001 0.000001 -0.000002 -0.000226 -0.000197 -0.024899
    20 -3.070313 -5.792969 -5.765625 -1.668474 1.286518 2.942953
    21 6.028141 0.000000 -0.000002 1.083449 0.788264 -1.099673
    22 11.692556 0.000000 -0.000002 -0.000002 0.000000 -1.403524
    23 11.481703 -0.000001 -0.000005 -1.258300 0.447248 0.808641
    24 3.859676 -0.132545 1.193110 0.519775 0.048729 -1.589310
    25 1.312559 -0.000004 -0.000001 -0.001721 -0.016487 -0.322232
    26 0.729365 -0.000002 -0.000001 -0.000278 0.006317 -1.047272
    27 3.942299 0.050347 0.431044 0.125342 -0.051528 -1.426276
    28 1.539106 0.000000 0.000001 -0.119992 0.277622 -0.734224
    29 1.196321 -0.000004 -0.000002 0.056320 0.110503 -1.427850
    30 3.883663 -0.050304 -0.431042 -0.091919 -0.016657 -1.132258
    31 1.719582 0.000002 0.000006 -0.016124 0.020220 -1.062731
    32 1.209183 0.000002 0.000006 -0.037421 0.320621 -1.232387
    33 3.859837 -0.148918 -1.331282 -0.059013 0.286374 -0.036871
    34 1.719429 0.000008 0.000011 0.013438 -0.016402 -1.259747
    35 1.099665 0.000000 0.000006 -0.230651 0.131837 -0.087419
    36 0.806025 -0.359831 -1.318334 1.294972 0.543888 -0.655409
    37 1.789782 -0.000008 -0.000004 -0.002841 0.016457 0.213885
    38 1.207003 -0.000002 -0.000008 -0.002281 -0.000088 0.877653
    39 -4.916288 -11.690284 -8.320753 1.574690 -0.002927 -3.141797
    40 0.028150 2.046865 -7.394535 -0.000007 0.000000 0.000000
    41 0.028148 5.078109 -12.500008 -0.000007 0.000000 0.000000
    42 0.028150 1.326164 -6.433592 -0.000007 0.000000 0.000000
    43 0.025025 1.444311 -3.791368 -0.000007 0.000000 0.000000
    44 11.093750 -8.562500 5.578125 -0.000007 0.000000 -0.000003
  time 46
    0 0.000000 -0.000006 0.000000 -1.570781 -1.391896 -1.570809
    1 -5.371094 0.969727 1.057617 1.596636 -1.286515 2.942963
    2 6.028145 0.000003 0.000002 0.099091 -1.205591 -2.465345
    3 11.692553 0.000081 -0.000005 -0.000003 0.000012 -0.408934
    4 11.481672 -0.000089 -0.000024 -0.181858 0.494331 0.223886
    5 3.859703 -0.142416 -1.191975 -0.481891 -0.078878 -1.661263
    6 1.312563 -0.000010 0.000004 -0.002601 0.039112 -0.675895
    7 0.729363 0.000000 0.000003 -0.006788 0.000392 -0.008718
    8 3.942329 0.046754 -0.431444 -0.119597 -0.202676 -1.456636
    9 1.539093 0.000006 -0.000006 0.004841 -0.049720 -0.468417
    10 1.196322 -0.000006 0.000003 0.005210 0.000368 -0.385561
    11 3.883690 -0.046784 0.431443 0.105531 -0.250832 -1.086781
    12 1.719582 -0.000010 0.000009 0.016486 -0.106799 -0.687850
    13 1.209181 -0.000006 0.000003 0.008515 0.010741 -0.700736
    14 3.859856 -0.137963 1.332466 0.359793 -0.259762 -0.987101
    15 1.719435 0.000000 -0.000005 0.012200 -0.121739 -0.585374
    16 1.099678 -0.000006 0.000003 0.009078 0.012743 -0.902352
    17 0.806042 -0.348929 1.321258 -1.379476 -0.521416 -0.611917
    18 1.789783 0.000000 -0.000008 -0.001500 -0.000167 -0.097641
    19 1.207001 0.000001 -0.000002 -0.000226 -0.000197 -0.024899
    20 -3.070313 -5.792969 -5.765625 -1.668474 1.286518 2.942953
    21 6.028141 0.000000 -0.000002 1.083449 0.787906 -1.099560
    22 11.692556 0.000000 -0.000002 -0.000002 0.000000 -1.404156
    23 11.481703 -0.000001 -0.000005 -1.257188 0.446635 0.809901
    24 3.859676 -0.132545 1.193110 0.519775 0.048729 -1.589310
    25 1.312559 -0.000004 -0.000001 -0.001721 -0.016487 -0.322232
    26 0.729365 -0.000002 -0.000001 -0.000278 0.006317 -1.047272
    27 3.942299 0.050347 0.431044 0.125342 -0.051528 -1.426276
    28 1.539106 0.000000 0.000001 -0.119992 0.277622 -0.734224
    29 1.196321 -0.000004 -0.000002 0.056320 0.110503 -1.427850
    30 3.883663 -0.050304 -0.431042 -0.091919 -0.016657 -1.132258
    31 1.719582 0.000002 0.000006 -0.016124 0.020220 -1.062731
    32 1.209183 0.000002 0.000006 -0.037421 0.320621 -1.232387
    33 3.859837 -0.148918 -1.331282 -0.059013 0.286374 -0.036871
    34 1.719429 0.000008 0.000011 0.013438 -0.016402 -1.259747
    35 1.099665 0.000000 0.000006 -0.230651 0.131837 -0.087419
    36 0.806025 -0.359831 -1.318334 1.294972 0.543888 -0.655409
    37 1.789782 -0.000008 -0.000004 -0.002841 0.016457 0.213885
    38 1.207003 -0.000002 -0.000008 -0.002281 -0.000088 0.877653
    39 -4.916288 -11.686378 -8.320753 1.573649 -0.002117 -3.141725
    40 0.028150 2.046865 -7.394535 -0.000007 0.000000 0.000000
    41 0.028148 5.078109 -12.500008 -0.000007 0.000000 0.000000
    42 0.028150 1.326164 -6.433592 -0.000007 0.000000 0.000000
    43 0.025025 1.444311 -3.791368 -0.000007 0.000000 0.000000
    44 11.093750 -8.562500 5.578125 -0.000007 0.000000 -0.000003
  time 47
    0 0.000000 -0.000006 0.000000 -1.570781 -1.391896 -1.570809
    1 -5.371094 0.969727 1.057617 1.596636 -1.286515 2.942963
    2 6.028145 0.000003 0.000002 0.096973 -1.205460 -2.462992
    3 11.692553 0.000081 -0.000005 -0.000003 0.000012 -0.409990
    4 11.481672 -0.000089 -0.000024 -0.181501 0.494587 0.225410
    5 3.859703 -0.142416 -1.191975 -0.481891 -0.078878 -1.661263
    6 1.312563 -0.000010 0.000004 -0.002601 0.039112 -0.675895
    7 0.729363 0.000000 0.000003 -0.006788 0.000392 -0.008718
    8 3.942329 0.046754 -0.431444 -0.119597 -0.202676 -1.456636
    9 1.539093 0.000006 -0.000006 0.004841 -0.049720 -0.468417
    10 1.196322 -0.000006 0.000003 0.005210 0.000368 -0.385561
    11 3.883690 -0.046784 0.431443 0.105531 -0.250832 -1.086781
    12 1.719582 -0.000010 0.000009 0.016486 -0.106799 -0.687850
    13 1.209181 -0.000006 0.000003 0.008515 0.010741 -0.700736
    14 3.859856 -0.137963 1.332466 0.359793 -0.259762 -0.987101
    15 1.719435 0.000000 -0.000005 0.012200 -0.121739 -0.585374
    16 1.099678 -0.000006 0.000003 0.009078 0.012743 -0.902352
    17 0.806042 -0.348929 1.321258 -1.379476 -0.521416 -0.611917
    18 1.789783 0.000000 -0.000008 -0.001500 -0.000167 -0.097641
    19 1.207001 0.000001 -0.000002 -0.000226 -0.000197 -0.024899
    20 -3.070313 -5.792969 -5.765625 -1.668474 1.286518 2.942953
    21 6.028141 0.000000 -0.000002 1.083377 0.787613 -1.099503
    22 11.692556 0.000000 -0.000002 -0.000002 0.000000 -1.404731
    23 11.481703 -0.000001 -0.000005 -1.256135 0.445997 0.811092
    24 3.859676 -0.132545 1.193110 0.519775 0.048729 -1.589310
    25 1.312559 -0.000004 -0.000001 -0.001721 -0.016487 -0.322232
    26 0.729365 -0.000002 -0.000001 -0.000278 0.006317 -1.047272
    27 3.942299 0.050347 0.431044 0.125342 -0.051528 -1.426276
    28 1.539106 0.000000 0.000001 -0.119992 0.277622 -0.734224
    29 1.196321 -0.000004 -0.000002 0.056320 0.110503 -1.427850
    30 3.883663 -0.050304 -0.431042 -0.091919 -0.016657 -1.132258
    31 1.719582 0.000002 0.000006 -0.016124 0.020220 -1.062731
    32 1.209183 0.000002 0.000006 -0.037421 0.320621 -1.232387
    33 3.859837 -0.148918 -1.331282 -0.059013 0.286374 -0.036871
    34 1.719429 0.000008 0.000011 0.013438 -0.016402 -1.259747
    35 1.099665 0.000000 0.000006 -0.230651 0.131837 -0.087419
    36 0.806025 -0.359831 -1.318334 1.294972 0.543888 -0.655409
    37 1.789782 -0.000008 -0.000004 -0.002841 0.016457 0.213885
    38 1.207003 -0.000002 -0.000008 -0.002281 -0.000088 0.877653
    39 -4.916288 -11.682472 -8.320753 1.572607 -0.001307 -3.141725
    40 0.028150 2.046865 -7.394535 -0.000007 0.000000 0.000000
    41 0.028148 5.078109 -12.500008 -0.000007 0.000000 0.000000
    42 0.028150 1.326164 -6.433592 -0.000007 0.000000 0.000000
    43 0.025025 1.444311 -3.791368 -0.000007 0.000000 0.000000
    44 11.093750 -8.562500 5.578125 -0.000007 0.000000 -0.000003
  time 48
    0 0.000000 -0.000006 0.000000 -1.570781 -1.391896 -1.570809
    1 -5.371094 0.969727 1.057617 1.596636 -1.286515 2.942963
    2 6.028145 0.000003 0.000002 0.095318 -1.205329 -2.461226
    3 11.692553 0.000081 -0.000005 -0.000003 0.000012 -0.410764
    4 11.481672 -0.000089 -0.000024 -0.181322 0.494843 0.226648
    5 3.859703 -0.142416 -1.191975 -0.481891 -0.078878 -1.661263
    6 1.312563 -0.000010 0.000004 -0.002601 0.039112 -0.675895
    7 0.729363 0.000000 0.000003 -0.006788 0.000392 -0.008718
    8 3.942329 0.046754 -0.431444 -0.119597 -0.202676 -1.456636
    9 1.539093 0.000006 -0.000006 0.004841 -0.049720 -0.468417
    10 1.196322 -0.000006 0.000003 0.005210 0.000368 -0.385561
    11 3.883690 -0.046784 0.431443 0.105531 -0.250832 -1.086781
    12 1.719582 -0.000010 0.000009 0.016486 -0.106799 -0.687850
    13 1.209181 -0.000006 0.000003 0.008515 0.010741 -0.700736
    14 3.859856 -0.137963 1.332466 0.359793 -0.259762 -0.987101
    15 1.719435 0.000000 -0.000005 0.012200 -0.121739 -0.585374
    16 1.099678 -0.000006 0.000003 0.009078 0.012743 -0.902352
    17 0.806042 -0.348929 1.321258 -1.379476 -0.521416 -0.611917
    18 1.789783 0.000000 -0.000008 -0.001500 -0.000167 -0.097641
    19 1.207001 0.000001 -0.000002 -0.000226 -0.000197 -0.024899
    20 -3.070313 -5.792969 -5.765625 -1.668474 1.286518 2.942953
    21 6.028141 0.000000 -0.000002 1.083377 0.787385 -1.099389
    22 11.692556 0.000000 -0.000002 -0.000002 0.000000 -1.405134
    23 11.481703 -0.000001 -0.000005 -1.255199 0.445435 0.812148
    24 3.859676 -0.132545 1.193110 0.519775 0.048729 -1.589310
    25 1.312559 -0.000004 -0.000001 -0.001721 -0.016487 -0.322232
    26 0.729365 -0.000002 -0.000001 -0.000278 0.006317 -1.047272
    27 3.942299 0.050347 0.431044 0.125342 -0.051528 -1.426276
    28 1.539106 0.000000 0.000001 -0.119992 0.277622 -0.734224
    29 1.196321 -0.000004 -0.000002 0.056320 0.110503 -1.427850
    30 3.883663 -0.050304 -0.431042 -0.091919 -0.016657 -1.132258
    31 1.719582 0.000002 0.000006 -0.016124 0.020220 -1.062731
    32 1.209183 0.000002 0.000006 -0.037421 0.320621 -1.232387
    33 3.859837 -0.148918 -1.331282 -0.059013 0.286374 -0.036871
    34 1.719429 0.000008 0.000011 0.013438 -0.016402 -1.259747
    35 1.099665 0.000000 0.000006 -0.230651 0.131837 -0.087419
    36 0.806025 -0.359831 -1.318334 1.294972 0.543888 -0.655409
    37 1.789782 -0.000008 -0.000004 -0.002841 0.016457 0.213885
    38 1.207003 -0.000002 -0.000008 -0.002281 -0.000088 0.877653
    39 -4.916288 -11.678565 -8.320753 1.571688 -0.000653 -3.141652
    40 0.028150 2.046865 -7.394535 -0.000007 0.000000 0.000000
    41 0.028148 5.078109 -12.500008 -0.000007 0.000000 0.000000
    42 0.028150 1.326164 -6.433592 -0.000007 0.000000 0.000000
    43 0.025025 1.444311 -3.791368 -0.000007 0.000000 0.000000
    44 11.093750 -8.562500 5.578125 -0.000007 0.000000 -0.000003
  time 49
    0 0.000000 -0.000006 0.000000 -1.570781 -1.391896 -1.570809
    1 -5.371094 0.969727 1.057617 1.596636 -1.286515 2.942963
    2 6.028145 0.000003 0.000002 0.094259 -1.205242 -2.459976
    3 11.692553 0.000081 -0.000005 -0.000003 0.000012 -0.411256
    4 11.481672 -0.000089 -0.000024 -0.181144 0.495026 0.227506
    5 3.859703 -0.142416 -1.191975 -0.481891 -0.078878 -1.661263
    6 1.312563 -0.000010 0.000004 -0.002601 0.039112 -0.675895
    7 0.729363 0.000000 0.000003 -0.006788 0.000392 -0.008718
    8 3.942329 0.046754 -0.431444 -0.119597 -0.202676 -1.456636
    9 1.539093 0.000006 -0.000006 0.004841 -0.049720 -0.468417
    10 1.196322 -0.000006 0.000003 0.005210 0.000368 -0.385561
    11 3.883690 -0.046784 0.431443 0.105531 -0.250832 -1.086781
    12 1.719582 -0.000010 0.000009 0.016486 -0.106799 -0.687850
    13 1.209181 -0.000006 0.000003 0.008515 0.010741 -0.700736
    14 3.859856 -0.137963 1.332466 0.359793 -0.259762 -0.987101
    15 1.719435 0.000000 -0.000005 0.012200 -0.121739 -0.585374
    16 1.099678 -0.000006 0.000003 0.009078 0.012743 -0.902352
    17 0.806042 -0.348929 1.321258 -1.379476 -0.521416 -0.611917
    18 1.789783 0.000000 -0.000008 -0.001500 -0.000167 -0.097641
    19 1.207001 0.000001 -0.000002 -0.000226 -0.000197 -0.024899
    20 -3.070313 -5.792969 -5.765625 -1.668474 1.286518 2.942953
    21 6.028141 0.000000 -0.000002 1.083377 0.787222 -1.099333
    22 11.692556 0.000000 -0.000002 -0.000002 0.000000 -1.405421
    23 11.481703 -0.000001 -0.000005 -1.254555 0.445027 0.812862
    24 3.859676 -0.132545 1.193110 0.519775 0.048729 -1.589310
    25 1.312559 -0.000004 -0.000001 -0.001721 -0.016487 -0.322232
    26 0.729365 -0.000002 -0.000001 -0.000278 0.006317 -1.047272
    27 3.942299 0.050347 0.431044 0.125342 -0.051528 -1.426276
    28 1.539106 0.000000 0.000001 -0.119992 0.277622 -0.734224
    29 1.196321 -0.000004 -0.000002 0.056320 0.110503 -1.427850
    30 3.883663 -0.050304 -0.431042 -0.091919 -0.016657 -1.132258
    31 1.719582 0.000002 0.000006 -0.016124 0.020220 -1.062731
    32 1.209183 0.000002 0.000006 -0.037421 0.320621 -1.232387
    33 3.859837 -0.148918 -1.331282 -0.059013 0.286374 -0.036871
    34 1.719429 0.000008 0.000011 0.013438 -0.016402 -1.259747
    35 1.099665 0.000000 0.000006 -0.230651 0.131837 -0.087419
    36 0.806025 -0.359831 -1.318334 1.294972 0.543888 -0.655409
    37 1.789782 -0.000008 -0.000004 -0.002841 0.016457 0.213885
    38 1.207003 -0.000002 -0.000008 -0.002281 -0.000088 0.877653
    39 -4.916288 -11.674659 -8.324659 1.571045 -0.000186 -3.141580
    40 0.028150 2.046865 -7.394535 -0.000007 0.000000 0.000000
    41 0.028148 5.078109 -12.500008 -0.000007 0.000000 0.000000
    42 0.028150 1.326164 -6.433592 -0.000007 0.000000 0.000000
    43 0.025025 1.444311 -3.791368 -0.000007 0.000000 0.000000
    44 11.093750 -8.562500 5.578125 -0.000007 0.000000 -0.000003
  time 50
    0 0.000000 -0.000006 0.000000 -1.570781 -1.391896 -1.570809
    1 -5.371094 0.969727 1.057617 1.596636 -1.286515 2.942963
    2 6.028145 0.000003 0.000002 0.093862 -1.205198 -2.459535
    3 11.692553 0.000081 -0.000005 -0.000003 0.000012 -0.411397
    4 11.481672 -0.000089 -0.000024 -0.181055 0.495099 0.227791
    5 3.859703 -0.142416 -1.191975 -0.481891 -0.078878 -1.661263
    6 1.312563 -0.000010 0.000004 -0.002601 0.039112 -0.675895
    7 0.729363 0.000000 0.000003 -0.006788 0.000392 -0.008718
    8 3.942329 0.046754 -0.431444 -0.119597 -0.202676 -1.456636
    9 1.539093 0.000006 -0.000006 0.004841 -0.049720 -0.468417
    10 1.196322 -0.000006 0.000003 0.005210 0.000368 -0.385561
    11 3.883690 -0.046784 0.431443 0.105531 -0.250832 -1.086781
    12 1.719582 -0.000010 0.000009 0.016486 -0.106799 -0.687850
    13 1.209181 -0.000006 0.000003 0.008515 0.010741 -0.700736
    14 3.859856 -0.137963 1.332466 0.359793 -0.259762 -0.987101
    15 1.719435 0.000000 -0.000005 0.012200 -0.121739 -0.585374
    16 1.099678 -0.000006 0.000003 0.009078 0.012743 -0.902352
    17 0.806042 -0.348929 1.321258 -1.379476 -0.521416 -0.611917
    18 1.789783 0.000000 -0.000008 -0.001500 -0.000167 -0.097641
    19 1.207001 0.000001 -0.000002 -0.000226 -0.000197 -0.024899
    20 -3.070313 -5.792969 -5.765625 -1.668474 1.286518 2.942953
    21 6.028141 0.000000 -0.000002 1.083377 0.787157 -1.099333
    22 11.692556 0.000000 -0.000002 -0.000002 0.000000 -1.405536
    23 11.481703 -0.000001 -0.000005 -1.254321 0.444873 0.813135
    24 3.859676 -0.132545 1.193110 0.519775 0.048729 -1.589310
    25 1.312559 -0.000004 -0.000001 -0.001721 -0.016487 -0.322232
    26 0.729365 -0.000002 -0.000001 -0.000278 0.006317 -1.047272
    27 3.942299 0.050347 0.431044 0.125342 -0.051528 -1.426276
    28 1.539106 0.000000 0.000001 -0.119992 0.277622 -0.734224
    29 1.196321 -0.000004 -0.000002 0.056320 0.110503 -1.427850
    30 3.883663 -0.050304 -0.431042 -0.091919 -0.016657 -1.132258
    31 1.719582 0.000002 0.000006 -0.016124 0.020220 -1.062731
    32 1.209183 0.000002 0.000006 -0.037421 0.320621 -1.232387
    33 3.859837 -0.148918 -1.331282 -0.059013 0.286374 -0.036871
    34 1.719429 0.000008 0.000011 0.013438 -0.016402 -1.259747
    35 1.099665 0.000000 0.000006 -0.230651 0.131837 -0.087419
    36 0.806025 -0.359831 -1.318334 1.294972 0.543888 -0.655409
    37 1.789782 -0.000008 -0.000004 -0.002841 0.016457 0.213885
    38 1.207003 -0.000002 -0.000008 -0.002281 -0.000088 0.877653
    39 -4.916288 -11.674659 -8.324659 1.570831 -0.000031 -3.141580
    40 0.028150 2.046865 -7.394535 -0.000007 0.000000 0.000000
    41 0.028148 5.078109 -12.500008 -0.000007 0.000000 0.000000
    42 0.028150 1.326164 -6.433592 -0.000007 0.000000 0.000000
    43 0.025025 1.444311 -3.791368 -0.000007 0.000000 0.000000
    44 11.093750 -8.562500 5.578125 -0.000007 0.000000 -0.000003
end
