// Created by Crowbar++ 0.74
version 1
nodes
  0 "ValveBiped.Bip01_Spine4" -1
  1 "ValveBiped.Bip01_L_Clavicle" 0
  2 "ValveBiped.Bip01_L_UpperArm" 1
  3 "ValveBiped.Bip01_L_Forearm" 2
  4 "ValveBiped.Bip01_L_Hand" 3
  5 "ValveBiped.Bip01_L_Finger4" 4
  6 "ValveBiped.Bip01_L_Finger41" 5
  7 "ValveBiped.Bip01_L_Finger42" 6
  8 "ValveBiped.Bip01_L_Finger3" 4
  9 "ValveBiped.Bip01_L_Finger31" 8
  10 "ValveBiped.Bip01_L_Finger32" 9
  11 "ValveBiped.Bip01_L_Finger2" 4
  12 "ValveBiped.Bip01_L_Finger21" 11
  13 "ValveBiped.Bip01_L_Finger22" 12
  14 "ValveBiped.Bip01_L_Finger1" 4
  15 "ValveBiped.Bip01_L_Finger11" 14
  16 "ValveBiped.Bip01_L_Finger12" 15
  17 "ValveBiped.Bip01_L_Finger0" 4
  18 "ValveBiped.Bip01_L_Finger01" 17
  19 "ValveBiped.Bip01_L_Finger02" 18
  20 "ValveBiped.Bip01_R_Clavicle" 0
  21 "ValveBiped.Bip01_R_UpperArm" 20
  22 "ValveBiped.Bip01_R_Forearm" 21
  23 "ValveBiped.Bip01_R_Hand" 22
  24 "ValveBiped.Bip01_R_Finger4" 23
  25 "ValveBiped.Bip01_R_Finger41" 24
  26 "ValveBiped.Bip01_R_Finger42" 25
  27 "ValveBiped.Bip01_R_Finger3" 23
  28 "ValveBiped.Bip01_R_Finger31" 27
  29 "ValveBiped.Bip01_R_Finger32" 28
  30 "ValveBiped.Bip01_R_Finger2" 23
  31 "ValveBiped.Bip01_R_Finger21" 30
  32 "ValveBiped.Bip01_R_Finger22" 31
  33 "ValveBiped.Bip01_R_Finger1" 23
  34 "ValveBiped.Bip01_R_Finger11" 33
  35 "ValveBiped.Bip01_R_Finger12" 34
  36 "ValveBiped.Bip01_R_Finger0" 23
  37 "ValveBiped.Bip01_R_Finger01" 36
  38 "ValveBiped.Bip01_R_Finger02" 37
  39 "v_weapon.sg552_Parent" -1
  40 "v_weapon.sg552_Trigger" 39
  41 "v_weapon.sg552_Release" 39
  42 "v_weapon.sg552_Clip" 39
  43 "v_weapon.sg552_Chamber" 39
  44 "v_weapon.sg552_Clip2" -1
end
skeleton
  time 0
    0 0.000000 -0.000006 0.000000 -1.570781 -1.391896 -1.570809
    1 -6.904425 13.020665 0.015726 1.596636 -1.286515 2.942963
    2 6.028145 0.000003 0.000002 -0.093897 -1.082914 -2.406407
    3 11.692553 0.000081 -0.000005 -0.000003 0.000024 -0.630130
    4 11.481672 -0.000089 -0.000024 0.017541 0.419451 0.424974
    5 3.859699 -0.142417 -1.191975 -0.485848 -0.147466 -1.342333
    6 1.312563 -0.000008 0.000005 0.002481 -0.017273 -0.831495
    7 0.729362 -0.000008 0.000001 0.002877 0.000045 -0.501699
    8 3.942329 0.046753 -0.431444 -0.173232 -0.144510 -1.239429
    9 1.539093 0.000006 -0.000007 0.013828 -0.067551 -0.840509
    10 1.196322 -0.000008 0.000002 0.006497 -0.004286 -0.280945
    11 3.883690 -0.046783 0.431443 0.017602 -0.125132 -0.782672
    12 1.719580 -0.000010 0.000009 0.044669 -0.096055 -1.206477
    13 1.209183 -0.000004 0.000003 0.011661 0.002420 -0.381695
    14 3.859856 -0.137962 1.332466 0.290539 -0.176151 -0.719730
    15 1.719433 0.000002 -0.000004 0.044723 -0.108145 -1.102626
    16 1.099676 -0.000006 0.000003 0.014063 0.001840 -0.412324
    17 0.966203 -0.473933 1.211880 -1.291994 -0.666762 -0.671933
    18 1.789782 0.000002 -0.000006 -0.000338 0.004364 -0.121085
    19 1.206999 -0.000001 -0.000002 -0.000310 0.000263 0.039752
    20 -0.221558 -2.662109 -5.308594 -1.668474 1.286518 2.942953
    21 6.028141 0.000000 -0.000002 1.249363 0.771895 -1.241463
    22 11.692554 0.000000 -0.000003 -0.000002 0.000000 -0.935167
    23 11.481705 -0.000001 -0.000004 -1.283136 0.585851 0.519811
    24 4.003906 -0.205811 0.920898 0.499449 0.024964 -1.213607
    25 1.312565 -0.000004 -0.000002 0.002647 -0.000003 0.000662
    26 0.729366 -0.000004 0.000000 0.000000 0.002340 -1.574072
    27 4.222656 -0.111389 0.298096 0.146084 0.138555 -1.218293
    28 1.539104 0.000000 0.000001 0.021591 0.038691 -0.274898
    29 1.196322 0.000002 -0.000003 0.423018 0.188641 -2.054833
    30 3.883663 -0.050303 -0.431042 -0.048581 0.146519 -0.770215
    31 1.719584 0.000002 0.000006 -0.012269 0.089737 -0.735530
    32 1.209187 0.000004 0.000006 -0.004385 -0.003177 -1.490430
    33 3.859837 -0.148918 -1.331282 -0.321407 0.389554 -0.535029
    34 1.719431 0.000004 0.000013 0.007830 0.063159 -0.159722
    35 1.099665 0.000000 0.000007 -0.007433 -0.004262 -0.357454
    36 0.873535 -0.422119 -1.297852 1.277698 0.356538 -0.669644
    37 1.789785 -0.000006 -0.000010 -0.000498 -0.000088 -0.108780
    38 1.206999 -0.000001 -0.000008 -0.000493 -0.000238 0.720590
    39 -7.966885 -21.775742 -11.822129 1.570757 0.000000 -3.141597
    40 -0.000002 3.287109 -0.573233 0.000000 0.000000 0.000000
    41 -0.000002 2.156256 -2.244137 0.000000 0.000000 0.000000
    42 -0.000003 2.917979 -4.039055 0.000000 0.000000 0.000000
    43 -0.097351 5.335948 -3.376940 0.000000 0.000000 0.000000
    44 -27.960276 -5.814957 -8.904310 1.570757 0.000000 -3.141621
  time 1
    0 0.000000 -0.000006 0.000000 -1.570781 -1.391896 -1.570809
    1 -6.923957 12.993320 0.039165 1.596636 -1.286515 2.942963
    2 6.028145 0.000003 0.000002 -0.103557 -1.081449 -2.397152
    3 11.692553 0.000081 -0.000005 -0.000003 0.000024 -0.640062
    4 11.481672 -0.000089 -0.000024 0.029685 0.412505 0.436287
    5 3.859699 -0.142417 -1.191975 -0.491726 -0.109319 -1.280345
    6 1.312563 -0.000008 0.000005 0.001798 -0.015583 -0.774834
    7 0.729362 -0.000008 0.000001 0.002578 -0.000003 -0.458712
    8 3.942329 0.046753 -0.431444 -0.176264 -0.119366 -1.179083
    9 1.539093 0.000006 -0.000007 0.010113 -0.061367 -0.763630
    10 1.196322 -0.000008 0.000002 0.005825 -0.003842 -0.280051
    11 3.883690 -0.046783 0.431443 0.022707 -0.110319 -0.746433
    12 1.719580 -0.000010 0.000009 0.035860 -0.088445 -1.105302
    13 1.209183 -0.000004 0.000003 0.010499 0.002312 -0.348137
    14 3.859856 -0.137962 1.332466 0.294818 -0.167199 -0.684815
    15 1.719433 0.000002 -0.000004 0.035818 -0.099144 -1.011007
    16 1.099676 -0.000006 0.000003 0.012649 0.001708 -0.378461
    17 0.966203 -0.473933 1.211880 -1.283142 -0.685214 -0.687712
    18 1.789782 0.000002 -0.000006 -0.000218 0.003874 -0.120844
    19 1.206999 -0.000001 -0.000002 -0.000274 0.000251 0.029163
    20 -0.221558 -2.662109 -5.308594 -1.668474 1.286518 2.942953
    21 6.028141 0.000000 -0.000002 1.250698 0.771219 -1.240325
    22 11.692554 0.000000 -0.000003 -0.000002 0.000000 -0.937044
    23 11.481705 -0.000001 -0.000004 -1.280360 0.583540 0.519885
    24 4.003906 -0.205811 0.920898 0.499449 0.024964 -1.213607
    25 1.312565 -0.000004 -0.000002 0.002647 -0.000003 0.000662
    26 0.729366 -0.000004 0.000000 0.000000 0.002340 -1.574072
    27 4.222656 -0.111389 0.298096 0.146084 0.138555 -1.218293
    28 1.539104 0.000000 0.000001 0.021591 0.038691 -0.274898
    29 1.196322 0.000002 -0.000003 0.423018 0.188641 -2.054833
    30 3.883663 -0.050303 -0.431042 -0.048581 0.146519 -0.770215
    31 1.719584 0.000002 0.000006 -0.012269 0.089737 -0.735530
    32 1.209187 0.000004 0.000006 -0.004385 -0.003177 -1.490430
    33 3.859837 -0.148918 -1.331282 -0.321407 0.389554 -0.535029
    34 1.719431 0.000004 0.000013 0.007830 0.063159 -0.159722
    35 1.099665 0.000000 0.000007 -0.007433 -0.004262 -0.357454
    36 0.873535 -0.422119 -1.297852 1.277698 0.356538 -0.669644
    37 1.789785 -0.000006 -0.000010 -0.000498 -0.000088 -0.108780
    38 1.206999 -0.000001 -0.000008 -0.000493 -0.000238 0.720590
    39 -7.970791 -21.771835 -11.806504 1.572152 0.003417 -3.140785
    40 -0.000002 3.287109 -0.573233 0.000000 0.000000 0.000000
    41 -0.000002 2.156256 -2.244137 0.000000 0.000000 0.000000
    42 -0.000003 2.917979 -4.039055 0.000000 0.000000 0.000000
    43 -0.097351 5.335948 -3.376940 0.000000 0.000000 0.000000
    44 -27.987621 -5.822770 -8.978531 1.572168 0.003422 -3.140855
  time 2
    0 0.000000 -0.000006 0.000000 -1.570781 -1.391896 -1.570809
    1 -6.966927 12.923006 0.101666 1.596636 -1.286515 2.942963
    2 6.028145 0.000003 0.000002 -0.130300 -1.077094 -2.371774
    3 11.692553 0.000081 -0.000005 -0.000003 0.000024 -0.667824
    4 11.481672 -0.000089 -0.000024 0.064394 0.392134 0.467467
    5 3.859699 -0.142417 -1.191975 -0.496025 -0.015995 -1.131618
    6 1.312563 -0.000008 0.000005 0.000527 -0.011400 -0.638391
    7 0.729362 -0.000008 0.000001 0.001870 -0.000099 -0.355609
    8 3.942329 0.046753 -0.431444 -0.177259 -0.058269 -1.034220
    9 1.539093 0.000006 -0.000007 0.003174 -0.045308 -0.577166
    10 1.196322 -0.000008 0.000002 0.004207 -0.002787 -0.277948
    11 3.883690 -0.046783 0.431443 0.037077 -0.075612 -0.659452
    12 1.719580 -0.000010 0.000009 0.017859 -0.066298 -0.856969
    13 1.209183 -0.000004 0.000003 0.007706 0.002228 -0.267852
    14 3.859856 -0.137962 1.332466 0.306276 -0.146394 -0.601227
    15 1.719433 0.000002 -0.000004 0.017829 -0.074037 -0.787521
    16 1.099676 -0.000006 0.000003 0.009245 0.001588 -0.297538
    17 0.966203 -0.473933 1.211880 -1.259638 -0.728736 -0.727568
    18 1.789782 0.000002 -0.000006 0.000070 0.002753 -0.119249
    19 1.206999 -0.000001 -0.000002 -0.000166 0.000215 0.003925
    20 -0.221558 -2.662109 -5.308594 -1.668474 1.286518 2.942953
    21 6.028141 0.000000 -0.000002 1.254226 0.769388 -1.236912
    22 11.692554 0.000000 -0.000003 -0.000002 0.000000 -0.942414
    23 11.481705 -0.000001 -0.000004 -1.272456 0.577048 0.519959
    24 4.003906 -0.205811 0.920898 0.499449 0.024964 -1.213607
    25 1.312565 -0.000004 -0.000002 0.002647 -0.000003 0.000662
    26 0.729366 -0.000004 0.000000 0.000000 0.002340 -1.574072
    27 4.222656 -0.111389 0.298096 0.146084 0.138555 -1.218293
    28 1.539104 0.000000 0.000001 0.021591 0.038691 -0.274898
    29 1.196322 0.000002 -0.000003 0.423018 0.188641 -2.054833
    30 3.883663 -0.050303 -0.431042 -0.048581 0.146519 -0.770215
    31 1.719584 0.000002 0.000006 -0.012269 0.089737 -0.735530
    32 1.209187 0.000004 0.000006 -0.004385 -0.003177 -1.490430
    33 3.859837 -0.148918 -1.331282 -0.321407 0.389554 -0.535029
    34 1.719431 0.000004 0.000013 0.007830 0.063159 -0.159722
    35 1.099665 0.000000 0.000007 -0.007433 -0.004262 -0.357454
    36 0.873535 -0.422119 -1.297852 1.277698 0.356538 -0.669644
    37 1.789785 -0.000006 -0.000010 -0.000498 -0.000088 -0.108780
    38 1.206999 -0.000001 -0.000008 -0.000493 -0.000238 0.720590
    39 -7.982510 -21.764023 -11.759627 1.576265 0.013210 -3.138466
    40 -0.000002 3.287109 -0.573233 0.000000 0.000000 0.000000
    41 -0.000002 2.156256 -2.244137 0.000000 0.000000 0.000000
    42 -0.000003 2.917979 -4.039055 0.000000 0.000000 0.000000
    43 -0.097351 5.335948 -3.376940 0.000000 0.000000 0.000000
    44 -28.065748 -5.854021 -9.189475 1.576298 0.013214 -3.138460
  time 3
    0 0.000000 -0.000006 0.000000 -1.570781 -1.391896 -1.570809
    1 -7.041148 12.805815 0.199326 1.596636 -1.286515 2.942963
    2 6.028145 0.000003 0.000002 -0.170296 -1.069767 -2.333802
    3 11.692553 0.000081 -0.000005 -0.000003 0.000024 -0.710210
    4 11.481672 -0.000089 -0.000024 0.118969 0.358457 0.514008
    5 3.859699 -0.142417 -1.191975 -0.482762 0.095774 -0.952037
    6 1.312563 -0.000008 0.000005 -0.000216 -0.006199 -0.474540
    7 0.729362 -0.000008 0.000001 0.001008 -0.000111 -0.232089
    8 3.942329 0.046753 -0.431444 -0.166773 0.014478 -0.860208
    9 1.539093 0.000006 -0.000007 -0.001033 -0.024646 -0.352386
    10 1.196322 -0.000008 0.000002 0.002278 -0.001517 -0.275443
    11 3.883690 -0.046783 0.431443 0.058134 -0.035883 -0.554863
    12 1.719580 -0.000010 0.000009 0.004137 -0.034467 -0.555809
    13 1.209183 -0.000004 0.000003 0.004386 0.002420 -0.171862
    14 3.859856 -0.137962 1.332466 0.322215 -0.122820 -0.501195
    15 1.719433 0.000002 -0.000004 0.004179 -0.039245 -0.517644
    16 1.099676 -0.000006 0.000003 0.005170 0.001804 -0.200730
    17 0.966203 -0.473933 1.211880 -1.226665 -0.779531 -0.779929
    18 1.789782 0.000002 -0.000006 0.000429 0.001386 -0.114972
    19 1.206999 -0.000001 -0.000002 -0.000046 0.000167 -0.026197
    20 -0.221558 -2.662109 -5.308594 -1.668474 1.286518 2.942953
    21 6.028141 0.000000 -0.000002 1.259660 0.766484 -1.231793
    22 11.692554 0.000000 -0.000003 -0.000002 0.000000 -0.950502
    23 11.481705 -0.000001 -0.000004 -1.259966 0.567076 0.519848
    24 4.003906 -0.205811 0.920898 0.499449 0.024964 -1.213607
    25 1.312565 -0.000004 -0.000002 0.002647 -0.000003 0.000662
    26 0.729366 -0.000004 0.000000 0.000000 0.002340 -1.574072
    27 4.222656 -0.111389 0.298096 0.146084 0.138555 -1.218293
    28 1.539104 0.000000 0.000001 0.021591 0.038691 -0.274898
    29 1.196322 0.000002 -0.000003 0.423018 0.188641 -2.054833
    30 3.883663 -0.050303 -0.431042 -0.048581 0.146519 -0.770215
    31 1.719584 0.000002 0.000006 -0.012269 0.089737 -0.735530
    32 1.209187 0.000004 0.000006 -0.004385 -0.003177 -1.490430
    33 3.859837 -0.148918 -1.331282 -0.321407 0.389554 -0.535029
    34 1.719431 0.000004 0.000013 0.007830 0.063159 -0.159722
    35 1.099665 0.000000 0.000007 -0.007433 -0.004262 -0.357454
    36 0.873535 -0.422119 -1.297852 1.277698 0.356538 -0.669644
    37 1.789785 -0.000006 -0.000010 -0.000498 -0.000088 -0.108780
    38 1.206999 -0.000001 -0.000008 -0.000493 -0.000238 0.720590
    39 -8.002042 -21.756210 -11.681500 1.582949 0.028588 -3.134755
    40 -0.000002 3.287109 -0.573233 0.000000 0.000000 0.000000
    41 -0.000002 2.156256 -2.244137 0.000000 0.000000 0.000000
    42 -0.000003 2.917979 -4.039055 0.000000 0.000000 0.000000
    43 -0.097351 5.335948 -3.376940 0.000000 0.000000 0.000000
    44 -28.179033 -5.900898 -9.529329 1.582937 0.028591 -3.134724
  time 4
    0 0.000000 -0.000006 0.000000 -1.570781 -1.391896 -1.570809
    1 -7.142713 12.653466 0.332142 1.596636 -1.286515 2.942963
    2 6.028145 0.000003 0.000002 -0.218434 -1.059510 -2.288580
    3 11.692553 0.000081 -0.000005 -0.000015 0.000024 -0.762763
    4 11.481672 -0.000089 -0.000024 0.190787 0.311161 0.569930
    5 3.859699 -0.142417 -1.191975 -0.456322 0.185550 -0.799733
    6 1.312563 -0.000008 0.000005 -0.000180 -0.001813 -0.338008
    7 0.729362 -0.000008 0.000001 0.000288 -0.000051 -0.128898
    8 3.942329 0.046753 -0.431444 -0.148508 0.072878 -0.714497
    9 1.539093 0.000006 -0.000007 -0.000973 -0.007149 -0.166087
    10 1.196322 -0.000008 0.000002 0.000672 -0.000450 -0.273340
    11 3.883690 -0.046783 0.431443 0.078831 -0.004507 -0.466891
    12 1.719580 -0.000010 0.000009 0.000386 -0.006171 -0.308512
    13 1.209183 -0.000004 0.000003 0.001630 0.002827 -0.091577
    14 3.859856 -0.137962 1.332466 0.337271 -0.104388 -0.417497
    15 1.719433 0.000002 -0.000004 0.000260 -0.008613 -0.295382
    16 1.099676 -0.000006 0.000003 0.001803 0.002283 -0.119806
    17 0.966203 -0.473933 1.211880 -1.193873 -0.820602 -0.829185
    18 1.789782 0.000002 -0.000006 0.000717 0.000264 -0.106684
    19 1.206999 -0.000001 -0.000002 0.000050 0.000131 -0.051435
    20 -0.221558 -2.662109 -5.308594 -1.668474 1.286518 2.942953
    21 6.028141 0.000000 -0.000002 1.266430 0.762784 -1.225441
    22 11.692554 0.000000 -0.000003 -0.000002 0.000000 -0.960790
    23 11.481705 -0.000001 -0.000004 -1.243374 0.554326 0.519255
    24 4.003906 -0.205811 0.920898 0.499449 0.024964 -1.213607
    25 1.312565 -0.000004 -0.000002 0.002647 -0.000003 0.000662
    26 0.729366 -0.000004 0.000000 0.000000 0.002340 -1.574072
    27 4.222656 -0.111389 0.298096 0.146084 0.138555 -1.218293
    28 1.539104 0.000000 0.000001 0.021591 0.038691 -0.274898
    29 1.196322 0.000002 -0.000003 0.423018 0.188641 -2.054833
    30 3.883663 -0.050303 -0.431042 -0.048581 0.146519 -0.770215
    31 1.719584 0.000002 0.000006 -0.012269 0.089737 -0.735530
    32 1.209187 0.000004 0.000006 -0.004385 -0.003177 -1.490430
    33 3.859837 -0.148918 -1.331282 -0.321407 0.389554 -0.535029
    34 1.719431 0.000004 0.000013 0.007830 0.063159 -0.159722
    35 1.099665 0.000000 0.000007 -0.007433 -0.004262 -0.357454
    36 0.873535 -0.422119 -1.297852 1.277698 0.356538 -0.669644
    37 1.789785 -0.000006 -0.000010 -0.000498 -0.000088 -0.108780
    38 1.206999 -0.000001 -0.000008 -0.000493 -0.000238 0.720590
    39 -8.025480 -21.744491 -11.579934 1.592056 0.048882 -3.129884
    40 -0.000002 3.287109 -0.573233 0.000000 0.000000 0.000000
    41 -0.000002 2.156256 -2.244137 0.000000 0.000000 0.000000
    42 -0.000003 2.917979 -4.039055 0.000000 0.000000 0.000000
    43 -0.097351 5.335948 -3.376940 0.000000 0.000000 0.000000
    44 -28.311849 -5.959493 -9.978562 1.592033 0.048884 -3.129934
  time 5
    0 0.000000 -0.000006 0.000000 -1.570781 -1.391896 -1.570809
    1 -7.263811 12.462054 0.500116 1.596636 -1.286515 2.942963
    2 6.028145 0.000003 0.000002 -0.271283 -1.046445 -2.239350
    3 11.692553 0.000081 -0.000005 -0.000015 0.000024 -0.822980
    4 11.481672 -0.000089 -0.000024 0.277672 0.249855 0.629669
    5 3.859699 -0.142417 -1.191975 -0.441255 0.221216 -0.735431
    6 1.312563 -0.000008 0.000005 0.000000 -0.000003 -0.281348
    7 0.729362 -0.000008 0.000001 0.000001 -0.000003 -0.085941
    8 3.942329 0.046753 -0.431444 -0.138453 0.096153 -0.653714
    9 1.539093 0.000006 -0.000007 -0.000002 0.000006 -0.089414
    10 1.196322 -0.000008 0.000002 0.000001 -0.000007 -0.272446
    11 3.883690 -0.046783 0.431443 0.088263 0.008041 -0.430090
    12 1.719580 -0.000010 0.000009 0.000865 0.005454 -0.208125
    13 1.209183 -0.000004 0.000003 0.000479 0.003055 -0.058019
    14 3.859856 -0.137962 1.332466 0.344015 -0.097041 -0.382582
    15 1.719433 0.000002 -0.000004 0.000631 0.004031 -0.204636
    16 1.099676 -0.000006 0.000003 0.000413 0.002571 -0.085989
    17 0.966203 -0.473933 1.211880 -1.176786 -0.836584 -0.854250
    18 1.789782 0.000002 -0.000006 0.000837 -0.000205 -0.093081
    19 1.206999 -0.000001 -0.000002 0.000098 0.000095 -0.062024
    20 -0.221558 -2.662109 -5.308594 -1.668474 1.286518 2.942953
    21 6.028141 0.000000 -0.000002 1.274152 0.758447 -1.218142
    22 11.692554 0.000000 -0.000003 -0.000002 0.000000 -0.972567
    23 11.481705 -0.000001 -0.000004 -1.223221 0.539646 0.517959
    24 4.003906 -0.205811 0.920898 0.499449 0.024964 -1.213607
    25 1.312565 -0.000004 -0.000002 0.002647 -0.000003 0.000662
    26 0.729366 -0.000004 0.000000 0.000000 0.002340 -1.574072
    27 4.222656 -0.111389 0.298096 0.146084 0.138555 -1.218293
    28 1.539104 0.000000 0.000001 0.021591 0.038691 -0.274898
    29 1.196322 0.000002 -0.000003 0.423018 0.188641 -2.054833
    30 3.883663 -0.050303 -0.431042 -0.048581 0.146519 -0.770215
    31 1.719584 0.000002 0.000006 -0.012269 0.089737 -0.735530
    32 1.209187 0.000004 0.000006 -0.004385 -0.003177 -1.490430
    33 3.859837 -0.148918 -1.331282 -0.321407 0.389554 -0.535029
    34 1.719431 0.000004 0.000013 0.007830 0.063159 -0.159722
    35 1.099665 0.000000 0.000007 -0.007433 -0.004262 -0.357454
    36 0.873535 -0.422119 -1.297852 1.277698 0.356538 -0.669644
    37 1.789785 -0.000006 -0.000010 -0.000498 -0.000088 -0.108780
    38 1.206999 -0.000001 -0.000008 -0.000493 -0.000238 0.720590
    39 -8.052825 -21.728865 -11.458837 1.603366 0.073261 -3.124027
    40 -0.000002 3.287109 -0.573233 0.000000 0.000000 0.000000
    41 -0.000002 2.156256 -2.244137 0.000000 0.000000 0.000000
    42 -0.000003 2.917979 -4.039055 0.000000 0.000000 0.000000
    43 -0.097351 5.335948 -3.376940 0.000000 0.000000 0.000000
    44 -28.448572 -6.037621 -10.529360 1.603377 0.073267 -3.123995
  time 6
    0 0.000000 -0.000006 0.000000 -1.570781 -1.391896 -1.570809
    1 -7.408346 12.239391 0.691528 1.596636 -1.286515 2.942963
    2 6.028145 0.000003 0.000002 -0.325408 -1.031060 -2.189548
    3 11.692553 0.000081 -0.000005 -0.000015 0.000024 -0.887654
    4 11.481672 -0.000089 -0.000024 0.378051 0.174696 0.687201
    5 3.859699 -0.142417 -1.191975 -0.442174 0.219275 -0.739638
    6 1.312563 -0.000008 0.000005 0.000000 -0.000003 -0.285901
    7 0.729362 -0.000008 0.000001 0.000001 -0.000003 -0.090478
    8 3.942329 0.046753 -0.431444 -0.138885 0.095517 -0.658253
    9 1.539093 0.000006 -0.000007 -0.000002 0.000006 -0.093992
    10 1.196322 -0.000008 0.000002 0.000001 -0.000007 -0.276874
    11 3.883690 -0.046783 0.431443 0.088215 0.008436 -0.434616
    12 1.719580 -0.000010 0.000009 0.000841 0.005454 -0.212645
    13 1.209183 -0.000004 0.000003 0.000467 0.003055 -0.062506
    14 3.859856 -0.137962 1.332466 0.344434 -0.095507 -0.386857
    15 1.719433 0.000002 -0.000004 0.000619 0.004031 -0.209179
    16 1.099676 -0.000006 0.000003 0.000401 0.002571 -0.090450
    17 0.966203 -0.473933 1.211880 -1.175714 -0.831024 -0.856311
    18 1.789782 0.000002 -0.000006 0.000813 -0.000205 -0.070561
    19 1.206999 -0.000001 -0.000002 0.000098 0.000071 -0.050214
    20 -0.221558 -2.662109 -5.308594 -1.668474 1.286518 2.942953
    21 6.028141 0.000000 -0.000002 1.282352 0.753753 -1.210463
    22 11.692554 0.000000 -0.000003 -0.000002 0.000000 -0.985249
    23 11.481705 -0.000001 -0.000004 -1.199931 0.523767 0.515774
    24 4.003906 -0.205811 0.920898 0.499449 0.024964 -1.213607
    25 1.312565 -0.000004 -0.000002 0.002647 -0.000003 0.000662
    26 0.729366 -0.000004 0.000000 0.000000 0.002340 -1.574072
    27 4.222656 -0.111389 0.298096 0.146084 0.138555 -1.218293
    28 1.539104 0.000000 0.000001 0.021591 0.038691 -0.274898
    29 1.196322 0.000002 -0.000003 0.423018 0.188641 -2.054833
    30 3.883663 -0.050303 -0.431042 -0.048581 0.146519 -0.770215
    31 1.719584 0.000002 0.000006 -0.012269 0.089737 -0.735530
    32 1.209187 0.000004 0.000006 -0.004385 -0.003177 -1.490430
    33 3.859837 -0.148918 -1.331282 -0.321407 0.389554 -0.535029
    34 1.719431 0.000004 0.000013 0.007830 0.063159 -0.159722
    35 1.099665 0.000000 0.000007 -0.007433 -0.004262 -0.357454
    36 0.873535 -0.422119 -1.297852 1.277698 0.356538 -0.669644
    37 1.789785 -0.000006 -0.000010 -0.000498 -0.000088 -0.108780
    38 1.206999 -0.000001 -0.000008 -0.000493 -0.000238 0.720590
    39 -8.080169 -21.709333 -11.318208 1.616880 0.100974 -3.117300
    40 -0.000002 3.287109 -0.573233 0.000000 0.000000 0.000000
    41 -0.000002 2.156256 -2.244137 0.000000 0.000000 0.000000
    42 -0.000003 2.917979 -4.039055 0.000000 0.000000 0.000000
    43 -0.097351 5.335948 -3.376940 0.000000 0.000000 0.000000
    44 -28.581389 -6.127467 -11.162192 1.616917 0.100994 -3.117289
  time 7
    0 0.000000 -0.000006 0.000000 -1.570781 -1.391896 -1.570809
    1 -7.568507 11.985477 0.910285 1.596636 -1.286515 2.942963
    2 6.028145 0.000003 0.000002 -0.378816 -1.013965 -2.140986
    3 11.692553 0.000081 -0.000005 -0.000015 0.000024 -0.954909
    4 11.481672 -0.000089 -0.000024 0.491324 0.086932 0.736776
    5 3.859699 -0.142417 -1.191975 -0.444567 0.214086 -0.750823
    6 1.312563 -0.000008 0.000005 0.000000 -0.000003 -0.297983
    7 0.729362 -0.000008 0.000001 0.000001 -0.000003 -0.102577
    8 3.942329 0.046753 -0.431444 -0.140023 0.093840 -0.670256
    9 1.539093 0.000006 -0.000007 -0.000002 0.000006 -0.106076
    10 1.196322 -0.000008 0.000002 0.000001 -0.000007 -0.288908
    11 3.883690 -0.046783 0.431443 0.088107 0.009503 -0.446641
    12 1.719580 -0.000010 0.000009 0.000781 0.005466 -0.224753
    13 1.209183 -0.000004 0.000003 0.000431 0.003067 -0.074505
    14 3.859856 -0.137962 1.332466 0.345488 -0.091420 -0.398285
    15 1.719433 0.000002 -0.000004 0.000571 0.004043 -0.221265
    16 1.099676 -0.000006 0.000003 0.000365 0.002571 -0.102465
    17 0.966203 -0.473933 1.211880 -1.178477 -0.818490 -0.853008
    18 1.789782 0.000002 -0.000006 0.000741 -0.000205 -0.038304
    19 1.206999 -0.000001 -0.000002 0.000098 0.000047 -0.018076
    20 -0.221558 -2.662109 -5.308594 -1.668474 1.286518 2.942953
    21 6.028141 0.000000 -0.000002 1.290551 0.748859 -1.202784
    22 11.692554 0.000000 -0.000003 -0.000002 0.000000 -0.998189
    23 11.481705 -0.000001 -0.000004 -1.173986 0.507507 0.512440
    24 4.003906 -0.205811 0.920898 0.499449 0.024964 -1.213607
    25 1.312565 -0.000004 -0.000002 0.002647 -0.000003 0.000662
    26 0.729366 -0.000004 0.000000 0.000000 0.002328 -1.574072
    27 4.222656 -0.111389 0.298096 0.146084 0.138555 -1.218293
    28 1.539104 0.000000 0.000001 0.021591 0.038691 -0.274898
    29 1.196322 0.000002 -0.000003 0.423018 0.188641 -2.054833
    30 3.883663 -0.050303 -0.431042 -0.048581 0.146519 -0.770215
    31 1.719584 0.000002 0.000006 -0.012269 0.089737 -0.735530
    32 1.209187 0.000004 0.000006 -0.004385 -0.003177 -1.490430
    33 3.859837 -0.148918 -1.331282 -0.321407 0.389554 -0.535029
    34 1.719431 0.000004 0.000013 0.007830 0.063159 -0.159722
    35 1.099665 0.000000 0.000007 -0.007433 -0.004262 -0.357454
    36 0.873535 -0.422119 -1.297852 1.277698 0.356538 -0.669644
    37 1.789785 -0.000006 -0.000010 -0.000498 -0.000088 -0.108780
    38 1.206999 -0.000001 -0.000008 -0.000493 -0.000238 0.720590
    39 -8.107514 -21.689802 -11.165859 1.632377 0.131311 -3.109820
    40 -0.000002 3.287109 -0.573233 0.000000 0.000000 0.000000
    41 -0.000002 2.156256 -2.244137 0.000000 0.000000 0.000000
    42 -0.000003 2.917979 -4.039055 0.000000 0.000000 0.000000
    43 -0.097351 5.335948 -3.376940 0.000000 0.000000 0.000000
    44 -28.686861 -6.225126 -11.869244 1.632391 0.131315 -3.109913
  time 8
    0 0.000000 -0.000006 0.000000 -1.570781 -1.391896 -1.570809
    1 -7.748200 11.712031 1.148573 1.596636 -1.286515 2.942963
    2 6.028145 0.000003 0.000002 -0.430786 -0.995893 -2.094522
    3 11.692553 0.000081 -0.000005 -0.000015 0.000036 -1.023259
    4 11.481672 -0.000089 -0.000024 0.617792 -0.010626 0.772969
    5 3.859699 -0.142417 -1.191975 -0.447983 0.206427 -0.767196
    6 1.312563 -0.000008 0.000005 0.000000 -0.000003 -0.315719
    7 0.729362 -0.000008 0.000001 0.000001 -0.000003 -0.120289
    8 3.942329 0.046753 -0.431444 -0.141653 0.091347 -0.687893
    9 1.539093 0.000006 -0.000007 -0.000002 0.000006 -0.123811
    10 1.196322 -0.000008 0.000002 0.000001 -0.000007 -0.306624
    11 3.883690 -0.046783 0.431443 0.087927 0.011061 -0.464315
    12 1.719580 -0.000010 0.000009 0.000673 0.005478 -0.242500
    13 1.209183 -0.000004 0.000003 0.000372 0.003067 -0.092260
    14 3.859856 -0.137962 1.332466 0.346977 -0.085404 -0.415030
    15 1.719433 0.000002 -0.000004 0.000500 0.004055 -0.239001
    16 1.099676 -0.000006 0.000003 0.000317 0.002583 -0.120216
    17 0.966203 -0.473933 1.211880 -1.183948 -0.800714 -0.845782
    18 1.789782 0.000002 -0.000006 0.000645 -0.000185 0.000888
    19 1.206999 -0.000001 -0.000002 0.000086 0.000035 0.029455
    20 -0.221558 -2.662109 -5.308594 -1.668474 1.286518 2.942953
    21 6.028141 0.000000 -0.000002 1.298465 0.743886 -1.195484
    22 11.692554 0.000000 -0.000003 -0.000002 0.000000 -1.010936
    23 11.481705 -0.000001 -0.000004 -1.145989 0.491599 0.508033
    24 4.003906 -0.205811 0.920898 0.499449 0.024964 -1.213607
    25 1.312565 -0.000004 -0.000002 0.002647 -0.000003 0.000662
    26 0.729366 -0.000004 0.000000 0.000000 0.002340 -1.574072
    27 4.222656 -0.111389 0.298096 0.146084 0.138555 -1.218293
    28 1.539104 0.000000 0.000001 0.021591 0.038691 -0.274898
    29 1.196322 0.000002 -0.000003 0.423018 0.188641 -2.054833
    30 3.883663 -0.050303 -0.431042 -0.048581 0.146519 -0.770215
    31 1.719584 0.000002 0.000006 -0.012269 0.089737 -0.735530
    32 1.209187 0.000004 0.000006 -0.004385 -0.003177 -1.490430
    33 3.859837 -0.148918 -1.331282 -0.321407 0.389554 -0.535029
    34 1.719431 0.000004 0.000013 0.007830 0.063159 -0.159722
    35 1.099665 0.000000 0.000007 -0.007433 -0.004262 -0.357454
    36 0.873535 -0.422119 -1.297852 1.277698 0.356538 -0.669644
    37 1.789785 -0.000006 -0.000010 -0.000498 -0.000088 -0.108780
    38 1.206999 -0.000001 -0.000008 -0.000493 -0.000238 0.720590
    39 -8.130952 -21.666363 -10.997885 1.649709 0.163525 -3.101875
    40 -0.000002 3.287109 -0.573233 0.000000 0.000000 0.000000
    41 -0.000002 2.156256 -2.244137 0.000000 0.000000 0.000000
    42 -0.000003 2.917979 -4.039055 0.000000 0.000000 0.000000
    43 -0.097351 5.335948 -3.376940 0.000000 0.000000 0.000000
    44 -28.753269 -6.334505 -12.623174 1.649746 0.163525 -3.101866
  time 9
    0 0.000000 -0.000006 0.000000 -1.570781 -1.391896 -1.570809
    1 -7.939613 11.415147 1.402487 1.596636 -1.286515 2.942963
    2 6.028145 0.000003 0.000002 -0.480840 -0.977618 -2.050922
    3 11.692553 0.000081 -0.000005 -0.000027 0.000036 -1.091296
    4 11.481672 -0.000089 -0.000024 0.758428 -0.112946 0.790399
    5 3.859699 -0.142417 -1.191975 -0.451953 0.197079 -0.786970
    6 1.312563 -0.000008 0.000005 0.000000 -0.000003 -0.337234
    7 0.729362 -0.000008 0.000001 0.000001 -0.000003 -0.141811
    8 3.942329 0.046753 -0.431444 -0.143571 0.088291 -0.709275
    9 1.539093 0.000006 -0.000007 -0.000002 0.000006 -0.145300
    10 1.196322 -0.000008 0.000002 0.000001 -0.000007 -0.328187
    11 3.883690 -0.046783 0.431443 0.087676 0.012942 -0.485754
    12 1.719580 -0.000010 0.000009 0.000565 0.005490 -0.263979
    13 1.209183 -0.000004 0.000003 0.000312 0.003079 -0.113818
    14 3.859856 -0.137962 1.332466 0.348636 -0.078070 -0.435338
    15 1.719433 0.000002 -0.000004 0.000404 0.004067 -0.260522
    16 1.099676 -0.000006 0.000003 0.000269 0.002583 -0.141744
    17 0.966203 -0.473933 1.211880 -1.191001 -0.779432 -0.836044
    18 1.789782 0.000002 -0.000006 0.000525 -0.000164 0.044163
    19 1.206999 -0.000001 -0.000002 0.000074 0.000023 0.087310
    20 -0.221558 -2.662109 -5.308594 -1.668474 1.286518 2.942953
    21 6.028141 0.000000 -0.000002 1.305615 0.738873 -1.188753
    22 11.692554 0.000000 -0.000003 -0.000002 0.000000 -1.023489
    23 11.481705 -0.000001 -0.000004 -1.116484 0.476743 0.502662
    24 4.003906 -0.205811 0.920898 0.499449 0.024964 -1.213607
    25 1.312565 -0.000004 -0.000002 0.002647 -0.000003 0.000662
    26 0.729366 -0.000004 0.000000 0.000000 0.002340 -1.574072
    27 4.222656 -0.111389 0.298096 0.146084 0.138555 -1.218293
    28 1.539104 0.000000 0.000001 0.021591 0.038691 -0.274898
    29 1.196322 0.000002 -0.000003 0.423018 0.188641 -2.054833
    30 3.883663 -0.050303 -0.431042 -0.048581 0.146519 -0.770215
    31 1.719584 0.000002 0.000006 -0.012269 0.089737 -0.735530
    32 1.209187 0.000004 0.000006 -0.004385 -0.003177 -1.490430
    33 3.859837 -0.148918 -1.331282 -0.321407 0.389554 -0.535029
    34 1.719431 0.000004 0.000013 0.007830 0.063159 -0.159722
    35 1.099665 0.000000 0.000007 -0.007433 -0.004262 -0.357454
    36 0.873535 -0.422119 -1.297852 1.277698 0.356538 -0.669644
    37 1.789785 -0.000006 -0.000010 -0.000498 -0.000088 -0.108780
    38 1.206999 -0.000001 -0.000008 -0.000493 -0.000238 0.720590
    39 -8.150484 -21.642925 -10.826005 1.668658 0.196780 -3.093467
    40 -0.000002 3.287109 -0.573233 0.000000 0.000000 0.000000
    41 -0.000002 2.156256 -2.244137 0.000000 0.000000 0.000000
    42 -0.000003 2.917979 -4.039055 0.000000 0.000000 0.000000
    43 -0.097351 5.335948 -3.376940 0.000000 0.000000 0.000000
    44 -28.780614 -6.447789 -13.416167 1.668670 0.196796 -3.093532
  time 10
    0 0.000000 -0.000006 0.000000 -1.570781 -1.391896 -1.570809
    1 -8.138837 11.102638 1.675933 1.596636 -1.286515 2.942963
    2 6.028145 0.000003 0.000002 -0.529298 -0.959832 -2.009992
    3 11.692553 0.000081 -0.000005 -0.000027 0.000036 -1.158003
    4 11.481672 -0.000089 -0.000024 0.913907 -0.212494 0.785064
    5 3.859699 -0.142417 -1.191975 -0.456045 0.186809 -0.808393
    6 1.312563 -0.000008 0.000005 0.000000 -0.000003 -0.360654
    7 0.729362 -0.000008 0.000001 0.000001 -0.000003 -0.165224
    8 3.942329 0.046753 -0.431444 -0.145584 0.084923 -0.732544
    9 1.539093 0.000006 -0.000007 -0.000002 0.000006 -0.168726
    10 1.196322 -0.000008 0.000002 0.000001 -0.000007 -0.351628
    11 3.883690 -0.046783 0.431443 0.087352 0.014992 -0.509077
    12 1.719580 -0.000010 0.000009 0.000433 0.005502 -0.287406
    13 1.209183 -0.000004 0.000003 0.000240 0.003091 -0.137231
    14 3.859856 -0.137962 1.332466 0.350264 -0.070052 -0.457373
    15 1.719433 0.000002 -0.000004 0.000308 0.004067 -0.283908
    16 1.099676 -0.000006 0.000003 0.000209 0.002595 -0.165183
    17 0.966203 -0.473933 1.211880 -1.198672 -0.756435 -0.825148
    18 1.789782 0.000002 -0.000006 0.000405 -0.000144 0.088646
    19 1.206999 -0.000001 -0.000002 0.000050 0.000011 0.150419
    20 -0.221558 -2.662109 -5.308594 -1.668474 1.286518 2.942953
    21 6.028141 0.000000 -0.000002 1.311717 0.734178 -1.183065
    22 11.692554 0.000000 -0.000003 -0.000002 0.000000 -1.035071
    23 11.481705 -0.000001 -0.000004 -1.086074 0.463525 0.496143
    24 4.003906 -0.205811 0.920898 0.499449 0.024964 -1.213607
    25 1.312565 -0.000004 -0.000002 0.002647 -0.000003 0.000662
    26 0.729366 -0.000004 0.000000 0.000000 0.002340 -1.574072
    27 4.222656 -0.111389 0.298096 0.146084 0.138555 -1.218293
    28 1.539104 0.000000 0.000001 0.021591 0.038691 -0.274898
    29 1.196322 0.000002 -0.000003 0.423018 0.188641 -2.054833
    30 3.883663 -0.050303 -0.431042 -0.048581 0.146519 -0.770215
    31 1.719584 0.000002 0.000006 -0.012269 0.089737 -0.735530
    32 1.209187 0.000004 0.000006 -0.004385 -0.003177 -1.490430
    33 3.859837 -0.148918 -1.331282 -0.321407 0.389554 -0.535029
    34 1.719431 0.000004 0.000013 0.007830 0.063159 -0.159722
    35 1.099665 0.000000 0.000007 -0.007433 -0.004262 -0.357454
    36 0.873535 -0.422119 -1.297852 1.277698 0.356538 -0.669644
    37 1.789785 -0.000006 -0.000010 -0.000498 -0.000088 -0.108780
    38 1.206999 -0.000001 -0.000008 -0.000493 -0.000238 0.720590
    39 -8.162203 -21.619487 -10.654125 1.688929 0.230368 -3.084827
    40 -0.000002 3.287109 -0.573233 0.000000 0.000000 0.000000
    41 -0.000002 2.156256 -2.244137 0.000000 0.000000 0.000000
    42 -0.000003 2.917979 -4.039055 0.000000 0.000000 0.000000
    43 -0.097351 5.335948 -3.376940 0.000000 0.000000 0.000000
    44 -28.749363 -6.568887 -14.228691 1.688954 0.230382 -3.084815
  time 11
    0 0.000000 -0.000006 0.000000 -1.570781 -1.391896 -1.570809
    1 -8.349781 10.774503 1.953285 1.596636 -1.286515 2.942963
    2 6.028145 0.000003 0.000002 -0.576877 -0.943062 -1.971352
    3 11.692553 0.000081 -0.000005 -0.000027 0.000036 -1.222834
    4 11.481672 -0.000089 -0.000024 1.083029 -0.299556 0.755954
    5 3.859699 -0.142417 -1.191975 -0.459894 0.176466 -0.829745
    6 1.312563 -0.000008 0.000005 0.000000 -0.000003 -0.384045
    7 0.729362 -0.000008 0.000001 0.000001 -0.000003 -0.188637
    8 3.942329 0.046753 -0.431444 -0.147513 0.081495 -0.755785
    9 1.539093 0.000006 -0.000007 -0.000002 0.000006 -0.192112
    10 1.196322 -0.000008 0.000002 0.000001 -0.000007 -0.375115
    11 3.883690 -0.046783 0.431443 0.086969 0.017029 -0.532399
    12 1.719580 -0.000010 0.000009 0.000302 0.005514 -0.310793
    13 1.209183 -0.000004 0.000003 0.000168 0.003091 -0.160692
    14 3.859856 -0.137962 1.332466 0.351721 -0.062010 -0.479407
    15 1.719433 0.000002 -0.000004 0.000212 0.004079 -0.307322
    16 1.099676 -0.000006 0.000003 0.000149 0.002595 -0.188623
    17 0.966203 -0.473933 1.211880 -1.206125 -0.733539 -0.814253
    18 1.789782 0.000002 -0.000006 0.000285 -0.000103 0.131463
    19 1.206999 -0.000001 -0.000002 0.000038 -0.000001 0.213528
    20 -0.221558 -2.662109 -5.308594 -1.668474 1.286518 2.942953
    21 6.028141 0.000000 -0.000002 1.316484 0.729842 -1.178514
    22 11.692554 0.000000 -0.000003 -0.000002 0.000000 -1.045618
    23 11.481705 -0.000001 -0.000004 -1.055423 0.452500 0.488810
    24 4.003906 -0.205811 0.920898 0.499449 0.024964 -1.213607
    25 1.312565 -0.000004 -0.000002 0.002647 -0.000003 0.000662
    26 0.729366 -0.000004 0.000000 0.000000 0.002340 -1.574072
    27 4.222656 -0.111389 0.298096 0.146084 0.138555 -1.218293
    28 1.539104 0.000000 0.000001 0.021591 0.038691 -0.274898
    29 1.196322 0.000002 -0.000003 0.423018 0.188641 -2.054833
    30 3.883663 -0.050303 -0.431042 -0.048581 0.146519 -0.770215
    31 1.719584 0.000002 0.000006 -0.012269 0.089737 -0.735530
    32 1.209187 0.000004 0.000006 -0.004385 -0.003177 -1.490430
    33 3.859837 -0.148918 -1.331282 -0.321407 0.389554 -0.535029
    34 1.719431 0.000004 0.000013 0.007830 0.063159 -0.159722
    35 1.099665 0.000000 0.000007 -0.007433 -0.004262 -0.357454
    36 0.873535 -0.422119 -1.297852 1.277698 0.356538 -0.669644
    37 1.789785 -0.000006 -0.000010 -0.000498 -0.000088 -0.108780
    38 1.206999 -0.000001 -0.000008 -0.000493 -0.000238 0.720590
    39 -8.170016 -21.592142 -10.478338 1.710301 0.263581 -3.076071
    40 -0.000002 3.287109 -0.573233 0.000000 0.000000 0.000000
    41 -0.000002 2.156256 -2.244137 0.000000 0.000000 0.000000
    42 -0.000003 2.917979 -4.039055 0.000000 0.000000 0.000000
    43 -0.097351 5.335948 -3.376940 0.000000 0.000000 0.000000
    44 -28.667329 -6.689984 -15.037310 1.710282 0.263574 -3.076097
  time 12
    0 0.000000 -0.000006 0.000000 -1.570781 -1.391896 -1.570809
    1 -8.568538 10.438555 2.242357 1.596636 -1.286515 2.942963
    2 6.028145 0.000003 0.000002 -0.624696 -0.927962 -1.934525
    3 11.692553 0.000081 -0.000005 -0.000027 0.000036 -1.284849
    4 11.481672 -0.000089 -0.000024 1.259649 -0.363905 0.706930
    5 3.859699 -0.142417 -1.191975 -0.463240 0.166878 -0.849273
    6 1.312563 -0.000008 0.000005 0.000000 -0.000003 -0.405560
    7 0.729362 -0.000008 0.000001 0.000001 -0.000003 -0.210130
    8 3.942329 0.046753 -0.431444 -0.149215 0.078319 -0.777113
    9 1.539093 0.000006 -0.000007 -0.000002 0.000006 -0.213641
    10 1.196322 -0.000008 0.000002 0.000001 -0.000007 -0.396633
    11 3.883690 -0.046783 0.431443 0.086585 0.018899 -0.553839
    12 1.719580 -0.000010 0.000009 0.000182 0.005514 -0.332313
    13 1.209183 -0.000004 0.000003 0.000096 0.003091 -0.182251
    14 3.859856 -0.137962 1.332466 0.352899 -0.054580 -0.499633
    15 1.719433 0.000002 -0.000004 0.000128 0.004079 -0.328843
    16 1.099676 -0.000006 0.000003 0.000089 0.002595 -0.210151
    17 0.966203 -0.473933 1.211880 -1.212723 -0.712515 -0.804317
    18 1.789782 0.000002 -0.000006 0.000166 -0.000062 0.169688
    19 1.206999 -0.000001 -0.000002 0.000026 -0.000001 0.271409
    20 -0.221558 -2.662109 -5.308594 -1.668474 1.286518 2.942953
    21 6.028141 0.000000 -0.000002 1.319345 0.726022 -1.175575
    22 11.692554 0.000000 -0.000003 -0.000002 0.000000 -1.054935
    23 11.481705 -0.000001 -0.000004 -1.025134 0.444312 0.480809
    24 4.003906 -0.205811 0.920898 0.499449 0.024964 -1.213607
    25 1.312565 -0.000004 -0.000002 0.002647 -0.000003 0.000662
    26 0.729366 -0.000004 0.000000 0.000000 0.002340 -1.574072
    27 4.222656 -0.111389 0.298096 0.146084 0.138555 -1.218293
    28 1.539104 0.000000 0.000001 0.021591 0.038691 -0.274898
    29 1.196322 0.000002 -0.000003 0.423018 0.188641 -2.054833
    30 3.883663 -0.050303 -0.431042 -0.048581 0.146519 -0.770215
    31 1.719584 0.000002 0.000006 -0.012269 0.089737 -0.735530
    32 1.209187 0.000004 0.000006 -0.004385 -0.003177 -1.490430
    33 3.859837 -0.148918 -1.331282 -0.321407 0.389554 -0.535029
    34 1.719431 0.000004 0.000013 0.007830 0.063159 -0.159722
    35 1.099665 0.000000 0.000007 -0.007433 -0.004262 -0.357454
    36 0.873535 -0.422119 -1.297852 1.277698 0.356538 -0.669644
    37 1.789785 -0.000006 -0.000010 -0.000498 -0.000088 -0.108780
    38 1.206999 -0.000001 -0.000008 -0.000493 -0.000238 0.720590
    39 -8.158297 -21.564798 -10.306458 1.732261 0.295586 -3.067372
    40 -0.000002 3.287109 -0.573233 0.000000 0.000000 0.000000
    41 -0.000002 2.156256 -2.244137 0.000000 0.000000 0.000000
    42 -0.000003 2.917979 -4.039055 0.000000 0.000000 0.000000
    43 -0.097351 5.335948 -3.376940 0.000000 0.000000 0.000000
    44 -28.526700 -6.811082 -15.830303 1.732291 0.295587 -3.067380
  time 13
    0 0.000000 -0.000006 0.000000 -1.570781 -1.391896 -1.570809
    1 -8.787295 10.094795 2.539241 1.596636 -1.286515 2.942963
    2 6.028145 0.000003 0.000002 -0.673793 -0.914937 -1.898939
    3 11.692553 0.000081 -0.000005 -0.000027 0.000036 -1.343424
    4 11.481672 -0.000089 -0.000024 1.431320 -0.398246 0.648708
    5 3.859699 -0.142417 -1.191975 -0.465840 0.158945 -0.865331
    6 1.312563 -0.000008 0.000005 0.000000 -0.000003 -0.423296
    7 0.729362 -0.000008 0.000001 0.000001 -0.000003 -0.227871
    8 3.942329 0.046753 -0.431444 -0.150570 0.075671 -0.794695
    9 1.539093 0.000006 -0.000007 -0.000002 0.000006 -0.231376
    10 1.196322 -0.000008 0.000002 0.000001 -0.000007 -0.414393
    11 3.883690 -0.046783 0.431443 0.086238 0.020421 -0.571480
    12 1.719580 -0.000010 0.000009 0.000086 0.005514 -0.350060
    13 1.209183 -0.000004 0.000003 0.000048 0.003091 -0.199957
    14 3.859856 -0.137962 1.332466 0.353752 -0.048456 -0.516295
    15 1.719433 0.000002 -0.000004 0.000056 0.004079 -0.346550
    16 1.099676 -0.000006 0.000003 0.000041 0.002595 -0.227902
    17 0.966203 -0.473933 1.211880 -1.217958 -0.695238 -0.796244
    18 1.789782 0.000002 -0.000006 0.000070 -0.000021 0.200519
    19 1.206999 -0.000001 -0.000002 0.000002 -0.000001 0.318914
    20 -0.221558 -2.662109 -5.308594 -1.668474 1.286518 2.942953
    21 6.028141 0.000000 -0.000002 1.319917 0.722800 -1.174532
    22 11.692554 0.000000 -0.000003 -0.000002 0.000000 -1.062829
    23 11.481705 -0.000001 -0.000004 -0.996051 0.439458 0.472439
    24 4.003906 -0.205811 0.920898 0.499449 0.024964 -1.213607
    25 1.312565 -0.000004 -0.000002 0.002647 -0.000003 0.000662
    26 0.729366 -0.000004 0.000000 0.000000 0.002340 -1.574072
    27 4.222656 -0.111389 0.298096 0.146084 0.138555 -1.218293
    28 1.539104 0.000000 0.000001 0.021591 0.038691 -0.274898
    29 1.196322 0.000002 -0.000003 0.423018 0.188641 -2.054833
    30 3.883663 -0.050303 -0.431042 -0.048581 0.146519 -0.770215
    31 1.719584 0.000002 0.000006 -0.012269 0.089737 -0.735530
    32 1.209187 0.000004 0.000006 -0.004385 -0.003177 -1.490430
    33 3.859837 -0.148918 -1.331282 -0.321407 0.389554 -0.535029
    34 1.719431 0.000004 0.000013 0.007830 0.063159 -0.159722
    35 1.099665 0.000000 0.000007 -0.007433 -0.004262 -0.357454
    36 0.873535 -0.422119 -1.297852 1.277698 0.356538 -0.669644
    37 1.789785 -0.000006 -0.000010 -0.000498 -0.000088 -0.108780
    38 1.206999 -0.000001 -0.000008 -0.000493 -0.000238 0.720590
    39 -8.127046 -21.537453 -10.142390 1.754588 0.325674 -3.058964
    40 -0.000002 3.287109 -0.573233 0.000000 0.000000 0.000000
    41 -0.000002 2.156256 -2.244137 0.000000 0.000000 0.000000
    42 -0.000003 2.917979 -4.039055 0.000000 0.000000 0.000000
    43 -0.097351 5.335948 -3.376940 0.000000 0.000000 0.000000
    44 -28.331381 -6.932179 -16.584232 1.754560 0.325673 -3.058950
  time 14
    0 0.000000 -0.000006 0.000000 -1.570781 -1.391896 -1.570809
    1 -9.006051 9.751034 2.836125 1.596636 -1.286515 2.942963
    2 6.028145 0.000003 0.000002 -0.724885 -0.903989 -1.864020
    3 11.692553 0.000081 -0.000005 -0.000039 0.000036 -1.397619
    4 11.481672 -0.000089 -0.000024 1.581402 -0.401368 0.596557
    5 3.859699 -0.142417 -1.191975 -0.467522 0.153527 -0.876200
    6 1.312563 -0.000008 0.000005 0.000000 -0.000003 -0.435319
    7 0.729362 -0.000008 0.000001 0.000001 -0.000003 -0.239883
    8 3.942329 0.046753 -0.431444 -0.151468 0.073861 -0.806616
    9 1.539093 0.000006 -0.000007 -0.000002 0.000006 -0.243378
    10 1.196322 -0.000008 0.000002 0.000001 -0.000007 -0.426382
    11 3.883690 -0.046783 0.431443 0.085986 0.021464 -0.583471
    12 1.719580 -0.000010 0.000009 0.000026 0.005514 -0.362085
    13 1.209183 -0.000004 0.000003 0.000012 0.003091 -0.212004
    14 3.859856 -0.137962 1.332466 0.354279 -0.044285 -0.527587
    15 1.719433 0.000002 -0.000004 0.000008 0.004079 -0.358577
    16 1.099676 -0.000006 0.000003 0.000005 0.002595 -0.239917
    17 0.966203 -0.473933 1.211880 -1.221430 -0.683521 -0.790796
    18 1.789782 0.000002 -0.000006 0.000010 -0.000001 0.221058
    19 1.206999 -0.000001 -0.000002 0.000002 -0.000001 0.351052
    20 -0.221558 -2.662109 -5.308594 -1.668474 1.286518 2.942953
    21 6.028141 0.000000 -0.000002 1.318391 0.720134 -1.175386
    22 11.692554 0.000000 -0.000003 -0.000002 0.000000 -1.069299
    23 11.481705 -0.000001 -0.000004 -0.968960 0.437996 0.463846
    24 4.003906 -0.205811 0.920898 0.499449 0.024964 -1.213607
    25 1.312565 -0.000004 -0.000002 0.002647 -0.000003 0.000662
    26 0.729366 -0.000004 0.000000 0.000000 0.002340 -1.574072
    27 4.222656 -0.111389 0.298096 0.146084 0.138555 -1.218293
    28 1.539104 0.000000 0.000001 0.021591 0.038691 -0.274898
    29 1.196322 0.000002 -0.000003 0.423018 0.188641 -2.054833
    30 3.883663 -0.050303 -0.431042 -0.048581 0.146519 -0.770215
    31 1.719584 0.000002 0.000006 -0.012269 0.089737 -0.735530
    32 1.209187 0.000004 0.000006 -0.004385 -0.003177 -1.490430
    33 3.859837 -0.148918 -1.331282 -0.321407 0.389554 -0.535029
    34 1.719431 0.000004 0.000013 0.007830 0.063159 -0.159722
    35 1.099665 0.000000 0.000007 -0.007433 -0.004262 -0.357454
    36 0.873535 -0.422119 -1.297852 1.277698 0.356538 -0.669644
    37 1.789785 -0.000006 -0.000010 -0.000498 -0.000088 -0.108780
    38 1.206999 -0.000001 -0.000008 -0.000493 -0.000238 0.720590
    39 -8.080169 -21.510109 -9.986136 1.776694 0.353136 -3.051078
    40 -0.000002 3.287109 -0.573233 0.000000 0.000000 0.000000
    41 -0.000002 2.156256 -2.244137 0.000000 0.000000 0.000000
    42 -0.000003 2.917979 -4.039055 0.000000 0.000000 0.000000
    43 -0.097351 5.335948 -3.376940 0.000000 0.000000 0.000000
    44 -28.093093 -7.041557 -17.283472 1.776673 0.353163 -3.051094
  time 15
    0 0.000000 -0.000006 0.000000 -1.570781 -1.391896 -1.570809
    1 -9.228714 9.411180 3.129103 1.596636 -1.286515 2.942963
    2 6.028145 0.000003 0.000002 -0.777893 -0.895523 -1.830341
    3 11.692553 0.000081 -0.000005 -0.000039 0.000036 -1.445557
    4 11.481672 -0.000089 -0.000024 1.705995 -0.388802 0.586946
    5 3.859699 -0.142417 -1.191975 -0.468129 0.151538 -0.880197
    6 1.312563 -0.000008 0.000005 0.000000 -0.000003 -0.439723
    7 0.729362 -0.000008 0.000001 0.000001 -0.000003 -0.244304
    8 3.942329 0.046753 -0.431444 -0.151780 0.073202 -0.810991
    9 1.539093 0.000006 -0.000007 -0.000002 0.000006 -0.247791
    10 1.196322 -0.000008 0.000002 0.000001 -0.000007 -0.430811
    11 3.883690 -0.046783 0.431443 0.085902 0.021835 -0.587865
    12 1.719580 -0.000010 0.000009 0.000002 0.005514 -0.366480
    13 1.209183 -0.000004 0.000003 0.000000 0.003091 -0.216394
    14 3.859856 -0.137962 1.332466 0.354450 -0.042751 -0.531725
    15 1.719433 0.000002 -0.000004 -0.000004 0.004079 -0.363004
    16 1.099676 -0.000006 0.000003 0.000005 0.002595 -0.244332
    17 0.966203 -0.473933 1.211880 -1.222684 -0.679216 -0.788820
    18 1.789782 0.000002 -0.000006 -0.000002 -0.000001 0.228524
    19 1.206999 -0.000001 -0.000002 0.000002 -0.000001 0.362862
    20 -0.221558 -2.662109 -5.308594 -1.668474 1.286518 2.942953
    21 6.028141 0.000000 -0.000002 1.314959 0.718065 -1.177756
    22 11.692554 0.000000 -0.000003 -0.000002 0.000000 -1.074282
    23 11.481705 -0.000001 -0.000004 -0.944704 0.439838 0.455142
    24 4.003906 -0.205811 0.920898 0.499449 0.024964 -1.213607
    25 1.312565 -0.000004 -0.000002 0.002647 -0.000003 0.000662
    26 0.729366 -0.000004 0.000000 0.000000 0.002340 -1.574072
    27 4.222656 -0.111389 0.298096 0.146084 0.138555 -1.218293
    28 1.539104 0.000000 0.000001 0.021591 0.038691 -0.274898
    29 1.196322 0.000002 -0.000003 0.423018 0.188641 -2.054833
    30 3.883663 -0.050303 -0.431042 -0.048581 0.146519 -0.770215
    31 1.719584 0.000002 0.000006 -0.012269 0.089737 -0.735530
    32 1.209187 0.000004 0.000006 -0.004385 -0.003177 -1.490430
    33 3.859837 -0.148918 -1.331282 -0.321407 0.389554 -0.535029
    34 1.719431 0.000004 0.000013 0.007830 0.063159 -0.159722
    35 1.099665 0.000000 0.000007 -0.007433 -0.004262 -0.357454
    36 0.873535 -0.422119 -1.297852 1.277698 0.356538 -0.669644
    37 1.789785 -0.000006 -0.000010 -0.000498 -0.000088 -0.108780
    38 1.206999 -0.000001 -0.000008 -0.000493 -0.000238 0.720590
    39 -8.017668 -21.482764 -9.845506 1.798067 0.377223 -3.043945
    40 -0.000002 3.287109 -0.573233 0.000000 0.000000 0.000000
    41 -0.000002 2.156256 -2.244137 0.000000 0.000000 0.000000
    42 -0.000003 2.917979 -4.039055 0.000000 0.000000 0.000000
    43 -0.097351 5.335948 -3.376940 0.000000 0.000000 0.000000
    44 -27.819647 -7.139217 -17.912398 1.798106 0.377231 -3.043910
  time 16
    0 0.000000 -0.000006 0.000000 -1.570781 -1.391896 -1.570809
    1 -9.443565 9.075232 3.422080 1.596636 -1.286515 2.942963
    2 6.028145 0.000003 0.000002 -0.832098 -0.889580 -1.798380
    3 11.692553 0.000081 -0.000005 -0.000039 0.000036 -1.485441
    4 11.481672 -0.000089 -0.000024 1.824666 -0.374286 0.622863
    5 3.859699 -0.142417 -1.191975 -0.468129 0.151538 -0.880197
    6 1.312563 -0.000008 0.000005 0.000000 -0.000003 -0.439723
    7 0.729362 -0.000008 0.000001 0.000001 -0.000003 -0.244304
    8 3.942329 0.046753 -0.431444 -0.151780 0.073202 -0.810991
    9 1.539093 0.000006 -0.000007 -0.000002 0.000006 -0.247791
    10 1.196322 -0.000008 0.000002 0.000001 -0.000007 -0.430811
    11 3.883690 -0.046783 0.431443 0.085902 0.021835 -0.587865
    12 1.719580 -0.000010 0.000009 0.000002 0.005514 -0.366480
    13 1.209183 -0.000004 0.000003 0.000000 0.003091 -0.216394
    14 3.859856 -0.137962 1.332466 0.354450 -0.042751 -0.531725
    15 1.719433 0.000002 -0.000004 -0.000004 0.004079 -0.363004
    16 1.099676 -0.000006 0.000003 0.000005 0.002595 -0.244332
    17 0.966203 -0.473933 1.211880 -1.220721 -0.688981 -0.791925
    18 1.789782 0.000002 -0.000006 -0.000002 -0.000062 0.221855
    19 1.206999 -0.000001 -0.000002 0.000014 -0.000001 0.357952
    20 -0.221558 -2.662109 -5.308594 -1.668474 1.286518 2.942953
    21 6.028141 0.000000 -0.000002 1.309715 0.716553 -1.181737
    22 11.692554 0.000000 -0.000003 -0.000002 0.000000 -1.077840
    23 11.481705 -0.000001 -0.000004 -0.924190 0.444897 0.446475
    24 4.003906 -0.205811 0.920898 0.499449 0.024964 -1.213607
    25 1.312565 -0.000004 -0.000002 0.002647 -0.000003 0.000662
    26 0.729366 -0.000004 0.000000 0.000000 0.002340 -1.574072
    27 4.222656 -0.111389 0.298096 0.146084 0.138555 -1.218293
    28 1.539104 0.000000 0.000001 0.021591 0.038691 -0.274898
    29 1.196322 0.000002 -0.000003 0.423018 0.188641 -2.054833
    30 3.883663 -0.050303 -0.431042 -0.048581 0.146519 -0.770215
    31 1.719584 0.000002 0.000006 -0.012269 0.089737 -0.735530
    32 1.209187 0.000004 0.000006 -0.004385 -0.003177 -1.490430
    33 3.859837 -0.148918 -1.331282 -0.321407 0.389554 -0.535029
    34 1.719431 0.000004 0.000013 0.007830 0.063159 -0.159722
    35 1.099665 0.000000 0.000007 -0.007433 -0.004262 -0.357454
    36 0.873535 -0.422119 -1.297852 1.277698 0.356538 -0.669644
    37 1.789785 -0.000006 -0.000010 -0.000498 -0.000088 -0.108780
    38 1.206999 -0.000001 -0.000008 -0.000493 -0.000238 0.720590
    39 -7.939540 -21.455419 -9.724409 1.818264 0.397226 -3.037856
    40 -0.000002 3.287109 -0.573233 0.000000 0.000000 0.000000
    41 -0.000002 2.156256 -2.244137 0.000000 0.000000 0.000000
    42 -0.000003 2.917979 -4.039055 0.000000 0.000000 0.000000
    43 -0.097351 5.335948 -3.376940 0.000000 0.000000 0.000000
    44 -27.538388 -7.221250 -18.455383 1.818285 0.397210 -3.037875
  time 17
    0 0.000000 -0.000006 0.000000 -1.570781 -1.391896 -1.570809
    1 -9.654509 8.747097 3.703339 1.596636 -1.286515 2.942963
    2 6.028145 0.000003 0.000002 -0.886544 -0.886283 -1.768709
    3 11.692553 0.000081 -0.000005 -0.000039 0.000036 -1.515002
    4 11.481672 -0.000089 -0.000024 1.955406 -0.352588 0.670369
    5 3.859699 -0.142417 -1.191975 -0.468129 0.151538 -0.880197
    6 1.312563 -0.000008 0.000005 0.000000 -0.000003 -0.439723
    7 0.729362 -0.000008 0.000001 0.000001 -0.000003 -0.244304
    8 3.942329 0.046753 -0.431444 -0.151780 0.073202 -0.810991
    9 1.539093 0.000006 -0.000007 -0.000002 0.000006 -0.247791
    10 1.196322 -0.000008 0.000002 0.000001 -0.000007 -0.430811
    11 3.883690 -0.046783 0.431443 0.085902 0.021835 -0.587865
    12 1.719580 -0.000010 0.000009 0.000002 0.005514 -0.366480
    13 1.209183 -0.000004 0.000003 0.000000 0.003091 -0.216394
    14 3.859856 -0.137962 1.332466 0.354450 -0.042751 -0.531725
    15 1.719433 0.000002 -0.000004 -0.000004 0.004079 -0.363004
    16 1.099676 -0.000006 0.000003 0.000005 0.002595 -0.244332
    17 0.966203 -0.473933 1.211880 -1.214995 -0.715803 -0.800760
    18 1.789782 0.000002 -0.000006 0.000022 -0.000246 0.203540
    19 1.206999 -0.000001 -0.000002 0.000050 -0.000001 0.344471
    20 -0.221558 -2.662109 -5.308594 -1.668474 1.286518 2.942953
    21 6.028141 0.000000 -0.000002 1.302850 0.715479 -1.187046
    22 11.692554 0.000000 -0.000003 -0.000002 0.000000 -1.079911
    23 11.481705 -0.000001 -0.000004 -0.908140 0.452998 0.437845
    24 4.003906 -0.205811 0.920898 0.499449 0.024964 -1.213607
    25 1.312565 -0.000004 -0.000002 0.002647 -0.000003 0.000662
    26 0.729366 -0.000004 0.000000 0.000000 0.002340 -1.574072
    27 4.222656 -0.111389 0.298096 0.146084 0.138555 -1.218293
    28 1.539104 0.000000 0.000001 0.021591 0.038691 -0.274898
    29 1.196322 0.000002 -0.000003 0.423018 0.188641 -2.054833
    30 3.883663 -0.050303 -0.431042 -0.048581 0.146519 -0.770215
    31 1.719584 0.000002 0.000006 -0.012269 0.089737 -0.735530
    32 1.209187 0.000004 0.000006 -0.004385 -0.003177 -1.490430
    33 3.859837 -0.148918 -1.331282 -0.321407 0.389554 -0.535029
    34 1.719431 0.000004 0.000013 0.007830 0.063159 -0.159722
    35 1.099665 0.000000 0.000007 -0.007433 -0.004262 -0.357454
    36 0.873535 -0.422119 -1.297852 1.277698 0.356538 -0.669644
    37 1.789785 -0.000006 -0.000010 -0.000498 -0.000088 -0.108780
    38 1.206999 -0.000001 -0.000008 -0.000493 -0.000238 0.720590
    39 -7.845787 -21.431981 -9.622843 1.836625 0.412354 -3.033159
    40 -0.000002 3.287109 -0.573233 0.000000 0.000000 0.000000
    41 -0.000002 2.156256 -2.244137 0.000000 0.000000 0.000000
    42 -0.000003 2.917979 -4.039055 0.000000 0.000000 0.000000
    43 -0.097351 5.335948 -3.376940 0.000000 0.000000 0.000000
    44 -27.261036 -7.283752 -18.900709 1.836634 0.412390 -3.033181
  time 18
    0 0.000000 -0.000006 0.000000 -1.570781 -1.391896 -1.570809
    1 -9.853733 8.434588 3.972878 1.596636 -1.286515 2.942963
    2 6.028145 0.000003 0.000002 -0.939791 -0.885469 -1.741899
    3 11.692553 0.000081 -0.000005 -0.000039 0.000036 -1.532676
    4 11.481672 -0.000089 -0.000024 2.112984 -0.314150 0.703435
    5 3.859699 -0.142417 -1.191975 -0.468129 0.151538 -0.880197
    6 1.312563 -0.000008 0.000005 0.000000 -0.000003 -0.439723
    7 0.729362 -0.000008 0.000001 0.000001 -0.000003 -0.244304
    8 3.942329 0.046753 -0.431444 -0.151780 0.073202 -0.810991
    9 1.539093 0.000006 -0.000007 -0.000002 0.000006 -0.247791
    10 1.196322 -0.000008 0.000002 0.000001 -0.000007 -0.430811
    11 3.883690 -0.046783 0.431443 0.085902 0.021835 -0.587865
    12 1.719580 -0.000010 0.000009 0.000002 0.005514 -0.366480
    13 1.209183 -0.000004 0.000003 0.000000 0.003091 -0.216394
    14 3.859856 -0.137962 1.332466 0.354450 -0.042751 -0.531725
    15 1.719433 0.000002 -0.000004 -0.000004 0.004079 -0.363004
    16 1.099676 -0.000006 0.000003 0.000005 0.002595 -0.244332
    17 0.966203 -0.473933 1.211880 -1.205525 -0.755917 -0.814817
    18 1.789782 0.000002 -0.000006 0.000082 -0.000531 0.176188
    19 1.206999 -0.000001 -0.000002 0.000110 -0.000001 0.324328
    20 -0.221558 -2.662109 -5.308594 -1.668474 1.286518 2.942953
    21 6.028141 0.000000 -0.000002 1.294651 0.714803 -1.193588
    22 11.692554 0.000000 -0.000003 -0.000002 0.000000 -1.080493
    23 11.481705 -0.000001 -0.000004 -0.897581 0.463935 0.429215
    24 4.003906 -0.205811 0.920898 0.499449 0.024964 -1.213607
    25 1.312565 -0.000004 -0.000002 0.002647 -0.000003 0.000662
    26 0.729366 -0.000004 0.000000 0.000000 0.002340 -1.574072
    27 4.222656 -0.111389 0.298096 0.146084 0.138555 -1.218293
    28 1.539104 0.000000 0.000001 0.021591 0.038691 -0.274898
    29 1.196322 0.000002 -0.000003 0.423018 0.188641 -2.054833
    30 3.883663 -0.050303 -0.431042 -0.048581 0.146519 -0.770215
    31 1.719584 0.000002 0.000006 -0.012269 0.089737 -0.735530
    32 1.209187 0.000004 0.000006 -0.004385 -0.003177 -1.490430
    33 3.859837 -0.148918 -1.331282 -0.321407 0.389554 -0.535029
    34 1.719431 0.000004 0.000013 0.007830 0.063159 -0.159722
    35 1.099665 0.000000 0.000007 -0.007433 -0.004262 -0.357454
    36 0.873535 -0.422119 -1.297852 1.277698 0.356538 -0.669644
    37 1.789785 -0.000006 -0.000010 -0.000498 -0.000088 -0.108780
    38 1.206999 -0.000001 -0.000008 -0.000493 -0.000238 0.720590
    39 -7.744222 -21.408543 -9.548622 1.852636 0.421980 -3.030086
    40 -0.000002 3.287109 -0.573233 0.000000 0.000000 0.000000
    41 -0.000002 2.156256 -2.244137 0.000000 0.000000 0.000000
    42 -0.000003 2.917979 -4.039055 0.000000 0.000000 0.000000
    43 -0.097351 5.335948 -3.376940 0.000000 0.000000 0.000000
    44 -27.003216 -7.322816 -19.228844 1.852630 0.421986 -3.030115
  time 19
    0 0.000000 -0.000006 0.000000 -1.570781 -1.391896 -1.570809
    1 -10.045146 8.137704 4.230699 1.596636 -1.286515 2.942963
    2 6.028145 0.000003 0.000002 -0.990165 -0.886812 -1.718239
    3 11.692553 0.000081 -0.000005 -0.000039 0.000036 -1.536821
    4 11.481672 -0.000089 -0.000024 2.309545 -0.245469 0.707482
    5 3.859699 -0.142417 -1.191975 -0.468129 0.151538 -0.880197
    6 1.312563 -0.000008 0.000005 0.000000 -0.000003 -0.439723
    7 0.729362 -0.000008 0.000001 0.000001 -0.000003 -0.244304
    8 3.942329 0.046753 -0.431444 -0.151780 0.073202 -0.810991
    9 1.539093 0.000006 -0.000007 -0.000002 0.000006 -0.247791
    10 1.196322 -0.000008 0.000002 0.000001 -0.000007 -0.430811
    11 3.883690 -0.046783 0.431443 0.085902 0.021835 -0.587865
    12 1.719580 -0.000010 0.000009 0.000002 0.005514 -0.366480
    13 1.209183 -0.000004 0.000003 0.000000 0.003091 -0.216394
    14 3.859856 -0.137962 1.332466 0.354450 -0.042751 -0.531725
    15 1.719433 0.000002 -0.000004 -0.000004 0.004079 -0.363004
    16 1.099676 -0.000006 0.000003 0.000005 0.002595 -0.244332
    17 0.966203 -0.473933 1.211880 -1.192074 -0.805517 -0.833786
    18 1.789782 0.000002 -0.000006 0.000202 -0.000898 0.142384
    19 1.206999 -0.000001 -0.000002 0.000194 0.000011 0.299434
    20 -0.221558 -2.662109 -5.308594 -1.668474 1.286518 2.942953
    21 6.028141 0.000000 -0.000002 1.285212 0.714445 -1.201077
    22 11.692554 0.000000 -0.000003 -0.000002 0.000000 -1.079458
    23 11.481705 -0.000001 -0.000004 -0.893237 0.477504 0.420511
    24 4.003906 -0.205811 0.920898 0.499449 0.024964 -1.213607
    25 1.312565 -0.000004 -0.000002 0.002647 -0.000003 0.000662
    26 0.729366 -0.000004 0.000000 0.000000 0.002340 -1.574072
    27 4.222656 -0.111389 0.298096 0.146084 0.138555 -1.218293
    28 1.539104 0.000000 0.000001 0.021591 0.038691 -0.274898
    29 1.196322 0.000002 -0.000003 0.423018 0.188641 -2.054833
    30 3.883663 -0.050303 -0.431042 -0.048581 0.146519 -0.770215
    31 1.719584 0.000002 0.000006 -0.012269 0.089737 -0.735530
    32 1.209187 0.000004 0.000006 -0.004385 -0.003177 -1.490430
    33 3.859837 -0.148918 -1.331282 -0.321407 0.389554 -0.535029
    34 1.719431 0.000004 0.000013 0.007830 0.063159 -0.159722
    35 1.099665 0.000000 0.000007 -0.007433 -0.004262 -0.357454
    36 0.873535 -0.422119 -1.297852 1.277698 0.356538 -0.669644
    37 1.789785 -0.000006 -0.000010 -0.000498 -0.000088 -0.108780
    38 1.206999 -0.000001 -0.000008 -0.000493 -0.000238 0.720590
    39 -7.634843 -21.385105 -9.497840 1.865782 0.425356 -3.029042
    40 -0.000002 3.287109 -0.573233 0.000000 0.000000 0.000000
    41 -0.000002 2.156256 -2.244137 0.000000 0.000000 0.000000
    42 -0.000003 2.917979 -4.039055 0.000000 0.000000 0.000000
    43 -0.097351 5.335948 -3.376940 0.000000 0.000000 0.000000
    44 -26.788365 -7.326722 -19.431975 1.865804 0.425368 -3.029061
  time 20
    0 0.000000 -0.000006 0.000000 -1.570781 -1.391896 -1.570809
    1 -10.224838 7.860351 4.468987 1.596636 -1.286515 2.942963
    2 6.028145 0.000003 0.000002 -1.036307 -0.887586 -1.696867
    3 11.692553 0.000081 -0.000005 -0.000039 0.000036 -1.530721
    4 11.481672 -0.000089 -0.000024 2.547786 -0.147208 0.691708
    5 3.859699 -0.142417 -1.191975 -0.468129 0.151538 -0.880197
    6 1.312563 -0.000008 0.000005 0.000000 -0.000003 -0.439723
    7 0.729362 -0.000008 0.000001 0.000001 -0.000003 -0.244304
    8 3.942329 0.046753 -0.431444 -0.151780 0.073202 -0.810991
    9 1.539093 0.000006 -0.000007 -0.000002 0.000006 -0.247791
    10 1.196322 -0.000008 0.000002 0.000001 -0.000007 -0.430811
    11 3.883690 -0.046783 0.431443 0.085902 0.021835 -0.587865
    12 1.719580 -0.000010 0.000009 0.000002 0.005514 -0.366480
    13 1.209183 -0.000004 0.000003 0.000000 0.003091 -0.216394
    14 3.859856 -0.137962 1.332466 0.354450 -0.042751 -0.531725
    15 1.719433 0.000002 -0.000004 -0.000004 0.004079 -0.363004
    16 1.099676 -0.000006 0.000003 0.000005 0.002595 -0.244332
    17 0.966203 -0.473933 1.211880 -1.174423 -0.860676 -0.857468
    18 1.789782 0.000002 -0.000006 0.000405 -0.001266 0.104715
    19 1.206999 -0.000001 -0.000002 0.000278 0.000023 0.271701
    20 -0.221558 -2.662109 -5.308594 -1.668474 1.286518 2.942953
    21 6.028141 0.000000 -0.000002 1.274915 0.714325 -1.209420
    22 11.692554 0.000000 -0.000003 -0.000002 0.000000 -1.076740
    23 11.481705 -0.000001 -0.000004 -0.895711 0.493295 0.411437
    24 4.003906 -0.205811 0.920898 0.499449 0.024964 -1.213607
    25 1.312565 -0.000004 -0.000002 0.002647 -0.000003 0.000662
    26 0.729366 -0.000004 0.000000 0.000000 0.002328 -1.574072
    27 4.222656 -0.111389 0.298096 0.146084 0.138555 -1.218293
    28 1.539104 0.000000 0.000001 0.021591 0.038691 -0.274898
    29 1.196322 0.000002 -0.000003 0.423018 0.188641 -2.054833
    30 3.883663 -0.050303 -0.431042 -0.048581 0.146519 -0.770215
    31 1.719584 0.000002 0.000006 -0.012269 0.089737 -0.735530
    32 1.209187 0.000004 0.000006 -0.004385 -0.003177 -1.490430
    33 3.859837 -0.148918 -1.331282 -0.321407 0.389554 -0.535029
    34 1.719431 0.000004 0.000013 0.007830 0.063159 -0.159722
    35 1.099665 0.000000 0.000007 -0.007433 -0.004262 -0.357454
    36 0.873535 -0.422119 -1.297852 1.277698 0.356538 -0.669644
    37 1.789785 -0.000006 -0.000010 -0.000498 -0.000088 -0.108780
    38 1.206999 -0.000001 -0.000008 -0.000493 -0.000238 0.720590
    39 -7.517652 -21.365573 -9.482214 1.875697 0.422147 -3.029970
    40 -0.000002 3.287109 -0.573233 0.000000 0.000000 0.000000
    41 -0.000002 2.156256 -2.244137 0.000000 0.000000 0.000000
    42 -0.000003 2.917979 -4.039055 0.000000 0.000000 0.000000
    43 -0.097351 5.335948 -3.376940 0.000000 0.000000 0.000000
    44 -26.620392 -7.303284 -19.506196 1.875737 0.422143 -3.030019
  time 21
    0 0.000000 -0.000006 0.000000 -1.570781 -1.391896 -1.570809
    1 -10.385000 7.610344 4.687744 1.596636 -1.286515 2.942963
    2 6.028145 0.000003 0.000002 -1.079336 -0.875335 -1.671585
    3 11.692553 0.000081 -0.000005 -0.000039 0.000036 -1.536664
    4 11.481672 -0.000089 -0.000024 2.800121 -0.045279 0.684763
    5 3.859699 -0.142417 -1.191975 -0.468129 0.151538 -0.880197
    6 1.312563 -0.000008 0.000005 0.000000 -0.000003 -0.439723
    7 0.729362 -0.000008 0.000001 0.000001 -0.000003 -0.244304
    8 3.942329 0.046753 -0.431444 -0.151780 0.073202 -0.810991
    9 1.539093 0.000006 -0.000007 -0.000002 0.000006 -0.247791
    10 1.196322 -0.000008 0.000002 0.000001 -0.000007 -0.430811
    11 3.883690 -0.046783 0.431443 0.085902 0.021835 -0.587865
    12 1.719580 -0.000010 0.000009 0.000002 0.005514 -0.366480
    13 1.209183 -0.000004 0.000003 0.000000 0.003091 -0.216394
    14 3.859856 -0.137962 1.332466 0.354450 -0.042751 -0.531725
    15 1.719433 0.000002 -0.000004 -0.000004 0.004079 -0.363004
    16 1.099676 -0.000006 0.000003 0.000005 0.002595 -0.244332
    17 0.966203 -0.473933 1.211880 -1.152502 -0.917450 -0.885412
    18 1.789782 0.000002 -0.000006 0.000705 -0.001653 0.065764
    19 1.206999 -0.000001 -0.000002 0.000361 0.000047 0.243013
    20 -0.221558 -2.662109 -5.308594 -1.668474 1.286518 2.942953
    21 6.028141 0.000000 -0.000002 1.264141 0.714484 -1.218236
    22 11.692554 0.000000 -0.000003 -0.000002 0.000000 -1.072793
    23 11.481705 -0.000001 -0.000004 -0.903735 0.510198 0.402511
    24 4.003906 -0.205811 0.920898 0.499449 0.024964 -1.213607
    25 1.312565 -0.000004 -0.000002 0.002647 -0.000003 0.000662
    26 0.729366 -0.000004 0.000000 0.000000 0.002340 -1.574072
    27 4.222656 -0.111389 0.298096 0.146084 0.138555 -1.218293
    28 1.539104 0.000000 0.000001 0.021591 0.038691 -0.274898
    29 1.196322 0.000002 -0.000003 0.423018 0.188641 -2.054833
    30 3.883663 -0.050303 -0.431042 -0.048581 0.146519 -0.770215
    31 1.719584 0.000002 0.000006 -0.012269 0.089737 -0.735530
    32 1.209187 0.000004 0.000006 -0.004385 -0.003177 -1.490430
    33 3.859837 -0.148918 -1.331282 -0.321407 0.389554 -0.535029
    34 1.719431 0.000004 0.000013 0.007830 0.063159 -0.159722
    35 1.099665 0.000000 0.000007 -0.007433 -0.004262 -0.357454
    36 0.873535 -0.422119 -1.297852 1.277698 0.356538 -0.669644
    37 1.789785 -0.000006 -0.000010 -0.000498 -0.000088 -0.108780
    38 1.206999 -0.000001 -0.000008 -0.000493 -0.000238 0.720590
    39 -7.396555 -21.346041 -9.486120 1.882527 0.413687 -3.032521
    40 -0.000002 3.287109 -0.573233 0.000000 0.000000 0.000000
    41 -0.000002 2.156256 -2.244137 0.000000 0.000000 0.000000
    42 -0.000003 2.917979 -4.039055 0.000000 0.000000 0.000000
    43 -0.097351 5.335948 -3.376940 0.000000 0.000000 0.000000
    44 -26.503201 -7.256408 -19.463226 1.882532 0.413688 -3.032510
  time 22
    0 0.000000 -0.000006 0.000000 -1.570781 -1.391896 -1.570809
    1 -10.529535 7.387681 4.879156 1.596636 -1.286515 2.942963
    2 6.028145 0.000003 0.000002 -1.119172 -0.834388 -1.636570
    3 11.692553 0.000081 -0.000005 -0.000039 0.000036 -1.580849
    4 11.481672 -0.000089 -0.000024 3.035214 0.039792 0.700353
    5 3.859699 -0.142417 -1.191975 -0.468129 0.151538 -0.880197
    6 1.312563 -0.000008 0.000005 0.000000 -0.000003 -0.439723
    7 0.729362 -0.000008 0.000001 0.000001 -0.000003 -0.244304
    8 3.942329 0.046753 -0.431444 -0.151780 0.073202 -0.810991
    9 1.539093 0.000006 -0.000007 -0.000002 0.000006 -0.247791
    10 1.196322 -0.000008 0.000002 0.000001 -0.000007 -0.430811
    11 3.883690 -0.046783 0.431443 0.085902 0.021835 -0.587865
    12 1.719580 -0.000010 0.000009 0.000002 0.005514 -0.366480
    13 1.209183 -0.000004 0.000003 0.000000 0.003091 -0.216394
    14 3.859856 -0.137962 1.332466 0.354450 -0.042751 -0.531725
    15 1.719433 0.000002 -0.000004 -0.000004 0.004079 -0.363004
    16 1.099676 -0.000006 0.000003 0.000005 0.002595 -0.244332
    17 0.966203 -0.473933 1.211880 -1.126854 -0.971872 -0.916688
    18 1.789782 0.000002 -0.000006 0.001100 -0.002000 0.028119
    19 1.206999 -0.000001 -0.000002 0.000445 0.000083 0.215280
    20 -0.221558 -2.662109 -5.308594 -1.668474 1.286518 2.942953
    21 6.028141 0.000000 -0.000002 1.253177 0.715002 -1.227148
    22 11.692554 0.000000 -0.000003 -0.000002 0.000000 -1.068523
    23 11.481705 -0.000001 -0.000004 -0.915622 0.526954 0.394844
    24 4.003906 -0.205811 0.920898 0.499449 0.024964 -1.213607
    25 1.312565 -0.000004 -0.000002 0.002647 -0.000003 0.000662
    26 0.729366 -0.000004 0.000000 0.000000 0.002340 -1.574072
    27 4.222656 -0.111389 0.298096 0.146084 0.138555 -1.218293
    28 1.539104 0.000000 0.000001 0.021591 0.038691 -0.274898
    29 1.196322 0.000002 -0.000003 0.423018 0.188641 -2.054833
    30 3.883663 -0.050303 -0.431042 -0.048581 0.146519 -0.770215
    31 1.719584 0.000002 0.000006 -0.012269 0.089737 -0.735530
    32 1.209187 0.000004 0.000006 -0.004385 -0.003177 -1.490430
    33 3.859837 -0.148918 -1.331282 -0.321407 0.389554 -0.535029
    34 1.719431 0.000004 0.000013 0.007830 0.063159 -0.159722
    35 1.099665 0.000000 0.000007 -0.007433 -0.004262 -0.357454
    36 0.873535 -0.422119 -1.297852 1.277698 0.356538 -0.669644
    37 1.789785 -0.000006 -0.000010 -0.000498 -0.000088 -0.108780
    38 1.206999 -0.000001 -0.000008 -0.000493 -0.000238 0.720590
    39 -7.271551 -21.330416 -9.505652 1.886420 0.401685 -3.036117
    40 -0.000002 3.287109 -0.573233 0.000000 0.000000 0.000000
    41 -0.000002 2.156256 -2.244137 0.000000 0.000000 0.000000
    42 -0.000003 2.917979 -4.039055 0.000000 0.000000 0.000000
    43 -0.097351 5.335948 -3.376940 0.000000 0.000000 0.000000
    44 -26.417260 -7.189999 -19.330410 1.886401 0.401693 -3.036150
  time 23
    0 0.000000 -0.000006 0.000000 -1.570781 -1.391896 -1.570809
    1 -10.650633 7.196269 5.043224 1.596636 -1.286515 2.942963
    2 6.028145 0.000003 0.000002 -1.150865 -0.748915 -1.589439
    3 11.692553 0.000081 -0.000005 -0.000051 0.000036 -1.684234
    4 11.481672 -0.000089 -0.000024 3.229300 0.091303 0.737374
    5 3.859699 -0.142417 -1.191975 -0.468129 0.151538 -0.880197
    6 1.312563 -0.000008 0.000005 0.000000 -0.000003 -0.439723
    7 0.729362 -0.000008 0.000001 0.000001 -0.000003 -0.244304
    8 3.942329 0.046753 -0.431444 -0.151780 0.073202 -0.810991
    9 1.539093 0.000006 -0.000007 -0.000002 0.000006 -0.247791
    10 1.196322 -0.000008 0.000002 0.000001 -0.000007 -0.430811
    11 3.883690 -0.046783 0.431443 0.085902 0.021835 -0.587865
    12 1.719580 -0.000010 0.000009 0.000002 0.005514 -0.366480
    13 1.209183 -0.000004 0.000003 0.000000 0.003091 -0.216394
    14 3.859856 -0.137962 1.332466 0.354450 -0.042751 -0.531725
    15 1.719433 0.000002 -0.000004 -0.000004 0.004079 -0.363004
    16 1.099676 -0.000006 0.000003 0.000005 0.002595 -0.244332
    17 0.966203 -0.473933 1.211880 -1.099115 -1.020136 -0.949290
    18 1.789782 0.000002 -0.000006 0.001628 -0.002285 -0.005709
    19 1.206999 -0.000001 -0.000002 0.000517 0.000131 0.190386
    20 -0.221558 -2.662109 -5.308594 -1.668474 1.286518 2.942953
    21 6.028141 0.000000 -0.000002 1.242499 0.715837 -1.236154
    22 11.692554 0.000000 -0.000003 -0.000002 0.000000 -1.063929
    23 11.481705 -0.000001 -0.000004 -0.929499 0.542687 0.388770
    24 4.003906 -0.205811 0.920898 0.499449 0.024964 -1.213607
    25 1.312565 -0.000004 -0.000002 0.002647 -0.000003 0.000662
    26 0.729366 -0.000004 0.000000 0.000000 0.002340 -1.574072
    27 4.222656 -0.111389 0.298096 0.146084 0.138555 -1.218293
    28 1.539104 0.000000 0.000001 0.021591 0.038691 -0.274898
    29 1.196322 0.000002 -0.000003 0.423018 0.188641 -2.054833
    30 3.883663 -0.050303 -0.431042 -0.048581 0.146519 -0.770215
    31 1.719584 0.000002 0.000006 -0.012269 0.089737 -0.735530
    32 1.209187 0.000004 0.000006 -0.004385 -0.003177 -1.490430
    33 3.859837 -0.148918 -1.331282 -0.321407 0.389554 -0.535029
    34 1.719431 0.000004 0.000013 0.007830 0.063159 -0.159722
    35 1.099665 0.000000 0.000007 -0.007433 -0.004262 -0.357454
    36 0.873535 -0.422119 -1.297852 1.277698 0.356538 -0.669644
    37 1.789785 -0.000006 -0.000010 -0.000498 -0.000088 -0.108780
    38 1.206999 -0.000001 -0.000008 -0.000493 -0.000238 0.720590
    39 -7.146547 -21.318696 -9.536903 1.887521 0.387975 -3.040292
    40 -0.000002 3.287109 -0.573233 0.000000 0.000000 0.000000
    41 -0.000002 2.156256 -2.244137 0.000000 0.000000 0.000000
    42 -0.000003 2.917979 -4.039055 0.000000 0.000000 0.000000
    43 -0.097351 5.335948 -3.376940 0.000000 0.000000 0.000000
    44 -26.358665 -7.111872 -19.135091 1.887551 0.387968 -3.040365
  time 24
    0 0.000000 -0.000006 0.000000 -1.570781 -1.391896 -1.570809
    1 -10.752198 7.040014 5.176040 1.596636 -1.286515 2.942963
    2 6.028145 0.000003 0.000002 -1.160605 -0.602958 -1.527616
    3 11.692553 0.000081 -0.000005 -0.000051 0.000036 -1.858002
    4 11.481672 -0.000089 -0.000024 3.365438 0.094191 0.781063
    5 3.859699 -0.142417 -1.191975 -0.468129 0.151538 -0.880197
    6 1.312563 -0.000008 0.000005 0.000000 -0.000003 -0.439723
    7 0.729362 -0.000008 0.000001 0.000001 -0.000003 -0.244304
    8 3.942329 0.046753 -0.431444 -0.151780 0.073202 -0.810991
    9 1.539093 0.000006 -0.000007 -0.000002 0.000006 -0.247791
    10 1.196322 -0.000008 0.000002 0.000001 -0.000007 -0.430811
    11 3.883690 -0.046783 0.431443 0.085902 0.021835 -0.587865
    12 1.719580 -0.000010 0.000009 0.000002 0.005514 -0.366480
    13 1.209183 -0.000004 0.000003 0.000000 0.003091 -0.216394
    14 3.859856 -0.137962 1.332466 0.354450 -0.042751 -0.531725
    15 1.719433 0.000002 -0.000004 -0.000004 0.004079 -0.363004
    16 1.099676 -0.000006 0.000003 0.000005 0.002595 -0.244332
    17 0.966203 -0.473933 1.211880 -1.072485 -1.058616 -0.979606
    18 1.789782 0.000002 -0.000006 0.002263 -0.002469 -0.033182
    19 1.206999 -0.000001 -0.000002 0.000577 0.000179 0.170190
    20 -0.221558 -2.662109 -5.308594 -1.668474 1.286518 2.942953
    21 6.028141 0.000000 -0.000002 1.232202 0.716991 -1.244781
    22 11.692554 0.000000 -0.000003 -0.000002 0.000000 -1.059206
    23 11.481705 -0.000001 -0.000004 -0.943437 0.556461 0.384918
    24 4.003906 -0.205811 0.920898 0.499449 0.024964 -1.213607
    25 1.312565 -0.000004 -0.000002 0.002647 -0.000003 0.000662
    26 0.729366 -0.000004 0.000000 0.000000 0.002340 -1.574072
    27 4.222656 -0.111389 0.298096 0.146084 0.138555 -1.218293
    28 1.539104 0.000000 0.000001 0.021591 0.038691 -0.274898
    29 1.196322 0.000002 -0.000003 0.423018 0.188641 -2.054833
    30 3.883663 -0.050303 -0.431042 -0.048581 0.146519 -0.770215
    31 1.719584 0.000002 0.000006 -0.012269 0.089737 -0.735530
    32 1.209187 0.000004 0.000006 -0.004385 -0.003177 -1.490430
    33 3.859837 -0.148918 -1.331282 -0.321407 0.389554 -0.535029
    34 1.719431 0.000004 0.000013 0.007830 0.063159 -0.159722
    35 1.099665 0.000000 0.000007 -0.007433 -0.004262 -0.357454
    36 0.873535 -0.422119 -1.297852 1.277698 0.356538 -0.669644
    37 1.789785 -0.000006 -0.000010 -0.000498 -0.000088 -0.108780
    38 1.206999 -0.000001 -0.000008 -0.000493 -0.000238 0.720590
    39 -7.017637 -21.306977 -9.575967 1.886053 0.374181 -3.044641
    40 -0.000002 3.287109 -0.573233 0.000000 0.000000 0.000000
    41 -0.000002 2.156256 -2.244137 0.000000 0.000000 0.000000
    42 -0.000003 2.917979 -4.039055 0.000000 0.000000 0.000000
    43 -0.097351 5.335948 -3.376940 0.000000 0.000000 0.000000
    44 -26.307882 -7.029838 -18.908522 1.886087 0.374203 -3.044676
  time 25
    0 0.000000 -0.000006 0.000000 -1.570781 -1.391896 -1.570809
    1 -10.826419 6.926729 5.277606 1.596636 -1.286515 2.942963
    2 6.028145 0.000003 0.000002 -1.114382 -0.380644 -1.432686
    3 11.692553 0.000081 -0.000005 -0.000063 0.000024 -2.095428
    4 11.481672 -0.000089 -0.000024 3.427734 0.016846 0.796148
    5 3.859699 -0.142417 -1.191975 -0.468129 0.151538 -0.880197
    6 1.312563 -0.000008 0.000005 0.000000 -0.000003 -0.439723
    7 0.729362 -0.000008 0.000001 0.000001 -0.000003 -0.244304
    8 3.942329 0.046753 -0.431444 -0.151780 0.073202 -0.810991
    9 1.539093 0.000006 -0.000007 -0.000002 0.000006 -0.247791
    10 1.196322 -0.000008 0.000002 0.000001 -0.000007 -0.430811
    11 3.883690 -0.046783 0.431443 0.085902 0.021835 -0.587865
    12 1.719580 -0.000010 0.000009 0.000002 0.005514 -0.366480
    13 1.209183 -0.000004 0.000003 0.000000 0.003091 -0.216394
    14 3.859856 -0.137962 1.332466 0.354450 -0.042751 -0.531725
    15 1.719433 0.000002 -0.000004 -0.000004 0.004079 -0.363004
    16 1.099676 -0.000006 0.000003 0.000005 0.002595 -0.244332
    17 0.966203 -0.473933 1.211880 -1.051909 -1.084044 -1.002385
    18 1.789782 0.000002 -0.000006 0.003018 -0.002551 -0.051859
    19 1.206999 -0.000001 -0.000002 0.000613 0.000227 0.156549
    20 -0.221558 -2.662109 -5.308594 -1.668474 1.286518 2.942953
    21 6.028141 0.000000 -0.000002 1.222572 0.718463 -1.253029
    22 11.692554 0.000000 -0.000003 -0.000002 0.000000 -1.054612
    23 11.481705 -0.000001 -0.000004 -0.955565 0.567398 0.383992
    24 4.003906 -0.205811 0.920898 0.499449 0.024964 -1.213607
    25 1.312565 -0.000004 -0.000002 0.002647 -0.000003 0.000662
    26 0.729366 -0.000004 0.000000 0.000000 0.002340 -1.574072
    27 4.222656 -0.111389 0.298096 0.146084 0.138555 -1.218293
    28 1.539104 0.000000 0.000001 0.021591 0.038691 -0.274898
    29 1.196322 0.000002 -0.000003 0.423018 0.188641 -2.054833
    30 3.883663 -0.050303 -0.431042 -0.048581 0.146519 -0.770215
    31 1.719584 0.000002 0.000006 -0.012269 0.089737 -0.735530
    32 1.209187 0.000004 0.000006 -0.004385 -0.003177 -1.490430
    33 3.859837 -0.148918 -1.331282 -0.321407 0.389554 -0.535029
    34 1.719431 0.000004 0.000013 0.007830 0.063159 -0.159722
    35 1.099665 0.000000 0.000007 -0.007433 -0.004262 -0.357454
    36 0.873535 -0.422119 -1.297852 1.277698 0.356538 -0.669644
    37 1.789785 -0.000006 -0.000010 -0.000498 -0.000088 -0.108780
    38 1.206999 -0.000001 -0.000008 -0.000493 -0.000238 0.720590
    39 -6.896540 -21.303071 -9.618937 1.882087 0.362179 -3.048642
    40 -0.000002 3.287109 -0.573233 0.000000 0.000000 0.000000
    41 -0.000002 2.156256 -2.244137 0.000000 0.000000 0.000000
    42 -0.000003 2.917979 -4.039055 0.000000 0.000000 0.000000
    43 -0.097351 5.335948 -3.376940 0.000000 0.000000 0.000000
    44 -26.261006 -6.951711 -18.678046 1.882114 0.362208 -3.048604
  time 26
    0 0.000000 -0.000006 0.000000 -1.570781 -1.391896 -1.570809
    1 -10.873296 6.852508 5.340108 1.596636 -1.286515 2.942963
    2 6.028145 0.000003 0.000002 -0.884628 -0.102651 -1.203233
    3 11.692553 0.000081 -0.000005 -0.000075 0.000024 -2.354203
    4 11.481672 -0.000089 -0.000024 3.378032 -0.269078 0.711989
    5 3.859699 -0.142417 -1.191975 -0.468129 0.151538 -0.880197
    6 1.312563 -0.000008 0.000005 0.000000 -0.000003 -0.439723
    7 0.729362 -0.000008 0.000001 0.000001 -0.000003 -0.244304
    8 3.942329 0.046753 -0.431444 -0.151780 0.073202 -0.810991
    9 1.539093 0.000006 -0.000007 -0.000002 0.000006 -0.247791
    10 1.196322 -0.000008 0.000002 0.000001 -0.000007 -0.430811
    11 3.883690 -0.046783 0.431443 0.085902 0.021835 -0.587865
    12 1.719580 -0.000010 0.000009 0.000002 0.005514 -0.366480
    13 1.209183 -0.000004 0.000003 0.000000 0.003091 -0.216394
    14 3.859856 -0.137962 1.332466 0.354450 -0.042751 -0.531725
    15 1.719433 0.000002 -0.000004 -0.000004 0.004079 -0.363004
    16 1.099676 -0.000006 0.000003 0.000005 0.002595 -0.244332
    17 0.966203 -0.473933 1.211880 -1.043147 -1.093191 -1.011445
    18 1.789782 0.000002 -0.000006 0.003917 -0.002489 -0.059181
    19 1.206999 -0.000001 -0.000002 0.000613 0.000287 0.151374
    20 -0.221558 -2.662109 -5.308594 -1.668474 1.286518 2.942953
    21 6.028141 0.000000 -0.000002 1.213800 0.720253 -1.260708
    22 11.692554 0.000000 -0.000003 -0.000002 0.000000 -1.050018
    23 11.481705 -0.000001 -0.000004 -0.963771 0.574972 0.386029
    24 4.003906 -0.205811 0.920898 0.499449 0.024964 -1.213607
    25 1.312565 -0.000004 -0.000002 0.002647 -0.000003 0.000662
    26 0.729366 -0.000004 0.000000 0.000000 0.002340 -1.574072
    27 4.222656 -0.111389 0.298096 0.146084 0.138555 -1.218293
    28 1.539104 0.000000 0.000001 0.021591 0.038691 -0.274898
    29 1.196322 0.000002 -0.000003 0.423018 0.188641 -2.054833
    30 3.883663 -0.050303 -0.431042 -0.048581 0.146519 -0.770215
    31 1.719584 0.000002 0.000006 -0.012269 0.089737 -0.735530
    32 1.209187 0.000004 0.000006 -0.004385 -0.003177 -1.490430
    33 3.859837 -0.148918 -1.331282 -0.321407 0.389554 -0.535029
    34 1.719431 0.000004 0.000013 0.007830 0.063159 -0.159722
    35 1.099665 0.000000 0.000007 -0.007433 -0.004262 -0.357454
    36 0.873535 -0.422119 -1.297852 1.277698 0.356538 -0.669644
    37 1.789785 -0.000006 -0.000010 -0.000498 -0.000088 -0.108780
    38 1.206999 -0.000001 -0.000008 -0.000493 -0.000238 0.720590
    39 -6.775442 -21.299165 -9.669720 1.876138 0.353720 -3.051889
    40 -0.000002 3.287109 -0.573233 0.000000 0.000000 0.000000
    41 -0.000002 2.156256 -2.244137 0.000000 0.000000 0.000000
    42 -0.000003 2.917979 -4.039055 0.000000 0.000000 0.000000
    43 -0.097351 5.335948 -3.376940 0.000000 0.000000 0.000000
    44 -26.206316 -6.885303 -18.482728 1.876102 0.353713 -3.051957
  time 27
    0 0.000000 -0.000006 0.000000 -1.570781 -1.391896 -1.570809
    1 -10.888921 6.829070 5.359639 1.596636 -1.286515 2.942963
    2 6.028145 0.000003 0.000002 -0.948972 -0.093778 -1.223650
    3 11.692553 0.000081 -0.000005 -0.000075 0.000024 -2.368984
    4 11.481672 -0.000089 -0.000024 3.137992 -0.354501 0.665816
    5 3.859699 -0.142417 -1.191975 -0.470539 -0.028566 -0.604549
    6 1.312563 -0.000008 0.000005 -0.025899 -0.017752 -0.131662
    7 0.729362 -0.000008 0.000001 -0.004745 0.022121 -1.146815
    8 3.942329 0.046753 -0.431444 -0.169026 -0.017653 -0.520280
    9 1.539093 0.000006 -0.000007 0.006673 -0.088141 -0.649797
    10 1.196322 -0.000008 0.000002 0.005334 0.004020 -1.858381
    11 3.883690 -0.046783 0.431443 0.067793 -0.061638 -0.458732
    12 1.719580 -0.000010 0.000009 -0.000549 -0.027000 -0.617965
    13 1.209183 -0.000004 0.000003 -0.000096 0.000347 -1.682156
    14 3.859856 -0.137962 1.332466 0.340573 -0.110632 -0.407083
    15 1.719433 0.000002 -0.000004 0.001159 -0.006324 -0.652423
    16 1.099676 -0.000006 0.000003 -0.001505 0.000917 -1.461282
    17 0.966203 -1.165361 0.661082 -0.836836 -0.820243 -0.893627
    18 1.789782 0.000002 -0.000006 0.106193 0.148670 0.928661
    19 1.206999 -0.000001 -0.000002 -0.019173 0.178546 0.901838
    20 -0.221558 -2.662109 -5.308594 -1.668474 1.286518 2.942953
    21 6.028141 0.000000 -0.000002 1.205982 0.722083 -1.267628
    22 11.692554 0.000000 -0.000003 -0.000002 0.000000 -1.045618
    23 11.481705 -0.000001 -0.000004 -0.966245 0.578803 0.390844
    24 4.003906 -0.205811 0.920898 0.499449 0.024964 -1.213607
    25 1.312565 -0.000004 -0.000002 0.002647 -0.000003 0.000662
    26 0.729366 -0.000004 0.000000 0.000000 0.002340 -1.574072
    27 4.222656 -0.111389 0.298096 0.146084 0.138555 -1.218293
    28 1.539104 0.000000 0.000001 0.021591 0.038691 -0.274898
    29 1.196322 0.000002 -0.000003 0.423018 0.188641 -2.054833
    30 3.883663 -0.050303 -0.431042 -0.048581 0.146519 -0.770215
    31 1.719584 0.000002 0.000006 -0.012269 0.089737 -0.735530
    32 1.209187 0.000004 0.000006 -0.004385 -0.003177 -1.490430
    33 3.859837 -0.148918 -1.331282 -0.321407 0.389554 -0.535029
    34 1.719431 0.000004 0.000013 0.007830 0.063159 -0.159722
    35 1.099665 0.000000 0.000007 -0.007433 -0.004262 -0.357454
    36 0.873535 -0.422119 -1.297852 1.277698 0.356538 -0.669644
    37 1.789785 -0.000006 -0.000010 -0.000498 -0.000088 -0.108780
    38 1.206999 -0.000001 -0.000008 -0.000493 -0.000238 0.720590
    39 -6.662157 -21.299165 -9.720503 1.868867 0.350511 -3.054093
    40 -0.000002 3.287109 -0.573233 0.000000 0.000000 0.000000
    41 -0.000002 2.156256 -2.244137 0.000000 0.000000 0.000000
    42 -0.000003 2.917979 -4.039055 0.000000 0.000000 0.000000
    43 -0.097351 5.335948 -3.376940 0.000000 0.000000 0.000000
    44 1.821883 -14.498816 -17.916304 3.283640 1.288336 -7.723622
  time 28
    0 0.000000 -0.000006 0.000000 -1.570781 -1.391896 -1.570809
    1 -10.865483 6.848602 5.332295 1.596636 -1.286515 2.942963
    2 6.028145 0.000003 0.000002 -1.057223 -0.194189 -1.324304
    3 11.692553 0.000081 -0.000005 -0.000075 0.000024 -2.267867
    4 11.481672 -0.000089 -0.000024 3.159432 -0.228455 0.696031
    5 3.859699 -0.142417 -1.191975 -0.470539 -0.028566 -0.604549
    6 1.312563 -0.000008 0.000005 -0.025899 -0.017752 -0.131662
    7 0.729362 -0.000008 0.000001 -0.004745 0.022121 -1.146815
    8 3.942329 0.046753 -0.431444 -0.169026 -0.017653 -0.520280
    9 1.539093 0.000006 -0.000007 0.006673 -0.088141 -0.649797
    10 1.196322 -0.000008 0.000002 0.005334 0.004020 -1.858381
    11 3.883690 -0.046783 0.431443 0.067793 -0.061638 -0.458732
    12 1.719580 -0.000010 0.000009 -0.000549 -0.027000 -0.617965
    13 1.209183 -0.000004 0.000003 -0.000096 0.000347 -1.682156
    14 3.859856 -0.137962 1.332466 0.340573 -0.110632 -0.407083
    15 1.719433 0.000002 -0.000004 0.001159 -0.006324 -0.652423
    16 1.099676 -0.000006 0.000003 -0.001505 0.000917 -1.461282
    17 0.966203 -1.165361 0.661082 -0.836836 -0.820243 -0.893627
    18 1.789782 0.000002 -0.000006 0.106193 0.148670 0.928661
    19 1.206999 -0.000001 -0.000002 -0.019173 0.178546 0.901838
    20 -0.221558 -2.662109 -5.308594 -1.668474 1.286518 2.942953
    21 6.028141 0.000000 -0.000002 1.199404 0.723715 -1.273506
    22 11.692554 0.000000 -0.000003 -0.000002 0.000000 -1.041671
    23 11.481705 -0.000001 -0.000004 -0.961297 0.578423 0.398214
    24 4.003906 -0.205811 0.920898 0.499449 0.024964 -1.213607
    25 1.312565 -0.000004 -0.000002 0.002647 -0.000003 0.000662
    26 0.729366 -0.000004 0.000000 0.000000 0.002340 -1.574072
    27 4.222656 -0.111389 0.298096 0.146084 0.138555 -1.218293
    28 1.539104 0.000000 0.000001 0.021591 0.038691 -0.274898
    29 1.196322 0.000002 -0.000003 0.423018 0.188641 -2.054833
    30 3.883663 -0.050303 -0.431042 -0.048581 0.146519 -0.770215
    31 1.719584 0.000002 0.000006 -0.012269 0.089737 -0.735530
    32 1.209187 0.000004 0.000006 -0.004385 -0.003177 -1.490430
    33 3.859837 -0.148918 -1.331282 -0.321407 0.389554 -0.535029
    34 1.719431 0.000004 0.000013 0.007830 0.063159 -0.159722
    35 1.099665 0.000000 0.000007 -0.007433 -0.004262 -0.357454
    36 0.873535 -0.422119 -1.297852 1.277698 0.356538 -0.669644
    37 1.789785 -0.000006 -0.000010 -0.000498 -0.000088 -0.108780
    38 1.206999 -0.000001 -0.000008 -0.000493 -0.000238 0.720590
    39 -6.556685 -21.299165 -9.775192 1.861228 0.354345 -3.054731
    40 -0.000002 3.287109 -0.573233 0.000000 0.000000 0.000000
    41 -0.000002 2.156256 -2.244137 0.000000 0.000000 0.000000
    42 -0.000003 2.917979 -4.039055 0.000000 0.000000 0.000000
    43 -0.097351 5.335948 -3.376940 0.000000 0.000000 0.000000
    44 1.825789 -16.065270 -17.365506 3.279405 1.288375 -7.729849
  time 29
    0 0.000000 -0.000006 0.000000 -1.570781 -1.391896 -1.570809
    1 -10.802981 6.911104 5.250261 1.596636 -1.286515 2.942963
    2 6.028145 0.000003 0.000002 -1.111508 -0.295903 -1.387368
    3 11.692553 0.000081 -0.000005 -0.000063 0.000024 -2.174492
    4 11.481672 -0.000089 -0.000024 3.172251 -0.150876 0.705550
    5 3.859699 -0.142417 -1.191975 -0.470539 -0.028566 -0.604549
    6 1.312563 -0.000008 0.000005 -0.025899 -0.017752 -0.131662
    7 0.729362 -0.000008 0.000001 -0.004745 0.022121 -1.146815
    8 3.942329 0.046753 -0.431444 -0.169026 -0.017653 -0.520280
    9 1.539093 0.000006 -0.000007 0.006673 -0.088141 -0.649797
    10 1.196322 -0.000008 0.000002 0.005334 0.004020 -1.858381
    11 3.883690 -0.046783 0.431443 0.067793 -0.061638 -0.458732
    12 1.719580 -0.000010 0.000009 -0.000549 -0.027000 -0.617965
    13 1.209183 -0.000004 0.000003 -0.000096 0.000347 -1.682156
    14 3.859856 -0.137962 1.332466 0.340573 -0.110632 -0.407083
    15 1.719433 0.000002 -0.000004 0.001159 -0.006324 -0.652423
    16 1.099676 -0.000006 0.000003 -0.001505 0.000917 -1.461282
    17 0.966203 -1.165361 0.661082 -0.836836 -0.820243 -0.893627
    18 1.789782 0.000002 -0.000006 0.106193 0.148670 0.928661
    19 1.206999 -0.000001 -0.000002 -0.019173 0.178546 0.901838
    20 -0.221558 -2.662109 -5.308594 -1.668474 1.286518 2.942953
    21 6.028141 0.000000 -0.000002 1.193969 0.725187 -1.278436
    22 11.692554 0.000000 -0.000003 -0.000002 0.000000 -1.038112
    23 11.481705 -0.000001 -0.000004 -0.948928 0.574387 0.407770
    24 4.003906 -0.205811 0.920898 0.499449 0.024964 -1.213607
    25 1.312565 -0.000004 -0.000002 0.002647 -0.000003 0.000662
    26 0.729366 -0.000004 0.000000 0.000000 0.002340 -1.574072
    27 4.222656 -0.111389 0.298096 0.146084 0.138555 -1.218293
    28 1.539104 0.000000 0.000001 0.021591 0.038691 -0.274898
    29 1.196322 0.000002 -0.000003 0.423018 0.188641 -2.054833
    30 3.883663 -0.050303 -0.431042 -0.048581 0.146519 -0.770215
    31 1.719584 0.000002 0.000006 -0.012269 0.089737 -0.735530
    32 1.209187 0.000004 0.000006 -0.004385 -0.003177 -1.490430
    33 3.859837 -0.148918 -1.331282 -0.321407 0.389554 -0.535029
    34 1.719431 0.000004 0.000013 0.007830 0.063159 -0.159722
    35 1.099665 0.000000 0.000007 -0.007433 -0.004262 -0.357454
    36 0.873535 -0.422119 -1.297852 1.277698 0.356538 -0.669644
    37 1.789785 -0.000006 -0.000010 -0.000498 -0.000088 -0.108780
    38 1.206999 -0.000001 -0.000008 -0.000493 -0.000238 0.720590
    39 -6.459026 -21.299165 -9.825975 1.853443 0.365097 -3.054325
    40 -0.000002 3.287109 -0.573233 0.000000 0.000000 0.000000
    41 -0.000002 2.156256 -2.244137 0.000000 0.000000 0.000000
    42 -0.000003 2.917979 -4.039055 0.000000 0.000000 0.000000
    43 -0.097351 5.335948 -3.376940 0.000000 0.000000 0.000000
    44 1.716411 -17.369998 -16.720955 3.266127 1.275397 -7.751116
  time 30
    0 0.000000 -0.000006 0.000000 -1.570781 -1.391896 -1.570809
    1 -10.705322 7.012669 5.121351 1.596636 -1.286515 2.942963
    2 6.028145 0.000003 0.000002 -1.135378 -0.387726 -1.431160
    3 11.692553 0.000081 -0.000005 -0.000063 0.000036 -2.091753
    4 11.481672 -0.000089 -0.000024 3.179448 -0.097688 0.698100
    5 3.859699 -0.142417 -1.191975 -0.470552 -0.028571 -0.604521
    6 1.312563 -0.000008 0.000005 -0.025902 -0.017762 -0.131639
    7 0.729362 -0.000008 0.000001 -0.004748 0.022130 -1.146827
    8 3.942329 0.046753 -0.431444 -0.169026 -0.017653 -0.520280
    9 1.539093 0.000006 -0.000007 0.006680 -0.088139 -0.649832
    10 1.196322 -0.000008 0.000002 0.005336 0.004030 -1.858398
    11 3.883690 -0.046783 0.431443 0.067783 -0.061648 -0.458718
    12 1.719580 -0.000010 0.000009 -0.000551 -0.027002 -0.617972
    13 1.209183 -0.000004 0.000003 -0.000097 0.000335 -1.682184
    14 3.859856 -0.137962 1.332466 0.340565 -0.110640 -0.407069
    15 1.719433 0.000002 -0.000004 0.001162 -0.006326 -0.652430
    16 1.099676 -0.000006 0.000003 -0.001510 0.000916 -1.461308
    17 0.968262 -1.166992 0.660645 -0.836825 -0.820260 -0.893629
    18 1.789782 0.000002 -0.000006 0.106199 0.148681 0.928671
    19 1.206999 -0.000001 -0.000002 -0.019177 0.178548 0.901837
    20 -0.221558 -2.662109 -5.308594 -1.668474 1.286518 2.942953
    21 6.028141 0.000000 -0.000002 1.189393 0.726500 -1.282512
    22 11.692554 0.000000 -0.000003 -0.000002 0.000000 -1.035071
    23 11.481705 -0.000001 -0.000004 -0.930163 0.567690 0.419178
    24 4.003906 -0.205811 0.920898 0.499449 0.024964 -1.213607
    25 1.312565 -0.000004 -0.000002 0.002647 -0.000003 0.000662
    26 0.729366 -0.000004 0.000000 0.000000 0.002340 -1.574072
    27 4.222656 -0.111389 0.298096 0.146084 0.138555 -1.218293
    28 1.539104 0.000000 0.000001 0.021591 0.038691 -0.274898
    29 1.196322 0.000002 -0.000003 0.423018 0.188641 -2.054833
    30 3.883663 -0.050303 -0.431042 -0.048581 0.146519 -0.770215
    31 1.719584 0.000002 0.000006 -0.012269 0.089737 -0.735530
    32 1.209187 0.000004 0.000006 -0.004385 -0.003177 -1.490430
    33 3.859837 -0.148918 -1.331282 -0.321407 0.389554 -0.535029
    34 1.719431 0.000004 0.000013 0.007830 0.063159 -0.159722
    35 1.099665 0.000000 0.000007 -0.007433 -0.004262 -0.357454
    36 0.873535 -0.422119 -1.297852 1.277698 0.356538 -0.669644
    37 1.789785 -0.000006 -0.000010 -0.000498 -0.000088 -0.108780
    38 1.206999 -0.000001 -0.000008 -0.000493 -0.000238 0.720590
    39 -6.373086 -21.299165 -9.876757 1.845732 0.381849 -3.053745
    40 -0.000002 3.287109 -0.573233 0.000000 0.000000 0.000000
    41 -0.000002 2.156256 -2.244137 0.000000 0.000000 0.000000
    42 -0.000003 2.917979 -4.039055 0.000000 0.000000 0.000000
    43 -0.097351 5.335948 -3.376940 0.000000 0.000000 0.000000
    44 1.489841 -18.452062 -16.006089 3.248458 1.250857 -7.782154
  time 31
    0 0.000000 -0.000006 0.000000 -1.570781 -1.391896 -1.570809
    1 -10.568599 7.145486 4.945564 1.596636 -1.286515 2.942963
    2 6.028145 0.000003 0.000002 -1.139529 -0.466892 -1.464838
    3 11.692553 0.000081 -0.000005 -0.000063 0.000036 -2.020744
    4 11.481672 -0.000089 -0.000024 3.183271 -0.059132 0.677405
    5 3.859699 -0.142417 -1.191975 -0.470552 -0.028571 -0.604521
    6 1.312563 -0.000008 0.000005 -0.025902 -0.017762 -0.131639
    7 0.729362 -0.000008 0.000001 -0.004748 0.022130 -1.146827
    8 3.942329 0.046753 -0.431444 -0.169026 -0.017653 -0.520280
    9 1.539093 0.000006 -0.000007 0.006680 -0.088139 -0.649832
    10 1.196322 -0.000008 0.000002 0.005336 0.004030 -1.858398
    11 3.883690 -0.046783 0.431443 0.067783 -0.061648 -0.458718
    12 1.719580 -0.000010 0.000009 -0.000551 -0.027002 -0.617972
    13 1.209183 -0.000004 0.000003 -0.000097 0.000335 -1.682184
    14 3.859856 -0.137962 1.332466 0.340565 -0.110640 -0.407069
    15 1.719433 0.000002 -0.000004 0.001162 -0.006326 -0.652430
    16 1.099676 -0.000006 0.000003 -0.001510 0.000916 -1.461308
    17 0.968262 -1.166992 0.660645 -0.836825 -0.820260 -0.893629
    18 1.789782 0.000002 -0.000006 0.106199 0.148681 0.928671
    19 1.206999 -0.000001 -0.000002 -0.019177 0.178548 0.901837
    20 -0.221558 -2.662109 -5.308594 -1.668474 1.286518 2.942953
    21 6.028141 0.000000 -0.000002 1.185960 0.727574 -1.285736
    22 11.692554 0.000000 -0.000003 -0.000002 0.000000 -1.032547
    23 11.481705 -0.000001 -0.000004 -0.906390 0.558713 0.431475
    24 4.003906 -0.205811 0.920898 0.499449 0.024964 -1.213607
    25 1.312565 -0.000004 -0.000002 0.002647 -0.000003 0.000662
    26 0.729366 -0.000004 0.000000 0.000000 0.002340 -1.574072
    27 4.222656 -0.111389 0.298096 0.146084 0.138555 -1.218293
    28 1.539104 0.000000 0.000001 0.021591 0.038691 -0.274898
    29 1.196322 0.000002 -0.000003 0.423018 0.188641 -2.054833
    30 3.883663 -0.050303 -0.431042 -0.048581 0.146519 -0.770215
    31 1.719584 0.000002 0.000006 -0.012269 0.089737 -0.735530
    32 1.209187 0.000004 0.000006 -0.004385 -0.003177 -1.490430
    33 3.859837 -0.148918 -1.331282 -0.321407 0.389554 -0.535029
    34 1.719431 0.000004 0.000013 0.007830 0.063159 -0.159722
    35 1.099665 0.000000 0.000007 -0.007433 -0.004262 -0.357454
    36 0.873535 -0.422119 -1.297852 1.277698 0.356538 -0.669644
    37 1.789785 -0.000006 -0.000010 -0.000498 -0.000088 -0.108780
    38 1.206999 -0.000001 -0.000008 -0.000493 -0.000238 0.720590
    39 -6.302771 -21.299165 -9.919727 1.838534 0.403519 -3.052875
    40 -0.000002 3.287109 -0.573233 0.000000 0.000000 0.000000
    41 -0.000002 2.156256 -2.244137 0.000000 0.000000 0.000000
    42 -0.000003 2.917979 -4.039055 0.000000 0.000000 0.000000
    43 -0.097351 5.335948 -3.376940 0.000000 0.000000 0.000000
    44 1.153893 -19.330995 -15.252160 3.231207 1.216091 -7.817023
  time 32
    0 0.000000 -0.000006 0.000000 -1.570781 -1.391896 -1.570809
    1 -10.404531 7.309553 4.730714 1.596636 -1.286515 2.942963
    2 6.028145 0.000003 0.000002 -1.129311 -0.533765 -1.493747
    3 11.692553 0.000081 -0.000005 -0.000063 0.000036 -1.960762
    4 11.481672 -0.000089 -0.000024 3.185295 -0.030840 0.646133
    5 3.859699 -0.142417 -1.191975 -0.470552 -0.028571 -0.604521
    6 1.312563 -0.000008 0.000005 -0.025902 -0.017762 -0.131639
    7 0.729362 -0.000008 0.000001 -0.004748 0.022130 -1.146827
    8 3.942329 0.046753 -0.431444 -0.169026 -0.017653 -0.520280
    9 1.539093 0.000006 -0.000007 0.006680 -0.088139 -0.649832
    10 1.196322 -0.000008 0.000002 0.005336 0.004030 -1.858398
    11 3.883690 -0.046783 0.431443 0.067783 -0.061648 -0.458718
    12 1.719580 -0.000010 0.000009 -0.000551 -0.027002 -0.617972
    13 1.209183 -0.000004 0.000003 -0.000097 0.000335 -1.682184
    14 3.859856 -0.137962 1.332466 0.340565 -0.110640 -0.407069
    15 1.719433 0.000002 -0.000004 0.001162 -0.006326 -0.652430
    16 1.099676 -0.000006 0.000003 -0.001510 0.000916 -1.461308
    17 0.968262 -1.166992 0.660645 -0.836825 -0.820260 -0.893629
    18 1.789782 0.000002 -0.000006 0.106199 0.148681 0.928671
    19 1.206999 -0.000001 -0.000002 -0.019177 0.178548 0.901837
    20 -0.221558 -2.662109 -5.308594 -1.668474 1.286518 2.942953
    21 6.028141 0.000000 -0.000002 1.183672 0.728369 -1.287916
    22 11.692554 0.000000 -0.000003 -0.000002 0.000000 -1.030477
    23 11.481705 -0.000001 -0.000004 -0.878756 0.547834 0.443697
    24 4.003906 -0.205811 0.920898 0.499449 0.024964 -1.213607
    25 1.312565 -0.000004 -0.000002 0.002647 -0.000003 0.000662
    26 0.729366 -0.000004 0.000000 0.000000 0.002328 -1.574072
    27 4.222656 -0.111389 0.298096 0.146084 0.138555 -1.218293
    28 1.539104 0.000000 0.000001 0.021591 0.038691 -0.274898
    29 1.196322 0.000002 -0.000003 0.423018 0.188641 -2.054833
    30 3.883663 -0.050303 -0.431042 -0.048581 0.146519 -0.770215
    31 1.719584 0.000002 0.000006 -0.012269 0.089737 -0.735530
    32 1.209187 0.000004 0.000006 -0.004385 -0.003177 -1.490430
    33 3.859837 -0.148918 -1.331282 -0.321407 0.389554 -0.535029
    34 1.719431 0.000004 0.000013 0.007830 0.063159 -0.159722
    35 1.099665 0.000000 0.000007 -0.007433 -0.004262 -0.357454
    36 0.873535 -0.422119 -1.297852 1.277698 0.356538 -0.669644
    37 1.789785 -0.000006 -0.000010 -0.000498 -0.000088 -0.108780
    38 1.206999 -0.000001 -0.000008 -0.000493 -0.000238 0.720590
    39 -6.244176 -21.299165 -9.958791 1.832291 0.429190 -3.051773
    40 -0.000002 3.287109 -0.573233 0.000000 0.000000 0.000000
    41 -0.000002 2.156256 -2.244137 0.000000 0.000000 0.000000
    42 -0.000003 2.917979 -4.039055 0.000000 0.000000 0.000000
    43 -0.097351 5.335948 -3.376940 0.000000 0.000000 0.000000
    44 0.700755 -20.045861 -14.478699 3.217667 1.172516 -7.851414
  time 33
    0 0.000000 -0.000006 0.000000 -1.570781 -1.391896 -1.570809
    1 -10.213119 7.500965 4.480706 1.596636 -1.286515 2.942963
    2 6.028145 0.000003 0.000002 -1.107677 -0.588956 -1.520937
    3 11.692553 0.000081 -0.000005 -0.000063 0.000036 -1.910712
    4 11.481672 -0.000089 -0.000024 3.187319 -0.010665 0.606353
    5 3.859699 -0.142417 -1.191975 -0.470552 -0.028571 -0.604521
    6 1.312563 -0.000008 0.000005 -0.025902 -0.017762 -0.131639
    7 0.729362 -0.000008 0.000001 -0.004748 0.022130 -1.146827
    8 3.942329 0.046753 -0.431444 -0.169026 -0.017653 -0.520280
    9 1.539093 0.000006 -0.000007 0.006680 -0.088139 -0.649832
    10 1.196322 -0.000008 0.000002 0.005336 0.004030 -1.858398
    11 3.883690 -0.046783 0.431443 0.067783 -0.061648 -0.458718
    12 1.719580 -0.000010 0.000009 -0.000551 -0.027002 -0.617972
    13 1.209183 -0.000004 0.000003 -0.000097 0.000335 -1.682184
    14 3.859856 -0.137962 1.332466 0.340565 -0.110640 -0.407069
    15 1.719433 0.000002 -0.000004 0.001162 -0.006326 -0.652430
    16 1.099676 -0.000006 0.000003 -0.001510 0.000916 -1.461308
    17 0.968262 -1.166992 0.660645 -0.836825 -0.820260 -0.893629
    18 1.789782 0.000002 -0.000006 0.106199 0.148681 0.928671
    19 1.206999 -0.000001 -0.000002 -0.019177 0.178548 0.901837
    20 -0.221558 -2.662109 -5.308594 -1.668474 1.286518 2.942953
    21 6.028141 0.000000 -0.000002 1.182433 0.728847 -1.288959
    22 11.692554 0.000000 -0.000003 -0.000002 0.000000 -1.029053
    23 11.481705 -0.000001 -0.000004 -0.848527 0.535581 0.455031
    24 4.003906 -0.205811 0.920898 0.499449 0.024964 -1.213607
    25 1.312565 -0.000004 -0.000002 0.002647 -0.000003 0.000662
    26 0.729366 -0.000004 0.000000 0.000000 0.002340 -1.574072
    27 4.222656 -0.111389 0.298096 0.146084 0.138555 -1.218293
    28 1.539104 0.000000 0.000001 0.021591 0.038691 -0.274898
    29 1.196322 0.000002 -0.000003 0.423018 0.188641 -2.054833
    30 3.883663 -0.050303 -0.431042 -0.048581 0.146519 -0.770215
    31 1.719584 0.000002 0.000006 -0.012269 0.089737 -0.735530
    32 1.209187 0.000004 0.000006 -0.004385 -0.003177 -1.490430
    33 3.859837 -0.148918 -1.331282 -0.321407 0.389554 -0.535029
    34 1.719431 0.000004 0.000013 0.007830 0.063159 -0.159722
    35 1.099665 0.000000 0.000007 -0.007433 -0.004262 -0.357454
    36 0.873535 -0.422119 -1.297852 1.277698 0.356538 -0.669644
    37 1.789785 -0.000006 -0.000010 -0.000498 -0.000088 -0.108780
    38 1.206999 -0.000001 -0.000008 -0.000493 -0.000238 0.720590
    39 -6.205112 -21.299165 -9.990042 1.827444 0.457819 -3.050440
    40 -0.000002 3.287109 -0.573233 0.000000 0.000000 0.000000
    41 -0.000002 2.156256 -2.244137 0.000000 0.000000 0.000000
    42 -0.000003 2.917979 -4.039055 0.000000 0.000000 0.000000
    43 -0.097351 5.335948 -3.376940 0.000000 0.000000 0.000000
    44 0.142144 -20.608378 -13.716957 3.209198 1.121626 -1.599791
  time 34
    0 0.000000 -0.000006 0.000000 -1.570781 -1.391896 -1.570809
    1 -9.998269 7.719722 4.203354 1.596636 -1.286515 2.942963
    2 6.028145 0.000003 0.000002 -1.077820 -0.633036 -1.547651
    3 11.692553 0.000081 -0.000005 -0.000051 0.000036 -1.869577
    4 11.481672 -0.000089 -0.000024 3.190843 0.003500 0.559858
    5 3.859699 -0.142417 -1.191975 -0.470552 -0.028571 -0.604521
    6 1.312563 -0.000008 0.000005 -0.025902 -0.017762 -0.131639
    7 0.729362 -0.000008 0.000001 -0.004748 0.022130 -1.146827
    8 3.942329 0.046753 -0.431444 -0.169026 -0.017653 -0.520280
    9 1.539093 0.000006 -0.000007 0.006680 -0.088139 -0.649832
    10 1.196322 -0.000008 0.000002 0.005336 0.004030 -1.858398
    11 3.883690 -0.046783 0.431443 0.067783 -0.061648 -0.458718
    12 1.719580 -0.000010 0.000009 -0.000551 -0.027002 -0.617972
    13 1.209183 -0.000004 0.000003 -0.000097 0.000335 -1.682184
    14 3.859856 -0.137962 1.332466 0.340565 -0.110640 -0.407069
    15 1.719433 0.000002 -0.000004 0.001162 -0.006326 -0.652430
    16 1.099676 -0.000006 0.000003 -0.001510 0.000916 -1.461308
    17 0.968262 -1.166992 0.660645 -0.836825 -0.820260 -0.893629
    18 1.789782 0.000002 -0.000006 0.106199 0.148681 0.928671
    19 1.206999 -0.000001 -0.000002 -0.019177 0.178548 0.901837
    20 -0.221558 -2.662109 -5.308594 -1.668474 1.286518 2.942953
    21 6.028141 0.000000 -0.000002 1.181861 0.729165 -1.289528
    22 11.692554 0.000000 -0.000003 -0.000002 0.000000 -1.027759
    23 11.481705 -0.000001 -0.000004 -0.816608 0.523036 0.464809
    24 4.003906 -0.205811 0.920898 0.499449 0.024964 -1.213607
    25 1.312565 -0.000004 -0.000002 0.002647 -0.000003 0.000662
    26 0.729366 -0.000004 0.000000 0.000000 0.002340 -1.574072
    27 4.222656 -0.111389 0.298096 0.146084 0.138555 -1.218293
    28 1.539104 0.000000 0.000001 0.021591 0.038691 -0.274898
    29 1.196322 0.000002 -0.000003 0.423018 0.188641 -2.054833
    30 3.883663 -0.050303 -0.431042 -0.048581 0.146519 -0.770215
    31 1.719584 0.000002 0.000006 -0.012269 0.089737 -0.735530
    32 1.209187 0.000004 0.000006 -0.004385 -0.003177 -1.490430
    33 3.859837 -0.148918 -1.331282 -0.321407 0.389554 -0.535029
    34 1.719431 0.000004 0.000013 0.007830 0.063159 -0.159722
    35 1.099665 0.000000 0.000007 -0.007433 -0.004262 -0.357454
    36 0.873535 -0.422119 -1.297852 1.277698 0.356538 -0.669644
    37 1.789785 -0.000006 -0.000010 -0.000498 -0.000088 -0.108780
    38 1.206999 -0.000001 -0.000008 -0.000493 -0.000238 0.720590
    39 -6.177768 -21.299165 -10.009574 1.824506 0.488448 -3.048874
    40 -0.000002 3.287109 -0.573233 0.000000 0.000000 0.000000
    41 -0.000002 2.156256 -2.244137 0.000000 0.000000 0.000000
    42 -0.000003 2.917979 -4.039055 0.000000 0.000000 0.000000
    43 -0.097351 5.335948 -3.376940 0.000000 0.000000 0.000000
    44 -0.502407 -21.049797 -12.986466 3.205853 1.064994 -1.627667
  time 35
    0 0.000000 -0.000006 0.000000 -1.570781 -1.391896 -1.570809
    1 -9.763887 7.954104 3.894751 1.596636 -1.286515 2.942963
    2 6.028145 0.000003 0.000002 -1.042534 -0.666615 -1.573697
    3 11.692553 0.000081 -0.000005 -0.000051 0.000036 -1.836418
    4 11.481672 -0.000089 -0.000024 3.196765 0.013412 0.508121
    5 3.859699 -0.142417 -1.191975 -0.470552 -0.028571 -0.604521
    6 1.312563 -0.000008 0.000005 -0.025902 -0.017762 -0.131639
    7 0.729362 -0.000008 0.000001 -0.004748 0.022130 -1.146827
    8 3.942329 0.046753 -0.431444 -0.169026 -0.017653 -0.520280
    9 1.539093 0.000006 -0.000007 0.006680 -0.088139 -0.649832
    10 1.196322 -0.000008 0.000002 0.005336 0.004030 -1.858398
    11 3.883690 -0.046783 0.431443 0.067783 -0.061648 -0.458718
    12 1.719580 -0.000010 0.000009 -0.000551 -0.027002 -0.617972
    13 1.209183 -0.000004 0.000003 -0.000097 0.000335 -1.682184
    14 3.859856 -0.137962 1.332466 0.340565 -0.110640 -0.407069
    15 1.719433 0.000002 -0.000004 0.001162 -0.006326 -0.652430
    16 1.099676 -0.000006 0.000003 -0.001510 0.000916 -1.461308
    17 0.968262 -1.166992 0.660645 -0.836825 -0.820260 -0.893629
    18 1.789782 0.000002 -0.000006 0.106199 0.148681 0.928671
    19 1.206999 -0.000001 -0.000002 -0.019177 0.178548 0.901837
    20 -0.221558 -2.662109 -5.308594 -1.668474 1.286518 2.942953
    21 6.028141 0.000000 -0.000002 1.181098 0.729364 -1.290286
    22 11.692554 0.000000 -0.000003 -0.000002 0.000000 -1.026206
    23 11.481705 -0.000001 -0.000004 -0.784026 0.511397 0.472254
    24 4.003906 -0.205811 0.920898 0.499449 0.024964 -1.213607
    25 1.312565 -0.000004 -0.000002 0.002647 -0.000003 0.000662
    26 0.729366 -0.000004 0.000000 0.000000 0.002340 -1.574072
    27 4.222656 -0.111389 0.298096 0.146084 0.138555 -1.218293
    28 1.539104 0.000000 0.000001 0.021591 0.038691 -0.274898
    29 1.196322 0.000002 -0.000003 0.423018 0.188641 -2.054833
    30 3.883663 -0.050303 -0.431042 -0.048581 0.146519 -0.770215
    31 1.719584 0.000002 0.000006 -0.012269 0.089737 -0.735530
    32 1.209187 0.000004 0.000006 -0.004385 -0.003177 -1.490430
    33 3.859837 -0.148918 -1.331282 -0.321407 0.389554 -0.535029
    34 1.719431 0.000004 0.000013 0.007830 0.063159 -0.159722
    35 1.099665 0.000000 0.000007 -0.007433 -0.004262 -0.357454
    36 0.873535 -0.422119 -1.297852 1.277698 0.356538 -0.669644
    37 1.789785 -0.000006 -0.000010 -0.000498 -0.000088 -0.108780
    38 1.206999 -0.000001 -0.000008 -0.000493 -0.000238 0.720590
    39 -6.150423 -21.299165 -10.021293 1.823845 0.520037 -3.047076
    40 -0.000002 3.287109 -0.573233 0.000000 0.000000 0.000000
    41 -0.000002 2.156256 -2.244137 0.000000 0.000000 0.000000
    42 -0.000003 2.917979 -4.039055 0.000000 0.000000 0.000000
    43 -0.097351 5.335948 -3.376940 0.000000 0.000000 0.000000
    44 -1.213366 -21.385745 -12.306758 3.207055 1.004351 -1.651903
  time 36
    0 0.000000 -0.000006 0.000000 -1.570781 -1.391896 -1.570809
    1 -9.513879 8.208018 3.570522 1.596636 -1.286515 2.942963
    2 6.028145 0.000003 0.000002 -1.004694 -0.689897 -1.598217
    3 11.692553 0.000081 -0.000005 -0.000051 0.000036 -1.811002
    4 11.481672 -0.000089 -0.000024 3.205761 0.020553 0.452705
    5 3.859699 -0.142417 -1.191975 -0.470552 -0.028571 -0.604521
    6 1.312563 -0.000008 0.000005 -0.025902 -0.017762 -0.131639
    7 0.729362 -0.000008 0.000001 -0.004748 0.022130 -1.146827
    8 3.942329 0.046753 -0.431444 -0.169026 -0.017653 -0.520280
    9 1.539093 0.000006 -0.000007 0.006680 -0.088139 -0.649832
    10 1.196322 -0.000008 0.000002 0.005336 0.004030 -1.858398
    11 3.883690 -0.046783 0.431443 0.067783 -0.061648 -0.458718
    12 1.719580 -0.000010 0.000009 -0.000551 -0.027002 -0.617972
    13 1.209183 -0.000004 0.000003 -0.000097 0.000335 -1.682184
    14 3.859856 -0.137962 1.332466 0.340565 -0.110640 -0.407069
    15 1.719433 0.000002 -0.000004 0.001162 -0.006326 -0.652430
    16 1.099676 -0.000006 0.000003 -0.001510 0.000916 -1.461308
    17 0.968262 -1.166992 0.660645 -0.836825 -0.820260 -0.893629
    18 1.789782 0.000002 -0.000006 0.106199 0.148681 0.928671
    19 1.206999 -0.000001 -0.000002 -0.019177 0.178548 0.901837
    20 -0.221558 -2.662109 -5.308594 -1.668474 1.286518 2.942953
    21 6.028141 0.000000 -0.000002 1.179954 0.729444 -1.291234
    22 11.692554 0.000000 -0.000003 -0.000002 0.000000 -1.024006
    23 11.481705 -0.000001 -0.000004 -0.751565 0.501659 0.476735
    24 4.003906 -0.205811 0.920898 0.499449 0.024964 -1.213607
    25 1.312565 -0.000004 -0.000002 0.002647 -0.000003 0.000662
    26 0.729366 -0.000004 0.000000 0.000000 0.002328 -1.574072
    27 4.222656 -0.111389 0.298096 0.146084 0.138555 -1.218293
    28 1.539104 0.000000 0.000001 0.021591 0.038691 -0.274898
    29 1.196322 0.000002 -0.000003 0.423018 0.188641 -2.054833
    30 3.883663 -0.050303 -0.431042 -0.048581 0.146519 -0.770215
    31 1.719584 0.000002 0.000006 -0.012269 0.089737 -0.735530
    32 1.209187 0.000004 0.000006 -0.004385 -0.003177 -1.490430
    33 3.859837 -0.148918 -1.331282 -0.321407 0.389554 -0.535029
    34 1.719431 0.000004 0.000013 0.007830 0.063159 -0.159722
    35 1.099665 0.000000 0.000007 -0.007433 -0.004262 -0.357454
    36 0.873535 -0.422119 -1.297852 1.277698 0.356538 -0.669644
    37 1.789785 -0.000006 -0.000010 -0.000498 -0.000088 -0.108780
    38 1.206999 -0.000001 -0.000008 -0.000493 -0.000238 0.720590
    39 -6.126985 -21.299165 -10.029106 1.825975 0.551625 -3.045163
    40 -0.000002 3.287109 -0.573233 0.000000 0.000000 0.000000
    41 -0.000002 2.156256 -2.244137 0.000000 0.000000 0.000000
    42 -0.000003 2.917979 -4.039055 0.000000 0.000000 0.000000
    43 -0.097351 5.335948 -3.376940 0.000000 0.000000 0.000000
    44 -1.963389 -21.631846 -11.697364 3.211708 0.941466 -1.673074
  time 37
    0 0.000000 -0.000006 0.000000 -1.570781 -1.391896 -1.570809
    1 -9.252153 8.473651 3.226762 1.596636 -1.286515 2.942963
    2 6.028145 0.000003 0.000002 -0.966694 -0.703369 -1.619588
    3 11.692553 0.000081 -0.000005 -0.000051 0.000036 -1.793406
    4 11.481672 -0.000089 -0.000024 3.217455 0.025041 0.396875
    5 3.859699 -0.142417 -1.191975 -0.470552 -0.028571 -0.604521
    6 1.312563 -0.000008 0.000005 -0.025902 -0.017762 -0.131639
    7 0.729362 -0.000008 0.000001 -0.004748 0.022130 -1.146827
    8 3.942329 0.046753 -0.431444 -0.169026 -0.017665 -0.520280
    9 1.539093 0.000006 -0.000007 0.006680 -0.088139 -0.649832
    10 1.196322 -0.000008 0.000002 0.005336 0.004030 -1.858398
    11 3.883690 -0.046783 0.431443 0.067783 -0.061648 -0.458718
    12 1.719580 -0.000010 0.000009 -0.000551 -0.027002 -0.617972
    13 1.209183 -0.000004 0.000003 -0.000097 0.000335 -1.682184
    14 3.859856 -0.137962 1.332466 0.340565 -0.110640 -0.407069
    15 1.719433 0.000002 -0.000004 0.001162 -0.006326 -0.652430
    16 1.099676 -0.000006 0.000003 -0.001510 0.000916 -1.461308
    17 0.968262 -1.166992 0.660645 -0.836825 -0.820260 -0.893629
    18 1.789782 0.000002 -0.000006 0.106199 0.148681 0.928671
    19 1.206999 -0.000001 -0.000002 -0.019177 0.178548 0.901837
    20 -0.221558 -2.662109 -5.308594 -1.668474 1.286518 2.942953
    21 6.028141 0.000000 -0.000002 1.178524 0.729483 -1.292467
    22 11.692554 0.000000 -0.000003 -0.000002 0.000000 -1.021483
    23 11.481705 -0.000001 -0.000004 -0.720190 0.493295 0.479402
    24 4.003906 -0.205811 0.920898 0.499449 0.024964 -1.213607
    25 1.312565 -0.000004 -0.000002 0.002647 -0.000003 0.000662
    26 0.729366 -0.000004 0.000000 0.000000 0.002340 -1.574072
    27 4.222656 -0.111389 0.298096 0.146084 0.138555 -1.218293
    28 1.539104 0.000000 0.000001 0.021591 0.038691 -0.274898
    29 1.196322 0.000002 -0.000003 0.423018 0.188641 -2.054833
    30 3.883663 -0.050303 -0.431042 -0.048581 0.146519 -0.770215
    31 1.719584 0.000002 0.000006 -0.012269 0.089737 -0.735530
    32 1.209187 0.000004 0.000006 -0.004385 -0.003177 -1.490430
    33 3.859837 -0.148918 -1.331282 -0.321407 0.389554 -0.535029
    34 1.719431 0.000004 0.000013 0.007830 0.063159 -0.159722
    35 1.099665 0.000000 0.000007 -0.007433 -0.004262 -0.357454
    36 0.873535 -0.422119 -1.297852 1.277698 0.356538 -0.669644
    37 1.789785 -0.000006 -0.000010 -0.000498 -0.000088 -0.108780
    38 1.206999 -0.000001 -0.000008 -0.000493 -0.000238 0.720590
    39 -6.107453 -21.299165 -10.033012 1.829574 0.582213 -3.043075
    40 -0.000002 3.287109 -0.573233 0.000000 0.000000 0.000000
    41 -0.000002 2.156256 -2.244137 0.000000 0.000000 0.000000
    42 -0.000003 2.917979 -4.039055 0.000000 0.000000 0.000000
    43 -0.097351 5.335948 -3.376940 0.000000 0.000000 0.000000
    44 -2.729038 -21.803727 -11.177817 3.218347 0.879328 -1.691467
  time 38
    0 0.000000 -0.000006 0.000000 -1.570781 -1.391896 -1.570809
    1 -8.982613 8.747097 2.871282 1.596636 -1.286515 2.942963
    2 6.028145 0.000003 0.000002 -0.931409 -0.707643 -1.636093
    3 11.692553 0.000081 -0.000005 -0.000051 0.000036 -1.784100
    4 11.481672 -0.000089 -0.000024 3.231399 0.026758 0.343988
    5 3.859699 -0.142417 -1.191975 -0.470552 -0.028571 -0.604521
    6 1.312563 -0.000008 0.000005 -0.025902 -0.017762 -0.131639
    7 0.729362 -0.000008 0.000001 -0.004748 0.022130 -1.146827
    8 3.942329 0.046753 -0.431444 -0.169026 -0.017653 -0.520280
    9 1.539093 0.000006 -0.000007 0.006680 -0.088139 -0.649832
    10 1.196322 -0.000008 0.000002 0.005336 0.004030 -1.858398
    11 3.883690 -0.046783 0.431443 0.067783 -0.061648 -0.458718
    12 1.719580 -0.000010 0.000009 -0.000551 -0.027002 -0.617972
    13 1.209183 -0.000004 0.000003 -0.000097 0.000335 -1.682184
    14 3.859856 -0.137962 1.332466 0.340565 -0.110640 -0.407069
    15 1.719433 0.000002 -0.000004 0.001162 -0.006326 -0.652430
    16 1.099676 -0.000006 0.000003 -0.001510 0.000916 -1.461308
    17 0.968262 -1.166992 0.660645 -0.836825 -0.820260 -0.893629
    18 1.789782 0.000002 -0.000006 0.106199 0.148681 0.928671
    19 1.206999 -0.000001 -0.000002 -0.019177 0.178548 0.901837
    20 -0.221558 -2.662109 -5.308594 -1.668474 1.286518 2.942953
    21 6.028141 0.000000 -0.000002 1.177284 0.729483 -1.293510
    22 11.692554 0.000000 -0.000003 -0.000002 0.000000 -1.019218
    23 11.481705 -0.000001 -0.000004 -0.691047 0.485341 0.481587
    24 4.003906 -0.205811 0.920898 0.499449 0.024964 -1.213607
    25 1.312565 -0.000004 -0.000002 0.002647 -0.000003 0.000662
    26 0.729366 -0.000004 0.000000 0.000000 0.002340 -1.574072
    27 4.222656 -0.111389 0.298096 0.146084 0.138555 -1.218293
    28 1.539104 0.000000 0.000001 0.021591 0.038691 -0.274898
    29 1.196322 0.000002 -0.000003 0.423018 0.188641 -2.054833
    30 3.883663 -0.050303 -0.431042 -0.048581 0.146519 -0.770215
    31 1.719584 0.000002 0.000006 -0.012269 0.089737 -0.735530
    32 1.209187 0.000004 0.000006 -0.004385 -0.003177 -1.490430
    33 3.859837 -0.148918 -1.331282 -0.321407 0.389554 -0.535029
    34 1.719431 0.000004 0.000013 0.007830 0.063159 -0.159722
    35 1.099665 0.000000 0.000007 -0.007433 -0.004262 -0.357454
    36 0.873535 -0.422119 -1.297852 1.277698 0.356538 -0.669644
    37 1.789785 -0.000006 -0.000010 -0.000498 -0.000088 -0.108780
    38 1.206999 -0.000001 -0.000008 -0.000493 -0.000238 0.720590
    39 -6.091828 -21.299165 -10.036919 1.833173 0.610842 -3.040988
    40 -0.000002 3.287109 -0.573233 0.000000 0.000000 0.000000
    41 -0.000002 2.156256 -2.244137 0.000000 0.000000 0.000000
    42 -0.000003 2.917979 -4.039055 0.000000 0.000000 0.000000
    43 -0.097351 5.335948 -3.376940 0.000000 0.000000 0.000000
    44 -3.479060 -21.913105 -10.752023 3.225456 0.821320 -1.707177
  time 39
    0 0.000000 -0.000006 0.000000 -1.570781 -1.391896 -1.570809
    1 -8.705261 9.028356 2.511896 1.596636 -1.286515 2.942963
    2 6.028145 0.000003 0.000002 -0.901632 -0.703858 -1.645920
    3 11.692553 0.000081 -0.000005 -0.000051 0.000036 -1.782693
    4 11.481672 -0.000089 -0.000024 3.246242 0.026836 0.295746
    5 3.859699 -0.142417 -1.191975 -0.470552 -0.028571 -0.604521
    6 1.312563 -0.000008 0.000005 -0.025902 -0.017762 -0.131639
    7 0.729362 -0.000008 0.000001 -0.004748 0.022130 -1.146827
    8 3.942329 0.046753 -0.431444 -0.169026 -0.017653 -0.520280
    9 1.539093 0.000006 -0.000007 0.006680 -0.088139 -0.649832
    10 1.196322 -0.000008 0.000002 0.005336 0.004030 -1.858398
    11 3.883690 -0.046783 0.431443 0.067783 -0.061648 -0.458718
    12 1.719580 -0.000010 0.000009 -0.000551 -0.027002 -0.617972
    13 1.209183 -0.000004 0.000003 -0.000097 0.000335 -1.682184
    14 3.859856 -0.137962 1.332466 0.340565 -0.110640 -0.407069
    15 1.719433 0.000002 -0.000004 0.001162 -0.006326 -0.652430
    16 1.099676 -0.000006 0.000003 -0.001510 0.000916 -1.461308
    17 0.968262 -1.166992 0.660645 -0.836825 -0.820260 -0.893629
    18 1.789782 0.000002 -0.000006 0.106199 0.148681 0.928671
    19 1.206999 -0.000001 -0.000002 -0.019177 0.178548 0.901837
    20 -0.221558 -2.662109 -5.308594 -1.668474 1.286518 2.942953
    21 6.028141 0.000000 -0.000002 1.176140 0.729483 -1.294458
    22 11.692554 0.000000 -0.000003 -0.000002 0.000000 -1.016954
    23 11.481705 -0.000001 -0.000004 -0.665041 0.478205 0.483069
    24 4.003906 -0.205811 0.920898 0.499449 0.024964 -1.213607
    25 1.312565 -0.000004 -0.000002 0.002647 -0.000003 0.000662
    26 0.729366 -0.000004 0.000000 0.000000 0.002340 -1.574072
    27 4.222656 -0.111389 0.298096 0.146084 0.138555 -1.218293
    28 1.539104 0.000000 0.000001 0.021591 0.038691 -0.274898
    29 1.196322 0.000002 -0.000003 0.423018 0.188641 -2.054833
    30 3.883663 -0.050303 -0.431042 -0.048581 0.146519 -0.770215
    31 1.719584 0.000002 0.000006 -0.012269 0.089737 -0.735530
    32 1.209187 0.000004 0.000006 -0.004385 -0.003177 -1.490430
    33 3.859837 -0.148918 -1.331282 -0.321407 0.389554 -0.535029
    34 1.719431 0.000004 0.000013 0.007830 0.063159 -0.159722
    35 1.099665 0.000000 0.000007 -0.007433 -0.004262 -0.357454
    36 0.873535 -0.422119 -1.297852 1.277698 0.356538 -0.669644
    37 1.789785 -0.000006 -0.000010 -0.000498 -0.000088 -0.108780
    38 1.206999 -0.000001 -0.000008 -0.000493 -0.000238 0.720590
    39 -6.076202 -21.299165 -10.040825 1.836551 0.636471 -3.039016
    40 -0.000002 3.287109 -0.573233 0.000000 0.000000 0.000000
    41 -0.000002 2.156256 -2.244137 0.000000 0.000000 0.000000
    42 -0.000003 2.917979 -4.039055 0.000000 0.000000 0.000000
    43 -0.097351 5.335948 -3.376940 0.000000 0.000000 0.000000
    44 -4.178300 -21.979513 -10.427794 3.232043 0.769289 -1.720493
  time 40
    0 0.000000 -0.000006 0.000000 -1.570781 -1.391896 -1.570809
    1 -8.424002 9.313521 2.148604 1.596636 -1.286515 2.942963
    2 6.028145 0.000003 0.000002 -0.880157 -0.693357 -1.647256
    3 11.692553 0.000081 -0.000005 -0.000051 0.000036 -1.788949
    4 11.481672 -0.000089 -0.000024 3.260036 0.026251 0.253574
    5 3.859699 -0.142417 -1.191975 -0.470552 -0.028571 -0.604521
    6 1.312563 -0.000008 0.000005 -0.025902 -0.017762 -0.131639
    7 0.729362 -0.000008 0.000001 -0.004748 0.022130 -1.146827
    8 3.942329 0.046753 -0.431444 -0.169026 -0.017653 -0.520280
    9 1.539093 0.000006 -0.000007 0.006680 -0.088139 -0.649832
    10 1.196322 -0.000008 0.000002 0.005336 0.004030 -1.858398
    11 3.883690 -0.046783 0.431443 0.067783 -0.061648 -0.458718
    12 1.719580 -0.000010 0.000009 -0.000551 -0.027002 -0.617972
    13 1.209183 -0.000004 0.000003 -0.000097 0.000335 -1.682184
    14 3.859856 -0.137962 1.332466 0.340565 -0.110640 -0.407069
    15 1.719433 0.000002 -0.000004 0.001162 -0.006326 -0.652430
    16 1.099676 -0.000006 0.000003 -0.001510 0.000916 -1.461308
    17 0.968262 -1.166992 0.660645 -0.836825 -0.820260 -0.893629
    18 1.789782 0.000002 -0.000006 0.106199 0.148681 0.928671
    19 1.206999 -0.000001 -0.000002 -0.019177 0.178548 0.901837
    20 -0.221558 -2.662109 -5.308594 -1.668474 1.286518 2.942953
    21 6.028141 0.000000 -0.000002 1.175091 0.729483 -1.295406
    22 11.692554 0.000000 -0.000003 -0.000002 0.000000 -1.014689
    23 11.481705 -0.000001 -0.000004 -0.643139 0.472269 0.483661
    24 4.003906 -0.205811 0.920898 0.499449 0.024964 -1.213607
    25 1.312565 -0.000004 -0.000002 0.002647 -0.000003 0.000662
    26 0.729366 -0.000004 0.000000 0.000000 0.002340 -1.574072
    27 4.222656 -0.111389 0.298096 0.146084 0.138555 -1.218293
    28 1.539104 0.000000 0.000001 0.021591 0.038691 -0.274898
    29 1.196322 0.000002 -0.000003 0.423018 0.188641 -2.054833
    30 3.883663 -0.050303 -0.431042 -0.048581 0.146519 -0.770215
    31 1.719584 0.000002 0.000006 -0.012269 0.089737 -0.735530
    32 1.209187 0.000004 0.000006 -0.004385 -0.003177 -1.490430
    33 3.859837 -0.148918 -1.331282 -0.321407 0.389554 -0.535029
    34 1.719431 0.000004 0.000013 0.007830 0.063159 -0.159722
    35 1.099665 0.000000 0.000007 -0.007433 -0.004262 -0.357454
    36 0.873535 -0.422119 -1.297852 1.277698 0.356538 -0.669644
    37 1.789785 -0.000006 -0.000010 -0.000498 -0.000088 -0.108780
    38 1.206999 -0.000001 -0.000008 -0.000493 -0.000238 0.720590
    39 -6.064483 -21.299165 -10.048638 1.839636 0.658099 -3.037160
    40 -0.000002 3.287109 -0.573233 0.000000 0.000000 0.000000
    41 -0.000002 2.156256 -2.244137 0.000000 0.000000 0.000000
    42 -0.000003 2.917979 -4.039055 0.000000 0.000000 0.000000
    43 -0.097351 5.335948 -3.376940 0.000000 0.000000 0.000000
    44 -4.795507 -22.022483 -10.205131 3.237218 0.725203 -1.731797
  time 41
    0 0.000000 -0.000006 0.000000 -1.570781 -1.391896 -1.570809
    1 -8.146650 9.598686 1.793124 1.596636 -1.286515 2.942963
    2 6.028145 0.000003 0.000002 -0.869220 -0.677483 -1.638956
    3 11.692553 0.000081 -0.000005 -0.000051 0.000036 -1.802478
    4 11.481672 -0.000089 -0.000024 3.270231 0.025783 0.218807
    5 3.859699 -0.142417 -1.191975 -0.470552 -0.028571 -0.604521
    6 1.312563 -0.000008 0.000005 -0.025902 -0.017762 -0.131639
    7 0.729362 -0.000008 0.000001 -0.004748 0.022130 -1.146827
    8 3.942329 0.046753 -0.431444 -0.169026 -0.017653 -0.520280
    9 1.539093 0.000006 -0.000007 0.006680 -0.088139 -0.649832
    10 1.196322 -0.000008 0.000002 0.005336 0.004030 -1.858398
    11 3.883690 -0.046783 0.431443 0.067783 -0.061648 -0.458718
    12 1.719580 -0.000010 0.000009 -0.000551 -0.027002 -0.617972
    13 1.209183 -0.000004 0.000003 -0.000097 0.000335 -1.682184
    14 3.859856 -0.137962 1.332466 0.340565 -0.110640 -0.407069
    15 1.719433 0.000002 -0.000004 0.001162 -0.006326 -0.652430
    16 1.099676 -0.000006 0.000003 -0.001510 0.000916 -1.461308
    17 0.968262 -1.166992 0.660645 -0.836825 -0.820260 -0.893629
    18 1.789782 0.000002 -0.000006 0.106199 0.148681 0.928671
    19 1.206999 -0.000001 -0.000002 -0.019177 0.178548 0.901837
    20 -0.221558 -2.662109 -5.308594 -1.668474 1.286518 2.942953
    21 6.028141 0.000000 -0.000002 1.174043 0.729523 -1.296354
    22 11.692554 0.000000 -0.000003 -0.000002 0.000000 -1.011971
    23 11.481705 -0.000001 -0.000004 -0.626305 0.467941 0.483106
    24 4.003906 -0.205811 0.920898 0.499449 0.024964 -1.213607
    25 1.312565 -0.000004 -0.000002 0.002647 -0.000003 0.000662
    26 0.729366 -0.000004 0.000000 0.000000 0.002340 -1.574072
    27 4.222656 -0.111389 0.298096 0.146084 0.138555 -1.218293
    28 1.539104 0.000000 0.000001 0.021591 0.038691 -0.274898
    29 1.196322 0.000002 -0.000003 0.423018 0.188641 -2.054833
    30 3.883663 -0.050303 -0.431042 -0.048581 0.146519 -0.770215
    31 1.719584 0.000002 0.000006 -0.012269 0.089737 -0.735530
    32 1.209187 0.000004 0.000006 -0.004385 -0.003177 -1.490430
    33 3.859837 -0.148918 -1.331282 -0.321407 0.389554 -0.535029
    34 1.719431 0.000004 0.000013 0.007830 0.063159 -0.159722
    35 1.099665 0.000000 0.000007 -0.007433 -0.004262 -0.357454
    36 0.873535 -0.422119 -1.297852 1.277698 0.356538 -0.669644
    37 1.789785 -0.000006 -0.000010 -0.000498 -0.000088 -0.108780
    38 1.206999 -0.000001 -0.000008 -0.000493 -0.000238 0.720590
    39 -6.052764 -21.299165 -10.064263 1.842206 0.674810 -3.035653
    40 -0.000002 3.287109 -0.573233 0.000000 0.000000 0.000000
    41 -0.000002 2.156256 -2.244137 0.000000 0.000000 0.000000
    42 -0.000003 2.917979 -4.039055 0.000000 0.000000 0.000000
    43 -0.097351 5.335948 -3.376940 0.000000 0.000000 0.000000
    44 -5.303335 -22.069360 -10.072315 3.240303 0.690988 -1.741472
  time 42
    0 0.000000 -0.000006 0.000000 -1.570781 -1.391896 -1.570809
    1 -7.873204 9.879944 1.437645 1.596636 -1.286515 2.942963
    2 6.028145 0.000003 0.000002 -0.870897 -0.657376 -1.620160
    3 11.692553 0.000081 -0.000005 -0.000051 0.000036 -1.822733
    4 11.481672 -0.000089 -0.000024 3.274055 0.026095 0.192547
    5 3.859699 -0.142417 -1.191975 -0.470552 -0.028571 -0.604521
    6 1.312563 -0.000008 0.000005 -0.025902 -0.017762 -0.131639
    7 0.729362 -0.000008 0.000001 -0.004748 0.022130 -1.146827
    8 3.942329 0.046753 -0.431444 -0.169026 -0.017653 -0.520280
    9 1.539093 0.000006 -0.000007 0.006680 -0.088139 -0.649832
    10 1.196322 -0.000008 0.000002 0.005336 0.004030 -1.858398
    11 3.883690 -0.046783 0.431443 0.067783 -0.061648 -0.458718
    12 1.719580 -0.000010 0.000009 -0.000551 -0.027002 -0.617972
    13 1.209183 -0.000004 0.000003 -0.000097 0.000335 -1.682184
    14 3.859856 -0.137962 1.332466 0.340565 -0.110640 -0.407069
    15 1.719433 0.000002 -0.000004 0.001162 -0.006326 -0.652430
    16 1.099676 -0.000006 0.000003 -0.001510 0.000916 -1.461308
    17 0.968262 -1.166992 0.660645 -0.836825 -0.820260 -0.893629
    18 1.789782 0.000002 -0.000006 0.106199 0.148681 0.928671
    19 1.206999 -0.000001 -0.000002 -0.019177 0.178548 0.901837
    20 -0.221558 -2.662109 -5.308594 -1.668474 1.286518 2.942953
    21 6.028141 0.000000 -0.000002 1.172994 0.729364 -1.297112
    22 11.692554 0.000000 -0.000003 -0.000002 0.000000 -1.009254
    23 11.481705 -0.000001 -0.000004 -0.615444 0.465601 0.481513
    24 4.003906 -0.205811 0.920898 0.499449 0.024964 -1.213607
    25 1.312565 -0.000004 -0.000002 0.002647 -0.000003 0.000662
    26 0.729366 -0.000004 0.000000 0.000000 0.002340 -1.574072
    27 4.222656 -0.111389 0.298096 0.146084 0.138555 -1.218293
    28 1.539104 0.000000 0.000001 0.021591 0.038691 -0.274898
    29 1.196322 0.000002 -0.000003 0.423018 0.188641 -2.054833
    30 3.883663 -0.050303 -0.431042 -0.048581 0.146519 -0.770215
    31 1.719584 0.000002 0.000006 -0.012269 0.089737 -0.735530
    32 1.209187 0.000004 0.000006 -0.004385 -0.003177 -1.490430
    33 3.859837 -0.148918 -1.331282 -0.321407 0.389554 -0.535029
    34 1.719431 0.000004 0.000013 0.007830 0.063159 -0.159722
    35 1.099665 0.000000 0.000007 -0.007433 -0.004262 -0.357454
    36 0.873535 -0.422119 -1.297852 1.277698 0.356538 -0.669644
    37 1.789785 -0.000006 -0.000010 -0.000498 -0.000088 -0.108780
    38 1.206999 -0.000001 -0.000008 -0.000493 -0.000238 0.720590
    39 -6.044951 -21.299165 -10.087701 1.844189 0.685561 -3.034609
    40 -0.000002 3.287109 -0.573233 0.000000 0.000000 0.000000
    41 -0.000002 2.156256 -2.244137 0.000000 0.000000 0.000000
    42 -0.000003 2.917979 -4.039055 0.000000 0.000000 0.000000
    43 -0.097351 5.335948 -3.376940 0.000000 0.000000 0.000000
    44 -5.662721 -22.131862 -10.033251 3.240564 0.668492 -1.749902
  time 43
    0 0.000000 -0.000006 0.000000 -1.570781 -1.391896 -1.570809
    1 -7.607571 10.153390 1.093884 1.596636 -1.286515 2.942963
    2 6.028145 0.000003 0.000002 -0.887342 -0.633688 -1.590298
    3 11.692553 0.000081 -0.000005 -0.000051 0.000036 -1.849087
    4 11.481672 -0.000089 -0.000024 3.268282 0.027968 0.175531
    5 3.859699 -0.142417 -1.191975 -0.470552 -0.028571 -0.604521
    6 1.312563 -0.000008 0.000005 -0.025902 -0.017762 -0.131639
    7 0.729362 -0.000008 0.000001 -0.004748 0.022130 -1.146827
    8 3.942329 0.046753 -0.431444 -0.169026 -0.017653 -0.520280
    9 1.539093 0.000006 -0.000007 0.006680 -0.088139 -0.649832
    10 1.196322 -0.000008 0.000002 0.005336 0.004030 -1.858398
    11 3.883690 -0.046783 0.431443 0.067783 -0.061648 -0.458718
    12 1.719580 -0.000010 0.000009 -0.000551 -0.027002 -0.617972
    13 1.209183 -0.000004 0.000003 -0.000097 0.000335 -1.682184
    14 3.859856 -0.137962 1.332466 0.340565 -0.110640 -0.407069
    15 1.719433 0.000002 -0.000004 0.001162 -0.006326 -0.652430
    16 1.099676 -0.000006 0.000003 -0.001510 0.000916 -1.461308
    17 0.968262 -1.166992 0.660645 -0.836825 -0.820260 -0.893629
    18 1.789782 0.000002 -0.000006 0.106199 0.148681 0.928671
    19 1.206999 -0.000001 -0.000002 -0.019177 0.178548 0.901837
    20 -0.221558 -2.662109 -5.308594 -1.668474 1.286518 2.942953
    21 6.028141 0.000000 -0.000002 1.171945 0.729165 -1.297965
    22 11.692554 0.000000 -0.000003 -0.000002 0.000000 -1.006019
    23 11.481705 -0.000001 -0.000004 -0.611462 0.465631 0.478476
    24 4.003906 -0.205811 0.920898 0.499449 0.024964 -1.213607
    25 1.312565 -0.000004 -0.000002 0.002647 -0.000003 0.000662
    26 0.729366 -0.000004 0.000000 0.000000 0.002340 -1.574072
    27 4.222656 -0.111389 0.298096 0.146084 0.138555 -1.218293
    28 1.539104 0.000000 0.000001 0.021591 0.038691 -0.274898
    29 1.196322 0.000002 -0.000003 0.423018 0.188641 -2.054833
    30 3.883663 -0.050303 -0.431042 -0.048581 0.146519 -0.770215
    31 1.719584 0.000002 0.000006 -0.012269 0.089737 -0.735530
    32 1.209187 0.000004 0.000006 -0.004385 -0.003177 -1.490430
    33 3.859837 -0.148918 -1.331282 -0.321407 0.389554 -0.535029
    34 1.719431 0.000004 0.000013 0.007830 0.063159 -0.159722
    35 1.099665 0.000000 0.000007 -0.007433 -0.004262 -0.357454
    36 0.873535 -0.422119 -1.297852 1.277698 0.356538 -0.669644
    37 1.789785 -0.000006 -0.000010 -0.000498 -0.000088 -0.108780
    38 1.206999 -0.000001 -0.000008 -0.000493 -0.000238 0.720590
    39 -6.037138 -21.299165 -10.118952 1.845365 0.689354 -3.034203
    40 -0.000002 3.287109 -0.573233 0.000000 0.000000 0.000000
    41 -0.000002 2.156256 -2.244137 0.000000 0.000000 0.000000
    42 -0.000003 2.917979 -4.039055 0.000000 0.000000 0.000000
    43 -0.097351 5.335948 -3.376940 0.000000 0.000000 0.000000
    44 -5.850227 -22.241240 -10.076221 3.237218 0.659683 -1.757662
  time 44
    0 0.000000 -0.000006 0.000000 -1.570781 -1.391896 -1.570809
    1 -7.357563 10.415117 0.769656 1.596636 -1.286515 2.942963
    2 6.028145 0.000003 0.000002 -0.912010 -0.613296 -1.558432
    3 11.692553 0.000081 -0.000005 -0.000051 0.000036 -1.877397
    4 11.481672 -0.000089 -0.000024 3.235072 0.026329 0.201239
    5 3.859699 -0.142417 -1.191975 -0.470552 -0.028571 -0.604521
    6 1.312563 -0.000008 0.000005 -0.025902 -0.017762 -0.131639
    7 0.729362 -0.000008 0.000001 -0.004748 0.022130 -1.146827
    8 3.942329 0.046753 -0.431444 -0.169026 -0.017653 -0.520280
    9 1.539093 0.000006 -0.000007 0.006680 -0.088139 -0.649832
    10 1.196322 -0.000008 0.000002 0.005336 0.004030 -1.858398
    11 3.883690 -0.046783 0.431443 0.067783 -0.061648 -0.458718
    12 1.719580 -0.000010 0.000009 -0.000551 -0.027002 -0.617972
    13 1.209183 -0.000004 0.000003 -0.000097 0.000335 -1.682184
    14 3.859856 -0.137962 1.332466 0.340565 -0.110640 -0.407069
    15 1.719433 0.000002 -0.000004 0.001162 -0.006326 -0.652430
    16 1.099676 -0.000006 0.000003 -0.001510 0.000916 -1.461308
    17 0.968262 -1.166992 0.660645 -0.836825 -0.820260 -0.893629
    18 1.789782 0.000002 -0.000006 0.106199 0.148681 0.928671
    19 1.206999 -0.000001 -0.000002 -0.019177 0.178548 0.901837
    20 -0.221558 -2.662109 -5.308594 -1.668474 1.286518 2.942953
    21 6.028141 0.000000 -0.000002 1.170610 0.728807 -1.299008
    22 11.692554 0.000000 -0.000003 -0.000002 0.000000 -1.001295
    23 11.481705 -0.000001 -0.000004 -0.614298 0.468233 0.472957
    24 4.003906 -0.205811 0.920898 0.499449 0.024964 -1.213607
    25 1.312565 -0.000004 -0.000002 0.002647 -0.000003 0.000662
    26 0.729366 -0.000004 0.000000 0.000000 0.002340 -1.574072
    27 4.222656 -0.111389 0.298096 0.146084 0.138555 -1.218293
    28 1.539104 0.000000 0.000001 0.021591 0.038691 -0.274898
    29 1.196322 0.000002 -0.000003 0.423018 0.188641 -2.054833
    30 3.883663 -0.050303 -0.431042 -0.048581 0.146519 -0.770215
    31 1.719584 0.000002 0.000006 -0.012269 0.089737 -0.735530
    32 1.209187 0.000004 0.000006 -0.004385 -0.003177 -1.490430
    33 3.859837 -0.148918 -1.331282 -0.321407 0.389554 -0.535029
    34 1.719431 0.000004 0.000013 0.007830 0.063159 -0.159722
    35 1.099665 0.000000 0.000007 -0.007433 -0.004262 -0.357454
    36 0.873535 -0.422119 -1.297852 1.277698 0.356538 -0.669644
    37 1.789785 -0.000006 -0.000010 -0.000498 -0.000088 -0.108780
    38 1.206999 -0.000001 -0.000008 -0.000493 -0.000238 0.720590
    39 -6.033232 -21.299165 -10.177548 1.845658 0.686228 -3.034435
    40 -0.000002 3.287109 -0.573233 0.000000 0.000000 0.000000
    41 -0.000002 2.164068 -2.287107 0.067094 0.000000 0.000000
    42 -0.000003 2.917979 -4.039055 0.000000 0.000000 0.000000
    43 -0.097351 5.335948 -3.376940 0.000000 0.000000 0.000000
    44 -5.916635 -22.377963 -10.162161 3.223522 0.697280 -1.774809
  time 45
    0 0.000000 -0.000006 0.000000 -1.570781 -1.391896 -1.570809
    1 -7.123181 10.661218 0.461052 1.596636 -1.286515 2.942963
    2 6.028145 0.000003 0.000002 -0.940110 -0.598318 -1.529047
    3 11.692553 0.000081 -0.000005 -0.000063 0.000036 -1.901718
    4 11.481672 -0.000089 -0.000024 3.156958 0.023948 0.271234
    5 3.859699 -0.142417 -1.191975 -0.470552 -0.028571 -0.604521
    6 1.312563 -0.000008 0.000005 -0.025902 -0.017762 -0.131639
    7 0.729362 -0.000008 0.000001 -0.004748 0.022130 -1.146827
    8 3.942329 0.046753 -0.431444 -0.169026 -0.017653 -0.520280
    9 1.539093 0.000006 -0.000007 0.006680 -0.088139 -0.649832
    10 1.196322 -0.000008 0.000002 0.005336 0.004030 -1.858398
    11 3.883690 -0.046783 0.431443 0.067783 -0.061648 -0.458718
    12 1.719580 -0.000010 0.000009 -0.000551 -0.027002 -0.617972
    13 1.209183 -0.000004 0.000003 -0.000097 0.000335 -1.682184
    14 3.859856 -0.137962 1.332466 0.340565 -0.110640 -0.407069
    15 1.719433 0.000002 -0.000004 0.001162 -0.006326 -0.652430
    16 1.099676 -0.000006 0.000003 -0.001510 0.000916 -1.461308
    17 0.968262 -1.166992 0.660645 -0.836825 -0.820260 -0.893629
    18 1.789782 0.000002 -0.000006 0.106199 0.148681 0.928671
    19 1.206999 -0.000001 -0.000002 -0.019177 0.178548 0.901837
    20 -0.221558 -2.662109 -5.308594 -1.668474 1.286518 2.942953
    21 6.028141 0.000000 -0.000002 1.169180 0.728290 -1.300146
    22 11.692554 0.000000 -0.000003 -0.000002 0.000000 -0.995407
    23 11.481705 -0.000001 -0.000004 -0.622745 0.472942 0.465476
    24 4.003906 -0.205811 0.920898 0.499449 0.024964 -1.213607
    25 1.312565 -0.000004 -0.000002 0.002647 -0.000003 0.000662
    26 0.729366 -0.000004 0.000000 0.000000 0.002340 -1.574072
    27 4.222656 -0.111389 0.298096 0.146084 0.138555 -1.218293
    28 1.539104 0.000000 0.000001 0.021591 0.038691 -0.274898
    29 1.196322 0.000002 -0.000003 0.423018 0.188641 -2.054833
    30 3.883663 -0.050303 -0.431042 -0.048581 0.146519 -0.770215
    31 1.719584 0.000002 0.000006 -0.012269 0.089737 -0.735530
    32 1.209187 0.000004 0.000006 -0.004385 -0.003177 -1.490430
    33 3.859837 -0.148918 -1.331282 -0.321407 0.389554 -0.535029
    34 1.719431 0.000004 0.000013 0.007830 0.063159 -0.159722
    35 1.099665 0.000000 0.000007 -0.007433 -0.004262 -0.357454
    36 0.873535 -0.422119 -1.297852 1.277698 0.356538 -0.669644
    37 1.789785 -0.000006 -0.000010 -0.000498 -0.000088 -0.108780
    38 1.206999 -0.000001 -0.000008 -0.000493 -0.000238 0.720590
    39 -6.029326 -21.299165 -10.251769 1.845511 0.677477 -3.035189
    40 -0.000002 3.287109 -0.573233 0.000000 0.000000 0.000000
    41 0.007811 2.179694 -2.369141 0.191721 0.000000 0.000000
    42 -0.000003 2.917979 -4.039055 0.000000 0.000000 0.000000
    43 -0.097351 5.335948 -3.376940 0.000000 0.000000 0.000000
    44 -5.940073 -22.499060 -10.236382 3.178094 0.788914 -1.830466
  time 46
    0 0.000000 -0.000006 0.000000 -1.570781 -1.391896 -1.570809
    1 -6.904425 10.891694 0.183700 1.596636 -1.286515 2.942963
    2 6.028145 0.000003 0.000002 -0.974917 -0.581508 -1.496132
    3 11.692553 0.000081 -0.000005 -0.000063 0.000036 -1.915091
    4 11.481672 -0.000089 -0.000024 3.029066 0.037646 0.331019
    5 3.859699 -0.142417 -1.191975 -0.470552 -0.028571 -0.604521
    6 1.312563 -0.000008 0.000005 -0.025902 -0.017762 -0.131639
    7 0.729362 -0.000008 0.000001 -0.004748 0.022130 -1.146827
    8 3.942329 0.046753 -0.431444 -0.169026 -0.017653 -0.520280
    9 1.539093 0.000006 -0.000007 0.006680 -0.088139 -0.649832
    10 1.196322 -0.000008 0.000002 0.005336 0.004030 -1.858398
    11 3.883690 -0.046783 0.431443 0.067783 -0.061648 -0.458718
    12 1.719580 -0.000010 0.000009 -0.000551 -0.027002 -0.617972
    13 1.209183 -0.000004 0.000003 -0.000097 0.000335 -1.682184
    14 3.859856 -0.137962 1.332466 0.340565 -0.110640 -0.407069
    15 1.719433 0.000002 -0.000004 0.001162 -0.006326 -0.652430
    16 1.099676 -0.000006 0.000003 -0.001510 0.000916 -1.461308
    17 0.968262 -1.166992 0.660645 -0.836825 -0.820260 -0.893629
    18 1.789782 0.000002 -0.000006 0.106199 0.148681 0.928671
    19 1.206999 -0.000001 -0.000002 -0.019177 0.178548 0.901837
    20 -0.221558 -2.662109 -5.308594 -1.668474 1.286518 2.942953
    21 6.028141 0.000000 -0.000002 1.167655 0.727972 -1.301283
    22 11.692554 0.000000 -0.000003 -0.000002 0.000000 -0.990490
    23 11.481705 -0.000001 -0.000004 -0.635597 0.479609 0.458994
    24 4.003906 -0.205811 0.920898 0.499449 0.024964 -1.213607
    25 1.312565 -0.000004 -0.000002 0.002647 -0.000003 0.000662
    26 0.729366 -0.000004 0.000000 0.000000 0.002340 -1.574072
    27 4.222656 -0.111389 0.298096 0.146084 0.138555 -1.218293
    28 1.539104 0.000000 0.000001 0.021591 0.038691 -0.274898
    29 1.196322 0.000002 -0.000003 0.423018 0.188641 -2.054833
    30 3.883663 -0.050303 -0.431042 -0.048581 0.146519 -0.770215
    31 1.719584 0.000002 0.000006 -0.012269 0.089737 -0.735530
    32 1.209187 0.000004 0.000006 -0.004385 -0.003177 -1.490430
    33 3.859837 -0.148918 -1.331282 -0.321407 0.389554 -0.535029
    34 1.719431 0.000004 0.000013 0.007830 0.063159 -0.159722
    35 1.099665 0.000000 0.000007 -0.007433 -0.004262 -0.357454
    36 0.873535 -0.422119 -1.297852 1.277698 0.356538 -0.669644
    37 1.789785 -0.000006 -0.000010 -0.000498 -0.000088 -0.108780
    38 1.206999 -0.000001 -0.000008 -0.000493 -0.000238 0.720590
    39 -6.025419 -21.299165 -10.318177 1.844410 0.664141 -3.037102
    40 -0.000002 3.287109 -0.573233 0.000000 0.000000 0.000000
    41 0.011717 2.187507 -2.412111 0.258827 0.000000 0.000000
    42 -0.000003 2.917979 -4.039055 0.000000 0.000000 0.000000
    43 -0.097351 5.335948 -3.376940 0.000000 0.000000 0.000000
    44 -5.943979 -22.545937 -10.294978 3.065073 0.891913 -1.971478
  time 47
    0 0.000000 -0.000006 0.000000 -1.570781 -1.391896 -1.570809
    1 -6.709106 11.102638 -0.066307 1.596636 -1.286515 2.942963
    2 6.028145 0.000003 0.000002 -1.027127 -0.551266 -1.448619
    3 11.692553 0.000081 -0.000005 -0.000051 0.000036 -1.826252
    4 11.481672 -0.000089 -0.000024 2.731752 0.063050 0.146467
    5 3.859699 -0.142417 -1.191975 -0.470552 -0.028571 -0.604521
    6 1.312563 -0.000008 0.000005 -0.025902 -0.017762 -0.131639
    7 0.729362 -0.000008 0.000001 -0.004748 0.022130 -1.146827
    8 3.942329 0.046753 -0.431444 -0.169026 -0.017653 -0.520280
    9 1.539093 0.000006 -0.000007 0.006680 -0.088139 -0.649832
    10 1.196322 -0.000008 0.000002 0.005336 0.004030 -1.858398
    11 3.883690 -0.046783 0.431443 0.067783 -0.061648 -0.458718
    12 1.719580 -0.000010 0.000009 -0.000551 -0.027002 -0.617972
    13 1.209183 -0.000004 0.000003 -0.000097 0.000335 -1.682184
    14 3.859856 -0.137962 1.332466 0.340565 -0.110640 -0.407069
    15 1.719433 0.000002 -0.000004 0.001162 -0.006326 -0.652430
    16 1.099676 -0.000006 0.000003 -0.001510 0.000916 -1.461308
    17 0.968262 -1.166992 0.660645 -0.836825 -0.820260 -0.893629
    18 1.789782 0.000002 -0.000006 0.106199 0.148681 0.928671
    19 1.206999 -0.000001 -0.000002 -0.019177 0.178548 0.901837
    20 -0.221558 -2.662109 -5.308594 -1.668474 1.286518 2.942953
    21 6.028141 0.000000 -0.000002 1.161553 0.759323 -1.314271
    22 11.692554 0.000000 -0.000003 -0.000002 0.000000 -0.934909
    23 11.481705 -0.000001 -0.000004 -0.652370 0.482533 0.434252
    24 4.003906 -0.205811 0.920898 0.499449 0.024964 -1.213607
    25 1.312565 -0.000004 -0.000002 0.002647 -0.000003 0.000662
    26 0.729366 -0.000004 0.000000 0.000000 0.002340 -1.574072
    27 4.222656 -0.111389 0.298096 0.146084 0.138555 -1.218293
    28 1.539104 0.000000 0.000001 0.021591 0.038691 -0.274898
    29 1.196322 0.000002 -0.000003 0.423018 0.188641 -2.054833
    30 3.883663 -0.050303 -0.431042 -0.048581 0.146519 -0.770215
    31 1.719584 0.000002 0.000006 -0.012269 0.089737 -0.735530
    32 1.209187 0.000004 0.000006 -0.004385 -0.003177 -1.490430
    33 3.859837 -0.148918 -1.331282 -0.321407 0.389554 -0.535029
    34 1.719431 0.000004 0.000013 0.007830 0.063159 -0.159722
    35 1.099665 0.000000 0.000007 -0.007433 -0.004262 -0.357454
    36 0.873535 -0.422119 -1.297852 1.277698 0.356538 -0.669644
    37 1.789785 -0.000006 -0.000010 -0.000498 -0.000088 -0.108780
    38 1.206999 -0.000001 -0.000008 -0.000493 -0.000238 0.720590
    39 -6.021513 -21.631206 -10.345522 1.842353 0.647097 -3.040582
    40 -0.000002 3.287109 -0.573233 0.000000 0.000000 0.000000
    41 0.011717 2.187507 -2.412111 0.258827 0.000000 0.000000
    42 0.007810 2.839852 -4.066399 0.014587 0.000000 0.000000
    43 -0.097351 5.335948 -3.376940 0.000000 0.000000 0.000000
    44 -5.943979 -22.877978 -10.326229 2.722925 0.850029 -2.403133
  time 48
    0 0.000000 -0.000006 0.000000 -1.570781 -1.391896 -1.570809
    1 -6.541132 11.286237 -0.281158 1.596636 -1.286515 2.942963
    2 6.028145 0.000003 0.000002 -1.035589 -0.544591 -1.437838
    3 11.692553 0.000081 -0.000005 -0.000051 0.000036 -1.725839
    4 11.481672 -0.000089 -0.000024 2.514726 0.038582 -0.064207
    5 3.859699 -0.142417 -1.191975 -0.470552 -0.028571 -0.604521
    6 1.312563 -0.000008 0.000005 -0.025902 -0.017762 -0.131639
    7 0.729362 -0.000008 0.000001 -0.004748 0.022130 -1.146827
    8 3.942329 0.046753 -0.431444 -0.169026 -0.017653 -0.520280
    9 1.539093 0.000006 -0.000007 0.006680 -0.088139 -0.649832
    10 1.196322 -0.000008 0.000002 0.005336 0.004030 -1.858398
    11 3.883690 -0.046783 0.431443 0.067783 -0.061648 -0.458718
    12 1.719580 -0.000010 0.000009 -0.000551 -0.027002 -0.617972
    13 1.209183 -0.000004 0.000003 -0.000097 0.000335 -1.682184
    14 3.859856 -0.137962 1.332466 0.340565 -0.110640 -0.407069
    15 1.719433 0.000002 -0.000004 0.001162 -0.006326 -0.652430
    16 1.099676 -0.000006 0.000003 -0.001510 0.000916 -1.461308
    17 0.968262 -1.166992 0.660645 -0.836825 -0.820260 -0.893629
    18 1.789782 0.000002 -0.000006 0.106199 0.148681 0.928671
    19 1.206999 -0.000001 -0.000002 -0.019177 0.178548 0.901837
    20 -0.221558 -2.662109 -5.308594 -1.668474 1.286518 2.942953
    21 6.028141 0.000000 -0.000002 1.156499 0.792862 -1.326596
    22 11.692554 0.000000 -0.000003 -0.000002 0.000000 -0.893368
    23 11.481705 -0.000001 -0.000004 -0.671920 0.484902 0.424993
    24 4.003906 -0.205811 0.920898 0.499449 0.024964 -1.213607
    25 1.312565 -0.000004 -0.000002 0.002647 -0.000003 0.000662
    26 0.729366 -0.000004 0.000000 0.000000 0.002340 -1.574072
    27 4.222656 -0.111389 0.298096 0.146084 0.138555 -1.218293
    28 1.539104 0.000000 0.000001 0.021591 0.038691 -0.274898
    29 1.196322 0.000002 -0.000003 0.423018 0.188641 -2.054833
    30 3.883663 -0.050303 -0.431042 -0.048581 0.146519 -0.770215
    31 1.719584 0.000002 0.000006 -0.012269 0.089737 -0.735530
    32 1.209187 0.000004 0.000006 -0.004385 -0.003177 -1.490430
    33 3.859837 -0.148918 -1.331282 -0.321407 0.389554 -0.535029
    34 1.719431 0.000004 0.000013 0.007830 0.063159 -0.159722
    35 1.099665 0.000000 0.000007 -0.007433 -0.004262 -0.357454
    36 0.873535 -0.422119 -1.297852 1.277698 0.356538 -0.669644
    37 1.789785 -0.000006 -0.000010 -0.000498 -0.000088 -0.108780
    38 1.206999 -0.000001 -0.000008 -0.000493 -0.000238 0.720590
    39 -6.021513 -21.959341 -10.165829 1.840003 0.627261 -3.044815
    40 -0.000002 3.287109 -0.573233 0.000000 0.000000 0.000000
    41 0.011717 2.187507 -2.412111 0.258827 0.000000 0.000000
    42 0.027342 2.605470 -4.183591 0.057785 0.000000 0.000000
    43 -0.097351 5.335948 -3.376940 0.000000 0.000000 0.000000
    44 -5.947886 -23.206113 -10.150442 2.551668 0.702039 -2.653064
  time 49
    0 0.000000 -0.000006 0.000000 -1.570781 -1.391896 -1.570809
    1 -6.404409 11.442492 -0.456944 1.596636 -1.286515 2.942963
    2 6.028145 0.000003 0.000002 -1.045568 -0.557860 -1.437075
    3 11.692553 0.000081 -0.000005 -0.000051 0.000036 -1.766895
    4 11.481672 -0.000089 -0.000024 2.519899 0.022036 -0.004514
    5 3.859699 -0.142417 -1.191975 -0.470552 -0.028571 -0.604521
    6 1.312563 -0.000008 0.000005 -0.025902 -0.017762 -0.131639
    7 0.729362 -0.000008 0.000001 -0.004748 0.022130 -1.146827
    8 3.942329 0.046753 -0.431444 -0.169026 -0.017653 -0.520280
    9 1.539093 0.000006 -0.000007 0.006680 -0.088139 -0.649832
    10 1.196322 -0.000008 0.000002 0.005336 0.004030 -1.858398
    11 3.883690 -0.046783 0.431443 0.067783 -0.061648 -0.458718
    12 1.719580 -0.000010 0.000009 -0.000551 -0.027002 -0.617972
    13 1.209183 -0.000004 0.000003 -0.000097 0.000335 -1.682184
    14 3.859856 -0.137962 1.332466 0.340565 -0.110640 -0.407069
    15 1.719433 0.000002 -0.000004 0.001162 -0.006326 -0.652430
    16 1.099676 -0.000006 0.000003 -0.001510 0.000916 -1.461308
    17 0.968262 -1.166992 0.660645 -0.836825 -0.820260 -0.893629
    18 1.789782 0.000002 -0.000006 0.106199 0.148681 0.928671
    19 1.206999 -0.000001 -0.000002 -0.019177 0.178548 0.901837
    20 -0.221558 -2.662109 -5.308594 -1.668474 1.286518 2.942953
    21 6.028141 0.000000 -0.000002 1.160981 0.792384 -1.322424
    22 11.692554 0.000000 -0.000003 -0.000002 0.000000 -0.930962
    23 11.481705 -0.000001 -0.000004 -0.692977 0.491687 0.458624
    24 4.003906 -0.205811 0.920898 0.499449 0.024964 -1.213607
    25 1.312565 -0.000004 -0.000002 0.002647 -0.000003 0.000662
    26 0.729366 -0.000004 0.000000 0.000000 0.002340 -1.574072
    27 4.222656 -0.111389 0.298096 0.146084 0.138555 -1.218293
    28 1.539104 0.000000 0.000001 0.021591 0.038691 -0.274898
    29 1.196322 0.000002 -0.000003 0.423018 0.188641 -2.054833
    30 3.883663 -0.050303 -0.431042 -0.048581 0.146519 -0.770215
    31 1.719584 0.000002 0.000006 -0.012269 0.089737 -0.735530
    32 1.209187 0.000004 0.000006 -0.004385 -0.003177 -1.490430
    33 3.859837 -0.148918 -1.331282 -0.321407 0.389554 -0.535029
    34 1.719431 0.000004 0.000013 0.007830 0.063159 -0.159722
    35 1.099665 0.000000 0.000007 -0.007433 -0.004262 -0.357454
    36 0.873535 -0.422119 -1.297852 1.277698 0.356538 -0.669644
    37 1.789785 -0.000006 -0.000010 -0.000498 -0.000088 -0.108780
    38 1.206999 -0.000001 -0.000008 -0.000493 -0.000238 0.720590
    39 -6.021513 -21.924184 -9.775192 1.837873 0.605549 -3.049338
    40 -0.000002 3.287109 -0.573233 0.000000 0.000000 0.000000
    41 0.011717 2.187507 -2.412111 0.258827 0.000000 0.000000
    42 0.054686 2.242177 -4.417973 0.128370 0.000000 0.000000
    43 -0.097351 5.335948 -3.376940 0.000000 0.000000 0.000000
    44 -5.889290 -23.338930 -9.486359 2.541892 0.701370 -2.631031
  time 50
    0 0.000000 -0.000006 0.000000 -1.570781 -1.391896 -1.570809
    1 -6.298937 11.563589 -0.585855 1.596636 -1.286515 2.942963
    2 6.028145 0.000003 0.000002 -1.059937 -0.606010 -1.450623
    3 11.692553 0.000081 -0.000005 -0.000051 0.000036 -1.815538
    4 11.481672 -0.000089 -0.000024 2.560230 -0.007504 0.124254
    5 3.859699 -0.142417 -1.191975 -0.470552 -0.028571 -0.604521
    6 1.312563 -0.000008 0.000005 -0.025902 -0.017762 -0.131639
    7 0.729362 -0.000008 0.000001 -0.004748 0.022130 -1.146827
    8 3.942329 0.046753 -0.431444 -0.169026 -0.017653 -0.520280
    9 1.539093 0.000006 -0.000007 0.006680 -0.088139 -0.649832
    10 1.196322 -0.000008 0.000002 0.005336 0.004030 -1.858398
    11 3.883690 -0.046783 0.431443 0.067783 -0.061648 -0.458718
    12 1.719580 -0.000010 0.000009 -0.000551 -0.027002 -0.617972
    13 1.209183 -0.000004 0.000003 -0.000097 0.000335 -1.682184
    14 3.859856 -0.137962 1.332466 0.340565 -0.110640 -0.407069
    15 1.719433 0.000002 -0.000004 0.001162 -0.006326 -0.652430
    16 1.099676 -0.000006 0.000003 -0.001510 0.000916 -1.461308
    17 0.968262 -1.166992 0.660645 -0.836825 -0.820260 -0.893629
    18 1.789782 0.000002 -0.000006 0.106199 0.148681 0.928671
    19 1.206999 -0.000001 -0.000002 -0.019177 0.178548 0.901837
    20 -0.221558 -2.662109 -5.308594 -1.668474 1.286518 2.942953
    21 6.028141 0.000000 -0.000002 1.165938 0.787968 -1.317115
    22 11.692554 0.000000 -0.000003 -0.000002 0.000000 -0.975284
    23 11.481705 -0.000001 -0.000004 -0.715061 0.499758 0.494217
    24 4.003906 -0.205811 0.920898 0.499449 0.024964 -1.213607
    25 1.312565 -0.000004 -0.000002 0.002647 -0.000003 0.000662
    26 0.729366 -0.000004 0.000000 0.000000 0.002340 -1.574072
    27 4.222656 -0.111389 0.298096 0.146084 0.138555 -1.218293
    28 1.539104 0.000000 0.000001 0.021591 0.038691 -0.274898
    29 1.196322 0.000002 -0.000003 0.423018 0.188641 -2.054833
    30 3.883663 -0.050303 -0.431042 -0.048581 0.146519 -0.770215
    31 1.719584 0.000002 0.000006 -0.012269 0.089737 -0.735530
    32 1.209187 0.000004 0.000006 -0.004385 -0.003177 -1.490430
    33 3.859837 -0.148918 -1.331282 -0.321407 0.389554 -0.535029
    34 1.719431 0.000004 0.000013 0.007830 0.063159 -0.159722
    35 1.099665 0.000000 0.000007 -0.007433 -0.004262 -0.357454
    36 0.873535 -0.422119 -1.297852 1.277698 0.356538 -0.669644
    37 1.789785 -0.000006 -0.000010 -0.000498 -0.000088 -0.108780
    38 1.206999 -0.000001 -0.000008 -0.000493 -0.000238 0.720590
    39 -6.021513 -21.834337 -9.380648 1.836331 0.582879 -3.053455
    40 -0.000002 3.287109 -0.573233 0.000000 0.000000 0.000000
    41 0.007811 2.183600 -2.396485 0.231905 0.000000 0.000000
    42 0.082031 1.769507 -4.808610 0.225023 0.000000 0.000000
    43 -0.097351 5.335948 -3.376940 0.000000 0.000000 0.000000
    44 -5.705691 -23.721754 -8.392576 2.535933 0.725163 -2.556502
  time 51
    0 0.000000 -0.000006 0.000000 -1.570781 -1.391896 -1.570809
    1 -6.232529 11.653436 -0.667888 1.596636 -1.286515 2.942963
    2 6.028145 0.000003 0.000002 -1.073668 -0.675366 -1.472280
    3 11.692553 0.000081 -0.000005 -0.000051 0.000036 -1.843378
    4 11.481672 -0.000089 -0.000024 2.618329 -0.054020 0.260702
    5 3.859699 -0.142417 -1.191975 -0.470552 -0.028571 -0.604521
    6 1.312563 -0.000008 0.000005 -0.025902 -0.017762 -0.131639
    7 0.729362 -0.000008 0.000001 -0.004748 0.022130 -1.146827
    8 3.942329 0.046753 -0.431444 -0.169026 -0.017653 -0.520280
    9 1.539093 0.000006 -0.000007 0.006680 -0.088139 -0.649832
    10 1.196322 -0.000008 0.000002 0.005336 0.004030 -1.858398
    11 3.883690 -0.046783 0.431443 0.067783 -0.061648 -0.458718
    12 1.719580 -0.000010 0.000009 -0.000551 -0.027002 -0.617972
    13 1.209183 -0.000004 0.000003 -0.000097 0.000335 -1.682184
    14 3.859856 -0.137962 1.332466 0.340565 -0.110640 -0.407069
    15 1.719433 0.000002 -0.000004 0.001162 -0.006326 -0.652430
    16 1.099676 -0.000006 0.000003 -0.001510 0.000916 -1.461308
    17 0.968262 -1.166992 0.660645 -0.836825 -0.820260 -0.893629
    18 1.789782 0.000002 -0.000006 0.106199 0.148681 0.928671
    19 1.206999 -0.000001 -0.000002 -0.019177 0.178548 0.901837
    20 -0.221558 -2.662109 -5.308594 -1.668474 1.286518 2.942953
    21 6.028141 0.000000 -0.000002 1.168608 0.778340 -1.312470
    22 11.692554 0.000000 -0.000003 -0.000002 0.000000 -1.008736
    23 11.481705 -0.000001 -0.000004 -0.737325 0.510666 0.513366
    24 4.003906 -0.205811 0.920898 0.499449 0.024964 -1.213607
    25 1.312565 -0.000004 -0.000002 0.002647 -0.000003 0.000662
    26 0.729366 -0.000004 0.000000 0.000000 0.002340 -1.574072
    27 4.222656 -0.111389 0.298096 0.146084 0.138555 -1.218293
    28 1.539104 0.000000 0.000001 0.021591 0.038691 -0.274898
    29 1.196322 0.000002 -0.000003 0.423018 0.188641 -2.054833
    30 3.883663 -0.050303 -0.431042 -0.048581 0.146519 -0.770215
    31 1.719584 0.000002 0.000006 -0.012269 0.089737 -0.735530
    32 1.209187 0.000004 0.000006 -0.004385 -0.003177 -1.490430
    33 3.859837 -0.148918 -1.331282 -0.321407 0.389554 -0.535029
    34 1.719431 0.000004 0.000013 0.007830 0.063159 -0.159722
    35 1.099665 0.000000 0.000007 -0.007433 -0.004262 -0.357454
    36 0.873535 -0.422119 -1.297852 1.277698 0.356538 -0.669644
    37 1.789785 -0.000006 -0.000010 -0.000498 -0.000088 -0.108780
    38 1.206999 -0.000001 -0.000008 -0.000493 -0.000238 0.720590
    39 -6.021513 -21.701521 -9.204862 1.835743 0.560168 -3.056702
    40 -0.000002 3.287109 -0.573233 0.000000 0.000000 0.000000
    41 0.007811 2.175788 -2.353515 0.167715 0.000000 0.000000
    42 0.101563 1.210896 -5.390659 0.346711 0.000000 0.000000
    43 -0.097351 5.335948 -3.376940 0.000000 0.000000 0.000000
    44 -5.397088 -24.342867 -7.248010 2.531855 0.754895 -2.449306
  time 52
    0 0.000000 -0.000006 0.000000 -1.570781 -1.391896 -1.570809
    1 -6.205185 11.704219 -0.695233 1.596636 -1.286515 2.942963
    2 6.028145 0.000003 0.000002 -1.081252 -0.757055 -1.500425
    3 11.692553 0.000081 -0.000005 -0.000051 0.000036 -1.832352
    4 11.481672 -0.000089 -0.000024 2.675678 -0.113336 0.357140
    5 3.859699 -0.142417 -1.191975 -0.470552 -0.028571 -0.604521
    6 1.312563 -0.000008 0.000005 -0.025902 -0.017762 -0.131639
    7 0.729362 -0.000008 0.000001 -0.004748 0.022130 -1.146827
    8 3.942329 0.046753 -0.431444 -0.169026 -0.017653 -0.520280
    9 1.539093 0.000006 -0.000007 0.006680 -0.088139 -0.649832
    10 1.196322 -0.000008 0.000002 0.005336 0.004030 -1.858398
    11 3.883690 -0.046783 0.431443 0.067783 -0.061648 -0.458718
    12 1.719580 -0.000010 0.000009 -0.000551 -0.027002 -0.617972
    13 1.209183 -0.000004 0.000003 -0.000097 0.000335 -1.682184
    14 3.859856 -0.137962 1.332466 0.340565 -0.110640 -0.407069
    15 1.719433 0.000002 -0.000004 0.001162 -0.006326 -0.652430
    16 1.099676 -0.000006 0.000003 -0.001510 0.000916 -1.461308
    17 0.968262 -1.166992 0.660645 -0.836825 -0.820260 -0.893629
    18 1.789782 0.000002 -0.000006 0.106199 0.148681 0.928671
    19 1.206999 -0.000001 -0.000002 -0.019177 0.178548 0.901837
    20 -0.221558 -2.662109 -5.308594 -1.668474 1.286518 2.942953
    21 6.028141 0.000000 -0.000002 1.167369 0.763421 -1.310100
    22 11.692554 0.000000 -0.000003 -0.000002 0.000000 -1.028536
    23 11.481705 -0.000001 -0.000004 -0.758202 0.531545 0.507551
    24 4.003906 -0.205811 0.920898 0.499449 0.024964 -1.213607
    25 1.312565 -0.000004 -0.000002 0.002647 -0.000003 0.000662
    26 0.729366 -0.000004 0.000000 0.000000 0.002340 -1.574072
    27 4.222656 -0.111389 0.298096 0.146084 0.138555 -1.218293
    28 1.539104 0.000000 0.000001 0.021591 0.038691 -0.274898
    29 1.196322 0.000002 -0.000003 0.423018 0.188641 -2.054833
    30 3.883663 -0.050303 -0.431042 -0.048581 0.146519 -0.770215
    31 1.719584 0.000002 0.000006 -0.012269 0.089737 -0.735530
    32 1.209187 0.000004 0.000006 -0.004385 -0.003177 -1.490430
    33 3.859837 -0.148918 -1.331282 -0.321407 0.389554 -0.535029
    34 1.719431 0.000004 0.000013 0.007830 0.063159 -0.159722
    35 1.099665 0.000000 0.000007 -0.007433 -0.004262 -0.357454
    36 0.873535 -0.422119 -1.297852 1.277698 0.356538 -0.669644
    37 1.789785 -0.000006 -0.000010 -0.000498 -0.000088 -0.108780
    38 1.206999 -0.000001 -0.000008 -0.000493 -0.000238 0.720590
    39 -6.025419 -21.549172 -9.220487 1.845438 0.538331 -3.058558
    40 -0.000002 3.287109 -0.573233 0.000000 0.000000 0.000000
    41 0.003904 2.164068 -2.302732 0.091099 0.000000 0.000000
    42 0.109375 0.581970 -6.191464 0.492209 0.000000 0.000000
    43 -0.097351 5.335948 -3.376940 0.000000 0.000000 0.000000
    44 -5.006451 -25.171017 -6.165945 2.528562 0.770744 -2.333777
  time 53
    0 0.000000 -0.000006 0.000000 -1.570781 -1.391896 -1.570809
    1 -6.201278 11.735470 -0.695233 1.596636 -1.286515 2.942963
    2 6.028145 0.000003 0.000002 -1.079177 -0.843343 -1.534294
    3 11.692553 0.000081 -0.000005 -0.000051 0.000036 -1.784100
    4 11.481672 -0.000089 -0.000024 2.716984 -0.184788 0.397426
    5 3.859699 -0.142417 -1.191975 -0.470552 -0.028571 -0.604521
    6 1.312563 -0.000008 0.000005 -0.025902 -0.017762 -0.131639
    7 0.729362 -0.000008 0.000001 -0.004748 0.022130 -1.146827
    8 3.942329 0.046753 -0.431444 -0.169026 -0.017653 -0.520280
    9 1.539093 0.000006 -0.000007 0.006680 -0.088139 -0.649832
    10 1.196322 -0.000008 0.000002 0.005336 0.004030 -1.858398
    11 3.883690 -0.046783 0.431443 0.067783 -0.061648 -0.458718
    12 1.719580 -0.000010 0.000009 -0.000551 -0.027002 -0.617972
    13 1.209183 -0.000004 0.000003 -0.000097 0.000335 -1.682184
    14 3.859856 -0.137962 1.332466 0.340565 -0.110640 -0.407069
    15 1.719433 0.000002 -0.000004 0.001162 -0.006326 -0.652430
    16 1.099676 -0.000006 0.000003 -0.001510 0.000916 -1.461308
    17 0.968262 -1.166992 0.660645 -0.836825 -0.820260 -0.893629
    18 1.789782 0.000002 -0.000006 0.106199 0.148681 0.928671
    19 1.206999 -0.000001 -0.000002 -0.019177 0.178548 0.901837
    20 -0.221558 -2.662109 -5.308594 -1.668474 1.286518 2.942953
    21 6.028141 0.000000 -0.000002 1.165462 0.746273 -1.307730
    22 11.692554 0.000000 -0.000003 -0.000002 0.000000 -1.039924
    23 11.481705 -0.000001 -0.000004 -0.781432 0.557309 0.473143
    24 4.003906 -0.205811 0.920898 0.499449 0.024964 -1.213607
    25 1.312565 -0.000004 -0.000002 0.002647 -0.000003 0.000662
    26 0.729366 -0.000004 0.000000 0.000000 0.002340 -1.574072
    27 4.222656 -0.111389 0.298096 0.146084 0.138555 -1.218293
    28 1.539104 0.000000 0.000001 0.021591 0.038691 -0.274898
    29 1.196322 0.000002 -0.000003 0.423018 0.188641 -2.054833
    30 3.883663 -0.050303 -0.431042 -0.048581 0.146519 -0.770215
    31 1.719584 0.000002 0.000006 -0.012269 0.089737 -0.735530
    32 1.209187 0.000004 0.000006 -0.004385 -0.003177 -1.490430
    33 3.859837 -0.148918 -1.331282 -0.321407 0.389554 -0.535029
    34 1.719431 0.000004 0.000013 0.007830 0.063159 -0.159722
    35 1.099665 0.000000 0.000007 -0.007433 -0.004262 -0.357454
    36 0.873535 -0.422119 -1.297852 1.277698 0.356538 -0.669644
    37 1.789785 -0.000006 -0.000010 -0.000498 -0.000088 -0.108780
    38 1.206999 -0.000001 -0.000008 -0.000493 -0.000238 0.720590
    39 -6.033232 -21.381198 -9.263457 1.874669 0.517995 -3.050208
    40 -0.000002 3.287109 -0.573233 0.000000 0.000000 0.000000
    41 -0.000002 2.156256 -2.259762 0.026910 0.000000 0.000000
    42 0.027342 -0.101644 -7.242278 0.660200 -0.001874 -0.008593
    43 -0.097351 5.335948 -3.376940 0.000000 0.000000 0.000000
    44 -4.572844 -26.135890 -5.076068 2.512147 0.759182 -2.234053
  time 54
    0 0.000000 -0.000006 0.000000 -1.570781 -1.391896 -1.570809
    1 -6.197372 11.762814 -0.695233 1.596636 -1.286515 2.942963
    2 6.028145 0.000003 0.000002 -1.072870 -0.918886 -1.565397
    3 11.692553 0.000081 -0.000005 -0.000051 0.000036 -1.707852
    4 11.481672 -0.000089 -0.000024 2.721107 -0.268025 0.389516
    5 3.859699 -0.142417 -1.191975 -0.470552 -0.028571 -0.604521
    6 1.312563 -0.000008 0.000005 -0.025902 -0.017762 -0.131639
    7 0.729362 -0.000008 0.000001 -0.004748 0.022130 -1.146827
    8 3.942329 0.046753 -0.431444 -0.169026 -0.017653 -0.520280
    9 1.539093 0.000006 -0.000007 0.006680 -0.088139 -0.649832
    10 1.196322 -0.000008 0.000002 0.005336 0.004030 -1.858398
    11 3.883690 -0.046783 0.431443 0.067783 -0.061648 -0.458718
    12 1.719580 -0.000010 0.000009 -0.000551 -0.027002 -0.617972
    13 1.209183 -0.000004 0.000003 -0.000097 0.000335 -1.682184
    14 3.859856 -0.137962 1.332466 0.340565 -0.110640 -0.407069
    15 1.719433 0.000002 -0.000004 0.001162 -0.006326 -0.652430
    16 1.099676 -0.000006 0.000003 -0.001510 0.000916 -1.461308
    17 0.968262 -1.166992 0.660645 -0.836825 -0.820260 -0.893629
    18 1.789782 0.000002 -0.000006 0.106199 0.148681 0.928671
    19 1.206999 -0.000001 -0.000002 -0.019177 0.178548 0.901837
    20 -0.221558 -2.662109 -5.308594 -1.668474 1.286518 2.942953
    21 6.028141 0.000000 -0.000002 1.165748 0.729006 -1.303179
    22 11.692554 0.000000 -0.000003 -0.000002 0.000000 -1.043159
    23 11.481705 -0.000001 -0.000004 -0.808342 0.576551 0.414622
    24 4.003906 -0.205811 0.920898 0.499449 0.024964 -1.213607
    25 1.312565 -0.000004 -0.000002 0.002647 -0.000003 0.000662
    26 0.729366 -0.000004 0.000000 0.000000 0.002340 -1.574072
    27 4.222656 -0.111389 0.298096 0.146084 0.138555 -1.218293
    28 1.539104 0.000000 0.000001 0.021591 0.038691 -0.274898
    29 1.196322 0.000002 -0.000003 0.423018 0.188641 -2.054833
    30 3.883663 -0.050303 -0.431042 -0.048581 0.146519 -0.770215
    31 1.719584 0.000002 0.000006 -0.012269 0.089737 -0.735530
    32 1.209187 0.000004 0.000006 -0.004385 -0.003177 -1.490430
    33 3.859837 -0.148918 -1.331282 -0.321407 0.389554 -0.535029
    34 1.719431 0.000004 0.000013 0.007830 0.063159 -0.159722
    35 1.099665 0.000000 0.000007 -0.007433 -0.004262 -0.357454
    36 0.873535 -0.422119 -1.297852 1.277698 0.356538 -0.669644
    37 1.789785 -0.000006 -0.000010 -0.000498 -0.000088 -0.108780
    38 1.206999 -0.000001 -0.000008 -0.000493 -0.000238 0.720590
    39 -6.052764 -21.228850 -9.329866 1.916165 0.499867 -3.029158
    40 -0.000002 3.287109 -0.573233 0.000000 0.000000 0.000000
    41 -0.000002 2.156256 -2.244137 0.000000 0.000000 0.000000
    42 -0.199228 -0.836042 -8.484503 0.849366 -0.007193 -0.032429
    43 -0.097351 5.335948 -3.376940 0.000000 0.000000 0.000000
    44 -4.115799 -27.198423 -4.091663 2.453493 0.725911 -2.182515
  time 55
    0 0.000000 -0.000006 0.000000 -1.570781 -1.391896 -1.570809
    1 -6.193465 11.794065 -0.695233 1.596636 -1.286515 2.942963
    2 6.028145 0.000003 0.000002 -1.092349 -0.972938 -1.566924
    3 11.692553 0.000081 -0.000005 -0.000039 0.000036 -1.605405
    4 11.481672 -0.000089 -0.000024 2.685573 -0.337603 0.339619
    5 3.859699 -0.142417 -1.191975 -0.470552 -0.028571 -0.604521
    6 1.312563 -0.000008 0.000005 -0.025902 -0.017762 -0.131639
    7 0.729362 -0.000008 0.000001 -0.004748 0.022130 -1.146827
    8 3.942329 0.046753 -0.431444 -0.169026 -0.017653 -0.520280
    9 1.539093 0.000006 -0.000007 0.006680 -0.088139 -0.649832
    10 1.196322 -0.000008 0.000002 0.005336 0.004030 -1.858398
    11 3.883690 -0.046783 0.431443 0.067783 -0.061648 -0.458718
    12 1.719580 -0.000010 0.000009 -0.000551 -0.027002 -0.617972
    13 1.209183 -0.000004 0.000003 -0.000097 0.000335 -1.682184
    14 3.859856 -0.137962 1.332466 0.340565 -0.110640 -0.407069
    15 1.719433 0.000002 -0.000004 0.001162 -0.006326 -0.652430
    16 1.099676 -0.000006 0.000003 -0.001510 0.000916 -1.461308
    17 0.968262 -1.166992 0.660645 -0.836825 -0.820260 -0.893629
    18 1.789782 0.000002 -0.000006 0.106199 0.148681 0.928671
    19 1.206999 -0.000001 -0.000002 -0.019177 0.178548 0.901837
    20 -0.221558 -2.662109 -5.308594 -1.668474 1.286518 2.942953
    21 6.028141 0.000000 -0.000002 1.167845 0.714405 -1.297776
    22 11.692554 0.000000 -0.000003 -0.000002 0.000000 -1.040118
    23 11.481705 -0.000001 -0.000004 -0.833684 0.586874 0.350620
    24 4.003906 -0.205811 0.920898 0.499449 0.024964 -1.213607
    25 1.312565 -0.000004 -0.000002 0.002647 -0.000003 0.000662
    26 0.729366 -0.000004 0.000000 0.000000 0.002340 -1.574072
    27 4.222656 -0.111389 0.298096 0.146084 0.138555 -1.218293
    28 1.539104 0.000000 0.000001 0.021591 0.038691 -0.274898
    29 1.196322 0.000002 -0.000003 0.423018 0.188641 -2.054833
    30 3.883663 -0.050303 -0.431042 -0.048581 0.146519 -0.770215
    31 1.719584 0.000002 0.000006 -0.012269 0.089737 -0.735530
    32 1.209187 0.000004 0.000006 -0.004385 -0.003177 -1.490430
    33 3.859837 -0.148918 -1.331282 -0.321407 0.389554 -0.535029
    34 1.719431 0.000004 0.000013 0.007830 0.063159 -0.159722
    35 1.099665 0.000000 0.000007 -0.007433 -0.004262 -0.357454
    36 0.873535 -0.422119 -1.297852 1.277698 0.356538 -0.669644
    37 1.789785 -0.000006 -0.000010 -0.000498 -0.000088 -0.108780
    38 1.206999 -0.000001 -0.000008 -0.000493 -0.000238 0.720590
    39 -6.072296 -21.096033 -9.419712 1.956853 0.485156 -3.003933
    40 -0.000002 3.287109 -0.573233 0.000000 0.000000 0.000000
    41 -0.000002 2.156256 -2.244137 0.000000 0.000000 0.000000
    42 -0.539082 -1.629035 -9.867358 1.058201 -0.015535 -0.068387
    43 -0.097351 5.335948 -3.376940 0.000000 0.000000 0.000000
    44 -3.522030 -28.475805 -3.591648 2.367760 0.689650 -2.175139
  time 56
    0 0.000000 -0.000006 0.000000 -1.570781 -1.391896 -1.570809
    1 -6.189559 11.821410 -0.695233 1.596636 -1.286515 2.942963
    2 6.028145 0.000003 0.000002 -1.144718 -1.010180 -1.534199
    3 11.692553 0.000081 -0.000005 -0.000039 0.000036 -1.479811
    4 11.481672 -0.000089 -0.000024 2.632722 -0.379007 0.261714
    5 3.859699 -0.142417 -1.191975 -0.470552 -0.028571 -0.604521
    6 1.312563 -0.000008 0.000005 -0.025902 -0.017762 -0.131639
    7 0.729362 -0.000008 0.000001 -0.004748 0.022130 -1.146827
    8 3.942329 0.046753 -0.431444 -0.169026 -0.017653 -0.520280
    9 1.539093 0.000006 -0.000007 0.006680 -0.088139 -0.649832
    10 1.196322 -0.000008 0.000002 0.005336 0.004030 -1.858398
    11 3.883690 -0.046783 0.431443 0.067783 -0.061648 -0.458718
    12 1.719580 -0.000010 0.000009 -0.000551 -0.027002 -0.617972
    13 1.209183 -0.000004 0.000003 -0.000097 0.000335 -1.682184
    14 3.859856 -0.137962 1.332466 0.340565 -0.110640 -0.407069
    15 1.719433 0.000002 -0.000004 0.001162 -0.006326 -0.652430
    16 1.099676 -0.000006 0.000003 -0.001510 0.000916 -1.461308
    17 0.968262 -1.166992 0.660645 -0.836825 -0.820260 -0.893629
    18 1.789782 0.000002 -0.000006 0.106199 0.148681 0.928671
    19 1.206999 -0.000001 -0.000002 -0.019177 0.178548 0.901837
    20 -0.221558 -2.662109 -5.308594 -1.668474 1.286518 2.942953
    21 6.028141 0.000000 -0.000002 1.170610 0.704259 -1.292846
    22 11.692554 0.000000 -0.000003 -0.000002 0.000000 -1.033518
    23 11.481705 -0.000001 -0.000004 -0.851966 0.589418 0.298619
    24 4.003906 -0.205811 0.920898 0.499449 0.024964 -1.213607
    25 1.312565 -0.000004 -0.000002 0.002647 -0.000003 0.000662
    26 0.729366 -0.000004 0.000000 0.000000 0.002328 -1.574072
    27 4.222656 -0.111389 0.298096 0.146084 0.138555 -1.218293
    28 1.539104 0.000000 0.000001 0.021591 0.038691 -0.274898
    29 1.196322 0.000002 -0.000003 0.423018 0.188641 -2.054833
    30 3.883663 -0.050303 -0.431042 -0.048581 0.146519 -0.770215
    31 1.719584 0.000002 0.000006 -0.012269 0.089737 -0.735530
    32 1.209187 0.000004 0.000006 -0.004385 -0.003177 -1.490430
    33 3.859837 -0.148918 -1.331282 -0.321407 0.389554 -0.535029
    34 1.719431 0.000004 0.000013 0.007830 0.063159 -0.159722
    35 1.099665 0.000000 0.000007 -0.007433 -0.004262 -0.357454
    36 0.873535 -0.422119 -1.297852 1.277698 0.356538 -0.669644
    37 1.789785 -0.000006 -0.000010 -0.000498 -0.000088 -0.108780
    38 1.206999 -0.000001 -0.000008 -0.000493 -0.000238 0.720590
    39 -6.099640 -21.006187 -9.525184 1.986083 0.475155 -2.982941
    40 -0.000002 3.287109 -0.573233 0.000000 0.000000 0.000000
    41 -0.000002 2.156256 -2.244137 0.000000 0.000000 0.000000
    42 -0.960970 -2.480623 -11.324433 1.285107 -0.026461 -0.113347
    43 -0.097351 5.335948 -3.376940 0.000000 0.000000 0.000000
    44 -2.775914 -29.968038 -3.693214 2.286418 0.664402 -2.183952
  time 57
    0 0.000000 -0.000006 0.000000 -1.570781 -1.391896 -1.570809
    1 -6.185653 11.848754 -0.691326 1.596636 -1.286515 2.942963
    2 6.028145 0.000003 0.000002 -1.199163 -1.041357 -1.496418
    3 11.692553 0.000081 -0.000005 -0.000027 0.000036 -1.335134
    4 11.481672 -0.000089 -0.000024 2.572225 -0.397075 0.179210
    5 3.859699 -0.142417 -1.191975 -0.470552 -0.028571 -0.604521
    6 1.312563 -0.000008 0.000005 -0.025902 -0.017762 -0.131639
    7 0.729362 -0.000008 0.000001 -0.004748 0.022130 -1.146827
    8 3.942329 0.046753 -0.431444 -0.169026 -0.017653 -0.520280
    9 1.539093 0.000006 -0.000007 0.006680 -0.088139 -0.649832
    10 1.196322 -0.000008 0.000002 0.005336 0.004030 -1.858398
    11 3.883690 -0.046783 0.431443 0.067783 -0.061648 -0.458718
    12 1.719580 -0.000010 0.000009 -0.000551 -0.027002 -0.617972
    13 1.209183 -0.000004 0.000003 -0.000097 0.000335 -1.682184
    14 3.859856 -0.137962 1.332466 0.340565 -0.110640 -0.407069
    15 1.719433 0.000002 -0.000004 0.001162 -0.006326 -0.652430
    16 1.099676 -0.000006 0.000003 -0.001510 0.000916 -1.461308
    17 0.968262 -1.166992 0.660645 -0.836825 -0.820260 -0.893629
    18 1.789782 0.000002 -0.000006 0.106199 0.148681 0.928671
    19 1.206999 -0.000001 -0.000002 -0.019177 0.178548 0.901837
    20 -0.221558 -2.662109 -5.308594 -1.668474 1.286518 2.942953
    21 6.028141 0.000000 -0.000002 1.172517 0.699605 -1.290097
    22 11.692554 0.000000 -0.000003 -0.000002 0.000000 -1.025559
    23 11.481705 -0.000001 -0.000004 -0.858844 0.588658 0.272432
    24 4.003906 -0.205811 0.920898 0.499449 0.024964 -1.213607
    25 1.312565 -0.000004 -0.000002 0.002647 -0.000003 0.000662
    26 0.729366 -0.000004 0.000000 0.000000 0.002340 -1.574072
    27 4.222656 -0.111389 0.298096 0.146084 0.138555 -1.218293
    28 1.539104 0.000000 0.000001 0.021591 0.038691 -0.274898
    29 1.196322 0.000002 -0.000003 0.423018 0.188641 -2.054833
    30 3.883663 -0.050303 -0.431042 -0.048581 0.146519 -0.770215
    31 1.719584 0.000002 0.000006 -0.012269 0.089737 -0.735530
    32 1.209187 0.000004 0.000006 -0.004385 -0.003177 -1.490430
    33 3.859837 -0.148918 -1.331282 -0.321407 0.389554 -0.535029
    34 1.719431 0.000004 0.000013 0.007830 0.063159 -0.159722
    35 1.099665 0.000000 0.000007 -0.007433 -0.004262 -0.357454
    36 0.873535 -0.422119 -1.297852 1.277698 0.356538 -0.669644
    37 1.789785 -0.000006 -0.000010 -0.000498 -0.000088 -0.108780
    38 1.206999 -0.000001 -0.000008 -0.000493 -0.000238 0.720590
    39 -6.130891 -20.971030 -9.642375 1.996806 0.471446 -2.974127
    40 -0.000002 3.287109 -0.573233 0.000000 0.000000 0.000000
    41 -0.000002 2.156256 -2.244137 0.000000 0.000000 0.000000
    42 -1.429734 -3.394713 -12.793228 1.528764 -0.039502 -0.164240
    43 -0.097351 5.335948 -3.376940 0.000000 0.000000 0.000000
    44 -2.072767 -31.491522 -4.212761 2.209729 0.655278 -2.211254
  time 58
    0 0.000000 -0.000006 0.000000 -1.570781 -1.391896 -1.570809
    1 -6.181746 11.876099 -0.691326 1.596636 -1.286515 2.942963
    2 6.028145 0.000003 0.000002 -1.232214 -1.069360 -1.474474
    3 11.692553 0.000081 -0.000005 -0.000027 0.000036 -1.194837
    4 11.481672 -0.000089 -0.000024 2.515551 -0.397465 0.108664
    5 3.859699 -0.142417 -1.191975 -0.470552 -0.028571 -0.604521
    6 1.312563 -0.000008 0.000005 -0.025902 -0.017762 -0.131639
    7 0.729362 -0.000008 0.000001 -0.004748 0.022130 -1.146827
    8 3.942329 0.046753 -0.431444 -0.169026 -0.017653 -0.520280
    9 1.539093 0.000006 -0.000007 0.006680 -0.088139 -0.649832
    10 1.196322 -0.000008 0.000002 0.005336 0.004030 -1.858398
    11 3.883690 -0.046783 0.431443 0.067783 -0.061648 -0.458718
    12 1.719580 -0.000010 0.000009 -0.000551 -0.027002 -0.617972
    13 1.209183 -0.000004 0.000003 -0.000097 0.000335 -1.682184
    14 3.859856 -0.137962 1.332466 0.340565 -0.110640 -0.407069
    15 1.719433 0.000002 -0.000004 0.001162 -0.006326 -0.652430
    16 1.099676 -0.000006 0.000003 -0.001510 0.000916 -1.461308
    17 0.968262 -1.166992 0.660645 -0.836825 -0.820260 -0.893629
    18 1.789782 0.000002 -0.000006 0.106199 0.148681 0.928671
    19 1.206999 -0.000001 -0.000002 -0.019177 0.178548 0.901837
    20 -0.221558 -2.662109 -5.308594 -1.668474 1.286518 2.942953
    21 6.028141 0.000000 -0.000002 1.171945 0.700798 -1.290855
    22 11.692554 0.000000 -0.000003 -0.000002 0.000000 -1.013460
    23 11.481705 -0.000001 -0.000004 -0.856190 0.590734 0.265914
    24 4.003906 -0.205811 0.920898 0.499449 0.024964 -1.213607
    25 1.312565 -0.000004 -0.000002 0.002647 -0.000003 0.000662
    26 0.729366 -0.000004 0.000000 0.000000 0.002340 -1.574072
    27 4.222656 -0.111389 0.298096 0.146084 0.138555 -1.218293
    28 1.539104 0.000000 0.000001 0.021591 0.038691 -0.274898
    29 1.196322 0.000002 -0.000003 0.423018 0.188641 -2.054833
    30 3.883663 -0.050303 -0.431042 -0.048581 0.146519 -0.770215
    31 1.719584 0.000002 0.000006 -0.012269 0.089737 -0.735530
    32 1.209187 0.000004 0.000006 -0.004385 -0.003177 -1.490430
    33 3.859837 -0.148918 -1.331282 -0.321407 0.389554 -0.535029
    34 1.719431 0.000004 0.000013 0.007830 0.063159 -0.159722
    35 1.099665 0.000000 0.000007 -0.007433 -0.004262 -0.357454
    36 0.873535 -0.422119 -1.297852 1.277698 0.356538 -0.669644
    37 1.789785 -0.000006 -0.000010 -0.000498 -0.000088 -0.108780
    38 1.206999 -0.000001 -0.000008 -0.000493 -0.000238 0.720590
    39 -6.166049 -20.998374 -9.771285 1.994015 0.472696 -2.978418
    40 -0.000002 3.287109 -0.573233 0.000000 0.000000 0.000000
    41 -0.000002 2.156256 -2.244137 0.000000 0.000000 0.000000
    42 -1.914124 -4.375212 -14.215147 1.787574 -0.054221 -0.217998
    43 -0.097351 5.335948 -3.376940 0.000000 0.000000 0.000000
    44 -1.615722 -32.753280 -4.892469 2.143757 0.657048 -2.254075
  time 59
    0 0.000000 -0.000006 0.000000 -1.570781 -1.391896 -1.570809
    1 -6.181746 11.903443 -0.687420 1.596636 -1.286515 2.942963
    2 6.028145 0.000003 0.000002 -1.235646 -1.083484 -1.474379
    3 11.692553 0.000081 -0.000005 -0.000027 0.000036 -1.112724
    4 11.481672 -0.000089 -0.000024 2.473345 -0.388997 0.076518
    5 3.859699 -0.142417 -1.191975 -0.470552 -0.028571 -0.604521
    6 1.312563 -0.000008 0.000005 -0.025902 -0.017762 -0.131639
    7 0.729362 -0.000008 0.000001 -0.004748 0.022130 -1.146827
    8 3.942329 0.046753 -0.431444 -0.169026 -0.017653 -0.520280
    9 1.539093 0.000006 -0.000007 0.006680 -0.088139 -0.649832
    10 1.196322 -0.000008 0.000002 0.005336 0.004030 -1.858398
    11 3.883690 -0.046783 0.431443 0.067783 -0.061648 -0.458718
    12 1.719580 -0.000010 0.000009 -0.000551 -0.027002 -0.617972
    13 1.209183 -0.000004 0.000003 -0.000097 0.000335 -1.682184
    14 3.859856 -0.137962 1.332466 0.340565 -0.110640 -0.407069
    15 1.719433 0.000002 -0.000004 0.001162 -0.006326 -0.652430
    16 1.099676 -0.000006 0.000003 -0.001510 0.000916 -1.461308
    17 0.968262 -1.166992 0.660645 -0.836825 -0.820260 -0.893629
    18 1.789782 0.000002 -0.000006 0.106199 0.148681 0.928671
    19 1.206999 -0.000001 -0.000002 -0.019177 0.178548 0.901837
    20 -0.221558 -2.662109 -5.308594 -1.668474 1.286518 2.942953
    21 6.028141 0.000000 -0.000002 1.169180 0.706527 -1.294647
    22 11.692554 0.000000 -0.000003 -0.000002 0.000000 -0.995019
    23 11.481705 -0.000001 -0.000004 -0.848949 0.596729 0.264877
    24 4.003906 -0.205811 0.920898 0.499449 0.024964 -1.213607
    25 1.312565 -0.000004 -0.000002 0.002647 -0.000003 0.000662
    26 0.729366 -0.000004 0.000000 0.000000 0.002340 -1.574072
    27 4.222656 -0.111389 0.298096 0.146084 0.138555 -1.218293
    28 1.539104 0.000000 0.000001 0.021591 0.038691 -0.274898
    29 1.196322 0.000002 -0.000003 0.423018 0.188641 -2.054833
    30 3.883663 -0.050303 -0.431042 -0.048581 0.146519 -0.770215
    31 1.719584 0.000002 0.000006 -0.012269 0.089737 -0.735530
    32 1.209187 0.000004 0.000006 -0.004385 -0.003177 -1.490430
    33 3.859837 -0.148918 -1.331282 -0.321407 0.389554 -0.535029
    34 1.719431 0.000004 0.000013 0.007830 0.063159 -0.159722
    35 1.099665 0.000000 0.000007 -0.007433 -0.004262 -0.357454
    36 0.873535 -0.422119 -1.297852 1.277698 0.356538 -0.669644
    37 1.789785 -0.000006 -0.000010 -0.000498 -0.000088 -0.108780
    38 1.206999 -0.000001 -0.000008 -0.000493 -0.000238 0.720590
    39 -6.205112 -21.072595 -9.904102 1.987185 0.476113 -2.989610
    40 -0.000002 3.287109 -0.573233 0.000000 0.000000 0.000000
    41 -0.000002 2.156256 -2.244137 0.000000 0.000000 0.000000
    42 -2.382888 -5.426025 -15.531593 2.060124 -0.070194 -0.271449
    43 -0.097351 5.335948 -3.376940 0.000000 0.000000 0.000000
    44 -1.529782 -33.382205 -5.376859 2.097388 0.661610 -2.302547
  time 60
    0 0.000000 -0.000006 0.000000 -1.570781 -1.391896 -1.570809
    1 -6.177840 11.930788 -0.687420 1.596636 -1.286515 2.942963
    2 6.028145 0.000003 0.000002 -1.227104 -1.079617 -1.481153
    3 11.692553 0.000081 -0.000005 -0.000027 0.000036 -1.086838
    4 11.481672 -0.000089 -0.000024 2.445982 -0.369134 0.070080
    5 3.859699 -0.142417 -1.191975 -0.470554 -0.028571 -0.604521
    6 1.312563 -0.000008 0.000005 -0.025902 -0.017762 -0.131639
    7 0.729362 -0.000008 0.000001 -0.004747 0.022128 -1.146827
    8 3.942329 0.046753 -0.431444 -0.169026 -0.017653 -0.520280
    9 1.539093 0.000006 -0.000007 0.006681 -0.088141 -0.649834
    10 1.196322 -0.000008 0.000002 0.005338 0.004031 -1.858398
    11 3.883690 -0.046783 0.431443 0.067781 -0.061648 -0.458718
    12 1.719580 -0.000010 0.000009 -0.000551 -0.027002 -0.617972
    13 1.209183 -0.000004 0.000003 -0.000097 0.000335 -1.682184
    14 3.859856 -0.137962 1.332466 0.340565 -0.110640 -0.407069
    15 1.719433 0.000002 -0.000004 0.001162 -0.006326 -0.652430
    16 1.099676 -0.000006 0.000003 -0.001510 0.000916 -1.461308
    17 0.968262 -1.166992 0.660645 -0.836825 -0.820260 -0.893629
    18 1.789782 0.000002 -0.000006 0.106198 0.148682 0.928673
    19 1.206999 -0.000001 -0.000002 -0.019178 0.178546 0.901837
    20 -0.221558 -2.662109 -5.308594 -1.668474 1.286518 2.942953
    21 6.028141 0.000000 -0.000002 1.164985 0.715081 -1.300335
    22 11.692554 0.000000 -0.000003 -0.000002 0.000000 -0.973019
    23 11.481705 -0.000001 -0.000004 -0.838149 0.604976 0.268321
    24 4.003906 -0.205811 0.920898 0.499449 0.024964 -1.213607
    25 1.312565 -0.000004 -0.000002 0.002647 -0.000003 0.000662
    26 0.729366 -0.000004 0.000000 0.000000 0.002340 -1.574072
    27 4.222656 -0.111389 0.298096 0.146084 0.138555 -1.218293
    28 1.539104 0.000000 0.000001 0.021591 0.038691 -0.274898
    29 1.196322 0.000002 -0.000003 0.423005 0.188639 -2.054787
    30 3.883663 -0.050303 -0.431042 -0.048581 0.146519 -0.770215
    31 1.719584 0.000002 0.000006 -0.012269 0.089737 -0.735530
    32 1.209187 0.000004 0.000006 -0.004385 -0.003177 -1.490432
    33 3.859837 -0.148918 -1.331282 -0.321407 0.389554 -0.535029
    34 1.719431 0.000004 0.000013 0.007830 0.063159 -0.159722
    35 1.099665 0.000000 0.000007 -0.007433 -0.004262 -0.357454
    36 0.873535 -0.422119 -1.297852 1.277698 0.356538 -0.669644
    37 1.789785 -0.000006 -0.000010 -0.000498 -0.000088 -0.108780
    38 1.206999 -0.000001 -0.000008 -0.000493 -0.000238 0.720590
    39 -6.244176 -21.174161 -10.040825 1.977490 0.481239 -3.005557
    40 -0.000002 3.287109 -0.573233 0.000000 0.000000 0.000000
    41 -0.000002 2.156256 -2.244137 0.000000 0.000000 0.000000
    42 -2.804776 -6.554966 -16.672253 2.345002 -0.086968 -0.321626
    43 -0.097351 5.335948 -3.376940 0.000000 0.000000 0.000000
    44 -1.705569 -33.511115 -5.712807 2.074282 0.668374 -2.350349
  time 61
    0 0.000000 -0.000006 0.000000 -1.570781 -1.391896 -1.570809
    1 -6.177840 11.958133 -0.683514 1.596636 -1.286515 2.942963
    2 6.028145 0.000003 0.000002 -1.224709 -1.067488 -1.481153
    3 11.692553 0.000081 -0.000005 -0.000027 0.000036 -1.072292
    4 11.481672 -0.000089 -0.000024 2.428515 -0.332530 0.052420
    5 3.859699 -0.142417 -1.191975 -0.470554 -0.028571 -0.604521
    6 1.312563 -0.000008 0.000005 -0.025902 -0.017762 -0.131639
    7 0.729362 -0.000008 0.000001 -0.004747 0.022128 -1.146827
    8 3.942329 0.046753 -0.431444 -0.169026 -0.017653 -0.520280
    9 1.539093 0.000006 -0.000007 0.006681 -0.088141 -0.649834
    10 1.196322 -0.000008 0.000002 0.005338 0.004031 -1.858398
    11 3.883690 -0.046783 0.431443 0.067781 -0.061648 -0.458718
    12 1.719580 -0.000010 0.000009 -0.000551 -0.027002 -0.617972
    13 1.209183 -0.000004 0.000003 -0.000097 0.000335 -1.682184
    14 3.859856 -0.137962 1.332466 0.340565 -0.110640 -0.407069
    15 1.719433 0.000002 -0.000004 0.001162 -0.006326 -0.652430
    16 1.099676 -0.000006 0.000003 -0.001510 0.000916 -1.461308
    17 0.968262 -1.166992 0.660645 -0.836825 -0.820260 -0.893629
    18 1.789782 0.000002 -0.000006 0.106198 0.148682 0.928673
    19 1.206999 -0.000001 -0.000002 -0.019178 0.178546 0.901837
    20 -0.221558 -2.662109 -5.308594 -1.668474 1.286518 2.942953
    21 6.028141 0.000000 -0.000002 1.160122 0.724868 -1.306877
    22 11.692554 0.000000 -0.000003 -0.000002 0.000000 -0.949791
    23 11.481705 -0.000001 -0.000004 -0.824694 0.613866 0.274914
    24 4.003906 -0.205811 0.920898 0.499449 0.024964 -1.213607
    25 1.312565 -0.000004 -0.000002 0.002647 -0.000003 0.000662
    26 0.729366 -0.000004 0.000000 0.000000 0.002340 -1.574072
    27 4.222656 -0.111389 0.298096 0.146084 0.138555 -1.218293
    28 1.539104 0.000000 0.000001 0.021591 0.038691 -0.274898
    29 1.196322 0.000002 -0.000003 0.423005 0.188639 -2.054787
    30 3.883663 -0.050303 -0.431042 -0.048581 0.146519 -0.770215
    31 1.719584 0.000002 0.000006 -0.012269 0.089737 -0.735530
    32 1.209187 0.000004 0.000006 -0.004385 -0.003177 -1.490432
    33 3.859837 -0.148918 -1.331282 -0.321407 0.389554 -0.535029
    34 1.719431 0.000004 0.000013 0.007830 0.063159 -0.159722
    35 1.099665 0.000000 0.000007 -0.007433 -0.004262 -0.357454
    36 0.873535 -0.422119 -1.297852 1.277698 0.356538 -0.669644
    37 1.789785 -0.000006 -0.000010 -0.000498 -0.000088 -0.108780
    38 1.206999 -0.000001 -0.000008 -0.000493 -0.000238 0.720590
    39 -6.287146 -21.287446 -10.173641 1.965886 0.487615 -3.023823
    40 -0.000002 3.287109 -0.573233 0.000000 0.000000 0.000000
    41 -0.000002 2.156256 -2.244137 0.000000 0.000000 0.000000
    42 -3.144630 -7.762034 -17.582437 2.640610 -0.104105 -0.365308
    43 -0.097351 5.335948 -3.376940 0.000000 0.000000 0.000000
    44 -1.936045 -33.495490 -6.130788 2.073341 0.676633 -2.394990
  time 62
    0 0.000000 -0.000006 0.000000 -1.570781 -1.391896 -1.570809
    1 -6.173934 11.981571 -0.683514 1.596636 -1.286515 2.942963
    2 6.028145 0.000003 0.000002 -1.228382 -1.047300 -1.474284
    3 11.692553 0.000081 -0.000005 -0.000027 0.000036 -1.071276
    4 11.481672 -0.000089 -0.000024 2.419370 -0.283517 0.026712
    5 3.859699 -0.142417 -1.191975 -0.470554 -0.028571 -0.604521
    6 1.312563 -0.000008 0.000005 -0.025902 -0.017762 -0.131639
    7 0.729362 -0.000008 0.000001 -0.004747 0.022128 -1.146827
    8 3.942329 0.046753 -0.431444 -0.169026 -0.017653 -0.520280
    9 1.539093 0.000006 -0.000007 0.006681 -0.088141 -0.649834
    10 1.196322 -0.000008 0.000002 0.005338 0.004031 -1.858398
    11 3.883690 -0.046783 0.431443 0.067781 -0.061648 -0.458718
    12 1.719580 -0.000010 0.000009 -0.000551 -0.027002 -0.617972
    13 1.209183 -0.000004 0.000003 -0.000097 0.000335 -1.682184
    14 3.859856 -0.137962 1.332466 0.340565 -0.110640 -0.407069
    15 1.719433 0.000002 -0.000004 0.001162 -0.006326 -0.652430
    16 1.099676 -0.000006 0.000003 -0.001510 0.000916 -1.461308
    17 0.968262 -1.166992 0.660645 -0.836825 -0.820260 -0.893629
    18 1.789782 0.000002 -0.000006 0.106198 0.148682 0.928673
    19 1.206999 -0.000001 -0.000002 -0.019178 0.178546 0.901837
    20 -0.221558 -2.662109 -5.308594 -1.668474 1.286518 2.942953
    21 6.028141 0.000000 -0.000002 1.155546 0.734099 -1.313134
    22 11.692554 0.000000 -0.000003 -0.000002 0.000000 -0.928244
    23 11.481705 -0.000001 -0.000004 -0.809730 0.621762 0.283544
    24 4.003906 -0.205811 0.920898 0.499449 0.024964 -1.213607
    25 1.312565 -0.000004 -0.000002 0.002647 -0.000003 0.000662
    26 0.729366 -0.000004 0.000000 0.000000 0.002340 -1.574072
    27 4.222656 -0.111389 0.298096 0.146084 0.138555 -1.218293
    28 1.539104 0.000000 0.000001 0.021591 0.038691 -0.274898
    29 1.196322 0.000002 -0.000003 0.423005 0.188639 -2.054787
    30 3.883663 -0.050303 -0.431042 -0.048581 0.146519 -0.770215
    31 1.719584 0.000002 0.000006 -0.012269 0.089737 -0.735530
    32 1.209187 0.000004 0.000006 -0.004385 -0.003177 -1.490432
    33 3.859837 -0.148918 -1.331282 -0.321407 0.389554 -0.535029
    34 1.719431 0.000004 0.000013 0.007830 0.063159 -0.159722
    35 1.099665 0.000000 0.000007 -0.007433 -0.004262 -0.357454
    36 0.873535 -0.422119 -1.297852 1.277698 0.356538 -0.669644
    37 1.789785 -0.000006 -0.000010 -0.000498 -0.000088 -0.108780
    38 1.206999 -0.000001 -0.000008 -0.000493 -0.000238 0.720590
    39 -6.334022 -21.389011 -10.302552 1.953695 0.494783 -3.042205
    40 -0.000002 3.287109 -0.573233 0.000000 0.000000 0.000000
    41 -0.000002 2.156256 -2.244137 0.000000 0.000000 0.000000
    42 -3.375106 -9.051136 -18.199643 2.945535 -0.121151 -0.399527
    43 -0.097351 5.335948 -3.376940 0.000000 0.000000 0.000000
    44 -2.186052 -33.323609 -6.595646 2.091899 0.685796 -2.434937
  time 63
    0 0.000000 -0.000006 0.000000 -1.570781 -1.391896 -1.570809
    1 -6.173934 12.008915 -0.679607 1.596636 -1.286515 2.942963
    2 6.028145 0.000003 0.000002 -1.237243 -1.019134 -1.461595
    3 11.692553 0.000081 -0.000005 -0.000027 0.000036 -1.085822
    4 11.481672 -0.000089 -0.000024 2.416746 -0.226114 -0.003364
    5 3.859699 -0.142417 -1.191975 -0.470554 -0.028571 -0.604521
    6 1.312563 -0.000008 0.000005 -0.025902 -0.017762 -0.131639
    7 0.729362 -0.000008 0.000001 -0.004747 0.022128 -1.146827
    8 3.942329 0.046753 -0.431444 -0.169026 -0.017653 -0.520280
    9 1.539093 0.000006 -0.000007 0.006681 -0.088141 -0.649834
    10 1.196322 -0.000008 0.000002 0.005338 0.004031 -1.858398
    11 3.883690 -0.046783 0.431443 0.067781 -0.061648 -0.458718
    12 1.719580 -0.000010 0.000009 -0.000551 -0.027002 -0.617972
    13 1.209183 -0.000004 0.000003 -0.000097 0.000335 -1.682184
    14 3.859856 -0.137962 1.332466 0.340565 -0.110640 -0.407069
    15 1.719433 0.000002 -0.000004 0.001162 -0.006326 -0.652430
    16 1.099676 -0.000006 0.000003 -0.001510 0.000916 -1.461308
    17 0.968262 -1.166992 0.660645 -0.836825 -0.820260 -0.893629
    18 1.789782 0.000002 -0.000006 0.106198 0.148682 0.928673
    19 1.206999 -0.000001 -0.000002 -0.019178 0.178546 0.901837
    20 -0.221558 -2.662109 -5.308594 -1.668474 1.286518 2.942953
    21 6.028141 0.000000 -0.000002 1.152304 0.740822 -1.317684
    22 11.692554 0.000000 -0.000003 -0.000002 0.000000 -0.911486
    23 11.481705 -0.000001 -0.000004 -0.794766 0.627259 0.292989
    24 4.003906 -0.205811 0.920898 0.499449 0.024964 -1.213607
    25 1.312565 -0.000004 -0.000002 0.002647 -0.000003 0.000662
    26 0.729366 -0.000004 0.000000 0.000000 0.002340 -1.574072
    27 4.222656 -0.111389 0.298096 0.146084 0.138555 -1.218293
    28 1.539104 0.000000 0.000001 0.021591 0.038691 -0.274898
    29 1.196322 0.000002 -0.000003 0.423005 0.188639 -2.054787
    30 3.883663 -0.050303 -0.431042 -0.048581 0.146519 -0.770215
    31 1.719584 0.000002 0.000006 -0.012269 0.089737 -0.735530
    32 1.209187 0.000004 0.000006 -0.004385 -0.003177 -1.490432
    33 3.859837 -0.148918 -1.331282 -0.321407 0.389554 -0.535029
    34 1.719431 0.000004 0.000013 0.007830 0.063159 -0.159722
    35 1.099665 0.000000 0.000007 -0.007433 -0.004262 -0.357454
    36 0.873535 -0.422119 -1.297852 1.277698 0.356538 -0.669644
    37 1.789785 -0.000006 -0.000010 -0.000498 -0.000088 -0.108780
    38 1.206999 -0.000001 -0.000008 -0.000493 -0.000238 0.720590
    39 -6.380899 -21.463232 -10.423649 1.942164 0.502409 -3.058268
    40 -0.000002 3.287109 -0.573233 0.000000 0.000000 0.000000
    41 -0.000002 2.156256 -2.244137 0.000000 0.000000 0.000000
    42 -3.457140 -10.422272 -18.461370 -3.024871 -0.137668 -0.421112
    43 -0.097351 5.335948 -3.376940 0.000000 0.000000 0.000000
    44 -2.432153 -32.995474 -7.083942 2.127394 0.695078 -2.468465
  time 64
    0 0.000000 -0.000006 0.000000 -1.570781 -1.391896 -1.570809
    1 -6.173934 12.032354 -0.675701 1.596636 -1.286515 2.942963
    2 6.028145 0.000003 0.000002 -1.249856 -0.983317 -1.444517
    3 11.692553 0.000081 -0.000005 -0.000027 0.000036 -1.117650
    4 11.481672 -0.000089 -0.000024 2.418995 -0.163910 -0.034177
    5 3.859699 -0.142417 -1.191975 -0.470554 -0.028571 -0.604521
    6 1.312563 -0.000008 0.000005 -0.025902 -0.017762 -0.131639
    7 0.729362 -0.000008 0.000001 -0.004747 0.022128 -1.146827
    8 3.942329 0.046753 -0.431444 -0.169026 -0.017653 -0.520280
    9 1.539093 0.000006 -0.000007 0.006681 -0.088141 -0.649834
    10 1.196322 -0.000008 0.000002 0.005338 0.004031 -1.858398
    11 3.883690 -0.046783 0.431443 0.067781 -0.061648 -0.458718
    12 1.719580 -0.000010 0.000009 -0.000551 -0.027002 -0.617972
    13 1.209183 -0.000004 0.000003 -0.000097 0.000335 -1.682184
    14 3.859856 -0.137962 1.332466 0.340565 -0.110640 -0.407069
    15 1.719433 0.000002 -0.000004 0.001162 -0.006326 -0.652430
    16 1.099676 -0.000006 0.000003 -0.001510 0.000916 -1.461308
    17 0.968262 -1.166992 0.660645 -0.836825 -0.820260 -0.893629
    18 1.789782 0.000002 -0.000006 0.106198 0.148682 0.928673
    19 1.206999 -0.000001 -0.000002 -0.019178 0.178546 0.901837
    20 -0.221558 -2.662109 -5.308594 -1.668474 1.286518 2.942953
    21 6.028141 0.000000 -0.000002 1.151351 0.743011 -1.319011
    22 11.692554 0.000000 -0.000003 -0.000002 0.000000 -0.902945
    23 11.481705 -0.000001 -0.000004 -0.781190 0.629131 0.302026
    24 4.003906 -0.205811 0.920898 0.499449 0.024964 -1.213607
    25 1.312565 -0.000004 -0.000002 0.002647 -0.000003 0.000662
    26 0.729366 -0.000004 0.000000 0.000000 0.002340 -1.574072
    27 4.222656 -0.111389 0.298096 0.146084 0.138555 -1.218293
    28 1.539104 0.000000 0.000001 0.021591 0.038691 -0.274898
    29 1.196322 0.000002 -0.000003 0.423005 0.188639 -2.054787
    30 3.883663 -0.050303 -0.431042 -0.048581 0.146519 -0.770215
    31 1.719584 0.000002 0.000006 -0.012269 0.089737 -0.735530
    32 1.209187 0.000004 0.000006 -0.004385 -0.003177 -1.490432
    33 3.859837 -0.148918 -1.331282 -0.321407 0.389554 -0.535029
    34 1.719431 0.000004 0.000013 0.007830 0.063159 -0.159722
    35 1.099665 0.000000 0.000007 -0.007433 -0.004262 -0.357454
    36 0.873535 -0.422119 -1.297852 1.277698 0.356538 -0.669644
    37 1.789785 -0.000006 -0.000010 -0.000498 -0.000088 -0.108780
    38 1.206999 -0.000001 -0.000008 -0.000493 -0.000238 0.720590
    39 -6.427775 -21.494483 -10.529121 1.932616 0.510243 -3.069634
    40 -0.000002 3.287109 -0.573233 0.000000 0.000000 0.000000
    41 -0.000002 2.156256 -2.244137 0.000000 0.000000 0.000000
    42 -3.414170 -11.887160 -18.523872 -2.705736 -0.153293 -0.434564
    43 -0.097351 5.335948 -3.376940 0.000000 0.000000 0.000000
    44 -2.650910 -32.503272 -7.568332 2.177684 0.703769 -2.493660
  time 65
    0 0.000000 -0.000006 0.000000 -1.570781 -1.391896 -1.570809
    1 -6.173934 12.059698 -0.671795 1.596636 -1.286515 2.942963
    2 6.028145 0.000003 0.000002 -1.263907 -0.942737 -1.425531
    3 11.692553 0.000081 -0.000005 -0.000027 0.000036 -1.162383
    4 11.481672 -0.000089 -0.000024 2.425217 -0.100224 -0.065265
    5 3.859699 -0.142417 -1.191975 -0.470554 -0.028571 -0.604521
    6 1.312563 -0.000008 0.000005 -0.025902 -0.017762 -0.131639
    7 0.729362 -0.000008 0.000001 -0.004747 0.022128 -1.146827
    8 3.942329 0.046753 -0.431444 -0.169026 -0.017653 -0.520280
    9 1.539093 0.000006 -0.000007 0.006681 -0.088141 -0.649834
    10 1.196322 -0.000008 0.000002 0.005338 0.004031 -1.858398
    11 3.883690 -0.046783 0.431443 0.067781 -0.061648 -0.458718
    12 1.719580 -0.000010 0.000009 -0.000551 -0.027002 -0.617972
    13 1.209183 -0.000004 0.000003 -0.000097 0.000335 -1.682184
    14 3.859856 -0.137962 1.332466 0.340565 -0.110640 -0.407069
    15 1.719433 0.000002 -0.000004 0.001162 -0.006326 -0.652430
    16 1.099676 -0.000006 0.000003 -0.001510 0.000916 -1.461308
    17 0.968262 -1.166992 0.660645 -0.836825 -0.820260 -0.893629
    18 1.789782 0.000002 -0.000006 0.106198 0.148682 0.928673
    19 1.206999 -0.000001 -0.000002 -0.019178 0.178546 0.901837
    20 -0.221558 -2.662109 -5.308594 -1.668474 1.286518 2.942953
    21 6.028141 0.000000 -0.000002 1.153258 0.741976 -1.317115
    22 11.692554 0.000000 -0.000003 -0.000002 0.000000 -0.900033
    23 11.481705 -0.000001 -0.000004 -0.770631 0.625622 0.306804
    24 4.003906 -0.205811 0.920898 0.499449 0.024964 -1.213607
    25 1.312565 -0.000004 -0.000002 0.002647 -0.000003 0.000662
    26 0.729366 -0.000004 0.000000 0.000000 0.002340 -1.574072
    27 4.222656 -0.111389 0.298096 0.146084 0.138555 -1.218293
    28 1.539104 0.000000 0.000001 0.021591 0.038691 -0.274898
    29 1.196322 0.000002 -0.000003 0.423005 0.188639 -2.054787
    30 3.883663 -0.050303 -0.431042 -0.048581 0.146519 -0.770215
    31 1.719584 0.000002 0.000006 -0.012269 0.089737 -0.735530
    32 1.209187 0.000004 0.000006 -0.004385 -0.003177 -1.490432
    33 3.859837 -0.148918 -1.331282 -0.321407 0.389554 -0.535029
    34 1.719431 0.000004 0.000013 0.007830 0.063159 -0.159722
    35 1.099665 0.000000 0.000007 -0.007433 -0.004262 -0.357454
    36 0.873535 -0.422119 -1.297852 1.277698 0.356538 -0.669644
    37 1.789785 -0.000006 -0.000010 -0.000498 -0.000088 -0.108780
    38 1.206999 -0.000001 -0.000008 -0.000493 -0.000238 0.720590
    39 -6.478558 -21.494483 -10.615061 1.926594 0.517953 -3.073751
    40 -0.000002 3.287109 -0.573233 0.000000 0.000000 0.000000
    41 -0.000002 2.156256 -2.244137 0.000000 0.000000 0.000000
    42 -3.293072 -13.426270 -18.578561 -2.381047 -0.167967 -0.446431
    43 -0.097351 5.335948 -3.376940 0.000000 0.000000 0.000000
    44 -2.834509 -31.886066 -8.025377 2.240677 0.710966 -2.508700
  time 66
    0 0.000000 -0.000006 0.000000 -1.570781 -1.391896 -1.570809
    1 -6.177840 12.083136 -0.667888 1.596636 -1.286515 2.942963
    2 6.028145 0.000003 0.000002 -1.274844 -0.902361 -1.409312
    3 11.692553 0.000081 -0.000005 -0.000027 0.000036 -1.209774
    4 11.481672 -0.000089 -0.000024 2.433388 -0.036265 -0.098331
    5 3.859699 -0.142417 -1.191975 -0.470554 -0.028571 -0.604521
    6 1.312563 -0.000008 0.000005 -0.025902 -0.017762 -0.131639
    7 0.729362 -0.000008 0.000001 -0.004747 0.022128 -1.146827
    8 3.942329 0.046753 -0.431444 -0.169026 -0.017665 -0.520280
    9 1.539093 0.000006 -0.000007 0.006681 -0.088141 -0.649834
    10 1.196322 -0.000008 0.000002 0.005338 0.004031 -1.858398
    11 3.883690 -0.046783 0.431443 0.067781 -0.061648 -0.458718
    12 1.719580 -0.000010 0.000009 -0.000551 -0.027002 -0.617972
    13 1.209183 -0.000004 0.000003 -0.000097 0.000335 -1.682184
    14 3.859856 -0.137962 1.332466 0.340565 -0.110640 -0.407069
    15 1.719433 0.000002 -0.000004 0.001162 -0.006326 -0.652430
    16 1.099676 -0.000006 0.000003 -0.001510 0.000916 -1.461308
    17 0.968262 -1.166992 0.660645 -0.836825 -0.820260 -0.893629
    18 1.789782 0.000002 -0.000006 0.106198 0.148682 0.928673
    19 1.206999 -0.000001 -0.000002 -0.019178 0.178546 0.901837
    20 -0.221558 -2.662109 -5.308594 -1.668474 1.286518 2.942953
    21 6.028141 0.000000 -0.000002 1.156785 0.740743 -1.313797
    22 11.692554 0.000000 -0.000003 -0.000002 0.000000 -0.898157
    23 11.481705 -0.000001 -0.000004 -0.762607 0.618428 0.307508
    24 4.003906 -0.205811 0.920898 0.499449 0.024964 -1.213607
    25 1.312565 -0.000004 -0.000002 0.002647 -0.000003 0.000662
    26 0.729366 -0.000004 0.000000 0.000000 0.002340 -1.574072
    27 4.222656 -0.111389 0.298096 0.146084 0.138555 -1.218293
    28 1.539104 0.000000 0.000001 0.021591 0.038691 -0.274898
    29 1.196322 0.000002 -0.000003 0.423005 0.188639 -2.054787
    30 3.883663 -0.050303 -0.431042 -0.048581 0.146519 -0.770215
    31 1.719584 0.000002 0.000006 -0.012269 0.089737 -0.735530
    32 1.209187 0.000004 0.000006 -0.004385 -0.003177 -1.490432
    33 3.859837 -0.148918 -1.331282 -0.321407 0.389554 -0.535029
    34 1.719431 0.000004 0.000013 0.007830 0.063159 -0.159722
    35 1.099665 0.000000 0.000007 -0.007433 -0.004262 -0.357454
    36 0.873535 -0.422119 -1.297852 1.277698 0.356538 -0.669644
    37 1.789785 -0.000006 -0.000010 -0.000498 -0.000088 -0.108780
    38 1.206999 -0.000001 -0.000008 -0.000493 -0.000238 0.720590
    39 -6.525434 -21.494483 -10.685376 1.923362 0.525371 -3.072939
    40 -0.000002 3.287109 -0.573233 0.000000 0.000000 0.000000
    41 -0.000002 2.156256 -2.244137 0.000000 0.000000 0.000000
    42 -3.101660 -15.031787 -18.625437 -2.051559 -0.181658 -0.456763
    43 -0.097351 5.335948 -3.376940 0.000000 0.000000 0.000000
    44 -3.006390 -31.218076 -8.455078 2.312347 0.716983 -2.516459
  time 67
    0 0.000000 -0.000006 0.000000 -1.570781 -1.391896 -1.570809
    1 -6.177840 12.106575 -0.663982 1.596636 -1.286515 2.942963
    2 6.028145 0.000003 0.000002 -1.279314 -0.865485 -1.398626
    3 11.692553 0.000081 -0.000005 -0.000027 0.000036 -1.252473
    4 11.481672 -0.000089 -0.000024 2.441185 0.026797 -0.133512
    5 3.859699 -0.142417 -1.191975 -0.470554 -0.028571 -0.604521
    6 1.312563 -0.000008 0.000005 -0.025902 -0.017762 -0.131639
    7 0.729362 -0.000008 0.000001 -0.004747 0.022128 -1.146827
    8 3.942329 0.046753 -0.431444 -0.169026 -0.017653 -0.520280
    9 1.539093 0.000006 -0.000007 0.006681 -0.088141 -0.649834
    10 1.196322 -0.000008 0.000002 0.005338 0.004031 -1.858398
    11 3.883690 -0.046783 0.431443 0.067781 -0.061648 -0.458718
    12 1.719580 -0.000010 0.000009 -0.000551 -0.027002 -0.617972
    13 1.209183 -0.000004 0.000003 -0.000097 0.000335 -1.682184
    14 3.859856 -0.137962 1.332466 0.340565 -0.110640 -0.407069
    15 1.719433 0.000002 -0.000004 0.001162 -0.006326 -0.652430
    16 1.099676 -0.000006 0.000003 -0.001510 0.000916 -1.461308
    17 0.968262 -1.166992 0.660645 -0.836825 -0.820260 -0.893629
    18 1.789782 0.000002 -0.000006 0.106198 0.148682 0.928673
    19 1.206999 -0.000001 -0.000002 -0.019178 0.178546 0.901837
    20 -0.221558 -2.662109 -5.308594 -1.668474 1.286518 2.942953
    21 6.028141 0.000000 -0.000002 1.160695 0.739509 -1.310100
    22 11.692554 0.000000 -0.000003 -0.000002 0.000000 -0.897898
    23 11.481705 -0.000001 -0.000004 -0.755607 0.610854 0.308285
    24 4.003906 -0.205811 0.920898 0.499449 0.024964 -1.213607
    25 1.312565 -0.000004 -0.000002 0.002647 -0.000003 0.000662
    26 0.729366 -0.000004 0.000000 0.000000 0.002340 -1.574072
    27 4.222656 -0.111389 0.298096 0.146084 0.138555 -1.218293
    28 1.539104 0.000000 0.000001 0.021591 0.038691 -0.274898
    29 1.196322 0.000002 -0.000003 0.423005 0.188639 -2.054787
    30 3.883663 -0.050303 -0.431042 -0.048581 0.146519 -0.770215
    31 1.719584 0.000002 0.000006 -0.012269 0.089737 -0.735530
    32 1.209187 0.000004 0.000006 -0.004385 -0.003177 -1.490432
    33 3.859837 -0.148918 -1.331282 -0.321407 0.389554 -0.535029
    34 1.719431 0.000004 0.000013 0.007830 0.063159 -0.159722
    35 1.099665 0.000000 0.000007 -0.007433 -0.004262 -0.357454
    36 0.873535 -0.422119 -1.297852 1.277698 0.356538 -0.669644
    37 1.789785 -0.000006 -0.000010 -0.000498 -0.000088 -0.108780
    38 1.206999 -0.000001 -0.000008 -0.000493 -0.000238 0.720590
    39 -6.572311 -21.494483 -10.728346 1.921232 0.532330 -3.071084
    40 -0.000002 3.287109 -0.573233 0.000000 0.000000 0.000000
    41 -0.000002 2.156256 -2.244137 0.000000 0.000000 0.000000
    42 -2.855559 -16.691994 -18.664501 -1.718213 -0.194397 -0.465765
    43 -0.097351 5.335948 -3.376940 0.000000 0.000000 0.000000
    44 -3.201708 -30.538368 -8.865247 2.387468 0.722371 -2.521919
  time 68
    0 0.000000 -0.000006 0.000000 -1.570781 -1.391896 -1.570809
    1 -6.177840 12.130013 -0.660076 1.596636 -1.286515 2.942963
    2 6.028145 0.000003 0.000002 -1.276919 -0.833412 -1.393760
    3 11.692553 0.000081 -0.000005 -0.000027 0.000036 -1.288916
    4 11.481672 -0.000089 -0.000024 2.448231 0.086542 -0.169521
    5 3.859699 -0.142417 -1.191975 -0.470554 -0.028571 -0.604521
    6 1.312563 -0.000008 0.000005 -0.025902 -0.017762 -0.131639
    7 0.729362 -0.000008 0.000001 -0.004747 0.022128 -1.146827
    8 3.942329 0.046753 -0.431444 -0.169026 -0.017653 -0.520280
    9 1.539093 0.000006 -0.000007 0.006681 -0.088141 -0.649834
    10 1.196322 -0.000008 0.000002 0.005338 0.004031 -1.858398
    11 3.883690 -0.046783 0.431443 0.067781 -0.061648 -0.458718
    12 1.719580 -0.000010 0.000009 -0.000551 -0.027002 -0.617972
    13 1.209183 -0.000004 0.000003 -0.000097 0.000335 -1.682184
    14 3.859856 -0.137962 1.332466 0.340565 -0.110640 -0.407069
    15 1.719433 0.000002 -0.000004 0.001162 -0.006326 -0.652430
    16 1.099676 -0.000006 0.000003 -0.001510 0.000916 -1.461308
    17 0.968262 -1.166992 0.660645 -0.836825 -0.820260 -0.893629
    18 1.789782 0.000002 -0.000006 0.106198 0.148682 0.928673
    19 1.206999 -0.000001 -0.000002 -0.019178 0.178546 0.901837
    20 -0.221558 -2.662109 -5.308594 -1.668474 1.286518 2.942953
    21 6.028141 0.000000 -0.000002 1.164890 0.738316 -1.306213
    22 11.692554 0.000000 -0.000003 -0.000002 0.000000 -0.899515
    23 11.481705 -0.000001 -0.000004 -0.749755 0.603426 0.309248
    24 4.003906 -0.205811 0.920898 0.499449 0.024964 -1.213607
    25 1.312565 -0.000004 -0.000002 0.002647 -0.000003 0.000662
    26 0.729366 -0.000004 0.000000 0.000000 0.002340 -1.574072
    27 4.222656 -0.111389 0.298096 0.146084 0.138555 -1.218293
    28 1.539104 0.000000 0.000001 0.021591 0.038691 -0.274898
    29 1.196322 0.000002 -0.000003 0.423005 0.188639 -2.054787
    30 3.883663 -0.050303 -0.431042 -0.048581 0.146519 -0.770215
    31 1.719584 0.000002 0.000006 -0.012269 0.089737 -0.735530
    32 1.209187 0.000004 0.000006 -0.004385 -0.003177 -1.490432
    33 3.859837 -0.148918 -1.331282 -0.321407 0.389554 -0.535029
    34 1.719431 0.000004 0.000013 0.007830 0.063159 -0.159722
    35 1.099665 0.000000 0.000007 -0.007433 -0.004262 -0.357454
    36 0.873535 -0.422119 -1.297852 1.277698 0.356538 -0.669644
    37 1.789785 -0.000006 -0.000010 -0.000498 -0.000088 -0.108780
    38 1.206999 -0.000001 -0.000008 -0.000493 -0.000238 0.720590
    39 -6.619187 -21.490577 -10.743971 1.920351 0.538623 -3.068416
    40 -0.000002 3.287109 -0.573233 0.000000 0.000000 0.000000
    41 -0.000002 2.156256 -2.244137 0.000000 0.000000 0.000000
    42 -2.558675 -18.395171 -18.699659 -1.381855 -0.206169 -0.473488
    43 -0.097351 5.335948 -3.376940 0.000000 0.000000 0.000000
    44 -3.432184 -29.882098 -9.240258 2.462851 0.726697 -2.526134
  time 69
    0 0.000000 -0.000006 0.000000 -1.570781 -1.391896 -1.570809
    1 -6.181746 12.153451 -0.656169 1.596636 -1.286515 2.942963
    2 6.028145 0.000003 0.000002 -1.267579 -0.806955 -1.394524
    3 11.692553 0.000081 -0.000005 -0.000027 0.000036 -1.316835
    4 11.481672 -0.000089 -0.000024 2.454604 0.140550 -0.205990
    5 3.859699 -0.142417 -1.191975 -0.470554 -0.028571 -0.604521
    6 1.312563 -0.000008 0.000005 -0.025902 -0.017762 -0.131639
    7 0.729362 -0.000008 0.000001 -0.004747 0.022128 -1.146827
    8 3.942329 0.046753 -0.431444 -0.169026 -0.017653 -0.520280
    9 1.539093 0.000006 -0.000007 0.006681 -0.088141 -0.649834
    10 1.196322 -0.000008 0.000002 0.005338 0.004031 -1.858398
    11 3.883690 -0.046783 0.431443 0.067781 -0.061648 -0.458718
    12 1.719580 -0.000010 0.000009 -0.000551 -0.027002 -0.617972
    13 1.209183 -0.000004 0.000003 -0.000097 0.000335 -1.682184
    14 3.859856 -0.137962 1.332466 0.340565 -0.110640 -0.407069
    15 1.719433 0.000002 -0.000004 0.001162 -0.006326 -0.652430
    16 1.099676 -0.000006 0.000003 -0.001510 0.000916 -1.461308
    17 0.968262 -1.166992 0.660645 -0.836825 -0.820260 -0.893629
    18 1.789782 0.000002 -0.000006 0.106198 0.148682 0.928673
    19 1.206999 -0.000001 -0.000002 -0.019178 0.178546 0.901837
    20 -0.221558 -2.662109 -5.308594 -1.668474 1.286518 2.942953
    21 6.028141 0.000000 -0.000002 1.169085 0.737242 -1.302326
    22 11.692554 0.000000 -0.000003 -0.000002 0.000000 -0.902168
    23 11.481705 -0.000001 -0.000004 -0.745229 0.596846 0.309582
    24 4.003906 -0.205811 0.920898 0.499449 0.024964 -1.213607
    25 1.312565 -0.000004 -0.000002 0.002647 -0.000003 0.000662
    26 0.729366 -0.000004 0.000000 0.000000 0.002340 -1.574072
    27 4.222656 -0.111389 0.298096 0.146084 0.138555 -1.218293
    28 1.539104 0.000000 0.000001 0.021591 0.038691 -0.274898
    29 1.196322 0.000002 -0.000003 0.423005 0.188639 -2.054787
    30 3.883663 -0.050303 -0.431042 -0.048581 0.146519 -0.770215
    31 1.719584 0.000002 0.000006 -0.012269 0.089737 -0.735530
    32 1.209187 0.000004 0.000006 -0.004385 -0.003177 -1.490432
    33 3.859837 -0.148918 -1.331282 -0.321407 0.389554 -0.535029
    34 1.719431 0.000004 0.000013 0.007830 0.063159 -0.159722
    35 1.099665 0.000000 0.000007 -0.007433 -0.004262 -0.357454
    36 0.873535 -0.422119 -1.297852 1.277698 0.356538 -0.669644
    37 1.789785 -0.000006 -0.000010 -0.000498 -0.000088 -0.108780
    38 1.206999 -0.000001 -0.000008 -0.000493 -0.000238 0.720590
    39 -6.662157 -21.490577 -10.736159 1.921232 0.543915 -3.065111
    40 -0.000002 3.287109 -0.573233 0.000000 0.000000 0.000000
    41 -0.000002 2.156256 -2.244137 0.000000 0.000000 0.000000
    42 -2.226633 -20.129599 -18.727003 -1.043049 -0.217004 -0.480036
    43 -0.097351 5.335948 -3.376940 0.000000 0.000000 0.000000
    44 -3.697817 -29.276611 -9.591831 2.535149 0.729529 -2.529966
  time 70
    0 0.000000 -0.000006 0.000000 -1.570781 -1.391896 -1.570809
    1 -6.181746 12.176889 -0.648356 1.596636 -1.286515 2.942963
    2 6.028145 0.000003 0.000002 -1.251293 -0.786889 -1.401107
    3 11.692553 0.000081 -0.000005 -0.000027 0.000036 -1.333883
    4 11.481672 -0.000089 -0.000024 2.460301 0.186559 -0.243471
    5 3.859699 -0.142417 -1.191975 -0.470554 -0.028571 -0.604521
    6 1.312563 -0.000008 0.000005 -0.025902 -0.017762 -0.131639
    7 0.729362 -0.000008 0.000001 -0.004747 0.022128 -1.146827
    8 3.942329 0.046753 -0.431444 -0.169026 -0.017653 -0.520280
    9 1.539093 0.000006 -0.000007 0.006681 -0.088141 -0.649834
    10 1.196322 -0.000008 0.000002 0.005338 0.004031 -1.858398
    11 3.883690 -0.046783 0.431443 0.067781 -0.061648 -0.458718
    12 1.719580 -0.000010 0.000009 -0.000551 -0.027002 -0.617972
    13 1.209183 -0.000004 0.000003 -0.000097 0.000335 -1.682184
    14 3.859856 -0.137962 1.332466 0.340565 -0.110640 -0.407069
    15 1.719433 0.000002 -0.000004 0.001162 -0.006326 -0.652430
    16 1.099676 -0.000006 0.000003 -0.001510 0.000916 -1.461308
    17 0.968262 -1.166992 0.660645 -0.836825 -0.820260 -0.893629
    18 1.789782 0.000002 -0.000006 0.106198 0.148682 0.928673
    19 1.206999 -0.000001 -0.000002 -0.019178 0.178546 0.901837
    20 -0.221558 -2.662109 -5.308594 -1.668474 1.286518 2.942953
    21 6.028141 0.000000 -0.000002 1.172898 0.736327 -1.298913
    22 11.692554 0.000000 -0.000003 -0.000002 0.000000 -0.904756
    23 11.481705 -0.000001 -0.000004 -0.742213 0.591933 0.308137
    24 4.003906 -0.205811 0.920898 0.499449 0.024964 -1.213607
    25 1.312565 -0.000004 -0.000002 0.002647 -0.000003 0.000662
    26 0.729366 -0.000004 0.000000 0.000000 0.002340 -1.574072
    27 4.222656 -0.111389 0.298096 0.146084 0.138555 -1.218293
    28 1.539104 0.000000 0.000001 0.021591 0.038691 -0.274898
    29 1.196322 0.000002 -0.000003 0.423005 0.188639 -2.054787
    30 3.883663 -0.050303 -0.431042 -0.048581 0.146519 -0.770215
    31 1.719584 0.000002 0.000006 -0.012269 0.089737 -0.735530
    32 1.209187 0.000004 0.000006 -0.004385 -0.003177 -1.490432
    33 3.859837 -0.148918 -1.331282 -0.321407 0.389554 -0.535029
    34 1.719431 0.000004 0.000013 0.007830 0.063159 -0.159722
    35 1.099665 0.000000 0.000007 -0.007433 -0.004262 -0.357454
    36 0.873535 -0.422119 -1.297852 1.277698 0.356538 -0.669644
    37 1.789785 -0.000006 -0.000010 -0.000498 -0.000088 -0.108780
    38 1.206999 -0.000001 -0.000008 -0.000493 -0.000238 0.720590
    39 -6.705127 -21.490577 -10.712720 1.924097 0.547999 -3.061342
    40 -0.000002 3.287109 -0.573233 0.000000 0.000000 0.000000
    41 -0.000002 2.156256 -2.244137 0.000000 0.000000 0.000000
    42 -1.871154 -21.883559 -18.754348 -0.702833 -0.226872 -0.485457
    43 -0.097351 5.335948 -3.376940 0.000000 0.000000 0.000000
    44 -4.006420 -28.753157 -9.916060 2.601226 0.730276 -2.534564
  time 71
    0 0.000000 -0.000006 0.000000 -1.570781 -1.391896 -1.570809
    1 -6.185653 12.196421 -0.644450 1.596636 -1.286515 2.942963
    2 6.028145 0.000003 0.000002 -1.223352 -0.776063 -1.417326
    3 11.692553 0.000081 -0.000005 -0.000027 0.000036 -1.342329
    4 11.481672 -0.000089 -0.000024 2.467198 0.220978 -0.274743
    5 3.859699 -0.142417 -1.191975 -0.470554 -0.028571 -0.604521
    6 1.312563 -0.000008 0.000005 -0.025902 -0.017762 -0.131639
    7 0.729362 -0.000008 0.000001 -0.004747 0.022128 -1.146827
    8 3.942329 0.046753 -0.431444 -0.169026 -0.017653 -0.520280
    9 1.539093 0.000006 -0.000007 0.006681 -0.088141 -0.649834
    10 1.196322 -0.000008 0.000002 0.005338 0.004031 -1.858398
    11 3.883690 -0.046783 0.431443 0.067781 -0.061648 -0.458718
    12 1.719580 -0.000010 0.000009 -0.000551 -0.027002 -0.617972
    13 1.209183 -0.000004 0.000003 -0.000097 0.000335 -1.682184
    14 3.859856 -0.137962 1.332466 0.340565 -0.110640 -0.407069
    15 1.719433 0.000002 -0.000004 0.001162 -0.006326 -0.652430
    16 1.099676 -0.000006 0.000003 -0.001510 0.000916 -1.461308
    17 0.968262 -1.166992 0.660645 -0.836825 -0.820260 -0.893629
    18 1.789782 0.000002 -0.000006 0.106198 0.148682 0.928673
    19 1.206999 -0.000001 -0.000002 -0.019178 0.178546 0.901837
    20 -0.221558 -2.662109 -5.308594 -1.668474 1.286518 2.942953
    21 6.028141 0.000000 -0.000002 1.176045 0.735650 -1.296069
    22 11.692554 0.000000 -0.000003 -0.000002 0.000000 -0.906568
    23 11.481705 -0.000001 -0.000004 -0.740825 0.589711 0.303878
    24 4.003906 -0.205811 0.920898 0.499449 0.024964 -1.213607
    25 1.312565 -0.000004 -0.000002 0.002647 -0.000003 0.000662
    26 0.729366 -0.000004 0.000000 0.000000 0.002340 -1.574072
    27 4.222656 -0.111389 0.298096 0.146084 0.138555 -1.218293
    28 1.539104 0.000000 0.000001 0.021591 0.038691 -0.274898
    29 1.196322 0.000002 -0.000003 0.423005 0.188639 -2.054787
    30 3.883663 -0.050303 -0.431042 -0.048581 0.146519 -0.770215
    31 1.719584 0.000002 0.000006 -0.012269 0.089737 -0.735530
    32 1.209187 0.000004 0.000006 -0.004385 -0.003177 -1.490432
    33 3.859837 -0.148918 -1.331282 -0.321407 0.389554 -0.535029
    34 1.719431 0.000004 0.000013 0.007830 0.063159 -0.159722
    35 1.099665 0.000000 0.000007 -0.007433 -0.004262 -0.357454
    36 0.873535 -0.422119 -1.297852 1.277698 0.356538 -0.669644
    37 1.789785 -0.000006 -0.000010 -0.000498 -0.000088 -0.108780
    38 1.206999 -0.000001 -0.000008 -0.000493 -0.000238 0.720590
    39 -6.744191 -21.490577 -10.681469 1.929825 0.550583 -3.057398
    40 -0.000002 3.287109 -0.573233 0.000000 0.000000 0.000000
    41 -0.000002 2.156256 -2.244137 0.000000 0.000000 0.000000
    42 -1.496142 -23.645331 -18.773880 -0.361957 -0.235788 -0.489907
    43 -0.097351 5.335948 -3.376940 0.000000 0.000000 0.000000
    44 -4.412683 -28.300019 -10.119191 2.658677 0.728310 -2.540791
  time 72
    0 0.000000 -0.000006 0.000000 -1.570781 -1.391896 -1.570809
    1 -6.189559 12.219859 -0.640544 1.596636 -1.286515 2.942963
    2 6.028145 0.000003 0.000002 -1.182159 -0.773987 -1.444803
    3 11.692553 0.000081 -0.000005 -0.000027 0.000036 -1.347021
    4 11.481672 -0.000089 -0.000024 2.476044 0.242246 -0.293139
    5 3.859699 -0.142417 -1.191975 -0.470554 -0.028571 -0.604521
    6 1.312563 -0.000008 0.000005 -0.025902 -0.017762 -0.131639
    7 0.729362 -0.000008 0.000001 -0.004747 0.022128 -1.146827
    8 3.942329 0.046753 -0.431444 -0.169026 -0.017653 -0.520280
    9 1.539093 0.000006 -0.000007 0.006681 -0.088141 -0.649834
    10 1.196322 -0.000008 0.000002 0.005338 0.004031 -1.858398
    11 3.883690 -0.046783 0.431443 0.067781 -0.061648 -0.458718
    12 1.719580 -0.000010 0.000009 -0.000551 -0.027002 -0.617972
    13 1.209183 -0.000004 0.000003 -0.000097 0.000335 -1.682184
    14 3.859856 -0.137962 1.332466 0.340565 -0.110640 -0.407069
    15 1.719433 0.000002 -0.000004 0.001162 -0.006326 -0.652430
    16 1.099676 -0.000006 0.000003 -0.001510 0.000916 -1.461308
    17 0.968262 -1.166992 0.660645 -0.836825 -0.820260 -0.893629
    18 1.789782 0.000002 -0.000006 0.106198 0.148682 0.928673
    19 1.206999 -0.000001 -0.000002 -0.019178 0.178546 0.901837
    20 -0.221558 -2.662109 -5.308594 -1.668474 1.286518 2.942953
    21 6.028141 0.000000 -0.000002 1.178619 0.735173 -1.293794
    22 11.692554 0.000000 -0.000003 -0.000002 0.000000 -0.908121
    23 11.481705 -0.000001 -0.000004 -0.741247 0.589331 0.298100
    24 4.003906 -0.205811 0.920898 0.499449 0.024964 -1.213607
    25 1.312565 -0.000004 -0.000002 0.002647 -0.000003 0.000662
    26 0.729366 -0.000004 0.000000 0.000000 0.002340 -1.574072
    27 4.222656 -0.111389 0.298096 0.146084 0.138555 -1.218293
    28 1.539104 0.000000 0.000001 0.021591 0.038691 -0.274898
    29 1.196322 0.000002 -0.000003 0.423005 0.188639 -2.054787
    30 3.883663 -0.050303 -0.431042 -0.048581 0.146519 -0.770215
    31 1.719584 0.000002 0.000006 -0.012269 0.089737 -0.735530
    32 1.209187 0.000004 0.000006 -0.004385 -0.003177 -1.490432
    33 3.859837 -0.148918 -1.331282 -0.321407 0.389554 -0.535029
    34 1.719431 0.000004 0.000013 0.007830 0.063159 -0.159722
    35 1.099665 0.000000 0.000007 -0.007433 -0.004262 -0.357454
    36 0.873535 -0.422119 -1.297852 1.277698 0.356538 -0.669644
    37 1.789785 -0.000006 -0.000010 -0.000498 -0.000088 -0.108780
    38 1.206999 -0.000001 -0.000008 -0.000493 -0.000238 0.720590
    39 -6.779348 -21.490577 -10.638499 1.936949 0.551375 -3.053455
    40 -0.000002 3.287109 -0.573233 0.000000 0.000000 0.000000
    41 -0.000002 2.156256 -2.244137 0.000000 0.000000 0.000000
    42 -1.117224 -25.399291 -18.789505 -0.021175 -0.243752 -0.493488
    43 -0.097351 5.335948 -3.376940 0.000000 0.000000 0.000000
    44 -4.940042 -27.885944 -10.138723 2.704785 0.723669 -2.550371
  time 73
    0 0.000000 -0.000006 0.000000 -1.570781 -1.391896 -1.570809
    1 -6.189559 12.239391 -0.632731 1.596636 -1.286515 2.942963
    2 6.028145 0.000003 0.000002 -1.132265 -0.776917 -1.480390
    3 11.692553 0.000081 -0.000005 -0.000027 0.000036 -1.349133
    4 11.481672 -0.000089 -0.000024 2.484440 0.250909 -0.300819
    5 3.859699 -0.142417 -1.191975 -0.470554 -0.028571 -0.604521
    6 1.312563 -0.000008 0.000005 -0.025902 -0.017762 -0.131639
    7 0.729362 -0.000008 0.000001 -0.004747 0.022128 -1.146827
    8 3.942329 0.046753 -0.431444 -0.169026 -0.017653 -0.520280
    9 1.539093 0.000006 -0.000007 0.006681 -0.088141 -0.649834
    10 1.196322 -0.000008 0.000002 0.005338 0.004031 -1.858398
    11 3.883690 -0.046783 0.431443 0.067781 -0.061648 -0.458718
    12 1.719580 -0.000010 0.000009 -0.000551 -0.027002 -0.617972
    13 1.209183 -0.000004 0.000003 -0.000097 0.000335 -1.682184
    14 3.859856 -0.137962 1.332466 0.340565 -0.110640 -0.407069
    15 1.719433 0.000002 -0.000004 0.001162 -0.006326 -0.652430
    16 1.099676 -0.000006 0.000003 -0.001510 0.000916 -1.461308
    17 0.968262 -1.166992 0.660645 -0.836825 -0.820260 -0.893629
    18 1.789782 0.000002 -0.000006 0.106198 0.148682 0.928673
    19 1.206999 -0.000001 -0.000002 -0.019178 0.178546 0.901837
    20 -0.221558 -2.662109 -5.308594 -1.668474 1.286518 2.942953
    21 6.028141 0.000000 -0.000002 1.181193 0.734735 -1.291424
    22 11.692554 0.000000 -0.000003 -0.000002 0.000000 -0.910515
    23 11.481705 -0.000001 -0.000004 -0.744264 0.589360 0.292766
    24 4.003906 -0.205811 0.920898 0.499449 0.024964 -1.213607
    25 1.312565 -0.000004 -0.000002 0.002647 -0.000003 0.000662
    26 0.729366 -0.000004 0.000000 0.000000 0.002340 -1.574072
    27 4.222656 -0.111389 0.298096 0.146084 0.138555 -1.218293
    28 1.539104 0.000000 0.000001 0.021591 0.038691 -0.274898
    29 1.196322 0.000002 -0.000003 0.423005 0.188639 -2.054787
    30 3.883663 -0.050303 -0.431042 -0.048581 0.146519 -0.770215
    31 1.719584 0.000002 0.000006 -0.012269 0.089737 -0.735530
    32 1.209187 0.000004 0.000006 -0.004385 -0.003177 -1.490432
    33 3.859837 -0.148918 -1.331282 -0.321407 0.389554 -0.535029
    34 1.719431 0.000004 0.000013 0.007830 0.063159 -0.159722
    35 1.099665 0.000000 0.000007 -0.007433 -0.004262 -0.357454
    36 0.873535 -0.422119 -1.297852 1.277698 0.356538 -0.669644
    37 1.789785 -0.000006 -0.000010 -0.000498 -0.000088 -0.108780
    38 1.206999 -0.000001 -0.000008 -0.000493 -0.000238 0.720590
    39 -6.810599 -21.490577 -10.587717 1.943559 0.549833 -3.049744
    40 -0.000002 3.287109 -0.573233 0.000000 0.000000 0.000000
    41 -0.000002 2.156256 -2.244137 0.000000 0.000000 0.000000
    42 -0.742213 -27.141532 -18.801224 0.318571 -0.250779 -0.496250
    43 -0.097351 5.335948 -3.376940 0.000000 0.000000 0.000000
    44 -5.525998 -27.499213 -10.009813 2.736360 0.716236 -2.565027
  time 74
    0 0.000000 -0.000006 0.000000 -1.570781 -1.391896 -1.570809
    1 -6.193465 12.262829 -0.628825 1.596636 -1.286515 2.942963
    2 6.028145 0.000003 0.000002 -1.077181 -0.783063 -1.521987
    3 11.692553 0.000081 -0.000005 -0.000027 0.000036 -1.347960
    4 11.481672 -0.000089 -0.000024 2.489388 0.248411 -0.301646
    5 3.859699 -0.142417 -1.191975 -0.470554 -0.028571 -0.604521
    6 1.312563 -0.000008 0.000005 -0.025902 -0.017762 -0.131639
    7 0.729362 -0.000008 0.000001 -0.004747 0.022128 -1.146827
    8 3.942329 0.046753 -0.431444 -0.169026 -0.017653 -0.520280
    9 1.539093 0.000006 -0.000007 0.006681 -0.088141 -0.649834
    10 1.196322 -0.000008 0.000002 0.005338 0.004031 -1.858398
    11 3.883690 -0.046783 0.431443 0.067781 -0.061648 -0.458718
    12 1.719580 -0.000010 0.000009 -0.000551 -0.027002 -0.617972
    13 1.209183 -0.000004 0.000003 -0.000097 0.000335 -1.682184
    14 3.859856 -0.137962 1.332466 0.340565 -0.110640 -0.407069
    15 1.719433 0.000002 -0.000004 0.001162 -0.006326 -0.652430
    16 1.099676 -0.000006 0.000003 -0.001510 0.000916 -1.461308
    17 0.968262 -1.166992 0.660645 -0.836825 -0.820260 -0.893629
    18 1.789782 0.000002 -0.000006 0.106198 0.148682 0.928673
    19 1.206999 -0.000001 -0.000002 -0.019178 0.178546 0.901837
    20 -0.221558 -2.662109 -5.308594 -1.668474 1.286518 2.942953
    21 6.028141 0.000000 -0.000002 1.183672 0.734337 -1.289243
    22 11.692554 0.000000 -0.000003 -0.000002 0.000000 -0.913491
    23 11.481705 -0.000001 -0.000004 -0.749875 0.589974 0.287766
    24 4.003906 -0.205811 0.920898 0.499449 0.024964 -1.213607
    25 1.312565 -0.000004 -0.000002 0.002647 -0.000003 0.000662
    26 0.729366 -0.000004 0.000000 0.000000 0.002328 -1.574072
    27 4.222656 -0.111389 0.298096 0.146084 0.138555 -1.218293
    28 1.539104 0.000000 0.000001 0.021591 0.038691 -0.274898
    29 1.196322 0.000002 -0.000003 0.423018 0.188639 -2.054787
    30 3.883663 -0.050303 -0.431042 -0.048581 0.146519 -0.770215
    31 1.719584 0.000002 0.000006 -0.012269 0.089737 -0.735530
    32 1.209187 0.000004 0.000006 -0.004385 -0.003177 -1.490432
    33 3.859837 -0.148918 -1.331282 -0.321407 0.389554 -0.535029
    34 1.719431 0.000004 0.000013 0.007830 0.063159 -0.159722
    35 1.099665 0.000000 0.000007 -0.007433 -0.004262 -0.357454
    36 0.873535 -0.422119 -1.297852 1.277698 0.356538 -0.669644
    37 1.789785 -0.000006 -0.000010 -0.000498 -0.000088 -0.108780
    38 1.206999 -0.000001 -0.000008 -0.000493 -0.000238 0.720590
    39 -6.841850 -21.490577 -10.529121 1.949508 0.545790 -3.046439
    40 -0.000002 3.287109 -0.573233 0.000000 0.000000 0.000000
    41 -0.000002 2.156256 -2.244137 0.000000 0.000000 0.000000
    42 -0.386733 -28.852522 -18.809037 0.656623 -0.256854 -0.498347
    43 -0.097351 5.335948 -3.376940 0.000000 0.000000 0.000000
    44 -6.127579 -27.143733 -9.763711 2.752618 0.705500 -2.586198
  time 75
    0 0.000000 -0.000006 0.000000 -1.570781 -1.391896 -1.570809
    1 -6.197372 12.282361 -0.621012 1.596636 -1.286515 2.942963
    2 6.028145 0.000003 0.000002 -1.020980 -0.790553 -1.566542
    3 11.692553 0.000081 -0.000005 -0.000027 0.000036 -1.344519
    4 11.481672 -0.000089 -0.000024 2.488263 0.236587 -0.298335
    5 3.859699 -0.142417 -1.191975 -0.470554 -0.028571 -0.604521
    6 1.312563 -0.000008 0.000005 -0.025902 -0.017762 -0.131639
    7 0.729362 -0.000008 0.000001 -0.004747 0.022128 -1.146827
    8 3.942329 0.046753 -0.431444 -0.169026 -0.017653 -0.520280
    9 1.539093 0.000006 -0.000007 0.006681 -0.088141 -0.649834
    10 1.196322 -0.000008 0.000002 0.005338 0.004031 -1.858398
    11 3.883690 -0.046783 0.431443 0.067781 -0.061648 -0.458718
    12 1.719580 -0.000010 0.000009 -0.000551 -0.027002 -0.617972
    13 1.209183 -0.000004 0.000003 -0.000097 0.000335 -1.682184
    14 3.859856 -0.137962 1.332466 0.340565 -0.110640 -0.407069
    15 1.719433 0.000002 -0.000004 0.001162 -0.006326 -0.652430
    16 1.099676 -0.000006 0.000003 -0.001510 0.000916 -1.461308
    17 0.968262 -1.166992 0.660645 -0.836825 -0.820260 -0.893629
    18 1.789782 0.000002 -0.000006 0.106198 0.148682 0.928673
    19 1.206999 -0.000001 -0.000002 -0.019178 0.178546 0.901837
    20 -0.221558 -2.662109 -5.308594 -1.668474 1.286518 2.942953
    21 6.028141 0.000000 -0.000002 1.185865 0.734059 -1.287347
    22 11.692554 0.000000 -0.000003 -0.000002 0.000000 -0.916856
    23 11.481705 -0.000001 -0.000004 -0.757719 0.591261 0.283137
    24 4.003906 -0.205811 0.920898 0.499449 0.024964 -1.213607
    25 1.312565 -0.000004 -0.000002 0.002647 -0.000003 0.000662
    26 0.729366 -0.000004 0.000000 0.000000 0.002340 -1.574072
    27 4.222656 -0.111389 0.298096 0.146084 0.138555 -1.218293
    28 1.539104 0.000000 0.000001 0.021591 0.038691 -0.274898
    29 1.196322 0.000002 -0.000003 0.423005 0.188639 -2.054787
    30 3.883663 -0.050303 -0.431042 -0.048581 0.146519 -0.770215
    31 1.719584 0.000002 0.000006 -0.012269 0.089737 -0.735530
    32 1.209187 0.000004 0.000006 -0.004385 -0.003177 -1.490432
    33 3.859837 -0.148918 -1.331282 -0.321407 0.389554 -0.535029
    34 1.719431 0.000004 0.000013 0.007830 0.063159 -0.159722
    35 1.099665 0.000000 0.000007 -0.007433 -0.004262 -0.357454
    36 0.873535 -0.422119 -1.297852 1.277698 0.356538 -0.669644
    37 1.789785 -0.000006 -0.000010 -0.000498 -0.000088 -0.108780
    38 1.206999 -0.000001 -0.000008 -0.000493 -0.000238 0.720590
    39 -6.861382 -21.490577 -10.470526 1.954723 0.539623 -3.043713
    40 -0.000002 3.287109 -0.573233 0.000000 0.000000 0.000000
    41 -0.000002 2.156256 -2.244137 0.000000 0.000000 0.000000
    42 -0.054692 -30.524448 -18.816850 0.992229 -0.261992 -0.499830
    43 -0.097351 5.335948 -3.376940 0.000000 0.000000 0.000000
    44 -6.697909 -26.815598 -9.423857 2.753454 0.691066 -2.614650
  time 76
    0 0.000000 -0.000006 0.000000 -1.570781 -1.391896 -1.570809
    1 -6.205185 12.301893 -0.617105 1.596636 -1.286515 2.942963
    2 6.028145 0.000003 0.000002 -0.968371 -0.797228 -1.609857
    3 11.692553 0.000081 -0.000005 -0.000027 0.000036 -1.341312
    4 11.481672 -0.000089 -0.000024 2.478218 0.216997 -0.292679
    5 3.859699 -0.142417 -1.191975 -0.470554 -0.028571 -0.604521
    6 1.312563 -0.000008 0.000005 -0.025902 -0.017762 -0.131639
    7 0.729362 -0.000008 0.000001 -0.004747 0.022128 -1.146827
    8 3.942329 0.046753 -0.431444 -0.169026 -0.017653 -0.520280
    9 1.539093 0.000006 -0.000007 0.006681 -0.088141 -0.649834
    10 1.196322 -0.000008 0.000002 0.005338 0.004031 -1.858398
    11 3.883690 -0.046783 0.431443 0.067781 -0.061648 -0.458718
    12 1.719580 -0.000010 0.000009 -0.000551 -0.027002 -0.617972
    13 1.209183 -0.000004 0.000003 -0.000097 0.000335 -1.682184
    14 3.859856 -0.137962 1.332466 0.340565 -0.110640 -0.407069
    15 1.719433 0.000002 -0.000004 0.001162 -0.006326 -0.652430
    16 1.099676 -0.000006 0.000003 -0.001510 0.000916 -1.461308
    17 0.968262 -1.166992 0.660645 -0.836825 -0.820260 -0.893629
    18 1.789782 0.000002 -0.000006 0.106198 0.148682 0.928673
    19 1.206999 -0.000001 -0.000002 -0.019178 0.178546 0.901837
    20 -0.221558 -2.662109 -5.308594 -1.668474 1.286518 2.942953
    21 6.028141 0.000000 -0.000002 1.187772 0.733820 -1.285736
    22 11.692554 0.000000 -0.000003 -0.000002 0.000000 -0.920480
    23 11.481705 -0.000001 -0.000004 -0.767373 0.593308 0.278988
    24 4.003906 -0.205811 0.920898 0.499449 0.024964 -1.213607
    25 1.312565 -0.000004 -0.000002 0.002647 -0.000003 0.000662
    26 0.729366 -0.000004 0.000000 0.000000 0.002340 -1.574072
    27 4.222656 -0.111389 0.298096 0.146084 0.138555 -1.218293
    28 1.539104 0.000000 0.000001 0.021591 0.038691 -0.274898
    29 1.196322 0.000002 -0.000003 0.423005 0.188639 -2.054787
    30 3.883663 -0.050303 -0.431042 -0.048581 0.146519 -0.770215
    31 1.719584 0.000002 0.000006 -0.012269 0.089737 -0.735530
    32 1.209187 0.000004 0.000006 -0.004385 -0.003177 -1.490432
    33 3.859837 -0.148918 -1.331282 -0.321407 0.389554 -0.535029
    34 1.719431 0.000004 0.000013 0.007830 0.063159 -0.159722
    35 1.099665 0.000000 0.000007 -0.007433 -0.004262 -0.357454
    36 0.873535 -0.422119 -1.297852 1.277698 0.356538 -0.669644
    37 1.789785 -0.000006 -0.000010 -0.000498 -0.000088 -0.108780
    38 1.206999 -0.000001 -0.000008 -0.000493 -0.000238 0.720590
    39 -6.880914 -21.486670 -10.411930 1.959203 0.531705 -3.041800
    40 -0.000002 3.287109 -0.573233 0.000000 0.000000 0.000000
    41 -0.000002 2.156256 -2.244137 0.000000 0.000000 0.000000
    42 0.238286 -32.145591 -18.820756 1.324352 -0.266178 -0.500853
    43 -0.097351 5.335948 -3.376940 0.000000 0.000000 0.000000
    44 -7.182298 -26.510902 -9.017595 2.739026 0.672464 -2.650956
  time 77
    0 0.000000 -0.000006 0.000000 -1.570781 -1.391896 -1.570809
    1 -6.209091 12.325331 -0.609293 1.596636 -1.286515 2.942963
    2 6.028145 0.000003 0.000002 -0.924064 -0.801624 -1.647256
    3 11.692553 0.000081 -0.000005 -0.000027 0.000036 -1.341156
    4 11.481672 -0.000089 -0.000024 2.456553 0.191164 -0.285688
    5 3.859699 -0.142417 -1.191975 -0.470554 -0.028571 -0.604521
    6 1.312563 -0.000008 0.000005 -0.025902 -0.017762 -0.131639
    7 0.729362 -0.000008 0.000001 -0.004747 0.022128 -1.146827
    8 3.942329 0.046753 -0.431444 -0.169026 -0.017653 -0.520280
    9 1.539093 0.000006 -0.000007 0.006681 -0.088141 -0.649834
    10 1.196322 -0.000008 0.000002 0.005338 0.004031 -1.858398
    11 3.883690 -0.046783 0.431443 0.067781 -0.061648 -0.458718
    12 1.719580 -0.000010 0.000009 -0.000551 -0.027002 -0.617972
    13 1.209183 -0.000004 0.000003 -0.000097 0.000335 -1.682184
    14 3.859856 -0.137962 1.332466 0.340565 -0.110640 -0.407069
    15 1.719433 0.000002 -0.000004 0.001162 -0.006326 -0.652430
    16 1.099676 -0.000006 0.000003 -0.001510 0.000916 -1.461308
    17 0.968262 -1.166992 0.660645 -0.836825 -0.820260 -0.893629
    18 1.789782 0.000002 -0.000006 0.106198 0.148682 0.928673
    19 1.206999 -0.000001 -0.000002 -0.019178 0.178546 0.901837
    20 -0.221558 -2.662109 -5.308594 -1.668474 1.286518 2.942953
    21 6.028141 0.000000 -0.000002 1.189107 0.733741 -1.284503
    22 11.692554 0.000000 -0.000003 -0.000002 0.000000 -0.924038
    23 11.481705 -0.000001 -0.000004 -0.778294 0.596232 0.275321
    24 4.003906 -0.205811 0.920898 0.499449 0.024964 -1.213607
    25 1.312565 -0.000004 -0.000002 0.002647 -0.000003 0.000662
    26 0.729366 -0.000004 0.000000 0.000000 0.002340 -1.574072
    27 4.222656 -0.111389 0.298096 0.146084 0.138555 -1.218293
    28 1.539104 0.000000 0.000001 0.021591 0.038691 -0.274898
    29 1.196322 0.000002 -0.000003 0.423005 0.188639 -2.054787
    30 3.883663 -0.050303 -0.431042 -0.048581 0.146519 -0.770215
    31 1.719584 0.000002 0.000006 -0.012269 0.089737 -0.735530
    32 1.209187 0.000004 0.000006 -0.004385 -0.003177 -1.490432
    33 3.859837 -0.148918 -1.331282 -0.321407 0.389554 -0.535029
    34 1.719431 0.000004 0.000013 0.007830 0.063159 -0.159722
    35 1.099665 0.000000 0.000007 -0.007433 -0.004262 -0.357454
    36 0.873535 -0.422119 -1.297852 1.277698 0.356538 -0.669644
    37 1.789785 -0.000006 -0.000010 -0.000498 -0.000088 -0.108780
    38 1.206999 -0.000001 -0.000008 -0.000493 -0.000238 0.720590
    39 -6.892633 -21.486670 -10.349428 1.962875 0.522329 -3.040756
    40 -0.000002 3.287109 -0.573233 0.000000 0.000000 0.000000
    41 -0.000002 2.156256 -2.244137 0.000000 0.000000 0.000000
    42 0.484387 -33.700326 -18.824662 1.652334 -0.269442 -0.501467
    43 -0.097351 5.335948 -3.376940 0.000000 0.000000 0.000000
    44 -7.533872 -26.229643 -8.580082 2.709856 0.649064 -2.695788
  time 78
    0 0.000000 -0.000006 0.000000 -1.570781 -1.391896 -1.570809
    1 -6.212997 12.344863 -0.605386 1.596636 -1.286515 2.942963
    2 6.028145 0.000003 0.000002 -0.887581 -0.802275 -1.677500
    3 11.692553 0.000081 -0.000005 -0.000027 0.000036 -1.342251
    4 11.481672 -0.000089 -0.000024 2.424018 0.159282 -0.280630
    5 3.859699 -0.142417 -1.191975 -0.470554 -0.028571 -0.604521
    6 1.312563 -0.000008 0.000005 -0.025902 -0.017762 -0.131639
    7 0.729362 -0.000008 0.000001 -0.004747 0.022128 -1.146827
    8 3.942329 0.046753 -0.431444 -0.169026 -0.017653 -0.520280
    9 1.539093 0.000006 -0.000007 0.006681 -0.088141 -0.649834
    10 1.196322 -0.000008 0.000002 0.005338 0.004031 -1.858398
    11 3.883690 -0.046783 0.431443 0.067781 -0.061648 -0.458718
    12 1.719580 -0.000010 0.000009 -0.000551 -0.027002 -0.617972
    13 1.209183 -0.000004 0.000003 -0.000097 0.000335 -1.682184
    14 3.859856 -0.137962 1.332466 0.340565 -0.110640 -0.407069
    15 1.719433 0.000002 -0.000004 0.001162 -0.006326 -0.652430
    16 1.099676 -0.000006 0.000003 -0.001510 0.000916 -1.461308
    17 0.968262 -1.166992 0.660645 -0.836825 -0.820260 -0.893629
    18 1.789782 0.000002 -0.000006 0.106198 0.148682 0.928673
    19 1.206999 -0.000001 -0.000002 -0.019178 0.178546 0.901837
    20 -0.221558 -2.662109 -5.308594 -1.668474 1.286518 2.942953
    21 6.028141 0.000000 -0.000002 1.190060 0.733701 -1.283745
    22 11.692554 0.000000 -0.000003 -0.000002 0.000000 -0.927532
    23 11.481705 -0.000001 -0.000004 -0.790181 0.600063 0.272173
    24 4.003906 -0.205811 0.920898 0.499449 0.024964 -1.213607
    25 1.312565 -0.000004 -0.000002 0.002647 -0.000003 0.000662
    26 0.729366 -0.000004 0.000000 0.000000 0.002340 -1.574072
    27 4.222656 -0.111389 0.298096 0.146084 0.138555 -1.218293
    28 1.539104 0.000000 0.000001 0.021591 0.038691 -0.274898
    29 1.196322 0.000002 -0.000003 0.423005 0.188639 -2.054787
    30 3.883663 -0.050303 -0.431042 -0.048581 0.146519 -0.770215
    31 1.719584 0.000002 0.000006 -0.012269 0.089737 -0.735530
    32 1.209187 0.000004 0.000006 -0.004385 -0.003177 -1.490432
    33 3.859837 -0.148918 -1.331282 -0.321407 0.389554 -0.535029
    34 1.719431 0.000004 0.000013 0.007830 0.063159 -0.159722
    35 1.099665 0.000000 0.000007 -0.007433 -0.004262 -0.357454
    36 0.873535 -0.422119 -1.297852 1.277698 0.356538 -0.669644
    37 1.789785 -0.000006 -0.000010 -0.000498 -0.000088 -0.108780
    38 1.206999 -0.000001 -0.000008 -0.000493 -0.000238 0.720590
    39 -6.900446 -21.486670 -10.294739 1.965813 0.511952 -3.040814
    40 -0.000002 3.287109 -0.573233 0.000000 0.000000 0.000000
    41 -0.000002 2.156256 -2.244137 0.000000 0.000000 0.000000
    42 0.675799 -35.184746 -18.824662 1.975422 -0.271769 -0.501774
    43 -0.097351 5.335948 -3.376940 0.000000 0.000000 0.000000
    44 -7.772160 -25.975729 -8.158194 2.667983 0.620276 -2.748476
  time 79
    0 0.000000 -0.000006 0.000000 -1.570781 -1.391896 -1.570809
    1 -6.216904 12.364395 -0.597574 1.596636 -1.286515 2.942963
    2 6.028145 0.000003 0.000002 -0.855250 -0.799059 -1.703069
    3 11.692553 0.000081 -0.000005 -0.000027 0.000036 -1.341625
    4 11.481672 -0.000089 -0.000024 2.384810 0.122170 -0.279204
    5 3.859699 -0.142417 -1.191975 -0.470554 -0.028571 -0.604521
    6 1.312563 -0.000008 0.000005 -0.025902 -0.017762 -0.131639
    7 0.729362 -0.000008 0.000001 -0.004747 0.022128 -1.146827
    8 3.942329 0.046753 -0.431444 -0.169026 -0.017653 -0.520280
    9 1.539093 0.000006 -0.000007 0.006681 -0.088141 -0.649834
    10 1.196322 -0.000008 0.000002 0.005338 0.004031 -1.858398
    11 3.883690 -0.046783 0.431443 0.067781 -0.061648 -0.458718
    12 1.719580 -0.000010 0.000009 -0.000551 -0.027002 -0.617972
    13 1.209183 -0.000004 0.000003 -0.000097 0.000335 -1.682184
    14 3.859856 -0.137962 1.332466 0.340565 -0.110640 -0.407069
    15 1.719433 0.000002 -0.000004 0.001162 -0.006326 -0.652430
    16 1.099676 -0.000006 0.000003 -0.001510 0.000916 -1.461308
    17 0.968262 -1.166992 0.660645 -0.836825 -0.820260 -0.893629
    18 1.789782 0.000002 -0.000006 0.106198 0.148682 0.928673
    19 1.206999 -0.000001 -0.000002 -0.019178 0.178546 0.901837
    20 -0.221558 -2.662109 -5.308594 -1.668474 1.286518 2.942953
    21 6.028141 0.000000 -0.000002 1.190537 0.733741 -1.283271
    22 11.692554 0.000000 -0.000003 -0.000002 0.000000 -0.930638
    23 11.481705 -0.000001 -0.000004 -0.802550 0.604654 0.269284
    24 4.003906 -0.205811 0.920898 0.499449 0.024964 -1.213607
    25 1.312565 -0.000004 -0.000002 0.002647 -0.000003 0.000662
    26 0.729366 -0.000004 0.000000 0.000000 0.002340 -1.574072
    27 4.222656 -0.111389 0.298096 0.146084 0.138555 -1.218293
    28 1.539104 0.000000 0.000001 0.021591 0.038691 -0.274898
    29 1.196322 0.000002 -0.000003 0.423005 0.188639 -2.054787
    30 3.883663 -0.050303 -0.431042 -0.048581 0.146519 -0.770215
    31 1.719584 0.000002 0.000006 -0.012269 0.089737 -0.735530
    32 1.209187 0.000004 0.000006 -0.004385 -0.003177 -1.490432
    33 3.859837 -0.148918 -1.331282 -0.321407 0.389554 -0.535029
    34 1.719431 0.000004 0.000013 0.007830 0.063159 -0.159722
    35 1.099665 0.000000 0.000007 -0.007433 -0.004262 -0.357454
    36 0.873535 -0.422119 -1.297852 1.277698 0.356538 -0.669644
    37 1.789785 -0.000006 -0.000010 -0.000498 -0.000088 -0.108780
    38 1.206999 -0.000001 -0.000008 -0.000493 -0.000238 0.720590
    39 -6.908259 -21.482764 -10.243956 1.968090 0.500909 -3.041800
    40 -0.000002 3.287109 -0.573233 0.000000 0.000000 0.000000
    41 -0.000002 2.156256 -2.244137 0.000000 0.000000 0.000000
    42 0.796896 -36.579320 -18.828569 2.292676 -0.273160 -0.501876
    43 -0.097351 5.335948 -3.376940 0.000000 0.000000 0.000000
    44 -7.955760 -25.753066 -7.802714 2.618634 0.586691 -2.805666
  time 80
    0 0.000000 -0.000006 0.000000 -1.570781 -1.391896 -1.570809
    1 -6.224716 12.380020 -0.589761 1.596636 -1.286515 2.942963
    2 6.028145 0.000003 0.000002 -0.826830 -0.792750 -1.724249
    3 11.692553 0.000081 -0.000005 -0.000027 0.000036 -1.340608
    4 11.481672 -0.000089 -0.000024 2.341930 0.082328 -0.279388
    5 3.859699 -0.142417 -1.191975 -0.470554 -0.028571 -0.604521
    6 1.312563 -0.000008 0.000005 -0.025902 -0.017762 -0.131639
    7 0.729362 -0.000008 0.000001 -0.004747 0.022128 -1.146827
    8 3.942329 0.046753 -0.431444 -0.169026 -0.017653 -0.520280
    9 1.539093 0.000006 -0.000007 0.006681 -0.088141 -0.649834
    10 1.196322 -0.000008 0.000002 0.005338 0.004031 -1.858398
    11 3.883690 -0.046783 0.431443 0.067781 -0.061648 -0.458718
    12 1.719580 -0.000010 0.000009 -0.000551 -0.027002 -0.617972
    13 1.209183 -0.000004 0.000003 -0.000097 0.000335 -1.682184
    14 3.859856 -0.137962 1.332466 0.340565 -0.110640 -0.407069
    15 1.719433 0.000002 -0.000004 0.001162 -0.006326 -0.652430
    16 1.099676 -0.000006 0.000003 -0.001510 0.000916 -1.461308
    17 0.968262 -1.166992 0.660645 -0.836825 -0.820260 -0.893629
    18 1.789782 0.000002 -0.000006 0.106198 0.148682 0.928673
    19 1.206999 -0.000001 -0.000002 -0.019178 0.178546 0.901837
    20 -0.221558 -2.662109 -5.308594 -1.668474 1.286518 2.942953
    21 6.028141 0.000000 -0.000002 1.190823 0.733741 -1.283081
    22 11.692554 0.000000 -0.000003 -0.000002 0.000000 -0.933291
    23 11.481705 -0.000001 -0.000004 -0.815160 0.609801 0.266247
    24 4.003906 -0.205811 0.920898 0.499449 0.024964 -1.213607
    25 1.312565 -0.000004 -0.000002 0.002647 -0.000003 0.000662
    26 0.729366 -0.000004 0.000000 0.000000 0.002340 -1.574072
    27 4.222656 -0.111389 0.298096 0.146084 0.138555 -1.218293
    28 1.539104 0.000000 0.000001 0.021591 0.038691 -0.274898
    29 1.196322 0.000002 -0.000003 0.423005 0.188639 -2.054787
    30 3.883663 -0.050303 -0.431042 -0.048581 0.146519 -0.770215
    31 1.719584 0.000002 0.000006 -0.012269 0.089737 -0.735530
    32 1.209187 0.000004 0.000006 -0.004385 -0.003177 -1.490432
    33 3.859837 -0.148918 -1.331282 -0.321407 0.389554 -0.535029
    34 1.719431 0.000004 0.000013 0.007830 0.063159 -0.159722
    35 1.099665 0.000000 0.000007 -0.007433 -0.004262 -0.357454
    36 0.873535 -0.422119 -1.297852 1.277698 0.356538 -0.669644
    37 1.789785 -0.000006 -0.000010 -0.000498 -0.000088 -0.108780
    38 1.206999 -0.000001 -0.000008 -0.000493 -0.000238 0.720590
    39 -6.912165 -21.482764 -10.200986 1.969926 0.489532 -3.043365
    40 -0.000002 3.287109 -0.573233 0.000000 0.000000 0.000000
    41 -0.000002 2.156256 -2.244137 0.000000 0.000000 0.000000
    42 0.839867 -37.872328 -18.828569 2.603247 -0.273628 -0.501876
    43 -0.097351 5.335948 -3.376940 0.000000 0.000000 0.000000
    44 -8.092482 -25.557747 -7.501924 2.566619 0.549723 -2.863431
  time 81
    0 0.000000 -0.000006 0.000000 -1.570781 -1.391896 -1.570809
    1 -6.228623 12.399552 -0.581948 1.596636 -1.286515 2.942963
    2 6.028145 0.000003 0.000002 -0.802002 -0.784122 -1.741327
    3 11.692553 0.000081 -0.000005 -0.000027 0.000036 -1.339826
    4 11.481672 -0.000089 -0.000024 2.298075 0.042133 -0.279664
    5 3.859699 -0.142417 -1.191975 -0.470554 -0.028571 -0.604521
    6 1.312563 -0.000008 0.000005 -0.025902 -0.017762 -0.131639
    7 0.729362 -0.000008 0.000001 -0.004747 0.022128 -1.146827
    8 3.942329 0.046753 -0.431444 -0.169026 -0.017653 -0.520280
    9 1.539093 0.000006 -0.000007 0.006681 -0.088141 -0.649834
    10 1.196322 -0.000008 0.000002 0.005338 0.004031 -1.858398
    11 3.883690 -0.046783 0.431443 0.067781 -0.061648 -0.458718
    12 1.719580 -0.000010 0.000009 -0.000551 -0.027002 -0.617972
    13 1.209183 -0.000004 0.000003 -0.000097 0.000335 -1.682184
    14 3.859856 -0.137962 1.332466 0.340565 -0.110640 -0.407069
    15 1.719433 0.000002 -0.000004 0.001162 -0.006326 -0.652430
    16 1.099676 -0.000006 0.000003 -0.001510 0.000916 -1.461308
    17 0.968262 -1.166992 0.660645 -0.836825 -0.820260 -0.893629
    18 1.789782 0.000002 -0.000006 0.106198 0.148682 0.928673
    19 1.206999 -0.000001 -0.000002 -0.019178 0.178546 0.901837
    20 -0.221558 -2.662109 -5.308594 -1.668474 1.286518 2.942953
    21 6.028141 0.000000 -0.000002 1.190918 0.733741 -1.282986
    22 11.692554 0.000000 -0.000003 -0.000002 0.000000 -0.935297
    23 11.481705 -0.000001 -0.000004 -0.827710 0.615240 0.262877
    24 4.003906 -0.205811 0.920898 0.499449 0.024964 -1.213607
    25 1.312565 -0.000004 -0.000002 0.002647 -0.000003 0.000662
    26 0.729366 -0.000004 0.000000 0.000000 0.002340 -1.574072
    27 4.222656 -0.111389 0.298096 0.146084 0.138555 -1.218293
    28 1.539104 0.000000 0.000001 0.021591 0.038691 -0.274898
    29 1.196322 0.000002 -0.000003 0.423005 0.188639 -2.054787
    30 3.883663 -0.050303 -0.431042 -0.048581 0.146519 -0.770215
    31 1.719584 0.000002 0.000006 -0.012269 0.089737 -0.735530
    32 1.209187 0.000004 0.000006 -0.004385 -0.003177 -1.490432
    33 3.859837 -0.148918 -1.331282 -0.321407 0.389554 -0.535029
    34 1.719431 0.000004 0.000013 0.007830 0.063159 -0.159722
    35 1.099665 0.000000 0.000007 -0.007433 -0.004262 -0.357454
    36 0.873535 -0.422119 -1.297852 1.277698 0.356538 -0.669644
    37 1.789785 -0.000006 -0.000010 -0.000498 -0.000088 -0.108780
    38 1.206999 -0.000001 -0.000008 -0.000493 -0.000238 0.720590
    39 -6.919978 -21.478858 -10.165829 1.971542 0.478155 -3.045511
    40 -0.000002 3.287109 -0.573233 0.000000 0.000000 0.000000
    41 -0.000002 2.156256 -2.244137 0.000000 0.000000 0.000000
    42 0.476574 -39.063771 -18.500434 2.906195 -0.273628 -0.501876
    43 -0.097351 5.335948 -3.376940 0.000000 0.000000 0.000000
    44 -8.194048 -25.385867 -7.263635 2.515702 0.511181 -2.918705
  time 82
    0 0.000000 -0.000006 0.000000 -1.570781 -1.391896 -1.570809
    1 -6.236436 12.419084 -0.578042 1.596636 -1.286515 2.942963
    2 6.028145 0.000003 0.000002 -0.780527 -0.773906 -1.754779
    3 11.692553 0.000081 -0.000005 -0.000027 0.000036 -1.340217
    4 11.481672 -0.000089 -0.000024 2.256094 0.003695 -0.278790
    5 3.859699 -0.142417 -1.191975 -0.470554 -0.028571 -0.604521
    6 1.312563 -0.000008 0.000005 -0.025902 -0.017762 -0.131639
    7 0.729362 -0.000008 0.000001 -0.004747 0.022128 -1.146827
    8 3.942329 0.046753 -0.431444 -0.169026 -0.017653 -0.520280
    9 1.539093 0.000006 -0.000007 0.006681 -0.088141 -0.649834
    10 1.196322 -0.000008 0.000002 0.005338 0.004031 -1.858398
    11 3.883690 -0.046783 0.431443 0.067781 -0.061648 -0.458718
    12 1.719580 -0.000010 0.000009 -0.000551 -0.027002 -0.617972
    13 1.209183 -0.000004 0.000003 -0.000097 0.000335 -1.682184
    14 3.859856 -0.137962 1.332466 0.340565 -0.110640 -0.407069
    15 1.719433 0.000002 -0.000004 0.001162 -0.006326 -0.652430
    16 1.099676 -0.000006 0.000003 -0.001510 0.000916 -1.461308
    17 0.968262 -1.166992 0.660645 -0.836825 -0.820260 -0.893629
    18 1.789782 0.000002 -0.000006 0.106198 0.148682 0.928673
    19 1.206999 -0.000001 -0.000002 -0.019178 0.178546 0.901837
    20 -0.221558 -2.662109 -5.308594 -1.668474 1.286518 2.942953
    21 6.028141 0.000000 -0.000002 1.191013 0.733621 -1.282892
    22 11.692554 0.000000 -0.000003 -0.000002 0.000000 -0.936720
    23 11.481705 -0.000001 -0.000004 -0.839838 0.620884 0.259136
    24 4.003906 -0.205811 0.920898 0.499449 0.024964 -1.213607
    25 1.312565 -0.000004 -0.000002 0.002647 -0.000003 0.000662
    26 0.729366 -0.000004 0.000000 0.000000 0.002340 -1.574072
    27 4.222656 -0.111389 0.298096 0.146084 0.138555 -1.218293
    28 1.539104 0.000000 0.000001 0.021591 0.038691 -0.274898
    29 1.196322 0.000002 -0.000003 0.423005 0.188639 -2.054787
    30 3.883663 -0.050303 -0.431042 -0.048581 0.146519 -0.770215
    31 1.719584 0.000002 0.000006 -0.012269 0.089737 -0.735530
    32 1.209187 0.000004 0.000006 -0.004385 -0.003177 -1.490432
    33 3.859837 -0.148918 -1.331282 -0.321407 0.389554 -0.535029
    34 1.719431 0.000004 0.000013 0.007830 0.063159 -0.159722
    35 1.099665 0.000000 0.000007 -0.007433 -0.004262 -0.357454
    36 0.873535 -0.422119 -1.297852 1.277698 0.356538 -0.669644
    37 1.789785 -0.000006 -0.000010 -0.000498 -0.000088 -0.108780
    38 1.206999 -0.000001 -0.000008 -0.000493 -0.000238 0.720590
    39 -6.931697 -21.478858 -10.142390 1.973084 0.467154 -3.048004
    40 -0.000002 3.287109 -0.573233 0.000000 0.000000 0.000000
    41 -0.000002 2.156256 -2.244137 0.000000 0.000000 0.000000
    42 -0.320325 -40.149741 -17.785568 -3.083880 -0.273628 -0.501876
    43 -0.097351 5.335948 -3.376940 0.000000 0.000000 0.000000
    44 -8.264363 -25.229612 -7.080036 2.468549 0.473348 -2.968902
  time 83
    0 0.000000 -0.000006 0.000000 -1.570781 -1.391896 -1.570809
    1 -6.240342 12.434710 -0.570229 1.596636 -1.286515 2.942963
    2 6.028145 0.000003 0.000002 -0.762326 -0.762713 -1.764892
    3 11.692553 0.000081 -0.000005 -0.000027 0.000036 -1.342407
    4 11.481672 -0.000089 -0.000024 2.218686 -0.031231 -0.275985
    5 3.859699 -0.142417 -1.191975 -0.470554 -0.028571 -0.604521
    6 1.312563 -0.000008 0.000005 -0.025902 -0.017762 -0.131639
    7 0.729362 -0.000008 0.000001 -0.004747 0.022128 -1.146827
    8 3.942329 0.046753 -0.431444 -0.169026 -0.017653 -0.520280
    9 1.539093 0.000006 -0.000007 0.006681 -0.088141 -0.649834
    10 1.196322 -0.000008 0.000002 0.005338 0.004031 -1.858398
    11 3.883690 -0.046783 0.431443 0.067781 -0.061648 -0.458718
    12 1.719580 -0.000010 0.000009 -0.000551 -0.027002 -0.617972
    13 1.209183 -0.000004 0.000003 -0.000097 0.000335 -1.682184
    14 3.859856 -0.137962 1.332466 0.340565 -0.110640 -0.407069
    15 1.719433 0.000002 -0.000004 0.001162 -0.006326 -0.652430
    16 1.099676 -0.000006 0.000003 -0.001510 0.000916 -1.461308
    17 0.968262 -1.166992 0.660645 -0.836825 -0.820260 -0.893629
    18 1.789782 0.000002 -0.000006 0.106198 0.148682 0.928673
    19 1.206999 -0.000001 -0.000002 -0.019178 0.178546 0.901837
    20 -0.221558 -2.662109 -5.308594 -1.668474 1.286518 2.942953
    21 6.028141 0.000000 -0.000002 1.191204 0.733422 -1.282607
    22 11.692554 0.000000 -0.000003 -0.000002 0.000000 -0.937691
    23 11.481705 -0.000001 -0.000004 -0.851061 0.626499 0.255099
    24 4.003906 -0.205811 0.920898 0.499449 0.024964 -1.213607
    25 1.312565 -0.000004 -0.000002 0.002647 -0.000003 0.000662
    26 0.729366 -0.000004 0.000000 0.000000 0.002340 -1.574072
    27 4.222656 -0.111389 0.298096 0.146084 0.138555 -1.218293
    28 1.539104 0.000000 0.000001 0.021591 0.038691 -0.274898
    29 1.196322 0.000002 -0.000003 0.423005 0.188639 -2.054787
    30 3.883663 -0.050303 -0.431042 -0.048581 0.146519 -0.770215
    31 1.719584 0.000002 0.000006 -0.012269 0.089737 -0.735530
    32 1.209187 0.000004 0.000006 -0.004385 -0.003177 -1.490432
    33 3.859837 -0.148918 -1.331282 -0.321407 0.389554 -0.535029
    34 1.719431 0.000004 0.000013 0.007830 0.063159 -0.159722
    35 1.099665 0.000000 0.000007 -0.007433 -0.004262 -0.357454
    36 0.873535 -0.422119 -1.297852 1.277698 0.356538 -0.669644
    37 1.789785 -0.000006 -0.000010 -0.000498 -0.000088 -0.108780
    38 1.206999 -0.000001 -0.000008 -0.000493 -0.000238 0.720590
    39 -6.947322 -21.474951 -10.122859 1.974700 0.456902 -3.050730
    40 -0.000002 3.287109 -0.573233 0.000000 0.000000 0.000000
    41 -0.000002 2.156256 -2.244137 0.000000 0.000000 0.000000
    42 -1.136756 -41.141959 -17.070703 -2.803142 -0.273628 -0.501876
    43 -0.097351 5.335948 -3.376940 0.000000 0.000000 0.000000
    44 -8.322958 -25.088983 -6.947219 2.427198 0.438661 -3.012106
  time 84
    0 0.000000 -0.000006 0.000000 -1.570781 -1.391896 -1.570809
    1 -6.248155 12.454242 -0.562416 1.596636 -1.286515 2.942963
    2 6.028145 0.000003 0.000002 -0.747557 -0.750950 -1.771571
    3 11.692553 0.000081 -0.000005 -0.000027 0.000036 -1.347412
    4 11.481672 -0.000089 -0.000024 2.188775 -0.061474 -0.270788
    5 3.859699 -0.142417 -1.191975 -0.470554 -0.028571 -0.604521
    6 1.312563 -0.000008 0.000005 -0.025902 -0.017762 -0.131639
    7 0.729362 -0.000008 0.000001 -0.004747 0.022128 -1.146827
    8 3.942329 0.046753 -0.431444 -0.169026 -0.017653 -0.520280
    9 1.539093 0.000006 -0.000007 0.006681 -0.088141 -0.649834
    10 1.196322 -0.000008 0.000002 0.005338 0.004031 -1.858398
    11 3.883690 -0.046783 0.431443 0.067781 -0.061648 -0.458718
    12 1.719580 -0.000010 0.000009 -0.000551 -0.027002 -0.617972
    13 1.209183 -0.000004 0.000003 -0.000097 0.000335 -1.682184
    14 3.859856 -0.137962 1.332466 0.340565 -0.110640 -0.407069
    15 1.719433 0.000002 -0.000004 0.001162 -0.006326 -0.652430
    16 1.099676 -0.000006 0.000003 -0.001510 0.000916 -1.461308
    17 0.968262 -1.166992 0.660645 -0.836825 -0.820260 -0.893629
    18 1.789782 0.000002 -0.000006 0.106198 0.148682 0.928673
    19 1.206999 -0.000001 -0.000002 -0.019178 0.178546 0.901837
    20 -0.221558 -2.662109 -5.308594 -1.668474 1.286518 2.942953
    21 6.028141 0.000000 -0.000002 1.191776 0.733064 -1.282133
    22 11.692554 0.000000 -0.000003 -0.000002 0.000000 -0.938209
    23 11.481705 -0.000001 -0.000004 -0.861077 0.631938 0.250728
    24 4.003906 -0.205811 0.920898 0.499449 0.024964 -1.213607
    25 1.312565 -0.000004 -0.000002 0.002647 -0.000003 0.000662
    26 0.729366 -0.000004 0.000000 0.000000 0.002340 -1.574072
    27 4.222656 -0.111389 0.298096 0.146084 0.138555 -1.218293
    28 1.539104 0.000000 0.000001 0.021591 0.038691 -0.274898
    29 1.196322 0.000002 -0.000003 0.423005 0.188639 -2.054787
    30 3.883663 -0.050303 -0.431042 -0.048581 0.146519 -0.770215
    31 1.719584 0.000002 0.000006 -0.012269 0.089737 -0.735530
    32 1.209187 0.000004 0.000006 -0.004385 -0.003177 -1.490432
    33 3.859837 -0.148918 -1.331282 -0.321407 0.389554 -0.535029
    34 1.719431 0.000004 0.000013 0.007830 0.063159 -0.159722
    35 1.099665 0.000000 0.000007 -0.007433 -0.004262 -0.357454
    36 0.873535 -0.422119 -1.297852 1.277698 0.356538 -0.669644
    37 1.789785 -0.000006 -0.000010 -0.000498 -0.000088 -0.108780
    38 1.206999 -0.000001 -0.000008 -0.000493 -0.000238 0.720590
    39 -6.966854 -21.471045 -10.111140 1.976536 0.447692 -3.053571
    40 -0.000002 3.287109 -0.573233 0.000000 0.000000 0.000000
    41 -0.000002 2.156256 -2.244137 0.000000 0.000000 0.000000
    42 -1.539112 -42.056049 -16.746474 -2.537462 -0.273628 -0.501876
    43 -0.097351 5.335948 -3.376940 0.000000 0.000000 0.000000
    44 -8.369835 -24.956167 -6.861279 2.392957 0.409598 -3.046209
  time 85
    0 0.000000 -0.000006 0.000000 -1.570781 -1.391896 -1.570809
    1 -6.255967 12.469867 -0.554604 1.596636 -1.286515 2.942963
    2 6.028145 0.000003 0.000002 -0.735822 -0.739268 -1.775483
    3 11.692553 0.000081 -0.000005 -0.000039 0.000036 -1.355311
    4 11.481672 -0.000089 -0.000024 2.169434 -0.086020 -0.263246
    5 3.859699 -0.142417 -1.191975 -0.470554 -0.028571 -0.604521
    6 1.312563 -0.000008 0.000005 -0.025902 -0.017762 -0.131639
    7 0.729362 -0.000008 0.000001 -0.004747 0.022128 -1.146827
    8 3.942329 0.046753 -0.431444 -0.169026 -0.017653 -0.520280
    9 1.539093 0.000006 -0.000007 0.006681 -0.088141 -0.649834
    10 1.196322 -0.000008 0.000002 0.005338 0.004031 -1.858398
    11 3.883690 -0.046783 0.431443 0.067781 -0.061648 -0.458718
    12 1.719580 -0.000010 0.000009 -0.000551 -0.027002 -0.617972
    13 1.209183 -0.000004 0.000003 -0.000097 0.000335 -1.682184
    14 3.859856 -0.137962 1.332466 0.340565 -0.110640 -0.407069
    15 1.719433 0.000002 -0.000004 0.001162 -0.006326 -0.652430
    16 1.099676 -0.000006 0.000003 -0.001510 0.000916 -1.461308
    17 0.968262 -1.166992 0.660645 -0.836825 -0.820260 -0.893629
    18 1.789782 0.000002 -0.000006 0.106198 0.148682 0.928673
    19 1.206999 -0.000001 -0.000002 -0.019178 0.178546 0.901837
    20 -0.221558 -2.662109 -5.308594 -1.668474 1.286518 2.942953
    21 6.028141 0.000000 -0.000002 1.192634 0.732587 -1.281280
    22 11.692554 0.000000 -0.000003 -0.000002 0.000000 -0.938403
    23 11.481705 -0.000001 -0.000004 -0.869464 0.637056 0.246135
    24 4.003906 -0.205811 0.920898 0.499449 0.024964 -1.213607
    25 1.312565 -0.000004 -0.000002 0.002647 -0.000003 0.000662
    26 0.729366 -0.000004 0.000000 0.000000 0.002340 -1.574072
    27 4.222656 -0.111389 0.298096 0.146084 0.138555 -1.218293
    28 1.539104 0.000000 0.000001 0.021591 0.038691 -0.274898
    29 1.196322 0.000002 -0.000003 0.423005 0.188639 -2.054787
    30 3.883663 -0.050303 -0.431042 -0.048581 0.146519 -0.770215
    31 1.719584 0.000002 0.000006 -0.012269 0.089737 -0.735530
    32 1.209187 0.000004 0.000006 -0.004385 -0.003177 -1.490432
    33 3.859837 -0.148918 -1.331282 -0.321407 0.389554 -0.535029
    34 1.719431 0.000004 0.000013 0.007830 0.063159 -0.159722
    35 1.099665 0.000000 0.000007 -0.007433 -0.004262 -0.357454
    36 0.873535 -0.422119 -1.297852 1.277698 0.356538 -0.669644
    37 1.789785 -0.000006 -0.000010 -0.000498 -0.000088 -0.108780
    38 1.206999 -0.000001 -0.000008 -0.000493 -0.000238 0.720590
    39 -7.002012 -21.467139 -10.103327 1.978666 0.439941 -3.056471
    40 -0.000002 3.287109 -0.573233 0.000000 0.000000 0.000000
    41 -0.000002 2.156256 -2.244137 0.000000 0.000000 0.000000
    42 -1.585989 -42.888106 -16.898822 -2.289005 -0.273628 -0.501876
    43 -0.097351 5.335948 -3.376940 0.000000 0.000000 0.000000
    44 -8.424524 -24.831163 -6.814403 2.367028 0.388558 -3.069487
  time 86
    0 0.000000 -0.000006 0.000000 -1.570781 -1.391896 -1.570809
    1 -6.263780 12.489399 -0.546791 1.596636 -1.286515 2.942963
    2 6.028145 0.000003 0.000002 -0.727599 -0.727628 -1.776150
    3 11.692553 0.000081 -0.000005 -0.000039 0.000036 -1.367119
    4 11.481672 -0.000089 -0.000024 2.163811 -0.104790 -0.252807
    5 3.859699 -0.142417 -1.191975 -0.470554 -0.028571 -0.604521
    6 1.312563 -0.000008 0.000005 -0.025902 -0.017762 -0.131639
    7 0.729362 -0.000008 0.000001 -0.004747 0.022128 -1.146827
    8 3.942329 0.046753 -0.431444 -0.169026 -0.017653 -0.520280
    9 1.539093 0.000006 -0.000007 0.006681 -0.088141 -0.649834
    10 1.196322 -0.000008 0.000002 0.005338 0.004031 -1.858398
    11 3.883690 -0.046783 0.431443 0.067781 -0.061648 -0.458718
    12 1.719580 -0.000010 0.000009 -0.000551 -0.027002 -0.617972
    13 1.209183 -0.000004 0.000003 -0.000097 0.000335 -1.682184
    14 3.859856 -0.137962 1.332466 0.340565 -0.110640 -0.407069
    15 1.719433 0.000002 -0.000004 0.001162 -0.006326 -0.652430
    16 1.099676 -0.000006 0.000003 -0.001510 0.000916 -1.461308
    17 0.968262 -1.166992 0.660645 -0.836825 -0.820260 -0.893629
    18 1.789782 0.000002 -0.000006 0.106198 0.148682 0.928673
    19 1.206999 -0.000001 -0.000002 -0.019178 0.178546 0.901837
    20 -0.221558 -2.662109 -5.308594 -1.668474 1.286518 2.942953
    21 6.028141 0.000000 -0.000002 1.194255 0.731791 -1.279763
    22 11.692554 0.000000 -0.000003 -0.000002 0.000000 -0.938985
    23 11.481705 -0.000001 -0.000004 -0.875799 0.640974 0.242543
    24 4.003906 -0.205811 0.920898 0.499449 0.024964 -1.213607
    25 1.312565 -0.000004 -0.000002 0.002647 -0.000003 0.000662
    26 0.729366 -0.000004 0.000000 0.000000 0.002340 -1.574072
    27 4.222656 -0.111389 0.298096 0.146084 0.138555 -1.218293
    28 1.539104 0.000000 0.000001 0.021591 0.038691 -0.274898
    29 1.196322 0.000002 -0.000003 0.423005 0.188639 -2.054787
    30 3.883663 -0.050303 -0.431042 -0.048581 0.146519 -0.770215
    31 1.719584 0.000002 0.000006 -0.012269 0.089737 -0.735530
    32 1.209187 0.000004 0.000006 -0.004385 -0.003177 -1.490432
    33 3.859837 -0.148918 -1.331282 -0.321407 0.389554 -0.535029
    34 1.719431 0.000004 0.000013 0.007830 0.063159 -0.159722
    35 1.099665 0.000000 0.000007 -0.007433 -0.004262 -0.357454
    36 0.873535 -0.422119 -1.297852 1.277698 0.356538 -0.669644
    37 1.789785 -0.000006 -0.000010 -0.000498 -0.000088 -0.108780
    38 1.206999 -0.000001 -0.000008 -0.000493 -0.000238 0.720590
    39 -7.041075 -21.463232 -10.103327 1.980428 0.433940 -3.059254
    40 -0.000002 3.287109 -0.573233 0.000000 0.000000 0.000000
    41 -0.000002 2.156256 -2.244137 0.000000 0.000000 0.000000
    42 -1.609427 -43.645942 -17.312897 -2.060594 -0.273628 -0.501876
    43 -0.097351 5.335948 -3.376940 0.000000 0.000000 0.000000
    44 -8.483119 -24.706159 -6.810496 2.349777 0.377861 -3.079642
  time 87
    0 0.000000 -0.000006 0.000000 -1.570781 -1.391896 -1.570809
    1 -6.267686 12.505024 -0.538978 1.596636 -1.286515 2.942963
    2 6.028145 0.000003 0.000002 -0.719696 -0.695473 -1.763270
    3 11.692553 0.000081 -0.000005 -0.000039 0.000036 -1.426867
    4 11.481672 -0.000089 -0.000024 2.174906 -0.151267 -0.183180
    5 3.859699 -0.142417 -1.191975 -0.470554 -0.028571 -0.604521
    6 1.312563 -0.000008 0.000005 -0.025902 -0.017762 -0.131639
    7 0.729362 -0.000008 0.000001 -0.004747 0.022128 -1.146827
    8 3.942329 0.046753 -0.431444 -0.169026 -0.017653 -0.520280
    9 1.539093 0.000006 -0.000007 0.006681 -0.088141 -0.649834
    10 1.196322 -0.000008 0.000002 0.005338 0.004031 -1.858398
    11 3.883690 -0.046783 0.431443 0.067781 -0.061648 -0.458718
    12 1.719580 -0.000010 0.000009 -0.000551 -0.027002 -0.617972
    13 1.209183 -0.000004 0.000003 -0.000097 0.000335 -1.682184
    14 3.859856 -0.137962 1.332466 0.340565 -0.110640 -0.407069
    15 1.719433 0.000002 -0.000004 0.001162 -0.006326 -0.652430
    16 1.099676 -0.000006 0.000003 -0.001510 0.000916 -1.461308
    17 0.968262 -1.166992 0.660645 -0.836825 -0.820260 -0.893629
    18 1.789782 0.000002 -0.000006 0.106198 0.148682 0.928673
    19 1.206999 -0.000001 -0.000002 -0.019178 0.178546 0.901837
    20 -0.221558 -2.662109 -5.308594 -1.668474 1.286518 2.942953
    21 6.028141 0.000000 -0.000002 1.199690 0.715559 -1.271326
    22 11.692554 0.000000 -0.000003 -0.000002 0.000000 -0.966678
    23 11.481705 -0.000001 -0.000004 -0.879480 0.643928 0.252432
    24 4.003906 -0.205811 0.920898 0.499449 0.024964 -1.213607
    25 1.312565 -0.000004 -0.000002 0.002647 -0.000003 0.000662
    26 0.729366 -0.000004 0.000000 0.000000 0.002340 -1.574072
    27 4.222656 -0.111389 0.298096 0.146084 0.138555 -1.218293
    28 1.539104 0.000000 0.000001 0.021591 0.038691 -0.274898
    29 1.196322 0.000002 -0.000003 0.423005 0.188639 -2.054787
    30 3.883663 -0.050303 -0.431042 -0.048581 0.146519 -0.770215
    31 1.719584 0.000002 0.000006 -0.012269 0.089737 -0.735530
    32 1.209187 0.000004 0.000006 -0.004385 -0.003177 -1.490432
    33 3.859837 -0.148918 -1.331282 -0.321407 0.389554 -0.535029
    34 1.719431 0.000004 0.000013 0.007830 0.063159 -0.159722
    35 1.099665 0.000000 0.000007 -0.007433 -0.004262 -0.357454
    36 0.873535 -0.422119 -1.297852 1.277698 0.356538 -0.669644
    37 1.789785 -0.000006 -0.000010 -0.000498 -0.000088 -0.108780
    38 1.206999 -0.000001 -0.000008 -0.000493 -0.000238 0.720590
    39 -7.107484 -21.306977 -10.103327 1.979988 0.430148 -3.061805
    40 -0.000002 3.287109 -0.573233 0.000000 0.000000 0.000000
    41 -0.000002 2.164068 -2.287107 0.067094 0.000000 0.000000
    42 -1.621146 -44.317837 -17.910572 -1.854394 -0.273628 -0.501876
    43 -0.097351 5.335948 -3.376940 0.000000 0.000000 0.000000
    44 -8.584685 -24.381930 -6.775339 2.298860 0.379591 -3.079258
  time 88
    0 0.000000 -0.000006 0.000000 -1.570781 -1.391896 -1.570809
    1 -6.275499 12.520650 -0.531165 1.596636 -1.286515 2.942963
    2 6.028145 0.000003 0.000002 -0.701734 -0.641787 -1.742663
    3 11.692553 0.000081 -0.000005 -0.000039 0.000036 -1.536352
    4 11.481672 -0.000089 -0.000024 2.192823 -0.242347 -0.039833
    5 3.859699 -0.142417 -1.191975 -0.470554 -0.028571 -0.604521
    6 1.312563 -0.000008 0.000005 -0.025902 -0.017762 -0.131639
    7 0.729362 -0.000008 0.000001 -0.004747 0.022128 -1.146827
    8 3.942329 0.046753 -0.431444 -0.169026 -0.017653 -0.520280
    9 1.539093 0.000006 -0.000007 0.006681 -0.088141 -0.649834
    10 1.196322 -0.000008 0.000002 0.005338 0.004031 -1.858398
    11 3.883690 -0.046783 0.431443 0.067781 -0.061648 -0.458718
    12 1.719580 -0.000010 0.000009 -0.000551 -0.027002 -0.617972
    13 1.209183 -0.000004 0.000003 -0.000097 0.000335 -1.682184
    14 3.859856 -0.137962 1.332466 0.340565 -0.110640 -0.407069
    15 1.719433 0.000002 -0.000004 0.001162 -0.006326 -0.652430
    16 1.099676 -0.000006 0.000003 -0.001510 0.000916 -1.461308
    17 0.968262 -1.166992 0.660645 -0.836825 -0.820260 -0.893629
    18 1.789782 0.000002 -0.000006 0.106198 0.148682 0.928673
    19 1.206999 -0.000001 -0.000002 -0.019178 0.178546 0.901837
    20 -0.221558 -2.662109 -5.308594 -1.668474 1.286518 2.942953
    21 6.028141 0.000000 -0.000002 1.209415 0.678876 -1.254735
    22 11.692554 0.000000 -0.000003 -0.000002 0.000000 -1.030736
    23 11.481705 -0.000001 -0.000004 -0.879962 0.643811 0.283099
    24 4.003906 -0.205811 0.920898 0.499449 0.024964 -1.213607
    25 1.312565 -0.000004 -0.000002 0.002647 -0.000003 0.000662
    26 0.729366 -0.000004 0.000000 0.000000 0.002340 -1.574072
    27 4.222656 -0.111389 0.298096 0.146084 0.138555 -1.218293
    28 1.539104 0.000000 0.000001 0.021591 0.038691 -0.274898
    29 1.196322 0.000002 -0.000003 0.423005 0.188639 -2.054787
    30 3.883663 -0.050303 -0.431042 -0.048581 0.146519 -0.770215
    31 1.719584 0.000002 0.000006 -0.012269 0.089737 -0.735530
    32 1.209187 0.000004 0.000006 -0.004385 -0.003177 -1.490432
    33 3.859837 -0.148918 -1.331282 -0.321407 0.389554 -0.535029
    34 1.719431 0.000004 0.000013 0.007830 0.063159 -0.159722
    35 1.099665 0.000000 0.000007 -0.007433 -0.004262 -0.357454
    36 0.873535 -0.422119 -1.297852 1.277698 0.356538 -0.669644
    37 1.789785 -0.000006 -0.000010 -0.000498 -0.000088 -0.108780
    38 1.206999 -0.000001 -0.000008 -0.000493 -0.000238 0.720590
    39 -7.189517 -20.935872 -10.107233 1.973598 0.428814 -3.064125
    40 -0.000002 3.287109 -0.573233 0.000000 0.000000 0.000000
    41 0.007811 2.179694 -2.369141 0.191721 0.000000 0.000000
    42 -1.625052 -44.899886 -18.617625 -1.673133 -0.273628 -0.501876
    43 -0.097351 5.335948 -3.376940 0.000000 0.000000 0.000000
    44 -8.717502 -23.842851 -6.665961 2.196137 0.391783 -3.074948
  time 89
    0 0.000000 -0.000006 0.000000 -1.570781 -1.391896 -1.570809
    1 -6.283312 12.536275 -0.523353 1.596636 -1.286515 2.942963
    2 6.028145 0.000003 0.000002 -0.671797 -0.589608 -1.729687
    3 11.692553 0.000081 -0.000005 -0.000051 0.000036 -1.646775
    4 11.481672 -0.000089 -0.000024 2.201219 -0.356725 0.130187
    5 3.859699 -0.142417 -1.191975 -0.470554 -0.028571 -0.604521
    6 1.312563 -0.000008 0.000005 -0.025902 -0.017762 -0.131639
    7 0.729362 -0.000008 0.000001 -0.004747 0.022128 -1.146827
    8 3.942329 0.046753 -0.431444 -0.169026 -0.017653 -0.520280
    9 1.539093 0.000006 -0.000007 0.006681 -0.088141 -0.649834
    10 1.196322 -0.000008 0.000002 0.005338 0.004031 -1.858398
    11 3.883690 -0.046783 0.431443 0.067781 -0.061648 -0.458718
    12 1.719580 -0.000010 0.000009 -0.000551 -0.027002 -0.617972
    13 1.209183 -0.000004 0.000003 -0.000097 0.000335 -1.682184
    14 3.859856 -0.137962 1.332466 0.340565 -0.110640 -0.407069
    15 1.719433 0.000002 -0.000004 0.001162 -0.006326 -0.652430
    16 1.099676 -0.000006 0.000003 -0.001510 0.000916 -1.461308
    17 0.968262 -1.166992 0.660645 -0.836825 -0.820260 -0.893629
    18 1.789782 0.000002 -0.000006 0.106198 0.148682 0.928673
    19 1.206999 -0.000001 -0.000002 -0.019178 0.178546 0.901837
    20 -0.221558 -2.662109 -5.308594 -1.668474 1.286518 2.942953
    21 6.028141 0.000000 -0.000002 1.221905 0.636544 -1.234542
    22 11.692554 0.000000 -0.000003 -0.000002 0.000000 -1.110063
    23 11.481705 -0.000001 -0.000004 -0.875558 0.630739 0.336397
    24 4.003906 -0.205811 0.920898 0.499449 0.024964 -1.213607
    25 1.312565 -0.000004 -0.000002 0.002647 -0.000003 0.000662
    26 0.729366 -0.000004 0.000000 0.000000 0.002328 -1.574072
    27 4.222656 -0.111389 0.298096 0.146084 0.138555 -1.218293
    28 1.539104 0.000000 0.000001 0.021591 0.038691 -0.274898
    29 1.196322 0.000002 -0.000003 0.423005 0.188639 -2.054787
    30 3.883663 -0.050303 -0.431042 -0.048581 0.146519 -0.770215
    31 1.719584 0.000002 0.000006 -0.012269 0.089737 -0.735530
    32 1.209187 0.000004 0.000006 -0.004385 -0.003177 -1.490432
    33 3.859837 -0.148918 -1.331282 -0.321407 0.389554 -0.535029
    34 1.719431 0.000004 0.000013 0.007830 0.063159 -0.159722
    35 1.099665 0.000000 0.000007 -0.007433 -0.004262 -0.357454
    36 0.873535 -0.422119 -1.297852 1.277698 0.356538 -0.669644
    37 1.789785 -0.000006 -0.000010 -0.000498 -0.000088 -0.108780
    38 1.206999 -0.000001 -0.000008 -0.000493 -0.000238 0.720590
    39 -7.279364 -20.498359 -10.111140 1.951785 0.430606 -3.065981
    40 -0.000002 3.287109 -0.573233 0.000000 0.000000 0.000000
    41 0.011717 2.187507 -2.412111 0.258827 0.000000 0.000000
    42 -1.625052 -45.384276 -19.359835 -1.519259 -0.273628 -0.501876
    43 -0.097351 5.335948 -3.376940 0.000000 0.000000 0.000000
    44 -8.826880 -23.342836 -6.544863 2.068583 0.410188 -3.070445
  time 90
    0 0.000000 -0.000006 0.000000 -1.570781 -1.391896 -1.570809
    1 -6.291125 12.551901 -0.515540 1.596636 -1.286515 2.942963
    2 6.028145 0.000003 0.000002 -0.639625 -0.555133 -1.729592
    3 11.692553 0.000081 -0.000005 -0.000051 0.000036 -1.724196
    4 11.481672 -0.000089 -0.000024 2.196196 -0.456001 0.277120
    5 3.859699 -0.142417 -1.191975 -0.470539 -0.028566 -0.604549
    6 1.312563 -0.000008 0.000005 -0.025899 -0.017752 -0.131662
    7 0.729362 -0.000008 0.000001 -0.004745 0.022121 -1.146815
    8 3.942329 0.046753 -0.431444 -0.169026 -0.017653 -0.520280
    9 1.539093 0.000006 -0.000007 0.006673 -0.088141 -0.649797
    10 1.196322 -0.000008 0.000002 0.005334 0.004020 -1.858381
    11 3.883690 -0.046783 0.431443 0.067793 -0.061638 -0.458732
    12 1.719580 -0.000010 0.000009 -0.000549 -0.027000 -0.617965
    13 1.209183 -0.000004 0.000003 -0.000096 0.000347 -1.682156
    14 3.859856 -0.137962 1.332466 0.340573 -0.110632 -0.407083
    15 1.719433 0.000002 -0.000004 0.001159 -0.006324 -0.652423
    16 1.099676 -0.000006 0.000003 -0.001505 0.000917 -1.461282
    17 0.966203 -1.165361 0.661082 -0.836836 -0.820243 -0.893627
    18 1.789782 0.000002 -0.000006 0.106193 0.148670 0.928661
    19 1.206999 -0.000001 -0.000002 -0.019173 0.178546 0.901838
    20 -0.221558 -2.662109 -5.308594 -1.668474 1.286518 2.942953
    21 6.028141 0.000000 -0.000002 1.233536 0.602408 -1.217383
    22 11.692554 0.000000 -0.000003 -0.000002 0.000000 -1.177356
    23 11.481705 -0.000001 -0.000004 -0.867895 0.610737 0.391177
    24 4.003906 -0.205811 0.920898 0.499449 0.024964 -1.213607
    25 1.312565 -0.000004 -0.000002 0.002647 -0.000003 0.000662
    26 0.729366 -0.000004 0.000000 -0.000007 0.002339 -1.574114
    27 4.222656 -0.111389 0.298096 0.146084 0.138555 -1.218293
    28 1.539104 0.000000 0.000001 0.021591 0.038691 -0.274898
    29 1.196322 0.000002 -0.000003 0.423018 0.188641 -2.054833
    30 3.883663 -0.050303 -0.431042 -0.048581 0.146519 -0.770215
    31 1.719584 0.000002 0.000006 -0.012269 0.089737 -0.735530
    32 1.209187 0.000004 0.000006 -0.004385 -0.003177 -1.490430
    33 3.859837 -0.148918 -1.331282 -0.321407 0.389554 -0.535029
    34 1.719431 0.000004 0.000013 0.007830 0.063159 -0.159722
    35 1.099665 0.000000 0.000007 -0.007433 -0.004262 -0.357454
    36 0.873535 -0.422119 -1.297852 1.277698 0.356538 -0.669644
    37 1.789785 -0.000006 -0.000010 -0.000498 -0.000088 -0.108780
    38 1.206999 -0.000001 -0.000008 -0.000493 -0.000238 0.720590
    39 -7.361398 -20.127254 -10.115046 1.924390 0.435440 -3.067256
    40 -0.000002 3.287109 -0.573233 0.000000 0.000000 0.000000
    41 0.007811 2.179694 -2.369141 0.191721 0.000000 0.000000
    42 -1.628959 -45.774913 -20.066888 -1.395219 -0.273628 -0.501876
    43 -0.097351 5.335948 -3.376940 0.000000 0.000000 0.000000
    44 -8.897195 -23.030327 -6.451110 1.957706 0.429340 -3.068242
  time 91
    0 0.000000 -0.000006 0.000000 -1.570781 -1.391896 -1.570809
    1 -6.298937 12.567526 -0.507727 1.596636 -1.286515 2.942963
    2 6.028145 0.000003 0.000002 -0.623180 -0.542923 -1.733885
    3 11.692553 0.000081 -0.000005 -0.000051 0.000036 -1.752037
    4 11.481672 -0.000089 -0.000024 2.190649 -0.500682 0.347713
    5 3.859699 -0.142417 -1.191975 -0.470539 -0.028566 -0.604549
    6 1.312563 -0.000008 0.000005 -0.025899 -0.017752 -0.131662
    7 0.729362 -0.000008 0.000001 -0.004745 0.022121 -1.146815
    8 3.942329 0.046753 -0.431444 -0.169026 -0.017653 -0.520280
    9 1.539093 0.000006 -0.000007 0.006673 -0.088141 -0.649797
    10 1.196322 -0.000008 0.000002 0.005334 0.004020 -1.858381
    11 3.883690 -0.046783 0.431443 0.067793 -0.061638 -0.458732
    12 1.719580 -0.000010 0.000009 -0.000549 -0.027000 -0.617965
    13 1.209183 -0.000004 0.000003 -0.000096 0.000347 -1.682156
    14 3.859856 -0.137962 1.332466 0.340573 -0.110632 -0.407083
    15 1.719433 0.000002 -0.000004 0.001159 -0.006324 -0.652423
    16 1.099676 -0.000006 0.000003 -0.001505 0.000917 -1.461282
    17 0.966203 -1.165361 0.661082 -0.836836 -0.820243 -0.893627
    18 1.789782 0.000002 -0.000006 0.106193 0.148670 0.928661
    19 1.206999 -0.000001 -0.000002 -0.019173 0.178546 0.901838
    20 -0.221558 -2.662109 -5.308594 -1.668474 1.286518 2.942953
    21 6.028141 0.000000 -0.000002 1.241545 0.588245 -1.207998
    22 11.692554 0.000000 -0.000003 -0.000002 0.000000 -1.208996
    23 11.481705 -0.000001 -0.000004 -0.858603 0.592664 0.425623
    24 4.003906 -0.205811 0.920898 0.499449 0.024964 -1.213607
    25 1.312565 -0.000004 -0.000002 0.002647 -0.000003 0.000662
    26 0.729366 -0.000004 0.000000 -0.000007 0.002339 -1.574114
    27 4.222656 -0.111389 0.298096 0.146084 0.138555 -1.218293
    28 1.539104 0.000000 0.000001 0.021591 0.038691 -0.274898
    29 1.196322 0.000002 -0.000003 0.423018 0.188641 -2.054833
    30 3.883663 -0.050303 -0.431042 -0.048581 0.146519 -0.770215
    31 1.719584 0.000002 0.000006 -0.012269 0.089737 -0.735530
    32 1.209187 0.000004 0.000006 -0.004385 -0.003177 -1.490430
    33 3.859837 -0.148918 -1.331282 -0.321407 0.389554 -0.535029
    34 1.719431 0.000004 0.000013 0.007830 0.063159 -0.159722
    35 1.099665 0.000000 0.000007 -0.007433 -0.004262 -0.357454
    36 0.873535 -0.422119 -1.297852 1.277698 0.356538 -0.669644
    37 1.789785 -0.000006 -0.000010 -0.000498 -0.000088 -0.108780
    38 1.206999 -0.000001 -0.000008 -0.000493 -0.000238 0.720590
    39 -7.419993 -19.974905 -10.118952 1.904340 0.442775 -3.068010
    40 -0.000002 3.287109 -0.573233 0.000000 0.000000 0.000000
    41 -0.000002 2.164068 -2.287107 0.067094 0.000000 0.000000
    42 -1.640678 -46.056172 -20.664562 -1.303553 -0.273628 -0.501876
    43 -0.097351 5.335948 -3.376940 0.000000 0.000000 0.000000
    44 -8.947977 -22.956106 -6.435485 1.904332 0.442751 -3.068050
  time 92
    0 0.000000 -0.000006 0.000000 -1.570781 -1.391896 -1.570809
    1 -6.310657 12.583152 -0.499914 1.596636 -1.286515 2.942963
    2 6.028145 0.000003 0.000002 -0.621264 -0.541498 -1.735030
    3 11.692553 0.000081 -0.000005 -0.000051 0.000036 -1.753210
    4 11.481672 -0.000089 -0.000024 2.191024 -0.507785 0.364637
    5 3.859699 -0.142417 -1.191975 -0.470539 -0.028566 -0.604549
    6 1.312563 -0.000008 0.000005 -0.025899 -0.017752 -0.131662
    7 0.729362 -0.000008 0.000001 -0.004745 0.022121 -1.146815
    8 3.942329 0.046753 -0.431444 -0.169026 -0.017653 -0.520280
    9 1.539093 0.000006 -0.000007 0.006673 -0.088141 -0.649797
    10 1.196322 -0.000008 0.000002 0.005334 0.004020 -1.858381
    11 3.883690 -0.046783 0.431443 0.067793 -0.061638 -0.458732
    12 1.719580 -0.000010 0.000009 -0.000549 -0.027000 -0.617965
    13 1.209183 -0.000004 0.000003 -0.000096 0.000347 -1.682156
    14 3.859856 -0.137962 1.332466 0.340573 -0.110632 -0.407083
    15 1.719433 0.000002 -0.000004 0.001159 -0.006324 -0.652423
    16 1.099676 -0.000006 0.000003 -0.001505 0.000917 -1.461282
    17 0.966203 -1.165361 0.661082 -0.836836 -0.820243 -0.893627
    18 1.789782 0.000002 -0.000006 0.106193 0.148670 0.928661
    19 1.206999 -0.000001 -0.000002 -0.019173 0.178546 0.901838
    20 -0.221558 -2.662109 -5.308594 -1.668474 1.286518 2.942953
    21 6.028141 0.000000 -0.000002 1.246122 0.588245 -1.204585
    22 11.692554 0.000000 -0.000003 -0.000002 0.000000 -1.215855
    23 11.481705 -0.000001 -0.000004 -0.848044 0.577107 0.445697
    24 4.003906 -0.205811 0.920898 0.499449 0.024964 -1.213607
    25 1.312565 -0.000004 -0.000002 0.002647 -0.000003 0.000662
    26 0.729366 -0.000004 0.000000 -0.000007 0.002339 -1.574114
    27 4.222656 -0.111389 0.298096 0.146084 0.138555 -1.218293
    28 1.539104 0.000000 0.000001 0.021591 0.038691 -0.274898
    29 1.196322 0.000002 -0.000003 0.423018 0.188641 -2.054833
    30 3.883663 -0.050303 -0.431042 -0.048581 0.146519 -0.770215
    31 1.719584 0.000002 0.000006 -0.012269 0.089737 -0.735530
    32 1.209187 0.000004 0.000006 -0.004385 -0.003177 -1.490430
    33 3.859837 -0.148918 -1.331282 -0.321407 0.389554 -0.535029
    34 1.719431 0.000004 0.000013 0.007830 0.063159 -0.159722
    35 1.099665 0.000000 0.000007 -0.007433 -0.004262 -0.357454
    36 0.873535 -0.422119 -1.297852 1.277698 0.356538 -0.669644
    37 1.789785 -0.000006 -0.000010 -0.000498 -0.000088 -0.108780
    38 1.206999 -0.000001 -0.000008 -0.000493 -0.000238 0.720590
    39 -7.443431 -19.974905 -10.122859 1.890165 0.452026 -3.068010
    40 -0.000002 3.287109 -0.573233 0.000000 0.000000 0.000000
    41 -0.000002 2.156256 -2.244137 0.000000 0.000000 0.000000
    42 -1.668023 -46.231958 -21.078637 -1.246709 -0.273628 -0.501876
    43 -0.097351 5.335948 -3.376940 0.000000 0.000000 0.000000
    44 -8.983135 -23.018607 -6.490174 1.890217 0.452033 -3.068050
  time 93
    0 0.000000 -0.000006 0.000000 -1.570781 -1.391896 -1.570809
    1 -6.318469 12.594871 -0.488195 1.596636 -1.286515 2.942963
    2 6.028145 0.000003 0.000002 -0.622780 -0.541010 -1.733885
    3 11.692553 0.000081 -0.000005 -0.000051 0.000036 -1.757433
    4 11.481672 -0.000089 -0.000024 2.193273 -0.508994 0.380595
    5 3.859699 -0.142417 -1.191975 -0.470539 -0.028566 -0.604549
    6 1.312563 -0.000008 0.000005 -0.025899 -0.017752 -0.131662
    7 0.729362 -0.000008 0.000001 -0.004745 0.022121 -1.146815
    8 3.942329 0.046753 -0.431444 -0.169026 -0.017653 -0.520280
    9 1.539093 0.000006 -0.000007 0.006673 -0.088141 -0.649797
    10 1.196322 -0.000008 0.000002 0.005334 0.004020 -1.858381
    11 3.883690 -0.046783 0.431443 0.067793 -0.061638 -0.458732
    12 1.719580 -0.000010 0.000009 -0.000549 -0.027000 -0.617965
    13 1.209183 -0.000004 0.000003 -0.000096 0.000347 -1.682156
    14 3.859856 -0.137962 1.332466 0.340573 -0.110632 -0.407083
    15 1.719433 0.000002 -0.000004 0.001159 -0.006324 -0.652423
    16 1.099676 -0.000006 0.000003 -0.001505 0.000917 -1.461282
    17 0.966203 -1.165361 0.661082 -0.836836 -0.820243 -0.893627
    18 1.789782 0.000002 -0.000006 0.106193 0.148670 0.928661
    19 1.206999 -0.000001 -0.000002 -0.019173 0.178546 0.901838
    20 -0.221558 -2.662109 -5.308594 -1.668474 1.286518 2.942953
    21 6.028141 0.000000 -0.000002 1.246598 0.589637 -1.204585
    22 11.692554 0.000000 -0.000003 -0.000002 0.000000 -1.218249
    23 11.481705 -0.000001 -0.000004 -0.836459 0.567018 0.459883
    24 4.003906 -0.205811 0.920898 0.499449 0.024964 -1.213607
    25 1.312565 -0.000004 -0.000002 0.002647 -0.000003 0.000662
    26 0.729366 -0.000004 0.000000 -0.000007 0.002339 -1.574114
    27 4.222656 -0.111389 0.298096 0.146084 0.138555 -1.218293
    28 1.539104 0.000000 0.000001 0.021591 0.038691 -0.274898
    29 1.196322 0.000002 -0.000003 0.423018 0.188641 -2.054833
    30 3.883663 -0.050303 -0.431042 -0.048581 0.146519 -0.770215
    31 1.719584 0.000002 0.000006 -0.012269 0.089737 -0.735530
    32 1.209187 0.000004 0.000006 -0.004385 -0.003177 -1.490430
    33 3.859837 -0.148918 -1.331282 -0.321407 0.389554 -0.535029
    34 1.719431 0.000004 0.000013 0.007830 0.063159 -0.159722
    35 1.099665 0.000000 0.000007 -0.007433 -0.004262 -0.357454
    36 0.873535 -0.422119 -1.297852 1.277698 0.356538 -0.669644
    37 1.789785 -0.000006 -0.000010 -0.000498 -0.000088 -0.108780
    38 1.206999 -0.000001 -0.000008 -0.000493 -0.000238 0.720590
    39 -7.412180 -19.986625 -10.122859 1.881058 0.462653 -3.067546
    40 -0.000002 3.287109 -0.573233 0.000000 0.000000 0.000000
    41 -0.000002 2.156256 -2.244137 0.000000 0.000000 0.000000
    42 -1.710993 -46.290554 -21.230986 -1.227228 -0.273628 -0.501876
    43 -0.097351 5.335948 -3.376940 0.000000 0.000000 0.000000
    44 -8.975322 -23.065484 -6.533144 1.881016 0.462651 -3.067571
  time 94
    0 0.000000 -0.000006 0.000000 -1.570781 -1.391896 -1.570809
    1 -6.326282 12.610496 -0.480383 1.596636 -1.286515 2.942963
    2 6.028145 0.000003 0.000002 -0.627650 -0.541417 -1.730641
    3 11.692553 0.000081 -0.000005 -0.000051 0.000036 -1.764237
    4 11.481672 -0.000089 -0.000024 2.196796 -0.505014 0.395541
    5 3.859699 -0.142417 -1.191975 -0.470539 -0.028566 -0.604549
    6 1.312563 -0.000008 0.000005 -0.025899 -0.017752 -0.131662
    7 0.729362 -0.000008 0.000001 -0.004745 0.022121 -1.146815
    8 3.942329 0.046753 -0.431444 -0.169026 -0.017653 -0.520280
    9 1.539093 0.000006 -0.000007 0.006673 -0.088141 -0.649797
    10 1.196322 -0.000008 0.000002 0.005334 0.004020 -1.858381
    11 3.883690 -0.046783 0.431443 0.067793 -0.061638 -0.458732
    12 1.719580 -0.000010 0.000009 -0.000549 -0.027000 -0.617965
    13 1.209183 -0.000004 0.000003 -0.000096 0.000347 -1.682156
    14 3.859856 -0.137962 1.332466 0.340573 -0.110632 -0.407083
    15 1.719433 0.000002 -0.000004 0.001159 -0.006324 -0.652423
    16 1.099676 -0.000006 0.000003 -0.001505 0.000917 -1.461282
    17 0.966203 -1.165361 0.661082 -0.836836 -0.820243 -0.893627
    18 1.789782 0.000002 -0.000006 0.106193 0.148670 0.928661
    19 1.206999 -0.000001 -0.000002 -0.019173 0.178546 0.901838
    20 -0.221558 -2.662109 -5.308594 -1.668474 1.286518 2.942953
    21 6.028141 0.000000 -0.000002 1.243071 0.592462 -1.207903
    22 11.692554 0.000000 -0.000003 -0.000002 0.000000 -1.216566
    23 11.481705 -0.000001 -0.000004 -0.824090 0.562163 0.469105
    24 4.003906 -0.205811 0.920898 0.499449 0.024964 -1.213607
    25 1.312565 -0.000004 -0.000002 0.002647 -0.000003 0.000662
    26 0.729366 -0.000004 0.000000 -0.000007 0.002339 -1.574114
    27 4.222656 -0.111389 0.298096 0.146084 0.138555 -1.218293
    28 1.539104 0.000000 0.000001 0.021591 0.038691 -0.274898
    29 1.196322 0.000002 -0.000003 0.423018 0.188641 -2.054833
    30 3.883663 -0.050303 -0.431042 -0.048581 0.146519 -0.770215
    31 1.719584 0.000002 0.000006 -0.012269 0.089737 -0.735530
    32 1.209187 0.000004 0.000006 -0.004385 -0.003177 -1.490430
    33 3.859837 -0.148918 -1.331282 -0.321407 0.389554 -0.535029
    34 1.719431 0.000004 0.000013 0.007830 0.063159 -0.159722
    35 1.099665 0.000000 0.000007 -0.007433 -0.004262 -0.357454
    36 0.873535 -0.422119 -1.297852 1.277698 0.356538 -0.669644
    37 1.789785 -0.000006 -0.000010 -0.000498 -0.000088 -0.108780
    38 1.206999 -0.000001 -0.000008 -0.000493 -0.000238 0.720590
    39 -7.337959 -20.002250 -10.118952 1.875991 0.474155 -3.066792
    40 -0.000002 3.287109 -0.573233 0.000000 0.000000 0.000000
    41 -0.000002 2.156256 -2.244137 0.000000 0.000000 0.000000
    42 -1.898498 -46.071797 -20.887225 -1.338939 -0.273628 -0.501876
    43 -0.097351 5.335948 -3.376940 0.000000 0.000000 0.000000
    44 -8.928445 -23.104548 -6.564395 1.876050 0.474135 -3.066805
  time 95
    0 0.000000 -0.000006 0.000000 -1.570781 -1.391896 -1.570809
    1 -6.334095 12.626122 -0.472570 1.596636 -1.286515 2.942963
    2 6.028145 0.000003 0.000002 -0.634755 -0.542678 -1.726157
    3 11.692553 0.000081 -0.000005 -0.000051 0.000036 -1.772213
    4 11.481672 -0.000089 -0.000024 2.201369 -0.496975 0.408832
    5 3.859699 -0.142417 -1.191975 -0.470539 -0.028566 -0.604549
    6 1.312563 -0.000008 0.000005 -0.025899 -0.017752 -0.131662
    7 0.729362 -0.000008 0.000001 -0.004745 0.022121 -1.146815
    8 3.942329 0.046753 -0.431444 -0.169026 -0.017653 -0.520280
    9 1.539093 0.000006 -0.000007 0.006673 -0.088141 -0.649797
    10 1.196322 -0.000008 0.000002 0.005334 0.004020 -1.858381
    11 3.883690 -0.046783 0.431443 0.067793 -0.061638 -0.458732
    12 1.719580 -0.000010 0.000009 -0.000549 -0.027000 -0.617965
    13 1.209183 -0.000004 0.000003 -0.000096 0.000347 -1.682156
    14 3.859856 -0.137962 1.332466 0.340573 -0.110632 -0.407083
    15 1.719433 0.000002 -0.000004 0.001159 -0.006324 -0.652423
    16 1.099676 -0.000006 0.000003 -0.001505 0.000917 -1.461282
    17 0.966203 -1.165361 0.661082 -0.836836 -0.820243 -0.893627
    18 1.789782 0.000002 -0.000006 0.106193 0.148670 0.928661
    19 1.206999 -0.000001 -0.000002 -0.019173 0.178546 0.901838
    20 -0.221558 -2.662109 -5.308594 -1.668474 1.286518 2.942953
    21 6.028141 0.000000 -0.000002 1.236778 0.596441 -1.213496
    22 11.692554 0.000000 -0.000003 -0.000002 0.000000 -1.211325
    23 11.481705 -0.000001 -0.000004 -0.811359 0.561462 0.473957
    24 4.003906 -0.205811 0.920898 0.499449 0.024964 -1.213607
    25 1.312565 -0.000004 -0.000002 0.002647 -0.000003 0.000662
    26 0.729366 -0.000004 0.000000 -0.000007 0.002339 -1.574114
    27 4.222656 -0.111389 0.298096 0.146084 0.138555 -1.218293
    28 1.539104 0.000000 0.000001 0.021591 0.038691 -0.274898
    29 1.196322 0.000002 -0.000003 0.423018 0.188641 -2.054833
    30 3.883663 -0.050303 -0.431042 -0.048581 0.146519 -0.770215
    31 1.719584 0.000002 0.000006 -0.012269 0.089737 -0.735530
    32 1.209187 0.000004 0.000006 -0.004385 -0.003177 -1.490430
    33 3.859837 -0.148918 -1.331282 -0.321407 0.389554 -0.535029
    34 1.719431 0.000004 0.000013 0.007830 0.063159 -0.159722
    35 1.099665 0.000000 0.000007 -0.007433 -0.004262 -0.357454
    36 0.873535 -0.422119 -1.297852 1.277698 0.356538 -0.669644
    37 1.789785 -0.000006 -0.000010 -0.000498 -0.000088 -0.108780
    38 1.206999 -0.000001 -0.000008 -0.000493 -0.000238 0.720590
    39 -7.228581 -20.025688 -10.118952 1.874595 0.485865 -3.065865
    40 -0.000002 3.287109 -0.573233 0.000000 0.000000 0.000000
    41 -0.000002 2.156256 -2.244137 0.000000 0.000000 0.000000
    42 -2.316480 -45.466310 -19.937978 -1.647722 -0.273628 -0.501876
    43 -0.097351 5.335948 -3.376940 0.000000 0.000000 0.000000
    44 -8.858131 -23.139705 -6.587833 1.874586 0.485894 -3.065847
  time 96
    0 0.000000 -0.000006 0.000000 -1.570781 -1.391896 -1.570809
    1 -6.345814 12.637841 -0.464757 1.596636 -1.286515 2.942963
    2 6.028145 0.000003 0.000002 -0.643297 -0.544795 -1.721387
    3 11.692553 0.000081 -0.000005 -0.000051 0.000036 -1.780034
    4 11.481672 -0.000089 -0.000024 2.206617 -0.485853 0.419777
    5 3.859699 -0.142417 -1.191975 -0.470539 -0.028566 -0.604549
    6 1.312563 -0.000008 0.000005 -0.025899 -0.017752 -0.131662
    7 0.729362 -0.000008 0.000001 -0.004745 0.022121 -1.146815
    8 3.942329 0.046753 -0.431444 -0.169026 -0.017653 -0.520280
    9 1.539093 0.000006 -0.000007 0.006673 -0.088141 -0.649797
    10 1.196322 -0.000008 0.000002 0.005334 0.004020 -1.858381
    11 3.883690 -0.046783 0.431443 0.067793 -0.061638 -0.458732
    12 1.719580 -0.000010 0.000009 -0.000549 -0.027000 -0.617965
    13 1.209183 -0.000004 0.000003 -0.000096 0.000347 -1.682156
    14 3.859856 -0.137962 1.332466 0.340573 -0.110632 -0.407083
    15 1.719433 0.000002 -0.000004 0.001159 -0.006324 -0.652423
    16 1.099676 -0.000006 0.000003 -0.001505 0.000917 -1.461282
    17 0.966203 -1.165361 0.661082 -0.836836 -0.820243 -0.893627
    18 1.789782 0.000002 -0.000006 0.106193 0.148670 0.928661
    19 1.206999 -0.000001 -0.000002 -0.019173 0.178546 0.901838
    20 -0.221558 -2.662109 -5.308594 -1.668474 1.286518 2.942953
    21 6.028141 0.000000 -0.000002 1.228674 0.601573 -1.220796
    22 11.692554 0.000000 -0.000003 -0.000002 0.000000 -1.202849
    23 11.481705 -0.000001 -0.000004 -0.798869 0.563918 0.474735
    24 4.003906 -0.205811 0.920898 0.499449 0.024964 -1.213607
    25 1.312565 -0.000004 -0.000002 0.002647 -0.000003 0.000662
    26 0.729366 -0.000004 0.000000 -0.000007 0.002339 -1.574114
    27 4.222656 -0.111389 0.298096 0.146084 0.138555 -1.218293
    28 1.539104 0.000000 0.000001 0.021591 0.038691 -0.274898
    29 1.196322 0.000002 -0.000003 0.423018 0.188641 -2.054833
    30 3.883663 -0.050303 -0.431042 -0.048581 0.146519 -0.770215
    31 1.719584 0.000002 0.000006 -0.012269 0.089737 -0.735530
    32 1.209187 0.000004 0.000006 -0.004385 -0.003177 -1.490430
    33 3.859837 -0.148918 -1.331282 -0.321407 0.389554 -0.535029
    34 1.719431 0.000004 0.000013 0.007830 0.063159 -0.159722
    35 1.099665 0.000000 0.000007 -0.007433 -0.004262 -0.357454
    36 0.873535 -0.422119 -1.297852 1.277698 0.356538 -0.669644
    37 1.789785 -0.000006 -0.000010 -0.000498 -0.000088 -0.108780
    38 1.206999 -0.000001 -0.000008 -0.000493 -0.000238 0.720590
    39 -7.103577 -20.056939 -10.118952 1.876138 0.497325 -3.064763
    40 -0.000002 3.287109 -0.573233 0.000000 0.000000 0.000000
    41 -0.000002 2.156256 -2.244137 0.000000 0.000000 0.000000
    42 -2.918061 -44.548313 -18.504340 -2.114144 -0.273628 -0.501876
    43 -0.097351 5.335948 -3.376940 0.000000 0.000000 0.000000
    44 -8.772191 -23.170956 -6.607365 1.876155 0.497338 -3.064793
  time 97
    0 0.000000 -0.000006 0.000000 -1.570781 -1.391896 -1.570809
    1 -6.353627 12.649560 -0.453038 1.596636 -1.286515 2.942963
    2 6.028145 0.000003 0.000002 -0.652079 -0.547847 -1.717094
    3 11.692553 0.000081 -0.000005 -0.000051 0.000036 -1.786133
    4 11.481672 -0.000089 -0.000024 2.212239 -0.472820 0.427595
    5 3.859699 -0.142417 -1.191975 -0.470539 -0.028566 -0.604549
    6 1.312563 -0.000008 0.000005 -0.025899 -0.017752 -0.131662
    7 0.729362 -0.000008 0.000001 -0.004745 0.022121 -1.146815
    8 3.942329 0.046753 -0.431444 -0.169026 -0.017653 -0.520280
    9 1.539093 0.000006 -0.000007 0.006673 -0.088141 -0.649797
    10 1.196322 -0.000008 0.000002 0.005334 0.004020 -1.858381
    11 3.883690 -0.046783 0.431443 0.067793 -0.061638 -0.458732
    12 1.719580 -0.000010 0.000009 -0.000549 -0.027000 -0.617965
    13 1.209183 -0.000004 0.000003 -0.000096 0.000347 -1.682156
    14 3.859856 -0.137962 1.332466 0.340573 -0.110632 -0.407083
    15 1.719433 0.000002 -0.000004 0.001159 -0.006324 -0.652423
    16 1.099676 -0.000006 0.000003 -0.001505 0.000917 -1.461282
    17 0.966203 -1.165361 0.661082 -0.836836 -0.820243 -0.893627
    18 1.789782 0.000002 -0.000006 0.106193 0.148670 0.928661
    19 1.206999 -0.000001 -0.000002 -0.019173 0.178546 0.901838
    20 -0.221558 -2.662109 -5.308594 -1.668474 1.286518 2.942953
    21 6.028141 0.000000 -0.000002 1.219902 0.607700 -1.228949
    22 11.692554 0.000000 -0.000003 -0.000002 0.000000 -1.191332
    23 11.481705 -0.000001 -0.000004 -0.787224 0.568597 0.471661
    24 4.003906 -0.205811 0.920898 0.499449 0.024964 -1.213607
    25 1.312565 -0.000004 -0.000002 0.002647 -0.000003 0.000662
    26 0.729366 -0.000004 0.000000 -0.000007 0.002339 -1.574114
    27 4.222656 -0.111389 0.298096 0.146084 0.138555 -1.218293
    28 1.539104 0.000000 0.000001 0.021591 0.038691 -0.274898
    29 1.196322 0.000002 -0.000003 0.423018 0.188641 -2.054833
    30 3.883663 -0.050303 -0.431042 -0.048581 0.146519 -0.770215
    31 1.719584 0.000002 0.000006 -0.012269 0.089737 -0.735530
    32 1.209187 0.000004 0.000006 -0.004385 -0.003177 -1.490430
    33 3.859837 -0.148918 -1.331282 -0.321407 0.389554 -0.535029
    34 1.719431 0.000004 0.000013 0.007830 0.063159 -0.159722
    35 1.099665 0.000000 0.000007 -0.007433 -0.004262 -0.357454
    36 0.873535 -0.422119 -1.297852 1.277698 0.356538 -0.669644
    37 1.789785 -0.000006 -0.000010 -0.000498 -0.000088 -0.108780
    38 1.206999 -0.000001 -0.000008 -0.000493 -0.000238 0.720590
    39 -6.974667 -20.103816 -10.118952 1.880324 0.507951 -3.063603
    40 -0.000002 3.287109 -0.573233 0.000000 0.000000 0.000000
    41 -0.000002 2.156256 -2.244137 0.000000 0.000000 0.000000
    42 -3.652458 -43.403747 -16.703504 -2.698866 -0.273628 -0.501876
    43 -0.097351 5.335948 -3.376940 0.000000 0.000000 0.000000
    44 -8.686251 -23.206113 -6.615178 1.880337 0.507957 -3.063644
  time 98
    0 0.000000 -0.000006 0.000000 -1.570781 -1.391896 -1.570809
    1 -6.361439 12.665185 -0.445225 1.596636 -1.286515 2.942963
    2 6.028145 0.000003 0.000002 -0.660142 -0.551877 -1.714231
    3 11.692553 0.000081 -0.000005 -0.000051 0.000036 -1.789105
    4 11.481672 -0.000089 -0.000024 2.217787 -0.458810 0.431550
    5 3.859699 -0.142417 -1.191975 -0.470539 -0.028566 -0.604549
    6 1.312563 -0.000008 0.000005 -0.025899 -0.017752 -0.131662
    7 0.729362 -0.000008 0.000001 -0.004745 0.022121 -1.146815
    8 3.942329 0.046753 -0.431444 -0.169026 -0.017653 -0.520280
    9 1.539093 0.000006 -0.000007 0.006673 -0.088141 -0.649797
    10 1.196322 -0.000008 0.000002 0.005334 0.004020 -1.858381
    11 3.883690 -0.046783 0.431443 0.067793 -0.061638 -0.458732
    12 1.719580 -0.000010 0.000009 -0.000549 -0.027000 -0.617965
    13 1.209183 -0.000004 0.000003 -0.000096 0.000347 -1.682156
    14 3.859856 -0.137962 1.332466 0.340573 -0.110632 -0.407083
    15 1.719433 0.000002 -0.000004 0.001159 -0.006324 -0.652423
    16 1.099676 -0.000006 0.000003 -0.001505 0.000917 -1.461282
    17 0.966203 -1.165361 0.661082 -0.836836 -0.820243 -0.893627
    18 1.789782 0.000002 -0.000006 0.106193 0.148670 0.928661
    19 1.206999 -0.000001 -0.000002 -0.019173 0.178546 0.901838
    20 -0.221558 -2.662109 -5.308594 -1.668474 1.286518 2.942953
    21 6.028141 0.000000 -0.000002 1.211608 0.614981 -1.237102
    22 11.692554 0.000000 -0.000003 -0.000002 0.000000 -1.176967
    23 11.481705 -0.000001 -0.000004 -0.777027 0.574533 0.464846
    24 4.003906 -0.205811 0.920898 0.499449 0.024964 -1.213607
    25 1.312565 -0.000004 -0.000002 0.002647 -0.000003 0.000662
    26 0.729366 -0.000004 0.000000 -0.000007 0.002339 -1.574114
    27 4.222656 -0.111389 0.298096 0.146084 0.138555 -1.218293
    28 1.539104 0.000000 0.000001 0.021591 0.038691 -0.274898
    29 1.196322 0.000002 -0.000003 0.423018 0.188641 -2.054833
    30 3.883663 -0.050303 -0.431042 -0.048581 0.146519 -0.770215
    31 1.719584 0.000002 0.000006 -0.012269 0.089737 -0.735530
    32 1.209187 0.000004 0.000006 -0.004385 -0.003177 -1.490430
    33 3.859837 -0.148918 -1.331282 -0.321407 0.389554 -0.535029
    34 1.719431 0.000004 0.000013 0.007830 0.063159 -0.159722
    35 1.099665 0.000000 0.000007 -0.007433 -0.004262 -0.357454
    36 0.873535 -0.422119 -1.297852 1.277698 0.356538 -0.669644
    37 1.789785 -0.000006 -0.000010 -0.000498 -0.000088 -0.108780
    38 1.206999 -0.000001 -0.000008 -0.000493 -0.000238 0.720590
    39 -6.869195 -20.166318 -10.115046 1.886567 0.517203 -3.062443
    40 -0.000002 3.287109 -0.573233 0.000000 0.000000 0.000000
    41 -0.000002 2.156256 -2.244137 0.000000 0.000000 0.000000
    42 -4.476702 -42.099020 -14.664379 2.920595 -0.273628 -0.501876
    43 -0.097351 5.335948 -3.376940 0.000000 0.000000 0.000000
    44 -8.615936 -23.249083 -6.615178 1.886610 0.517199 -3.062494
  time 99
    0 0.000000 -0.000006 0.000000 -1.570781 -1.391896 -1.570809
    1 -6.373158 12.676905 -0.437413 1.596636 -1.286515 2.942963
    2 6.028145 0.000003 0.000002 -0.666528 -0.557128 -1.713850
    3 11.692553 0.000081 -0.000005 -0.000051 0.000036 -1.787385
    4 11.481672 -0.000089 -0.000024 2.223109 -0.444801 0.430768
    5 3.859699 -0.142417 -1.191975 -0.470539 -0.028566 -0.604549
    6 1.312563 -0.000008 0.000005 -0.025899 -0.017752 -0.131662
    7 0.729362 -0.000008 0.000001 -0.004745 0.022121 -1.146815
    8 3.942329 0.046753 -0.431444 -0.169026 -0.017653 -0.520280
    9 1.539093 0.000006 -0.000007 0.006673 -0.088141 -0.649797
    10 1.196322 -0.000008 0.000002 0.005334 0.004020 -1.858381
    11 3.883690 -0.046783 0.431443 0.067793 -0.061638 -0.458732
    12 1.719580 -0.000010 0.000009 -0.000549 -0.027000 -0.617965
    13 1.209183 -0.000004 0.000003 -0.000096 0.000347 -1.682156
    14 3.859856 -0.137962 1.332466 0.340573 -0.110632 -0.407083
    15 1.719433 0.000002 -0.000004 0.001159 -0.006324 -0.652423
    16 1.099676 -0.000006 0.000003 -0.001505 0.000917 -1.461282
    17 0.966203 -1.165361 0.661082 -0.836836 -0.820243 -0.893627
    18 1.789782 0.000002 -0.000006 0.106193 0.148670 0.928661
    19 1.206999 -0.000001 -0.000002 -0.019173 0.178546 0.901838
    20 -0.221558 -2.662109 -5.308594 -1.668474 1.286518 2.942953
    21 6.028141 0.000000 -0.000002 1.204743 0.623734 -1.244591
    22 11.692554 0.000000 -0.000003 -0.000002 0.000000 -1.159238
    23 11.481705 -0.000001 -0.000004 -0.769063 0.580704 0.454142
    24 4.003906 -0.205811 0.920898 0.499449 0.024964 -1.213607
    25 1.312565 -0.000004 -0.000002 0.002647 -0.000003 0.000662
    26 0.729366 -0.000004 0.000000 -0.000007 0.002339 -1.574114
    27 4.222656 -0.111389 0.298096 0.146084 0.138555 -1.218293
    28 1.539104 0.000000 0.000001 0.021591 0.038691 -0.274898
    29 1.196322 0.000002 -0.000003 0.423018 0.188641 -2.054833
    30 3.883663 -0.050303 -0.431042 -0.048581 0.146519 -0.770215
    31 1.719584 0.000002 0.000006 -0.012269 0.089737 -0.735530
    32 1.209187 0.000004 0.000006 -0.004385 -0.003177 -1.490430
    33 3.859837 -0.148918 -1.331282 -0.321407 0.389554 -0.535029
    34 1.719431 0.000004 0.000013 0.007830 0.063159 -0.159722
    35 1.099665 0.000000 0.000007 -0.007433 -0.004262 -0.357454
    36 0.873535 -0.422119 -1.297852 1.277698 0.356538 -0.669644
    37 1.789785 -0.000006 -0.000010 -0.000498 -0.000088 -0.108780
    38 1.206999 -0.000001 -0.000008 -0.000493 -0.000238 0.720590
    39 -6.791068 -20.252258 -10.115046 1.894572 0.524454 -3.061342
    40 -0.000002 3.287109 -0.573233 0.000000 0.000000 0.000000
    41 -0.000002 2.156256 -2.244137 0.000000 0.000000 0.000000
    42 -5.343916 -40.720071 -12.500251 2.217668 -0.273628 -0.501876
    43 -0.097351 5.335948 -3.376940 0.000000 0.000000 0.000000
    44 -8.576872 -23.307679 -6.607365 1.894556 0.524435 -3.061345
  time 100
    0 0.000000 -0.000006 0.000000 -1.570781 -1.391896 -1.570809
    1 -6.380971 12.688624 -0.429600 1.596636 -1.286515 2.942963
    2 6.028145 0.000003 0.000002 -0.670280 -0.563762 -1.716807
    3 11.692553 0.000081 -0.000005 -0.000051 0.000036 -1.779095
    4 11.481672 -0.000089 -0.000024 2.227682 -0.431767 0.424284
    5 3.859699 -0.142417 -1.191975 -0.470539 -0.028566 -0.604549
    6 1.312563 -0.000008 0.000005 -0.025899 -0.017752 -0.131662
    7 0.729362 -0.000008 0.000001 -0.004745 0.022121 -1.146815
    8 3.942329 0.046753 -0.431444 -0.169026 -0.017653 -0.520280
    9 1.539093 0.000006 -0.000007 0.006673 -0.088141 -0.649797
    10 1.196322 -0.000008 0.000002 0.005334 0.004020 -1.858381
    11 3.883690 -0.046783 0.431443 0.067793 -0.061638 -0.458732
    12 1.719580 -0.000010 0.000009 -0.000549 -0.027000 -0.617965
    13 1.209183 -0.000004 0.000003 -0.000096 0.000347 -1.682156
    14 3.859856 -0.137962 1.332466 0.340573 -0.110632 -0.407083
    15 1.719433 0.000002 -0.000004 0.001159 -0.006324 -0.652423
    16 1.099676 -0.000006 0.000003 -0.001505 0.000917 -1.461282
    17 0.966203 -1.165361 0.661082 -0.836836 -0.820243 -0.893627
    18 1.789782 0.000002 -0.000006 0.106193 0.148670 0.928661
    19 1.206999 -0.000001 -0.000002 -0.019173 0.178546 0.901838
    20 -0.221558 -2.662109 -5.308594 -1.668474 1.286518 2.942953
    21 6.028141 0.000000 -0.000002 1.200548 0.634157 -1.250659
    22 11.692554 0.000000 -0.000003 -0.000002 0.000000 -1.138274
    23 11.481705 -0.000001 -0.000004 -0.763934 0.586085 0.439623
    24 4.003906 -0.205811 0.920898 0.499449 0.024964 -1.213607
    25 1.312565 -0.000004 -0.000002 0.002647 -0.000003 0.000662
    26 0.729366 -0.000004 0.000000 -0.000007 0.002339 -1.574114
    27 4.222656 -0.111389 0.298096 0.146084 0.138555 -1.218293
    28 1.539104 0.000000 0.000001 0.021591 0.038691 -0.274898
    29 1.196322 0.000002 -0.000003 0.423018 0.188641 -2.054833
    30 3.883663 -0.050303 -0.431042 -0.048581 0.146519 -0.770215
    31 1.719584 0.000002 0.000006 -0.012269 0.089737 -0.735530
    32 1.209187 0.000004 0.000006 -0.004385 -0.003177 -1.490430
    33 3.859837 -0.148918 -1.331282 -0.321407 0.389554 -0.535029
    34 1.719431 0.000004 0.000013 0.007830 0.063159 -0.159722
    35 1.099665 0.000000 0.000007 -0.007433 -0.004262 -0.357454
    36 0.873535 -0.422119 -1.297852 1.277698 0.356538 -0.669644
    37 1.789785 -0.000006 -0.000010 -0.000498 -0.000088 -0.108780
    38 1.206999 -0.000001 -0.000008 -0.000493 -0.000238 0.720590
    39 -6.759817 -20.369449 -10.115046 1.903753 0.529205 -3.060298
    40 -0.000002 3.287109 -0.573233 0.000000 0.000000 0.000000
    41 -0.000002 2.156256 -2.244137 0.000000 0.000000 0.000000
    42 -6.203317 -39.341123 -10.340028 1.514647 -0.273628 -0.501876
    43 -0.097351 5.335948 -3.376940 0.000000 0.000000 0.000000
    44 -8.576872 -23.389713 -6.591740 1.903757 0.529193 -3.060291
  time 101
    0 0.000000 -0.000006 0.000000 -1.570781 -1.391896 -1.570809
    1 -6.392690 12.700343 -0.417881 1.596636 -1.286515 2.942963
    2 6.028145 0.000003 0.000002 -0.671877 -0.572187 -1.722818
    3 11.692553 0.000081 -0.000005 -0.000051 0.000036 -1.763767
    4 11.481672 -0.000089 -0.000024 2.230606 -0.419631 0.411867
    5 3.859699 -0.142417 -1.191975 -0.465303 -0.000379 -0.613244
    6 1.312563 -0.000008 0.000005 -0.023130 -0.016026 -0.141453
    7 0.729362 -0.000008 0.000001 -0.003175 0.020323 -1.034957
    8 3.942329 0.046753 -0.431444 -0.164831 -0.005189 -0.528592
    9 1.539093 0.000006 -0.000007 0.003485 -0.079464 -0.586281
    10 1.196322 -0.000008 0.000002 0.005202 0.003325 -1.701313
    11 3.883690 -0.046783 0.431443 0.069699 -0.054830 -0.450043
    12 1.719580 -0.000010 0.000009 -0.001065 -0.023656 -0.569824
    13 1.209183 -0.000004 0.000003 -0.000228 0.000610 -1.522074
    14 3.859856 -0.137962 1.332466 0.340372 -0.111159 -0.399053
    15 1.719433 0.000002 -0.000004 0.000883 -0.005281 -0.600439
    16 1.099676 -0.000006 0.000003 -0.001433 0.001193 -1.321508
    17 0.966203 -1.165361 0.661082 -0.869173 -0.785430 -0.898764
    18 1.789782 0.000002 -0.000006 0.089319 0.142204 0.835683
    19 1.206999 -0.000001 -0.000002 -0.023644 0.160221 0.828538
    20 -0.221558 -2.662109 -5.308594 -1.668474 1.286518 2.942953
    21 6.028141 0.000000 -0.000002 1.198546 0.647565 -1.255589
    22 11.692554 0.000000 -0.000003 -0.000002 0.000000 -1.112134
    23 11.481705 -0.000001 -0.000004 -0.762184 0.590530 0.420733
    24 4.003906 -0.205811 0.920898 0.499449 0.024964 -1.213607
    25 1.312565 -0.000004 -0.000002 0.002647 -0.000003 0.000662
    26 0.729366 -0.000004 0.000000 -0.000007 0.002339 -1.574114
    27 4.222656 -0.111389 0.298096 0.146084 0.138555 -1.218293
    28 1.539104 0.000000 0.000001 0.021591 0.038691 -0.274898
    29 1.196322 0.000002 -0.000003 0.423018 0.188641 -2.054833
    30 3.883663 -0.050303 -0.431042 -0.048581 0.146519 -0.770215
    31 1.719584 0.000002 0.000006 -0.012269 0.089737 -0.735530
    32 1.209187 0.000004 0.000006 -0.004385 -0.003177 -1.490430
    33 3.859837 -0.148918 -1.331282 -0.321407 0.389554 -0.535029
    34 1.719431 0.000004 0.000013 0.007830 0.063159 -0.159722
    35 1.099665 0.000000 0.000007 -0.007433 -0.004262 -0.357454
    36 0.873535 -0.422119 -1.297852 1.277698 0.356538 -0.669644
    37 1.789785 -0.000006 -0.000010 -0.000498 -0.000088 -0.108780
    38 1.206999 -0.000001 -0.000008 -0.000493 -0.000238 0.720590
    39 -6.775442 -20.525704 -10.111140 1.913741 0.530913 -3.059544
    40 -0.000002 3.287109 -0.573233 0.000000 0.000000 0.000000
    41 -0.000002 2.156256 -2.244137 0.000000 0.000000 0.000000
    42 -7.011936 -38.040302 -8.296997 0.851060 -0.273628 -0.501876
    43 -0.097351 5.335948 -3.376940 0.000000 0.000000 0.000000
    44 -8.612030 -23.510810 -6.572208 1.913741 0.530924 -3.059524
  time 102
    0 0.000000 -0.000006 0.000000 -1.570781 -1.391896 -1.570809
    1 -6.400503 12.712062 -0.410068 1.596636 -1.286515 2.942963
    2 6.028145 0.000003 0.000002 -0.673074 -0.582403 -1.730546
    3 11.692553 0.000081 -0.000005 -0.000051 0.000036 -1.742574
    4 11.481672 -0.000089 -0.000024 2.230081 -0.408236 0.393655
    5 3.859699 -0.142417 -1.191975 -0.453669 0.067179 -0.633439
    6 1.312563 -0.000008 0.000005 -0.016587 -0.011784 -0.164813
    7 0.729362 -0.000008 0.000001 -0.000251 0.015193 -0.757785
    8 3.942329 0.046753 -0.431444 -0.155256 0.024724 -0.548224
    9 1.539093 0.000006 -0.000007 -0.001884 -0.057868 -0.433266
    10 1.196322 -0.000008 0.000002 0.004375 0.001659 -1.293768
    11 3.883690 -0.046783 0.431443 0.074493 -0.038651 -0.429298
    12 1.719580 -0.000010 0.000009 -0.001664 -0.015567 -0.454386
    13 1.209183 -0.000004 0.000003 -0.000383 0.001365 -1.105089
    14 3.859856 -0.137962 1.332466 0.339860 -0.112417 -0.379923
    15 1.719433 0.000002 -0.000004 0.000452 -0.002728 -0.475562
    16 1.099676 -0.000006 0.000003 -0.001085 0.001816 -0.966227
    17 0.966203 -1.165361 0.661082 -0.943772 -0.702412 -0.916519
    18 1.789782 0.000002 -0.000006 0.051244 0.120094 0.609206
    19 1.206999 -0.000001 -0.000002 -0.028761 0.114859 0.651975
    20 -0.221558 -2.662109 -5.308594 -1.668474 1.286518 2.942953
    21 6.028141 0.000000 -0.000002 1.197497 0.664951 -1.260898
    22 11.692554 0.000000 -0.000003 -0.000002 0.000000 -1.079135
    23 11.481705 -0.000001 -0.000004 -0.765503 0.594858 0.397177
    24 4.003906 -0.205811 0.920898 0.499449 0.024964 -1.213607
    25 1.312565 -0.000004 -0.000002 0.002647 -0.000003 0.000662
    26 0.729366 -0.000004 0.000000 -0.000007 0.002339 -1.574114
    27 4.222656 -0.111389 0.298096 0.146084 0.138555 -1.218293
    28 1.539104 0.000000 0.000001 0.021591 0.038691 -0.274898
    29 1.196322 0.000002 -0.000003 0.423018 0.188641 -2.054833
    30 3.883663 -0.050303 -0.431042 -0.048581 0.146519 -0.770215
    31 1.719584 0.000002 0.000006 -0.012269 0.089737 -0.735530
    32 1.209187 0.000004 0.000006 -0.004385 -0.003177 -1.490430
    33 3.859837 -0.148918 -1.331282 -0.321407 0.389554 -0.535029
    34 1.719431 0.000004 0.000013 0.007830 0.063159 -0.159722
    35 1.099665 0.000000 0.000007 -0.007433 -0.004262 -0.357454
    36 0.873535 -0.422119 -1.297852 1.277698 0.356538 -0.669644
    37 1.789785 -0.000006 -0.000010 -0.000498 -0.000088 -0.108780
    38 1.206999 -0.000001 -0.000008 -0.000493 -0.000238 0.720590
    39 -6.810599 -20.728835 -10.111140 1.923876 0.528079 -3.059022
    40 -0.000002 3.287109 -0.573233 0.000000 0.000000 0.000000
    41 -0.000002 2.156256 -2.244137 0.000000 0.000000 0.000000
    42 -7.726801 -36.891829 -6.500067 0.266339 -0.273628 -0.501876
    43 -0.097351 5.335948 -3.376940 0.000000 0.000000 0.000000
    44 -8.655000 -23.670971 -6.537050 1.923883 0.528053 -3.059046
  time 103
    0 0.000000 -0.000006 0.000000 -1.570781 -1.391896 -1.570809
    1 -6.412222 12.723781 -0.402255 1.596636 -1.286515 2.942963
    2 6.028145 0.000003 0.000002 -0.701654 -0.572391 -1.699253
    3 11.692553 0.000081 -0.000005 -0.000051 0.000036 -1.764784
    4 11.481672 -0.000089 -0.000024 2.229256 -0.395748 0.368822
    5 3.859699 -0.142417 -1.191975 -0.441481 0.148206 -0.656755
    6 1.312563 -0.000008 0.000005 -0.008917 -0.006523 -0.192667
    7 0.729362 -0.000008 0.000001 0.001247 0.008158 -0.419245
    8 3.942329 0.046753 -0.431444 -0.144577 0.060666 -0.571302
    9 1.539093 0.000006 -0.000007 -0.003897 -0.031202 -0.249647
    10 1.196322 -0.000008 0.000002 0.002530 0.000269 -0.781407
    11 3.883690 -0.046783 0.431443 0.080641 -0.019464 -0.404422
    12 1.719580 -0.000010 0.000009 -0.001148 -0.005859 -0.316059
    13 1.209183 -0.000004 0.000003 -0.000120 0.002300 -0.579481
    14 3.859856 -0.137962 1.332466 0.339224 -0.113904 -0.357039
    15 1.719433 0.000002 -0.000004 0.000368 0.000364 -0.325873
    16 1.099676 -0.000006 0.000003 -0.000402 0.002343 -0.525380
    17 0.966203 -1.165361 0.661082 -1.029569 -0.604488 -0.946185
    18 1.789782 0.000002 -0.000006 0.013373 0.082891 0.336918
    19 1.206999 -0.000001 -0.000002 -0.024195 0.060078 0.440408
    20 -0.221558 -2.662109 -5.308594 -1.668474 1.286518 2.942953
    21 6.028141 0.000000 -0.000002 1.197020 0.684725 -1.266206
    22 11.692554 0.000000 -0.000003 -0.000002 0.000000 -1.042124
    23 11.481705 -0.000001 -0.000004 -0.776001 0.599683 0.369843
    24 4.003906 -0.205811 0.920898 0.499449 0.024964 -1.213607
    25 1.312565 -0.000004 -0.000002 0.002647 -0.000003 0.000662
    26 0.729366 -0.000004 0.000000 -0.000007 0.002339 -1.574114
    27 4.222656 -0.111389 0.298096 0.146084 0.138555 -1.218293
    28 1.539104 0.000000 0.000001 0.021591 0.038691 -0.274898
    29 1.196322 0.000002 -0.000003 0.423018 0.188641 -2.054833
    30 3.883663 -0.050303 -0.431042 -0.048581 0.146519 -0.770215
    31 1.719584 0.000002 0.000006 -0.012269 0.089737 -0.735530
    32 1.209187 0.000004 0.000006 -0.004385 -0.003177 -1.490430
    33 3.859837 -0.148918 -1.331282 -0.321407 0.389554 -0.535029
    34 1.719431 0.000004 0.000013 0.007830 0.063159 -0.159722
    35 1.099665 0.000000 0.000007 -0.007433 -0.004262 -0.357454
    36 0.873535 -0.422119 -1.297852 1.277698 0.356538 -0.669644
    37 1.789785 -0.000006 -0.000010 -0.000498 -0.000088 -0.108780
    38 1.206999 -0.000001 -0.000008 -0.000493 -0.000238 0.720590
    39 -6.861382 -20.955404 -10.107233 1.933424 0.518786 -3.058964
    40 -0.000002 3.287109 -0.573233 0.000000 0.000000 0.000000
    41 -0.000002 2.156256 -2.244137 0.000000 0.000000 0.000000
    42 -8.289318 -35.977739 -5.066430 -0.200083 -0.273628 -0.501876
    43 -0.097351 5.335948 -3.376940 0.000000 0.000000 0.000000
    44 -8.686251 -23.858477 -6.494080 1.933449 0.518772 -3.059046
  time 104
    0 0.000000 -0.000006 0.000000 -1.570781 -1.391896 -1.570809
    1 -6.420035 12.735500 -0.390536 1.596636 -1.286515 2.942963
    2 6.028145 0.000003 0.000002 -0.752586 -0.539382 -1.634376
    3 11.692553 0.000081 -0.000005 -0.000051 0.000036 -1.824766
    4 11.481672 -0.000089 -0.000024 2.223184 -0.381583 0.328168
    5 3.859699 -0.142417 -1.191975 -0.432621 0.216183 -0.675758
    6 1.312563 -0.000008 0.000005 -0.002613 -0.001957 -0.215968
    7 0.729362 -0.000008 0.000001 0.000684 0.002274 -0.142131
    8 3.942329 0.046753 -0.431444 -0.136260 0.090939 -0.590415
    9 1.539093 0.000006 -0.000007 -0.001836 -0.009030 -0.097085
    10 1.196322 -0.000008 0.000002 0.000708 -0.000067 -0.373907
    11 3.883690 -0.046783 0.431443 0.086154 -0.003524 -0.383478
    12 1.719580 -0.000010 0.000009 0.000290 0.002122 -0.200620
    13 1.209183 -0.000004 0.000003 0.000396 0.002875 -0.162497
    14 3.859856 -0.137962 1.332466 0.338666 -0.115138 -0.337882
    15 1.719433 0.000002 -0.000004 0.000643 0.002940 -0.200996
    16 1.099676 -0.000006 0.000003 0.000269 0.002535 -0.170144
    17 0.966203 -1.165361 0.661082 -1.099733 -0.524559 -0.976924
    18 1.789782 0.000002 -0.000006 -0.009302 0.045483 0.113969
    19 1.206999 -0.000001 -0.000002 -0.011743 0.016166 0.265040
    20 -0.221558 -2.662109 -5.308594 -1.668474 1.286518 2.942953
    21 6.028141 0.000000 -0.000002 1.197211 0.702588 -1.270378
    22 11.692554 0.000000 -0.000003 -0.000002 0.000000 -1.008930
    23 11.481705 -0.000001 -0.000004 -0.795128 0.604830 0.342805
    24 4.003906 -0.205811 0.920898 0.499449 0.024964 -1.213607
    25 1.312565 -0.000004 -0.000002 0.002647 -0.000003 0.000662
    26 0.729366 -0.000004 0.000000 -0.000007 0.002339 -1.574114
    27 4.222656 -0.111389 0.298096 0.146084 0.138555 -1.218293
    28 1.539104 0.000000 0.000001 0.021591 0.038691 -0.274898
    29 1.196322 0.000002 -0.000003 0.423018 0.188641 -2.054833
    30 3.883663 -0.050303 -0.431042 -0.048581 0.146519 -0.770215
    31 1.719584 0.000002 0.000006 -0.012269 0.089737 -0.735530
    32 1.209187 0.000004 0.000006 -0.004385 -0.003177 -1.490430
    33 3.859837 -0.148918 -1.331282 -0.321407 0.389554 -0.535029
    34 1.719431 0.000004 0.000013 0.007830 0.063159 -0.159722
    35 1.099665 0.000000 0.000007 -0.007433 -0.004262 -0.357454
    36 0.873535 -0.422119 -1.297852 1.277698 0.356538 -0.669644
    37 1.789785 -0.000006 -0.000010 -0.000498 -0.000088 -0.108780
    38 1.206999 -0.000001 -0.000008 -0.000493 -0.000238 0.720590
    39 -6.912165 -21.154629 -10.107233 1.940622 0.501825 -3.059428
    40 -0.000002 3.287109 -0.573233 0.000000 0.000000 0.000000
    41 -0.000002 2.156256 -2.244137 0.000000 0.000000 0.000000
    42 -8.664330 -35.372252 -4.117182 -0.508867 -0.273628 -0.501876
    43 -0.097351 5.335948 -3.376940 0.000000 0.000000 0.000000
    44 -8.690157 -24.022544 -6.439391 1.940611 0.501821 -3.059429
  time 105
    0 0.000000 -0.000006 0.000000 -1.570781 -1.391896 -1.570809
    1 -6.431754 12.747219 -0.382723 1.596636 -1.286515 2.942963
    2 6.028145 0.000003 0.000002 -0.778532 -0.519438 -1.600984
    3 11.692553 0.000081 -0.000005 -0.000051 0.000036 -1.847758
    4 11.481672 -0.000089 -0.000024 2.202194 -0.370383 0.267003
    5 3.859699 -0.142417 -1.191975 -0.429275 0.244670 -0.683611
    6 1.312563 -0.000008 0.000005 0.000000 -0.000003 -0.225729
    7 0.729362 -0.000008 0.000001 0.000001 -0.000003 -0.030332
    8 3.942329 0.046753 -0.431444 -0.132928 0.103667 -0.598344
    9 1.539093 0.000006 -0.000007 -0.000002 0.000006 -0.033817
    10 1.196322 -0.000008 0.000002 0.000001 -0.000007 -0.216839
    11 3.883690 -0.046783 0.431443 0.088563 0.003127 -0.374691
    12 1.719580 -0.000010 0.000009 0.001165 0.005394 -0.152479
    13 1.209183 -0.000004 0.000003 0.000647 0.003031 -0.002414
    14 3.859856 -0.137962 1.332466 0.338418 -0.115653 -0.329852
    15 1.719433 0.000002 -0.000004 0.000859 0.003995 -0.149013
    16 1.099676 -0.000006 0.000003 0.000556 0.002535 -0.030371
    17 0.966203 -1.165361 0.661082 -1.128853 -0.491858 -0.991179
    18 1.789782 0.000002 -0.000006 -0.016073 0.028901 0.023190
    19 1.206999 -0.000001 -0.000002 -0.004396 -0.001175 0.192562
    20 -0.221558 -2.662109 -5.308594 -1.668474 1.286518 2.942953
    21 6.028141 0.000000 -0.000002 1.198355 0.715797 -1.272558
    22 11.692554 0.000000 -0.000003 -0.000002 0.000000 -0.984796
    23 11.481705 -0.000001 -0.000004 -0.823909 0.610181 0.318878
    24 4.003906 -0.205811 0.920898 0.499449 0.024964 -1.213607
    25 1.312565 -0.000004 -0.000002 0.002647 -0.000003 0.000662
    26 0.729366 -0.000004 0.000000 -0.000007 0.002339 -1.574114
    27 4.222656 -0.111389 0.298096 0.146084 0.138555 -1.218293
    28 1.539104 0.000000 0.000001 0.021591 0.038691 -0.274898
    29 1.196322 0.000002 -0.000003 0.423018 0.188641 -2.054833
    30 3.883663 -0.050303 -0.431042 -0.048581 0.146519 -0.770215
    31 1.719584 0.000002 0.000006 -0.012269 0.089737 -0.735530
    32 1.209187 0.000004 0.000006 -0.004385 -0.003177 -1.490430
    33 3.859837 -0.148918 -1.331282 -0.321407 0.389554 -0.535029
    34 1.719431 0.000004 0.000013 0.007830 0.063159 -0.159722
    35 1.099665 0.000000 0.000007 -0.007433 -0.004262 -0.357454
    36 0.873535 -0.422119 -1.297852 1.277698 0.356538 -0.669644
    37 1.789785 -0.000006 -0.000010 -0.000498 -0.000088 -0.108780
    38 1.206999 -0.000001 -0.000008 -0.000493 -0.000238 0.720590
    39 -6.962948 -21.306977 -10.103327 1.944294 0.476447 -3.060414
    40 -0.000002 3.287109 -0.573233 0.000000 0.000000 0.000000
    41 -0.000002 2.156256 -2.244137 0.000000 0.000000 0.000000
    42 -8.801053 -35.153495 -3.777328 -0.620484 -0.273628 -0.501876
    43 -0.097351 5.335948 -3.376940 0.000000 0.000000 0.000000
    44 -8.655000 -24.147548 -6.380796 1.944323 0.476455 -3.060482
  time 106
    0 0.000000 -0.000006 0.000000 -1.570781 -1.391896 -1.570809
    1 -6.443473 12.758938 -0.371004 1.596636 -1.286515 2.942963
    2 6.028145 0.000003 0.000002 -0.776536 -0.524932 -1.607090
    3 11.692553 0.000081 -0.000005 -0.000051 0.000036 -1.839625
    4 11.481672 -0.000089 -0.000024 2.153391 -0.358130 0.210069
    5 3.859699 -0.142417 -1.191975 -0.429275 0.244670 -0.683611
    6 1.312563 -0.000008 0.000005 0.000000 -0.000003 -0.225729
    7 0.729362 -0.000008 0.000001 0.000001 -0.000003 -0.030332
    8 3.942329 0.046753 -0.431444 -0.132928 0.103667 -0.598344
    9 1.539093 0.000006 -0.000007 -0.000002 0.000006 -0.033817
    10 1.196322 -0.000008 0.000002 0.000001 -0.000007 -0.216839
    11 3.883690 -0.046783 0.431443 0.088563 0.003127 -0.374691
    12 1.719580 -0.000010 0.000009 0.001165 0.005394 -0.152479
    13 1.209183 -0.000004 0.000003 0.000647 0.003031 -0.002414
    14 3.859856 -0.137962 1.332466 0.338418 -0.115653 -0.329852
    15 1.719433 0.000002 -0.000004 0.000859 0.003995 -0.149013
    16 1.099676 -0.000006 0.000003 0.000544 0.002535 -0.030371
    17 0.966203 -1.165361 0.661082 -1.128853 -0.491858 -0.991179
    18 1.789782 0.000002 -0.000006 -0.016073 0.028901 0.023190
    19 1.206999 -0.000001 -0.000002 -0.004396 -0.001175 0.192562
    20 -0.221558 -2.662109 -5.308594 -1.668474 1.286518 2.942953
    21 6.028141 0.000000 -0.000002 1.199880 0.725187 -1.273411
    22 11.692554 0.000000 -0.000003 -0.000002 0.000000 -0.968425
    23 11.481705 -0.000001 -0.000004 -0.861741 0.615913 0.297841
    24 4.003906 -0.205811 0.920898 0.499449 0.024964 -1.213607
    25 1.312565 -0.000004 -0.000002 0.002647 -0.000003 0.000662
    26 0.729366 -0.000004 0.000000 -0.000007 0.002339 -1.574114
    27 4.222656 -0.111389 0.298096 0.146084 0.138555 -1.218293
    28 1.539104 0.000000 0.000001 0.021591 0.038691 -0.274898
    29 1.196322 0.000002 -0.000003 0.423018 0.188641 -2.054833
    30 3.883663 -0.050303 -0.431042 -0.048581 0.146519 -0.770215
    31 1.719584 0.000002 0.000006 -0.012269 0.089737 -0.735530
    32 1.209187 0.000004 0.000006 -0.004385 -0.003177 -1.490430
    33 3.859837 -0.148918 -1.331282 -0.321407 0.389554 -0.535029
    34 1.719431 0.000004 0.000013 0.007830 0.063159 -0.159722
    35 1.099665 0.000000 0.000007 -0.007433 -0.004262 -0.357454
    36 0.873535 -0.422119 -1.297852 1.277698 0.356538 -0.669644
    37 1.789785 -0.000006 -0.000010 -0.000498 -0.000088 -0.108780
    38 1.206999 -0.000001 -0.000008 -0.000493 -0.000238 0.720590
    39 -6.998105 -21.412449 -10.099420 1.944734 0.443150 -3.062037
    40 -0.000002 3.287109 -0.573233 0.000000 0.000000 0.000000
    41 -0.000002 2.156256 -2.244137 0.000000 0.000000 0.000000
    42 -8.801053 -35.153495 -3.777328 -0.620484 -0.273628 -0.501876
    43 -0.097351 5.335948 -3.376940 0.000000 0.000000 0.000000
    44 -8.572966 -24.241301 -6.314387 1.944741 0.443184 -3.062015
  time 107
    0 0.000000 -0.000006 0.000000 -1.570781 -1.391896 -1.570809
    1 -6.451286 12.766751 -0.363191 1.596636 -1.286515 2.942963
    2 6.028145 0.000003 0.000002 -0.773502 -0.537876 -1.619493
    3 11.692553 0.000081 -0.000005 -0.000051 0.000036 -1.845646
    4 11.481672 -0.000089 -0.000024 2.070929 -0.339242 0.172450
    5 3.859699 -0.142417 -1.191975 -0.429275 0.244670 -0.683611
    6 1.312563 -0.000008 0.000005 0.000000 -0.000003 -0.225729
    7 0.729362 -0.000008 0.000001 0.000001 -0.000003 -0.030332
    8 3.942329 0.046753 -0.431444 -0.132928 0.103667 -0.598344
    9 1.539093 0.000006 -0.000007 -0.000002 0.000006 -0.033817
    10 1.196322 -0.000008 0.000002 0.000001 -0.000007 -0.216839
    11 3.883690 -0.046783 0.431443 0.088563 0.003127 -0.374691
    12 1.719580 -0.000010 0.000009 0.001165 0.005394 -0.152479
    13 1.209183 -0.000004 0.000003 0.000647 0.003031 -0.002414
    14 3.859856 -0.137962 1.332466 0.338418 -0.115653 -0.329852
    15 1.719433 0.000002 -0.000004 0.000859 0.003995 -0.149013
    16 1.099676 -0.000006 0.000003 0.000544 0.002547 -0.030371
    17 0.966203 -1.165361 0.661082 -1.128853 -0.491858 -0.991179
    18 1.789782 0.000002 -0.000006 -0.016073 0.028901 0.023190
    19 1.206999 -0.000001 -0.000002 -0.004396 -0.001175 0.192562
    20 -0.221558 -2.662109 -5.308594 -1.668474 1.286518 2.942953
    21 6.028141 0.000000 -0.000002 1.201024 0.731831 -1.274075
    22 11.692554 0.000000 -0.000003 -0.000002 0.000000 -0.958073
    23 11.481705 -0.000001 -0.000004 -0.905726 0.621995 0.279914
    24 4.003906 -0.205811 0.920898 0.499449 0.024964 -1.213607
    25 1.312565 -0.000004 -0.000002 0.002647 -0.000003 0.000662
    26 0.729366 -0.000004 0.000000 -0.000007 0.002339 -1.574114
    27 4.222656 -0.111389 0.298096 0.146084 0.138555 -1.218293
    28 1.539104 0.000000 0.000001 0.021591 0.038691 -0.274898
    29 1.196322 0.000002 -0.000003 0.423018 0.188641 -2.054833
    30 3.883663 -0.050303 -0.431042 -0.048581 0.146519 -0.770215
    31 1.719584 0.000002 0.000006 -0.012269 0.089737 -0.735530
    32 1.209187 0.000004 0.000006 -0.004385 -0.003177 -1.490430
    33 3.859837 -0.148918 -1.331282 -0.321407 0.389554 -0.535029
    34 1.719431 0.000004 0.000013 0.007830 0.063159 -0.159722
    35 1.099665 0.000000 0.000007 -0.007433 -0.004262 -0.357454
    36 0.873535 -0.422119 -1.297852 1.277698 0.356538 -0.669644
    37 1.789785 -0.000006 -0.000010 -0.000498 -0.000088 -0.108780
    38 1.206999 -0.000001 -0.000008 -0.000493 -0.000238 0.720590
    39 -7.013731 -21.486670 -10.099420 1.942237 0.404561 -3.064067
    40 -0.000002 3.287109 -0.573233 0.000000 0.000000 0.000000
    41 -0.000002 2.156256 -2.244137 0.000000 0.000000 0.000000
    42 -8.801053 -35.153495 -3.777328 -0.620484 -0.273628 -0.501876
    43 -0.097351 5.335948 -3.376940 0.000000 0.000000 0.000000
    44 -8.444056 -24.307709 -6.251886 1.942232 0.404564 -3.064123
  time 108
    0 0.000000 -0.000006 0.000000 -1.570781 -1.391896 -1.570809
    1 -6.463005 12.778470 -0.355379 1.596636 -1.286515 2.942963
    2 6.028145 0.000003 0.000002 -0.769271 -0.559773 -1.639433
    3 11.692553 0.000081 -0.000005 -0.000051 0.000036 -1.856517
    4 11.481672 -0.000089 -0.000024 1.958780 -0.315048 0.146651
    5 3.859699 -0.142417 -1.191975 -0.429275 0.244670 -0.683611
    6 1.312563 -0.000008 0.000005 0.000000 -0.000003 -0.225729
    7 0.729362 -0.000008 0.000001 0.000001 -0.000003 -0.030332
    8 3.942329 0.046753 -0.431444 -0.132928 0.103667 -0.598344
    9 1.539093 0.000006 -0.000007 -0.000002 0.000006 -0.033817
    10 1.196322 -0.000008 0.000002 0.000001 -0.000007 -0.216839
    11 3.883690 -0.046783 0.431443 0.088563 0.003127 -0.374691
    12 1.719580 -0.000010 0.000009 0.001165 0.005394 -0.152479
    13 1.209183 -0.000004 0.000003 0.000647 0.003031 -0.002414
    14 3.859856 -0.137962 1.332466 0.338418 -0.115653 -0.329852
    15 1.719433 0.000002 -0.000004 0.000859 0.003995 -0.149013
    16 1.099676 -0.000006 0.000003 0.000544 0.002535 -0.030371
    17 0.966203 -1.165361 0.661082 -1.128853 -0.491858 -0.991179
    18 1.789782 0.000002 -0.000006 -0.016073 0.028901 0.023190
    19 1.206999 -0.000001 -0.000002 -0.004396 -0.001175 0.192562
    20 -0.221558 -2.662109 -5.308594 -1.668474 1.286518 2.942953
    21 6.028141 0.000000 -0.000002 1.201406 0.736526 -1.274739
    22 11.692554 0.000000 -0.000003 -0.000002 0.000000 -0.952185
    23 11.481705 -0.000001 -0.000004 -0.951462 0.627669 0.265766
    24 4.003906 -0.205811 0.920898 0.499449 0.024964 -1.213607
    25 1.312565 -0.000004 -0.000002 0.002647 -0.000003 0.000662
    26 0.729366 -0.000004 0.000000 -0.000007 0.002339 -1.574114
    27 4.222656 -0.111389 0.298096 0.146084 0.138555 -1.218293
    28 1.539104 0.000000 0.000001 0.021591 0.038691 -0.274898
    29 1.196322 0.000002 -0.000003 0.423018 0.188641 -2.054833
    30 3.883663 -0.050303 -0.431042 -0.048581 0.146519 -0.770215
    31 1.719584 0.000002 0.000006 -0.012269 0.089737 -0.735530
    32 1.209187 0.000004 0.000006 -0.004385 -0.003177 -1.490430
    33 3.859837 -0.148918 -1.331282 -0.321407 0.389554 -0.535029
    34 1.719431 0.000004 0.000013 0.007830 0.063159 -0.159722
    35 1.099665 0.000000 0.000007 -0.007433 -0.004262 -0.357454
    36 0.873535 -0.422119 -1.297852 1.277698 0.356538 -0.669644
    37 1.789785 -0.000006 -0.000010 -0.000498 -0.000088 -0.108780
    38 1.206999 -0.000001 -0.000008 -0.000493 -0.000238 0.720590
    39 -7.005918 -21.537453 -10.095514 1.937463 0.364471 -3.066387
    40 -0.000002 3.287109 -0.573233 0.000000 0.000000 0.000000
    41 -0.000002 2.156256 -2.244137 0.000000 0.000000 0.000000
    42 -8.801053 -35.153495 -3.777328 -0.620484 -0.273628 -0.501876
    43 -0.097351 5.335948 -3.376940 0.000000 0.000000 0.000000
    44 -8.283895 -24.366305 -6.197196 1.937422 0.364489 -3.066422
  time 109
    0 0.000000 -0.000006 0.000000 -1.570781 -1.391896 -1.570809
    1 -6.474724 12.790189 -0.343660 1.596636 -1.286515 2.942963
    2 6.028145 0.000003 0.000002 -0.761288 -0.592660 -1.669867
    3 11.692553 0.000081 -0.000005 -0.000051 0.000036 -1.860896
    4 11.481672 -0.000089 -0.000024 1.821218 -0.288083 0.124944
    5 3.859699 -0.142417 -1.191975 -0.429275 0.244670 -0.683611
    6 1.312563 -0.000008 0.000005 0.000000 -0.000003 -0.225729
    7 0.729362 -0.000008 0.000001 0.000001 -0.000003 -0.030332
    8 3.942329 0.046753 -0.431444 -0.132928 0.103667 -0.598344
    9 1.539093 0.000006 -0.000007 -0.000002 0.000006 -0.033817
    10 1.196322 -0.000008 0.000002 0.000001 -0.000007 -0.216839
    11 3.883690 -0.046783 0.431443 0.088563 0.003127 -0.374691
    12 1.719580 -0.000010 0.000009 0.001165 0.005394 -0.152479
    13 1.209183 -0.000004 0.000003 0.000647 0.003031 -0.002414
    14 3.859856 -0.137962 1.332466 0.338418 -0.115653 -0.329852
    15 1.719433 0.000002 -0.000004 0.000859 0.003995 -0.149013
    16 1.099676 -0.000006 0.000003 0.000544 0.002535 -0.030371
    17 0.966203 -1.165361 0.661082 -1.128853 -0.491858 -0.991179
    18 1.789782 0.000002 -0.000006 -0.016073 0.028901 0.023190
    19 1.206999 -0.000001 -0.000002 -0.004396 -0.001175 0.192562
    20 -0.221558 -2.662109 -5.308594 -1.668474 1.286518 2.942953
    21 6.028141 0.000000 -0.000002 1.201597 0.739708 -1.275307
    22 11.692554 0.000000 -0.000003 -0.000002 0.000000 -0.949920
    23 11.481705 -0.000001 -0.000004 -0.994784 0.632231 0.256210
    24 4.003906 -0.205811 0.920898 0.499449 0.024964 -1.213607
    25 1.312565 -0.000004 -0.000002 0.002647 -0.000003 0.000662
    26 0.729366 -0.000004 0.000000 -0.000007 0.002339 -1.574114
    27 4.222656 -0.111389 0.298096 0.146084 0.138555 -1.218293
    28 1.539104 0.000000 0.000001 0.021591 0.038691 -0.274898
    29 1.196322 0.000002 -0.000003 0.423018 0.188641 -2.054833
    30 3.883663 -0.050303 -0.431042 -0.048581 0.146519 -0.770215
    31 1.719584 0.000002 0.000006 -0.012269 0.089737 -0.735530
    32 1.209187 0.000004 0.000006 -0.004385 -0.003177 -1.490430
    33 3.859837 -0.148918 -1.331282 -0.321407 0.389554 -0.535029
    34 1.719431 0.000004 0.000013 0.007830 0.063159 -0.159722
    35 1.099665 0.000000 0.000007 -0.007433 -0.004262 -0.357454
    36 0.873535 -0.422119 -1.297852 1.277698 0.356538 -0.669644
    37 1.789785 -0.000006 -0.000010 -0.000498 -0.000088 -0.108780
    38 1.206999 -0.000001 -0.000008 -0.000493 -0.000238 0.720590
    39 -6.990292 -21.568704 -10.095514 1.930780 0.326382 -3.068764
    40 -0.000002 3.287109 -0.573233 0.000000 0.000000 0.000000
    41 -0.000002 2.156256 -2.244137 0.000000 0.000000 0.000000
    42 -8.801053 -35.153495 -3.777328 -0.620484 -0.273628 -0.501876
    43 -0.097351 5.335948 -3.376940 0.000000 0.000000 0.000000
    44 -8.115921 -24.409275 -6.158133 1.930783 0.326381 -3.068817
  time 110
    0 0.000000 -0.000006 0.000000 -1.570781 -1.391896 -1.570809
    1 -6.482537 12.798002 -0.335847 1.596636 -1.286515 2.942963
    2 6.028145 0.000003 0.000002 -0.745801 -0.637107 -1.713850
    3 11.692553 0.000081 -0.000005 -0.000051 0.000036 -1.847523
    4 11.481672 -0.000089 -0.000024 1.663190 -0.262171 0.099604
    5 3.859699 -0.142417 -1.191975 -0.429275 0.244670 -0.683611
    6 1.312563 -0.000008 0.000005 0.000000 -0.000003 -0.225729
    7 0.729362 -0.000008 0.000001 0.000001 -0.000003 -0.030332
    8 3.942329 0.046753 -0.431444 -0.132928 0.103667 -0.598344
    9 1.539093 0.000006 -0.000007 -0.000002 0.000006 -0.033817
    10 1.196322 -0.000008 0.000002 0.000001 -0.000007 -0.216839
    11 3.883690 -0.046783 0.431443 0.088563 0.003127 -0.374691
    12 1.719580 -0.000010 0.000009 0.001165 0.005394 -0.152479
    13 1.209183 -0.000004 0.000003 0.000647 0.003031 -0.002414
    14 3.859856 -0.137962 1.332466 0.338418 -0.115653 -0.329852
    15 1.719433 0.000002 -0.000004 0.000859 0.003995 -0.149013
    16 1.099676 -0.000006 0.000003 0.000544 0.002535 -0.030371
    17 0.966203 -1.165361 0.661082 -1.128853 -0.491858 -0.991179
    18 1.789782 0.000002 -0.000006 -0.016073 0.028901 0.023190
    19 1.206999 -0.000001 -0.000002 -0.004396 -0.001175 0.192562
    20 -0.221558 -2.662109 -5.308594 -1.668474 1.286518 2.942953
    21 6.028141 0.000000 -0.000002 1.201310 0.741817 -1.275971
    22 11.692554 0.000000 -0.000003 -0.000002 0.000000 -0.950373
    23 11.481705 -0.000001 -0.000004 -1.033340 0.635652 0.251617
    24 4.003906 -0.205811 0.920898 0.499449 0.024964 -1.213607
    25 1.312565 -0.000004 -0.000002 0.002647 -0.000003 0.000662
    26 0.729366 -0.000004 0.000000 -0.000007 0.002339 -1.574114
    27 4.222656 -0.111389 0.298096 0.146084 0.138555 -1.218293
    28 1.539104 0.000000 0.000001 0.021591 0.038691 -0.274898
    29 1.196322 0.000002 -0.000003 0.423018 0.188641 -2.054833
    30 3.883663 -0.050303 -0.431042 -0.048581 0.146519 -0.770215
    31 1.719584 0.000002 0.000006 -0.012269 0.089737 -0.735530
    32 1.209187 0.000004 0.000006 -0.004385 -0.003177 -1.490430
    33 3.859837 -0.148918 -1.331282 -0.321407 0.389554 -0.535029
    34 1.719431 0.000004 0.000013 0.007830 0.063159 -0.159722
    35 1.099665 0.000000 0.000007 -0.007433 -0.004262 -0.357454
    36 0.873535 -0.422119 -1.297852 1.277698 0.356538 -0.669644
    37 1.789785 -0.000006 -0.000010 -0.000498 -0.000088 -0.108780
    38 1.206999 -0.000001 -0.000008 -0.000493 -0.000238 0.720590
    39 -6.966854 -21.588236 -10.091608 1.922628 0.292252 -3.071200
    40 -0.000002 3.287109 -0.573233 0.000000 0.000000 0.000000
    41 -0.000002 2.156256 -2.244137 0.000000 0.000000 0.000000
    42 -8.801053 -35.153495 -3.777328 -0.620484 -0.273628 -0.501876
    43 -0.097351 5.335948 -3.376940 0.000000 0.000000 0.000000
    44 -7.955760 -24.452245 -6.134694 1.922628 0.292283 -3.071212
  time 111
    0 0.000000 -0.000006 0.000000 -1.570781 -1.391896 -1.570809
    1 -6.494256 12.805815 -0.328034 1.596636 -1.286515 2.942963
    2 6.028145 0.000003 0.000002 -0.717221 -0.690996 -1.774815
    3 11.692553 0.000081 -0.000005 -0.000051 0.000036 -1.806623
    4 11.481672 -0.000089 -0.000024 1.492193 -0.242035 0.063365
    5 3.859699 -0.142417 -1.191975 -0.429275 0.244670 -0.683611
    6 1.312563 -0.000008 0.000005 0.000000 -0.000003 -0.225729
    7 0.729362 -0.000008 0.000001 0.000001 -0.000003 -0.030332
    8 3.942329 0.046753 -0.431444 -0.132928 0.103667 -0.598344
    9 1.539093 0.000006 -0.000007 -0.000002 0.000006 -0.033817
    10 1.196322 -0.000008 0.000002 0.000001 -0.000007 -0.216839
    11 3.883690 -0.046783 0.431443 0.088563 0.003127 -0.374691
    12 1.719580 -0.000010 0.000009 0.001165 0.005394 -0.152479
    13 1.209183 -0.000004 0.000003 0.000647 0.003031 -0.002414
    14 3.859856 -0.137962 1.332466 0.338418 -0.115653 -0.329852
    15 1.719433 0.000002 -0.000004 0.000859 0.003995 -0.149013
    16 1.099676 -0.000006 0.000003 0.000544 0.002535 -0.030371
    17 0.966203 -1.165361 0.661082 -1.128853 -0.491858 -0.991179
    18 1.789782 0.000002 -0.000006 -0.016073 0.028901 0.023190
    19 1.206999 -0.000001 -0.000002 -0.004396 -0.001175 0.192562
    20 -0.221558 -2.662109 -5.308594 -1.668474 1.286518 2.942953
    21 6.028141 0.000000 -0.000002 1.200929 0.741936 -1.276445
    22 11.692554 0.000000 -0.000003 -0.000002 0.000000 -0.955161
    23 11.481705 -0.000001 -0.000004 -1.066284 0.638284 0.252728
    24 4.003906 -0.205811 0.920898 0.499449 0.024964 -1.213607
    25 1.312565 -0.000004 -0.000002 0.002647 -0.000003 0.000662
    26 0.729366 -0.000004 0.000000 -0.000007 0.002339 -1.574114
    27 4.222656 -0.111389 0.298096 0.146084 0.138555 -1.218293
    28 1.539104 0.000000 0.000001 0.021591 0.038691 -0.274898
    29 1.196322 0.000002 -0.000003 0.423018 0.188641 -2.054833
    30 3.883663 -0.050303 -0.431042 -0.048581 0.146519 -0.770215
    31 1.719584 0.000002 0.000006 -0.012269 0.089737 -0.735530
    32 1.209187 0.000004 0.000006 -0.004385 -0.003177 -1.490430
    33 3.859837 -0.148918 -1.331282 -0.321407 0.389554 -0.535029
    34 1.719431 0.000004 0.000013 0.007830 0.063159 -0.159722
    35 1.099665 0.000000 0.000007 -0.007433 -0.004262 -0.357454
    36 0.873535 -0.422119 -1.297852 1.277698 0.356538 -0.669644
    37 1.789785 -0.000006 -0.000010 -0.000498 -0.000088 -0.108780
    38 1.206999 -0.000001 -0.000008 -0.000493 -0.000238 0.720590
    39 -6.935603 -21.588236 -10.091608 1.913153 0.262748 -3.073519
    40 -0.000002 3.287109 -0.573233 0.000000 0.000000 0.000000
    41 -0.000002 2.156256 -2.244137 0.000000 0.000000 0.000000
    42 -8.801053 -35.153495 -3.777328 -0.620484 -0.273628 -0.501876
    43 -0.097351 5.335948 -3.376940 0.000000 0.000000 0.000000
    44 -7.803411 -24.475683 -6.126882 1.913166 0.262748 -3.073511
  time 112
    0 0.000000 -0.000006 0.000000 -1.570781 -1.391896 -1.570809
    1 -6.505975 12.817534 -0.316315 1.596636 -1.286515 2.942963
    2 6.028145 0.000003 0.000002 -0.667326 -0.755183 -1.861444
    3 11.692553 0.000081 -0.000005 -0.000051 0.000036 -1.721459
    4 11.481672 -0.000089 -0.000024 1.315348 -0.229509 0.009007
    5 3.859699 -0.142417 -1.191975 -0.429275 0.244670 -0.683611
    6 1.312563 -0.000008 0.000005 0.000000 -0.000003 -0.225729
    7 0.729362 -0.000008 0.000001 0.000001 -0.000003 -0.030332
    8 3.942329 0.046753 -0.431444 -0.132928 0.103667 -0.598344
    9 1.539093 0.000006 -0.000007 -0.000002 0.000006 -0.033817
    10 1.196322 -0.000008 0.000002 0.000001 -0.000007 -0.216839
    11 3.883690 -0.046783 0.431443 0.088563 0.003127 -0.374691
    12 1.719580 -0.000010 0.000009 0.001165 0.005394 -0.152479
    13 1.209183 -0.000004 0.000003 0.000647 0.003031 -0.002414
    14 3.859856 -0.137962 1.332466 0.338418 -0.115653 -0.329852
    15 1.719433 0.000002 -0.000004 0.000859 0.003995 -0.149013
    16 1.099676 -0.000006 0.000003 0.000544 0.002547 -0.030371
    17 0.966203 -1.165361 0.661082 -1.128853 -0.491858 -0.991179
    18 1.789782 0.000002 -0.000006 -0.016073 0.028901 0.023190
    19 1.206999 -0.000001 -0.000002 -0.004396 -0.001175 0.192562
    20 -0.221558 -2.662109 -5.308594 -1.668474 1.286518 2.942953
    21 6.028141 0.000000 -0.000002 1.200548 0.738037 -1.275781
    22 11.692554 0.000000 -0.000003 -0.000002 0.000000 -0.967390
    23 11.481705 -0.000001 -0.000004 -1.093737 0.640565 0.260580
    24 4.003906 -0.205811 0.920898 0.499449 0.024964 -1.213607
    25 1.312565 -0.000004 -0.000002 0.002647 -0.000003 0.000662
    26 0.729366 -0.000004 0.000000 -0.000007 0.002339 -1.574114
    27 4.222656 -0.111389 0.298096 0.146084 0.138555 -1.218293
    28 1.539104 0.000000 0.000001 0.021591 0.038691 -0.274898
    29 1.196322 0.000002 -0.000003 0.423018 0.188641 -2.054833
    30 3.883663 -0.050303 -0.431042 -0.048581 0.146519 -0.770215
    31 1.719584 0.000002 0.000006 -0.012269 0.089737 -0.735530
    32 1.209187 0.000004 0.000006 -0.004385 -0.003177 -1.490430
    33 3.859837 -0.148918 -1.331282 -0.321407 0.389554 -0.535029
    34 1.719431 0.000004 0.000013 0.007830 0.063159 -0.159722
    35 1.099665 0.000000 0.000007 -0.007433 -0.004262 -0.357454
    36 0.873535 -0.422119 -1.297852 1.277698 0.356538 -0.669644
    37 1.789785 -0.000006 -0.000010 -0.000498 -0.000088 -0.108780
    38 1.206999 -0.000001 -0.000008 -0.000493 -0.000238 0.720590
    39 -6.900446 -21.541360 -10.087701 1.902578 0.237744 -3.075839
    40 -0.000002 3.287109 -0.573233 0.000000 0.000000 0.000000
    41 -0.000002 2.156256 -2.244137 0.000000 0.000000 0.000000
    42 -8.801053 -35.153495 -3.777328 -0.620484 -0.273628 -0.501876
    43 -0.097351 5.335948 -3.376940 0.000000 0.000000 0.000000
    44 -7.662782 -24.463964 -6.126882 1.902554 0.237775 -3.075810
  time 113
    0 0.000000 -0.000006 0.000000 -1.570781 -1.391896 -1.570809
    1 -6.513788 12.825347 -0.308502 1.596636 -1.286515 2.942963
    2 6.028145 0.000003 0.000002 -0.594680 -0.821690 -1.972211
    3 11.692553 0.000081 -0.000005 -0.000039 0.000036 -1.599384
    4 11.481672 -0.000089 -0.000024 1.140528 -0.223733 -0.058321
    5 3.859699 -0.142417 -1.191975 -0.429275 0.244670 -0.683611
    6 1.312563 -0.000008 0.000005 0.000000 -0.000003 -0.225729
    7 0.729362 -0.000008 0.000001 0.000001 -0.000003 -0.030332
    8 3.942329 0.046753 -0.431444 -0.132928 0.103667 -0.598344
    9 1.539093 0.000006 -0.000007 -0.000002 0.000006 -0.033817
    10 1.196322 -0.000008 0.000002 0.000001 -0.000007 -0.216839
    11 3.883690 -0.046783 0.431443 0.088563 0.003127 -0.374691
    12 1.719580 -0.000010 0.000009 0.001165 0.005394 -0.152479
    13 1.209183 -0.000004 0.000003 0.000647 0.003031 -0.002414
    14 3.859856 -0.137962 1.332466 0.338418 -0.115653 -0.329852
    15 1.719433 0.000002 -0.000004 0.000859 0.003995 -0.149013
    16 1.099676 -0.000006 0.000003 0.000544 0.002535 -0.030371
    17 0.966203 -1.165361 0.661082 -1.128853 -0.491858 -0.991179
    18 1.789782 0.000002 -0.000006 -0.016073 0.028901 0.023190
    19 1.206999 -0.000001 -0.000002 -0.004396 -0.001175 0.192562
    20 -0.221558 -2.662109 -5.308594 -1.668474 1.286518 2.942953
    21 6.028141 0.000000 -0.000002 1.200548 0.728966 -1.273696
    22 11.692554 0.000000 -0.000003 -0.000002 0.000000 -0.989001
    23 11.481705 -0.000001 -0.000004 -1.116122 0.642934 0.275544
    24 4.003906 -0.205811 0.920898 0.499449 0.024964 -1.213607
    25 1.312565 -0.000004 -0.000002 0.002647 -0.000003 0.000662
    26 0.729366 -0.000004 0.000000 -0.000007 0.002339 -1.574114
    27 4.222656 -0.111389 0.298096 0.146084 0.138555 -1.218293
    28 1.539104 0.000000 0.000001 0.021591 0.038691 -0.274898
    29 1.196322 0.000002 -0.000003 0.423018 0.188641 -2.054833
    30 3.883663 -0.050303 -0.431042 -0.048581 0.146519 -0.770215
    31 1.719584 0.000002 0.000006 -0.012269 0.089737 -0.735530
    32 1.209187 0.000004 0.000006 -0.004385 -0.003177 -1.490430
    33 3.859837 -0.148918 -1.331282 -0.321407 0.389554 -0.535029
    34 1.719431 0.000004 0.000013 0.007830 0.063159 -0.159722
    35 1.099665 0.000000 0.000007 -0.007433 -0.004262 -0.357454
    36 0.873535 -0.422119 -1.297852 1.277698 0.356538 -0.669644
    37 1.789785 -0.000006 -0.000010 -0.000498 -0.000088 -0.108780
    38 1.206999 -0.000001 -0.000008 -0.000493 -0.000238 0.720590
    39 -6.857476 -21.435888 -10.087701 1.890973 0.216824 -3.078100
    40 -0.000002 3.287109 -0.573233 0.000000 0.000000 0.000000
    41 -0.000002 2.156256 -2.244137 0.000000 0.000000 0.000000
    42 -8.801053 -35.153495 -3.777328 -0.620484 -0.273628 -0.501876
    43 -0.097351 5.335948 -3.376940 0.000000 0.000000 0.000000
    44 -7.537778 -24.401462 -6.138601 1.891001 0.216853 -3.078109
  time 114
    0 0.000000 -0.000006 0.000000 -1.570781 -1.391896 -1.570809
    1 -6.525507 12.833159 -0.296783 1.596636 -1.286515 2.942963
    2 6.028145 0.000003 0.000002 -0.508222 -0.876515 -2.091851
    3 11.692553 0.000081 -0.000005 -0.000039 0.000036 -1.469018
    4 11.481672 -0.000089 -0.000024 0.977328 -0.222250 -0.122567
    5 3.859699 -0.142417 -1.191975 -0.429275 0.244670 -0.683611
    6 1.312563 -0.000008 0.000005 0.000000 -0.000003 -0.225729
    7 0.729362 -0.000008 0.000001 0.000001 -0.000003 -0.030332
    8 3.942329 0.046753 -0.431444 -0.132928 0.103667 -0.598344
    9 1.539093 0.000006 -0.000007 -0.000002 0.000006 -0.033817
    10 1.196322 -0.000008 0.000002 0.000001 -0.000007 -0.216839
    11 3.883690 -0.046783 0.431443 0.088563 0.003127 -0.374691
    12 1.719580 -0.000010 0.000009 0.001165 0.005394 -0.152479
    13 1.209183 -0.000004 0.000003 0.000647 0.003031 -0.002414
    14 3.859856 -0.137962 1.332466 0.338418 -0.115653 -0.329852
    15 1.719433 0.000002 -0.000004 0.000859 0.003995 -0.149013
    16 1.099676 -0.000006 0.000003 0.000544 0.002535 -0.030371
    17 0.966203 -1.165361 0.661082 -1.128853 -0.491858 -0.991179
    18 1.789782 0.000002 -0.000006 -0.016073 0.028901 0.023190
    19 1.206999 -0.000001 -0.000002 -0.004396 -0.001175 0.192562
    20 -0.221558 -2.662109 -5.308594 -1.668474 1.286518 2.942953
    21 6.028141 0.000000 -0.000002 1.200834 0.714842 -1.270188
    22 11.692554 0.000000 -0.000003 -0.000002 0.000000 -1.019542
    23 11.481705 -0.000001 -0.000004 -1.133982 0.645478 0.296952
    24 4.003906 -0.205811 0.920898 0.499449 0.024964 -1.213607
    25 1.312565 -0.000004 -0.000002 0.002647 -0.000003 0.000662
    26 0.729366 -0.000004 0.000000 -0.000007 0.002339 -1.574114
    27 4.222656 -0.111389 0.298096 0.146084 0.138555 -1.218293
    28 1.539104 0.000000 0.000001 0.021591 0.038691 -0.274898
    29 1.196322 0.000002 -0.000003 0.423018 0.188641 -2.054833
    30 3.883663 -0.050303 -0.431042 -0.048581 0.146519 -0.770215
    31 1.719584 0.000002 0.000006 -0.012269 0.089737 -0.735530
    32 1.209187 0.000004 0.000006 -0.004385 -0.003177 -1.490430
    33 3.859837 -0.148918 -1.331282 -0.321407 0.389554 -0.535029
    34 1.719431 0.000004 0.000013 0.007830 0.063159 -0.159722
    35 1.099665 0.000000 0.000007 -0.007433 -0.004262 -0.357454
    36 0.873535 -0.422119 -1.297852 1.277698 0.356538 -0.669644
    37 1.789785 -0.000006 -0.000010 -0.000498 -0.000088 -0.108780
    38 1.206999 -0.000001 -0.000008 -0.000493 -0.000238 0.720590
    39 -6.818412 -21.275726 -10.083795 1.878635 0.199530 -3.080246
    40 -0.000002 3.287109 -0.573233 0.000000 0.000000 0.000000
    41 -0.000002 2.156256 -2.244137 0.000000 0.000000 0.000000
    42 -8.801053 -35.153495 -3.777328 -0.620484 -0.273628 -0.501876
    43 -0.097351 5.335948 -3.376940 0.000000 0.000000 0.000000
    44 -7.424493 -24.284271 -6.158133 1.878612 0.199549 -3.080216
  time 115
    0 0.000000 -0.000006 0.000000 -1.570781 -1.391896 -1.570809
    1 -6.537226 12.840972 -0.288970 1.596636 -1.286515 2.942963
    2 6.028145 0.000003 0.000002 -0.430147 -0.911600 -2.193841
    3 11.692553 0.000081 -0.000005 -0.000039 0.000036 -1.361958
    4 11.481672 -0.000089 -0.000024 0.832194 -0.220026 -0.165244
    5 3.859699 -0.142417 -1.191975 -0.447878 0.222235 -0.823118
    6 1.312563 -0.000008 0.000005 -0.002625 0.048511 -0.356220
    7 0.729362 -0.000008 0.000001 -0.021931 0.043825 -0.202132
    8 3.942329 0.038940 -0.454882 -0.135517 0.090220 -0.739489
    9 1.539093 0.000006 -0.000007 0.007309 0.010085 -0.215662
    10 1.196322 -0.000008 0.000002 -0.001126 0.012397 -0.398735
    11 3.875877 -0.066315 0.372848 0.072084 0.013542 -0.525660
    12 1.719580 -0.000010 0.000009 0.012574 -0.010593 -0.333349
    13 1.209183 -0.000004 0.000003 0.019056 -0.004975 -0.183178
    14 3.867668 -0.145775 1.297309 0.326820 -0.066564 -0.493631
    15 1.719433 0.000002 -0.000004 0.019004 -0.040612 -0.321039
    16 1.099676 -0.000006 0.000003 0.039279 -0.026324 -0.202414
    17 1.001360 -1.118484 0.711864 -1.140523 -0.480838 -0.987735
    18 1.789782 0.000002 -0.000006 -0.023816 0.046177 0.174690
    19 1.206999 -0.000001 -0.000002 -0.005619 -0.002362 0.327512
    20 -0.221558 -2.662109 -5.308594 -1.668474 1.286518 2.942953
    21 6.028141 0.000000 -0.000002 1.200834 0.700878 -1.266965
    22 11.692554 0.000000 -0.000003 -0.000002 0.000000 -1.050018
    23 11.481705 -0.000001 -0.000004 -1.147920 0.647437 0.320656
    24 4.003906 -0.205811 0.920898 0.499449 0.024964 -1.213607
    25 1.312565 -0.000004 -0.000002 0.002647 -0.000003 0.000662
    26 0.729366 -0.000004 0.000000 -0.000007 0.002339 -1.574114
    27 4.222656 -0.111389 0.298096 0.146084 0.138555 -1.218293
    28 1.539104 0.000000 0.000001 0.021591 0.038691 -0.274898
    29 1.196322 0.000002 -0.000003 0.423018 0.188641 -2.054833
    30 3.883663 -0.050303 -0.431042 -0.048581 0.146519 -0.770215
    31 1.719584 0.000002 0.000006 -0.012269 0.089737 -0.735530
    32 1.209187 0.000004 0.000006 -0.004385 -0.003177 -1.490430
    33 3.859837 -0.148918 -1.331282 -0.321407 0.389554 -0.535029
    34 1.719431 0.000004 0.000013 0.007830 0.063159 -0.159722
    35 1.099665 0.000000 0.000007 -0.007433 -0.004262 -0.357454
    36 0.873535 -0.422119 -1.297852 1.277698 0.356538 -0.669644
    37 1.789785 -0.000006 -0.000010 -0.000498 -0.000088 -0.108780
    38 1.206999 -0.000001 -0.000008 -0.000493 -0.000238 0.720590
    39 -6.775442 -21.107753 -10.083795 1.865635 0.185403 -3.082275
    40 -0.000002 3.287109 -0.573233 0.000000 0.000000 0.000000
    41 -0.000002 2.156256 -2.244137 0.000000 0.000000 0.000000
    42 -8.801053 -35.153495 -3.777328 -0.620484 -0.273628 -0.501876
    43 -0.097351 5.335948 -3.376940 0.000000 0.000000 0.000000
    44 -7.322928 -24.163174 -6.185477 1.865647 0.185391 -3.082228
  time 116
    0 0.000000 -0.000006 0.000000 -1.570781 -1.391896 -1.570809
    1 -6.548945 12.852691 -0.281158 1.596636 -1.286515 2.942963
    2 6.028145 0.000003 0.000002 -0.393105 -0.923526 -2.240781
    3 11.692553 0.000081 -0.000005 -0.000027 0.000036 -1.315192
    4 11.481672 -0.000089 -0.000024 0.709775 -0.212065 -0.166348
    5 3.859699 -0.142417 -1.191975 -0.476885 0.163774 -1.134843
    6 1.312563 -0.000008 0.000005 -0.031903 0.154311 -0.654788
    7 0.729362 -0.000008 0.000001 -0.099148 0.126267 -0.605297
    8 3.950142 0.019408 -0.505665 -0.134247 0.059300 -1.058801
    9 1.539093 0.000006 -0.000007 0.016513 0.037314 -0.637176
    10 1.196322 -0.000008 0.000002 -0.012140 0.038943 -0.820774
    11 3.848533 -0.117098 0.240031 0.029994 0.027264 -0.870314
    12 1.719580 -0.000010 0.000009 0.048576 -0.037990 -0.753389
    13 1.209183 -0.000004 0.000003 0.065040 -0.010056 -0.602503
    14 3.895013 -0.173120 1.215275 0.271142 0.034801 -0.872875
    15 1.719433 0.000002 -0.000004 0.088359 -0.127188 -0.724267
    16 1.099676 -0.000006 0.000003 0.143604 -0.064818 -0.604392
    17 1.071675 -1.013012 0.813430 -1.165826 -0.456466 -0.980735
    18 1.789782 0.000002 -0.000006 -0.031210 0.088561 0.520360
    19 1.206999 -0.000001 -0.000002 -0.008891 -0.004387 0.632629
    20 -0.221558 -2.662109 -5.308594 -1.668474 1.286518 2.942953
    21 6.028141 0.000000 -0.000002 1.200166 0.693318 -1.265732
    22 11.692554 0.000000 -0.000003 -0.000002 0.000000 -1.069882
    23 11.481705 -0.000001 -0.000004 -1.158298 0.647642 0.342175
    24 4.003906 -0.205811 0.920898 0.499449 0.024964 -1.213607
    25 1.312565 -0.000004 -0.000002 0.002647 -0.000003 0.000662
    26 0.729366 -0.000004 0.000000 -0.000007 0.002339 -1.574114
    27 4.222656 -0.111389 0.298096 0.146084 0.138555 -1.218293
    28 1.539104 0.000000 0.000001 0.021591 0.038691 -0.274898
    29 1.196322 0.000002 -0.000003 0.423018 0.188641 -2.054833
    30 3.883663 -0.050303 -0.431042 -0.048581 0.146519 -0.770215
    31 1.719584 0.000002 0.000006 -0.012269 0.089737 -0.735530
    32 1.209187 0.000004 0.000006 -0.004385 -0.003177 -1.490430
    33 3.859837 -0.148918 -1.331282 -0.321407 0.389554 -0.535029
    34 1.719431 0.000004 0.000013 0.007830 0.063159 -0.159722
    35 1.099665 0.000000 0.000007 -0.007433 -0.004262 -0.357454
    36 0.873535 -0.422119 -1.297852 1.277698 0.356538 -0.669644
    37 1.789785 -0.000006 -0.000010 -0.000498 -0.000088 -0.108780
    38 1.206999 -0.000001 -0.000008 -0.000493 -0.000238 0.720590
    39 -6.736378 -21.010093 -10.079889 1.852195 0.173984 -3.084073
    40 -0.000002 3.287109 -0.573233 0.000000 0.000000 0.000000
    41 -0.000002 2.156256 -2.244137 0.000000 0.000000 0.000000
    42 -8.801053 -35.153495 -3.777328 -0.620484 -0.273628 -0.501876
    43 -0.097351 5.335948 -3.376940 0.000000 0.000000 0.000000
    44 -7.233081 -24.112391 -6.216728 1.852212 0.173986 -3.084144
  time 117
    0 0.000000 -0.000006 0.000000 -1.570781 -1.391896 -1.570809
    1 -6.556758 12.860504 -0.269439 1.596636 -1.286515 2.942963
    2 6.028145 0.000003 0.000002 -0.401488 -0.912821 -2.227233
    3 11.692553 0.000081 -0.000005 -0.000027 0.000036 -1.339826
    4 11.481672 -0.000089 -0.000024 0.621465 -0.199773 -0.122245
    5 3.859699 -0.142417 -1.191975 -0.486264 0.099453 -1.442116
    6 1.312563 -0.000008 0.000005 -0.092437 0.246556 -0.962284
    7 0.729362 -0.000008 0.000001 -0.203629 0.171437 -1.017419
    8 3.957955 -0.004030 -0.556448 -0.123341 0.030345 -1.377566
    9 1.539093 0.000006 -0.000007 0.013756 0.065909 -1.059103
    10 1.196322 -0.000008 0.000002 -0.033077 0.058646 -1.243574
    11 3.821188 -0.163975 0.107215 -0.014265 0.025958 -1.215264
    12 1.719580 -0.000010 0.000009 0.092667 -0.048309 -1.174466
    13 1.209183 -0.000004 0.000003 0.109108 0.004014 -1.021683
    14 3.918451 -0.200464 1.137148 0.181400 0.108051 -1.259464
    15 1.719433 0.000002 -0.000004 0.187291 -0.179249 -1.136786
    16 1.099676 -0.000006 0.000003 0.254786 -0.059293 -1.008510
    17 1.145896 -0.907540 0.918902 -1.190656 -0.431975 -0.974468
    18 1.789782 0.000002 -0.000006 -0.023732 0.130945 0.867360
    19 1.206999 -0.000001 -0.000002 -0.012618 -0.005322 0.937798
    20 -0.221558 -2.662109 -5.308594 -1.668474 1.286518 2.942953
    21 6.028141 0.000000 -0.000002 1.199213 0.691130 -1.265922
    22 11.692554 0.000000 -0.000003 -0.000002 0.000000 -1.081011
    23 11.481705 -0.000001 -0.000004 -1.165720 0.646180 0.361732
    24 4.003906 -0.205811 0.920898 0.499449 0.024964 -1.213607
    25 1.312565 -0.000004 -0.000002 0.002647 -0.000003 0.000662
    26 0.729366 -0.000004 0.000000 -0.000007 0.002339 -1.574114
    27 4.222656 -0.111389 0.298096 0.146084 0.138555 -1.218293
    28 1.539104 0.000000 0.000001 0.021591 0.038691 -0.274898
    29 1.196322 0.000002 -0.000003 0.423018 0.188641 -2.054833
    30 3.883663 -0.050303 -0.431042 -0.048581 0.146519 -0.770215
    31 1.719584 0.000002 0.000006 -0.012269 0.089737 -0.735530
    32 1.209187 0.000004 0.000006 -0.004385 -0.003177 -1.490430
    33 3.859837 -0.148918 -1.331282 -0.321407 0.389554 -0.535029
    34 1.719431 0.000004 0.000013 0.007830 0.063159 -0.159722
    35 1.099665 0.000000 0.000007 -0.007433 -0.004262 -0.357454
    36 0.873535 -0.422119 -1.297852 1.277698 0.356538 -0.669644
    37 1.789785 -0.000006 -0.000010 -0.000498 -0.000088 -0.108780
    38 1.206999 -0.000001 -0.000008 -0.000493 -0.000238 0.720590
    39 -6.697315 -20.967123 -10.079889 1.838534 0.164983 -3.085755
    40 -0.000002 3.287109 -0.573233 0.000000 0.000000 0.000000
    41 -0.000002 2.156256 -2.244137 0.000000 0.000000 0.000000
    42 -8.801053 -35.153495 -3.777328 -0.620484 -0.273628 -0.501876
    43 -0.097351 5.335948 -3.376940 0.000000 0.000000 0.000000
    44 -7.158860 -24.120204 -6.251886 1.838568 0.165019 -3.085772
  time 118
    0 0.000000 -0.000006 0.000000 -1.570781 -1.391896 -1.570809
    1 -6.568477 12.868317 -0.261626 1.596636 -1.286515 2.942963
    2 6.028145 0.000003 0.000002 -0.415698 -0.901913 -2.206912
    3 11.692553 0.000081 -0.000005 -0.000039 0.000036 -1.376895
    4 11.481672 -0.000089 -0.000024 0.582183 -0.182017 -0.085408
    5 3.859699 -0.142417 -1.191975 -0.484028 0.070762 -1.576995
    6 1.312563 -0.000008 0.000005 -0.128331 0.280532 -1.101881
    7 0.729362 -0.000008 0.000001 -0.253066 0.177105 -1.197334
    8 3.961861 -0.011843 -0.583793 -0.115730 0.018984 -1.518082
    9 1.539093 0.000006 -0.000007 0.008914 0.077403 -1.241360
    10 1.196322 -0.000008 0.000002 -0.044306 0.064099 -1.426142
    11 3.809469 -0.187413 0.048619 -0.033009 0.020625 -1.366465
    12 1.719580 -0.000010 0.000009 0.112274 -0.046907 -1.356207
    13 1.209183 -0.000004 0.000003 0.125575 0.015495 -1.202251
    14 3.930170 -0.212183 1.098084 0.134762 0.128017 -1.429737
    15 1.719433 0.000002 -0.000004 0.235362 -0.188465 -1.317258
    16 1.099676 -0.000006 0.000003 0.300399 -0.043246 -1.182464
    17 1.181053 -0.860664 0.965778 -1.201798 -0.420776 -0.971871
    18 1.789782 0.000002 -0.000006 -0.015858 0.148201 1.020237
    19 1.206999 -0.000001 -0.000002 -0.014320 -0.005370 1.072748
    20 -0.221558 -2.662109 -5.308594 -1.668474 1.286518 2.942953
    21 6.028141 0.000000 -0.000002 1.199022 0.683889 -1.264405
    22 11.692554 0.000000 -0.000003 -0.000002 0.000000 -1.100487
    23 11.481705 -0.000001 -0.000004 -1.170607 0.644864 0.385325
    24 4.003906 -0.205811 0.920898 0.499449 0.024964 -1.213607
    25 1.312565 -0.000004 -0.000002 0.002647 -0.000003 0.000662
    26 0.729366 -0.000004 0.000000 -0.000007 0.002339 -1.574114
    27 4.222656 -0.111389 0.298096 0.146084 0.138555 -1.218293
    28 1.539104 0.000000 0.000001 0.021591 0.038691 -0.274898
    29 1.196322 0.000002 -0.000003 0.423018 0.188641 -2.054833
    30 3.883663 -0.050303 -0.431042 -0.048581 0.146519 -0.770215
    31 1.719584 0.000002 0.000006 -0.012269 0.089737 -0.735530
    32 1.209187 0.000004 0.000006 -0.004385 -0.003177 -1.490430
    33 3.859837 -0.148918 -1.331282 -0.321407 0.389554 -0.535029
    34 1.719431 0.000004 0.000013 0.007830 0.063159 -0.159722
    35 1.099665 0.000000 0.000007 -0.007433 -0.004262 -0.357454
    36 0.873535 -0.422119 -1.297852 1.277698 0.356538 -0.669644
    37 1.789785 -0.000006 -0.000010 -0.000498 -0.000088 -0.108780
    38 1.206999 -0.000001 -0.000008 -0.000493 -0.000238 0.720590
    39 -6.666064 -20.865558 -10.079889 1.824947 0.158107 -3.087088
    40 -0.000002 3.287109 -0.573233 0.000000 0.000000 0.000000
    41 -0.000002 2.156256 -2.244137 0.000000 0.000000 0.000000
    42 -8.801053 -35.153495 -3.777328 -0.620484 -0.273628 -0.501876
    43 -0.097351 5.335948 -3.376940 0.000000 0.000000 0.000000
    44 -7.092452 -24.069421 -6.287043 1.824924 0.158137 -3.087114
  time 119
    0 0.000000 -0.000006 0.000000 -1.570781 -1.391896 -1.570809
    1 -6.580196 12.872223 -0.253813 1.596636 -1.286515 2.942963
    2 6.028145 0.000003 0.000002 -0.432941 -0.920107 -2.196131
    3 11.692553 0.000081 -0.000005 -0.000039 0.000036 -1.386201
    4 11.481672 -0.000089 -0.000024 0.656474 -0.061630 -0.119670
    5 3.859699 -0.142417 -1.191975 -0.484028 0.070762 -1.576995
    6 1.312563 -0.000008 0.000005 -0.128331 0.280532 -1.101881
    7 0.729362 -0.000008 0.000001 -0.253066 0.177105 -1.197334
    8 3.961861 -0.011843 -0.583793 -0.115730 0.018984 -1.518082
    9 1.539093 0.000006 -0.000007 0.008914 0.077403 -1.241360
    10 1.196322 -0.000008 0.000002 -0.044306 0.064099 -1.426142
    11 3.809469 -0.187413 0.048619 -0.033009 0.020625 -1.366465
    12 1.719580 -0.000010 0.000009 0.112274 -0.046907 -1.356207
    13 1.209183 -0.000004 0.000003 0.125575 0.015495 -1.202251
    14 3.930170 -0.212183 1.098084 0.134762 0.128017 -1.429765
    15 1.719433 0.000002 -0.000004 0.235362 -0.188465 -1.317287
    16 1.099676 -0.000006 0.000003 0.300399 -0.043246 -1.182464
    17 1.181053 -0.860664 0.965778 -1.201798 -0.420776 -0.971871
    18 1.789782 0.000002 -0.000006 -0.015858 0.148201 1.020237
    19 1.206999 -0.000001 -0.000002 -0.014320 -0.005370 1.072748
    20 -0.221558 -2.662109 -5.308594 -1.668474 1.286518 2.942953
    21 6.028141 0.000000 -0.000002 1.200071 0.659978 -1.257579
    22 11.692554 0.000000 -0.000003 -0.000002 0.000000 -1.147139
    23 11.481705 -0.000001 -0.000004 -1.173503 0.646034 0.419548
    24 4.003906 -0.205811 0.920898 0.499449 0.024964 -1.213607
    25 1.312565 -0.000004 -0.000002 0.002647 -0.000003 0.000662
    26 0.729366 -0.000004 0.000000 -0.000007 0.002339 -1.574114
    27 4.222656 -0.111389 0.298096 0.146084 0.138555 -1.218293
    28 1.539104 0.000000 0.000001 0.021591 0.038691 -0.274898
    29 1.196322 0.000002 -0.000003 0.423018 0.188641 -2.054833
    30 3.883663 -0.050303 -0.431042 -0.048581 0.146519 -0.770215
    31 1.719584 0.000002 0.000006 -0.012269 0.089737 -0.735530
    32 1.209187 0.000004 0.000006 -0.004385 -0.003177 -1.490430
    33 3.859837 -0.148918 -1.331282 -0.321407 0.389554 -0.535029
    34 1.719431 0.000004 0.000013 0.007830 0.063159 -0.159722
    35 1.099665 0.000000 0.000007 -0.007433 -0.004262 -0.357454
    36 0.873535 -0.422119 -1.297852 1.277698 0.356538 -0.669644
    37 1.789785 -0.000006 -0.000010 -0.000498 -0.000088 -0.108780
    38 1.206999 -0.000001 -0.000008 -0.000493 -0.000238 0.720590
    39 -6.642626 -20.568674 -10.079889 1.811507 0.153106 -3.088132
    40 -0.000002 3.287109 -0.573233 0.000000 0.000000 0.000000
    41 -0.000002 2.156256 -2.244137 0.000000 0.000000 0.000000
    42 -8.801053 -35.153495 -3.777328 -0.620484 -0.273628 -0.501876
    43 -0.097351 5.335948 -3.220685 0.000000 0.000000 0.000000
    44 -7.045575 -23.823320 -6.326107 1.811541 0.153142 -3.088167
  time 120
    0 0.000000 -0.000006 0.000000 -1.570781 -1.391896 -1.570809
    1 -6.588009 12.880036 -0.242094 1.596636 -1.286515 2.942963
    2 6.028145 0.000003 0.000002 -0.441563 -0.899674 -2.177908
    3 11.692553 0.000081 -0.000005 -0.000039 0.000036 -1.465421
    4 11.481672 -0.000089 -0.000024 0.665620 -0.077747 -0.051698
    5 3.859699 -0.142417 -1.191975 -0.484028 0.070762 -1.576995
    6 1.312563 -0.000008 0.000005 -0.128331 0.280532 -1.101881
    7 0.729362 -0.000008 0.000001 -0.253066 0.177105 -1.197334
    8 3.961861 -0.011843 -0.583793 -0.115730 0.018984 -1.518082
    9 1.539093 0.000006 -0.000007 0.008914 0.077403 -1.241360
    10 1.196322 -0.000008 0.000002 -0.044306 0.064099 -1.426142
    11 3.809469 -0.187413 0.048619 -0.033009 0.020625 -1.366465
    12 1.719580 -0.000010 0.000009 0.112274 -0.046907 -1.356207
    13 1.209183 -0.000004 0.000003 0.125575 0.015495 -1.202251
    14 3.930170 -0.212183 1.098084 0.134762 0.128017 -1.429737
    15 1.719433 0.000002 -0.000004 0.235362 -0.188465 -1.317258
    16 1.099676 -0.000006 0.000003 0.300399 -0.043246 -1.182464
    17 1.181053 -0.860664 0.965778 -1.201798 -0.420776 -0.971871
    18 1.789782 0.000002 -0.000006 -0.015858 0.148201 1.020261
    19 1.206999 -0.000001 -0.000002 -0.014320 -0.005370 1.072748
    20 -0.221558 -2.662109 -5.308594 -1.668474 1.286518 2.942953
    21 6.028141 0.000000 -0.000002 1.201406 0.611519 -1.244023
    22 11.692554 0.000000 -0.000003 -0.000002 0.000000 -1.232290
    23 11.481705 -0.000001 -0.000004 -1.174529 0.651853 0.467513
    24 4.003906 -0.205811 0.920898 0.499449 0.024964 -1.213607
    25 1.312565 -0.000004 -0.000002 0.002647 -0.000003 0.000662
    26 0.729366 -0.000004 0.000000 0.000000 0.002340 -1.574072
    27 4.222656 -0.111389 0.298096 0.146084 0.138555 -1.218293
    28 1.539104 0.000000 0.000001 0.021591 0.038691 -0.274898
    29 1.196322 0.000002 -0.000003 0.423018 0.188641 -2.054833
    30 3.883663 -0.050303 -0.431042 -0.048581 0.146519 -0.770215
    31 1.719584 0.000002 0.000006 -0.012269 0.089737 -0.735530
    32 1.209187 0.000004 0.000006 -0.004385 -0.003177 -1.490430
    33 3.859837 -0.148918 -1.331282 -0.321410 0.389553 -0.535020
    34 1.719431 0.000004 0.000013 0.007830 0.063159 -0.159722
    35 1.099665 0.000000 0.000007 -0.007433 -0.004262 -0.357454
    36 0.873535 -0.422119 -1.297852 1.277698 0.356538 -0.669644
    37 1.789785 -0.000006 -0.000010 -0.000498 -0.000088 -0.108780
    38 1.206999 -0.000001 -0.000008 -0.000493 -0.000238 0.720590
    39 -6.627000 -19.970999 -10.079889 1.798654 0.149773 -3.088828
    40 -0.000002 3.287109 -0.573233 0.000000 0.000000 0.000000
    41 -0.000002 2.156256 -2.244137 0.000000 0.000000 0.000000
    42 -8.796875 -35.125000 -3.773438 -0.620577 -0.273631 -0.501918
    43 -0.097351 5.335948 -2.798797 0.000000 0.000000 0.000000
    44 -7.010418 -23.272521 -6.365170 1.798629 0.149799 -3.088838
  time 121
    0 0.000000 -0.000006 0.000000 -1.570781 -1.391896 -1.570809
    1 -6.599728 12.887848 -0.234281 1.596636 -1.286515 2.942963
    2 6.028145 0.000003 0.000002 -0.458487 -0.872119 -2.146519
    3 11.692553 0.000081 -0.000005 -0.000039 0.000036 -1.545892
    4 11.481672 -0.000089 -0.000024 0.678064 -0.094019 0.006293
    5 3.859699 -0.142417 -1.191975 -0.483508 0.066184 -1.562339
    6 1.312563 -0.000008 0.000005 -0.121104 0.269255 -1.089472
    7 0.729362 -0.000008 0.000001 -0.240398 0.172443 -1.173718
    8 3.961861 -0.011843 -0.583793 -0.117900 0.018097 -1.505368
    9 1.539093 0.000006 -0.000007 0.009442 0.074059 -1.217026
    10 1.196322 -0.000008 0.000002 -0.041705 0.061929 -1.401671
    11 3.809469 -0.187413 0.048619 -0.028898 0.022842 -1.351302
    12 1.719580 -0.000010 0.000009 0.106869 -0.046068 -1.331950
    13 1.209183 -0.000004 0.000003 0.120409 0.013506 -1.178351
    14 3.930170 -0.212183 1.098084 0.143739 0.129132 -1.408361
    15 1.719433 0.000002 -0.000004 0.223185 -0.183000 -1.293523
    16 1.099676 -0.000006 0.000003 0.287264 -0.044516 -1.160389
    17 1.181053 -0.856757 0.969685 -1.201380 -0.461209 -0.945395
    18 1.789782 0.000002 -0.000006 -0.021227 0.125295 0.897805
    19 1.206999 -0.000001 -0.000002 -0.011911 -0.005226 0.963169
    20 -0.221558 -2.662109 -5.308594 -1.668474 1.286518 2.942953
    21 6.028141 0.000000 -0.000002 1.201883 0.582396 -1.235775
    22 11.692554 0.000000 -0.000003 -0.000002 0.000000 -1.284894
    23 11.481705 -0.000001 -0.000004 -1.173925 0.653140 0.502181
    24 4.003906 -0.205811 0.920898 0.499449 0.024964 -1.213607
    25 1.312565 -0.000004 -0.000002 0.002647 -0.000003 0.000662
    26 0.729366 -0.000004 0.000000 0.000000 0.002340 -1.574072
    27 4.222656 -0.111389 0.298096 0.146084 0.138555 -1.218293
    28 1.539104 0.000000 0.000001 0.021591 0.038691 -0.274898
    29 1.196322 0.000002 -0.000003 0.423018 0.188641 -2.054833
    30 3.883663 -0.050303 -0.431042 -0.048581 0.146519 -0.770215
    31 1.719584 0.000002 0.000006 -0.012269 0.089737 -0.735530
    32 1.209187 0.000004 0.000006 -0.004385 -0.003177 -1.490430
    33 3.859837 -0.148918 -1.331282 -0.321410 0.389553 -0.535020
    34 1.719431 0.000004 0.000013 0.007830 0.063159 -0.159722
    35 1.099665 0.000000 0.000007 -0.007433 -0.004262 -0.357454
    36 0.873535 -0.422119 -1.297852 1.277698 0.356538 -0.669644
    37 1.789785 -0.000006 -0.000010 -0.000498 -0.000088 -0.108780
    38 1.206999 -0.000001 -0.000008 -0.000493 -0.000238 0.720590
    39 -6.619187 -19.592081 -10.075982 1.786462 0.147939 -3.089060
    40 -0.000002 3.287109 -0.573233 0.000000 0.000000 0.000000
    41 -0.000002 2.156256 -2.244137 0.000000 0.000000 0.000000
    42 -8.796875 -35.125000 -3.773438 -0.620577 -0.273631 -0.501918
    43 -0.097351 5.335948 -2.201123 0.000000 0.000000 0.000000
    44 -6.990886 -22.936574 -6.404234 1.786449 0.147951 -3.089125
  time 122
    0 0.000000 -0.000006 0.000000 -1.570781 -1.391896 -1.570809
    1 -6.611447 12.895661 -0.226469 1.596636 -1.286515 2.942963
    2 6.028145 0.000003 0.000002 -0.474214 -0.845093 -2.115894
    3 11.692553 0.000081 -0.000005 -0.000039 0.000036 -1.609941
    4 11.481672 -0.000089 -0.000024 0.690434 -0.108653 0.047407
    5 3.859699 -0.142417 -1.191975 -0.482502 0.054667 -1.522685
    6 1.312563 -0.000008 0.000005 -0.102696 0.239161 -1.056053
    7 0.729362 -0.000008 0.000001 -0.207440 0.158889 -1.110169
    8 3.961861 -0.011843 -0.583793 -0.123688 0.016095 -1.470533
    9 1.539093 0.000006 -0.000007 0.010496 0.065178 -1.151201
    10 1.196322 -0.000008 0.000002 -0.035042 0.055949 -1.335551
    11 3.809469 -0.187413 0.048619 -0.017837 0.028391 -1.309843
    12 1.719580 -0.000010 0.000009 0.092703 -0.043275 -1.266394
    13 1.209183 -0.000004 0.000003 0.106567 0.008784 -1.113625
    14 3.930170 -0.212183 1.098084 0.167787 0.130846 -1.350315
    15 1.719433 0.000002 -0.000004 0.191618 -0.167373 -1.229716
    16 1.099676 -0.000006 0.000003 0.252413 -0.046650 -1.100539
    17 1.188866 -0.848945 0.977498 -1.204870 -0.550405 -0.884763
    18 1.789782 0.000002 -0.000006 -0.022821 0.072509 0.623583
    19 1.206999 -0.000001 -0.000002 -0.006674 -0.003968 0.717792
    20 -0.221558 -2.662109 -5.308594 -1.668474 1.286518 2.942953
    21 6.028141 0.000000 -0.000002 1.203217 0.584346 -1.235301
    22 11.692554 0.000000 -0.000003 -0.000002 0.000000 -1.288000
    23 11.481705 -0.000001 -0.000004 -1.172176 0.646911 0.518144
    24 4.003906 -0.205811 0.920898 0.499449 0.024964 -1.213607
    25 1.312565 -0.000004 -0.000002 0.002647 -0.000003 0.000662
    26 0.729366 -0.000004 0.000000 0.000000 0.002340 -1.574072
    27 4.222656 -0.111389 0.298096 0.146084 0.138555 -1.218293
    28 1.539104 0.000000 0.000001 0.021591 0.038691 -0.274898
    29 1.196322 0.000002 -0.000003 0.423018 0.188641 -2.054833
    30 3.883663 -0.050303 -0.431042 -0.048581 0.146519 -0.770215
    31 1.719584 0.000002 0.000006 -0.012269 0.089737 -0.735530
    32 1.209187 0.000004 0.000006 -0.004385 -0.003177 -1.490430
    33 3.859837 -0.148918 -1.331282 -0.321410 0.389553 -0.535020
    34 1.719431 0.000004 0.000013 0.007830 0.063159 -0.159722
    35 1.099665 0.000000 0.000007 -0.007433 -0.004262 -0.357454
    36 0.873535 -0.422119 -1.297852 1.277698 0.356538 -0.669644
    37 1.789785 -0.000006 -0.000010 -0.000498 -0.000088 -0.108780
    38 1.206999 -0.000001 -0.000008 -0.000493 -0.000238 0.720590
    39 -6.623094 -19.599894 -10.075982 1.775225 0.147439 -3.089060
    40 -0.000002 3.287109 -0.573233 0.000000 0.000000 0.000000
    41 -0.000002 2.156256 -2.244137 0.000000 0.000000 0.000000
    42 -8.796875 -35.125000 -3.773438 -0.620577 -0.273631 -0.501918
    43 -0.097351 5.335948 -1.517508 0.000000 0.000000 0.000000
    44 -6.979167 -22.983450 -6.439391 1.775262 0.147440 -3.089125
  time 123
    0 0.000000 -0.000006 0.000000 -1.570781 -1.391896 -1.570809
    1 -6.619260 12.899568 -0.218656 1.596636 -1.286515 2.942963
    2 6.028145 0.000003 0.000002 -0.481718 -0.805042 -2.086413
    3 11.692553 0.000081 -0.000005 -0.000051 0.000036 -1.692211
    4 11.481672 -0.000089 -0.000024 0.714273 -0.129453 0.097673
    5 3.859699 -0.142417 -1.191975 -0.482017 0.039542 -1.464274
    6 1.312563 -0.000008 0.000005 -0.078343 0.195693 -1.007457
    7 0.729362 -0.000008 0.000001 -0.162211 0.136442 -1.017943
    8 3.961861 -0.011843 -0.583793 -0.131993 0.014046 -1.418417
    9 1.539093 0.000006 -0.000007 0.011072 0.052487 -1.054813
    10 1.196322 -0.000008 0.000002 -0.026233 0.046781 -1.238698
    11 3.809469 -0.187413 0.048619 -0.001657 0.035354 -1.248068
    12 1.719580 -0.000010 0.000009 0.072940 -0.037846 -1.170361
    13 1.209183 -0.000004 0.000003 0.086481 0.003498 -1.018512
    14 3.930170 -0.212183 1.098084 0.202471 0.130127 -1.265000
    15 1.719433 0.000002 -0.000004 0.148593 -0.142109 -1.137223
    16 1.099676 -0.000006 0.000003 0.202796 -0.046398 -1.012424
    17 1.200585 -0.837226 0.985310 -1.215304 -0.639222 -0.820011
    18 1.789782 0.000002 -0.000006 -0.010045 0.021252 0.350110
    19 1.206999 -0.000001 -0.000002 -0.001904 -0.001475 0.472414
    20 -0.221558 -2.662109 -5.308594 -1.668474 1.286518 2.942953
    21 6.028141 0.000000 -0.000002 1.204552 0.587131 -1.235111
    22 11.692554 0.000000 -0.000003 -0.000002 0.000000 -1.289294
    23 11.481705 -0.000001 -0.000004 -1.171271 0.641091 0.531737
    24 4.003906 -0.205811 0.920898 0.499449 0.024964 -1.213607
    25 1.312565 -0.000004 -0.000002 0.002647 -0.000003 0.000662
    26 0.729366 -0.000004 0.000000 0.000000 0.002340 -1.574072
    27 4.222656 -0.111389 0.298096 0.146084 0.138555 -1.218293
    28 1.539104 0.000000 0.000001 0.021591 0.038691 -0.274898
    29 1.196322 0.000002 -0.000003 0.423018 0.188641 -2.054833
    30 3.883663 -0.050303 -0.431042 -0.048581 0.146519 -0.770215
    31 1.719584 0.000002 0.000006 -0.012269 0.089737 -0.735530
    32 1.209187 0.000004 0.000006 -0.004385 -0.003177 -1.490430
    33 3.859837 -0.148918 -1.331282 -0.321410 0.389553 -0.535020
    34 1.719431 0.000004 0.000013 0.007830 0.063159 -0.159722
    35 1.099665 0.000000 0.000007 -0.007433 -0.004262 -0.357454
    36 0.873535 -0.422119 -1.297852 1.277698 0.356538 -0.669644
    37 1.789785 -0.000006 -0.000010 -0.000498 -0.000088 -0.108780
    38 1.206999 -0.000001 -0.000008 -0.000493 -0.000238 0.720590
    39 -6.623094 -19.615520 -10.075982 1.765090 0.146480 -3.089060
    40 -0.000002 3.287109 -0.573233 0.000000 0.000000 0.000000
    41 -0.000002 2.156256 -2.244137 0.000000 0.000000 0.000000
    42 -8.796875 -35.125000 -3.773438 -0.620577 -0.273631 -0.501918
    43 -0.097351 5.335948 -0.833893 0.000000 0.000000 0.000000
    44 -6.971354 -23.038139 -6.474549 1.765120 0.146496 -3.089125
  time 124
    0 0.000000 -0.000006 0.000000 -1.570781 -1.391896 -1.570809
    1 -6.630979 12.907380 -0.206937 1.596636 -1.286515 2.942963
    2 6.028145 0.000003 0.000002 -0.468387 -0.753433 -2.070862
    3 11.692553 0.000081 -0.000005 -0.000051 0.000036 -1.786759
    4 11.481672 -0.000089 -0.000024 0.753255 -0.159579 0.157688
    5 3.859699 -0.142417 -1.191975 -0.482710 0.024238 -1.393487
    6 1.312563 -0.000008 0.000005 -0.052996 0.144639 -0.949219
    7 0.729362 -0.000008 0.000001 -0.112978 0.106049 -0.908528
    8 3.961861 -0.011843 -0.583793 -0.141617 0.012979 -1.353942
    9 1.539093 0.000006 -0.000007 0.010317 0.037901 -0.938959
    10 1.196322 -0.000008 0.000002 -0.017185 0.035312 -1.122474
    11 3.809469 -0.187413 0.048619 0.017638 0.041873 -1.172055
    12 1.719580 -0.000010 0.000009 0.050949 -0.029445 -1.055005
    13 1.209183 -0.000004 0.000003 0.062931 -0.000337 -0.904035
    14 3.930170 -0.212183 1.098084 0.242784 0.124290 -1.162227
    15 1.719433 0.000002 -0.000004 0.102237 -0.108708 -1.027606
    16 1.099676 -0.000006 0.000003 0.146013 -0.041125 -0.906149
    17 1.212304 -0.821600 1.000936 -1.222684 -0.679216 -0.788820
    18 1.789782 0.000002 -0.000006 -0.000002 -0.000001 0.228524
    19 1.206999 -0.000001 -0.000002 0.000002 -0.000001 0.362862
    20 -0.221558 -2.662109 -5.308594 -1.668474 1.286518 2.942953
    21 6.028141 0.000000 -0.000002 1.205887 0.590632 -1.235111
    22 11.692554 0.000000 -0.000003 -0.000002 0.000000 -1.288712
    23 11.481705 -0.000001 -0.000004 -1.173081 0.636266 0.542219
    24 4.003906 -0.205811 0.920898 0.499449 0.024964 -1.213607
    25 1.312565 -0.000004 -0.000002 0.002647 -0.000003 0.000662
    26 0.729366 -0.000004 0.000000 0.000000 0.002340 -1.574072
    27 4.222656 -0.111389 0.298096 0.146084 0.138555 -1.218293
    28 1.539104 0.000000 0.000001 0.021591 0.038691 -0.274898
    29 1.196322 0.000002 -0.000003 0.423018 0.188641 -2.054833
    30 3.883663 -0.050303 -0.431042 -0.048581 0.146519 -0.770215
    31 1.719584 0.000002 0.000006 -0.012269 0.089737 -0.735530
    32 1.209187 0.000004 0.000006 -0.004385 -0.003177 -1.490430
    33 3.859837 -0.148918 -1.331282 -0.321410 0.389553 -0.535020
    34 1.719431 0.000004 0.000013 0.007830 0.063159 -0.159722
    35 1.099665 0.000000 0.000007 -0.007433 -0.004262 -0.357454
    36 0.873535 -0.422119 -1.297852 1.277698 0.356538 -0.669644
    37 1.789785 -0.000006 -0.000010 -0.000498 -0.000088 -0.108780
    38 1.206999 -0.000001 -0.000008 -0.000493 -0.000238 0.720590
    39 -6.627000 -19.642864 -10.075982 1.756203 0.143397 -3.089118
    40 -0.000002 3.287109 -0.573233 0.000000 0.000000 0.000000
    41 -0.000002 2.156256 -2.244137 0.000000 0.000000 0.000000
    42 -8.796875 -35.125000 -3.773438 -0.620577 -0.273631 -0.501918
    43 -0.097351 5.335948 -0.236219 0.000000 0.000000 0.000000
    44 -6.959635 -23.100641 -6.501893 1.756181 0.143428 -3.089125
  time 125
    0 0.000000 -0.000006 0.000000 -1.570781 -1.391896 -1.570809
    1 -6.642698 12.915193 -0.199124 1.596636 -1.286515 2.942963
    2 6.028145 0.000003 0.000002 -0.471819 -0.713626 -2.041572
    3 11.692553 0.000081 -0.000005 -0.000051 0.000036 -1.875442
    4 11.481672 -0.000089 -0.000024 1.010612 -0.191383 0.139798
    5 3.859699 -0.142417 -1.191975 -0.484704 0.012289 -1.316668
    6 1.312563 -0.000008 0.000005 -0.030549 0.092422 -0.885923
    7 0.729362 -0.000008 0.000001 -0.067329 0.070922 -0.793122
    8 3.961861 -0.011843 -0.579886 -0.151253 0.013770 -1.281975
    9 1.539093 0.000006 -0.000007 0.007980 0.023496 -0.815227
    10 1.196322 -0.000008 0.000002 -0.009455 0.022943 -0.998466
    11 3.809469 -0.187413 0.048619 0.037760 0.046487 -1.087948
    12 1.719580 -0.000010 0.000009 0.030083 -0.018707 -0.932020
    13 1.209183 -0.000004 0.000003 0.039166 -0.001619 -0.781608
    14 3.930170 -0.208277 1.098084 0.283143 0.111970 -1.052302
    15 1.719433 0.000002 -0.000004 0.059787 -0.070861 -0.912078
    16 1.099676 -0.000006 0.000003 0.090165 -0.030267 -0.792501
    17 1.227930 -0.805975 1.012655 -1.222684 -0.679216 -0.788820
    18 1.789782 0.000002 -0.000006 -0.000002 -0.000001 0.228524
    19 1.206999 -0.000001 -0.000002 0.000002 -0.000001 0.362862
    20 -0.221558 -2.662109 -5.308594 -1.668474 1.286518 2.942953
    21 6.028141 0.000000 -0.000002 1.207222 0.594730 -1.235206
    22 11.692554 0.000000 -0.000003 -0.000002 0.000000 -1.286447
    23 11.481705 -0.000001 -0.000004 -1.177425 0.632494 0.549293
    24 4.003906 -0.205811 0.920898 0.499449 0.024964 -1.213607
    25 1.312565 -0.000004 -0.000002 0.002647 -0.000003 0.000662
    26 0.729366 -0.000004 0.000000 0.000000 0.002340 -1.574072
    27 4.222656 -0.111389 0.298096 0.146084 0.138555 -1.218293
    28 1.539104 0.000000 0.000001 0.021591 0.038691 -0.274898
    29 1.196322 0.000002 -0.000003 0.423018 0.188641 -2.054833
    30 3.883663 -0.050303 -0.431042 -0.048581 0.146519 -0.770215
    31 1.719584 0.000002 0.000006 -0.012269 0.089737 -0.735530
    32 1.209187 0.000004 0.000006 -0.004385 -0.003177 -1.490430
    33 3.859837 -0.148918 -1.331282 -0.321410 0.389553 -0.535020
    34 1.719431 0.000004 0.000013 0.007830 0.063159 -0.159722
    35 1.099665 0.000000 0.000007 -0.007433 -0.004262 -0.357454
    36 0.873535 -0.422119 -1.297852 1.277698 0.356538 -0.669644
    37 1.789785 -0.000006 -0.000010 -0.000498 -0.000088 -0.108780
    38 1.206999 -0.000001 -0.000008 -0.000493 -0.000238 0.720590
    39 -6.638719 -19.681928 -10.075982 1.748712 0.138437 -3.089118
    40 -0.000002 3.287109 -0.573233 0.000000 0.000000 0.000000
    41 -0.000002 2.156256 -2.244137 0.000000 0.000000 0.000000
    42 -8.796875 -35.125000 -3.773438 -0.620577 -0.273631 -0.501918
    43 -0.097351 5.335948 0.185669 0.000000 0.000000 0.000000
    44 -6.944010 -23.163143 -6.525331 1.748758 0.138433 -3.089125
  time 126
    0 0.000000 -0.000006 0.000000 -1.570781 -1.391896 -1.570809
    1 -6.650511 12.919099 -0.191311 1.596636 -1.286515 2.942963
    2 6.028145 0.000003 0.000002 -0.445395 -0.702270 -2.064279
    3 11.692553 0.000081 -0.000005 -0.000051 0.000036 -1.837826
    4 11.481672 -0.000089 -0.000024 1.285812 -0.210465 -0.004652
    5 3.859699 -0.142417 -1.191975 -0.487357 0.007160 -1.240201
    6 1.312563 -0.000008 0.000005 -0.013579 0.046018 -0.821377
    7 0.729362 -0.000008 0.000001 -0.031111 0.036658 -0.681904
    8 3.961861 -0.011843 -0.579886 -0.159414 0.016994 -1.207438
    9 1.539093 0.000006 -0.000007 0.004612 0.011307 -0.695248
    10 1.196322 -0.000008 0.000002 -0.003966 0.011546 -0.878305
    11 3.813375 -0.187413 0.048619 0.056180 0.048321 -1.002024
    12 1.719580 -0.000010 0.000009 0.013161 -0.007465 -0.812892
    13 1.209183 -0.000004 0.000003 0.018600 -0.000480 -0.662693
    14 3.930170 -0.208277 1.098084 0.318076 0.093658 -0.945391
    15 1.719433 0.000002 -0.000004 0.026638 -0.034499 -0.800743
    16 1.099676 -0.000006 0.000003 0.042970 -0.016077 -0.681902
    17 1.243555 -0.786443 1.028280 -1.222684 -0.679216 -0.788820
    18 1.789782 0.000002 -0.000006 -0.000002 -0.000001 0.228524
    19 1.206999 -0.000001 -0.000002 0.000002 -0.000001 0.362862
    20 -0.221558 -2.662109 -5.308594 -1.668474 1.286518 2.942953
    21 6.028141 0.000000 -0.000002 1.208652 0.599226 -1.235301
    22 11.692554 0.000000 -0.000003 -0.000002 0.000000 -1.282630
    23 11.481705 -0.000001 -0.000004 -1.184122 0.629833 0.552849
    24 4.003906 -0.205811 0.920898 0.499449 0.024964 -1.213607
    25 1.312565 -0.000004 -0.000002 0.002647 -0.000003 0.000662
    26 0.729366 -0.000004 0.000000 0.000000 0.002340 -1.574072
    27 4.222656 -0.111389 0.298096 0.146084 0.138555 -1.218293
    28 1.539104 0.000000 0.000001 0.021591 0.038691 -0.274898
    29 1.196322 0.000002 -0.000003 0.423018 0.188641 -2.054833
    30 3.883663 -0.050303 -0.431042 -0.048581 0.146519 -0.770215
    31 1.719584 0.000002 0.000006 -0.012269 0.089737 -0.735530
    32 1.209187 0.000004 0.000006 -0.004385 -0.003177 -1.490430
    33 3.859837 -0.148918 -1.331282 -0.321410 0.389553 -0.535020
    34 1.719431 0.000004 0.000013 0.007830 0.063159 -0.159722
    35 1.099665 0.000000 0.000007 -0.007433 -0.004262 -0.357454
    36 0.873535 -0.422119 -1.297852 1.277698 0.356538 -0.669644
    37 1.789785 -0.000006 -0.000010 -0.000498 -0.000088 -0.108780
    38 1.206999 -0.000001 -0.000008 -0.000493 -0.000238 0.720590
    39 -6.650438 -19.728804 -10.075982 1.742983 0.131686 -3.089176
    40 -0.000002 3.287109 -0.573233 0.000000 0.000000 0.000000
    41 -0.000002 2.156256 -2.244137 0.000000 0.000000 0.000000
    42 -8.796875 -35.125000 -3.773438 -0.620577 -0.273631 -0.501918
    43 -0.097351 5.335948 0.345830 0.000000 0.000000 0.000000
    44 -6.932291 -23.229551 -6.540957 1.743007 0.131669 -3.089221
  time 127
    0 0.000000 -0.000006 0.000000 -1.570781 -1.391896 -1.570809
    1 -6.662230 12.926912 -0.183499 1.596636 -1.286515 2.942963
    2 6.028145 0.000003 0.000002 -0.473176 -0.707846 -2.036801
    3 11.692553 0.000081 -0.000005 -0.000051 0.000036 -1.873018
    4 11.481672 -0.000089 -0.000024 1.301105 -0.128828 -0.046134
    5 3.859699 -0.142417 -1.191975 -0.489420 0.012193 -1.170325
    6 1.312563 -0.000008 0.000005 -0.003320 0.012749 -0.758794
    7 0.729362 -0.000008 0.000001 -0.008017 0.010448 -0.583542
    8 3.961861 -0.011843 -0.579886 -0.164627 0.022939 -1.135088
    9 1.539093 0.000006 -0.000007 0.001412 0.003026 -0.589828
    10 1.196322 -0.000008 0.000002 -0.000910 0.003205 -0.772862
    11 3.813375 -0.187413 0.052525 0.070250 0.047134 -0.920295
    12 1.719580 -0.000010 0.000009 0.002219 0.001571 -0.708234
    13 1.209183 -0.000004 0.000003 0.004362 0.001737 -0.558117
    14 3.930170 -0.208277 1.101991 0.342852 0.071450 -0.850813
    15 1.719433 0.000002 -0.000004 0.005881 -0.006983 -0.702280
    16 1.099676 -0.000006 0.000003 0.010947 -0.003182 -0.583592
    17 1.259181 -0.766911 1.047812 -1.222684 -0.679216 -0.788820
    18 1.789782 0.000002 -0.000006 -0.000002 -0.000001 0.228524
    19 1.206999 -0.000001 -0.000002 0.000002 -0.000001 0.362862
    20 -0.221558 -2.662109 -5.308594 -1.668474 1.286518 2.942953
    21 6.028141 0.000000 -0.000002 1.210177 0.603960 -1.235301
    22 11.692554 0.000000 -0.000003 -0.000002 0.000000 -1.277324
    23 11.481705 -0.000001 -0.000004 -1.192932 0.628254 0.552664
    24 4.003906 -0.205811 0.920898 0.499449 0.024964 -1.213607
    25 1.312565 -0.000004 -0.000002 0.002647 -0.000003 0.000662
    26 0.729366 -0.000004 0.000000 0.000000 0.002340 -1.574072
    27 4.222656 -0.111389 0.298096 0.146084 0.138555 -1.218293
    28 1.539104 0.000000 0.000001 0.021591 0.038691 -0.274898
    29 1.196322 0.000002 -0.000003 0.423018 0.188641 -2.054833
    30 3.883663 -0.050303 -0.431042 -0.048581 0.146519 -0.770215
    31 1.719584 0.000002 0.000006 -0.012269 0.089737 -0.735530
    32 1.209187 0.000004 0.000006 -0.004385 -0.003177 -1.490430
    33 3.859837 -0.148918 -1.331282 -0.321410 0.389553 -0.535020
    34 1.719431 0.000004 0.000013 0.007830 0.063159 -0.159722
    35 1.099665 0.000000 0.000007 -0.007433 -0.004262 -0.357454
    36 0.873535 -0.422119 -1.297852 1.277698 0.356538 -0.669644
    37 1.789785 -0.000006 -0.000010 -0.000498 -0.000088 -0.108780
    38 1.206999 -0.000001 -0.000008 -0.000493 -0.000238 0.720590
    39 -6.673877 -19.787400 -10.075982 1.739164 0.123394 -3.089234
    40 -0.000002 3.287109 -0.573233 0.000000 0.000000 0.000000
    41 -0.000002 2.156256 -2.244137 0.000000 0.000000 0.000000
    42 -8.796875 -35.125000 -3.773438 -0.620577 -0.273631 -0.501918
    43 -0.097351 5.335948 0.185669 0.000000 0.000000 0.000000
    44 -6.924478 -23.295960 -6.552676 1.739191 0.123371 -3.089221
  time 128
    0 0.000000 -0.000006 0.000000 -1.570781 -1.391896 -1.570809
    1 -6.670043 12.930819 -0.175686 1.596636 -1.286515 2.942963
    2 6.028145 0.000003 0.000002 -0.494811 -0.674227 -1.989003
    3 11.692553 0.000081 -0.000005 -0.000063 0.000036 -1.944339
    4 11.481672 -0.000089 -0.000024 1.299756 -0.062410 -0.072439
    5 3.859699 -0.142417 -1.191975 -0.489420 0.030578 -1.113000
    6 1.312563 -0.000008 0.000005 0.000000 -0.000003 -0.701092
    7 0.729362 -0.000008 0.000001 0.000001 -0.000003 -0.505683
    8 3.961861 -0.011843 -0.579886 -0.165406 0.031699 -1.069410
    9 1.539093 0.000006 -0.000007 -0.000002 0.000006 -0.509155
    10 1.196322 -0.000008 0.000002 0.000001 -0.000007 -0.692158
    11 3.813375 -0.187413 0.052525 0.077381 0.043263 -0.848478
    12 1.719580 -0.000010 0.000009 -0.001412 0.005334 -0.627833
    13 1.209183 -0.000004 0.000003 -0.000791 0.002995 -0.477735
    14 3.930170 -0.208277 1.101991 0.353768 0.048332 -0.776790
    15 1.719433 0.000002 -0.000004 -0.001047 0.003947 -0.624378
    16 1.099676 -0.000006 0.000003 -0.000654 0.002511 -0.505673
    17 1.278712 -0.747379 1.063438 -1.222684 -0.679216 -0.788820
    18 1.789782 0.000002 -0.000006 -0.000002 -0.000001 0.228524
    19 1.206999 -0.000001 -0.000002 0.000002 -0.000001 0.362862
    20 -0.221558 -2.662109 -5.308594 -1.668474 1.286518 2.942953
    21 6.028141 0.000000 -0.000002 1.210368 0.609291 -1.236628
    22 11.692554 0.000000 -0.000003 -0.000002 0.000000 -1.270206
    23 11.481705 -0.000001 -0.000004 -1.201681 0.632757 0.551441
    24 4.003906 -0.205811 0.920898 0.499449 0.024964 -1.213607
    25 1.312565 -0.000004 -0.000002 0.002647 -0.000003 0.000662
    26 0.729366 -0.000004 0.000000 0.000000 0.002340 -1.574072
    27 4.222656 -0.111389 0.298096 0.146084 0.138555 -1.218293
    28 1.539104 0.000000 0.000001 0.021591 0.038691 -0.274898
    29 1.196322 0.000002 -0.000003 0.423018 0.188641 -2.054833
    30 3.883663 -0.050303 -0.431042 -0.048581 0.146519 -0.770215
    31 1.719584 0.000002 0.000006 -0.012269 0.089737 -0.735530
    32 1.209187 0.000004 0.000006 -0.004385 -0.003177 -1.490430
    33 3.859837 -0.148918 -1.331282 -0.321410 0.389553 -0.535020
    34 1.719431 0.000004 0.000013 0.007830 0.063159 -0.159722
    35 1.099665 0.000000 0.000007 -0.007433 -0.004262 -0.357454
    36 0.873535 -0.422119 -1.297852 1.277698 0.356538 -0.669644
    37 1.789785 -0.000006 -0.000010 -0.000498 -0.000088 -0.108780
    38 1.206999 -0.000001 -0.000008 -0.000493 -0.000238 0.720590
    39 -6.705127 -19.849902 -10.075982 1.736961 0.113767 -3.093641
    40 -0.000002 3.287109 -0.573233 0.000000 0.000000 0.000000
    41 -0.000002 2.156256 -2.244137 0.000000 0.000000 0.000000
    42 -8.796875 -35.125000 -3.773438 -0.620577 -0.273631 -0.501918
    43 -0.097351 5.335948 -0.236219 0.000000 0.000000 0.000000
    44 -6.936197 -23.366274 -6.556582 1.736995 0.113775 -3.093628
  time 129
    0 0.000000 -0.000006 0.000000 -1.570781 -1.391896 -1.570809
    1 -6.681762 12.934725 -0.163967 1.596636 -1.286515 2.942963
    2 6.028145 0.000003 0.000002 -0.478605 -0.611627 -1.958186
    3 11.692553 0.000081 -0.000005 -0.000063 0.000036 -2.030050
    4 11.481672 -0.000089 -0.000024 1.341736 -0.020772 -0.080487
    5 3.859699 -0.142417 -1.191975 -0.487461 0.054942 -1.067106
    6 1.312563 -0.000008 0.000005 0.000000 -0.000003 -0.650324
    7 0.729362 -0.000008 0.000001 0.000001 -0.000003 -0.445683
    8 3.961861 -0.011843 -0.579886 -0.163357 0.041035 -1.013084
    9 1.539093 0.000006 -0.000007 -0.000002 0.000006 -0.449186
    10 1.196322 -0.000008 0.000002 0.000001 -0.000007 -0.632168
    11 3.813375 -0.183506 0.052525 0.079826 0.038554 -0.788651
    12 1.719580 -0.000010 0.000009 -0.001101 0.005406 -0.567875
    13 1.209183 -0.000004 0.000003 -0.000611 0.003031 -0.417789
    14 3.930170 -0.208277 1.101991 0.355892 0.027491 -0.720498
    15 1.719433 0.000002 -0.000004 -0.000819 0.004007 -0.564385
    16 1.099676 -0.000006 0.000003 -0.000510 0.002547 -0.445731
    17 1.298244 -0.727847 1.082970 -1.222684 -0.679216 -0.788820
    18 1.789782 0.000002 -0.000006 -0.000002 -0.000001 0.228524
    19 1.206999 -0.000001 -0.000002 0.000002 -0.000001 0.362862
    20 -0.221558 -2.662109 -5.308594 -1.668474 1.286518 2.942953
    21 6.028141 0.000000 -0.000002 1.208461 0.615299 -1.239662
    22 11.692554 0.000000 -0.000003 -0.000002 0.000000 -1.261277
    23 11.481705 -0.000001 -0.000004 -1.209283 0.645039 0.550738
    24 4.003906 -0.205811 0.920898 0.499449 0.024964 -1.213607
    25 1.312565 -0.000004 -0.000002 0.002647 -0.000003 0.000662
    26 0.729366 -0.000004 0.000000 0.000000 0.002340 -1.574072
    27 4.222656 -0.111389 0.298096 0.146084 0.138555 -1.218293
    28 1.539104 0.000000 0.000001 0.021591 0.038691 -0.274898
    29 1.196322 0.000002 -0.000003 0.423018 0.188641 -2.054833
    30 3.883663 -0.050303 -0.431042 -0.048581 0.146519 -0.770215
    31 1.719584 0.000002 0.000006 -0.012269 0.089737 -0.735530
    32 1.209187 0.000004 0.000006 -0.004385 -0.003177 -1.490430
    33 3.859837 -0.148918 -1.331282 -0.321410 0.389553 -0.535020
    34 1.719431 0.000004 0.000013 0.007830 0.063159 -0.159722
    35 1.099665 0.000000 0.000007 -0.007433 -0.004262 -0.357454
    36 0.873535 -0.422119 -1.297852 1.277698 0.356538 -0.669644
    37 1.789785 -0.000006 -0.000010 -0.000498 -0.000088 -0.108780
    38 1.206999 -0.000001 -0.000008 -0.000493 -0.000238 0.720590
    39 -6.744191 -19.920216 -10.079889 1.736006 0.102974 -3.104021
    40 -0.000002 3.287109 -0.573233 0.000000 0.000000 0.000000
    41 -0.000002 2.156256 -2.244137 0.000000 0.000000 0.000000
    42 -8.796875 -35.125000 -3.773438 -0.620577 -0.273631 -0.501918
    43 -0.097351 5.335948 -0.833893 0.000000 0.000000 0.000000
    44 -6.971354 -23.432683 -6.552676 1.736054 0.102999 -3.103974
  time 130
    0 0.000000 -0.000006 0.000000 -1.570781 -1.391896 -1.570809
    1 -6.693481 12.942538 -0.156154 1.596636 -1.286515 2.942963
    2 6.028145 0.000003 0.000002 -0.435256 -0.529043 -1.932617
    3 11.692553 0.000081 -0.000005 -0.000063 0.000024 -2.119515
    4 11.481672 -0.000089 -0.000024 1.419851 0.003344 -0.079797
    5 3.859699 -0.142417 -1.191975 -0.484860 0.075879 -1.027417
    6 1.312563 -0.000008 0.000005 0.000000 -0.000003 -0.606282
    7 0.729362 -0.000008 0.000001 0.000001 -0.000003 -0.395571
    8 3.961861 -0.007936 -0.575980 -0.161212 0.048825 -0.965507
    9 1.539093 0.000006 -0.000007 -0.000002 0.000006 -0.399074
    10 1.196322 -0.000008 0.000002 0.000001 -0.000007 -0.582063
    11 3.813375 -0.183506 0.060338 0.081647 0.034515 -0.738669
    12 1.719580 -0.000010 0.000009 -0.000825 0.005454 -0.517744
    13 1.209183 -0.000004 0.000003 -0.000455 0.003067 -0.367648
    14 3.930170 -0.208277 1.105897 0.356776 0.010005 -0.673524
    15 1.719433 0.000002 -0.000004 -0.000615 0.004043 -0.514295
    16 1.099676 -0.000006 0.000003 -0.000378 0.002571 -0.395620
    17 1.317776 -0.704409 1.102501 -1.222684 -0.679216 -0.788820
    18 1.789782 0.000002 -0.000006 -0.000002 -0.000001 0.228524
    19 1.206999 -0.000001 -0.000002 0.000002 -0.000001 0.362862
    20 -0.221558 -2.662109 -5.308594 -1.668474 1.286518 2.942953
    21 6.028141 0.000000 -0.000002 1.205982 0.621704 -1.243169
    22 11.692554 0.000000 -0.000003 -0.000002 0.000000 -1.250989
    23 11.481705 -0.000001 -0.000004 -1.217368 0.660070 0.548775
    24 4.003906 -0.205811 0.920898 0.499449 0.024964 -1.213607
    25 1.312565 -0.000004 -0.000002 0.002647 -0.000003 0.000662
    26 0.729366 -0.000004 0.000000 0.000000 0.002340 -1.574072
    27 4.222656 -0.111389 0.298096 0.146084 0.138555 -1.218293
    28 1.539104 0.000000 0.000001 0.021591 0.038691 -0.274898
    29 1.196322 0.000002 -0.000003 0.423018 0.188641 -2.054833
    30 3.883663 -0.050303 -0.431042 -0.048581 0.146519 -0.770215
    31 1.719584 0.000002 0.000006 -0.012269 0.089737 -0.735530
    32 1.209187 0.000004 0.000006 -0.004385 -0.003177 -1.490430
    33 3.859837 -0.148918 -1.331282 -0.321410 0.389553 -0.535020
    34 1.719431 0.000004 0.000013 0.007830 0.063159 -0.159722
    35 1.099665 0.000000 0.000007 -0.007433 -0.004262 -0.357454
    36 0.873535 -0.422119 -1.297852 1.277698 0.356538 -0.669644
    37 1.789785 -0.000006 -0.000010 -0.000498 -0.000088 -0.108780
    38 1.206999 -0.000001 -0.000008 -0.000493 -0.000238 0.720590
    39 -6.791068 -19.994437 -10.079889 1.736153 0.091264 -3.116314
    40 -0.000002 3.287109 -0.573233 0.000000 0.000000 0.000000
    41 -0.000002 2.156256 -2.244137 0.000000 0.000000 0.000000
    42 -8.796875 -35.125000 -3.773438 -0.620577 -0.273631 -0.501918
    43 -0.097351 5.335948 -1.517508 0.000000 0.000000 0.000000
    44 -7.022137 -23.502997 -6.548770 1.736211 0.091240 -3.116331
  time 131
    0 0.000000 -0.000006 0.000000 -1.570781 -1.391896 -1.570809
    1 -6.701293 12.946444 -0.148341 1.596636 -1.286515 2.942963
    2 6.028145 0.000003 0.000002 -0.372349 -0.436284 -1.905522
    3 11.692553 0.000081 -0.000005 -0.000075 0.000024 -2.197953
    4 11.481672 -0.000089 -0.000024 1.526002 0.015129 -0.084212
    5 3.859699 -0.142417 -1.191975 -0.481999 0.093617 -0.993513
    6 1.312563 -0.000008 0.000005 0.000000 -0.000003 -0.568548
    7 0.729362 -0.000008 0.000001 0.000001 -0.000003 -0.354533
    8 3.961861 -0.007936 -0.575980 -0.159162 0.055201 -0.925969
    9 1.539093 0.000006 -0.000007 -0.000002 0.000006 -0.357995
    10 1.196322 -0.000008 0.000002 0.000001 -0.000007 -0.541040
    11 3.813375 -0.179600 0.068151 0.082990 0.031135 -0.697739
    12 1.719580 -0.000010 0.000009 -0.000597 0.005490 -0.476694
    13 1.209183 -0.000004 0.000003 -0.000336 0.003079 -0.326627
    14 3.926264 -0.208277 1.109803 0.356884 -0.004340 -0.635073
    15 1.719433 0.000002 -0.000004 -0.000447 0.004055 -0.473232
    16 1.099676 -0.000006 0.000003 -0.000271 0.002583 -0.354567
    17 1.333402 -0.684877 1.118127 -1.222684 -0.679216 -0.788820
    18 1.789782 0.000002 -0.000006 -0.000002 -0.000001 0.228524
    19 1.206999 -0.000001 -0.000002 0.000002 -0.000001 0.362862
    20 -0.221558 -2.662109 -5.308594 -1.668474 1.286518 2.942953
    21 6.028141 0.000000 -0.000002 1.204647 0.628070 -1.245824
    22 11.692554 0.000000 -0.000003 -0.000002 0.000000 -1.240054
    23 11.481705 -0.000001 -0.000004 -1.227686 0.673055 0.543219
    24 4.003906 -0.205811 0.920898 0.499449 0.024964 -1.213607
    25 1.312565 -0.000004 -0.000002 0.002647 -0.000003 0.000662
    26 0.729366 -0.000004 0.000000 0.000000 0.002328 -1.574072
    27 4.222656 -0.111389 0.298096 0.146084 0.138555 -1.218293
    28 1.539104 0.000000 0.000001 0.021591 0.038691 -0.274898
    29 1.196322 0.000002 -0.000003 0.423018 0.188641 -2.054833
    30 3.883663 -0.050303 -0.431042 -0.048581 0.146519 -0.770215
    31 1.719584 0.000002 0.000006 -0.012269 0.089737 -0.735530
    32 1.209187 0.000004 0.000006 -0.004385 -0.003177 -1.490430
    33 3.859837 -0.148918 -1.331282 -0.321410 0.389553 -0.535020
    34 1.719431 0.000004 0.000013 0.007830 0.063159 -0.159722
    35 1.099665 0.000000 0.000007 -0.007433 -0.004262 -0.357454
    36 0.873535 -0.422119 -1.297852 1.277698 0.356538 -0.669644
    37 1.789785 -0.000006 -0.000010 -0.000498 -0.000088 -0.108780
    38 1.206999 -0.000001 -0.000008 -0.000493 -0.000238 0.720590
    39 -6.845757 -20.072565 -10.079889 1.737549 0.078762 -3.126636
    40 -0.000002 3.287109 -0.573233 0.000000 0.000000 0.000000
    41 -0.000002 2.156256 -2.244137 0.000000 0.000000 0.000000
    42 -8.796875 -35.125000 -3.773438 -0.620577 -0.273631 -0.501918
    43 -0.097351 5.335948 -2.201123 0.000000 0.000000 0.000000
    44 -7.069014 -23.573312 -6.540957 1.737570 0.078773 -3.126677
  time 132
    0 0.000000 -0.000006 0.000000 -1.570781 -1.391896 -1.570809
    1 -6.709106 12.950350 -0.140528 1.596636 -1.286515 2.942963
    2 6.028145 0.000003 0.000002 -0.302098 -0.347065 -1.872511
    3 11.692553 0.000081 -0.000005 -0.000075 0.000024 -2.251679
    4 11.481672 -0.000089 -0.000024 1.644148 0.018719 -0.106609
    5 3.859699 -0.142417 -1.191975 -0.479121 0.108406 -0.965009
    6 1.312563 -0.000008 0.000005 0.000000 -0.000003 -0.536706
    7 0.729362 -0.000008 0.000001 0.000001 -0.000003 -0.321668
    8 3.961861 -0.007936 -0.572073 -0.157305 0.060331 -0.893786
    9 1.539093 0.000006 -0.000007 -0.000002 0.000006 -0.325165
    10 1.196322 -0.000008 0.000002 0.000001 -0.000007 -0.508159
    11 3.817282 -0.175694 0.075964 0.083972 0.028391 -0.664969
    12 1.719580 -0.000010 0.000009 -0.000417 0.005502 -0.443854
    13 1.209183 -0.000004 0.000003 -0.000228 0.003091 -0.293752
    14 3.926264 -0.204371 1.113710 0.356574 -0.015810 -0.604296
    15 1.719433 0.000002 -0.000004 -0.000315 0.004067 -0.440382
    16 1.099676 -0.000006 0.000003 -0.000187 0.002595 -0.321706
    17 1.352933 -0.661439 1.137659 -1.222684 -0.679216 -0.788820
    18 1.789782 0.000002 -0.000006 -0.000002 -0.000001 0.228524
    19 1.206999 -0.000001 -0.000002 0.000002 -0.000001 0.362862
    20 -0.221558 -2.662109 -5.308594 -1.668474 1.286518 2.942953
    21 6.028141 0.000000 -0.000002 1.205887 0.633958 -1.246393
    22 11.692554 0.000000 -0.000003 -0.000002 0.000000 -1.229378
    23 11.481705 -0.000001 -0.000004 -1.241805 0.679049 0.532144
    24 4.003906 -0.205811 0.920898 0.499449 0.024964 -1.213607
    25 1.312565 -0.000004 -0.000002 0.002647 -0.000003 0.000662
    26 0.729366 -0.000004 0.000000 0.000000 0.002340 -1.574072
    27 4.222656 -0.111389 0.298096 0.146084 0.138555 -1.218293
    28 1.539104 0.000000 0.000001 0.021591 0.038691 -0.274898
    29 1.196322 0.000002 -0.000003 0.423018 0.188641 -2.054833
    30 3.883663 -0.050303 -0.431042 -0.048581 0.146519 -0.770215
    31 1.719584 0.000002 0.000006 -0.012269 0.089737 -0.735530
    32 1.209187 0.000004 0.000006 -0.004385 -0.003177 -1.490430
    33 3.859837 -0.148918 -1.331282 -0.321410 0.389553 -0.535020
    34 1.719431 0.000004 0.000013 0.007830 0.063159 -0.159722
    35 1.099665 0.000000 0.000007 -0.007433 -0.004262 -0.357454
    36 0.873535 -0.422119 -1.297852 1.277698 0.356538 -0.669644
    37 1.789785 -0.000006 -0.000010 -0.000498 -0.000088 -0.108780
    38 1.206999 -0.000001 -0.000008 -0.000493 -0.000238 0.720590
    39 -6.904352 -20.154598 -10.079889 1.740119 0.065760 -3.130985
    40 -0.000002 3.287109 -0.573233 0.000000 0.000000 0.000000
    41 -0.000002 2.156256 -2.244137 0.000000 0.000000 0.000000
    42 -8.796875 -35.125000 -3.773438 -0.620577 -0.273631 -0.501918
    43 -0.097351 5.335948 -2.798797 0.000000 0.000000 0.000000
    44 -7.096358 -23.647533 -6.529238 1.740132 0.065756 -3.130988
  time 133
    0 0.000000 -0.000006 0.000000 -1.570781 -1.391896 -1.570809
    1 -6.720825 12.954257 -0.132716 1.596636 -1.286515 2.942963
    2 6.028145 0.000003 0.000002 -0.246216 -0.279663 -1.832249
    3 11.692553 0.000081 -0.000005 -0.000075 0.000024 -2.275296
    4 11.481672 -0.000089 -0.000024 1.742054 0.018173 -0.152689
    5 3.859699 -0.142417 -1.191975 -0.476434 0.120498 -0.941483
    6 1.312563 -0.000008 0.000005 0.000000 -0.000003 -0.510281
    7 0.729362 -0.000008 0.000001 0.000001 -0.000003 -0.296103
    8 3.961861 -0.004030 -0.568167 -0.155711 0.064357 -0.868193
    9 1.539093 0.000006 -0.000007 -0.000002 0.000006 -0.299594
    10 1.196322 -0.000008 0.000002 0.000001 -0.000007 -0.482615
    11 3.817282 -0.171787 0.087683 0.084668 0.026245 -0.639499
    12 1.719580 -0.000010 0.000009 -0.000274 0.005514 -0.418270
    13 1.209183 -0.000004 0.000003 -0.000156 0.003091 -0.268194
    14 3.922358 -0.204371 1.121522 0.356078 -0.024726 -0.580316
    15 1.719433 0.000002 -0.000004 -0.000208 0.004079 -0.414813
    16 1.099676 -0.000006 0.000003 -0.000127 0.002595 -0.296127
    17 1.368559 -0.641907 1.157191 -1.222684 -0.679216 -0.788820
    18 1.789782 0.000002 -0.000006 -0.000002 -0.000001 0.228524
    19 1.206999 -0.000001 -0.000002 0.000002 -0.000001 0.362862
    20 -0.221558 -2.662109 -5.308594 -1.668474 1.286518 2.942953
    21 6.028141 0.000000 -0.000002 1.209510 0.639369 -1.244971
    22 11.692554 0.000000 -0.000003 -0.000002 0.000000 -1.219025
    23 11.481705 -0.000001 -0.000004 -1.258699 0.679108 0.517033
    24 4.003906 -0.205811 0.920898 0.499449 0.024964 -1.213607
    25 1.312565 -0.000004 -0.000002 0.002647 -0.000003 0.000662
    26 0.729366 -0.000004 0.000000 0.000000 0.002340 -1.574072
    27 4.222656 -0.111389 0.298096 0.146084 0.138555 -1.218293
    28 1.539104 0.000000 0.000001 0.021591 0.038691 -0.274898
    29 1.196322 0.000002 -0.000003 0.423018 0.188641 -2.054833
    30 3.883663 -0.050303 -0.431042 -0.048581 0.146519 -0.770215
    31 1.719584 0.000002 0.000006 -0.012269 0.089737 -0.735530
    32 1.209187 0.000004 0.000006 -0.004385 -0.003177 -1.490430
    33 3.859837 -0.148918 -1.331282 -0.321410 0.389553 -0.535020
    34 1.719431 0.000004 0.000013 0.007830 0.063159 -0.159722
    35 1.099665 0.000000 0.000007 -0.007433 -0.004262 -0.357454
    36 0.873535 -0.422119 -1.297852 1.277698 0.356538 -0.669644
    37 1.789785 -0.000006 -0.000010 -0.000498 -0.000088 -0.108780
    38 1.206999 -0.000001 -0.000008 -0.000493 -0.000238 0.720590
    39 -6.966854 -20.240539 -10.079889 1.743351 0.052466 -3.130406
    40 -0.000002 3.287109 -0.573233 0.000000 0.000000 0.000000
    41 -0.000002 2.156256 -2.244137 0.000000 0.000000 0.000000
    42 -8.796875 -35.125000 -3.773438 -0.620577 -0.273631 -0.501918
    43 -0.097351 5.335948 -3.220685 0.000000 0.000000 0.000000
    44 -7.111984 -23.717848 -6.513612 1.743373 0.052463 -3.130413
  time 134
    0 0.000000 -0.000006 0.000000 -1.570781 -1.391896 -1.570809
    1 -6.728638 12.958163 -0.124903 1.596636 -1.286515 2.942963
    2 6.028145 0.000003 0.000002 -0.232724 -0.249747 -1.785882
    3 11.692553 0.000081 -0.000005 -0.000075 0.000024 -2.273263
    4 11.481672 -0.000089 -0.000024 1.779986 0.016963 -0.218959
    5 3.859699 -0.142417 -1.191975 -0.474076 0.130182 -0.922550
    6 1.312563 -0.000008 0.000005 0.000000 -0.000003 -0.488854
    7 0.729362 -0.000008 0.000001 0.000001 -0.000003 -0.276907
    8 3.961861 -0.004030 -0.560354 -0.154405 0.067437 -0.848478
    9 1.539093 0.000006 -0.000007 -0.000002 0.000006 -0.280374
    10 1.196322 -0.000008 0.000002 0.000001 -0.000007 -0.463379
    11 3.821188 -0.167881 0.099402 0.085147 0.024615 -0.620338
    12 1.719580 -0.000010 0.000009 -0.000178 0.005514 -0.399071
    13 1.209183 -0.000004 0.000003 -0.000096 0.003091 -0.248976
    14 3.922358 -0.200464 1.129335 0.355582 -0.031426 -0.562310
    15 1.719433 0.000002 -0.000004 -0.000136 0.004079 -0.395592
    16 1.099676 -0.000006 0.000003 -0.000079 0.002595 -0.276920
    17 1.380278 -0.622375 1.176722 -1.222684 -0.679216 -0.788820
    18 1.789782 0.000002 -0.000006 -0.000002 -0.000001 0.228524
    19 1.206999 -0.000001 -0.000002 0.000002 -0.000001 0.362862
    20 -0.221558 -2.662109 -5.308594 -1.668474 1.286518 2.942953
    21 6.028141 0.000000 -0.000002 1.213705 0.644780 -1.242980
    22 11.692554 0.000000 -0.000003 -0.000002 0.000000 -1.208608
    23 11.481705 -0.000001 -0.000004 -1.276137 0.677617 0.501143
    24 4.003906 -0.205811 0.920898 0.499449 0.024964 -1.213607
    25 1.312565 -0.000004 -0.000002 0.002647 -0.000003 0.000662
    26 0.729366 -0.000004 0.000000 0.000000 0.002340 -1.574072
    27 4.222656 -0.111389 0.298096 0.146084 0.138555 -1.218293
    28 1.539104 0.000000 0.000001 0.021591 0.038691 -0.274898
    29 1.196322 0.000002 -0.000003 0.423018 0.188641 -2.054833
    30 3.883663 -0.050303 -0.431042 -0.048581 0.146519 -0.770215
    31 1.719584 0.000002 0.000006 -0.012269 0.089737 -0.735530
    32 1.209187 0.000004 0.000006 -0.004385 -0.003177 -1.490430
    33 3.859837 -0.148918 -1.331282 -0.321410 0.389553 -0.535020
    34 1.719431 0.000004 0.000013 0.007830 0.063159 -0.159722
    35 1.099665 0.000000 0.000007 -0.007433 -0.004262 -0.357454
    36 0.873535 -0.422119 -1.297852 1.277698 0.356538 -0.669644
    37 1.789785 -0.000006 -0.000010 -0.000498 -0.000088 -0.108780
    38 1.206999 -0.000001 -0.000008 -0.000493 -0.000238 0.720590
    39 -7.037169 -20.326479 -10.079889 1.746582 0.039131 -3.128898
    40 -0.000002 3.287109 -0.573233 0.000000 0.000000 0.000000
    41 -0.000002 2.156256 -2.244137 0.000000 0.000000 0.000000
    42 -8.796875 -35.125000 -3.773438 -0.620577 -0.273631 -0.501918
    43 -0.097351 5.335948 -3.376940 0.000000 0.000000 0.000000
    44 -7.127609 -23.795975 -6.501893 1.746614 0.039131 -3.128881
  time 135
    0 0.000000 -0.000006 0.000000 -1.570781 -1.391896 -1.570809
    1 -6.740357 12.962070 -0.117090 1.596636 -1.286515 2.942963
    2 6.028145 0.000003 0.000002 -0.287568 -0.239409 -1.677786
    3 11.692553 0.000081 -0.000005 -0.000075 0.000024 -2.292423
    4 11.481672 -0.000089 -0.000024 1.735232 0.007129 -0.309924
    5 3.859699 -0.142417 -1.191975 -0.472082 0.137696 -0.907720
    6 1.312563 -0.000008 0.000005 0.000000 -0.000003 -0.471981
    7 0.729362 -0.000008 0.000001 0.000001 -0.000003 -0.263150
    8 3.957955 -0.000124 -0.556448 -0.153410 0.069691 -0.833877
    9 1.539093 0.000006 -0.000007 -0.000002 0.000006 -0.266640
    10 1.196322 -0.000008 0.000002 0.000001 -0.000007 -0.449645
    11 3.825094 -0.163975 0.111121 0.085483 0.023441 -0.606662
    12 1.719580 -0.000010 0.000009 -0.000094 0.005514 -0.385305
    13 1.209183 -0.000004 0.000003 -0.000048 0.003091 -0.235221
    14 3.918451 -0.196558 1.137148 0.355148 -0.036207 -0.549402
    15 1.719433 0.000002 -0.000004 -0.000076 0.004079 -0.381846
    16 1.099676 -0.000006 0.000003 -0.000043 0.002595 -0.263175
    17 1.391997 -0.606750 1.192348 -1.222684 -0.679216 -0.788820
    18 1.789782 0.000002 -0.000006 -0.000002 -0.000001 0.228524
    19 1.206999 -0.000001 -0.000002 0.000002 -0.000001 0.362862
    20 -0.221558 -2.662109 -5.308594 -1.668474 1.286518 2.942953
    21 6.028141 0.000000 -0.000002 1.218472 0.650270 -1.240610
    22 11.692554 0.000000 -0.000003 -0.000002 0.000000 -1.198320
    23 11.481705 -0.000001 -0.000004 -1.293574 0.674721 0.485254
    24 4.003906 -0.205811 0.920898 0.499449 0.024964 -1.213607
    25 1.312565 -0.000004 -0.000002 0.002647 -0.000003 0.000662
    26 0.729366 -0.000004 0.000000 0.000000 0.002340 -1.574072
    27 4.222656 -0.111389 0.298096 0.146084 0.138555 -1.218293
    28 1.539104 0.000000 0.000001 0.021591 0.038691 -0.274898
    29 1.196322 0.000002 -0.000003 0.423018 0.188641 -2.054833
    30 3.883663 -0.050303 -0.431042 -0.048581 0.146519 -0.770215
    31 1.719584 0.000002 0.000006 -0.012269 0.089737 -0.735530
    32 1.209187 0.000004 0.000006 -0.004385 -0.003177 -1.490430
    33 3.859837 -0.148918 -1.331282 -0.321410 0.389553 -0.535020
    34 1.719431 0.000004 0.000013 0.007830 0.063159 -0.159722
    35 1.099665 0.000000 0.000007 -0.007433 -0.004262 -0.357454
    36 0.873535 -0.422119 -1.297852 1.277698 0.356538 -0.669644
    37 1.789785 -0.000006 -0.000010 -0.000498 -0.000088 -0.108780
    38 1.206999 -0.000001 -0.000008 -0.000493 -0.000238 0.720590
    39 -7.107484 -20.412419 -10.079889 1.749520 0.025962 -3.126694
    40 -0.000002 3.287109 -0.573233 0.000000 0.000000 0.000000
    41 -0.000002 2.156256 -2.244137 0.000000 0.000000 0.000000
    42 -8.796875 -35.125000 -3.773438 -0.620577 -0.273631 -0.501918
    43 -0.097351 5.335948 -3.376940 0.000000 0.000000 0.000000
    44 -7.147141 -23.870196 -6.490174 1.749542 0.025956 -3.126677
  time 136
    0 0.000000 -0.000006 0.000000 -1.570781 -1.391896 -1.570809
    1 -6.748170 12.965976 -0.109277 1.596636 -1.286515 2.942963
    2 6.028145 0.000003 0.000002 -0.355265 -0.237944 -1.596977
    3 11.692553 0.000081 -0.000005 -0.000075 0.000024 -2.283273
    4 11.481672 -0.000089 -0.000024 1.654569 -0.023348 -0.380011
    5 3.859699 -0.142417 -1.191975 -0.470539 0.143305 -0.896605
    6 1.312563 -0.000008 0.000005 0.000000 -0.000003 -0.459155
    7 0.729362 -0.000008 0.000001 0.000001 -0.000003 -0.253960
    8 3.957955 -0.000124 -0.548635 -0.152691 0.071273 -0.823623
    9 1.539093 0.000006 -0.000007 -0.000002 0.000006 -0.257442
    10 1.196322 -0.000008 0.000002 0.000001 -0.000007 -0.440429
    11 3.825094 -0.156162 0.126746 0.085698 0.022662 -0.597478
    12 1.719580 -0.000010 0.000009 -0.000046 0.005514 -0.376100
    13 1.209183 -0.000004 0.000003 -0.000024 0.003091 -0.226003
    14 3.914545 -0.196558 1.148867 0.354822 -0.039407 -0.540769
    15 1.719433 0.000002 -0.000004 -0.000040 0.004079 -0.372644
    16 1.099676 -0.000006 0.000003 -0.000019 0.002595 -0.253981
    17 1.399810 -0.591124 1.211880 -1.222684 -0.679216 -0.788820
    18 1.789782 0.000002 -0.000006 -0.000002 -0.000001 0.228524
    19 1.206999 -0.000001 -0.000002 0.000002 -0.000001 0.362862
    20 -0.221558 -2.662109 -5.308594 -1.668474 1.286518 2.942953
    21 6.028141 0.000000 -0.000002 1.223716 0.655761 -1.237766
    22 11.692554 0.000000 -0.000003 -0.000002 0.000000 -1.188226
    23 11.481705 -0.000001 -0.000004 -1.310408 0.670598 0.470068
    24 4.003906 -0.205811 0.920898 0.499449 0.024964 -1.213607
    25 1.312565 -0.000004 -0.000002 0.002647 -0.000003 0.000662
    26 0.729366 -0.000004 0.000000 0.000000 0.002340 -1.574072
    27 4.222656 -0.111389 0.298096 0.146084 0.138555 -1.218293
    28 1.539104 0.000000 0.000001 0.021591 0.038691 -0.274898
    29 1.196322 0.000002 -0.000003 0.423018 0.188641 -2.054833
    30 3.883663 -0.050303 -0.431042 -0.048581 0.146519 -0.770215
    31 1.719584 0.000002 0.000006 -0.012269 0.089737 -0.735530
    32 1.209187 0.000004 0.000006 -0.004385 -0.003177 -1.490430
    33 3.859837 -0.148918 -1.331282 -0.321410 0.389553 -0.535020
    34 1.719431 0.000004 0.000013 0.007830 0.063159 -0.159722
    35 1.099665 0.000000 0.000007 -0.007433 -0.004262 -0.357454
    36 0.873535 -0.422119 -1.297852 1.277698 0.356538 -0.669644
    37 1.789785 -0.000006 -0.000010 -0.000498 -0.000088 -0.108780
    38 1.206999 -0.000001 -0.000008 -0.000493 -0.000238 0.720590
    39 -7.185611 -20.502265 -10.079889 1.751870 0.013210 -3.123969
    40 -0.000002 3.287109 -0.573233 0.000000 0.000000 0.000000
    41 -0.000002 2.156256 -2.244137 0.000000 0.000000 0.000000
    42 -8.796875 -35.125000 -3.773438 -0.620577 -0.273631 -0.501918
    43 -0.097351 5.335948 -3.376940 0.000000 0.000000 0.000000
    44 -7.166673 -23.948323 -6.482361 1.751894 0.013175 -3.123995
  time 137
    0 0.000000 -0.000006 0.000000 -1.570781 -1.391896 -1.570809
    1 -6.755983 12.969882 -0.105371 1.596636 -1.286515 2.942963
    2 6.028145 0.000003 0.000002 -0.427832 -0.251375 -1.558909
    3 11.692553 0.000081 -0.000005 -0.000075 0.000024 -2.248472
    4 11.481672 -0.000089 -0.000024 1.562960 -0.073688 -0.400246
    5 3.859699 -0.142417 -1.191975 -0.469395 0.147260 -0.888752
    6 1.312563 -0.000008 0.000005 0.000000 -0.000003 -0.449990
    7 0.729362 -0.000008 0.000001 0.000001 -0.000003 -0.248376
    8 3.957955 0.003783 -0.544729 -0.152211 0.072291 -0.816952
    9 1.539093 0.000006 -0.000007 -0.000002 0.000006 -0.251833
    10 1.196322 -0.000008 0.000002 0.000001 -0.000007 -0.434882
    11 3.829001 -0.152255 0.146278 0.085818 0.022183 -0.591895
    12 1.719580 -0.000010 0.000009 -0.000010 0.005514 -0.370544
    13 1.209183 -0.000004 0.000003 -0.000012 0.003091 -0.220442
    14 3.910638 -0.192652 1.156680 0.354605 -0.041349 -0.535534
    15 1.719433 0.000002 -0.000004 -0.000016 0.004079 -0.367052
    16 1.099676 -0.000006 0.000003 0.000005 0.002595 -0.248383
    17 1.403716 -0.579405 1.227505 -1.222684 -0.679216 -0.788820
    18 1.789782 0.000002 -0.000006 -0.000002 -0.000001 0.228524
    19 1.206999 -0.000001 -0.000002 0.000002 -0.000001 0.362862
    20 -0.221558 -2.662109 -5.308594 -1.668474 1.286518 2.942953
    21 6.028141 0.000000 -0.000002 1.229341 0.661291 -1.234732
    22 11.692554 0.000000 -0.000003 -0.000002 0.000000 -1.178520
    23 11.481705 -0.000001 -0.000004 -1.326277 0.665480 0.456327
    24 4.003906 -0.205811 0.920898 0.499449 0.024964 -1.213607
    25 1.312565 -0.000004 -0.000002 0.002647 -0.000003 0.000662
    26 0.729366 -0.000004 0.000000 0.000000 0.002340 -1.574072
    27 4.222656 -0.111389 0.298096 0.146084 0.138555 -1.218293
    28 1.539104 0.000000 0.000001 0.021591 0.038691 -0.274898
    29 1.196322 0.000002 -0.000003 0.423018 0.188641 -2.054833
    30 3.883663 -0.050303 -0.431042 -0.048581 0.146519 -0.770215
    31 1.719584 0.000002 0.000006 -0.012269 0.089737 -0.735530
    32 1.209187 0.000004 0.000006 -0.004385 -0.003177 -1.490430
    33 3.859837 -0.148918 -1.331282 -0.321410 0.389553 -0.535020
    34 1.719431 0.000004 0.000013 0.007830 0.063159 -0.159722
    35 1.099665 0.000000 0.000007 -0.007433 -0.004262 -0.357454
    36 0.873535 -0.422119 -1.297852 1.277698 0.356538 -0.669644
    37 1.789785 -0.000006 -0.000010 -0.000498 -0.000088 -0.108780
    38 1.206999 -0.000001 -0.000008 -0.000493 -0.000238 0.720590
    39 -7.263738 -20.588205 -10.079889 1.753413 0.001083 -3.121069
    40 -0.000002 3.287109 -0.573233 0.000000 0.000000 0.000000
    41 -0.000002 2.156256 -2.244137 0.000000 0.000000 0.000000
    42 -8.796875 -35.125000 -3.773438 -0.620577 -0.273631 -0.501918
    43 -0.097351 5.335948 -3.376940 0.000000 0.000000 0.000000
    44 -7.194018 -24.030357 -6.474549 1.753410 0.001101 -3.121025
  time 138
    0 0.000000 -0.000006 0.000000 -1.570781 -1.391896 -1.570809
    1 -6.763795 12.973789 -0.097558 1.596636 -1.286515 2.942963
    2 6.028145 0.000003 0.000002 -0.499840 -0.286623 -1.562249
    3 11.692553 0.000081 -0.000005 -0.000063 0.000024 -2.194825
    4 11.481672 -0.000089 -0.000024 1.481323 -0.142330 -0.351176
    5 3.859699 -0.142417 -1.191975 -0.468649 0.149788 -0.883668
    6 1.312563 -0.000008 0.000005 0.000000 -0.000003 -0.443978
    7 0.729362 -0.000008 0.000001 0.000001 -0.000003 -0.245496
    8 3.957955 0.007689 -0.536916 -0.151936 0.072878 -0.813124
    9 1.539093 0.000006 -0.000007 -0.000002 0.000006 -0.248987
    10 1.196322 -0.000008 0.000002 0.000001 -0.000007 -0.431974
    11 3.832907 -0.144443 0.161904 0.085878 0.021931 -0.589054
    12 1.719580 -0.000010 0.000009 0.000002 0.005514 -0.367682
    13 1.209183 -0.000004 0.000003 0.000000 0.003091 -0.217565
    14 3.910638 -0.188745 1.168399 0.354496 -0.042344 -0.532849
    15 1.719433 0.000002 -0.000004 -0.000004 0.004079 -0.364198
    16 1.099676 -0.000006 0.000003 0.000005 0.002595 -0.245515
    17 1.403716 -0.567686 1.243131 -1.222684 -0.679216 -0.788820
    18 1.789782 0.000002 -0.000006 -0.000002 -0.000001 0.228524
    19 1.206999 -0.000001 -0.000002 0.000002 -0.000001 0.362862
    20 -0.221558 -2.662109 -5.308594 -1.668474 1.286518 2.942953
    21 6.028141 0.000000 -0.000002 1.235062 0.666861 -1.231414
    22 11.692554 0.000000 -0.000003 -0.000002 0.000000 -1.169268
    23 11.481705 -0.000001 -0.000004 -1.340698 0.659573 0.444771
    24 4.003906 -0.205811 0.920898 0.499449 0.024964 -1.213607
    25 1.312565 -0.000004 -0.000002 0.002647 -0.000003 0.000662
    26 0.729366 -0.000004 0.000000 0.000000 0.002340 -1.574072
    27 4.222656 -0.111389 0.298096 0.146084 0.138555 -1.218293
    28 1.539104 0.000000 0.000001 0.021591 0.038691 -0.274898
    29 1.196322 0.000002 -0.000003 0.423018 0.188641 -2.054833
    30 3.883663 -0.050303 -0.431042 -0.048581 0.146519 -0.770215
    31 1.719584 0.000002 0.000006 -0.012269 0.089737 -0.735530
    32 1.209187 0.000004 0.000006 -0.004385 -0.003177 -1.490430
    33 3.859837 -0.148918 -1.331282 -0.321410 0.389553 -0.535020
    34 1.719431 0.000004 0.000013 0.007830 0.063159 -0.159722
    35 1.099665 0.000000 0.000007 -0.007433 -0.004262 -0.357454
    36 0.873535 -0.422119 -1.297852 1.277698 0.356538 -0.669644
    37 1.789785 -0.000006 -0.000010 -0.000498 -0.000088 -0.108780
    38 1.206999 -0.000001 -0.000008 -0.000493 -0.000238 0.720590
    39 -7.341866 -20.674146 -10.079889 1.753780 -0.010085 -3.118112
    40 -0.000002 3.287109 -0.573233 0.000000 0.000000 0.000000
    41 -0.000002 2.156256 -2.244137 0.000000 0.000000 0.000000
    42 -8.796875 -35.125000 -3.773438 -0.620577 -0.273631 -0.501918
    43 -0.097351 5.335948 -3.376940 0.000000 0.000000 0.000000
    44 -7.221362 -24.112391 -6.474549 1.753776 -0.010068 -3.118151
  time 139
    0 0.000000 -0.000006 0.000000 -1.570781 -1.391896 -1.570809
    1 -6.775514 12.977695 -0.089746 1.596636 -1.286515 2.942963
    2 6.028145 0.000003 0.000002 -0.568735 -0.345274 -1.592683
    3 11.692553 0.000081 -0.000005 -0.000063 0.000024 -2.127022
    4 11.481672 -0.000089 -0.000024 1.419626 -0.236650 -0.233031
    5 3.859699 -0.142417 -1.191975 -0.468233 0.151143 -0.880968
    6 1.312563 -0.000008 0.000005 0.000000 -0.000003 -0.440705
    7 0.729362 -0.000008 0.000001 0.000001 -0.000003 -0.244449
    8 3.954049 0.007689 -0.529103 -0.151804 0.073142 -0.811401
    9 1.539093 0.000006 -0.000007 -0.000002 0.000006 -0.247915
    10 1.196322 -0.000008 0.000002 0.000001 -0.000007 -0.430945
    11 3.836813 -0.136630 0.181436 0.085902 0.021847 -0.587997
    12 1.719580 -0.000010 0.000009 0.000002 0.005514 -0.366604
    13 1.209183 -0.000004 0.000003 0.000000 0.003091 -0.216540
    14 3.906732 -0.184839 1.180118 0.354450 -0.042703 -0.531862
    15 1.719433 0.000002 -0.000004 -0.000004 0.004079 -0.363150
    16 1.099676 -0.000006 0.000003 0.000005 0.002595 -0.244469
    17 1.399810 -0.559873 1.258756 -1.222684 -0.679216 -0.788820
    18 1.789782 0.000002 -0.000006 -0.000002 -0.000001 0.228524
    19 1.206999 -0.000001 -0.000002 0.000002 -0.000001 0.362862
    20 -0.221558 -2.662109 -5.308594 -1.668474 1.286518 2.942953
    21 6.028141 0.000000 -0.000002 1.241068 0.672869 -1.228096
    22 11.692554 0.000000 -0.000003 -0.000002 0.000000 -1.161050
    23 11.481705 -0.000001 -0.000004 -1.352705 0.652409 0.439216
    24 4.003906 -0.205811 0.920898 0.499449 0.024964 -1.213607
    25 1.312565 -0.000004 -0.000002 0.002647 -0.000003 0.000662
    26 0.729366 -0.000004 0.000000 0.000000 0.002340 -1.574072
    27 4.222656 -0.111389 0.298096 0.146084 0.138555 -1.218293
    28 1.539104 0.000000 0.000001 0.021591 0.038691 -0.274898
    29 1.196322 0.000002 -0.000003 0.423018 0.188641 -2.054833
    30 3.883663 -0.050303 -0.431042 -0.048581 0.146519 -0.770215
    31 1.719584 0.000002 0.000006 -0.012269 0.089737 -0.735530
    32 1.209187 0.000004 0.000006 -0.004385 -0.003177 -1.490430
    33 3.859837 -0.148918 -1.331282 -0.321410 0.389553 -0.535020
    34 1.719431 0.000004 0.000013 0.007830 0.063159 -0.159722
    35 1.099665 0.000000 0.000007 -0.007433 -0.004262 -0.357454
    36 0.873535 -0.422119 -1.297852 1.277698 0.356538 -0.669644
    37 1.789785 -0.000006 -0.000010 -0.000498 -0.000088 -0.108780
    38 1.206999 -0.000001 -0.000008 -0.000493 -0.000238 0.720590
    39 -7.423899 -20.756179 -10.079889 1.750622 -0.020170 -3.115387
    40 -0.000002 3.287109 -0.573233 0.000000 0.000000 0.000000
    41 -0.000002 2.156256 -2.244137 0.000000 0.000000 0.000000
    42 -8.796875 -35.125000 -3.773438 -0.620577 -0.273631 -0.501918
    43 -0.097351 5.335948 -3.376940 0.000000 0.000000 0.000000
    44 -7.256519 -24.206144 -6.486268 1.750640 -0.020175 -3.115373
  time 140
    0 0.000000 -0.000006 0.000000 -1.570781 -1.391896 -1.570809
    1 -6.783327 12.981601 -0.081933 1.596636 -1.286515 2.942963
    2 6.028145 0.000003 0.000002 -0.632999 -0.419392 -1.628842
    3 11.692553 0.000081 -0.000005 -0.000063 0.000036 -2.045847
    4 11.481672 -0.000089 -0.000024 1.360103 -0.348218 -0.068024
    5 3.859699 -0.142417 -1.191975 -0.468129 0.151538 -0.880197
    6 1.312563 -0.000008 0.000005 0.000000 -0.000003 -0.439723
    7 0.729362 -0.000008 0.000001 0.000001 -0.000003 -0.244304
    8 3.954049 0.011596 -0.521291 -0.151780 0.073202 -0.810991
    9 1.539093 0.000006 -0.000007 -0.000002 0.000006 -0.247791
    10 1.196322 -0.000008 0.000002 0.000001 -0.000007 -0.430811
    11 3.840720 -0.132724 0.200967 0.085902 0.021835 -0.587865
    12 1.719580 -0.000010 0.000009 0.000002 0.005514 -0.366480
    13 1.209183 -0.000004 0.000003 0.000000 0.003091 -0.216394
    14 3.902826 -0.180932 1.191837 0.354450 -0.042751 -0.531725
    15 1.719433 0.000002 -0.000004 -0.000004 0.004079 -0.363004
    16 1.099676 -0.000006 0.000003 0.000005 0.002595 -0.244332
    17 1.391997 -0.555967 1.270475 -1.222684 -0.679216 -0.788820
    18 1.789782 0.000002 -0.000006 -0.000002 -0.000001 0.228524
    19 1.206999 -0.000001 -0.000002 0.000002 -0.000001 0.362862
    20 -0.221558 -2.662109 -5.308594 -1.668474 1.286518 2.942953
    21 6.028141 0.000000 -0.000002 1.246789 0.678916 -1.224778
    22 11.692554 0.000000 -0.000003 -0.000002 0.000000 -1.153156
    23 11.481705 -0.000001 -0.000004 -1.361574 0.644162 0.440512
    24 4.003906 -0.205811 0.920898 0.499449 0.024964 -1.213607
    25 1.312565 -0.000004 -0.000002 0.002647 -0.000003 0.000662
    26 0.729366 -0.000004 0.000000 0.000000 0.002340 -1.574072
    27 4.222656 -0.111389 0.298096 0.146084 0.138555 -1.218293
    28 1.539104 0.000000 0.000001 0.021591 0.038691 -0.274898
    29 1.196322 0.000002 -0.000003 0.423018 0.188641 -2.054833
    30 3.883663 -0.050303 -0.431042 -0.048581 0.146519 -0.770215
    31 1.719584 0.000002 0.000006 -0.012269 0.089737 -0.735530
    32 1.209187 0.000004 0.000006 -0.004385 -0.003177 -1.490430
    33 3.859837 -0.148918 -1.331282 -0.321410 0.389553 -0.535020
    34 1.719431 0.000004 0.000013 0.007830 0.063159 -0.159722
    35 1.099665 0.000000 0.000007 -0.007433 -0.004262 -0.357454
    36 0.873535 -0.422119 -1.297852 1.277698 0.356538 -0.669644
    37 1.789785 -0.000006 -0.000010 -0.000498 -0.000088 -0.108780
    38 1.206999 -0.000001 -0.000008 -0.000493 -0.000238 0.720590
    39 -7.502027 -20.834307 -10.107233 1.742249 -0.028921 -3.113183
    40 -0.000002 3.287109 -0.573233 0.000000 0.000000 0.000000
    41 -0.000002 2.156256 -2.244137 0.000000 0.000000 0.000000
    42 -8.796875 -35.125000 -3.773438 -0.620577 -0.273631 -0.501918
    43 -0.097351 5.335948 -3.376940 0.000000 0.000000 0.000000
    44 -7.295583 -24.311616 -6.544863 1.742275 -0.028945 -3.113170
  time 141
    0 0.000000 -0.000006 0.000000 -1.570781 -1.391896 -1.570809
    1 -6.791140 12.985508 -0.078027 1.596636 -1.286515 2.942963
    2 6.028145 0.000003 0.000002 -0.688482 -0.501814 -1.662521
    3 11.692553 0.000081 -0.000005 -0.000063 0.000036 -1.950204
    4 11.481672 -0.000089 -0.000024 1.285362 -0.450732 0.125726
    5 3.859699 -0.142417 -1.191975 -0.468129 0.151538 -0.880197
    6 1.312563 -0.000008 0.000005 0.000000 -0.000003 -0.439723
    7 0.729362 -0.000008 0.000001 0.000001 -0.000003 -0.244304
    8 3.954049 0.015502 -0.513478 -0.151780 0.073202 -0.810991
    9 1.539093 0.000006 -0.000007 -0.000002 0.000006 -0.247791
    10 1.196322 -0.000008 0.000002 0.000001 -0.000007 -0.430811
    11 3.844626 -0.124911 0.216593 0.085902 0.021835 -0.587865
    12 1.719580 -0.000010 0.000009 0.000002 0.005514 -0.366480
    13 1.209183 -0.000004 0.000003 0.000000 0.003091 -0.216394
    14 3.898919 -0.177026 1.203556 0.354450 -0.042751 -0.531725
    15 1.719433 0.000002 -0.000004 -0.000004 0.004079 -0.363004
    16 1.099676 -0.000006 0.000003 0.000005 0.002595 -0.244332
    17 1.380278 -0.552061 1.278288 -1.222684 -0.679216 -0.788820
    18 1.789782 0.000002 -0.000006 -0.000002 -0.000001 0.228524
    19 1.206999 -0.000001 -0.000002 0.000002 -0.000001 0.362862
    20 -0.221558 -2.662109 -5.308594 -1.668474 1.286518 2.942953
    21 6.028141 0.000000 -0.000002 1.251937 0.684725 -1.221934
    22 11.692554 0.000000 -0.000003 -0.000002 0.000000 -1.143256
    23 11.481705 -0.000001 -0.000004 -1.367367 0.635798 0.445549
    24 4.003906 -0.205811 0.920898 0.499449 0.024964 -1.213607
    25 1.312565 -0.000004 -0.000002 0.002647 -0.000003 0.000662
    26 0.729366 -0.000004 0.000000 0.000000 0.002340 -1.574072
    27 4.222656 -0.111389 0.298096 0.146084 0.138555 -1.218293
    28 1.539104 0.000000 0.000001 0.021591 0.038691 -0.274898
    29 1.196322 0.000002 -0.000003 0.423018 0.188641 -2.054833
    30 3.883663 -0.050303 -0.431042 -0.048581 0.146519 -0.770215
    31 1.719584 0.000002 0.000006 -0.012269 0.089737 -0.735530
    32 1.209187 0.000004 0.000006 -0.004385 -0.003177 -1.490430
    33 3.859837 -0.148918 -1.331282 -0.321410 0.389553 -0.535020
    34 1.719431 0.000004 0.000013 0.007830 0.063159 -0.159722
    35 1.099665 0.000000 0.000007 -0.007433 -0.004262 -0.357454
    36 0.873535 -0.422119 -1.297852 1.277698 0.356538 -0.669644
    37 1.789785 -0.000006 -0.000010 -0.000498 -0.000088 -0.108780
    38 1.206999 -0.000001 -0.000008 -0.000493 -0.000238 0.720590
    39 -7.584061 -20.908528 -10.189267 1.729470 -0.036089 -3.111675
    40 -0.000002 3.287109 -0.573233 0.000000 0.000000 0.000000
    41 -0.000002 2.156256 -2.244137 0.000000 0.000000 0.000000
    42 -8.796875 -35.125000 -3.773438 -0.620577 -0.273631 -0.501918
    43 -0.097351 5.335948 -3.376940 0.000000 0.000000 0.000000
    44 -7.346366 -24.432713 -6.669867 1.729468 -0.036103 -3.111637
  time 142
    0 0.000000 -0.000006 0.000000 -1.570781 -1.391896 -1.570809
    1 -6.798953 12.989414 -0.070214 1.596636 -1.286515 2.942963
    2 6.028145 0.000003 0.000002 -0.730952 -0.587003 -1.693910
    3 11.692553 0.000081 -0.000005 -0.000051 0.000036 -1.839625
    4 11.481672 -0.000089 -0.000024 1.188656 -0.517931 0.327064
    5 3.859699 -0.142417 -1.191975 -0.468129 0.151538 -0.880197
    6 1.312563 -0.000008 0.000005 0.000000 -0.000003 -0.439723
    7 0.729362 -0.000008 0.000001 0.000001 -0.000003 -0.244304
    8 3.950142 0.019408 -0.505665 -0.151780 0.073202 -0.810991
    9 1.539093 0.000006 -0.000007 -0.000002 0.000006 -0.247791
    10 1.196322 -0.000008 0.000002 0.000001 -0.000007 -0.430811
    11 3.848533 -0.117098 0.236125 0.085902 0.021835 -0.587865
    12 1.719580 -0.000010 0.000009 0.000002 0.005514 -0.366480
    13 1.209183 -0.000004 0.000003 0.000000 0.003091 -0.216394
    14 3.895013 -0.173120 1.215275 0.354450 -0.042751 -0.531725
    15 1.719433 0.000002 -0.000004 -0.000004 0.004079 -0.363004
    16 1.099676 -0.000006 0.000003 0.000005 0.002595 -0.244332
    17 1.360746 -0.548154 1.286101 -1.222684 -0.679216 -0.788820
    18 1.789782 0.000002 -0.000006 -0.000002 -0.000001 0.228524
    19 1.206999 -0.000001 -0.000002 0.000002 -0.000001 0.362862
    20 -0.221558 -2.662109 -5.308594 -1.668474 1.286518 2.942953
    21 6.028141 0.000000 -0.000002 1.256133 0.690454 -1.219753
    22 11.692554 0.000000 -0.000003 -0.000002 0.000000 -1.131416
    23 11.481705 -0.000001 -0.000004 -1.369961 0.627756 0.453846
    24 4.003906 -0.205811 0.920898 0.499449 0.024964 -1.213607
    25 1.312565 -0.000004 -0.000002 0.002647 -0.000003 0.000662
    26 0.729366 -0.000004 0.000000 0.000000 0.002340 -1.574072
    27 4.222656 -0.111389 0.298096 0.146084 0.138555 -1.218293
    28 1.539104 0.000000 0.000001 0.021591 0.038691 -0.274898
    29 1.196322 0.000002 -0.000003 0.423018 0.188641 -2.054833
    30 3.883663 -0.050303 -0.431042 -0.048581 0.146519 -0.770215
    31 1.719584 0.000002 0.000006 -0.012269 0.089737 -0.735530
    32 1.209187 0.000004 0.000006 -0.004385 -0.003177 -1.490430
    33 3.859837 -0.148918 -1.331282 -0.321410 0.389553 -0.535020
    34 1.719431 0.000004 0.000013 0.007830 0.063159 -0.159722
    35 1.099665 0.000000 0.000007 -0.007433 -0.004262 -0.357454
    36 0.873535 -0.422119 -1.297852 1.277698 0.356538 -0.669644
    37 1.789785 -0.000006 -0.000010 -0.000498 -0.000088 -0.108780
    38 1.206999 -0.000001 -0.000008 -0.000493 -0.000238 0.720590
    39 -7.662188 -20.978842 -10.314271 1.713092 -0.041506 -3.111095
    40 -0.000002 3.287109 -0.573233 0.000000 0.000000 0.000000
    41 -0.000002 2.156256 -2.244137 0.000000 0.000000 0.000000
    42 -8.796875 -35.125000 -3.773438 -0.620577 -0.273631 -0.501918
    43 -0.097351 5.335948 -3.376940 0.000000 0.000000 0.000000
    44 -7.404961 -24.557717 -6.853466 1.713053 -0.041491 -3.111063
  time 143
    0 0.000000 -0.000006 0.000000 -1.570781 -1.391896 -1.570809
    1 -6.806765 12.989414 -0.062401 1.596636 -1.286515 2.942963
    2 6.028145 0.000003 0.000002 -0.757536 -0.669505 -1.724726
    3 11.692553 0.000081 -0.000005 -0.000051 0.000036 -1.716923
    4 11.481672 -0.000089 -0.000024 1.077107 -0.531199 0.506557
    5 3.859699 -0.142417 -1.191975 -0.468129 0.151538 -0.880197
    6 1.312563 -0.000008 0.000005 0.000000 -0.000003 -0.439723
    7 0.729362 -0.000008 0.000001 0.000001 -0.000003 -0.244304
    8 3.950142 0.019408 -0.497852 -0.151780 0.073202 -0.810991
    9 1.539093 0.000006 -0.000007 -0.000002 0.000006 -0.247791
    10 1.196322 -0.000008 0.000002 0.000001 -0.000007 -0.430811
    11 3.852439 -0.109285 0.255657 0.085902 0.021835 -0.587865
    12 1.719580 -0.000010 0.000009 0.000002 0.005514 -0.366480
    13 1.209183 -0.000004 0.000003 0.000000 0.003091 -0.216394
    14 3.891107 -0.169213 1.226994 0.354450 -0.042751 -0.531725
    15 1.719433 0.000002 -0.000004 -0.000004 0.004079 -0.363004
    16 1.099676 -0.000006 0.000003 0.000005 0.002595 -0.244332
    17 1.337308 -0.544248 1.290007 -1.222684 -0.679216 -0.788820
    18 1.789782 0.000002 -0.000006 -0.000002 -0.000001 0.228524
    19 1.206999 -0.000001 -0.000002 0.000002 -0.000001 0.362862
    20 -0.221558 -2.662109 -5.308594 -1.668474 1.286518 2.942953
    21 6.028141 0.000000 -0.000002 1.259660 0.696183 -1.218142
    22 11.692554 0.000000 -0.000003 -0.000002 0.000000 -1.117828
    23 11.481705 -0.000001 -0.000004 -1.369539 0.619744 0.464772
    24 4.003906 -0.205811 0.920898 0.499449 0.024964 -1.213607
    25 1.312565 -0.000004 -0.000002 0.002647 -0.000003 0.000662
    26 0.729366 -0.000004 0.000000 0.000000 0.002340 -1.574072
    27 4.222656 -0.111389 0.298096 0.146084 0.138555 -1.218293
    28 1.539104 0.000000 0.000001 0.021591 0.038691 -0.274898
    29 1.196322 0.000002 -0.000003 0.423018 0.188641 -2.054833
    30 3.883663 -0.050303 -0.431042 -0.048581 0.146519 -0.770215
    31 1.719584 0.000002 0.000006 -0.012269 0.089737 -0.735530
    32 1.209187 0.000004 0.000006 -0.004385 -0.003177 -1.490430
    33 3.859837 -0.148918 -1.331282 -0.321410 0.389553 -0.535020
    34 1.719431 0.000004 0.000013 0.007830 0.063159 -0.159722
    35 1.099665 0.000000 0.000007 -0.007433 -0.004262 -0.357454
    36 0.873535 -0.422119 -1.297852 1.277698 0.356538 -0.669644
    37 1.789785 -0.000006 -0.000010 -0.000498 -0.000088 -0.108780
    38 1.206999 -0.000001 -0.000008 -0.000493 -0.000238 0.720590
    39 -7.736409 -21.049157 -10.474432 1.693776 -0.044882 -3.111211
    40 -0.000002 3.287109 -0.573233 0.000000 0.000000 0.000000
    41 -0.000002 2.156256 -2.244137 0.000000 0.000000 0.000000
    42 -8.796875 -35.125000 -3.773438 -0.620577 -0.273631 -0.501918
    43 -0.097351 5.335948 -3.376940 0.000000 0.000000 0.000000
    44 -7.471370 -24.694440 -7.083942 1.693763 -0.044873 -3.111254
  time 144
    0 0.000000 -0.000006 0.000000 -1.570781 -1.391896 -1.570809
    1 -6.814578 12.993320 -0.058495 1.596636 -1.286515 2.942963
    2 6.028145 0.000003 0.000002 -0.766158 -0.745333 -1.758309
    3 11.692553 0.000081 -0.000005 -0.000039 0.000036 -1.586402
    4 11.481672 -0.000089 -0.000024 0.950490 -0.482575 0.637947
    5 3.859699 -0.142417 -1.191975 -0.468129 0.151538 -0.880197
    6 1.312563 -0.000008 0.000005 0.000000 -0.000003 -0.439723
    7 0.729362 -0.000008 0.000001 0.000001 -0.000003 -0.244304
    8 3.950142 0.023315 -0.490040 -0.151780 0.073202 -0.810991
    9 1.539093 0.000006 -0.000007 -0.000002 0.000006 -0.247791
    10 1.196322 -0.000008 0.000002 0.000001 -0.000007 -0.430811
    11 3.856345 -0.101473 0.275188 0.085902 0.021835 -0.587865
    12 1.719580 -0.000010 0.000009 0.000002 0.005514 -0.366480
    13 1.209183 -0.000004 0.000003 0.000000 0.003091 -0.216394
    14 3.887200 -0.165307 1.238714 0.354450 -0.042751 -0.531725
    15 1.719433 0.000002 -0.000004 -0.000004 0.004079 -0.363004
    16 1.099676 -0.000006 0.000003 0.000005 0.002595 -0.244332
    17 1.309963 -0.536435 1.290007 -1.222684 -0.679216 -0.788820
    18 1.789782 0.000002 -0.000006 -0.000002 -0.000001 0.228524
    19 1.206999 -0.000001 -0.000002 0.000002 -0.000001 0.362862
    20 -0.221558 -2.662109 -5.308594 -1.668474 1.286518 2.942953
    21 6.028141 0.000000 -0.000002 1.262807 0.701992 -1.216814
    22 11.692554 0.000000 -0.000003 -0.000002 0.000000 -1.102816
    23 11.481705 -0.000001 -0.000004 -1.366281 0.611205 0.477513
    24 4.003906 -0.205811 0.920898 0.499449 0.024964 -1.213607
    25 1.312565 -0.000004 -0.000002 0.002647 -0.000003 0.000662
    26 0.729366 -0.000004 0.000000 0.000000 0.002340 -1.574072
    27 4.222656 -0.111389 0.298096 0.146084 0.138555 -1.218293
    28 1.539104 0.000000 0.000001 0.021591 0.038691 -0.274898
    29 1.196322 0.000002 -0.000003 0.423018 0.188641 -2.054833
    30 3.883663 -0.050303 -0.431042 -0.048581 0.146519 -0.770215
    31 1.719584 0.000002 0.000006 -0.012269 0.089737 -0.735530
    32 1.209187 0.000004 0.000006 -0.004385 -0.003177 -1.490430
    33 3.859837 -0.148918 -1.331282 -0.321410 0.389553 -0.535020
    34 1.719431 0.000004 0.000013 0.007830 0.063159 -0.159722
    35 1.099665 0.000000 0.000007 -0.007433 -0.004262 -0.357454
    36 0.873535 -0.422119 -1.297852 1.277698 0.356538 -0.669644
    37 1.789785 -0.000006 -0.000010 -0.000498 -0.000088 -0.108780
    38 1.206999 -0.000001 -0.000008 -0.000493 -0.000238 0.720590
    39 -7.810630 -21.111659 -10.661938 1.672257 -0.046049 -3.111617
    40 -0.000002 3.287109 -0.573233 0.000000 0.000000 0.000000
    41 -0.000002 2.156256 -2.244137 0.000000 0.000000 0.000000
    42 -8.796875 -35.125000 -3.773438 -0.620577 -0.273631 -0.501918
    43 -0.097351 5.335948 -3.376940 0.000000 0.000000 0.000000
    44 -7.541684 -24.827256 -7.353482 1.672277 -0.046053 -3.111637
  time 145
    0 0.000000 -0.000006 0.000000 -1.570781 -1.391896 -1.570809
    1 -6.822391 12.997227 -0.050682 1.596636 -1.286515 2.942963
    2 6.028145 0.000003 0.000002 -0.756578 -0.811758 -1.797140
    3 11.692553 0.000081 -0.000005 -0.000039 0.000036 -1.454082
    4 11.481672 -0.000089 -0.000024 0.816751 -0.386695 0.714012
    5 3.859699 -0.142417 -1.191975 -0.469551 0.146720 -0.888016
    6 1.312563 -0.000008 0.000005 -0.000012 -0.000291 -0.446270
    7 0.729362 -0.000008 0.000001 0.000037 -0.000003 -0.248608
    8 3.950142 0.027221 -0.486133 -0.152895 0.069703 -0.818182
    9 1.539093 0.000006 -0.000007 -0.000098 -0.001145 -0.257607
    10 1.196322 -0.000008 0.000002 0.000109 -0.000067 -0.428306
    11 3.860252 -0.097566 0.294720 0.084524 0.019486 -0.591202
    12 1.719580 -0.000010 0.000009 0.000002 0.003644 -0.380163
    13 1.209183 -0.000004 0.000003 0.000192 0.003067 -0.219174
    14 3.883294 -0.161401 1.250433 0.353179 -0.044884 -0.534932
    15 1.719433 0.000002 -0.000004 0.000020 0.002054 -0.375119
    16 1.099676 -0.000006 0.000003 0.000233 0.002571 -0.247154
    17 1.278712 -0.532529 1.286101 -1.223866 -0.679077 -0.786844
    18 1.789782 0.000002 -0.000006 -0.000002 0.000060 0.222677
    19 1.206999 -0.000001 -0.000002 0.000002 -0.000001 0.357448
    20 -0.221558 -2.662109 -5.308594 -1.668474 1.286518 2.942953
    21 6.028141 0.000000 -0.000002 1.265381 0.707920 -1.215866
    22 11.692554 0.000000 -0.000003 -0.000002 0.000000 -1.086381
    23 11.481705 -0.000001 -0.000004 -1.360609 0.602198 0.491439
    24 4.003906 -0.205811 0.920898 0.499449 0.024964 -1.213607
    25 1.312565 -0.000004 -0.000002 0.002647 -0.000003 0.000662
    26 0.729366 -0.000004 0.000000 0.000000 0.002340 -1.574072
    27 4.222656 -0.111389 0.298096 0.146084 0.138555 -1.218293
    28 1.539104 0.000000 0.000001 0.021591 0.038691 -0.274898
    29 1.196322 0.000002 -0.000003 0.423018 0.188641 -2.054833
    30 3.883663 -0.050303 -0.431042 -0.048581 0.146519 -0.770215
    31 1.719584 0.000002 0.000006 -0.012269 0.089737 -0.735530
    32 1.209187 0.000004 0.000006 -0.004385 -0.003177 -1.490430
    33 3.859837 -0.148918 -1.331282 -0.321410 0.389553 -0.535020
    34 1.719431 0.000004 0.000013 0.007830 0.063159 -0.159722
    35 1.099665 0.000000 0.000007 -0.007433 -0.004262 -0.357454
    36 0.873535 -0.422119 -1.297852 1.277698 0.356538 -0.669644
    37 1.789785 -0.000006 -0.000010 -0.000498 -0.000088 -0.108780
    38 1.206999 -0.000001 -0.000008 -0.000493 -0.000238 0.720590
    39 -7.880945 -21.174161 -10.872882 1.649416 -0.045132 -3.112313
    40 -0.000002 3.287109 -0.573233 0.000000 0.000000 0.000000
    41 -0.000002 2.156256 -2.244137 0.000000 0.000000 0.000000
    42 -8.796875 -35.125000 -3.773438 -0.620577 -0.273631 -0.501918
    43 -0.097351 5.335948 -3.376940 0.000000 0.000000 0.000000
    44 -7.619812 -24.963979 -7.650366 1.649380 -0.045148 -3.112308
  time 146
    0 0.000000 -0.000006 0.000000 -1.570781 -1.391896 -1.570809
    1 -6.826297 12.997227 -0.046776 1.596636 -1.286515 2.942963
    2 6.028145 0.000003 0.000002 -0.730633 -0.865729 -1.840932
    3 11.692553 0.000081 -0.000005 -0.000027 0.000036 -1.328409
    4 11.481672 -0.000089 -0.000024 0.689459 -0.267986 0.742387
    5 3.859699 -0.142417 -1.191975 -0.473365 0.133202 -0.909858
    6 1.312563 -0.000008 0.000005 -0.000036 -0.001106 -0.464542
    7 0.729362 -0.000008 0.000001 0.000181 -0.000015 -0.260649
    8 3.946236 0.031127 -0.478321 -0.155891 0.059887 -0.838279
    9 1.539093 0.000006 -0.000007 -0.000326 -0.004380 -0.285034
    10 1.196322 -0.000008 0.000002 0.000432 -0.000247 -0.421282
    11 3.864158 -0.089754 0.314252 0.080725 0.012918 -0.600517
    12 1.719580 -0.000010 0.000009 0.000134 -0.001581 -0.418518
    13 1.209183 -0.000004 0.000003 0.000731 0.002995 -0.226881
    14 3.879387 -0.157494 1.262152 0.349674 -0.050853 -0.543866
    15 1.719433 0.000002 -0.000004 0.000236 -0.003639 -0.409017
    16 1.099676 -0.000006 0.000003 0.000892 0.002487 -0.254982
    17 1.243555 -0.524716 1.282194 -1.227156 -0.678618 -0.781312
    18 1.789782 0.000002 -0.000006 0.000010 0.000264 0.206343
    19 1.206999 -0.000001 -0.000002 -0.000010 0.000011 0.342347
    20 -0.221558 -2.662109 -5.308594 -1.668474 1.286518 2.942953
    21 6.028141 0.000000 -0.000002 1.267574 0.714007 -1.215298
    22 11.692554 0.000000 -0.000003 -0.000002 0.000000 -1.068911
    23 11.481705 -0.000001 -0.000004 -1.353187 0.592781 0.505736
    24 4.003906 -0.205811 0.920898 0.499449 0.024964 -1.213607
    25 1.312565 -0.000004 -0.000002 0.002647 -0.000003 0.000662
    26 0.729366 -0.000004 0.000000 0.000000 0.002340 -1.574072
    27 4.222656 -0.111389 0.298096 0.146084 0.138555 -1.218293
    28 1.539104 0.000000 0.000001 0.021591 0.038691 -0.274898
    29 1.196322 0.000002 -0.000003 0.423018 0.188641 -2.054833
    30 3.883663 -0.050303 -0.431042 -0.048581 0.146519 -0.770215
    31 1.719584 0.000002 0.000006 -0.012269 0.089737 -0.735530
    32 1.209187 0.000004 0.000006 -0.004385 -0.003177 -1.490430
    33 3.859837 -0.148918 -1.331282 -0.321410 0.389553 -0.535020
    34 1.719431 0.000004 0.000013 0.007830 0.063159 -0.159722
    35 1.099665 0.000000 0.000007 -0.007433 -0.004262 -0.357454
    36 0.873535 -0.422119 -1.297852 1.277698 0.356538 -0.669644
    37 1.789785 -0.000006 -0.000010 -0.000498 -0.000088 -0.108780
    38 1.206999 -0.000001 -0.000008 -0.000493 -0.000238 0.720590
    39 -7.947353 -21.232756 -11.091638 1.625840 -0.042548 -3.113183
    40 -0.000002 3.287109 -0.573233 0.000000 0.000000 0.000000
    41 -0.000002 2.156256 -2.244137 0.000000 0.000000 0.000000
    42 -8.796875 -35.125000 -3.773438 -0.620577 -0.273631 -0.501918
    43 -0.097351 5.335948 -3.376940 0.000000 0.000000 0.000000
    44 -7.697939 -25.096796 -7.958969 1.625856 -0.042553 -3.113170
  time 147
    0 0.000000 -0.000006 0.000000 -1.570781 -1.391896 -1.570809
    1 -6.834110 13.001133 -0.038963 1.596636 -1.286515 2.942963
    2 6.028145 0.000003 0.000002 -0.692793 -0.903907 -1.886250
    3 11.692553 0.000081 -0.000005 -0.000027 0.000036 -1.219784
    4 11.481672 -0.000089 -0.000024 0.574237 -0.149784 0.740639
    5 3.859699 -0.142417 -1.191975 -0.478601 0.112372 -0.943061
    6 1.312563 -0.000008 0.000005 -0.000060 -0.002364 -0.492455
    7 0.729362 -0.000008 0.000001 0.000384 -0.000039 -0.279030
    8 3.946236 0.031127 -0.470508 -0.160073 0.044775 -0.868904
    9 1.539093 0.000006 -0.000007 -0.000505 -0.009342 -0.327062
    10 1.196322 -0.000008 0.000002 0.000912 -0.000522 -0.410590
    11 3.864158 -0.081941 0.329878 0.075044 0.002827 -0.614689
    12 1.719580 -0.000010 0.000009 0.000745 -0.009611 -0.477482
    13 1.209183 -0.000004 0.000003 0.001558 0.002887 -0.238685
    14 3.875481 -0.157494 1.273871 0.344418 -0.060021 -0.557459
    15 1.719433 0.000002 -0.000004 0.000955 -0.012340 -0.461088
    16 1.099676 -0.000006 0.000003 0.001887 0.002355 -0.266998
    17 1.208398 -0.516903 1.274382 -1.232191 -0.677921 -0.772900
    18 1.789782 0.000002 -0.000006 0.000034 0.000570 0.181431
    19 1.206999 -0.000001 -0.000002 -0.000034 0.000035 0.319312
    20 -0.221558 -2.662109 -5.308594 -1.668474 1.286518 2.942953
    21 6.028141 0.000000 -0.000002 1.269480 0.720293 -1.215013
    22 11.692554 0.000000 -0.000003 -0.000002 0.000000 -1.050665
    23 11.481705 -0.000001 -0.000004 -1.344559 0.583072 0.519848
    24 4.003906 -0.205811 0.920898 0.499449 0.024964 -1.213607
    25 1.312565 -0.000004 -0.000002 0.002647 -0.000003 0.000662
    26 0.729366 -0.000004 0.000000 0.000000 0.002340 -1.574072
    27 4.222656 -0.111389 0.298096 0.146084 0.138555 -1.218293
    28 1.539104 0.000000 0.000001 0.021591 0.038691 -0.274898
    29 1.196322 0.000002 -0.000003 0.423018 0.188641 -2.054833
    30 3.883663 -0.050303 -0.431042 -0.048581 0.146519 -0.770215
    31 1.719584 0.000002 0.000006 -0.012269 0.089737 -0.735530
    32 1.209187 0.000004 0.000006 -0.004385 -0.003177 -1.490430
    33 3.859837 -0.148918 -1.331282 -0.321423 0.389553 -0.535020
    34 1.719431 0.000004 0.000013 0.007830 0.063159 -0.159722
    35 1.099665 0.000000 0.000007 -0.007433 -0.004262 -0.357454
    36 0.873535 -0.422119 -1.297852 1.277698 0.356538 -0.669644
    37 1.789785 -0.000006 -0.000010 -0.000498 -0.000088 -0.108780
    38 1.206999 -0.000001 -0.000008 -0.000493 -0.000238 0.720590
    39 -8.009855 -21.287446 -11.318208 1.602338 -0.038589 -3.114285
    40 -0.000002 3.287109 -0.573233 0.000000 0.000000 0.000000
    41 -0.000002 2.156256 -2.244137 0.000000 0.000000 0.000000
    42 -8.796875 -35.125000 -3.773438 -0.620577 -0.273631 -0.501918
    43 -0.097351 5.335948 -3.376940 0.000000 0.000000 0.000000
    44 -7.779973 -25.225706 -8.275385 1.602332 -0.038580 -3.114320
  time 148
    0 0.000000 -0.000006 0.000000 -1.570781 -1.391896 -1.570809
    1 -6.841923 13.001133 -0.035056 1.596636 -1.286515 2.942963
    2 6.028145 0.000003 0.000002 -0.648007 -0.930974 -1.932045
    3 11.692553 0.000081 -0.000005 -0.000027 0.000036 -1.125784
    4 11.481672 -0.000089 -0.000024 0.475132 -0.044382 0.723946
    5 3.859699 -0.142417 -1.191975 -0.484236 0.085623 -0.985099
    6 1.312563 -0.000008 0.000005 -0.000024 -0.003946 -0.527927
    7 0.729362 -0.000008 0.000001 0.000648 -0.000051 -0.302327
    8 3.946236 0.035034 -0.462695 -0.164723 0.025384 -0.907758
    9 1.539093 0.000006 -0.000007 -0.000434 -0.015670 -0.380597
    10 1.196322 -0.000008 0.000002 0.001523 -0.000882 -0.396991
    11 3.868064 -0.078034 0.349409 0.068045 -0.010092 -0.632594
    12 1.719580 -0.000010 0.000009 0.002219 -0.019809 -0.553072
    13 1.209183 -0.000004 0.000003 0.002613 0.002779 -0.253659
    14 3.875481 -0.153588 1.281684 0.337922 -0.071742 -0.574670
    15 1.719433 0.000002 -0.000004 0.002513 -0.023390 -0.527633
    16 1.099676 -0.000006 0.000003 0.003157 0.002224 -0.282200
    17 1.173240 -0.512997 1.270475 -1.238535 -0.676964 -0.762259
    18 1.789782 0.000002 -0.000006 0.000046 0.000978 0.149778
    19 1.206999 -0.000001 -0.000002 -0.000058 0.000059 0.290066
    20 -0.221558 -2.662109 -5.308594 -1.668474 1.286518 2.942953
    21 6.028141 0.000000 -0.000002 1.271006 0.726698 -1.214918
    22 11.692554 0.000000 -0.000003 -0.000002 0.000000 -1.032094
    23 11.481705 -0.000001 -0.000004 -1.335086 0.573276 0.533144
    24 4.003906 -0.205811 0.920898 0.499449 0.024964 -1.213607
    25 1.312565 -0.000004 -0.000002 0.002647 -0.000003 0.000662
    26 0.729366 -0.000004 0.000000 0.000000 0.002328 -1.574072
    27 4.222656 -0.111389 0.298096 0.146084 0.138555 -1.218293
    28 1.539104 0.000000 0.000001 0.021591 0.038691 -0.274898
    29 1.196322 0.000002 -0.000003 0.423018 0.188641 -2.054833
    30 3.883663 -0.050303 -0.431042 -0.048581 0.146519 -0.770215
    31 1.719584 0.000002 0.000006 -0.012269 0.089737 -0.735530
    32 1.209187 0.000004 0.000006 -0.004385 -0.003177 -1.490430
    33 3.859837 -0.148918 -1.331282 -0.321410 0.389553 -0.535020
    34 1.719431 0.000004 0.000013 0.007830 0.063159 -0.159722
    35 1.099665 0.000000 0.000007 -0.007433 -0.004262 -0.357454
    36 0.873535 -0.422119 -1.297852 1.277698 0.356538 -0.669644
    37 1.789785 -0.000006 -0.000010 -0.000498 -0.000088 -0.108780
    38 1.206999 -0.000001 -0.000008 -0.000493 -0.000238 0.720590
    39 -8.064544 -21.338228 -11.540871 1.579570 -0.033422 -3.115503
    40 -0.000002 3.287109 -0.573233 0.000000 0.000000 0.000000
    41 -0.000002 2.156256 -2.244137 0.000000 0.000000 0.000000
    42 -8.796875 -35.125000 -3.773438 -0.620577 -0.273631 -0.501918
    43 -0.097351 5.335948 -3.376940 0.000000 0.000000 0.000000
    44 -7.854194 -25.346804 -8.587894 1.579539 -0.033429 -3.115565
  time 149
    0 0.000000 -0.000006 0.000000 -1.570781 -1.391896 -1.570809
    1 -6.845829 13.005040 -0.031150 1.596636 -1.286515 2.942963
    2 6.028145 0.000003 0.000002 -0.597554 -0.954378 -1.980989
    3 11.692553 0.000081 -0.000005 -0.000015 0.000036 -1.036319
    4 11.481672 -0.000089 -0.000024 0.389821 0.049587 0.695893
    5 3.859699 -0.142417 -1.191975 -0.489316 0.054463 -1.033413
    6 1.312563 -0.000008 0.000005 0.000060 -0.005780 -0.568816
    7 0.729362 -0.000008 0.000001 0.000948 -0.000063 -0.329172
    8 3.946236 0.038940 -0.458789 -0.169158 0.002793 -0.952464
    9 1.539093 0.000006 -0.000007 0.000058 -0.022968 -0.442504
    10 1.196322 -0.000008 0.000002 0.002206 -0.001301 -0.381378
    11 3.871971 -0.070222 0.365035 0.060267 -0.025121 -0.653109
    12 1.719580 -0.000010 0.000009 0.004880 -0.031482 -0.640895
    13 1.209183 -0.000004 0.000003 0.003823 0.002660 -0.270925
    14 3.871575 -0.149681 1.293403 0.330697 -0.085392 -0.594403
    15 1.719433 0.000002 -0.000004 0.005245 -0.036033 -0.604807
    16 1.099676 -0.000006 0.000003 0.004619 0.002092 -0.299722
    17 1.138083 -0.505184 1.262663 -1.245824 -0.675809 -0.750008
    18 1.789782 0.000002 -0.000006 0.000046 0.001447 0.113292
    19 1.206999 -0.000001 -0.000002 -0.000094 0.000095 0.256362
    20 -0.221558 -2.662109 -5.308594 -1.668474 1.286518 2.942953
    21 6.028141 0.000000 -0.000002 1.272245 0.733144 -1.215108
    22 11.692554 0.000000 -0.000003 -0.000002 0.000000 -1.013654
    23 11.481705 -0.000001 -0.000004 -1.325251 0.563655 0.545219
    24 4.003906 -0.205811 0.920898 0.499449 0.024964 -1.213607
    25 1.312565 -0.000004 -0.000002 0.002647 -0.000003 0.000662
    26 0.729366 -0.000004 0.000000 0.000000 0.002340 -1.574072
    27 4.222656 -0.111389 0.298096 0.146084 0.138555 -1.218293
    28 1.539104 0.000000 0.000001 0.021591 0.038691 -0.274898
    29 1.196322 0.000002 -0.000003 0.423018 0.188641 -2.054833
    30 3.883663 -0.050303 -0.431042 -0.048581 0.146519 -0.770215
    31 1.719584 0.000002 0.000006 -0.012269 0.089737 -0.735530
    32 1.209187 0.000004 0.000006 -0.004385 -0.003177 -1.490430
    33 3.859837 -0.148918 -1.331282 -0.321410 0.389553 -0.535020
    34 1.719431 0.000004 0.000013 0.007830 0.063159 -0.159722
    35 1.099665 0.000000 0.000007 -0.007433 -0.004262 -0.357454
    36 0.873535 -0.422119 -1.297852 1.277698 0.356538 -0.669644
    37 1.789785 -0.000006 -0.000010 -0.000498 -0.000088 -0.108780
    38 1.206999 -0.000001 -0.000008 -0.000493 -0.000238 0.720590
    39 -8.111420 -21.385105 -11.747908 1.558345 -0.027379 -3.116952
    40 -0.000002 3.287109 -0.573233 0.000000 0.000000 0.000000
    41 -0.000002 2.156256 -2.244137 0.000000 0.000000 0.000000
    42 -8.796875 -35.125000 -3.773438 -0.620577 -0.273631 -0.501918
    43 -0.097351 5.335948 -3.376940 0.000000 0.000000 0.000000
    44 -7.928415 -25.456182 -8.884778 1.558368 -0.027372 -3.117002
  time 150
    0 0.000000 -0.000006 0.000000 -1.570781 -1.391896 -1.570809
    1 -6.853642 13.005040 -0.027244 1.596636 -1.286515 2.942963
    2 6.028145 0.000003 0.000002 -0.542231 -0.974566 -2.032794
    3 11.692553 0.000081 -0.000005 -0.000015 0.000024 -0.952015
    4 11.481672 -0.000089 -0.000024 0.315230 0.131965 0.660389
    5 3.859699 -0.142417 -1.191975 -0.493113 0.020522 -1.085373
    6 1.312563 -0.000008 0.000005 0.000252 -0.007745 -0.612977
    7 0.729362 -0.000008 0.000001 0.001271 -0.000063 -0.358168
    8 3.942329 0.038940 -0.450976 -0.172801 -0.021824 -1.000670
    9 1.539093 0.000006 -0.000007 0.001112 -0.030806 -0.509485
    10 1.196322 -0.000008 0.000002 0.002949 -0.001781 -0.364512
    11 3.875877 -0.066315 0.380660 0.052213 -0.041516 -0.675110
    12 1.719580 -0.000010 0.000009 0.008931 -0.043839 -0.736347
    13 1.209183 -0.000004 0.000003 0.005141 0.002564 -0.289509
    14 3.867668 -0.145775 1.301215 0.323192 -0.100277 -0.615615
    15 1.719433 0.000002 -0.000004 0.009296 -0.049456 -0.688593
    16 1.099676 -0.000006 0.000003 0.006201 0.001972 -0.318611
    17 1.106832 -0.501278 1.250943 -1.253658 -0.674493 -0.736826
    18 1.789782 0.000002 -0.000006 0.000034 0.001937 0.073907
    19 1.206999 -0.000001 -0.000002 -0.000130 0.000131 0.219951
    20 -0.221558 -2.662109 -5.308594 -1.668474 1.286518 2.942953
    21 6.028141 0.000000 -0.000002 1.273199 0.739589 -1.215582
    22 11.692554 0.000000 -0.000003 -0.000002 0.000000 -0.995795
    23 11.481705 -0.000001 -0.000004 -1.315356 0.554443 0.555590
    24 4.003906 -0.205811 0.920898 0.499449 0.024964 -1.213607
    25 1.312565 -0.000004 -0.000002 0.002647 -0.000003 0.000662
    26 0.729366 -0.000004 0.000000 0.000000 0.002340 -1.574072
    27 4.222656 -0.111389 0.298096 0.146084 0.138555 -1.218293
    28 1.539104 0.000000 0.000001 0.021591 0.038691 -0.274898
    29 1.196322 0.000002 -0.000003 0.423018 0.188641 -2.054833
    30 3.883663 -0.050303 -0.431042 -0.048581 0.146519 -0.770215
    31 1.719584 0.000002 0.000006 -0.012269 0.089737 -0.735530
    32 1.209187 0.000004 0.000006 -0.004385 -0.003177 -1.490430
    33 3.859837 -0.148918 -1.331282 -0.321410 0.389553 -0.535020
    34 1.719431 0.000004 0.000013 0.007830 0.063159 -0.159722
    35 1.099665 0.000000 0.000007 -0.007433 -0.004262 -0.357454
    36 0.873535 -0.422119 -1.297852 1.277698 0.356538 -0.669644
    37 1.789785 -0.000006 -0.000010 -0.000498 -0.000088 -0.108780
    38 1.206999 -0.000001 -0.000008 -0.000493 -0.000238 0.720590
    39 -8.154390 -21.428075 -11.935414 1.539323 -0.020711 -3.118460
    40 -0.000002 3.287109 -0.573233 0.000000 0.000000 0.000000
    41 -0.000002 2.156256 -2.244137 0.000000 0.000000 0.000000
    42 -8.796875 -35.125000 -3.773438 -0.620577 -0.273631 -0.501918
    43 -0.097351 5.335948 -3.376940 0.000000 0.000000 0.000000
    44 -7.994823 -25.557747 -9.146505 1.539339 -0.020726 -3.118535
  time 151
    0 0.000000 -0.000006 0.000000 -1.570781 -1.391896 -1.570809
    1 -6.857548 13.008946 -0.019431 1.596636 -1.286515 2.942963
    2 6.028145 0.000003 0.000002 -0.483076 -0.991905 -2.086890
    3 11.692553 0.000081 -0.000005 -0.000015 0.000024 -0.873656
    4 11.481672 -0.000089 -0.000024 0.249485 0.202832 0.620747
    5 3.859699 -0.142417 -1.191975 -0.495176 -0.014425 -1.138525
    6 1.312563 -0.000008 0.000005 0.000551 -0.009758 -0.658240
    7 0.729362 -0.000008 0.000001 0.001607 -0.000051 -0.387834
    8 3.942329 0.042847 -0.447070 -0.175306 -0.047207 -1.050051
    9 1.539093 0.000006 -0.000007 0.002742 -0.038764 -0.578238
    10 1.196322 -0.000008 0.000002 0.003704 -0.002272 -0.347244
    11 3.875877 -0.058503 0.392380 0.044339 -0.058498 -0.697541
    12 1.719580 -0.000010 0.000009 0.014300 -0.056063 -0.834453
    13 1.209183 -0.000004 0.000003 0.006484 0.002480 -0.308531
    14 3.863762 -0.145775 1.309028 0.315812 -0.115677 -0.637266
    15 1.719433 0.000002 -0.000004 0.014617 -0.062831 -0.774678
    16 1.099676 -0.000006 0.000003 0.007819 0.001888 -0.338000
    17 1.071675 -0.493465 1.243131 -1.261656 -0.673059 -0.723362
    18 1.789782 0.000002 -0.000006 -0.000002 0.002447 0.033531
    19 1.206999 -0.000001 -0.000002 -0.000166 0.000155 0.182664
    20 -0.221558 -2.662109 -5.308594 -1.668474 1.286518 2.942953
    21 6.028141 0.000000 -0.000002 1.273866 0.745557 -1.216056
    22 11.692554 0.000000 -0.000003 -0.000002 0.000000 -0.979619
    23 11.481705 -0.000001 -0.000004 -1.305642 0.546079 0.564145
    24 4.003906 -0.205811 0.920898 0.499449 0.024964 -1.213607
    25 1.312565 -0.000004 -0.000002 0.002647 -0.000003 0.000662
    26 0.729366 -0.000004 0.000000 0.000000 0.002340 -1.574072
    27 4.222656 -0.111389 0.298096 0.146084 0.138555 -1.218293
    28 1.539104 0.000000 0.000001 0.021591 0.038691 -0.274898
    29 1.196322 0.000002 -0.000003 0.423018 0.188641 -2.054833
    30 3.883663 -0.050303 -0.431042 -0.048581 0.146519 -0.770215
    31 1.719584 0.000002 0.000006 -0.012269 0.089737 -0.735530
    32 1.209187 0.000004 0.000006 -0.004385 -0.003177 -1.490430
    33 3.859837 -0.148918 -1.331282 -0.321410 0.389553 -0.535020
    34 1.719431 0.000004 0.000013 0.007830 0.063159 -0.159722
    35 1.099665 0.000000 0.000007 -0.007433 -0.004262 -0.357454
    36 0.873535 -0.422119 -1.297852 1.277698 0.356538 -0.669644
    37 1.789785 -0.000006 -0.000010 -0.000498 -0.000088 -0.108780
    38 1.206999 -0.000001 -0.000008 -0.000493 -0.000238 0.720590
    39 -8.185641 -21.471045 -12.095575 1.523312 -0.013627 -3.120142
    40 -0.000002 3.287109 -0.573233 0.000000 0.000000 0.000000
    41 -0.000002 2.156256 -2.244137 0.000000 0.000000 0.000000
    42 -8.796875 -35.125000 -3.773438 -0.620577 -0.273631 -0.501918
    43 -0.097351 5.335948 -3.376940 0.000000 0.000000 0.000000
    44 -8.057325 -25.643688 -9.373075 1.523290 -0.013647 -3.120163
  time 152
    0 0.000000 -0.000006 0.000000 -1.570781 -1.391896 -1.570809
    1 -6.865361 13.008946 -0.015525 1.596636 -1.286515 2.942963
    2 6.028145 0.000003 0.000002 -0.421685 -1.006598 -2.141653
    3 11.692553 0.000081 -0.000005 -0.000015 0.000024 -0.803116
    4 11.481672 -0.000089 -0.000024 0.191911 0.262616 0.580047
    5 3.859699 -0.142417 -1.191975 -0.495384 -0.048581 -1.190380
    6 1.312563 -0.000008 0.000005 0.000923 -0.011700 -0.702402
    7 0.729362 -0.000008 0.000001 0.001930 -0.000039 -0.416831
    8 3.942329 0.042847 -0.439257 -0.176540 -0.072051 -1.098230
    9 1.539093 0.000006 -0.000007 0.004852 -0.046398 -0.645301
    10 1.196322 -0.000008 0.000002 0.004423 -0.002763 -0.330379
    11 3.879784 -0.054596 0.404099 0.037017 -0.075228 -0.719344
    12 1.719580 -0.000010 0.000009 0.020651 -0.067412 -0.930113
    13 1.209183 -0.000004 0.000003 0.007802 0.002432 -0.327164
    14 3.863762 -0.141869 1.316841 0.308928 -0.130862 -0.658313
    15 1.719433 0.000002 -0.000004 0.020885 -0.075379 -0.858697
    16 1.099676 -0.000006 0.000003 0.009413 0.001828 -0.356888
    17 1.044330 -0.489559 1.235318 -1.269418 -0.671584 -0.710237
    18 1.789782 0.000002 -0.000006 -0.000062 0.002936 -0.005854
    19 1.206999 -0.000001 -0.000002 -0.000202 0.000191 0.146279
    20 -0.221558 -2.662109 -5.308594 -1.668474 1.286518 2.942953
    21 6.028141 0.000000 -0.000002 1.274343 0.751007 -1.216720
    22 11.692554 0.000000 -0.000003 -0.000002 0.000000 -0.965514
    23 11.481705 -0.000001 -0.000004 -1.296350 0.538944 0.570516
    24 4.003906 -0.205811 0.920898 0.499449 0.024964 -1.213607
    25 1.312565 -0.000004 -0.000002 0.002647 -0.000003 0.000662
    26 0.729366 -0.000004 0.000000 0.000000 0.002340 -1.574072
    27 4.222656 -0.111389 0.298096 0.146084 0.138555 -1.218293
    28 1.539104 0.000000 0.000001 0.021591 0.038691 -0.274898
    29 1.196322 0.000002 -0.000003 0.423018 0.188641 -2.054833
    30 3.883663 -0.050303 -0.431042 -0.048581 0.146519 -0.770215
    31 1.719584 0.000002 0.000006 -0.012269 0.089737 -0.735530
    32 1.209187 0.000004 0.000006 -0.004385 -0.003177 -1.490430
    33 3.859837 -0.148918 -1.331282 -0.321410 0.389553 -0.535020
    34 1.719431 0.000004 0.000013 0.007830 0.063159 -0.159722
    35 1.099665 0.000000 0.000007 -0.007433 -0.004262 -0.357454
    36 0.873535 -0.422119 -1.297852 1.277698 0.356538 -0.669644
    37 1.789785 -0.000006 -0.000010 -0.000498 -0.000088 -0.108780
    38 1.206999 -0.000001 -0.000008 -0.000493 -0.000238 0.720590
    39 -8.212986 -21.510109 -12.220579 1.510900 -0.006459 -3.121823
    40 -0.000002 3.287109 -0.573233 0.000000 0.000000 0.000000
    41 -0.000002 2.156256 -2.244137 0.000000 0.000000 0.000000
    42 -8.796875 -35.125000 -3.773438 -0.620577 -0.273631 -0.501918
    43 -0.097351 5.335948 -3.376940 0.000000 0.000000 0.000000
    44 -8.108108 -25.714002 -9.548861 1.510901 -0.006450 -3.121887
  time 153
    0 0.000000 -0.000006 0.000000 -1.570781 -1.391896 -1.570809
    1 -6.869267 13.008946 -0.011618 1.596636 -1.286515 2.942963
    2 6.028145 0.000003 0.000002 -0.359496 -1.019093 -2.196226
    3 11.692553 0.000081 -0.000005 -0.000015 0.000024 -0.741492
    4 11.481672 -0.000089 -0.000024 0.142584 0.311590 0.541003
    5 3.859699 -0.142417 -1.191975 -0.493997 -0.080124 -1.238378
    6 1.312563 -0.000008 0.000005 0.001330 -0.013486 -0.743290
    7 0.729362 -0.000008 0.000001 0.002230 -0.000015 -0.443676
    8 3.942329 0.046753 -0.435351 -0.176612 -0.095074 -1.142881
    9 1.539093 0.000006 -0.000007 0.007249 -0.053301 -0.707291
    10 1.196322 -0.000008 0.000002 0.005094 -0.003231 -0.314766
    11 3.883690 -0.050690 0.415818 0.030545 -0.090880 -0.739429
    12 1.719580 -0.000010 0.000009 0.027459 -0.077288 -1.018392
    13 1.209183 -0.000004 0.000003 0.009024 0.002408 -0.344382
    14 3.859856 -0.137962 1.320747 0.302834 -0.145063 -0.677799
    15 1.719433 0.000002 -0.000004 0.027609 -0.086441 -0.936366
    16 1.099676 -0.000006 0.000003 0.010875 0.001804 -0.374411
    17 1.016986 -0.485652 1.227505 -1.276580 -0.670129 -0.698127
    18 1.789782 0.000002 -0.000006 -0.000122 0.003385 -0.042315
    19 1.206999 -0.000001 -0.000002 -0.000238 0.000215 0.112548
    20 -0.221558 -2.662109 -5.308594 -1.668474 1.286518 2.942953
    21 6.028141 0.000000 -0.000002 1.274534 0.755662 -1.217288
    22 11.692554 0.000000 -0.000003 -0.000002 0.000000 -0.954449
    23 11.481705 -0.000001 -0.000004 -1.287782 0.533534 0.574627
    24 4.003906 -0.205811 0.920898 0.499449 0.024964 -1.213607
    25 1.312565 -0.000004 -0.000002 0.002647 -0.000003 0.000662
    26 0.729366 -0.000004 0.000000 0.000000 0.002340 -1.574072
    27 4.222656 -0.111389 0.298096 0.146084 0.138555 -1.218293
    28 1.539104 0.000000 0.000001 0.021591 0.038691 -0.274898
    29 1.196322 0.000002 -0.000003 0.423018 0.188641 -2.054833
    30 3.883663 -0.050303 -0.431042 -0.048581 0.146519 -0.770215
    31 1.719584 0.000002 0.000006 -0.012269 0.089737 -0.735530
    32 1.209187 0.000004 0.000006 -0.004385 -0.003177 -1.490430
    33 3.859837 -0.148918 -1.331282 -0.321410 0.389553 -0.535020
    34 1.719431 0.000004 0.000013 0.007830 0.063159 -0.159722
    35 1.099665 0.000000 0.000007 -0.007433 -0.004262 -0.357454
    36 0.873535 -0.422119 -1.297852 1.277698 0.356538 -0.669644
    37 1.789785 -0.000006 -0.000010 -0.000498 -0.000088 -0.108780
    38 1.206999 -0.000001 -0.000008 -0.000493 -0.000238 0.720590
    39 -8.224705 -21.545266 -12.302613 1.503042 0.000583 -3.123621
    40 -0.000002 3.287109 -0.573233 0.000000 0.000000 0.000000
    41 -0.000002 2.156256 -2.244137 0.000000 0.000000 0.000000
    42 -8.796875 -35.125000 -3.773438 -0.620577 -0.273631 -0.501918
    43 -0.097351 5.335948 -3.376940 0.000000 0.000000 0.000000
    44 -8.147172 -25.772598 -9.662146 1.503007 0.000551 -3.123612
  time 154
    0 0.000000 -0.000006 0.000000 -1.570781 -1.391896 -1.570809
    1 -6.873174 13.012852 -0.007712 1.596636 -1.286515 2.942963
    2 6.028145 0.000003 0.000002 -0.298665 -1.029798 -2.248413
    3 11.692553 0.000081 -0.000005 -0.000003 0.000024 -0.690972
    4 11.481672 -0.000089 -0.000024 0.102177 0.350067 0.506787
    5 3.859699 -0.142417 -1.191975 -0.491570 -0.107341 -1.280100
    6 1.312563 -0.000008 0.000005 0.001762 -0.015020 -0.778762
    7 0.729362 -0.000008 0.000001 0.002482 -0.000003 -0.466972
    8 3.942329 0.046753 -0.435351 -0.175833 -0.115004 -1.181653
    9 1.539093 0.000006 -0.000007 0.009669 -0.059150 -0.760991
    10 1.196322 -0.000008 0.000002 0.005658 -0.003650 -0.301166
    11 3.883690 -0.050690 0.423630 0.025176 -0.104566 -0.756839
    12 1.719580 -0.000010 0.000009 0.033990 -0.085269 -1.094480
    13 1.209183 -0.000004 0.000003 0.010079 0.002396 -0.359356
    14 3.859856 -0.137962 1.328560 0.297749 -0.157479 -0.694654
    15 1.719433 0.000002 -0.000004 0.034080 -0.095549 -1.003464
    16 1.099676 -0.000006 0.000003 0.012158 0.001804 -0.389612
    17 0.997454 -0.481746 1.219692 -1.282796 -0.668814 -0.687599
    18 1.789782 0.000002 -0.000006 -0.000206 0.003772 -0.073968
    19 1.206999 -0.000001 -0.000002 -0.000262 0.000239 0.083302
    20 -0.221558 -2.662109 -5.308594 -1.668474 1.286518 2.942953
    21 6.028141 0.000000 -0.000002 1.274534 0.759323 -1.218047
    22 11.692554 0.000000 -0.000003 -0.000002 0.000000 -0.947073
    23 11.481705 -0.000001 -0.000004 -1.279998 0.530376 0.576220
    24 4.003906 -0.205811 0.920898 0.499449 0.024964 -1.213607
    25 1.312565 -0.000004 -0.000002 0.002647 -0.000003 0.000662
    26 0.729366 -0.000004 0.000000 0.000000 0.002340 -1.574072
    27 4.222656 -0.111389 0.298096 0.146084 0.138555 -1.218293
    28 1.539104 0.000000 0.000001 0.021591 0.038691 -0.274898
    29 1.196322 0.000002 -0.000003 0.423018 0.188641 -2.054833
    30 3.883663 -0.050303 -0.431042 -0.048581 0.146519 -0.770215
    31 1.719584 0.000002 0.000006 -0.012269 0.089737 -0.735530
    32 1.209187 0.000004 0.000006 -0.004385 -0.003177 -1.490430
    33 3.859837 -0.148918 -1.331282 -0.321410 0.389553 -0.535020
    34 1.719431 0.000004 0.000013 0.007830 0.063159 -0.159722
    35 1.099665 0.000000 0.000007 -0.007433 -0.004262 -0.357454
    36 0.873535 -0.422119 -1.297852 1.277698 0.356538 -0.669644
    37 1.789785 -0.000006 -0.000010 -0.000498 -0.000088 -0.108780
    38 1.206999 -0.000001 -0.000008 -0.000493 -0.000238 0.720590
    39 -8.232518 -21.580423 -12.329957 1.500251 0.007251 -3.125477
    40 -0.000002 3.287109 -0.573233 0.000000 0.000000 0.000000
    41 -0.000002 2.156256 -2.244137 0.000000 0.000000 0.000000
    42 -8.796875 -35.125000 -3.773438 -0.620577 -0.273631 -0.501918
    43 -0.097351 5.335948 -3.376940 0.000000 0.000000 0.000000
    44 -8.178423 -25.815568 -9.705116 1.500236 0.007236 -3.125432
  time 155
    0 0.000000 -0.000006 0.000000 -1.570781 -1.391896 -1.570809
    1 -6.877080 13.012852 -0.003806 1.596636 -1.286515 2.942963
    2 6.028145 0.000003 0.000002 -0.243182 -1.038834 -2.294590
    3 11.692553 0.000081 -0.000005 -0.000003 0.000024 -0.653200
    4 11.481672 -0.000089 -0.000024 0.071441 0.378203 0.479286
    5 3.859699 -0.142417 -1.191975 -0.488865 -0.128638 -1.313022
    6 1.312563 -0.000008 0.000005 0.002121 -0.016218 -0.806676
    7 0.729362 -0.000008 0.000001 0.002685 0.000021 -0.485353
    8 3.942329 0.046753 -0.431444 -0.174671 -0.130644 -1.212196
    9 1.539093 0.000006 -0.000007 0.011791 -0.063644 -0.803101
    10 1.196322 -0.000008 0.000002 0.006101 -0.003986 -0.290474
    11 3.883690 -0.046783 0.427537 0.021101 -0.115424 -0.770515
    12 1.719580 -0.000010 0.000009 0.039503 -0.091154 -1.153941
    13 1.209183 -0.000004 0.000003 0.010918 0.002408 -0.371160
    14 3.859856 -0.137962 1.332466 0.293888 -0.167331 -0.707918
    15 1.719433 0.000002 -0.000004 0.039569 -0.102356 -1.056059
    16 1.099676 -0.000006 0.000003 0.013164 0.001816 -0.401628
    17 0.977922 -0.477840 1.215786 -1.287668 -0.667758 -0.679300
    18 1.789782 0.000002 -0.000006 -0.000266 0.004078 -0.098904
    19 1.206999 -0.000001 -0.000002 -0.000286 0.000251 0.060267
    20 -0.221558 -2.662109 -5.308594 -1.668474 1.286518 2.942953
    21 6.028141 0.000000 -0.000002 1.273962 0.761829 -1.218900
    22 11.692554 0.000000 -0.000003 -0.000002 0.000000 -0.942285
    23 11.481705 -0.000001 -0.000004 -1.273180 0.529849 0.574146
    24 4.003906 -0.205811 0.920898 0.499449 0.024964 -1.213607
    25 1.312565 -0.000004 -0.000002 0.002647 -0.000003 0.000662
    26 0.729366 -0.000004 0.000000 0.000000 0.002340 -1.574072
    27 4.222656 -0.111389 0.298096 0.146084 0.138555 -1.218293
    28 1.539104 0.000000 0.000001 0.021591 0.038691 -0.274898
    29 1.196322 0.000002 -0.000003 0.423018 0.188641 -2.054833
    30 3.883663 -0.050303 -0.431042 -0.048581 0.146519 -0.770215
    31 1.719584 0.000002 0.000006 -0.012269 0.089737 -0.735530
    32 1.209187 0.000004 0.000006 -0.004385 -0.003177 -1.490430
    33 3.859837 -0.148918 -1.331282 -0.321410 0.389553 -0.535020
    34 1.719431 0.000004 0.000013 0.007830 0.063159 -0.159722
    35 1.099665 0.000000 0.000007 -0.007433 -0.004262 -0.357454
    36 0.873535 -0.422119 -1.297852 1.277698 0.356538 -0.669644
    37 1.789785 -0.000006 -0.000010 -0.000498 -0.000088 -0.108780
    38 1.206999 -0.000001 -0.000008 -0.000493 -0.000238 0.720590
    39 -8.228611 -21.607768 -12.322145 1.502748 0.013294 -3.127274
    40 -0.000002 3.287109 -0.573233 0.000000 0.000000 0.000000
    41 -0.000002 2.156256 -2.244137 0.000000 0.000000 0.000000
    42 -8.796875 -35.125000 -3.773438 -0.620577 -0.273631 -0.501918
    43 -0.097351 5.335948 -3.376940 0.000000 0.000000 0.000000
    44 -8.197954 -25.839006 -9.685584 1.502746 0.013293 -3.127252
  time 156
    0 0.000000 -0.000006 0.000000 -1.570781 -1.391896 -1.570809
    1 -6.884893 13.012852 0.000101 1.596636 -1.286515 2.942963
    2 6.028145 0.000003 0.000002 -0.197918 -1.046404 -2.329509
    3 11.692553 0.000081 -0.000005 -0.000003 0.000024 -0.629426
    4 11.481672 -0.000089 -0.000024 0.050675 0.396037 0.459925
    5 3.859699 -0.142417 -1.191975 -0.486698 -0.142504 -1.334584
    6 1.312563 -0.000008 0.000005 0.002385 -0.016985 -0.824948
    7 0.729362 -0.000008 0.000001 0.002829 0.000045 -0.497394
    8 3.942329 0.046753 -0.431444 -0.173652 -0.140855 -1.232238
    9 1.539093 0.000006 -0.000007 0.013277 -0.066532 -0.830652
    10 1.196322 -0.000008 0.000002 0.006401 -0.004214 -0.283451
    11 3.883690 -0.046783 0.431443 0.018513 -0.122567 -0.779468
    12 1.719580 -0.000010 0.000009 0.043278 -0.094797 -1.192627
    13 1.209183 -0.000004 0.000003 0.011457 0.002420 -0.378915
    14 3.859856 -0.137962 1.332466 0.291423 -0.173814 -0.716606
    15 1.719433 0.000002 -0.000004 0.043332 -0.106635 -1.090336
    16 1.099676 -0.000006 0.000003 0.013823 0.001828 -0.409456
    17 0.970109 -0.477840 1.211880 -1.290849 -0.667040 -0.673880
    18 1.789782 0.000002 -0.000006 -0.000314 0.004282 -0.115238
    19 1.206999 -0.000001 -0.000002 -0.000310 0.000263 0.045166
    20 -0.221558 -2.662109 -5.308594 -1.668474 1.286518 2.942953
    21 6.028141 0.000000 -0.000002 1.272722 0.763301 -1.220227
    22 11.692554 0.000000 -0.000003 -0.000002 0.000000 -0.938532
    23 11.481705 -0.000001 -0.000004 -1.267448 0.531867 0.568034
    24 4.003906 -0.205811 0.920898 0.499449 0.024964 -1.213607
    25 1.312565 -0.000004 -0.000002 0.002647 -0.000003 0.000662
    26 0.729366 -0.000004 0.000000 0.000000 0.002340 -1.574072
    27 4.222656 -0.111389 0.298096 0.146084 0.138555 -1.218293
    28 1.539104 0.000000 0.000001 0.021591 0.038691 -0.274898
    29 1.196322 0.000002 -0.000003 0.423018 0.188641 -2.054833
    30 3.883663 -0.050303 -0.431042 -0.048581 0.146519 -0.770215
    31 1.719584 0.000002 0.000006 -0.012269 0.089737 -0.735530
    32 1.209187 0.000004 0.000006 -0.004385 -0.003177 -1.490430
    33 3.859837 -0.148918 -1.331282 -0.321410 0.389553 -0.535020
    34 1.719431 0.000004 0.000013 0.007830 0.063159 -0.159722
    35 1.099665 0.000000 0.000007 -0.007433 -0.004262 -0.357454
    36 0.873535 -0.422119 -1.297852 1.277698 0.356538 -0.669644
    37 1.789785 -0.000006 -0.000010 -0.000498 -0.000088 -0.108780
    38 1.206999 -0.000001 -0.000008 -0.000493 -0.000238 0.720590
    39 -8.212986 -21.635112 -12.298706 1.509358 0.018419 -3.129072
    40 -0.000002 3.287109 -0.573233 0.000000 0.000000 0.000000
    41 -0.000002 2.156256 -2.244137 0.000000 0.000000 0.000000
    42 -8.796875 -35.125000 -3.773438 -0.620577 -0.273631 -0.501918
    43 -0.097351 5.335948 -3.376940 0.000000 0.000000 0.000000
    44 -8.205767 -25.846819 -9.634801 1.509332 0.018445 -3.129072
  time 157
    0 0.000000 -0.000006 0.000000 -1.570781 -1.391896 -1.570809
    1 -6.888799 13.016759 0.000101 1.596636 -1.286515 2.942963
    2 6.028145 0.000003 0.000002 -0.165666 -1.053324 -2.351071
    3 11.692553 0.000081 -0.000005 -0.000003 0.000024 -0.619416
    4 11.481672 -0.000089 -0.000024 0.040255 0.403685 0.449991
    5 3.859699 -0.142417 -1.191975 -0.485848 -0.147466 -1.342333
    6 1.312563 -0.000008 0.000005 0.002481 -0.017273 -0.831495
    7 0.729362 -0.000008 0.000001 0.002877 0.000045 -0.501699
    8 3.942329 0.046753 -0.431444 -0.173232 -0.144510 -1.239429
    9 1.539093 0.000006 -0.000007 0.013828 -0.067551 -0.840509
    10 1.196322 -0.000008 0.000002 0.006497 -0.004286 -0.280945
    11 3.883690 -0.046783 0.431443 0.017602 -0.125132 -0.782672
    12 1.719580 -0.000010 0.000009 0.044669 -0.096055 -1.206477
    13 1.209183 -0.000004 0.000003 0.011661 0.002420 -0.381695
    14 3.859856 -0.137962 1.332466 0.290539 -0.176151 -0.719730
    15 1.719433 0.000002 -0.000004 0.044723 -0.108145 -1.102626
    16 1.099676 -0.000006 0.000003 0.014063 0.001840 -0.412324
    17 0.966203 -0.473933 1.211880 -1.291994 -0.666762 -0.671933
    18 1.789782 0.000002 -0.000006 -0.000338 0.004364 -0.121085
    19 1.206999 -0.000001 -0.000002 -0.000310 0.000263 0.039752
    20 -0.221558 -2.662109 -5.308594 -1.668474 1.286518 2.942953
    21 6.028141 0.000000 -0.000002 1.270911 0.764097 -1.221934
    22 11.692554 0.000000 -0.000003 -0.000002 0.000000 -0.935556
    23 11.481705 -0.000001 -0.000004 -1.262983 0.536137 0.558886
    24 4.003906 -0.205811 0.920898 0.499449 0.024964 -1.213607
    25 1.312565 -0.000004 -0.000002 0.002647 -0.000003 0.000662
    26 0.729366 -0.000004 0.000000 0.000000 0.002340 -1.574072
    27 4.222656 -0.111389 0.298096 0.146084 0.138555 -1.218293
    28 1.539104 0.000000 0.000001 0.021591 0.038691 -0.274898
    29 1.196322 0.000002 -0.000003 0.423018 0.188641 -2.054833
    30 3.883663 -0.050303 -0.431042 -0.048581 0.146519 -0.770215
    31 1.719584 0.000002 0.000006 -0.012269 0.089737 -0.735530
    32 1.209187 0.000004 0.000006 -0.004385 -0.003177 -1.490430
    33 3.859837 -0.148918 -1.331282 -0.321423 0.389553 -0.535020
    34 1.719431 0.000004 0.000013 0.007830 0.063159 -0.159722
    35 1.099665 0.000000 0.000007 -0.007433 -0.004262 -0.357454
    36 0.873535 -0.422119 -1.297852 1.277698 0.356538 -0.669644
    37 1.789785 -0.000006 -0.000010 -0.000498 -0.000088 -0.108780
    38 1.206999 -0.000001 -0.000008 -0.000493 -0.000238 0.720590
    39 -8.197361 -21.662457 -12.259643 1.518979 0.022420 -3.130869
    40 -0.000002 3.287109 -0.573233 0.000000 0.000000 0.000000
    41 -0.000002 2.156256 -2.244137 0.000000 0.000000 0.000000
    42 -8.796875 -35.125000 -3.773438 -0.620577 -0.273631 -0.501918
    43 -0.097351 5.335948 -3.376940 0.000000 0.000000 0.000000
    44 -8.205767 -25.846819 -9.556674 1.518951 0.022417 -3.130892
  time 158
    0 0.000000 -0.000006 0.000000 -1.570781 -1.391896 -1.570809
    1 -6.888799 13.016759 0.004007 1.596636 -1.286515 2.942963
    2 6.028145 0.000003 0.000002 -0.141956 -1.059917 -2.365191
    3 11.692553 0.000081 -0.000005 -0.000003 0.000024 -0.617539
    4 11.481672 -0.000089 -0.000024 0.035982 0.406027 0.445439
    5 3.859699 -0.142417 -1.191975 -0.485848 -0.147466 -1.342333
    6 1.312563 -0.000008 0.000005 0.002481 -0.017273 -0.831495
    7 0.729362 -0.000008 0.000001 0.002877 0.000045 -0.501699
    8 3.942329 0.046753 -0.431444 -0.173232 -0.144510 -1.239429
    9 1.539093 0.000006 -0.000007 0.013828 -0.067551 -0.840509
    10 1.196322 -0.000008 0.000002 0.006497 -0.004286 -0.280945
    11 3.883690 -0.046783 0.431443 0.017602 -0.125132 -0.782672
    12 1.719580 -0.000010 0.000009 0.044669 -0.096055 -1.206477
    13 1.209183 -0.000004 0.000003 0.011661 0.002420 -0.381695
    14 3.859856 -0.137962 1.332466 0.290539 -0.176151 -0.719730
    15 1.719433 0.000002 -0.000004 0.044723 -0.108145 -1.102626
    16 1.099676 -0.000006 0.000003 0.014063 0.001840 -0.412324
    17 0.966203 -0.473933 1.211880 -1.291994 -0.666762 -0.671933
    18 1.789782 0.000002 -0.000006 -0.000338 0.004364 -0.121085
    19 1.206999 -0.000001 -0.000002 -0.000310 0.000263 0.039752
    20 -0.221558 -2.662109 -5.308594 -1.668474 1.286518 2.942953
    21 6.028141 0.000000 -0.000002 1.268432 0.764336 -1.224019
    22 11.692554 0.000000 -0.000003 -0.000002 0.000000 -0.933162
    23 11.481705 -0.000001 -0.000004 -1.260147 0.542219 0.547663
    24 4.003906 -0.205811 0.920898 0.499449 0.024964 -1.213607
    25 1.312565 -0.000004 -0.000002 0.002647 -0.000003 0.000662
    26 0.729366 -0.000004 0.000000 0.000000 0.002340 -1.574072
    27 4.222656 -0.111389 0.298096 0.146084 0.138555 -1.218293
    28 1.539104 0.000000 0.000001 0.021591 0.038691 -0.274898
    29 1.196322 0.000002 -0.000003 0.423018 0.188641 -2.054833
    30 3.883663 -0.050303 -0.431042 -0.048581 0.146519 -0.770215
    31 1.719584 0.000002 0.000006 -0.012269 0.089737 -0.735530
    32 1.209187 0.000004 0.000006 -0.004385 -0.003177 -1.490430
    33 3.859837 -0.148918 -1.331282 -0.321410 0.389553 -0.535020
    34 1.719431 0.000004 0.000013 0.007830 0.063159 -0.159722
    35 1.099665 0.000000 0.000007 -0.007433 -0.004262 -0.357454
    36 0.873535 -0.422119 -1.297852 1.277698 0.356538 -0.669644
    37 1.789785 -0.000006 -0.000010 -0.000498 -0.000088 -0.108780
    38 1.206999 -0.000001 -0.000008 -0.000493 -0.000238 0.720590
    39 -8.170016 -21.681989 -12.216673 1.530657 0.025004 -3.132609
    40 -0.000002 3.287109 -0.573233 0.000000 0.000000 0.000000
    41 -0.000002 2.156256 -2.244137 0.000000 0.000000 0.000000
    42 -8.796875 -35.125000 -3.773438 -0.620577 -0.273631 -0.501918
    43 -0.097351 5.335948 -3.376940 0.000000 0.000000 0.000000
    44 -8.197954 -25.839006 -9.462921 1.530661 0.025012 -3.132617
  time 159
    0 0.000000 -0.000006 0.000000 -1.570781 -1.391896 -1.570809
    1 -6.892706 13.016759 0.007914 1.596636 -1.286515 2.942963
    2 6.028145 0.000003 0.000002 -0.121679 -1.065819 -2.378357
    3 11.692553 0.000081 -0.000005 -0.000003 0.000024 -0.618009
    4 11.481672 -0.000089 -0.000024 0.033508 0.407861 0.441530
    5 3.859699 -0.142417 -1.191975 -0.485848 -0.147466 -1.342333
    6 1.312563 -0.000008 0.000005 0.002481 -0.017273 -0.831495
    7 0.729362 -0.000008 0.000001 0.002877 0.000045 -0.501699
    8 3.942329 0.046753 -0.431444 -0.173232 -0.144510 -1.239429
    9 1.539093 0.000006 -0.000007 0.013828 -0.067551 -0.840509
    10 1.196322 -0.000008 0.000002 0.006497 -0.004286 -0.280945
    11 3.883690 -0.046783 0.431443 0.017602 -0.125132 -0.782672
    12 1.719580 -0.000010 0.000009 0.044669 -0.096055 -1.206477
    13 1.209183 -0.000004 0.000003 0.011661 0.002420 -0.381695
    14 3.859856 -0.137962 1.332466 0.290539 -0.176151 -0.719730
    15 1.719433 0.000002 -0.000004 0.044723 -0.108145 -1.102626
    16 1.099676 -0.000006 0.000003 0.014063 0.001840 -0.412324
    17 0.966203 -0.473933 1.211880 -1.291994 -0.666762 -0.671933
    18 1.789782 0.000002 -0.000006 -0.000338 0.004364 -0.121085
    19 1.206999 -0.000001 -0.000002 -0.000310 0.000263 0.039752
    20 -0.221558 -2.662109 -5.308594 -1.668474 1.286518 2.942953
    21 6.028141 0.000000 -0.000002 1.265667 0.764375 -1.226389
    22 11.692554 0.000000 -0.000003 -0.000002 0.000000 -0.931350
    23 11.481705 -0.000001 -0.000004 -1.259061 0.549735 0.535293
    24 4.003906 -0.205811 0.920898 0.499449 0.024964 -1.213607
    25 1.312565 -0.000004 -0.000002 0.002647 -0.000003 0.000662
    26 0.729366 -0.000004 0.000000 0.000000 0.002340 -1.574072
    27 4.222656 -0.111389 0.298096 0.146084 0.138555 -1.218293
    28 1.539104 0.000000 0.000001 0.021591 0.038691 -0.274898
    29 1.196322 0.000002 -0.000003 0.423018 0.188641 -2.054833
    30 3.883663 -0.050303 -0.431042 -0.048581 0.146519 -0.770215
    31 1.719584 0.000002 0.000006 -0.012269 0.089737 -0.735530
    32 1.209187 0.000004 0.000006 -0.004385 -0.003177 -1.490430
    33 3.859837 -0.148918 -1.331282 -0.321410 0.389553 -0.535020
    34 1.719431 0.000004 0.000013 0.007830 0.063159 -0.159722
    35 1.099665 0.000000 0.000007 -0.007433 -0.004262 -0.357454
    36 0.873535 -0.422119 -1.297852 1.277698 0.356538 -0.669644
    37 1.789785 -0.000006 -0.000010 -0.000498 -0.000088 -0.108780
    38 1.206999 -0.000001 -0.000008 -0.000493 -0.000238 0.720590
    39 -8.142671 -21.701521 -12.161983 1.543362 0.025921 -3.134233
    40 -0.000002 3.287109 -0.573233 0.000000 0.000000 0.000000
    41 -0.000002 2.156256 -2.244137 0.000000 0.000000 0.000000
    42 -8.796875 -35.125000 -3.773438 -0.620577 -0.273631 -0.501918
    43 -0.097351 5.335948 -3.376940 0.000000 0.000000 0.000000
    44 -8.182329 -25.819474 -9.357449 1.543364 0.025917 -3.134245
  time 160
    0 0.000000 -0.000006 0.000000 -1.570781 -1.391896 -1.570809
    1 -6.896612 13.016759 0.007914 1.596636 -1.286515 2.942963
    2 6.028145 0.000003 0.000002 -0.106351 -1.070744 -2.389711
    3 11.692553 0.000081 -0.000005 -0.000003 0.000024 -0.620433
    4 11.481672 -0.000089 -0.000024 0.032909 0.409188 0.438264
    5 3.859699 -0.142417 -1.191975 -0.485848 -0.147466 -1.342333
    6 1.312563 -0.000008 0.000005 0.002481 -0.017273 -0.831495
    7 0.729362 -0.000008 0.000001 0.002877 0.000045 -0.501699
    8 3.942329 0.046753 -0.431444 -0.173232 -0.144510 -1.239429
    9 1.539093 0.000006 -0.000007 0.013828 -0.067551 -0.840509
    10 1.196322 -0.000008 0.000002 0.006497 -0.004286 -0.280945
    11 3.883690 -0.046783 0.431443 0.017602 -0.125132 -0.782672
    12 1.719580 -0.000010 0.000009 0.044669 -0.096055 -1.206477
    13 1.209183 -0.000004 0.000003 0.011661 0.002420 -0.381695
    14 3.859856 -0.137962 1.332466 0.290539 -0.176151 -0.719730
    15 1.719433 0.000002 -0.000004 0.044723 -0.108145 -1.102626
    16 1.099676 -0.000006 0.000003 0.014063 0.001840 -0.412324
    17 0.966203 -0.473933 1.211880 -1.291994 -0.666762 -0.671933
    18 1.789782 0.000002 -0.000006 -0.000338 0.004364 -0.121085
    19 1.206999 -0.000001 -0.000002 -0.000310 0.000263 0.039752
    20 -0.221558 -2.662109 -5.308594 -1.668474 1.286518 2.942953
    21 6.028141 0.000000 -0.000002 1.262520 0.764375 -1.229044
    22 11.692554 0.000000 -0.000003 -0.000002 0.000000 -0.929991
    23 11.481705 -0.000001 -0.000004 -1.260268 0.558245 0.522737
    24 4.003906 -0.205811 0.920898 0.499449 0.024964 -1.213607
    25 1.312565 -0.000004 -0.000002 0.002647 -0.000003 0.000662
    26 0.729366 -0.000004 0.000000 0.000000 0.002340 -1.574072
    27 4.222656 -0.111389 0.298096 0.146084 0.138555 -1.218293
    28 1.539104 0.000000 0.000001 0.021591 0.038691 -0.274898
    29 1.196322 0.000002 -0.000003 0.423018 0.188641 -2.054833
    30 3.883663 -0.050303 -0.431042 -0.048581 0.146519 -0.770215
    31 1.719584 0.000002 0.000006 -0.012269 0.089737 -0.735530
    32 1.209187 0.000004 0.000006 -0.004385 -0.003177 -1.490430
    33 3.859837 -0.148918 -1.331282 -0.321410 0.389553 -0.535020
    34 1.719431 0.000004 0.000013 0.007830 0.063159 -0.159722
    35 1.099665 0.000000 0.000007 -0.007433 -0.004262 -0.357454
    36 0.873535 -0.422119 -1.297852 1.277698 0.356538 -0.669644
    37 1.789785 -0.000006 -0.000010 -0.000498 -0.000088 -0.108780
    38 1.206999 -0.000001 -0.000008 -0.000493 -0.000238 0.720590
    39 -8.115327 -21.721053 -12.103388 1.556068 0.024795 -3.135798
    40 -0.000002 3.287109 -0.573233 0.000000 0.000000 0.000000
    41 -0.000002 2.156256 -2.244137 0.000000 0.000000 0.000000
    42 -8.796875 -35.125000 -3.773438 -0.620577 -0.273631 -0.501918
    43 -0.097351 5.335948 -3.376940 0.000000 0.000000 0.000000
    44 -8.158891 -25.803849 -9.248071 1.556015 0.024816 -3.135778
  time 161
    0 0.000000 -0.000006 0.000000 -1.570781 -1.391896 -1.570809
    1 -6.900518 13.016759 0.011820 1.596636 -1.286515 2.942963
    2 6.028145 0.000003 0.000002 -0.097091 -1.074326 -2.398870
    3 11.692553 0.000081 -0.000005 -0.000003 0.000024 -0.624265
    4 11.481672 -0.000089 -0.000024 0.034633 0.410046 0.436011
    5 3.859699 -0.142417 -1.191975 -0.485848 -0.147466 -1.342333
    6 1.312563 -0.000008 0.000005 0.002481 -0.017273 -0.831495
    7 0.729362 -0.000008 0.000001 0.002877 0.000045 -0.501699
    8 3.942329 0.046753 -0.431444 -0.173232 -0.144510 -1.239429
    9 1.539093 0.000006 -0.000007 0.013828 -0.067551 -0.840509
    10 1.196322 -0.000008 0.000002 0.006497 -0.004286 -0.280945
    11 3.883690 -0.046783 0.431443 0.017602 -0.125132 -0.782672
    12 1.719580 -0.000010 0.000009 0.044669 -0.096055 -1.206477
    13 1.209183 -0.000004 0.000003 0.011661 0.002420 -0.381695
    14 3.859856 -0.137962 1.332466 0.290539 -0.176151 -0.719730
    15 1.719433 0.000002 -0.000004 0.044723 -0.108145 -1.102626
    16 1.099676 -0.000006 0.000003 0.014063 0.001840 -0.412324
    17 0.966203 -0.473933 1.211880 -1.291994 -0.666762 -0.671933
    18 1.789782 0.000002 -0.000006 -0.000338 0.004364 -0.121085
    19 1.206999 -0.000001 -0.000002 -0.000310 0.000263 0.039752
    20 -0.221558 -2.662109 -5.308594 -1.668474 1.286518 2.942953
    21 6.028141 0.000000 -0.000002 1.259279 0.764455 -1.231698
    22 11.692554 0.000000 -0.000003 -0.000002 0.000000 -0.929020
    23 11.481705 -0.000001 -0.000004 -1.263466 0.567018 0.511070
    24 4.003906 -0.205811 0.920898 0.499449 0.024964 -1.213607
    25 1.312565 -0.000004 -0.000002 0.002647 -0.000003 0.000662
    26 0.729366 -0.000004 0.000000 0.000000 0.002340 -1.574072
    27 4.222656 -0.111389 0.298096 0.146084 0.138555 -1.218293
    28 1.539104 0.000000 0.000001 0.021591 0.038691 -0.274898
    29 1.196322 0.000002 -0.000003 0.423018 0.188641 -2.054833
    30 3.883663 -0.050303 -0.431042 -0.048581 0.146519 -0.770215
    31 1.719584 0.000002 0.000006 -0.012269 0.089737 -0.735530
    32 1.209187 0.000004 0.000006 -0.004385 -0.003177 -1.490430
    33 3.859837 -0.148918 -1.331282 -0.321410 0.389553 -0.535020
    34 1.719431 0.000004 0.000013 0.007830 0.063159 -0.159722
    35 1.099665 0.000000 0.000007 -0.007433 -0.004262 -0.357454
    36 0.873535 -0.422119 -1.297852 1.277698 0.356538 -0.669644
    37 1.789785 -0.000006 -0.000010 -0.000498 -0.000088 -0.108780
    38 1.206999 -0.000001 -0.000008 -0.000493 -0.000238 0.720590
    39 -8.084076 -21.736678 -12.044792 1.567672 0.021878 -3.137190
    40 -0.000002 3.287109 -0.573233 0.000000 0.000000 0.000000
    41 -0.000002 2.156256 -2.244137 0.000000 0.000000 0.000000
    42 -8.796875 -35.125000 -3.773438 -0.620577 -0.273631 -0.501918
    43 -0.097351 5.335948 -3.376940 0.000000 0.000000 0.000000
    44 -8.123733 -25.784317 -9.142599 1.567673 0.021866 -3.137215
  time 162
    0 0.000000 -0.000006 0.000000 -1.570781 -1.391896 -1.570809
    1 -6.900518 13.016759 0.011820 1.596636 -1.286515 2.942963
    2 6.028145 0.000003 0.000002 -0.092221 -1.076971 -2.405644
    3 11.692553 0.000081 -0.000005 -0.000003 0.000024 -0.628644
    4 11.481672 -0.000089 -0.000024 0.036507 0.410827 0.434217
    5 3.859699 -0.142417 -1.191975 -0.485848 -0.147466 -1.342333
    6 1.312563 -0.000008 0.000005 0.002481 -0.017273 -0.831495
    7 0.729362 -0.000008 0.000001 0.002877 0.000045 -0.501699
    8 3.942329 0.046753 -0.431444 -0.173232 -0.144510 -1.239429
    9 1.539093 0.000006 -0.000007 0.013828 -0.067551 -0.840509
    10 1.196322 -0.000008 0.000002 0.006497 -0.004286 -0.280945
    11 3.883690 -0.046783 0.431443 0.017602 -0.125132 -0.782672
    12 1.719580 -0.000010 0.000009 0.044669 -0.096055 -1.206477
    13 1.209183 -0.000004 0.000003 0.011661 0.002420 -0.381695
    14 3.859856 -0.137962 1.332466 0.290539 -0.176151 -0.719730
    15 1.719433 0.000002 -0.000004 0.044723 -0.108145 -1.102626
    16 1.099676 -0.000006 0.000003 0.014063 0.001840 -0.412324
    17 0.966203 -0.473933 1.211880 -1.291994 -0.666762 -0.671933
    18 1.789782 0.000002 -0.000006 -0.000338 0.004364 -0.121085
    19 1.206999 -0.000001 -0.000002 -0.000310 0.000263 0.039752
    20 -0.221558 -2.662109 -5.308594 -1.668474 1.286518 2.942953
    21 6.028141 0.000000 -0.000002 1.256228 0.764773 -1.234353
    22 11.692554 0.000000 -0.000003 -0.000002 0.000000 -0.928632
    23 11.481705 -0.000001 -0.000004 -1.267991 0.575206 0.501662
    24 4.003906 -0.205811 0.920898 0.499449 0.024964 -1.213607
    25 1.312565 -0.000004 -0.000002 0.002647 -0.000003 0.000662
    26 0.729366 -0.000004 0.000000 0.000000 0.002340 -1.574072
    27 4.222656 -0.111389 0.298096 0.146084 0.138555 -1.218293
    28 1.539104 0.000000 0.000001 0.021591 0.038691 -0.274898
    29 1.196322 0.000002 -0.000003 0.423018 0.188641 -2.054833
    30 3.883663 -0.050303 -0.431042 -0.048581 0.146519 -0.770215
    31 1.719584 0.000002 0.000006 -0.012269 0.089737 -0.735530
    32 1.209187 0.000004 0.000006 -0.004385 -0.003177 -1.490430
    33 3.859837 -0.148918 -1.331282 -0.321410 0.389553 -0.535020
    34 1.719431 0.000004 0.000013 0.007830 0.063159 -0.159722
    35 1.099665 0.000000 0.000007 -0.007433 -0.004262 -0.357454
    36 0.873535 -0.422119 -1.297852 1.277698 0.356538 -0.669644
    37 1.789785 -0.000006 -0.000010 -0.000498 -0.000088 -0.108780
    38 1.206999 -0.000001 -0.000008 -0.000493 -0.000238 0.720590
    39 -8.052825 -21.748397 -11.990103 1.577220 0.017711 -3.138466
    40 -0.000002 3.287109 -0.573233 0.000000 0.000000 0.000000
    41 -0.000002 2.156256 -2.244137 0.000000 0.000000 0.000000
    42 -8.796875 -35.125000 -3.773438 -0.620577 -0.273631 -0.501918
    43 -0.097351 5.335948 -3.376940 0.000000 0.000000 0.000000
    44 -8.088576 -25.768691 -9.044940 1.577239 0.017737 -3.138460
  time 163
    0 0.000000 -0.000006 0.000000 -1.570781 -1.391896 -1.570809
    1 -6.904425 13.020665 0.015726 1.596636 -1.286515 2.942963
    2 6.028145 0.000003 0.000002 -0.089427 -1.079332 -2.409746
    3 11.692553 0.000081 -0.000005 -0.000003 0.000024 -0.632476
    4 11.481672 -0.000089 -0.000024 0.036057 0.411880 0.432056
    5 3.859699 -0.142417 -1.191975 -0.485848 -0.147466 -1.342333
    6 1.312563 -0.000008 0.000005 0.002481 -0.017273 -0.831495
    7 0.729362 -0.000008 0.000001 0.002877 0.000045 -0.501699
    8 3.942329 0.046753 -0.431444 -0.173232 -0.144510 -1.239429
    9 1.539093 0.000006 -0.000007 0.013828 -0.067551 -0.840509
    10 1.196322 -0.000008 0.000002 0.006497 -0.004286 -0.280945
    11 3.883690 -0.046783 0.431443 0.017602 -0.125132 -0.782672
    12 1.719580 -0.000010 0.000009 0.044669 -0.096055 -1.206477
    13 1.209183 -0.000004 0.000003 0.011661 0.002420 -0.381695
    14 3.859856 -0.137962 1.332466 0.290539 -0.176151 -0.719730
    15 1.719433 0.000002 -0.000004 0.044723 -0.108145 -1.102626
    16 1.099676 -0.000006 0.000003 0.014063 0.001840 -0.412324
    17 0.966203 -0.473933 1.211880 -1.291994 -0.666762 -0.671933
    18 1.789782 0.000002 -0.000006 -0.000338 0.004364 -0.121085
    19 1.206999 -0.000001 -0.000002 -0.000310 0.000263 0.039752
    20 -0.221558 -2.662109 -5.308594 -1.668474 1.286518 2.942953
    21 6.028141 0.000000 -0.000002 1.253463 0.765450 -1.236818
    22 11.692554 0.000000 -0.000003 -0.000002 0.000000 -0.928891
    23 11.481705 -0.000001 -0.000004 -1.272939 0.582020 0.495847
    24 4.003906 -0.205811 0.920898 0.499449 0.024964 -1.213607
    25 1.312565 -0.000004 -0.000002 0.002647 -0.000003 0.000662
    26 0.729366 -0.000004 0.000000 0.000000 0.002328 -1.574072
    27 4.222656 -0.111389 0.298096 0.146084 0.138555 -1.218293
    28 1.539104 0.000000 0.000001 0.021591 0.038691 -0.274898
    29 1.196322 0.000002 -0.000003 0.423018 0.188641 -2.054833
    30 3.883663 -0.050303 -0.431042 -0.048581 0.146519 -0.770215
    31 1.719584 0.000002 0.000006 -0.012269 0.089737 -0.735530
    32 1.209187 0.000004 0.000006 -0.004385 -0.003177 -1.490430
    33 3.859837 -0.148918 -1.331282 -0.321423 0.389553 -0.535020
    34 1.719431 0.000004 0.000013 0.007830 0.063159 -0.159722
    35 1.099665 0.000000 0.000007 -0.007433 -0.004262 -0.357454
    36 0.873535 -0.422119 -1.297852 1.277698 0.356538 -0.669644
    37 1.789785 -0.000006 -0.000010 -0.000498 -0.000088 -0.108780
    38 1.206999 -0.000001 -0.000008 -0.000493 -0.000238 0.720590
    39 -8.025480 -21.756210 -11.935414 1.583757 0.012960 -3.139510
    40 -0.000002 3.287109 -0.573233 0.000000 0.000000 0.000000
    41 -0.000002 2.156256 -2.244137 0.000000 0.000000 0.000000
    42 -8.796875 -35.125000 -3.773438 -0.620577 -0.273631 -0.501918
    43 -0.097351 5.335948 -3.376940 0.000000 0.000000 0.000000
    44 -8.053419 -25.756972 -8.966812 1.583722 0.012939 -3.139514
  time 164
    0 0.000000 -0.000006 0.000000 -1.570781 -1.391896 -1.570809
    1 -6.904425 13.020665 0.015726 1.596636 -1.286515 2.942963
    2 6.028145 0.000003 0.000002 -0.088628 -1.081245 -2.411463
    3 11.692553 0.000081 -0.000005 -0.000003 0.000024 -0.634822
    4 11.481672 -0.000089 -0.000024 0.033208 0.413363 0.429756
    5 3.859699 -0.142417 -1.191975 -0.485848 -0.147466 -1.342333
    6 1.312563 -0.000008 0.000005 0.002481 -0.017273 -0.831495
    7 0.729362 -0.000008 0.000001 0.002877 0.000045 -0.501699
    8 3.942329 0.046753 -0.431444 -0.173232 -0.144510 -1.239429
    9 1.539093 0.000006 -0.000007 0.013828 -0.067551 -0.840509
    10 1.196322 -0.000008 0.000002 0.006497 -0.004286 -0.280945
    11 3.883690 -0.046783 0.431443 0.017602 -0.125132 -0.782672
    12 1.719580 -0.000010 0.000009 0.044669 -0.096055 -1.206477
    13 1.209183 -0.000004 0.000003 0.011661 0.002420 -0.381695
    14 3.859856 -0.137962 1.332466 0.290539 -0.176151 -0.719730
    15 1.719433 0.000002 -0.000004 0.044723 -0.108145 -1.102626
    16 1.099676 -0.000006 0.000003 0.014063 0.001840 -0.412324
    17 0.966203 -0.473933 1.211880 -1.291994 -0.666762 -0.671933
    18 1.789782 0.000002 -0.000006 -0.000338 0.004364 -0.121085
    19 1.206999 -0.000001 -0.000002 -0.000310 0.000263 0.039752
    20 -0.221558 -2.662109 -5.308594 -1.668474 1.286518 2.942953
    21 6.028141 0.000000 -0.000002 1.251365 0.766603 -1.238809
    22 11.692554 0.000000 -0.000003 -0.000002 0.000000 -0.929862
    23 11.481705 -0.000001 -0.000004 -1.277645 0.586699 0.495032
    24 4.003906 -0.205811 0.920898 0.499449 0.024964 -1.213607
    25 1.312565 -0.000004 -0.000002 0.002647 -0.000003 0.000662
    26 0.729366 -0.000004 0.000000 0.000000 0.002328 -1.574072
    27 4.222656 -0.111389 0.298096 0.146084 0.138555 -1.218293
    28 1.539104 0.000000 0.000001 0.021591 0.038691 -0.274898
    29 1.196322 0.000002 -0.000003 0.423018 0.188641 -2.054833
    30 3.883663 -0.050303 -0.431042 -0.048581 0.146519 -0.770215
    31 1.719584 0.000002 0.000006 -0.012269 0.089737 -0.735530
    32 1.209187 0.000004 0.000006 -0.004385 -0.003177 -1.490430
    33 3.859837 -0.148918 -1.331282 -0.321410 0.389553 -0.535020
    34 1.719431 0.000004 0.000013 0.007830 0.063159 -0.159722
    35 1.099665 0.000000 0.000007 -0.007433 -0.004262 -0.357454
    36 0.873535 -0.422119 -1.297852 1.277698 0.356538 -0.669644
    37 1.789785 -0.000006 -0.000010 -0.000498 -0.000088 -0.108780
    38 1.206999 -0.000001 -0.000008 -0.000493 -0.000238 0.720590
    39 -8.002042 -21.764023 -11.888538 1.586107 0.008210 -3.140379
    40 -0.000002 3.287109 -0.573233 0.000000 0.000000 0.000000
    41 -0.000002 2.156256 -2.244137 0.000000 0.000000 0.000000
    42 -8.796875 -35.125000 -3.773438 -0.620577 -0.273631 -0.501918
    43 -0.097351 5.335948 -3.376940 0.000000 0.000000 0.000000
    44 -8.018261 -25.756972 -8.908217 1.586126 0.008180 -3.140376
  time 165
    0 0.000000 -0.000006 0.000000 -1.570781 -1.391896 -1.570809
    1 -6.904425 13.020665 0.015726 1.596636 -1.286515 2.942963
    2 6.028145 0.000003 0.000002 -0.090065 -1.082385 -2.410414
    3 11.692553 0.000081 -0.000005 -0.000003 0.000024 -0.634197
    4 11.481672 -0.000089 -0.000024 0.027436 0.415744 0.427503
    5 3.859699 -0.142417 -1.191975 -0.485848 -0.147466 -1.342333
    6 1.312563 -0.000008 0.000005 0.002481 -0.017273 -0.831495
    7 0.729362 -0.000008 0.000001 0.002877 0.000045 -0.501699
    8 3.942329 0.046753 -0.431444 -0.173232 -0.144510 -1.239429
    9 1.539093 0.000006 -0.000007 0.013828 -0.067551 -0.840509
    10 1.196322 -0.000008 0.000002 0.006497 -0.004286 -0.280945
    11 3.883690 -0.046783 0.431443 0.017602 -0.125132 -0.782672
    12 1.719580 -0.000010 0.000009 0.044669 -0.096055 -1.206477
    13 1.209183 -0.000004 0.000003 0.011661 0.002420 -0.381695
    14 3.859856 -0.137962 1.332466 0.290539 -0.176151 -0.719730
    15 1.719433 0.000002 -0.000004 0.044723 -0.108145 -1.102626
    16 1.099676 -0.000006 0.000003 0.014063 0.001840 -0.412324
    17 0.966203 -0.473933 1.211880 -1.291994 -0.666762 -0.671933
    18 1.789782 0.000002 -0.000006 -0.000338 0.004364 -0.121085
    19 1.206999 -0.000001 -0.000002 -0.000310 0.000263 0.039752
    20 -0.221558 -2.662109 -5.308594 -1.668474 1.286518 2.942953
    21 6.028141 0.000000 -0.000002 1.250126 0.768553 -1.240325
    22 11.692554 0.000000 -0.000003 -0.000002 0.000000 -0.931932
    23 11.481705 -0.000001 -0.000004 -1.280903 0.587956 0.502477
    24 4.003906 -0.205811 0.920898 0.499449 0.024964 -1.213607
    25 1.312565 -0.000004 -0.000002 0.002647 -0.000003 0.000662
    26 0.729366 -0.000004 0.000000 0.000000 0.002328 -1.574072
    27 4.222656 -0.111389 0.298096 0.146084 0.138555 -1.218293
    28 1.539104 0.000000 0.000001 0.021591 0.038691 -0.274898
    29 1.196322 0.000002 -0.000003 0.423018 0.188641 -2.054833
    30 3.883663 -0.050303 -0.431042 -0.048581 0.146519 -0.770215
    31 1.719584 0.000002 0.000006 -0.012269 0.089737 -0.735530
    32 1.209187 0.000004 0.000006 -0.004385 -0.003177 -1.490430
    33 3.859837 -0.148918 -1.331282 -0.321410 0.389553 -0.535020
    34 1.719431 0.000004 0.000013 0.007830 0.063159 -0.159722
    35 1.099665 0.000000 0.000007 -0.007433 -0.004262 -0.357454
    36 0.873535 -0.422119 -1.297852 1.277698 0.356538 -0.669644
    37 1.789785 -0.000006 -0.000010 -0.000498 -0.000088 -0.108780
    38 1.206999 -0.000001 -0.000008 -0.000493 -0.000238 0.720590
    39 -7.982510 -21.767929 -11.853380 1.582141 0.004042 -3.141075
    40 -0.000002 3.287109 -0.573233 0.000000 0.000000 0.000000
    41 -0.000002 2.156256 -2.244137 0.000000 0.000000 0.000000
    42 -8.796875 -35.125000 -3.773438 -0.620577 -0.273631 -0.501918
    43 -0.097351 5.335948 -3.376940 0.000000 0.000000 0.000000
    44 -7.987010 -25.776504 -8.892591 1.582153 0.004051 -3.141047
  time 166
    0 0.000000 -0.000006 0.000000 -1.570781 -1.391896 -1.570809
    1 -6.904425 13.020665 0.015726 1.596636 -1.286515 2.942963
    2 6.028145 0.000003 0.000002 -0.092620 -1.082833 -2.407838
    3 11.692553 0.000081 -0.000005 -0.000003 0.000024 -0.631694
    4 11.481672 -0.000089 -0.000024 0.020764 0.418280 0.425709
    5 3.859699 -0.142417 -1.191975 -0.485848 -0.147466 -1.342333
    6 1.312563 -0.000008 0.000005 0.002481 -0.017273 -0.831495
    7 0.729362 -0.000008 0.000001 0.002877 0.000045 -0.501699
    8 3.942329 0.046753 -0.431444 -0.173232 -0.144510 -1.239429
    9 1.539093 0.000006 -0.000007 0.013828 -0.067551 -0.840509
    10 1.196322 -0.000008 0.000002 0.006497 -0.004286 -0.280945
    11 3.883690 -0.046783 0.431443 0.017602 -0.125132 -0.782672
    12 1.719580 -0.000010 0.000009 0.044669 -0.096055 -1.206477
    13 1.209183 -0.000004 0.000003 0.011661 0.002420 -0.381695
    14 3.859856 -0.137962 1.332466 0.290539 -0.176151 -0.719730
    15 1.719433 0.000002 -0.000004 0.044723 -0.108145 -1.102626
    16 1.099676 -0.000006 0.000003 0.014063 0.001840 -0.412324
    17 0.966203 -0.473933 1.211880 -1.291994 -0.666762 -0.671933
    18 1.789782 0.000002 -0.000006 -0.000338 0.004364 -0.121085
    19 1.206999 -0.000001 -0.000002 -0.000310 0.000263 0.039752
    20 -0.221558 -2.662109 -5.308594 -1.668474 1.286518 2.942953
    21 6.028141 0.000000 -0.000002 1.249554 0.770821 -1.241179
    22 11.692554 0.000000 -0.000003 -0.000002 0.000000 -0.934132
    23 11.481705 -0.000001 -0.000004 -1.282653 0.586816 0.513885
    24 4.003906 -0.205811 0.920898 0.499449 0.024964 -1.213607
    25 1.312565 -0.000004 -0.000002 0.002647 -0.000003 0.000662
    26 0.729366 -0.000004 0.000000 0.000000 0.002340 -1.574072
    27 4.222656 -0.111389 0.298096 0.146084 0.138555 -1.218293
    28 1.539104 0.000000 0.000001 0.021591 0.038691 -0.274898
    29 1.196322 0.000002 -0.000003 0.423018 0.188641 -2.054833
    30 3.883663 -0.050303 -0.431042 -0.048581 0.146519 -0.770215
    31 1.719584 0.000002 0.000006 -0.012269 0.089737 -0.735530
    32 1.209187 0.000004 0.000006 -0.004385 -0.003177 -1.490430
    33 3.859837 -0.148918 -1.331282 -0.321410 0.389553 -0.535020
    34 1.719431 0.000004 0.000013 0.007830 0.063159 -0.159722
    35 1.099665 0.000000 0.000007 -0.007433 -0.004262 -0.357454
    36 0.873535 -0.422119 -1.297852 1.277698 0.356538 -0.669644
    37 1.789785 -0.000006 -0.000010 -0.000498 -0.000088 -0.108780
    38 1.206999 -0.000001 -0.000008 -0.000493 -0.000238 0.720590
    39 -7.970791 -21.771835 -11.829942 1.574723 0.001083 -3.141481
    40 -0.000002 3.287109 -0.573233 0.000000 0.000000 0.000000
    41 -0.000002 2.156256 -2.244137 0.000000 0.000000 0.000000
    42 -8.796875 -35.125000 -3.773438 -0.620577 -0.273631 -0.501918
    43 -0.097351 5.335948 -3.376940 0.000000 0.000000 0.000000
    44 -7.967479 -25.799942 -8.900404 1.574730 0.001101 -3.141526
  time 167
    0 0.000000 -0.000006 0.000000 -1.570781 -1.391896 -1.570809
    1 -6.904425 13.020665 0.015726 1.596636 -1.286515 2.942963
    2 6.028145 0.000003 0.000002 -0.093897 -1.082914 -2.406407
    3 11.692553 0.000081 -0.000005 -0.000003 0.000024 -0.630130
    4 11.481672 -0.000089 -0.000024 0.017541 0.419451 0.424974
    5 3.859699 -0.142417 -1.191975 -0.485848 -0.147466 -1.342333
    6 1.312563 -0.000008 0.000005 0.002481 -0.017273 -0.831495
    7 0.729362 -0.000008 0.000001 0.002877 0.000045 -0.501699
    8 3.942329 0.046753 -0.431444 -0.173232 -0.144510 -1.239429
    9 1.539093 0.000006 -0.000007 0.013828 -0.067551 -0.840509
    10 1.196322 -0.000008 0.000002 0.006497 -0.004286 -0.280945
    11 3.883690 -0.046783 0.431443 0.017602 -0.125132 -0.782672
    12 1.719580 -0.000010 0.000009 0.044669 -0.096055 -1.206477
    13 1.209183 -0.000004 0.000003 0.011661 0.002420 -0.381695
    14 3.859856 -0.137962 1.332466 0.290539 -0.176151 -0.719730
    15 1.719433 0.000002 -0.000004 0.044723 -0.108145 -1.102626
    16 1.099676 -0.000006 0.000003 0.014063 0.001840 -0.412324
    17 0.966203 -0.473933 1.211880 -1.291994 -0.666762 -0.671933
    18 1.789782 0.000002 -0.000006 -0.000338 0.004364 -0.121085
    19 1.206999 -0.000001 -0.000002 -0.000310 0.000263 0.039752
    20 -0.221558 -2.662109 -5.308594 -1.668474 1.286518 2.942953
    21 6.028141 0.000000 -0.000002 1.249363 0.771895 -1.241463
    22 11.692554 0.000000 -0.000003 -0.000002 0.000000 -0.935167
    23 11.481705 -0.000001 -0.000004 -1.283136 0.585851 0.519811
    24 4.003906 -0.205811 0.920898 0.499449 0.024964 -1.213607
    25 1.312565 -0.000004 -0.000002 0.002647 -0.000003 0.000662
    26 0.729366 -0.000004 0.000000 0.000000 0.002340 -1.574072
    27 4.222656 -0.111389 0.298096 0.146084 0.138555 -1.218293
    28 1.539104 0.000000 0.000001 0.021591 0.038691 -0.274898
    29 1.196322 0.000002 -0.000003 0.423018 0.188641 -2.054833
    30 3.883663 -0.050303 -0.431042 -0.048581 0.146519 -0.770215
    31 1.719584 0.000002 0.000006 -0.012269 0.089737 -0.735530
    32 1.209187 0.000004 0.000006 -0.004385 -0.003177 -1.490430
    33 3.859837 -0.148918 -1.331282 -0.321410 0.389553 -0.535020
    34 1.719431 0.000004 0.000013 0.007830 0.063159 -0.159722
    35 1.099665 0.000000 0.000007 -0.007433 -0.004262 -0.357454
    36 0.873535 -0.422119 -1.297852 1.277698 0.356538 -0.669644
    37 1.789785 -0.000006 -0.000010 -0.000498 -0.000088 -0.108780
    38 1.206999 -0.000001 -0.000008 -0.000493 -0.000238 0.720590
    39 -7.966885 -21.775742 -11.822129 1.570757 0.000000 -3.141597
    40 -0.000002 3.287109 -0.573233 0.000000 0.000000 0.000000
    41 -0.000002 2.156256 -2.244137 0.000000 0.000000 0.000000
    42 -8.796875 -35.125000 -3.773438 -0.620577 -0.273631 -0.501918
    43 -0.097351 5.335948 -3.376940 0.000000 0.000000 0.000000
    44 -7.959666 -25.811661 -8.904310 1.570757 0.000000 -3.141621
end
