// Created by Crowbar++ 0.74
version 1
nodes
  0 "ValveBiped.Bip01_Spine4" -1
  1 "ValveBiped.Bip01_L_Clavicle" 0
  2 "ValveBiped.Bip01_L_UpperArm" 1
  3 "ValveBiped.Bip01_L_Forearm" 2
  4 "ValveBiped.Bip01_L_Hand" 3
  5 "ValveBiped.Bip01_L_Finger4" 4
  6 "ValveBiped.Bip01_L_Finger41" 5
  7 "ValveBiped.Bip01_L_Finger42" 6
  8 "ValveBiped.Bip01_L_Finger3" 4
  9 "ValveBiped.Bip01_L_Finger31" 8
  10 "ValveBiped.Bip01_L_Finger32" 9
  11 "ValveBiped.Bip01_L_Finger2" 4
  12 "ValveBiped.Bip01_L_Finger21" 11
  13 "ValveBiped.Bip01_L_Finger22" 12
  14 "ValveBiped.Bip01_L_Finger1" 4
  15 "ValveBiped.Bip01_L_Finger11" 14
  16 "ValveBiped.Bip01_L_Finger12" 15
  17 "ValveBiped.Bip01_L_Finger0" 4
  18 "ValveBiped.Bip01_L_Finger01" 17
  19 "ValveBiped.Bip01_L_Finger02" 18
  20 "ValveBiped.Bip01_L_Wrist" 3
  21 "ValveBiped.Bip01_R_Clavicle" 0
  22 "ValveBiped.Bip01_R_UpperArm" 21
  23 "ValveBiped.Bip01_R_Forearm" 22
  24 "ValveBiped.Bip01_R_Hand" 23
  25 "ValveBiped.Bip01_R_Finger4" 24
  26 "ValveBiped.Bip01_R_Finger41" 25
  27 "ValveBiped.Bip01_R_Finger42" 26
  28 "ValveBiped.Bip01_R_Finger3" 24
  29 "ValveBiped.Bip01_R_Finger31" 28
  30 "ValveBiped.Bip01_R_Finger32" 29
  31 "ValveBiped.Bip01_R_Finger2" 24
  32 "ValveBiped.Bip01_R_Finger21" 31
  33 "ValveBiped.Bip01_R_Finger22" 32
  34 "ValveBiped.Bip01_R_Finger1" 24
  35 "ValveBiped.Bip01_R_Finger11" 34
  36 "ValveBiped.Bip01_R_Finger12" 35
  37 "ValveBiped.Bip01_R_Finger0" 24
  38 "ValveBiped.Bip01_R_Finger01" 37
  39 "ValveBiped.Bip01_R_Finger02" 38
  40 "ValveBiped.Bip01_R_Wrist" 23
  41 "gun" -1
  42 "magazine" 41
  43 "dustcover" 41
  44 "charging_handle" 41
  45 "trigger" 41
  46 "magazine2" -1
  47 "silencer" 41
  48 "v_weapon.Glock_Parent" -1
  49 "v_weapon.Glock_Trigger" 48
  50 "v_weapon.Glock_Clip" 48
  51 "v_weapon.Glock_Slide" 48
end
skeleton
  time 0
    0 0.000000 -0.000006 0.000000 -1.570781 -1.391896 -1.570809
    1 -16.014078 -3.202486 1.484520 1.596635 -1.286515 2.942964
    2 6.028141 0.000005 0.000002 -2.836986 -1.484987 1.947709
    3 11.692560 0.000013 -0.000006 -0.000019 0.000036 -1.133190
    4 11.481678 0.000006 -0.000039 3.466795 0.426590 -0.005236
    5 3.859705 -0.142418 -1.191975 -0.491487 0.019959 -1.183260
    6 1.312563 -0.000013 0.000002 -0.002948 0.009057 -0.786333
    7 0.729365 -0.000006 -0.000001 -0.001713 0.000070 -0.091233
    8 3.942327 0.046753 -0.431444 -0.164975 -0.013483 -0.941623
    9 1.539093 0.000008 -0.000006 0.024962 -0.059845 -0.786392
    10 1.196323 -0.000006 0.000002 0.007467 -0.000786 -0.210970
    11 3.883688 -0.046781 0.431443 0.072024 -0.051127 -0.683600
    12 1.719580 -0.000010 0.000009 0.018075 -0.043515 -0.873090
    13 1.209183 -0.000006 0.000003 0.005980 0.002528 -0.040854
    14 3.859854 -0.137962 1.332467 0.351346 -0.080550 -0.645560
    15 1.719431 0.000000 -0.000006 0.009739 -0.032726 -0.666109
    16 1.099672 0.000000 0.000004 0.004667 0.002259 -0.112129
    17 1.075585 -0.833317 1.071252 -1.016941 -0.474151 -0.826948
    18 1.789780 0.000002 -0.000006 0.056589 -0.192390 -0.059521
    19 1.207005 0.000001 -0.000004 0.000002 -0.000001 0.362862
    20 11.481707 0.000006 -0.000005 0.375470 0.090532 -0.051188
    21 -3.308594 -6.203125 -3.976563 -1.668474 1.286519 2.942954
    22 6.028142 0.000001 -0.000001 1.091433 0.279816 -0.703483
    23 11.692555 0.000031 0.000001 0.000000 0.000000 -1.936572
    24 11.481703 0.000105 0.000003 -0.841898 -0.294675 1.345065
    25 3.859676 -0.132545 1.193109 0.630360 0.070276 -1.940361
    26 1.312563 0.000000 -0.000001 -0.036309 0.005144 -0.002453
    27 0.729366 0.000002 0.000000 0.000984 0.006156 -1.568944
    28 3.942295 0.050345 0.431044 0.165285 0.073602 -1.403691
    29 1.539101 -0.000002 0.000002 0.004999 -0.017614 -1.177076
    30 1.196321 -0.000004 -0.000002 -0.000579 0.000022 -0.199668
    31 3.883659 -0.050304 -0.431042 -0.011981 0.010725 -0.887437
    32 1.719584 0.000006 0.000006 -0.105498 0.032236 -1.716031
    33 1.209185 0.000002 0.000006 -0.009161 -0.004484 -0.219737
    34 3.859833 -0.148918 -1.331282 -0.296034 0.199938 -0.238935
    35 1.719429 0.000006 0.000011 -0.052948 0.056602 -1.447142
    36 1.099661 0.000002 0.000007 -0.011453 -0.002307 0.116502
    37 0.806019 -0.359832 -1.318334 0.864161 0.348455 -0.949251
    38 1.789782 -0.000008 -0.000008 -0.016601 0.223149 0.393590
    39 1.207003 -0.000002 -0.000002 0.050515 -0.350313 0.767587
    40 11.481703 0.000105 0.000003 0.176002 0.013734 0.260008
    41 -5.186487 -9.579532 -14.318152 2.584572 -0.074559 0.151757
    42 0.000000 -4.325217 2.197774 0.000000 0.000000 0.000000
    43 0.759740 0.264293 2.354383 -1.578590 0.000000 0.000000
    44 -0.023242 0.746336 -3.528393 0.000000 0.000000 0.000000
    45 0.000000 -2.479087 -0.773617 0.000000 0.000000 0.000000
    46 4.935818 26.131886 -30.068890 1.570796 0.000000 -1.570796
    47 0.246049 -5.703599 -24.367022 -1.578590 0.000000 0.000000
    48 3.563665 24.276297 -24.518890 1.370872 -0.290362 0.012589
    49 -0.163199 2.333981 0.382080 3.036085 0.153200 -1.921800
    50 1.417000 1.884756 0.307373 -0.111793 0.161679 -1.589012
    51 2.720712 2.529284 0.412601 -3.110078 -0.046555 2.851972
  time 1
    0 0.000000 -0.000006 0.000000 -1.570781 -1.391896 -1.570809
    1 -16.014078 -3.202486 1.484520 1.596635 -1.286515 2.942964
    2 6.028141 0.000005 0.000002 -2.851785 -1.485128 1.962194
    3 11.692560 0.000013 -0.000006 -0.000019 0.000036 -1.126751
    4 11.481678 0.000006 -0.000039 3.476758 0.424435 -0.003450
    5 3.859705 -0.142418 -1.191975 -0.491487 0.019959 -1.183260
    6 1.312563 -0.000013 0.000002 -0.002948 0.009057 -0.786333
    7 0.729365 -0.000006 -0.000001 -0.001713 0.000070 -0.091233
    8 3.942327 0.046753 -0.431444 -0.164975 -0.013483 -0.941623
    9 1.539093 0.000008 -0.000006 0.024962 -0.059845 -0.786392
    10 1.196323 -0.000006 0.000002 0.007467 -0.000786 -0.210970
    11 3.883688 -0.046781 0.431443 0.072024 -0.051127 -0.683600
    12 1.719580 -0.000010 0.000009 0.018075 -0.043515 -0.873090
    13 1.209183 -0.000006 0.000003 0.005980 0.002528 -0.040854
    14 3.859854 -0.137962 1.332467 0.351346 -0.080550 -0.645560
    15 1.719431 0.000000 -0.000006 0.009739 -0.032726 -0.666109
    16 1.099672 0.000000 0.000004 0.004667 0.002259 -0.112129
    17 1.075585 -0.833317 1.071252 -1.016941 -0.474151 -0.826948
    18 1.789780 0.000002 -0.000006 0.056589 -0.192390 -0.059521
    19 1.207005 0.000001 -0.000004 0.000002 -0.000001 0.362862
    20 11.481707 0.000006 -0.000005 0.377427 0.090208 -0.050785
    21 -3.308594 -6.203125 -3.976563 -1.668474 1.286519 2.942954
    22 6.028142 0.000001 -0.000001 1.088098 0.276244 -0.703761
    23 11.692555 0.000031 0.000001 0.000000 0.000000 -1.935791
    24 11.481703 0.000105 0.000003 -0.837226 -0.284509 1.333155
    25 3.859676 -0.132545 1.193109 0.630360 0.070276 -1.940361
    26 1.312563 0.000000 -0.000001 -0.036309 0.005144 -0.002453
    27 0.729366 0.000002 0.000000 0.000984 0.006156 -1.568944
    28 3.942295 0.050345 0.431044 0.165285 0.073602 -1.403691
    29 1.539101 -0.000002 0.000002 0.004999 -0.017614 -1.177076
    30 1.196321 -0.000004 -0.000002 -0.000579 0.000022 -0.199668
    31 3.883659 -0.050304 -0.431042 -0.011981 0.010725 -0.887437
    32 1.719584 0.000006 0.000006 -0.105498 0.032236 -1.716031
    33 1.209185 0.000002 0.000006 -0.009161 -0.004484 -0.219737
    34 3.859833 -0.148918 -1.331282 -0.296034 0.199938 -0.238935
    35 1.719429 0.000006 0.000011 -0.052948 0.056602 -1.447142
    36 1.099661 0.000002 0.000007 -0.011453 -0.002307 0.116502
    37 0.806019 -0.359832 -1.318334 0.864161 0.348455 -0.949251
    38 1.789782 -0.000008 -0.000008 -0.016601 0.223149 0.393590
    39 1.207003 -0.000002 -0.000002 0.050515 -0.350313 0.767587
    40 11.481703 0.000105 0.000003 0.175511 0.015256 0.257263
    41 -5.186487 -9.579532 -14.318152 2.574610 -0.074559 0.151680
    42 0.000000 -4.325217 2.197774 0.000000 0.000000 0.000000
    43 0.759740 0.264293 2.354383 -1.578590 0.000000 0.000000
    44 -0.023242 0.746336 -3.528393 0.000000 0.000000 0.000000
    45 0.000000 -2.479087 -0.773617 0.000000 0.000000 0.000000
    46 4.935818 26.131886 -30.068890 1.570796 0.000000 -1.570796
    47 0.246049 -5.703599 -24.367022 -1.578590 0.000000 0.000000
    48 3.563665 24.276297 -24.518890 1.370872 -0.290362 0.012589
    49 -0.163199 2.333981 0.382080 3.036085 0.153200 -1.921800
    50 1.417000 1.884756 0.307373 -0.111793 0.161679 -1.589012
    51 2.720712 2.529284 0.412601 -3.110078 -0.046555 2.851972
  time 2
    0 0.000000 -0.000006 0.000000 -1.570781 -1.391896 -1.570809
    1 -16.014078 -3.202486 1.484520 1.596635 -1.286515 2.942964
    2 6.028141 0.000005 0.000002 -1.843803 -1.229983 0.930921
    3 11.692560 0.000013 -0.000006 -0.000043 0.000036 -1.697344
    4 11.481678 0.000006 -0.000039 3.825478 0.611777 0.233305
    5 3.859705 -0.142418 -1.191975 -0.491667 0.020043 -1.188934
    6 1.312563 -0.000013 0.000002 -0.002840 0.009728 -0.786185
    7 0.729365 -0.000006 -0.000001 -0.001833 0.000041 -0.091717
    8 3.942327 0.046753 -0.431444 -0.164951 -0.013147 -0.943133
    9 1.539093 0.000008 -0.000006 0.024914 -0.059234 -0.792200
    10 1.196323 -0.000006 0.000002 0.007395 -0.000774 -0.210161
    11 3.883688 -0.046781 0.431443 0.072803 -0.050576 -0.680498
    12 1.719580 -0.000010 0.000009 0.018075 -0.043143 -0.879401
    13 1.209183 -0.000006 0.000003 0.006016 0.002540 -0.041987
    14 3.859854 -0.137962 1.332467 0.351424 -0.080143 -0.643624
    15 1.719431 0.000000 -0.000006 0.009512 -0.031803 -0.669468
    16 1.099672 0.000000 0.000004 0.004272 0.001864 -0.113690
    17 1.075585 -0.833317 1.071252 -1.019326 -0.474699 -0.823644
    18 1.789780 0.000002 -0.000006 0.055762 -0.193396 -0.049278
    19 1.207005 0.000001 -0.000004 0.000182 -0.000001 0.364171
    20 11.481707 0.000006 -0.000005 0.420540 0.150934 -0.062828
    21 -3.308594 -6.203125 -3.976563 -1.668474 1.286519 2.942954
    22 6.028142 0.000001 -0.000001 1.081546 0.268137 -0.703761
    23 11.692555 0.000031 0.000001 0.000000 0.000000 -1.937483
    24 11.481703 0.000105 0.000003 -0.825848 -0.258010 1.305245
    25 3.859676 -0.132545 1.193109 0.630360 0.070276 -1.940361
    26 1.312563 0.000000 -0.000001 -0.036309 0.005144 -0.002453
    27 0.729366 0.000002 0.000000 0.000984 0.006156 -1.568944
    28 3.942295 0.050345 0.431044 0.165285 0.073602 -1.403691
    29 1.539101 -0.000002 0.000002 0.004999 -0.017614 -1.177076
    30 1.196321 -0.000004 -0.000002 -0.000579 0.000022 -0.199668
    31 3.883659 -0.050304 -0.431042 -0.011981 0.010725 -0.887437
    32 1.719584 0.000006 0.000006 -0.105498 0.032236 -1.716031
    33 1.209185 0.000002 0.000006 -0.009161 -0.004484 -0.219737
    34 3.859833 -0.148918 -1.331282 -0.296034 0.199938 -0.238935
    35 1.719429 0.000006 0.000011 -0.052948 0.056602 -1.447142
    36 1.099661 0.000002 0.000007 -0.011453 -0.002307 0.116502
    37 0.806019 -0.359832 -1.318334 0.864161 0.348455 -0.949251
    38 1.789782 -0.000008 -0.000008 -0.016601 0.223149 0.393590
    39 1.207003 -0.000002 -0.000002 0.050515 -0.350313 0.767587
    40 11.481703 0.000105 0.000003 0.174216 0.019367 0.250672
    41 -5.186487 -9.579532 -14.240025 2.545959 -0.074559 0.151371
    42 0.000000 -4.325217 2.197774 0.000000 0.000000 0.000000
    43 0.759740 0.264293 2.354383 -1.578590 0.000000 0.000000
    44 -0.023242 0.746336 -3.528393 0.000000 0.000000 0.000000
    45 0.000000 -2.479087 -0.773617 0.000000 0.000000 0.000000
    46 4.935818 26.131886 -30.068890 1.570796 0.000000 -1.570796
    47 0.246049 -5.703599 -24.367022 -1.578590 0.000000 0.000000
    48 3.563665 24.276297 -24.518890 1.370872 -0.290362 0.012589
    49 -0.163199 2.333981 0.382080 3.036085 0.153200 -1.921800
    50 1.417000 1.884756 0.307373 -0.111793 0.161679 -1.589012
    51 2.720712 2.529284 0.412601 -3.110078 -0.046555 2.851972
  time 3
    0 0.000000 -0.000006 0.000000 -1.570781 -1.391896 -1.570809
    1 -16.014078 -3.202486 1.484520 1.596635 -1.286515 2.942964
    2 6.028141 0.000005 0.000002 -1.835783 -0.960569 0.821385
    3 11.692560 0.000013 -0.000006 -0.000067 0.000024 -2.183546
    4 11.481678 0.000006 -0.000039 -1.449795 1.055450 0.747235
    5 3.859705 -0.142418 -1.191975 -0.492242 0.020271 -1.206197
    6 1.312563 -0.000013 0.000002 -0.002505 0.011778 -0.785765
    7 0.729365 -0.000006 -0.000001 -0.002216 -0.000003 -0.093211
    8 3.942327 0.046753 -0.431444 -0.164867 -0.012128 -0.947627
    9 1.539093 0.000008 -0.000006 0.024722 -0.057388 -0.809713
    10 1.196323 -0.000006 0.000002 0.007180 -0.000774 -0.207812
    11 3.883688 -0.046781 0.431443 0.075140 -0.048946 -0.671131
    12 1.719580 -0.000010 0.000009 0.018075 -0.042017 -0.898560
    13 1.209183 -0.000006 0.000003 0.006100 0.002576 -0.045347
    14 3.859854 -0.137962 1.332467 0.351644 -0.078921 -0.637757
    15 1.719431 0.000000 -0.000006 0.008805 -0.029022 -0.679641
    16 1.099672 0.000000 0.000004 0.003061 0.000654 -0.118450
    17 1.075585 -0.833317 1.071252 -1.026516 -0.476277 -0.813688
    18 1.789780 0.000002 -0.000006 0.053198 -0.196441 -0.018031
    19 1.207005 0.000001 -0.000004 0.000769 0.000023 0.368218
    20 11.481707 0.000006 -0.000005 0.469003 0.237618 -0.210837
    21 -3.308594 -6.203125 -3.976563 -1.668474 1.286519 2.942954
    22 6.028142 0.000001 -0.000001 1.075491 0.259460 -0.703093
    23 11.692555 0.000031 0.000001 0.000000 0.000000 -1.943404
    24 11.481703 0.000105 0.000003 -0.811324 -0.219802 1.268999
    25 3.859676 -0.132545 1.193109 0.630360 0.070276 -1.940361
    26 1.312563 0.000000 -0.000001 -0.036309 0.005144 -0.002453
    27 0.729366 0.000002 0.000000 0.000984 0.006156 -1.568944
    28 3.942295 0.050345 0.431044 0.165285 0.073602 -1.403691
    29 1.539101 -0.000002 0.000002 0.004999 -0.017614 -1.177076
    30 1.196321 -0.000004 -0.000002 -0.000579 0.000022 -0.199668
    31 3.883659 -0.050304 -0.431042 -0.011981 0.010725 -0.887437
    32 1.719584 0.000006 0.000006 -0.105498 0.032236 -1.716031
    33 1.209185 0.000002 0.000006 -0.009161 -0.004484 -0.219737
    34 3.859833 -0.148918 -1.331282 -0.296034 0.199938 -0.238935
    35 1.719429 0.000006 0.000011 -0.052948 0.056602 -1.447142
    36 1.099661 0.000002 0.000007 -0.011453 -0.002307 0.116502
    37 0.806019 -0.359832 -1.318334 0.864161 0.348455 -0.949251
    38 1.789782 -0.000008 -0.000008 -0.016601 0.223149 0.393590
    39 1.207003 -0.000002 -0.000002 0.050515 -0.350313 0.767587
    40 11.481703 0.000105 0.000003 0.172251 0.025288 0.241767
    41 -5.186487 -9.599064 -14.021268 2.500478 -0.074559 0.150909
    42 0.000000 -4.325217 2.197774 0.000000 0.000000 0.000000
    43 0.759740 0.264293 2.354383 -1.578590 0.000000 0.000000
    44 -0.023242 0.746336 -3.528393 0.000000 0.000000 0.000000
    45 0.000000 -2.479087 -0.773617 0.000000 0.000000 0.000000
    46 4.935818 26.131886 -30.068890 1.570796 0.000000 -1.570796
    47 0.246049 -5.703599 -24.367022 -1.578590 0.000000 0.000000
    48 3.563665 24.276297 -24.518890 1.370872 -0.290362 0.012589
    49 -0.163199 2.333981 0.382080 3.036085 0.153200 -1.921800
    50 1.417000 1.884756 0.307373 -0.111793 0.161679 -1.589012
    51 2.720712 2.529284 0.412601 -3.110078 -0.046555 2.851972
  time 4
    0 0.000000 -0.000006 0.000000 -1.570781 -1.391896 -1.570809
    1 -16.014078 -3.202486 1.484520 1.596635 -1.286515 2.942964
    2 6.028141 0.000005 0.000002 -1.991702 -0.949669 0.842876
    3 11.692560 0.000013 -0.000006 -0.000067 0.000024 -2.208406
    4 11.481678 0.000006 -0.000039 -0.291637 1.154142 1.513990
    5 3.859705 -0.142418 -1.191975 -0.493201 0.020642 -1.235131
    6 1.312563 -0.000013 0.000002 -0.001941 0.015181 -0.785050
    7 0.729365 -0.000006 -0.000001 -0.002839 -0.000062 -0.095674
    8 3.942327 0.046753 -0.431444 -0.164759 -0.010438 -0.955180
    9 1.539093 0.000008 -0.000006 0.024327 -0.054308 -0.839068
    10 1.200230 -0.000006 0.000002 0.006808 -0.000750 -0.203883
    11 3.883688 -0.046781 0.431443 0.079095 -0.046261 -0.655442
    12 1.719580 -0.000010 0.000009 0.018015 -0.040111 -0.930796
    13 1.209183 -0.000006 0.000003 0.006256 0.002636 -0.051011
    14 3.859854 -0.137962 1.332467 0.352044 -0.076895 -0.627979
    15 1.719431 0.000000 -0.000006 0.007546 -0.024396 -0.696580
    16 1.099672 0.000000 0.000004 0.001060 -0.001396 -0.126408
    17 1.075585 -0.833317 1.071252 -1.038660 -0.478798 -0.796990
    18 1.789780 0.000002 -0.000006 0.048596 -0.201414 0.035134
    19 1.207005 0.000001 -0.000004 0.001728 0.000059 0.374931
    20 11.481707 0.000006 -0.000005 -0.456902 -0.054722 0.389103
    21 -3.308594 -6.203125 -3.976563 -1.668474 1.286519 2.942954
    22 6.028142 0.000001 -0.000001 1.070489 0.252314 -0.702439
    23 11.692555 0.000031 0.000001 0.000000 0.000000 -1.950171
    24 11.481703 0.000105 0.000003 -0.795829 -0.171597 1.225329
    25 3.859676 -0.132545 1.193109 0.630360 0.070276 -1.940361
    26 1.312563 0.000000 -0.000001 -0.036309 0.005144 -0.002453
    27 0.729366 0.000002 0.000000 0.000984 0.006156 -1.568944
    28 3.942295 0.050345 0.431044 0.165285 0.073602 -1.403691
    29 1.539101 -0.000002 0.000002 0.004999 -0.017614 -1.177076
    30 1.196321 -0.000004 -0.000002 -0.000579 0.000022 -0.199668
    31 3.883659 -0.050304 -0.431042 -0.011981 0.010725 -0.887437
    32 1.719584 0.000006 0.000006 -0.105498 0.032236 -1.716031
    33 1.209185 0.000002 0.000006 -0.009161 -0.004484 -0.219737
    34 3.859833 -0.148918 -1.331282 -0.296034 0.199938 -0.238935
    35 1.719429 0.000006 0.000011 -0.052948 0.056602 -1.447142
    36 1.099661 0.000002 0.000007 -0.011453 -0.002307 0.116502
    37 0.806019 -0.359832 -1.318334 0.864161 0.348455 -0.949251
    38 1.789782 -0.000008 -0.000008 -0.016601 0.223149 0.393590
    39 1.207003 -0.000002 -0.000002 0.050515 -0.350313 0.767587
    40 11.481703 0.000105 0.000003 0.169578 0.032514 0.230693
    41 -5.186487 -9.645940 -13.677508 2.440021 -0.074559 0.150293
    42 0.000000 -4.325217 2.197774 0.000000 0.000000 0.000000
    43 0.759740 0.264293 2.354383 -1.578590 0.000000 0.000000
    44 -0.023242 0.746336 -3.528393 0.000000 0.000000 0.000000
    45 0.000000 -2.479087 -0.773617 0.000000 0.000000 0.000000
    46 4.935818 26.131886 -30.068890 1.570796 0.000000 -1.570796
    47 0.246049 -5.703599 -24.367022 -1.578590 0.000000 0.000000
    48 3.563665 24.276297 -24.518890 1.370872 -0.290362 0.012589
    49 -0.163199 2.333981 0.382080 3.036085 0.153200 -1.921800
    50 1.417000 1.884756 0.307373 -0.111793 0.161679 -1.589012
    51 2.720712 2.529284 0.412601 -3.110078 -0.046555 2.851972
  time 5
    0 0.000000 -0.000006 0.000000 -1.570781 -1.391896 -1.570809
    1 -16.014078 -3.202486 1.484520 1.596635 -1.286515 2.942964
    2 6.028141 0.000005 0.000002 -2.149530 -0.962066 0.883774
    3 11.692560 0.000013 -0.000006 -0.000067 0.000024 -2.194029
    4 11.481678 0.000006 -0.000039 0.542617 0.975073 1.974839
    5 3.859705 -0.142418 -1.191975 -0.494567 0.021110 -1.275655
    6 1.312563 -0.000013 0.000002 -0.001150 0.019915 -0.784038
    7 0.729365 -0.003912 -0.000001 -0.003702 -0.000179 -0.099106
    8 3.942327 0.046753 -0.431444 -0.164627 -0.008077 -0.965657
    9 1.539093 0.000008 -0.000006 0.023632 -0.049994 -0.880220
    10 1.200230 0.003901 0.000002 0.006293 -0.000726 -0.198414
    11 3.883688 -0.046781 0.431443 0.084680 -0.042630 -0.633567
    12 1.719580 -0.000010 0.000009 0.017835 -0.037463 -0.975993
    13 1.209183 -0.000006 0.000003 0.006460 0.002708 -0.058903
    14 3.859854 -0.137962 1.332467 0.352639 -0.074079 -0.614347
    15 1.719431 0.000000 -0.000006 0.005677 -0.017973 -0.720237
    16 1.099672 0.000000 0.000004 -0.001697 -0.004260 -0.137412
    17 1.075585 -0.833317 1.071252 -1.055646 -0.481998 -0.773685
    18 1.789780 0.000002 -0.000006 0.041573 -0.208066 0.111084
    19 1.207005 0.000001 -0.000004 0.003070 0.000095 0.384309
    20 11.481707 0.000006 -0.000005 -0.340282 -0.007514 0.402634
    21 -3.308594 -6.203125 -3.976563 -1.668474 1.286519 2.942954
    22 6.028142 0.000001 -0.000001 1.066774 0.247810 -0.702313
    23 11.692555 0.000031 0.000001 0.000000 0.000000 -1.955897
    24 11.481703 0.000105 0.000003 -0.781167 -0.114744 1.175306
    25 3.859676 -0.132545 1.193109 0.630360 0.070276 -1.940361
    26 1.312563 0.000000 -0.000001 -0.036309 0.005144 -0.002453
    27 0.729366 0.000002 0.000000 0.000984 0.006156 -1.568944
    28 3.942295 0.050345 0.431044 0.165285 0.073602 -1.403691
    29 1.539101 -0.000002 0.000002 0.004999 -0.017614 -1.177076
    30 1.196321 -0.000004 -0.000002 -0.000579 0.000022 -0.199668
    31 3.883659 -0.050304 -0.431042 -0.011981 0.010725 -0.887437
    32 1.719584 0.000006 0.000006 -0.105498 0.032236 -1.716072
    33 1.209185 0.000002 0.000006 -0.009161 -0.004484 -0.219737
    34 3.859833 -0.148918 -1.331282 -0.296034 0.199938 -0.238935
    35 1.719429 0.000006 0.000011 -0.052948 0.056602 -1.447142
    36 1.099661 0.000002 0.000007 -0.011453 -0.002307 0.116502
    37 0.806019 -0.359832 -1.318334 0.864161 0.348455 -0.949251
    38 1.789782 -0.000008 -0.000008 -0.016601 0.223149 0.393590
    39 1.207003 -0.000002 -0.000002 0.050515 -0.350313 0.767587
    40 11.481703 0.000105 0.000003 0.166151 0.040664 0.217642
    41 -5.186487 -9.727974 -13.212650 2.366415 -0.074541 0.149522
    42 0.000000 -4.325217 2.197774 0.000000 0.000000 0.000000
    43 0.759740 0.264293 2.354383 -1.578590 0.000000 0.000000
    44 -0.023242 0.746336 -3.528393 0.000000 0.000000 0.000000
    45 0.000000 -2.479087 -0.773617 0.000000 0.000000 0.000000
    46 4.935818 26.131886 -30.068890 1.570796 0.000000 -1.570796
    47 0.246049 -5.703599 -24.367022 -1.578590 0.000000 0.000000
    48 3.563665 24.276297 -24.518890 1.370872 -0.290362 0.012589
    49 -0.163199 2.333981 0.382080 3.036085 0.153200 -1.921800
    50 1.417000 1.884756 0.307373 -0.111793 0.161679 -1.589012
    51 2.720712 2.529284 0.412601 -3.110078 -0.046555 2.851972
  time 6
    0 0.000000 -0.000006 0.000000 -1.570781 -1.391896 -1.570809
    1 -16.014078 -3.202486 1.484520 1.596635 -1.286515 2.942964
    2 6.028141 0.000005 0.000002 -2.307167 -0.985223 0.950329
    3 11.692560 0.000013 -0.000006 -0.000067 0.000024 -2.152470
    4 11.481678 0.000006 -0.000039 0.965325 0.761490 2.062739
    5 3.859705 -0.142418 -1.191975 -0.496329 0.021625 -1.327285
    6 1.312563 -0.000013 0.000002 -0.000156 0.025896 -0.782755
    7 0.729365 -0.007818 -0.000001 -0.004793 -0.000326 -0.103467
    8 3.942327 0.046753 -0.431444 -0.164496 -0.005093 -0.978905
    9 1.539093 0.000008 -0.000006 0.022481 -0.044565 -0.932669
    10 1.204136 0.003901 0.000002 0.005634 -0.000678 -0.191482
    11 3.883688 -0.046781 0.431443 0.091846 -0.038208 -0.605818
    12 1.719580 -0.000010 0.000009 0.017428 -0.034095 -1.033641
    13 1.209183 -0.000006 0.000003 0.006723 0.002803 -0.068871
    14 3.859854 -0.137962 1.332467 0.353428 -0.070519 -0.597114
    15 1.719431 0.000000 -0.000006 0.003076 -0.009895 -0.750270
    16 1.099672 0.000000 0.000004 -0.005136 -0.007927 -0.151348
    17 1.075585 -0.833317 1.071252 -1.077292 -0.485527 -0.743995
    18 1.789780 0.000002 -0.000006 0.031697 -0.215916 0.210166
    19 1.207005 0.000001 -0.000004 0.004760 0.000131 0.396135
    20 11.481707 0.000006 -0.000005 -0.246702 0.025539 0.399410
    21 -3.308594 -6.203125 -3.976563 -1.668474 1.286519 2.942954
    22 6.028142 0.000001 -0.000001 1.064639 0.247149 -0.703176
    23 11.692555 0.000031 0.000001 0.000000 0.000000 -1.958825
    24 11.481703 0.000105 0.000003 -0.768909 -0.050904 1.119884
    25 3.859676 -0.132545 1.193109 0.630360 0.070276 -1.940361
    26 1.312563 0.000000 -0.000001 -0.036309 0.005144 -0.002453
    27 0.729366 0.000002 0.000000 0.000984 0.006156 -1.568944
    28 3.942295 0.050345 0.431044 0.165285 0.073602 -1.403691
    29 1.539101 -0.000002 0.000002 0.004999 -0.017614 -1.177076
    30 1.196321 -0.000004 -0.000002 -0.000579 0.000022 -0.199668
    31 3.883659 -0.050304 -0.431042 -0.011981 0.010725 -0.887437
    32 1.719584 0.000006 0.000006 -0.105498 0.032236 -1.716031
    33 1.209185 0.000002 0.000006 -0.009161 -0.004484 -0.219737
    34 3.859833 -0.148918 -1.331282 -0.296034 0.199938 -0.238935
    35 1.719429 0.000006 0.000011 -0.052948 0.056602 -1.447142
    36 1.099661 0.000002 0.000007 -0.011453 -0.002307 0.116502
    37 0.806019 -0.359832 -1.318334 0.864161 0.348455 -0.949251
    38 1.789782 -0.000008 -0.000008 -0.016601 0.223149 0.393590
    39 1.207003 -0.000002 -0.000002 0.050515 -0.350313 0.767587
    40 11.481703 0.000105 0.000003 0.161992 0.049365 0.202853
    41 -5.186487 -9.833446 -12.650133 2.281578 -0.074523 0.148598
    42 0.000000 -4.325217 2.197774 0.000000 0.000000 0.000000
    43 0.759740 0.264293 2.354383 -1.578590 0.000000 0.000000
    44 -0.023242 0.746336 -3.528393 0.000000 0.000000 0.000000
    45 0.000000 -2.479087 -0.773617 0.000000 0.000000 0.000000
    46 4.935818 26.131886 -30.068890 1.570796 0.000000 -1.570796
    47 0.246049 -5.703599 -24.367022 -1.578590 0.000000 0.000000
    48 3.563665 24.276297 -24.518890 1.370872 -0.290362 0.012589
    49 -0.163199 2.333981 0.382080 3.036085 0.153200 -1.921800
    50 1.417000 1.884756 0.307373 -0.111793 0.161679 -1.589012
    51 2.720712 2.529284 0.412601 -3.110078 -0.046555 2.851972
  time 7
    0 0.000000 -0.000006 0.000000 -1.570781 -1.391896 -1.570809
    1 -16.014078 -3.202486 1.484520 1.596635 -1.286515 2.942964
    2 6.028141 0.000005 0.000002 -2.462895 -1.009549 1.040458
    3 11.692560 0.000013 -0.000006 -0.000067 0.000036 -2.092865
    4 11.481678 0.000006 -0.000039 1.225758 0.579880 2.032709
    5 3.859705 -0.142418 -1.191975 -0.498474 0.022128 -1.388936
    6 1.312563 -0.000013 0.000002 0.001031 0.032991 -0.781250
    7 0.729365 -0.007818 -0.000001 -0.006087 -0.000503 -0.108595
    8 3.942327 0.046753 -0.431444 -0.164388 -0.001546 -0.994611
    9 1.539093 0.000008 -0.000006 0.020743 -0.038165 -0.995281
    10 1.211949 0.007807 0.000002 0.004867 -0.000630 -0.183278
    11 3.883688 -0.046781 0.431443 0.100535 -0.033198 -0.572859
    12 1.719580 -0.000010 0.000009 0.016685 -0.030104 -1.102603
    13 1.209183 -0.000006 0.000003 0.007023 0.002935 -0.080652
    14 3.859854 -0.137962 1.332467 0.354450 -0.066325 -0.576686
    15 1.719431 0.000000 -0.000006 -0.000316 -0.000415 -0.785950
    16 1.099672 0.000000 0.000004 -0.009151 -0.012350 -0.167874
    17 1.075585 -0.833317 1.071252 -1.103193 -0.488990 -0.708546
    18 1.789780 0.000002 -0.000006 0.018586 -0.224161 0.331555
    19 1.207005 0.000001 -0.000004 0.006773 0.000143 0.410143
    20 11.481707 0.000006 -0.000005 -0.173637 0.046153 0.388653
    21 -3.308594 -6.203125 -3.976563 -1.668474 1.286519 2.942954
    22 6.028142 0.000001 -0.000001 1.064522 0.251593 -0.705432
    23 11.692555 0.000031 0.000001 0.000000 0.000000 -1.957328
    24 11.481703 0.000105 0.000003 -0.760399 0.017898 1.059698
    25 3.859676 -0.132545 1.193109 0.630360 0.070276 -1.940361
    26 1.312563 0.000000 -0.000001 -0.036309 0.005144 -0.002453
    27 0.729366 0.000002 0.000000 0.000984 0.006156 -1.568944
    28 3.942295 0.050345 0.431044 0.165285 0.073602 -1.403691
    29 1.539101 -0.000002 0.000002 0.004999 -0.017614 -1.177076
    30 1.196321 -0.000004 -0.000002 -0.000579 0.000022 -0.199668
    31 3.883659 -0.050304 -0.431042 -0.011981 0.010725 -0.887437
    32 1.719584 0.000006 0.000006 -0.105498 0.032236 -1.716031
    33 1.209185 0.000002 0.000006 -0.009161 -0.004484 -0.219737
    34 3.859833 -0.148918 -1.331282 -0.296034 0.199938 -0.238935
    35 1.719429 0.000006 0.000011 -0.052948 0.056602 -1.447142
    36 1.099661 0.000002 0.000007 -0.011453 -0.002307 0.116502
    37 0.806019 -0.359832 -1.318334 0.864161 0.348455 -0.949251
    38 1.789782 -0.000008 -0.000008 -0.016601 0.223149 0.393590
    39 1.207003 -0.000002 -0.000002 0.050515 -0.350313 0.767587
    40 11.481703 0.000105 0.000003 0.157162 0.058233 0.186626
    41 -5.190394 -9.962356 -11.997769 2.187304 -0.074523 0.147519
    42 0.000000 -4.325217 2.197774 0.000000 0.000000 0.000000
    43 0.759740 0.264293 2.354383 -1.578590 0.000000 0.000000
    44 -0.023242 0.746336 -3.528393 0.000000 0.000000 0.000000
    45 0.000000 -2.479087 -0.773617 0.000000 0.000000 0.000000
    46 4.935818 26.131886 -30.068890 1.570796 0.000000 -1.570796
    47 0.246049 -5.703599 -24.367022 -1.578590 0.000000 0.000000
    48 3.563665 24.276297 -24.518890 1.370872 -0.290362 0.012589
    49 -0.163199 2.333981 0.382080 3.036085 0.153200 -1.921800
    50 1.417000 1.884756 0.307373 -0.111793 0.161679 -1.589012
    51 2.720712 2.529284 0.412601 -3.110078 -0.046555 2.851972
  time 8
    0 0.000000 -0.000006 0.000000 -1.570781 -1.391896 -1.570809
    1 -16.014078 -3.202486 1.484520 1.596635 -1.286515 2.942964
    2 6.028141 0.000005 0.000002 -2.613754 -1.029057 1.146397
    3 11.692560 0.000013 -0.000006 -0.000067 0.000036 -2.022402
    4 11.481678 0.000006 -0.000039 1.406484 0.427013 1.963638
    5 3.859705 -0.142418 -1.191975 -0.500931 0.022536 -1.458957
    6 1.312563 -0.000013 0.000002 0.002385 0.040972 -0.779548
    7 0.729365 -0.011725 -0.000001 -0.007549 -0.000709 -0.114409
    8 3.942327 0.046753 -0.431444 -0.164328 0.002445 -1.012352
    9 1.539093 0.000008 -0.000006 0.018286 -0.031034 -1.066423
    10 1.215855 0.011713 0.000002 0.003992 -0.000558 -0.174035
    11 3.883688 -0.046781 0.431443 0.110542 -0.027901 -0.535548
    12 1.719580 -0.000010 0.000009 0.015510 -0.025634 -1.181116
    13 1.209183 -0.000006 0.000003 0.007371 0.003079 -0.093980
    14 3.859854 -0.137962 1.332467 0.355704 -0.061615 -0.553625
    15 1.719431 0.000000 -0.000006 -0.004558 0.010143 -0.826302
    16 1.099672 0.000000 0.000004 -0.013597 -0.017407 -0.186493
    17 1.075585 -0.833317 1.071252 -1.132690 -0.491927 -0.668319
    18 1.789780 0.000002 -0.000006 0.002179 -0.231699 0.472995
    19 1.207005 0.000001 -0.000004 0.009038 0.000119 0.425967
    20 11.481707 0.000006 -0.000005 -0.115800 0.056771 0.375013
    21 -3.308594 -6.203125 -3.976563 -1.668474 1.286519 2.942954
    22 6.028142 0.000001 -0.000001 1.066891 0.262252 -0.709316
    23 11.692555 0.000031 0.000001 0.000000 0.000000 -1.950106
    24 11.481703 0.000105 0.000003 -0.756467 0.089495 0.995384
    25 3.859676 -0.132545 1.193109 0.630360 0.070276 -1.940361
    26 1.312563 0.000000 -0.000001 -0.036309 0.005144 -0.002453
    27 0.729366 0.000002 0.000000 0.000984 0.006156 -1.568944
    28 3.942295 0.050345 0.431044 0.165285 0.073602 -1.403691
    29 1.539101 -0.000002 0.000002 0.004999 -0.017614 -1.177076
    30 1.196321 -0.000004 -0.000002 -0.000579 0.000022 -0.199668
    31 3.883659 -0.050304 -0.431042 -0.011981 0.010725 -0.887437
    32 1.719584 0.000006 0.000006 -0.105498 0.032236 -1.716031
    33 1.209185 0.000002 0.000006 -0.009161 -0.004484 -0.219737
    34 3.859833 -0.148918 -1.331282 -0.296034 0.199938 -0.238935
    35 1.719429 0.000006 0.000011 -0.052948 0.056602 -1.447142
    36 1.099661 0.000002 0.000007 -0.011453 -0.002307 0.116502
    37 0.806019 -0.359832 -1.318334 0.864161 0.348455 -0.949251
    38 1.789782 -0.000008 -0.000008 -0.016601 0.223149 0.393590
    39 1.207003 -0.000002 -0.000002 0.050515 -0.350313 0.767587
    40 11.481703 0.000105 0.000003 0.151793 0.066922 0.169272
    41 -5.190394 -10.114704 -11.271184 2.085481 -0.074487 0.146286
    42 0.000000 -4.325217 2.197774 0.000000 0.000000 0.000000
    43 0.759740 0.264293 2.354383 -1.578590 0.000000 0.000000
    44 -0.023242 0.746336 -3.528393 0.000000 0.000000 0.000000
    45 0.000000 -2.479087 -0.773617 0.000000 0.000000 0.000000
    46 4.935818 26.131886 -30.068890 1.570796 0.000000 -1.570796
    47 0.246049 -5.703599 -24.367022 -1.578590 0.000000 0.000000
    48 3.563665 24.276297 -24.518890 1.370872 -0.290362 0.012589
    49 -0.163199 2.333981 0.382080 3.036085 0.153200 -1.921800
    50 1.417000 1.884756 0.307373 -0.111793 0.161679 -1.589012
    51 2.720712 2.529284 0.412601 -3.110078 -0.046555 2.851972
  time 9
    0 0.000000 -0.000006 0.000000 -1.570781 -1.391896 -1.570809
    1 -16.014078 -3.202486 1.484520 1.596635 -1.286515 2.942964
    2 6.028141 0.000005 0.000002 -2.756114 -1.041594 1.259721
    3 11.692560 0.000013 -0.000006 -0.000055 0.000036 -1.945873
    4 11.481678 0.000006 -0.000039 1.539791 0.292653 1.880121
    5 3.859705 -0.142418 -1.191975 -0.503627 0.022776 -1.535014
    6 1.312563 -0.000013 0.000002 0.003871 0.049613 -0.777673
    7 0.729365 -0.015631 -0.000001 -0.009131 -0.000944 -0.120668
    8 3.942327 0.046753 -0.431444 -0.164352 0.006771 -1.031506
    9 1.539093 0.000008 -0.000006 0.015039 -0.023508 -1.143736
    10 1.219762 0.015620 0.000002 0.003057 -0.000474 -0.164059
    11 3.883688 -0.046781 0.431443 0.121592 -0.022592 -0.495115
    12 1.719580 -0.000010 0.000009 0.013844 -0.020888 -1.266565
    13 1.209183 -0.000006 0.000003 0.007742 0.003223 -0.108366
    14 3.859854 -0.137962 1.332467 0.357192 -0.056557 -0.528724
    15 1.719431 0.000000 -0.000006 -0.009628 0.021373 -0.870062
    16 1.099672 0.000000 0.000004 -0.018295 -0.022956 -0.206560
    17 1.075585 -0.833317 1.071252 -1.164718 -0.493899 -0.624655
    18 1.789780 0.000002 -0.000006 -0.017044 -0.237308 0.629712
    19 1.207005 0.000001 -0.000004 0.011495 0.000059 0.443052
    20 11.481707 0.000006 -0.000005 -0.068790 0.059623 0.360428
    21 -3.308594 -6.203125 -3.976563 -1.668474 1.286519 2.942954
    22 6.028142 0.000001 -0.000001 1.072069 0.279967 -0.714829
    23 11.692555 0.000031 0.000001 0.000000 0.000000 -1.936377
    24 11.481703 0.000105 0.000003 -0.757531 0.161573 0.927377
    25 3.859676 -0.132545 1.193109 0.630360 0.070276 -1.940361
    26 1.312563 0.000000 -0.000001 -0.036309 0.005144 -0.002453
    27 0.729366 0.000002 0.000000 0.000984 0.006156 -1.568944
    28 3.942295 0.050345 0.431044 0.165285 0.073602 -1.403691
    29 1.539101 -0.000002 0.000002 0.004999 -0.017614 -1.177076
    30 1.196321 -0.000004 -0.000002 -0.000579 0.000022 -0.199668
    31 3.883659 -0.050304 -0.431042 -0.011981 0.010725 -0.887437
    32 1.719584 0.000006 0.000006 -0.105498 0.032236 -1.716031
    33 1.209185 0.000002 0.000006 -0.009161 -0.004484 -0.219737
    34 3.859833 -0.148918 -1.331282 -0.296034 0.199938 -0.238935
    35 1.719429 0.000006 0.000011 -0.052948 0.056602 -1.447142
    36 1.099661 0.000002 0.000007 -0.011453 -0.002307 0.116502
    37 0.806019 -0.359832 -1.318334 0.864161 0.348455 -0.949251
    38 1.789782 -0.000008 -0.000008 -0.016601 0.223149 0.393590
    39 1.207003 -0.000002 -0.000002 0.050515 -0.350313 0.767587
    40 11.481703 0.000105 0.000003 0.146064 0.075143 0.151152
    41 -5.194300 -10.286585 -10.482098 1.977965 -0.074469 0.144899
    42 0.000000 -4.325217 2.197774 0.000000 0.000000 0.000000
    43 0.759740 0.264293 2.354383 -1.578590 0.000000 0.000000
    44 -0.023242 0.746336 -3.528393 0.000000 0.000000 0.000000
    45 0.000000 -2.479087 -0.773617 0.000000 0.000000 0.000000
    46 4.935818 26.131886 -30.068890 1.570796 0.000000 -1.570796
    47 0.246049 -5.703599 -24.367022 -1.578590 0.000000 0.000000
    48 3.563665 24.276297 -24.518890 1.370872 -0.290362 0.012589
    49 -0.163199 2.333981 0.382080 3.036085 0.153200 -1.921800
    50 1.417000 1.884756 0.307373 -0.111793 0.161679 -1.589012
    51 2.720712 2.529284 0.412601 -3.110078 -0.046555 2.851972
  time 10
    0 0.000000 -0.000006 0.000000 -1.570781 -1.391896 -1.570809
    1 -16.014078 -3.202486 1.484520 1.596635 -1.286515 2.942964
    2 6.028141 0.000005 0.000002 -2.885967 -1.047208 1.371908
    3 11.692560 0.000013 -0.000006 -0.000055 0.000036 -1.866724
    4 11.481678 0.000006 -0.000039 1.641732 0.169375 1.790921
    5 3.859705 -0.142418 -1.191975 -0.506456 0.022812 -1.614290
    6 1.312563 -0.000013 0.000002 0.005429 0.058578 -0.775723
    7 0.729365 -0.023444 -0.000001 -0.010761 -0.001208 -0.127169
    8 3.942327 0.046753 -0.431444 -0.164460 0.011254 -1.051396
    9 1.539093 0.000008 -0.000006 0.011060 -0.015957 -1.224315
    10 1.227574 0.019526 0.000002 0.002074 -0.000379 -0.153699
    11 3.883688 -0.046781 0.431443 0.133289 -0.017546 -0.453004
    12 1.719580 -0.000010 0.000009 0.011675 -0.016106 -1.355652
    13 1.209183 -0.000006 0.000003 0.008114 0.003391 -0.123319
    14 3.859854 -0.137962 1.332467 0.358873 -0.051356 -0.502835
    15 1.719431 0.000000 -0.000006 -0.015428 0.032818 -0.915622
    16 1.099672 0.000000 0.000004 -0.023053 -0.028841 -0.227426
    17 1.075585 -0.833317 1.071252 -1.198177 -0.494667 -0.579160
    18 1.789780 0.000002 -0.000006 -0.038005 -0.239981 0.794849
    19 1.207005 0.000001 -0.000004 0.014036 -0.000037 0.460816
    20 11.481707 0.000006 -0.000005 -0.029622 0.056507 0.345532
    21 -3.308594 -6.203125 -3.976563 -1.668474 1.286519 2.942954
    22 6.028142 0.000001 -0.000001 1.080259 0.305368 -0.721762
    23 11.692555 0.000031 0.000001 0.000000 0.000000 -1.915621
    24 11.481703 0.000105 0.000003 -0.763590 0.232158 0.856155
    25 3.859676 -0.132545 1.193109 0.630360 0.070276 -1.940361
    26 1.312563 0.000000 -0.000001 -0.036309 0.005144 -0.002453
    27 0.729366 0.000002 0.000000 0.000984 0.006156 -1.568944
    28 3.942295 0.050345 0.431044 0.165285 0.073602 -1.403691
    29 1.539101 -0.000002 0.000002 0.004999 -0.017614 -1.177076
    30 1.196321 -0.000004 -0.000002 -0.000579 0.000022 -0.199668
    31 3.883659 -0.050304 -0.431042 -0.011981 0.010725 -0.887437
    32 1.719584 0.000006 0.000006 -0.105498 0.032236 -1.716031
    33 1.209185 0.000002 0.000006 -0.009161 -0.004484 -0.219737
    34 3.859833 -0.148918 -1.331282 -0.296034 0.199938 -0.238935
    35 1.719429 0.000006 0.000011 -0.052948 0.056602 -1.447142
    36 1.099661 0.000002 0.000007 -0.011453 -0.002307 0.116502
    37 0.806019 -0.359832 -1.318334 0.864161 0.348455 -0.949251
    38 1.789782 -0.000008 -0.000008 -0.016601 0.223149 0.393590
    39 1.207003 -0.000002 -0.000002 0.050515 -0.350313 0.767587
    40 11.481703 0.000105 0.000003 0.140192 0.082706 0.132612
    41 -5.198207 -10.470184 -9.646135 1.866581 -0.074432 0.143358
    42 0.000000 -4.325217 2.197774 0.000000 0.000000 0.000000
    43 0.759740 0.264293 2.354383 -1.578590 0.000000 0.000000
    44 -0.023242 0.746336 -3.528393 0.000000 0.000000 0.000000
    45 0.000000 -2.479087 -0.773617 0.000000 0.000000 0.000000
    46 4.935818 26.131886 -30.068890 1.570796 0.000000 -1.570796
    47 0.246049 -5.703599 -24.367022 -1.578590 0.000000 0.000000
    48 3.563665 24.276297 -24.518890 1.370872 -0.290362 0.012589
    49 -0.163199 2.333981 0.382080 3.036085 0.153200 -1.921800
    50 1.417000 1.884756 0.307373 -0.111793 0.161679 -1.589012
    51 2.720712 2.529284 0.412601 -3.110078 -0.046555 2.851972
  time 11
    0 0.000000 -0.000006 0.000000 -1.570781 -1.391896 -1.570809
    1 -16.014078 -3.202486 1.484520 1.596635 -1.286515 2.942964
    2 6.028141 0.000005 0.000002 -2.999970 -1.047208 1.476522
    3 11.692560 0.000013 -0.000006 -0.000055 0.000036 -1.787500
    4 11.481678 0.000006 -0.000039 1.722270 0.052983 1.699368
    5 3.859705 -0.142418 -1.191975 -0.509260 0.022620 -1.693567
    6 1.312563 -0.000013 0.000002 0.007011 0.067530 -0.773750
    7 0.729365 -0.027350 -0.000001 -0.012391 -0.001473 -0.133669
    8 3.942327 0.046753 -0.431444 -0.164663 0.015736 -1.071306
    9 1.539093 0.000008 -0.000006 0.006482 -0.008755 -1.304940
    10 1.235387 0.023432 0.000002 0.001104 -0.000271 -0.143300
    11 3.883688 -0.046781 0.431443 0.145190 -0.013004 -0.410854
    12 1.719580 -0.000010 0.000009 0.009086 -0.011540 -1.444740
    13 1.209183 -0.000006 0.000003 0.008497 0.003570 -0.138234
    14 3.859854 -0.137962 1.332467 0.360671 -0.046179 -0.476928
    15 1.719431 0.000000 -0.000006 -0.021732 0.043976 -0.961280
    16 1.099672 0.000000 0.000004 -0.027691 -0.034809 -0.248216
    17 1.075585 -0.833317 1.071252 -1.231562 -0.494075 -0.533665
    18 1.789780 0.000002 -0.000006 -0.059134 -0.239273 0.959985
    19 1.207005 0.000001 -0.000004 0.016577 -0.000193 0.478580
    20 11.481707 0.000006 -0.000005 0.003518 0.048789 0.330513
    21 -3.308594 -6.203125 -3.976563 -1.668474 1.286519 2.942954
    22 6.028142 0.000001 -0.000001 1.091374 0.338605 -0.729670
    23 11.692555 0.000031 0.000001 0.000000 0.000000 -1.887642
    24 11.481703 0.000105 0.000003 -0.774228 0.299419 0.782272
    25 3.859676 -0.132545 1.193109 0.630360 0.070276 -1.940361
    26 1.312563 0.000000 -0.000001 -0.036309 0.005144 -0.002453
    27 0.729366 0.000002 0.000000 0.000984 0.006156 -1.568944
    28 3.942295 0.050345 0.431044 0.165285 0.073602 -1.403691
    29 1.539101 -0.000002 0.000002 0.004999 -0.017614 -1.177076
    30 1.196321 -0.000004 -0.000002 -0.000579 0.000022 -0.199668
    31 3.883659 -0.050304 -0.431042 -0.011981 0.010725 -0.887437
    32 1.719584 0.000006 0.000006 -0.105498 0.032236 -1.716072
    33 1.209185 0.000002 0.000006 -0.009161 -0.004484 -0.219737
    34 3.859833 -0.148918 -1.331282 -0.296034 0.199938 -0.238935
    35 1.719429 0.000006 0.000011 -0.052948 0.056602 -1.447142
    36 1.099661 0.000002 0.000007 -0.011453 -0.002307 0.116502
    37 0.806019 -0.359832 -1.318334 0.864161 0.348455 -0.949251
    38 1.789782 -0.000008 -0.000008 -0.016601 0.223149 0.393590
    39 1.207003 -0.000002 -0.000002 0.050515 -0.350313 0.767587
    40 11.481703 0.000105 0.000003 0.134391 0.089477 0.113999
    41 -5.198207 -10.669409 -8.775014 1.753218 -0.074378 0.141663
    42 0.000000 -4.325217 2.197774 0.000000 0.000000 0.000000
    43 0.759740 0.264293 2.354383 -1.578590 0.000000 0.000000
    44 -0.023242 0.746336 -3.528393 0.000000 0.000000 0.000000
    45 0.000000 -2.479087 -0.773617 0.000000 0.000000 0.000000
    46 4.935818 26.131886 -30.068890 1.570796 0.000000 -1.570796
    47 0.246049 -5.703599 -24.367022 -1.578590 0.000000 0.000000
    48 3.563665 24.276297 -24.518890 1.370872 -0.290362 0.012589
    49 -0.163199 2.333981 0.382080 3.036085 0.153200 -1.921800
    50 1.417000 1.884756 0.307373 -0.111793 0.161679 -1.589012
    51 2.720712 2.529284 0.412601 -3.110078 -0.046555 2.851972
  time 12
    0 0.000000 -0.000006 0.000000 -1.570781 -1.391896 -1.570809
    1 -16.014078 -3.202486 1.484520 1.596635 -1.286515 2.942964
    2 6.028141 0.000005 0.000002 -3.094973 -1.043559 1.568071
    3 11.692560 0.000013 -0.000006 -0.000055 0.000036 -1.710448
    4 11.481678 0.000006 -0.000039 1.787216 -0.058444 1.606842
    5 3.859705 -0.142418 -1.191975 -0.511945 0.022236 -1.769624
    6 1.312563 -0.000013 0.000002 0.008545 0.076159 -0.771825
    7 0.725459 -0.031257 -0.000001 -0.013961 -0.001738 -0.139928
    8 3.942327 0.046753 -0.431444 -0.164939 0.020038 -1.090460
    9 1.539093 0.000008 -0.000006 0.001556 -0.002199 -1.382343
    10 1.239293 0.027339 0.000002 0.000169 -0.000151 -0.133324
    11 3.883688 -0.046781 0.431443 0.156803 -0.009109 -0.370265
    12 1.719580 -0.000010 0.000009 0.006234 -0.007405 -1.530189
    13 1.209183 -0.000006 0.000003 0.008857 0.003750 -0.152620
    14 3.859854 -0.137962 1.332467 0.362546 -0.041265 -0.452007
    15 1.719431 0.000000 -0.000006 -0.028288 0.054426 -1.005283
    16 1.099672 0.000000 0.000004 -0.032042 -0.040645 -0.268244
    17 1.075585 -0.833317 1.071252 -1.263627 -0.492256 -0.489957
    18 1.789780 0.000002 -0.000006 -0.078849 -0.235474 1.116876
    19 1.207005 0.000001 -0.000004 0.019021 -0.000397 0.495665
    20 11.481707 0.000006 -0.000005 0.031781 0.037596 0.315323
    21 -3.308594 -6.203125 -3.976563 -1.668474 1.286519 2.942954
    22 6.028142 0.000001 -0.000001 1.105122 0.379379 -0.737897
    23 11.692555 0.000031 0.000001 0.000000 0.000000 -1.852766
    24 11.481703 0.000105 0.000003 -0.788706 0.362102 0.706484
    25 3.859676 -0.132545 1.193109 0.630360 0.070276 -1.940361
    26 1.312563 0.000000 -0.000001 -0.036309 0.005144 -0.002453
    27 0.729366 0.000002 0.000000 0.000984 0.006156 -1.568944
    28 3.942295 0.050345 0.431044 0.165285 0.073602 -1.403691
    29 1.539101 -0.000002 0.000002 0.004999 -0.017614 -1.177076
    30 1.196321 -0.000004 -0.000002 -0.000579 0.000022 -0.199668
    31 3.883659 -0.050304 -0.431042 -0.011981 0.010725 -0.887437
    32 1.719584 0.000006 0.000006 -0.105498 0.032236 -1.716072
    33 1.209185 0.000002 0.000006 -0.009161 -0.004484 -0.219737
    34 3.859833 -0.148918 -1.331282 -0.296034 0.199938 -0.238935
    35 1.719429 0.000006 0.000011 -0.052948 0.056602 -1.447142
    36 1.099661 0.000002 0.000007 -0.011453 -0.002307 0.116502
    37 0.806019 -0.359832 -1.318334 0.864161 0.348455 -0.949251
    38 1.789782 -0.000008 -0.000008 -0.016601 0.223149 0.393590
    39 1.207003 -0.000002 -0.000002 0.050515 -0.350313 0.767587
    40 11.481703 0.000105 0.000003 0.128902 0.095433 0.095603
    41 -5.206019 -10.876446 -7.884362 1.639730 -0.074323 0.139891
    42 0.000000 -4.325217 2.197774 0.000000 0.000000 0.000000
    43 0.759740 0.264293 2.354383 -1.578590 0.000000 0.000000
    44 -0.023242 0.746336 -3.528393 0.000000 0.000000 0.000000
    45 0.000000 -2.479087 -0.773617 0.000000 0.000000 0.000000
    46 4.935818 26.131886 -30.068890 1.570796 0.000000 -1.570796
    47 0.246049 -5.703599 -24.367022 -1.578590 0.000000 0.000000
    48 3.563665 24.276297 -24.518890 1.370872 -0.290362 0.012589
    49 -0.163199 2.333981 0.382080 3.036085 0.153200 -1.921800
    50 1.417000 1.884756 0.307373 -0.111793 0.161679 -1.589012
    51 2.720712 2.529284 0.412601 -3.110078 -0.046555 2.851972
  time 13
    0 0.000000 -0.000006 0.000000 -1.570781 -1.391896 -1.570809
    1 -16.014078 -3.202486 1.484520 1.596635 -1.286515 2.942964
    2 6.028141 0.000005 0.000002 -3.170784 -1.038273 1.644188
    3 11.692560 0.000013 -0.000006 -0.000043 0.000036 -1.636765
    4 11.481678 0.000006 -0.000039 1.840632 -0.165409 1.513747
    5 3.859705 -0.142418 -1.191975 -0.514378 0.021697 -1.839645
    6 1.312563 -0.000013 0.000002 0.009983 0.084141 -0.770049
    7 0.725459 -0.035163 -0.000001 -0.015423 -0.001988 -0.145742
    8 3.942327 0.046753 -0.431444 -0.165263 0.024029 -1.108200
    9 1.539093 0.000008 -0.000006 -0.003406 0.003458 -1.453576
    10 1.243200 0.031245 0.000002 -0.000682 -0.000043 -0.124081
    11 3.883688 -0.046781 0.431443 0.167661 -0.005921 -0.332720
    12 1.719580 -0.000010 0.000009 0.003310 -0.003822 -1.608702
    13 1.209183 -0.000006 0.000003 0.009192 0.003918 -0.165948
    14 3.859854 -0.137962 1.332467 0.364382 -0.036747 -0.428946
    15 1.719431 0.000000 -0.000006 -0.034747 0.063810 -1.046025
    16 1.099672 0.000000 0.000004 -0.035961 -0.046122 -0.286750
    17 1.075585 -0.833317 1.071252 -1.293124 -0.489472 -0.449730
    18 1.789780 0.000002 -0.000006 -0.095939 -0.229506 1.258533
    19 1.207005 0.000001 -0.000004 0.021275 -0.000612 0.511489
    20 11.481707 0.000006 -0.000005 0.055815 0.023825 0.299932
    21 -3.308594 -6.203125 -3.976563 -1.668474 1.286519 2.942954
    22 6.028142 0.000001 -0.000001 1.120918 0.427149 -0.745847
    23 11.692555 0.000031 0.000001 0.000000 0.000000 -1.811189
    24 11.481703 0.000105 0.000003 -0.806097 0.419341 0.629584
    25 3.859676 -0.132545 1.193109 0.630360 0.070276 -1.940361
    26 1.312563 0.000000 -0.000001 -0.036309 0.005144 -0.002453
    27 0.729366 0.000002 0.000000 0.000984 0.006156 -1.568944
    28 3.942295 0.050345 0.431044 0.165285 0.073602 -1.403691
    29 1.539101 -0.000002 0.000002 0.004999 -0.017614 -1.177076
    30 1.196321 -0.000004 -0.000002 -0.000579 0.000022 -0.199668
    31 3.883659 -0.050304 -0.431042 -0.011981 0.010725 -0.887437
    32 1.719584 0.000006 0.000006 -0.105498 0.032236 -1.716031
    33 1.209185 0.000002 0.000006 -0.009161 -0.004484 -0.219737
    34 3.859833 -0.148918 -1.331282 -0.296034 0.199938 -0.238935
    35 1.719429 0.000006 0.000011 -0.052948 0.056602 -1.447142
    36 1.099661 0.000002 0.000007 -0.011453 -0.002307 0.116502
    37 0.806019 -0.359832 -1.318334 0.864161 0.348455 -0.949251
    38 1.789782 -0.000008 -0.000008 -0.016601 0.223149 0.393590
    39 1.207003 -0.000002 -0.000002 0.050515 -0.350313 0.767587
    40 11.481703 0.000105 0.000003 0.123869 0.100587 0.077662
    41 -5.209926 -11.091297 -6.989804 1.527975 -0.074269 0.137965
    42 0.000000 -4.325217 2.197774 0.000000 0.000000 0.000000
    43 0.759740 0.264293 2.354383 -1.578590 0.000000 0.000000
    44 -0.023242 0.746336 -3.528393 0.000000 0.000000 0.000000
    45 0.000000 -2.479087 -0.773617 0.000000 0.000000 0.000000
    46 4.935818 26.131886 -30.068890 1.570796 0.000000 -1.570796
    47 0.246049 -5.703599 -24.367022 -1.578590 0.000000 0.000000
    48 3.563665 24.276297 -24.518890 1.370872 -0.290362 0.012589
    49 -0.163199 2.333981 0.382080 3.036085 0.153200 -1.921800
    50 1.417000 1.884756 0.307373 -0.111793 0.161679 -1.589012
    51 2.720712 2.529284 0.412601 -3.110078 -0.046555 2.851972
  time 14
    0 0.000000 -0.000006 0.000000 -1.570781 -1.391896 -1.570809
    1 -16.014078 -3.202486 1.484520 1.596635 -1.286515 2.942964
    2 6.028141 0.000005 0.000002 -3.227785 -1.033174 1.704116
    3 11.692560 0.000013 -0.000006 -0.000043 0.000036 -1.567126
    4 11.481678 0.000006 -0.000039 1.885006 -0.267603 1.420083
    5 3.859705 -0.142418 -1.191975 -0.516487 0.021074 -1.901296
    6 1.312563 -0.000013 0.000002 0.011278 0.091212 -0.768469
    7 0.725459 -0.039069 -0.000001 -0.016705 -0.002223 -0.150870
    8 3.942327 0.046753 -0.431444 -0.165622 0.027553 -1.123907
    9 1.539093 0.000008 -0.000006 -0.008092 0.008144 -1.516279
    10 1.251013 0.035152 0.000002 -0.001449 0.000053 -0.115877
    11 3.883688 -0.046781 0.431443 0.177368 -0.003452 -0.299469
    12 1.719580 -0.000010 0.000009 0.000517 -0.000874 -1.677721
    13 1.209183 -0.000006 0.000003 0.009480 0.004062 -0.177729
    14 3.859854 -0.137962 1.332467 0.366089 -0.032792 -0.408499
    15 1.719431 0.000000 -0.000006 -0.040776 0.071900 -1.082143
    16 1.099672 0.000000 0.000004 -0.039352 -0.051036 -0.303123
    17 1.075585 -0.833317 1.071252 -1.319062 -0.486141 -0.414236
    18 1.789780 0.000002 -0.000006 -0.109817 -0.222531 1.380269
    19 1.207005 0.000001 -0.000004 0.023276 -0.000828 0.525521
    20 11.481707 0.000006 -0.000005 0.075967 0.008245 0.284277
    21 -3.308594 -6.203125 -3.976563 -1.668474 1.286519 2.942954
    22 6.028142 0.000001 -0.000001 1.138293 0.480413 -0.752571
    23 11.692555 0.000031 0.000001 0.000000 0.000000 -1.764146
    24 11.481703 0.000105 0.000003 -0.825200 0.470654 0.552883
    25 3.859676 -0.132545 1.193109 0.630360 0.070276 -1.940361
    26 1.312563 0.000000 -0.000001 -0.036309 0.005144 -0.002453
    27 0.729366 0.000002 0.000000 0.000984 0.006156 -1.568944
    28 3.942295 0.050345 0.431044 0.165285 0.073602 -1.403709
    29 1.539101 -0.000002 0.000002 0.004999 -0.017614 -1.177076
    30 1.196321 -0.000004 -0.000002 -0.000579 0.000022 -0.199668
    31 3.883659 -0.050304 -0.431042 -0.011981 0.010725 -0.887437
    32 1.719584 0.000006 0.000006 -0.105498 0.032236 -1.716031
    33 1.209185 0.000002 0.000006 -0.009161 -0.004484 -0.219737
    34 3.859833 -0.148918 -1.331282 -0.296034 0.199938 -0.238935
    35 1.719429 0.000006 0.000011 -0.052948 0.056602 -1.447142
    36 1.099661 0.000002 0.000007 -0.011453 -0.002307 0.116502
    37 0.806019 -0.359832 -1.318334 0.864161 0.348455 -0.949251
    38 1.789782 -0.000008 -0.000008 -0.016601 0.223149 0.393590
    39 1.207003 -0.000002 -0.000002 0.050515 -0.350313 0.767587
    40 11.481703 0.000105 0.000003 0.119459 0.105009 0.060428
    41 -5.213832 -11.310053 -6.099151 1.419809 -0.074196 0.135961
    42 0.000000 -4.325217 2.197774 0.000000 0.000000 0.000000
    43 0.759740 0.264293 2.354383 -1.578590 0.000000 0.000000
    44 -0.023242 0.746336 -3.528393 0.000000 0.000000 0.000000
    45 0.000000 -2.479087 -0.773617 0.000000 0.000000 0.000000
    46 4.935818 26.131886 -30.068890 1.570796 0.000000 -1.570796
    47 0.246049 -5.703599 -24.367022 -1.578590 0.000000 0.000000
    48 3.563665 24.276297 -24.518890 1.370872 -0.290362 0.012589
    49 -0.163199 2.333981 0.382080 3.036085 0.153200 -1.921800
    50 1.417000 1.884756 0.307373 -0.111793 0.161679 -1.589012
    51 2.720712 2.529284 0.412601 -3.110078 -0.046555 2.851972
  time 15
    0 0.000000 -0.000006 0.000000 -1.570781 -1.391896 -1.570809
    1 -16.014078 -3.202486 1.484520 1.596635 -1.286515 2.942964
    2 6.028141 0.000005 0.000002 -3.266741 -1.029572 1.747097
    3 11.692560 0.000013 -0.000006 -0.000043 0.000036 -1.502354
    4 11.481678 0.000006 -0.000039 1.922000 -0.364063 1.326258
    5 3.859705 -0.142418 -1.191975 -0.518225 0.020463 -1.952926
    6 1.312563 -0.000013 0.000002 0.012380 0.097180 -0.767112
    7 0.725459 -0.039069 -0.000001 -0.017784 -0.002429 -0.155231
    8 3.942327 0.046753 -0.431444 -0.165958 0.030525 -1.137173
    9 1.539093 0.000008 -0.000006 -0.012250 0.011835 -1.568773
    10 1.254919 0.035152 0.000002 -0.002096 0.000149 -0.108945
    11 3.883688 -0.046781 0.431443 0.185602 -0.001631 -0.271466
    12 1.719580 -0.000010 0.000009 -0.001951 0.001439 -1.735369
    13 1.209183 -0.000006 0.000003 0.009731 0.004194 -0.187697
    14 3.859854 -0.137962 1.332467 0.367603 -0.029472 -0.391266
    15 1.719431 0.000000 -0.000006 -0.046073 0.078527 -1.112565
    16 1.099672 0.000000 0.000004 -0.042145 -0.055219 -0.316945
    17 1.075585 -0.833317 1.071252 -1.340744 -0.482699 -0.384502
    18 1.789780 0.000002 -0.000006 -0.120435 -0.215628 1.479525
    19 1.207005 0.000001 -0.000004 0.024954 -0.001032 0.537347
    20 11.481707 0.000006 -0.000005 0.092474 -0.008401 0.268389
    21 -3.308594 -6.203125 -3.976563 -1.668474 1.286519 2.942954
    22 6.028142 0.000001 -0.000001 1.156633 0.537790 -0.757569
    23 11.692555 0.000031 0.000001 0.000000 0.000000 -1.712613
    24 11.481703 0.000105 0.000003 -0.844950 0.515919 0.477770
    25 3.859676 -0.132545 1.193109 0.630360 0.070276 -1.940361
    26 1.312563 0.000000 -0.000001 -0.036309 0.005144 -0.002453
    27 0.729366 0.000002 0.000000 0.000984 0.006156 -1.568944
    28 3.942295 0.050345 0.431044 0.165285 0.073602 -1.403691
    29 1.539101 -0.000002 0.000002 0.004999 -0.017614 -1.177076
    30 1.196321 -0.000004 -0.000002 -0.000579 0.000022 -0.199668
    31 3.883659 -0.050304 -0.431042 -0.011981 0.010725 -0.887437
    32 1.719584 0.000006 0.000006 -0.105498 0.032236 -1.716031
    33 1.209185 0.000002 0.000006 -0.009161 -0.004484 -0.219737
    34 3.859833 -0.148918 -1.331282 -0.296034 0.199938 -0.238935
    35 1.719429 0.000006 0.000011 -0.052948 0.056602 -1.447142
    36 1.099661 0.000002 0.000007 -0.011453 -0.002307 0.116502
    37 0.806019 -0.359832 -1.318334 0.864161 0.348455 -0.949251
    38 1.789782 -0.000008 -0.000008 -0.016601 0.223149 0.393590
    39 1.207003 -0.000002 -0.000002 0.050515 -0.350313 0.767587
    40 11.481703 0.000105 0.000003 0.115743 0.108760 0.044117
    41 -5.221645 -11.532717 -5.231938 1.317027 -0.074105 0.133804
    42 0.000000 -4.325217 2.197774 0.000000 0.000000 0.000000
    43 0.759740 0.264293 2.354383 -1.578590 0.000000 0.000000
    44 -0.023242 0.746336 -3.528393 0.000000 0.000000 0.000000
    45 0.000000 -2.479087 -0.773617 0.000000 0.000000 0.000000
    46 4.935818 26.131886 -30.068890 1.570796 0.000000 -1.570796
    47 0.246049 -5.703599 -24.367022 -1.578590 0.000000 0.000000
    48 3.563665 24.276297 -24.518890 1.370872 -0.290362 0.012589
    49 -0.163199 2.333981 0.382080 3.036085 0.153200 -1.921800
    50 1.417000 1.884756 0.307373 -0.111793 0.161679 -1.589012
    51 2.720712 2.529284 0.412601 -3.110078 -0.046555 2.851972
  time 16
    0 0.000000 -0.000006 0.000000 -1.570781 -1.391896 -1.570809
    1 -16.014078 -3.202486 1.484520 1.596635 -1.286515 2.942964
    2 6.028141 0.000005 0.000002 -3.288893 -1.028215 1.773984
    3 11.692560 0.000013 -0.000006 -0.000031 0.000036 -1.442224
    4 11.481678 0.000006 -0.000039 1.952444 -0.453483 1.232676
    5 3.859705 -0.142418 -1.191975 -0.519555 0.019923 -1.993450
    6 1.312563 -0.000013 0.000002 0.013243 0.101890 -0.766027
    7 0.725459 -0.042976 -0.000001 -0.018647 -0.002590 -0.158663
    8 3.942327 0.046753 -0.431444 -0.166245 0.032862 -1.147670
    9 1.539093 0.000008 -0.000006 -0.015642 0.014579 -1.610016
    10 1.254919 0.039058 0.000002 -0.002612 0.000221 -0.103476
    11 3.883688 -0.046781 0.431443 0.192133 -0.000348 -0.249357
    12 1.719580 -0.000010 0.000009 -0.003989 0.003153 -1.780566
    13 1.209183 -0.000006 0.000003 0.009923 0.004301 -0.195589
    14 3.859854 -0.137962 1.332467 0.368831 -0.026871 -0.377634
    15 1.719431 0.000000 -0.000006 -0.050399 0.083645 -1.136611
    16 1.099672 0.000000 0.000004 -0.044314 -0.058562 -0.327835
    17 1.075585 -0.833317 1.071252 -1.357767 -0.479587 -0.361152
    18 1.789780 0.000002 -0.000006 -0.128081 -0.209660 1.555692
    19 1.207005 0.000001 -0.000004 0.026284 -0.001212 0.546702
    20 11.481707 0.000006 -0.000005 0.105446 -0.025491 0.252347
    21 -3.308594 -6.203125 -3.976563 -1.668474 1.286519 2.942954
    22 6.028142 0.000001 -0.000001 1.175383 0.597420 -0.760353
    23 11.692555 0.000031 0.000001 0.000000 0.000000 -1.657957
    24 11.481703 0.000105 0.000003 -0.864100 0.555115 0.405912
    25 3.859676 -0.132545 1.193109 0.630360 0.070276 -1.940361
    26 1.312563 0.000000 -0.000001 -0.036309 0.005144 -0.002453
    27 0.729366 0.000002 0.000000 0.000984 0.006156 -1.568944
    28 3.942295 0.050345 0.431044 0.165285 0.073602 -1.403691
    29 1.539101 -0.000002 0.000002 0.004999 -0.017614 -1.177076
    30 1.196321 -0.000004 -0.000002 -0.000579 0.000022 -0.199668
    31 3.883659 -0.050304 -0.431042 -0.011981 0.010725 -0.887437
    32 1.719584 0.000006 0.000006 -0.105498 0.032236 -1.716031
    33 1.209185 0.000002 0.000006 -0.009161 -0.004484 -0.219737
    34 3.859833 -0.148918 -1.331282 -0.296034 0.199938 -0.238935
    35 1.719429 0.000006 0.000011 -0.052948 0.056602 -1.447142
    36 1.099661 0.000002 0.000007 -0.011453 -0.002307 0.116502
    37 0.806019 -0.359832 -1.318334 0.864161 0.348455 -0.949251
    38 1.789782 -0.000008 -0.000008 -0.016601 0.223149 0.393590
    39 1.207003 -0.000002 -0.000002 0.050515 -0.350313 0.767587
    40 11.481703 0.000105 0.000003 0.112783 0.111924 0.028981
    41 -5.229457 -11.751473 -4.399881 1.221547 -0.073996 0.131569
    42 0.000000 -4.325217 2.197774 0.000000 0.000000 0.000000
    43 0.759740 0.264293 2.354383 -1.578590 0.000000 0.000000
    44 -0.023242 0.746336 -3.528393 0.000000 0.000000 0.000000
    45 0.000000 -2.479087 -0.773617 0.000000 0.000000 0.000000
    46 4.935818 26.131886 -30.068890 1.570796 0.000000 -1.570796
    47 0.246049 -5.703599 -24.367022 -1.578590 0.000000 0.000000
    48 3.563665 24.276297 -24.518890 1.370872 -0.290362 0.012589
    49 -0.163199 2.333981 0.382080 3.036085 0.153200 -1.921800
    50 1.417000 1.884756 0.307373 -0.111793 0.161679 -1.589012
    51 2.720712 2.529284 0.412601 -3.110078 -0.046555 2.851972
  time 17
    0 0.000000 -0.000006 0.000000 -1.570781 -1.391896 -1.570809
    1 -16.014078 -3.202486 1.484520 1.596635 -1.286515 2.942964
    2 6.028141 0.000005 0.000002 -3.295576 -1.029291 1.785156
    3 11.692560 0.000013 -0.000006 -0.000031 0.000036 -1.386812
    4 11.481678 0.000006 -0.000039 1.976337 -0.534476 1.140068
    5 3.859705 -0.142418 -1.191975 -0.520502 0.019504 -2.022383
    6 1.312563 -0.000013 0.000002 0.013878 0.105294 -0.765262
    7 0.725459 -0.042976 -0.000001 -0.019258 -0.002708 -0.161126
    8 3.942327 0.046753 -0.431444 -0.166485 0.034552 -1.155204
    9 1.539093 0.000008 -0.000006 -0.018123 0.016449 -1.639462
    10 1.258825 0.039058 0.000002 -0.002971 0.000281 -0.099547
    11 3.883688 -0.046781 0.431443 0.196843 0.000478 -0.233472
    12 1.719580 -0.000010 0.000009 -0.005487 0.004316 -1.812802
    13 1.209183 -0.000006 0.000003 0.010067 0.004373 -0.201253
    14 3.859854 -0.137962 1.332467 0.369736 -0.025014 -0.367836
    15 1.719431 0.000000 -0.000006 -0.053587 0.087240 -1.153891
    16 1.099672 0.000000 0.000004 -0.045860 -0.060983 -0.335679
    17 1.075585 -0.833317 1.071252 -1.369911 -0.477132 -0.344409
    18 1.789780 0.000002 -0.000006 -0.133151 -0.205129 1.608987
    19 1.207005 0.000001 -0.000004 0.027243 -0.001343 0.553414
    20 11.481707 0.000006 -0.000005 0.114946 -0.042378 0.236320
    21 -3.308594 -6.203125 -3.976563 -1.668474 1.286519 2.942954
    22 6.028142 0.000001 -0.000001 1.194133 0.657229 -0.760632
    23 11.692555 0.000031 0.000001 0.000000 0.000000 -1.602065
    24 11.481703 0.000105 0.000003 -0.881584 0.588215 0.339295
    25 3.859676 -0.132545 1.193109 0.630360 0.070276 -1.940361
    26 1.312563 0.000000 -0.000001 -0.036309 0.005144 -0.002453
    27 0.729366 0.000002 0.000000 0.000984 0.006156 -1.568944
    28 3.942295 0.050345 0.431044 0.165285 0.073602 -1.403691
    29 1.539101 -0.000002 0.000002 0.004999 -0.017614 -1.177076
    30 1.196321 -0.000004 -0.000002 -0.000579 0.000022 -0.199668
    31 3.883659 -0.050304 -0.431042 -0.011981 0.010725 -0.887437
    32 1.719584 0.000006 0.000006 -0.105498 0.032236 -1.716031
    33 1.209185 0.000002 0.000006 -0.009161 -0.004484 -0.219737
    34 3.859833 -0.148918 -1.331282 -0.296034 0.199938 -0.238935
    35 1.719429 0.000006 0.000011 -0.052948 0.056602 -1.447142
    36 1.099661 0.000002 0.000007 -0.011453 -0.002307 0.116502
    37 0.806019 -0.359832 -1.318334 0.864161 0.348455 -0.949251
    38 1.789782 -0.000008 -0.000008 -0.016601 0.223149 0.393590
    39 1.207003 -0.000002 -0.000002 0.050515 -0.350313 0.767587
    40 11.481703 0.000105 0.000003 0.110590 0.114537 0.015270
    41 -5.237270 -11.966323 -3.610794 1.135224 -0.073887 0.129258
    42 0.000000 -4.325217 2.197774 0.000000 0.000000 0.000000
    43 0.759740 0.264293 2.354383 -1.578590 0.000000 0.000000
    44 -0.023242 0.746336 -3.528393 0.000000 0.000000 0.000000
    45 0.000000 -2.479087 -0.773617 0.000000 0.000000 0.000000
    46 4.935818 26.131886 -30.068890 1.570796 0.000000 -1.570796
    47 0.246049 -5.703599 -24.367022 -1.578590 0.000000 0.000000
    48 3.563665 24.276297 -24.518890 1.370872 -0.290362 0.012589
    49 -0.163199 2.333981 0.382080 3.036085 0.153200 -1.921800
    50 1.417000 1.884756 0.307373 -0.111793 0.161679 -1.589012
    51 2.720712 2.529284 0.412601 -3.110078 -0.046555 2.851972
  time 18
    0 0.000000 -0.000006 0.000000 -1.570781 -1.391896 -1.570809
    1 -16.014078 -3.202486 1.484520 1.596635 -1.286515 2.942964
    2 6.028141 0.000005 0.000002 -3.299395 -1.030554 1.792730
    3 11.692560 0.000013 -0.000006 -0.000031 0.000036 -1.331026
    4 11.481678 0.000006 -0.000039 1.997925 -0.604426 1.048921
    5 3.859705 -0.142418 -1.191975 -0.521053 0.019240 -2.039647
    6 1.312563 -0.000013 0.000002 0.014262 0.107319 -0.764793
    7 0.725459 -0.046882 -0.000001 -0.019630 -0.002781 -0.162620
    8 3.942327 0.046753 -0.431444 -0.166617 0.035558 -1.159736
    9 1.539093 0.000008 -0.000006 -0.019633 0.017527 -1.657020
    10 1.258825 0.042964 0.000002 -0.003199 0.000317 -0.097198
    11 3.883688 -0.046781 0.431443 0.199660 0.000946 -0.223969
    12 1.719580 -0.000010 0.000009 -0.006398 0.004975 -1.831961
    13 1.209183 -0.000006 0.000003 0.010151 0.004421 -0.204651
    14 3.859854 -0.137962 1.332467 0.370293 -0.023899 -0.361969
    15 1.719431 0.000000 -0.000006 -0.055517 0.089373 -1.164259
    16 1.099672 0.000000 0.000004 -0.046771 -0.062433 -0.340400
    17 1.075585 -0.833317 1.071252 -1.377138 -0.475598 -0.334453
    18 1.789780 0.000002 -0.000006 -0.136003 -0.202349 1.640321
    19 1.207005 0.000001 -0.000004 0.027818 -0.001439 0.557461
    20 11.481707 0.000006 -0.000005 0.121763 -0.057862 0.220526
    21 -3.308594 -6.203125 -3.976563 -1.668474 1.286519 2.942954
    22 6.028142 0.000001 -0.000001 1.212590 0.715117 -0.758390
    23 11.692555 0.000031 0.000001 0.000000 0.000000 -1.546954
    24 11.481703 0.000105 0.000003 -0.896292 0.615196 0.280181
    25 3.859676 -0.132545 1.193109 0.630360 0.070276 -1.940361
    26 1.312563 0.000000 -0.000001 -0.036309 0.005144 -0.002453
    27 0.729366 0.000002 0.000000 0.000984 0.006156 -1.568944
    28 3.942295 0.050345 0.431044 0.165285 0.073602 -1.403691
    29 1.539101 -0.000002 0.000002 0.004999 -0.017614 -1.177076
    30 1.196321 -0.000004 -0.000002 -0.000579 0.000022 -0.199668
    31 3.883659 -0.050304 -0.431042 -0.011981 0.010725 -0.887437
    32 1.719584 0.000006 0.000006 -0.105498 0.032236 -1.716031
    33 1.209185 0.000002 0.000006 -0.009161 -0.004484 -0.219737
    34 3.859833 -0.148918 -1.331282 -0.296034 0.199938 -0.238935
    35 1.719429 0.000006 0.000011 -0.052948 0.056602 -1.447142
    36 1.099661 0.000002 0.000007 -0.011453 -0.002307 0.116502
    37 0.806019 -0.359832 -1.318334 0.864161 0.348455 -0.949251
    38 1.789782 -0.000008 -0.000008 -0.016601 0.223149 0.393590
    39 1.207003 -0.000002 -0.000002 0.050515 -0.350313 0.767587
    40 11.481703 0.000105 0.000003 0.109152 0.116634 0.003322
    41 -5.248989 -12.173361 -2.884210 1.059917 -0.073760 0.126792
    42 0.000000 -4.325217 2.197774 0.000000 0.000000 0.000000
    43 0.759740 0.264293 2.354383 -1.578590 0.000000 0.000000
    44 -0.023242 0.746336 -3.528393 0.000000 0.000000 0.000000
    45 0.000000 -2.479087 -0.773617 0.000000 0.000000 0.000000
    46 4.935818 26.131886 -30.068890 1.570796 0.000000 -1.570796
    47 0.246049 -5.703599 -24.367022 -1.578590 0.000000 0.000000
    48 3.563665 24.276297 -24.518890 1.370872 -0.290362 0.012589
    49 -0.163199 2.333981 0.382080 3.036085 0.153200 -1.921800
    50 1.417000 1.884756 0.307373 -0.111793 0.161679 -1.589012
    51 2.720712 2.529284 0.412601 -3.110078 -0.046555 2.851972
  time 19
    0 0.000000 -0.000006 0.000000 -1.570781 -1.391896 -1.570809
    1 -16.014078 -3.202486 1.484520 1.596635 -1.286515 2.942964
    2 6.028141 0.000005 0.000002 -3.311617 -1.029759 1.807972
    3 11.692560 0.000013 -0.000006 -0.000031 0.000036 -1.272020
    4 11.481678 0.000006 -0.000039 2.020158 -0.660448 0.961589
    5 3.859705 -0.142418 -1.191975 -0.521233 0.019144 -2.045321
    6 1.312563 -0.000013 0.000002 0.014382 0.107990 -0.764645
    7 0.725459 -0.046882 -0.000001 -0.019750 -0.002811 -0.163105
    8 3.942327 0.046753 -0.431444 -0.166665 0.035882 -1.161228
    9 1.539093 0.000008 -0.000006 -0.020136 0.017875 -1.662828
    10 1.258825 0.042964 0.000002 -0.003271 0.000329 -0.096427
    11 3.883688 -0.046781 0.431443 0.200595 0.001090 -0.220847
    12 1.719580 -0.000010 0.000009 -0.006709 0.005190 -1.838328
    13 1.209183 -0.000006 0.000003 0.010175 0.004433 -0.205746
    14 3.859854 -0.137962 1.332467 0.370474 -0.023540 -0.360033
    15 1.719431 0.000000 -0.000006 -0.056164 0.090068 -1.167666
    16 1.099672 0.000000 0.000004 -0.047070 -0.062913 -0.341923
    17 1.075585 -0.833317 1.071252 -1.379523 -0.475072 -0.331149
    18 1.789780 0.000002 -0.000006 -0.136926 -0.201414 1.650564
    19 1.207005 0.000001 -0.000004 0.027998 -0.001463 0.558794
    20 11.481707 0.000006 -0.000005 0.126655 -0.070841 0.205646
    21 -3.308594 -6.203125 -3.976563 -1.668474 1.286519 2.942954
    22 6.028142 0.000001 -0.000001 1.230521 0.768471 -0.753615
    23 11.692555 0.000031 0.000001 0.000000 0.000000 -1.495681
    24 11.481703 0.000105 0.000003 -0.907254 0.635817 0.231310
    25 3.859676 -0.132545 1.193109 0.630360 0.070276 -1.940361
    26 1.312563 0.000000 -0.000001 -0.036309 0.005144 -0.002453
    27 0.729366 0.000002 0.000000 0.000984 0.006156 -1.568944
    28 3.942295 0.050345 0.431044 0.165285 0.073602 -1.403691
    29 1.539101 -0.000002 0.000002 0.004999 -0.017614 -1.177076
    30 1.196321 -0.000004 -0.000002 -0.000579 0.000022 -0.199668
    31 3.883659 -0.050304 -0.431042 -0.011981 0.010725 -0.887437
    32 1.719584 0.000006 0.000006 -0.105498 0.032236 -1.716072
    33 1.209185 0.000002 0.000006 -0.009161 -0.004484 -0.219737
    34 3.859833 -0.148918 -1.331282 -0.296034 0.199938 -0.238935
    35 1.719429 0.000006 0.000011 -0.052948 0.056602 -1.447142
    36 1.099661 0.000002 0.000007 -0.011453 -0.002307 0.116502
    37 0.806019 -0.359832 -1.318334 0.864161 0.348455 -0.949251
    38 1.789782 -0.000008 -0.000008 -0.016601 0.223149 0.393590
    39 1.207003 -0.000002 -0.000002 0.050515 -0.350313 0.767587
    40 11.481703 0.000105 0.000003 0.108433 0.118204 -0.006458
    41 -5.260708 -12.372586 -2.231846 0.997418 -0.073615 0.124249
    42 0.000000 -4.325217 2.197774 0.000000 0.000000 0.000000
    43 0.759740 0.264293 2.354383 -1.578590 0.000000 0.000000
    44 -0.023242 0.746336 -3.528393 0.000000 0.000000 0.000000
    45 0.000000 -2.479087 -0.773617 0.000000 0.000000 0.000000
    46 4.935818 26.131886 -30.068890 1.570796 0.000000 -1.570796
    47 0.246049 -5.703599 -24.367022 -1.578590 0.000000 0.000000
    48 3.563665 24.276297 -24.518890 1.370872 -0.290362 0.012589
    49 -0.163199 2.333981 0.382080 3.036085 0.153200 -1.921800
    50 1.417000 1.884756 0.307373 -0.111793 0.161679 -1.589012
    51 2.720712 2.529284 0.412601 -3.110078 -0.046555 2.851972
  time 20
    0 0.000000 -0.000006 0.000000 -1.570781 -1.391896 -1.570809
    1 -16.014078 -3.202486 1.484520 1.596635 -1.286515 2.942964
    2 6.028141 0.000005 0.000002 -3.332909 -1.026952 1.832019
    3 11.692560 0.000013 -0.000006 -0.000031 0.000036 -1.212115
    4 11.481678 0.000006 -0.000039 2.036303 -0.703003 0.888135
    5 3.859705 -0.142418 -1.191975 -0.521233 0.019144 -2.045321
    6 1.312563 -0.000013 0.000002 0.014382 0.107990 -0.764645
    7 0.725459 -0.046882 -0.000001 -0.019750 -0.002811 -0.163105
    8 3.942327 0.046753 -0.431444 -0.166665 0.035882 -1.161228
    9 1.539093 0.000008 -0.000006 -0.020136 0.017875 -1.662828
    10 1.258825 0.042964 0.000002 -0.003271 0.000329 -0.096427
    11 3.883688 -0.046781 0.431443 0.200595 0.001090 -0.220847
    12 1.719580 -0.000010 0.000009 -0.006709 0.005190 -1.838328
    13 1.209183 -0.000006 0.000003 0.010175 0.004433 -0.205746
    14 3.859854 -0.137962 1.332467 0.370474 -0.023540 -0.360033
    15 1.719431 0.000000 -0.000006 -0.056164 0.090068 -1.167666
    16 1.099672 0.000000 0.000004 -0.047070 -0.062913 -0.341923
    17 1.075585 -0.833317 1.071252 -1.379523 -0.475072 -0.331149
    18 1.789780 0.000002 -0.000006 -0.136926 -0.201414 1.650564
    19 1.207005 0.000001 -0.000004 0.027998 -0.001463 0.558794
    20 11.481707 0.000006 -0.000005 0.129291 -0.081315 0.193153
    21 -3.308594 -6.203125 -3.976563 -1.668474 1.286519 2.942954
    22 6.028142 0.000001 -0.000001 1.249680 0.814379 -0.744719
    23 11.692555 0.000031 0.000001 0.000000 0.000000 -1.451956
    24 11.481703 0.000105 0.000003 -0.916505 0.647092 0.194309
    25 3.859676 -0.132545 1.193109 0.630360 0.070276 -1.940361
    26 1.312563 0.000000 -0.000001 -0.036309 0.005144 -0.002453
    27 0.729366 0.000002 0.000000 0.000984 0.006156 -1.568944
    28 3.942295 0.050345 0.431044 0.165285 0.073602 -1.403691
    29 1.539101 -0.000002 0.000002 0.004999 -0.017614 -1.177076
    30 1.196321 -0.000004 -0.000002 -0.000579 0.000022 -0.199668
    31 3.883659 -0.050304 -0.431042 -0.011981 0.010725 -0.887437
    32 1.719584 0.000006 0.000006 -0.105498 0.032236 -1.716031
    33 1.209185 0.000002 0.000006 -0.009161 -0.004484 -0.219737
    34 3.859833 -0.148918 -1.331282 -0.296034 0.199938 -0.238935
    35 1.719429 0.000006 0.000011 -0.052948 0.056602 -1.447142
    36 1.099661 0.000002 0.000007 -0.011453 -0.002307 0.116502
    37 0.806019 -0.359832 -1.318334 0.864161 0.348455 -0.949251
    38 1.789782 -0.000008 -0.000008 -0.016601 0.223149 0.393590
    39 1.207003 -0.000002 -0.000002 0.050515 -0.350313 0.767587
    40 11.481703 0.000105 0.000003 0.108001 0.118612 -0.013505
    41 -5.272428 -12.556185 -1.665422 0.950142 -0.069618 0.121630
    42 0.000000 -4.325217 2.197774 0.000000 0.000000 0.000000
    43 0.759740 0.264293 2.354383 -1.578590 0.000000 0.000000
    44 -0.023242 0.746336 -3.528393 0.000000 0.000000 0.000000
    45 0.000000 -2.479087 -0.773617 0.000000 0.000000 0.000000
    46 4.935818 26.131886 -30.068890 1.570796 0.000000 -1.570796
    47 0.246049 -5.703599 -24.367022 -1.578590 0.000000 0.000000
    48 3.563665 24.276297 -24.518890 1.370872 -0.290362 0.012589
    49 -0.163199 2.333981 0.382080 3.036085 0.153200 -1.921800
    50 1.417000 1.884756 0.307373 -0.111793 0.161679 -1.589012
    51 2.720712 2.529284 0.412601 -3.110078 -0.046555 2.851972
  time 21
    0 0.000000 -0.000006 0.000000 -1.570781 -1.391896 -1.570809
    1 -16.014078 -3.202486 1.484520 1.596635 -1.286515 2.942964
    2 6.028141 0.000005 0.000002 -3.362603 -1.022040 1.864681
    3 11.692560 0.000013 -0.000006 -0.000019 0.000036 -1.154307
    4 11.481678 0.000006 -0.000039 2.039993 -0.732514 0.838544
    5 3.859705 -0.142418 -1.191975 -0.521233 0.019144 -2.045321
    6 1.312563 -0.000013 0.000002 0.014382 0.107990 -0.764645
    7 0.725459 -0.046882 -0.000001 -0.019750 -0.002811 -0.163105
    8 3.942327 0.046753 -0.431444 -0.166665 0.035882 -1.161228
    9 1.539093 0.000008 -0.000006 -0.020136 0.017875 -1.662828
    10 1.258825 0.042964 0.000002 -0.003271 0.000329 -0.096427
    11 3.883688 -0.046781 0.431443 0.200595 0.001090 -0.220847
    12 1.719580 -0.000010 0.000009 -0.006709 0.005190 -1.838328
    13 1.209183 -0.000006 0.000003 0.010175 0.004433 -0.205746
    14 3.859854 -0.137962 1.332467 0.370474 -0.023540 -0.360033
    15 1.719431 0.000000 -0.000006 -0.056164 0.090068 -1.167666
    16 1.099672 0.000000 0.000004 -0.047070 -0.062913 -0.341923
    17 1.075585 -0.833317 1.071252 -1.379523 -0.475072 -0.331149
    18 1.789780 0.000002 -0.000006 -0.136926 -0.201414 1.650607
    19 1.207005 0.000001 -0.000004 0.028010 -0.001463 0.558794
    20 11.481707 0.000006 -0.000005 0.129480 -0.089153 0.184333
    21 -3.308594 -6.203125 -3.976563 -1.668474 1.286519 2.942954
    22 6.028142 0.000001 -0.000001 1.271706 0.849869 -0.730352
    23 11.692555 0.000031 0.000001 0.000000 0.000000 -1.419488
    24 11.481703 0.000105 0.000003 -0.925478 0.646056 0.171164
    25 3.859676 -0.132545 1.193109 0.630360 0.070276 -1.940361
    26 1.312563 0.000000 -0.000001 -0.036309 0.005144 -0.002453
    27 0.729366 0.000002 0.000000 0.000984 0.006156 -1.568944
    28 3.942295 0.050345 0.431044 0.165285 0.073602 -1.403691
    29 1.539101 -0.000002 0.000002 0.004999 -0.017614 -1.177076
    30 1.196321 -0.000004 -0.000002 -0.000579 0.000022 -0.199668
    31 3.883659 -0.050304 -0.431042 -0.011981 0.010725 -0.887437
    32 1.719584 0.000006 0.000006 -0.105498 0.032236 -1.716031
    33 1.209185 0.000002 0.000006 -0.009161 -0.004484 -0.219737
    34 3.859833 -0.148918 -1.331282 -0.296034 0.199938 -0.238935
    35 1.719429 0.000006 0.000011 -0.052948 0.056602 -1.447142
    36 1.099661 0.000002 0.000007 -0.011453 -0.002307 0.116502
    37 0.806019 -0.359832 -1.318334 0.864161 0.348455 -0.949251
    38 1.789782 -0.000008 -0.000008 -0.016601 0.223149 0.393590
    39 1.207003 -0.000002 -0.000002 0.050515 -0.350313 0.767587
    40 11.481703 0.000105 0.000003 0.107522 0.117293 -0.017232
    41 -5.284147 -12.724159 -1.204471 0.920192 -0.058808 0.118856
    42 0.000000 -4.325217 2.197774 0.000000 0.000000 0.000000
    43 0.759740 0.264293 2.354383 -1.578590 0.000000 0.000000
    44 -0.023242 0.746336 -3.528393 0.000000 0.000000 0.000000
    45 0.000000 -2.479087 -0.773617 0.000000 0.000000 0.000000
    46 4.935818 26.131886 -30.068890 1.570796 0.000000 -1.570796
    47 0.246049 -5.703599 -24.367022 -1.578590 0.000000 0.000000
    48 3.563665 24.276297 -24.518890 1.370872 -0.290362 0.012589
    49 -0.163199 2.333981 0.382080 3.036085 0.153200 -1.921800
    50 1.417000 1.884756 0.307373 -0.111793 0.161679 -1.589012
    51 2.720712 2.529284 0.412601 -3.110078 -0.046555 2.851972
  time 22
    0 0.000000 -0.000006 0.000000 -1.570781 -1.391896 -1.570809
    1 -16.014078 -3.202486 1.484520 1.596635 -1.286515 2.942964
    2 6.028141 0.000005 0.000002 -3.393252 -1.017175 1.900089
    3 11.692560 0.000013 -0.000006 -0.000019 0.000036 -1.102864
    4 11.481678 0.000006 -0.000039 2.031505 -0.756370 0.811517
    5 3.859705 -0.142418 -1.191975 -0.521233 0.019144 -2.045321
    6 1.312563 -0.000013 0.000002 0.014382 0.107990 -0.764645
    7 0.725459 -0.046882 -0.000001 -0.019750 -0.002811 -0.163105
    8 3.942327 0.046753 -0.431444 -0.166665 0.035882 -1.161228
    9 1.539093 0.000008 -0.000006 -0.020136 0.017875 -1.662828
    10 1.258825 0.042964 0.000002 -0.003271 0.000329 -0.096427
    11 3.883688 -0.046781 0.431443 0.200595 0.001090 -0.220847
    12 1.719580 -0.000010 0.000009 -0.006709 0.005190 -1.838328
    13 1.209183 -0.000006 0.000003 0.010175 0.004433 -0.205746
    14 3.859854 -0.137962 1.332467 0.370474 -0.023540 -0.360033
    15 1.719431 0.000000 -0.000006 -0.056164 0.090068 -1.167666
    16 1.099672 0.000000 0.000004 -0.047070 -0.062913 -0.341923
    17 1.075585 -0.833317 1.071252 -1.379523 -0.475072 -0.331149
    18 1.789780 0.000002 -0.000006 -0.136926 -0.201414 1.650564
    19 1.207005 0.000001 -0.000004 0.028010 -0.001463 0.558794
    20 11.481707 0.000006 -0.000005 0.128012 -0.095685 0.178939
    21 -3.308594 -6.203125 -3.976563 -1.668474 1.286519 2.942954
    22 6.028142 0.000001 -0.000001 1.294229 0.875810 -0.713312
    23 11.692555 0.000031 0.000001 0.000000 0.000000 -1.394503
    24 11.481703 0.000105 0.000003 -0.936811 0.637745 0.153060
    25 3.859676 -0.132545 1.193109 0.630360 0.070276 -1.940361
    26 1.312563 0.000000 -0.000001 -0.036309 0.005144 -0.002453
    27 0.729366 0.000002 0.000000 0.000984 0.006156 -1.568944
    28 3.942295 0.050345 0.431044 0.165285 0.073602 -1.403691
    29 1.539101 -0.000002 0.000002 0.004999 -0.017614 -1.177076
    30 1.196321 -0.000004 -0.000002 -0.000579 0.000022 -0.199668
    31 3.883659 -0.050304 -0.431042 -0.011981 0.010725 -0.887437
    32 1.719584 0.000006 0.000006 -0.105498 0.032236 -1.716031
    33 1.209185 0.000002 0.000006 -0.009161 -0.004484 -0.219737
    34 3.859833 -0.148918 -1.331282 -0.296034 0.199938 -0.238935
    35 1.719429 0.000006 0.000011 -0.052948 0.056602 -1.447142
    36 1.099661 0.000002 0.000007 -0.011453 -0.002307 0.116502
    37 0.806019 -0.359832 -1.318334 0.864161 0.348455 -0.949251
    38 1.789782 -0.000008 -0.000008 -0.016601 0.223149 0.393590
    39 1.207003 -0.000002 -0.000002 0.050515 -0.350313 0.767587
    40 11.481703 0.000105 0.000003 0.106659 0.114800 -0.019461
    41 -5.299772 -12.876508 -0.856804 0.901319 -0.042385 0.116005
    42 0.000000 -4.325217 2.197774 0.000000 0.000000 0.000000
    43 0.759740 0.264293 2.354383 -1.578590 0.000000 0.000000
    44 -0.023242 0.746336 -3.528393 0.000000 0.000000 0.000000
    45 0.000000 -2.479087 -0.773617 0.000000 0.000000 0.000000
    46 4.935818 26.131886 -30.068890 1.570796 0.000000 -1.570796
    47 0.246049 -5.703599 -24.367022 -1.578590 0.000000 0.000000
    48 3.563665 24.276297 -24.518890 1.370872 -0.290362 0.012589
    49 -0.163199 2.333981 0.382080 3.036085 0.153200 -1.921800
    50 1.417000 1.884756 0.307373 -0.111793 0.161679 -1.589012
    51 2.720712 2.529284 0.412601 -3.110078 -0.046555 2.851972
  time 23
    0 0.000000 -0.000006 0.000000 -1.570781 -1.391896 -1.570809
    1 -16.014078 -3.202486 1.484520 1.596635 -1.286515 2.942964
    2 6.028141 0.000005 0.000002 -3.418936 -1.014976 1.933982
    3 11.692560 0.000013 -0.000006 -0.000019 0.000036 -1.060930
    4 11.481678 0.000006 -0.000039 2.012501 -0.783111 0.803400
    5 3.859705 -0.142418 -1.191975 -0.521233 0.019144 -2.045321
    6 1.312563 -0.000013 0.000002 0.014382 0.107990 -0.764645
    7 0.725459 -0.046882 -0.000001 -0.019762 -0.002811 -0.163105
    8 3.942327 0.046753 -0.431444 -0.166665 0.035882 -1.161228
    9 1.539093 0.000008 -0.000006 -0.020136 0.017875 -1.662828
    10 1.258825 0.042964 0.000002 -0.003271 0.000329 -0.096427
    11 3.883688 -0.046781 0.431443 0.200595 0.001090 -0.220847
    12 1.719580 -0.000010 0.000009 -0.006709 0.005190 -1.838328
    13 1.209183 -0.000006 0.000003 0.010175 0.004433 -0.205746
    14 3.859854 -0.137962 1.332467 0.370474 -0.023540 -0.360033
    15 1.719431 0.000000 -0.000006 -0.056164 0.090068 -1.167666
    16 1.099672 0.000000 0.000004 -0.047070 -0.062913 -0.341923
    17 1.075585 -0.833317 1.071252 -1.379523 -0.475072 -0.331149
    18 1.789780 0.000002 -0.000006 -0.136926 -0.201414 1.650564
    19 1.207005 0.000001 -0.000004 0.027998 -0.001463 0.558794
    20 11.481707 0.000006 -0.000005 0.125708 -0.102612 0.176351
    21 -3.308594 -6.203125 -3.976563 -1.668474 1.286519 2.942954
    22 6.028142 0.000001 -0.000001 1.314237 0.894065 -0.697148
    23 11.692555 0.000031 0.000001 0.000000 0.000000 -1.371274
    24 11.481703 0.000105 0.000003 -0.954202 0.628060 0.129042
    25 3.859676 -0.132545 1.193109 0.630360 0.070276 -1.940361
    26 1.312563 0.000000 -0.000001 -0.036309 0.005144 -0.002453
    27 0.729366 0.000002 0.000000 0.000984 0.006156 -1.568944
    28 3.942295 0.050345 0.431044 0.165285 0.073602 -1.403691
    29 1.539101 -0.000002 0.000002 0.004999 -0.017614 -1.177076
    30 1.196321 -0.000004 -0.000002 -0.000579 0.000022 -0.199668
    31 3.883659 -0.050304 -0.431042 -0.011981 0.010725 -0.887437
    32 1.719584 0.000006 0.000006 -0.105498 0.032236 -1.716031
    33 1.209185 0.000002 0.000006 -0.009161 -0.004484 -0.219737
    34 3.859833 -0.148918 -1.331282 -0.296034 0.199938 -0.238935
    35 1.719429 0.000006 0.000011 -0.052948 0.056602 -1.447142
    36 1.099661 0.000002 0.000007 -0.011453 -0.002307 0.116502
    37 0.806019 -0.359832 -1.318334 0.864161 0.348455 -0.949251
    38 1.789782 -0.000008 -0.000008 -0.016601 0.223149 0.393590
    39 1.207003 -0.000002 -0.000002 0.050515 -0.350313 0.767587
    40 11.481703 0.000105 0.000003 0.104969 0.111720 -0.022397
    41 -5.315398 -13.009324 -0.638047 0.885849 -0.021601 0.113077
    42 0.000000 -4.325217 2.197774 0.000000 0.000000 0.000000
    43 0.759740 0.264293 2.354383 -1.578590 0.000000 0.000000
    44 -0.023242 0.746336 -3.528393 0.000000 0.000000 0.000000
    45 0.000000 -2.479087 -0.773617 0.000000 0.000000 0.000000
    46 4.935818 26.131886 -30.068890 1.570796 0.000000 -1.570796
    47 0.246049 -5.703599 -24.367022 -1.578590 0.000000 0.000000
    48 3.563665 24.276297 -24.518890 1.370872 -0.290362 0.012589
    49 -0.163199 2.333981 0.382080 3.036085 0.153200 -1.921800
    50 1.417000 1.884756 0.307373 -0.111793 0.161679 -1.589012
    51 2.720712 2.529284 0.412601 -3.110078 -0.046555 2.851972
  time 24
    0 0.000000 -0.000006 0.000000 -1.570781 -1.391896 -1.570809
    1 -16.014078 -3.202486 1.484520 1.596635 -1.286515 2.942964
    2 6.028141 0.000005 0.000002 -3.437173 -1.016333 1.963804
    3 11.692560 0.000013 -0.000006 -0.000019 0.000036 -1.031277
    4 11.481678 0.000006 -0.000039 1.982980 -0.812237 0.815088
    5 3.859705 -0.142418 -1.191975 -0.521233 0.019144 -2.045321
    6 1.312563 -0.000013 0.000002 0.014382 0.107990 -0.764645
    7 0.725459 -0.046882 -0.000001 -0.019750 -0.002811 -0.163105
    8 3.942327 0.046753 -0.431444 -0.166665 0.035882 -1.161228
    9 1.539093 0.000008 -0.000006 -0.020136 0.017875 -1.662828
    10 1.258825 0.042964 0.000002 -0.003271 0.000329 -0.096427
    11 3.883688 -0.046781 0.431443 0.200595 0.001090 -0.220847
    12 1.719580 -0.000010 0.000009 -0.006709 0.005190 -1.838328
    13 1.209183 -0.000006 0.000003 0.010175 0.004433 -0.205746
    14 3.859854 -0.137962 1.332467 0.370474 -0.023540 -0.360033
    15 1.719431 0.000000 -0.000006 -0.056164 0.090068 -1.167666
    16 1.099672 0.000000 0.000004 -0.047070 -0.062913 -0.341923
    17 1.075585 -0.833317 1.071252 -1.379523 -0.475072 -0.331149
    18 1.789780 0.000002 -0.000006 -0.136926 -0.201414 1.650564
    19 1.207005 0.000001 -0.000004 0.027998 -0.001463 0.558794
    20 11.481707 0.000006 -0.000005 0.122757 -0.109851 0.176599
    21 -3.308594 -6.203125 -3.976563 -1.668474 1.286519 2.942954
    22 6.028142 0.000001 -0.000001 1.329799 0.904274 -0.683937
    23 11.692555 0.000031 0.000001 0.000000 0.000000 -1.350062
    24 11.481703 0.000105 0.000003 -0.977098 0.618135 0.099068
    25 3.859676 -0.132545 1.193109 0.630360 0.070276 -1.940361
    26 1.312563 0.000000 -0.000001 -0.036309 0.005144 -0.002453
    27 0.729366 0.000002 0.000000 0.000984 0.006156 -1.568944
    28 3.942295 0.050345 0.431044 0.165285 0.073602 -1.403691
    29 1.539101 -0.000002 0.000002 0.004999 -0.017614 -1.177076
    30 1.196321 -0.000004 -0.000002 -0.000579 0.000022 -0.199668
    31 3.883659 -0.050304 -0.431042 -0.011981 0.010725 -0.887437
    32 1.719584 0.000006 0.000006 -0.105498 0.032236 -1.716031
    33 1.209185 0.000002 0.000006 -0.009161 -0.004484 -0.219737
    34 3.859833 -0.148918 -1.331282 -0.296034 0.199938 -0.238935
    35 1.719429 0.000006 0.000011 -0.052948 0.056602 -1.447142
    36 1.099661 0.000002 0.000007 -0.011453 -0.002307 0.116502
    37 0.806019 -0.359832 -1.318334 0.864161 0.348455 -0.949251
    38 1.789782 -0.000008 -0.000008 -0.016601 0.223149 0.393590
    39 1.207003 -0.000002 -0.000002 0.050515 -0.350313 0.767587
    40 11.481703 0.000105 0.000003 0.102464 0.108353 -0.026148
    41 -5.334929 -13.114796 -0.563826 0.873349 0.002271 0.110149
    42 0.000000 -4.325217 2.197774 0.000000 0.000000 0.000000
    43 0.759740 0.264293 2.354383 -1.578590 0.000000 0.000000
    44 -0.023242 0.746336 -3.528393 0.000000 0.000000 0.000000
    45 0.000000 -2.479087 -0.773617 0.000000 0.000000 0.000000
    46 4.935818 26.131886 -30.068890 1.570796 0.000000 -1.570796
    47 0.246049 -5.703599 -24.367022 -1.578590 0.000000 0.000000
    48 3.563665 24.276297 -24.518890 1.370872 -0.290362 0.012589
    49 -0.163199 2.333981 0.382080 3.036085 0.153200 -1.921800
    50 1.417000 1.884756 0.307373 -0.111793 0.161679 -1.589012
    51 2.720712 2.529284 0.412601 -3.110078 -0.046555 2.851972
  time 25
    0 0.000000 -0.000006 0.000000 -1.570781 -1.391896 -1.570809
    1 -16.006265 -3.194674 1.488427 1.596635 -1.286515 2.942964
    2 6.028141 0.000005 0.000002 -3.453405 -1.022742 1.987567
    3 11.692560 0.000013 -0.000006 -0.000019 0.000036 -1.022591
    4 11.481678 0.000006 -0.000039 1.953735 -0.835362 0.846904
    5 3.859705 -0.142418 -1.191975 -0.521233 0.019144 -2.045321
    6 1.312563 -0.000013 0.000002 0.014382 0.107990 -0.764645
    7 0.725459 -0.046882 -0.000001 -0.019750 -0.002811 -0.163105
    8 3.942327 0.046753 -0.431444 -0.166665 0.035882 -1.161228
    9 1.539093 0.000008 -0.000006 -0.020136 0.017875 -1.662828
    10 1.258825 0.042964 0.000002 -0.003271 0.000329 -0.096427
    11 3.883688 -0.046781 0.431443 0.200595 0.001090 -0.220847
    12 1.719580 -0.000010 0.000009 -0.006709 0.005190 -1.838328
    13 1.209183 -0.000006 0.000003 0.010175 0.004433 -0.205746
    14 3.859854 -0.137962 1.332467 0.370474 -0.023540 -0.360033
    15 1.719431 0.000000 -0.000006 -0.056164 0.090068 -1.167666
    16 1.099672 0.000000 0.000004 -0.047070 -0.062913 -0.341923
    17 1.075585 -0.833317 1.071252 -1.379523 -0.475072 -0.331149
    18 1.789780 0.000002 -0.000006 -0.136926 -0.201414 1.650564
    19 1.207005 0.000001 -0.000004 0.028010 -0.001463 0.558794
    20 11.481707 0.000006 -0.000005 0.120769 -0.115088 0.180427
    21 -3.308594 -6.203125 -3.976563 -1.668474 1.286519 2.942954
    22 6.028142 0.000001 -0.000001 1.342055 0.908267 -0.673036
    23 11.692555 0.000031 0.000001 0.000000 0.000000 -1.332234
    24 11.481703 0.000105 0.000003 -1.003185 0.607704 0.067030
    25 3.859676 -0.132545 1.193109 0.630360 0.070276 -1.940361
    26 1.312563 0.000000 -0.000001 -0.036309 0.005144 -0.002453
    27 0.729366 0.000002 0.000000 0.000984 0.006156 -1.568944
    28 3.942295 0.050345 0.431044 0.165285 0.073602 -1.403691
    29 1.539101 -0.000002 0.000002 0.004999 -0.017614 -1.177076
    30 1.196321 -0.000004 -0.000002 -0.000579 0.000022 -0.199668
    31 3.883659 -0.050304 -0.431042 -0.011981 0.010725 -0.887437
    32 1.719584 0.000006 0.000006 -0.105498 0.032236 -1.716031
    33 1.209185 0.000002 0.000006 -0.009161 -0.004484 -0.219737
    34 3.859833 -0.148918 -1.331282 -0.296034 0.199938 -0.238935
    35 1.719429 0.000006 0.000011 -0.052948 0.056602 -1.447142
    36 1.099661 0.000002 0.000007 -0.011453 -0.002307 0.116502
    37 0.806019 -0.359832 -1.318334 0.864161 0.348455 -0.949251
    38 1.789782 -0.000008 -0.000008 -0.016601 0.223149 0.393590
    39 1.207003 -0.000002 -0.000002 0.050515 -0.350313 0.767587
    40 11.481703 0.000105 0.000003 0.099396 0.104853 -0.030151
    41 -5.354461 -13.192923 -0.583358 0.863448 0.028051 0.107221
    42 0.000000 -4.325217 2.197774 0.000000 0.000000 0.000000
    43 0.759740 0.264293 2.354383 -1.578590 0.000000 0.000000
    44 -0.023242 0.746336 -3.614333 0.000000 0.000000 0.000000
    45 0.000000 -2.479087 -0.773617 0.000000 0.000000 0.000000
    46 4.935818 26.131886 -30.068890 1.570796 0.000000 -1.570796
    47 0.246049 -5.703599 -24.367022 -1.578590 0.000000 0.000000
    48 3.563665 24.276297 -24.518890 1.370872 -0.290362 0.012589
    49 -0.163199 2.333981 0.382080 3.036085 0.153200 -1.921800
    50 1.417000 1.884756 0.307373 -0.111793 0.161679 -1.589012
    51 2.720712 2.529284 0.412601 -3.110078 -0.046555 2.851972
  time 26
    0 0.000000 -0.000006 0.000000 -1.570781 -1.391896 -1.570809
    1 -15.982827 -3.171235 1.500146 1.596635 -1.286515 2.942964
    2 6.028141 0.000005 0.000002 -3.474315 -1.035326 2.004797
    3 11.692560 0.000013 -0.000006 -0.000019 0.000036 -1.041536
    4 11.481678 0.000006 -0.000039 1.937775 -0.844596 0.895278
    5 3.859705 -0.142418 -1.191975 -0.521233 0.019144 -2.045321
    6 1.312563 -0.000013 0.000002 0.014382 0.107990 -0.764645
    7 0.725459 -0.046882 -0.000001 -0.019750 -0.002811 -0.163105
    8 3.942327 0.046753 -0.431444 -0.166665 0.035882 -1.161228
    9 1.539093 0.000008 -0.000006 -0.020136 0.017875 -1.662828
    10 1.258825 0.042964 0.000002 -0.003271 0.000329 -0.096427
    11 3.883688 -0.046781 0.431443 0.200595 0.001090 -0.220847
    12 1.719580 -0.000010 0.000009 -0.006709 0.005190 -1.838328
    13 1.209183 -0.000006 0.000003 0.010175 0.004433 -0.205746
    14 3.859854 -0.137962 1.332467 0.370474 -0.023540 -0.360033
    15 1.719431 0.000000 -0.000006 -0.056164 0.090068 -1.167666
    16 1.099672 0.000000 0.000004 -0.047070 -0.062913 -0.341923
    17 1.075585 -0.833317 1.071252 -1.379523 -0.475072 -0.331149
    18 1.789780 0.000002 -0.000006 -0.136926 -0.201414 1.650564
    19 1.207005 0.000001 -0.000004 0.028010 -0.001463 0.558794
    20 11.481707 0.000006 -0.000005 0.121321 -0.116095 0.188255
    21 -3.308594 -6.203125 -3.976563 -1.668474 1.286519 2.942954
    22 6.028142 0.000001 -0.000001 1.353170 0.908057 -0.662734
    23 11.692555 0.000031 0.000001 0.000000 0.000000 -1.319611
    24 11.481703 0.000105 0.000003 -1.029596 0.596213 0.037691
    25 3.859676 -0.132545 1.193109 0.630360 0.070276 -1.940361
    26 1.312563 0.000000 -0.000001 -0.036309 0.005144 -0.002453
    27 0.729366 0.000002 0.000000 0.000984 0.006156 -1.568944
    28 3.942295 0.050345 0.431044 0.165285 0.073602 -1.403691
    29 1.539101 -0.000002 0.000002 0.004999 -0.017614 -1.177076
    30 1.196321 -0.000004 -0.000002 -0.000579 0.000022 -0.199668
    31 3.883659 -0.050304 -0.431042 -0.011981 0.010725 -0.887437
    32 1.719584 0.000006 0.000006 -0.105498 0.032236 -1.716031
    33 1.209185 0.000002 0.000006 -0.009161 -0.004484 -0.219737
    34 3.859833 -0.148918 -1.331282 -0.296034 0.199938 -0.238935
    35 1.719429 0.000006 0.000011 -0.052948 0.056602 -1.447142
    36 1.099661 0.000002 0.000007 -0.011453 -0.002307 0.116502
    37 0.806019 -0.359832 -1.318334 0.864161 0.348455 -0.949251
    38 1.789782 -0.000008 -0.000008 -0.016601 0.223149 0.393590
    39 1.207003 -0.000002 -0.000002 0.050515 -0.350313 0.767587
    40 11.481703 0.000105 0.000003 0.096065 0.101330 -0.033651
    41 -5.373993 -13.243706 -0.649766 0.855744 0.054448 0.104370
    42 0.000000 -4.325217 2.197774 0.000000 0.000000 0.000000
    43 0.759740 0.264293 2.354383 -1.578590 0.000000 0.000000
    44 -0.023242 0.746336 -3.848715 0.000000 0.000000 0.000000
    45 0.000000 -2.479087 -0.773617 0.000000 0.000000 0.000000
    46 4.935818 26.131886 -30.068890 1.570796 0.000000 -1.570796
    47 0.246049 -5.703599 -24.367022 -1.578590 0.000000 0.000000
    48 3.563665 24.276297 -24.518890 1.370872 -0.290362 0.012589
    49 -0.163199 2.333981 0.382080 3.036085 0.153200 -1.921800
    50 1.417000 1.884756 0.307373 -0.111793 0.161679 -1.589012
    51 2.720712 2.529284 0.412601 -3.110078 -0.046555 2.851972
  time 27
    0 0.000000 -0.000006 0.000000 -1.570781 -1.391896 -1.570809
    1 -15.943763 -3.132172 1.515771 1.596635 -1.286515 2.942964
    2 6.028141 0.000005 0.000002 -3.503150 -1.054366 2.018998
    3 11.692560 0.000013 -0.000006 -0.000019 0.000036 -1.085117
    4 11.481678 0.000006 -0.000039 1.937775 -0.841826 0.954609
    5 3.859705 -0.142418 -1.191975 -0.521233 0.019144 -2.045321
    6 1.312563 -0.000013 0.000002 0.014382 0.107990 -0.764645
    7 0.725459 -0.046882 -0.000001 -0.019762 -0.002811 -0.163105
    8 3.942327 0.046753 -0.431444 -0.166665 0.035882 -1.161228
    9 1.539093 0.000008 -0.000006 -0.020136 0.017875 -1.662828
    10 1.258825 0.042964 0.000002 -0.003271 0.000329 -0.096427
    11 3.883688 -0.046781 0.431443 0.200595 0.001090 -0.220847
    12 1.719580 -0.000010 0.000009 -0.006709 0.005190 -1.838328
    13 1.209183 -0.000006 0.000003 0.010175 0.004433 -0.205746
    14 3.859854 -0.137962 1.332467 0.370474 -0.023540 -0.360033
    15 1.719431 0.000000 -0.000006 -0.056164 0.090068 -1.167666
    16 1.099672 0.000000 0.000004 -0.047070 -0.062913 -0.341923
    17 1.075585 -0.833317 1.071252 -1.379523 -0.475072 -0.331149
    18 1.789780 0.000002 -0.000006 -0.136926 -0.201414 1.650564
    19 1.207005 0.000001 -0.000004 0.028010 -0.001463 0.558794
    20 11.481707 0.000006 -0.000005 0.124477 -0.113194 0.199399
    21 -3.308594 -6.203125 -3.976563 -1.668474 1.286519 2.942954
    22 6.028142 0.000001 -0.000001 1.362647 0.903974 -0.653587
    23 11.692555 0.000031 0.000001 0.000000 0.000000 -1.312258
    24 11.481703 0.000105 0.000003 -1.055405 0.584698 0.011767
    25 3.859676 -0.132545 1.193109 0.630360 0.070276 -1.940361
    26 1.312563 0.000000 -0.000001 -0.036309 0.005144 -0.002453
    27 0.729366 0.000002 0.000000 0.000984 0.006156 -1.568944
    28 3.942295 0.050345 0.431044 0.165285 0.073602 -1.403691
    29 1.539101 -0.000002 0.000002 0.004999 -0.017614 -1.177076
    30 1.196321 -0.000004 -0.000002 -0.000579 0.000022 -0.199668
    31 3.883659 -0.050304 -0.431042 -0.011981 0.010725 -0.887437
    32 1.719584 0.000006 0.000006 -0.105498 0.032236 -1.716031
    33 1.209185 0.000002 0.000006 -0.009161 -0.004484 -0.219737
    34 3.859833 -0.148918 -1.331282 -0.296034 0.199938 -0.238935
    35 1.719429 0.000006 0.000011 -0.052948 0.056602 -1.447142
    36 1.099661 0.000002 0.000007 -0.011453 -0.002307 0.116502
    37 0.806019 -0.359832 -1.318334 0.864161 0.348455 -0.949251
    38 1.789782 -0.000008 -0.000008 -0.016601 0.223149 0.393590
    39 1.207003 -0.000002 -0.000002 0.050515 -0.350313 0.767587
    40 11.481703 0.000105 0.000003 0.092613 0.098010 -0.036599
    41 -5.397431 -13.259332 -0.743519 0.849897 0.080209 0.101442
    42 0.000000 -4.325217 2.197774 0.000000 0.000000 0.000000
    43 0.759740 0.264293 2.354383 -1.578590 0.000000 0.000000
    44 -0.023242 0.746336 -4.196382 0.000000 0.000000 0.000000
    45 0.000000 -2.479087 -0.773617 0.000000 0.000000 0.000000
    46 4.935818 26.131886 -30.068890 1.570796 0.000000 -1.570796
    47 0.246049 -5.703599 -24.367022 -1.578590 0.000000 0.000000
    48 3.563665 24.276297 -24.518890 1.370872 -0.290362 0.012589
    49 -0.163199 2.333981 0.382080 3.036085 0.153200 -1.921800
    50 1.417000 1.884756 0.307373 -0.111793 0.161679 -1.589012
    51 2.720712 2.529284 0.412601 -3.110078 -0.046555 2.851972
  time 28
    0 0.000000 -0.000006 0.000000 -1.570781 -1.391896 -1.570809
    1 -15.889074 -3.081389 1.543116 1.596635 -1.286515 2.942964
    2 6.028141 0.000005 0.000002 -3.545065 -1.079908 2.035282
    3 11.692560 0.000013 -0.000006 -0.000019 0.000036 -1.150638
    4 11.481678 0.000006 -0.000039 1.955488 -0.830398 1.021325
    5 3.859705 -0.142418 -1.191975 -0.521233 0.019144 -2.045321
    6 1.312563 -0.000013 0.000002 0.014382 0.107990 -0.764645
    7 0.725459 -0.046882 -0.000001 -0.019762 -0.002811 -0.163105
    8 3.942327 0.046753 -0.431444 -0.166665 0.035882 -1.161228
    9 1.539093 0.000008 -0.000006 -0.020136 0.017875 -1.662828
    10 1.258825 0.042964 0.000002 -0.003271 0.000329 -0.096427
    11 3.883688 -0.046781 0.431443 0.200595 0.001090 -0.220847
    12 1.719580 -0.000010 0.000009 -0.006709 0.005190 -1.838328
    13 1.209183 -0.000006 0.000003 0.010175 0.004433 -0.205746
    14 3.859854 -0.137962 1.332467 0.370474 -0.023540 -0.360033
    15 1.719431 0.000000 -0.000006 -0.056164 0.090068 -1.167666
    16 1.099672 0.000000 0.000004 -0.047070 -0.062913 -0.341923
    17 1.075585 -0.833317 1.071252 -1.379523 -0.475072 -0.331149
    18 1.789780 0.000002 -0.000006 -0.136926 -0.201414 1.650564
    19 1.207005 0.000001 -0.000004 0.028010 -0.001463 0.558794
    20 11.481707 0.000006 -0.000005 0.130395 -0.106819 0.213365
    21 -3.308594 -6.203125 -3.976563 -1.668474 1.286519 2.942954
    22 6.028142 0.000001 -0.000001 1.370136 0.893555 -0.645735
    23 11.692555 0.000031 0.000001 0.000000 0.000000 -1.315837
    24 11.481703 0.000105 0.000003 -1.080105 0.574435 -0.007607
    25 3.859676 -0.132545 1.193109 0.630360 0.070276 -1.940361
    26 1.312563 0.000000 -0.000001 -0.036309 0.005144 -0.002453
    27 0.729366 0.000002 0.000000 0.000984 0.006156 -1.568944
    28 3.942295 0.050345 0.431044 0.165285 0.073602 -1.403691
    29 1.539101 -0.000002 0.000002 0.004999 -0.017614 -1.177076
    30 1.196321 -0.000004 -0.000002 -0.000579 0.000022 -0.199668
    31 3.883659 -0.050304 -0.431042 -0.011981 0.010725 -0.887437
    32 1.719584 0.000006 0.000006 -0.105498 0.032236 -1.716031
    33 1.209185 0.000002 0.000006 -0.009161 -0.004484 -0.219737
    34 3.859833 -0.148918 -1.331282 -0.296034 0.199938 -0.238935
    35 1.719429 0.000006 0.000011 -0.052948 0.056602 -1.447142
    36 1.099661 0.000002 0.000007 -0.011453 -0.002307 0.116502
    37 0.806019 -0.359832 -1.318334 0.864161 0.348455 -0.949251
    38 1.789782 -0.000008 -0.000008 -0.016601 0.223149 0.393590
    39 1.207003 -0.000002 -0.000002 0.050515 -0.350313 0.767587
    40 11.481703 0.000105 0.000003 0.089006 0.095242 -0.038480
    41 -5.420870 -13.200736 -0.864617 0.845534 0.104118 0.098591
    42 0.000000 -4.325217 2.197774 0.000000 0.000000 0.000000
    43 0.759740 0.264293 2.354383 -1.578590 0.000000 0.000000
    44 -0.023242 0.746336 -4.618270 0.000000 0.000000 0.000000
    45 0.000000 -2.479087 -0.773617 0.000000 0.000000 0.000000
    46 4.935818 26.131886 -30.068890 1.570796 0.000000 -1.570796
    47 0.246049 -5.703599 -24.367022 -1.578590 0.000000 0.000000
    48 3.563665 24.276297 -24.518890 1.370872 -0.290362 0.012589
    49 -0.163199 2.333981 0.382080 3.036085 0.153200 -1.921800
    50 1.417000 1.884756 0.307373 -0.111793 0.161679 -1.589012
    51 2.720712 2.529284 0.412601 -3.110078 -0.046555 2.851972
  time 29
    0 0.000000 -0.000006 0.000000 -1.570781 -1.391896 -1.570809
    1 -15.822666 -3.011074 1.574367 1.596635 -1.286515 2.942964
    2 6.028141 0.000005 0.000002 -3.608750 -1.111953 2.063400
    3 11.692560 0.000013 -0.000006 -0.000031 0.000036 -1.230760
    4 11.481678 0.000006 -0.000039 1.990914 -0.816085 1.089828
    5 3.859705 -0.142418 -1.191975 -0.521233 0.019144 -2.045321
    6 1.312563 -0.000013 0.000002 0.014382 0.107990 -0.764645
    7 0.725459 -0.046882 -0.000001 -0.019750 -0.002811 -0.163105
    8 3.942327 0.046753 -0.431444 -0.166665 0.035882 -1.161228
    9 1.539093 0.000008 -0.000006 -0.020136 0.017875 -1.662828
    10 1.258825 0.042964 0.000002 -0.003271 0.000329 -0.096427
    11 3.883688 -0.046781 0.431443 0.200595 0.001090 -0.220847
    12 1.719580 -0.000010 0.000009 -0.006709 0.005190 -1.838328
    13 1.209183 -0.000006 0.000003 0.010175 0.004433 -0.205746
    14 3.859854 -0.137962 1.332467 0.370474 -0.023540 -0.360033
    15 1.719431 0.000000 -0.000006 -0.056164 0.090068 -1.167666
    16 1.099672 0.000000 0.000004 -0.047070 -0.062913 -0.341923
    17 1.075585 -0.833317 1.071252 -1.379523 -0.475072 -0.331149
    18 1.789780 0.000002 -0.000006 -0.136926 -0.201414 1.650564
    19 1.207005 0.000001 -0.000004 0.028010 -0.001463 0.558794
    20 11.481707 0.000006 -0.000005 0.139059 -0.098058 0.229066
    21 -3.308594 -6.203125 -3.976563 -1.668474 1.286519 2.942954
    22 6.028142 0.000001 -0.000001 1.375167 0.875810 -0.639512
    23 11.692555 0.000031 0.000001 0.000000 0.000000 -1.332754
    24 11.481703 0.000105 0.000003 -1.103093 0.566630 -0.019080
    25 3.859676 -0.132545 1.193109 0.630360 0.070276 -1.940361
    26 1.312563 0.000000 -0.000001 -0.036309 0.005144 -0.002453
    27 0.729366 0.000002 0.000000 0.000984 0.006156 -1.568944
    28 3.942295 0.050345 0.431044 0.165285 0.073602 -1.403691
    29 1.539101 -0.000002 0.000002 0.004999 -0.017614 -1.177076
    30 1.196321 -0.000004 -0.000002 -0.000579 0.000022 -0.199668
    31 3.883659 -0.050304 -0.431042 -0.011981 0.010725 -0.887437
    32 1.719584 0.000006 0.000006 -0.105498 0.032236 -1.716072
    33 1.209185 0.000002 0.000006 -0.009161 -0.004484 -0.219737
    34 3.859833 -0.148918 -1.331282 -0.296034 0.199938 -0.238935
    35 1.719429 0.000006 0.000011 -0.052948 0.056602 -1.447142
    36 1.099661 0.000002 0.000007 -0.011453 -0.002307 0.116502
    37 0.806019 -0.359832 -1.318334 0.864161 0.348455 -0.949251
    38 1.789782 -0.000008 -0.000008 -0.016601 0.223149 0.393590
    39 1.207003 -0.000002 -0.000002 0.050515 -0.350313 0.767587
    40 11.481703 0.000105 0.000003 0.085291 0.093264 -0.039080
    41 -5.448214 -13.052294 -1.005246 0.842347 0.124901 0.095664
    42 0.000000 -4.325217 2.197774 0.000000 0.000000 0.000000
    43 0.759740 0.264293 2.354383 -1.578590 0.000000 0.000000
    44 -0.023242 0.746336 -5.079221 0.000000 0.000000 0.000000
    45 0.000000 -2.479087 -0.773617 0.000000 0.000000 0.000000
    46 4.935818 26.131886 -30.068890 1.570796 0.000000 -1.570796
    47 0.246049 -5.703599 -24.367022 -1.578590 0.000000 0.000000
    48 3.563665 24.276297 -24.518890 1.370872 -0.290362 0.012589
    49 -0.163199 2.333981 0.382080 3.036085 0.153200 -1.921800
    50 1.417000 1.884756 0.307373 -0.111793 0.161679 -1.589012
    51 2.720712 2.529284 0.412601 -3.110078 -0.046555 2.851972
  time 30
    0 0.000000 -0.000006 0.000000 -1.570781 -1.391896 -1.570809
    1 -15.736725 -2.929040 1.613430 1.596635 -1.286515 2.942964
    2 6.028141 0.000005 0.000002 -3.706331 -1.150220 2.117647
    3 11.692560 0.000013 -0.000006 -0.000031 0.000036 -1.313654
    4 11.481678 0.000006 -0.000039 2.043591 -0.806620 1.149970
    5 3.859705 -0.142418 -1.191975 -0.521233 0.019144 -2.045321
    6 1.312563 -0.000013 0.000002 0.014382 0.107990 -0.764645
    7 0.725459 -0.046882 -0.000001 -0.019750 -0.002811 -0.163105
    8 3.942327 0.046753 -0.431444 -0.166665 0.035882 -1.161228
    9 1.539093 0.000008 -0.000006 -0.020136 0.017875 -1.662828
    10 1.258825 0.042964 0.000002 -0.003271 0.000329 -0.096427
    11 3.883688 -0.046781 0.431443 0.200595 0.001090 -0.220847
    12 1.719580 -0.000010 0.000009 -0.006709 0.005190 -1.838328
    13 1.209183 -0.000006 0.000003 0.010175 0.004433 -0.205746
    14 3.859854 -0.137962 1.332467 0.370474 -0.023540 -0.360033
    15 1.719431 0.000000 -0.000006 -0.056164 0.090068 -1.167666
    16 1.099672 0.000000 0.000004 -0.047070 -0.062913 -0.341923
    17 1.075585 -0.833317 1.071252 -1.379523 -0.475072 -0.331149
    18 1.789780 0.000002 -0.000006 -0.136926 -0.201414 1.650564
    19 1.207005 0.000001 -0.000004 0.027998 -0.001463 0.558794
    20 11.481707 0.000006 -0.000005 0.150437 -0.088638 0.244411
    21 -3.308594 -6.203125 -3.976563 -1.668474 1.286519 2.942954
    22 6.028142 0.000001 -0.000001 1.377273 0.853382 -0.635461
    23 11.692555 0.000031 0.000001 0.000000 0.000000 -1.358326
    24 11.481703 0.000105 0.000003 -1.123352 0.562125 -0.024480
    25 3.859676 -0.132545 1.193109 0.630360 0.070276 -1.940361
    26 1.312563 0.000000 -0.000001 -0.036309 0.005144 -0.002453
    27 0.729366 0.000002 0.000000 0.000984 0.006156 -1.568944
    28 3.942295 0.050345 0.431044 0.165285 0.073602 -1.403691
    29 1.539101 -0.000002 0.000002 0.004999 -0.017614 -1.177076
    30 1.196321 -0.000004 -0.000002 -0.000579 0.000022 -0.199668
    31 3.883659 -0.050304 -0.431042 -0.011981 0.010725 -0.887437
    32 1.719584 0.000006 0.000006 -0.105498 0.032236 -1.716031
    33 1.209185 0.000002 0.000006 -0.009161 -0.004484 -0.219737
    34 3.859833 -0.148918 -1.331282 -0.296034 0.199938 -0.238935
    35 1.719429 0.000006 0.000011 -0.052948 0.056602 -1.447142
    36 1.099661 0.000002 0.000007 -0.011453 -0.002307 0.116502
    37 0.806019 -0.359832 -1.318334 0.864161 0.348455 -0.949251
    38 1.789782 -0.000008 -0.000008 -0.016601 0.223149 0.393590
    39 1.207003 -0.000002 -0.000002 0.050515 -0.350313 0.767587
    40 11.481703 0.000105 0.000003 0.081767 0.092174 -0.038804
    41 -5.475559 -12.837444 -1.153688 0.839996 0.141307 0.092659
    42 0.000000 -4.325217 2.197774 0.000000 0.000000 0.000000
    43 0.759740 0.264293 2.354383 -1.578590 0.000000 0.000000
    44 -0.023242 0.746336 -5.536267 0.000000 0.000000 0.000000
    45 0.000000 -2.479087 -0.773617 0.000000 0.000000 0.000000
    46 4.935818 26.131886 -30.068890 1.570796 0.000000 -1.570796
    47 0.246049 -5.703599 -24.367022 -1.578590 0.000000 0.000000
    48 3.563665 24.276297 -24.518890 1.370872 -0.290362 0.012589
    49 -0.163199 2.333981 0.382080 3.036085 0.153200 -1.921800
    50 1.417000 1.884756 0.307373 -0.111793 0.161679 -1.589012
    51 2.720712 2.529284 0.412601 -3.110078 -0.046555 2.851972
  time 31
    0 0.000000 -0.000006 0.000000 -1.570781 -1.391896 -1.570809
    1 -15.635160 -2.831381 1.660307 1.596635 -1.286515 2.942964
    2 6.028141 0.000005 0.000002 -3.851174 -1.193680 2.211942
    3 11.692560 0.000013 -0.000006 -0.000031 0.000036 -1.391754
    4 11.481678 0.000006 -0.000039 2.115180 -0.808390 1.190633
    5 3.859705 -0.142418 -1.191975 -0.521233 0.019144 -2.045321
    6 1.312563 -0.000013 0.000002 0.014382 0.107990 -0.764645
    7 0.725459 -0.046882 -0.000001 -0.019750 -0.002811 -0.163105
    8 3.942327 0.046753 -0.431444 -0.166665 0.035882 -1.161228
    9 1.539093 0.000008 -0.000006 -0.020136 0.017875 -1.662828
    10 1.258825 0.042964 0.000002 -0.003271 0.000329 -0.096427
    11 3.883688 -0.046781 0.431443 0.200595 0.001090 -0.220847
    12 1.719580 -0.000010 0.000009 -0.006709 0.005190 -1.838328
    13 1.209183 -0.000006 0.000003 0.010175 0.004433 -0.205746
    14 3.859854 -0.137962 1.332467 0.370474 -0.023540 -0.360033
    15 1.719431 0.000000 -0.000006 -0.056164 0.090068 -1.167666
    16 1.099672 0.000000 0.000004 -0.047070 -0.062913 -0.341923
    17 1.075585 -0.833317 1.071252 -1.379523 -0.475072 -0.331149
    18 1.789780 0.000002 -0.000006 -0.136926 -0.201414 1.650564
    19 1.207005 0.000001 -0.000004 0.027998 -0.001463 0.558794
    20 11.481707 0.000006 -0.000005 0.164876 -0.080105 0.257446
    21 -3.308594 -6.203125 -3.976563 -1.668474 1.286519 2.942954
    22 6.028142 0.000001 -0.000001 1.376103 0.829272 -0.634110
    23 11.692555 0.000031 0.000001 0.000000 0.000000 -1.387345
    24 11.481703 0.000105 0.000003 -1.139865 0.561860 -0.025949
    25 3.859676 -0.132545 1.193109 0.630360 0.070276 -1.940361
    26 1.312563 0.000000 -0.000001 -0.036309 0.005144 -0.002453
    27 0.729366 0.000002 0.000000 0.000984 0.006156 -1.568944
    28 3.942295 0.050345 0.431044 0.165285 0.073602 -1.403691
    29 1.539101 -0.000002 0.000002 0.004999 -0.017614 -1.177076
    30 1.196321 -0.000004 -0.000002 -0.000579 0.000022 -0.199668
    31 3.883659 -0.050304 -0.431042 -0.011981 0.010725 -0.887437
    32 1.719584 0.000006 0.000006 -0.105498 0.032236 -1.716031
    33 1.209185 0.000002 0.000006 -0.009161 -0.004484 -0.219737
    34 3.859833 -0.148918 -1.331282 -0.296034 0.199938 -0.238935
    35 1.719429 0.000006 0.000011 -0.052948 0.056602 -1.447142
    36 1.099661 0.000002 0.000007 -0.011453 -0.002307 0.116502
    37 0.806019 -0.359832 -1.318334 0.864161 0.348455 -0.949251
    38 1.789782 -0.000008 -0.000008 -0.016601 0.223149 0.393590
    39 1.207003 -0.000002 -0.000002 0.050515 -0.350313 0.767587
    40 11.481703 0.000105 0.000003 0.078723 0.092042 -0.038145
    41 -5.502903 -12.591343 -1.309943 0.838171 0.152098 0.089576
    42 0.000000 -4.325217 2.197774 0.000000 0.000000 0.000000
    43 0.759740 0.264293 2.354383 -1.578590 0.000000 0.000000
    44 -0.023242 0.746336 -5.958154 0.000000 0.000000 0.000000
    45 0.000000 -2.479087 -0.773617 0.000000 0.000000 0.000000
    46 4.935818 26.131886 -30.068890 1.570796 0.000000 -1.570796
    47 0.246049 -5.703599 -24.367022 -1.578590 0.000000 0.000000
    48 3.563665 24.276297 -24.518890 1.370872 -0.290362 0.012589
    49 -0.163199 2.333981 0.382080 3.036085 0.153200 -1.921800
    50 1.417000 1.884756 0.307373 -0.111793 0.161679 -1.589012
    51 2.720712 2.529284 0.412601 -3.110078 -0.046555 2.851972
  time 32
    0 0.000000 -0.000006 0.000000 -1.570781 -1.391896 -1.570809
    1 -15.517969 -2.718096 1.711090 1.596635 -1.286515 2.942964
    2 6.028141 0.000005 0.000002 -4.060848 -1.238777 2.364271
    3 11.692560 0.000013 -0.000006 -0.000043 0.000036 -1.460944
    4 11.481678 0.000006 -0.000039 2.210478 -0.823626 1.199723
    5 3.859705 -0.142418 -1.191975 -0.521233 0.019144 -2.045321
    6 1.312563 -0.000013 0.000002 0.014382 0.107990 -0.764645
    7 0.725459 -0.046882 -0.000001 -0.019750 -0.002811 -0.163105
    8 3.942327 0.046753 -0.431444 -0.166665 0.035882 -1.161228
    9 1.539093 0.000008 -0.000006 -0.020136 0.017875 -1.662828
    10 1.258825 0.042964 0.000002 -0.003271 0.000329 -0.096427
    11 3.883688 -0.046781 0.431443 0.200595 0.001090 -0.220847
    12 1.719580 -0.000010 0.000009 -0.006709 0.005190 -1.838328
    13 1.209183 -0.000006 0.000003 0.010175 0.004433 -0.205746
    14 3.859854 -0.137962 1.332467 0.370474 -0.023540 -0.360033
    15 1.719431 0.000000 -0.000006 -0.056164 0.090068 -1.167666
    16 1.099672 0.000000 0.000004 -0.047070 -0.062913 -0.341923
    17 1.075585 -0.833317 1.071252 -1.379523 -0.475072 -0.331149
    18 1.789780 0.000002 -0.000006 -0.136926 -0.201414 1.650564
    19 1.207005 0.000001 -0.000004 0.028010 -0.001463 0.558794
    20 11.481707 0.000006 -0.000005 0.182882 -0.073370 0.266374
    21 -3.308594 -6.203125 -3.976563 -1.668474 1.286519 2.942954
    22 6.028142 0.000001 -0.000001 1.371481 0.806002 -0.635739
    23 11.692555 0.000031 0.000001 0.000000 0.000000 -1.415584
    24 11.481703 0.000105 0.000003 -1.151659 0.566678 -0.025075
    25 3.859676 -0.132545 1.193109 0.630360 0.070276 -1.940361
    26 1.312563 0.000000 -0.000001 -0.036309 0.005144 -0.002453
    27 0.729366 0.000002 0.000000 0.000984 0.006156 -1.568944
    28 3.942295 0.050345 0.431044 0.165285 0.073602 -1.403691
    29 1.539101 -0.000002 0.000002 0.004999 -0.017614 -1.177076
    30 1.196321 -0.000004 -0.000002 -0.000579 0.000022 -0.199668
    31 3.883659 -0.050304 -0.431042 -0.011981 0.010725 -0.887437
    32 1.719584 0.000006 0.000006 -0.105498 0.032236 -1.716031
    33 1.209185 0.000002 0.000006 -0.009161 -0.004484 -0.219737
    34 3.859833 -0.148918 -1.331282 -0.296034 0.199938 -0.238935
    35 1.719429 0.000006 0.000011 -0.052948 0.056602 -1.447142
    36 1.099661 0.000002 0.000007 -0.011453 -0.002307 0.116502
    37 0.806019 -0.359832 -1.318334 0.864161 0.348455 -0.949251
    38 1.789782 -0.000008 -0.000008 -0.016601 0.223149 0.393590
    39 1.207003 -0.000002 -0.000002 0.050515 -0.350313 0.767587
    40 11.481703 0.000105 0.000003 0.076386 0.093012 -0.037462
    41 -5.538061 -12.345241 -1.458385 0.836624 0.155986 0.086417
    42 0.000000 -4.325217 2.197774 0.000000 0.000000 0.000000
    43 0.759740 0.264293 2.354383 -1.578590 0.000000 0.000000
    44 -0.023242 0.746336 -6.305821 0.000000 0.000000 0.000000
    45 0.000000 -2.479087 -0.773617 0.000000 0.000000 0.000000
    46 4.935818 26.131886 -30.068890 1.570796 0.000000 -1.570796
    47 0.246049 -5.703599 -24.367022 -1.578590 0.000000 0.000000
    48 3.563665 24.276297 -24.518890 1.370872 -0.290362 0.012589
    49 -0.163199 2.333981 0.382080 3.036085 0.153200 -1.921800
    50 1.417000 1.884756 0.307373 -0.111793 0.161679 -1.589012
    51 2.720712 2.529284 0.412601 -3.110078 -0.046555 2.851972
  time 33
    0 0.000000 -0.000006 0.000000 -1.570781 -1.391896 -1.570809
    1 -15.385152 -2.589186 1.773592 1.596635 -1.286515 2.942964
    2 6.028141 0.000005 0.000002 -4.355786 -1.276998 -3.687417
    3 11.692560 0.000013 -0.000006 -0.000043 0.000036 -1.519277
    4 11.481678 0.000006 -0.000039 2.334099 -0.849675 1.167177
    5 3.859705 -0.142418 -1.191975 -0.521233 0.019144 -2.045321
    6 1.312563 -0.000013 0.000002 0.014382 0.107990 -0.764645
    7 0.725459 -0.046882 -0.000001 -0.019750 -0.002811 -0.163105
    8 3.942327 0.046753 -0.431444 -0.166665 0.035882 -1.161228
    9 1.539093 0.000008 -0.000006 -0.020136 0.017875 -1.662828
    10 1.258825 0.042964 0.000002 -0.003271 0.000329 -0.096427
    11 3.883688 -0.046781 0.431443 0.200595 0.001090 -0.220847
    12 1.719580 -0.000010 0.000009 -0.006709 0.005190 -1.838328
    13 1.209183 -0.000006 0.000003 0.010175 0.004433 -0.205746
    14 3.859854 -0.137962 1.332467 0.370474 -0.023540 -0.360033
    15 1.719431 0.000000 -0.000006 -0.056164 0.090068 -1.167666
    16 1.099672 0.000000 0.000004 -0.047070 -0.062913 -0.341923
    17 1.075585 -0.833317 1.071252 -1.379523 -0.475072 -0.331149
    18 1.789780 0.000002 -0.000006 -0.136926 -0.201414 1.650564
    19 1.207005 0.000001 -0.000004 0.027998 -0.001463 0.558794
    20 11.481707 0.000006 -0.000005 0.204391 -0.068816 0.270017
    21 -3.308594 -6.203125 -3.976563 -1.668474 1.286519 2.942954
    22 6.028142 0.000001 -0.000001 1.364285 0.785976 -0.639721
    23 11.692555 0.000031 0.000001 0.000000 0.000000 -1.439138
    24 11.481703 0.000105 0.000003 -1.158690 0.575808 -0.023646
    25 3.859676 -0.132545 1.193109 0.630360 0.070276 -1.940361
    26 1.312563 0.000000 -0.000001 -0.036309 0.005144 -0.002453
    27 0.729366 0.000002 0.000000 0.000984 0.006156 -1.568944
    28 3.942295 0.050345 0.431044 0.165285 0.073602 -1.403691
    29 1.539101 -0.000002 0.000002 0.004999 -0.017614 -1.177076
    30 1.196321 -0.000004 -0.000002 -0.000579 0.000022 -0.199668
    31 3.883659 -0.050304 -0.431042 -0.011981 0.010725 -0.887437
    32 1.719584 0.000006 0.000006 -0.105498 0.032236 -1.716031
    33 1.209185 0.000002 0.000006 -0.009161 -0.004484 -0.219737
    34 3.859833 -0.148918 -1.331282 -0.296034 0.199938 -0.238935
    35 1.719429 0.000006 0.000011 -0.052948 0.056602 -1.447142
    36 1.099661 0.000002 0.000007 -0.011453 -0.002307 0.116502
    37 0.806019 -0.359832 -1.318334 0.864161 0.348455 -0.949251
    38 1.789782 -0.000008 -0.000008 -0.016601 0.223149 0.393590
    39 1.207003 -0.000002 -0.000002 0.050515 -0.350313 0.767587
    40 11.481703 0.000105 0.000003 0.074840 0.094846 -0.037078
    41 -5.569312 -12.130391 -1.599014 0.835169 0.153661 0.083104
    42 0.000000 -4.325217 2.197774 0.000000 0.000000 0.000000
    43 0.759740 0.264293 2.354383 -1.578590 0.000000 0.000000
    44 -0.023242 0.746336 -6.540203 0.000000 0.000000 0.000000
    45 0.000000 -2.479087 -0.773617 0.000000 0.000000 0.000000
    46 4.935818 26.131886 -30.068890 1.570796 0.000000 -1.570796
    47 0.246049 -5.703599 -24.367022 -1.578590 0.000000 0.000000
    48 3.563665 24.276297 -24.518890 1.370872 -0.290362 0.012589
    49 -0.163199 2.333981 0.382080 3.036085 0.153200 -1.921800
    50 1.417000 1.884756 0.307373 -0.111793 0.161679 -1.589012
    51 2.720712 2.529284 0.412601 -3.110078 -0.046555 2.851972
  time 34
    0 0.000000 -0.000006 0.000000 -1.570781 -1.391896 -1.570809
    1 -15.240617 -2.444651 1.840000 1.596635 -1.286515 2.942964
    2 6.028141 0.000005 0.000002 1.548982 -1.294073 -3.377363
    3 11.692560 0.000013 -0.000006 -0.000043 0.000036 -1.563906
    4 11.481678 0.000006 -0.000039 2.486318 -0.879956 1.087393
    5 3.859705 -0.142418 -1.191975 -0.521233 0.019144 -2.045321
    6 1.312563 -0.000013 0.000002 0.014382 0.107990 -0.764645
    7 0.725459 -0.046882 -0.000001 -0.019750 -0.002811 -0.163105
    8 3.942327 0.046753 -0.431444 -0.166665 0.035882 -1.161228
    9 1.539093 0.000008 -0.000006 -0.020136 0.017875 -1.662828
    10 1.258825 0.042964 0.000002 -0.003271 0.000329 -0.096427
    11 3.883688 -0.046781 0.431443 0.200595 0.001090 -0.220847
    12 1.719580 -0.000010 0.000009 -0.006709 0.005190 -1.838328
    13 1.209183 -0.000006 0.000003 0.010175 0.004433 -0.205746
    14 3.859854 -0.137962 1.332467 0.370474 -0.023540 -0.360033
    15 1.719431 0.000000 -0.000006 -0.056164 0.090068 -1.167666
    16 1.099672 0.000000 0.000004 -0.047070 -0.062913 -0.341923
    17 1.075585 -0.833317 1.071252 -1.379523 -0.475072 -0.331149
    18 1.789780 0.000002 -0.000006 -0.136926 -0.201414 1.650564
    19 1.207005 0.000001 -0.000004 0.028010 -0.001463 0.558794
    20 11.481707 0.000006 -0.000005 0.228283 -0.066766 0.267754
    21 -3.308594 -6.203125 -3.976563 -1.668474 1.286519 2.942954
    22 6.028142 0.000001 -0.000001 1.356914 0.771053 -0.644301
    23 11.692555 0.000031 0.000001 0.000000 0.000000 -1.454754
    24 11.481703 0.000105 0.000003 -1.162483 0.586143 -0.023447
    25 3.859676 -0.132545 1.193109 0.630360 0.070276 -1.940361
    26 1.312563 0.000000 -0.000001 -0.036309 0.005144 -0.002453
    27 0.729366 0.000002 0.000000 0.000984 0.006156 -1.568944
    28 3.942295 0.050345 0.431044 0.165285 0.073602 -1.403691
    29 1.539101 -0.000002 0.000002 0.004999 -0.017614 -1.177076
    30 1.196321 -0.000004 -0.000002 -0.000579 0.000022 -0.199668
    31 3.883659 -0.050304 -0.431042 -0.011981 0.010725 -0.887437
    32 1.719584 0.000006 0.000006 -0.105498 0.032236 -1.716072
    33 1.209185 0.000002 0.000006 -0.009161 -0.004484 -0.219737
    34 3.859833 -0.148918 -1.331282 -0.296034 0.199938 -0.238935
    35 1.719429 0.000006 0.000011 -0.052948 0.056602 -1.447142
    36 1.099661 0.000002 0.000007 -0.011453 -0.002307 0.116502
    37 0.806019 -0.359832 -1.318334 0.864161 0.348455 -0.949251
    38 1.789782 -0.000008 -0.000008 -0.016601 0.223149 0.393590
    39 1.207003 -0.000002 -0.000002 0.050515 -0.350313 0.767587
    40 11.481703 0.000105 0.000003 0.073929 0.096895 -0.037150
    41 -5.604469 -11.981949 -1.720112 0.833994 0.148483 0.079791
    42 0.000000 -4.325217 2.197774 0.000000 0.000000 0.000000
    43 0.759740 0.264293 2.354383 -1.578590 0.000000 0.000000
    44 -0.023242 0.746336 -6.630050 0.000000 0.000000 0.000000
    45 0.000000 -2.479087 -0.773617 0.000000 0.000000 0.000000
    46 4.935818 26.131886 -30.068890 1.570796 0.000000 -1.570796
    47 0.246049 -5.703599 -24.367022 -1.578590 0.000000 0.000000
    48 3.563665 24.276297 -24.518890 1.370872 -0.290362 0.012589
    49 -0.163199 2.333981 0.382080 3.036085 0.153200 -1.921800
    50 1.417000 1.884756 0.307373 -0.111793 0.161679 -1.589012
    51 2.720712 2.529284 0.412601 -3.110078 -0.046555 2.851972
  time 35
    0 0.000000 -0.000006 0.000000 -1.570781 -1.391896 -1.570809
    1 -15.076549 -2.288396 1.914221 1.596635 -1.286515 2.942964
    2 6.028141 0.000005 0.000002 1.147680 -1.282424 -3.046007
    3 11.692560 0.000013 -0.000006 -0.000043 0.000036 -1.602469
    4 11.481678 0.000006 -0.000039 2.661785 -0.903581 0.970111
    5 3.859705 -0.142418 -1.191975 -0.521233 0.019144 -2.045321
    6 1.312563 -0.000013 0.000002 0.014382 0.107990 -0.764645
    7 0.725459 -0.046882 -0.000001 -0.019750 -0.002811 -0.163105
    8 3.942327 0.046753 -0.431444 -0.166665 0.035882 -1.161228
    9 1.539093 0.000008 -0.000006 -0.020136 0.017875 -1.662828
    10 1.258825 0.042964 0.000002 -0.003271 0.000329 -0.096427
    11 3.883688 -0.046781 0.431443 0.200595 0.001090 -0.220847
    12 1.719580 -0.000010 0.000009 -0.006709 0.005190 -1.838328
    13 1.209183 -0.000006 0.000003 0.010175 0.004433 -0.205746
    14 3.859854 -0.137962 1.332467 0.370474 -0.023540 -0.360033
    15 1.719431 0.000000 -0.000006 -0.056164 0.090068 -1.167666
    16 1.099672 0.000000 0.000004 -0.047070 -0.062913 -0.341923
    17 1.075585 -0.833317 1.071252 -1.379523 -0.475072 -0.331149
    18 1.789780 0.000002 -0.000006 -0.136926 -0.201414 1.650564
    19 1.207005 0.000001 -0.000004 0.027998 -0.001463 0.558794
    20 11.481707 0.000006 -0.000005 0.253264 -0.066167 0.261058
    21 -3.308594 -6.203125 -3.976563 -1.668474 1.286519 2.942954
    22 6.028142 0.000001 -0.000001 1.351298 0.763277 -0.648102
    23 11.692555 0.000031 0.000001 0.000000 0.000000 -1.459374
    24 11.481703 0.000105 0.000003 -1.164055 0.594912 -0.026107
    25 3.859676 -0.132545 1.193109 0.630360 0.070276 -1.940361
    26 1.312563 0.000000 -0.000001 -0.036309 0.005144 -0.002453
    27 0.729366 0.000002 0.000000 0.000984 0.006156 -1.568944
    28 3.942295 0.050345 0.431044 0.165285 0.073602 -1.403691
    29 1.539101 -0.000002 0.000002 0.004999 -0.017614 -1.177076
    30 1.196321 -0.000004 -0.000002 -0.000579 0.000022 -0.199668
    31 3.883659 -0.050304 -0.431042 -0.011981 0.010725 -0.887437
    32 1.719584 0.000006 0.000006 -0.105498 0.032236 -1.716072
    33 1.209185 0.000002 0.000006 -0.009161 -0.004484 -0.219737
    34 3.859833 -0.148918 -1.331282 -0.296034 0.199938 -0.238935
    35 1.719429 0.000006 0.000011 -0.052948 0.056602 -1.447142
    36 1.099661 0.000002 0.000007 -0.011453 -0.002307 0.116502
    37 0.806019 -0.359832 -1.318334 0.864161 0.348455 -0.949251
    38 1.789782 -0.000008 -0.000008 -0.016601 0.223149 0.393590
    39 1.207003 -0.000002 -0.000002 0.050515 -0.350313 0.767587
    40 11.481703 0.000105 0.000003 0.073594 0.098561 -0.037857
    41 -5.643533 -11.923353 -1.817771 0.833065 0.143305 0.076401
    42 0.000000 -4.325217 2.197774 0.000000 0.000000 0.000000
    43 0.759740 0.264293 2.354383 -1.578590 0.000000 0.000000
    44 -0.023242 0.746336 -6.630050 0.000000 0.000000 0.000000
    45 0.000000 -2.479087 -0.773617 0.000000 0.000000 0.000000
    46 4.935818 26.131886 -30.068890 1.570796 0.000000 -1.570796
    47 0.246049 -5.703599 -24.367022 -1.578590 0.000000 0.000000
    48 3.563665 24.276297 -24.518890 1.370872 -0.290362 0.012589
    49 -0.163199 2.333981 0.382080 3.036085 0.153200 -1.921800
    50 1.417000 1.884756 0.307373 -0.111793 0.161679 -1.589012
    51 2.720712 2.529284 0.412601 -3.110078 -0.046555 2.851972
  time 36
    0 0.000000 -0.000006 0.000000 -1.570781 -1.391896 -1.570809
    1 -14.904669 -2.120422 1.988442 1.596635 -1.286515 2.942964
    2 6.028141 0.000005 0.000002 0.794595 -1.244859 -2.759432
    3 11.692560 0.000013 -0.000006 -0.000043 0.000036 -1.644852
    4 11.481678 0.000006 -0.000039 2.846109 -0.914277 0.836272
    5 3.859705 -0.142418 -1.191975 -0.521233 0.019144 -2.045321
    6 1.312563 -0.000013 0.000002 0.014382 0.107990 -0.764645
    7 0.725459 -0.046882 -0.000001 -0.019762 -0.002811 -0.163105
    8 3.942327 0.046753 -0.431444 -0.166665 0.035882 -1.161228
    9 1.539093 0.000008 -0.000006 -0.020136 0.017875 -1.662828
    10 1.258825 0.042964 0.000002 -0.003271 0.000329 -0.096427
    11 3.883688 -0.046781 0.431443 0.200595 0.001090 -0.220847
    12 1.719580 -0.000010 0.000009 -0.006709 0.005190 -1.838328
    13 1.209183 -0.000006 0.000003 0.010175 0.004433 -0.205746
    14 3.859854 -0.137962 1.332467 0.370474 -0.023540 -0.360033
    15 1.719431 0.000000 -0.000006 -0.056164 0.090068 -1.167666
    16 1.099672 0.000000 0.000004 -0.047070 -0.062913 -0.341923
    17 1.075585 -0.833317 1.071252 -1.379523 -0.475072 -0.331149
    18 1.789780 0.000002 -0.000006 -0.136926 -0.201414 1.650564
    19 1.207005 0.000001 -0.000004 0.027998 -0.001463 0.558794
    20 11.481707 0.000006 -0.000005 0.277929 -0.066083 0.252223
    21 -3.308594 -6.203125 -3.976563 -1.668474 1.286519 2.942954
    22 6.028142 0.000001 -0.000001 1.349163 0.759974 -0.649508
    23 11.692555 0.000031 0.000001 0.000000 0.000000 -1.458073
    24 11.481703 0.000105 0.000003 -1.165258 0.599971 -0.029720
    25 3.859676 -0.132545 1.193109 0.630360 0.070276 -1.940361
    26 1.312563 0.000000 -0.000001 -0.036309 0.005144 -0.002453
    27 0.729366 0.000002 0.000000 0.000984 0.006156 -1.568944
    28 3.942295 0.050345 0.431044 0.165285 0.073602 -1.403691
    29 1.539101 -0.000002 0.000002 0.004999 -0.017614 -1.177076
    30 1.196321 -0.000004 -0.000002 -0.000579 0.000022 -0.199668
    31 3.883659 -0.050304 -0.431042 -0.011981 0.010725 -0.887437
    32 1.719584 0.000006 0.000006 -0.105498 0.032236 -1.716031
    33 1.209185 0.000002 0.000006 -0.009161 -0.004484 -0.219737
    34 3.859833 -0.148918 -1.331282 -0.296034 0.199938 -0.238935
    35 1.719429 0.000006 0.000011 -0.052948 0.056602 -1.447142
    36 1.099661 0.000002 0.000007 -0.011453 -0.002307 0.116502
    37 0.806019 -0.359832 -1.318334 0.864161 0.348455 -0.949251
    38 1.789782 -0.000008 -0.000008 -0.016601 0.223149 0.393590
    39 1.207003 -0.000002 -0.000002 0.050515 -0.350313 0.767587
    40 11.481703 0.000105 0.000003 0.073426 0.099460 -0.038636
    41 -5.686503 -11.923353 -1.880273 0.832447 0.140961 0.073088
    42 0.000000 -4.325217 2.197774 0.000000 0.000000 0.000000
    43 0.759740 0.264293 2.354383 -1.578590 0.000000 0.000000
    44 -0.023242 0.746336 -6.630050 0.000000 0.000000 0.000000
    45 0.000000 -2.479087 -0.773617 0.000000 0.000000 0.000000
    46 4.935818 26.131886 -30.068890 1.570796 0.000000 -1.570796
    47 0.246049 -5.703599 -24.367022 -1.578590 0.000000 0.000000
    48 3.563665 24.276297 -24.518890 1.370872 -0.290362 0.012589
    49 -0.163199 2.333981 0.382080 3.036085 0.153200 -1.921800
    50 1.417000 1.884756 0.307373 -0.111793 0.161679 -1.589012
    51 2.720712 2.529284 0.412601 -3.110078 -0.046555 2.851972
  time 37
    0 0.000000 -0.000006 0.000000 -1.570781 -1.391896 -1.570809
    1 -14.717163 -1.936823 2.074382 1.596635 -1.286515 2.942964
    2 6.028141 0.000005 0.000002 0.521236 -1.189564 -2.545187
    3 11.692560 0.000013 -0.000006 -0.000043 0.000036 -1.690979
    4 11.481678 0.000006 -0.000039 3.021023 -0.913200 0.698942
    5 3.859705 -0.142418 -1.191975 -0.521233 0.019144 -2.045321
    6 1.312563 -0.000013 0.000002 0.014382 0.107990 -0.764645
    7 0.725459 -0.046882 -0.000001 -0.019750 -0.002811 -0.163105
    8 3.942327 0.046753 -0.431444 -0.166665 0.035882 -1.161228
    9 1.539093 0.000008 -0.000006 -0.020136 0.017875 -1.662828
    10 1.258825 0.042964 0.000002 -0.003271 0.000329 -0.096427
    11 3.883688 -0.046781 0.431443 0.200595 0.001090 -0.220847
    12 1.719580 -0.000010 0.000009 -0.006709 0.005190 -1.838328
    13 1.209183 -0.000006 0.000003 0.010175 0.004433 -0.205746
    14 3.859854 -0.137962 1.332467 0.370474 -0.023540 -0.360033
    15 1.719431 0.000000 -0.000006 -0.056164 0.090068 -1.167666
    16 1.099672 0.000000 0.000004 -0.047070 -0.062913 -0.341923
    17 1.075585 -0.833317 1.071252 -1.379523 -0.475072 -0.331149
    18 1.789780 0.000002 -0.000006 -0.136926 -0.201414 1.650564
    19 1.207005 0.000001 -0.000004 0.027998 -0.001463 0.558794
    20 11.481707 0.000006 -0.000005 0.300417 -0.067317 0.241792
    21 -3.308594 -6.203125 -3.976563 -1.668474 1.286519 2.942954
    22 6.028142 0.000001 -0.000001 1.352293 0.757182 -0.646501
    23 11.692555 0.000031 0.000001 0.000000 0.000000 -1.458398
    24 11.481703 0.000105 0.000003 -1.168403 0.598815 -0.031427
    25 3.859676 -0.132545 1.193109 0.630360 0.070276 -1.940361
    26 1.312563 0.000000 -0.000001 -0.036309 0.005144 -0.002453
    27 0.729366 0.000002 0.000000 0.000984 0.006156 -1.568944
    28 3.942295 0.050345 0.431044 0.165285 0.073602 -1.403691
    29 1.539101 -0.000002 0.000002 0.004999 -0.017614 -1.177076
    30 1.196321 -0.000004 -0.000002 -0.000579 0.000022 -0.199668
    31 3.883659 -0.050304 -0.431042 -0.011981 0.010725 -0.887437
    32 1.719584 0.000006 0.000006 -0.105498 0.032236 -1.716072
    33 1.209185 0.000002 0.000006 -0.009161 -0.004484 -0.219737
    34 3.859833 -0.148918 -1.331282 -0.296034 0.199938 -0.238935
    35 1.719429 0.000006 0.000011 -0.052948 0.056602 -1.447142
    36 1.099661 0.000002 0.000007 -0.011453 -0.002307 0.116502
    37 0.806019 -0.359832 -1.318334 0.864161 0.348455 -0.949251
    38 1.789782 -0.000008 -0.000008 -0.016601 0.223149 0.393590
    39 1.207003 -0.000002 -0.000002 0.050515 -0.350313 0.767587
    40 11.481703 0.000105 0.000003 0.072934 0.099185 -0.038744
    41 -5.725566 -11.931166 -1.903711 0.832447 0.144722 0.069928
    42 0.000000 -4.325217 2.197774 0.000000 0.000000 0.000000
    43 0.759740 0.264293 2.354383 -1.578590 0.000000 0.000000
    44 -0.023242 0.746336 -6.630050 0.000000 0.000000 0.000000
    45 0.000000 -2.479087 -0.773617 0.000000 0.000000 0.000000
    46 4.935818 26.131886 -30.068890 1.570796 0.000000 -1.570796
    47 0.246049 -5.703599 -24.367022 -1.578590 0.000000 0.000000
    48 3.563665 24.276297 -24.518890 1.370872 -0.290362 0.012589
    49 -0.163199 2.333981 0.382080 3.036085 0.153200 -1.921800
    50 1.417000 1.884756 0.307373 -0.111793 0.161679 -1.589012
    51 2.720712 2.529284 0.412601 -3.110078 -0.046555 2.851972
  time 38
    0 0.000000 -0.000006 0.000000 -1.570781 -1.391896 -1.570809
    1 -14.514032 -1.741504 2.164228 1.596635 -1.286515 2.942964
    2 6.028141 0.000005 0.000002 0.330562 -1.130058 -2.408479
    3 11.692560 0.000013 -0.000006 -0.000055 0.000036 -1.733436
    4 11.481678 0.000006 -0.000039 3.166600 -0.894231 0.571677
    5 3.859705 -0.142418 -1.191975 -0.521233 0.019144 -2.045321
    6 1.312563 -0.000013 0.000002 0.014382 0.107990 -0.764645
    7 0.725459 -0.046882 -0.000001 -0.019750 -0.002811 -0.163105
    8 3.942327 0.046753 -0.431444 -0.166665 0.035882 -1.161228
    9 1.539093 0.000008 -0.000006 -0.020136 0.017875 -1.662828
    10 1.258825 0.042964 0.000002 -0.003271 0.000329 -0.096427
    11 3.883688 -0.046781 0.431443 0.200595 0.001090 -0.220847
    12 1.719580 -0.000010 0.000009 -0.006709 0.005190 -1.838328
    13 1.209183 -0.000006 0.000003 0.010175 0.004433 -0.205746
    14 3.859854 -0.137962 1.332467 0.370474 -0.023540 -0.360033
    15 1.719431 0.000000 -0.000006 -0.056164 0.090068 -1.167666
    16 1.099672 0.000000 0.000004 -0.047070 -0.062913 -0.341923
    17 1.075585 -0.833317 1.071252 -1.379523 -0.475072 -0.331149
    18 1.789780 0.000002 -0.000006 -0.136926 -0.201414 1.650564
    19 1.207005 0.000001 -0.000004 0.027998 -0.001463 0.558794
    20 11.481707 0.000006 -0.000005 0.318691 -0.068444 0.229252
    21 -3.308594 -6.203125 -3.976563 -1.668474 1.286519 2.942954
    22 6.028142 0.000001 -0.000001 1.364139 0.758803 -0.636644
    23 11.692555 0.000031 0.000001 0.000000 0.000000 -1.462627
    24 11.481703 0.000105 0.000003 -1.167756 0.591154 -0.022931
    25 3.859676 -0.132545 1.193109 0.630360 0.070276 -1.940361
    26 1.312563 0.000000 -0.000001 -0.036309 0.005144 -0.002453
    27 0.729366 0.000002 0.000000 0.000984 0.006156 -1.568944
    28 3.942295 0.050345 0.431044 0.165285 0.073602 -1.403691
    29 1.539101 -0.000002 0.000002 0.004999 -0.017614 -1.177076
    30 1.196321 -0.000004 -0.000002 -0.000579 0.000022 -0.199668
    31 3.883659 -0.050304 -0.431042 -0.011981 0.010725 -0.887437
    32 1.719584 0.000006 0.000006 -0.105498 0.032236 -1.716031
    33 1.209185 0.000002 0.000006 -0.009161 -0.004484 -0.219737
    34 3.859833 -0.148918 -1.331282 -0.296034 0.199938 -0.238935
    35 1.719429 0.000006 0.000011 -0.052948 0.056602 -1.447142
    36 1.099661 0.000002 0.000007 -0.011453 -0.002307 0.116502
    37 0.806019 -0.359832 -1.318334 0.864161 0.348455 -0.949251
    38 1.789782 -0.000008 -0.000008 -0.016601 0.223149 0.393590
    39 1.207003 -0.000002 -0.000002 0.050515 -0.350313 0.767587
    40 11.481703 0.000105 0.000003 0.072839 0.097902 -0.036911
    41 -5.772443 -11.946792 -1.782614 0.832942 0.151662 0.066692
    42 0.000000 -4.325217 2.197774 0.000000 0.000000 0.000000
    43 0.759740 0.264293 2.354383 -1.578590 0.000000 0.000000
    44 -0.023242 0.746336 -6.305821 0.000000 0.000000 0.000000
    45 0.000000 -2.479087 -0.773617 0.000000 0.000000 0.000000
    46 4.935818 26.131886 -30.068890 1.570796 0.000000 -1.570796
    47 0.246049 -5.703599 -24.367022 -1.578590 0.000000 0.000000
    48 3.563665 24.276297 -24.518890 1.370872 -0.290362 0.012589
    49 -0.163199 2.333981 0.382080 3.036085 0.153200 -1.921800
    50 1.417000 1.884756 0.307373 -0.111793 0.161679 -1.589012
    51 2.720712 2.529284 0.412601 -3.110078 -0.046555 2.851972
  time 39
    0 0.000000 -0.000006 0.000000 -1.570781 -1.391896 -1.570809
    1 -14.303088 -1.534467 2.261888 1.596635 -1.286515 2.942964
    2 6.028141 0.000005 0.000002 0.202428 -1.078177 -2.331321
    3 11.692560 0.000013 -0.000006 -0.000055 0.000036 -1.768480
    4 11.481678 0.000006 -0.000039 3.265957 -0.854985 0.471440
    5 3.859705 -0.142418 -1.191975 -0.522144 0.024034 -2.007172
    6 1.312563 -0.000013 0.000002 0.014489 0.104215 -0.753394
    7 0.725459 -0.046882 -0.000001 -0.019066 -0.002737 -0.165891
    8 3.942327 0.046753 -0.431444 -0.166377 0.037512 -1.149181
    9 1.539093 0.000008 -0.000006 -0.019429 0.018055 -1.617320
    10 1.258825 0.042964 0.000002 -0.003199 0.000305 -0.107982
    11 3.883688 -0.046781 0.431443 0.197023 0.002696 -0.232438
    12 1.719580 -0.000010 0.000009 -0.006625 0.005466 -1.791311
    13 1.209183 -0.000006 0.000003 0.009815 0.004397 -0.206124
    14 3.859854 -0.137962 1.332467 0.369956 -0.023899 -0.364777
    15 1.719431 0.000000 -0.000006 -0.053419 0.088415 -1.140262
    16 1.099672 0.000000 0.000004 -0.045560 -0.060588 -0.339525
    17 1.075585 -0.833317 1.071252 -1.377101 -0.483138 -0.343963
    18 1.789780 0.000002 -0.000006 -0.128740 -0.198670 1.606383
    19 1.207005 0.000001 -0.000004 0.027039 -0.001319 0.551985
    20 11.481707 0.000006 -0.000005 0.331552 -0.067353 0.215008
    21 -3.308594 -6.203125 -3.976563 -1.668474 1.286519 2.942954
    22 6.028142 0.000001 -0.000001 1.383650 0.767360 -0.621094
    23 11.692555 0.000031 0.000001 0.000000 0.000000 -1.469850
    24 11.481703 0.000105 0.000003 -1.157996 0.580988 -0.000620
    25 3.859676 -0.132545 1.193109 0.630360 0.070276 -1.940361
    26 1.312563 0.000000 -0.000001 -0.036309 0.005144 -0.002453
    27 0.729366 0.000002 0.000000 0.000984 0.006156 -1.568944
    28 3.942295 0.050345 0.431044 0.165285 0.073602 -1.403709
    29 1.539101 -0.000002 0.000002 0.004999 -0.017614 -1.177076
    30 1.196321 -0.000004 -0.000002 -0.000579 0.000022 -0.199668
    31 3.883659 -0.050304 -0.431042 -0.011981 0.010725 -0.887437
    32 1.719584 0.000006 0.000006 -0.105498 0.032236 -1.716031
    33 1.209185 0.000002 0.000006 -0.009161 -0.004484 -0.219737
    34 3.859833 -0.148918 -1.331282 -0.296034 0.199938 -0.238935
    35 1.719429 0.000006 0.000011 -0.052948 0.056602 -1.447142
    36 1.099661 0.000002 0.000007 -0.011453 -0.002307 0.116502
    37 0.806019 -0.359832 -1.318334 0.864161 0.348455 -0.949251
    38 1.789782 -0.000008 -0.000008 -0.016601 0.223149 0.393590
    39 1.207003 -0.000002 -0.000002 0.050515 -0.350313 0.767587
    40 11.481703 0.000105 0.000003 0.073965 0.096536 -0.032836
    41 -5.819319 -11.974136 -1.481823 0.833715 0.155405 0.063456
    42 0.000000 -4.325217 2.197774 0.000000 0.000000 0.000000
    43 0.759740 0.264293 2.354383 -1.578590 0.000000 0.000000
    44 -0.023242 0.746336 -5.536267 0.000000 0.000000 0.000000
    45 0.000000 -2.479087 -0.773617 0.000000 0.000000 0.000000
    46 4.935818 26.131886 -30.068890 1.570796 0.000000 -1.570796
    47 0.246049 -5.703599 -24.367022 -1.578590 0.000000 0.000000
    48 3.563665 24.276297 -24.518890 1.370872 -0.290362 0.012589
    49 -0.163199 2.333981 0.382080 3.036085 0.153200 -1.921800
    50 1.417000 1.884756 0.307373 -0.111793 0.161679 -1.589012
    51 2.720712 2.529284 0.412601 -3.110078 -0.046555 2.851972
  time 40
    0 0.000000 -0.000006 0.000000 -1.570781 -1.391896 -1.570809
    1 -14.080425 -1.315710 2.363453 1.596635 -1.286515 2.942964
    2 6.028141 0.000005 0.000002 0.109526 -1.038647 -2.285783
    3 11.692560 0.000013 -0.000006 -0.000055 0.000036 -1.798583
    4 11.481678 0.000006 -0.000039 3.316328 -0.798078 0.405941
    5 3.859705 -0.142418 -1.191975 -0.523738 0.039087 -1.890913
    6 1.312563 -0.000013 0.000002 0.014561 0.092913 -0.719764
    7 0.725459 -0.046882 -0.000001 -0.017005 -0.002517 -0.174330
    8 3.942327 0.046753 -0.431444 -0.165382 0.042306 -1.113177
    9 1.539093 0.000008 -0.000006 -0.017152 0.018354 -1.477396
    10 1.258825 0.042964 0.000002 -0.002971 0.000233 -0.142529
    11 3.883688 -0.046781 0.431443 0.186189 0.007226 -0.267368
    12 1.719580 -0.000010 0.000009 -0.006290 0.006233 -1.646338
    13 1.209183 -0.000006 0.000003 0.008761 0.004254 -0.207219
    14 3.859854 -0.137962 1.332467 0.368404 -0.025050 -0.379222
    15 1.719431 0.000000 -0.000006 -0.045426 0.082878 -1.057805
    16 1.099672 0.000000 0.000004 -0.041018 -0.053661 -0.332100
    17 1.075585 -0.833317 1.071252 -1.368920 -0.507094 -0.383073
    18 1.789780 0.000002 -0.000006 -0.104520 -0.188135 1.470715
    19 1.207005 0.000001 -0.000004 0.024163 -0.000936 0.531725
    20 11.481707 0.000006 -0.000005 0.339064 -0.062655 0.200019
    21 -3.308594 -6.203125 -3.976563 -1.668474 1.286519 2.942954
    22 6.028142 0.000001 -0.000001 1.403423 0.781472 -0.605654
    23 11.692555 0.000031 0.000001 0.000000 0.000000 -1.475510
    24 11.481703 0.000105 0.000003 -1.137644 0.576001 0.029950
    25 3.859676 -0.132545 1.193109 0.630360 0.070276 -1.940361
    26 1.312563 0.000000 -0.000001 -0.036309 0.005144 -0.002453
    27 0.729366 0.000002 0.000000 0.000984 0.006156 -1.568944
    28 3.942295 0.050345 0.431044 0.165285 0.073602 -1.403691
    29 1.539101 -0.000002 0.000002 0.004999 -0.017614 -1.177076
    30 1.196321 -0.000004 -0.000002 -0.000579 0.000022 -0.199668
    31 3.883659 -0.050304 -0.431042 -0.011981 0.010725 -0.887437
    32 1.719584 0.000006 0.000006 -0.105498 0.032236 -1.716031
    33 1.209185 0.000002 0.000006 -0.009161 -0.004484 -0.219737
    34 3.859833 -0.148918 -1.331282 -0.296034 0.199938 -0.238935
    35 1.719429 0.000006 0.000011 -0.052948 0.056602 -1.447142
    36 1.099661 0.000002 0.000007 -0.011453 -0.002307 0.116502
    37 0.806019 -0.359832 -1.318334 0.864161 0.348455 -0.949251
    38 1.789782 -0.000008 -0.000008 -0.016601 0.223149 0.393590
    39 1.207003 -0.000002 -0.000002 0.050515 -0.350313 0.767587
    40 11.481703 0.000105 0.000003 0.076662 0.096524 -0.027958
    41 -5.874008 -12.024919 -1.095093 0.834489 0.148773 0.060220
    42 0.000000 -4.325217 2.197774 0.000000 0.000000 0.000000
    43 0.759740 0.264293 2.354383 -1.578590 0.000000 0.000000
    44 -0.023242 0.746336 -4.618270 0.000000 0.000000 0.000000
    45 0.000000 -2.479087 -0.773617 0.000000 0.000000 0.000000
    46 4.935818 26.131886 -30.068890 1.570796 0.000000 -1.570796
    47 0.246049 -5.703599 -24.367022 -1.578590 0.000000 0.000000
    48 3.563665 24.276297 -24.518890 1.370872 -0.290362 0.012589
    49 -0.163199 2.333981 0.382080 3.036085 0.153200 -1.921800
    50 1.417000 1.884756 0.307373 -0.111793 0.161679 -1.589012
    51 2.720712 2.529284 0.412601 -3.110078 -0.046555 2.851972
  time 41
    0 0.000000 -0.000006 0.000000 -1.570781 -1.391896 -1.570809
    1 -13.846043 -1.089141 2.468925 1.596635 -1.286515 2.942964
    2 6.028141 0.000005 0.000002 0.036580 -1.010485 -2.255109
    3 11.692560 0.000013 -0.000006 -0.000055 0.000036 -1.825090
    4 11.481678 0.000006 -0.000039 3.325000 -0.730937 0.370553
    5 3.859705 -0.142418 -1.191975 -0.522587 0.063643 -1.701857
    6 1.312563 -0.000013 0.000002 0.013878 0.075092 -0.666766
    7 0.725459 -0.042976 -0.000001 -0.013781 -0.002135 -0.187573
    8 3.942327 0.046753 -0.431444 -0.163477 0.049640 -1.056296
    9 1.539093 0.000008 -0.000006 -0.013293 0.017995 -1.246592
    10 1.258825 0.039058 0.000002 -0.002588 0.000137 -0.197066
    11 3.883688 -0.046781 0.431443 0.168668 0.013470 -0.323139
    12 1.719580 -0.000010 0.000009 -0.005463 0.007324 -1.406365
    13 1.209183 -0.000006 0.000003 0.007107 0.004050 -0.208956
    14 3.859854 -0.137962 1.332467 0.365947 -0.027063 -0.402593
    15 1.719431 0.000000 -0.000006 -0.033585 0.072523 -0.926185
    16 1.099672 0.000000 0.000004 -0.033768 -0.042815 -0.319877
    17 1.075585 -0.833317 1.071252 -1.353071 -0.544179 -0.447275
    18 1.789780 0.000002 -0.000006 -0.068602 -0.164334 1.247770
    19 1.207005 0.000001 -0.000004 0.019609 -0.000445 0.499760
    20 11.481707 0.000006 -0.000005 0.341431 -0.054865 0.185217
    21 -3.308594 -6.203125 -3.976563 -1.668474 1.286519 2.942954
    22 6.028142 0.000001 -0.000001 1.418955 0.798616 -0.593876
    23 11.692555 0.000031 0.000001 0.000000 0.000000 -1.476486
    24 11.481703 0.000105 0.000003 -1.109013 0.578795 0.062742
    25 3.859676 -0.132545 1.193109 0.630360 0.070276 -1.940361
    26 1.312563 0.000000 -0.000001 -0.036309 0.005144 -0.002453
    27 0.729366 0.000002 0.000000 0.000984 0.006156 -1.568944
    28 3.942295 0.050345 0.431044 0.165285 0.073602 -1.403691
    29 1.539101 -0.000002 0.000002 0.004999 -0.017614 -1.177076
    30 1.196321 -0.000004 -0.000002 -0.000579 0.000022 -0.199668
    31 3.883659 -0.050304 -0.431042 -0.011981 0.010725 -0.887437
    32 1.719584 0.000006 0.000006 -0.105498 0.032236 -1.716031
    33 1.209185 0.000002 0.000006 -0.009161 -0.004484 -0.219737
    34 3.859833 -0.148918 -1.331282 -0.296034 0.199938 -0.238935
    35 1.719429 0.000006 0.000011 -0.052948 0.056602 -1.447142
    36 1.099661 0.000002 0.000007 -0.011453 -0.002307 0.116502
    37 0.806019 -0.359832 -1.318334 0.864161 0.348455 -0.949251
    38 1.789782 -0.000008 -0.000008 -0.016601 0.223149 0.393590
    39 1.207003 -0.000002 -0.000002 0.050515 -0.350313 0.767587
    40 11.481703 0.000105 0.000003 0.080641 0.098262 -0.023392
    41 -5.944323 -12.103046 -0.704456 0.835479 0.130915 0.056830
    42 0.000000 -4.325217 2.197774 0.000000 0.000000 0.000000
    43 0.759740 0.264293 2.354383 -1.578590 0.000000 0.000000
    44 -0.023242 0.746336 -3.848715 0.000000 0.000000 0.000000
    45 0.000000 -2.479087 -0.773617 0.000000 0.000000 0.000000
    46 4.935818 26.131886 -30.068890 1.570796 0.000000 -1.570796
    47 0.246049 -5.703599 -24.367022 -1.578590 0.000000 0.000000
    48 3.563665 24.276297 -24.518890 1.370872 -0.290362 0.012589
    49 -0.163199 2.333981 0.382080 3.036085 0.153200 -1.921800
    50 1.417000 1.884756 0.307373 -0.111793 0.161679 -1.589012
    51 2.720712 2.529284 0.412601 -3.110078 -0.046555 2.851972
  time 42
    0 0.000000 -0.000006 0.000000 -1.570781 -1.391896 -1.570809
    1 -13.607754 -0.854758 2.582210 1.596635 -1.286515 2.942964
    2 6.028141 0.000005 0.000002 -0.036845 -1.003234 -2.222636
    3 11.692560 0.000013 -0.000006 -0.000055 0.000036 -1.836098
    4 11.481678 0.000006 -0.000039 3.295017 -0.653368 0.340035
    5 3.859705 -0.142418 -1.191975 -0.514689 0.093245 -1.465395
    6 1.312563 -0.000013 0.000002 0.011757 0.053424 -0.602122
    7 0.725459 -0.042976 -0.000001 -0.009850 -0.001605 -0.203725
    8 3.942327 0.046753 -0.431444 -0.160613 0.058173 -0.986748
    9 1.539093 0.000008 -0.000006 -0.008535 0.016005 -0.955219
    10 1.258825 0.039058 0.000002 -0.002072 0.000053 -0.263620
    11 3.883688 -0.046781 0.431443 0.146628 0.019510 -0.392413
    12 1.719580 -0.000010 0.000009 -0.004025 0.008223 -1.102376
    13 1.209183 -0.000006 0.000003 0.005081 0.003774 -0.211070
    14 3.859854 -0.137962 1.332467 0.362947 -0.029844 -0.432296
    15 1.719431 0.000000 -0.000006 -0.020893 0.057386 -0.764386
    16 1.099672 0.000000 0.000004 -0.024707 -0.029715 -0.303961
    17 1.075585 -0.833317 1.071252 -1.328417 -0.587862 -0.530228
    18 1.789780 0.000002 -0.000006 -0.032396 -0.124461 0.966886
    19 1.207005 0.000001 -0.000004 0.014036 -0.000037 0.460816
    20 11.481707 0.000006 -0.000005 0.337265 -0.046500 0.167159
    21 -3.308594 -6.203125 -3.976563 -1.668474 1.286519 2.942954
    22 6.028142 0.000001 -0.000001 1.426765 0.815670 -0.588475
    23 11.692555 0.000031 0.000001 0.000000 0.000000 -1.471021
    24 11.481703 0.000105 0.000003 -1.076867 0.588986 0.091485
    25 3.859676 -0.132545 1.193109 0.630360 0.070276 -1.940361
    26 1.312563 0.000000 -0.000001 -0.036309 0.005144 -0.002453
    27 0.729366 0.000002 0.000000 0.000984 0.006156 -1.568944
    28 3.942295 0.050345 0.431044 0.165285 0.073602 -1.403691
    29 1.539101 -0.000002 0.000002 0.004999 -0.017614 -1.177076
    30 1.196321 -0.000004 -0.000002 -0.000579 0.000022 -0.199668
    31 3.883659 -0.050304 -0.431042 -0.011981 0.010725 -0.887437
    32 1.719584 0.000006 0.000006 -0.105498 0.032236 -1.716031
    33 1.209185 0.000002 0.000006 -0.009161 -0.004484 -0.219737
    34 3.859833 -0.148918 -1.331282 -0.296034 0.199938 -0.238935
    35 1.719429 0.000006 0.000011 -0.052948 0.056602 -1.447142
    36 1.099661 0.000002 0.000007 -0.011453 -0.002307 0.116502
    37 0.806019 -0.359832 -1.318334 0.864161 0.348455 -0.949251
    38 1.789782 -0.000008 -0.000008 -0.016601 0.223149 0.393590
    39 1.207003 -0.000002 -0.000002 0.050515 -0.350313 0.767587
    40 11.481703 0.000105 0.000003 0.085183 0.101462 -0.020168
    41 -6.022450 -12.208518 -0.407572 0.837180 0.105026 0.053517
    42 0.000000 -4.325217 2.197774 0.000000 0.000000 0.000000
    43 0.759740 0.264293 2.354383 -1.578590 0.000000 0.000000
    44 -0.023242 0.746336 -3.528393 0.000000 0.000000 0.000000
    45 0.000000 -2.479087 -0.773617 0.000000 0.000000 0.000000
    46 4.935818 26.131886 -30.068890 1.570796 0.000000 -1.570796
    47 0.246049 -5.703599 -24.367022 -1.578590 0.000000 0.000000
    48 3.563665 24.276297 -24.518890 1.370872 -0.290362 0.012589
    49 -0.163199 2.333981 0.382080 3.036085 0.153200 -1.921800
    50 1.417000 1.884756 0.307373 -0.111793 0.161679 -1.589012
    51 2.720712 2.529284 0.412601 -3.110078 -0.046555 2.851972
  time 43
    0 0.000000 -0.000006 0.000000 -1.570781 -1.391896 -1.570809
    1 -13.357747 -0.612563 2.695495 1.596635 -1.286515 2.942964
    2 6.028141 0.000005 0.000002 -0.130701 -1.024753 -2.171986
    3 11.692560 0.000013 -0.000006 -0.000055 0.000036 -1.812660
    4 11.481678 0.000006 -0.000039 3.226473 -0.564256 0.282084
    5 3.859705 -0.142418 -1.191975 -0.500008 0.120186 -1.228049
    6 1.312563 -0.000013 0.000002 0.008210 0.031936 -0.537503
    7 0.725459 -0.042976 -0.000001 -0.005919 -0.001017 -0.219835
    8 3.942327 0.046753 -0.431444 -0.157209 0.066047 -0.917065
    9 1.539093 0.000008 -0.000006 -0.004364 0.012218 -0.663890
    10 1.258825 0.039058 0.000002 -0.001485 -0.000007 -0.330173
    11 3.883688 -0.046781 0.431443 0.123857 0.023561 -0.463542
    12 1.719580 -0.000010 0.000009 -0.002323 0.008414 -0.798443
    13 1.209183 -0.000006 0.000003 0.003056 0.003510 -0.213222
    14 3.859854 -0.137962 1.332467 0.359895 -0.033151 -0.463993
    15 1.719431 0.000000 -0.000006 -0.010646 0.039709 -0.602879
    16 1.099672 0.000000 0.000004 -0.015383 -0.016748 -0.286369
    17 1.075585 -0.833317 1.071252 -1.296976 -0.629090 -0.619655
    18 1.789780 0.000002 -0.000006 -0.008631 -0.076295 0.683311
    19 1.207005 0.000001 -0.000004 0.008451 0.000131 0.421872
    20 11.481707 0.000006 -0.000005 0.324830 -0.040987 0.140825
    21 -3.308594 -6.203125 -3.976563 -1.668474 1.286519 2.942954
    22 6.028142 0.000001 -0.000001 1.423343 0.831133 -0.592665
    23 11.692555 0.000031 0.000001 0.000000 0.000000 -1.454038
    24 11.481703 0.000105 0.000003 -1.045831 0.606090 0.107881
    25 3.859676 -0.132545 1.193109 0.630360 0.070276 -1.940361
    26 1.312563 0.000000 -0.000001 -0.036309 0.005144 -0.002453
    27 0.729366 0.000002 0.000000 0.000984 0.006156 -1.568944
    28 3.942295 0.050345 0.431044 0.165285 0.073602 -1.403691
    29 1.539101 -0.000002 0.000002 0.004999 -0.017614 -1.177076
    30 1.196321 -0.000004 -0.000002 -0.000579 0.000022 -0.199668
    31 3.883659 -0.050304 -0.431042 -0.011981 0.010725 -0.887437
    32 1.719584 0.000006 0.000006 -0.105498 0.032236 -1.716031
    33 1.209185 0.000002 0.000006 -0.009161 -0.004484 -0.219737
    34 3.859833 -0.148918 -1.331282 -0.296034 0.199938 -0.238935
    35 1.719429 0.000006 0.000011 -0.052948 0.056602 -1.447142
    36 1.099661 0.000002 0.000007 -0.011453 -0.002307 0.116502
    37 0.806019 -0.359832 -1.318334 0.864161 0.348455 -0.949251
    38 1.789782 -0.000008 -0.000008 -0.016601 0.223149 0.393590
    39 1.207003 -0.000002 -0.000002 0.050515 -0.350313 0.767587
    40 11.481703 0.000105 0.000003 0.089725 0.105680 -0.019641
    41 -6.108391 -12.376492 -0.286474 0.839934 0.074341 0.050280
    42 0.000000 -4.325217 2.197774 0.000000 0.000000 0.000000
    43 0.759740 0.264293 2.354383 -1.578590 0.000000 0.000000
    44 -0.023242 0.746336 -3.528393 0.000000 0.000000 0.000000
    45 0.000000 -2.479087 -0.773617 0.000000 0.000000 0.000000
    46 4.935818 26.131886 -30.068890 1.570796 0.000000 -1.570796
    47 0.246049 -5.703599 -24.367022 -1.578590 0.000000 0.000000
    48 3.563665 24.276297 -24.518890 1.370872 -0.290362 0.012589
    49 -0.163199 2.333981 0.382080 3.036085 0.153200 -1.921800
    50 1.417000 1.884756 0.307373 -0.111793 0.161679 -1.589012
    51 2.720712 2.529284 0.412601 -3.110078 -0.046555 2.851972
  time 44
    0 0.000000 -0.000006 0.000000 -1.570781 -1.391896 -1.570809
    1 -13.103833 -0.362556 2.808779 1.596635 -1.286515 2.942964
    2 6.028141 0.000005 0.000002 -0.237543 -1.062833 -2.111585
    3 11.692560 0.000013 -0.000006 -0.000055 0.000036 -1.742347
    4 11.481678 0.000006 -0.000039 3.131912 -0.471874 0.179737
    5 3.859705 -0.142418 -1.191975 -0.483841 0.138810 -1.036940
    6 1.312563 -0.000013 0.000002 0.004243 0.014522 -0.484530
    7 0.725459 -0.042976 -0.000001 -0.002707 -0.000473 -0.233079
    8 3.942327 0.046753 -0.431444 -0.154117 0.071644 -0.859835
    9 1.539093 0.000008 -0.000006 -0.001764 0.007652 -0.433132
    10 1.254919 0.039058 0.000002 -0.000910 -0.000019 -0.384710
    11 3.883688 -0.046781 0.431443 0.104526 0.024963 -0.524484
    12 1.719580 -0.000010 0.000009 -0.000957 0.007827 -0.558413
    13 1.209183 -0.000006 0.000003 0.001402 0.003283 -0.214959
    14 3.859854 -0.137962 1.332467 0.357295 -0.036615 -0.493076
    15 1.719431 0.000000 -0.000006 -0.004295 0.023218 -0.471941
    16 1.099672 0.000000 0.000004 -0.007449 -0.006226 -0.269501
    17 1.075585 -0.833317 1.071252 -1.264618 -0.659972 -0.700063
    18 1.789780 0.000002 -0.000006 0.000106 -0.034469 0.451295
    19 1.207005 0.000001 -0.000004 0.003873 0.000119 0.389907
    20 11.481707 0.000006 -0.000005 0.306003 -0.040232 0.105578
    21 -3.308594 -6.203125 -3.976563 -1.668474 1.286519 2.942954
    22 6.028142 0.000001 -0.000001 1.409478 0.844644 -0.605975
    23 11.692555 0.000031 0.000001 0.000000 0.000000 -1.424759
    24 11.481703 0.000105 0.000003 -1.017801 0.627723 0.110343
    25 3.859676 -0.132545 1.193109 0.630360 0.070276 -1.940361
    26 1.312563 0.000000 -0.000001 -0.036309 0.005144 -0.002453
    27 0.729366 0.000002 0.000000 0.000984 0.006156 -1.568944
    28 3.942295 0.050345 0.431044 0.165285 0.073602 -1.403691
    29 1.539101 -0.000002 0.000002 0.004999 -0.017614 -1.177076
    30 1.196321 -0.000004 -0.000002 -0.000579 0.000022 -0.199668
    31 3.883659 -0.050304 -0.431042 -0.011981 0.010725 -0.887437
    32 1.719584 0.000006 0.000006 -0.105498 0.032236 -1.716031
    33 1.209185 0.000002 0.000006 -0.009161 -0.004484 -0.219737
    34 3.859833 -0.148918 -1.331282 -0.296034 0.199938 -0.238935
    35 1.719429 0.000006 0.000011 -0.052948 0.056602 -1.447142
    36 1.099661 0.000002 0.000007 -0.011453 -0.002307 0.116502
    37 0.806019 -0.359832 -1.318334 0.864161 0.348455 -0.949251
    38 1.789782 -0.000008 -0.000008 -0.016601 0.223149 0.393590
    39 1.207003 -0.000002 -0.000002 0.050515 -0.350313 0.767587
    40 11.481703 0.000105 0.000003 0.094075 0.110270 -0.021906
    41 -6.202143 -12.614781 -0.356789 0.844142 0.042040 0.047121
    42 0.000000 -4.325217 2.197774 0.000000 0.000000 0.000000
    43 0.759740 0.264293 2.354383 -1.578590 0.000000 0.000000
    44 -0.023242 0.746336 -3.528393 0.000000 0.000000 0.000000
    45 0.000000 -2.479087 -0.773617 0.000000 0.000000 0.000000
    46 4.935818 26.131886 -30.068890 1.570796 0.000000 -1.570796
    47 0.246049 -5.703599 -24.367022 -1.578590 0.000000 0.000000
    48 3.563665 24.276297 -24.518890 1.370872 -0.290362 0.012589
    49 -0.163199 2.333981 0.382080 3.036085 0.153200 -1.921800
    50 1.417000 1.884756 0.307373 -0.111793 0.161679 -1.589012
    51 2.720712 2.529284 0.412601 -3.110078 -0.046555 2.851972
  time 45
    0 0.000000 -0.000006 0.000000 -1.570781 -1.391896 -1.570809
    1 -12.846012 -0.112548 2.929877 1.596635 -1.286515 2.942964
    2 6.028141 0.000005 0.000002 -0.321948 -1.108071 -2.076934
    3 11.692560 0.000013 -0.000006 -0.000043 0.000036 -1.614600
    4 11.481678 0.000006 -0.000039 3.023514 -0.386803 0.032830
    5 3.859705 -0.142418 -1.191975 -0.472192 0.148626 -0.918951
    6 1.312563 -0.000013 0.000002 0.001187 0.003616 -0.450949
    7 0.725459 -0.039069 -0.000001 -0.000670 -0.000121 -0.241518
    8 3.942327 0.046753 -0.431444 -0.152152 0.074077 -0.823425
    9 1.539093 0.000008 -0.000006 -0.000541 0.003422 -0.293253
    10 1.254919 0.035152 0.000002 -0.000406 -0.000007 -0.419258
    11 3.883688 -0.046781 0.431443 0.091487 0.024124 -0.567024
    12 1.719580 -0.000010 0.000009 -0.000202 0.006772 -0.413440
    13 1.209183 -0.000006 0.000003 0.000348 0.003139 -0.216054
    14 3.859854 -0.137962 1.332467 0.355446 -0.039899 -0.516176
    15 1.719431 0.000000 -0.000006 -0.001190 0.010922 -0.390117
    16 1.099672 0.000000 0.000004 -0.002116 0.000402 -0.255146
    17 1.075585 -0.833317 1.071252 -1.238276 -0.676761 -0.758684
    18 1.789780 0.000002 -0.000006 0.000669 -0.008450 0.298398
    19 1.207005 0.000001 -0.000004 0.000973 0.000035 0.369647
    20 11.481707 0.000006 -0.000005 0.283532 -0.044175 0.063341
    21 -3.308594 -6.203125 -3.976563 -1.668474 1.286519 2.942954
    22 6.028142 0.000001 -0.000001 1.390143 0.855814 -0.624170
    23 11.692555 0.000031 0.000001 0.000000 0.000000 -1.388907
    24 11.481703 0.000105 0.000003 -0.992731 0.649718 0.104229
    25 3.859676 -0.132545 1.193109 0.630360 0.070276 -1.940361
    26 1.312563 0.000000 -0.000001 -0.036309 0.005144 -0.002453
    27 0.729366 0.000002 0.000000 0.000984 0.006156 -1.568944
    28 3.942295 0.050345 0.431044 0.165285 0.073602 -1.403691
    29 1.539101 -0.000002 0.000002 0.004999 -0.017614 -1.177076
    30 1.196321 -0.000004 -0.000002 -0.000579 0.000022 -0.199668
    31 3.883659 -0.050304 -0.431042 -0.011981 0.010725 -0.887437
    32 1.719584 0.000006 0.000006 -0.105498 0.032236 -1.716031
    33 1.209185 0.000002 0.000006 -0.009161 -0.004484 -0.219737
    34 3.859833 -0.148918 -1.331282 -0.296034 0.199938 -0.238935
    35 1.719429 0.000006 0.000011 -0.052948 0.056602 -1.447142
    36 1.099661 0.000002 0.000007 -0.011453 -0.002307 0.116502
    37 0.806019 -0.359832 -1.318334 0.864161 0.348455 -0.949251
    38 1.789782 -0.000008 -0.000008 -0.016601 0.223149 0.393590
    39 1.207003 -0.000002 -0.000002 0.050515 -0.350313 0.767587
    40 11.481703 0.000105 0.000003 0.098210 0.114561 -0.025753
    41 -6.295896 -12.892133 -0.556014 0.850113 0.011318 0.044116
    42 0.000000 -4.325217 2.197774 0.000000 0.000000 0.000000
    43 0.759740 0.264293 2.354383 -1.578590 0.000000 0.000000
    44 -0.023242 0.746336 -3.528393 0.000000 0.000000 0.000000
    45 0.000000 -2.479087 -0.773617 0.000000 0.000000 0.000000
    46 4.935818 26.131886 -30.068890 1.570796 0.000000 -1.570796
    47 0.246049 -5.703599 -24.367022 -1.578590 0.000000 0.000000
    48 3.563665 24.276297 -24.518890 1.370872 -0.290362 0.012589
    49 -0.163199 2.333981 0.382080 3.036085 0.153200 -1.921800
    50 1.417000 1.884756 0.307373 -0.111793 0.161679 -1.589012
    51 2.720712 2.529284 0.412601 -3.110078 -0.046555 2.851972
  time 46
    0 0.000000 -0.000006 0.000000 -1.570781 -1.391896 -1.570809
    1 -12.584285 0.141366 3.047068 1.596635 -1.286515 2.942964
    2 6.028141 0.000005 0.000002 -0.342094 -1.156817 -2.105620
    3 11.692560 0.000013 -0.000006 -0.000031 0.000036 -1.429494
    4 11.481678 0.000006 -0.000039 2.909119 -0.319623 -0.147760
    5 3.859705 -0.142418 -1.191975 -0.468129 0.151538 -0.880198
    6 1.312563 -0.000013 0.000002 0.000000 -0.000003 -0.439723
    7 0.725459 -0.039069 -0.000001 0.000001 -0.000003 -0.244304
    8 3.942327 0.046753 -0.431444 -0.151780 0.073202 -0.810991
    9 1.539093 0.000008 -0.000006 -0.000002 0.000006 -0.247791
    10 1.251013 0.035152 0.000002 0.000001 -0.000007 -0.430812
    11 3.883688 -0.046781 0.431443 0.085902 0.021835 -0.587865
    12 1.719580 -0.000010 0.000009 0.000002 0.005514 -0.366480
    13 1.209183 -0.000006 0.000003 0.000000 0.003091 -0.216394
    14 3.859854 -0.137962 1.332467 0.354450 -0.042751 -0.531725
    15 1.719431 0.000000 -0.000006 -0.000004 0.004079 -0.363004
    16 1.099672 0.000000 0.000004 0.000005 0.002595 -0.244332
    17 1.075585 -0.833317 1.071252 -1.222684 -0.679216 -0.788820
    18 1.789780 0.000002 -0.000006 -0.000002 -0.000001 0.228524
    19 1.207005 0.000001 -0.000004 0.000002 -0.000001 0.362862
    20 11.481707 0.000006 -0.000005 0.259387 -0.051905 0.017322
    21 -3.308594 -6.203125 -3.976563 -1.668474 1.286519 2.942954
    22 6.028142 0.000001 -0.000001 1.368030 0.862539 -0.644663
    23 11.692555 0.000031 0.000001 0.000000 0.000000 -1.351363
    24 11.481703 0.000105 0.000003 -0.972703 0.669400 0.091406
    25 3.859676 -0.132545 1.193109 0.630360 0.070276 -1.940361
    26 1.312563 0.000000 -0.000001 -0.036309 0.005144 -0.002453
    27 0.729366 0.000002 0.000000 0.000984 0.006156 -1.568944
    28 3.942295 0.050345 0.431044 0.165285 0.073602 -1.403691
    29 1.539101 -0.000002 0.000002 0.004999 -0.017614 -1.177076
    30 1.196321 -0.000004 -0.000002 -0.000579 0.000022 -0.199668
    31 3.883659 -0.050304 -0.431042 -0.011981 0.010725 -0.887437
    32 1.719584 0.000006 0.000006 -0.105498 0.032236 -1.716072
    33 1.209185 0.000002 0.000006 -0.009161 -0.004484 -0.219737
    34 3.859833 -0.148918 -1.331282 -0.296034 0.199938 -0.238935
    35 1.719429 0.000006 0.000011 -0.052948 0.056602 -1.447142
    36 1.099661 0.000002 0.000007 -0.011453 -0.002307 0.116502
    37 0.806019 -0.359832 -1.318334 0.864161 0.348455 -0.949251
    38 1.789782 -0.000008 -0.000008 -0.016601 0.223149 0.393590
    39 1.207003 -0.000002 -0.000002 0.050515 -0.350313 0.767587
    40 11.481703 0.000105 0.000003 0.101805 0.118048 -0.030475
    41 -6.393556 -13.169485 -0.864617 0.858096 -0.014570 0.041111
    42 0.000000 -4.325217 2.197774 0.000000 0.000000 0.000000
    43 0.759740 0.264293 2.354383 -1.578590 0.000000 0.000000
    44 -0.023242 0.746336 -3.528393 0.000000 0.000000 0.000000
    45 0.000000 -2.479087 -0.773617 0.000000 0.000000 0.000000
    46 4.935818 26.131886 -30.068890 1.570796 0.000000 -1.570796
    47 0.246049 -5.703599 -24.367022 -1.578590 0.000000 0.000000
    48 3.563665 24.276297 -24.518890 1.370872 -0.290362 0.012589
    49 -0.163199 2.333981 0.382080 3.036085 0.153200 -1.921800
    50 1.417000 1.884756 0.307373 -0.111793 0.161679 -1.589012
    51 2.720712 2.529284 0.412601 -3.110078 -0.046555 2.851972
  time 47
    0 0.000000 -0.000006 0.000000 -1.570781 -1.391896 -1.570809
    1 -12.318652 0.399186 3.168165 1.596635 -1.286515 2.942964
    2 6.028141 0.000005 0.000002 -0.262464 -1.203504 -2.230021
    3 11.692560 0.000013 -0.000006 -0.000031 0.000036 -1.196764
    4 11.481678 0.000006 -0.000039 2.792417 -0.275375 -0.344907
    5 3.859705 -0.142418 -1.191975 -0.468285 0.151059 -0.881365
    6 1.312563 -0.000013 0.000002 -0.000132 0.000033 -0.441031
    7 0.725459 -0.039069 -0.000001 0.000001 -0.000003 -0.243739
    8 3.942327 0.046753 -0.431444 -0.152259 0.070517 -0.811127
    9 1.539093 0.000008 -0.000006 0.000405 -0.003074 -0.249787
    10 1.247106 0.035152 0.000002 0.000361 -0.000007 -0.430003
    11 3.883688 -0.046781 0.431443 0.084116 0.018887 -0.597524
    12 1.719580 -0.000010 0.000009 0.000014 0.004052 -0.368356
    13 1.209183 -0.000006 0.000003 0.000012 0.003091 -0.215752
    14 3.859854 -0.137962 1.332467 0.353907 -0.045352 -0.543110
    15 1.719431 0.000000 -0.000006 0.000547 0.000124 -0.364124
    16 1.099672 0.000000 0.000004 0.000472 0.002595 -0.235422
    17 1.075585 -0.833317 1.071252 -1.212888 -0.674350 -0.803375
    18 1.789780 0.000002 -0.000006 0.000106 -0.000756 0.199272
    19 1.207005 0.000001 -0.000004 0.000002 -0.000001 0.362862
    20 11.481707 0.000006 -0.000005 0.234343 -0.061781 -0.029162
    21 -3.308594 -6.203125 -3.976563 -1.668474 1.286519 2.942954
    22 6.028142 0.000001 -0.000001 1.345887 0.862809 -0.664683
    23 11.692555 0.000031 0.000001 0.000000 0.000000 -1.317073
    24 11.481703 0.000105 0.000003 -0.960307 0.684336 0.073620
    25 3.859676 -0.132545 1.193109 0.630360 0.070276 -1.940361
    26 1.312563 0.000000 -0.000001 -0.036309 0.005144 -0.002453
    27 0.729366 0.000002 0.000000 0.000984 0.006156 -1.568944
    28 3.942295 0.050345 0.431044 0.165285 0.073602 -1.403691
    29 1.539101 -0.000002 0.000002 0.004999 -0.017614 -1.177076
    30 1.196321 -0.000004 -0.000002 -0.000579 0.000022 -0.199668
    31 3.883659 -0.050304 -0.431042 -0.011981 0.010725 -0.887437
    32 1.719584 0.000006 0.000006 -0.105498 0.032236 -1.716031
    33 1.209185 0.000002 0.000006 -0.009161 -0.004484 -0.219737
    34 3.859833 -0.148918 -1.331282 -0.296034 0.199938 -0.238935
    35 1.719429 0.000006 0.000011 -0.052948 0.056602 -1.447142
    36 1.099661 0.000002 0.000007 -0.011453 -0.002307 0.116502
    37 0.806019 -0.359832 -1.318334 0.864161 0.348455 -0.949251
    38 1.789782 -0.000008 -0.000008 -0.016601 0.223149 0.393590
    39 1.207003 -0.000002 -0.000002 0.050515 -0.350313 0.767587
    40 11.481703 0.000105 0.000003 0.104430 0.120325 -0.035436
    41 -6.491215 -13.411680 -1.263066 0.868368 -0.032483 0.038260
    42 0.000000 -4.325217 2.197774 0.000000 0.000000 0.000000
    43 0.759740 0.264293 2.354383 -1.578590 0.000000 0.000000
    44 -0.023242 0.746336 -3.528393 0.000000 0.000000 0.000000
    45 0.000000 -2.479087 -0.773617 0.000000 0.000000 0.000000
    46 4.935818 26.131886 -30.068890 1.570796 0.000000 -1.570796
    47 0.246049 -5.703599 -24.367022 -1.578590 0.000000 0.000000
    48 3.563665 24.276297 -24.518890 1.370872 -0.290362 0.012589
    49 -0.163199 2.333981 0.382080 3.036085 0.153200 -1.921800
    50 1.417000 1.884756 0.307373 -0.111793 0.161679 -1.589012
    51 2.720712 2.529284 0.412601 -3.110078 -0.046555 2.851972
  time 48
    0 0.000000 -0.000006 0.000000 -1.570781 -1.391896 -1.570809
    1 -12.056926 0.657007 3.289263 1.596635 -1.286515 2.942964
    2 6.028141 0.000005 0.000002 -0.068735 -1.234333 -2.463863
    3 11.692560 0.000013 -0.000006 -0.000019 0.000024 -0.931910
    4 11.481678 0.000006 -0.000039 2.674332 -0.254675 -0.543028
    5 3.859705 -0.142418 -1.191975 -0.468788 0.149597 -0.884866
    6 1.312563 -0.000013 0.000002 -0.000264 0.000141 -0.445003
    7 0.725459 -0.035163 -0.000001 -0.000023 -0.000003 -0.241962
    8 3.942327 0.046753 -0.431444 -0.152835 0.067461 -0.812327
    9 1.539093 0.000008 -0.000006 0.000849 -0.006310 -0.255958
    10 1.247106 0.031245 0.000002 0.000756 -0.000007 -0.427461
    11 3.883688 -0.046781 0.431443 0.082438 0.015687 -0.606774
    12 1.719580 -0.000010 0.000009 0.000086 0.002326 -0.374155
    13 1.209183 -0.000006 0.000003 0.000084 0.003091 -0.213713
    14 3.859854 -0.137962 1.332467 0.353402 -0.047952 -0.554051
    15 1.719431 0.000000 -0.000006 0.001075 -0.003651 -0.367628
    16 1.099672 0.000000 0.000004 0.000928 0.002595 -0.226474
    17 1.075585 -0.833317 1.071252 -1.202579 -0.668323 -0.816545
    18 1.789780 0.000002 -0.000006 0.000513 -0.003021 0.171236
    19 1.207005 0.000001 -0.000004 0.000002 -0.000001 0.362862
    20 11.481707 0.000006 -0.000005 0.208352 -0.072183 -0.073709
    21 -3.308594 -6.203125 -3.976563 -1.668474 1.286519 2.942954
    22 6.028142 0.000001 -0.000001 1.326523 0.853922 -0.681152
    23 11.692555 0.000031 0.000001 0.000000 0.000000 -1.291958
    24 11.481703 0.000105 0.000003 -0.958457 0.692478 0.052738
    25 3.859676 -0.132545 1.193109 0.630360 0.070276 -1.940361
    26 1.312563 0.000000 -0.000001 -0.036309 0.005144 -0.002453
    27 0.729366 0.000002 0.000000 0.000984 0.006156 -1.568944
    28 3.942295 0.050345 0.431044 0.165285 0.073602 -1.403691
    29 1.539101 -0.000002 0.000002 0.004999 -0.017614 -1.177076
    30 1.196321 -0.000004 -0.000002 -0.000579 0.000022 -0.199668
    31 3.883659 -0.050304 -0.431042 -0.011981 0.010725 -0.887437
    32 1.719584 0.000006 0.000006 -0.105498 0.032236 -1.716031
    33 1.209185 0.000002 0.000006 -0.009161 -0.004484 -0.219737
    34 3.859833 -0.148918 -1.331282 -0.296034 0.199938 -0.238935
    35 1.719429 0.000006 0.000011 -0.052948 0.056602 -1.447142
    36 1.099661 0.000002 0.000007 -0.011453 -0.002307 0.116502
    37 0.806019 -0.359832 -1.318334 0.864161 0.348455 -0.949251
    38 1.789782 -0.000008 -0.000008 -0.016601 0.223149 0.393590
    39 1.207003 -0.000002 -0.000002 0.050515 -0.350313 0.767587
    40 11.481703 0.000105 0.000003 0.105544 0.121080 -0.039919
    41 -6.584968 -13.579654 -1.739643 0.881115 -0.039169 0.035410
    42 0.000000 -4.325217 2.197774 0.000000 0.000000 0.000000
    43 0.759740 0.264293 2.354383 -1.578590 0.000000 0.000000
    44 -0.023242 0.746336 -3.528393 0.000000 0.000000 0.000000
    45 0.000000 -2.479087 -0.773617 0.000000 0.000000 0.000000
    46 4.935818 26.131886 -30.068890 1.570796 0.000000 -1.570796
    47 0.246049 -5.703599 -24.367022 -1.578590 0.000000 0.000000
    48 3.563665 24.276297 -24.518890 1.370872 -0.290362 0.012589
    49 -0.163199 2.333981 0.382080 3.036085 0.153200 -1.921800
    50 1.417000 1.884756 0.307373 -0.111793 0.161679 -1.589012
    51 2.720712 2.529284 0.412601 -3.110078 -0.046555 2.851972
  time 49
    0 0.000000 -0.000006 0.000000 -1.570781 -1.391896 -1.570809
    1 -11.795199 0.910921 3.406454 1.596635 -1.286515 2.942964
    2 6.028141 0.000005 0.000002 0.193740 -1.232041 -2.762746
    3 11.692560 0.000013 -0.000006 -0.000007 0.000024 -0.653803
    4 11.481678 0.000006 -0.000039 2.554217 -0.255521 -0.730029
    5 3.859705 -0.142418 -1.191975 -0.469603 0.147152 -0.890782
    6 1.312563 -0.000013 0.000002 -0.000395 0.000321 -0.451690
    7 0.725459 -0.035163 -0.000001 -0.000059 -0.000003 -0.239015
    8 3.942327 0.046753 -0.431444 -0.153494 0.064034 -0.814574
    9 1.539093 0.000008 -0.000006 0.001352 -0.009678 -0.266212
    10 1.243200 0.031245 0.000002 0.001152 -0.000007 -0.423225
    11 3.883688 -0.046781 0.431443 0.080868 0.012247 -0.615594
    12 1.719580 -0.000010 0.000009 0.000218 0.000361 -0.383820
    13 1.209183 -0.000006 0.000003 0.000204 0.003079 -0.210315
    14 3.859854 -0.137962 1.332467 0.352950 -0.050541 -0.564468
    15 1.719431 0.000000 -0.000006 0.001602 -0.007246 -0.373469
    16 1.099672 0.000000 0.000004 0.001371 0.002583 -0.217602
    17 1.075585 -0.833317 1.071252 -1.191830 -0.661134 -0.828243
    18 1.789780 0.000002 -0.000006 0.001256 -0.006820 0.144675
    19 1.207005 0.000001 -0.000004 0.000002 -0.000001 0.362862
    20 11.481707 0.000006 -0.000005 0.181036 -0.081795 -0.114660
    21 -3.308594 -6.203125 -3.976563 -1.668474 1.286519 2.942954
    22 6.028142 0.000001 -0.000001 1.312190 0.833505 -0.691454
    23 11.692555 0.000031 0.000001 0.000000 0.000000 -1.281612
    24 11.481703 0.000105 0.000003 -0.969743 0.692310 0.030942
    25 3.859676 -0.132545 1.193109 0.630360 0.070276 -1.940361
    26 1.312563 0.000000 -0.000001 -0.036309 0.005144 -0.002453
    27 0.729366 0.000002 0.000000 0.000984 0.006156 -1.568944
    28 3.942295 0.050345 0.431044 0.165285 0.073602 -1.403691
    29 1.539101 -0.000002 0.000002 0.004999 -0.017614 -1.177076
    30 1.196321 -0.000004 -0.000002 -0.000579 0.000022 -0.199668
    31 3.883659 -0.050304 -0.431042 -0.011981 0.010725 -0.887437
    32 1.719584 0.000006 0.000006 -0.105498 0.032236 -1.716031
    33 1.209185 0.000002 0.000006 -0.009161 -0.004484 -0.219737
    34 3.859833 -0.148918 -1.331282 -0.296034 0.199938 -0.238935
    35 1.719429 0.000006 0.000011 -0.052948 0.056602 -1.447142
    36 1.099661 0.000002 0.000007 -0.011453 -0.002307 0.116502
    37 0.806019 -0.359832 -1.318334 0.864161 0.348455 -0.949251
    38 1.789782 -0.000008 -0.000008 -0.016601 0.223149 0.393590
    39 1.207003 -0.000002 -0.000002 0.050515 -0.350313 0.767587
    40 11.481703 0.000105 0.000003 0.104598 0.120134 -0.043262
    41 -6.670908 -13.646062 -2.267003 0.896523 -0.031938 0.032636
    42 0.000000 -4.325217 2.197774 0.000000 0.000000 0.000000
    43 0.759740 0.264293 2.354383 -1.578590 0.000000 0.000000
    44 -0.023242 0.746336 -3.528393 0.000000 0.000000 0.000000
    45 0.000000 -2.479087 -0.773617 0.000000 0.000000 0.000000
    46 4.935818 26.131886 -30.068890 1.570796 0.000000 -1.570796
    47 0.246049 -5.703599 -24.367022 -1.578590 0.000000 0.000000
    48 3.563665 24.276297 -24.518890 1.370872 -0.290362 0.012589
    49 -0.163199 2.333981 0.382080 3.036085 0.153200 -1.921800
    50 1.417000 1.884756 0.307373 -0.111793 0.161679 -1.589012
    51 2.720712 2.529284 0.412601 -3.110078 -0.046555 2.851972
  time 50
    0 0.000000 -0.000006 0.000000 -1.570781 -1.391896 -1.570809
    1 -11.537379 1.160928 3.527551 1.596635 -1.286515 2.942964
    2 6.028141 0.000005 0.000002 0.452299 -1.192604 -3.057273
    3 11.692560 0.000013 -0.000006 -0.000007 0.000012 -0.366260
    4 11.481678 0.000006 -0.000039 2.428475 -0.265063 -0.899906
    5 3.859705 -0.142418 -1.191975 -0.470730 0.143700 -0.899071
    6 1.312563 -0.000013 0.000002 -0.000527 0.000572 -0.461041
    7 0.725459 -0.031257 -0.000001 -0.000095 -0.000003 -0.234896
    8 3.942327 0.046753 -0.431444 -0.154225 0.060247 -0.817905
    9 1.539093 0.000008 -0.000006 0.001939 -0.013177 -0.280640
    10 1.239293 0.027339 0.000002 0.001571 -0.000007 -0.417255
    11 3.883688 -0.046781 0.431443 0.079430 0.008592 -0.623927
    12 1.719580 -0.000010 0.000009 0.000433 -0.001833 -0.397464
    13 1.209183 -0.000006 0.000003 0.000372 0.003079 -0.205595
    14 3.859854 -0.137962 1.332467 0.352562 -0.053094 -0.574343
    15 1.719431 0.000000 -0.000006 0.002117 -0.010626 -0.381647
    16 1.099672 0.000000 0.000004 0.001779 0.002571 -0.208768
    17 1.075585 -0.833317 1.071252 -1.180714 -0.652849 -0.838377
    18 1.789780 0.000002 -0.000006 0.002395 -0.012118 0.119590
    19 1.207005 0.000001 -0.000004 0.000002 -0.000001 0.362862
    20 11.481707 0.000006 -0.000005 0.152378 -0.087943 -0.152418
    21 -3.308594 -6.203125 -3.976563 -1.668474 1.286519 2.942954
    22 6.028142 0.000001 -0.000001 1.299612 0.806273 -0.698889
    23 11.692555 0.000031 0.000001 0.000000 0.000000 -1.280441
    24 11.481703 0.000105 0.000003 -0.986718 0.688648 0.011012
    25 3.859676 -0.132545 1.193109 0.630360 0.070276 -1.940361
    26 1.312563 0.000000 -0.000001 -0.036309 0.005144 -0.002453
    27 0.729366 0.000002 0.000000 0.000984 0.006156 -1.568944
    28 3.942295 0.050345 0.431044 0.165285 0.073602 -1.403691
    29 1.539101 -0.000002 0.000002 0.004999 -0.017614 -1.177076
    30 1.196321 -0.000004 -0.000002 -0.000579 0.000022 -0.199668
    31 3.883659 -0.050304 -0.431042 -0.011981 0.010725 -0.887437
    32 1.719584 0.000006 0.000006 -0.105498 0.032236 -1.716031
    33 1.209185 0.000002 0.000006 -0.009161 -0.004484 -0.219737
    34 3.859833 -0.148918 -1.331282 -0.296034 0.199938 -0.238935
    35 1.719429 0.000006 0.000011 -0.052948 0.056602 -1.447142
    36 1.099661 0.000002 0.000007 -0.011453 -0.002307 0.116502
    37 0.806019 -0.359832 -1.318334 0.864161 0.348455 -0.949251
    38 1.789782 -0.000008 -0.000008 -0.016601 0.223149 0.393590
    39 1.207003 -0.000002 -0.000002 0.050515 -0.350313 0.767587
    40 11.481703 0.000105 0.000003 0.102596 0.118588 -0.045707
    41 -6.752941 -13.642156 -2.833427 0.914345 -0.018494 0.029939
    42 0.000000 -4.325217 2.197774 0.000000 0.000000 0.000000
    43 0.759740 0.264293 2.354383 -1.578590 0.000000 0.000000
    44 -0.023242 0.746336 -3.528393 0.000000 0.000000 0.000000
    45 0.000000 -2.479087 -0.773617 0.000000 0.000000 0.000000
    46 4.935818 26.131886 -30.068890 1.570796 0.000000 -1.570796
    47 0.246049 -5.703599 -24.367022 -1.578590 0.000000 0.000000
    48 3.563665 24.276297 -24.518890 1.370872 -0.290362 0.012589
    49 -0.163199 2.333981 0.382080 3.036085 0.153200 -1.921800
    50 1.417000 1.884756 0.307373 -0.111793 0.161679 -1.589012
    51 2.720712 2.529284 0.412601 -3.110078 -0.046555 2.851972
  time 51
    0 0.000000 -0.000006 0.000000 -1.570781 -1.391896 -1.570809
    1 -11.283465 1.407029 3.640836 1.596635 -1.286515 2.942964
    2 6.028141 0.000005 0.000002 0.711146 -1.101755 -3.359659
    3 11.692560 0.000013 -0.000006 -0.000007 0.000000 -0.006532
    4 11.532461 0.000006 -0.000039 2.294614 -0.266949 -1.079602
    5 3.859705 -0.142418 -1.191975 -0.472120 0.139278 -0.909655
    6 1.312563 -0.000013 0.000002 -0.000647 0.000896 -0.473007
    7 0.725459 -0.027350 -0.000001 -0.000155 -0.000003 -0.229566
    8 3.942327 0.046753 -0.431444 -0.155028 0.056124 -0.822263
    9 1.539093 0.000008 -0.000006 0.002623 -0.016772 -0.299151
    10 1.239293 0.027339 0.000002 0.001990 -0.000007 -0.409668
    11 3.883688 -0.046781 0.431443 0.078112 0.004733 -0.631771
    12 1.719580 -0.000010 0.000009 0.000733 -0.004265 -0.414861
    13 1.209183 -0.000006 0.000003 0.000575 0.003079 -0.199516
    14 3.859854 -0.137962 1.332467 0.352226 -0.055610 -0.583618
    15 1.719431 0.000000 -0.000006 0.002645 -0.013778 -0.392112
    16 1.099672 0.000000 0.000004 0.002162 0.002547 -0.200087
    17 1.075585 -0.833317 1.071252 -1.169267 -0.643512 -0.846950
    18 1.789780 0.000002 -0.000006 0.003965 -0.018865 0.096111
    19 1.207005 0.000001 -0.000004 0.000002 -0.000001 0.362862
    20 11.489519 0.000006 -0.000005 0.122757 -0.089309 -0.193508
    21 -3.308594 -6.203125 -3.976563 -1.668474 1.286519 2.942954
    22 6.028142 0.000001 -0.000001 1.283465 0.779520 -0.709010
    23 11.692555 0.000031 0.000001 0.000000 0.000000 -1.279009
    24 11.481703 0.000105 0.000003 -0.997449 0.688889 -0.003756
    25 3.859676 -0.132545 1.193109 0.630360 0.070276 -1.940361
    26 1.312563 0.000000 -0.000001 -0.036309 0.005144 -0.002453
    27 0.729366 0.000002 0.000000 0.000984 0.006156 -1.568944
    28 3.942295 0.050345 0.431044 0.165285 0.073602 -1.403691
    29 1.539101 -0.000002 0.000002 0.004999 -0.017614 -1.177076
    30 1.196321 -0.000004 -0.000002 -0.000579 0.000022 -0.199668
    31 3.883659 -0.050304 -0.431042 -0.011981 0.010725 -0.887437
    32 1.719584 0.000006 0.000006 -0.105498 0.032236 -1.716031
    33 1.209185 0.000002 0.000006 -0.009161 -0.004484 -0.219737
    34 3.859833 -0.148918 -1.331282 -0.296034 0.199938 -0.238935
    35 1.719429 0.000006 0.000011 -0.052948 0.056602 -1.447142
    36 1.099661 0.000002 0.000007 -0.011453 -0.002307 0.116502
    37 0.806019 -0.359832 -1.318334 0.864161 0.348455 -0.949251
    38 1.789782 -0.000008 -0.000008 -0.016601 0.223149 0.393590
    39 1.207003 -0.000002 -0.000002 0.050515 -0.350313 0.767587
    40 11.481703 0.000105 0.000003 0.101350 0.118048 -0.047781
    41 -6.823256 -13.626530 -3.419382 0.934425 -0.011264 0.027396
    42 0.000000 -4.325217 2.197774 0.000000 0.000000 0.000000
    43 0.759740 0.264293 2.354383 -1.578590 0.000000 0.000000
    44 -0.023242 0.746336 -3.528393 0.000000 0.000000 0.000000
    45 0.000000 -2.479087 -0.773617 0.000000 0.000000 0.000000
    46 4.935818 26.131886 -30.068890 1.570796 0.000000 -1.570796
    47 0.246049 -5.703599 -24.367022 -1.578590 0.000000 0.000000
    48 3.563665 24.276297 -24.518890 1.370872 -0.290362 0.012589
    49 -0.163199 2.333981 0.382080 3.036085 0.153200 -1.921800
    50 1.417000 1.884756 0.307373 -0.111793 0.161679 -1.589012
    51 2.720712 2.529284 0.412601 -3.110078 -0.046555 2.851972
  time 52
    0 0.000000 -0.000006 0.000000 -1.570781 -1.391896 -1.570809
    1 -11.033457 1.649224 3.754121 1.596635 -1.286515 2.942964
    2 6.028141 0.000005 0.000002 0.655385 -1.100632 -3.318097
    3 11.692560 0.000013 -0.000006 -0.000007 0.000000 -0.006532
    4 11.716060 0.000006 -0.000039 2.137967 -0.267141 -1.034800
    5 3.859705 -0.142418 -1.191975 -0.473750 0.133909 -0.922412
    6 1.312563 -0.000013 0.000002 -0.000767 0.001279 -0.487490
    7 0.729365 -0.027350 -0.000001 -0.000227 -0.000003 -0.223187
    8 3.942327 0.046753 -0.431444 -0.155879 0.051678 -0.827627
    9 1.539093 0.000008 -0.000006 0.003426 -0.020464 -0.321610
    10 1.235387 0.023432 0.000002 0.002434 -0.000019 -0.400463
    11 3.883688 -0.046781 0.431443 0.076938 0.000706 -0.639050
    12 1.719580 -0.000010 0.000009 0.001153 -0.006890 -0.435953
    13 1.209183 -0.000006 0.000003 0.000827 0.003067 -0.192153
    14 3.859854 -0.137962 1.332467 0.351941 -0.058067 -0.592254
    15 1.719431 0.000000 -0.000006 0.003184 -0.016702 -0.404817
    16 1.099672 0.000000 0.000004 0.002522 0.002535 -0.191596
    17 1.075585 -0.833317 1.071252 -1.157564 -0.633210 -0.853825
    18 1.789780 0.000002 -0.000006 0.005978 -0.026978 0.074324
    19 1.207005 0.000001 -0.000004 0.000002 -0.000001 0.362862
    20 11.528583 0.000006 -0.000005 0.094920 -0.074724 -0.192345
    21 -3.308594 -6.203125 -3.976563 -1.668474 1.286519 2.942954
    22 6.028142 0.000001 -0.000001 1.261585 0.754930 -0.723934
    23 11.692555 0.000031 0.000001 0.000000 0.000000 -1.276862
    24 11.481703 0.000105 0.000003 -0.994813 0.696959 -0.009155
    25 3.859676 -0.132545 1.193109 0.630360 0.070276 -1.940361
    26 1.312563 0.000000 -0.000001 -0.036309 0.005144 -0.002453
    27 0.729366 0.000002 0.000000 0.000984 0.006156 -1.568944
    28 3.942295 0.050345 0.431044 0.165285 0.073602 -1.403691
    29 1.539101 -0.000002 0.000002 0.004999 -0.017614 -1.177076
    30 1.196321 -0.000004 -0.000002 -0.000579 0.000022 -0.199668
    31 3.883659 -0.050304 -0.431042 -0.011981 0.010725 -0.887437
    32 1.719584 0.000006 0.000006 -0.105498 0.032236 -1.716031
    33 1.209185 0.000002 0.000006 -0.009161 -0.004484 -0.219737
    34 3.859833 -0.148918 -1.331282 -0.296034 0.199938 -0.238935
    35 1.719429 0.000006 0.000011 -0.052948 0.056602 -1.447142
    36 1.099661 0.000002 0.000007 -0.011453 -0.002307 0.116502
    37 0.806019 -0.359832 -1.318334 0.864161 0.348455 -0.949251
    38 1.789782 -0.000008 -0.000008 -0.016601 0.223149 0.393590
    39 1.207003 -0.000002 -0.000002 0.050515 -0.350313 0.767587
    40 11.481703 0.000105 0.000003 0.101889 0.119427 -0.049363
    41 -6.881852 -13.603092 -4.001431 0.956763 -0.017404 0.024854
    42 0.000000 -4.325217 2.197774 0.000000 0.000000 0.000000
    43 0.759740 0.264293 2.354383 -1.578590 0.000000 0.000000
    44 -0.023242 0.746336 -3.528393 0.000000 0.000000 0.000000
    45 0.000000 -2.479087 -0.773617 0.000000 0.000000 0.000000
    46 4.935818 26.131886 -30.068890 1.570796 0.000000 -1.570796
    47 0.246049 -5.703599 -24.367022 -1.578590 0.000000 0.000000
    48 3.563665 24.276297 -24.518890 1.370872 -0.290362 0.012589
    49 -0.163199 2.333981 0.382080 3.036085 0.153200 -1.921800
    50 1.417000 1.884756 0.307373 -0.111793 0.161679 -1.589012
    51 2.720712 2.529284 0.412601 -3.110078 -0.046555 2.851972
  time 53
    0 0.000000 -0.000006 0.000000 -1.570781 -1.391896 -1.570809
    1 -10.791262 1.883606 3.863499 1.596635 -1.286515 2.942964
    2 6.028141 0.000005 0.000002 0.581770 -1.080937 -3.260347
    3 11.692560 0.000013 -0.000006 -0.000007 0.000000 -0.006532
    4 11.626214 0.000006 -0.000039 1.923199 -0.297037 -0.903558
    5 3.859705 -0.142418 -1.191975 -0.475547 0.127641 -0.937261
    6 1.312563 -0.000013 0.000002 -0.000887 0.001735 -0.504318
    7 0.729365 -0.023444 -0.000001 -0.000311 -0.000003 -0.215717
    8 3.942327 0.046753 -0.431444 -0.156766 0.046956 -0.833902
    9 1.539093 0.000008 -0.000006 0.004372 -0.024191 -0.347698
    10 1.231481 0.023432 0.000002 0.002877 -0.000031 -0.389794
    11 3.883688 -0.046781 0.431443 0.075895 -0.003464 -0.645763
    12 1.719580 -0.000010 0.000009 0.001692 -0.009694 -0.460514
    13 1.209183 -0.000006 0.000003 0.001115 0.003055 -0.183620
    14 3.859854 -0.137962 1.332467 0.351708 -0.060464 -0.600231
    15 1.719431 0.000000 -0.000006 0.003723 -0.019375 -0.419517
    16 1.099672 0.000000 0.000004 0.002845 0.002511 -0.183257
    17 1.075585 -0.833317 1.071252 -1.145714 -0.622032 -0.859093
    18 1.789780 0.000002 -0.000006 0.008447 -0.036386 0.054317
    19 1.207005 0.000001 -0.000004 0.000002 -0.000001 0.362862
    20 11.509051 0.000006 -0.000005 0.054947 -0.060390 -0.174737
    21 -3.308594 -6.203125 -3.976563 -1.668474 1.286519 2.942954
    22 6.028142 0.000001 -0.000001 1.243976 0.716438 -0.731814
    23 11.692555 0.000031 0.000001 0.000000 0.000000 -1.311348
    24 11.481703 0.000105 0.000003 -0.961788 0.684866 0.051983
    25 3.859676 -0.132545 1.193109 0.630360 0.070276 -1.940361
    26 1.312563 0.000000 -0.000001 -0.036309 0.005144 -0.002453
    27 0.729366 0.000002 0.000000 0.000984 0.006156 -1.568944
    28 3.942295 0.050345 0.431044 0.165285 0.073602 -1.403691
    29 1.539101 -0.000002 0.000002 0.004999 -0.017614 -1.177076
    30 1.196321 -0.000004 -0.000002 -0.000579 0.000022 -0.199668
    31 3.883659 -0.050304 -0.431042 -0.011981 0.010725 -0.887437
    32 1.719584 0.000006 0.000006 -0.105498 0.032236 -1.716031
    33 1.209185 0.000002 0.000006 -0.009161 -0.004484 -0.219737
    34 3.859833 -0.148918 -1.331282 -0.296034 0.199938 -0.238935
    35 1.719429 0.000006 0.000011 -0.052948 0.056602 -1.447142
    36 1.099661 0.000002 0.000007 -0.011453 -0.002307 0.116502
    37 0.806019 -0.359832 -1.318334 0.864161 0.348455 -0.949251
    38 1.789782 -0.000008 -0.000008 -0.016601 0.223149 0.393590
    39 1.207003 -0.000002 -0.000002 0.050515 -0.350313 0.767587
    40 11.481703 0.000105 0.000003 0.105233 0.119558 -0.039439
    41 -6.928728 -13.571841 -4.567855 1.018705 -0.028814 0.022388
    42 0.000000 -4.325217 2.197774 0.000000 0.000000 0.000000
    43 0.759740 0.264293 2.354383 -1.578590 0.000000 0.000000
    44 -0.023242 0.746336 -3.528393 0.000000 0.000000 0.000000
    45 0.000000 -2.479087 -0.773617 0.000000 0.000000 0.000000
    46 4.935818 26.131886 -30.068890 1.570796 0.000000 -1.570796
    47 0.246049 -5.703599 -24.367022 -1.578590 0.000000 0.000000
    48 3.563665 24.276297 -24.518890 1.370872 -0.290362 0.012589
    49 -0.163199 2.333981 0.382080 3.036085 0.153200 -1.921800
    50 1.417000 1.884756 0.307373 -0.111793 0.161679 -1.589012
    51 2.720712 2.529284 0.412601 -3.110078 -0.046555 2.851972
  time 54
    0 0.000000 -0.000006 0.000000 -1.570781 -1.391896 -1.570809
    1 -10.560786 2.110176 3.972877 1.596635 -1.286515 2.942964
    2 6.028141 0.000005 0.000002 0.259907 -1.091136 -2.924068
    3 11.692560 0.000013 -0.000006 -0.000007 0.000000 -0.271386
    4 11.481678 0.000006 -0.000039 1.614240 -0.354021 -0.532152
    5 3.859705 -0.142418 -1.191975 -0.477453 0.120558 -0.953921
    6 1.312563 -0.000013 0.000002 -0.001019 0.002238 -0.523267
    7 0.729365 -0.023444 -0.000001 -0.000406 -0.000003 -0.207359
    8 3.942327 0.046753 -0.431444 -0.157676 0.042018 -0.841030
    9 1.539093 0.000008 -0.000006 0.005463 -0.027930 -0.377099
    10 1.227574 0.019526 0.000002 0.003321 -0.000055 -0.377777
    11 3.883688 -0.046781 0.431443 0.074996 -0.007731 -0.651890
    12 1.719580 -0.000010 0.000009 0.002375 -0.012655 -0.488201
    13 1.209183 -0.000006 0.000003 0.001450 0.003043 -0.174029
    14 3.859854 -0.137962 1.332467 0.351514 -0.062777 -0.607512
    15 1.719431 0.000000 -0.000006 0.004286 -0.021784 -0.436115
    16 1.099672 0.000000 0.000004 0.003145 0.002487 -0.175222
    17 1.075585 -0.833317 1.071252 -1.133827 -0.610153 -0.862710
    18 1.789780 0.000002 -0.000006 0.011359 -0.046921 0.036089
    19 1.207005 0.000001 -0.000004 0.000002 -0.000001 0.362862
    20 11.481707 0.000006 -0.000005 -0.000080 -0.050743 -0.112769
    21 -3.308594 -6.203125 -3.976563 -1.668474 1.286519 2.942954
    22 6.028142 0.000001 -0.000001 1.239062 0.658850 -0.723934
    23 11.692555 0.000031 0.000001 0.000000 0.000000 -1.399903
    24 11.481703 0.000105 0.000003 -0.900270 0.628205 0.203162
    25 3.859676 -0.132545 1.193109 0.630360 0.070276 -1.940361
    26 1.312563 0.000000 -0.000001 -0.036309 0.005144 -0.002453
    27 0.729366 0.000002 0.000000 0.000984 0.006156 -1.568944
    28 3.942295 0.050345 0.431044 0.165285 0.073602 -1.403691
    29 1.539101 -0.000002 0.000002 0.004999 -0.017614 -1.177076
    30 1.196321 -0.000004 -0.000002 -0.000579 0.000022 -0.199668
    31 3.883659 -0.050304 -0.431042 -0.011981 0.010725 -0.887437
    32 1.719584 0.000006 0.000006 -0.105498 0.032236 -1.716031
    33 1.209185 0.000002 0.000006 -0.009161 -0.004484 -0.219737
    34 3.859833 -0.148918 -1.331282 -0.296034 0.199938 -0.238935
    35 1.719429 0.000006 0.000011 -0.052948 0.056602 -1.447142
    36 1.099661 0.000002 0.000007 -0.011453 -0.002307 0.116502
    37 0.806019 -0.359832 -1.318334 0.864161 0.348455 -0.949251
    38 1.789782 -0.000008 -0.000008 -0.016601 0.223149 0.393590
    39 1.207003 -0.000002 -0.000002 0.050515 -0.350313 0.767587
    40 11.481703 0.000105 0.000003 0.111429 0.115639 -0.011779
    41 -6.956073 -13.532778 -5.099121 1.140639 -0.034954 0.020076
    42 0.000000 -4.325217 2.197774 0.000000 0.000000 0.000000
    43 0.759740 0.264293 2.354383 -1.578590 0.000000 0.000000
    44 -0.023242 0.746336 -3.528393 0.000000 0.000000 0.000000
    45 0.000000 -2.479087 -0.773617 0.000000 0.000000 0.000000
    46 4.935818 26.131886 -30.068890 1.570796 0.000000 -1.570796
    47 0.246049 -5.703599 -24.367022 -1.578590 0.000000 0.000000
    48 3.563665 24.276297 -24.518890 1.370872 -0.290362 0.012589
    49 -0.163199 2.333981 0.382080 3.036085 0.153200 -1.921800
    50 1.417000 1.884756 0.307373 -0.111793 0.161679 -1.589012
    51 2.720712 2.529284 0.412601 -3.110078 -0.046555 2.851972
  time 55
    0 0.000000 -0.000006 0.000000 -1.570781 -1.391896 -1.570809
    1 -10.338123 2.328933 4.074443 1.596635 -1.286515 2.942964
    2 6.028141 0.000005 0.000002 0.030564 -1.038039 -2.683599
    3 11.692560 0.000013 -0.000006 -0.000007 0.000012 -0.456716
    4 11.481678 0.000006 -0.000039 1.203248 -0.382532 -0.124466
    5 3.859705 -0.142418 -1.191975 -0.479407 0.112768 -0.972151
    6 1.312563 -0.000013 0.000002 -0.001138 0.002789 -0.544017
    7 0.729365 -0.019538 -0.000001 -0.000514 -0.000003 -0.198193
    8 3.942327 0.046753 -0.431444 -0.158575 0.036901 -0.848854
    9 1.539093 0.000008 -0.000006 0.006709 -0.031633 -0.409358
    10 1.223668 0.019526 0.000002 0.003764 -0.000091 -0.364605
    11 3.883688 -0.046781 0.431443 0.074229 -0.012057 -0.657393
    12 1.719580 -0.000010 0.000009 0.003202 -0.015699 -0.518560
    13 1.209183 -0.000006 0.000003 0.001810 0.003019 -0.163532
    14 3.859854 -0.137962 1.332467 0.351372 -0.064982 -0.614076
    15 1.719431 0.000000 -0.000006 0.004862 -0.023917 -0.454223
    16 1.099672 0.000000 0.000004 0.003421 0.002463 -0.167493
    17 1.075585 -0.833317 1.071252 -1.121904 -0.597747 -0.864719
    18 1.789780 0.000002 -0.000006 0.014643 -0.058414 0.019684
    19 1.207005 0.000001 -0.000004 0.000002 -0.000001 0.362862
    20 11.481707 0.000006 -0.000005 -0.071772 -0.053571 -0.049219
    21 -3.308594 -6.203125 -3.976563 -1.668474 1.286519 2.942954
    22 6.028142 0.000001 -0.000001 1.244942 0.600572 -0.706225
    23 11.692555 0.000031 0.000001 0.000000 0.000000 -1.511883
    24 11.481703 0.000105 0.000003 -0.837920 0.533626 0.395868
    25 3.859676 -0.132545 1.193109 0.630360 0.070276 -1.940361
    26 1.312563 0.000000 -0.000001 -0.036309 0.005144 -0.002453
    27 0.729366 0.000002 0.000000 0.000984 0.006156 -1.568944
    28 3.942295 0.050345 0.431044 0.165285 0.073602 -1.403691
    29 1.539101 -0.000002 0.000002 0.004999 -0.017614 -1.177076
    30 1.196321 -0.000004 -0.000002 -0.000579 0.000022 -0.199668
    31 3.883659 -0.050304 -0.431042 -0.011981 0.010725 -0.887437
    32 1.719584 0.000006 0.000006 -0.105498 0.032236 -1.716031
    33 1.209185 0.000002 0.000006 -0.009161 -0.004484 -0.219737
    34 3.859833 -0.148918 -1.331282 -0.296034 0.199938 -0.238935
    35 1.719429 0.000006 0.000011 -0.052948 0.056602 -1.447142
    36 1.099661 0.000002 0.000007 -0.011453 -0.002307 0.116502
    37 0.806019 -0.359832 -1.318334 0.864161 0.348455 -0.949251
    38 1.789782 -0.000008 -0.000008 -0.016601 0.223149 0.393590
    39 1.207003 -0.000002 -0.000002 0.050515 -0.350313 0.767587
    40 11.481703 0.000105 0.000003 0.119375 0.108293 0.026931
    41 -6.967792 -13.489807 -5.571792 1.297195 -0.034573 0.017842
    42 0.000000 -4.325217 2.197774 0.000000 0.000000 0.000000
    43 0.759740 0.264293 2.354383 -1.578590 0.000000 0.000000
    44 -0.023242 0.746336 -3.528393 0.000000 0.000000 0.000000
    45 0.000000 -2.479087 -0.773617 0.000000 0.000000 0.000000
    46 4.935818 26.131886 -30.068890 1.570796 0.000000 -1.570796
    47 0.246049 -5.703599 -24.367022 -1.578590 0.000000 0.000000
    48 3.563665 24.276297 -24.518890 1.370872 -0.290362 0.012589
    49 -0.163199 2.333981 0.382080 3.036085 0.153200 -1.921800
    50 1.417000 1.884756 0.307373 -0.111793 0.161679 -1.589012
    51 2.720712 2.529284 0.412601 -3.110078 -0.046555 2.851972
  time 56
    0 0.000000 -0.000006 0.000000 -1.570781 -1.391896 -1.570809
    1 -10.127179 2.535970 4.172102 1.596635 -1.286515 2.942964
    2 6.028141 0.000005 0.000002 -0.077042 -0.967727 -2.573684
    3 11.692560 0.000013 -0.000006 -0.000007 0.000012 -0.551890
    4 11.481678 0.000006 -0.000039 0.763565 -0.333590 0.226731
    5 3.859705 -0.142418 -1.191975 -0.481324 0.104403 -0.991587
    6 1.312563 -0.000013 0.000002 -0.001282 0.003377 -0.566198
    7 0.729365 -0.015631 -0.000001 -0.000622 -0.000003 -0.188421
    8 3.942327 0.046753 -0.431444 -0.159450 0.031675 -0.857259
    9 1.539093 0.000008 -0.000006 0.008100 -0.035241 -0.443885
    10 1.219762 0.015620 0.000002 0.004196 -0.000139 -0.350547
    11 3.883688 -0.046781 0.431443 0.073582 -0.016372 -0.662291
    12 1.719580 -0.000010 0.000009 0.004173 -0.018791 -0.551022
    13 1.209183 -0.000006 0.000003 0.002193 0.002995 -0.152318
    14 3.859854 -0.137962 1.332467 0.351269 -0.067080 -0.619904
    15 1.719431 0.000000 -0.000006 0.005425 -0.025787 -0.473645
    16 1.099672 0.000000 0.000004 0.003660 0.002439 -0.160182
    17 1.075585 -0.833317 1.071252 -1.110164 -0.584991 -0.865299
    18 1.789780 0.000002 -0.000006 0.018275 -0.070674 0.005145
    19 1.207005 0.000001 -0.000004 0.000002 -0.000001 0.362862
    20 11.481707 0.000006 -0.000005 -0.149792 -0.063614 0.003821
    21 -3.308594 -6.203125 -3.976563 -1.668474 1.286519 2.942954
    22 6.028142 0.000001 -0.000001 1.258339 0.556436 -0.685858
    23 11.692555 0.000031 0.000001 0.000000 0.000000 -1.620739
    24 11.481703 0.000105 0.000003 -0.790047 0.416643 0.592663
    25 3.859676 -0.132545 1.193109 0.630360 0.070276 -1.940361
    26 1.312563 0.000000 -0.000001 -0.036309 0.005144 -0.002453
    27 0.729366 0.000002 0.000000 0.000984 0.006156 -1.568944
    28 3.942295 0.050345 0.431044 0.165285 0.073602 -1.403691
    29 1.539101 -0.000002 0.000002 0.004999 -0.017614 -1.177076
    30 1.196321 -0.000004 -0.000002 -0.000579 0.000022 -0.199668
    31 3.883659 -0.050304 -0.431042 -0.011981 0.010725 -0.887437
    32 1.719584 0.000006 0.000006 -0.105498 0.032236 -1.716072
    33 1.209185 0.000002 0.000006 -0.009161 -0.004484 -0.219737
    34 3.859833 -0.148918 -1.331282 -0.296034 0.199938 -0.238935
    35 1.719429 0.000006 0.000011 -0.052948 0.056602 -1.447142
    36 1.099661 0.000002 0.000007 -0.011453 -0.002307 0.116502
    37 0.806019 -0.359832 -1.318334 0.864161 0.348455 -0.949251
    38 1.789782 -0.000008 -0.000008 -0.016601 0.223149 0.393590
    39 1.207003 -0.000002 -0.000002 0.050515 -0.350313 0.767587
    40 11.481703 0.000105 0.000003 0.128399 0.098933 0.069944
    41 -6.956073 -13.442931 -5.966335 1.463032 -0.031957 0.015685
    42 0.000000 -4.325217 2.197774 0.000000 0.000000 0.000000
    43 0.759740 0.264293 2.354383 -1.578590 0.000000 0.000000
    44 -0.023242 0.746336 -3.528393 0.000000 0.000000 0.000000
    45 0.000000 -2.479087 -0.773617 0.000000 0.000000 0.000000
    46 4.935818 26.131886 -30.068890 1.570796 0.000000 -1.570796
    47 0.246049 -5.703599 -24.367022 -1.578590 0.000000 0.000000
    48 3.563665 24.276297 -24.518890 1.370872 -0.290362 0.012589
    49 -0.163199 2.333981 0.382080 3.036085 0.153200 -1.921800
    50 1.417000 1.884756 0.307373 -0.111793 0.161679 -1.589012
    51 2.720712 2.529284 0.412601 -3.110078 -0.046555 2.851972
  time 57
    0 0.000000 -0.000006 0.000000 -1.570781 -1.391896 -1.570809
    1 -9.924048 2.731289 4.261949 1.596635 -1.286515 2.942964
    2 6.028141 0.000005 0.000002 -0.127551 -0.906958 -2.528809
    3 11.692560 0.000013 -0.000006 -0.000007 0.000012 -0.592400
    4 11.481678 0.000006 -0.000039 0.394549 -0.234782 0.450905
    5 3.859705 -0.142418 -1.191975 -0.483158 0.095630 -1.011869
    6 1.312563 -0.000013 0.000002 -0.001426 0.003988 -0.589342
    7 0.729365 -0.015631 -0.000001 -0.000742 -0.000003 -0.178206
    8 3.942327 0.046753 -0.431444 -0.160289 0.026438 -0.866052
    9 1.539093 0.000008 -0.000006 0.009622 -0.038704 -0.479955
    10 1.215855 0.011713 0.000002 0.004627 -0.000187 -0.335873
    11 3.883688 -0.046781 0.431443 0.073067 -0.020638 -0.666584
    12 1.719580 -0.000010 0.000009 0.005287 -0.021871 -0.584906
    13 1.209183 -0.000006 0.000003 0.002589 0.002971 -0.140612
    14 3.859854 -0.137962 1.332467 0.351191 -0.069045 -0.625016
    15 1.719431 0.000000 -0.000006 0.005988 -0.027393 -0.493894
    16 1.099672 0.000000 0.000004 0.003864 0.002415 -0.153252
    17 1.075585 -0.833317 1.071252 -1.098681 -0.572103 -0.864585
    18 1.789780 0.000002 -0.000006 0.022146 -0.083450 -0.007571
    19 1.207005 0.000001 -0.000004 0.000002 -0.000001 0.362862
    20 11.481707 0.000006 -0.000005 -0.220032 -0.074676 0.040277
    21 -3.308594 -6.203125 -3.976563 -1.668474 1.286519 2.942954
    22 6.028142 0.000001 -0.000001 1.276737 0.532506 -0.666966
    23 11.692555 0.000031 0.000001 0.000000 0.000000 -1.708058
    24 11.481703 0.000105 0.000003 -0.766597 0.298913 0.764804
    25 3.859676 -0.132545 1.193109 0.630360 0.070276 -1.940361
    26 1.312563 0.000000 -0.000001 -0.036309 0.005144 -0.002453
    27 0.729366 0.000002 0.000000 0.000984 0.006156 -1.568944
    28 3.942295 0.050345 0.431044 0.165285 0.073602 -1.403691
    29 1.539101 -0.000002 0.000002 0.004999 -0.017614 -1.177076
    30 1.196321 -0.000004 -0.000002 -0.000579 0.000022 -0.199668
    31 3.883659 -0.050304 -0.431042 -0.011981 0.010725 -0.887437
    32 1.719584 0.000006 0.000006 -0.105498 0.032236 -1.716031
    33 1.209185 0.000002 0.000006 -0.009161 -0.004484 -0.219737
    34 3.859833 -0.148918 -1.331282 -0.296034 0.199938 -0.238935
    35 1.719429 0.000006 0.000011 -0.052948 0.056602 -1.447142
    36 1.099661 0.000002 0.000007 -0.011453 -0.002307 0.116502
    37 0.806019 -0.359832 -1.318334 0.864161 0.348455 -0.949251
    38 1.789782 -0.000008 -0.000008 -0.016601 0.223149 0.393590
    39 1.207003 -0.000002 -0.000002 0.050515 -0.350313 0.767587
    40 11.481703 0.000105 0.000003 0.136369 0.088866 0.110332
    41 -6.924822 -13.392148 -6.278844 1.612843 -0.024799 0.013681
    42 0.000000 -4.325217 2.197774 0.000000 0.000000 0.000000
    43 0.759740 0.264293 2.354383 -1.578590 0.000000 0.000000
    44 -0.023242 0.746336 -3.528393 0.000000 0.000000 0.000000
    45 0.000000 -2.479087 -0.773617 0.000000 0.000000 0.000000
    46 4.935818 26.131886 -30.068890 1.570796 0.000000 -1.570796
    47 0.246049 -5.703599 -24.367022 -1.578590 0.000000 0.000000
    48 3.563665 24.276297 -24.518890 1.370872 -0.290362 0.012589
    49 -0.163199 2.333981 0.382080 3.036085 0.153200 -1.921800
    50 1.417000 1.884756 0.307373 -0.111793 0.161679 -1.589012
    51 2.720712 2.529284 0.412601 -3.110078 -0.046555 2.851972
  time 58
    0 0.000000 -0.000006 0.000000 -1.570781 -1.391896 -1.570809
    1 -9.736542 2.914888 4.347889 1.596635 -1.286515 2.942964
    2 6.028141 0.000005 0.000002 -0.145214 -0.861065 -2.526063
    3 11.692560 0.000013 -0.000006 -0.000007 0.000012 -0.579820
    4 11.481678 0.000006 -0.000039 0.116310 -0.145209 0.517297
    5 3.859705 -0.142418 -1.191975 -0.484848 0.086629 -1.032513
    6 1.312563 -0.000013 0.000002 -0.001582 0.004611 -0.613003
    7 0.729365 -0.011725 -0.000001 -0.000850 -0.000003 -0.167788
    8 3.942327 0.046753 -0.431444 -0.161068 0.021249 -0.875058
    9 1.539093 0.000008 -0.000006 0.011252 -0.041988 -0.516888
    10 1.215855 0.011713 0.000002 0.005023 -0.000247 -0.320891
    11 3.883688 -0.046781 0.431443 0.072671 -0.024785 -0.670253
    12 1.719580 -0.000010 0.000009 0.006510 -0.024891 -0.619586
    13 1.209183 -0.000006 0.000003 0.002996 0.002935 -0.128643
    14 3.859854 -0.137962 1.332467 0.351152 -0.070867 -0.629431
    15 1.719431 0.000000 -0.000006 0.006540 -0.028735 -0.514581
    16 1.099672 0.000000 0.000004 0.004044 0.002391 -0.146855
    17 1.075585 -0.833317 1.071252 -1.087528 -0.559325 -0.862710
    18 1.789780 0.000002 -0.000006 0.026184 -0.096477 -0.018551
    19 1.207005 0.000001 -0.000004 0.000002 -0.000001 0.362862
    20 11.481707 0.000006 -0.000005 -0.277159 -0.079446 0.052398
    21 -3.308594 -6.203125 -3.976563 -1.668474 1.286519 2.942954
    22 6.028142 0.000001 -0.000001 1.300372 0.523558 -0.648199
    23 11.692555 0.000031 0.000001 0.000000 0.000000 -1.767659
    24 11.481703 0.000105 0.000003 -0.794210 0.209272 0.893393
    25 3.859676 -0.132545 1.193109 0.630360 0.070276 -1.940361
    26 1.312563 0.000000 -0.000001 -0.036309 0.005144 -0.002453
    27 0.729366 0.000002 0.000000 0.000984 0.006156 -1.568944
    28 3.942295 0.050345 0.431044 0.165285 0.073602 -1.403691
    29 1.539101 -0.000002 0.000002 0.004999 -0.017614 -1.177076
    30 1.196321 -0.000004 -0.000002 -0.000579 0.000022 -0.199668
    31 3.883659 -0.050304 -0.431042 -0.011981 0.010725 -0.887437
    32 1.719584 0.000006 0.000006 -0.105498 0.032236 -1.716072
    33 1.209185 0.000002 0.000006 -0.009161 -0.004484 -0.219737
    34 3.859833 -0.148918 -1.331282 -0.296034 0.199938 -0.238935
    35 1.719429 0.000006 0.000011 -0.052948 0.056602 -1.447142
    36 1.099661 0.000002 0.000007 -0.011453 -0.002307 0.116502
    37 0.806019 -0.359832 -1.318334 0.864161 0.348455 -0.949251
    38 1.789782 -0.000008 -0.000008 -0.016601 0.223149 0.393590
    39 1.207003 -0.000002 -0.000002 0.050515 -0.350313 0.767587
    40 11.481703 0.000105 0.000003 0.135698 0.078571 0.142679
    41 -6.881852 -13.337459 -6.474163 1.721721 0.017840 0.011755
    42 0.000000 -4.325217 2.197774 0.000000 0.000000 0.000000
    43 0.759740 0.264293 2.354383 -1.578590 0.000000 0.000000
    44 -0.023242 0.746336 -3.528393 0.000000 0.000000 0.000000
    45 0.000000 -2.479087 -0.773617 0.000000 0.000000 0.000000
    46 4.935818 26.131886 -30.068890 1.570796 0.000000 -1.570796
    47 0.246049 -5.703599 -24.367022 -1.578590 0.000000 0.000000
    48 3.563665 24.276297 -24.518890 1.370872 -0.290362 0.012589
    49 -0.163199 2.333981 0.382080 3.036085 0.153200 -1.921800
    50 1.417000 1.884756 0.307373 -0.111793 0.161679 -1.589012
    51 2.720712 2.529284 0.412601 -3.110078 -0.046555 2.851972
  time 59
    0 0.000000 -0.000006 0.000000 -1.570781 -1.391896 -1.570809
    1 -9.560756 3.082862 4.426016 1.596635 -1.286515 2.942964
    2 6.028141 0.000005 0.000002 -0.122777 -0.835242 -2.579743
    3 11.692560 0.000013 -0.000006 -0.000007 0.000012 -0.507335
    4 11.481678 0.000006 -0.000039 -0.080837 -0.077798 0.458535
    5 3.859705 -0.142418 -1.191975 -0.486358 0.077605 -1.053158
    6 1.312563 -0.000013 0.000002 -0.001738 0.005234 -0.636690
    7 0.729365 -0.011725 -0.000001 -0.000970 -0.000003 -0.157371
    8 3.942327 0.046753 -0.431444 -0.161787 0.016203 -0.884083
    9 1.539093 0.000008 -0.000006 0.012953 -0.045032 -0.553774
    10 1.211949 0.007807 0.000002 0.005418 -0.000307 -0.305909
    11 3.883688 -0.046781 0.431443 0.072359 -0.028764 -0.673375
    12 1.719580 -0.000010 0.000009 0.007840 -0.027779 -0.654323
    13 1.209183 -0.000006 0.000003 0.003416 0.002887 -0.116673
    14 3.859854 -0.137962 1.332467 0.351126 -0.072533 -0.633148
    15 1.719431 0.000000 -0.000006 0.007067 -0.029837 -0.535268
    16 1.099672 0.000000 0.000004 0.004188 0.002367 -0.140915
    17 1.075585 -0.833317 1.071252 -1.076925 -0.546875 -0.859897
    18 1.789780 0.000002 -0.000006 0.030271 -0.109504 -0.027839
    19 1.207005 0.000001 -0.000004 0.000002 -0.000001 0.362862
    20 11.481707 0.000006 -0.000005 -0.320714 -0.071141 0.044648
    21 -3.308594 -6.203125 -3.976563 -1.668474 1.286519 2.942954
    22 6.028142 0.000001 -0.000001 1.317279 0.521577 -0.635920
    23 11.692555 0.000031 0.000001 0.000000 0.000000 -1.796093
    24 11.481703 0.000105 0.000003 -0.855681 0.181087 0.956676
    25 3.859676 -0.132545 1.193109 0.630360 0.070276 -1.940361
    26 1.312563 0.000000 -0.000001 -0.036309 0.005144 -0.002453
    27 0.729366 0.000002 0.000000 0.000984 0.006156 -1.568944
    28 3.942295 0.050345 0.431044 0.165285 0.073602 -1.403691
    29 1.539101 -0.000002 0.000002 0.004999 -0.017614 -1.177076
    30 1.196321 -0.000004 -0.000002 -0.000579 0.000022 -0.199668
    31 3.883659 -0.050304 -0.431042 -0.011981 0.010725 -0.887437
    32 1.719584 0.000006 0.000006 -0.105498 0.032236 -1.716031
    33 1.209185 0.000002 0.000006 -0.009161 -0.004484 -0.219737
    34 3.859833 -0.148918 -1.331282 -0.296034 0.199938 -0.238935
    35 1.719429 0.000006 0.000011 -0.052948 0.056602 -1.447142
    36 1.099661 0.000002 0.000007 -0.011453 -0.002307 0.116502
    37 0.806019 -0.359832 -1.318334 0.864161 0.348455 -0.949251
    38 1.789782 -0.000008 -0.000008 -0.016601 0.223149 0.393590
    39 1.207003 -0.000002 -0.000002 0.050515 -0.350313 0.767587
    40 11.481703 0.000105 0.000003 0.125619 0.072255 0.159193
    41 -6.819350 -13.282770 -6.544478 1.764108 0.086441 0.010060
    42 0.000000 -4.325217 2.197774 0.000000 0.000000 0.000000
    43 0.759740 0.264293 2.354383 -1.578590 0.000000 0.000000
    44 -0.023242 0.746336 -3.528393 0.000000 0.000000 0.000000
    45 0.000000 -2.479087 -0.773617 0.000000 0.000000 0.000000
    46 4.935818 26.131886 -30.068890 1.570796 0.000000 -1.570796
    47 0.246049 -5.703599 -24.367022 -1.578590 0.000000 0.000000
    48 3.563665 24.276297 -24.518890 1.370872 -0.290362 0.012589
    49 -0.163199 2.333981 0.382080 3.036085 0.153200 -1.921800
    50 1.417000 1.884756 0.307373 -0.111793 0.161679 -1.589012
    51 2.720712 2.529284 0.412601 -3.110078 -0.046555 2.851972
  time 60
    0 0.000000 -0.000006 0.000000 -1.570781 -1.391896 -1.570809
    1 -9.400595 3.243023 4.500237 1.596635 -1.286515 2.942964
    2 6.028141 0.000005 0.000002 -0.097379 -0.825792 -2.640333
    3 11.692560 0.000013 -0.000006 -0.000007 0.000012 -0.447730
    4 11.481678 0.000006 -0.000039 -0.195970 -0.023777 0.397418
    5 3.859705 -0.142418 -1.191975 -0.487640 0.068736 -1.073359
    6 1.312563 -0.000013 0.000002 -0.001905 0.005833 -0.659833
    7 0.729365 -0.007818 -0.000001 -0.001090 0.000012 -0.147156
    8 3.942327 0.046753 -0.431444 -0.162422 0.011374 -0.892934
    9 1.539093 0.000008 -0.000006 0.014679 -0.047801 -0.589890
    10 1.208043 0.007807 0.000002 0.005766 -0.000367 -0.291235
    11 3.883688 -0.046781 0.431443 0.072144 -0.032515 -0.675951
    12 1.719580 -0.000010 0.000009 0.009218 -0.030500 -0.688264
    13 1.209183 -0.000006 0.000003 0.003811 0.002851 -0.104968
    14 3.859854 -0.137962 1.332467 0.351126 -0.074043 -0.636247
    15 1.719431 0.000000 -0.000006 0.007546 -0.030712 -0.555469
    16 1.099672 0.000000 0.000004 0.004308 0.002343 -0.135584
    17 1.075585 -0.833317 1.071252 -1.066909 -0.534974 -0.856370
    18 1.789780 0.000002 -0.000006 0.034322 -0.122268 -0.035608
    19 1.207005 0.000001 -0.000004 0.000002 -0.000001 0.362862
    20 11.481707 0.000006 -0.000005 -0.347383 -0.059480 0.038975
    21 -3.308594 -6.203125 -3.976563 -1.668474 1.286519 2.942954
    22 6.028142 0.000001 -0.000001 1.319005 0.520766 -0.634556
    23 11.692555 0.000031 0.000001 0.000000 0.000000 -1.803121
    24 11.481703 0.000105 0.000003 -0.889493 0.191686 0.964219
    25 3.859676 -0.132545 1.193109 0.630360 0.070276 -1.940361
    26 1.312563 0.000000 -0.000001 -0.036309 0.005144 -0.002453
    27 0.729366 0.000002 0.000000 0.000984 0.006156 -1.568944
    28 3.942295 0.050345 0.431044 0.165285 0.073602 -1.403691
    29 1.539101 -0.000002 0.000002 0.004999 -0.017614 -1.177076
    30 1.196321 -0.000004 -0.000002 -0.000579 0.000022 -0.199668
    31 3.883659 -0.050304 -0.431042 -0.011981 0.010725 -0.887437
    32 1.719584 0.000006 0.000006 -0.105498 0.032236 -1.716031
    33 1.209185 0.000002 0.000006 -0.009161 -0.004484 -0.219737
    34 3.859833 -0.148918 -1.331282 -0.296034 0.199938 -0.238935
    35 1.719429 0.000006 0.000011 -0.052948 0.056602 -1.447142
    36 1.099661 0.000002 0.000007 -0.011453 -0.002307 0.116502
    37 0.806019 -0.359832 -1.318334 0.864161 0.348455 -0.949251
    38 1.789782 -0.000008 -0.000008 -0.016601 0.223149 0.393590
    39 1.207003 -0.000002 -0.000002 0.050515 -0.350313 0.767587
    40 11.481703 0.000105 0.000003 0.118272 0.071728 0.161303
    41 -6.749035 -13.228081 -6.528852 1.759808 0.122340 0.008442
    42 0.000000 -4.325217 2.197774 0.000000 0.000000 0.000000
    43 0.759740 0.264293 2.354383 -1.578590 0.000000 0.000000
    44 -0.023242 0.746336 -3.528393 0.000000 0.000000 0.000000
    45 0.000000 -2.479087 -0.773617 0.000000 0.000000 0.000000
    46 4.935818 26.131886 -30.068890 1.570796 0.000000 -1.570796
    47 0.246049 -5.703599 -24.367022 -1.578590 0.000000 0.000000
    48 3.563665 24.276297 -24.518890 1.370872 -0.290362 0.012589
    49 -0.163199 2.333981 0.382080 3.036085 0.153200 -1.921800
    50 1.417000 1.884756 0.307373 -0.111793 0.161679 -1.589012
    51 2.720712 2.529284 0.412601 -3.110078 -0.046555 2.851972
  time 61
    0 0.000000 -0.000006 0.000000 -1.570781 -1.391896 -1.570809
    1 -9.256059 3.383652 4.566646 1.596635 -1.286515 2.942964
    2 6.028141 0.000005 0.000002 -0.107309 -0.821395 -2.653209
    3 11.692560 0.000013 -0.000006 -0.000007 0.000012 -0.457165
    4 11.481678 0.000006 -0.000039 -0.247263 0.017277 0.399042
    5 3.859705 -0.142418 -1.191975 -0.488707 0.060215 -1.092635
    6 1.312563 -0.000013 0.000002 -0.002073 0.006409 -0.682014
    7 0.729365 -0.007818 -0.000001 -0.001197 0.000012 -0.137384
    8 3.942327 0.046753 -0.431444 -0.162986 0.006843 -0.901436
    9 1.539093 0.000008 -0.000006 0.016393 -0.050293 -0.624463
    10 1.204136 0.003901 0.000002 0.006101 -0.000426 -0.277177
    11 3.883688 -0.046781 0.431443 0.072012 -0.036003 -0.678039
    12 1.719580 -0.000010 0.000009 0.010620 -0.033004 -0.720726
    13 1.209183 -0.000006 0.000003 0.004195 0.002803 -0.093754
    14 3.859854 -0.137962 1.332467 0.351139 -0.075385 -0.638764
    15 1.719431 0.000000 -0.000006 0.007990 -0.031383 -0.574891
    16 1.099672 0.000000 0.000004 0.004415 0.002331 -0.130787
    17 1.075585 -0.833317 1.071252 -1.057627 -0.523818 -0.852396
    18 1.789780 0.000002 -0.000006 0.038217 -0.134492 -0.041944
    19 1.207005 0.000001 -0.000004 0.000002 -0.000001 0.362862
    20 11.481707 0.000006 -0.000005 -0.359455 -0.055585 0.044400
    21 -3.308594 -6.203125 -3.976563 -1.668474 1.286519 2.942954
    22 6.028142 0.000001 -0.000001 1.311809 0.521367 -0.639707
    23 11.692555 0.000031 0.000001 0.000000 0.000000 -1.804357
    24 11.481703 0.000105 0.000003 -0.886718 0.206141 0.958185
    25 3.859676 -0.132545 1.193109 0.630360 0.070276 -1.940361
    26 1.312563 0.000000 -0.000001 -0.036309 0.005144 -0.002453
    27 0.729366 0.000002 0.000000 0.000984 0.006156 -1.568944
    28 3.942295 0.050345 0.431044 0.165285 0.073602 -1.403691
    29 1.539101 -0.000002 0.000002 0.004999 -0.017614 -1.177076
    30 1.196321 -0.000004 -0.000002 -0.000579 0.000022 -0.199668
    31 3.883659 -0.050304 -0.431042 -0.011981 0.010725 -0.887437
    32 1.719584 0.000006 0.000006 -0.105498 0.032236 -1.716072
    33 1.209185 0.000002 0.000006 -0.009161 -0.004484 -0.219737
    34 3.859833 -0.148918 -1.331282 -0.296034 0.199938 -0.238935
    35 1.719429 0.000006 0.000011 -0.052948 0.056602 -1.447142
    36 1.099661 0.000002 0.000007 -0.011453 -0.002307 0.116502
    37 0.806019 -0.359832 -1.318334 0.864161 0.348455 -0.949251
    38 1.789782 -0.000008 -0.000008 -0.016601 0.223149 0.393590
    39 1.207003 -0.000002 -0.000002 0.050515 -0.350313 0.767587
    40 11.481703 0.000105 0.000003 0.117541 0.074221 0.159121
    41 -6.674814 -13.173392 -6.474163 1.747308 0.118906 0.006901
    42 0.000000 -4.325217 2.197774 0.000000 0.000000 0.000000
    43 0.759740 0.264293 2.354383 -1.578590 0.000000 0.000000
    44 -0.023242 0.746336 -3.528393 0.000000 0.000000 0.000000
    45 0.000000 -2.479087 -0.773617 0.000000 0.000000 0.000000
    46 4.935818 26.131886 -30.068890 1.570796 0.000000 -1.570796
    47 0.246049 -5.703599 -24.367022 -1.578590 0.000000 0.000000
    48 3.563665 24.276297 -24.518890 1.370872 -0.290362 0.012589
    49 -0.163199 2.333981 0.382080 3.036085 0.153200 -1.921800
    50 1.417000 1.884756 0.307373 -0.111793 0.161679 -1.589012
    51 2.720712 2.529284 0.412601 -3.110078 -0.046555 2.851972
  time 62
    0 0.000000 -0.000006 0.000000 -1.570781 -1.391896 -1.570809
    1 -9.123242 3.512562 4.629147 1.596635 -1.286515 2.942964
    2 6.028141 0.000005 0.000002 -0.133375 -0.817091 -2.643552
    3 11.692560 0.000013 -0.000006 -0.000007 0.000012 -0.496103
    4 11.481678 0.000006 -0.000039 -0.259717 0.041479 0.421605
    5 3.859705 -0.142418 -1.191975 -0.489545 0.052234 -1.110663
    6 1.312563 -0.000013 0.000002 -0.002229 0.006936 -0.702765
    7 0.729365 -0.003912 -0.000001 -0.001305 0.000026 -0.128218
    8 3.942327 0.046753 -0.431444 -0.163453 0.002673 -0.909396
    9 1.539093 0.000008 -0.000006 0.018035 -0.052463 -0.656767
    10 1.204136 0.003901 0.000002 0.006389 -0.000498 -0.264043
    11 3.883688 -0.046781 0.431443 0.071928 -0.039167 -0.679678
    12 1.719580 -0.000010 0.000009 0.011987 -0.035270 -0.751086
    13 1.209183 -0.000006 0.000003 0.004554 0.002755 -0.083219
    14 3.859854 -0.137962 1.332467 0.351165 -0.076560 -0.640758
    15 1.719431 0.000000 -0.000006 0.008385 -0.031887 -0.592998
    16 1.099672 0.000000 0.000004 0.004487 0.002319 -0.126598
    17 1.075585 -0.833317 1.071252 -1.049153 -0.513582 -0.848200
    18 1.789780 0.000002 -0.000006 0.041884 -0.145937 -0.047022
    19 1.207005 0.000001 -0.000004 0.000002 -0.000001 0.362862
    20 11.481707 0.000006 -0.000005 -0.362769 -0.055728 0.051732
    21 -3.308594 -6.203125 -3.976563 -1.668474 1.286519 2.942954
    22 6.028142 0.000001 -0.000001 1.302946 0.522808 -0.646222
    23 11.692555 0.000031 0.000001 0.000000 0.000000 -1.802730
    24 11.481703 0.000105 0.000003 -0.879178 0.224642 0.945163
    25 3.859676 -0.132545 1.193109 0.630360 0.070276 -1.940361
    26 1.312563 0.000000 -0.000001 -0.036309 0.005144 -0.002453
    27 0.729366 0.000002 0.000000 0.000984 0.006156 -1.568944
    28 3.942295 0.050345 0.431044 0.165285 0.073602 -1.403691
    29 1.539101 -0.000002 0.000002 0.004999 -0.017614 -1.177076
    30 1.196321 -0.000004 -0.000002 -0.000579 0.000022 -0.199668
    31 3.883659 -0.050304 -0.431042 -0.011981 0.010725 -0.887437
    32 1.719584 0.000006 0.000006 -0.105498 0.032236 -1.716031
    33 1.209185 0.000002 0.000006 -0.009161 -0.004484 -0.219737
    34 3.859833 -0.148918 -1.331282 -0.296034 0.199938 -0.238935
    35 1.719429 0.000006 0.000011 -0.052948 0.056602 -1.447142
    36 1.099661 0.000002 0.000007 -0.011453 -0.002307 0.116502
    37 0.806019 -0.359832 -1.318334 0.864161 0.348455 -0.949251
    38 1.789782 -0.000008 -0.000008 -0.016601 0.223149 0.393590
    39 1.207003 -0.000002 -0.000002 0.050515 -0.350313 0.767587
    40 11.481703 0.000105 0.000003 0.117469 0.077433 0.155131
    41 -6.592780 -13.118702 -6.399942 1.728713 0.109604 0.005437
    42 0.000000 -4.325217 2.197774 0.000000 0.000000 0.000000
    43 0.759740 0.264293 2.354383 -1.578590 0.000000 0.000000
    44 -0.023242 0.746336 -3.528393 0.000000 0.000000 0.000000
    45 0.000000 -2.479087 -0.773617 0.000000 0.000000 0.000000
    46 4.935818 26.131886 -30.068890 1.570796 0.000000 -1.570796
    47 0.246049 -5.703599 -24.367022 -1.578590 0.000000 0.000000
    48 3.563665 24.276297 -24.518890 1.370872 -0.290362 0.012589
    49 -0.163199 2.333981 0.382080 3.036085 0.153200 -1.921800
    50 1.417000 1.884756 0.307373 -0.111793 0.161679 -1.589012
    51 2.720712 2.529284 0.412601 -3.110078 -0.046555 2.851972
  time 63
    0 0.000000 -0.000006 0.000000 -1.570781 -1.391896 -1.570809
    1 -9.006051 3.625847 4.679930 1.596635 -1.286515 2.942964
    2 6.028141 0.000005 0.000002 -0.163451 -0.811758 -2.627742
    3 11.692560 0.000013 -0.000006 -0.000007 0.000012 -0.541856
    4 11.481678 0.000006 -0.000039 -0.240344 0.050559 0.450905
    5 3.859705 -0.142418 -1.191975 -0.490193 0.044935 -1.127122
    6 1.312563 -0.000013 0.000002 -0.002385 0.007427 -0.721714
    7 0.729365 -0.003912 -0.000001 -0.001389 0.000026 -0.119860
    8 3.942327 0.046753 -0.431444 -0.163860 -0.001078 -0.916678
    9 1.539093 0.000008 -0.000006 0.019569 -0.054332 -0.686213
    10 1.200230 0.003901 0.000002 0.006652 -0.000558 -0.252027
    11 3.883688 -0.046781 0.431443 0.071892 -0.041995 -0.680966
    12 1.719580 -0.000010 0.000009 0.013293 -0.037259 -0.778773
    13 1.209183 -0.000006 0.000003 0.004878 0.002708 -0.073628
    14 3.859854 -0.137962 1.332467 0.351191 -0.077566 -0.642307
    15 1.719431 0.000000 -0.000006 0.008733 -0.032246 -0.609596
    16 1.099672 0.000000 0.000004 0.004547 0.002307 -0.122981
    17 1.075585 -0.833317 1.071252 -1.041595 -0.504376 -0.844003
    18 1.789780 0.000002 -0.000006 0.045240 -0.156424 -0.050928
    19 1.207005 0.000001 -0.000004 0.000002 -0.000001 0.362862
    20 11.481707 0.000006 -0.000005 -0.359061 -0.057634 0.058412
    21 -3.308594 -6.203125 -3.976563 -1.668474 1.286519 2.942954
    22 6.028142 0.000001 -0.000001 1.292913 0.525120 -0.653810
    23 11.692555 0.000031 0.000001 0.000000 0.000000 -1.798696
    24 11.481703 0.000105 0.000003 -0.868355 0.246155 0.927139
    25 3.859676 -0.132545 1.193109 0.630360 0.070276 -1.940361
    26 1.312563 0.000000 -0.000001 -0.036309 0.005144 -0.002453
    27 0.729366 0.000002 0.000000 0.000984 0.006156 -1.568944
    28 3.942295 0.050345 0.431044 0.165285 0.073602 -1.403691
    29 1.539101 -0.000002 0.000002 0.004999 -0.017614 -1.177076
    30 1.196321 -0.000004 -0.000002 -0.000579 0.000022 -0.199668
    31 3.883659 -0.050304 -0.431042 -0.011981 0.010725 -0.887437
    32 1.719584 0.000006 0.000006 -0.105498 0.032236 -1.716031
    33 1.209185 0.000002 0.000006 -0.009161 -0.004484 -0.219737
    34 3.859833 -0.148918 -1.331282 -0.296034 0.199938 -0.238935
    35 1.719429 0.000006 0.000011 -0.052948 0.056602 -1.447142
    36 1.099661 0.000002 0.000007 -0.011453 -0.002307 0.116502
    37 0.806019 -0.359832 -1.318334 0.864161 0.348455 -0.949251
    38 1.789782 -0.000008 -0.000008 -0.016601 0.223149 0.393590
    39 1.207003 -0.000002 -0.000002 0.050515 -0.350313 0.767587
    40 11.481703 0.000105 0.000003 0.117877 0.081172 0.149797
    41 -6.510747 -13.067920 -6.306189 1.705818 0.095906 0.004204
    42 0.000000 -4.325217 2.197774 0.000000 0.000000 0.000000
    43 0.759740 0.264293 2.354383 -1.578590 0.000000 0.000000
    44 -0.023242 0.746336 -3.528393 0.000000 0.000000 0.000000
    45 0.000000 -2.479087 -0.773617 0.000000 0.000000 0.000000
    46 4.935818 26.131886 -30.068890 1.570796 0.000000 -1.570796
    47 0.246049 -5.703599 -24.367022 -1.578590 0.000000 0.000000
    48 3.563665 24.276297 -24.518890 1.370872 -0.290362 0.012589
    49 -0.163199 2.333981 0.382080 3.036085 0.153200 -1.921800
    50 1.417000 1.884756 0.307373 -0.111793 0.161679 -1.589012
    51 2.720712 2.529284 0.412601 -3.110078 -0.046555 2.851972
  time 64
    0 0.000000 -0.000006 0.000000 -1.570781 -1.391896 -1.570809
    1 -8.904486 3.723506 4.726807 1.596635 -1.286515 2.942964
    2 6.028141 0.000005 0.000002 -0.188849 -0.805676 -2.617233
    3 11.692560 0.000013 -0.000006 -0.000007 0.000012 -0.578922
    4 11.481678 0.000006 -0.000039 -0.199383 0.048289 0.475741
    5 3.859705 -0.142418 -1.191975 -0.490660 0.038439 -1.141770
    6 1.312563 -0.000013 0.000002 -0.002529 0.007859 -0.738541
    7 0.729365 -0.000006 -0.000001 -0.001473 0.000041 -0.112390
    8 3.942327 0.046753 -0.431444 -0.164184 -0.004374 -0.923166
    9 1.539093 0.000008 -0.000006 0.020947 -0.055902 -0.712392
    10 1.200230 -0.000006 0.000002 0.006880 -0.000618 -0.241320
    11 3.883688 -0.046781 0.431443 0.071880 -0.044440 -0.681903
    12 1.719580 -0.000010 0.000009 0.014491 -0.038973 -0.803390
    13 1.209183 -0.000006 0.000003 0.005165 0.002672 -0.065095
    14 3.859854 -0.137962 1.332467 0.351230 -0.078405 -0.643469
    15 1.719431 0.000000 -0.000006 0.009020 -0.032474 -0.624297
    16 1.099672 0.000000 0.000004 0.004595 0.002295 -0.119897
    17 1.075585 -0.833317 1.071252 -1.035028 -0.496332 -0.839940
    18 1.789780 0.000002 -0.000006 0.048212 -0.165748 -0.053922
    19 1.207005 0.000001 -0.000004 0.000002 -0.000001 0.362862
    20 11.481707 0.000006 -0.000005 -0.350681 -0.059336 0.063016
    21 -3.308594 -6.203125 -3.976563 -1.668474 1.286519 2.942954
    22 6.028142 0.000001 -0.000001 1.282178 0.528332 -0.662149
    23 11.692555 0.000031 0.000001 0.000000 0.000000 -1.792645
    24 11.481703 0.000105 0.000003 -0.855496 0.269643 0.906177
    25 3.859676 -0.132545 1.193109 0.630360 0.070276 -1.940361
    26 1.312563 0.000000 -0.000001 -0.036309 0.005144 -0.002453
    27 0.729366 0.000002 0.000000 0.000984 0.006156 -1.568944
    28 3.942295 0.050345 0.431044 0.165285 0.073602 -1.403691
    29 1.539101 -0.000002 0.000002 0.004999 -0.017614 -1.177076
    30 1.196321 -0.000004 -0.000002 -0.000579 0.000022 -0.199668
    31 3.883659 -0.050304 -0.431042 -0.011981 0.010725 -0.887437
    32 1.719584 0.000006 0.000006 -0.105498 0.032236 -1.716031
    33 1.209185 0.000002 0.000006 -0.009161 -0.004484 -0.219737
    34 3.859833 -0.148918 -1.331282 -0.296034 0.199938 -0.238935
    35 1.719429 0.000006 0.000011 -0.052948 0.056602 -1.447142
    36 1.099661 0.000002 0.000007 -0.011453 -0.002307 0.116502
    37 0.806019 -0.359832 -1.318334 0.864161 0.348455 -0.949251
    38 1.789782 -0.000008 -0.000008 -0.016601 0.223149 0.393590
    39 1.207003 -0.000002 -0.000002 0.050515 -0.350313 0.767587
    40 11.481703 0.000105 0.000003 0.118584 0.085234 0.143637
    41 -6.428713 -13.021043 -6.196811 1.680354 0.079265 0.003125
    42 0.000000 -4.325217 2.197774 0.000000 0.000000 0.000000
    43 0.759740 0.264293 2.354383 -1.578590 0.000000 0.000000
    44 -0.023242 0.746336 -3.528393 0.000000 0.000000 0.000000
    45 0.000000 -2.479087 -0.773617 0.000000 0.000000 0.000000
    46 4.935818 26.131886 -30.068890 1.570796 0.000000 -1.570796
    47 0.246049 -5.703599 -24.367022 -1.578590 0.000000 0.000000
    48 3.563665 24.276297 -24.518890 1.370872 -0.290362 0.012589
    49 -0.163199 2.333981 0.382080 3.036085 0.153200 -1.921800
    50 1.417000 1.884756 0.307373 -0.111793 0.161679 -1.589012
    51 2.720712 2.529284 0.412601 -3.110078 -0.046555 2.851972
  time 65
    0 0.000000 -0.000006 0.000000 -1.570781 -1.391896 -1.570809
    1 -8.818546 3.809446 4.765870 1.596635 -1.286515 2.942964
    2 6.028141 0.000005 0.000002 -0.207754 -0.800016 -2.613920
    3 11.692560 0.000013 -0.000006 -0.000007 0.000012 -0.606103
    4 11.481678 0.000006 -0.000039 -0.151319 0.042248 0.495140
    5 3.859705 -0.142418 -1.191975 -0.490996 0.032843 -1.154326
    6 1.312563 -0.000013 0.000002 -0.002649 0.008218 -0.753024
    7 0.729365 -0.000006 -0.000001 -0.001545 0.000041 -0.106011
    8 3.942327 0.046753 -0.431444 -0.164448 -0.007167 -0.928744
    9 1.539093 0.000008 -0.000006 0.022157 -0.057184 -0.734851
    10 1.196323 -0.000006 0.000002 0.007060 -0.000666 -0.232115
    11 3.883688 -0.046781 0.431443 0.071904 -0.046513 -0.682586
    12 1.719580 -0.000010 0.000009 0.015558 -0.040399 -0.824539
    13 1.209183 -0.000006 0.000003 0.005417 0.002624 -0.057770
    14 3.859854 -0.137962 1.332467 0.351256 -0.079100 -0.644302
    15 1.719431 0.000000 -0.000006 0.009260 -0.032618 -0.637001
    16 1.099672 0.000000 0.000004 0.004619 0.002283 -0.117383
    17 1.075585 -0.833317 1.071252 -1.029415 -0.489494 -0.836279
    18 1.789780 0.000002 -0.000006 0.050777 -0.173802 -0.056092
    19 1.207005 0.000001 -0.000004 0.000002 -0.000001 0.362862
    20 11.481707 0.000006 -0.000005 -0.340802 -0.060294 0.066348
    21 -3.308594 -6.203125 -3.976563 -1.668474 1.286519 2.942954
    22 6.028142 0.000001 -0.000001 1.271268 0.532326 -0.670864
    23 11.692555 0.000031 0.000001 0.000000 0.000000 -1.785162
    24 11.481703 0.000105 0.000003 -0.841944 0.293878 0.884143
    25 3.859676 -0.132545 1.193109 0.630360 0.070276 -1.940361
    26 1.312563 0.000000 -0.000001 -0.036309 0.005144 -0.002453
    27 0.729366 0.000002 0.000000 0.000984 0.006156 -1.568944
    28 3.942295 0.050345 0.431044 0.165285 0.073602 -1.403691
    29 1.539101 -0.000002 0.000002 0.004999 -0.017614 -1.177076
    30 1.196321 -0.000004 -0.000002 -0.000579 0.000022 -0.199668
    31 3.883659 -0.050304 -0.431042 -0.011981 0.010725 -0.887437
    32 1.719584 0.000006 0.000006 -0.105498 0.032236 -1.716031
    33 1.209185 0.000002 0.000006 -0.009161 -0.004484 -0.219737
    34 3.859833 -0.148918 -1.331282 -0.296034 0.199938 -0.238935
    35 1.719429 0.000006 0.000011 -0.052948 0.056602 -1.447142
    36 1.099661 0.000002 0.000007 -0.011453 -0.002307 0.116502
    37 0.806019 -0.359832 -1.318334 0.864161 0.348455 -0.949251
    38 1.789782 -0.000008 -0.000008 -0.016601 0.223149 0.393590
    39 1.207003 -0.000002 -0.000002 0.050515 -0.350313 0.767587
    40 11.481703 0.000105 0.000003 0.119447 0.089381 0.137142
    41 -6.350585 -12.978073 -6.087432 1.654055 0.061170 0.002201
    42 0.000000 -4.325217 2.197774 0.000000 0.000000 0.000000
    43 0.759740 0.264293 2.354383 -1.578590 0.000000 0.000000
    44 -0.023242 0.746336 -3.528393 0.000000 0.000000 0.000000
    45 0.000000 -2.479087 -0.773617 0.000000 0.000000 0.000000
    46 4.935818 26.131886 -30.068890 1.570796 0.000000 -1.570796
    47 0.246049 -5.703599 -24.367022 -1.578590 0.000000 0.000000
    48 3.563665 24.276297 -24.518890 1.370872 -0.290362 0.012589
    49 -0.163199 2.333981 0.382080 3.036085 0.153200 -1.921800
    50 1.417000 1.884756 0.307373 -0.111793 0.161679 -1.589012
    51 2.720712 2.529284 0.412601 -3.110078 -0.046555 2.851972
  time 66
    0 0.000000 -0.000006 0.000000 -1.570781 -1.391896 -1.570809
    1 -8.748231 3.875855 4.797121 1.596635 -1.286515 2.942964
    2 6.028141 0.000005 0.000002 -0.221121 -0.795665 -2.615624
    3 11.692560 0.000013 -0.000006 -0.000007 0.000024 -0.626621
    4 11.481678 0.000006 -0.000039 -0.105837 0.037323 0.511778
    5 3.859705 -0.142418 -1.191975 -0.491211 0.028205 -1.164748
    6 1.312563 -0.000013 0.000002 -0.002756 0.008518 -0.764991
    7 0.729365 -0.000006 -0.000001 -0.001605 0.000056 -0.100681
    8 3.942327 0.046753 -0.431444 -0.164651 -0.009456 -0.933372
    9 1.539093 0.000008 -0.000006 0.023164 -0.058179 -0.753408
    10 1.196323 -0.000006 0.000002 0.007216 -0.000702 -0.224527
    11 3.883688 -0.046781 0.431443 0.071928 -0.048203 -0.683054
    12 1.719580 -0.000010 0.000009 0.016445 -0.041549 -0.841992
    13 1.209183 -0.000006 0.000003 0.005621 0.002600 -0.051691
    14 3.859854 -0.137962 1.332467 0.351281 -0.079652 -0.644863
    15 1.719431 0.000000 -0.000006 0.009440 -0.032702 -0.647466
    16 1.099672 0.000000 0.000004 0.004643 0.002271 -0.115403
    17 1.075585 -0.833317 1.071252 -1.024866 -0.483927 -0.833064
    18 1.789780 0.000002 -0.000006 0.052874 -0.180465 -0.057611
    19 1.207005 0.000001 -0.000004 0.000002 -0.000001 0.362862
    20 11.481707 0.000006 -0.000005 -0.331539 -0.060702 0.069386
    21 -3.308594 -6.203125 -3.976563 -1.668474 1.286519 2.942954
    22 6.028142 0.000001 -0.000001 1.260825 0.536859 -0.679482
    23 11.692555 0.000031 0.000001 0.000000 0.000000 -1.776964
    24 11.481703 0.000105 0.000003 -0.828715 0.317463 0.862864
    25 3.859676 -0.132545 1.193109 0.630360 0.070276 -1.940361
    26 1.312563 0.000000 -0.000001 -0.036309 0.005144 -0.002453
    27 0.729366 0.000002 0.000000 0.000984 0.006156 -1.568944
    28 3.942295 0.050345 0.431044 0.165285 0.073602 -1.403691
    29 1.539101 -0.000002 0.000002 0.004999 -0.017614 -1.177076
    30 1.196321 -0.000004 -0.000002 -0.000579 0.000022 -0.199668
    31 3.883659 -0.050304 -0.431042 -0.011981 0.010725 -0.887437
    32 1.719584 0.000006 0.000006 -0.105498 0.032236 -1.716031
    33 1.209185 0.000002 0.000006 -0.009161 -0.004484 -0.219737
    34 3.859833 -0.148918 -1.331282 -0.296034 0.199938 -0.238935
    35 1.719429 0.000006 0.000011 -0.052948 0.056602 -1.447142
    36 1.099661 0.000002 0.000007 -0.011453 -0.002307 0.116502
    37 0.806019 -0.359832 -1.318334 0.864161 0.348455 -0.949251
    38 1.789782 -0.000008 -0.000008 -0.016601 0.223149 0.393590
    39 1.207003 -0.000002 -0.000002 0.050515 -0.350313 0.767587
    40 11.481703 0.000105 0.000003 0.120333 0.093384 0.130778
    41 -6.280271 -12.939009 -5.981960 1.628685 0.043057 0.001353
    42 0.000000 -4.325217 2.197774 0.000000 0.000000 0.000000
    43 0.759740 0.264293 2.354383 -1.578590 0.000000 0.000000
    44 -0.023242 0.746336 -3.528393 0.000000 0.000000 0.000000
    45 0.000000 -2.479087 -0.773617 0.000000 0.000000 0.000000
    46 4.935818 26.131886 -30.068890 1.570796 0.000000 -1.570796
    47 0.246049 -5.703599 -24.367022 -1.578590 0.000000 0.000000
    48 3.563665 24.276297 -24.518890 1.370872 -0.290362 0.012589
    49 -0.163199 2.333981 0.382080 3.036085 0.153200 -1.921800
    50 1.417000 1.884756 0.307373 -0.111793 0.161679 -1.589012
    51 2.720712 2.529284 0.412601 -3.110078 -0.046555 2.851972
  time 67
    0 0.000000 -0.000006 0.000000 -1.570781 -1.391896 -1.570809
    1 -8.693542 3.930544 4.824466 1.596635 -1.286515 2.942964
    2 6.028141 0.000005 0.000002 -0.229810 -0.792531 -2.620357
    3 11.692560 0.000013 -0.000006 -0.000007 0.000024 -0.641148
    4 11.481678 0.000006 -0.000039 -0.065707 0.033514 0.525333
    5 3.859705 -0.142418 -1.191975 -0.491355 0.024597 -1.172837
    6 1.312563 -0.000013 0.000002 -0.002840 0.008758 -0.774342
    7 0.729365 -0.000006 -0.000001 -0.001653 0.000056 -0.096562
    8 3.942327 0.046753 -0.431444 -0.164795 -0.011229 -0.936994
    9 1.539093 0.000008 -0.000006 0.023955 -0.058934 -0.767881
    10 1.196323 -0.000006 0.000002 0.007324 -0.000738 -0.218558
    11 3.883688 -0.046781 0.431443 0.071964 -0.049497 -0.683347
    12 1.719580 -0.000010 0.000009 0.017152 -0.042424 -0.855637
    13 1.209183 -0.000006 0.000003 0.005777 0.002564 -0.046933
    14 3.859854 -0.137962 1.332467 0.351307 -0.080047 -0.645231
    15 1.719431 0.000000 -0.000006 0.009584 -0.032738 -0.655644
    16 1.099672 0.000000 0.000004 0.004655 0.002271 -0.113918
    17 1.075585 -0.833317 1.071252 -1.021380 -0.479609 -0.830430
    18 1.789780 0.000002 -0.000006 0.054516 -0.185690 -0.058609
    19 1.207005 0.000001 -0.000004 0.000002 -0.000001 0.362862
    20 11.481707 0.000006 -0.000005 -0.323428 -0.060738 0.072006
    21 -3.308594 -6.203125 -3.976563 -1.668474 1.286519 2.942954
    22 6.028142 0.000001 -0.000001 1.251465 0.541453 -0.687417
    23 11.692555 0.000031 0.000001 0.000000 0.000000 -1.768896
    24 11.481703 0.000105 0.000003 -0.816828 0.338831 0.843847
    25 3.859676 -0.132545 1.193109 0.630360 0.070276 -1.940361
    26 1.312563 0.000000 -0.000001 -0.036309 0.005144 -0.002453
    27 0.729366 0.000002 0.000000 0.000984 0.006156 -1.568944
    28 3.942295 0.050345 0.431044 0.165285 0.073602 -1.403691
    29 1.539101 -0.000002 0.000002 0.004999 -0.017614 -1.177076
    30 1.196321 -0.000004 -0.000002 -0.000579 0.000022 -0.199668
    31 3.883659 -0.050304 -0.431042 -0.011981 0.010725 -0.887437
    32 1.719584 0.000006 0.000006 -0.105498 0.032236 -1.716031
    33 1.209185 0.000002 0.000006 -0.009161 -0.004484 -0.219737
    34 3.859833 -0.148918 -1.331282 -0.296034 0.199938 -0.238935
    35 1.719429 0.000006 0.000011 -0.052948 0.056602 -1.447142
    36 1.099661 0.000002 0.000007 -0.011453 -0.002307 0.116502
    37 0.806019 -0.359832 -1.318334 0.864161 0.348455 -0.949251
    38 1.789782 -0.000008 -0.000008 -0.016601 0.223149 0.393590
    39 1.207003 -0.000002 -0.000002 0.050515 -0.350313 0.767587
    40 11.481703 0.000105 0.000003 0.121160 0.096979 0.125025
    41 -6.221675 -12.907758 -5.888208 1.605944 0.026416 0.000737
    42 0.000000 -4.325217 2.197774 0.000000 0.000000 0.000000
    43 0.759740 0.264293 2.354383 -1.578590 0.000000 0.000000
    44 -0.023242 0.746336 -3.528393 0.000000 0.000000 0.000000
    45 0.000000 -2.479087 -0.773617 0.000000 0.000000 0.000000
    46 4.935818 26.131886 -30.068890 1.570796 0.000000 -1.570796
    47 0.246049 -5.703599 -24.367022 -1.578590 0.000000 0.000000
    48 3.563665 24.276297 -24.518890 1.370872 -0.290362 0.012589
    49 -0.163199 2.333981 0.382080 3.036085 0.153200 -1.921800
    50 1.417000 1.884756 0.307373 -0.111793 0.161679 -1.589012
    51 2.720712 2.529284 0.412601 -3.110078 -0.046555 2.851972
  time 68
    0 0.000000 -0.000006 0.000000 -1.570781 -1.391896 -1.570809
    1 -8.658384 3.965701 4.840091 1.596635 -1.286515 2.942964
    2 6.028141 0.000005 0.000002 -0.234775 -0.790519 -2.626133
    3 11.692560 0.000013 -0.000006 -0.000007 0.000024 -0.650433
    4 11.481678 0.000006 -0.000039 -0.033695 0.030859 0.535397
    5 3.859705 -0.142418 -1.191975 -0.491427 0.022009 -1.178632
    6 1.312563 -0.000013 0.000002 -0.002900 0.008925 -0.781028
    7 0.729365 -0.000006 -0.000001 -0.001689 0.000056 -0.093615
    8 3.942327 0.046753 -0.431444 -0.164891 -0.012488 -0.939570
    9 1.539093 0.000008 -0.000006 0.024518 -0.059450 -0.778226
    10 1.196323 -0.000006 0.000002 0.007407 -0.000762 -0.214321
    11 3.883688 -0.046781 0.431443 0.072000 -0.050408 -0.683503
    12 1.719580 -0.000010 0.000009 0.017667 -0.043036 -0.865359
    13 1.209183 -0.000006 0.000003 0.005896 0.002552 -0.043535
    14 3.859854 -0.137962 1.332467 0.351333 -0.080335 -0.645444
    15 1.719431 0.000000 -0.000006 0.009668 -0.032738 -0.661485
    16 1.099672 0.000000 0.000004 0.004667 0.002271 -0.112928
    17 1.075585 -0.833317 1.071252 -1.018885 -0.476562 -0.828511
    18 1.789780 0.000002 -0.000006 0.055678 -0.189418 -0.059174
    19 1.207005 0.000001 -0.000004 0.000002 -0.000001 0.362862
    20 11.481707 0.000006 -0.000005 -0.317005 -0.060570 0.074052
    21 -3.308594 -6.203125 -3.976563 -1.668474 1.286519 2.942954
    22 6.028142 0.000001 -0.000001 1.243859 0.545537 -0.693988
    23 11.692555 0.000031 0.000001 0.000000 0.000000 -1.761868
    24 11.481703 0.000105 0.000003 -0.807254 0.356272 0.828602
    25 3.859676 -0.132545 1.193109 0.630360 0.070276 -1.940361
    26 1.312563 0.000000 -0.000001 -0.036309 0.005144 -0.002453
    27 0.729366 0.000002 0.000000 0.000984 0.006156 -1.568944
    28 3.942295 0.050345 0.431044 0.165285 0.073602 -1.403691
    29 1.539101 -0.000002 0.000002 0.004999 -0.017614 -1.177076
    30 1.196321 -0.000004 -0.000002 -0.000579 0.000022 -0.199668
    31 3.883659 -0.050304 -0.431042 -0.011981 0.010725 -0.887437
    32 1.719584 0.000006 0.000006 -0.105498 0.032236 -1.716031
    33 1.209185 0.000002 0.000006 -0.009161 -0.004484 -0.219737
    34 3.859833 -0.148918 -1.331282 -0.296034 0.199938 -0.238935
    35 1.719429 0.000006 0.000011 -0.052948 0.056602 -1.447142
    36 1.099661 0.000002 0.000007 -0.011453 -0.002307 0.116502
    37 0.806019 -0.359832 -1.318334 0.864161 0.348455 -0.949251
    38 1.789782 -0.000008 -0.000008 -0.016601 0.223149 0.393590
    39 1.207003 -0.000002 -0.000002 0.050515 -0.350313 0.767587
    40 11.481703 0.000105 0.000003 0.121832 0.099880 0.120351
    41 -6.174799 -12.884320 -5.810080 1.587565 0.012717 0.000351
    42 0.000000 -4.325217 2.197774 0.000000 0.000000 0.000000
    43 0.759740 0.264293 2.354383 -1.578590 0.000000 0.000000
    44 -0.023242 0.746336 -3.528393 0.000000 0.000000 0.000000
    45 0.000000 -2.479087 -0.773617 0.000000 0.000000 0.000000
    46 4.935818 26.131886 -30.068890 1.570796 0.000000 -1.570796
    47 0.246049 -5.703599 -24.367022 -1.578590 0.000000 0.000000
    48 3.563665 24.276297 -24.518890 1.370872 -0.290362 0.012589
    49 -0.163199 2.333981 0.382080 3.036085 0.153200 -1.921800
    50 1.417000 1.884756 0.307373 -0.111793 0.161679 -1.589012
    51 2.720712 2.529284 0.412601 -3.110078 -0.046555 2.851972
  time 69
    0 0.000000 -0.000006 0.000000 -1.570781 -1.391896 -1.570809
    1 -8.634946 3.989139 4.851810 1.596635 -1.286515 2.942964
    2 6.028141 0.000005 0.000002 -0.236875 -0.789490 -2.630961
    3 11.692560 0.000013 -0.000006 -0.000007 0.000024 -0.655525
    4 11.481678 0.000006 -0.000039 -0.012753 0.029282 0.541647
    5 3.859705 -0.142418 -1.191975 -0.491475 0.020475 -1.182093
    6 1.312563 -0.000013 0.000002 -0.002936 0.009021 -0.785001
    7 0.729365 -0.000006 -0.000001 -0.001713 0.000056 -0.091838
    8 3.942327 0.046753 -0.431444 -0.164951 -0.013231 -0.941119
    9 1.539093 0.000008 -0.000006 0.024854 -0.059749 -0.784351
    10 1.196323 -0.000006 0.000002 0.007455 -0.000774 -0.211779
    11 3.883688 -0.046781 0.431443 0.072024 -0.050947 -0.683581
    12 1.719580 -0.000010 0.000009 0.017979 -0.043395 -0.871157
    13 1.209183 -0.000006 0.000003 0.005968 0.002540 -0.041534
    14 3.859854 -0.137962 1.332467 0.351333 -0.080490 -0.645541
    15 1.719431 0.000000 -0.000006 0.009727 -0.032726 -0.664990
    16 1.099672 0.000000 0.000004 0.004667 0.002271 -0.112319
    17 1.075585 -0.833317 1.071252 -1.017418 -0.474765 -0.827350
    18 1.789780 0.000002 -0.000006 0.056362 -0.191647 -0.059434
    19 1.207005 0.000001 -0.000004 0.000002 -0.000001 0.362862
    20 11.481707 0.000006 -0.000005 -0.312792 -0.060366 0.075385
    21 -3.308594 -6.203125 -3.976563 -1.668474 1.286519 2.942954
    22 6.028142 0.000001 -0.000001 1.238799 0.548449 -0.698471
    23 11.692555 0.000031 0.000001 0.000000 0.000000 -1.756923
    24 11.481703 0.000105 0.000003 -0.800871 0.368004 0.818439
    25 3.859676 -0.132545 1.193109 0.630360 0.070276 -1.940361
    26 1.312563 0.000000 -0.000001 -0.036309 0.005144 -0.002453
    27 0.729366 0.000002 0.000000 0.000984 0.006156 -1.568944
    28 3.942295 0.050345 0.431044 0.165285 0.073602 -1.403709
    29 1.539101 -0.000002 0.000002 0.004999 -0.017614 -1.177076
    30 1.196321 -0.000004 -0.000002 -0.000579 0.000022 -0.199668
    31 3.883659 -0.050304 -0.431042 -0.011981 0.010725 -0.887437
    32 1.719584 0.000006 0.000006 -0.105498 0.032236 -1.716031
    33 1.209185 0.000002 0.000006 -0.009161 -0.004484 -0.219737
    34 3.859833 -0.148918 -1.331282 -0.296034 0.199938 -0.238935
    35 1.719429 0.000006 0.000011 -0.052948 0.056602 -1.447142
    36 1.099661 0.000002 0.000007 -0.011453 -0.002307 0.116502
    37 0.806019 -0.359832 -1.318334 0.864161 0.348455 -0.949251
    38 1.789782 -0.000008 -0.000008 -0.016601 0.223149 0.393590
    39 1.207003 -0.000002 -0.000002 0.050515 -0.350313 0.767587
    40 11.481703 0.000105 0.000003 0.122287 0.101833 0.117211
    41 -6.143548 -12.868695 -5.759297 1.575251 0.003415 0.000043
    42 0.000000 -4.325217 2.197774 0.000000 0.000000 0.000000
    43 0.759740 0.264293 2.354383 -1.578590 0.000000 0.000000
    44 -0.023242 0.746336 -3.528393 0.000000 0.000000 0.000000
    45 0.000000 -2.479087 -0.773617 0.000000 0.000000 0.000000
    46 4.935818 26.131886 -30.068890 1.570796 0.000000 -1.570796
    47 0.246049 -5.703599 -24.367022 -1.578590 0.000000 0.000000
    48 3.563665 24.276297 -24.518890 1.370872 -0.290362 0.012589
    49 -0.163199 2.333981 0.382080 3.036085 0.153200 -1.921800
    50 1.417000 1.884756 0.307373 -0.111793 0.161679 -1.589012
    51 2.720712 2.529284 0.412601 -3.110078 -0.046555 2.851972
  time 70
    0 0.000000 -0.000006 0.000000 -1.570781 -1.391896 -1.570809
    1 -8.627133 3.996952 4.855717 1.596635 -1.286515 2.942964
    2 6.028141 0.000005 0.000002 -0.237352 -0.789209 -2.632949
    3 11.692560 0.000013 -0.000006 -0.000007 0.000024 -0.657097
    4 11.481678 0.000006 -0.000039 -0.005188 0.028782 0.543919
    5 3.859705 -0.142418 -1.191975 -0.491487 0.019959 -1.183260
    6 1.312563 -0.000013 0.000002 -0.002948 0.009057 -0.786333
    7 0.729365 -0.000006 -0.000001 -0.001713 0.000070 -0.091233
    8 3.942327 0.046753 -0.431444 -0.164975 -0.013483 -0.941623
    9 1.539093 0.000008 -0.000006 0.024962 -0.059845 -0.786392
    10 1.196323 -0.000006 0.000002 0.007467 -0.000786 -0.210970
    11 3.883688 -0.046781 0.431443 0.072024 -0.051127 -0.683600
    12 1.719580 -0.000010 0.000009 0.018075 -0.043515 -0.873090
    13 1.209183 -0.000006 0.000003 0.005980 0.002528 -0.040854
    14 3.859854 -0.137962 1.332467 0.351346 -0.080550 -0.645560
    15 1.719431 0.000000 -0.000006 0.009739 -0.032726 -0.666109
    16 1.099672 0.000000 0.000004 0.004667 0.002259 -0.112129
    17 1.075585 -0.833317 1.071252 -1.016941 -0.474151 -0.826948
    18 1.789780 0.000002 -0.000006 0.056589 -0.192390 -0.059521
    19 1.207005 0.000001 -0.000004 0.000002 -0.000001 0.362862
    20 11.481707 0.000006 -0.000005 -0.311292 -0.060271 0.075865
    21 -3.308594 -6.203125 -3.976563 -1.668474 1.286519 2.942954
    22 6.028142 0.000001 -0.000001 1.236956 0.549560 -0.700128
    23 11.692555 0.000031 0.000001 0.000000 0.000000 -1.755036
    24 11.481703 0.000105 0.000003 -0.798512 0.372292 0.814707
    25 3.859676 -0.132545 1.193109 0.630360 0.070276 -1.940361
    26 1.312563 0.000000 -0.000001 -0.036309 0.005144 -0.002453
    27 0.729366 0.000002 0.000000 0.000984 0.006156 -1.568944
    28 3.942295 0.050345 0.431044 0.165285 0.073602 -1.403691
    29 1.539101 -0.000002 0.000002 0.004999 -0.017614 -1.177076
    30 1.196321 -0.000004 -0.000002 -0.000579 0.000022 -0.199668
    31 3.883659 -0.050304 -0.431042 -0.011981 0.010725 -0.887437
    32 1.719584 0.000006 0.000006 -0.105498 0.032236 -1.716031
    33 1.209185 0.000002 0.000006 -0.009161 -0.004484 -0.219737
    34 3.859833 -0.148918 -1.331282 -0.296034 0.199938 -0.238935
    35 1.719429 0.000006 0.000011 -0.052948 0.056602 -1.447142
    36 1.099661 0.000002 0.000007 -0.011453 -0.002307 0.116502
    37 0.806019 -0.359832 -1.318334 0.864161 0.348455 -0.949251
    38 1.789782 -0.000008 -0.000008 -0.016601 0.223149 0.393590
    39 1.207003 -0.000002 -0.000002 0.050515 -0.350313 0.767587
    40 11.481703 0.000105 0.000003 0.122455 0.102552 0.116073
    41 -6.135735 -12.864788 -5.743672 1.570796 0.000000 -0.000034
    42 0.000000 -4.325217 2.197774 0.000000 0.000000 0.000000
    43 0.759740 0.264293 2.354383 -1.578590 0.000000 0.000000
    44 -0.023242 0.746336 -3.528393 0.000000 0.000000 0.000000
    45 0.000000 -2.479087 -0.773617 0.000000 0.000000 0.000000
    46 4.935818 26.131886 -30.068890 1.570796 0.000000 -1.570796
    47 0.246049 -5.703599 -24.367022 -1.578590 0.000000 0.000000
    48 3.563665 24.276297 -24.518890 1.370872 -0.290362 0.012589
    49 -0.163199 2.333981 0.382080 3.036085 0.153200 -1.921800
    50 1.417000 1.884756 0.307373 -0.111793 0.161679 -1.589012
    51 2.720712 2.529284 0.412601 -3.110078 -0.046555 2.851972
end
