// Created by Crowbar++ 0.74
version 1
nodes
  0 "ValveBiped.Bip01_Spine4" -1
  1 "ValveBiped.Bip01_L_Clavicle" 0
  2 "ValveBiped.Bip01_L_UpperArm" 1
  3 "ValveBiped.Bip01_L_Forearm" 2
  4 "ValveBiped.Bip01_L_Hand" 3
  5 "ValveBiped.Bip01_L_Finger4" 4
  6 "ValveBiped.Bip01_L_Finger41" 5
  7 "ValveBiped.Bip01_L_Finger42" 6
  8 "ValveBiped.Bip01_L_Finger3" 4
  9 "ValveBiped.Bip01_L_Finger31" 8
  10 "ValveBiped.Bip01_L_Finger32" 9
  11 "ValveBiped.Bip01_L_Finger2" 4
  12 "ValveBiped.Bip01_L_Finger21" 11
  13 "ValveBiped.Bip01_L_Finger22" 12
  14 "ValveBiped.Bip01_L_Finger1" 4
  15 "ValveBiped.Bip01_L_Finger11" 14
  16 "ValveBiped.Bip01_L_Finger12" 15
  17 "ValveBiped.Bip01_L_Finger0" 4
  18 "ValveBiped.Bip01_L_Finger01" 17
  19 "ValveBiped.Bip01_L_Finger02" 18
  20 "ValveBiped.Bip01_L_Wrist" 3
  21 "ValveBiped.Bip01_R_Clavicle" 0
  22 "ValveBiped.Bip01_R_UpperArm" 21
  23 "ValveBiped.Bip01_R_Forearm" 22
  24 "ValveBiped.Bip01_R_Hand" 23
  25 "ValveBiped.Bip01_R_Finger4" 24
  26 "ValveBiped.Bip01_R_Finger41" 25
  27 "ValveBiped.Bip01_R_Finger42" 26
  28 "ValveBiped.Bip01_R_Finger3" 24
  29 "ValveBiped.Bip01_R_Finger31" 28
  30 "ValveBiped.Bip01_R_Finger32" 29
  31 "ValveBiped.Bip01_R_Finger2" 24
  32 "ValveBiped.Bip01_R_Finger21" 31
  33 "ValveBiped.Bip01_R_Finger22" 32
  34 "ValveBiped.Bip01_R_Finger1" 24
  35 "ValveBiped.Bip01_R_Finger11" 34
  36 "ValveBiped.Bip01_R_Finger12" 35
  37 "ValveBiped.Bip01_R_Finger0" 24
  38 "ValveBiped.Bip01_R_Finger01" 37
  39 "ValveBiped.Bip01_R_Finger02" 38
  40 "ValveBiped.Bip01_R_Wrist" 23
  41 "gun" -1
  42 "magazine" 41
  43 "dustcover" 41
  44 "charging_handle" 41
  45 "trigger" 41
  46 "magazine2" -1
  47 "silencer" 41
  48 "v_weapon.Glock_Parent" -1
  49 "v_weapon.Glock_Trigger" 48
  50 "v_weapon.Glock_Clip" 48
  51 "v_weapon.Glock_Slide" 48
end
skeleton
  time 0
    0 0.000000 -0.000006 0.000000 -1.570781 -1.391896 -1.570809
    1 -8.625000 3.998047 4.855469 1.596635 -1.286515 2.942964
    2 6.028141 0.000005 0.000002 -0.237352 -0.789209 -2.632949
    3 11.692560 0.000013 -0.000006 -0.000007 0.000024 -0.657097
    4 11.481678 0.000006 -0.000039 -0.005188 0.028782 0.543919
    5 3.859705 -0.142418 -1.191975 -0.491488 0.019954 -1.183259
    6 1.312563 -0.000013 0.000002 -0.002952 0.009065 -0.786336
    7 0.729365 -0.000006 -0.000001 -0.001720 0.000070 -0.091224
    8 3.942327 0.046753 -0.431444 -0.164975 -0.013483 -0.941623
    9 1.539093 0.000008 -0.000006 0.024970 -0.059852 -0.786425
    10 1.196323 -0.000006 0.000002 0.007477 -0.000789 -0.210938
    11 3.883688 -0.046781 0.431443 0.072018 -0.051131 -0.683611
    12 1.719580 -0.000010 0.000009 0.018082 -0.043520 -0.873091
    13 1.209183 -0.000006 0.000003 0.005980 0.002528 -0.040854
    14 3.859854 -0.137962 1.332467 0.351336 -0.080551 -0.645567
    15 1.719431 0.000000 -0.000006 0.009748 -0.032731 -0.666151
    16 1.099672 0.000000 0.000004 0.004672 0.002258 -0.112114
    17 1.076172 -0.833008 1.069336 -1.016913 -0.474151 -0.826961
    18 1.789780 0.000002 -0.000006 0.056593 -0.192395 -0.059543
    19 1.207005 0.000001 -0.000004 0.000002 -0.000001 0.362862
    20 11.481707 0.000006 -0.000005 -0.311292 -0.060271 0.075865
    21 -3.308594 -6.203125 -3.976563 -1.668474 1.286519 2.942954
    22 6.028142 0.000001 -0.000001 1.236956 0.549560 -0.700128
    23 11.692555 0.000031 0.000001 0.000000 0.000000 -1.755036
    24 11.481703 0.000105 0.000003 -0.798512 0.372292 0.814707
    25 3.859676 -0.132545 1.193109 0.630360 0.070276 -1.940361
    26 1.312563 0.000000 -0.000001 -0.036309 0.005144 -0.002453
    27 0.729366 0.000002 0.000000 0.000984 0.006156 -1.568944
    28 3.942295 0.050345 0.431044 0.165286 0.073604 -1.403706
    29 1.539101 -0.000002 0.000002 0.004999 -0.017614 -1.177076
    30 1.196321 -0.000004 -0.000002 -0.000579 0.000022 -0.199668
    31 3.883659 -0.050304 -0.431042 -0.011981 0.010725 -0.887435
    32 1.719584 0.000006 0.000006 -0.105498 0.032236 -1.716031
    33 1.209185 0.000002 0.000006 -0.009162 -0.004482 -0.219737
    34 3.859833 -0.148918 -1.331282 -0.247005 0.267045 -0.148562
    35 1.719429 0.000006 0.000011 -0.095131 0.079378 -1.932189
    36 1.099661 0.000002 0.000007 -0.019435 -0.001492 0.170748
    37 0.806019 -0.359832 -1.318334 0.864161 0.348455 -0.949251
    38 1.789782 -0.000008 -0.000008 -0.016601 0.223149 0.393590
    39 1.207003 -0.000002 -0.000002 0.050515 -0.350313 0.767585
    40 11.481703 0.000105 0.000003 0.122455 0.102540 0.116073
    41 -6.135735 -12.864788 -5.743672 1.570796 0.000000 -0.000034
    42 0.000000 -4.325217 2.197774 0.000000 0.000000 0.000000
    43 0.759740 0.264293 2.354383 -1.578590 0.000000 0.000000
    44 -0.023242 0.746336 -3.528393 0.000000 0.000000 0.000000
    45 -0.097659 -2.479087 -1.070501 0.000000 0.000000 0.000000
    46 4.935818 26.131886 -30.068890 1.570796 0.000000 -1.570796
    47 0.246049 -5.703599 -24.367022 -1.578590 0.000000 0.000000
    48 3.563665 24.276297 -24.518890 1.370872 -0.290362 0.012589
    49 -0.163199 2.333981 0.382080 3.036085 0.153200 -1.921800
    50 1.417000 1.884756 0.307373 -0.111793 0.161679 -1.589012
    51 2.720712 2.529284 0.412601 -3.110078 -0.046555 2.851972
  time 1
    0 0.000000 -0.000006 0.000000 -1.570781 -1.391896 -1.570809
    1 -8.625000 3.998047 4.855469 1.596635 -1.286515 2.942964
    2 6.028141 0.000005 0.000002 -0.266474 -0.761375 -2.596121
    3 11.692560 0.000013 -0.000006 -0.000007 0.000024 -0.750099
    4 11.481678 0.000006 -0.000039 0.032082 0.007350 0.586206
    5 3.859705 -0.142418 -1.191975 -0.491488 0.019954 -1.183259
    6 1.312563 -0.000013 0.000002 -0.002952 0.009065 -0.786336
    7 0.729365 -0.000006 -0.000001 -0.001720 0.000070 -0.091224
    8 3.942327 0.046753 -0.431444 -0.164975 -0.013483 -0.941623
    9 1.539093 0.000008 -0.000006 0.024970 -0.059852 -0.786425
    10 1.196323 -0.000006 0.000002 0.007477 -0.000789 -0.210938
    11 3.883688 -0.046781 0.431443 0.072018 -0.051131 -0.683611
    12 1.719580 -0.000010 0.000009 0.018082 -0.043520 -0.873091
    13 1.209183 -0.000006 0.000003 0.005980 0.002528 -0.040854
    14 3.859854 -0.137962 1.332467 0.351336 -0.080551 -0.645567
    15 1.719431 0.000000 -0.000006 0.009748 -0.032731 -0.666151
    16 1.099672 0.000000 0.000004 0.004672 0.002258 -0.112114
    17 1.076172 -0.833008 1.069336 -1.016913 -0.474151 -0.826961
    18 1.789780 0.000002 -0.000006 0.056593 -0.192395 -0.059543
    19 1.207005 0.000001 -0.000004 0.000002 -0.000001 0.362862
    20 11.481707 0.000006 -0.000005 -0.302092 -0.066994 0.081429
    21 -3.308594 -6.203125 -3.976563 -1.668474 1.286519 2.942954
    22 6.028142 0.000001 -0.000001 1.221248 0.514221 -0.702508
    23 11.692555 0.000031 0.000001 0.000000 0.000000 -1.797069
    24 11.481703 0.000105 0.000003 -0.801287 0.414643 0.794420
    25 3.859676 -0.132545 1.193109 0.630360 0.070276 -1.940361
    26 1.312563 0.000000 -0.000001 -0.036309 0.005144 -0.002453
    27 0.729366 0.000002 0.000000 0.000984 0.006156 -1.568944
    28 3.942295 0.050345 0.431044 0.165286 0.073604 -1.403706
    29 1.539101 -0.000002 0.000002 0.004999 -0.017614 -1.177076
    30 1.196321 -0.000004 -0.000002 -0.000579 0.000022 -0.199668
    31 3.883659 -0.050304 -0.431042 -0.011981 0.010725 -0.887435
    32 1.719584 0.000006 0.000006 -0.105498 0.032236 -1.716031
    33 1.209185 0.000002 0.000006 -0.009162 -0.004482 -0.219737
    34 3.859833 -0.148918 -1.331282 -0.247305 0.266698 -0.149076
    35 1.719429 0.000006 0.000011 -0.094867 0.079307 -1.929507
    36 1.099661 0.000002 0.000007 -0.019159 -0.001527 0.168889
    37 0.806019 -0.359832 -1.318334 0.864161 0.348455 -0.949251
    38 1.789782 -0.000008 -0.000008 -0.016601 0.223149 0.393590
    39 1.207003 -0.000002 -0.000002 0.050515 -0.350313 0.767585
    40 11.481703 0.000105 0.000003 0.118895 0.108712 0.109194
    41 -6.135735 -12.259301 -5.696795 1.535494 -0.009120 0.002201
    42 0.000000 -4.325217 2.197774 0.000000 0.000000 0.000000
    43 0.759740 0.264293 2.354383 -1.578458 -0.001462 -0.188888
    44 -0.023242 0.746336 -3.528393 0.000000 0.000000 0.000000
    45 -0.097659 -2.479087 -1.070501 0.000000 0.000000 0.000000
    46 4.935818 26.131886 -30.068890 1.570796 0.000000 -1.570796
    47 0.246049 -5.703599 -24.367022 -1.578590 0.000000 0.000000
    48 3.563665 24.276297 -24.518890 1.370872 -0.290362 0.012589
    49 -0.163199 2.333981 0.382080 3.036085 0.153200 -1.921800
    50 1.417000 1.884756 0.307373 -0.111793 0.161679 -1.589012
    51 2.720712 2.529284 0.412601 -3.110078 -0.046555 2.851972
  time 2
    0 0.000000 -0.000006 0.000000 -1.570781 -1.391896 -1.570809
    1 -8.625000 3.998047 4.855469 1.596635 -1.286515 2.942964
    2 6.028141 0.000005 0.000002 -0.282801 -0.742147 -2.575104
    3 11.692560 0.000013 -0.000006 -0.000007 0.000024 -0.812700
    4 11.481678 0.000006 -0.000039 0.065109 -0.010965 0.628411
    5 3.859705 -0.142418 -1.191975 -0.491488 0.019954 -1.183259
    6 1.312563 -0.000013 0.000002 -0.002952 0.009065 -0.786336
    7 0.729365 -0.000006 -0.000001 -0.001720 0.000070 -0.091224
    8 3.942327 0.046753 -0.431444 -0.164975 -0.013483 -0.941623
    9 1.539093 0.000008 -0.000006 0.024970 -0.059852 -0.786425
    10 1.196323 -0.000006 0.000002 0.007477 -0.000789 -0.210938
    11 3.883688 -0.046781 0.431443 0.072018 -0.051131 -0.683611
    12 1.719580 -0.000010 0.000009 0.018082 -0.043520 -0.873091
    13 1.209183 -0.000006 0.000003 0.005980 0.002528 -0.040854
    14 3.859854 -0.137962 1.332467 0.351336 -0.080551 -0.645567
    15 1.719431 0.000000 -0.000006 0.009748 -0.032731 -0.666151
    16 1.099672 0.000000 0.000004 0.004672 0.002258 -0.112114
    17 1.076172 -0.833008 1.069336 -1.016913 -0.474151 -0.826961
    18 1.789780 0.000002 -0.000006 0.056593 -0.192395 -0.059543
    19 1.207005 0.000001 -0.000004 0.000002 -0.000001 0.362862
    20 11.481707 0.000006 -0.000005 -0.293792 -0.073214 0.087459
    21 -3.308594 -6.203125 -3.976563 -1.668474 1.286519 2.942954
    22 6.028142 0.000001 -0.000001 1.208144 0.491732 -0.705668
    23 11.692555 0.000031 0.000001 0.000000 0.000000 -1.826089
    24 11.481703 0.000105 0.000003 -0.790371 0.440372 0.784059
    25 3.859676 -0.132545 1.193109 0.630360 0.070276 -1.940361
    26 1.312563 0.000000 -0.000001 -0.036309 0.005144 -0.002453
    27 0.729366 0.000002 0.000000 0.000984 0.006156 -1.568944
    28 3.942295 0.050345 0.431044 0.165286 0.073604 -1.403706
    29 1.539101 -0.000002 0.000002 0.004999 -0.017614 -1.177076
    30 1.196321 -0.000004 -0.000002 -0.000579 0.000022 -0.199668
    31 3.883659 -0.050304 -0.431042 -0.011981 0.010725 -0.887435
    32 1.719584 0.000006 0.000006 -0.105498 0.032236 -1.716031
    33 1.209185 0.000002 0.000006 -0.009162 -0.004482 -0.219737
    34 3.859833 -0.148918 -1.331282 -0.248168 0.265607 -0.150618
    35 1.719429 0.000006 0.000011 -0.094100 0.079103 -1.921510
    36 1.099661 0.000002 0.000007 -0.018332 -0.001635 0.163259
    37 0.806019 -0.359832 -1.318334 0.864161 0.348455 -0.949251
    38 1.789782 -0.000008 -0.000008 -0.016601 0.223149 0.393590
    39 1.207003 -0.000002 -0.000002 0.050515 -0.350313 0.767585
    40 11.481703 0.000105 0.000003 0.118943 0.113362 0.104651
    41 -6.135735 -11.841320 -5.646013 1.515011 -0.029195 0.006361
    42 0.000000 -4.325217 2.197774 0.000000 0.000000 0.000000
    43 0.759740 0.264293 2.354383 -1.576732 -0.005046 -0.706087
    44 -0.023242 0.746336 -3.528393 0.000000 0.000000 0.000000
    45 -0.093753 -2.479087 -1.062688 0.000000 0.000000 0.000000
    46 4.935818 26.131886 -30.068890 1.570796 0.000000 -1.570796
    47 0.246049 -5.703599 -24.367022 -1.578590 0.000000 0.000000
    48 3.563665 24.276297 -24.518890 1.370872 -0.290362 0.012589
    49 -0.163199 2.333981 0.382080 3.036085 0.153200 -1.921800
    50 1.417000 1.884756 0.307373 -0.111793 0.161679 -1.589012
    51 2.720712 2.529284 0.412601 -3.110078 -0.046555 2.851972
  time 3
    0 0.000000 -0.000006 0.000000 -1.570781 -1.391896 -1.570809
    1 -8.625000 3.998047 4.855469 1.596635 -1.286515 2.942964
    2 6.028141 0.000005 0.000002 -0.280414 -0.744159 -2.578512
    3 11.692560 0.000013 -0.000006 -0.000007 0.000024 -0.813748
    4 11.481678 0.000006 -0.000039 0.084667 -0.013081 0.640504
    5 3.859705 -0.142418 -1.191975 -0.491488 0.019954 -1.183259
    6 1.312563 -0.000013 0.000002 -0.002952 0.009065 -0.786336
    7 0.729365 -0.000006 -0.000001 -0.001720 0.000070 -0.091224
    8 3.942327 0.046753 -0.431444 -0.164975 -0.013483 -0.941642
    9 1.539093 0.000008 -0.000006 0.024970 -0.059852 -0.786425
    10 1.196323 -0.000006 0.000002 0.007477 -0.000789 -0.210938
    11 3.883688 -0.046781 0.431443 0.072018 -0.051131 -0.683611
    12 1.719580 -0.000010 0.000009 0.018082 -0.043520 -0.873091
    13 1.209183 -0.000006 0.000003 0.005980 0.002528 -0.040854
    14 3.859854 -0.137962 1.332467 0.351336 -0.080551 -0.645567
    15 1.719431 0.000000 -0.000006 0.009748 -0.032731 -0.666151
    16 1.099672 0.000000 0.000004 0.004672 0.002258 -0.112114
    17 1.076172 -0.833008 1.069336 -1.016913 -0.474151 -0.826961
    18 1.789780 0.000002 -0.000006 0.056593 -0.192395 -0.059543
    19 1.207005 0.000001 -0.000004 0.000002 -0.000001 0.362862
    20 11.481707 0.000006 -0.000005 -0.289704 -0.073729 0.089877
    21 -3.308594 -6.203125 -3.976563 -1.668474 1.286519 2.942954
    22 6.028142 0.000001 -0.000001 1.200627 0.493413 -0.711543
    23 11.692555 0.000031 0.000001 0.000000 0.000000 -1.817370
    24 11.481703 0.000105 0.000003 -0.774136 0.450225 0.771196
    25 3.859676 -0.132545 1.193109 0.630360 0.070276 -1.940361
    26 1.312563 0.000000 -0.000001 -0.036309 0.005144 -0.002453
    27 0.729366 0.000002 0.000000 0.000984 0.006156 -1.568944
    28 3.942295 0.050345 0.431044 0.165286 0.073604 -1.403706
    29 1.539101 -0.000002 0.000002 0.004999 -0.017614 -1.177076
    30 1.196321 -0.000004 -0.000002 -0.000579 0.000022 -0.199668
    31 3.883659 -0.050304 -0.431042 -0.011981 0.010725 -0.887435
    32 1.719584 0.000006 0.000006 -0.105498 0.032236 -1.716031
    33 1.209185 0.000002 0.000006 -0.009162 -0.004482 -0.219737
    34 3.859833 -0.148918 -1.331282 -0.249630 0.263797 -0.153216
    35 1.719429 0.000006 0.000011 -0.092806 0.078743 -1.908053
    36 1.099661 0.000002 0.000007 -0.017038 -0.001779 0.154409
    37 0.806019 -0.359832 -1.318334 0.864161 0.348455 -0.949251
    38 1.789782 -0.000008 -0.000008 -0.016601 0.223149 0.393590
    39 1.207003 -0.000002 -0.000002 0.050515 -0.350313 0.767585
    40 11.481703 0.000105 0.000003 0.121520 0.115412 0.100505
    41 -6.135735 -11.841320 -5.661638 1.506472 -0.049270 0.008596
    42 0.000000 -4.325217 2.197774 0.000000 0.000000 0.000000
    43 0.759740 0.264293 2.354383 -1.572286 -0.007646 -1.379960
    44 -0.023242 0.746336 -3.528393 0.000000 0.000000 0.000000
    45 -0.089846 -2.479087 -1.050969 0.000000 0.000000 0.000000
    46 4.935818 26.131886 -30.068890 1.570796 0.000000 -1.570796
    47 0.246049 -5.703599 -24.367022 -1.578590 0.000000 0.000000
    48 3.563665 24.276297 -24.518890 1.370872 -0.290362 0.012589
    49 -0.163199 2.333981 0.382080 3.036085 0.153200 -1.921800
    50 1.417000 1.884756 0.307373 -0.111793 0.161679 -1.589012
    51 2.720712 2.529284 0.412601 -3.110078 -0.046555 2.851972
  time 4
    0 0.000000 -0.000006 0.000000 -1.570781 -1.391896 -1.570809
    1 -8.625000 3.998047 4.855469 1.596635 -1.286515 2.942964
    2 6.028141 0.000005 0.000002 -0.276595 -0.749165 -2.583340
    3 11.692560 0.000013 -0.000006 -0.000007 0.000024 -0.802217
    4 11.481678 0.000006 -0.000039 0.091494 -0.009926 0.638719
    5 3.859705 -0.142418 -1.191975 -0.491488 0.019954 -1.183259
    6 1.312563 -0.000013 0.000002 -0.002952 0.009065 -0.786336
    7 0.729365 -0.000006 -0.000001 -0.001720 0.000070 -0.091224
    8 3.942327 0.046753 -0.431444 -0.164975 -0.013483 -0.941623
    9 1.539093 0.000008 -0.000006 0.024970 -0.059852 -0.786425
    10 1.196323 -0.000006 0.000002 0.007477 -0.000789 -0.210938
    11 3.883688 -0.046781 0.431443 0.072018 -0.051131 -0.683611
    12 1.719580 -0.000010 0.000009 0.018082 -0.043520 -0.873091
    13 1.209183 -0.000006 0.000003 0.005980 0.002528 -0.040854
    14 3.859854 -0.137962 1.332467 0.351336 -0.080551 -0.645567
    15 1.719431 0.000000 -0.000006 0.009748 -0.032731 -0.666151
    16 1.099672 0.000000 0.000004 0.004672 0.002258 -0.112114
    17 1.076172 -0.833008 1.069336 -1.016913 -0.474151 -0.826961
    18 1.789780 0.000002 -0.000006 0.056593 -0.192395 -0.059543
    19 1.207005 0.000001 -0.000004 0.000002 -0.000001 0.362862
    20 11.481707 0.000006 -0.000005 -0.288679 -0.072519 0.090109
    21 -3.308594 -6.203125 -3.976563 -1.668474 1.286519 2.942954
    22 6.028142 0.000001 -0.000001 1.196941 0.498307 -0.715623
    23 11.692555 0.000031 0.000001 0.000000 0.000000 -1.804422
    24 11.481703 0.000105 0.000003 -0.765810 0.453838 0.762859
    25 3.859676 -0.132545 1.193109 0.630360 0.070276 -1.940361
    26 1.312563 0.000000 -0.000001 -0.036309 0.005144 -0.002453
    27 0.729366 0.000002 0.000000 0.000984 0.006156 -1.568944
    28 3.942295 0.050345 0.431044 0.165286 0.073604 -1.403706
    29 1.539101 -0.000002 0.000002 0.004999 -0.017614 -1.177076
    30 1.196321 -0.000004 -0.000002 -0.000579 0.000022 -0.199668
    31 3.883659 -0.050304 -0.431042 -0.011981 0.010725 -0.887435
    32 1.719584 0.000006 0.000006 -0.105498 0.032236 -1.716031
    33 1.209185 0.000002 0.000006 -0.009162 -0.004482 -0.219737
    34 3.859833 -0.148918 -1.331282 -0.251655 0.261269 -0.156789
    35 1.719429 0.000006 0.000011 -0.091008 0.078216 -1.889281
    36 1.099661 0.000002 0.000007 -0.015444 -0.001959 0.143622
    37 0.806019 -0.359832 -1.318334 0.864161 0.348455 -0.949251
    38 1.789782 -0.000008 -0.000008 -0.016601 0.223149 0.393590
    39 1.207003 -0.000002 -0.000002 0.050515 -0.350313 0.767585
    40 11.481703 0.000105 0.000003 0.123042 0.116095 0.098156
    41 -6.135735 -11.927260 -5.708515 1.504213 -0.058390 0.008442
    42 0.000000 -4.325217 2.197774 0.000000 0.000000 0.000000
    43 0.759740 0.264293 2.354383 -1.568307 -0.007383 -1.897158
    44 -0.023242 0.746336 -3.528393 0.000000 0.000000 0.000000
    45 -0.085940 -2.479087 -1.039250 0.000000 0.000000 0.000000
    46 4.935818 26.131886 -30.068890 1.570796 0.000000 -1.570796
    47 0.246049 -5.703599 -24.367022 -1.578590 0.000000 0.000000
    48 3.563665 24.276297 -24.518890 1.370872 -0.290362 0.012589
    49 -0.163199 2.333981 0.382080 3.036085 0.153200 -1.921800
    50 1.417000 1.884756 0.307373 -0.111793 0.161679 -1.589012
    51 2.720712 2.529284 0.412601 -3.110078 -0.046555 2.851972
  time 5
    0 0.000000 -0.000006 0.000000 -1.570781 -1.391896 -1.570809
    1 -8.625000 3.998047 4.855469 1.596635 -1.286515 2.942964
    2 6.028141 0.000005 0.000002 -0.267715 -0.759690 -2.594701
    3 11.692560 0.000013 -0.000006 -0.000007 0.000024 -0.772114
    4 11.481678 0.000006 -0.000039 0.086420 -0.001884 0.619077
    5 3.859705 -0.142418 -1.191975 -0.491488 0.019954 -1.183259
    6 1.312563 -0.000013 0.000002 -0.002952 0.009065 -0.786336
    7 0.729365 -0.000006 -0.000001 -0.001720 0.000070 -0.091224
    8 3.942327 0.046753 -0.431444 -0.164975 -0.013483 -0.941623
    9 1.539093 0.000008 -0.000006 0.024970 -0.059852 -0.786425
    10 1.196323 -0.000006 0.000002 0.007477 -0.000789 -0.210938
    11 3.883688 -0.046781 0.431443 0.072018 -0.051131 -0.683611
    12 1.719580 -0.000010 0.000009 0.018082 -0.043520 -0.873091
    13 1.209183 -0.000006 0.000003 0.005980 0.002528 -0.040854
    14 3.859854 -0.137962 1.332467 0.351336 -0.080551 -0.645567
    15 1.719431 0.000000 -0.000006 0.009748 -0.032731 -0.666151
    16 1.099672 0.000000 0.000004 0.004672 0.002258 -0.112114
    17 1.076172 -0.833008 1.069336 -1.016913 -0.474151 -0.826961
    18 1.789780 0.000002 -0.000006 0.056593 -0.192395 -0.059543
    19 1.207005 0.000001 -0.000004 0.000002 -0.000001 0.362862
    20 11.481707 0.000006 -0.000005 -0.290572 -0.069091 0.087459
    21 -3.308594 -6.203125 -3.976563 -1.668474 1.286519 2.942954
    22 6.028142 0.000001 -0.000001 1.198725 0.508966 -0.717432
    23 11.692555 0.000031 0.000001 0.000000 0.000000 -1.782494
    24 11.481703 0.000105 0.000003 -0.766735 0.449454 0.753172
    25 3.859676 -0.132545 1.193109 0.630360 0.070276 -1.940361
    26 1.312563 0.000000 -0.000001 -0.036309 0.005144 -0.002453
    27 0.729366 0.000002 0.000000 0.000984 0.006156 -1.568944
    28 3.942295 0.050345 0.431044 0.165286 0.073604 -1.403706
    29 1.539101 -0.000002 0.000002 0.004999 -0.017614 -1.177076
    30 1.196321 -0.000004 -0.000002 -0.000579 0.000022 -0.199668
    31 3.883659 -0.050304 -0.431042 -0.011981 0.010725 -0.887435
    32 1.719584 0.000006 0.000006 -0.105498 0.032236 -1.716031
    33 1.209185 0.000002 0.000006 -0.009162 -0.004482 -0.219737
    34 3.859833 -0.148918 -1.331282 -0.254208 0.258033 -0.161363
    35 1.719429 0.000006 0.000011 -0.088743 0.077497 -1.865384
    36 1.099661 0.000002 0.000007 -0.013862 -0.002115 0.132834
    37 0.806019 -0.359832 -1.318334 0.864161 0.348455 -0.949251
    38 1.789782 -0.000008 -0.000008 -0.016601 0.223149 0.393590
    39 1.207003 -0.000002 -0.000002 0.050515 -0.350313 0.767585
    40 11.481703 0.000105 0.000003 0.123677 0.114753 0.096718
    41 -6.135735 -12.134297 -5.767110 1.505884 -0.056210 0.008134
    42 0.000000 -4.325217 2.197774 0.000000 0.000000 0.000000
    43 0.759740 0.264293 2.354383 -1.566965 -0.006771 -2.086110
    44 -0.023242 0.746336 -3.528393 0.000000 0.000000 0.000000
    45 -0.082034 -2.479087 -1.023624 0.000000 0.000000 0.000000
    46 4.935818 26.131886 -30.068890 1.570796 0.000000 -1.570796
    47 0.246049 -5.703599 -24.367022 -1.578590 0.000000 0.000000
    48 3.563665 24.276297 -24.518890 1.370872 -0.290362 0.012589
    49 -0.163199 2.333981 0.382080 3.036085 0.153200 -1.921800
    50 1.417000 1.884756 0.307373 -0.111793 0.161679 -1.589012
    51 2.720712 2.529284 0.412601 -3.110078 -0.046555 2.851972
  time 6
    0 0.000000 -0.000006 0.000000 -1.570781 -1.391896 -1.570809
    1 -8.625000 3.998047 4.855469 1.596635 -1.286515 2.942964
    2 6.028141 0.000005 0.000002 -0.248237 -0.778216 -2.619695
    3 11.692560 0.000013 -0.000006 -0.000007 0.000024 -0.715579
    4 11.481678 0.000006 -0.000039 0.074427 0.011583 0.584258
    5 3.859705 -0.142418 -1.191975 -0.491488 0.019954 -1.183259
    6 1.312563 -0.000013 0.000002 -0.002952 0.009065 -0.786336
    7 0.729365 -0.000006 -0.000001 -0.001720 0.000070 -0.091224
    8 3.942327 0.046753 -0.431444 -0.164975 -0.013483 -0.941623
    9 1.539093 0.000008 -0.000006 0.024970 -0.059852 -0.786425
    10 1.196323 -0.000006 0.000002 0.007477 -0.000789 -0.210938
    11 3.883688 -0.046781 0.431443 0.072018 -0.051131 -0.683611
    12 1.719580 -0.000010 0.000009 0.018082 -0.043520 -0.873091
    13 1.209183 -0.000006 0.000003 0.005980 0.002528 -0.040854
    14 3.859854 -0.137962 1.332467 0.351336 -0.080551 -0.645567
    15 1.719431 0.000000 -0.000006 0.009748 -0.032731 -0.666151
    16 1.099672 0.000000 0.000004 0.004672 0.002258 -0.112114
    17 1.076172 -0.833008 1.069336 -1.016913 -0.474151 -0.826961
    18 1.789780 0.000002 -0.000006 0.056593 -0.192395 -0.059543
    19 1.207005 0.000001 -0.000004 0.000002 -0.000001 0.362862
    20 11.481707 0.000006 -0.000005 -0.294375 -0.063291 0.082576
    21 -3.308594 -6.203125 -3.976563 -1.668474 1.286519 2.942954
    22 6.028142 0.000001 -0.000001 1.204488 0.529023 -0.718838
    23 11.692555 0.000031 0.000001 0.000000 0.000000 -1.747424
    24 11.481703 0.000105 0.000003 -0.769279 0.437336 0.742254
    25 3.859676 -0.132545 1.193109 0.630360 0.070276 -1.940361
    26 1.312563 0.000000 -0.000001 -0.036309 0.005144 -0.002453
    27 0.729366 0.000002 0.000000 0.000984 0.006156 -1.568944
    28 3.942295 0.050345 0.431044 0.165286 0.073604 -1.403706
    29 1.539101 -0.000002 0.000002 0.004999 -0.017614 -1.177076
    30 1.196321 -0.000004 -0.000002 -0.000579 0.000022 -0.199668
    31 3.883659 -0.050304 -0.431042 -0.011981 0.010725 -0.887435
    32 1.719584 0.000006 0.000006 -0.105498 0.032236 -1.716072
    33 1.209185 0.000002 0.000006 -0.009162 -0.004482 -0.219737
    34 3.859833 -0.148918 -1.331282 -0.257240 0.254150 -0.166802
    35 1.719429 0.000006 0.000011 -0.086034 0.076562 -1.836747
    36 1.099661 0.000002 0.000007 -0.012556 -0.002223 0.123984
    37 0.806019 -0.359832 -1.318334 0.864161 0.348455 -0.949251
    38 1.789782 -0.000008 -0.000008 -0.016601 0.223149 0.393590
    39 1.207003 -0.000002 -0.000002 0.050515 -0.350313 0.767585
    40 11.481703 0.000105 0.000003 0.124744 0.111888 0.095747
    41 -6.135735 -12.493683 -5.825706 1.511422 -0.050288 0.007671
    42 0.000000 -4.325217 2.197774 0.000000 0.000000 0.000000
    43 0.759740 0.264293 2.354383 -1.567648 -0.007119 -1.987751
    44 -0.023242 0.746336 -3.528393 0.000000 0.000000 0.000000
    45 -0.074221 -2.479087 -1.007999 0.000000 0.000000 0.000000
    46 4.935818 26.131886 -30.068890 1.570796 0.000000 -1.570796
    47 0.246049 -5.703599 -24.367022 -1.578590 0.000000 0.000000
    48 3.563665 24.276297 -24.518890 1.370872 -0.290362 0.012589
    49 -0.163199 2.333981 0.382080 3.036085 0.153200 -1.921800
    50 1.417000 1.884756 0.307373 -0.111793 0.161679 -1.589012
    51 2.720712 2.529284 0.412601 -3.110078 -0.046555 2.851972
  time 7
    0 0.000000 -0.000006 0.000000 -1.570781 -1.391896 -1.570809
    1 -8.625000 3.998047 4.855469 1.596635 -1.286515 2.942964
    2 6.028141 0.000005 0.000002 -0.218256 -0.800390 -2.657848
    3 11.692560 0.000013 -0.000006 -0.000007 0.000024 -0.638602
    4 11.481678 0.000006 -0.000039 0.056991 0.027204 0.538968
    5 3.859705 -0.142418 -1.191975 -0.491488 0.019954 -1.183259
    6 1.312563 -0.000013 0.000002 -0.002952 0.009065 -0.786336
    7 0.729365 -0.000006 -0.000001 -0.001720 0.000070 -0.091224
    8 3.942327 0.046753 -0.431444 -0.164975 -0.013483 -0.941623
    9 1.539093 0.000008 -0.000006 0.024970 -0.059852 -0.786425
    10 1.196323 -0.000006 0.000002 0.007477 -0.000789 -0.210938
    11 3.883688 -0.046781 0.431443 0.072018 -0.051131 -0.683611
    12 1.719580 -0.000010 0.000009 0.018082 -0.043520 -0.873091
    13 1.209183 -0.000006 0.000003 0.005980 0.002528 -0.040854
    14 3.859854 -0.137962 1.332467 0.351336 -0.080551 -0.645567
    15 1.719431 0.000000 -0.000006 0.009748 -0.032731 -0.666151
    16 1.099672 0.000000 0.000004 0.004672 0.002258 -0.112114
    17 1.076172 -0.833008 1.069336 -1.016913 -0.474151 -0.826961
    18 1.789780 0.000002 -0.000006 0.056593 -0.192395 -0.059543
    19 1.207005 0.000001 -0.000004 0.000002 -0.000001 0.362862
    20 11.481707 0.000006 -0.000005 -0.299378 -0.056052 0.076036
    21 -3.308594 -6.203125 -3.976563 -1.668474 1.286519 2.942954
    22 6.028142 0.000001 -0.000001 1.212970 0.554214 -0.719340
    23 11.692555 0.000031 0.000001 0.000000 0.000000 -1.706952
    24 11.481703 0.000105 0.000003 -0.773165 0.419461 0.733679
    25 3.859676 -0.132545 1.193109 0.630360 0.070276 -1.940361
    26 1.312563 0.000000 -0.000001 -0.036309 0.005144 -0.002453
    27 0.729366 0.000002 0.000000 0.000984 0.006156 -1.568944
    28 3.942295 0.050345 0.431044 0.165286 0.073604 -1.403706
    29 1.539101 -0.000002 0.000002 0.004999 -0.017614 -1.177076
    30 1.196321 -0.000004 -0.000002 -0.000579 0.000022 -0.199668
    31 3.883659 -0.050304 -0.431042 -0.011981 0.010725 -0.887435
    32 1.719584 0.000006 0.000006 -0.105498 0.032236 -1.716031
    33 1.209185 0.000002 0.000006 -0.009162 -0.004482 -0.219737
    34 3.859833 -0.148918 -1.331282 -0.260679 0.249704 -0.172973
    35 1.719429 0.000006 0.000011 -0.082978 0.075388 -1.803943
    36 1.099661 0.000002 0.000007 -0.011729 -0.002294 0.118381
    37 0.806019 -0.359832 -1.318334 0.864161 0.348455 -0.949251
    38 1.789782 -0.000008 -0.000008 -0.016601 0.223149 0.393590
    39 1.207003 -0.000002 -0.000002 0.050515 -0.350313 0.767585
    40 11.481703 0.000105 0.000003 0.125942 0.108041 0.095699
    41 -6.135735 -12.935103 -5.872582 1.520859 -0.041567 0.006978
    42 0.000000 -4.325217 2.197774 0.000000 0.000000 0.000000
    43 0.759740 0.264293 2.354383 -1.569721 -0.007706 -1.710626
    44 -0.023242 0.746336 -3.528393 0.000000 0.000000 0.000000
    45 -0.070315 -2.479087 -0.988467 0.000000 0.000000 0.000000
    46 4.935818 26.131886 -30.068890 1.570796 0.000000 -1.570796
    47 0.246049 -5.703599 -24.367022 -1.578590 0.000000 0.000000
    48 3.563665 24.276297 -24.518890 1.370872 -0.290362 0.012589
    49 -0.163199 2.333981 0.382080 3.036085 0.153200 -1.921800
    50 1.417000 1.884756 0.307373 -0.111793 0.161679 -1.589012
    51 2.720712 2.529284 0.412601 -3.110078 -0.046555 2.851972
  time 8
    0 0.000000 -0.000006 0.000000 -1.570781 -1.391896 -1.570809
    1 -8.625000 3.998047 4.855469 1.596635 -1.286515 2.942964
    2 6.028141 0.000005 0.000002 -0.195055 -0.814425 -2.687197
    3 11.692560 0.000013 -0.000006 -0.000007 0.000012 -0.581393
    4 11.481678 0.000006 -0.000039 0.038540 0.037593 0.504879
    5 3.859705 -0.142418 -1.191975 -0.491488 0.019954 -1.183259
    6 1.312563 -0.000013 0.000002 -0.002952 0.009065 -0.786336
    7 0.729365 -0.000006 -0.000001 -0.001720 0.000070 -0.091224
    8 3.942327 0.046753 -0.431444 -0.164975 -0.013483 -0.941623
    9 1.539093 0.000008 -0.000006 0.024970 -0.059852 -0.786425
    10 1.196323 -0.000006 0.000002 0.007477 -0.000789 -0.210938
    11 3.883688 -0.046781 0.431443 0.072018 -0.051131 -0.683611
    12 1.719580 -0.000010 0.000009 0.018082 -0.043520 -0.873091
    13 1.209183 -0.000006 0.000003 0.005980 0.002528 -0.040854
    14 3.859854 -0.137962 1.332467 0.351336 -0.080551 -0.645567
    15 1.719431 0.000000 -0.000006 0.009748 -0.032731 -0.666151
    16 1.099672 0.000000 0.000004 0.004672 0.002258 -0.112114
    17 1.076172 -0.833008 1.069336 -1.016913 -0.474151 -0.826961
    18 1.789780 0.000002 -0.000006 0.056593 -0.192395 -0.059543
    19 1.207005 0.000001 -0.000004 0.000002 -0.000001 0.362862
    20 11.481707 0.000006 -0.000005 -0.303986 -0.051066 0.070890
    21 -3.308594 -6.203125 -3.976563 -1.668474 1.286519 2.942954
    22 6.028142 0.000001 -0.000001 1.221073 0.571088 -0.717530
    23 11.692555 0.000031 0.000001 0.000000 0.000000 -1.683398
    24 11.481703 0.000105 0.000003 -0.779039 0.402309 0.734949
    25 3.859676 -0.132545 1.193109 0.630360 0.070276 -1.940361
    26 1.312563 0.000000 -0.000001 -0.036309 0.005144 -0.002453
    27 0.729366 0.000002 0.000000 0.000984 0.006156 -1.568944
    28 3.942295 0.050345 0.431044 0.165286 0.073604 -1.403706
    29 1.539101 -0.000002 0.000002 0.004999 -0.017614 -1.177076
    30 1.196321 -0.000004 -0.000002 -0.000579 0.000022 -0.199668
    31 3.883659 -0.050304 -0.431042 -0.011981 0.010725 -0.887435
    32 1.719584 0.000006 0.000006 -0.105498 0.032236 -1.716031
    33 1.209185 0.000002 0.000006 -0.009162 -0.004482 -0.219737
    34 3.859833 -0.148918 -1.331282 -0.264431 0.244766 -0.179766
    35 1.719429 0.000006 0.000011 -0.079658 0.073985 -1.767787
    36 1.099661 0.000002 0.000007 -0.011453 -0.002318 0.116496
    37 0.806019 -0.359832 -1.318334 0.864161 0.348455 -0.949251
    38 1.789782 -0.000008 -0.000008 -0.016601 0.223149 0.393590
    39 1.207003 -0.000002 -0.000002 0.050515 -0.350313 0.767585
    40 11.481703 0.000105 0.000003 0.126290 0.104733 0.097569
    41 -6.135735 -13.228081 -5.892114 1.532338 -0.030957 0.006130
    42 0.000000 -4.325217 2.197774 0.000000 0.000000 0.000000
    43 0.759740 0.264293 2.354383 -1.572993 -0.007478 -1.286375
    44 -0.023242 0.746336 -3.528393 0.000000 0.000000 0.000000
    45 -0.062502 -2.479087 -0.965029 0.000000 0.000000 0.000000
    46 4.935818 26.131886 -30.068890 1.570796 0.000000 -1.570796
    47 0.246049 -5.703599 -24.367022 -1.578590 0.000000 0.000000
    48 3.563665 24.276297 -24.518890 1.370872 -0.290362 0.012589
    49 -0.163199 2.333981 0.382080 3.036085 0.153200 -1.921800
    50 1.417000 1.884756 0.307373 -0.111793 0.161679 -1.589012
    51 2.720712 2.529284 0.412601 -3.110078 -0.046555 2.851972
  time 9
    0 0.000000 -0.000006 0.000000 -1.570781 -1.391896 -1.570809
    1 -8.625000 3.998047 4.855469 1.596635 -1.286515 2.942964
    2 6.028141 0.000005 0.000002 -0.189899 -0.817652 -2.693540
    3 11.692560 0.000013 -0.000006 -0.000007 0.000012 -0.563496
    4 11.481678 0.000006 -0.000039 0.021934 0.041210 0.491487
    5 3.859705 -0.142418 -1.191975 -0.491488 0.019954 -1.183259
    6 1.312563 -0.000013 0.000002 -0.002952 0.009065 -0.786336
    7 0.729365 -0.000006 -0.000001 -0.001720 0.000070 -0.091224
    8 3.942327 0.046753 -0.431444 -0.164975 -0.013483 -0.941642
    9 1.539093 0.000008 -0.000006 0.024970 -0.059852 -0.786425
    10 1.196323 -0.000006 0.000002 0.007477 -0.000789 -0.210938
    11 3.883688 -0.046781 0.431443 0.072018 -0.051131 -0.683611
    12 1.719580 -0.000010 0.000009 0.018082 -0.043520 -0.873091
    13 1.209183 -0.000006 0.000003 0.005980 0.002528 -0.040854
    14 3.859854 -0.137962 1.332467 0.351336 -0.080551 -0.645567
    15 1.719431 0.000000 -0.000006 0.009748 -0.032731 -0.666151
    16 1.099672 0.000000 0.000004 0.004672 0.002258 -0.112114
    17 1.076172 -0.833008 1.069336 -1.016913 -0.474151 -0.826961
    18 1.789780 0.000002 -0.000006 0.056593 -0.192395 -0.059543
    19 1.207005 0.000001 -0.000004 0.000002 -0.000001 0.362862
    20 11.481707 0.000006 -0.000005 -0.307552 -0.049700 0.068658
    21 -3.308594 -6.203125 -3.976563 -1.668474 1.286519 2.942954
    22 6.028142 0.000001 -0.000001 1.227625 0.575802 -0.713687
    23 11.692555 0.000031 0.000001 0.000000 0.000000 -1.681706
    24 11.481703 0.000105 0.000003 -0.786809 0.389445 0.745629
    25 3.859676 -0.132545 1.193109 0.630360 0.070276 -1.940361
    26 1.312563 0.000000 -0.000001 -0.036309 0.005144 -0.002453
    27 0.729366 0.000002 0.000000 0.000984 0.006156 -1.568944
    28 3.942295 0.050345 0.431044 0.165286 0.073604 -1.403706
    29 1.539101 -0.000002 0.000002 0.004999 -0.017614 -1.177076
    30 1.196321 -0.000004 -0.000002 -0.000579 0.000022 -0.199668
    31 3.883659 -0.050304 -0.431042 -0.011981 0.010725 -0.887435
    32 1.719584 0.000006 0.000006 -0.105498 0.032236 -1.716072
    33 1.209185 0.000002 0.000006 -0.009162 -0.004482 -0.219737
    34 3.859833 -0.148918 -1.331282 -0.268374 0.239493 -0.186965
    35 1.719429 0.000006 0.000011 -0.076171 0.072367 -1.729189
    36 1.099661 0.000002 0.000007 -0.011453 -0.002318 0.116496
    37 0.806019 -0.359832 -1.318334 0.864161 0.348455 -0.949251
    38 1.789782 -0.000008 -0.000008 -0.016601 0.223149 0.393590
    39 1.207003 -0.000002 -0.000002 0.050515 -0.350313 0.767585
    40 11.481703 0.000105 0.000003 0.125583 0.102564 0.100984
    41 -6.135735 -13.325740 -5.888208 1.543414 -0.019439 0.005283
    42 0.000000 -4.325217 2.197774 0.000000 0.000000 0.000000
    43 0.759740 0.264293 2.354383 -1.576229 -0.005585 -0.799608
    44 -0.023242 0.746336 -3.528393 0.000000 0.000000 0.000000
    45 -0.054689 -2.479087 -0.945497 0.000000 0.000000 0.000000
    46 4.935818 26.131886 -30.068890 1.570796 0.000000 -1.570796
    47 0.246049 -5.703599 -24.367022 -1.578590 0.000000 0.000000
    48 3.563665 24.276297 -24.518890 1.370872 -0.290362 0.012589
    49 -0.163199 2.333981 0.382080 3.036085 0.153200 -1.921800
    50 1.417000 1.884756 0.307373 -0.111793 0.161679 -1.589012
    51 2.720712 2.529284 0.412601 -3.110078 -0.046555 2.851972
  time 10
    0 0.000000 -0.000006 0.000000 -1.570781 -1.391896 -1.570809
    1 -8.625000 3.998047 4.855469 1.596635 -1.286515 2.942964
    2 6.028141 0.000005 0.000002 -0.193718 -0.816015 -2.688522
    3 11.692560 0.000013 -0.000006 -0.000007 0.000012 -0.565069
    4 11.481678 0.000006 -0.000039 0.007451 0.041825 0.487835
    5 3.859705 -0.142418 -1.191975 -0.491488 0.019954 -1.183259
    6 1.312563 -0.000013 0.000002 -0.002952 0.009065 -0.786336
    7 0.729365 -0.000006 -0.000001 -0.001720 0.000070 -0.091224
    8 3.942327 0.046753 -0.431444 -0.164975 -0.013483 -0.941623
    9 1.539093 0.000008 -0.000006 0.024970 -0.059852 -0.786425
    10 1.196323 -0.000006 0.000002 0.007477 -0.000789 -0.210938
    11 3.883688 -0.046781 0.431443 0.072018 -0.051131 -0.683611
    12 1.719580 -0.000010 0.000009 0.018082 -0.043520 -0.873091
    13 1.209183 -0.000006 0.000003 0.005980 0.002528 -0.040854
    14 3.859854 -0.137962 1.332467 0.351336 -0.080551 -0.645567
    15 1.719431 0.000000 -0.000006 0.009748 -0.032731 -0.666151
    16 1.099672 0.000000 0.000004 0.004672 0.002258 -0.112114
    17 1.076172 -0.833008 1.069336 -1.016913 -0.474151 -0.826961
    18 1.789780 0.000002 -0.000006 0.056593 -0.192395 -0.059543
    19 1.207005 0.000001 -0.000004 0.000002 -0.000001 0.362862
    20 11.481707 0.000006 -0.000005 -0.310409 -0.049952 0.067836
    21 -3.308594 -6.203125 -3.976563 -1.668474 1.286519 2.942954
    22 6.028142 0.000001 -0.000001 1.232890 0.574781 -0.709413
    23 11.692555 0.000031 0.000001 0.000000 0.000000 -1.689384
    24 11.481703 0.000105 0.000003 -0.795413 0.380146 0.758849
    25 3.859676 -0.132545 1.193109 0.630360 0.070276 -1.940361
    26 1.312563 0.000000 -0.000001 -0.036309 0.005144 -0.002453
    27 0.729366 0.000002 0.000000 0.000984 0.006156 -1.568944
    28 3.942295 0.050345 0.431044 0.165286 0.073604 -1.403706
    29 1.539101 -0.000002 0.000002 0.004999 -0.017614 -1.177076
    30 1.196321 -0.000004 -0.000002 -0.000579 0.000022 -0.199668
    31 3.883659 -0.050304 -0.431042 -0.011981 0.010725 -0.887435
    32 1.719584 0.000006 0.000006 -0.105498 0.032236 -1.716031
    33 1.209185 0.000002 0.000006 -0.009162 -0.004482 -0.219737
    34 3.859833 -0.148918 -1.331282 -0.272400 0.234028 -0.194353
    35 1.719429 0.000006 0.000011 -0.072636 0.070546 -1.689441
    36 1.099661 0.000002 0.000007 -0.011453 -0.002318 0.116496
    37 0.806019 -0.359832 -1.318334 0.864161 0.348455 -0.949251
    38 1.789782 -0.000008 -0.000008 -0.016601 0.223149 0.393590
    39 1.207003 -0.000002 -0.000002 0.050515 -0.350313 0.767585
    40 11.481703 0.000105 0.000003 0.124324 0.101114 0.104639
    41 -6.135735 -13.321834 -5.876488 1.552727 -0.007903 0.004281
    42 0.000000 -4.325217 2.197774 0.000000 0.000000 0.000000
    43 0.759740 0.264293 2.354383 -1.578051 -0.002852 -0.375421
    44 -0.023242 0.746336 -3.528393 0.000000 0.000000 0.000000
    45 -0.046876 -2.479087 -0.922059 0.000000 0.000000 0.000000
    46 4.935818 26.131886 -30.068890 1.570796 0.000000 -1.570796
    47 0.246049 -5.703599 -24.367022 -1.578590 0.000000 0.000000
    48 3.563665 24.276297 -24.518890 1.370872 -0.290362 0.012589
    49 -0.163199 2.333981 0.382080 3.036085 0.153200 -1.921800
    50 1.417000 1.884756 0.307373 -0.111793 0.161679 -1.589012
    51 2.720712 2.529284 0.412601 -3.110078 -0.046555 2.851972
  time 11
    0 0.000000 -0.000006 0.000000 -1.570781 -1.391896 -1.570809
    1 -8.625000 3.998047 4.855469 1.596635 -1.286515 2.942964
    2 6.028141 0.000005 0.000002 -0.198874 -0.813255 -2.682084
    3 11.692560 0.000013 -0.000006 -0.000007 0.000012 -0.570834
    4 11.481678 0.000006 -0.000039 -0.004727 0.041748 0.486455
    5 3.859705 -0.142418 -1.191975 -0.491488 0.019954 -1.183259
    6 1.312563 -0.000013 0.000002 -0.002952 0.009065 -0.786336
    7 0.729365 -0.000006 -0.000001 -0.001720 0.000070 -0.091224
    8 3.942327 0.046753 -0.431444 -0.164975 -0.013483 -0.941623
    9 1.539093 0.000008 -0.000006 0.024970 -0.059852 -0.786425
    10 1.196323 -0.000006 0.000002 0.007477 -0.000789 -0.210938
    11 3.883688 -0.046781 0.431443 0.072018 -0.051131 -0.683611
    12 1.719580 -0.000010 0.000009 0.018082 -0.043520 -0.873091
    13 1.209183 -0.000006 0.000003 0.005980 0.002528 -0.040854
    14 3.859854 -0.137962 1.332467 0.351336 -0.080551 -0.645567
    15 1.719431 0.000000 -0.000006 0.009748 -0.032731 -0.666151
    16 1.099672 0.000000 0.000004 0.004672 0.002258 -0.112114
    17 1.076172 -0.833008 1.069336 -1.016913 -0.474151 -0.826961
    18 1.789780 0.000002 -0.000006 0.056593 -0.192395 -0.059543
    19 1.207005 0.000001 -0.000004 0.000002 -0.000001 0.362862
    20 11.481707 0.000006 -0.000005 -0.312776 -0.050491 0.067356
    21 -3.308594 -6.203125 -3.976563 -1.668474 1.286519 2.942954
    22 6.028142 0.000001 -0.000001 1.237395 0.572619 -0.705446
    23 11.692555 0.000031 0.000001 0.000000 0.000000 -1.698689
    24 11.481703 0.000105 0.000003 -0.803646 0.373135 0.771315
    25 3.859676 -0.132545 1.193109 0.630360 0.070276 -1.940361
    26 1.312563 0.000000 -0.000001 -0.036309 0.005144 -0.002453
    27 0.729366 0.000002 0.000000 0.000984 0.006156 -1.568944
    28 3.942295 0.050345 0.431044 0.165286 0.073604 -1.403706
    29 1.539101 -0.000002 0.000002 0.004999 -0.017614 -1.177076
    30 1.196321 -0.000004 -0.000002 -0.000579 0.000022 -0.199668
    31 3.883659 -0.050304 -0.431042 -0.011981 0.010725 -0.887435
    32 1.719584 0.000006 0.000006 -0.105498 0.032236 -1.716031
    33 1.209185 0.000002 0.000006 -0.009162 -0.004482 -0.219737
    34 3.859833 -0.148918 -1.331282 -0.276379 0.228539 -0.201715
    35 1.719429 0.000006 0.000011 -0.069184 0.068592 -1.649645
    36 1.099661 0.000002 0.000007 -0.011453 -0.002318 0.116496
    37 0.806019 -0.359832 -1.318334 0.864161 0.348455 -0.949251
    38 1.789782 -0.000008 -0.000008 -0.016601 0.223149 0.393590
    39 1.207003 -0.000002 -0.000002 0.050515 -0.350313 0.767585
    40 11.481703 0.000105 0.000003 0.122994 0.100023 0.107971
    41 -6.135735 -13.298395 -5.860863 1.560153 0.002689 0.003202
    42 0.000000 -4.325217 2.197774 0.000000 0.000000 0.000000
    43 0.759740 0.264293 2.354383 -1.578554 -0.000755 -0.098296
    44 -0.023242 0.746336 -3.528393 0.000000 0.000000 0.000000
    45 -0.039064 -2.479087 -0.898621 0.000000 0.000000 0.000000
    46 4.935818 26.131886 -30.068890 1.570796 0.000000 -1.570796
    47 0.246049 -5.703599 -24.367022 -1.578590 0.000000 0.000000
    48 3.563665 24.276297 -24.518890 1.370872 -0.290362 0.012589
    49 -0.163199 2.333981 0.382080 3.036085 0.153200 -1.921800
    50 1.417000 1.884756 0.307373 -0.111793 0.161679 -1.589012
    51 2.720712 2.529284 0.412601 -3.110078 -0.046555 2.851972
  time 12
    0 0.000000 -0.000006 0.000000 -1.570781 -1.391896 -1.570809
    1 -8.625000 3.998047 4.855469 1.596635 -1.286515 2.942964
    2 6.028141 0.000005 0.000002 -0.204889 -0.809700 -2.674605
    3 11.692560 0.000013 -0.000006 -0.000007 0.000012 -0.580045
    4 11.481678 0.000006 -0.000039 -0.014229 0.041017 0.487835
    5 3.859705 -0.142418 -1.191975 -0.491488 0.019954 -1.183259
    6 1.312563 -0.000013 0.000002 -0.002952 0.009065 -0.786336
    7 0.729365 -0.000006 -0.000001 -0.001720 0.000070 -0.091224
    8 3.942327 0.046753 -0.431444 -0.164975 -0.013483 -0.941623
    9 1.539093 0.000008 -0.000006 0.024970 -0.059852 -0.786425
    10 1.196323 -0.000006 0.000002 0.007477 -0.000789 -0.210938
    11 3.883688 -0.046781 0.431443 0.072018 -0.051131 -0.683611
    12 1.719580 -0.000010 0.000009 0.018082 -0.043520 -0.873091
    13 1.209183 -0.000006 0.000003 0.005980 0.002528 -0.040854
    14 3.859854 -0.137962 1.332467 0.351336 -0.080551 -0.645567
    15 1.719431 0.000000 -0.000006 0.009748 -0.032731 -0.666151
    16 1.099672 0.000000 0.000004 0.004672 0.002258 -0.112114
    17 1.076172 -0.833008 1.069336 -1.016913 -0.474151 -0.826961
    18 1.789780 0.000002 -0.000006 0.056593 -0.192395 -0.059543
    19 1.207005 0.000001 -0.000004 0.000002 -0.000001 0.362862
    20 11.481707 0.000006 -0.000005 -0.314543 -0.051342 0.067340
    21 -3.308594 -6.203125 -3.976563 -1.668474 1.286519 2.942954
    22 6.028142 0.000001 -0.000001 1.240905 0.569587 -0.702035
    23 11.692555 0.000031 0.000001 0.000000 0.000000 -1.709099
    24 11.481703 0.000105 0.000003 -0.810538 0.368245 0.783026
    25 3.859676 -0.132545 1.193109 0.630360 0.070276 -1.940361
    26 1.312563 0.000000 -0.000001 -0.036309 0.005144 -0.002453
    27 0.729366 0.000002 0.000000 0.000984 0.006156 -1.568944
    28 3.942295 0.050345 0.431044 0.165286 0.073604 -1.403706
    29 1.539101 -0.000002 0.000002 0.004999 -0.017614 -1.177076
    30 1.196321 -0.000004 -0.000002 -0.000579 0.000022 -0.199668
    31 3.883659 -0.050304 -0.431042 -0.011981 0.010725 -0.887435
    32 1.719584 0.000006 0.000006 -0.105498 0.032236 -1.716031
    33 1.209185 0.000002 0.000006 -0.009162 -0.004482 -0.219737
    34 3.859833 -0.148918 -1.331282 -0.280190 0.223182 -0.208832
    35 1.719429 0.000006 0.000011 -0.065912 0.066567 -1.611143
    36 1.099661 0.000002 0.000007 -0.011453 -0.002318 0.116496
    37 0.806019 -0.359832 -1.318334 0.864161 0.348455 -0.949251
    38 1.789782 -0.000008 -0.000008 -0.016601 0.223149 0.393590
    39 1.207003 -0.000002 -0.000002 0.050515 -0.350313 0.767585
    40 11.481703 0.000105 0.000003 0.121760 0.099340 0.110931
    41 -6.135735 -13.251519 -5.837425 1.565908 0.011409 0.002047
    42 0.000000 -4.325217 2.197774 0.000000 0.000000 0.000000
    43 0.759740 0.264293 2.354383 -1.578590 0.000000 0.000000
    44 -0.023242 0.746336 -3.528393 0.000000 0.000000 0.000000
    45 -0.031251 -2.479087 -0.875182 0.000000 0.000000 0.000000
    46 4.935818 26.131886 -30.068890 1.570796 0.000000 -1.570796
    47 0.246049 -5.703599 -24.367022 -1.578590 0.000000 0.000000
    48 3.563665 24.276297 -24.518890 1.370872 -0.290362 0.012589
    49 -0.163199 2.333981 0.382080 3.036085 0.153200 -1.921800
    50 1.417000 1.884756 0.307373 -0.111793 0.161679 -1.589012
    51 2.720712 2.529284 0.412601 -3.110078 -0.046555 2.851972
  time 13
    0 0.000000 -0.000006 0.000000 -1.570781 -1.391896 -1.570809
    1 -8.625000 3.998047 4.855469 1.596635 -1.286515 2.942964
    2 6.028141 0.000005 0.000002 -0.211382 -0.805630 -2.666463
    3 11.692560 0.000013 -0.000006 -0.000007 0.000012 -0.592101
    4 11.481678 0.000006 -0.000039 -0.020595 0.039748 0.492461
    5 3.859705 -0.142418 -1.191975 -0.491488 0.019954 -1.183259
    6 1.312563 -0.000013 0.000002 -0.002952 0.009065 -0.786336
    7 0.729365 -0.000006 -0.000001 -0.001720 0.000070 -0.091224
    8 3.942327 0.046753 -0.431444 -0.164975 -0.013483 -0.941623
    9 1.539093 0.000008 -0.000006 0.024970 -0.059852 -0.786425
    10 1.196323 -0.000006 0.000002 0.007477 -0.000789 -0.210938
    11 3.883688 -0.046781 0.431443 0.072018 -0.051131 -0.683611
    12 1.719580 -0.000010 0.000009 0.018082 -0.043520 -0.873091
    13 1.209183 -0.000006 0.000003 0.005980 0.002528 -0.040854
    14 3.859854 -0.137962 1.332467 0.351336 -0.080551 -0.645567
    15 1.719431 0.000000 -0.000006 0.009748 -0.032731 -0.666151
    16 1.099672 0.000000 0.000004 0.004672 0.002258 -0.112114
    17 1.076172 -0.833008 1.069336 -1.016913 -0.474151 -0.826961
    18 1.789780 0.000002 -0.000006 0.056593 -0.192395 -0.059543
    19 1.207005 0.000001 -0.000004 0.000002 -0.000001 0.362862
    20 11.481707 0.000006 -0.000005 -0.315632 -0.052552 0.067883
    21 -3.308594 -6.203125 -3.976563 -1.668474 1.286519 2.942954
    22 6.028142 0.000001 -0.000001 1.243274 0.565954 -0.699390
    23 11.692555 0.000031 0.000001 0.000000 0.000000 -1.720031
    24 11.481703 0.000105 0.000003 -0.815024 0.365186 0.793984
    25 3.859676 -0.132545 1.193109 0.630360 0.070276 -1.940361
    26 1.312563 0.000000 -0.000001 -0.036309 0.005144 -0.002453
    27 0.729366 0.000002 0.000000 0.000984 0.006156 -1.568944
    28 3.942295 0.050345 0.431044 0.165286 0.073604 -1.403706
    29 1.539101 -0.000002 0.000002 0.004999 -0.017614 -1.177076
    30 1.196321 -0.000004 -0.000002 -0.000579 0.000022 -0.199668
    31 3.883659 -0.050304 -0.431042 -0.011981 0.010725 -0.887435
    32 1.719584 0.000006 0.000006 -0.105498 0.032236 -1.716031
    33 1.209185 0.000002 0.000006 -0.009162 -0.004482 -0.219737
    34 3.859833 -0.148918 -1.331282 -0.283738 0.218124 -0.215463
    35 1.719429 0.000006 0.000011 -0.062916 0.064565 -1.574987
    36 1.099661 0.000002 0.000007 -0.011453 -0.002318 0.116496
    37 0.806019 -0.359832 -1.318334 0.864161 0.348455 -0.949251
    38 1.789782 -0.000008 -0.000008 -0.016601 0.223149 0.393590
    39 1.207003 -0.000002 -0.000002 0.050515 -0.350313 0.767585
    40 11.481703 0.000105 0.000003 0.120825 0.099089 0.113472
    41 -6.135735 -13.185111 -5.813987 1.570239 0.017332 0.000968
    42 0.000000 -4.325217 2.197774 0.000000 0.000000 0.000000
    43 0.759740 0.264293 2.354383 -1.578590 0.000000 0.000000
    44 -0.023242 0.746336 -3.528393 0.000000 0.000000 0.000000
    45 -0.027345 -2.479087 -0.855651 0.000000 0.000000 0.000000
    46 4.935818 26.131886 -30.068890 1.570796 0.000000 -1.570796
    47 0.246049 -5.703599 -24.367022 -1.578590 0.000000 0.000000
    48 3.563665 24.276297 -24.518890 1.370872 -0.290362 0.012589
    49 -0.163199 2.333981 0.382080 3.036085 0.153200 -1.921800
    50 1.417000 1.884756 0.307373 -0.111793 0.161679 -1.589012
    51 2.720712 2.529284 0.412601 -3.110078 -0.046555 2.851972
  time 14
    0 0.000000 -0.000006 0.000000 -1.570781 -1.391896 -1.570809
    1 -8.625000 3.998047 4.855469 1.596635 -1.286515 2.942964
    2 6.028141 0.000005 0.000002 -0.218161 -0.801185 -2.657753
    3 11.692560 0.000013 -0.000006 -0.000007 0.000024 -0.606553
    4 11.481678 0.000006 -0.000039 -0.023362 0.038016 0.500902
    5 3.859705 -0.142418 -1.191975 -0.491488 0.019954 -1.183259
    6 1.312563 -0.000013 0.000002 -0.002952 0.009065 -0.786336
    7 0.729365 -0.000006 -0.000001 -0.001720 0.000070 -0.091224
    8 3.942327 0.046753 -0.431444 -0.164975 -0.013483 -0.941623
    9 1.539093 0.000008 -0.000006 0.024970 -0.059852 -0.786425
    10 1.196323 -0.000006 0.000002 0.007477 -0.000789 -0.210938
    11 3.883688 -0.046781 0.431443 0.072018 -0.051131 -0.683611
    12 1.719580 -0.000010 0.000009 0.018082 -0.043520 -0.873091
    13 1.209183 -0.000006 0.000003 0.005980 0.002528 -0.040854
    14 3.859854 -0.137962 1.332467 0.351336 -0.080551 -0.645567
    15 1.719431 0.000000 -0.000006 0.009748 -0.032731 -0.666151
    16 1.099672 0.000000 0.000004 0.004672 0.002258 -0.112114
    17 1.076172 -0.833008 1.069336 -1.016913 -0.474151 -0.826961
    18 1.789780 0.000002 -0.000006 0.056593 -0.192395 -0.059543
    19 1.207005 0.000001 -0.000004 0.000002 -0.000001 0.362862
    20 11.481707 0.000006 -0.000005 -0.315964 -0.054122 0.069107
    21 -3.308594 -6.203125 -3.976563 -1.668474 1.286519 2.942954
    22 6.028142 0.000001 -0.000001 1.244269 0.562080 -0.697691
    23 11.692555 0.000031 0.000001 0.000000 0.000000 -1.731092
    24 11.481703 0.000105 0.000003 -0.816227 0.363788 0.804107
    25 3.859676 -0.132545 1.193109 0.630360 0.070276 -1.940361
    26 1.312563 0.000000 -0.000001 -0.036309 0.005144 -0.002453
    27 0.729366 0.000002 0.000000 0.000984 0.006156 -1.568944
    28 3.942295 0.050345 0.431044 0.165286 0.073604 -1.403706
    29 1.539101 -0.000002 0.000002 0.004999 -0.017614 -1.177076
    30 1.196321 -0.000004 -0.000002 -0.000579 0.000022 -0.199668
    31 3.883659 -0.050304 -0.431042 -0.011981 0.010725 -0.887435
    32 1.719584 0.000006 0.000006 -0.105498 0.032236 -1.716031
    33 1.209185 0.000002 0.000006 -0.009162 -0.004482 -0.219737
    34 3.859833 -0.148918 -1.331282 -0.286914 0.213510 -0.221498
    35 1.719429 0.000006 0.000011 -0.060267 0.062648 -1.542231
    36 1.099661 0.000002 0.000007 -0.011453 -0.002318 0.116496
    37 0.806019 -0.359832 -1.318334 0.864161 0.348455 -0.949251
    38 1.789782 -0.000008 -0.000008 -0.016601 0.223149 0.393590
    39 1.207003 -0.000002 -0.000002 0.050515 -0.350313 0.767585
    40 11.481703 0.000105 0.000003 0.120381 0.099304 0.115581
    41 -6.135735 -13.110890 -5.786642 1.573395 0.019512 -0.000111
    42 0.000000 -4.325217 2.197774 0.000000 0.000000 0.000000
    43 0.759740 0.264293 2.354383 -1.578590 0.000000 0.000000
    44 -0.023242 0.746336 -3.528393 0.000000 0.000000 0.000000
    45 -0.019532 -2.479087 -0.836119 0.000000 0.000000 0.000000
    46 4.935818 26.131886 -30.068890 1.570796 0.000000 -1.570796
    47 0.246049 -5.703599 -24.367022 -1.578590 0.000000 0.000000
    48 3.563665 24.276297 -24.518890 1.370872 -0.290362 0.012589
    49 -0.163199 2.333981 0.382080 3.036085 0.153200 -1.921800
    50 1.417000 1.884756 0.307373 -0.111793 0.161679 -1.589012
    51 2.720712 2.529284 0.412601 -3.110078 -0.046555 2.851972
  time 15
    0 0.000000 -0.000006 0.000000 -1.570781 -1.391896 -1.570809
    1 -8.625000 3.998047 4.855469 1.596635 -1.286515 2.942964
    2 6.028141 0.000005 0.000002 -0.224749 -0.796741 -2.649517
    3 11.692560 0.000013 -0.000006 -0.000007 0.000012 -0.621604
    4 11.481678 0.000006 -0.000039 -0.023824 0.036054 0.511129
    5 3.859705 -0.142418 -1.191975 -0.491488 0.019954 -1.183259
    6 1.312563 -0.000013 0.000002 -0.002952 0.009065 -0.786336
    7 0.729365 -0.000006 -0.000001 -0.001720 0.000070 -0.091224
    8 3.942327 0.046753 -0.431444 -0.164975 -0.013483 -0.941623
    9 1.539093 0.000008 -0.000006 0.024970 -0.059852 -0.786425
    10 1.196323 -0.000006 0.000002 0.007477 -0.000789 -0.210938
    11 3.883688 -0.046781 0.431443 0.072018 -0.051131 -0.683611
    12 1.719580 -0.000010 0.000009 0.018082 -0.043520 -0.873091
    13 1.209183 -0.000006 0.000003 0.005980 0.002528 -0.040854
    14 3.859854 -0.137962 1.332467 0.351336 -0.080551 -0.645567
    15 1.719431 0.000000 -0.000006 0.009748 -0.032731 -0.666151
    16 1.099672 0.000000 0.000004 0.004672 0.002258 -0.112114
    17 1.076172 -0.833008 1.069336 -1.016913 -0.474151 -0.826961
    18 1.789780 0.000002 -0.000006 0.056593 -0.192395 -0.059543
    19 1.207005 0.000001 -0.000004 0.000002 -0.000001 0.362862
    20 11.481707 0.000006 -0.000005 -0.315790 -0.055860 0.070657
    21 -3.308594 -6.203125 -3.976563 -1.668474 1.286519 2.942954
    22 6.028142 0.000001 -0.000001 1.244386 0.558057 -0.696661
    23 11.692555 0.000031 0.000001 0.000000 0.000000 -1.741893
    24 11.481703 0.000105 0.000003 -0.815348 0.363596 0.813357
    25 3.859676 -0.132545 1.193109 0.630360 0.070276 -1.940361
    26 1.312563 0.000000 -0.000001 -0.036309 0.005144 -0.002453
    27 0.729366 0.000002 0.000000 0.000984 0.006156 -1.568944
    28 3.942295 0.050345 0.431044 0.165286 0.073604 -1.403706
    29 1.539101 -0.000002 0.000002 0.004999 -0.017614 -1.177076
    30 1.196321 -0.000004 -0.000002 -0.000579 0.000022 -0.199668
    31 3.883659 -0.050304 -0.431042 -0.011981 0.010725 -0.887435
    32 1.719584 0.000006 0.000006 -0.105498 0.032236 -1.716031
    33 1.209185 0.000002 0.000006 -0.009162 -0.004482 -0.219737
    34 3.859833 -0.148918 -1.331282 -0.289682 0.209459 -0.226749
    35 1.719429 0.000006 0.000011 -0.058002 0.060898 -1.513689
    36 1.099661 0.000002 0.000007 -0.011453 -0.002318 0.116496
    37 0.806019 -0.359832 -1.318334 0.864161 0.348455 -0.949251
    38 1.789782 -0.000008 -0.000008 -0.016601 0.223149 0.393590
    39 1.207003 -0.000002 -0.000002 0.050515 -0.350313 0.767585
    40 11.481703 0.000105 0.000003 0.120226 0.099820 0.117319
    41 -6.135735 -13.032762 -5.759297 1.575623 0.019348 -0.001190
    42 0.000000 -4.325217 2.197774 0.000000 0.000000 0.000000
    43 0.759740 0.264293 2.354383 -1.578590 0.000000 0.000000
    44 -0.023242 0.746336 -3.528393 0.000000 0.000000 0.000000
    45 -0.011719 -2.479087 -0.816587 0.000000 0.000000 0.000000
    46 4.935818 26.131886 -30.068890 1.570796 0.000000 -1.570796
    47 0.246049 -5.703599 -24.367022 -1.578590 0.000000 0.000000
    48 3.563665 24.276297 -24.518890 1.370872 -0.290362 0.012589
    49 -0.163199 2.333981 0.382080 3.036085 0.153200 -1.921800
    50 1.417000 1.884756 0.307373 -0.111793 0.161679 -1.589012
    51 2.720712 2.529284 0.412601 -3.110078 -0.046555 2.851972
  time 16
    0 0.000000 -0.000006 0.000000 -1.570781 -1.391896 -1.570809
    1 -8.625000 3.998047 4.855469 1.596635 -1.286515 2.942964
    2 6.028141 0.000005 0.000002 -0.230764 -0.792297 -2.641848
    3 11.692560 0.000013 -0.000006 -0.000007 0.000024 -0.636355
    4 11.481678 0.000006 -0.000039 -0.023547 0.033976 0.521112
    5 3.859705 -0.142418 -1.191975 -0.491488 0.019954 -1.183259
    6 1.312563 -0.000013 0.000002 -0.002952 0.009065 -0.786336
    7 0.729365 -0.000006 -0.000001 -0.001720 0.000070 -0.091224
    8 3.942327 0.046753 -0.431444 -0.164975 -0.013483 -0.941623
    9 1.539093 0.000008 -0.000006 0.024970 -0.059852 -0.786425
    10 1.196323 -0.000006 0.000002 0.007477 -0.000789 -0.210938
    11 3.883688 -0.046781 0.431443 0.072018 -0.051131 -0.683611
    12 1.719580 -0.000010 0.000009 0.018082 -0.043520 -0.873091
    13 1.209183 -0.000006 0.000003 0.005980 0.002528 -0.040854
    14 3.859854 -0.137962 1.332467 0.351336 -0.080551 -0.645567
    15 1.719431 0.000000 -0.000006 0.009748 -0.032731 -0.666151
    16 1.099672 0.000000 0.000004 0.004672 0.002258 -0.112114
    17 1.076172 -0.833008 1.069336 -1.016913 -0.474151 -0.826961
    18 1.789780 0.000002 -0.000006 0.056593 -0.192395 -0.059543
    19 1.207005 0.000001 -0.000004 0.000002 -0.000001 0.362862
    20 11.481707 0.000006 -0.000005 -0.315459 -0.057514 0.072145
    21 -3.308594 -6.203125 -3.976563 -1.668474 1.286519 2.942954
    22 6.028142 0.000001 -0.000001 1.244181 0.554034 -0.695826
    23 11.692555 0.000031 0.000001 0.000000 0.000000 -1.752239
    24 11.481703 0.000105 0.000003 -0.814377 0.364126 0.821496
    25 3.859676 -0.132545 1.193109 0.630360 0.070276 -1.940361
    26 1.312563 0.000000 -0.000001 -0.036309 0.005144 -0.002453
    27 0.729366 0.000002 0.000000 0.000984 0.006156 -1.568944
    28 3.942295 0.050345 0.431044 0.165286 0.073604 -1.403706
    29 1.539101 -0.000002 0.000002 0.004999 -0.017614 -1.177076
    30 1.196321 -0.000004 -0.000002 -0.000579 0.000022 -0.199668
    31 3.883659 -0.050304 -0.431042 -0.011981 0.010725 -0.887435
    32 1.719584 0.000006 0.000006 -0.105498 0.032236 -1.716072
    33 1.209185 0.000002 0.000006 -0.009162 -0.004482 -0.219737
    34 3.859833 -0.148918 -1.331282 -0.291971 0.206068 -0.231106
    35 1.719429 0.000006 0.000011 -0.056157 0.059400 -1.489840
    36 1.099661 0.000002 0.000007 -0.011453 -0.002318 0.116496
    37 0.806019 -0.359832 -1.318334 0.864161 0.348455 -0.949251
    38 1.789782 -0.000008 -0.000008 -0.016601 0.223149 0.393590
    39 1.207003 -0.000002 -0.000002 0.050515 -0.350313 0.767585
    40 11.481703 0.000105 0.000003 0.120070 0.100407 0.118781
    41 -6.135735 -12.950729 -5.739766 1.577077 0.018858 -0.002191
    42 0.000000 -4.325217 2.197774 0.000000 0.000000 0.000000
    43 0.759740 0.264293 2.354383 -1.578590 0.000000 0.000000
    44 -0.023242 0.746336 -3.528393 0.000000 0.000000 0.000000
    45 -0.007813 -2.479087 -0.800961 0.000000 0.000000 0.000000
    46 4.935818 26.131886 -30.068890 1.570796 0.000000 -1.570796
    47 0.246049 -5.703599 -24.367022 -1.578590 0.000000 0.000000
    48 3.563665 24.276297 -24.518890 1.370872 -0.290362 0.012589
    49 -0.163199 2.333981 0.382080 3.036085 0.153200 -1.921800
    50 1.417000 1.884756 0.307373 -0.111793 0.161679 -1.589012
    51 2.720712 2.529284 0.412601 -3.110078 -0.046555 2.851972
  time 17
    0 0.000000 -0.000006 0.000000 -1.570781 -1.391896 -1.570809
    1 -8.625000 3.998047 4.855469 1.596635 -1.286515 2.942964
    2 6.028141 0.000005 0.000002 -0.236111 -0.788180 -2.635221
    3 11.692560 0.000013 -0.000006 -0.000007 0.000024 -0.649834
    4 11.481678 0.000006 -0.000039 -0.022624 0.031975 0.530284
    5 3.859705 -0.142418 -1.191975 -0.491488 0.019954 -1.183259
    6 1.312563 -0.000013 0.000002 -0.002952 0.009065 -0.786336
    7 0.729365 -0.000006 -0.000001 -0.001720 0.000070 -0.091224
    8 3.942327 0.046753 -0.431444 -0.164975 -0.013483 -0.941623
    9 1.539093 0.000008 -0.000006 0.024970 -0.059852 -0.786425
    10 1.196323 -0.000006 0.000002 0.007477 -0.000789 -0.210938
    11 3.883688 -0.046781 0.431443 0.072018 -0.051131 -0.683611
    12 1.719580 -0.000010 0.000009 0.018082 -0.043520 -0.873091
    13 1.209183 -0.000006 0.000003 0.005980 0.002528 -0.040854
    14 3.859854 -0.137962 1.332467 0.351336 -0.080551 -0.645567
    15 1.719431 0.000000 -0.000006 0.009748 -0.032731 -0.666151
    16 1.099672 0.000000 0.000004 0.004672 0.002258 -0.112114
    17 1.076172 -0.833008 1.069336 -1.016913 -0.474151 -0.826961
    18 1.789780 0.000002 -0.000006 0.056593 -0.192395 -0.059543
    19 1.207005 0.000001 -0.000004 0.000002 -0.000001 0.362862
    20 11.481707 0.000006 -0.000005 -0.315017 -0.059012 0.073525
    21 -3.308594 -6.203125 -3.976563 -1.668474 1.286519 2.942954
    22 6.028142 0.000001 -0.000001 1.243772 0.550190 -0.695213
    23 11.692555 0.000031 0.000001 0.000000 0.000000 -1.761673
    24 11.481703 0.000105 0.000003 -0.813313 0.365210 0.828364
    25 3.859676 -0.132545 1.193109 0.630360 0.070276 -1.940361
    26 1.312563 0.000000 -0.000001 -0.036309 0.005144 -0.002453
    27 0.729366 0.000002 0.000000 0.000984 0.006156 -1.568944
    28 3.942295 0.050345 0.431044 0.165286 0.073604 -1.403706
    29 1.539101 -0.000002 0.000002 0.004999 -0.017614 -1.177076
    30 1.196321 -0.000004 -0.000002 -0.000579 0.000022 -0.199668
    31 3.883659 -0.050304 -0.431042 -0.011981 0.010725 -0.887435
    32 1.719584 0.000006 0.000006 -0.105498 0.032236 -1.716072
    33 1.209185 0.000002 0.000006 -0.009162 -0.004482 -0.219737
    34 3.859833 -0.148918 -1.331282 -0.293757 0.203383 -0.234543
    35 1.719429 0.000006 0.000011 -0.054743 0.058190 -1.471116
    36 1.099661 0.000002 0.000007 -0.011453 -0.002318 0.116496
    37 0.806019 -0.359832 -1.318334 0.864161 0.348455 -0.949251
    38 1.789782 -0.000008 -0.000008 -0.016601 0.223149 0.393590
    39 1.207003 -0.000002 -0.000002 0.050515 -0.350313 0.767585
    40 11.481703 0.000105 0.000003 0.119926 0.101030 0.119968
    41 -6.135735 -12.872601 -5.716327 1.577881 0.018095 -0.003116
    42 0.000000 -4.325217 2.197774 0.000000 0.000000 0.000000
    43 0.759740 0.264293 2.354383 -1.578590 0.000000 0.000000
    44 -0.023242 0.746336 -3.528393 0.000000 0.000000 0.000000
    45 -0.003906 -2.479087 -0.789242 0.000000 0.000000 0.000000
    46 4.935818 26.131886 -30.068890 1.570796 0.000000 -1.570796
    47 0.246049 -5.703599 -24.367022 -1.578590 0.000000 0.000000
    48 3.563665 24.276297 -24.518890 1.370872 -0.290362 0.012589
    49 -0.163199 2.333981 0.382080 3.036085 0.153200 -1.921800
    50 1.417000 1.884756 0.307373 -0.111793 0.161679 -1.589012
    51 2.720712 2.529284 0.412601 -3.110078 -0.046555 2.851972
  time 18
    0 0.000000 -0.000006 0.000000 -1.570781 -1.391896 -1.570809
    1 -8.625000 3.998047 4.855469 1.596635 -1.286515 2.942964
    2 6.028141 0.000005 0.000002 -0.240312 -0.784625 -2.629825
    3 11.692560 0.000013 -0.000006 -0.000007 0.000024 -0.661291
    4 11.481678 0.000006 -0.000039 -0.021148 0.030167 0.538238
    5 3.859705 -0.142418 -1.191975 -0.491488 0.019954 -1.183259
    6 1.312563 -0.000013 0.000002 -0.002952 0.009065 -0.786336
    7 0.729365 -0.000006 -0.000001 -0.001720 0.000070 -0.091224
    8 3.942327 0.046753 -0.431444 -0.164975 -0.013483 -0.941623
    9 1.539093 0.000008 -0.000006 0.024970 -0.059852 -0.786425
    10 1.196323 -0.000006 0.000002 0.007477 -0.000789 -0.210938
    11 3.883688 -0.046781 0.431443 0.072018 -0.051131 -0.683611
    12 1.719580 -0.000010 0.000009 0.018082 -0.043520 -0.873091
    13 1.209183 -0.000006 0.000003 0.005992 0.002528 -0.040854
    14 3.859854 -0.137962 1.332467 0.351336 -0.080551 -0.645567
    15 1.719431 0.000000 -0.000006 0.009748 -0.032731 -0.666151
    16 1.099672 0.000000 0.000004 0.004672 0.002258 -0.112114
    17 1.076172 -0.833008 1.069336 -1.016913 -0.474151 -0.826961
    18 1.789780 0.000002 -0.000006 0.056593 -0.192395 -0.059543
    19 1.207005 0.000001 -0.000004 0.000002 -0.000001 0.362862
    20 11.481707 0.000006 -0.000005 -0.314528 -0.060282 0.074718
    21 -3.308594 -6.203125 -3.976563 -1.668474 1.286519 2.942954
    22 6.028142 0.000001 -0.000001 1.243157 0.546828 -0.694837
    23 11.692555 0.000031 0.000001 0.000000 0.000000 -1.769676
    24 11.481703 0.000105 0.000003 -0.812157 0.366631 0.833803
    25 3.859676 -0.132545 1.193109 0.630360 0.070276 -1.940361
    26 1.312563 0.000000 -0.000001 -0.036309 0.005144 -0.002453
    27 0.729366 0.000002 0.000000 0.000984 0.006156 -1.568944
    28 3.942295 0.050345 0.431044 0.165286 0.073604 -1.403706
    29 1.539101 -0.000002 0.000002 0.004999 -0.017614 -1.177076
    30 1.196321 -0.000004 -0.000002 -0.000579 0.000022 -0.199668
    31 3.883659 -0.050304 -0.431042 -0.011981 0.010725 -0.887435
    32 1.719584 0.000006 0.000006 -0.105498 0.032236 -1.716031
    33 1.209185 0.000002 0.000006 -0.009162 -0.004482 -0.219737
    34 3.859833 -0.148918 -1.331282 -0.295027 0.201466 -0.237006
    35 1.719429 0.000006 0.000011 -0.053736 0.057303 -1.457755
    36 1.099661 0.000002 0.000007 -0.011453 -0.002318 0.116496
    37 0.806019 -0.359832 -1.318334 0.864161 0.348455 -0.949251
    38 1.789782 -0.000008 -0.000008 -0.016601 0.223149 0.393590
    39 1.207003 -0.000002 -0.000002 0.050515 -0.350313 0.767585
    40 11.481703 0.000105 0.000003 0.119818 0.101653 0.120843
    41 -6.135735 -12.806193 -5.692889 1.578067 0.017059 -0.003886
    42 0.000000 -4.325217 2.197774 0.000000 0.000000 0.000000
    43 0.759740 0.264293 2.354383 -1.578590 0.000000 0.000000
    44 -0.023242 0.746336 -3.528393 0.000000 0.000000 0.000000
    45 0.000000 -2.479087 -0.781430 0.000000 0.000000 0.000000
    46 4.935818 26.131886 -30.068890 1.570796 0.000000 -1.570796
    47 0.246049 -5.703599 -24.367022 -1.578590 0.000000 0.000000
    48 3.563665 24.276297 -24.518890 1.370872 -0.290362 0.012589
    49 -0.163199 2.333981 0.382080 3.036085 0.153200 -1.921800
    50 1.417000 1.884756 0.307373 -0.111793 0.161679 -1.589012
    51 2.720712 2.529284 0.412601 -3.110078 -0.046555 2.851972
  time 19
    0 0.000000 -0.000006 0.000000 -1.570781 -1.391896 -1.570809
    1 -8.625000 3.998047 4.855469 1.596635 -1.286515 2.942964
    2 6.028141 0.000005 0.000002 -0.243463 -0.781818 -2.625849
    3 11.692560 0.000013 -0.000006 -0.000007 0.000024 -0.670276
    4 11.481678 0.000006 -0.000039 -0.019580 0.028743 0.544568
    5 3.859705 -0.142418 -1.191975 -0.491488 0.019954 -1.183259
    6 1.312563 -0.000013 0.000002 -0.002952 0.009065 -0.786336
    7 0.729365 -0.000006 -0.000001 -0.001720 0.000070 -0.091224
    8 3.942327 0.046753 -0.431444 -0.164975 -0.013483 -0.941623
    9 1.539093 0.000008 -0.000006 0.024970 -0.059852 -0.786425
    10 1.196323 -0.000006 0.000002 0.007477 -0.000789 -0.210938
    11 3.883688 -0.046781 0.431443 0.072018 -0.051131 -0.683611
    12 1.719580 -0.000010 0.000009 0.018082 -0.043520 -0.873091
    13 1.209183 -0.000006 0.000003 0.005980 0.002528 -0.040854
    14 3.859854 -0.137962 1.332467 0.351336 -0.080551 -0.645567
    15 1.719431 0.000000 -0.000006 0.009748 -0.032731 -0.666151
    16 1.099672 0.000000 0.000004 0.004672 0.002258 -0.112114
    17 1.076172 -0.833008 1.069336 -1.016913 -0.474151 -0.826961
    18 1.789780 0.000002 -0.000006 0.056593 -0.192395 -0.059543
    19 1.207005 0.000001 -0.000004 0.000002 -0.000001 0.362862
    20 11.481707 0.000006 -0.000005 -0.314023 -0.061265 0.075695
    21 -3.308594 -6.203125 -3.976563 -1.668474 1.286519 2.942954
    22 6.028142 0.000001 -0.000001 1.242455 0.544155 -0.694712
    23 11.692555 0.000031 0.000001 0.000000 0.000000 -1.775793
    24 11.481703 0.000105 0.000003 -0.810861 0.368197 0.837734
    25 3.859676 -0.132545 1.193109 0.630360 0.070276 -1.940361
    26 1.312563 0.000000 -0.000001 -0.036309 0.005144 -0.002453
    27 0.729366 0.000002 0.000000 0.000984 0.006156 -1.568944
    28 3.942295 0.050345 0.431044 0.165286 0.073604 -1.403706
    29 1.539101 -0.000002 0.000002 0.004999 -0.017614 -1.177076
    30 1.196321 -0.000004 -0.000002 -0.000579 0.000022 -0.199668
    31 3.883659 -0.050304 -0.431042 -0.011981 0.010725 -0.887435
    32 1.719584 0.000006 0.000006 -0.105498 0.032236 -1.716031
    33 1.209185 0.000002 0.000006 -0.009162 -0.004482 -0.219737
    34 3.859833 -0.148918 -1.331282 -0.295794 0.200315 -0.238467
    35 1.719429 0.000006 0.000011 -0.053137 0.056775 -1.449758
    36 1.099661 0.000002 0.000007 -0.011453 -0.002318 0.116496
    37 0.806019 -0.359832 -1.318334 0.864161 0.348455 -0.949251
    38 1.789782 -0.000008 -0.000008 -0.016601 0.223149 0.393590
    39 1.207003 -0.000002 -0.000002 0.050515 -0.350313 0.767585
    40 11.481703 0.000105 0.000003 0.119770 0.102217 0.121418
    41 -6.135735 -12.751504 -5.677264 1.577912 0.015824 -0.004580
    42 0.000000 -4.325217 2.197774 0.000000 0.000000 0.000000
    43 0.759740 0.264293 2.354383 -1.578590 0.000000 0.000000
    44 -0.023242 0.746336 -3.528393 0.000000 0.000000 0.000000
    45 0.000000 -2.479087 -0.773617 0.000000 0.000000 0.000000
    46 4.935818 26.131886 -30.068890 1.570796 0.000000 -1.570796
    47 0.246049 -5.703599 -24.367022 -1.578590 0.000000 0.000000
    48 3.563665 24.276297 -24.518890 1.370872 -0.290362 0.012589
    49 -0.163199 2.333981 0.382080 3.036085 0.153200 -1.921800
    50 1.417000 1.884756 0.307373 -0.111793 0.161679 -1.589012
    51 2.720712 2.529284 0.412601 -3.110078 -0.046555 2.851972
  time 20
    0 0.000000 -0.000006 0.000000 -1.570781 -1.391896 -1.570809
    1 -8.625000 3.998047 4.855469 1.596635 -1.286515 2.942964
    2 6.028141 0.000005 0.000002 -0.245373 -0.780040 -2.623482
    3 11.692560 0.000013 -0.000006 -0.000007 0.000024 -0.676042
    4 11.481678 0.000006 -0.000039 -0.017827 0.027858 0.549114
    5 3.859705 -0.142418 -1.191975 -0.491488 0.019954 -1.183259
    6 1.312563 -0.000013 0.000002 -0.002952 0.009065 -0.786336
    7 0.729365 -0.000006 -0.000001 -0.001720 0.000070 -0.091224
    8 3.942327 0.046753 -0.431444 -0.164975 -0.013483 -0.941623
    9 1.539093 0.000008 -0.000006 0.024970 -0.059852 -0.786425
    10 1.196323 -0.000006 0.000002 0.007477 -0.000789 -0.210938
    11 3.883688 -0.046781 0.431443 0.072018 -0.051131 -0.683611
    12 1.719580 -0.000010 0.000009 0.018082 -0.043520 -0.873091
    13 1.209183 -0.000006 0.000003 0.005980 0.002528 -0.040854
    14 3.859854 -0.137962 1.332467 0.351336 -0.080551 -0.645567
    15 1.719431 0.000000 -0.000006 0.009748 -0.032731 -0.666151
    16 1.099672 0.000000 0.000004 0.004672 0.002258 -0.112114
    17 1.076172 -0.833008 1.069336 -1.016913 -0.474151 -0.826961
    18 1.789780 0.000002 -0.000006 0.056593 -0.192395 -0.059543
    19 1.207005 0.000001 -0.000004 0.000002 -0.000001 0.362862
    20 11.481707 0.000006 -0.000005 -0.313549 -0.061900 0.076408
    21 -3.308594 -6.203125 -3.976563 -1.668474 1.286519 2.942954
    22 6.028142 0.000001 -0.000001 1.241695 0.542444 -0.694851
    23 11.692555 0.000031 0.000001 0.000000 0.000000 -1.779632
    24 11.481703 0.000105 0.000003 -0.809520 0.369642 0.839996
    25 3.859676 -0.132545 1.193109 0.630360 0.070276 -1.940361
    26 1.312563 0.000000 -0.000001 -0.036309 0.005144 -0.002453
    27 0.729366 0.000002 0.000000 0.000984 0.006156 -1.568944
    28 3.942295 0.050345 0.431044 0.165286 0.073604 -1.403706
    29 1.539101 -0.000002 0.000002 0.004999 -0.017614 -1.177076
    30 1.196321 -0.000004 -0.000002 -0.000579 0.000022 -0.199668
    31 3.883659 -0.050304 -0.431042 -0.011981 0.010725 -0.887435
    32 1.719584 0.000006 0.000006 -0.105498 0.032236 -1.716031
    33 1.209185 0.000002 0.000006 -0.009162 -0.004482 -0.219737
    34 3.859833 -0.148918 -1.331282 -0.296046 0.199932 -0.238954
    35 1.719429 0.000006 0.000011 -0.052945 0.056596 -1.447124
    36 1.099661 0.000002 0.000007 -0.011453 -0.002318 0.116496
    37 0.806019 -0.359832 -1.318334 0.864161 0.348455 -0.949251
    38 1.789782 -0.000008 -0.000008 -0.016601 0.223149 0.393590
    39 1.207003 -0.000002 -0.000002 0.050515 -0.350313 0.767585
    40 11.481703 0.000105 0.000003 0.119806 0.102696 0.121670
    41 -6.135735 -12.712440 -5.665545 1.577479 0.014389 -0.005119
    42 0.000000 -4.325217 2.197774 0.000000 0.000000 0.000000
    43 0.759740 0.264293 2.354383 -1.578590 0.000000 0.000000
    44 -0.023242 0.746336 -3.528393 0.000000 0.000000 0.000000
    45 0.000000 -2.479087 -0.773617 0.000000 0.000000 0.000000
    46 4.935818 26.131886 -30.068890 1.570796 0.000000 -1.570796
    47 0.246049 -5.703599 -24.367022 -1.578590 0.000000 0.000000
    48 3.563665 24.276297 -24.518890 1.370872 -0.290362 0.012589
    49 -0.163199 2.333981 0.382080 3.036085 0.153200 -1.921800
    50 1.417000 1.884756 0.307373 -0.111793 0.161679 -1.589012
    51 2.720712 2.529284 0.412601 -3.110078 -0.046555 2.851972
  time 21
    0 0.000000 -0.000006 0.000000 -1.570781 -1.391896 -1.570809
    1 -8.625000 3.998047 4.855469 1.596635 -1.286515 2.942964
    2 6.028141 0.000005 0.000002 -0.245755 -0.779526 -2.623103
    3 11.692560 0.000013 -0.000006 -0.000007 0.000024 -0.677914
    4 11.481678 0.000006 -0.000039 -0.016074 0.027627 0.551224
    5 3.859705 -0.142418 -1.191975 -0.491488 0.019954 -1.183259
    6 1.312563 -0.000013 0.000002 -0.002952 0.009065 -0.786336
    7 0.729365 -0.000006 -0.000001 -0.001720 0.000070 -0.091224
    8 3.942327 0.046753 -0.431444 -0.164975 -0.013483 -0.941623
    9 1.539093 0.000008 -0.000006 0.024970 -0.059852 -0.786425
    10 1.196323 -0.000006 0.000002 0.007477 -0.000789 -0.210938
    11 3.883688 -0.046781 0.431443 0.072018 -0.051131 -0.683611
    12 1.719580 -0.000010 0.000009 0.018082 -0.043520 -0.873091
    13 1.209183 -0.000006 0.000003 0.005980 0.002528 -0.040854
    14 3.859854 -0.137962 1.332467 0.351336 -0.080551 -0.645567
    15 1.719431 0.000000 -0.000006 0.009748 -0.032731 -0.666151
    16 1.099672 0.000000 0.000004 0.004672 0.002258 -0.112114
    17 1.076172 -0.833008 1.069336 -1.016913 -0.474151 -0.826961
    18 1.789780 0.000002 -0.000006 0.056593 -0.192395 -0.059543
    19 1.207005 0.000001 -0.000004 0.000002 -0.000001 0.362862
    20 11.481707 0.000006 -0.000005 -0.313170 -0.062116 0.076795
    21 -3.308594 -6.203125 -3.976563 -1.668474 1.286519 2.942954
    22 6.028142 0.000001 -0.000001 1.240964 0.541934 -0.695255
    23 11.692555 0.000031 0.000001 0.000000 0.000000 -1.780608
    24 11.481703 0.000105 0.000003 -0.808040 0.370919 0.840314
    25 3.859676 -0.132545 1.193109 0.630360 0.070276 -1.940361
    26 1.312563 0.000000 -0.000001 -0.036309 0.005144 -0.002453
    27 0.729366 0.000002 0.000000 0.000984 0.006156 -1.568944
    28 3.942295 0.050345 0.431044 0.165286 0.073604 -1.403706
    29 1.539101 -0.000002 0.000002 0.004999 -0.017614 -1.177076
    30 1.196321 -0.000004 -0.000002 -0.000579 0.000022 -0.199668
    31 3.883659 -0.050304 -0.431042 -0.011981 0.010725 -0.887435
    32 1.719584 0.000006 0.000006 -0.105498 0.032236 -1.716031
    33 1.209185 0.000002 0.000006 -0.009162 -0.004482 -0.219737
    34 3.859833 -0.148918 -1.331282 -0.296046 0.199932 -0.238954
    35 1.719429 0.000006 0.000011 -0.052945 0.056596 -1.447124
    36 1.099661 0.000002 0.000007 -0.011453 -0.002318 0.116496
    37 0.806019 -0.359832 -1.318334 0.864161 0.348455 -0.949251
    38 1.789782 -0.000008 -0.000008 -0.016601 0.223149 0.393590
    39 1.207003 -0.000002 -0.000002 0.050515 -0.350313 0.767585
    40 11.481703 0.000105 0.000003 0.119938 0.103032 0.121562
    41 -6.135735 -12.700721 -5.661638 1.576798 0.012790 -0.005427
    42 0.000000 -4.325217 2.197774 0.000000 0.000000 0.000000
    43 0.759740 0.264293 2.354383 -1.578590 0.000000 0.000000
    44 -0.023242 0.746336 -3.528393 0.000000 0.000000 0.000000
    45 0.000000 -2.479087 -0.773617 0.000000 0.000000 0.000000
    46 4.935818 26.131886 -30.068890 1.570796 0.000000 -1.570796
    47 0.246049 -5.703599 -24.367022 -1.578590 0.000000 0.000000
    48 3.563665 24.276297 -24.518890 1.370872 -0.290362 0.012589
    49 -0.163199 2.333981 0.382080 3.036085 0.153200 -1.921800
    50 1.417000 1.884756 0.307373 -0.111793 0.161679 -1.589012
    51 2.720712 2.529284 0.412601 -3.110078 -0.046555 2.851972
  time 22
    0 0.000000 -0.000006 0.000000 -1.570781 -1.391896 -1.570809
    1 -8.625000 3.998047 4.855469 1.596635 -1.286515 2.942964
    2 6.028141 0.000005 0.000002 -0.245182 -0.779947 -2.623766
    3 11.692560 0.000013 -0.000006 -0.000007 0.000024 -0.677091
    4 11.481678 0.000006 -0.000039 -0.014229 0.027858 0.551549
    5 3.859705 -0.142418 -1.191975 -0.491488 0.019954 -1.183259
    6 1.312563 -0.000013 0.000002 -0.002952 0.009065 -0.786336
    7 0.729365 -0.000006 -0.000001 -0.001720 0.000070 -0.091224
    8 3.942327 0.046753 -0.431444 -0.164975 -0.013483 -0.941623
    9 1.539093 0.000008 -0.000006 0.024970 -0.059852 -0.786425
    10 1.196323 -0.000006 0.000002 0.007477 -0.000789 -0.210938
    11 3.883688 -0.046781 0.431443 0.072018 -0.051131 -0.683611
    12 1.719580 -0.000010 0.000009 0.018082 -0.043520 -0.873091
    13 1.209183 -0.000006 0.000003 0.005980 0.002528 -0.040854
    14 3.859854 -0.137962 1.332467 0.351336 -0.080551 -0.645567
    15 1.719431 0.000000 -0.000006 0.009748 -0.032731 -0.666151
    16 1.099672 0.000000 0.000004 0.004672 0.002258 -0.112114
    17 1.076172 -0.833008 1.069336 -1.016913 -0.474151 -0.826961
    18 1.789780 0.000002 -0.000006 0.056593 -0.192395 -0.059543
    19 1.207005 0.000001 -0.000004 0.000002 -0.000001 0.362862
    20 11.481707 0.000006 -0.000005 -0.312839 -0.062008 0.076919
    21 -3.308594 -6.203125 -3.976563 -1.668474 1.286519 2.942954
    22 6.028142 0.000001 -0.000001 1.240115 0.542174 -0.695951
    23 11.692555 0.000031 0.000001 0.000000 0.000000 -1.779306
    24 11.481703 0.000105 0.000003 -0.806560 0.372172 0.838766
    25 3.859676 -0.132545 1.193109 0.630360 0.070276 -1.940361
    26 1.312563 0.000000 -0.000001 -0.036309 0.005144 -0.002453
    27 0.729366 0.000002 0.000000 0.000984 0.006156 -1.568944
    28 3.942295 0.050345 0.431044 0.165286 0.073604 -1.403706
    29 1.539101 -0.000002 0.000002 0.004999 -0.017614 -1.177076
    30 1.196321 -0.000004 -0.000002 -0.000579 0.000022 -0.199668
    31 3.883659 -0.050304 -0.431042 -0.011981 0.010725 -0.887435
    32 1.719584 0.000006 0.000006 -0.105498 0.032236 -1.716031
    33 1.209185 0.000002 0.000006 -0.009162 -0.004482 -0.219737
    34 3.859833 -0.148918 -1.331282 -0.296046 0.199932 -0.238954
    35 1.719429 0.000006 0.000011 -0.052945 0.056596 -1.447124
    36 1.099661 0.000002 0.000007 -0.011453 -0.002318 0.116496
    37 0.806019 -0.359832 -1.318334 0.864161 0.348455 -0.949251
    38 1.789782 -0.000008 -0.000008 -0.016601 0.223149 0.393590
    39 1.207003 -0.000002 -0.000002 0.050515 -0.350313 0.767585
    40 11.481703 0.000105 0.000003 0.120142 0.103271 0.121094
    41 -6.135735 -12.704627 -5.665545 1.575901 0.011082 -0.005504
    42 0.000000 -4.325217 2.197774 0.000000 0.000000 0.000000
    43 0.759740 0.264293 2.354383 -1.578590 0.000000 0.000000
    44 -0.023242 0.746336 -3.528393 0.000000 0.000000 0.000000
    45 0.000000 -2.479087 -0.773617 0.000000 0.000000 0.000000
    46 4.935818 26.131886 -30.068890 1.570796 0.000000 -1.570796
    47 0.246049 -5.703599 -24.367022 -1.578590 0.000000 0.000000
    48 3.563665 24.276297 -24.518890 1.370872 -0.290362 0.012589
    49 -0.163199 2.333981 0.382080 3.036085 0.153200 -1.921800
    50 1.417000 1.884756 0.307373 -0.111793 0.161679 -1.589012
    51 2.720712 2.529284 0.412601 -3.110078 -0.046555 2.851972
  time 23
    0 0.000000 -0.000006 0.000000 -1.570781 -1.391896 -1.570809
    1 -8.625000 3.998047 4.855469 1.596635 -1.286515 2.942964
    2 6.028141 0.000005 0.000002 -0.244609 -0.780695 -2.624523
    3 11.692560 0.000013 -0.000006 -0.000007 0.000024 -0.675368
    4 11.481678 0.000006 -0.000039 -0.012384 0.028243 0.551062
    5 3.859705 -0.142418 -1.191975 -0.491488 0.019954 -1.183259
    6 1.312563 -0.000013 0.000002 -0.002952 0.009065 -0.786336
    7 0.729365 -0.000006 -0.000001 -0.001720 0.000070 -0.091224
    8 3.942327 0.046753 -0.431444 -0.164975 -0.013483 -0.941623
    9 1.539093 0.000008 -0.000006 0.024970 -0.059852 -0.786425
    10 1.196323 -0.000006 0.000002 0.007477 -0.000789 -0.210938
    11 3.883688 -0.046781 0.431443 0.072018 -0.051131 -0.683611
    12 1.719580 -0.000010 0.000009 0.018082 -0.043520 -0.873091
    13 1.209183 -0.000006 0.000003 0.005980 0.002528 -0.040854
    14 3.859854 -0.137962 1.332467 0.351336 -0.080551 -0.645567
    15 1.719431 0.000000 -0.000006 0.009748 -0.032731 -0.666151
    16 1.099672 0.000000 0.000004 0.004672 0.002258 -0.112114
    17 1.076172 -0.833008 1.069336 -1.016913 -0.474151 -0.826961
    18 1.789780 0.000002 -0.000006 0.056593 -0.192395 -0.059543
    19 1.207005 0.000001 -0.000004 0.000002 -0.000001 0.362862
    20 11.481707 0.000006 -0.000005 -0.312508 -0.061757 0.076919
    21 -3.308594 -6.203125 -3.976563 -1.668474 1.286519 2.942954
    22 6.028142 0.000001 -0.000001 1.239004 0.542564 -0.696856
    23 11.692555 0.000031 0.000001 0.000000 0.000000 -1.776704
    24 11.481703 0.000105 0.000003 -0.805172 0.373569 0.835868
    25 3.859676 -0.132545 1.193109 0.630360 0.070276 -1.940361
    26 1.312563 0.000000 -0.000001 -0.036309 0.005144 -0.002453
    27 0.729366 0.000002 0.000000 0.000984 0.006156 -1.568944
    28 3.942295 0.050345 0.431044 0.165286 0.073604 -1.403706
    29 1.539101 -0.000002 0.000002 0.004999 -0.017614 -1.177076
    30 1.196321 -0.000004 -0.000002 -0.000579 0.000022 -0.199668
    31 3.883659 -0.050304 -0.431042 -0.011981 0.010725 -0.887435
    32 1.719584 0.000006 0.000006 -0.105498 0.032236 -1.716031
    33 1.209185 0.000002 0.000006 -0.009162 -0.004482 -0.219737
    34 3.859833 -0.148918 -1.331282 -0.296046 0.199932 -0.238954
    35 1.719429 0.000006 0.000011 -0.052945 0.056596 -1.447124
    36 1.099661 0.000002 0.000007 -0.011453 -0.002318 0.116496
    37 0.806019 -0.359832 -1.318334 0.864161 0.348455 -0.949251
    38 1.789782 -0.000008 -0.000008 -0.016601 0.223149 0.393590
    39 1.207003 -0.000002 -0.000002 0.050515 -0.350313 0.767585
    40 11.481703 0.000105 0.000003 0.120381 0.103463 0.120363
    41 -6.135735 -12.716346 -5.681170 1.574787 0.009265 -0.005427
    42 0.000000 -4.325217 2.197774 0.000000 0.000000 0.000000
    43 0.759740 0.264293 2.354383 -1.578590 0.000000 0.000000
    44 -0.023242 0.746336 -3.528393 0.000000 0.000000 0.000000
    45 0.000000 -2.479087 -0.773617 0.000000 0.000000 0.000000
    46 4.935818 26.131886 -30.068890 1.570796 0.000000 -1.570796
    47 0.246049 -5.703599 -24.367022 -1.578590 0.000000 0.000000
    48 3.563665 24.276297 -24.518890 1.370872 -0.290362 0.012589
    49 -0.163199 2.333981 0.382080 3.036085 0.153200 -1.921800
    50 1.417000 1.884756 0.307373 -0.111793 0.161679 -1.589012
    51 2.720712 2.529284 0.412601 -3.110078 -0.046555 2.851972
  time 24
    0 0.000000 -0.000006 0.000000 -1.570781 -1.391896 -1.570809
    1 -8.625000 3.998047 4.855469 1.596635 -1.286515 2.942964
    2 6.028141 0.000005 0.000002 -0.243941 -0.781771 -2.625186
    3 11.692560 0.000013 -0.000006 -0.000007 0.000024 -0.672972
    4 11.481678 0.000006 -0.000039 -0.010447 0.028666 0.549763
    5 3.859705 -0.142418 -1.191975 -0.491488 0.019954 -1.183259
    6 1.312563 -0.000013 0.000002 -0.002952 0.009065 -0.786336
    7 0.729365 -0.000006 -0.000001 -0.001720 0.000070 -0.091224
    8 3.942327 0.046753 -0.431444 -0.164975 -0.013483 -0.941623
    9 1.539093 0.000008 -0.000006 0.024970 -0.059852 -0.786425
    10 1.196323 -0.000006 0.000002 0.007477 -0.000789 -0.210938
    11 3.883688 -0.046781 0.431443 0.072018 -0.051131 -0.683611
    12 1.719580 -0.000010 0.000009 0.018082 -0.043520 -0.873091
    13 1.209183 -0.000006 0.000003 0.005980 0.002528 -0.040854
    14 3.859854 -0.137962 1.332467 0.351336 -0.080551 -0.645567
    15 1.719431 0.000000 -0.000006 0.009748 -0.032731 -0.666151
    16 1.099672 0.000000 0.000004 0.004672 0.002258 -0.112114
    17 1.076172 -0.833008 1.069336 -1.016913 -0.474151 -0.826961
    18 1.789780 0.000002 -0.000006 0.056593 -0.192395 -0.059543
    19 1.207005 0.000001 -0.000004 0.000002 -0.000001 0.362862
    20 11.481707 0.000006 -0.000005 -0.312192 -0.061397 0.076795
    21 -3.308594 -6.203125 -3.976563 -1.668474 1.286519 2.942954
    22 6.028142 0.000001 -0.000001 1.237746 0.543075 -0.697928
    23 11.692555 0.000031 0.000001 0.000000 0.000000 -1.773060
    24 11.481703 0.000105 0.000003 -0.803785 0.375063 0.831778
    25 3.859676 -0.132545 1.193109 0.630360 0.070276 -1.940361
    26 1.312563 0.000000 -0.000001 -0.036309 0.005144 -0.002453
    27 0.729366 0.000002 0.000000 0.000984 0.006156 -1.568944
    28 3.942295 0.050345 0.431044 0.165286 0.073604 -1.403706
    29 1.539101 -0.000002 0.000002 0.004999 -0.017614 -1.177076
    30 1.196321 -0.000004 -0.000002 -0.000579 0.000022 -0.199668
    31 3.883659 -0.050304 -0.431042 -0.011981 0.010725 -0.887435
    32 1.719584 0.000006 0.000006 -0.105498 0.032236 -1.716031
    33 1.209185 0.000002 0.000006 -0.009162 -0.004482 -0.219737
    34 3.859833 -0.148918 -1.331282 -0.296046 0.199932 -0.238954
    35 1.719429 0.000006 0.000011 -0.052945 0.056596 -1.447124
    36 1.099661 0.000002 0.000007 -0.011453 -0.002318 0.116496
    37 0.806019 -0.359832 -1.318334 0.864161 0.348455 -0.949251
    38 1.789782 -0.000008 -0.000008 -0.016601 0.223149 0.393590
    39 1.207003 -0.000002 -0.000002 0.050515 -0.350313 0.767585
    40 11.481703 0.000105 0.000003 0.120633 0.103595 0.119405
    41 -6.135735 -12.735878 -5.700702 1.573488 0.007376 -0.005042
    42 0.000000 -4.325217 2.197774 0.000000 0.000000 0.000000
    43 0.759740 0.264293 2.354383 -1.578590 0.000000 0.000000
    44 -0.023242 0.746336 -3.528393 0.000000 0.000000 0.000000
    45 0.000000 -2.479087 -0.773617 0.000000 0.000000 0.000000
    46 4.935818 26.131886 -30.068890 1.570796 0.000000 -1.570796
    47 0.246049 -5.703599 -24.367022 -1.578590 0.000000 0.000000
    48 3.563665 24.276297 -24.518890 1.370872 -0.290362 0.012589
    49 -0.163199 2.333981 0.382080 3.036085 0.153200 -1.921800
    50 1.417000 1.884756 0.307373 -0.111793 0.161679 -1.589012
    51 2.720712 2.529284 0.412601 -3.110078 -0.046555 2.851972
  time 25
    0 0.000000 -0.000006 0.000000 -1.570781 -1.391896 -1.570809
    1 -8.625000 3.998047 4.855469 1.596635 -1.286515 2.942964
    2 6.028141 0.000005 0.000002 -0.243177 -0.783128 -2.625943
    3 11.692560 0.000013 -0.000006 -0.000007 0.000024 -0.669977
    4 11.481678 0.000006 -0.000039 -0.008417 0.029128 0.547977
    5 3.859705 -0.142418 -1.191975 -0.491488 0.019954 -1.183259
    6 1.312563 -0.000013 0.000002 -0.002952 0.009065 -0.786336
    7 0.729365 -0.000006 -0.000001 -0.001720 0.000070 -0.091224
    8 3.942327 0.046753 -0.431444 -0.164975 -0.013483 -0.941623
    9 1.539093 0.000008 -0.000006 0.024970 -0.059852 -0.786425
    10 1.196323 -0.000006 0.000002 0.007477 -0.000789 -0.210938
    11 3.883688 -0.046781 0.431443 0.072018 -0.051131 -0.683611
    12 1.719580 -0.000010 0.000009 0.018082 -0.043520 -0.873091
    13 1.209183 -0.000006 0.000003 0.005980 0.002528 -0.040854
    14 3.859854 -0.137962 1.332467 0.351336 -0.080551 -0.645567
    15 1.719431 0.000000 -0.000006 0.009748 -0.032731 -0.666151
    16 1.099672 0.000000 0.000004 0.004672 0.002258 -0.112114
    17 1.076172 -0.833008 1.069336 -1.016913 -0.474151 -0.826961
    18 1.789780 0.000002 -0.000006 0.056593 -0.192395 -0.059543
    19 1.207005 0.000001 -0.000004 0.000002 -0.000001 0.362862
    20 11.481707 0.000006 -0.000005 -0.311861 -0.060942 0.076563
    21 -3.308594 -6.203125 -3.976563 -1.668474 1.286519 2.942954
    22 6.028142 0.000001 -0.000001 1.236342 0.543735 -0.699125
    23 11.692555 0.000031 0.000001 0.000000 0.000000 -1.768570
    24 11.481703 0.000105 0.000003 -0.802490 0.376605 0.826776
    25 3.859676 -0.132545 1.193109 0.630360 0.070276 -1.940361
    26 1.312563 0.000000 -0.000001 -0.036309 0.005144 -0.002453
    27 0.729366 0.000002 0.000000 0.000984 0.006156 -1.568944
    28 3.942295 0.050345 0.431044 0.165286 0.073604 -1.403706
    29 1.539101 -0.000002 0.000002 0.004999 -0.017614 -1.177076
    30 1.196321 -0.000004 -0.000002 -0.000579 0.000022 -0.199668
    31 3.883659 -0.050304 -0.431042 -0.011981 0.010725 -0.887435
    32 1.719584 0.000006 0.000006 -0.105498 0.032236 -1.716031
    33 1.209185 0.000002 0.000006 -0.009162 -0.004482 -0.219737
    34 3.859833 -0.148918 -1.331282 -0.296046 0.199932 -0.238954
    35 1.719429 0.000006 0.000011 -0.052945 0.056596 -1.447124
    36 1.099661 0.000002 0.000007 -0.011453 -0.002318 0.116496
    37 0.806019 -0.359832 -1.318334 0.864161 0.348455 -0.949251
    38 1.789782 -0.000008 -0.000008 -0.016601 0.223149 0.393590
    39 1.207003 -0.000002 -0.000002 0.050515 -0.350313 0.767585
    40 11.481703 0.000105 0.000003 0.120909 0.103679 0.118254
    41 -6.135735 -12.759316 -5.724140 1.572065 0.005468 -0.004580
    42 0.000000 -4.325217 2.197774 0.000000 0.000000 0.000000
    43 0.759740 0.264293 2.354383 -1.578590 0.000000 0.000000
    44 -0.023242 0.746336 -3.528393 0.000000 0.000000 0.000000
    45 0.000000 -2.479087 -0.773617 0.000000 0.000000 0.000000
    46 4.935818 26.131886 -30.068890 1.570796 0.000000 -1.570796
    47 0.246049 -5.703599 -24.367022 -1.578590 0.000000 0.000000
    48 3.563665 24.276297 -24.518890 1.370872 -0.290362 0.012589
    49 -0.163199 2.333981 0.382080 3.036085 0.153200 -1.921800
    50 1.417000 1.884756 0.307373 -0.111793 0.161679 -1.589012
    51 2.720712 2.529284 0.412601 -3.110078 -0.046555 2.851972
  time 26
    0 0.000000 -0.000006 0.000000 -1.570781 -1.391896 -1.570809
    1 -8.625000 3.998047 4.855469 1.596635 -1.286515 2.942964
    2 6.028141 0.000005 0.000002 -0.242413 -0.784625 -2.626795
    3 11.692560 0.000013 -0.000006 -0.000007 0.000024 -0.666457
    4 11.481678 0.000006 -0.000039 -0.006388 0.029667 0.545624
    5 3.859705 -0.142418 -1.191975 -0.491488 0.019954 -1.183259
    6 1.312563 -0.000013 0.000002 -0.002952 0.009065 -0.786336
    7 0.729365 -0.000006 -0.000001 -0.001720 0.000070 -0.091224
    8 3.942327 0.046753 -0.431444 -0.164975 -0.013483 -0.941623
    9 1.539093 0.000008 -0.000006 0.024970 -0.059852 -0.786425
    10 1.196323 -0.000006 0.000002 0.007477 -0.000789 -0.210938
    11 3.883688 -0.046781 0.431443 0.072018 -0.051131 -0.683611
    12 1.719580 -0.000010 0.000009 0.018082 -0.043520 -0.873091
    13 1.209183 -0.000006 0.000003 0.005980 0.002528 -0.040854
    14 3.859854 -0.137962 1.332467 0.351336 -0.080551 -0.645567
    15 1.719431 0.000000 -0.000006 0.009748 -0.032731 -0.666151
    16 1.099672 0.000000 0.000004 0.004672 0.002258 -0.112114
    17 1.076172 -0.833008 1.069336 -1.016913 -0.474151 -0.826961
    18 1.789780 0.000002 -0.000006 0.056593 -0.192395 -0.059543
    19 1.207005 0.000001 -0.000004 0.000002 -0.000001 0.362862
    20 11.481707 0.000006 -0.000005 -0.311561 -0.060426 0.076268
    21 -3.308594 -6.203125 -3.976563 -1.668474 1.286519 2.942954
    22 6.028142 0.000001 -0.000001 1.234879 0.544516 -0.700406
    23 11.692555 0.000031 0.000001 0.000000 0.000000 -1.763495
    24 11.481703 0.000105 0.000003 -0.801287 0.378146 0.821059
    25 3.859676 -0.132545 1.193109 0.630360 0.070276 -1.940361
    26 1.312563 0.000000 -0.000001 -0.036309 0.005144 -0.002453
    27 0.729366 0.000002 0.000000 0.000984 0.006156 -1.568944
    28 3.942295 0.050345 0.431044 0.165286 0.073604 -1.403706
    29 1.539101 -0.000002 0.000002 0.004999 -0.017614 -1.177076
    30 1.196321 -0.000004 -0.000002 -0.000579 0.000022 -0.199668
    31 3.883659 -0.050304 -0.431042 -0.011981 0.010725 -0.887435
    32 1.719584 0.000006 0.000006 -0.105498 0.032236 -1.716072
    33 1.209185 0.000002 0.000006 -0.009162 -0.004482 -0.219737
    34 3.859833 -0.148918 -1.331282 -0.296046 0.199932 -0.238954
    35 1.719429 0.000006 0.000011 -0.052945 0.056596 -1.447124
    36 1.099661 0.000002 0.000007 -0.011453 -0.002318 0.116496
    37 0.806019 -0.359832 -1.318334 0.864161 0.348455 -0.949251
    38 1.789782 -0.000008 -0.000008 -0.016601 0.223149 0.393590
    39 1.207003 -0.000002 -0.000002 0.050515 -0.350313 0.767585
    40 11.481703 0.000105 0.000003 0.121196 0.103727 0.116996
    41 -6.135735 -12.786661 -5.751485 1.570610 0.003561 -0.003963
    42 0.000000 -4.325217 2.197774 0.000000 0.000000 0.000000
    43 0.759740 0.264293 2.354383 -1.578590 0.000000 0.000000
    44 -0.023242 0.746336 -3.528393 0.000000 0.000000 0.000000
    45 0.000000 -2.479087 -0.773617 0.000000 0.000000 0.000000
    46 4.935818 26.131886 -30.068890 1.570796 0.000000 -1.570796
    47 0.246049 -5.703599 -24.367022 -1.578590 0.000000 0.000000
    48 3.563665 24.276297 -24.518890 1.370872 -0.290362 0.012589
    49 -0.163199 2.333981 0.382080 3.036085 0.153200 -1.921800
    50 1.417000 1.884756 0.307373 -0.111793 0.161679 -1.589012
    51 2.720712 2.529284 0.412601 -3.110078 -0.046555 2.851972
  time 27
    0 0.000000 -0.000006 0.000000 -1.570781 -1.391896 -1.570809
    1 -8.625000 3.998047 4.855469 1.596635 -1.286515 2.942964
    2 6.028141 0.000005 0.000002 -0.241554 -0.786262 -2.627553
    3 11.692560 0.000013 -0.000006 -0.000007 0.000024 -0.662639
    4 11.481678 0.000006 -0.000039 -0.004543 0.030167 0.543026
    5 3.859705 -0.142418 -1.191975 -0.491488 0.019954 -1.183259
    6 1.312563 -0.000013 0.000002 -0.002952 0.009065 -0.786336
    7 0.729365 -0.000006 -0.000001 -0.001720 0.000070 -0.091224
    8 3.942327 0.046753 -0.431444 -0.164975 -0.013483 -0.941623
    9 1.539093 0.000008 -0.000006 0.024970 -0.059852 -0.786425
    10 1.196323 -0.000006 0.000002 0.007477 -0.000789 -0.210938
    11 3.883688 -0.046781 0.431443 0.072018 -0.051131 -0.683611
    12 1.719580 -0.000010 0.000009 0.018082 -0.043520 -0.873091
    13 1.209183 -0.000006 0.000003 0.005992 0.002528 -0.040854
    14 3.859854 -0.137962 1.332467 0.351336 -0.080551 -0.645567
    15 1.719431 0.000000 -0.000006 0.009748 -0.032731 -0.666151
    16 1.099672 0.000000 0.000004 0.004672 0.002258 -0.112114
    17 1.076172 -0.833008 1.069336 -1.016913 -0.474151 -0.826961
    18 1.789780 0.000002 -0.000006 0.056593 -0.192395 -0.059543
    19 1.207005 0.000001 -0.000004 0.000002 -0.000001 0.362862
    20 11.481707 0.000006 -0.000005 -0.311261 -0.059875 0.075896
    21 -3.308594 -6.203125 -3.976563 -1.668474 1.286519 2.942954
    22 6.028142 0.000001 -0.000001 1.233417 0.545386 -0.701701
    23 11.692555 0.000031 0.000001 0.000000 0.000000 -1.757899
    24 11.481703 0.000105 0.000003 -0.800131 0.379592 0.814946
    25 3.859676 -0.132545 1.193109 0.630360 0.070276 -1.940361
    26 1.312563 0.000000 -0.000001 -0.036309 0.005144 -0.002453
    27 0.729366 0.000002 0.000000 0.000984 0.006156 -1.568944
    28 3.942295 0.050345 0.431044 0.165286 0.073604 -1.403706
    29 1.539101 -0.000002 0.000002 0.004999 -0.017614 -1.177076
    30 1.196321 -0.000004 -0.000002 -0.000579 0.000022 -0.199668
    31 3.883659 -0.050304 -0.431042 -0.011981 0.010725 -0.887435
    32 1.719584 0.000006 0.000006 -0.105498 0.032236 -1.716031
    33 1.209185 0.000002 0.000006 -0.009162 -0.004482 -0.219737
    34 3.859833 -0.148918 -1.331282 -0.296046 0.199932 -0.238954
    35 1.719429 0.000006 0.000011 -0.052945 0.056596 -1.447124
    36 1.099661 0.000002 0.000007 -0.011453 -0.002318 0.116496
    37 0.806019 -0.359832 -1.318334 0.864161 0.348455 -0.949251
    38 1.789782 -0.000008 -0.000008 -0.016601 0.223149 0.393590
    39 1.207003 -0.000002 -0.000002 0.050515 -0.350313 0.767585
    40 11.481703 0.000105 0.000003 0.121496 0.103727 0.115653
    41 -6.135735 -12.814006 -5.782736 1.569125 0.001690 -0.003193
    42 0.000000 -4.325217 2.197774 0.000000 0.000000 0.000000
    43 0.759740 0.264293 2.354383 -1.578590 0.000000 0.000000
    44 -0.023242 0.746336 -3.528393 0.000000 0.000000 0.000000
    45 0.000000 -2.479087 -0.773617 0.000000 0.000000 0.000000
    46 4.935818 26.131886 -30.068890 1.570796 0.000000 -1.570796
    47 0.246049 -5.703599 -24.367022 -1.578590 0.000000 0.000000
    48 3.563665 24.276297 -24.518890 1.370872 -0.290362 0.012589
    49 -0.163199 2.333981 0.382080 3.036085 0.153200 -1.921800
    50 1.417000 1.884756 0.307373 -0.111793 0.161679 -1.589012
    51 2.720712 2.529284 0.412601 -3.110078 -0.046555 2.851972
  time 28
    0 0.000000 -0.000006 0.000000 -1.570781 -1.391896 -1.570809
    1 -8.625000 3.998047 4.855469 1.596635 -1.286515 2.942964
    2 6.028141 0.000005 0.000002 -0.240694 -0.787993 -2.628499
    3 11.692560 0.000013 -0.000006 -0.000007 0.000024 -0.658670
    4 11.481678 0.000006 -0.000039 -0.002697 0.030667 0.540186
    5 3.859705 -0.142418 -1.191975 -0.491488 0.019954 -1.183259
    6 1.312563 -0.000013 0.000002 -0.002952 0.009065 -0.786336
    7 0.729365 -0.000006 -0.000001 -0.001720 0.000070 -0.091224
    8 3.942327 0.046753 -0.431444 -0.164975 -0.013483 -0.941623
    9 1.539093 0.000008 -0.000006 0.024970 -0.059852 -0.786425
    10 1.196323 -0.000006 0.000002 0.007477 -0.000789 -0.210938
    11 3.883688 -0.046781 0.431443 0.072018 -0.051131 -0.683611
    12 1.719580 -0.000010 0.000009 0.018082 -0.043520 -0.873091
    13 1.209183 -0.000006 0.000003 0.005980 0.002528 -0.040854
    14 3.859854 -0.137962 1.332467 0.351336 -0.080551 -0.645567
    15 1.719431 0.000000 -0.000006 0.009748 -0.032731 -0.666151
    16 1.099672 0.000000 0.000004 0.004672 0.002258 -0.112114
    17 1.076172 -0.833008 1.069336 -1.016913 -0.474151 -0.826961
    18 1.789780 0.000002 -0.000006 0.056593 -0.192395 -0.059543
    19 1.207005 0.000001 -0.000004 0.000002 -0.000001 0.362862
    20 11.481707 0.000006 -0.000005 -0.310993 -0.059312 0.075509
    21 -3.308594 -6.203125 -3.976563 -1.668474 1.286519 2.942954
    22 6.028142 0.000001 -0.000001 1.232013 0.546347 -0.702995
    23 11.692555 0.000031 0.000001 0.000000 0.000000 -1.752173
    24 11.481703 0.000105 0.000003 -0.799067 0.380869 0.808673
    25 3.859676 -0.132545 1.193109 0.630360 0.070276 -1.940361
    26 1.312563 0.000000 -0.000001 -0.036309 0.005144 -0.002453
    27 0.729366 0.000002 0.000000 0.000984 0.006156 -1.568944
    28 3.942295 0.050345 0.431044 0.165286 0.073604 -1.403706
    29 1.539101 -0.000002 0.000002 0.004999 -0.017614 -1.177076
    30 1.196321 -0.000004 -0.000002 -0.000579 0.000022 -0.199668
    31 3.883659 -0.050304 -0.431042 -0.011981 0.010725 -0.887435
    32 1.719584 0.000006 0.000006 -0.105498 0.032236 -1.716031
    33 1.209185 0.000002 0.000006 -0.009162 -0.004482 -0.219737
    34 3.859833 -0.148918 -1.331282 -0.296046 0.199932 -0.238954
    35 1.719429 0.000006 0.000011 -0.052945 0.056596 -1.447124
    36 1.099661 0.000002 0.000007 -0.011453 -0.002318 0.116496
    37 0.806019 -0.359832 -1.318334 0.864161 0.348455 -0.949251
    38 1.789782 -0.000008 -0.000008 -0.016601 0.223149 0.393590
    39 1.207003 -0.000002 -0.000002 0.050515 -0.350313 0.767585
    40 11.481703 0.000105 0.000003 0.121808 0.103691 0.114311
    41 -6.135735 -12.849163 -5.813987 1.567671 -0.000109 -0.002268
    42 0.000000 -4.325217 2.197774 0.000000 0.000000 0.000000
    43 0.759740 0.264293 2.354383 -1.578590 0.000000 0.000000
    44 -0.023242 0.746336 -3.528393 0.000000 0.000000 0.000000
    45 0.000000 -2.479087 -0.773617 0.000000 0.000000 0.000000
    46 4.935818 26.131886 -30.068890 1.570796 0.000000 -1.570796
    47 0.246049 -5.703599 -24.367022 -1.578590 0.000000 0.000000
    48 3.563665 24.276297 -24.518890 1.370872 -0.290362 0.012589
    49 -0.163199 2.333981 0.382080 3.036085 0.153200 -1.921800
    50 1.417000 1.884756 0.307373 -0.111793 0.161679 -1.589012
    51 2.720712 2.529284 0.412601 -3.110078 -0.046555 2.851972
  time 29
    0 0.000000 -0.000006 0.000000 -1.570781 -1.391896 -1.570809
    1 -8.625000 3.998047 4.855469 1.596635 -1.286515 2.942964
    2 6.028141 0.000005 0.000002 -0.239739 -0.789724 -2.629446
    3 11.692560 0.000013 -0.000006 -0.000007 0.000024 -0.654551
    4 11.481678 0.000006 -0.000039 -0.001037 0.031129 0.537345
    5 3.859705 -0.142418 -1.191975 -0.491488 0.019954 -1.183259
    6 1.312563 -0.000013 0.000002 -0.002952 0.009065 -0.786336
    7 0.729365 -0.000006 -0.000001 -0.001720 0.000070 -0.091224
    8 3.942327 0.046753 -0.431444 -0.164975 -0.013483 -0.941623
    9 1.539093 0.000008 -0.000006 0.024970 -0.059852 -0.786425
    10 1.196323 -0.000006 0.000002 0.007477 -0.000789 -0.210938
    11 3.883688 -0.046781 0.431443 0.072018 -0.051131 -0.683611
    12 1.719580 -0.000010 0.000009 0.018082 -0.043520 -0.873091
    13 1.209183 -0.000006 0.000003 0.005980 0.002528 -0.040854
    14 3.859854 -0.137962 1.332467 0.351336 -0.080551 -0.645567
    15 1.719431 0.000000 -0.000006 0.009748 -0.032731 -0.666151
    16 1.099672 0.000000 0.000004 0.004672 0.002258 -0.112114
    17 1.076172 -0.833008 1.069336 -1.016913 -0.474151 -0.826961
    18 1.789780 0.000002 -0.000006 0.056593 -0.192395 -0.059543
    19 1.207005 0.000001 -0.000004 0.000002 -0.000001 0.362862
    20 11.481707 0.000006 -0.000005 -0.310740 -0.058760 0.075090
    21 -3.308594 -6.203125 -3.976563 -1.668474 1.286519 2.942954
    22 6.028142 0.000001 -0.000001 1.230726 0.547368 -0.704221
    23 11.692555 0.000031 0.000001 0.000000 0.000000 -1.746448
    24 11.481703 0.000105 0.000003 -0.798049 0.381904 0.802559
    25 3.859676 -0.132545 1.193109 0.630360 0.070276 -1.940361
    26 1.312563 0.000000 -0.000001 -0.036309 0.005144 -0.002453
    27 0.729366 0.000002 0.000000 0.000984 0.006156 -1.568944
    28 3.942295 0.050345 0.431044 0.165286 0.073604 -1.403706
    29 1.539101 -0.000002 0.000002 0.004999 -0.017614 -1.177076
    30 1.196321 -0.000004 -0.000002 -0.000579 0.000022 -0.199668
    31 3.883659 -0.050304 -0.431042 -0.011981 0.010725 -0.887435
    32 1.719584 0.000006 0.000006 -0.105498 0.032236 -1.716031
    33 1.209185 0.000002 0.000006 -0.009162 -0.004482 -0.219737
    34 3.859833 -0.148918 -1.331282 -0.296046 0.199932 -0.238954
    35 1.719429 0.000006 0.000011 -0.052945 0.056596 -1.447124
    36 1.099661 0.000002 0.000007 -0.011453 -0.002318 0.116496
    37 0.806019 -0.359832 -1.318334 0.864161 0.348455 -0.949251
    38 1.789782 -0.000008 -0.000008 -0.016601 0.223149 0.393590
    39 1.207003 -0.000002 -0.000002 0.050515 -0.350313 0.767585
    40 11.481703 0.000105 0.000003 0.122119 0.103607 0.113005
    41 -6.135735 -12.880414 -5.845237 1.566341 -0.001835 -0.001344
    42 0.000000 -4.325217 2.197774 0.000000 0.000000 0.000000
    43 0.759740 0.264293 2.354383 -1.578590 0.000000 0.000000
    44 -0.023242 0.746336 -3.528393 0.000000 0.000000 0.000000
    45 0.000000 -2.479087 -0.773617 0.000000 0.000000 0.000000
    46 4.935818 26.131886 -30.068890 1.570796 0.000000 -1.570796
    47 0.246049 -5.703599 -24.367022 -1.578590 0.000000 0.000000
    48 3.563665 24.276297 -24.518890 1.370872 -0.290362 0.012589
    49 -0.163199 2.333981 0.382080 3.036085 0.153200 -1.921800
    50 1.417000 1.884756 0.307373 -0.111793 0.161679 -1.589012
    51 2.720712 2.529284 0.412601 -3.110078 -0.046555 2.851972
  time 30
    0 0.000000 -0.000006 0.000000 -1.570781 -1.391896 -1.570809
    1 -8.625000 3.998047 4.855469 1.596635 -1.286515 2.942964
    2 6.028141 0.000005 0.000002 -0.238785 -0.791408 -2.630393
    3 11.692560 0.000013 -0.000006 -0.000007 0.000024 -0.650583
    4 11.481678 0.000006 -0.000039 0.000439 0.031514 0.534666
    5 3.859705 -0.142418 -1.191975 -0.491488 0.019954 -1.183259
    6 1.312563 -0.000013 0.000002 -0.002952 0.009065 -0.786336
    7 0.729365 -0.000006 -0.000001 -0.001720 0.000070 -0.091224
    8 3.942327 0.046753 -0.431444 -0.164975 -0.013483 -0.941623
    9 1.539093 0.000008 -0.000006 0.024970 -0.059852 -0.786425
    10 1.196323 -0.000006 0.000002 0.007477 -0.000789 -0.210938
    11 3.883688 -0.046781 0.431443 0.072018 -0.051131 -0.683611
    12 1.719580 -0.000010 0.000009 0.018082 -0.043520 -0.873091
    13 1.209183 -0.000006 0.000003 0.005992 0.002528 -0.040854
    14 3.859854 -0.137962 1.332467 0.351336 -0.080551 -0.645567
    15 1.719431 0.000000 -0.000006 0.009748 -0.032731 -0.666151
    16 1.099672 0.000000 0.000004 0.004672 0.002258 -0.112114
    17 1.076172 -0.833008 1.069336 -1.016913 -0.474151 -0.826961
    18 1.789780 0.000002 -0.000006 0.056593 -0.192395 -0.059543
    19 1.207005 0.000001 -0.000004 0.000002 -0.000001 0.362862
    20 11.481707 0.000006 -0.000005 -0.310535 -0.058257 0.074703
    21 -3.308594 -6.203125 -3.976563 -1.668474 1.286519 2.942954
    22 6.028142 0.000001 -0.000001 1.229614 0.548449 -0.705320
    23 11.692555 0.000031 0.000001 0.000000 0.000000 -1.740982
    24 11.481703 0.000105 0.000003 -0.797124 0.382627 0.796842
    25 3.859676 -0.132545 1.193109 0.630360 0.070276 -1.940361
    26 1.312563 0.000000 -0.000001 -0.036309 0.005144 -0.002453
    27 0.729366 0.000002 0.000000 0.000984 0.006156 -1.568944
    28 3.942295 0.050345 0.431044 0.165286 0.073604 -1.403706
    29 1.539101 -0.000002 0.000002 0.004999 -0.017614 -1.177076
    30 1.196321 -0.000004 -0.000002 -0.000579 0.000022 -0.199668
    31 3.883659 -0.050304 -0.431042 -0.011981 0.010725 -0.887435
    32 1.719584 0.000006 0.000006 -0.105498 0.032236 -1.716031
    33 1.209185 0.000002 0.000006 -0.009162 -0.004482 -0.219737
    34 3.859833 -0.148918 -1.331282 -0.296046 0.199932 -0.238954
    35 1.719429 0.000006 0.000011 -0.052945 0.056596 -1.447124
    36 1.099661 0.000002 0.000007 -0.011453 -0.002318 0.116496
    37 0.806019 -0.359832 -1.318334 0.864161 0.348455 -0.949251
    38 1.789782 -0.000008 -0.000008 -0.016601 0.223149 0.393590
    39 1.207003 -0.000002 -0.000002 0.050515 -0.350313 0.767585
    40 11.481703 0.000105 0.000003 0.122431 0.103487 0.111806
    41 -6.135735 -12.911665 -5.876488 1.565227 -0.003415 -0.000419
    42 0.000000 -4.325217 2.197774 0.000000 0.000000 0.000000
    43 0.759740 0.264293 2.354383 -1.578590 0.000000 0.000000
    44 -0.023242 0.746336 -3.528393 0.000000 0.000000 0.000000
    45 0.000000 -2.479087 -0.773617 0.000000 0.000000 0.000000
    46 4.935818 26.131886 -30.068890 1.570796 0.000000 -1.570796
    47 0.246049 -5.703599 -24.367022 -1.578590 0.000000 0.000000
    48 3.563665 24.276297 -24.518890 1.370872 -0.290362 0.012589
    49 -0.163199 2.333981 0.382080 3.036085 0.153200 -1.921800
    50 1.417000 1.884756 0.307373 -0.111793 0.161679 -1.589012
    51 2.720712 2.529284 0.412601 -3.110078 -0.046555 2.851972
  time 31
    0 0.000000 -0.000006 0.000000 -1.570781 -1.391896 -1.570809
    1 -8.625000 3.998047 4.855469 1.596635 -1.286515 2.942964
    2 6.028141 0.000005 0.000002 -0.237830 -0.792999 -2.631340
    3 11.692560 0.000013 -0.000006 -0.000007 0.000024 -0.646839
    4 11.481678 0.000006 -0.000039 0.001639 0.031821 0.532313
    5 3.859705 -0.142418 -1.191975 -0.491488 0.019954 -1.183259
    6 1.312563 -0.000013 0.000002 -0.002952 0.009065 -0.786336
    7 0.729365 -0.000006 -0.000001 -0.001720 0.000070 -0.091224
    8 3.942327 0.046753 -0.431444 -0.164975 -0.013483 -0.941623
    9 1.539093 0.000008 -0.000006 0.024970 -0.059852 -0.786425
    10 1.196323 -0.000006 0.000002 0.007477 -0.000789 -0.210938
    11 3.883688 -0.046781 0.431443 0.072018 -0.051131 -0.683611
    12 1.719580 -0.000010 0.000009 0.018082 -0.043520 -0.873091
    13 1.209183 -0.000006 0.000003 0.005980 0.002528 -0.040854
    14 3.859854 -0.137962 1.332467 0.351336 -0.080551 -0.645567
    15 1.719431 0.000000 -0.000006 0.009748 -0.032731 -0.666151
    16 1.099672 0.000000 0.000004 0.004672 0.002258 -0.112114
    17 1.076172 -0.833008 1.069336 -1.016913 -0.474151 -0.826961
    18 1.789780 0.000002 -0.000006 0.056593 -0.192395 -0.059543
    19 1.207005 0.000001 -0.000004 0.000002 -0.000001 0.362862
    20 11.481707 0.000006 -0.000005 -0.310361 -0.057814 0.074331
    21 -3.308594 -6.203125 -3.976563 -1.668474 1.286519 2.942954
    22 6.028142 0.000001 -0.000001 1.228737 0.549530 -0.706239
    23 11.692555 0.000031 0.000001 0.000000 0.000000 -1.736037
    24 11.481703 0.000105 0.000003 -0.796292 0.382988 0.791800
    25 3.859676 -0.132545 1.193109 0.630360 0.070276 -1.940361
    26 1.312563 0.000000 -0.000001 -0.036309 0.005144 -0.002453
    27 0.729366 0.000002 0.000000 0.000984 0.006156 -1.568944
    28 3.942295 0.050345 0.431044 0.165286 0.073604 -1.403706
    29 1.539101 -0.000002 0.000002 0.004999 -0.017614 -1.177076
    30 1.196321 -0.000004 -0.000002 -0.000579 0.000022 -0.199668
    31 3.883659 -0.050304 -0.431042 -0.011981 0.010725 -0.887435
    32 1.719584 0.000006 0.000006 -0.105498 0.032236 -1.716031
    33 1.209185 0.000002 0.000006 -0.009162 -0.004482 -0.219737
    34 3.859833 -0.148918 -1.331282 -0.296046 0.199932 -0.238954
    35 1.719429 0.000006 0.000011 -0.052945 0.056596 -1.447124
    36 1.099661 0.000002 0.000007 -0.011453 -0.002318 0.116496
    37 0.806019 -0.359832 -1.318334 0.864161 0.348455 -0.949251
    38 1.789782 -0.000008 -0.000008 -0.016601 0.223149 0.393590
    39 1.207003 -0.000002 -0.000002 0.050515 -0.350313 0.767585
    40 11.481703 0.000105 0.000003 0.122742 0.103343 0.110776
    41 -6.135735 -12.942916 -5.899927 1.564361 -0.004851 0.000505
    42 0.000000 -4.325217 2.197774 0.000000 0.000000 0.000000
    43 0.759740 0.264293 2.354383 -1.578590 0.000000 0.000000
    44 -0.023242 0.746336 -3.528393 0.000000 0.000000 0.000000
    45 0.000000 -2.479087 -0.773617 0.000000 0.000000 0.000000
    46 4.935818 26.131886 -30.068890 1.570796 0.000000 -1.570796
    47 0.246049 -5.703599 -24.367022 -1.578590 0.000000 0.000000
    48 3.563665 24.276297 -24.518890 1.370872 -0.290362 0.012589
    49 -0.163199 2.333981 0.382080 3.036085 0.153200 -1.921800
    50 1.417000 1.884756 0.307373 -0.111793 0.161679 -1.589012
    51 2.720712 2.529284 0.412601 -3.110078 -0.046555 2.851972
  time 32
    0 0.000000 -0.000006 0.000000 -1.570781 -1.391896 -1.570809
    1 -8.625000 3.998047 4.855469 1.596635 -1.286515 2.942964
    2 6.028141 0.000005 0.000002 -0.236971 -0.794449 -2.632192
    3 11.692560 0.000013 -0.000006 -0.000007 0.000024 -0.643544
    4 11.481678 0.000006 -0.000039 0.002469 0.032014 0.530365
    5 3.859705 -0.142418 -1.191975 -0.491488 0.019954 -1.183259
    6 1.312563 -0.000013 0.000002 -0.002952 0.009065 -0.786336
    7 0.729365 -0.000006 -0.000001 -0.001720 0.000070 -0.091224
    8 3.942327 0.046753 -0.431444 -0.164975 -0.013483 -0.941623
    9 1.539093 0.000008 -0.000006 0.024970 -0.059852 -0.786425
    10 1.196323 -0.000006 0.000002 0.007477 -0.000789 -0.210938
    11 3.883688 -0.046781 0.431443 0.072018 -0.051131 -0.683611
    12 1.719580 -0.000010 0.000009 0.018082 -0.043520 -0.873091
    13 1.209183 -0.000006 0.000003 0.005980 0.002528 -0.040854
    14 3.859854 -0.137962 1.332467 0.351336 -0.080551 -0.645567
    15 1.719431 0.000000 -0.000006 0.009748 -0.032731 -0.666151
    16 1.099672 0.000000 0.000004 0.004672 0.002258 -0.112114
    17 1.076172 -0.833008 1.069336 -1.016913 -0.474151 -0.826961
    18 1.789780 0.000002 -0.000006 0.056593 -0.192395 -0.059543
    19 1.207005 0.000001 -0.000004 0.000002 -0.000001 0.362862
    20 11.481707 0.000006 -0.000005 -0.310235 -0.057478 0.074036
    21 -3.308594 -6.203125 -3.976563 -1.668474 1.286519 2.942954
    22 6.028142 0.000001 -0.000001 1.228152 0.550611 -0.706949
    23 11.692555 0.000031 0.000001 0.000000 0.000000 -1.731808
    24 11.481703 0.000105 0.000003 -0.795505 0.382916 0.787671
    25 3.859676 -0.132545 1.193109 0.630360 0.070276 -1.940361
    26 1.312563 0.000000 -0.000001 -0.036309 0.005144 -0.002453
    27 0.729366 0.000002 0.000000 0.000984 0.006156 -1.568944
    28 3.942295 0.050345 0.431044 0.165286 0.073604 -1.403706
    29 1.539101 -0.000002 0.000002 0.004999 -0.017614 -1.177076
    30 1.196321 -0.000004 -0.000002 -0.000579 0.000022 -0.199668
    31 3.883659 -0.050304 -0.431042 -0.011981 0.010725 -0.887435
    32 1.719584 0.000006 0.000006 -0.105498 0.032236 -1.716031
    33 1.209185 0.000002 0.000006 -0.009162 -0.004482 -0.219737
    34 3.859833 -0.148918 -1.331282 -0.296046 0.199932 -0.238954
    35 1.719429 0.000006 0.000011 -0.052945 0.056596 -1.447124
    36 1.099661 0.000002 0.000007 -0.011453 -0.002318 0.116496
    37 0.806019 -0.359832 -1.318334 0.864161 0.348455 -0.949251
    38 1.789782 -0.000008 -0.000008 -0.016601 0.223149 0.393590
    39 1.207003 -0.000002 -0.000002 0.050515 -0.350313 0.767585
    40 11.481703 0.000105 0.000003 0.123042 0.103151 0.109949
    41 -6.135735 -12.970260 -5.919459 1.563835 -0.006104 0.001430
    42 0.000000 -4.325217 2.197774 0.000000 0.000000 0.000000
    43 0.759740 0.264293 2.354383 -1.578590 0.000000 0.000000
    44 -0.023242 0.746336 -3.528393 0.000000 0.000000 0.000000
    45 0.000000 -2.479087 -0.773617 0.000000 0.000000 0.000000
    46 4.935818 26.131886 -30.068890 1.570796 0.000000 -1.570796
    47 0.246049 -5.703599 -24.367022 -1.578590 0.000000 0.000000
    48 3.563665 24.276297 -24.518890 1.370872 -0.290362 0.012589
    49 -0.163199 2.333981 0.382080 3.036085 0.153200 -1.921800
    50 1.417000 1.884756 0.307373 -0.111793 0.161679 -1.589012
    51 2.720712 2.529284 0.412601 -3.110078 -0.046555 2.851972
  time 33
    0 0.000000 -0.000006 0.000000 -1.570781 -1.391896 -1.570809
    1 -8.625000 3.998047 4.855469 1.596635 -1.286515 2.942964
    2 6.028141 0.000005 0.000002 -0.236111 -0.795665 -2.633138
    3 11.692560 0.000013 -0.000006 -0.000007 0.000024 -0.640698
    4 11.481678 0.000006 -0.000039 0.003022 0.032091 0.528985
    5 3.859705 -0.142418 -1.191975 -0.491488 0.019954 -1.183259
    6 1.312563 -0.000013 0.000002 -0.002952 0.009065 -0.786336
    7 0.729365 -0.000006 -0.000001 -0.001720 0.000070 -0.091224
    8 3.942327 0.046753 -0.431444 -0.164975 -0.013483 -0.941623
    9 1.539093 0.000008 -0.000006 0.024970 -0.059852 -0.786425
    10 1.196323 -0.000006 0.000002 0.007477 -0.000789 -0.210938
    11 3.883688 -0.046781 0.431443 0.072018 -0.051131 -0.683611
    12 1.719580 -0.000010 0.000009 0.018082 -0.043520 -0.873091
    13 1.209183 -0.000006 0.000003 0.005980 0.002528 -0.040854
    14 3.859854 -0.137962 1.332467 0.351336 -0.080551 -0.645567
    15 1.719431 0.000000 -0.000006 0.009748 -0.032731 -0.666151
    16 1.099672 0.000000 0.000004 0.004672 0.002258 -0.112114
    17 1.076172 -0.833008 1.069336 -1.016913 -0.474151 -0.826961
    18 1.789780 0.000002 -0.000006 0.056593 -0.192395 -0.059543
    19 1.207005 0.000001 -0.000004 0.000002 -0.000001 0.362862
    20 11.481707 0.000006 -0.000005 -0.310156 -0.057250 0.073804
    21 -3.308594 -6.203125 -3.976563 -1.668474 1.286519 2.942954
    22 6.028142 0.000001 -0.000001 1.227918 0.551632 -0.707395
    23 11.692555 0.000031 0.000001 0.000000 0.000000 -1.728489
    24 11.481703 0.000105 0.000003 -0.794765 0.382386 0.784694
    25 3.859676 -0.132545 1.193109 0.630360 0.070276 -1.940361
    26 1.312563 0.000000 -0.000001 -0.036309 0.005144 -0.002453
    27 0.729366 0.000002 0.000000 0.000984 0.006156 -1.568944
    28 3.942295 0.050345 0.431044 0.165286 0.073604 -1.403706
    29 1.539101 -0.000002 0.000002 0.004999 -0.017614 -1.177076
    30 1.196321 -0.000004 -0.000002 -0.000579 0.000022 -0.199668
    31 3.883659 -0.050304 -0.431042 -0.011981 0.010725 -0.887435
    32 1.719584 0.000006 0.000006 -0.105498 0.032236 -1.716031
    33 1.209185 0.000002 0.000006 -0.009162 -0.004482 -0.219737
    34 3.859833 -0.148918 -1.331282 -0.296046 0.199932 -0.238954
    35 1.719429 0.000006 0.000011 -0.052945 0.056596 -1.447124
    36 1.099661 0.000002 0.000007 -0.011453 -0.002318 0.116496
    37 0.806019 -0.359832 -1.318334 0.864161 0.348455 -0.949251
    38 1.789782 -0.000008 -0.000008 -0.016601 0.223149 0.393590
    39 1.207003 -0.000002 -0.000002 0.050515 -0.350313 0.767585
    40 11.481703 0.000105 0.000003 0.123318 0.102948 0.109385
    41 -6.135735 -12.993699 -5.935084 1.563618 -0.007122 0.002278
    42 0.000000 -4.325217 2.197774 0.000000 0.000000 0.000000
    43 0.759740 0.264293 2.354383 -1.578590 0.000000 0.000000
    44 -0.023242 0.746336 -3.528393 0.000000 0.000000 0.000000
    45 0.000000 -2.479087 -0.773617 0.000000 0.000000 0.000000
    46 4.935818 26.131886 -30.068890 1.570796 0.000000 -1.570796
    47 0.246049 -5.703599 -24.367022 -1.578590 0.000000 0.000000
    48 3.563665 24.276297 -24.518890 1.370872 -0.290362 0.012589
    49 -0.163199 2.333981 0.382080 3.036085 0.153200 -1.921800
    50 1.417000 1.884756 0.307373 -0.111793 0.161679 -1.589012
    51 2.720712 2.529284 0.412601 -3.110078 -0.046555 2.851972
  time 34
    0 0.000000 -0.000006 0.000000 -1.570781 -1.391896 -1.570809
    1 -8.625000 3.998047 4.855469 1.596635 -1.286515 2.942964
    2 6.028141 0.000005 0.000002 -0.235252 -0.796648 -2.634180
    3 11.692560 0.000013 -0.000006 -0.000007 0.000024 -0.638527
    4 11.481678 0.000006 -0.000039 0.003207 0.032014 0.528255
    5 3.859705 -0.142418 -1.191975 -0.491488 0.019954 -1.183259
    6 1.312563 -0.000013 0.000002 -0.002952 0.009065 -0.786336
    7 0.729365 -0.000006 -0.000001 -0.001720 0.000070 -0.091224
    8 3.942327 0.046753 -0.431444 -0.164975 -0.013483 -0.941623
    9 1.539093 0.000008 -0.000006 0.024970 -0.059852 -0.786425
    10 1.196323 -0.000006 0.000002 0.007477 -0.000789 -0.210938
    11 3.883688 -0.046781 0.431443 0.072018 -0.051131 -0.683611
    12 1.719580 -0.000010 0.000009 0.018082 -0.043520 -0.873091
    13 1.209183 -0.000006 0.000003 0.005980 0.002528 -0.040854
    14 3.859854 -0.137962 1.332467 0.351336 -0.080551 -0.645567
    15 1.719431 0.000000 -0.000006 0.009748 -0.032731 -0.666151
    16 1.099672 0.000000 0.000004 0.004672 0.002258 -0.112114
    17 1.076172 -0.833008 1.069336 -1.016913 -0.474151 -0.826961
    18 1.789780 0.000002 -0.000006 0.056593 -0.192395 -0.059543
    19 1.207005 0.000001 -0.000004 0.000002 -0.000001 0.362862
    20 11.481707 0.000006 -0.000005 -0.310109 -0.057155 0.073680
    21 -3.308594 -6.203125 -3.976563 -1.668474 1.286519 2.942954
    22 6.028142 0.000001 -0.000001 1.228064 0.552592 -0.707534
    23 11.692555 0.000031 0.000001 0.000000 0.000000 -1.726277
    24 11.481703 0.000105 0.000003 -0.794210 0.381423 0.782907
    25 3.859676 -0.132545 1.193109 0.630360 0.070276 -1.940361
    26 1.312563 0.000000 -0.000001 -0.036309 0.005144 -0.002453
    27 0.729366 0.000002 0.000000 0.000984 0.006156 -1.568944
    28 3.942295 0.050345 0.431044 0.165286 0.073604 -1.403706
    29 1.539101 -0.000002 0.000002 0.004999 -0.017614 -1.177076
    30 1.196321 -0.000004 -0.000002 -0.000579 0.000022 -0.199668
    31 3.883659 -0.050304 -0.431042 -0.011981 0.010725 -0.887435
    32 1.719584 0.000006 0.000006 -0.105498 0.032236 -1.716072
    33 1.209185 0.000002 0.000006 -0.009162 -0.004482 -0.219737
    34 3.859833 -0.148918 -1.331282 -0.296046 0.199932 -0.238954
    35 1.719429 0.000006 0.000011 -0.052945 0.056596 -1.447124
    36 1.099661 0.000002 0.000007 -0.011453 -0.002318 0.116496
    37 0.806019 -0.359832 -1.318334 0.864161 0.348455 -0.949251
    38 1.789782 -0.000008 -0.000008 -0.016601 0.223149 0.393590
    39 1.207003 -0.000002 -0.000002 0.050515 -0.350313 0.767585
    40 11.481703 0.000105 0.000003 0.123569 0.102720 0.109086
    41 -6.135735 -13.013230 -5.938990 1.563680 -0.007885 0.003048
    42 0.000000 -4.325217 2.197774 0.000000 0.000000 0.000000
    43 0.759740 0.264293 2.354383 -1.578590 0.000000 0.000000
    44 -0.023242 0.746336 -3.528393 0.000000 0.000000 0.000000
    45 0.000000 -2.479087 -0.773617 0.000000 0.000000 0.000000
    46 4.935818 26.131886 -30.068890 1.570796 0.000000 -1.570796
    47 0.246049 -5.703599 -24.367022 -1.578590 0.000000 0.000000
    48 3.563665 24.276297 -24.518890 1.370872 -0.290362 0.012589
    49 -0.163199 2.333981 0.382080 3.036085 0.153200 -1.921800
    50 1.417000 1.884756 0.307373 -0.111793 0.161679 -1.589012
    51 2.720712 2.529284 0.412601 -3.110078 -0.046555 2.851972
  time 35
    0 0.000000 -0.000006 0.000000 -1.570781 -1.391896 -1.570809
    1 -8.625000 3.998047 4.855469 1.596635 -1.286515 2.942964
    2 6.028141 0.000005 0.000002 -0.234584 -0.797303 -2.635032
    3 11.692560 0.000013 -0.000006 -0.000007 0.000024 -0.637254
    4 11.481678 0.000006 -0.000039 0.003299 0.031783 0.528092
    5 3.859705 -0.142418 -1.191975 -0.491488 0.019954 -1.183259
    6 1.312563 -0.000013 0.000002 -0.002952 0.009065 -0.786336
    7 0.729365 -0.000006 -0.000001 -0.001720 0.000070 -0.091224
    8 3.942327 0.046753 -0.431444 -0.164975 -0.013483 -0.941623
    9 1.539093 0.000008 -0.000006 0.024970 -0.059852 -0.786425
    10 1.196323 -0.000006 0.000002 0.007477 -0.000789 -0.210938
    11 3.883688 -0.046781 0.431443 0.072018 -0.051131 -0.683611
    12 1.719580 -0.000010 0.000009 0.018082 -0.043520 -0.873091
    13 1.209183 -0.000006 0.000003 0.005980 0.002528 -0.040854
    14 3.859854 -0.137962 1.332467 0.351336 -0.080551 -0.645567
    15 1.719431 0.000000 -0.000006 0.009748 -0.032731 -0.666151
    16 1.099672 0.000000 0.000004 0.004672 0.002258 -0.112114
    17 1.076172 -0.833008 1.069336 -1.016913 -0.474151 -0.826961
    18 1.789780 0.000002 -0.000006 0.056593 -0.192395 -0.059543
    19 1.207005 0.000001 -0.000004 0.000002 -0.000001 0.362862
    20 11.481707 0.000006 -0.000005 -0.310093 -0.057166 0.073618
    21 -3.308594 -6.203125 -3.976563 -1.668474 1.286519 2.942954
    22 6.028142 0.000001 -0.000001 1.228473 0.553373 -0.707437
    23 11.692555 0.000031 0.000001 0.000000 0.000000 -1.725171
    24 11.481703 0.000105 0.000003 -0.793794 0.380314 0.782193
    25 3.859676 -0.132545 1.193109 0.630360 0.070276 -1.940361
    26 1.312563 0.000000 -0.000001 -0.036309 0.005144 -0.002453
    27 0.729366 0.000002 0.000000 0.000984 0.006156 -1.568944
    28 3.942295 0.050345 0.431044 0.165286 0.073604 -1.403706
    29 1.539101 -0.000002 0.000002 0.004999 -0.017614 -1.177076
    30 1.196321 -0.000004 -0.000002 -0.000579 0.000022 -0.199668
    31 3.883659 -0.050304 -0.431042 -0.011981 0.010725 -0.887435
    32 1.719584 0.000006 0.000006 -0.105498 0.032236 -1.716031
    33 1.209185 0.000002 0.000006 -0.009162 -0.004482 -0.219737
    34 3.859833 -0.148918 -1.331282 -0.296046 0.199932 -0.238954
    35 1.719429 0.000006 0.000011 -0.052945 0.056596 -1.447124
    36 1.099661 0.000002 0.000007 -0.011453 -0.002318 0.116496
    37 0.806019 -0.359832 -1.318334 0.864161 0.348455 -0.949251
    38 1.789782 -0.000008 -0.000008 -0.016601 0.223149 0.393590
    39 1.207003 -0.000002 -0.000002 0.050515 -0.350313 0.767585
    40 11.481703 0.000105 0.000003 0.123773 0.102504 0.109014
    41 -6.135735 -13.024950 -5.935084 1.563896 -0.008375 0.003742
    42 0.000000 -4.325217 2.197774 0.000000 0.000000 0.000000
    43 0.759740 0.264293 2.354383 -1.578590 0.000000 0.000000
    44 -0.023242 0.746336 -3.528393 0.000000 0.000000 0.000000
    45 0.000000 -2.479087 -0.773617 0.000000 0.000000 0.000000
    46 4.935818 26.131886 -30.068890 1.570796 0.000000 -1.570796
    47 0.246049 -5.703599 -24.367022 -1.578590 0.000000 0.000000
    48 3.563665 24.276297 -24.518890 1.370872 -0.290362 0.012589
    49 -0.163199 2.333981 0.382080 3.036085 0.153200 -1.921800
    50 1.417000 1.884756 0.307373 -0.111793 0.161679 -1.589012
    51 2.720712 2.529284 0.412601 -3.110078 -0.046555 2.851972
  time 36
    0 0.000000 -0.000006 0.000000 -1.570781 -1.391896 -1.570809
    1 -8.625000 3.998047 4.855469 1.596635 -1.286515 2.942964
    2 6.028141 0.000005 0.000002 -0.234202 -0.797537 -2.635410
    3 11.692560 0.000013 -0.000006 -0.000007 0.000024 -0.637029
    4 11.481678 0.000006 -0.000039 0.003115 0.031437 0.528579
    5 3.859705 -0.142418 -1.191975 -0.491488 0.019954 -1.183259
    6 1.312563 -0.000013 0.000002 -0.002952 0.009065 -0.786336
    7 0.729365 -0.000006 -0.000001 -0.001720 0.000070 -0.091224
    8 3.942327 0.046753 -0.431444 -0.164975 -0.013483 -0.941623
    9 1.539093 0.000008 -0.000006 0.024970 -0.059852 -0.786425
    10 1.196323 -0.000006 0.000002 0.007477 -0.000789 -0.210938
    11 3.883688 -0.046781 0.431443 0.072018 -0.051131 -0.683611
    12 1.719580 -0.000010 0.000009 0.018082 -0.043520 -0.873091
    13 1.209183 -0.000006 0.000003 0.005980 0.002528 -0.040854
    14 3.859854 -0.137962 1.332467 0.351336 -0.080551 -0.645567
    15 1.719431 0.000000 -0.000006 0.009748 -0.032731 -0.666151
    16 1.099672 0.000000 0.000004 0.004672 0.002258 -0.112114
    17 1.076172 -0.833008 1.069336 -1.016913 -0.474151 -0.826961
    18 1.789780 0.000002 -0.000006 0.056593 -0.192395 -0.059543
    19 1.207005 0.000001 -0.000004 0.000002 -0.000001 0.362862
    20 11.481707 0.000006 -0.000005 -0.310109 -0.057298 0.073649
    21 -3.308594 -6.203125 -3.976563 -1.668474 1.286519 2.942954
    22 6.028142 0.000001 -0.000001 1.229000 0.553793 -0.707130
    23 11.692555 0.000031 0.000001 0.000000 0.000000 -1.725106
    24 11.481703 0.000105 0.000003 -0.793655 0.379206 0.782312
    25 3.859676 -0.132545 1.193109 0.630360 0.070276 -1.940361
    26 1.312563 0.000000 -0.000001 -0.036309 0.005144 -0.002453
    27 0.729366 0.000002 0.000000 0.000984 0.006156 -1.568944
    28 3.942295 0.050345 0.431044 0.165286 0.073604 -1.403706
    29 1.539101 -0.000002 0.000002 0.004999 -0.017614 -1.177076
    30 1.196321 -0.000004 -0.000002 -0.000579 0.000022 -0.199668
    31 3.883659 -0.050304 -0.431042 -0.011981 0.010725 -0.887435
    32 1.719584 0.000006 0.000006 -0.105498 0.032236 -1.716031
    33 1.209185 0.000002 0.000006 -0.009162 -0.004482 -0.219737
    34 3.859833 -0.148918 -1.331282 -0.296046 0.199932 -0.238954
    35 1.719429 0.000006 0.000011 -0.052945 0.056596 -1.447124
    36 1.099661 0.000002 0.000007 -0.011453 -0.002318 0.116496
    37 0.806019 -0.359832 -1.318334 0.864161 0.348455 -0.949251
    38 1.789782 -0.000008 -0.000008 -0.016601 0.223149 0.393590
    39 1.207003 -0.000002 -0.000002 0.050515 -0.350313 0.767585
    40 11.481703 0.000105 0.000003 0.123893 0.102324 0.109110
    41 -6.135735 -13.028856 -5.931178 1.564206 -0.008539 0.004204
    42 0.000000 -4.325217 2.197774 0.000000 0.000000 0.000000
    43 0.759740 0.264293 2.354383 -1.578590 0.000000 0.000000
    44 -0.023242 0.746336 -3.528393 0.000000 0.000000 0.000000
    45 0.000000 -2.479087 -0.773617 0.000000 0.000000 0.000000
    46 4.935818 26.131886 -30.068890 1.570796 0.000000 -1.570796
    47 0.246049 -5.703599 -24.367022 -1.578590 0.000000 0.000000
    48 3.563665 24.276297 -24.518890 1.370872 -0.290362 0.012589
    49 -0.163199 2.333981 0.382080 3.036085 0.153200 -1.921800
    50 1.417000 1.884756 0.307373 -0.111793 0.161679 -1.589012
    51 2.720712 2.529284 0.412601 -3.110078 -0.046555 2.851972
  time 37
    0 0.000000 -0.000006 0.000000 -1.570781 -1.391896 -1.570809
    1 -8.625000 3.998047 4.855469 1.596635 -1.286515 2.942964
    2 6.028141 0.000005 0.000002 -0.234202 -0.797443 -2.635505
    3 11.692560 0.000013 -0.000006 -0.000007 0.000024 -0.637778
    4 11.481678 0.000006 -0.000039 0.002746 0.031013 0.529391
    5 3.859705 -0.142418 -1.191975 -0.491488 0.019954 -1.183259
    6 1.312563 -0.000013 0.000002 -0.002952 0.009065 -0.786336
    7 0.729365 -0.000006 -0.000001 -0.001720 0.000070 -0.091224
    8 3.942327 0.046753 -0.431444 -0.164975 -0.013483 -0.941623
    9 1.539093 0.000008 -0.000006 0.024970 -0.059852 -0.786425
    10 1.196323 -0.000006 0.000002 0.007477 -0.000789 -0.210938
    11 3.883688 -0.046781 0.431443 0.072018 -0.051131 -0.683611
    12 1.719580 -0.000010 0.000009 0.018082 -0.043520 -0.873091
    13 1.209183 -0.000006 0.000003 0.005980 0.002528 -0.040854
    14 3.859854 -0.137962 1.332467 0.351336 -0.080551 -0.645567
    15 1.719431 0.000000 -0.000006 0.009748 -0.032731 -0.666151
    16 1.099672 0.000000 0.000004 0.004672 0.002258 -0.112114
    17 1.076172 -0.833008 1.069336 -1.016913 -0.474151 -0.826961
    18 1.789780 0.000002 -0.000006 0.056593 -0.192395 -0.059543
    19 1.207005 0.000001 -0.000004 0.000002 -0.000001 0.362862
    20 11.481707 0.000006 -0.000005 -0.310140 -0.057502 0.073742
    21 -3.308594 -6.203125 -3.976563 -1.668474 1.286519 2.942954
    22 6.028142 0.000001 -0.000001 1.229614 0.553914 -0.706699
    23 11.692555 0.000031 0.000001 0.000000 0.000000 -1.725952
    24 11.481703 0.000105 0.000003 -0.793701 0.378146 0.783265
    25 3.859676 -0.132545 1.193109 0.630360 0.070276 -1.940361
    26 1.312563 0.000000 -0.000001 -0.036309 0.005144 -0.002453
    27 0.729366 0.000002 0.000000 0.000984 0.006156 -1.568944
    28 3.942295 0.050345 0.431044 0.165286 0.073604 -1.403706
    29 1.539101 -0.000002 0.000002 0.004999 -0.017614 -1.177076
    30 1.196321 -0.000004 -0.000002 -0.000579 0.000022 -0.199668
    31 3.883659 -0.050304 -0.431042 -0.011981 0.010725 -0.887435
    32 1.719584 0.000006 0.000006 -0.105498 0.032236 -1.716031
    33 1.209185 0.000002 0.000006 -0.009162 -0.004482 -0.219737
    34 3.859833 -0.148918 -1.331282 -0.296046 0.199932 -0.238954
    35 1.719429 0.000006 0.000011 -0.052945 0.056596 -1.447124
    36 1.099661 0.000002 0.000007 -0.011453 -0.002318 0.116496
    37 0.806019 -0.359832 -1.318334 0.864161 0.348455 -0.949251
    38 1.789782 -0.000008 -0.000008 -0.016601 0.223149 0.393590
    39 1.207003 -0.000002 -0.000002 0.050515 -0.350313 0.767585
    40 11.481703 0.000105 0.000003 0.123941 0.102193 0.109373
    41 -6.135735 -13.024950 -5.919459 1.564608 -0.008412 0.004512
    42 0.000000 -4.325217 2.197774 0.000000 0.000000 0.000000
    43 0.759740 0.264293 2.354383 -1.578590 0.000000 0.000000
    44 -0.023242 0.746336 -3.528393 0.000000 0.000000 0.000000
    45 0.000000 -2.479087 -0.773617 0.000000 0.000000 0.000000
    46 4.935818 26.131886 -30.068890 1.570796 0.000000 -1.570796
    47 0.246049 -5.703599 -24.367022 -1.578590 0.000000 0.000000
    48 3.563665 24.276297 -24.518890 1.370872 -0.290362 0.012589
    49 -0.163199 2.333981 0.382080 3.036085 0.153200 -1.921800
    50 1.417000 1.884756 0.307373 -0.111793 0.161679 -1.589012
    51 2.720712 2.529284 0.412601 -3.110078 -0.046555 2.851972
  time 38
    0 0.000000 -0.000006 0.000000 -1.570781 -1.391896 -1.570809
    1 -8.625000 3.998047 4.855469 1.596635 -1.286515 2.942964
    2 6.028141 0.000005 0.000002 -0.234393 -0.797115 -2.635410
    3 11.692560 0.000013 -0.000006 -0.000007 0.000024 -0.638901
    4 11.481678 0.000006 -0.000039 0.002192 0.030629 0.530527
    5 3.859705 -0.142418 -1.191975 -0.491488 0.019954 -1.183259
    6 1.312563 -0.000013 0.000002 -0.002952 0.009065 -0.786336
    7 0.729365 -0.000006 -0.000001 -0.001720 0.000070 -0.091224
    8 3.942327 0.046753 -0.431444 -0.164975 -0.013483 -0.941623
    9 1.539093 0.000008 -0.000006 0.024970 -0.059852 -0.786425
    10 1.196323 -0.000006 0.000002 0.007477 -0.000789 -0.210938
    11 3.883688 -0.046781 0.431443 0.072018 -0.051131 -0.683611
    12 1.719580 -0.000010 0.000009 0.018082 -0.043520 -0.873091
    13 1.209183 -0.000006 0.000003 0.005980 0.002528 -0.040854
    14 3.859854 -0.137962 1.332467 0.351336 -0.080551 -0.645567
    15 1.719431 0.000000 -0.000006 0.009748 -0.032731 -0.666151
    16 1.099672 0.000000 0.000004 0.004672 0.002258 -0.112114
    17 1.076172 -0.833008 1.069336 -1.016913 -0.474151 -0.826961
    18 1.789780 0.000002 -0.000006 0.056593 -0.192395 -0.059543
    19 1.207005 0.000001 -0.000004 0.000002 -0.000001 0.362862
    20 11.481707 0.000006 -0.000005 -0.310188 -0.057742 0.073881
    21 -3.308594 -6.203125 -3.976563 -1.668474 1.286519 2.942954
    22 6.028142 0.000001 -0.000001 1.230316 0.553823 -0.706156
    23 11.692555 0.000031 0.000001 0.000000 0.000000 -1.727513
    24 11.481703 0.000105 0.000003 -0.793886 0.377159 0.784932
    25 3.859676 -0.132545 1.193109 0.630360 0.070276 -1.940361
    26 1.312563 0.000000 -0.000001 -0.036309 0.005144 -0.002453
    27 0.729366 0.000002 0.000000 0.000984 0.006156 -1.568944
    28 3.942295 0.050345 0.431044 0.165286 0.073604 -1.403706
    29 1.539101 -0.000002 0.000002 0.004999 -0.017614 -1.177076
    30 1.196321 -0.000004 -0.000002 -0.000579 0.000022 -0.199668
    31 3.883659 -0.050304 -0.431042 -0.011981 0.010725 -0.887435
    32 1.719584 0.000006 0.000006 -0.105498 0.032236 -1.716031
    33 1.209185 0.000002 0.000006 -0.009162 -0.004482 -0.219737
    34 3.859833 -0.148918 -1.331282 -0.296046 0.199932 -0.238954
    35 1.719429 0.000006 0.000011 -0.052945 0.056596 -1.447124
    36 1.099661 0.000002 0.000007 -0.011453 -0.002318 0.116496
    37 0.806019 -0.359832 -1.318334 0.864161 0.348455 -0.949251
    38 1.789782 -0.000008 -0.000008 -0.016601 0.223149 0.393590
    39 1.207003 -0.000002 -0.000002 0.050515 -0.350313 0.767585
    40 11.481703 0.000105 0.000003 0.123941 0.102097 0.109769
    41 -6.135735 -13.021043 -5.907739 1.565103 -0.008066 0.004666
    42 0.000000 -4.325217 2.197774 0.000000 0.000000 0.000000
    43 0.759740 0.264293 2.354383 -1.578590 0.000000 0.000000
    44 -0.023242 0.746336 -3.528393 0.000000 0.000000 0.000000
    45 0.000000 -2.479087 -0.773617 0.000000 0.000000 0.000000
    46 4.935818 26.131886 -30.068890 1.570796 0.000000 -1.570796
    47 0.246049 -5.703599 -24.367022 -1.578590 0.000000 0.000000
    48 3.563665 24.276297 -24.518890 1.370872 -0.290362 0.012589
    49 -0.163199 2.333981 0.382080 3.036085 0.153200 -1.921800
    50 1.417000 1.884756 0.307373 -0.111793 0.161679 -1.589012
    51 2.720712 2.529284 0.412601 -3.110078 -0.046555 2.851972
  time 39
    0 0.000000 -0.000006 0.000000 -1.570781 -1.391896 -1.570809
    1 -8.625000 3.998047 4.855469 1.596635 -1.286515 2.942964
    2 6.028141 0.000005 0.000002 -0.234584 -0.796601 -2.635221
    3 11.692560 0.000013 -0.000006 -0.000007 0.000024 -0.640399
    4 11.481678 0.000006 -0.000039 0.001639 0.030321 0.531826
    5 3.859705 -0.142418 -1.191975 -0.491488 0.019954 -1.183259
    6 1.312563 -0.000013 0.000002 -0.002952 0.009065 -0.786336
    7 0.729365 -0.000006 -0.000001 -0.001720 0.000070 -0.091224
    8 3.942327 0.046753 -0.431444 -0.164975 -0.013483 -0.941623
    9 1.539093 0.000008 -0.000006 0.024970 -0.059852 -0.786425
    10 1.196323 -0.000006 0.000002 0.007477 -0.000789 -0.210938
    11 3.883688 -0.046781 0.431443 0.072018 -0.051131 -0.683611
    12 1.719580 -0.000010 0.000009 0.018082 -0.043520 -0.873091
    13 1.209183 -0.000006 0.000003 0.005980 0.002528 -0.040854
    14 3.859854 -0.137962 1.332467 0.351336 -0.080551 -0.645567
    15 1.719431 0.000000 -0.000006 0.009748 -0.032731 -0.666151
    16 1.099672 0.000000 0.000004 0.004672 0.002258 -0.112114
    17 1.076172 -0.833008 1.069336 -1.016913 -0.474151 -0.826961
    18 1.789780 0.000002 -0.000006 0.056593 -0.192395 -0.059543
    19 1.207005 0.000001 -0.000004 0.000002 -0.000001 0.362862
    20 11.481707 0.000006 -0.000005 -0.310267 -0.058005 0.074052
    21 -3.308594 -6.203125 -3.976563 -1.668474 1.286519 2.942954
    22 6.028142 0.000001 -0.000001 1.231047 0.553643 -0.705557
    23 11.692555 0.000031 0.000001 0.000000 0.000000 -1.729595
    24 11.481703 0.000105 0.000003 -0.794164 0.376315 0.787155
    25 3.859676 -0.132545 1.193109 0.630360 0.070276 -1.940361
    26 1.312563 0.000000 -0.000001 -0.036309 0.005144 -0.002453
    27 0.729366 0.000002 0.000000 0.000984 0.006156 -1.568944
    28 3.942295 0.050345 0.431044 0.165286 0.073604 -1.403706
    29 1.539101 -0.000002 0.000002 0.004999 -0.017614 -1.177076
    30 1.196321 -0.000004 -0.000002 -0.000579 0.000022 -0.199668
    31 3.883659 -0.050304 -0.431042 -0.011981 0.010725 -0.887435
    32 1.719584 0.000006 0.000006 -0.105498 0.032236 -1.716031
    33 1.209185 0.000002 0.000006 -0.009162 -0.004482 -0.219737
    34 3.859833 -0.148918 -1.331282 -0.296046 0.199932 -0.238954
    35 1.719429 0.000006 0.000011 -0.052945 0.056596 -1.447124
    36 1.099661 0.000002 0.000007 -0.011453 -0.002318 0.116496
    37 0.806019 -0.359832 -1.318334 0.864161 0.348455 -0.949251
    38 1.789782 -0.000008 -0.000008 -0.016601 0.223149 0.393590
    39 1.207003 -0.000002 -0.000002 0.050515 -0.350313 0.767585
    40 11.481703 0.000105 0.000003 0.123881 0.102049 0.110272
    41 -6.135735 -13.009324 -5.892114 1.565660 -0.007540 0.004589
    42 0.000000 -4.325217 2.197774 0.000000 0.000000 0.000000
    43 0.759740 0.264293 2.354383 -1.578590 0.000000 0.000000
    44 -0.023242 0.746336 -3.528393 0.000000 0.000000 0.000000
    45 0.000000 -2.479087 -0.773617 0.000000 0.000000 0.000000
    46 4.935818 26.131886 -30.068890 1.570796 0.000000 -1.570796
    47 0.246049 -5.703599 -24.367022 -1.578590 0.000000 0.000000
    48 3.563665 24.276297 -24.518890 1.370872 -0.290362 0.012589
    49 -0.163199 2.333981 0.382080 3.036085 0.153200 -1.921800
    50 1.417000 1.884756 0.307373 -0.111793 0.161679 -1.589012
    51 2.720712 2.529284 0.412601 -3.110078 -0.046555 2.851972
  time 40
    0 0.000000 -0.000006 0.000000 -1.570781 -1.391896 -1.570809
    1 -8.625000 3.998047 4.855469 1.596635 -1.286515 2.942964
    2 6.028141 0.000005 0.000002 -0.234775 -0.795946 -2.635032
    3 11.692560 0.000013 -0.000006 -0.000007 0.000024 -0.642121
    4 11.481678 0.000006 -0.000039 0.000900 0.030013 0.533206
    5 3.859705 -0.142418 -1.191975 -0.491488 0.019954 -1.183259
    6 1.312563 -0.000013 0.000002 -0.002952 0.009065 -0.786336
    7 0.729365 -0.000006 -0.000001 -0.001720 0.000070 -0.091224
    8 3.942327 0.046753 -0.431444 -0.164975 -0.013483 -0.941623
    9 1.539093 0.000008 -0.000006 0.024970 -0.059852 -0.786425
    10 1.196323 -0.000006 0.000002 0.007477 -0.000789 -0.210938
    11 3.883688 -0.046781 0.431443 0.072018 -0.051131 -0.683611
    12 1.719580 -0.000010 0.000009 0.018082 -0.043520 -0.873091
    13 1.209183 -0.000006 0.000003 0.005980 0.002528 -0.040854
    14 3.859854 -0.137962 1.332467 0.351336 -0.080551 -0.645567
    15 1.719431 0.000000 -0.000006 0.009748 -0.032731 -0.666151
    16 1.099672 0.000000 0.000004 0.004672 0.002258 -0.112114
    17 1.076172 -0.833008 1.069336 -1.016913 -0.474151 -0.826961
    18 1.789780 0.000002 -0.000006 0.056593 -0.192395 -0.059543
    19 1.207005 0.000001 -0.000004 0.000002 -0.000001 0.362862
    20 11.481707 0.000006 -0.000005 -0.310377 -0.058281 0.074253
    21 -3.308594 -6.203125 -3.976563 -1.668474 1.286519 2.942954
    22 6.028142 0.000001 -0.000001 1.231779 0.553313 -0.704917
    23 11.692555 0.000031 0.000001 0.000000 0.000000 -1.732133
    24 11.481703 0.000105 0.000003 -0.794580 0.375545 0.789855
    25 3.859676 -0.132545 1.193109 0.630360 0.070276 -1.940361
    26 1.312563 0.000000 -0.000001 -0.036309 0.005144 -0.002453
    27 0.729366 0.000002 0.000000 0.000984 0.006156 -1.568944
    28 3.942295 0.050345 0.431044 0.165286 0.073604 -1.403706
    29 1.539101 -0.000002 0.000002 0.004999 -0.017614 -1.177076
    30 1.196321 -0.000004 -0.000002 -0.000579 0.000022 -0.199668
    31 3.883659 -0.050304 -0.431042 -0.011981 0.010725 -0.887435
    32 1.719584 0.000006 0.000006 -0.105498 0.032236 -1.716031
    33 1.209185 0.000002 0.000006 -0.009162 -0.004482 -0.219737
    34 3.859833 -0.148918 -1.331282 -0.296046 0.199932 -0.238954
    35 1.719429 0.000006 0.000011 -0.052945 0.056596 -1.447124
    36 1.099661 0.000002 0.000007 -0.011453 -0.002318 0.116496
    37 0.806019 -0.359832 -1.318334 0.864161 0.348455 -0.949251
    38 1.789782 -0.000008 -0.000008 -0.016601 0.223149 0.393590
    39 1.207003 -0.000002 -0.000002 0.050515 -0.350313 0.767585
    40 11.481703 0.000105 0.000003 0.123773 0.102037 0.110871
    41 -6.135735 -12.997605 -5.876488 1.566248 -0.006849 0.004281
    42 0.000000 -4.325217 2.197774 0.000000 0.000000 0.000000
    43 0.759740 0.264293 2.354383 -1.578590 0.000000 0.000000
    44 -0.023242 0.746336 -3.528393 0.000000 0.000000 0.000000
    45 0.000000 -2.479087 -0.773617 0.000000 0.000000 0.000000
    46 4.935818 26.131886 -30.068890 1.570796 0.000000 -1.570796
    47 0.246049 -5.703599 -24.367022 -1.578590 0.000000 0.000000
    48 3.563665 24.276297 -24.518890 1.370872 -0.290362 0.012589
    49 -0.163199 2.333981 0.382080 3.036085 0.153200 -1.921800
    50 1.417000 1.884756 0.307373 -0.111793 0.161679 -1.589012
    51 2.720712 2.529284 0.412601 -3.110078 -0.046555 2.851972
  time 41
    0 0.000000 -0.000006 0.000000 -1.570781 -1.391896 -1.570809
    1 -8.625000 3.998047 4.855469 1.596635 -1.286515 2.942964
    2 6.028141 0.000005 0.000002 -0.235156 -0.795197 -2.634748
    3 11.692560 0.000013 -0.000006 -0.000007 0.000024 -0.643993
    4 11.481678 0.000006 -0.000039 0.000070 0.029744 0.534666
    5 3.859705 -0.142418 -1.191975 -0.491488 0.019954 -1.183259
    6 1.312563 -0.000013 0.000002 -0.002952 0.009065 -0.786336
    7 0.729365 -0.000006 -0.000001 -0.001720 0.000070 -0.091224
    8 3.942327 0.046753 -0.431444 -0.164975 -0.013483 -0.941623
    9 1.539093 0.000008 -0.000006 0.024970 -0.059852 -0.786425
    10 1.196323 -0.000006 0.000002 0.007477 -0.000789 -0.210938
    11 3.883688 -0.046781 0.431443 0.072018 -0.051131 -0.683611
    12 1.719580 -0.000010 0.000009 0.018082 -0.043520 -0.873091
    13 1.209183 -0.000006 0.000003 0.005980 0.002528 -0.040854
    14 3.859854 -0.137962 1.332467 0.351336 -0.080551 -0.645567
    15 1.719431 0.000000 -0.000006 0.009748 -0.032731 -0.666151
    16 1.099672 0.000000 0.000004 0.004672 0.002258 -0.112114
    17 1.076172 -0.833008 1.069336 -1.016913 -0.474151 -0.826961
    18 1.789780 0.000002 -0.000006 0.056593 -0.192395 -0.059543
    19 1.207005 0.000001 -0.000004 0.000002 -0.000001 0.362862
    20 11.481707 0.000006 -0.000005 -0.310488 -0.058569 0.074455
    21 -3.308594 -6.203125 -3.976563 -1.668474 1.286519 2.942954
    22 6.028142 0.000001 -0.000001 1.232539 0.552923 -0.704248
    23 11.692555 0.000031 0.000001 0.000000 0.000000 -1.734931
    24 11.481703 0.000105 0.000003 -0.795043 0.374870 0.792912
    25 3.859676 -0.132545 1.193109 0.630360 0.070276 -1.940361
    26 1.312563 0.000000 -0.000001 -0.036309 0.005144 -0.002453
    27 0.729366 0.000002 0.000000 0.000984 0.006156 -1.568944
    28 3.942295 0.050345 0.431044 0.165286 0.073604 -1.403706
    29 1.539101 -0.000002 0.000002 0.004999 -0.017614 -1.177076
    30 1.196321 -0.000004 -0.000002 -0.000579 0.000022 -0.199668
    31 3.883659 -0.050304 -0.431042 -0.011981 0.010725 -0.887435
    32 1.719584 0.000006 0.000006 -0.105498 0.032236 -1.716031
    33 1.209185 0.000002 0.000006 -0.009162 -0.004482 -0.219737
    34 3.859833 -0.148918 -1.331282 -0.296046 0.199932 -0.238954
    35 1.719429 0.000006 0.000011 -0.052945 0.056596 -1.447124
    36 1.099661 0.000002 0.000007 -0.011453 -0.002318 0.116496
    37 0.806019 -0.359832 -1.318334 0.864161 0.348455 -0.949251
    38 1.789782 -0.000008 -0.000008 -0.016601 0.223149 0.393590
    39 1.207003 -0.000002 -0.000002 0.050515 -0.350313 0.767585
    40 11.481703 0.000105 0.000003 0.123641 0.102049 0.111519
    41 -6.135735 -12.981979 -5.856957 1.566898 -0.006050 0.003896
    42 0.000000 -4.325217 2.197774 0.000000 0.000000 0.000000
    43 0.759740 0.264293 2.354383 -1.578590 0.000000 0.000000
    44 -0.023242 0.746336 -3.528393 0.000000 0.000000 0.000000
    45 0.000000 -2.479087 -0.773617 0.000000 0.000000 0.000000
    46 4.935818 26.131886 -30.068890 1.570796 0.000000 -1.570796
    47 0.246049 -5.703599 -24.367022 -1.578590 0.000000 0.000000
    48 3.563665 24.276297 -24.518890 1.370872 -0.290362 0.012589
    49 -0.163199 2.333981 0.382080 3.036085 0.153200 -1.921800
    50 1.417000 1.884756 0.307373 -0.111793 0.161679 -1.589012
    51 2.720712 2.529284 0.412601 -3.110078 -0.046555 2.851972
  time 42
    0 0.000000 -0.000006 0.000000 -1.570781 -1.391896 -1.570809
    1 -8.625000 3.998047 4.855469 1.596635 -1.286515 2.942964
    2 6.028141 0.000005 0.000002 -0.235443 -0.794309 -2.634464
    3 11.692560 0.000013 -0.000006 -0.000007 0.000024 -0.646015
    4 11.481678 0.000006 -0.000039 -0.000760 0.029513 0.536127
    5 3.859705 -0.142418 -1.191975 -0.491488 0.019954 -1.183259
    6 1.312563 -0.000013 0.000002 -0.002952 0.009065 -0.786336
    7 0.729365 -0.000006 -0.000001 -0.001720 0.000070 -0.091224
    8 3.942327 0.046753 -0.431444 -0.164975 -0.013483 -0.941623
    9 1.539093 0.000008 -0.000006 0.024970 -0.059852 -0.786425
    10 1.196323 -0.000006 0.000002 0.007477 -0.000789 -0.210938
    11 3.883688 -0.046781 0.431443 0.072018 -0.051131 -0.683611
    12 1.719580 -0.000010 0.000009 0.018082 -0.043520 -0.873091
    13 1.209183 -0.000006 0.000003 0.005980 0.002528 -0.040854
    14 3.859854 -0.137962 1.332467 0.351336 -0.080551 -0.645567
    15 1.719431 0.000000 -0.000006 0.009748 -0.032731 -0.666151
    16 1.099672 0.000000 0.000004 0.004672 0.002258 -0.112114
    17 1.076172 -0.833008 1.069336 -1.016913 -0.474151 -0.826961
    18 1.789780 0.000002 -0.000006 0.056593 -0.192395 -0.059543
    19 1.207005 0.000001 -0.000004 0.000002 -0.000001 0.362862
    20 11.481707 0.000006 -0.000005 -0.310598 -0.058856 0.074672
    21 -3.308594 -6.203125 -3.976563 -1.668474 1.286519 2.942954
    22 6.028142 0.000001 -0.000001 1.233300 0.552442 -0.703580
    23 11.692555 0.000031 0.000001 0.000000 0.000000 -1.737924
    24 11.481703 0.000105 0.000003 -0.795505 0.374292 0.796167
    25 3.859676 -0.132545 1.193109 0.630360 0.070276 -1.940361
    26 1.312563 0.000000 -0.000001 -0.036309 0.005144 -0.002453
    27 0.729366 0.000002 0.000000 0.000984 0.006156 -1.568944
    28 3.942295 0.050345 0.431044 0.165286 0.073604 -1.403706
    29 1.539101 -0.000002 0.000002 0.004999 -0.017614 -1.177076
    30 1.196321 -0.000004 -0.000002 -0.000579 0.000022 -0.199668
    31 3.883659 -0.050304 -0.431042 -0.011981 0.010725 -0.887435
    32 1.719584 0.000006 0.000006 -0.105498 0.032236 -1.716031
    33 1.209185 0.000002 0.000006 -0.009162 -0.004482 -0.219737
    34 3.859833 -0.148918 -1.331282 -0.296046 0.199932 -0.238954
    35 1.719429 0.000006 0.000011 -0.052945 0.056596 -1.447124
    36 1.099661 0.000002 0.000007 -0.011453 -0.002318 0.116496
    37 0.806019 -0.359832 -1.318334 0.864161 0.348455 -0.949251
    38 1.789782 -0.000008 -0.000008 -0.016601 0.223149 0.393590
    39 1.207003 -0.000002 -0.000002 0.050515 -0.350313 0.767585
    40 11.481703 0.000105 0.000003 0.123485 0.102085 0.112214
    41 -6.135735 -12.962448 -5.841331 1.567516 -0.005178 0.003433
    42 0.000000 -4.325217 2.197774 0.000000 0.000000 0.000000
    43 0.759740 0.264293 2.354383 -1.578590 0.000000 0.000000
    44 -0.023242 0.746336 -3.528393 0.000000 0.000000 0.000000
    45 0.000000 -2.479087 -0.773617 0.000000 0.000000 0.000000
    46 4.935818 26.131886 -30.068890 1.570796 0.000000 -1.570796
    47 0.246049 -5.703599 -24.367022 -1.578590 0.000000 0.000000
    48 3.563665 24.276297 -24.518890 1.370872 -0.290362 0.012589
    49 -0.163199 2.333981 0.382080 3.036085 0.153200 -1.921800
    50 1.417000 1.884756 0.307373 -0.111793 0.161679 -1.589012
    51 2.720712 2.529284 0.412601 -3.110078 -0.046555 2.851972
  time 43
    0 0.000000 -0.000006 0.000000 -1.570781 -1.391896 -1.570809
    1 -8.625000 3.998047 4.855469 1.596635 -1.286515 2.942964
    2 6.028141 0.000005 0.000002 -0.235825 -0.793420 -2.634180
    3 11.692560 0.000013 -0.000006 -0.000007 0.000024 -0.648037
    4 11.481678 0.000006 -0.000039 -0.001590 0.029359 0.537588
    5 3.859705 -0.142418 -1.191975 -0.491488 0.019954 -1.183259
    6 1.312563 -0.000013 0.000002 -0.002952 0.009065 -0.786336
    7 0.729365 -0.000006 -0.000001 -0.001720 0.000070 -0.091224
    8 3.942327 0.046753 -0.431444 -0.164975 -0.013483 -0.941623
    9 1.539093 0.000008 -0.000006 0.024970 -0.059852 -0.786425
    10 1.196323 -0.000006 0.000002 0.007477 -0.000789 -0.210938
    11 3.883688 -0.046781 0.431443 0.072018 -0.051131 -0.683611
    12 1.719580 -0.000010 0.000009 0.018082 -0.043520 -0.873091
    13 1.209183 -0.000006 0.000003 0.005980 0.002528 -0.040854
    14 3.859854 -0.137962 1.332467 0.351336 -0.080551 -0.645567
    15 1.719431 0.000000 -0.000006 0.009748 -0.032731 -0.666151
    16 1.099672 0.000000 0.000004 0.004672 0.002258 -0.112114
    17 1.076172 -0.833008 1.069336 -1.016913 -0.474151 -0.826961
    18 1.789780 0.000002 -0.000006 0.056593 -0.192395 -0.059543
    19 1.207005 0.000001 -0.000004 0.000002 -0.000001 0.362862
    20 11.481707 0.000006 -0.000005 -0.310724 -0.059132 0.074904
    21 -3.308594 -6.203125 -3.976563 -1.668474 1.286519 2.942954
    22 6.028142 0.000001 -0.000001 1.234031 0.551962 -0.702912
    23 11.692555 0.000031 0.000001 0.000000 0.000000 -1.741047
    24 11.481703 0.000105 0.000003 -0.796060 0.373786 0.799502
    25 3.859676 -0.132545 1.193109 0.630360 0.070276 -1.940361
    26 1.312563 0.000000 -0.000001 -0.036309 0.005144 -0.002453
    27 0.729366 0.000002 0.000000 0.000984 0.006156 -1.568944
    28 3.942295 0.050345 0.431044 0.165286 0.073604 -1.403706
    29 1.539101 -0.000002 0.000002 0.004999 -0.017614 -1.177076
    30 1.196321 -0.000004 -0.000002 -0.000579 0.000022 -0.199668
    31 3.883659 -0.050304 -0.431042 -0.011981 0.010725 -0.887435
    32 1.719584 0.000006 0.000006 -0.105498 0.032236 -1.716031
    33 1.209185 0.000002 0.000006 -0.009162 -0.004482 -0.219737
    34 3.859833 -0.148918 -1.331282 -0.296046 0.199932 -0.238954
    35 1.719429 0.000006 0.000011 -0.052945 0.056596 -1.447124
    36 1.099661 0.000002 0.000007 -0.011453 -0.002318 0.116496
    37 0.806019 -0.359832 -1.318334 0.864161 0.348455 -0.949251
    38 1.789782 -0.000008 -0.000008 -0.016601 0.223149 0.393590
    39 1.207003 -0.000002 -0.000002 0.050515 -0.350313 0.767585
    40 11.481703 0.000105 0.000003 0.123318 0.102145 0.112921
    41 -6.135735 -12.946822 -5.821799 1.568166 -0.004269 0.002894
    42 0.000000 -4.325217 2.197774 0.000000 0.000000 0.000000
    43 0.759740 0.264293 2.354383 -1.578590 0.000000 0.000000
    44 -0.023242 0.746336 -3.528393 0.000000 0.000000 0.000000
    45 0.000000 -2.479087 -0.773617 0.000000 0.000000 0.000000
    46 4.935818 26.131886 -30.068890 1.570796 0.000000 -1.570796
    47 0.246049 -5.703599 -24.367022 -1.578590 0.000000 0.000000
    48 3.563665 24.276297 -24.518890 1.370872 -0.290362 0.012589
    49 -0.163199 2.333981 0.382080 3.036085 0.153200 -1.921800
    50 1.417000 1.884756 0.307373 -0.111793 0.161679 -1.589012
    51 2.720712 2.529284 0.412601 -3.110078 -0.046555 2.851972
  time 44
    0 0.000000 -0.000006 0.000000 -1.570781 -1.391896 -1.570809
    1 -8.625000 3.998047 4.855469 1.596635 -1.286515 2.942964
    2 6.028141 0.000005 0.000002 -0.236111 -0.792531 -2.633896
    3 11.692560 0.000013 -0.000006 -0.000007 0.000024 -0.650059
    4 11.481678 0.000006 -0.000039 -0.002328 0.029205 0.539049
    5 3.859705 -0.142418 -1.191975 -0.491488 0.019954 -1.183259
    6 1.312563 -0.000013 0.000002 -0.002952 0.009065 -0.786336
    7 0.729365 -0.000006 -0.000001 -0.001720 0.000070 -0.091224
    8 3.942327 0.046753 -0.431444 -0.164975 -0.013483 -0.941623
    9 1.539093 0.000008 -0.000006 0.024970 -0.059852 -0.786425
    10 1.196323 -0.000006 0.000002 0.007477 -0.000789 -0.210938
    11 3.883688 -0.046781 0.431443 0.072018 -0.051131 -0.683611
    12 1.719580 -0.000010 0.000009 0.018082 -0.043520 -0.873091
    13 1.209183 -0.000006 0.000003 0.005980 0.002528 -0.040854
    14 3.859854 -0.137962 1.332467 0.351336 -0.080551 -0.645567
    15 1.719431 0.000000 -0.000006 0.009748 -0.032731 -0.666151
    16 1.099672 0.000000 0.000004 0.004672 0.002258 -0.112114
    17 1.076172 -0.833008 1.069336 -1.016913 -0.474151 -0.826961
    18 1.789780 0.000002 -0.000006 0.056593 -0.192395 -0.059543
    19 1.207005 0.000001 -0.000004 0.000002 -0.000001 0.362862
    20 11.481707 0.000006 -0.000005 -0.310851 -0.059384 0.075121
    21 -3.308594 -6.203125 -3.976563 -1.668474 1.286519 2.942954
    22 6.028142 0.000001 -0.000001 1.234704 0.551452 -0.702272
    23 11.692555 0.000031 0.000001 0.000000 0.000000 -1.744040
    24 11.481703 0.000105 0.000003 -0.796569 0.373376 0.802757
    25 3.859676 -0.132545 1.193109 0.630360 0.070276 -1.940361
    26 1.312563 0.000000 -0.000001 -0.036309 0.005144 -0.002453
    27 0.729366 0.000002 0.000000 0.000984 0.006156 -1.568944
    28 3.942295 0.050345 0.431044 0.165286 0.073604 -1.403706
    29 1.539101 -0.000002 0.000002 0.004999 -0.017614 -1.177076
    30 1.196321 -0.000004 -0.000002 -0.000579 0.000022 -0.199668
    31 3.883659 -0.050304 -0.431042 -0.011981 0.010725 -0.887435
    32 1.719584 0.000006 0.000006 -0.105498 0.032236 -1.716072
    33 1.209185 0.000002 0.000006 -0.009162 -0.004482 -0.219737
    34 3.859833 -0.148918 -1.331282 -0.296046 0.199932 -0.238954
    35 1.719429 0.000006 0.000011 -0.052945 0.056596 -1.447124
    36 1.099661 0.000002 0.000007 -0.011453 -0.002318 0.116496
    37 0.806019 -0.359832 -1.318334 0.864161 0.348455 -0.949251
    38 1.789782 -0.000008 -0.000008 -0.016601 0.223149 0.393590
    39 1.207003 -0.000002 -0.000002 0.050515 -0.350313 0.767585
    40 11.481703 0.000105 0.000003 0.123150 0.102217 0.113604
    41 -6.135735 -12.927290 -5.802267 1.568754 -0.003361 0.002278
    42 0.000000 -4.325217 2.197774 0.000000 0.000000 0.000000
    43 0.759740 0.264293 2.354383 -1.578590 0.000000 0.000000
    44 -0.023242 0.746336 -3.528393 0.000000 0.000000 0.000000
    45 0.000000 -2.479087 -0.773617 0.000000 0.000000 0.000000
    46 4.935818 26.131886 -30.068890 1.570796 0.000000 -1.570796
    47 0.246049 -5.703599 -24.367022 -1.578590 0.000000 0.000000
    48 3.563665 24.276297 -24.518890 1.370872 -0.290362 0.012589
    49 -0.163199 2.333981 0.382080 3.036085 0.153200 -1.921800
    50 1.417000 1.884756 0.307373 -0.111793 0.161679 -1.589012
    51 2.720712 2.529284 0.412601 -3.110078 -0.046555 2.851972
  time 45
    0 0.000000 -0.000006 0.000000 -1.570781 -1.391896 -1.570809
    1 -8.625000 3.998047 4.855469 1.596635 -1.286515 2.942964
    2 6.028141 0.000005 0.000002 -0.236493 -0.791689 -2.633706
    3 11.692560 0.000013 -0.000006 -0.000007 0.000024 -0.651931
    4 11.481678 0.000006 -0.000039 -0.003066 0.029051 0.540348
    5 3.859705 -0.142418 -1.191975 -0.491488 0.019954 -1.183259
    6 1.312563 -0.000013 0.000002 -0.002952 0.009065 -0.786336
    7 0.729365 -0.000006 -0.000001 -0.001720 0.000070 -0.091224
    8 3.942327 0.046753 -0.431444 -0.164975 -0.013483 -0.941623
    9 1.539093 0.000008 -0.000006 0.024970 -0.059852 -0.786425
    10 1.196323 -0.000006 0.000002 0.007477 -0.000789 -0.210938
    11 3.883688 -0.046781 0.431443 0.072018 -0.051131 -0.683611
    12 1.719580 -0.000010 0.000009 0.018082 -0.043520 -0.873091
    13 1.209183 -0.000006 0.000003 0.005980 0.002528 -0.040854
    14 3.859854 -0.137962 1.332467 0.351336 -0.080551 -0.645567
    15 1.719431 0.000000 -0.000006 0.009748 -0.032731 -0.666151
    16 1.099672 0.000000 0.000004 0.004672 0.002258 -0.112114
    17 1.076172 -0.833008 1.069336 -1.016913 -0.474151 -0.826961
    18 1.789780 0.000002 -0.000006 0.056593 -0.192395 -0.059543
    19 1.207005 0.000001 -0.000004 0.000002 -0.000001 0.362862
    20 11.481707 0.000006 -0.000005 -0.310961 -0.059623 0.075323
    21 -3.308594 -6.203125 -3.976563 -1.668474 1.286519 2.942954
    22 6.028142 0.000001 -0.000001 1.235318 0.550971 -0.701687
    23 11.692555 0.000031 0.000001 0.000000 0.000000 -1.746968
    24 11.481703 0.000105 0.000003 -0.797078 0.373015 0.805894
    25 3.859676 -0.132545 1.193109 0.630360 0.070276 -1.940361
    26 1.312563 0.000000 -0.000001 -0.036309 0.005144 -0.002453
    27 0.729366 0.000002 0.000000 0.000984 0.006156 -1.568944
    28 3.942295 0.050345 0.431044 0.165286 0.073604 -1.403706
    29 1.539101 -0.000002 0.000002 0.004999 -0.017614 -1.177076
    30 1.196321 -0.000004 -0.000002 -0.000579 0.000022 -0.199668
    31 3.883659 -0.050304 -0.431042 -0.011981 0.010725 -0.887435
    32 1.719584 0.000006 0.000006 -0.105498 0.032236 -1.716031
    33 1.209185 0.000002 0.000006 -0.009162 -0.004482 -0.219737
    34 3.859833 -0.148918 -1.331282 -0.296046 0.199932 -0.238954
    35 1.719429 0.000006 0.000011 -0.052945 0.056596 -1.447124
    36 1.099661 0.000002 0.000007 -0.011453 -0.002318 0.116496
    37 0.806019 -0.359832 -1.318334 0.864161 0.348455 -0.949251
    38 1.789782 -0.000008 -0.000008 -0.016601 0.223149 0.393590
    39 1.207003 -0.000002 -0.000002 0.050515 -0.350313 0.767585
    40 11.481703 0.000105 0.000003 0.122970 0.102289 0.114251
    41 -6.135735 -12.911665 -5.786642 1.569311 -0.002489 0.001738
    42 0.000000 -4.325217 2.197774 0.000000 0.000000 0.000000
    43 0.759740 0.264293 2.354383 -1.578590 0.000000 0.000000
    44 -0.023242 0.746336 -3.528393 0.000000 0.000000 0.000000
    45 0.000000 -2.479087 -0.773617 0.000000 0.000000 0.000000
    46 4.935818 26.131886 -30.068890 1.570796 0.000000 -1.570796
    47 0.246049 -5.703599 -24.367022 -1.578590 0.000000 0.000000
    48 3.563665 24.276297 -24.518890 1.370872 -0.290362 0.012589
    49 -0.163199 2.333981 0.382080 3.036085 0.153200 -1.921800
    50 1.417000 1.884756 0.307373 -0.111793 0.161679 -1.589012
    51 2.720712 2.529284 0.412601 -3.110078 -0.046555 2.851972
  time 46
    0 0.000000 -0.000006 0.000000 -1.570781 -1.391896 -1.570809
    1 -8.625000 3.998047 4.855469 1.596635 -1.286515 2.942964
    2 6.028141 0.000005 0.000002 -0.236780 -0.790894 -2.633422
    3 11.692560 0.000013 -0.000006 -0.000007 0.000024 -0.653578
    4 11.481678 0.000006 -0.000039 -0.003804 0.028974 0.541484
    5 3.859705 -0.142418 -1.191975 -0.491488 0.019954 -1.183259
    6 1.312563 -0.000013 0.000002 -0.002952 0.009065 -0.786336
    7 0.729365 -0.000006 -0.000001 -0.001720 0.000070 -0.091224
    8 3.942327 0.046753 -0.431444 -0.164975 -0.013483 -0.941642
    9 1.539093 0.000008 -0.000006 0.024970 -0.059852 -0.786425
    10 1.196323 -0.000006 0.000002 0.007477 -0.000789 -0.210938
    11 3.883688 -0.046781 0.431443 0.072018 -0.051131 -0.683611
    12 1.719580 -0.000010 0.000009 0.018082 -0.043520 -0.873091
    13 1.209183 -0.000006 0.000003 0.005980 0.002528 -0.040854
    14 3.859854 -0.137962 1.332467 0.351336 -0.080551 -0.645567
    15 1.719431 0.000000 -0.000006 0.009748 -0.032731 -0.666151
    16 1.099672 0.000000 0.000004 0.004672 0.002258 -0.112114
    17 1.076172 -0.833008 1.069336 -1.016913 -0.474151 -0.826961
    18 1.789780 0.000002 -0.000006 0.056593 -0.192395 -0.059543
    19 1.207005 0.000001 -0.000004 0.000002 -0.000001 0.362862
    20 11.481707 0.000006 -0.000005 -0.311072 -0.059839 0.075493
    21 -3.308594 -6.203125 -3.976563 -1.668474 1.286519 2.942954
    22 6.028142 0.000001 -0.000001 1.235874 0.550521 -0.701172
    23 11.692555 0.000031 0.000001 0.000000 0.000000 -1.749571
    24 11.481703 0.000105 0.000003 -0.797540 0.372750 0.808752
    25 3.859676 -0.132545 1.193109 0.630360 0.070276 -1.940361
    26 1.312563 0.000000 -0.000001 -0.036309 0.005144 -0.002453
    27 0.729366 0.000002 0.000000 0.000984 0.006156 -1.568944
    28 3.942295 0.050345 0.431044 0.165286 0.073604 -1.403706
    29 1.539101 -0.000002 0.000002 0.004999 -0.017614 -1.177076
    30 1.196321 -0.000004 -0.000002 -0.000579 0.000022 -0.199668
    31 3.883659 -0.050304 -0.431042 -0.011981 0.010725 -0.887435
    32 1.719584 0.000006 0.000006 -0.105498 0.032236 -1.716031
    33 1.209185 0.000002 0.000006 -0.009162 -0.004482 -0.219737
    34 3.859833 -0.148918 -1.331282 -0.296046 0.199932 -0.238954
    35 1.719429 0.000006 0.000011 -0.052945 0.056596 -1.447124
    36 1.099661 0.000002 0.000007 -0.011453 -0.002318 0.116496
    37 0.806019 -0.359832 -1.318334 0.864161 0.348455 -0.949251
    38 1.789782 -0.000008 -0.000008 -0.016601 0.223149 0.393590
    39 1.207003 -0.000002 -0.000002 0.050515 -0.350313 0.767585
    40 11.481703 0.000105 0.000003 0.122814 0.102372 0.114838
    41 -6.135735 -12.896039 -5.771016 1.569806 -0.001690 0.001199
    42 0.000000 -4.325217 2.197774 0.000000 0.000000 0.000000
    43 0.759740 0.264293 2.354383 -1.578590 0.000000 0.000000
    44 -0.023242 0.746336 -3.528393 0.000000 0.000000 0.000000
    45 0.000000 -2.479087 -0.773617 0.000000 0.000000 0.000000
    46 4.935818 26.131886 -30.068890 1.570796 0.000000 -1.570796
    47 0.246049 -5.703599 -24.367022 -1.578590 0.000000 0.000000
    48 3.563665 24.276297 -24.518890 1.370872 -0.290362 0.012589
    49 -0.163199 2.333981 0.382080 3.036085 0.153200 -1.921800
    50 1.417000 1.884756 0.307373 -0.111793 0.161679 -1.589012
    51 2.720712 2.529284 0.412601 -3.110078 -0.046555 2.851972
  time 47
    0 0.000000 -0.000006 0.000000 -1.570781 -1.391896 -1.570809
    1 -8.625000 3.998047 4.855469 1.596635 -1.286515 2.942964
    2 6.028141 0.000005 0.000002 -0.237066 -0.790239 -2.633233
    3 11.692560 0.000013 -0.000006 -0.000007 0.000024 -0.655001
    4 11.481678 0.000006 -0.000039 -0.004358 0.028897 0.542458
    5 3.859705 -0.142418 -1.191975 -0.491488 0.019954 -1.183259
    6 1.312563 -0.000013 0.000002 -0.002952 0.009065 -0.786336
    7 0.729365 -0.000006 -0.000001 -0.001720 0.000070 -0.091224
    8 3.942327 0.046753 -0.431444 -0.164975 -0.013483 -0.941623
    9 1.539093 0.000008 -0.000006 0.024970 -0.059852 -0.786425
    10 1.196323 -0.000006 0.000002 0.007477 -0.000789 -0.210938
    11 3.883688 -0.046781 0.431443 0.072018 -0.051131 -0.683611
    12 1.719580 -0.000010 0.000009 0.018082 -0.043520 -0.873091
    13 1.209183 -0.000006 0.000003 0.005980 0.002528 -0.040854
    14 3.859854 -0.137962 1.332467 0.351336 -0.080551 -0.645567
    15 1.719431 0.000000 -0.000006 0.009748 -0.032731 -0.666151
    16 1.099672 0.000000 0.000004 0.004672 0.002258 -0.112114
    17 1.076172 -0.833008 1.069336 -1.016913 -0.474151 -0.826961
    18 1.789780 0.000002 -0.000006 0.056593 -0.192395 -0.059543
    19 1.207005 0.000001 -0.000004 0.000002 -0.000001 0.362862
    20 11.481707 0.000006 -0.000005 -0.311166 -0.060019 0.075648
    21 -3.308594 -6.203125 -3.976563 -1.668474 1.286519 2.942954
    22 6.028142 0.000001 -0.000001 1.236313 0.550130 -0.700740
    23 11.692555 0.000031 0.000001 0.000000 0.000000 -1.751783
    24 11.481703 0.000105 0.000003 -0.797910 0.372533 0.811174
    25 3.859676 -0.132545 1.193109 0.630360 0.070276 -1.940361
    26 1.312563 0.000000 -0.000001 -0.036309 0.005144 -0.002453
    27 0.729366 0.000002 0.000000 0.000984 0.006156 -1.568944
    28 3.942295 0.050345 0.431044 0.165286 0.073604 -1.403706
    29 1.539101 -0.000002 0.000002 0.004999 -0.017614 -1.177076
    30 1.196321 -0.000004 -0.000002 -0.000579 0.000022 -0.199668
    31 3.883659 -0.050304 -0.431042 -0.011981 0.010725 -0.887435
    32 1.719584 0.000006 0.000006 -0.105498 0.032236 -1.716031
    33 1.209185 0.000002 0.000006 -0.009162 -0.004482 -0.219737
    34 3.859833 -0.148918 -1.331282 -0.296046 0.199932 -0.238954
    35 1.719429 0.000006 0.000011 -0.052945 0.056596 -1.447124
    36 1.099661 0.000002 0.000007 -0.011453 -0.002318 0.116496
    37 0.806019 -0.359832 -1.318334 0.864161 0.348455 -0.949251
    38 1.789782 -0.000008 -0.000008 -0.016601 0.223149 0.393590
    39 1.207003 -0.000002 -0.000002 0.050515 -0.350313 0.767585
    40 11.481703 0.000105 0.000003 0.122670 0.102432 0.115342
    41 -6.135735 -12.884320 -5.759297 1.570208 -0.000999 0.000660
    42 0.000000 -4.325217 2.197774 0.000000 0.000000 0.000000
    43 0.759740 0.264293 2.354383 -1.578590 0.000000 0.000000
    44 -0.023242 0.746336 -3.528393 0.000000 0.000000 0.000000
    45 0.000000 -2.479087 -0.773617 0.000000 0.000000 0.000000
    46 4.935818 26.131886 -30.068890 1.570796 0.000000 -1.570796
    47 0.246049 -5.703599 -24.367022 -1.578590 0.000000 0.000000
    48 3.563665 24.276297 -24.518890 1.370872 -0.290362 0.012589
    49 -0.163199 2.333981 0.382080 3.036085 0.153200 -1.921800
    50 1.417000 1.884756 0.307373 -0.111793 0.161679 -1.589012
    51 2.720712 2.529284 0.412601 -3.110078 -0.046555 2.851972
  time 48
    0 0.000000 -0.000006 0.000000 -1.570781 -1.391896 -1.570809
    1 -8.625000 3.998047 4.855469 1.596635 -1.286515 2.942964
    2 6.028141 0.000005 0.000002 -0.237257 -0.789677 -2.633044
    3 11.692560 0.000013 -0.000006 -0.000007 0.000024 -0.656124
    4 11.481678 0.000006 -0.000039 -0.004819 0.028820 0.543270
    5 3.859705 -0.142418 -1.191975 -0.491488 0.019954 -1.183259
    6 1.312563 -0.000013 0.000002 -0.002952 0.009065 -0.786336
    7 0.729365 -0.000006 -0.000001 -0.001720 0.000070 -0.091224
    8 3.942327 0.046753 -0.431444 -0.164975 -0.013483 -0.941623
    9 1.539093 0.000008 -0.000006 0.024970 -0.059852 -0.786425
    10 1.196323 -0.000006 0.000002 0.007477 -0.000789 -0.210938
    11 3.883688 -0.046781 0.431443 0.072018 -0.051131 -0.683611
    12 1.719580 -0.000010 0.000009 0.018082 -0.043520 -0.873091
    13 1.209183 -0.000006 0.000003 0.005980 0.002528 -0.040854
    14 3.859854 -0.137962 1.332467 0.351336 -0.080551 -0.645567
    15 1.719431 0.000000 -0.000006 0.009748 -0.032731 -0.666151
    16 1.099672 0.000000 0.000004 0.004672 0.002258 -0.112114
    17 1.076172 -0.833008 1.069336 -1.016913 -0.474151 -0.826961
    18 1.789780 0.000002 -0.000006 0.056593 -0.192395 -0.059543
    19 1.207005 0.000001 -0.000004 0.000002 -0.000001 0.362862
    20 11.481707 0.000006 -0.000005 -0.311229 -0.060151 0.075757
    21 -3.308594 -6.203125 -3.976563 -1.668474 1.286519 2.942954
    22 6.028142 0.000001 -0.000001 1.236664 0.549830 -0.700406
    23 11.692555 0.000031 0.000001 0.000000 0.000000 -1.753540
    24 11.481703 0.000105 0.000003 -0.798234 0.372389 0.813080
    25 3.859676 -0.132545 1.193109 0.630360 0.070276 -1.940361
    26 1.312563 0.000000 -0.000001 -0.036309 0.005144 -0.002453
    27 0.729366 0.000002 0.000000 0.000984 0.006156 -1.568944
    28 3.942295 0.050345 0.431044 0.165286 0.073604 -1.403706
    29 1.539101 -0.000002 0.000002 0.004999 -0.017614 -1.177076
    30 1.196321 -0.000004 -0.000002 -0.000579 0.000022 -0.199668
    31 3.883659 -0.050304 -0.431042 -0.011981 0.010725 -0.887435
    32 1.719584 0.000006 0.000006 -0.105498 0.032236 -1.716031
    33 1.209185 0.000002 0.000006 -0.009162 -0.004482 -0.219737
    34 3.859833 -0.148918 -1.331282 -0.296046 0.199932 -0.238954
    35 1.719429 0.000006 0.000011 -0.052945 0.056596 -1.447124
    36 1.099661 0.000002 0.000007 -0.011453 -0.002318 0.116496
    37 0.806019 -0.359832 -1.318334 0.864161 0.348455 -0.949251
    38 1.789782 -0.000008 -0.000008 -0.016601 0.223149 0.393590
    39 1.207003 -0.000002 -0.000002 0.050515 -0.350313 0.767585
    40 11.481703 0.000105 0.000003 0.122563 0.102492 0.115725
    41 -6.135735 -12.872601 -5.751485 1.570548 -0.000472 0.000274
    42 0.000000 -4.325217 2.197774 0.000000 0.000000 0.000000
    43 0.759740 0.264293 2.354383 -1.578590 0.000000 0.000000
    44 -0.023242 0.746336 -3.528393 0.000000 0.000000 0.000000
    45 0.000000 -2.479087 -0.773617 0.000000 0.000000 0.000000
    46 4.935818 26.131886 -30.068890 1.570796 0.000000 -1.570796
    47 0.246049 -5.703599 -24.367022 -1.578590 0.000000 0.000000
    48 3.563665 24.276297 -24.518890 1.370872 -0.290362 0.012589
    49 -0.163199 2.333981 0.382080 3.036085 0.153200 -1.921800
    50 1.417000 1.884756 0.307373 -0.111793 0.161679 -1.589012
    51 2.720712 2.529284 0.412601 -3.110078 -0.046555 2.851972
  time 49
    0 0.000000 -0.000006 0.000000 -1.570781 -1.391896 -1.570809
    1 -8.625000 3.998047 4.855469 1.596635 -1.286515 2.942964
    2 6.028141 0.000005 0.000002 -0.237352 -0.789350 -2.632949
    3 11.692560 0.000013 -0.000006 -0.000007 0.000024 -0.656798
    4 11.481678 0.000006 -0.000039 -0.005096 0.028820 0.543757
    5 3.859705 -0.142418 -1.191975 -0.491488 0.019954 -1.183259
    6 1.312563 -0.000013 0.000002 -0.002952 0.009065 -0.786336
    7 0.729365 -0.000006 -0.000001 -0.001720 0.000070 -0.091224
    8 3.942327 0.046753 -0.431444 -0.164975 -0.013483 -0.941623
    9 1.539093 0.000008 -0.000006 0.024970 -0.059852 -0.786425
    10 1.196323 -0.000006 0.000002 0.007477 -0.000789 -0.210938
    11 3.883688 -0.046781 0.431443 0.072018 -0.051131 -0.683611
    12 1.719580 -0.000010 0.000009 0.018082 -0.043520 -0.873091
    13 1.209183 -0.000006 0.000003 0.005980 0.002528 -0.040854
    14 3.859854 -0.137962 1.332467 0.351336 -0.080551 -0.645567
    15 1.719431 0.000000 -0.000006 0.009748 -0.032731 -0.666151
    16 1.099672 0.000000 0.000004 0.004672 0.002258 -0.112114
    17 1.076172 -0.833008 1.069336 -1.016913 -0.474151 -0.826961
    18 1.789780 0.000002 -0.000006 0.056593 -0.192395 -0.059543
    19 1.207005 0.000001 -0.000004 0.000002 -0.000001 0.362862
    20 11.481707 0.000006 -0.000005 -0.311277 -0.060235 0.075834
    21 -3.308594 -6.203125 -3.976563 -1.668474 1.286519 2.942954
    22 6.028142 0.000001 -0.000001 1.236868 0.549620 -0.700197
    23 11.692555 0.000031 0.000001 0.000000 0.000000 -1.754646
    24 11.481703 0.000105 0.000003 -0.798465 0.372316 0.814271
    25 3.859676 -0.132545 1.193109 0.630360 0.070276 -1.940361
    26 1.312563 0.000000 -0.000001 -0.036309 0.005144 -0.002453
    27 0.729366 0.000002 0.000000 0.000984 0.006156 -1.568944
    28 3.942295 0.050345 0.431044 0.165286 0.073604 -1.403706
    29 1.539101 -0.000002 0.000002 0.004999 -0.017614 -1.177076
    30 1.196321 -0.000004 -0.000002 -0.000579 0.000022 -0.199668
    31 3.883659 -0.050304 -0.431042 -0.011981 0.010725 -0.887435
    32 1.719584 0.000006 0.000006 -0.105498 0.032236 -1.716031
    33 1.209185 0.000002 0.000006 -0.009162 -0.004482 -0.219737
    34 3.859833 -0.148918 -1.331282 -0.296046 0.199932 -0.238954
    35 1.719429 0.000006 0.000011 -0.052945 0.056596 -1.447124
    36 1.099661 0.000002 0.000007 -0.011453 -0.002318 0.116496
    37 0.806019 -0.359832 -1.318334 0.864161 0.348455 -0.949251
    38 1.789782 -0.000008 -0.000008 -0.016601 0.223149 0.393590
    39 1.207003 -0.000002 -0.000002 0.050515 -0.350313 0.767585
    40 11.481703 0.000105 0.000003 0.122491 0.102528 0.115977
    41 -6.135735 -12.868695 -5.743672 1.570734 -0.000109 0.000043
    42 0.000000 -4.325217 2.197774 0.000000 0.000000 0.000000
    43 0.759740 0.264293 2.354383 -1.578590 0.000000 0.000000
    44 -0.023242 0.746336 -3.528393 0.000000 0.000000 0.000000
    45 0.000000 -2.479087 -0.773617 0.000000 0.000000 0.000000
    46 4.935818 26.131886 -30.068890 1.570796 0.000000 -1.570796
    47 0.246049 -5.703599 -24.367022 -1.578590 0.000000 0.000000
    48 3.563665 24.276297 -24.518890 1.370872 -0.290362 0.012589
    49 -0.163199 2.333981 0.382080 3.036085 0.153200 -1.921800
    50 1.417000 1.884756 0.307373 -0.111793 0.161679 -1.589012
    51 2.720712 2.529284 0.412601 -3.110078 -0.046555 2.851972
  time 50
    0 0.000000 -0.000006 0.000000 -1.570781 -1.391896 -1.570809
    1 -8.625000 3.998047 4.855469 1.596635 -1.286515 2.942964
    2 6.028141 0.000005 0.000002 -0.237352 -0.789209 -2.632949
    3 11.692560 0.000013 -0.000006 -0.000007 0.000024 -0.657097
    4 11.481678 0.000006 -0.000039 -0.005188 0.028782 0.543919
    5 3.859705 -0.142418 -1.191975 -0.491488 0.019954 -1.183259
    6 1.312563 -0.000013 0.000002 -0.002952 0.009065 -0.786336
    7 0.729365 -0.000006 -0.000001 -0.001720 0.000070 -0.091224
    8 3.942327 0.046753 -0.431444 -0.164975 -0.013483 -0.941623
    9 1.539093 0.000008 -0.000006 0.024970 -0.059852 -0.786425
    10 1.196323 -0.000006 0.000002 0.007477 -0.000789 -0.210938
    11 3.883688 -0.046781 0.431443 0.072018 -0.051131 -0.683611
    12 1.719580 -0.000010 0.000009 0.018082 -0.043520 -0.873091
    13 1.209183 -0.000006 0.000003 0.005980 0.002528 -0.040854
    14 3.859854 -0.137962 1.332467 0.351336 -0.080551 -0.645567
    15 1.719431 0.000000 -0.000006 0.009748 -0.032731 -0.666151
    16 1.099672 0.000000 0.000004 0.004672 0.002258 -0.112114
    17 1.076172 -0.833008 1.069336 -1.016913 -0.474151 -0.826961
    18 1.789780 0.000002 -0.000006 0.056593 -0.192395 -0.059543
    19 1.207005 0.000001 -0.000004 0.000002 -0.000001 0.362862
    20 11.481707 0.000006 -0.000005 -0.311292 -0.060271 0.075865
    21 -3.308594 -6.203125 -3.976563 -1.668474 1.286519 2.942954
    22 6.028142 0.000001 -0.000001 1.236956 0.549560 -0.700128
    23 11.692555 0.000031 0.000001 0.000000 0.000000 -1.755036
    24 11.481703 0.000105 0.000003 -0.798512 0.372292 0.814707
    25 3.859676 -0.132545 1.193109 0.630360 0.070276 -1.940361
    26 1.312563 0.000000 -0.000001 -0.036309 0.005144 -0.002453
    27 0.729366 0.000002 0.000000 0.000984 0.006156 -1.568944
    28 3.942295 0.050345 0.431044 0.165286 0.073604 -1.403706
    29 1.539101 -0.000002 0.000002 0.004999 -0.017614 -1.177076
    30 1.196321 -0.000004 -0.000002 -0.000579 0.000022 -0.199668
    31 3.883659 -0.050304 -0.431042 -0.011981 0.010725 -0.887435
    32 1.719584 0.000006 0.000006 -0.105498 0.032236 -1.716031
    33 1.209185 0.000002 0.000006 -0.009162 -0.004482 -0.219737
    34 3.859833 -0.148918 -1.331282 -0.296046 0.199932 -0.238954
    35 1.719429 0.000006 0.000011 -0.052945 0.056596 -1.447124
    36 1.099661 0.000002 0.000007 -0.011453 -0.002318 0.116496
    37 0.806019 -0.359832 -1.318334 0.864161 0.348455 -0.949251
    38 1.789782 -0.000008 -0.000008 -0.016601 0.223149 0.393590
    39 1.207003 -0.000002 -0.000002 0.050515 -0.350313 0.767585
    40 11.481703 0.000105 0.000003 0.122455 0.102540 0.116073
    41 -6.135735 -12.864788 -5.743672 1.570796 0.000000 -0.000034
    42 0.000000 -4.325217 2.197774 0.000000 0.000000 0.000000
    43 0.759740 0.264293 2.354383 -1.578590 0.000000 0.000000
    44 -0.023242 0.746336 -3.528393 0.000000 0.000000 0.000000
    45 0.000000 -2.479087 -0.773617 0.000000 0.000000 0.000000
    46 4.935818 26.131886 -30.068890 1.570796 0.000000 -1.570796
    47 0.246049 -5.703599 -24.367022 -1.578590 0.000000 0.000000
    48 3.563665 24.276297 -24.518890 1.370872 -0.290362 0.012589
    49 -0.163199 2.333981 0.382080 3.036085 0.153200 -1.921800
    50 1.417000 1.884756 0.307373 -0.111793 0.161679 -1.589012
    51 2.720712 2.529284 0.412601 -3.110078 -0.046555 2.851972
end
