// Created by Crowbar++ 0.74
version 1
nodes
  0 "ValveBiped.Bip01_Spine4" -1
  1 "ValveBiped.Bip01_L_Clavicle" 0
  2 "ValveBiped.Bip01_L_UpperArm" 1
  3 "ValveBiped.Bip01_L_Forearm" 2
  4 "ValveBiped.Bip01_L_Hand" 3
  5 "ValveBiped.Bip01_L_Finger4" 4
  6 "ValveBiped.Bip01_L_Finger41" 5
  7 "ValveBiped.Bip01_L_Finger42" 6
  8 "ValveBiped.Bip01_L_Finger3" 4
  9 "ValveBiped.Bip01_L_Finger31" 8
  10 "ValveBiped.Bip01_L_Finger32" 9
  11 "ValveBiped.Bip01_L_Finger2" 4
  12 "ValveBiped.Bip01_L_Finger21" 11
  13 "ValveBiped.Bip01_L_Finger22" 12
  14 "ValveBiped.Bip01_L_Finger1" 4
  15 "ValveBiped.Bip01_L_Finger11" 14
  16 "ValveBiped.Bip01_L_Finger12" 15
  17 "ValveBiped.Bip01_L_Finger0" 4
  18 "ValveBiped.Bip01_L_Finger01" 17
  19 "ValveBiped.Bip01_L_Finger02" 18
  20 "ValveBiped.Bip01_R_Clavicle" 0
  21 "ValveBiped.Bip01_R_UpperArm" 20
  22 "ValveBiped.Bip01_R_Forearm" 21
  23 "ValveBiped.Bip01_R_Hand" 22
  24 "ValveBiped.Bip01_R_Finger4" 23
  25 "ValveBiped.Bip01_R_Finger41" 24
  26 "ValveBiped.Bip01_R_Finger42" 25
  27 "ValveBiped.Bip01_R_Finger3" 23
  28 "ValveBiped.Bip01_R_Finger31" 27
  29 "ValveBiped.Bip01_R_Finger32" 28
  30 "ValveBiped.Bip01_R_Finger2" 23
  31 "ValveBiped.Bip01_R_Finger21" 30
  32 "ValveBiped.Bip01_R_Finger22" 31
  33 "ValveBiped.Bip01_R_Finger1" 23
  34 "ValveBiped.Bip01_R_Finger11" 33
  35 "ValveBiped.Bip01_R_Finger12" 34
  36 "ValveBiped.Bip01_R_Finger0" 23
  37 "ValveBiped.Bip01_R_Finger01" 36
  38 "ValveBiped.Bip01_R_Finger02" 37
  39 "Python" -1
  40 "Cylinder_release" 39
  41 "Cylinder" 40
  42 "Bullet1" 41
  43 "Bullet2" 41
  44 "Bullet3" 41
  45 "Bullet4" 41
  46 "Bullet5" 41
  47 "Bullet6" 41
  48 "eject" 41
  49 "Hammer" 39
  50 "Trigger" 39
  51 "speedloader" -1
end
skeleton
  time 0
    0 0.000000 -0.000006 0.000000 -1.570781 -1.391896 -1.570809
    1 -0.341723 -2.854819 4.976815 1.596637 -1.286515 2.942961
    2 6.028141 0.000000 0.000000 -0.336372 -0.818269 -1.914538
    3 11.692554 0.000001 0.000000 -0.000036 0.000036 -1.355419
    4 11.481670 0.000001 -0.000031 2.358128 0.044452 0.209982
    5 3.859711 -0.142405 -1.191975 -0.396956 0.295804 -0.562703
    6 1.312555 -0.000002 0.000000 0.000000 0.000000 -0.098506
    7 0.729363 -0.000002 -0.000002 0.000000 0.000000 0.096896
    8 3.942337 0.046767 -0.431443 -0.118762 0.119658 -0.471328
    9 1.539097 0.000000 0.000000 0.000000 0.000000 0.093416
    10 1.196325 -0.000002 -0.000001 0.000000 0.000000 -0.089613
    11 3.883698 -0.046765 0.431443 0.088251 -0.008125 -0.247945
    12 1.719570 -0.000004 -0.000001 0.001846 0.005204 -0.025269
    13 1.209169 -0.000004 0.000000 0.001031 0.002916 0.124823
    14 3.859863 -0.137946 1.332466 0.321883 -0.156950 -0.208412
    15 1.719431 0.000002 0.000000 0.001354 0.003846 -0.021791
    16 1.099667 0.000000 -0.000001 0.000863 0.002452 0.096883
    17 0.806053 -0.348926 1.321258 -1.326207 -0.589908 -0.596430
    18 1.789778 -0.000002 0.000002 0.008018 -0.012800 -0.034710
    19 1.207005 0.000000 0.000002 0.001965 0.000827 0.082076
    20 0.192017 -5.855469 -4.773438 -1.668474 1.286518 2.942953
    21 6.028145 0.000000 0.000000 1.187755 0.527776 -1.257829
    22 11.692554 0.000001 0.000002 0.000000 0.000000 -1.709462
    23 11.481699 0.000001 0.000001 -1.239893 0.237334 0.848584
    24 3.859680 -0.132567 1.193109 0.566835 -0.060499 -1.408425
    25 1.312555 -0.000002 0.000002 0.072278 -0.157178 -0.656760
    26 0.729365 0.000000 -0.000001 -0.023337 -0.412078 -1.179798
    27 3.942307 0.050327 0.431044 0.084249 -0.015145 -1.280306
    28 1.539099 -0.000002 0.000000 0.028455 -0.017392 -0.998558
    29 1.196321 0.000010 0.000000 -0.000519 0.009342 -1.131088
    30 3.883659 -0.050321 -0.431042 -0.047599 -0.027561 -1.047376
    31 1.719578 0.000002 0.000000 0.011340 0.002103 -1.500357
    32 1.209185 0.000002 0.000000 0.001786 -0.003742 -0.451851
    33 3.859840 -0.148937 -1.331282 -0.296378 0.195348 -0.060071
    34 1.719421 0.000002 0.000000 0.000954 -0.015214 -0.727850
    35 1.099669 0.000002 -0.000001 0.001685 0.001741 -0.527276
    36 0.950558 -1.145017 -1.396461 0.946436 0.322047 -0.595049
    37 1.789782 0.000000 -0.000004 -0.002337 -0.058952 0.305322
    38 1.206999 0.000002 0.000000 0.005393 -0.004411 0.894087
    39 -4.143188 -15.012113 -2.658480 1.561871 0.018340 0.003535
    40 0.025545 -1.273521 1.753304 0.000000 0.000000 0.000000
    41 0.001032 1.440453 -1.526783 0.000000 0.000000 0.000000
    42 0.004413 0.696487 -1.430595 0.000000 0.000000 0.000000
    43 0.580660 0.349014 -1.430595 0.000000 0.000000 0.000000
    44 0.583444 -0.305904 -1.430599 0.000000 0.000000 0.000000
    45 0.005318 -0.648720 -1.430599 0.000000 0.000000 0.000000
    46 -0.574618 -0.303123 -1.430601 0.000000 0.000000 0.000000
    47 -0.573714 0.348118 -1.430595 0.000000 0.000000 0.000000
    48 -0.029968 -0.059296 1.773438 -1.561870 -0.003783 0.018306
    49 0.041163 0.095589 -2.899426 -0.610287 0.000000 0.000000
    50 0.081115 -2.496311 -0.915165 0.000000 0.000000 0.000000
    51 4.863281 2.800781 -18.203125 1.570792 0.000003 -0.000003
  time 1
    0 0.000000 -0.000006 0.000000 -1.570781 -1.391896 -1.570809
    1 -0.341723 -2.854819 4.976815 1.596637 -1.286515 2.942961
    2 6.028141 0.000000 0.000000 -0.346198 -0.810872 -1.900321
    3 11.692554 0.000001 0.000000 -0.000036 0.000036 -1.365922
    4 11.481670 0.000001 -0.000031 2.345498 0.019210 0.194716
    5 3.859711 -0.142405 -1.191975 -0.401019 0.290135 -0.576772
    6 1.312555 -0.000002 0.000000 0.000000 0.000000 -0.113112
    7 0.729363 -0.000002 -0.000002 0.000000 0.000000 0.082295
    8 3.942337 0.046767 -0.431443 -0.120488 0.117921 -0.485925
    9 1.539097 0.000000 0.000000 0.000000 0.000000 0.078810
    10 1.196325 -0.000002 -0.000001 0.000000 0.000000 -0.104200
    11 3.883698 -0.046765 0.431443 0.088359 -0.006834 -0.262501
    12 1.719570 -0.000004 -0.000001 0.001762 0.005228 -0.039868
    13 1.209169 -0.000004 0.000000 0.000983 0.002928 0.110199
    14 3.859863 -0.137946 1.332466 0.324055 -0.152310 -0.222412
    15 1.719431 0.000002 0.000000 0.001294 0.003870 -0.036406
    16 1.099667 0.000000 -0.000001 0.000827 0.002464 0.082280
    17 0.806053 -0.348926 1.321258 -1.322368 -0.593892 -0.604155
    18 1.789778 -0.000002 0.000002 0.007610 -0.012296 -0.023418
    19 1.207005 0.000000 0.000002 0.001882 0.000779 0.093466
    20 0.192017 -5.855469 -4.773438 -1.668474 1.286518 2.942953
    21 6.028145 0.000000 0.000000 1.193312 0.527632 -1.255195
    22 11.692554 0.000001 0.000002 0.000000 0.000000 -1.712861
    23 11.481699 0.000001 0.000001 -1.265578 0.228714 0.858669
    24 3.859680 -0.132567 1.193109 0.566835 -0.060499 -1.408425
    25 1.312555 -0.000002 0.000002 0.072278 -0.157178 -0.656760
    26 0.729365 0.000000 -0.000001 -0.023337 -0.412078 -1.179798
    27 3.942307 0.050327 0.431044 0.084249 -0.015145 -1.280306
    28 1.539099 -0.000002 0.000000 0.028455 -0.017392 -0.998558
    29 1.196321 0.000010 0.000000 -0.000519 0.009342 -1.131088
    30 3.883659 -0.050321 -0.431042 -0.047599 -0.027561 -1.047376
    31 1.719578 0.000002 0.000000 0.011340 0.002103 -1.500357
    32 1.209185 0.000002 0.000000 0.001786 -0.003742 -0.451851
    33 3.859840 -0.148937 -1.331282 -0.296378 0.195348 -0.060071
    34 1.719421 0.000002 0.000000 0.000954 -0.015214 -0.727850
    35 1.099669 0.000002 -0.000001 0.001685 0.001741 -0.527276
    36 0.950558 -1.145017 -1.396461 0.946436 0.322047 -0.595049
    37 1.789782 0.000000 -0.000004 -0.002337 -0.058952 0.305322
    38 1.206999 0.000002 0.000000 0.005393 -0.004411 0.894087
    39 -4.092405 -15.012113 -2.720982 1.568380 0.044002 0.011881
    40 0.025545 -1.273521 1.753304 0.000000 0.000000 0.000000
    41 0.001032 1.440453 -1.526783 0.000000 0.000000 0.091123
    42 0.004413 0.696487 -1.430595 0.000000 0.000000 0.000000
    43 0.580660 0.349014 -1.430595 0.000000 0.000000 0.000000
    44 0.583444 -0.305904 -1.430599 0.000000 0.000000 0.000000
    45 0.005318 -0.648720 -1.430599 0.000000 0.000000 0.000000
    46 -0.574618 -0.303123 -1.430601 0.000000 0.000000 0.000000
    47 -0.573714 0.348118 -1.430595 0.000000 0.000000 0.000000
    48 -0.029968 -0.059296 1.773438 -1.561870 -0.003783 0.018306
    49 0.041163 0.095589 -2.899426 -0.610287 0.000000 0.000000
    50 0.081115 -2.496311 -0.915165 0.000000 0.000000 0.000000
    51 4.863281 2.800781 -18.203125 1.570792 0.000003 -0.000003
  time 2
    0 0.000000 -0.000006 0.000000 -1.570781 -1.391896 -1.570809
    1 -0.337817 -2.858726 4.972909 1.596637 -1.286515 2.942961
    2 6.028141 0.000000 0.000000 -0.367108 -0.791162 -1.868890
    3 11.692554 0.000001 0.000000 -0.000036 0.000036 -1.390738
    4 11.481670 0.000001 -0.000031 2.319591 -0.038803 0.159261
    5 3.859711 -0.142405 -1.191975 -0.411302 0.274902 -0.613647
    6 1.312555 -0.000002 0.000000 0.000000 0.000000 -0.151691
    7 0.729363 -0.000002 -0.000002 0.000000 0.000000 0.043737
    8 3.942337 0.046767 -0.431443 -0.124934 0.113199 -0.524470
    9 1.539097 0.000000 0.000000 0.000000 0.000000 0.040239
    10 1.196325 -0.000002 -0.000001 0.000000 0.000000 -0.142778
    11 3.883698 -0.046765 0.431443 0.088551 -0.003428 -0.300904
    12 1.719570 -0.000004 -0.000001 0.001558 0.005288 -0.078448
    13 1.209169 -0.000004 0.000000 0.000875 0.002964 0.071656
    14 3.859863 -0.137946 1.332466 0.329426 -0.139926 -0.259344
    15 1.719431 0.000002 0.000000 0.001151 0.003918 -0.074959
    16 1.099667 0.000000 -0.000001 0.000731 0.002488 0.043709
    17 0.806053 -0.348926 1.321258 -1.311948 -0.604329 -0.624756
    18 1.789778 -0.000002 0.000002 0.006544 -0.010942 0.006365
    19 1.207005 0.000000 0.000002 0.001678 0.000659 0.123662
    20 0.192017 -5.855469 -4.773438 -1.668474 1.286518 2.942953
    21 6.028145 0.000000 0.000000 1.204521 0.528205 -1.250021
    22 11.692554 0.000001 0.000002 0.000000 0.000000 -1.720619
    23 11.481699 0.000001 0.000001 -1.321916 0.211559 0.883399
    24 3.859680 -0.132567 1.193109 0.566835 -0.060499 -1.408425
    25 1.312555 -0.000002 0.000002 0.072278 -0.157178 -0.656760
    26 0.729365 0.000000 -0.000001 -0.023337 -0.412078 -1.179798
    27 3.942307 0.050327 0.431044 0.084249 -0.015145 -1.280306
    28 1.539099 -0.000002 0.000000 0.028455 -0.017392 -0.998558
    29 1.196321 0.000010 0.000000 -0.000519 0.009342 -1.131088
    30 3.883659 -0.050321 -0.431042 -0.047599 -0.027561 -1.047376
    31 1.719578 0.000002 0.000000 0.011340 0.002103 -1.500357
    32 1.209185 0.000002 0.000000 0.001786 -0.003742 -0.451851
    33 3.859840 -0.148937 -1.331282 -0.296378 0.195348 -0.060071
    34 1.719421 0.000002 0.000000 0.000954 -0.015214 -0.727850
    35 1.099669 0.000002 -0.000001 0.001685 0.001741 -0.527276
    36 0.950558 -1.145017 -1.396461 0.946436 0.322047 -0.595049
    37 1.789782 0.000000 -0.000004 -0.002337 -0.058952 0.305322
    38 1.206999 0.000002 0.000000 0.005393 -0.004411 0.894087
    39 -3.990840 -15.004300 -2.857705 1.584460 0.100431 0.030311
    40 0.025545 -1.273521 1.753304 0.000000 0.000000 0.000000
    41 0.001032 1.440453 -1.526783 0.000000 0.000000 0.318931
    42 0.004413 0.696487 -1.430595 0.000000 0.000000 0.000000
    43 0.580660 0.349014 -1.430595 0.000000 0.000000 0.000000
    44 0.583444 -0.305904 -1.430599 0.000000 0.000000 0.000000
    45 0.005318 -0.648720 -1.430599 0.000000 0.000000 0.000000
    46 -0.574618 -0.303123 -1.430601 0.000000 0.000000 0.000000
    47 -0.573714 0.348118 -1.430595 0.000000 0.000000 0.000000
    48 -0.029968 -0.059296 1.773438 -1.561870 -0.003783 0.018306
    49 0.041163 0.095589 -2.899426 -0.610287 0.000000 0.000000
    50 0.081115 -2.496311 -0.915165 0.000000 0.000000 0.000000
    51 4.863281 2.800781 -18.203125 1.570792 0.000003 -0.000003
  time 3
    0 0.000000 -0.000006 0.000000 -1.570781 -1.391896 -1.570809
    1 -0.330004 -2.866539 4.965096 1.596637 -1.286515 2.942961
    2 6.028141 0.000000 0.000000 -0.386799 -0.762816 -1.835985
    3 11.692554 0.000001 0.000000 -0.000036 0.000036 -1.420804
    4 11.481670 0.000001 -0.000031 2.299032 -0.102848 0.117885
    5 3.859711 -0.142405 -1.191975 -0.424797 0.252695 -0.665387
    6 1.312555 -0.000002 0.000000 0.000000 0.000000 -0.206347
    7 0.729363 -0.000002 -0.000002 0.000000 0.000000 -0.010929
    8 3.942337 0.046767 -0.431443 -0.130903 0.106224 -0.579006
    9 1.539097 0.000000 0.000000 0.000000 0.000000 -0.014413
    10 1.196325 -0.000002 -0.000001 0.000000 0.000000 -0.197427
    11 3.883698 -0.046765 0.431443 0.088611 0.001410 -0.355363
    12 1.719570 -0.000004 -0.000001 0.001270 0.005372 -0.133090
    13 1.209169 -0.000004 0.000000 0.000707 0.003012 0.016970
    14 3.859863 -0.137946 1.332466 0.336230 -0.122074 -0.311437
    15 1.719431 0.000002 0.000000 0.000935 0.003978 -0.129623
    16 1.099667 0.000000 -0.000001 0.000599 0.002524 -0.010960
    17 0.806053 -0.348926 1.321258 -1.296638 -0.618874 -0.654369
    18 1.789778 -0.000002 0.000002 0.005117 -0.008989 0.048542
    19 1.207005 0.000000 0.000002 0.001366 0.000503 0.166671
    20 0.192017 -5.855469 -4.773438 -1.668474 1.286518 2.942953
    21 6.028145 0.000000 0.000000 1.214294 0.529398 -1.245881
    22 11.692554 0.000001 0.000002 0.000000 0.000000 -1.729412
    23 11.481699 0.000001 0.000001 -1.378085 0.197163 0.911814
    24 3.859680 -0.132567 1.193109 0.566835 -0.060499 -1.408425
    25 1.312555 -0.000002 0.000002 0.072278 -0.157178 -0.656760
    26 0.729365 0.000000 -0.000001 -0.023337 -0.412078 -1.179798
    27 3.942307 0.050327 0.431044 0.084249 -0.015145 -1.280306
    28 1.539099 -0.000002 0.000000 0.028455 -0.017392 -0.998558
    29 1.196321 0.000010 0.000000 -0.000519 0.009342 -1.131088
    30 3.883659 -0.050321 -0.431042 -0.047599 -0.027561 -1.047376
    31 1.719578 0.000002 0.000000 0.011340 0.002103 -1.500357
    32 1.209185 0.000002 0.000000 0.001786 -0.003742 -0.451851
    33 3.859840 -0.148937 -1.331282 -0.296378 0.195348 -0.060071
    34 1.719421 0.000002 0.000000 0.000954 -0.015214 -0.727850
    35 1.099669 0.000002 -0.000001 0.001685 0.001741 -0.527276
    36 0.950558 -1.145017 -1.396461 0.946436 0.322047 -0.595049
    37 1.789782 0.000000 -0.000004 -0.002337 -0.058952 0.305322
    38 1.206999 0.000002 0.000000 0.005393 -0.004411 0.894087
    39 -3.885368 -14.980862 -2.998334 1.602646 0.156813 0.049088
    40 0.025545 -1.273521 1.753304 0.000000 0.000000 0.000000
    41 0.001032 1.440453 -1.526783 0.000000 0.000000 0.615081
    42 0.004413 0.696487 -1.430595 0.000000 0.000000 0.000000
    43 0.580660 0.349014 -1.430595 0.000000 0.000000 0.000000
    44 0.583444 -0.305904 -1.430599 0.000000 0.000000 0.000000
    45 0.005318 -0.648720 -1.430599 0.000000 0.000000 0.000000
    46 -0.574618 -0.303123 -1.430601 0.000000 0.000000 0.000000
    47 -0.573714 0.348118 -1.430595 0.000000 0.000000 0.000000
    48 -0.029968 -0.059296 1.773438 -1.561870 -0.003783 0.018306
    49 0.041163 0.095589 -2.899426 -0.610287 0.000000 0.000000
    50 0.081115 -2.496311 -0.915165 0.000000 0.000000 0.000000
    51 4.863281 2.800781 -18.203125 1.570792 0.000003 -0.000003
  time 4
    0 0.000000 -0.000006 0.000000 -1.570781 -1.391896 -1.570809
    1 -0.322192 -2.874351 4.957283 1.596637 -1.286515 2.942961
    2 6.028141 0.000000 0.000000 -0.397730 -0.729645 -1.812067
    3 11.692554 0.000001 0.000000 -0.000036 0.000036 -1.450149
    4 11.481670 0.000001 -0.000031 2.300691 -0.144693 0.083072
    5 3.859711 -0.142405 -1.191975 -0.438735 0.226425 -0.724086
    6 1.312555 -0.000002 0.000000 0.000000 0.000000 -0.269136
    7 0.729363 -0.000002 -0.000002 0.000000 0.000000 -0.073719
    8 3.942337 0.046767 -0.431443 -0.137279 0.097822 -0.641549
    9 1.539097 0.000000 0.000000 0.000000 0.000000 -0.077204
    10 1.196325 -0.000002 -0.000001 0.000000 0.000000 -0.260207
    11 3.883698 -0.046765 0.431443 0.088347 0.006959 -0.417895
    12 1.719570 -0.000004 -0.000001 0.000935 0.005444 -0.195873
    13 1.209169 -0.000004 0.000000 0.000515 0.003048 -0.045788
    14 3.859863 -0.137946 1.332466 0.342878 -0.101152 -0.370993
    15 1.719431 0.000002 0.000000 0.000683 0.004026 -0.192400
    16 1.099667 0.000000 -0.000001 0.000443 0.002560 -0.073739
    17 0.806053 -0.348926 1.321258 -1.278221 -0.635178 -0.689084
    18 1.789778 -0.000002 0.000002 0.003583 -0.006664 0.096931
    19 1.207005 0.000000 0.000002 0.001007 0.000347 0.216524
    20 0.192017 -5.855469 -4.773438 -1.668474 1.286518 2.942953
    21 6.028145 0.000000 0.000000 1.217838 0.528253 -1.243811
    22 11.692554 0.000001 0.000002 0.000000 0.000000 -1.736874
    23 11.481699 0.000001 0.000001 -1.403262 0.192293 0.927039
    24 3.859680 -0.132567 1.193109 0.566835 -0.060499 -1.408425
    25 1.312555 -0.000002 0.000002 0.072278 -0.157178 -0.656760
    26 0.729365 0.000000 -0.000001 -0.023337 -0.412078 -1.179798
    27 3.942307 0.050327 0.431044 0.084249 -0.015145 -1.280306
    28 1.539099 -0.000002 0.000000 0.028455 -0.017392 -0.998558
    29 1.196321 0.000010 0.000000 -0.000519 0.009342 -1.131088
    30 3.883659 -0.050321 -0.431042 -0.047599 -0.027561 -1.047376
    31 1.719578 0.000002 0.000000 0.011340 0.002103 -1.500357
    32 1.209185 0.000002 0.000000 0.001786 -0.003742 -0.451851
    33 3.859840 -0.148937 -1.331282 -0.296378 0.195348 -0.060071
    34 1.719421 0.000002 0.000000 0.000954 -0.015214 -0.727850
    35 1.099669 0.000002 -0.000001 0.001685 0.001741 -0.527276
    36 0.950558 -1.145017 -1.396461 0.946436 0.322047 -0.595049
    37 1.789782 0.000000 -0.000004 -0.002337 -0.058952 0.305322
    38 1.206999 0.000002 0.000000 0.005393 -0.004411 0.894087
    39 -3.838491 -14.933985 -3.060836 1.611643 0.182383 0.057782
    40 0.025545 -1.273521 1.753304 0.000000 0.000000 0.000000
    41 0.001032 1.440453 -1.526783 0.000000 0.000000 0.911231
    42 0.004413 0.696487 -1.430595 0.000000 0.000000 0.000000
    43 0.580660 0.349014 -1.430595 0.000000 0.000000 0.000000
    44 0.583444 -0.305904 -1.430599 0.000000 0.000000 0.000000
    45 0.005318 -0.648720 -1.430599 0.000000 0.000000 0.000000
    46 -0.574618 -0.303123 -1.430601 0.000000 0.000000 0.000000
    47 -0.573714 0.348118 -1.430595 0.000000 0.000000 0.000000
    48 -0.029968 -0.059296 1.773438 -1.561870 -0.003783 0.018306
    49 0.041163 0.095589 -2.899426 -0.610287 0.000000 0.000000
    50 0.081115 -2.496311 -0.915165 0.000000 0.000000 0.000000
    51 4.863281 2.800781 -18.203125 1.570792 0.000003 -0.000003
  time 5
    0 0.000000 -0.000006 0.000000 -1.570781 -1.391896 -1.570809
    1 -0.310472 -2.886070 4.949471 1.596637 -1.286515 2.942961
    2 6.028141 0.000000 0.000000 -0.396093 -0.683380 -1.797564
    3 11.692554 0.000001 0.000000 -0.000036 0.000036 -1.483761
    4 11.481670 0.000001 -0.000031 2.346327 -0.164771 0.044906
    5 3.859711 -0.142405 -1.191975 -0.450983 0.199400 -0.782080
    6 1.312555 -0.000002 0.000000 0.000000 0.000000 -0.331902
    7 0.729363 -0.000002 -0.000002 0.000000 0.000000 -0.136474
    8 3.942337 0.046767 -0.431443 -0.143103 0.089050 -0.703992
    9 1.539097 0.000000 0.000000 0.000000 0.000000 -0.139968
    10 1.196325 -0.000002 -0.000001 0.000000 0.000000 -0.322987
    11 3.883698 -0.046765 0.431443 0.087736 0.012479 -0.480427
    12 1.719570 -0.000004 -0.000001 0.000587 0.005492 -0.258657
    13 1.209169 -0.000004 0.000000 0.000324 0.003084 -0.108576
    14 3.859863 -0.137946 1.332466 0.348249 -0.079885 -0.430317
    15 1.719431 0.000002 0.000000 0.000432 0.004062 -0.255177
    16 1.099667 0.000000 -0.000001 0.000276 0.002584 -0.136518
    17 0.806053 -0.348926 1.321258 -1.258850 -0.651112 -0.724689
    18 1.789778 -0.000002 0.000002 0.002157 -0.004267 0.145321
    19 1.207005 0.000000 0.000002 0.000647 0.000203 0.267126
    20 0.192017 -5.855469 -4.773438 -1.668474 1.286518 2.942953
    21 6.028145 0.000000 0.000000 1.221671 0.513317 -1.237226
    22 11.692554 0.000001 0.000002 0.000000 0.000000 -1.754681
    23 11.481699 0.000001 0.000001 -1.403657 0.194017 0.909583
    24 3.859680 -0.132567 1.193109 0.566835 -0.060499 -1.408425
    25 1.312555 -0.000002 0.000002 0.072278 -0.157178 -0.656760
    26 0.729365 0.000000 -0.000001 -0.023337 -0.412078 -1.179798
    27 3.942307 0.050327 0.431044 0.084249 -0.015145 -1.280306
    28 1.539099 -0.000002 0.000000 0.028455 -0.017392 -0.998558
    29 1.196321 0.000010 0.000000 -0.000519 0.009342 -1.131088
    30 3.883659 -0.050321 -0.431042 -0.047599 -0.027561 -1.047376
    31 1.719578 0.000002 0.000000 0.011340 0.002103 -1.500357
    32 1.209185 0.000002 0.000000 0.001786 -0.003730 -0.451851
    33 3.859840 -0.148937 -1.331282 -0.296378 0.195348 -0.060071
    34 1.719421 0.000002 0.000000 0.000954 -0.015214 -0.727850
    35 1.099669 0.000002 -0.000001 0.001685 0.001741 -0.527276
    36 0.950558 -1.145017 -1.396461 0.946436 0.322047 -0.595049
    37 1.789782 0.000000 -0.000004 -0.002337 -0.058952 0.305322
    38 1.206999 0.000002 0.000000 0.005393 -0.004411 0.894087
    39 -3.916619 -14.730854 -2.974896 1.592595 0.177696 0.055956
    40 0.025545 -1.273521 1.753304 0.000000 0.000000 0.000000
    41 0.001032 1.440453 -1.526783 0.000000 0.000000 1.139039
    42 0.004413 0.696487 -1.430595 0.000000 0.000000 0.000000
    43 0.580660 0.349014 -1.430595 0.000000 0.000000 0.000000
    44 0.583444 -0.305904 -1.430599 0.000000 0.000000 0.000000
    45 0.005318 -0.648720 -1.430599 0.000000 0.000000 0.000000
    46 -0.574618 -0.303123 -1.430601 0.000000 0.000000 0.000000
    47 -0.573714 0.348118 -1.430595 0.000000 0.000000 0.000000
    48 -0.029968 -0.059296 1.773438 -1.561870 -0.003783 0.018306
    49 0.041163 0.095589 -2.899426 -0.610287 0.000000 0.000000
    50 0.081115 -2.496311 -0.915165 0.000000 0.000000 0.000000
    51 4.863281 2.800781 -18.203125 1.570792 0.000003 -0.000003
  time 6
    0 0.000000 -0.000006 0.000000 -1.570781 -1.391896 -1.570809
    1 -0.298753 -2.897789 4.937752 1.596637 -1.286515 2.942961
    2 6.028141 0.000000 0.000000 -0.382724 -0.619428 -1.787721
    3 11.692554 0.000001 0.000000 -0.000036 0.000036 -1.520590
    4 11.481670 0.000001 -0.000031 2.435203 -0.176161 -0.013662
    5 3.859711 -0.142405 -1.191975 -0.460295 0.175334 -0.832042
    6 1.312555 -0.000002 0.000000 0.000000 0.000000 -0.386582
    7 0.729363 -0.000002 -0.000002 0.000000 0.000000 -0.191140
    8 3.942337 0.046767 -0.431443 -0.147717 0.081128 -0.758274
    9 1.539097 0.000000 0.000000 0.000000 0.000000 -0.194648
    10 1.196325 -0.000002 -0.000001 0.000000 0.000000 -0.377661
    11 3.883698 -0.046765 0.431443 0.086933 0.017247 -0.534908
    12 1.719570 -0.000004 -0.000001 0.000288 0.005516 -0.313331
    13 1.209169 -0.000004 0.000000 0.000156 0.003084 -0.163232
    14 3.859863 -0.137946 1.332466 0.351875 -0.061137 -0.481791
    15 1.719431 0.000002 0.000000 0.000204 0.004074 -0.309841
    16 1.099667 0.000000 -0.000001 0.000132 0.002596 -0.191187
    17 0.806053 -0.348926 1.321258 -1.241118 -0.664823 -0.756506
    18 1.789778 -0.000002 0.000002 0.001019 -0.002121 0.187481
    19 1.207005 0.000000 0.000002 0.000312 0.000084 0.312383
    20 0.192017 -5.855469 -4.773438 -1.668474 1.286518 2.942953
    21 6.028145 0.000000 0.000000 1.232018 0.481965 -1.222549
    22 11.692554 0.000001 0.000002 0.000000 0.000000 -1.791107
    23 11.481699 0.000001 0.000001 -1.403657 0.196387 0.864246
    24 3.859680 -0.132567 1.193109 0.566835 -0.060499 -1.408425
    25 1.312555 -0.000002 0.000002 0.072278 -0.157178 -0.656760
    26 0.729365 0.000000 -0.000001 -0.023337 -0.412078 -1.179798
    27 3.942307 0.050327 0.431044 0.084249 -0.015145 -1.280306
    28 1.539099 -0.000002 0.000000 0.028455 -0.017392 -0.998558
    29 1.196321 0.000010 0.000000 -0.000519 0.009342 -1.131088
    30 3.883659 -0.050321 -0.431042 -0.047599 -0.027561 -1.047376
    31 1.719578 0.000002 0.000000 0.011340 0.002103 -1.500357
    32 1.209185 0.000002 0.000000 0.001786 -0.003742 -0.451851
    33 3.859840 -0.148937 -1.331282 -0.296378 0.195348 -0.060071
    34 1.719421 0.000002 0.000000 0.000954 -0.015214 -0.727850
    35 1.099669 0.000002 -0.000001 0.001685 0.001741 -0.527276
    36 0.950558 -1.145017 -1.396461 0.946436 0.322047 -0.595049
    37 1.789782 0.000000 -0.000004 -0.002337 -0.058952 0.305322
    38 1.206999 0.000002 0.000000 0.005393 -0.004411 0.894087
    39 -4.127563 -14.297247 -2.732701 1.545791 0.164470 0.051262
    40 0.025545 -1.273521 1.753304 0.000000 0.000000 0.000000
    41 0.001032 1.440453 -1.526783 0.000000 0.000000 1.230162
    42 0.004413 0.696487 -1.430595 0.000000 0.000000 0.000000
    43 0.580660 0.349014 -1.430595 0.000000 0.000000 0.000000
    44 0.583444 -0.305904 -1.430599 0.000000 0.000000 0.000000
    45 0.005318 -0.648720 -1.430599 0.000000 0.000000 0.000000
    46 -0.574618 -0.303123 -1.430601 0.000000 0.000000 0.000000
    47 -0.573714 0.348118 -1.430595 0.000000 0.000000 0.000000
    48 -0.029968 -0.059296 1.773438 -1.561870 -0.003783 0.018306
    49 0.041163 0.095589 -2.899426 -0.452921 0.000000 0.000000
    50 0.081115 -2.496311 -0.915165 0.000000 0.000000 0.000000
    51 4.863281 2.800781 -18.203125 1.570792 0.000003 -0.000003
  time 7
    0 0.000000 -0.000006 0.000000 -1.570781 -1.391896 -1.570809
    1 -0.283128 -2.913415 4.922126 1.596637 -1.286515 2.942961
    2 6.028141 0.000000 0.000000 -0.363566 -0.547113 -1.777403
    3 11.692554 0.000001 0.000000 -0.000036 0.000036 -1.551642
    4 11.481670 0.000001 -0.000031 2.548418 -0.169645 -0.089779
    5 3.859711 -0.142405 -1.191975 -0.466096 0.158101 -0.867016
    6 1.312555 -0.000002 0.000000 0.000000 0.000000 -0.425137
    7 0.729363 -0.000002 -0.000002 0.000000 0.000000 -0.229733
    8 3.942337 0.046767 -0.431443 -0.150713 0.075399 -0.796540
    9 1.539097 0.000000 0.000000 0.000000 0.000000 -0.233219
    10 1.196325 -0.000002 -0.000001 0.000000 0.000000 -0.416215
    11 3.883698 -0.046765 0.431443 0.086202 0.020581 -0.573333
    12 1.719570 -0.000004 -0.000001 0.000072 0.005516 -0.351911
    13 1.209169 -0.000004 0.000000 0.000036 0.003084 -0.201805
    14 3.859863 -0.137946 1.332466 0.353845 -0.047804 -0.518028
    15 1.719431 0.000002 0.000000 0.000048 0.004074 -0.348422
    16 1.099667 0.000000 -0.000001 0.000036 0.002596 -0.229758
    17 0.806053 -0.348926 1.321258 -1.228009 -0.674689 -0.779583
    18 1.789778 -0.000002 0.000002 0.000264 -0.000587 0.217248
    19 1.207005 0.000000 0.000002 0.000084 0.000012 0.346301
    20 0.192017 -5.855469 -4.773438 -1.668474 1.286518 2.942953
    21 6.028145 0.000000 0.000000 1.245239 0.442263 -1.204674
    22 11.692554 0.000001 0.000002 0.000000 0.000000 -1.837065
    23 11.481699 0.000001 0.000001 -1.401399 0.199835 0.801646
    24 3.859680 -0.132567 1.193109 0.566835 -0.060499 -1.408425
    25 1.312555 -0.000002 0.000002 0.072278 -0.157178 -0.656760
    26 0.729365 0.000000 -0.000001 -0.023337 -0.412078 -1.179798
    27 3.942307 0.050327 0.431044 0.084249 -0.015145 -1.280306
    28 1.539099 -0.000002 0.000000 0.028455 -0.017392 -0.998558
    29 1.196321 0.000010 0.000000 -0.000519 0.009342 -1.131088
    30 3.883659 -0.050321 -0.431042 -0.047599 -0.027561 -1.047376
    31 1.719578 0.000002 0.000000 0.011340 0.002103 -1.500357
    32 1.209185 0.000002 0.000000 0.001786 -0.003742 -0.451851
    33 3.859840 -0.148937 -1.331282 -0.296378 0.195348 -0.060071
    34 1.719421 0.000002 0.000000 0.000954 -0.015214 -0.727850
    35 1.099669 0.000002 -0.000001 0.001685 0.001741 -0.527276
    36 0.950558 -1.145017 -1.396461 0.946436 0.322047 -0.595049
    37 1.789782 0.000000 -0.000004 -0.002337 -0.058952 0.305322
    38 1.206999 0.000002 0.000000 0.005393 -0.004411 0.894087
    39 -4.428353 -13.711292 -2.377222 1.481375 0.143866 0.044655
    40 0.025545 -1.273521 1.753304 0.000000 0.000000 0.000000
    41 0.001032 1.440453 -1.526783 0.000000 0.000000 0.000000
    42 0.004413 0.696487 -1.430595 0.000000 0.000000 0.000000
    43 0.580660 0.349014 -1.430595 0.000000 0.000000 0.000000
    44 0.583444 -0.305904 -1.430599 0.000000 0.000000 0.000000
    45 0.005318 -0.648720 -1.430599 0.000000 0.000000 0.000000
    46 -0.574618 -0.303123 -1.430601 0.000000 0.000000 0.000000
    47 -0.573714 0.348118 -1.430595 0.000000 0.000000 0.000000
    48 -0.029968 -0.059296 1.773438 -1.561870 -0.003783 0.018306
    49 0.041163 0.095589 -2.899426 -0.157328 0.000000 0.000000
    50 0.081115 -2.496311 -0.915165 0.000000 0.000000 0.000000
    51 4.863281 2.800781 -18.203125 1.570792 0.000003 -0.000003
  time 8
    0 0.000000 -0.000006 0.000000 -1.570781 -1.391896 -1.570809
    1 -0.267502 -2.932947 4.906501 1.596637 -1.286515 2.942961
    2 6.028141 0.000000 0.000000 -0.345018 -0.475902 -1.761426
    3 11.692554 0.000001 0.000000 -0.000048 0.000036 -1.573043
    4 11.481670 0.000001 -0.000031 2.666612 -0.140301 -0.176312
    5 3.859711 -0.142405 -1.191975 -0.468133 0.151533 -0.880197
    6 1.312555 -0.000002 0.000000 0.000000 0.000000 -0.439720
    7 0.729363 -0.000002 -0.000002 0.000000 0.000000 -0.244299
    8 3.942337 0.046767 -0.431443 -0.151780 0.073206 -0.810985
    9 1.539097 0.000000 0.000000 0.000000 0.000000 -0.247797
    10 1.196325 -0.000002 -0.000001 0.000000 0.000000 -0.430802
    11 3.883698 -0.046765 0.431443 0.085902 0.021830 -0.587867
    12 1.719570 -0.000004 -0.000001 0.000000 0.005516 -0.366478
    13 1.209169 -0.000004 0.000000 0.000000 0.003084 -0.216400
    14 3.859863 -0.137946 1.332466 0.354449 -0.042750 -0.531718
    15 1.719431 0.000002 0.000000 0.000000 0.004074 -0.363009
    16 1.099667 0.000000 -0.000001 0.000000 0.002596 -0.244331
    17 0.806053 -0.348926 1.321258 -1.222677 -0.679213 -0.788819
    18 1.789778 -0.000002 0.000002 0.000000 0.000000 0.228523
    19 1.207005 0.000000 0.000002 0.000000 0.000000 0.362860
    20 0.192017 -5.855469 -4.773438 -1.668474 1.286518 2.942953
    21 6.028145 0.000000 0.000000 1.258268 0.401510 -1.187457
    22 11.692554 0.000001 0.000002 0.000000 0.000000 -1.883984
    23 11.481699 0.000001 0.000001 -1.396093 0.205482 0.728815
    24 3.859680 -0.132567 1.193109 0.566835 -0.060499 -1.408425
    25 1.312555 -0.000002 0.000002 0.072278 -0.157178 -0.656760
    26 0.729365 0.000000 -0.000001 -0.023337 -0.412078 -1.179798
    27 3.942307 0.050327 0.431044 0.084249 -0.015145 -1.280306
    28 1.539099 -0.000002 0.000000 0.028455 -0.017392 -0.998558
    29 1.196321 0.000010 0.000000 -0.000519 0.009342 -1.131088
    30 3.883659 -0.050321 -0.431042 -0.047599 -0.027561 -1.047376
    31 1.719578 0.000002 0.000000 0.011340 0.002103 -1.500357
    32 1.209185 0.000002 0.000000 0.001786 -0.003742 -0.451851
    33 3.859840 -0.148937 -1.331282 -0.296378 0.195348 -0.060071
    34 1.719421 0.000002 0.000000 0.000954 -0.015214 -0.727850
    35 1.099669 0.000002 -0.000001 0.001685 0.001741 -0.527276
    36 0.950558 -1.145017 -1.396461 0.946436 0.322047 -0.595049
    37 1.789782 0.000000 -0.000004 -0.002337 -0.058952 0.305322
    38 1.206999 0.000002 0.000000 0.005393 -0.004411 0.894087
    39 -4.768207 -13.051115 -1.935802 1.407100 0.117137 0.037092
    40 0.025545 -1.273521 1.753304 0.000000 0.000000 0.000000
    41 0.001032 1.440453 -1.526783 0.000000 0.000000 0.000000
    42 0.004413 0.696487 -1.430595 0.000000 0.000000 0.000000
    43 0.580660 0.349014 -1.430595 0.000000 0.000000 0.000000
    44 0.583444 -0.305904 -1.430599 0.000000 0.000000 0.000000
    45 0.005318 -0.648720 -1.430599 0.000000 0.000000 0.000000
    46 -0.574618 -0.303123 -1.430601 0.000000 0.000000 0.000000
    47 -0.573714 0.348118 -1.430595 0.000000 0.000000 0.000000
    48 -0.029968 -0.059296 1.773438 -1.561870 -0.003783 0.018306
    49 0.041163 0.095589 -2.899426 0.000001 0.000000 0.000000
    50 0.081115 -2.496311 -0.915165 0.000000 0.000000 0.000000
    51 4.863281 2.800781 -18.203125 1.570792 0.000003 -0.000003
  time 9
    0 0.000000 -0.000006 0.000000 -1.570781 -1.391896 -1.570809
    1 -0.247971 -2.948572 4.890875 1.596637 -1.286515 2.942961
    2 6.028141 0.000000 0.000000 -0.332868 -0.414338 -1.736652
    3 11.692554 0.000001 0.000000 -0.000048 0.000036 -1.585845
    4 11.481670 0.000001 -0.000031 2.771898 -0.089817 -0.262774
    5 3.859711 -0.142405 -1.191975 -0.468085 0.151689 -0.879921
    6 1.312555 -0.000002 0.000000 0.000000 0.000000 -0.439625
    7 0.729363 -0.000002 -0.000002 0.000000 0.000000 -0.243990
    8 3.942337 0.046767 -0.431443 -0.151756 0.073242 -0.810681
    9 1.539097 0.000000 0.000000 0.000000 0.000000 -0.247456
    10 1.196325 -0.000002 -0.000001 0.000000 0.000000 -0.430496
    11 3.883698 -0.046765 0.431443 0.085902 0.021816 -0.587540
    12 1.719570 -0.000004 -0.000001 0.000000 0.005516 -0.366160
    13 1.209169 -0.000004 0.000000 0.000000 0.003084 -0.216072
    14 3.859863 -0.137946 1.332466 0.354449 -0.042853 -0.531447
    15 1.719431 0.000002 0.000000 0.000000 0.004074 -0.362692
    16 1.099667 0.000000 -0.000001 0.000000 0.002596 -0.244002
    17 0.806053 -0.348926 1.321258 -1.222530 -0.680634 -0.788943
    18 1.789778 -0.000002 0.000002 0.000012 -0.000084 0.228309
    19 1.207005 0.000000 0.000002 0.000012 0.000000 0.368455
    20 0.192017 -5.855469 -4.773438 -1.668474 1.286518 2.942953
    21 6.028145 0.000000 0.000000 1.268807 0.366914 -1.173627
    22 11.692554 0.000001 0.000002 0.000000 0.000000 -1.924474
    23 11.481699 0.000001 0.000001 -1.387230 0.214619 0.653026
    24 3.859680 -0.132567 1.193109 0.566835 -0.060499 -1.408425
    25 1.312555 -0.000002 0.000002 0.072278 -0.157178 -0.656760
    26 0.729365 0.000000 -0.000001 -0.023337 -0.412078 -1.179798
    27 3.942307 0.050327 0.431044 0.084249 -0.015145 -1.280306
    28 1.539099 -0.000002 0.000000 0.028455 -0.017392 -0.998558
    29 1.196321 0.000010 0.000000 -0.000519 0.009342 -1.131088
    30 3.883659 -0.050321 -0.431042 -0.047599 -0.027561 -1.047376
    31 1.719578 0.000002 0.000000 0.011340 0.002103 -1.500357
    32 1.209185 0.000002 0.000000 0.001786 -0.003742 -0.451851
    33 3.859840 -0.148937 -1.331282 -0.296378 0.195348 -0.060071
    34 1.719421 0.000002 0.000000 0.000954 -0.015214 -0.727850
    35 1.099669 0.000002 -0.000001 0.001685 0.001741 -0.527276
    36 0.950558 -1.145017 -1.396461 0.946436 0.322047 -0.595049
    37 1.789782 0.000000 -0.000004 -0.002337 -0.058952 0.305322
    38 1.206999 0.000002 0.000000 0.005393 -0.004411 0.894087
    39 -5.108061 -12.398752 -1.439693 1.329954 0.085488 0.029702
    40 0.025545 -1.273521 1.753304 0.000000 0.000000 0.000000
    41 0.001032 1.440453 -1.526783 0.000000 0.000000 0.000000
    42 0.004413 0.696487 -1.430595 0.000000 0.000000 0.000000
    43 0.580660 0.349014 -1.430595 0.000000 0.000000 0.000000
    44 0.583444 -0.305904 -1.430599 0.000000 0.000000 0.000000
    45 0.005318 -0.648720 -1.430599 0.000000 0.000000 0.000000
    46 -0.574618 -0.303123 -1.430601 0.000000 0.000000 0.000000
    47 -0.573714 0.348118 -1.430595 0.000000 0.000000 0.000000
    48 -0.029968 -0.059296 1.773438 -1.561870 -0.003783 0.018306
    49 0.041163 0.095589 -2.899426 0.000001 0.000000 0.000000
    50 0.081115 -2.496311 -0.915165 0.000000 0.000000 0.000000
    51 4.863281 2.800781 -18.203125 1.570792 0.000003 -0.000003
  time 10
    0 0.000000 -0.000006 0.000000 -1.570781 -1.391896 -1.570809
    1 -0.228439 -2.972010 4.871343 1.596637 -1.286515 2.942961
    2 6.028141 0.000000 0.000000 -0.331611 -0.367936 -1.701608
    3 11.692554 0.000001 0.000000 -0.000048 0.000036 -1.596939
    4 11.481670 0.000001 -0.000031 2.850632 -0.026592 -0.337964
    5 3.859711 -0.142405 -1.191975 -0.467953 0.152120 -0.879032
    6 1.312555 -0.000002 0.000000 0.000000 0.000000 -0.439293
    7 0.729363 -0.000002 -0.000002 0.000000 0.000000 -0.242997
    8 3.942337 0.046767 -0.431443 -0.151684 0.073398 -0.809692
    9 1.539097 0.000000 0.000000 0.000000 0.000000 -0.246492
    10 1.196325 -0.000002 -0.000001 0.000000 0.000000 -0.429506
    11 3.883698 -0.046765 0.431443 0.085926 0.021731 -0.586561
    12 1.719570 -0.000004 -0.000001 0.000000 0.005516 -0.365174
    13 1.209169 -0.000004 0.000000 0.000000 0.003084 -0.215089
    14 3.859863 -0.137946 1.332466 0.354404 -0.043198 -0.530519
    15 1.719431 0.000002 0.000000 0.000000 0.004074 -0.361714
    16 1.099667 0.000000 -0.000001 0.000000 0.002596 -0.243044
    17 0.806053 -0.348926 1.321258 -1.222799 -0.682162 -0.788126
    18 1.789778 -0.000002 0.000002 0.000084 -0.000324 0.227668
    19 1.207005 0.000000 0.000002 0.000048 0.000000 0.373425
    20 0.192017 -5.855469 -4.773438 -1.668474 1.286518 2.942953
    21 6.028145 0.000000 0.000000 1.274555 0.344295 -1.165348
    22 11.692554 0.000001 0.000002 0.000000 0.000000 -1.955063
    23 11.481699 0.000001 0.000001 -1.374077 0.227938 0.585771
    24 3.859680 -0.132567 1.193109 0.566835 -0.060499 -1.408425
    25 1.312555 -0.000002 0.000002 0.072278 -0.157178 -0.656760
    26 0.729365 0.000000 -0.000001 -0.023337 -0.412078 -1.179798
    27 3.942307 0.050327 0.431044 0.084249 -0.015145 -1.280306
    28 1.539099 -0.000002 0.000000 0.028455 -0.017392 -0.998558
    29 1.196321 0.000010 0.000000 -0.000519 0.009342 -1.131088
    30 3.883659 -0.050321 -0.431042 -0.047599 -0.027561 -1.047376
    31 1.719578 0.000002 0.000000 0.011340 0.002103 -1.500357
    32 1.209185 0.000002 0.000000 0.001786 -0.003742 -0.451851
    33 3.859840 -0.148937 -1.331282 -0.296378 0.195348 -0.060071
    34 1.719421 0.000002 0.000000 0.000954 -0.015214 -0.727850
    35 1.099669 0.000002 -0.000001 0.001685 0.001741 -0.527276
    36 0.950558 -1.145017 -1.396461 0.946436 0.322047 -0.595049
    37 1.789782 0.000000 -0.000004 -0.002337 -0.058952 0.305322
    38 1.206999 0.000002 0.000000 0.005393 -0.004411 0.894087
    39 -5.404945 -11.832328 -0.931865 1.258455 0.050128 0.023356
    40 0.025545 -1.273521 1.753304 0.000000 0.000000 0.000000
    41 0.001032 1.440453 -1.526783 0.000000 0.000000 0.000000
    42 0.004413 0.696487 -1.430595 0.000000 0.000000 0.000000
    43 0.580660 0.349014 -1.430595 0.000000 0.000000 0.000000
    44 0.583444 -0.305904 -1.430599 0.000000 0.000000 0.000000
    45 0.005318 -0.648720 -1.430599 0.000000 0.000000 0.000000
    46 -0.574618 -0.303123 -1.430601 0.000000 0.000000 0.000000
    47 -0.573714 0.348118 -1.430595 0.000000 0.000000 0.000000
    48 -0.029968 -0.059296 1.773438 -1.561870 -0.003783 0.018306
    49 0.041163 0.095589 -2.899426 0.000001 0.000000 0.000000
    50 0.081115 -2.496311 -0.915165 0.000000 0.000000 0.000000
    51 4.863281 2.800781 -18.203125 1.570792 0.000003 -0.000003
  time 11
    0 0.000000 -0.000006 0.000000 -1.570781 -1.391896 -1.570809
    1 -0.205001 -2.995449 4.851811 1.596637 -1.286515 2.942961
    2 6.028141 0.000000 0.000000 -0.342847 -0.336557 -1.657338
    3 11.692554 0.000001 0.000000 -0.000048 0.000036 -1.619260
    4 11.481670 0.000001 -0.000031 2.892765 0.031711 -0.384904
    5 3.859711 -0.142405 -1.191975 -0.467737 0.152839 -0.877591
    6 1.312555 -0.000002 0.000000 0.000000 0.000000 -0.438771
    7 0.729363 -0.000002 -0.000002 0.000000 0.000000 -0.241420
    8 3.942337 0.046767 -0.431443 -0.151576 0.073637 -0.808121
    9 1.539097 0.000000 0.000000 0.000000 0.000000 -0.244904
    10 1.196325 -0.000002 -0.000001 0.000000 0.000000 -0.427927
    11 3.883698 -0.046765 0.431443 0.085962 0.021589 -0.584995
    12 1.719570 -0.000004 -0.000001 0.000012 0.005516 -0.363583
    13 1.209169 -0.000004 0.000000 0.000000 0.003084 -0.213510
    14 3.859863 -0.137946 1.332466 0.354337 -0.043750 -0.529011
    15 1.719431 0.000002 0.000000 0.000000 0.004074 -0.360132
    16 1.099667 0.000000 -0.000001 0.000000 0.002596 -0.241458
    17 0.806053 -0.348926 1.321258 -1.223509 -0.683783 -0.786392
    18 1.789778 -0.000002 0.000002 0.000180 -0.000719 0.226633
    19 1.207005 0.000000 0.000002 0.000096 0.000000 0.377796
    20 0.192017 -5.855469 -4.773438 -1.668474 1.286518 2.942953
    21 6.028145 0.000000 0.000000 1.273693 0.337948 -1.163655
    22 11.692554 0.000001 0.000002 0.000000 0.000000 -1.978855
    23 11.481699 0.000001 0.000001 -1.352908 0.244230 0.552216
    24 3.859680 -0.132567 1.193109 0.566835 -0.060499 -1.408425
    25 1.312555 -0.000002 0.000002 0.072278 -0.157178 -0.656760
    26 0.729365 0.000000 -0.000001 -0.023337 -0.412078 -1.179798
    27 3.942307 0.050327 0.431044 0.084249 -0.015145 -1.280306
    28 1.539099 -0.000002 0.000000 0.028455 -0.017392 -0.998558
    29 1.196321 0.000010 0.000000 -0.000519 0.009342 -1.131088
    30 3.883659 -0.050321 -0.431042 -0.047599 -0.027561 -1.047376
    31 1.719578 0.000002 0.000000 0.011340 0.002103 -1.500357
    32 1.209185 0.000002 0.000000 0.001786 -0.003742 -0.451851
    33 3.859840 -0.148937 -1.331282 -0.296378 0.195348 -0.060071
    34 1.719421 0.000002 0.000000 0.000954 -0.015214 -0.727850
    35 1.099669 0.000002 -0.000001 0.001685 0.001741 -0.527276
    36 0.950558 -1.145017 -1.396461 0.946436 0.322047 -0.595049
    37 1.789782 0.000000 -0.000004 -0.002337 -0.058952 0.305322
    38 1.206999 0.000002 0.000000 0.005393 -0.004411 0.894087
    39 -5.611983 -11.429972 -0.435756 1.210119 0.012447 0.019009
    40 0.025545 -1.273521 1.753304 0.000000 0.000000 0.000000
    41 0.001032 1.440453 -1.526783 0.000000 0.000000 0.000000
    42 0.004413 0.696487 -1.430595 0.000000 0.000000 0.000000
    43 0.580660 0.349014 -1.430595 0.000000 0.000000 0.000000
    44 0.583444 -0.305904 -1.430599 0.000000 0.000000 0.000000
    45 0.005318 -0.648720 -1.430599 0.000000 0.000000 0.000000
    46 -0.574618 -0.303123 -1.430601 0.000000 0.000000 0.000000
    47 -0.573714 0.348118 -1.430595 0.000000 0.000000 0.000000
    48 -0.029968 -0.059296 1.773438 -1.561870 -0.003783 0.018306
    49 0.041163 0.095589 -2.899426 0.000001 0.000000 0.000000
    50 0.081115 -2.496311 -0.915165 0.000000 0.000000 0.000000
    51 4.863281 2.800781 -18.203125 1.570792 0.000003 -0.000003
  time 12
    0 0.000000 -0.000006 0.000000 -1.570781 -1.391896 -1.570809
    1 -0.181562 -3.018887 4.828373 1.596637 -1.286515 2.942961
    2 6.028141 0.000000 0.000000 -0.368479 -0.317123 -1.602370
    3 11.692554 0.000001 0.000000 -0.000048 0.000036 -1.659502
    4 11.481670 0.000001 -0.000031 2.900417 0.075148 -0.402239
    5 3.859711 -0.142405 -1.191975 -0.467438 0.153810 -0.875660
    6 1.312555 -0.000002 0.000000 0.000000 0.000000 -0.438013
    7 0.729363 -0.000002 -0.000002 0.000000 0.000000 -0.239261
    8 3.942337 0.046767 -0.431443 -0.151420 0.073961 -0.805992
    9 1.539097 0.000000 0.000000 0.000000 0.000000 -0.242749
    10 1.196325 -0.000002 -0.000001 0.000000 0.000000 -0.425782
    11 3.883698 -0.046765 0.431443 0.086010 0.021404 -0.582841
    12 1.719570 -0.000004 -0.000001 0.000024 0.005516 -0.361452
    13 1.209169 -0.000004 0.000000 0.000012 0.003084 -0.211366
    14 3.859863 -0.137946 1.332466 0.354248 -0.044492 -0.527000
    15 1.719431 0.000002 0.000000 0.000012 0.004074 -0.357974
    16 1.099667 0.000000 -0.000001 0.000012 0.002596 -0.239304
    17 0.806053 -0.348926 1.321258 -1.224634 -0.685497 -0.783768
    18 1.789778 -0.000002 0.000002 0.000324 -0.001271 0.225219
    19 1.207005 0.000000 0.000002 0.000180 0.000012 0.381592
    20 0.192017 -5.855469 -4.773438 -1.668474 1.286518 2.942953
    21 6.028145 0.000000 0.000000 1.264879 0.350737 -1.169958
    22 11.692554 0.000001 0.000002 0.000000 0.000000 -1.991785
    23 11.481699 0.000001 0.000001 -1.322481 0.261083 0.557017
    24 3.859680 -0.132567 1.193109 0.566835 -0.060499 -1.408425
    25 1.312555 -0.000002 0.000002 0.072278 -0.157178 -0.656760
    26 0.729365 0.000000 -0.000001 -0.023337 -0.412078 -1.179798
    27 3.942307 0.050327 0.431044 0.084249 -0.015145 -1.280306
    28 1.539099 -0.000002 0.000000 0.028455 -0.017392 -0.998558
    29 1.196321 0.000010 0.000000 -0.000519 0.009342 -1.131088
    30 3.883659 -0.050321 -0.431042 -0.047599 -0.027561 -1.047376
    31 1.719578 0.000002 0.000000 0.011340 0.002103 -1.500357
    32 1.209185 0.000002 0.000000 0.001786 -0.003742 -0.451851
    33 3.859840 -0.148937 -1.331282 -0.296378 0.195348 -0.060071
    34 1.719421 0.000002 0.000000 0.000954 -0.015214 -0.727850
    35 1.099669 0.000002 -0.000001 0.001685 0.001741 -0.527276
    36 0.950558 -1.145017 -1.396461 0.946436 0.322047 -0.595049
    37 1.789782 0.000000 -0.000004 -0.002337 -0.058952 0.305322
    38 1.206999 0.000002 0.000000 0.005393 -0.004411 0.894087
    39 -5.686204 -11.277624 0.005664 1.190689 -0.026534 0.017618
    40 0.025545 -1.273521 1.753304 0.000000 0.000000 0.000000
    41 0.001032 1.440453 -1.526783 0.000000 0.000000 0.000000
    42 0.004413 0.696487 -1.430595 0.000000 0.000000 0.000000
    43 0.580660 0.349014 -1.430595 0.000000 0.000000 0.000000
    44 0.583444 -0.305904 -1.430599 0.000000 0.000000 0.000000
    45 0.005318 -0.648720 -1.430599 0.000000 0.000000 0.000000
    46 -0.574618 -0.303123 -1.430601 0.000000 0.000000 0.000000
    47 -0.573714 0.348118 -1.430595 0.000000 0.000000 0.000000
    48 -0.029968 -0.059296 1.773438 -1.561870 -0.003783 0.018306
    49 0.041163 0.095589 -2.899426 0.000001 0.000000 0.000000
    50 0.081115 -2.496311 -0.915165 0.000000 0.000000 0.000000
    51 4.863281 2.800781 -18.203125 1.570792 0.000003 -0.000003
  time 13
    0 0.000000 -0.000006 0.000000 -1.570781 -1.391896 -1.570809
    1 -0.154218 -3.046232 4.804935 1.596637 -1.286515 2.942961
    2 6.028141 0.000000 0.000000 -0.408014 -0.302973 -1.535847
    3 11.692554 0.000001 0.000000 -0.000048 0.000036 -1.703815
    4 11.481670 0.000001 -0.000031 2.891198 0.115496 -0.416721
    5 3.859711 -0.142405 -1.191975 -0.467066 0.155021 -0.873239
    6 1.312555 -0.000002 0.000000 0.000000 0.000000 -0.437017
    7 0.729363 -0.000002 -0.000002 0.000000 0.000000 -0.236587
    8 3.942337 0.046767 -0.431443 -0.151217 0.074357 -0.803331
    9 1.539097 0.000000 0.000000 0.000000 0.000000 -0.240083
    10 1.196325 -0.000002 -0.000001 0.000000 0.000000 -0.423096
    11 3.883698 -0.046765 0.431443 0.086058 0.021177 -0.580164
    12 1.719570 -0.000004 -0.000001 0.000036 0.005516 -0.358781
    13 1.209169 -0.000004 0.000000 0.000012 0.003084 -0.208685
    14 3.859863 -0.137946 1.332466 0.354136 -0.045423 -0.524486
    15 1.719431 0.000002 0.000000 0.000024 0.004074 -0.355298
    16 1.099667 0.000000 -0.000001 0.000024 0.002596 -0.236611
    17 0.806053 -0.348926 1.321258 -1.226150 -0.687304 -0.780376
    18 1.789778 -0.000002 0.000002 0.000503 -0.001942 0.223444
    19 1.207005 0.000000 0.000002 0.000264 0.000012 0.384889
    20 0.192017 -5.855469 -4.773438 -1.668474 1.286518 2.942953
    21 6.028145 0.000000 0.000000 1.251370 0.373117 -1.180871
    22 11.692554 0.000001 0.000002 0.000000 0.000000 -1.988460
    23 11.481699 0.000001 0.000001 -1.290021 0.278281 0.563805
    24 3.859680 -0.132567 1.193109 0.566835 -0.060499 -1.408425
    25 1.312555 -0.000002 0.000002 0.072278 -0.157178 -0.656760
    26 0.729365 0.000000 -0.000001 -0.023337 -0.412078 -1.179798
    27 3.942307 0.050327 0.431044 0.084249 -0.015145 -1.280306
    28 1.539099 -0.000002 0.000000 0.028455 -0.017392 -0.998558
    29 1.196321 0.000010 0.000000 -0.000519 0.009342 -1.131088
    30 3.883659 -0.050321 -0.431042 -0.047599 -0.027561 -1.047376
    31 1.719578 0.000002 0.000000 0.011340 0.002103 -1.500357
    32 1.209185 0.000002 0.000000 0.001786 -0.003742 -0.451851
    33 3.859840 -0.148937 -1.331282 -0.296378 0.195348 -0.060071
    34 1.719421 0.000002 0.000000 0.000954 -0.015214 -0.727850
    35 1.099669 0.000002 -0.000001 0.001685 0.001741 -0.527276
    36 0.950558 -1.145017 -1.396461 0.946436 0.322047 -0.595049
    37 1.789782 0.000000 -0.000004 -0.002337 -0.058952 0.305322
    38 1.206999 0.000002 0.000000 0.005393 -0.004411 0.894087
    39 -5.670578 -11.289343 0.361143 1.179204 -0.065468 0.018662
    40 0.025545 -1.273521 1.753304 0.000000 0.000000 0.000000
    41 0.001032 1.440453 -1.526783 0.000000 0.000000 0.000000
    42 0.004413 0.696487 -1.430595 0.000000 0.000000 0.000000
    43 0.580660 0.349014 -1.430595 0.000000 0.000000 0.000000
    44 0.583444 -0.305904 -1.430599 0.000000 0.000000 0.000000
    45 0.005318 -0.648720 -1.430599 0.000000 0.000000 0.000000
    46 -0.574618 -0.303123 -1.430601 0.000000 0.000000 0.000000
    47 -0.573714 0.348118 -1.430595 0.000000 0.000000 0.000000
    48 -0.029968 -0.059296 1.773438 -1.561870 -0.003783 0.018306
    49 0.041163 0.095589 -2.899426 0.000001 0.000000 0.000000
    50 0.081115 -2.496311 -0.915165 0.000000 0.000000 0.000000
    51 4.863281 2.800781 -18.203125 1.570792 0.000003 -0.000003
  time 14
    0 0.000000 -0.000006 0.000000 -1.570781 -1.391896 -1.570809
    1 -0.126873 -3.073576 4.781497 1.596637 -1.286515 2.942961
    2 6.028141 0.000000 0.000000 -0.451548 -0.284779 -1.464997
    3 11.692554 0.000001 0.000000 -0.000048 0.000036 -1.747274
    4 11.481670 0.000001 -0.000031 2.876355 0.150874 -0.432201
    5 3.859711 -0.142405 -1.191975 -0.466623 0.156435 -0.870357
    6 1.312555 -0.000002 0.000000 0.000000 0.000000 -0.435831
    7 0.729363 -0.000002 -0.000002 0.000000 0.000000 -0.233434
    8 3.942337 0.046767 -0.431443 -0.150989 0.074836 -0.800214
    9 1.539097 0.000000 0.000000 0.000000 0.000000 -0.236906
    10 1.196325 -0.000002 -0.000001 0.000000 0.000000 -0.419938
    11 3.883698 -0.046765 0.431443 0.086130 0.020908 -0.577010
    12 1.719570 -0.000004 -0.000001 0.000060 0.005516 -0.355600
    13 1.209169 -0.000004 0.000000 0.000024 0.003084 -0.205498
    14 3.859863 -0.137946 1.332466 0.354001 -0.046527 -0.521508
    15 1.719431 0.000002 0.000000 0.000036 0.004074 -0.352134
    16 1.099667 0.000000 -0.000001 0.000024 0.002596 -0.233439
    17 0.806053 -0.348926 1.321258 -1.228009 -0.689187 -0.776216
    18 1.789778 -0.000002 0.000002 0.000731 -0.002733 0.221373
    19 1.207005 0.000000 0.000002 0.000383 0.000024 0.387687
    20 0.192017 -5.855469 -4.773438 -1.668474 1.286518 2.942953
    21 6.028145 0.000000 0.000000 1.236808 0.391537 -1.191408
    22 11.692554 0.000001 0.000002 0.000000 0.000000 -1.982106
    23 11.481699 0.000001 0.000001 -1.256546 0.294358 0.570739
    24 3.859680 -0.132567 1.193109 0.566835 -0.060499 -1.408425
    25 1.312555 -0.000002 0.000002 0.072278 -0.157178 -0.656760
    26 0.729365 0.000000 -0.000001 -0.023337 -0.412078 -1.179798
    27 3.942307 0.050327 0.431044 0.084249 -0.015145 -1.280306
    28 1.539099 -0.000002 0.000000 0.028455 -0.017392 -0.998558
    29 1.196321 0.000010 0.000000 -0.000519 0.009342 -1.131088
    30 3.883659 -0.050321 -0.431042 -0.047599 -0.027561 -1.047376
    31 1.719578 0.000002 0.000000 0.011340 0.002103 -1.500357
    32 1.209185 0.000002 0.000000 0.001786 -0.003742 -0.451851
    33 3.859840 -0.148937 -1.331282 -0.296378 0.195348 -0.060071
    34 1.719421 0.000002 0.000000 0.000954 -0.015214 -0.727850
    35 1.099669 0.000002 -0.000001 0.001685 0.001741 -0.527276
    36 0.950558 -1.145017 -1.396461 0.946734 0.323380 -0.593869
    37 1.789782 0.000000 -0.000004 -0.002133 -0.058030 0.298154
    38 1.206999 0.000002 0.000000 0.005273 -0.004411 0.889477
    39 -5.647140 -11.332313 0.603338 1.174514 -0.103195 0.020835
    40 0.025545 -1.273521 1.753304 0.000000 0.000000 0.000000
    41 0.001032 1.440453 -1.526783 0.000000 0.000000 0.000000
    42 0.004413 0.696487 -1.430595 0.000000 0.000000 0.000000
    43 0.580660 0.349014 -1.430595 0.000000 0.000000 0.000000
    44 0.583444 -0.305904 -1.430599 0.000000 0.000000 0.000000
    45 0.005318 -0.648720 -1.430599 0.000000 0.000000 0.000000
    46 -0.574618 -0.303123 -1.430601 0.000000 0.000000 0.000000
    47 -0.573714 0.348118 -1.430595 0.000000 0.000000 0.000000
    48 -0.029968 -0.059296 1.773438 -1.561870 -0.003783 0.018306
    49 0.041163 0.095589 -2.899426 0.000001 0.000000 0.000000
    50 0.081115 -2.496311 -0.915165 0.000000 0.000000 0.000000
    51 4.863281 2.800781 -18.203125 1.570792 0.000003 -0.000003
  time 15
    0 0.000000 -0.000006 0.000000 -1.570781 -1.391896 -1.570809
    1 -0.099529 -3.100921 4.754152 1.596637 -1.286515 2.942961
    2 6.028141 0.000000 0.000000 -0.496186 -0.261118 -1.393291
    3 11.692554 0.000001 0.000000 -0.000048 0.000036 -1.785219
    4 11.481670 0.000001 -0.000031 2.859114 0.179928 -0.453460
    5 3.859711 -0.142405 -1.191975 -0.466120 0.158065 -0.867108
    6 1.312555 -0.000002 0.000000 0.000000 0.000000 -0.434408
    7 0.729363 -0.000002 -0.000002 0.000000 0.000000 -0.229801
    8 3.942337 0.046767 -0.431443 -0.150713 0.075387 -0.796616
    9 1.539097 0.000000 0.000000 0.000000 0.000000 -0.233304
    10 1.196325 -0.000002 -0.000001 0.000000 0.000000 -0.416309
    11 3.883698 -0.046765 0.431443 0.086202 0.020595 -0.573420
    12 1.719570 -0.000004 -0.000001 0.000072 0.005516 -0.351974
    13 1.209169 -0.000004 0.000000 0.000036 0.003084 -0.201894
    14 3.859863 -0.137946 1.332466 0.353845 -0.047769 -0.518105
    15 1.719431 0.000002 0.000000 0.000048 0.004074 -0.348509
    16 1.099667 0.000000 -0.000001 0.000036 0.002596 -0.229818
    17 0.806053 -0.348926 1.321258 -1.230210 -0.691117 -0.771363
    18 1.789778 -0.000002 0.000002 0.000983 -0.003644 0.218990
    19 1.207005 0.000000 0.000002 0.000503 0.000024 0.390034
    20 0.192017 -5.855469 -4.773438 -1.668474 1.286518 2.942953
    21 6.028145 0.000000 0.000000 1.221958 0.403514 -1.200346
    22 11.692554 0.000001 0.000002 0.000000 0.000000 -1.971983
    23 11.481699 0.000001 0.000001 -1.223353 0.308754 0.573600
    24 3.859680 -0.132567 1.193109 0.566835 -0.060499 -1.408425
    25 1.312555 -0.000002 0.000002 0.072278 -0.157178 -0.656760
    26 0.729365 0.000000 -0.000001 -0.023337 -0.412078 -1.179798
    27 3.942307 0.050327 0.431044 0.084249 -0.015145 -1.280306
    28 1.539099 -0.000002 0.000000 0.028455 -0.017392 -0.998558
    29 1.196321 0.000010 0.000000 -0.000519 0.009342 -1.131088
    30 3.883659 -0.050321 -0.431042 -0.047599 -0.027561 -1.047376
    31 1.719578 0.000002 0.000000 0.011340 0.002103 -1.500357
    32 1.209185 0.000002 0.000000 0.001786 -0.003742 -0.451851
    33 3.859840 -0.148937 -1.331282 -0.296378 0.195348 -0.060071
    34 1.719421 0.000002 0.000000 0.000954 -0.015214 -0.727850
    35 1.099669 0.000002 -0.000001 0.001685 0.001741 -0.527276
    36 0.950558 -1.145017 -1.396461 0.947561 0.327017 -0.590589
    37 1.789782 0.000000 -0.000004 -0.001594 -0.055465 0.278305
    38 1.206999 0.000002 0.000000 0.004926 -0.004399 0.876645
    39 -5.611983 -11.402628 0.689278 1.175758 -0.138464 0.023965
    40 0.025545 -1.273521 1.753304 0.000000 0.000000 0.000000
    41 0.001032 1.440453 -1.526783 0.000000 0.000000 0.000000
    42 0.004413 0.696487 -1.430595 0.000000 0.000000 0.000000
    43 0.580660 0.349014 -1.430595 0.000000 0.000000 0.000000
    44 0.583444 -0.305904 -1.430599 0.000000 0.000000 0.000000
    45 0.005318 -0.648720 -1.430599 0.000000 0.000000 0.000000
    46 -0.574618 -0.303123 -1.430601 0.000000 0.000000 0.000000
    47 -0.573714 0.348118 -1.430595 0.000000 0.000000 0.000000
    48 -0.029968 -0.059296 1.773438 -1.561870 -0.003783 0.018306
    49 0.041163 0.095589 -2.899426 0.000001 0.000000 0.000000
    50 0.081115 -2.496311 -0.915165 0.000000 0.000000 0.000000
    51 4.863281 2.800781 -18.203125 1.570792 0.000003 -0.000003
  time 16
    0 0.000000 -0.000006 0.000000 -1.570781 -1.391896 -1.570809
    1 -0.068278 -3.132172 4.726808 1.596637 -1.286515 2.942961
    2 6.028141 0.000000 0.000000 -0.538691 -0.233645 -1.326483
    3 11.692554 0.000001 0.000000 -0.000048 0.000036 -1.817058
    4 11.481670 0.000001 -0.000031 2.841413 0.201261 -0.477358
    5 3.859711 -0.142405 -1.191975 -0.465532 0.159874 -0.863461
    6 1.312555 -0.000002 0.000000 0.000000 0.000000 -0.432749
    7 0.729363 -0.000002 -0.000002 0.000000 0.000000 -0.225791
    8 3.942337 0.046767 -0.431443 -0.150414 0.075986 -0.792637
    9 1.539097 0.000000 0.000000 0.000000 0.000000 -0.229277
    10 1.196325 -0.000002 -0.000001 0.000000 0.000000 -0.412279
    11 3.883698 -0.046765 0.431443 0.086286 0.020255 -0.569394
    12 1.719570 -0.000004 -0.000001 0.000096 0.005516 -0.347967
    13 1.209169 -0.000004 0.000000 0.000048 0.003084 -0.197873
    14 3.859863 -0.137946 1.332466 0.353666 -0.049166 -0.514354
    15 1.719431 0.000002 0.000000 0.000060 0.004074 -0.344481
    16 1.099667 0.000000 -0.000001 0.000048 0.002596 -0.225809
    17 0.806053 -0.348926 1.321258 -1.232729 -0.693109 -0.765866
    18 1.789778 -0.000002 0.000002 0.001270 -0.004662 0.216344
    19 1.207005 0.000000 0.000002 0.000647 0.000036 0.391957
    20 0.192017 -5.855469 -4.773438 -1.668474 1.286518 2.942953
    21 6.028145 0.000000 0.000000 1.208258 0.411340 -1.207967
    22 11.692554 0.000001 0.000002 0.000000 0.000000 -1.960088
    23 11.481699 0.000001 0.000001 -1.191515 0.319745 0.575734
    24 3.859680 -0.132567 1.193109 0.566835 -0.060499 -1.408425
    25 1.312555 -0.000002 0.000002 0.072278 -0.157178 -0.656760
    26 0.729365 0.000000 -0.000001 -0.023337 -0.412078 -1.179798
    27 3.942307 0.050327 0.431044 0.084249 -0.015145 -1.280306
    28 1.539099 -0.000002 0.000000 0.028455 -0.017392 -0.998558
    29 1.196321 0.000010 0.000000 -0.000519 0.009342 -1.131088
    30 3.883659 -0.050321 -0.431042 -0.047599 -0.027561 -1.047376
    31 1.719578 0.000002 0.000000 0.011340 0.002103 -1.500357
    32 1.209185 0.000002 0.000000 0.001786 -0.003742 -0.451851
    33 3.859840 -0.148937 -1.331282 -0.296378 0.195348 -0.060071
    34 1.719421 0.000002 0.000000 0.000954 -0.015214 -0.727850
    35 1.099669 0.000002 -0.000001 0.001685 0.001741 -0.527276
    36 0.950558 -1.145017 -1.396461 0.948825 0.332509 -0.585641
    37 1.789782 0.000000 -0.000004 -0.000887 -0.051582 0.248261
    38 1.206999 0.000002 0.000000 0.004422 -0.004387 0.857286
    39 -5.565107 -11.496380 0.673653 1.182362 -0.170019 0.027616
    40 0.025545 -1.273521 1.753304 0.000000 0.000000 0.000000
    41 0.001032 1.440453 -1.526783 0.000000 0.000000 0.000000
    42 0.004413 0.696487 -1.430595 0.000000 0.000000 0.000000
    43 0.580660 0.349014 -1.430595 0.000000 0.000000 0.000000
    44 0.583444 -0.305904 -1.430599 0.000000 0.000000 0.000000
    45 0.005318 -0.648720 -1.430599 0.000000 0.000000 0.000000
    46 -0.574618 -0.303123 -1.430601 0.000000 0.000000 0.000000
    47 -0.573714 0.348118 -1.430595 0.000000 0.000000 0.000000
    48 -0.029968 -0.059296 1.773438 -1.561870 -0.003783 0.018306
    49 0.041163 0.095589 -2.899426 0.000001 0.000000 0.000000
    50 0.081115 -2.496311 -0.915165 0.000000 0.000000 0.000000
    51 4.863281 2.800781 -18.203125 1.570792 0.000003 -0.000003
  time 17
    0 0.000000 -0.000006 0.000000 -1.570781 -1.391896 -1.570809
    1 -0.037027 -3.163423 4.699463 1.596637 -1.286515 2.942961
    2 6.028141 0.000000 0.000000 -0.576321 -0.205298 -1.270088
    3 11.692554 0.000001 0.000000 -0.000060 0.000036 -1.844893
    4 11.481670 0.000001 -0.000031 2.825002 0.213086 -0.497903
    5 3.859711 -0.142405 -1.191975 -0.464897 0.161852 -0.859476
    6 1.312555 -0.000002 0.000000 0.000000 0.000000 -0.430875
    7 0.729363 -0.000002 -0.000002 0.000000 0.000000 -0.221404
    8 3.942337 0.046767 -0.431443 -0.150078 0.076646 -0.788278
    9 1.539097 0.000000 0.000000 0.000000 0.000000 -0.224853
    10 1.196325 -0.000002 -0.000001 0.000000 0.000000 -0.407896
    11 3.883698 -0.046765 0.431443 0.086369 0.019872 -0.565021
    12 1.719570 -0.000004 -0.000001 0.000120 0.005516 -0.343578
    13 1.209169 -0.000004 0.000000 0.000060 0.003084 -0.193465
    14 3.859863 -0.137946 1.332466 0.353464 -0.050684 -0.510216
    15 1.719431 0.000002 0.000000 0.000084 0.004074 -0.340079
    16 1.099667 0.000000 -0.000001 0.000060 0.002596 -0.221410
    17 0.806053 -0.348926 1.321258 -1.235517 -0.695147 -0.759800
    18 1.789778 -0.000002 0.000002 0.001594 -0.005765 0.213451
    19 1.207005 0.000000 0.000002 0.000803 0.000048 0.393531
    20 0.192017 -5.855469 -4.773438 -1.668474 1.286518 2.942953
    21 6.028145 0.000000 0.000000 1.196570 0.418737 -1.214740
    22 11.692554 0.000001 0.000002 0.000000 0.000000 -1.948635
    23 11.481699 0.000001 0.000001 -1.162047 0.325779 0.582813
    24 3.859680 -0.132567 1.193109 0.566835 -0.060499 -1.408425
    25 1.312555 -0.000002 0.000002 0.072278 -0.157178 -0.656760
    26 0.729365 0.000000 -0.000001 -0.023337 -0.412078 -1.179798
    27 3.942307 0.050327 0.431044 0.084249 -0.015145 -1.280306
    28 1.539099 -0.000002 0.000000 0.028455 -0.017392 -0.998558
    29 1.196321 0.000010 0.000000 -0.000519 0.009342 -1.131088
    30 3.883659 -0.050321 -0.431042 -0.047599 -0.027561 -1.047376
    31 1.719578 0.000002 0.000000 0.011340 0.002103 -1.500357
    32 1.209185 0.000002 0.000000 0.001786 -0.003742 -0.451851
    33 3.859840 -0.148937 -1.331282 -0.296378 0.195348 -0.060071
    34 1.719421 0.000002 0.000000 0.000954 -0.015214 -0.727850
    35 1.099669 0.000002 -0.000001 0.001685 0.001741 -0.527276
    36 0.950558 -1.145017 -1.396461 0.950456 0.339388 -0.579398
    37 1.789782 0.000000 -0.000004 -0.000156 -0.046656 0.210591
    38 1.206999 0.000002 0.000000 0.003775 -0.004399 0.833012
    39 -5.510417 -11.617478 0.622870 1.193657 -0.196702 0.031528
    40 0.025545 -1.273521 1.753304 0.000000 0.000000 0.000000
    41 0.001032 1.440453 -1.526783 0.000000 0.000000 0.000000
    42 0.004413 0.696487 -1.430595 0.000000 0.000000 0.000000
    43 0.580660 0.349014 -1.430595 0.000000 0.000000 0.000000
    44 0.583444 -0.305904 -1.430599 0.000000 0.000000 0.000000
    45 0.005318 -0.648720 -1.430599 0.000000 0.000000 0.000000
    46 -0.574618 -0.303123 -1.430601 0.000000 0.000000 0.000000
    47 -0.573714 0.348118 -1.430595 0.000000 0.000000 0.000000
    48 -0.029968 -0.059296 1.773438 -1.561870 -0.003783 0.018306
    49 0.041163 0.095589 -2.899426 0.000001 0.000000 0.000000
    50 0.081115 -2.496311 -0.915165 0.000000 0.000000 0.000000
    51 4.863281 2.800781 -18.203125 1.570792 0.000003 -0.000003
  time 18
    0 0.000000 -0.000006 0.000000 -1.570781 -1.391896 -1.570809
    1 -0.005776 -3.194674 4.668212 1.596637 -1.286515 2.942961
    2 6.028141 0.000000 0.000000 -0.606524 -0.178283 -1.226817
    3 11.692554 0.000001 0.000000 -0.000060 0.000036 -1.868133
    4 11.481670 0.000001 -0.000031 2.812279 0.212989 -0.514025
    5 3.859711 -0.142405 -1.191975 -0.464202 0.163961 -0.855185
    6 1.312555 -0.000002 0.000000 0.000000 0.000000 -0.428789
    7 0.729363 -0.000002 -0.000002 0.000000 0.000000 -0.216674
    8 3.942337 0.046767 -0.431443 -0.149719 0.077353 -0.783590
    9 1.539097 0.000000 0.000000 0.000000 0.000000 -0.220145
    10 1.196325 -0.000002 -0.000001 0.000000 0.000000 -0.403159
    11 3.883698 -0.046765 0.431443 0.086465 0.019460 -0.560321
    12 1.719570 -0.000004 -0.000001 0.000144 0.005516 -0.338839
    13 1.209169 -0.000004 0.000000 0.000084 0.003084 -0.188729
    14 3.859863 -0.137946 1.332466 0.353218 -0.052323 -0.505768
    15 1.719431 0.000002 0.000000 0.000108 0.004074 -0.335360
    16 1.099667 0.000000 -0.000001 0.000072 0.002596 -0.216682
    17 0.806053 -0.348926 1.321258 -1.238575 -0.697231 -0.753213
    18 1.789778 -0.000002 0.000002 0.001942 -0.006951 0.210344
    19 1.207005 0.000000 0.000002 0.000971 0.000060 0.394780
    20 0.192017 -5.855469 -4.773438 -1.668474 1.286518 2.942953
    21 6.028145 0.000000 0.000000 1.187755 0.425561 -1.220573
    22 11.692554 0.000001 0.000002 0.000000 0.000000 -1.937995
    23 11.481699 0.000001 0.000001 -1.136419 0.326426 0.594354
    24 3.859680 -0.132567 1.193109 0.566835 -0.060499 -1.408425
    25 1.312555 -0.000002 0.000002 0.072278 -0.157178 -0.656760
    26 0.729365 0.000000 -0.000001 -0.023337 -0.412078 -1.179798
    27 3.942307 0.050327 0.431044 0.084249 -0.015145 -1.280306
    28 1.539099 -0.000002 0.000000 0.028455 -0.017392 -0.998558
    29 1.196321 0.000010 0.000000 -0.000519 0.009342 -1.131088
    30 3.883659 -0.050321 -0.431042 -0.047599 -0.027561 -1.047376
    31 1.719578 0.000002 0.000000 0.011340 0.002103 -1.500357
    32 1.209185 0.000002 0.000000 0.001786 -0.003742 -0.451851
    33 3.859840 -0.148937 -1.331282 -0.296378 0.195348 -0.060071
    34 1.719421 0.000002 0.000000 0.000954 -0.015214 -0.727850
    35 1.099669 0.000002 -0.000001 0.001685 0.001741 -0.527276
    36 0.950558 -1.145017 -1.396461 0.952362 0.347185 -0.572292
    37 1.789782 0.000000 -0.000004 0.000432 -0.041047 0.167752
    38 1.206999 0.000002 0.000000 0.003056 -0.004423 0.805432
    39 -5.447915 -11.758107 0.544743 1.209354 -0.217213 0.035440
    40 0.025545 -1.273521 1.753304 0.000000 0.000000 0.000000
    41 0.001032 1.440453 -1.526783 0.000000 0.000000 0.000000
    42 0.004413 0.696487 -1.430595 0.000000 0.000000 0.000000
    43 0.580660 0.349014 -1.430595 0.000000 0.000000 0.000000
    44 0.583444 -0.305904 -1.430599 0.000000 0.000000 0.000000
    45 0.005318 -0.648720 -1.430599 0.000000 0.000000 0.000000
    46 -0.574618 -0.303123 -1.430601 0.000000 0.000000 0.000000
    47 -0.573714 0.348118 -1.430595 0.000000 0.000000 0.000000
    48 -0.029968 -0.059296 1.773438 -1.561870 -0.003783 0.018306
    49 0.041163 0.095589 -2.899426 0.000001 0.000000 0.000000
    50 0.081115 -2.496311 -0.915165 0.000000 0.000000 0.000000
    51 4.863281 2.800781 -18.203125 1.570792 0.000003 -0.000003
  time 19
    0 0.000000 -0.000006 0.000000 -1.570781 -1.391896 -1.570809
    1 0.025475 -3.229831 4.636961 1.596637 -1.286515 2.942961
    2 6.028141 0.000000 0.000000 -0.626825 -0.155679 -1.199286
    3 11.692554 0.000001 0.000000 -0.000060 0.000036 -1.885464
    4 11.481670 0.000001 -0.000031 2.805180 0.198220 -0.524655
    5 3.859711 -0.142405 -1.191975 -0.463459 0.166214 -0.850648
    6 1.312555 -0.000002 0.000000 0.000000 0.000000 -0.426465
    7 0.729363 -0.000002 -0.000002 0.000000 0.000000 -0.211636
    8 3.942337 0.046767 -0.431443 -0.149335 0.078096 -0.778598
    9 1.539097 0.000000 0.000000 0.000000 0.000000 -0.215096
    10 1.196325 -0.000002 -0.000001 0.000000 0.000000 -0.398139
    11 3.883698 -0.046765 0.431443 0.086561 0.019020 -0.555317
    12 1.719570 -0.000004 -0.000001 0.000180 0.005516 -0.333813
    13 1.209169 -0.000004 0.000000 0.000096 0.003084 -0.183725
    14 3.859863 -0.137946 1.332466 0.352972 -0.054065 -0.501050
    15 1.719431 0.000002 0.000000 0.000120 0.004074 -0.330326
    16 1.099667 0.000000 -0.000001 0.000084 0.002596 -0.211655
    17 0.806053 -0.348926 1.321258 -1.241876 -0.699331 -0.746156
    18 1.789778 -0.000002 0.000002 0.002325 -0.008210 0.207040
    19 1.207005 0.000000 0.000002 0.001150 0.000072 0.395729
    20 0.192017 -5.855469 -4.773438 -1.668474 1.286518 2.942953
    21 6.028145 0.000000 0.000000 1.182007 0.431812 -1.225089
    22 11.692554 0.000001 0.000002 0.000000 0.000000 -1.928390
    23 11.481699 0.000001 0.000001 -1.115983 0.321555 0.610113
    24 3.859680 -0.132567 1.193109 0.566835 -0.060499 -1.408425
    25 1.312555 -0.000002 0.000002 0.072278 -0.157178 -0.656760
    26 0.729365 0.000000 -0.000001 -0.023337 -0.412078 -1.179798
    27 3.942307 0.050327 0.431044 0.084249 -0.015145 -1.280306
    28 1.539099 -0.000002 0.000000 0.028455 -0.017392 -0.998558
    29 1.196321 0.000010 0.000000 -0.000519 0.009342 -1.131088
    30 3.883659 -0.050321 -0.431042 -0.047599 -0.027561 -1.047376
    31 1.719578 0.000002 0.000000 0.011340 0.002103 -1.500357
    32 1.209185 0.000002 0.000000 0.001786 -0.003742 -0.451851
    33 3.859840 -0.148937 -1.331282 -0.296378 0.195348 -0.060071
    34 1.719421 0.000002 0.000000 0.000954 -0.015214 -0.727850
    35 1.099669 0.000002 -0.000001 0.001685 0.001741 -0.527276
    36 0.950558 -1.145017 -1.396461 0.954452 0.355432 -0.564726
    37 1.789782 0.000000 -0.000004 0.000803 -0.035067 0.122314
    38 1.206999 0.000002 0.000000 0.002277 -0.004459 0.776186
    39 -5.377601 -11.914362 0.439271 1.229167 -0.230439 0.039004
    40 0.025545 -1.273521 1.753304 0.000000 0.000000 0.000000
    41 0.001032 1.440453 -1.526783 0.000000 0.000000 0.000000
    42 0.004413 0.696487 -1.430595 0.000000 0.000000 0.000000
    43 0.580660 0.349014 -1.430595 0.000000 0.000000 0.000000
    44 0.583444 -0.305904 -1.430599 0.000000 0.000000 0.000000
    45 0.005318 -0.648720 -1.430599 0.000000 0.000000 0.000000
    46 -0.574618 -0.303123 -1.430601 0.000000 0.000000 0.000000
    47 -0.573714 0.348118 -1.430595 0.000000 0.000000 0.000000
    48 -0.029968 -0.059296 1.773438 -1.561870 -0.003783 0.018306
    49 0.041163 0.095589 -2.899426 0.000001 0.000000 0.000000
    50 0.081115 -2.496311 -0.915165 0.000000 0.000000 0.000000
    51 4.863281 2.800781 -18.203125 1.570792 0.000003 -0.000003
  time 20
    0 0.000000 -0.000006 0.000000 -1.570781 -1.391896 -1.570809
    1 0.060633 -3.264988 4.605710 1.596637 -1.286515 2.942961
    2 6.028141 0.000000 0.000000 -0.635509 -0.140288 -1.189681
    3 11.692554 0.000001 0.000000 -0.000060 0.000036 -1.896362
    4 11.481670 0.000001 -0.000031 2.805457 0.166125 -0.529220
    5 3.859711 -0.142405 -1.191975 -0.462656 0.168563 -0.845866
    6 1.312555 -0.000002 0.000000 0.000000 0.000000 -0.423928
    7 0.729363 -0.000002 -0.000002 0.000000 0.000000 -0.206358
    8 3.942337 0.046767 -0.431443 -0.148928 0.078887 -0.773377
    9 1.539097 0.000000 0.000000 0.000000 0.000000 -0.209821
    10 1.196325 -0.000002 -0.000001 0.000000 0.000000 -0.392861
    11 3.883698 -0.046765 0.431443 0.086657 0.018566 -0.550052
    12 1.719570 -0.000004 -0.000001 0.000204 0.005516 -0.328534
    13 1.209169 -0.000004 0.000000 0.000108 0.003084 -0.178423
    14 3.859863 -0.137946 1.332466 0.352703 -0.055893 -0.496100
    15 1.719431 0.000002 0.000000 0.000144 0.004074 -0.325061
    16 1.099667 0.000000 -0.000001 0.000096 0.002596 -0.206359
    17 0.806053 -0.348926 1.321258 -1.245398 -0.701447 -0.738704
    18 1.789778 -0.000002 0.000002 0.002745 -0.009528 0.203572
    19 1.207005 0.000000 0.000002 0.001330 0.000084 0.396428
    20 0.192017 -5.855469 -4.773438 -1.668474 1.286518 2.942953
    21 6.028145 0.000000 0.000000 1.179612 0.437491 -1.228194
    22 11.692554 0.000001 0.000002 0.000000 0.000000 -1.919893
    23 11.481699 0.000001 0.000001 -1.102379 0.311383 0.630139
    24 3.859680 -0.132567 1.193109 0.566835 -0.060499 -1.408425
    25 1.312555 -0.000002 0.000002 0.072278 -0.157178 -0.656760
    26 0.729365 0.000000 -0.000001 -0.023337 -0.412078 -1.179798
    27 3.942307 0.050327 0.431044 0.084249 -0.015145 -1.280306
    28 1.539099 -0.000002 0.000000 0.028455 -0.017392 -0.998558
    29 1.196321 0.000010 0.000000 -0.000519 0.009342 -1.131088
    30 3.883659 -0.050321 -0.431042 -0.047599 -0.027561 -1.047376
    31 1.719578 0.000002 0.000000 0.011340 0.002103 -1.500357
    32 1.209185 0.000002 0.000000 0.001786 -0.003742 -0.451851
    33 3.859840 -0.148937 -1.331282 -0.296378 0.195348 -0.060071
    34 1.719421 0.000002 0.000000 0.000954 -0.015214 -0.727850
    35 1.099669 0.000002 -0.000001 0.001685 0.001741 -0.527276
    36 0.950558 -1.145017 -1.396461 0.956635 0.363662 -0.557102
    37 1.789782 0.000000 -0.000004 0.000911 -0.029075 0.076905
    38 1.206999 0.000002 0.000000 0.001510 -0.004530 0.746939
    39 -5.299473 -12.090149 0.306454 1.252808 -0.235079 0.041786
    40 0.025545 -1.273521 1.753304 0.000000 0.000000 0.000000
    41 0.001032 1.440453 -1.526783 0.000000 0.000000 0.000000
    42 0.004413 0.696487 -1.430595 0.000000 0.000000 0.000000
    43 0.580660 0.349014 -1.430595 0.000000 0.000000 0.000000
    44 0.583444 -0.305904 -1.430599 0.000000 0.000000 0.000000
    45 0.005318 -0.648720 -1.430599 0.000000 0.000000 0.000000
    46 -0.574618 -0.303123 -1.430601 0.000000 0.000000 0.000000
    47 -0.573714 0.348118 -1.430595 0.000000 0.000000 0.000000
    48 -0.029968 -0.059296 1.773438 -1.561870 -0.003783 0.018306
    49 0.041163 0.095589 -2.899426 0.000001 0.000000 0.000000
    50 0.081115 -2.496311 -0.915165 0.000000 0.000000 0.000000
    51 4.863281 2.800781 -18.203125 1.570792 0.000003 -0.000003
  time 21
    0 0.000000 -0.000006 0.000000 -1.570781 -1.391896 -1.570809
    1 0.095790 -3.300146 4.574459 1.596637 -1.286515 2.942961
    2 6.028141 0.000000 0.000000 -0.644345 -0.136245 -1.194578
    3 11.692554 0.000001 0.000000 -0.000060 0.000036 -1.900826
    4 11.481670 0.000001 -0.000031 2.808591 0.113132 -0.523585
    5 3.859711 -0.142405 -1.191975 -0.461817 0.171020 -0.840870
    6 1.312555 -0.000002 0.000000 0.000000 0.000000 -0.421154
    7 0.729363 -0.000002 -0.000002 0.000000 0.000000 -0.200874
    8 3.942337 0.046767 -0.431443 -0.148496 0.079690 -0.767929
    9 1.539097 0.000000 0.000000 0.000000 0.000000 -0.204319
    10 1.196325 -0.000002 -0.000001 0.000000 0.000000 -0.387370
    11 3.883698 -0.046765 0.431443 0.086765 0.018098 -0.544591
    12 1.719570 -0.000004 -0.000001 0.000240 0.005516 -0.323063
    13 1.209169 -0.000004 0.000000 0.000132 0.003084 -0.172943
    14 3.859863 -0.137946 1.332466 0.352412 -0.057773 -0.490918
    15 1.719431 0.000002 0.000000 0.000168 0.004074 -0.319565
    16 1.099667 0.000000 -0.000001 0.000108 0.002596 -0.200883
    17 0.806053 -0.348926 1.321258 -1.249092 -0.703577 -0.730879
    18 1.789778 -0.000002 0.000002 0.003188 -0.010894 0.199956
    19 1.207005 0.000000 0.000002 0.001534 0.000108 0.396928
    20 0.192017 -5.855469 -4.773438 -1.668474 1.286518 2.942953
    21 6.028145 0.000000 0.000000 1.179899 0.443026 -1.230170
    22 11.692554 0.000001 0.000002 0.000000 0.000000 -1.912209
    23 11.481699 0.000001 0.000001 -1.094927 0.297504 0.654335
    24 3.859680 -0.132567 1.193109 0.566835 -0.060499 -1.408425
    25 1.312555 -0.000002 0.000002 0.072278 -0.157178 -0.656760
    26 0.729365 0.000000 -0.000001 -0.023337 -0.412078 -1.179798
    27 3.942307 0.050327 0.431044 0.084249 -0.015145 -1.280306
    28 1.539099 -0.000002 0.000000 0.028455 -0.017392 -0.998558
    29 1.196321 0.000010 0.000000 -0.000519 0.009342 -1.131088
    30 3.883659 -0.050321 -0.431042 -0.047599 -0.027561 -1.047376
    31 1.719578 0.000002 0.000000 0.011340 0.002103 -1.500357
    32 1.209185 0.000002 0.000000 0.001786 -0.003742 -0.451851
    33 3.859840 -0.148937 -1.331282 -0.296378 0.195348 -0.060071
    34 1.719421 0.000002 0.000000 0.000954 -0.015214 -0.727850
    35 1.099669 0.000002 -0.000001 0.001685 0.001741 -0.527276
    36 0.950558 -1.145017 -1.396461 0.958748 0.371423 -0.549852
    37 1.789782 0.000000 -0.000004 0.000755 -0.023430 0.034095
    38 1.206999 0.000002 0.000000 0.000791 -0.004626 0.719360
    39 -5.217440 -12.281561 0.158012 1.280087 -0.232341 0.043612
    40 0.025545 -1.273521 1.753304 0.000000 0.000000 0.000000
    41 0.001032 1.440453 -1.526783 0.000000 0.000000 0.000000
    42 0.004413 0.696487 -1.430595 0.000000 0.000000 0.000000
    43 0.580660 0.349014 -1.430595 0.000000 0.000000 0.000000
    44 0.583444 -0.305904 -1.430599 0.000000 0.000000 0.000000
    45 0.005318 -0.648720 -1.430599 0.000000 0.000000 0.000000
    46 -0.574618 -0.303123 -1.430601 0.000000 0.000000 0.000000
    47 -0.573714 0.348118 -1.430595 0.000000 0.000000 0.000000
    48 -0.029968 -0.059296 1.773438 -1.561870 -0.003783 0.018306
    49 0.041163 0.095589 -2.899426 0.000001 0.000000 0.000000
    50 0.081115 -2.496311 -0.915165 0.000000 0.000000 0.000000
    51 4.863281 2.800781 -18.203125 1.570792 0.000003 -0.000003
  time 22
    0 0.000000 -0.000006 0.000000 -1.570781 -1.391896 -1.570809
    1 0.130947 -3.335303 4.543208 1.596637 -1.286515 2.942961
    2 6.028141 0.000000 0.000000 -0.663503 -0.143872 -1.207655
    3 11.692554 0.000001 0.000000 -0.000060 0.000036 -1.898856
    4 11.481670 0.000001 -0.000031 2.808591 0.040302 -0.505536
    5 3.859711 -0.142405 -1.191975 -0.460930 0.173537 -0.835721
    6 1.312555 -0.000002 0.000000 0.000000 0.000000 -0.418142
    7 0.729363 -0.000002 -0.000002 0.000000 0.000000 -0.195219
    8 3.942337 0.046767 -0.431443 -0.148041 0.080529 -0.762303
    9 1.539097 0.000000 0.000000 0.000000 0.000000 -0.198675
    10 1.196325 -0.000002 -0.000001 0.000000 0.000000 -0.381690
    11 3.883698 -0.046765 0.431443 0.086861 0.017601 -0.538934
    12 1.719570 -0.000004 -0.000001 0.000264 0.005516 -0.317370
    13 1.209169 -0.000004 0.000000 0.000144 0.003084 -0.167254
    14 3.859863 -0.137946 1.332466 0.352099 -0.059739 -0.485620
    15 1.719431 0.000002 0.000000 0.000192 0.004074 -0.313898
    16 1.099667 0.000000 -0.000001 0.000120 0.002596 -0.195197
    17 0.806053 -0.348926 1.321258 -1.252931 -0.705708 -0.722783
    18 1.789778 -0.000002 0.000002 0.003655 -0.012308 0.196225
    19 1.207005 0.000000 0.000002 0.001726 0.000120 0.397227
    20 0.192017 -5.855469 -4.773438 -1.668474 1.286518 2.942953
    21 6.028145 0.000000 0.000000 1.181528 0.448800 -1.231675
    22 11.692554 0.000001 0.000002 0.000000 0.000000 -1.904894
    23 11.481699 0.000001 0.000001 -1.091427 0.282074 0.682362
    24 3.859680 -0.132567 1.193109 0.566835 -0.060499 -1.408425
    25 1.312555 -0.000002 0.000002 0.072278 -0.157178 -0.656760
    26 0.729365 0.000000 -0.000001 -0.023337 -0.412078 -1.179798
    27 3.942307 0.050327 0.431044 0.084249 -0.015145 -1.280306
    28 1.539099 -0.000002 0.000000 0.028455 -0.017392 -0.998558
    29 1.196321 0.000010 0.000000 -0.000519 0.009342 -1.131088
    30 3.883659 -0.050321 -0.431042 -0.047599 -0.027561 -1.047376
    31 1.719578 0.000002 0.000000 0.011340 0.002103 -1.500357
    32 1.209185 0.000002 0.000000 0.001786 -0.003742 -0.451851
    33 3.859840 -0.148937 -1.331282 -0.296378 0.195348 -0.060071
    34 1.719421 0.000002 0.000000 0.000954 -0.015214 -0.727850
    35 1.099669 0.000002 -0.000001 0.001685 0.001741 -0.527276
    36 0.950558 -1.145017 -1.396461 0.960654 0.378247 -0.543465
    37 1.789782 0.000000 -0.000004 0.000420 -0.018468 -0.003575
    38 1.206999 0.000002 0.000000 0.000156 -0.004710 0.695085
    39 -5.131500 -12.484692 -0.013868 1.310524 -0.224777 0.044133
    40 0.025545 -1.273521 1.753304 0.000000 0.000000 0.000000
    41 0.001032 1.440453 -1.526783 0.000000 0.000000 0.000000
    42 0.004413 0.696487 -1.430595 0.000000 0.000000 0.000000
    43 0.580660 0.349014 -1.430595 0.000000 0.000000 0.000000
    44 0.583444 -0.305904 -1.430599 0.000000 0.000000 0.000000
    45 0.005318 -0.648720 -1.430599 0.000000 0.000000 0.000000
    46 -0.574618 -0.303123 -1.430601 0.000000 0.000000 0.000000
    47 -0.573714 0.348118 -1.430595 0.000000 0.000000 0.000000
    48 -0.029968 -0.059296 1.773438 -1.561870 -0.003783 0.018306
    49 0.041163 0.095589 -2.899426 0.000001 0.000000 0.000000
    50 0.081115 -2.496311 -0.915165 0.000000 0.000000 0.000000
    51 4.863281 2.800781 -18.203125 1.570792 0.000003 -0.000003
  time 23
    0 0.000000 -0.000006 0.000000 -1.570781 -1.391896 -1.570809
    1 0.170011 -3.374367 4.508051 1.596637 -1.286515 2.942961
    2 6.028141 0.000000 0.000000 -0.688983 -0.160641 -1.226817
    3 11.692554 0.000001 0.000000 -0.000060 0.000036 -1.889403
    4 11.481670 0.000001 -0.000031 2.802783 -0.047731 -0.477429
    5 3.859711 -0.142405 -1.191975 -0.460019 0.176113 -0.830449
    6 1.312555 -0.000002 0.000000 0.000000 0.000000 -0.414894
    7 0.729363 -0.000002 -0.000002 0.000000 0.000000 -0.189427
    8 3.942337 0.046767 -0.431443 -0.147585 0.081392 -0.756550
    9 1.539097 0.000000 0.000000 0.000000 0.000000 -0.192861
    10 1.196325 -0.000002 -0.000001 0.000000 0.000000 -0.375893
    11 3.883698 -0.046765 0.431443 0.086957 0.017105 -0.533168
    12 1.719570 -0.000004 -0.000001 0.000300 0.005516 -0.311582
    13 1.209169 -0.000004 0.000000 0.000168 0.003084 -0.161445
    14 3.859863 -0.137946 1.332466 0.351763 -0.061740 -0.480167
    15 1.719431 0.000002 0.000000 0.000216 0.004074 -0.308115
    16 1.099667 0.000000 -0.000001 0.000144 0.002596 -0.189392
    17 0.806053 -0.348926 1.321258 -1.256918 -0.707823 -0.714414
    18 1.789778 -0.000002 0.000002 0.004159 -0.013759 0.192412
    19 1.207005 0.000000 0.000002 0.001929 0.000132 0.397402
    20 0.192017 -5.855469 -4.773438 -1.668474 1.286518 2.942953
    21 6.028145 0.000000 0.000000 1.183540 0.455194 -1.233274
    22 11.692554 0.000001 0.000002 0.000000 0.000000 -1.897653
    23 11.481699 0.000001 0.000001 -1.091371 0.266816 0.714413
    24 3.859680 -0.132567 1.193109 0.566835 -0.060499 -1.408425
    25 1.312555 -0.000002 0.000002 0.072278 -0.157178 -0.656760
    26 0.729365 0.000000 -0.000001 -0.023337 -0.412078 -1.179798
    27 3.942307 0.050327 0.431044 0.084249 -0.015145 -1.280306
    28 1.539099 -0.000002 0.000000 0.028455 -0.017392 -0.998558
    29 1.196321 0.000010 0.000000 -0.000519 0.009342 -1.131088
    30 3.883659 -0.050321 -0.431042 -0.047599 -0.027561 -1.047376
    31 1.719578 0.000002 0.000000 0.011340 0.002103 -1.500357
    32 1.209185 0.000002 0.000000 0.001786 -0.003742 -0.451851
    33 3.859840 -0.148937 -1.331282 -0.296378 0.195348 -0.060071
    34 1.719421 0.000002 0.000000 0.000954 -0.015214 -0.727850
    35 1.099669 0.000002 -0.000001 0.001685 0.001741 -0.527276
    36 0.950558 -1.145017 -1.396461 0.962216 0.383668 -0.538315
    37 1.789782 0.000000 -0.000004 0.000024 -0.014538 -0.033562
    38 1.206999 0.000002 0.000000 -0.000336 -0.004794 0.675726
    39 -5.041653 -12.699542 -0.201374 1.343929 -0.213130 0.042829
    40 0.025545 -1.273521 1.753304 0.000000 0.000000 0.000000
    41 0.001032 1.440453 -1.526783 0.000000 0.000000 0.000000
    42 0.004413 0.696487 -1.430595 0.000000 0.000000 0.000000
    43 0.580660 0.349014 -1.430595 0.000000 0.000000 0.000000
    44 0.583444 -0.305904 -1.430599 0.000000 0.000000 0.000000
    45 0.005318 -0.648720 -1.430599 0.000000 0.000000 0.000000
    46 -0.574618 -0.303123 -1.430601 0.000000 0.000000 0.000000
    47 -0.573714 0.348118 -1.430595 0.000000 0.000000 0.000000
    48 -0.029968 -0.059296 1.773438 -1.561870 -0.003783 0.018306
    49 0.041163 0.095589 -2.899426 0.000001 0.000000 0.000000
    50 0.081115 -2.496311 -0.915165 0.000000 0.000000 0.000000
    51 4.863281 2.800781 -18.203125 1.570792 0.000003 -0.000003
  time 24
    0 0.000000 -0.000006 0.000000 -1.570781 -1.391896 -1.570809
    1 0.205168 -3.409524 4.472894 1.596637 -1.286515 2.942961
    2 6.028141 0.000000 0.000000 -0.715872 -0.183796 -1.250117
    3 11.692554 0.000001 0.000000 -0.000060 0.000036 -1.871941
    4 11.481670 0.000001 -0.000031 2.788677 -0.145803 -0.441332
    5 3.859711 -0.142405 -1.191975 -0.459073 0.178726 -0.825084
    6 1.312555 -0.000002 0.000000 0.000000 0.000000 -0.411432
    7 0.729363 -0.000002 -0.000002 0.000000 0.000000 -0.183497
    8 3.942337 0.046767 -0.431443 -0.147106 0.082254 -0.750696
    9 1.539097 0.000000 0.000000 0.000000 0.000000 -0.186934
    10 1.196325 -0.000002 -0.000001 0.000000 0.000000 -0.370002
    11 3.883698 -0.046765 0.431443 0.087065 0.016594 -0.527293
    12 1.719570 -0.000004 -0.000001 0.000336 0.005516 -0.305698
    13 1.209169 -0.000004 0.000000 0.000180 0.003084 -0.155548
    14 3.859863 -0.137946 1.332466 0.351428 -0.063758 -0.474598
    15 1.719431 0.000002 0.000000 0.000240 0.004074 -0.302217
    16 1.099667 0.000000 -0.000001 0.000156 0.002596 -0.183497
    17 0.806053 -0.348926 1.321258 -1.261003 -0.709923 -0.705896
    18 1.789778 -0.000002 0.000002 0.004674 -0.015221 0.188516
    19 1.207005 0.000000 0.000002 0.002145 0.000156 0.397502
    20 0.192017 -5.855469 -4.773438 -1.668474 1.286518 2.942953
    21 6.028145 0.000000 0.000000 1.185456 0.462448 -1.235156
    22 11.692554 0.000001 0.000002 0.000000 0.000000 -1.890190
    23 11.481699 0.000001 0.000001 -1.094250 0.252764 0.750296
    24 3.859680 -0.132567 1.193109 0.566835 -0.060499 -1.408425
    25 1.312555 -0.000002 0.000002 0.072278 -0.157178 -0.656760
    26 0.729365 0.000000 -0.000001 -0.023337 -0.412078 -1.179798
    27 3.942307 0.050327 0.431044 0.084249 -0.015145 -1.280306
    28 1.539099 -0.000002 0.000000 0.028455 -0.017392 -0.998558
    29 1.196321 0.000010 0.000000 -0.000519 0.009342 -1.131088
    30 3.883659 -0.050321 -0.431042 -0.047599 -0.027561 -1.047376
    31 1.719578 0.000002 0.000000 0.011340 0.002103 -1.500357
    32 1.209185 0.000002 0.000000 0.001786 -0.003742 -0.451851
    33 3.859840 -0.148937 -1.331282 -0.296378 0.195348 -0.060071
    34 1.719421 0.000002 0.000000 0.000954 -0.015214 -0.727850
    35 1.099669 0.000002 -0.000001 0.001685 0.001741 -0.527276
    36 0.950558 -1.145017 -1.396461 0.963273 0.387269 -0.534920
    37 1.789782 0.000000 -0.000004 -0.000299 -0.011937 -0.053354
    38 1.206999 0.000002 0.000000 -0.000671 -0.004866 0.662922
    39 -4.947900 -12.922205 -0.404505 1.379726 -0.198094 0.039526
    40 0.025545 -1.273521 1.753304 0.000000 0.000000 0.000000
    41 0.001032 1.440453 -1.526783 0.000000 0.000000 0.000000
    42 0.004413 0.696487 -1.430595 0.000000 0.000000 0.000000
    43 0.580660 0.349014 -1.430595 0.000000 0.000000 0.000000
    44 0.583444 -0.305904 -1.430599 0.000000 0.000000 0.000000
    45 0.005318 -0.648720 -1.430599 0.000000 0.000000 0.000000
    46 -0.574618 -0.303123 -1.430601 0.000000 0.000000 0.000000
    47 -0.573714 0.348118 -1.430595 0.000000 0.000000 0.000000
    48 -0.029968 -0.059296 1.773438 -1.561870 -0.003783 0.018306
    49 0.041163 0.095589 -2.899426 0.000001 0.000000 0.000000
    50 0.081115 -2.496311 -0.915165 0.000000 0.000000 0.000000
    51 4.863281 2.800781 -18.203125 1.570792 0.000003 -0.000003
  time 25
    0 0.000000 -0.000006 0.000000 -1.570781 -1.391896 -1.570809
    1 0.244232 -3.448588 4.441643 1.596637 -1.286515 2.942961
    2 6.028141 0.000000 0.000000 -0.738877 -0.210030 -1.276508
    3 11.692554 0.000001 0.000000 -0.000060 0.000036 -1.846600
    4 11.481670 0.000001 -0.000031 2.763785 -0.248556 -0.399600
    5 3.859711 -0.142405 -1.191975 -0.458102 0.181363 -0.819659
    6 1.312555 -0.000002 0.000000 0.000000 0.000000 -0.407733
    7 0.729363 -0.000002 -0.000002 0.000000 0.000000 -0.177568
    8 3.942337 0.046767 -0.431443 -0.146615 0.083117 -0.744766
    9 1.539097 0.000000 0.000000 0.000000 0.000000 -0.180978
    10 1.196325 -0.000002 -0.000001 0.000000 0.000000 -0.364039
    11 3.883698 -0.046765 0.431443 0.087160 0.016069 -0.521353
    12 1.719570 -0.000004 -0.000001 0.000360 0.005504 -0.299718
    13 1.209169 -0.000004 0.000000 0.000204 0.003084 -0.149591
    14 3.859863 -0.137946 1.332466 0.351047 -0.065811 -0.468990
    15 1.719431 0.000002 0.000000 0.000264 0.004074 -0.296261
    16 1.099667 0.000000 -0.000001 0.000168 0.002596 -0.177513
    17 0.806053 -0.348926 1.321258 -1.265185 -0.712007 -0.697254
    18 1.789778 -0.000002 0.000002 0.005213 -0.016707 0.184604
    19 1.207005 0.000000 0.000002 0.002349 0.000168 0.397502
    20 0.192017 -5.855469 -4.773438 -1.668474 1.286518 2.942953
    21 6.028145 0.000000 0.000000 1.187276 0.470656 -1.237414
    22 11.692554 0.000001 0.000002 0.000000 0.000000 -1.882358
    23 11.481699 0.000001 0.000001 -1.099669 0.239877 0.789184
    24 3.859680 -0.132567 1.193109 0.566835 -0.060499 -1.408425
    25 1.312555 -0.000002 0.000002 0.072278 -0.157178 -0.656760
    26 0.729365 0.000000 -0.000001 -0.023337 -0.412078 -1.179798
    27 3.942307 0.050327 0.431044 0.084249 -0.015145 -1.280306
    28 1.539099 -0.000002 0.000000 0.028455 -0.017392 -0.998558
    29 1.196321 0.000010 0.000000 -0.000519 0.009342 -1.131088
    30 3.883659 -0.050321 -0.431042 -0.047599 -0.027561 -1.047376
    31 1.719578 0.000002 0.000000 0.011340 0.002103 -1.500357
    32 1.209185 0.000002 0.000000 0.001786 -0.003730 -0.451851
    33 3.859840 -0.148937 -1.331282 -0.296378 0.195348 -0.060071
    34 1.719421 0.000002 0.000000 0.000954 -0.015214 -0.727850
    35 1.099669 0.000002 -0.000001 0.001685 0.001741 -0.527276
    36 0.950558 -1.145017 -1.396461 0.963663 0.388565 -0.533683
    37 1.789782 0.000000 -0.000004 -0.000419 -0.011002 -0.060522
    38 1.206999 0.000002 0.000000 -0.000791 -0.004890 0.658284
    39 -4.854147 -13.148775 -0.619355 1.417342 -0.180135 0.035005
    40 0.025545 -1.273521 1.753304 0.000000 0.000000 0.000000
    41 0.001032 1.440453 -1.526783 0.000000 0.000000 0.000000
    42 0.004413 0.696487 -1.430595 0.000000 0.000000 0.000000
    43 0.580660 0.349014 -1.430595 0.000000 0.000000 0.000000
    44 0.583444 -0.305904 -1.430599 0.000000 0.000000 0.000000
    45 0.005318 -0.648720 -1.430599 0.000000 0.000000 0.000000
    46 -0.574618 -0.303123 -1.430601 0.000000 0.000000 0.000000
    47 -0.573714 0.348118 -1.430595 0.000000 0.000000 0.000000
    48 -0.029968 -0.059296 1.773438 -1.561870 -0.003783 0.018306
    49 0.041163 0.095589 -2.899426 0.000001 0.000000 0.000000
    50 0.081115 -2.496311 -0.915165 0.000000 0.000000 0.000000
    51 4.863281 2.800781 -18.203125 1.570792 0.000003 -0.000003
  time 26
    0 0.000000 -0.000006 0.000000 -1.570781 -1.391896 -1.570809
    1 0.279389 -3.487651 4.406485 1.596637 -1.286515 2.942961
    2 6.028141 0.000000 0.000000 -0.753350 -0.235115 -1.304990
    3 11.692554 0.000001 0.000000 -0.000048 0.000036 -1.816336
    4 11.481670 0.000001 -0.000031 2.725063 -0.349621 -0.354585
    5 3.859711 -0.142405 -1.191975 -0.457107 0.184011 -0.814203
    6 1.312555 -0.000002 0.000000 0.000000 0.000000 -0.403796
    7 0.729363 -0.000002 -0.000002 0.000000 0.000000 -0.171570
    8 3.942337 0.046767 -0.431443 -0.146123 0.083992 -0.738836
    9 1.539097 0.000000 0.000000 0.000000 0.000000 -0.174994
    10 1.196325 -0.000002 -0.000001 0.000000 0.000000 -0.358054
    11 3.883698 -0.046765 0.431443 0.087256 0.015544 -0.515392
    12 1.719570 -0.000004 -0.000001 0.000396 0.005504 -0.293739
    13 1.209169 -0.000004 0.000000 0.000216 0.003084 -0.143604
    14 3.859863 -0.137946 1.332466 0.350689 -0.067863 -0.463383
    15 1.719431 0.000002 0.000000 0.000288 0.004074 -0.290277
    16 1.099667 0.000000 -0.000001 0.000192 0.002596 -0.171528
    17 0.806053 -0.348926 1.321258 -1.269392 -0.714076 -0.688564
    18 1.789778 -0.000002 0.000002 0.005765 -0.018193 0.180660
    19 1.207005 0.000000 0.000002 0.002565 0.000192 0.397527
    20 0.192017 -5.855469 -4.773438 -1.668474 1.286518 2.942953
    21 6.028145 0.000000 0.000000 1.189001 0.479961 -1.240142
    22 11.692554 0.000001 0.000002 0.000000 0.000000 -1.873787
    23 11.481699 0.000001 0.000001 -1.107234 0.228110 0.830303
    24 3.859680 -0.132567 1.193109 0.566835 -0.060499 -1.408425
    25 1.312555 -0.000002 0.000002 0.072278 -0.157178 -0.656760
    26 0.729365 0.000000 -0.000001 -0.023337 -0.412078 -1.179798
    27 3.942307 0.050327 0.431044 0.084249 -0.015145 -1.280306
    28 1.539099 -0.000002 0.000000 0.028455 -0.017392 -0.998558
    29 1.196321 0.000010 0.000000 -0.000519 0.009342 -1.131088
    30 3.883659 -0.050321 -0.431042 -0.047599 -0.027561 -1.047376
    31 1.719578 0.000002 0.000000 0.011340 0.002103 -1.500357
    32 1.209185 0.000002 0.000000 0.001786 -0.003742 -0.451851
    33 3.859840 -0.148937 -1.331282 -0.296378 0.195348 -0.060071
    34 1.719421 0.000002 0.000000 0.000954 -0.015214 -0.727850
    35 1.099669 0.000002 -0.000001 0.001685 0.001741 -0.527276
    36 0.950558 -1.145017 -1.396461 0.963548 0.388169 -0.534057
    37 1.789782 0.000000 -0.000004 -0.000383 -0.011290 -0.058323
    38 1.206999 0.000002 0.000000 -0.000755 -0.004878 0.659700
    39 -4.760394 -13.383157 -0.842018 1.456202 -0.159717 0.029963
    40 0.025545 -1.273521 1.753304 0.000000 0.000000 0.000000
    41 0.001032 1.440453 -1.526783 0.000000 0.000000 0.000000
    42 0.004413 0.696487 -1.430595 0.000000 0.000000 0.000000
    43 0.580660 0.349014 -1.430595 0.000000 0.000000 0.000000
    44 0.583444 -0.305904 -1.430599 0.000000 0.000000 0.000000
    45 0.005318 -0.648720 -1.430599 0.000000 0.000000 0.000000
    46 -0.574618 -0.303123 -1.430601 0.000000 0.000000 0.000000
    47 -0.573714 0.348118 -1.430595 0.000000 0.000000 0.000000
    48 -0.029968 -0.059296 1.773438 -1.561870 -0.003783 0.018306
    49 0.041163 0.095589 -2.899426 0.000001 0.000000 0.000000
    50 0.081115 -2.496311 -0.915165 0.000000 0.000000 0.000000
    51 4.863281 2.800781 -18.203125 1.570792 0.000003 -0.000003
  time 27
    0 0.000000 -0.000006 0.000000 -1.570781 -1.391896 -1.570809
    1 0.318453 -3.526715 4.371328 1.596637 -1.286515 2.942961
    2 6.028141 0.000000 0.000000 -0.755216 -0.254870 -1.335660
    3 11.692554 0.000001 0.000000 -0.000048 0.000036 -1.784431
    4 11.481670 0.000001 -0.000031 2.669838 -0.442963 -0.309357
    5 3.859711 -0.142405 -1.191975 -0.456100 0.186636 -0.808747
    6 1.312555 -0.000002 0.000000 0.000000 0.000000 -0.399623
    7 0.729363 -0.000002 -0.000002 0.000000 0.000000 -0.165607
    8 3.942337 0.046767 -0.431443 -0.145620 0.084855 -0.732932
    9 1.539097 0.000000 0.000000 0.000000 0.000000 -0.169038
    10 1.196325 -0.000002 -0.000001 0.000000 0.000000 -0.352091
    11 3.883698 -0.046765 0.431443 0.087340 0.015033 -0.509452
    12 1.719570 -0.000004 -0.000001 0.000431 0.005504 -0.287791
    13 1.209169 -0.000004 0.000000 0.000240 0.003084 -0.137647
    14 3.859863 -0.137946 1.332466 0.350286 -0.069916 -0.457775
    15 1.719431 0.000002 0.000000 0.000312 0.004074 -0.284322
    16 1.099667 0.000000 -0.000001 0.000204 0.002596 -0.165573
    17 0.806053 -0.348926 1.321258 -1.273623 -0.716099 -0.679873
    18 1.789778 -0.000002 0.000002 0.006340 -0.019667 0.176731
    19 1.207005 0.000000 0.000002 0.002780 0.000215 0.397527
    20 0.192017 -5.855469 -4.773438 -1.668474 1.286518 2.942953
    21 6.028145 0.000000 0.000000 1.190438 0.490364 -1.243247
    22 11.692554 0.000001 0.000002 0.000000 0.000000 -1.864256
    23 11.481699 0.000001 0.000001 -1.116830 0.217292 0.872683
    24 3.859680 -0.132567 1.193109 0.566835 -0.060499 -1.408425
    25 1.312555 -0.000002 0.000002 0.072278 -0.157178 -0.656760
    26 0.729365 0.000000 -0.000001 -0.023337 -0.412078 -1.179798
    27 3.942307 0.050327 0.431044 0.084249 -0.015145 -1.280306
    28 1.539099 -0.000002 0.000000 0.028455 -0.017392 -0.998558
    29 1.196321 0.000010 0.000000 -0.000519 0.009342 -1.131088
    30 3.883659 -0.050321 -0.431042 -0.047599 -0.027561 -1.047376
    31 1.719578 0.000002 0.000000 0.011340 0.002103 -1.500357
    32 1.209185 0.000002 0.000000 0.001786 -0.003742 -0.451851
    33 3.859840 -0.148937 -1.331282 -0.296378 0.195348 -0.060071
    34 1.719421 0.000002 0.000000 0.000954 -0.015214 -0.727850
    35 1.099669 0.000002 -0.000001 0.001685 0.001741 -0.527276
    36 0.950558 -1.145017 -1.396461 0.963204 0.387035 -0.535151
    37 1.789782 0.000000 -0.000004 -0.000275 -0.012117 -0.052040
    38 1.206999 0.000002 0.000000 -0.000647 -0.004854 0.663756
    39 -4.670548 -13.617539 -1.068588 1.495541 -0.137303 0.024834
    40 0.025545 -1.273521 1.753304 0.000000 0.000000 0.000000
    41 0.001032 1.440453 -1.526783 0.000000 0.000000 0.000000
    42 0.004413 0.696487 -1.430595 0.000000 0.000000 0.000000
    43 0.580660 0.349014 -1.430595 0.000000 0.000000 0.000000
    44 0.583444 -0.305904 -1.430599 0.000000 0.000000 0.000000
    45 0.005318 -0.648720 -1.430599 0.000000 0.000000 0.000000
    46 -0.574618 -0.303123 -1.430601 0.000000 0.000000 0.000000
    47 -0.573714 0.348118 -1.430595 0.000000 0.000000 0.000000
    48 -0.029968 -0.059296 1.773438 -1.561870 -0.003783 0.018306
    49 0.041163 0.095589 -2.899426 0.000001 0.000000 0.000000
    50 0.081115 -2.496311 -0.915165 0.000000 0.000000 0.000000
    51 4.863281 2.800781 -18.203125 1.570792 0.000003 -0.000003
  time 28
    0 0.000000 -0.000006 0.000000 -1.570781 -1.391896 -1.570809
    1 0.357517 -3.565779 4.336171 1.596637 -1.286515 2.942961
    2 6.028141 0.000000 0.000000 -0.750113 -0.270399 -1.366948
    3 11.692554 0.000001 0.000000 -0.000048 0.000036 -1.753773
    4 11.481670 0.000001 -0.000031 2.597558 -0.526845 -0.259635
    5 3.859711 -0.142405 -1.191975 -0.455094 0.189225 -0.803352
    6 1.312555 -0.000002 0.000000 0.000000 0.000000 -0.395236
    7 0.729363 -0.000002 -0.000002 0.000000 0.000000 -0.159711
    8 3.942337 0.046767 -0.431443 -0.145117 0.085718 -0.727078
    9 1.539097 0.000000 0.000000 0.000000 0.000000 -0.163110
    10 1.196325 -0.000002 -0.000001 0.000000 0.000000 -0.346200
    11 3.883698 -0.046765 0.431443 0.087424 0.014522 -0.503577
    12 1.719570 -0.000004 -0.000001 0.000467 0.005504 -0.281907
    13 1.209169 -0.000004 0.000000 0.000252 0.003084 -0.131719
    14 3.859863 -0.137946 1.332466 0.349906 -0.071934 -0.452206
    15 1.719431 0.000002 0.000000 0.000336 0.004074 -0.278424
    16 1.099667 0.000000 -0.000001 0.000216 0.002596 -0.159678
    17 0.806053 -0.348926 1.321258 -1.277830 -0.718106 -0.671231
    18 1.789778 -0.000002 0.000002 0.006927 -0.021117 0.172852
    19 1.207005 0.000000 0.000002 0.002984 0.000239 0.397627
    20 0.192017 -5.855469 -4.773438 -1.668474 1.286518 2.942953
    21 6.028145 0.000000 0.000000 1.191971 0.501673 -1.246634
    22 11.692554 0.000001 0.000002 0.000000 0.000000 -1.853690
    23 11.481699 0.000001 0.000001 -1.128346 0.207249 0.915256
    24 3.859680 -0.132567 1.193109 0.566835 -0.060499 -1.408425
    25 1.312555 -0.000002 0.000002 0.072278 -0.157178 -0.656760
    26 0.729365 0.000000 -0.000001 -0.023337 -0.412078 -1.179798
    27 3.942307 0.050327 0.431044 0.084249 -0.015145 -1.280306
    28 1.539099 -0.000002 0.000000 0.028455 -0.017392 -0.998558
    29 1.196321 0.000010 0.000000 -0.000519 0.009342 -1.131088
    30 3.883659 -0.050321 -0.431042 -0.047599 -0.027561 -1.047376
    31 1.719578 0.000002 0.000000 0.011340 0.002103 -1.500357
    32 1.209185 0.000002 0.000000 0.001786 -0.003742 -0.451851
    33 3.859840 -0.148937 -1.331282 -0.296378 0.195348 -0.060071
    34 1.719421 0.000002 0.000000 0.000954 -0.015214 -0.727850
    35 1.099669 0.000002 -0.000001 0.001685 0.001741 -0.527276
    36 0.950558 -1.145017 -1.396461 0.962676 0.385216 -0.536877
    37 1.789782 0.000000 -0.000004 -0.000096 -0.013411 -0.042073
    38 1.206999 0.000002 0.000000 -0.000479 -0.004830 0.670227
    39 -4.580701 -13.851921 -1.302970 1.534688 -0.113173 0.020400
    40 0.025545 -1.273521 1.753304 0.000000 0.000000 0.000000
    41 0.001032 1.440453 -1.526783 0.000000 0.000000 0.000000
    42 0.004413 0.696487 -1.430595 0.000000 0.000000 0.000000
    43 0.580660 0.349014 -1.430595 0.000000 0.000000 0.000000
    44 0.583444 -0.305904 -1.430599 0.000000 0.000000 0.000000
    45 0.005318 -0.648720 -1.430599 0.000000 0.000000 0.000000
    46 -0.574618 -0.303123 -1.430601 0.000000 0.000000 0.000000
    47 -0.573714 0.348118 -1.430595 0.000000 0.000000 0.000000
    48 -0.029968 -0.059296 1.773438 -1.561870 -0.003783 0.018306
    49 0.041163 0.095589 -2.899426 0.000001 0.000000 0.000000
    50 0.081115 -2.496311 -0.915165 0.000000 0.000000 0.000000
    51 4.863281 2.800781 -18.203125 1.570792 0.000003 -0.000003
  time 29
    0 0.000000 -0.000006 0.000000 -1.570781 -1.391896 -1.570809
    1 0.396580 -3.604842 4.297107 1.596637 -1.286515 2.942961
    2 6.028141 0.000000 0.000000 -0.746190 -0.285790 -1.397000
    3 11.692554 0.000001 0.000000 -0.000048 0.000036 -1.723772
    4 11.481670 0.000001 -0.000031 2.508406 -0.602522 -0.198070
    5 3.859711 -0.142405 -1.191975 -0.454087 0.191777 -0.798049
    6 1.312555 -0.000002 0.000000 0.000000 0.000000 -0.390589
    7 0.729363 -0.000002 -0.000002 0.000000 0.000000 -0.153919
    8 3.942337 0.046767 -0.431443 -0.144625 0.086557 -0.721325
    9 1.539097 0.000000 0.000000 0.000000 0.000000 -0.157325
    10 1.196325 -0.000002 -0.000001 0.000000 0.000000 -0.340379
    11 3.883698 -0.046765 0.431443 0.087508 0.014011 -0.497811
    12 1.719570 -0.000004 -0.000001 0.000491 0.005492 -0.276087
    13 1.209169 -0.000004 0.000000 0.000276 0.003084 -0.125911
    14 3.859863 -0.137946 1.332466 0.349503 -0.073917 -0.446753
    15 1.719431 0.000002 0.000000 0.000360 0.004074 -0.272612
    16 1.099667 0.000000 -0.000001 0.000228 0.002584 -0.153843
    17 0.806053 -0.348926 1.321258 -1.281987 -0.720067 -0.662738
    18 1.789778 -0.000002 0.000002 0.007538 -0.022555 0.169022
    19 1.207005 0.000000 0.000002 0.003188 0.000251 0.397802
    20 0.192017 -5.855469 -4.773438 -1.668474 1.286518 2.942953
    21 6.028145 0.000000 0.000000 1.193504 0.513937 -1.250303
    22 11.692554 0.000001 0.000002 0.000000 0.000000 -1.841499
    23 11.481699 0.000001 0.000001 -1.141838 0.197680 0.956472
    24 3.859680 -0.132567 1.193109 0.566835 -0.060499 -1.408425
    25 1.312555 -0.000002 0.000002 0.072278 -0.157178 -0.656760
    26 0.729365 0.000000 -0.000001 -0.023337 -0.412078 -1.179798
    27 3.942307 0.050327 0.431044 0.084249 -0.015145 -1.280306
    28 1.539099 -0.000002 0.000000 0.028455 -0.017392 -0.998558
    29 1.196321 0.000010 0.000000 -0.000519 0.009342 -1.131088
    30 3.883659 -0.050321 -0.431042 -0.047599 -0.027561 -1.047376
    31 1.719578 0.000002 0.000000 0.011340 0.002103 -1.500357
    32 1.209185 0.000002 0.000000 0.001786 -0.003742 -0.451851
    33 3.859840 -0.148937 -1.331282 -0.296378 0.195348 -0.060071
    34 1.719421 0.000002 0.000000 0.000954 -0.015214 -0.727850
    35 1.099669 0.000002 -0.000001 0.001685 0.001741 -0.527276
    36 0.950558 -1.145017 -1.396461 0.961964 0.382803 -0.539150
    37 1.789782 0.000000 -0.000004 0.000096 -0.015161 -0.028793
    38 1.206999 0.000002 0.000000 -0.000252 -0.004782 0.678809
    39 -4.494761 -14.086303 -1.537352 1.572783 -0.087789 0.017184
    40 0.025545 -1.273521 1.753304 0.000000 0.000000 0.000000
    41 0.001032 1.440453 -1.526783 0.000000 0.000000 0.000000
    42 0.004413 0.696487 -1.430595 0.000000 0.000000 0.000000
    43 0.580660 0.349014 -1.430595 0.000000 0.000000 0.000000
    44 0.583444 -0.305904 -1.430599 0.000000 0.000000 0.000000
    45 0.005318 -0.648720 -1.430599 0.000000 0.000000 0.000000
    46 -0.574618 -0.303123 -1.430601 0.000000 0.000000 0.000000
    47 -0.573714 0.348118 -1.430595 0.000000 0.000000 0.000000
    48 -0.029968 -0.059296 1.773438 -1.561870 -0.003783 0.018306
    49 0.041163 0.095589 -2.899426 0.000001 0.000000 0.000000
    50 0.081115 -2.496311 -0.915165 0.000000 0.000000 0.000000
    51 4.863281 2.800781 -18.203125 1.570792 0.000003 -0.000003
  time 30
    0 0.000000 -0.000006 0.000000 -1.570781 -1.391896 -1.570809
    1 0.435644 -3.643906 4.261950 1.596637 -1.286515 2.942961
    2 6.028141 0.000000 0.000000 -0.743219 -0.301043 -1.425911
    3 11.692554 0.000001 0.000000 -0.000048 0.000036 -1.693771
    4 11.481670 0.000001 -0.000031 2.402751 -0.668885 -0.125020
    5 3.859711 -0.142405 -1.191975 -0.453092 0.194258 -0.792869
    6 1.312555 -0.000002 0.000000 0.000000 0.000000 -0.385704
    7 0.729363 -0.000002 -0.000002 0.000000 0.000000 -0.148264
    8 3.942337 0.046767 -0.431443 -0.144134 0.087372 -0.715699
    9 1.539097 0.000000 0.000000 0.000000 0.000000 -0.151653
    10 1.196325 -0.000002 -0.000001 0.000000 0.000000 -0.334723
    11 3.883698 -0.046765 0.431443 0.087592 0.013515 -0.492154
    12 1.719570 -0.000004 -0.000001 0.000527 0.005492 -0.270425
    13 1.209169 -0.000004 0.000000 0.000288 0.003084 -0.120252
    14 3.859863 -0.137946 1.332466 0.349100 -0.075866 -0.441416
    15 1.719431 0.000002 0.000000 0.000384 0.004062 -0.266944
    16 1.099667 0.000000 -0.000001 0.000252 0.002584 -0.148188
    17 0.806053 -0.348926 1.321258 -1.286072 -0.721982 -0.654419
    18 1.789778 -0.000002 0.000002 0.008150 -0.023945 0.165275
    19 1.207005 0.000000 0.000002 0.003392 0.000275 0.398102
    20 0.192017 -5.855469 -4.773438 -1.668474 1.286518 2.942953
    21 6.028145 0.000000 0.000000 1.195516 0.526392 -1.253690
    22 11.692554 0.000001 0.000002 0.000000 0.000000 -1.828125
    23 11.481699 0.000001 0.000001 -1.157531 0.188327 0.994682
    24 3.859680 -0.132567 1.193109 0.566835 -0.060499 -1.408452
    25 1.312555 -0.000002 0.000002 0.072278 -0.157178 -0.656760
    26 0.729365 0.000000 -0.000001 -0.023337 -0.412078 -1.179798
    27 3.942307 0.050327 0.431044 0.084249 -0.015145 -1.280306
    28 1.539099 -0.000002 0.000000 0.028455 -0.017392 -0.998558
    29 1.196321 0.000010 0.000000 -0.000519 0.009342 -1.131088
    30 3.883659 -0.050321 -0.431042 -0.047599 -0.027561 -1.047376
    31 1.719578 0.000002 0.000000 0.011340 0.002103 -1.500357
    32 1.209185 0.000002 0.000000 0.001786 -0.003730 -0.451851
    33 3.859840 -0.148937 -1.331282 -0.296378 0.195348 -0.060071
    34 1.719421 0.000002 0.000000 0.000954 -0.015214 -0.727850
    35 1.099669 0.000002 -0.000001 0.001685 0.001741 -0.527276
    36 0.950558 -1.145017 -1.396461 0.961137 0.379886 -0.541911
    37 1.789782 0.000000 -0.000004 0.000312 -0.017282 -0.012628
    38 1.206999 0.000002 0.000000 0.000000 -0.004734 0.689252
    39 -4.412728 -14.312873 -1.771734 1.608771 -0.061431 0.015793
    40 0.025545 -1.273521 1.753304 0.000000 0.000000 0.000000
    41 0.001032 1.440453 -1.526783 0.000000 0.000000 0.000000
    42 0.004413 0.696487 -1.430595 0.000000 0.000000 0.000000
    43 0.580660 0.349014 -1.430595 0.000000 0.000000 0.000000
    44 0.583444 -0.305904 -1.430599 0.000000 0.000000 0.000000
    45 0.005318 -0.648720 -1.430599 0.000000 0.000000 0.000000
    46 -0.574618 -0.303123 -1.430601 0.000000 0.000000 0.000000
    47 -0.573714 0.348118 -1.430595 0.000000 0.000000 0.000000
    48 -0.029968 -0.059296 1.773438 -1.561870 -0.003783 0.018306
    49 0.041163 0.095589 -2.899426 0.000001 0.000000 0.000000
    50 0.081115 -2.496311 -0.915165 0.000000 0.000000 0.000000
    51 4.863281 2.800781 -18.203125 1.570792 0.000003 -0.000003
  time 31
    0 0.000000 -0.000006 0.000000 -1.570781 -1.391896 -1.570809
    1 0.474708 -3.682970 4.226792 1.596637 -1.286515 2.942961
    2 6.028141 0.000000 0.000000 -0.740934 -0.316250 -1.453823
    3 11.692554 0.000001 0.000000 -0.000048 0.000036 -1.662522
    4 11.481670 0.000001 -0.000031 2.282621 -0.724871 -0.043695
    5 3.859711 -0.142405 -1.191975 -0.452121 0.196655 -0.787842
    6 1.312555 -0.000002 0.000000 0.000000 0.000000 -0.380582
    7 0.729363 -0.000002 -0.000002 0.000000 0.000000 -0.142780
    8 3.942337 0.046767 -0.431443 -0.143654 0.088151 -0.710226
    9 1.539097 0.000000 0.000000 0.000000 0.000000 -0.146150
    10 1.196325 -0.000002 -0.000001 0.000000 0.000000 -0.329232
    11 3.883698 -0.046765 0.431443 0.087664 0.013032 -0.486693
    12 1.719570 -0.000004 -0.000001 0.000551 0.005492 -0.264955
    13 1.209169 -0.000004 0.000000 0.000312 0.003084 -0.114742
    14 3.859863 -0.137946 1.332466 0.348697 -0.077747 -0.436234
    15 1.719431 0.000002 0.000000 0.000408 0.004062 -0.261478
    16 1.099667 0.000000 -0.000001 0.000264 0.002584 -0.142682
    17 0.806053 -0.348926 1.321258 -1.290059 -0.723865 -0.646372
    18 1.789778 -0.000002 0.000002 0.008761 -0.025300 0.161659
    19 1.207005 0.000000 0.000002 0.003583 0.000299 0.398601
    20 0.192017 -5.855469 -4.773438 -1.668474 1.286518 2.942953
    21 6.028145 0.000000 0.000000 1.198294 0.538608 -1.256606
    22 11.692554 0.000001 0.000002 0.000000 0.000000 -1.813052
    23 11.481699 0.000001 0.000001 -1.175934 0.178759 1.026831
    24 3.859680 -0.132567 1.193109 0.566835 -0.060499 -1.408425
    25 1.312555 -0.000002 0.000002 0.072278 -0.157178 -0.656760
    26 0.729365 0.000000 -0.000001 -0.023337 -0.412078 -1.179798
    27 3.942307 0.050327 0.431044 0.084249 -0.015145 -1.280306
    28 1.539099 -0.000002 0.000000 0.028455 -0.017392 -0.998558
    29 1.196321 0.000010 0.000000 -0.000519 0.009342 -1.131088
    30 3.883659 -0.050321 -0.431042 -0.047599 -0.027561 -1.047376
    31 1.719578 0.000002 0.000000 0.011340 0.002103 -1.500357
    32 1.209185 0.000002 0.000000 0.001786 -0.003742 -0.451851
    33 3.859840 -0.148937 -1.331282 -0.296378 0.195348 -0.060071
    34 1.719421 0.000002 0.000000 0.000954 -0.015214 -0.727850
    35 1.099669 0.000002 -0.000001 0.001685 0.001741 -0.527276
    36 0.950558 -1.145017 -1.396461 0.960172 0.376501 -0.545105
    37 1.789782 0.000000 -0.000004 0.000527 -0.019739 0.006050
    38 1.206999 0.000002 0.000000 0.000324 -0.004686 0.701278
    39 -4.338507 -14.535536 -1.998304 1.641123 -0.034516 0.017097
    40 0.025545 -1.273521 1.753304 0.000000 0.000000 0.000000
    41 0.001032 1.440453 -1.526783 0.000000 0.000000 0.000000
    42 0.004413 0.696487 -1.430595 0.000000 0.000000 0.000000
    43 0.580660 0.349014 -1.430595 0.000000 0.000000 0.000000
    44 0.583444 -0.305904 -1.430599 0.000000 0.000000 0.000000
    45 0.005318 -0.648720 -1.430599 0.000000 0.000000 0.000000
    46 -0.574618 -0.303123 -1.430601 0.000000 0.000000 0.000000
    47 -0.573714 0.348118 -1.430595 0.000000 0.000000 0.000000
    48 -0.029968 -0.059296 1.773438 -1.561870 -0.003783 0.018306
    49 0.041163 0.095589 -2.899426 0.000001 0.000000 0.000000
    50 0.081115 -2.496311 -0.915165 0.000000 0.000000 0.000000
    51 4.863281 2.800781 -18.203125 1.570792 0.000003 -0.000003
  time 32
    0 0.000000 -0.000006 0.000000 -1.570781 -1.391896 -1.570809
    1 0.513771 -3.722033 4.191635 1.596637 -1.286515 2.942961
    2 6.028141 0.000000 0.000000 -0.739525 -0.331365 -1.480451
    3 11.692554 0.000001 0.000000 -0.000048 0.000036 -1.628122
    4 11.481670 0.000001 -0.000031 2.152165 -0.768694 0.039057
    5 3.859711 -0.142405 -1.191975 -0.451163 0.198956 -0.782999
    6 1.312555 -0.000002 0.000000 0.000000 0.000000 -0.375224
    7 0.729363 -0.000002 -0.000002 0.000000 0.000000 -0.137502
    8 3.942337 0.046767 -0.431443 -0.143199 0.088906 -0.705005
    9 1.539097 0.000000 0.000000 0.000000 0.000000 -0.140875
    10 1.196325 -0.000002 -0.000001 0.000000 0.000000 -0.323954
    11 3.883698 -0.046765 0.431443 0.087724 0.012564 -0.481450
    12 1.719570 -0.000004 -0.000001 0.000587 0.005492 -0.259675
    13 1.209169 -0.000004 0.000000 0.000324 0.003084 -0.109470
    14 3.859863 -0.137946 1.332466 0.348316 -0.079540 -0.431284
    15 1.719431 0.000002 0.000000 0.000420 0.004062 -0.256184
    16 1.099667 0.000000 -0.000001 0.000276 0.002584 -0.137416
    17 0.806053 -0.348926 1.321258 -1.293899 -0.725703 -0.638597
    18 1.789778 -0.000002 0.000002 0.009384 -0.026594 0.158174
    19 1.207005 0.000000 0.000002 0.003775 0.000323 0.399301
    20 0.192017 -5.855469 -4.773438 -1.668474 1.286518 2.942953
    21 6.028145 0.000000 0.000000 1.202030 0.549631 -1.258488
    22 11.692554 0.000001 0.000002 0.000000 0.000000 -1.795688
    23 11.481699 0.000001 0.000001 -1.197555 0.169750 1.048408
    24 3.859680 -0.132567 1.193109 0.566835 -0.060499 -1.408425
    25 1.312555 -0.000002 0.000002 0.072278 -0.157178 -0.656760
    26 0.729365 0.000000 -0.000001 -0.023337 -0.412078 -1.179798
    27 3.942307 0.050327 0.431044 0.084249 -0.015145 -1.280306
    28 1.539099 -0.000002 0.000000 0.028455 -0.017392 -0.998558
    29 1.196321 0.000010 0.000000 -0.000519 0.009342 -1.131088
    30 3.883659 -0.050321 -0.431042 -0.047599 -0.027561 -1.047376
    31 1.719578 0.000002 0.000000 0.011340 0.002103 -1.500357
    32 1.209185 0.000002 0.000000 0.001786 -0.003730 -0.451851
    33 3.859840 -0.148937 -1.331282 -0.296378 0.195348 -0.060071
    34 1.719421 0.000002 0.000000 0.000954 -0.015214 -0.727850
    35 1.099669 0.000002 -0.000001 0.001685 0.001741 -0.527276
    36 0.950558 -1.145017 -1.396461 0.959115 0.372737 -0.548615
    37 1.789782 0.000000 -0.000004 0.000707 -0.022459 0.026784
    38 1.206999 0.000002 0.000000 0.000671 -0.004638 0.714666
    39 -4.268192 -14.750386 -2.220967 1.666679 -0.007415 0.021009
    40 0.025545 -1.273521 1.753304 0.000000 0.000000 0.000000
    41 0.001032 1.440453 -1.526783 0.000000 0.000000 0.000000
    42 0.004413 0.696487 -1.430595 0.000000 0.000000 0.000000
    43 0.580660 0.349014 -1.430595 0.000000 0.000000 0.000000
    44 0.583444 -0.305904 -1.430599 0.000000 0.000000 0.000000
    45 0.005318 -0.648720 -1.430599 0.000000 0.000000 0.000000
    46 -0.574618 -0.303123 -1.430601 0.000000 0.000000 0.000000
    47 -0.573714 0.348118 -1.430595 0.000000 0.000000 0.000000
    48 -0.029968 -0.059296 1.773438 -1.561870 -0.003783 0.018306
    49 0.041163 0.095589 -2.899426 0.000001 0.000000 0.000000
    50 0.081115 -2.496311 -0.915165 0.000000 0.000000 0.000000
    51 4.863281 2.800781 -18.203125 1.570792 0.000003 -0.000003
  time 33
    0 0.000000 -0.000006 0.000000 -1.570781 -1.391896 -1.570809
    1 0.552835 -3.761097 4.156478 1.596637 -1.286515 2.942961
    2 6.028141 0.000000 0.000000 -0.739677 -0.346572 -1.505225
    3 11.692554 0.000001 0.000000 -0.000048 0.000036 -1.586370
    4 11.481670 0.000001 -0.000031 2.020880 -0.798376 0.106043
    5 3.859711 -0.142405 -1.191975 -0.450252 0.201149 -0.778371
    6 1.312555 -0.000002 0.000000 0.000000 0.000000 -0.369628
    7 0.729363 -0.000002 -0.000002 0.000000 0.000000 -0.132464
    8 3.942337 0.046767 -0.431443 -0.142744 0.089625 -0.700013
    9 1.539097 0.000000 0.000000 0.000000 0.000000 -0.135855
    10 1.196325 -0.000002 -0.000001 0.000000 0.000000 -0.318934
    11 3.883698 -0.046765 0.431443 0.087796 0.012124 -0.476445
    12 1.719570 -0.000004 -0.000001 0.000611 0.005480 -0.254650
    13 1.209169 -0.000004 0.000000 0.000336 0.003072 -0.104436
    14 3.859863 -0.137946 1.332466 0.347936 -0.081248 -0.426527
    15 1.719431 0.000002 0.000000 0.000443 0.004062 -0.251178
    16 1.099667 0.000000 -0.000001 0.000288 0.002584 -0.132388
    17 0.806053 -0.348926 1.321258 -1.297592 -0.727509 -0.631218
    18 1.789778 -0.000002 0.000002 0.009995 -0.027816 0.154854
    19 1.207005 0.000000 0.000002 0.003943 0.000347 0.400250
    20 0.192017 -5.855469 -4.773438 -1.668474 1.286518 2.942953
    21 6.028145 0.000000 0.000000 1.206725 0.557171 -1.258676
    22 11.692554 0.000001 0.000002 0.000000 0.000000 -1.774335
    23 11.481699 0.000001 0.000001 -1.223296 0.163759 1.048554
    24 3.859680 -0.132567 1.193109 0.566835 -0.060499 -1.408425
    25 1.312555 -0.000002 0.000002 0.072278 -0.157178 -0.656760
    26 0.729365 0.000000 -0.000001 -0.023337 -0.412078 -1.179798
    27 3.942307 0.050327 0.431044 0.084249 -0.015145 -1.280306
    28 1.539099 -0.000002 0.000000 0.028455 -0.017392 -0.998558
    29 1.196321 0.000010 0.000000 -0.000519 0.009342 -1.131088
    30 3.883659 -0.050321 -0.431042 -0.047599 -0.027561 -1.047376
    31 1.719578 0.000002 0.000000 0.011340 0.002103 -1.500357
    32 1.209185 0.000002 0.000000 0.001786 -0.003730 -0.451851
    33 3.859840 -0.148937 -1.331282 -0.296378 0.195348 -0.060071
    34 1.719421 0.000002 0.000000 0.000954 -0.015214 -0.727850
    35 1.099669 0.000002 -0.000001 0.001685 0.001741 -0.527276
    36 0.950558 -1.145017 -1.396461 0.957990 0.368686 -0.552412
    37 1.789782 0.000000 -0.000004 0.000839 -0.025420 0.049203
    38 1.206999 0.000002 0.000000 0.001043 -0.004590 0.729108
    39 -4.209596 -14.953517 -2.435817 1.678834 0.019454 0.027181
    40 0.025545 -1.273521 1.753304 0.000000 0.000000 0.000000
    41 0.001032 1.440453 -1.526783 0.000000 0.000000 0.000000
    42 0.004413 0.696487 -1.430595 0.000000 0.000000 0.000000
    43 0.580660 0.349014 -1.430595 0.000000 0.000000 0.000000
    44 0.583444 -0.305904 -1.430599 0.000000 0.000000 0.000000
    45 0.005318 -0.648720 -1.430599 0.000000 0.000000 0.000000
    46 -0.574618 -0.303123 -1.430601 0.000000 0.000000 0.000000
    47 -0.573714 0.348118 -1.430595 0.000000 0.000000 0.000000
    48 -0.029968 -0.059296 1.773438 -1.561870 -0.003783 0.018306
    49 0.041163 0.095589 -2.899426 0.000001 0.000000 0.000000
    50 0.081115 -2.496311 -0.915165 0.000000 0.000000 0.000000
    51 4.863281 2.800781 -18.203125 1.570792 0.000003 -0.000003
  time 34
    0 0.000000 -0.000006 0.000000 -1.570781 -1.391896 -1.570809
    1 0.587992 -3.800161 4.121320 1.596637 -1.286515 2.942961
    2 6.028141 0.000000 0.000000 -0.740934 -0.361917 -1.528477
    3 11.692554 0.000001 0.000000 -0.000036 0.000036 -1.535886
    4 11.481670 0.000001 -0.000031 1.896971 -0.815510 0.148275
    5 3.859711 -0.142405 -1.191975 -0.449377 0.203199 -0.774049
    6 1.312555 -0.000002 0.000000 0.000000 0.000000 -0.363771
    7 0.729363 -0.000002 -0.000002 0.000000 0.000000 -0.127734
    8 3.942337 0.046767 -0.431443 -0.142324 0.090296 -0.695299
    9 1.539097 0.000000 0.000000 0.000000 0.000000 -0.131119
    10 1.196325 -0.000002 -0.000001 0.000000 0.000000 -0.314197
    11 3.883698 -0.046765 0.431443 0.087844 0.011712 -0.471724
    12 1.719570 -0.000004 -0.000001 0.000635 0.005480 -0.249911
    13 1.209169 -0.000004 0.000000 0.000360 0.003072 -0.099700
    14 3.859863 -0.137946 1.332466 0.347578 -0.082869 -0.422080
    15 1.719431 0.000002 0.000000 0.000467 0.004062 -0.246431
    16 1.099667 0.000000 -0.000001 0.000300 0.002584 -0.127661
    17 0.806053 -0.348926 1.321258 -1.301040 -0.729269 -0.624285
    18 1.789778 -0.000002 0.000002 0.010618 -0.028979 0.151731
    19 1.207005 0.000000 0.000002 0.004111 0.000371 0.401498
    20 0.192017 -5.855469 -4.773438 -1.668474 1.286518 2.942953
    21 6.028145 0.000000 0.000000 1.212569 0.560654 -1.256889
    22 11.692554 0.000001 0.000002 0.000000 0.000000 -1.748696
    23 11.481699 0.000001 0.000001 -1.252990 0.160613 1.024164
    24 3.859680 -0.132567 1.193109 0.566835 -0.060499 -1.408425
    25 1.312555 -0.000002 0.000002 0.072278 -0.157178 -0.656760
    26 0.729365 0.000000 -0.000001 -0.023337 -0.412078 -1.179798
    27 3.942307 0.050327 0.431044 0.084249 -0.015145 -1.280306
    28 1.539099 -0.000002 0.000000 0.028455 -0.017392 -0.998558
    29 1.196321 0.000010 0.000000 -0.000519 0.009342 -1.131088
    30 3.883659 -0.050321 -0.431042 -0.047599 -0.027561 -1.047376
    31 1.719578 0.000002 0.000000 0.011340 0.002103 -1.500357
    32 1.209185 0.000002 0.000000 0.001786 -0.003742 -0.451851
    33 3.859840 -0.148937 -1.331282 -0.296378 0.195348 -0.060071
    34 1.719421 0.000002 0.000000 0.000954 -0.015214 -0.727850
    35 1.099669 0.000002 -0.000001 0.001685 0.001741 -0.527276
    36 0.950558 -1.145017 -1.396461 0.956818 0.364400 -0.556411
    37 1.789782 0.000000 -0.000004 0.000911 -0.028548 0.072878
    38 1.206999 0.000002 0.000000 0.001438 -0.004542 0.744356
    39 -4.154907 -15.144929 -2.635042 1.675197 0.045719 0.035005
    40 0.025545 -1.273521 1.753304 0.000000 0.000000 0.000000
    41 0.001032 1.440453 -1.526783 0.000000 0.000000 0.000000
    42 0.004413 0.696487 -1.430595 0.000000 0.000000 0.000000
    43 0.580660 0.349014 -1.430595 0.000000 0.000000 0.000000
    44 0.583444 -0.305904 -1.430599 0.000000 0.000000 0.000000
    45 0.005318 -0.648720 -1.430599 0.000000 0.000000 0.000000
    46 -0.574618 -0.303123 -1.430601 0.000000 0.000000 0.000000
    47 -0.573714 0.348118 -1.430595 0.000000 0.000000 0.000000
    48 -0.029968 -0.059296 1.773438 -1.561870 -0.003783 0.018306
    49 0.041163 0.095589 -2.899426 0.000001 0.000000 0.000000
    50 0.081115 -2.496311 -0.915165 0.000000 0.000000 0.000000
    51 4.863281 2.800781 -18.203125 1.570792 0.000003 -0.000003
  time 35
    0 0.000000 -0.000006 0.000000 -1.570781 -1.391896 -1.570809
    1 0.627056 -3.839224 4.086163 1.596637 -1.286515 2.942961
    2 6.028141 0.000000 0.000000 -0.741810 -0.376757 -1.551016
    3 11.692554 0.000001 0.000000 -0.000036 0.000036 -1.484155
    4 11.481670 0.000001 -0.000031 1.775919 -0.823908 0.182660
    5 3.859711 -0.142405 -1.191975 -0.448562 0.205116 -0.770003
    6 1.312555 -0.000002 0.000000 0.000000 0.000000 -0.357700
    7 0.729363 -0.000002 -0.000002 0.000000 0.000000 -0.123347
    8 3.942337 0.046767 -0.431443 -0.141929 0.090919 -0.690940
    9 1.539097 0.000000 0.000000 0.000000 0.000000 -0.126723
    10 1.196325 -0.000002 -0.000001 0.000000 0.000000 -0.309790
    11 3.883698 -0.046765 0.431443 0.087891 0.011329 -0.467350
    12 1.719570 -0.000004 -0.000001 0.000659 0.005480 -0.245522
    13 1.209169 -0.000004 0.000000 0.000372 0.003072 -0.095321
    14 3.859863 -0.137946 1.332466 0.347220 -0.084370 -0.417903
    15 1.719431 0.000002 0.000000 0.000479 0.004050 -0.242029
    16 1.099667 0.000000 -0.000001 0.000312 0.002584 -0.123262
    17 0.806053 -0.348926 1.321258 -1.304269 -0.730983 -0.617848
    18 1.789778 -0.000002 0.000002 0.011230 -0.030046 0.148838
    19 1.207005 0.000000 0.000002 0.004266 0.000383 0.403072
    20 0.192017 -5.855469 -4.773438 -1.668474 1.286518 2.942953
    21 6.028145 0.000000 0.000000 1.219371 0.562849 -1.254160
    22 11.692554 0.000001 0.000002 0.000000 0.000000 -1.722466
    23 11.481699 0.000001 0.000001 -1.283586 0.156647 0.991336
    24 3.859680 -0.132567 1.193109 0.566835 -0.060499 -1.408425
    25 1.312555 -0.000002 0.000002 0.072278 -0.157178 -0.656760
    26 0.729365 0.000000 -0.000001 -0.023337 -0.412078 -1.179798
    27 3.942307 0.050327 0.431044 0.084249 -0.015145 -1.280306
    28 1.539099 -0.000002 0.000000 0.028455 -0.017392 -0.998558
    29 1.196321 0.000010 0.000000 -0.000519 0.009342 -1.131088
    30 3.883659 -0.050321 -0.431042 -0.047599 -0.027561 -1.047376
    31 1.719578 0.000002 0.000000 0.011340 0.002103 -1.500357
    32 1.209185 0.000002 0.000000 0.001786 -0.003742 -0.451851
    33 3.859840 -0.148937 -1.331282 -0.296378 0.195348 -0.060071
    34 1.719421 0.000002 0.000000 0.000954 -0.015214 -0.727850
    35 1.099669 0.000002 -0.000001 0.001685 0.001741 -0.527276
    36 0.950558 -1.145017 -1.396461 0.955647 0.359952 -0.560525
    37 1.789782 0.000000 -0.000004 0.000899 -0.031771 0.097382
    38 1.206999 0.000002 0.000000 0.001858 -0.004494 0.760132
    39 -4.111937 -15.320716 -2.822548 1.665913 0.070778 0.043872
    40 0.025545 -1.273521 1.753304 0.000000 0.000000 0.000000
    41 0.001032 1.440453 -1.526783 0.000000 0.000000 0.000000
    42 0.004413 0.696487 -1.430595 0.000000 0.000000 0.000000
    43 0.580660 0.349014 -1.430595 0.000000 0.000000 0.000000
    44 0.583444 -0.305904 -1.430599 0.000000 0.000000 0.000000
    45 0.005318 -0.648720 -1.430599 0.000000 0.000000 0.000000
    46 -0.574618 -0.303123 -1.430601 0.000000 0.000000 0.000000
    47 -0.573714 0.348118 -1.430595 0.000000 0.000000 0.000000
    48 -0.029968 -0.059296 1.773438 -1.561870 -0.003783 0.018306
    49 0.041163 0.095589 -2.899426 0.000001 0.000000 0.000000
    50 0.081115 -2.496311 -0.915165 0.000000 0.000000 0.000000
    51 4.863281 2.800781 -18.203125 1.570792 0.000003 -0.000003
  time 36
    0 0.000000 -0.000006 0.000000 -1.570781 -1.391896 -1.570809
    1 0.666120 -3.878288 4.051006 1.596637 -1.286515 2.942961
    2 6.028141 0.000000 0.000000 -0.742038 -0.391183 -1.573079
    3 11.692554 0.000001 0.000000 -0.000036 0.000036 -1.432556
    4 11.481670 0.000001 -0.000031 1.659662 -0.824584 0.210838
    5 3.859711 -0.142405 -1.191975 -0.447795 0.206854 -0.766263
    6 1.312555 -0.000002 0.000000 0.000000 0.000000 -0.351369
    7 0.729363 -0.000002 -0.000002 0.000000 0.000000 -0.119303
    8 3.942337 0.046767 -0.431443 -0.141569 0.091483 -0.686911
    9 1.539097 0.000000 0.000000 0.000000 0.000000 -0.122696
    10 1.196325 -0.000002 -0.000001 0.000000 0.000000 -0.305761
    11 3.883698 -0.046765 0.431443 0.087939 0.010975 -0.463325
    12 1.719570 -0.000004 -0.000001 0.000683 0.005480 -0.241482
    13 1.209169 -0.000004 0.000000 0.000384 0.003072 -0.091300
    14 3.859863 -0.137946 1.332466 0.346906 -0.085732 -0.414113
    15 1.719431 0.000002 0.000000 0.000503 0.004050 -0.238001
    16 1.099667 0.000000 -0.000001 0.000324 0.002584 -0.119222
    17 0.806053 -0.348926 1.321258 -1.307228 -0.732666 -0.611979
    18 1.789778 -0.000002 0.000002 0.011829 -0.031016 0.146175
    19 1.207005 0.000000 0.000002 0.004410 0.000407 0.405020
    20 0.192017 -5.855469 -4.773438 -1.668474 1.286518 2.942953
    21 6.028145 0.000000 0.000000 1.227036 0.564281 -1.250773
    22 11.692554 0.000001 0.000002 0.000000 0.000000 -1.696680
    23 11.481699 0.000001 0.000001 -1.313674 0.151303 0.953854
    24 3.859680 -0.132567 1.193109 0.566835 -0.060499 -1.408452
    25 1.312555 -0.000002 0.000002 0.072278 -0.157178 -0.656760
    26 0.729365 0.000000 -0.000001 -0.023337 -0.412078 -1.179798
    27 3.942307 0.050327 0.431044 0.084249 -0.015145 -1.280306
    28 1.539099 -0.000002 0.000000 0.028455 -0.017392 -0.998558
    29 1.196321 0.000010 0.000000 -0.000519 0.009342 -1.131088
    30 3.883659 -0.050321 -0.431042 -0.047599 -0.027561 -1.047376
    31 1.719578 0.000002 0.000000 0.011340 0.002103 -1.500357
    32 1.209185 0.000002 0.000000 0.001786 -0.003742 -0.451851
    33 3.859840 -0.148937 -1.331282 -0.296378 0.195348 -0.060071
    34 1.719421 0.000002 0.000000 0.000954 -0.015214 -0.727850
    35 1.099669 0.000002 -0.000001 0.001685 0.001741 -0.527276
    36 0.950558 -1.145017 -1.396461 0.954452 0.355432 -0.564726
    37 1.789782 0.000000 -0.000004 0.000803 -0.035067 0.122314
    38 1.206999 0.000002 0.000000 0.002277 -0.004459 0.776186
    39 -4.084593 -15.480877 -2.994428 1.653087 0.093981 0.053435
    40 0.025545 -1.273521 1.753304 0.000000 0.000000 0.000000
    41 0.001032 1.440453 -1.526783 0.000000 0.000000 0.000000
    42 0.004413 0.696487 -1.430595 0.000000 0.000000 0.000000
    43 0.580660 0.349014 -1.430595 0.000000 0.000000 0.000000
    44 0.583444 -0.305904 -1.430599 0.000000 0.000000 0.000000
    45 0.005318 -0.648720 -1.430599 0.000000 0.000000 0.000000
    46 -0.574618 -0.303123 -1.430601 0.000000 0.000000 0.000000
    47 -0.573714 0.348118 -1.430595 0.000000 0.000000 0.000000
    48 -0.029968 -0.059296 1.773438 -1.561870 -0.003783 0.018306
    49 0.041163 0.095589 -2.899426 0.000001 0.000000 0.000000
    50 0.081115 -2.496311 -0.915165 0.000000 0.000000 0.000000
    51 4.863281 2.800781 -18.203125 1.570792 0.000003 -0.000003
  time 37
    0 0.000000 -0.000006 0.000000 -1.570781 -1.391896 -1.570809
    1 0.701277 -3.917352 4.019755 1.596637 -1.286515 2.942961
    2 6.028141 0.000000 0.000000 -0.741734 -0.405012 -1.594619
    3 11.692554 0.000001 0.000000 -0.000036 0.000036 -1.382138
    4 11.481670 0.000001 -0.000031 1.550595 -0.818309 0.233096
    5 3.859711 -0.142405 -1.191975 -0.447112 0.208424 -0.762953
    6 1.312555 -0.000002 0.000000 0.000000 0.000000 -0.344777
    7 0.729363 -0.000002 -0.000002 0.000000 0.000000 -0.115704
    8 3.942337 0.046767 -0.431443 -0.141234 0.091998 -0.683313
    9 1.539097 0.000000 0.000000 0.000000 0.000000 -0.119066
    10 1.196325 -0.000002 -0.000001 0.000000 0.000000 -0.302155
    11 3.883698 -0.046765 0.431443 0.087975 0.010662 -0.459714
    12 1.719570 -0.000004 -0.000001 0.000707 0.005480 -0.237857
    13 1.209169 -0.000004 0.000000 0.000395 0.003072 -0.087667
    14 3.859863 -0.137946 1.332466 0.346593 -0.086957 -0.410710
    15 1.719431 0.000002 0.000000 0.000515 0.004050 -0.234376
    16 1.099667 0.000000 -0.000001 0.000336 0.002584 -0.115602
    17 0.806053 -0.348926 1.321258 -1.309894 -0.734303 -0.606730
    18 1.789778 -0.000002 0.000002 0.012416 -0.031891 0.143776
    19 1.207005 0.000000 0.000002 0.004542 0.000431 0.407368
    20 0.192017 -5.855469 -4.773438 -1.668474 1.286518 2.942953
    21 6.028145 0.000000 0.000000 1.235275 0.565331 -1.247010
    22 11.692554 0.000001 0.000002 0.000000 0.000000 -1.671779
    23 11.481699 0.000001 0.000001 -1.341900 0.144493 0.913850
    24 3.859680 -0.132567 1.193109 0.566835 -0.060499 -1.408425
    25 1.312555 -0.000002 0.000002 0.072278 -0.157178 -0.656760
    26 0.729365 0.000000 -0.000001 -0.023337 -0.412078 -1.179798
    27 3.942307 0.050327 0.431044 0.084249 -0.015145 -1.280306
    28 1.539099 -0.000002 0.000000 0.028455 -0.017392 -0.998558
    29 1.196321 0.000010 0.000000 -0.000519 0.009342 -1.131088
    30 3.883659 -0.050321 -0.431042 -0.047599 -0.027561 -1.047376
    31 1.719578 0.000002 0.000000 0.011340 0.002103 -1.500357
    32 1.209185 0.000002 0.000000 0.001786 -0.003730 -0.451851
    33 3.859840 -0.148937 -1.331282 -0.296378 0.195348 -0.060071
    34 1.719421 0.000002 0.000000 0.000954 -0.015214 -0.727850
    35 1.099669 0.000002 -0.000001 0.001685 0.001741 -0.527276
    36 0.950558 -1.145017 -1.396461 0.953304 0.350913 -0.568868
    37 1.789782 0.000000 -0.000004 0.000635 -0.038351 0.147275
    38 1.206999 0.000002 0.000000 0.002709 -0.004435 0.792239
    39 -4.065061 -15.621506 -3.146776 1.637869 0.114631 0.062998
    40 0.025545 -1.273521 1.753304 0.000000 0.000000 0.000000
    41 0.001032 1.440453 -1.526783 0.000000 0.000000 0.000000
    42 0.004413 0.696487 -1.430595 0.000000 0.000000 0.000000
    43 0.580660 0.349014 -1.430595 0.000000 0.000000 0.000000
    44 0.583444 -0.305904 -1.430599 0.000000 0.000000 0.000000
    45 0.005318 -0.648720 -1.430599 0.000000 0.000000 0.000000
    46 -0.574618 -0.303123 -1.430601 0.000000 0.000000 0.000000
    47 -0.573714 0.348118 -1.430595 0.000000 0.000000 0.000000
    48 -0.029968 -0.059296 1.773438 -1.561870 -0.003783 0.018306
    49 0.041163 0.095589 -2.899426 0.000001 0.000000 0.000000
    50 0.081115 -2.496311 -0.915165 0.000000 0.000000 0.000000
    51 4.863281 2.800781 -18.203125 1.570792 0.000003 -0.000003
  time 38
    0 0.000000 -0.000006 0.000000 -1.570781 -1.391896 -1.570809
    1 0.736434 -3.952509 3.984597 1.596637 -1.286515 2.942961
    2 6.028141 0.000000 0.000000 -0.740972 -0.418289 -1.615542
    3 11.692554 0.000001 0.000000 -0.000036 0.000036 -1.333623
    4 11.481670 0.000001 -0.000031 1.451209 -0.805857 0.249432
    5 3.859711 -0.142405 -1.191975 -0.446501 0.209802 -0.760010
    6 1.312555 -0.000002 0.000000 0.000000 0.000000 -0.337948
    7 0.729363 -0.000002 -0.000002 0.000000 0.000000 -0.112517
    8 3.942337 0.046767 -0.431443 -0.140946 0.092441 -0.680170
    9 1.539097 0.000000 0.000000 0.000000 0.000000 -0.115889
    10 1.196325 -0.000002 -0.000001 0.000000 0.000000 -0.298974
    11 3.883698 -0.046765 0.431443 0.088011 0.010379 -0.456559
    12 1.719570 -0.000004 -0.000001 0.000719 0.005468 -0.234676
    13 1.209169 -0.000004 0.000000 0.000395 0.003072 -0.084509
    14 3.859863 -0.137946 1.332466 0.346347 -0.088044 -0.407694
    15 1.719431 0.000002 0.000000 0.000527 0.004050 -0.231211
    16 1.099667 0.000000 -0.000001 0.000336 0.002572 -0.112430
    17 0.806053 -0.348926 1.321258 -1.312218 -0.735909 -0.602149
    18 1.789778 -0.000002 0.000002 0.012991 -0.032658 0.141672
    19 1.207005 0.000000 0.000002 0.004650 0.000443 0.410165
    20 0.192017 -5.855469 -4.773438 -1.668474 1.286518 2.942953
    21 6.028145 0.000000 0.000000 1.243706 0.565903 -1.242965
    22 11.692554 0.000001 0.000002 0.000000 0.000000 -1.648431
    23 11.481699 0.000001 0.000001 -1.366682 0.136519 0.872780
    24 3.859680 -0.132567 1.193109 0.566835 -0.060499 -1.408425
    25 1.312555 -0.000002 0.000002 0.072278 -0.157178 -0.656760
    26 0.729365 0.000000 -0.000001 -0.023337 -0.412078 -1.179798
    27 3.942307 0.050327 0.431044 0.084249 -0.015145 -1.280306
    28 1.539099 -0.000002 0.000000 0.028455 -0.017392 -0.998558
    29 1.196321 0.000010 0.000000 -0.000519 0.009342 -1.131088
    30 3.883659 -0.050321 -0.431042 -0.047599 -0.027561 -1.047376
    31 1.719578 0.000002 0.000000 0.011340 0.002103 -1.500357
    32 1.209185 0.000002 0.000000 0.001786 -0.003742 -0.451851
    33 3.859840 -0.148937 -1.331282 -0.296378 0.195348 -0.060071
    34 1.719421 0.000002 0.000000 0.000954 -0.015214 -0.727850
    35 1.099669 0.000002 -0.000001 0.001685 0.001741 -0.527276
    36 0.950558 -1.145017 -1.396461 0.952178 0.346447 -0.572954
    37 1.789782 0.000000 -0.000004 0.000384 -0.041575 0.171779
    38 1.206999 0.000002 0.000000 0.003116 -0.004411 0.808015
    39 -4.057248 -15.742604 -3.275687 1.621118 0.131569 0.072126
    40 0.025545 -1.273521 1.753304 0.000000 0.000000 0.000000
    41 0.001032 1.440453 -1.526783 0.000000 0.000000 0.000000
    42 0.004413 0.696487 -1.430595 0.000000 0.000000 0.000000
    43 0.580660 0.349014 -1.430595 0.000000 0.000000 0.000000
    44 0.583444 -0.305904 -1.430599 0.000000 0.000000 0.000000
    45 0.005318 -0.648720 -1.430599 0.000000 0.000000 0.000000
    46 -0.574618 -0.303123 -1.430601 0.000000 0.000000 0.000000
    47 -0.573714 0.348118 -1.430595 0.000000 0.000000 0.000000
    48 -0.029968 -0.059296 1.773438 -1.561870 -0.003783 0.018306
    49 0.041163 0.095589 -2.899426 0.000001 0.000000 0.000000
    50 0.081115 -2.496311 -0.915165 0.000000 0.000000 0.000000
    51 4.863281 2.800781 -18.203125 1.570792 0.000003 -0.000003
  time 39
    0 0.000000 -0.000006 0.000000 -1.570781 -1.391896 -1.570809
    1 0.775498 -3.987666 3.953346 1.596637 -1.286515 2.942961
    2 6.028141 0.000000 0.000000 -0.740591 -0.430556 -1.634752
    3 11.692554 0.000001 0.000000 -0.000036 0.000036 -1.288851
    4 11.481670 0.000001 -0.000031 1.363993 -0.787951 0.260703
    5 3.859711 -0.142405 -1.191975 -0.445985 0.210965 -0.757527
    6 1.312555 -0.000002 0.000000 0.000000 0.000000 -0.330882
    7 0.729363 -0.000002 -0.000002 0.000000 0.000000 -0.109843
    8 3.942337 0.046767 -0.431443 -0.140694 0.092825 -0.677484
    9 1.539097 0.000000 0.000000 0.000000 0.000000 -0.113223
    10 1.196325 -0.000002 -0.000001 0.000000 0.000000 -0.296287
    11 3.883698 -0.046765 0.431443 0.088035 0.010137 -0.453882
    12 1.719570 -0.000004 -0.000001 0.000731 0.005468 -0.232004
    13 1.209169 -0.000004 0.000000 0.000407 0.003072 -0.081829
    14 3.859863 -0.137946 1.332466 0.346123 -0.088958 -0.405141
    15 1.719431 0.000002 0.000000 0.000539 0.004050 -0.228536
    16 1.099667 0.000000 -0.000001 0.000348 0.002572 -0.109767
    17 0.806053 -0.348926 1.321258 -1.314150 -0.737483 -0.598361
    18 1.789778 -0.000002 0.000002 0.013543 -0.033293 0.139897
    19 1.207005 0.000000 0.000002 0.004746 0.000467 0.413437
    20 0.192017 -5.855469 -4.773438 -1.668474 1.286518 2.942953
    21 6.028145 0.000000 0.000000 1.251179 0.566047 -1.239296
    22 11.692554 0.000001 0.000002 0.000000 0.000000 -1.626782
    23 11.481699 0.000001 0.000001 -1.386044 0.128416 0.831612
    24 3.859680 -0.132567 1.193109 0.566835 -0.060499 -1.408425
    25 1.312555 -0.000002 0.000002 0.072278 -0.157178 -0.656760
    26 0.729365 0.000000 -0.000001 -0.023337 -0.412078 -1.179798
    27 3.942307 0.050327 0.431044 0.084249 -0.015145 -1.280306
    28 1.539099 -0.000002 0.000000 0.028455 -0.017392 -0.998558
    29 1.196321 0.000010 0.000000 -0.000519 0.009342 -1.131088
    30 3.883659 -0.050321 -0.431042 -0.047599 -0.027561 -1.047376
    31 1.719578 0.000002 0.000000 0.011340 0.002103 -1.500357
    32 1.209185 0.000002 0.000000 0.001786 -0.003742 -0.451851
    33 3.859840 -0.148937 -1.331282 -0.296378 0.195348 -0.060071
    34 1.719421 0.000002 0.000000 0.000954 -0.015214 -0.727850
    35 1.099669 0.000002 -0.000001 0.001685 0.001741 -0.527276
    36 0.950558 -1.145017 -1.396461 0.951122 0.342143 -0.576895
    37 1.789782 0.000000 -0.000004 0.000072 -0.044679 0.195483
    38 1.206999 0.000002 0.000000 0.003524 -0.004399 0.823263
    39 -4.061154 -15.840263 -3.381158 1.603220 0.143449 0.080211
    40 0.025545 -1.273521 1.753304 0.000000 0.000000 0.000000
    41 0.001032 1.440453 -1.526783 0.000000 0.000000 0.000000
    42 0.004413 0.696487 -1.430595 0.000000 0.000000 0.000000
    43 0.580660 0.349014 -1.430595 0.000000 0.000000 0.000000
    44 0.583444 -0.305904 -1.430599 0.000000 0.000000 0.000000
    45 0.005318 -0.648720 -1.430599 0.000000 0.000000 0.000000
    46 -0.574618 -0.303123 -1.430601 0.000000 0.000000 0.000000
    47 -0.573714 0.348118 -1.430595 0.000000 0.000000 0.000000
    48 -0.029968 -0.059296 1.773438 -1.561870 -0.003783 0.018306
    49 0.041163 0.095589 -2.899426 0.000001 0.000000 0.000000
    50 0.081115 -2.496311 -0.915165 0.000000 0.000000 0.000000
    51 4.863281 2.800781 -18.203125 1.570792 0.000003 -0.000003
  time 40
    0 0.000000 -0.000006 0.000000 -1.570781 -1.391896 -1.570809
    1 0.810655 -4.022824 3.918189 1.596637 -1.286515 2.942961
    2 6.028141 0.000000 0.000000 -0.741543 -0.441582 -1.651204
    3 11.692554 0.000001 0.000000 -0.000024 0.000036 -1.249790
    4 11.481670 0.000001 -0.000031 1.291436 -0.764978 0.268693
    5 3.859711 -0.142405 -1.191975 -0.445566 0.211899 -0.755535
    6 1.312555 -0.000002 0.000000 0.000000 0.000000 -0.323555
    7 0.729363 -0.000002 -0.000002 0.000000 0.000000 -0.107650
    8 3.942337 0.046767 -0.431443 -0.140502 0.093124 -0.675330
    9 1.539097 0.000000 0.000000 0.000000 0.000000 -0.111068
    10 1.196325 -0.000002 -0.000001 0.000000 0.000000 -0.294119
    11 3.883698 -0.046765 0.431443 0.088059 0.009953 -0.451707
    12 1.719570 -0.000004 -0.000001 0.000743 0.005468 -0.229842
    13 1.209169 -0.000004 0.000000 0.000419 0.003072 -0.079684
    14 3.859863 -0.137946 1.332466 0.345944 -0.089700 -0.403092
    15 1.719431 0.000002 0.000000 0.000551 0.004050 -0.226349
    16 1.099667 0.000000 -0.000001 0.000348 0.002572 -0.107612
    17 0.806053 -0.348926 1.321258 -1.315691 -0.739012 -0.595365
    18 1.789778 -0.000002 0.000002 0.014070 -0.033809 0.138467
    19 1.207005 0.000000 0.000002 0.004830 0.000479 0.417258
    20 0.192017 -5.855469 -4.773438 -1.668474 1.286518 2.942953
    21 6.028145 0.000000 0.000000 1.256640 0.565665 -1.236473
    22 11.692554 0.000001 0.000002 0.000000 0.000000 -1.607054
    23 11.481699 0.000001 0.000001 -1.397391 0.121304 0.790930
    24 3.859680 -0.132567 1.193109 0.566835 -0.060499 -1.408425
    25 1.312555 -0.000002 0.000002 0.072278 -0.157178 -0.656760
    26 0.729365 0.000000 -0.000001 -0.023337 -0.412078 -1.179798
    27 3.942307 0.050327 0.431044 0.084249 -0.015145 -1.280306
    28 1.539099 -0.000002 0.000000 0.028455 -0.017392 -0.998558
    29 1.196321 0.000010 0.000000 -0.000519 0.009342 -1.131088
    30 3.883659 -0.050321 -0.431042 -0.047599 -0.027561 -1.047376
    31 1.719578 0.000002 0.000000 0.011340 0.002103 -1.500357
    32 1.209185 0.000002 0.000000 0.001786 -0.003742 -0.451851
    33 3.859840 -0.148937 -1.331282 -0.296378 0.195348 -0.060071
    34 1.719421 0.000002 0.000000 0.000954 -0.015214 -0.727850
    35 1.099669 0.000002 -0.000001 0.001685 0.001741 -0.527276
    36 0.950558 -1.145017 -1.396461 0.950134 0.338056 -0.580606
    37 1.789782 0.000000 -0.000004 -0.000287 -0.047615 0.217902
    38 1.206999 0.000002 0.000000 0.003907 -0.004387 0.837706
    39 -4.065061 -15.910578 -3.459286 1.584460 0.148043 0.086644
    40 0.025545 -1.273521 1.753304 0.000000 0.000000 0.000000
    41 0.001032 1.440453 -1.526783 0.000000 0.000000 0.000000
    42 0.004413 0.696487 -1.430595 0.000000 0.000000 0.000000
    43 0.580660 0.349014 -1.430595 0.000000 0.000000 0.000000
    44 0.583444 -0.305904 -1.430599 0.000000 0.000000 0.000000
    45 0.005318 -0.648720 -1.430599 0.000000 0.000000 0.000000
    46 -0.574618 -0.303123 -1.430601 0.000000 0.000000 0.000000
    47 -0.573714 0.348118 -1.430595 0.000000 0.000000 0.000000
    48 -0.029968 -0.059296 1.773438 -1.561870 -0.003783 0.018306
    49 0.041163 0.095589 -2.899426 0.000001 0.000000 0.000000
    50 0.081115 -2.496311 -0.915165 0.000000 0.000000 0.000000
    51 4.863281 2.800781 -18.203125 1.570792 0.000003 -0.000003
  time 41
    0 0.000000 -0.000006 0.000000 -1.570781 -1.391896 -1.570809
    1 0.841906 -4.057981 3.886938 1.596637 -1.286515 2.942961
    2 6.028141 0.000000 0.000000 -0.743828 -0.451093 -1.664709
    3 11.692554 0.000001 0.000000 -0.000024 0.000036 -1.216966
    4 11.481670 0.000001 -0.000031 1.232524 -0.738143 0.275328
    5 3.859711 -0.142405 -1.191975 -0.445254 0.212583 -0.754033
    6 1.312555 -0.000002 0.000000 0.000000 0.000000 -0.315991
    7 0.729363 -0.000002 -0.000002 0.000000 0.000000 -0.106039
    8 3.942337 0.046767 -0.431443 -0.140347 0.093352 -0.673733
    9 1.539097 0.000000 0.000000 0.000000 0.000000 -0.109479
    10 1.196325 -0.000002 -0.000001 0.000000 0.000000 -0.292540
    11 3.883698 -0.046765 0.431443 0.088083 0.009811 -0.450118
    12 1.719570 -0.000004 -0.000001 0.000755 0.005468 -0.228220
    13 1.209169 -0.000004 0.000000 0.000419 0.003072 -0.078076
    14 3.859863 -0.137946 1.332466 0.345787 -0.090234 -0.401583
    15 1.719431 0.000002 0.000000 0.000551 0.004050 -0.224738
    16 1.099667 0.000000 -0.000001 0.000360 0.002572 -0.106026
    17 0.806053 -0.348926 1.321258 -1.316791 -0.740525 -0.593285
    18 1.789778 -0.000002 0.000002 0.014573 -0.034180 0.137398
    19 1.207005 0.000000 0.000002 0.004890 0.000503 0.421629
    20 0.192017 -5.855469 -4.773438 -1.668474 1.286518 2.942953
    21 6.028145 0.000000 0.000000 1.259610 0.564663 -1.234780
    22 11.692554 0.000001 0.000002 0.000000 0.000000 -1.590282
    23 11.481699 0.000001 0.000001 -1.401004 0.116519 0.752914
    24 3.859680 -0.132567 1.193109 0.566835 -0.060499 -1.408425
    25 1.312555 -0.000002 0.000002 0.072278 -0.157178 -0.656760
    26 0.729365 0.000000 -0.000001 -0.023337 -0.412078 -1.179798
    27 3.942307 0.050327 0.431044 0.084249 -0.015145 -1.280306
    28 1.539099 -0.000002 0.000000 0.028455 -0.017392 -0.998558
    29 1.196321 0.000010 0.000000 -0.000519 0.009342 -1.131088
    30 3.883659 -0.050321 -0.431042 -0.047599 -0.027561 -1.047376
    31 1.719578 0.000002 0.000000 0.011340 0.002103 -1.500357
    32 1.209185 0.000002 0.000000 0.001786 -0.003742 -0.451851
    33 3.859840 -0.148937 -1.331282 -0.296378 0.195348 -0.060071
    34 1.719421 0.000002 0.000000 0.000954 -0.015214 -0.727850
    35 1.099669 0.000002 -0.000001 0.001685 0.001741 -0.527276
    36 0.950558 -1.145017 -1.396461 0.949238 0.334274 -0.584059
    37 1.789782 0.000000 -0.000004 -0.000683 -0.050324 0.238636
    38 1.206999 0.000002 0.000000 0.004255 -0.004387 0.851093
    39 -4.068967 -15.957454 -3.506162 1.565795 0.146140 0.090903
    40 0.025545 -1.273521 1.753304 0.000000 0.000000 0.000000
    41 0.001032 1.440453 -1.526783 0.000000 0.000000 0.000000
    42 0.004413 0.696487 -1.430595 0.000000 0.000000 0.000000
    43 0.580660 0.349014 -1.430595 0.000000 0.000000 0.000000
    44 0.583444 -0.305904 -1.430599 0.000000 0.000000 0.000000
    45 0.005318 -0.648720 -1.430599 0.000000 0.000000 0.000000
    46 -0.574618 -0.303123 -1.430601 0.000000 0.000000 0.000000
    47 -0.573714 0.348118 -1.430595 0.000000 0.000000 0.000000
    48 -0.029968 -0.059296 1.773438 -1.561870 -0.003783 0.018306
    49 0.041163 0.095589 -2.899426 0.000001 0.000000 0.000000
    50 0.081115 -2.496311 -0.915165 0.000000 0.000000 0.000000
    51 4.863281 2.800781 -18.203125 1.570792 0.000003 -0.000003
  time 42
    0 0.000000 -0.000006 0.000000 -1.570781 -1.391896 -1.570809
    1 0.877064 -4.093138 3.859594 1.596637 -1.286515 2.942961
    2 6.028141 0.000000 0.000000 -0.747104 -0.458857 -1.675503
    3 11.692554 0.000001 0.000000 -0.000024 0.000036 -1.190575
    4 11.481670 0.000001 -0.000031 1.183292 -0.708365 0.283817
    5 3.859711 -0.142405 -1.191975 -0.445051 0.213014 -0.753113
    6 1.312555 -0.000002 0.000000 0.000000 0.000000 -0.308166
    7 0.729363 -0.000002 -0.000002 0.000000 0.000000 -0.105045
    8 3.942337 0.046767 -0.431443 -0.140251 0.093496 -0.672745
    9 1.539097 0.000000 0.000000 0.000000 0.000000 -0.108515
    10 1.196325 -0.000002 -0.000001 0.000000 0.000000 -0.291550
    11 3.883698 -0.046765 0.431443 0.088083 0.009726 -0.449117
    12 1.719570 -0.000004 -0.000001 0.000755 0.005468 -0.227234
    13 1.209169 -0.000004 0.000000 0.000419 0.003072 -0.077122
    14 3.859863 -0.137946 1.332466 0.345720 -0.090579 -0.400655
    15 1.719431 0.000002 0.000000 0.000551 0.004050 -0.223731
    16 1.099667 0.000000 -0.000001 0.000360 0.002572 -0.105039
    17 0.806053 -0.348926 1.321258 -1.317403 -0.741992 -0.592121
    18 1.789778 -0.000002 0.000002 0.015053 -0.034408 0.136741
    19 1.207005 0.000000 0.000002 0.004926 0.000515 0.426600
    20 0.192017 -5.855469 -4.773438 -1.668474 1.286518 2.942953
    21 6.028145 0.000000 0.000000 1.260185 0.563136 -1.234027
    22 11.692554 0.000001 0.000002 0.000000 0.000000 -1.578386
    23 11.481699 0.000001 0.000001 -1.399254 0.115270 0.721784
    24 3.859680 -0.132567 1.193109 0.566835 -0.060499 -1.408425
    25 1.312555 -0.000002 0.000002 0.072278 -0.157178 -0.656760
    26 0.729365 0.000000 -0.000001 -0.023337 -0.412078 -1.179798
    27 3.942307 0.050327 0.431044 0.084249 -0.015145 -1.280306
    28 1.539099 -0.000002 0.000000 0.028455 -0.017392 -0.998558
    29 1.196321 0.000010 0.000000 -0.000519 0.009342 -1.131088
    30 3.883659 -0.050321 -0.431042 -0.047599 -0.027561 -1.047376
    31 1.719578 0.000002 0.000000 0.011340 0.002103 -1.500357
    32 1.209185 0.000002 0.000000 0.001786 -0.003742 -0.451851
    33 3.859840 -0.148937 -1.331282 -0.296378 0.195348 -0.060071
    34 1.719421 0.000002 0.000000 0.000954 -0.015214 -0.727850
    35 1.099669 0.000002 -0.000001 0.001685 0.001741 -0.527276
    36 0.950558 -1.145017 -1.396461 0.948434 0.330853 -0.587137
    37 1.789782 0.000000 -0.000004 -0.001090 -0.052756 0.257343
    38 1.206999 0.000002 0.000000 0.004578 -0.004387 0.863147
    39 -4.068967 -15.973080 -3.521788 1.549237 0.140386 0.092468
    40 0.025545 -1.273521 1.753304 0.000000 0.000000 0.000000
    41 0.001032 1.440453 -1.526783 0.000000 0.000000 0.000000
    42 0.004413 0.696487 -1.430595 0.000000 0.000000 0.000000
    43 0.580660 0.349014 -1.430595 0.000000 0.000000 0.000000
    44 0.583444 -0.305904 -1.430599 0.000000 0.000000 0.000000
    45 0.005318 -0.648720 -1.430599 0.000000 0.000000 0.000000
    46 -0.574618 -0.303123 -1.430601 0.000000 0.000000 0.000000
    47 -0.573714 0.348118 -1.430595 0.000000 0.000000 0.000000
    48 -0.029968 -0.059296 1.773438 -1.561870 -0.003783 0.018306
    49 0.041163 0.095589 -2.899426 0.000001 0.000000 0.000000
    50 0.081115 -2.496311 -0.915165 0.000000 0.000000 0.000000
    51 4.863281 2.800781 -18.203125 1.570792 0.000003 -0.000003
  time 43
    0 0.000000 -0.000006 0.000000 -1.570781 -1.391896 -1.570809
    1 0.908315 -4.124389 3.828343 1.596637 -1.286515 2.942961
    2 6.028141 0.000000 0.000000 -0.750303 -0.463865 -1.683967
    3 11.692554 0.000001 0.000000 -0.000024 0.000036 -1.175082
    4 11.481670 0.000001 -0.000031 1.138209 -0.677524 0.307287
    5 3.859711 -0.142405 -1.191975 -0.444991 0.213182 -0.752776
    6 1.312555 -0.000002 0.000000 0.000000 0.000000 -0.300104
    7 0.729363 -0.000002 -0.000002 0.000000 0.000000 -0.104702
    8 3.942337 0.046767 -0.431443 -0.140227 0.093544 -0.672365
    9 1.539097 0.000000 0.000000 0.000000 0.000000 -0.108175
    10 1.196325 -0.000002 -0.000001 0.000000 0.000000 -0.291197
    11 3.883698 -0.046765 0.431443 0.088095 0.009683 -0.448748
    12 1.719570 -0.000004 -0.000001 0.000767 0.005468 -0.226852
    13 1.209169 -0.000004 0.000000 0.000419 0.003072 -0.076765
    14 3.859863 -0.137946 1.332466 0.345675 -0.090700 -0.400307
    15 1.719431 0.000002 0.000000 0.000563 0.004050 -0.223386
    16 1.099667 0.000000 -0.000001 0.000360 0.002572 -0.104710
    17 0.806053 -0.348926 1.321258 -1.317500 -0.743443 -0.591998
    18 1.789778 -0.000002 0.000002 0.015496 -0.034468 0.136511
    19 1.207005 0.000000 0.000002 0.004938 0.000527 0.432194
    20 0.192017 -5.855469 -4.773438 -1.668474 1.286518 2.942953
    21 6.028145 0.000000 0.000000 1.258556 0.561609 -1.234403
    22 11.692554 0.000001 0.000002 0.000000 0.000000 -1.573731
    23 11.481699 0.000001 0.000001 -1.391633 0.116735 0.705443
    24 3.859680 -0.132567 1.193109 0.566835 -0.060499 -1.408425
    25 1.312555 -0.000002 0.000002 0.072278 -0.157178 -0.656760
    26 0.729365 0.000000 -0.000001 -0.023337 -0.412078 -1.179798
    27 3.942307 0.050327 0.431044 0.084249 -0.015145 -1.280306
    28 1.539099 -0.000002 0.000000 0.028455 -0.017392 -0.998558
    29 1.196321 0.000010 0.000000 -0.000519 0.009342 -1.131088
    30 3.883659 -0.050321 -0.431042 -0.047599 -0.027561 -1.047376
    31 1.719578 0.000002 0.000000 0.011340 0.002103 -1.500357
    32 1.209185 0.000002 0.000000 0.001786 -0.003742 -0.451851
    33 3.859840 -0.148937 -1.331282 -0.296378 0.195348 -0.060071
    34 1.719421 0.000002 0.000000 0.000954 -0.015214 -0.727850
    35 1.099669 0.000002 -0.000001 0.001685 0.001741 -0.527276
    36 0.950558 -1.145017 -1.396461 0.947768 0.327882 -0.589813
    37 1.789782 0.000000 -0.000004 -0.001474 -0.054854 0.273536
    38 1.206999 0.000002 0.000000 0.004854 -0.004399 0.873590
    39 -4.072873 -15.961360 -3.510069 1.539665 0.131105 0.091599
    40 0.025545 -1.273521 1.753304 0.000000 0.000000 0.000000
    41 0.001032 1.440453 -1.526783 0.000000 0.000000 0.000000
    42 0.004413 0.696487 -1.430595 0.000000 0.000000 0.000000
    43 0.580660 0.349014 -1.430595 0.000000 0.000000 0.000000
    44 0.583444 -0.305904 -1.430599 0.000000 0.000000 0.000000
    45 0.005318 -0.648720 -1.430599 0.000000 0.000000 0.000000
    46 -0.574618 -0.303123 -1.430601 0.000000 0.000000 0.000000
    47 -0.573714 0.348118 -1.430595 0.000000 0.000000 0.000000
    48 -0.029968 -0.059296 1.773438 -1.561870 -0.003783 0.018306
    49 0.041163 0.095589 -2.899426 0.000001 0.000000 0.000000
    50 0.081115 -2.496311 -0.915165 0.000000 0.000000 0.000000
    51 4.863281 2.800781 -18.203125 1.570792 0.000003 -0.000003
  time 44
    0 0.000000 -0.000006 0.000000 -1.570781 -1.391896 -1.570809
    1 0.939566 -4.155640 3.800998 1.596637 -1.286515 2.942961
    2 6.028141 0.000000 0.000000 -0.752512 -0.465243 -1.690576
    3 11.692554 0.000001 0.000000 -0.000024 0.000036 -1.173572
    4 11.481670 0.000001 -0.000031 1.093033 -0.647311 0.354370
    5 3.859711 -0.142405 -1.191975 -0.446105 0.211828 -0.759520
    6 1.312555 -0.000002 0.000000 0.000096 0.000072 -0.291781
    7 0.729363 -0.000002 -0.000002 -0.000791 -0.000300 -0.109638
    8 3.942337 0.046767 -0.431443 -0.140670 0.092405 -0.678523
    9 1.539097 0.000000 0.000000 0.000012 -0.000036 -0.110898
    10 1.196325 -0.000002 -0.000001 0.000000 0.000000 -0.294331
    11 3.883698 -0.046765 0.431443 0.088047 0.009414 -0.453121
    12 1.719570 -0.000004 -0.000001 0.000875 0.005013 -0.234422
    13 1.209169 -0.000004 0.000000 0.000467 0.003060 -0.078493
    14 3.859863 -0.137946 1.332466 0.346369 -0.089751 -0.406147
    15 1.719431 0.000002 0.000000 0.001031 0.003319 -0.228910
    16 1.099667 0.000000 -0.000001 0.000419 0.002560 -0.106744
    17 0.806053 -0.348926 1.321258 -1.317329 -0.746547 -0.593013
    18 1.789778 -0.000002 0.000002 0.015796 -0.033018 0.139486
    19 1.207005 0.000000 0.000002 0.004782 0.000539 0.442884
    20 0.192017 -5.855469 -4.773438 -1.668474 1.286518 2.942953
    21 6.028145 0.000000 0.000000 1.255298 0.560511 -1.235720
    22 11.692554 0.000001 0.000002 0.000000 0.000000 -1.577425
    23 11.481699 0.000001 0.000001 -1.378254 0.119149 0.709031
    24 3.859680 -0.132567 1.193109 0.566835 -0.060499 -1.408425
    25 1.312555 -0.000002 0.000002 0.072278 -0.157178 -0.656760
    26 0.729365 0.000000 -0.000001 -0.023337 -0.412078 -1.179798
    27 3.942307 0.050327 0.431044 0.084249 -0.015145 -1.280306
    28 1.539099 -0.000002 0.000000 0.028455 -0.017392 -0.998558
    29 1.196321 0.000010 0.000000 -0.000519 0.009342 -1.131088
    30 3.883659 -0.050321 -0.431042 -0.047599 -0.027561 -1.047376
    31 1.719578 0.000002 0.000000 0.011340 0.002103 -1.500357
    32 1.209185 0.000002 0.000000 0.001786 -0.003742 -0.451851
    33 3.859840 -0.148937 -1.331282 -0.296378 0.195348 -0.060071
    34 1.719421 0.000002 0.000000 0.000954 -0.015214 -0.727850
    35 1.099669 0.000002 -0.000001 0.001685 0.001741 -0.527276
    36 0.950558 -1.145017 -1.396461 0.947217 0.325451 -0.591999
    37 1.789782 0.000000 -0.000004 -0.001822 -0.056568 0.286816
    38 1.206999 0.000002 0.000000 0.005082 -0.004399 0.882144
    39 -4.076780 -15.937922 -3.474911 1.540910 0.118715 0.089339
    40 0.025545 -1.273521 1.753304 0.000000 0.000000 0.000000
    41 0.001032 1.440453 -1.526783 0.000000 0.000000 0.000000
    42 0.004413 0.696487 -1.430595 0.000000 0.000000 0.000000
    43 0.580660 0.349014 -1.430595 0.000000 0.000000 0.000000
    44 0.583444 -0.305904 -1.430599 0.000000 0.000000 0.000000
    45 0.005318 -0.648720 -1.430599 0.000000 0.000000 0.000000
    46 -0.574618 -0.303123 -1.430601 0.000000 0.000000 0.000000
    47 -0.573714 0.348118 -1.430595 0.000000 0.000000 0.000000
    48 -0.029968 -0.059296 1.773438 -1.561870 -0.003783 0.018306
    49 0.041163 0.095589 -2.899426 0.000001 0.000000 0.000000
    50 0.081115 -2.496311 -0.915165 0.000000 0.000000 0.000000
    51 4.863281 2.800781 -18.203125 1.570792 0.000003 -0.000003
  time 45
    0 0.000000 -0.000006 0.000000 -1.570781 -1.391896 -1.570809
    1 0.970817 -4.186891 3.773654 1.596637 -1.286515 2.942961
    2 6.028141 0.000000 0.000000 -0.754036 -0.464600 -1.696092
    3 11.692554 0.000001 0.000000 -0.000024 0.000036 -1.178234
    4 11.481670 0.000001 -0.000031 1.055049 -0.619270 0.407231
    5 3.859711 -0.142405 -1.191975 -0.449245 0.207921 -0.778708
    6 1.312555 -0.000002 0.000000 0.000408 0.000300 -0.283292
    7 0.729363 -0.000002 -0.000002 -0.003056 -0.001162 -0.123793
    8 3.942337 0.046767 -0.431443 -0.141929 0.089158 -0.696085
    9 1.539097 0.000000 0.000000 0.000048 -0.000156 -0.118612
    10 1.196325 -0.000002 -0.000001 0.000012 0.000000 -0.303263
    11 3.883698 -0.046765 0.431443 0.087903 0.008647 -0.465610
    12 1.719570 -0.000004 -0.000001 0.001210 0.003730 -0.255986
    13 1.209169 -0.000004 0.000000 0.000575 0.003036 -0.083407
    14 3.859863 -0.137946 1.332466 0.348272 -0.087009 -0.422815
    15 1.719431 0.000002 0.000000 0.002385 0.001270 -0.244705
    16 1.099667 0.000000 -0.000001 0.000587 0.002500 -0.112549
    17 0.806053 -0.348926 1.321258 -1.317109 -0.752769 -0.595167
    18 1.789778 -0.000002 0.000002 0.015880 -0.028931 0.148000
    19 1.207005 0.000000 0.000002 0.004326 0.000539 0.462316
    20 0.192017 -5.855469 -4.773438 -1.668474 1.286518 2.942953
    21 6.028145 0.000000 0.000000 1.250891 0.559223 -1.237508
    22 11.692554 0.000001 0.000002 0.000000 0.000000 -1.584371
    23 11.481699 0.000001 0.000001 -1.361488 0.122942 0.718002
    24 3.859680 -0.132567 1.193109 0.566835 -0.060499 -1.408425
    25 1.312555 -0.000002 0.000002 0.072278 -0.157178 -0.656760
    26 0.729365 0.000000 -0.000001 -0.023337 -0.412078 -1.179798
    27 3.942307 0.050327 0.431044 0.084249 -0.015145 -1.280306
    28 1.539099 -0.000002 0.000000 0.028455 -0.017392 -0.998558
    29 1.196321 0.000010 0.000000 -0.000519 0.009342 -1.131088
    30 3.883659 -0.050321 -0.431042 -0.047599 -0.027561 -1.047376
    31 1.719578 0.000002 0.000000 0.011340 0.002103 -1.500357
    32 1.209185 0.000002 0.000000 0.001786 -0.003742 -0.451851
    33 3.859840 -0.148937 -1.331282 -0.296378 0.195348 -0.060071
    34 1.719421 0.000002 0.000000 0.000954 -0.015214 -0.727850
    35 1.099669 0.000002 -0.000001 0.001685 0.001741 -0.527276
    36 0.950558 -1.145017 -1.396461 0.946803 0.323614 -0.593668
    37 1.789782 0.000000 -0.000004 -0.002097 -0.057862 0.296812
    38 1.206999 0.000002 0.000000 0.005249 -0.004411 0.888616
    39 -4.084593 -15.898859 -3.420222 1.544355 0.103772 0.085774
    40 0.025545 -1.273521 1.753304 0.000000 0.000000 0.000000
    41 0.001032 1.440453 -1.526783 0.000000 0.000000 0.000000
    42 0.004413 0.696487 -1.430595 0.000000 0.000000 0.000000
    43 0.580660 0.349014 -1.430595 0.000000 0.000000 0.000000
    44 0.583444 -0.305904 -1.430599 0.000000 0.000000 0.000000
    45 0.005318 -0.648720 -1.430599 0.000000 0.000000 0.000000
    46 -0.574618 -0.303123 -1.430601 0.000000 0.000000 0.000000
    47 -0.573714 0.348118 -1.430595 0.000000 0.000000 0.000000
    48 -0.029968 -0.059296 1.773438 -1.561870 -0.003783 0.018306
    49 0.041163 0.095589 -2.899426 0.000001 0.000000 0.000000
    50 0.081115 -2.496311 -0.915165 0.000000 0.000000 0.000000
    51 4.863281 2.800781 -18.203125 1.570792 0.000003 -0.000003
  time 46
    0 0.000000 -0.000006 0.000000 -1.570781 -1.391896 -1.570809
    1 0.998161 -4.214236 3.746309 1.596637 -1.286515 2.942961
    2 6.028141 0.000000 0.000000 -0.755102 -0.462441 -1.700609
    3 11.692554 0.000001 0.000000 -0.000024 0.000036 -1.187096
    4 11.481670 0.000001 -0.000031 1.024348 -0.593980 0.461876
    5 3.859711 -0.142405 -1.191975 -0.454003 0.201677 -0.808747
    6 1.312555 -0.000002 0.000000 0.000887 0.000647 -0.274732
    7 0.729363 -0.000002 -0.000002 -0.006579 -0.002589 -0.145933
    8 3.942337 0.046767 -0.431443 -0.143786 0.084016 -0.723581
    9 1.539097 0.000000 0.000000 0.000108 -0.000348 -0.130637
    10 1.196325 -0.000002 -0.000001 0.000024 0.000000 -0.317237
    11 3.883698 -0.046765 0.431443 0.087724 0.007441 -0.485127
    12 1.719570 -0.000004 -0.000001 0.001798 0.001729 -0.289858
    13 1.209169 -0.000004 0.000000 0.000755 0.003000 -0.091062
    14 3.859863 -0.137946 1.332466 0.351181 -0.082662 -0.448880
    15 1.719431 0.000002 0.000000 0.004566 -0.001906 -0.269476
    16 1.099667 0.000000 -0.000001 0.000851 0.002428 -0.121616
    17 0.806053 -0.348926 1.321258 -1.316840 -0.761647 -0.598312
    18 1.789778 -0.000002 0.000002 0.015856 -0.022543 0.161314
    19 1.207005 0.000000 0.000002 0.003607 0.000551 0.489315
    20 0.192017 -5.855469 -4.773438 -1.668474 1.286518 2.942953
    21 6.028145 0.000000 0.000000 1.245526 0.557743 -1.239672
    22 11.692554 0.000001 0.000002 0.000000 0.000000 -1.593385
    23 11.481699 0.000001 0.000001 -1.342577 0.127985 0.729688
    24 3.859680 -0.132567 1.193109 0.566835 -0.060499 -1.408425
    25 1.312555 -0.000002 0.000002 0.072278 -0.157178 -0.656760
    26 0.729365 0.000000 -0.000001 -0.023337 -0.412078 -1.179798
    27 3.942307 0.050327 0.431044 0.084249 -0.015145 -1.280306
    28 1.539099 -0.000002 0.000000 0.028455 -0.017392 -0.998558
    29 1.196321 0.000010 0.000000 -0.000519 0.009342 -1.131088
    30 3.883659 -0.050321 -0.431042 -0.047599 -0.027561 -1.047376
    31 1.719578 0.000002 0.000000 0.011340 0.002103 -1.500357
    32 1.209185 0.000002 0.000000 0.001786 -0.003742 -0.451851
    33 3.859840 -0.148937 -1.331282 -0.296378 0.195348 -0.060071
    34 1.719421 0.000002 0.000000 0.000954 -0.015214 -0.727850
    35 1.099669 0.000002 -0.000001 0.001685 0.001741 -0.527276
    36 0.950558 -1.145017 -1.396461 0.946528 0.322462 -0.594703
    37 1.789782 0.000000 -0.000004 -0.002277 -0.058665 0.303123
    38 1.206999 0.000002 0.000000 0.005357 -0.004411 0.892671
    39 -4.088499 -15.848076 -3.349908 1.548567 0.087205 0.081080
    40 0.025545 -1.273521 1.753304 0.000000 0.000000 0.000000
    41 0.001032 1.440453 -1.526783 0.000000 0.000000 0.000000
    42 0.004413 0.696487 -1.430595 0.000000 0.000000 0.000000
    43 0.580660 0.349014 -1.430595 0.000000 0.000000 0.000000
    44 0.583444 -0.305904 -1.430599 0.000000 0.000000 0.000000
    45 0.005318 -0.648720 -1.430599 0.000000 0.000000 0.000000
    46 -0.574618 -0.303123 -1.430601 0.000000 0.000000 0.000000
    47 -0.573714 0.348118 -1.430595 0.000000 0.000000 0.000000
    48 -0.029968 -0.059296 1.773438 -1.561870 -0.003783 0.018306
    49 0.041163 0.095589 -2.899426 0.000001 0.000000 0.000000
    50 0.081115 -2.496311 -0.915165 0.000000 0.000000 0.000000
    51 4.863281 2.800781 -18.203125 1.570792 0.000003 -0.000003
  time 47
    0 0.000000 -0.000006 0.000000 -1.570781 -1.391896 -1.570809
    1 1.025506 -4.245487 3.722871 1.596637 -1.286515 2.942961
    2 6.028141 0.000000 0.000000 -0.755788 -0.459041 -1.704318
    3 11.692554 0.000001 0.000000 -0.000024 0.000036 -1.198913
    4 11.481670 0.000001 -0.000031 1.000101 -0.571585 0.516021
    5 3.859711 -0.142405 -1.191975 -0.459947 0.193287 -0.848043
    6 1.312555 -0.000002 0.000000 0.001510 0.001103 -0.266149
    7 0.729363 -0.000002 -0.000002 -0.011133 -0.004578 -0.174895
    8 3.942337 0.046767 -0.431443 -0.146003 0.077209 -0.759591
    9 1.539097 0.000000 0.000000 0.000204 -0.000599 -0.146377
    10 1.196325 -0.000002 -0.000001 0.000048 0.000000 -0.335477
    11 3.883698 -0.046765 0.431443 0.087508 0.005866 -0.510648
    12 1.719570 -0.000004 -0.000001 0.002673 -0.000860 -0.334322
    13 1.209169 -0.000004 0.000000 0.000995 0.002952 -0.101040
    14 3.859863 -0.137946 1.332466 0.354807 -0.076850 -0.482990
    15 1.719431 0.000002 0.000000 0.007538 -0.005969 -0.301872
    16 1.099667 0.000000 -0.000001 0.001186 0.002333 -0.133406
    17 0.806053 -0.348926 1.321258 -1.316473 -0.772795 -0.602347
    18 1.789778 -0.000002 0.000002 0.015808 -0.014202 0.178687
    19 1.207005 0.000000 0.000002 0.002685 0.000599 0.522758
    20 0.192017 -5.855469 -4.773438 -1.668474 1.286518 2.942953
    21 6.028145 0.000000 0.000000 1.239586 0.556121 -1.242118
    22 11.692554 0.000001 0.000002 0.000000 0.000000 -1.603951
    23 11.481699 0.000001 0.000001 -1.322650 0.134148 0.743216
    24 3.859680 -0.132567 1.193109 0.566835 -0.060499 -1.408425
    25 1.312555 -0.000002 0.000002 0.072278 -0.157178 -0.656760
    26 0.729365 0.000000 -0.000001 -0.023337 -0.412078 -1.179798
    27 3.942307 0.050327 0.431044 0.084249 -0.015145 -1.280306
    28 1.539099 -0.000002 0.000000 0.028455 -0.017392 -0.998558
    29 1.196321 0.000010 0.000000 -0.000519 0.009342 -1.131088
    30 3.883659 -0.050321 -0.431042 -0.047599 -0.027561 -1.047376
    31 1.719578 0.000002 0.000000 0.011340 0.002103 -1.500357
    32 1.209185 0.000002 0.000000 0.001786 -0.003742 -0.451851
    33 3.859840 -0.148937 -1.331282 -0.296378 0.195348 -0.060071
    34 1.719421 0.000002 0.000000 0.000954 -0.015214 -0.727850
    35 1.099669 0.000002 -0.000001 0.001685 0.001741 -0.527276
    36 0.950558 -1.145017 -1.396461 0.946436 0.322047 -0.595049
    37 1.789782 0.000000 -0.000004 -0.002337 -0.058952 0.305322
    38 1.206999 0.000002 0.000000 0.005393 -0.004411 0.894087
    39 -4.092405 -15.789480 -3.267874 1.552970 0.070082 0.075603
    40 0.025545 -1.273521 1.753304 0.000000 0.000000 0.000000
    41 0.001032 1.440453 -1.526783 0.000000 0.000000 0.000000
    42 0.004413 0.696487 -1.430595 0.000000 0.000000 0.000000
    43 0.580660 0.349014 -1.430595 0.000000 0.000000 0.000000
    44 0.583444 -0.305904 -1.430599 0.000000 0.000000 0.000000
    45 0.005318 -0.648720 -1.430599 0.000000 0.000000 0.000000
    46 -0.574618 -0.303123 -1.430601 0.000000 0.000000 0.000000
    47 -0.573714 0.348118 -1.430595 0.000000 0.000000 0.000000
    48 -0.029968 -0.059296 1.773438 -1.561870 -0.003783 0.018306
    49 0.041163 0.095589 -2.899426 0.000001 0.000000 0.000000
    50 0.081115 -2.496311 -0.915165 0.000000 0.000000 0.000000
    51 4.863281 2.800781 -18.203125 1.570792 0.000003 -0.000003
  time 48
    0 0.000000 -0.000006 0.000000 -1.570781 -1.391896 -1.570809
    1 1.048944 -4.268925 3.699432 1.596637 -1.286515 2.942961
    2 6.028141 0.000000 0.000000 -0.756207 -0.454722 -1.707171
    3 11.692554 0.000001 0.000000 -0.000024 0.000036 -1.212699
    4 11.481670 0.000001 -0.000031 0.981570 -0.552280 0.567813
    5 3.859711 -0.142405 -1.191975 -0.466599 0.182945 -0.894879
    6 1.312555 -0.000002 0.000000 0.002265 0.001630 -0.257684
    7 0.729363 -0.000002 -0.000002 -0.016503 -0.007119 -0.209477
    8 3.942337 0.046767 -0.431443 -0.148316 0.068987 -0.802596
    9 1.539097 0.000000 0.000000 0.000312 -0.000899 -0.165096
    10 1.196325 -0.000002 -0.000001 0.000072 0.000000 -0.357229
    11 3.883698 -0.046765 0.431443 0.087304 0.003979 -0.541131
    12 1.719570 -0.000004 -0.000001 0.003859 -0.003916 -0.387596
    13 1.209169 -0.000004 0.000000 0.001270 0.002904 -0.112925
    14 3.859863 -0.137946 1.332466 0.358881 -0.069743 -0.523751
    15 1.719431 0.000002 0.000000 0.011266 -0.010703 -0.340654
    16 1.099667 0.000000 -0.000001 0.001606 0.002213 -0.147500
    17 0.806053 -0.348926 1.321258 -1.315984 -0.785780 -0.607126
    18 1.789778 -0.000002 0.000002 0.015856 -0.004255 0.199414
    19 1.207005 0.000000 0.000002 0.001570 0.000683 0.561422
    20 0.192017 -5.855469 -4.773438 -1.668474 1.286518 2.942953
    21 6.028145 0.000000 0.000000 1.233263 0.554451 -1.244658
    22 11.692554 0.000001 0.000002 0.000000 0.000000 -1.615625
    23 11.481699 0.000001 0.000001 -1.302949 0.141217 0.758151
    24 3.859680 -0.132567 1.193109 0.566835 -0.060499 -1.408425
    25 1.312555 -0.000002 0.000002 0.072278 -0.157178 -0.656760
    26 0.729365 0.000000 -0.000001 -0.023337 -0.412078 -1.179798
    27 3.942307 0.050327 0.431044 0.084249 -0.015145 -1.280306
    28 1.539099 -0.000002 0.000000 0.028455 -0.017392 -0.998558
    29 1.196321 0.000010 0.000000 -0.000519 0.009342 -1.131088
    30 3.883659 -0.050321 -0.431042 -0.047599 -0.027561 -1.047376
    31 1.719578 0.000002 0.000000 0.011340 0.002103 -1.500357
    32 1.209185 0.000002 0.000000 0.001786 -0.003742 -0.451851
    33 3.859840 -0.148937 -1.331282 -0.296378 0.195348 -0.060071
    34 1.719421 0.000002 0.000000 0.000954 -0.015214 -0.727850
    35 1.099669 0.000002 -0.000001 0.001685 0.001741 -0.527276
    36 0.950558 -1.145017 -1.396461 0.946436 0.322047 -0.595049
    37 1.789782 0.000000 -0.000004 -0.002337 -0.058952 0.305322
    38 1.206999 0.000002 0.000000 0.005393 -0.004411 0.894087
    39 -4.096312 -15.723072 -3.181934 1.557564 0.053515 0.069344
    40 0.025545 -1.273521 1.753304 0.000000 0.000000 0.000000
    41 0.001032 1.440453 -1.526783 0.000000 0.000000 0.000000
    42 0.004413 0.696487 -1.430595 0.000000 0.000000 0.000000
    43 0.580660 0.349014 -1.430595 0.000000 0.000000 0.000000
    44 0.583444 -0.305904 -1.430599 0.000000 0.000000 0.000000
    45 0.005318 -0.648720 -1.430599 0.000000 0.000000 0.000000
    46 -0.574618 -0.303123 -1.430601 0.000000 0.000000 0.000000
    47 -0.573714 0.348118 -1.430595 0.000000 0.000000 0.000000
    48 -0.029968 -0.059296 1.773438 -1.561870 -0.003783 0.018306
    49 0.041163 0.095589 -2.899426 0.000001 0.000000 0.000000
    50 0.081115 -2.496311 -0.915165 0.000000 0.000000 0.000000
    51 4.863281 2.800781 -18.203125 1.570792 0.000003 -0.000003
  time 49
    0 0.000000 -0.000006 0.000000 -1.570781 -1.391896 -1.570809
    1 1.072382 -4.292363 3.675994 1.596637 -1.286515 2.942961
    2 6.028141 0.000000 0.000000 -0.756588 -0.449760 -1.709216
    3 11.692554 0.000001 0.000000 -0.000024 0.000036 -1.227667
    4 11.481670 0.000001 -0.000031 0.967741 -0.535822 0.615395
    5 3.859711 -0.142405 -1.191975 -0.473490 0.170900 -0.947692
    6 1.312555 -0.000002 0.000000 0.003116 0.002217 -0.249361
    7 0.729363 -0.000002 -0.000002 -0.022435 -0.010199 -0.248446
    8 3.942337 0.046767 -0.431443 -0.150510 0.059568 -0.851126
    9 1.539097 0.000000 0.000000 0.000443 -0.001234 -0.186196
    10 1.196325 -0.000002 -0.000001 0.000108 0.000000 -0.381714
    11 3.883698 -0.046765 0.431443 0.087148 0.001836 -0.575487
    12 1.719570 -0.000004 -0.000001 0.005405 -0.007295 -0.447963
    13 1.209169 -0.000004 0.000000 0.001594 0.002844 -0.126298
    14 3.859863 -0.137946 1.332466 0.363133 -0.061516 -0.569695
    15 1.719431 0.000002 0.000000 0.015688 -0.015856 -0.384385
    16 1.099667 0.000000 -0.000001 0.002061 0.002093 -0.163329
    17 0.806053 -0.348926 1.321258 -1.315373 -0.800154 -0.612524
    18 1.789778 -0.000002 0.000002 0.016083 0.006927 0.222737
    19 1.207005 0.000000 0.000002 0.000324 0.000827 0.604131
    20 0.192017 -5.855469 -4.773438 -1.668474 1.286518 2.942953
    21 6.028145 0.000000 0.000000 1.226940 0.552781 -1.247292
    22 11.692554 0.000001 0.000002 0.000000 0.000000 -1.628038
    23 11.481699 0.000001 0.000001 -1.284602 0.149061 0.773958
    24 3.859680 -0.132567 1.193109 0.566835 -0.060499 -1.408425
    25 1.312555 -0.000002 0.000002 0.072278 -0.157178 -0.656760
    26 0.729365 0.000000 -0.000001 -0.023337 -0.412078 -1.179798
    27 3.942307 0.050327 0.431044 0.084249 -0.015145 -1.280306
    28 1.539099 -0.000002 0.000000 0.028455 -0.017392 -0.998558
    29 1.196321 0.000010 0.000000 -0.000519 0.009342 -1.131088
    30 3.883659 -0.050321 -0.431042 -0.047599 -0.027561 -1.047376
    31 1.719578 0.000002 0.000000 0.011340 0.002103 -1.500357
    32 1.209185 0.000002 0.000000 0.001786 -0.003742 -0.451851
    33 3.859840 -0.148937 -1.331282 -0.296378 0.195348 -0.060071
    34 1.719421 0.000002 0.000000 0.000954 -0.015214 -0.727850
    35 1.099669 0.000002 -0.000001 0.001685 0.001741 -0.527276
    36 0.950558 -1.145017 -1.396461 0.946436 0.322047 -0.595049
    37 1.789782 0.000000 -0.000004 -0.002337 -0.058952 0.305322
    38 1.206999 0.000002 0.000000 0.005393 -0.004411 0.894087
    39 -4.100218 -15.648851 -3.088181 1.561967 0.038480 0.062563
    40 0.025545 -1.273521 1.753304 0.000000 0.000000 0.000000
    41 0.001032 1.440453 -1.526783 0.000000 0.000000 0.000000
    42 0.004413 0.696487 -1.430595 0.000000 0.000000 0.000000
    43 0.580660 0.349014 -1.430595 0.000000 0.000000 0.000000
    44 0.583444 -0.305904 -1.430599 0.000000 0.000000 0.000000
    45 0.005318 -0.648720 -1.430599 0.000000 0.000000 0.000000
    46 -0.574618 -0.303123 -1.430601 0.000000 0.000000 0.000000
    47 -0.573714 0.348118 -1.430595 0.000000 0.000000 0.000000
    48 -0.029968 -0.059296 1.773438 -1.561870 -0.003783 0.018306
    49 0.041163 0.095589 -2.899426 0.000001 0.000000 0.000000
    50 0.081115 -2.496311 -0.915165 0.000000 0.000000 0.000000
    51 4.863281 2.800781 -18.203125 1.570792 0.000003 -0.000003
  time 50
    0 0.000000 -0.000006 0.000000 -1.570781 -1.391896 -1.570809
    1 1.095820 -4.315802 3.656462 1.596637 -1.286515 2.942961
    2 6.028141 0.000000 0.000000 -0.757121 -0.444385 -1.710405
    3 11.692554 0.000001 0.000000 -0.000024 0.000036 -1.243029
    4 11.481670 0.000001 -0.000031 0.958152 -0.522067 0.656913
    5 3.859711 -0.142405 -1.191975 -0.480213 0.157465 -1.004675
    6 1.312555 -0.000002 0.000000 0.004039 0.002852 -0.241322
    7 0.729363 -0.000002 -0.000002 -0.028715 -0.013794 -0.290603
    8 3.942337 0.046767 -0.431443 -0.152355 0.049273 -0.903660
    9 1.539097 0.000000 0.000000 0.000587 -0.001594 -0.208970
    10 1.196325 -0.000002 -0.000001 0.000132 0.000000 -0.408179
    11 3.883698 -0.046765 0.431443 0.087065 -0.000477 -0.612584
    12 1.719570 -0.000004 -0.000001 0.007311 -0.010843 -0.513450
    13 1.209169 -0.000004 0.000000 0.001930 0.002796 -0.140744
    14 3.859863 -0.137946 1.332466 0.367296 -0.052409 -0.619351
    15 1.719431 0.000002 0.000000 0.020721 -0.021225 -0.431799
    16 1.099667 0.000000 -0.000001 0.002565 0.001973 -0.180415
    17 0.806053 -0.348926 1.321258 -1.314590 -0.815501 -0.618392
    18 1.789778 -0.000002 0.000002 0.016575 0.019007 0.247935
    19 1.207005 0.000000 0.000002 -0.001007 0.001042 0.649663
    20 0.192017 -5.855469 -4.773438 -1.668474 1.286518 2.942953
    21 6.028145 0.000000 0.000000 1.220713 0.551110 -1.249738
    22 11.692554 0.000001 0.000002 0.000000 0.000000 -1.640821
    23 11.481699 0.000001 0.000001 -1.268514 0.157596 0.790251
    24 3.859680 -0.132567 1.193109 0.566835 -0.060499 -1.408425
    25 1.312555 -0.000002 0.000002 0.072278 -0.157178 -0.656760
    26 0.729365 0.000000 -0.000001 -0.023337 -0.412078 -1.179798
    27 3.942307 0.050327 0.431044 0.084249 -0.015145 -1.280306
    28 1.539099 -0.000002 0.000000 0.028455 -0.017392 -0.998558
    29 1.196321 0.000010 0.000000 -0.000519 0.009342 -1.131088
    30 3.883659 -0.050321 -0.431042 -0.047599 -0.027561 -1.047376
    31 1.719578 0.000002 0.000000 0.011340 0.002103 -1.500357
    32 1.209185 0.000002 0.000000 0.001786 -0.003742 -0.451851
    33 3.859840 -0.148937 -1.331282 -0.296378 0.195348 -0.060071
    34 1.719421 0.000002 0.000000 0.000954 -0.015214 -0.727850
    35 1.099669 0.000002 -0.000001 0.001685 0.001741 -0.527276
    36 0.950558 -1.145017 -1.396461 0.946436 0.322047 -0.595049
    37 1.789782 0.000000 -0.000004 -0.002337 -0.058952 0.305322
    38 1.206999 0.000002 0.000000 0.005393 -0.004411 0.894087
    39 -4.108031 -15.570724 -2.998334 1.566178 0.025997 0.055435
    40 0.025545 -1.273521 1.753304 0.000000 0.000000 0.000000
    41 0.001032 1.440453 -1.526783 0.000000 0.000000 0.000000
    42 0.004413 0.696487 -1.430595 0.000000 0.000000 0.000000
    43 0.580660 0.349014 -1.430595 0.000000 0.000000 0.000000
    44 0.583444 -0.305904 -1.430599 0.000000 0.000000 0.000000
    45 0.005318 -0.648720 -1.430599 0.000000 0.000000 0.000000
    46 -0.574618 -0.303123 -1.430601 0.000000 0.000000 0.000000
    47 -0.573714 0.348118 -1.430595 0.000000 0.000000 0.000000
    48 -0.029968 -0.059296 1.773438 -1.561870 -0.003783 0.018306
    49 0.041163 0.095589 -2.899426 0.000001 0.000000 0.000000
    50 0.081115 -2.496311 -0.915165 0.000000 0.000000 0.000000
    51 4.863281 2.800781 -18.203125 1.570792 0.000003 -0.000003
  time 51
    0 0.000000 -0.000006 0.000000 -1.570781 -1.391896 -1.570809
    1 1.119259 -4.339240 3.636931 1.596637 -1.286515 2.942961
    2 6.028141 0.000000 0.000000 -0.758111 -0.438964 -1.710595
    3 11.692554 0.000001 0.000000 -0.000024 0.000036 -1.258259
    4 11.481670 0.000001 -0.000031 0.952805 -0.510580 0.690371
    5 3.859711 -0.142405 -1.191975 -0.486397 0.143024 -1.064109
    6 1.312555 -0.000002 0.000000 0.004998 0.003512 -0.233616
    7 0.729363 -0.000002 -0.000002 -0.035115 -0.017833 -0.334644
    8 3.942337 0.046767 -0.431443 -0.153709 0.038403 -0.958550
    9 1.539097 0.000000 0.000000 0.000755 -0.001965 -0.232737
    10 1.196325 -0.000002 -0.000001 0.000168 0.000000 -0.435774
    11 3.883698 -0.046765 0.431443 0.087065 -0.002889 -0.651378
    12 1.719570 -0.000004 -0.000001 0.009552 -0.014414 -0.582055
    13 1.209169 -0.000004 0.000000 0.002289 0.002737 -0.155816
    14 3.859863 -0.137946 1.332466 0.371168 -0.042698 -0.671288
    15 1.719431 0.000002 0.000000 0.026246 -0.026558 -0.481399
    16 1.099667 0.000000 -0.000001 0.003092 0.001865 -0.198279
    17 0.806053 -0.348926 1.321258 -1.313636 -0.831420 -0.624632
    18 1.789778 -0.000002 0.000002 0.017390 0.031603 0.274283
    19 1.207005 0.000000 0.000002 -0.002397 0.001318 0.696743
    20 0.192017 -5.855469 -4.773438 -1.668474 1.286518 2.942953
    21 6.028145 0.000000 0.000000 1.214868 0.549392 -1.252090
    22 11.692554 0.000001 0.000002 0.000000 0.000000 -1.653455
    23 11.481699 0.000001 0.000001 -1.255530 0.166690 0.806204
    24 3.859680 -0.132567 1.193109 0.566835 -0.060499 -1.408425
    25 1.312555 -0.000002 0.000002 0.072278 -0.157178 -0.656760
    26 0.729365 0.000000 -0.000001 -0.023337 -0.412078 -1.179798
    27 3.942307 0.050327 0.431044 0.084249 -0.015145 -1.280306
    28 1.539099 -0.000002 0.000000 0.028455 -0.017392 -0.998558
    29 1.196321 0.000010 0.000000 -0.000519 0.009342 -1.131088
    30 3.883659 -0.050321 -0.431042 -0.047599 -0.027561 -1.047376
    31 1.719578 0.000002 0.000000 0.011340 0.002103 -1.500357
    32 1.209185 0.000002 0.000000 0.001786 -0.003730 -0.451851
    33 3.859840 -0.148937 -1.331282 -0.296378 0.195348 -0.060071
    34 1.719421 0.000002 0.000000 0.000954 -0.015214 -0.727850
    35 1.099669 0.000002 -0.000001 0.001685 0.001741 -0.527276
    36 0.950558 -1.145017 -1.396461 0.946436 0.322047 -0.595049
    37 1.789782 0.000000 -0.000004 -0.002337 -0.058952 0.305322
    38 1.206999 0.000002 0.000000 0.005393 -0.004411 0.894087
    39 -4.111937 -15.488690 -2.908488 1.569815 0.016669 0.048132
    40 0.025545 -1.273521 1.753304 0.000000 0.000000 0.000000
    41 0.001032 1.440453 -1.526783 0.000000 0.000000 0.000000
    42 0.004413 0.696487 -1.430595 0.000000 0.000000 0.000000
    43 0.580660 0.349014 -1.430595 0.000000 0.000000 0.000000
    44 0.583444 -0.305904 -1.430599 0.000000 0.000000 0.000000
    45 0.005318 -0.648720 -1.430599 0.000000 0.000000 0.000000
    46 -0.574618 -0.303123 -1.430601 0.000000 0.000000 0.000000
    47 -0.573714 0.348118 -1.430595 0.000000 0.000000 0.000000
    48 -0.029968 -0.059296 1.773438 -1.561870 -0.003783 0.018306
    49 0.041163 0.095589 -2.899426 0.000001 0.000000 0.000000
    50 0.081115 -2.496311 -0.915165 0.000000 0.000000 0.000000
    51 4.863281 2.800781 -18.203125 1.570792 0.000003 -0.000003
  time 52
    0 0.000000 -0.000006 0.000000 -1.570781 -1.391896 -1.570809
    1 1.134884 -4.358772 3.617399 1.596637 -1.286515 2.942961
    2 6.028141 0.000000 0.000000 -0.759901 -0.433680 -1.709596
    3 11.692554 0.000001 0.000000 -0.000024 0.000036 -1.272702
    4 11.481670 0.000001 -0.000031 0.951699 -0.501217 0.713770
    5 3.859711 -0.142405 -1.191975 -0.491767 0.128019 -1.124217
    6 1.312555 -0.000002 0.000000 0.005980 0.004171 -0.226360
    7 0.729363 -0.000002 -0.000002 -0.041419 -0.022207 -0.379303
    8 3.942337 0.046767 -0.431443 -0.154465 0.027317 -1.014226
    9 1.539097 0.000000 0.000000 0.000935 -0.002337 -0.256844
    10 1.196325 -0.000002 -0.000001 0.000204 0.000000 -0.463794
    11 3.883698 -0.046765 0.431443 0.087160 -0.005344 -0.690737
    12 1.719570 -0.000004 -0.000001 0.012069 -0.017878 -0.651740
    13 1.209169 -0.000004 0.000000 0.002649 0.002701 -0.171126
    14 3.859863 -0.137946 1.332466 0.374570 -0.032625 -0.723884
    15 1.719431 0.000002 0.000000 0.032119 -0.031700 -0.531776
    16 1.099667 0.000000 -0.000001 0.003631 0.001757 -0.216383
    17 0.806053 -0.348926 1.321258 -1.312511 -0.847447 -0.631045
    18 1.789778 -0.000002 0.000002 0.018516 0.044355 0.301025
    19 1.207005 0.000000 0.000002 -0.003799 0.001678 0.744123
    20 0.192017 -5.855469 -4.773438 -1.668474 1.286518 2.942953
    21 6.028145 0.000000 0.000000 1.209599 0.547484 -1.254066
    22 11.692554 0.000001 0.000002 0.000000 0.000000 -1.665573
    23 11.481699 0.000001 0.000001 -1.246159 0.176388 0.820945
    24 3.859680 -0.132567 1.193109 0.566835 -0.060499 -1.408425
    25 1.312555 -0.000002 0.000002 0.072278 -0.157178 -0.656760
    26 0.729365 0.000000 -0.000001 -0.023337 -0.412078 -1.179798
    27 3.942307 0.050327 0.431044 0.084249 -0.015145 -1.280306
    28 1.539099 -0.000002 0.000000 0.028455 -0.017392 -0.998558
    29 1.196321 0.000010 0.000000 -0.000519 0.009342 -1.131088
    30 3.883659 -0.050321 -0.431042 -0.047599 -0.027561 -1.047376
    31 1.719578 0.000002 0.000000 0.011340 0.002103 -1.500357
    32 1.209185 0.000002 0.000000 0.001786 -0.003730 -0.451851
    33 3.859840 -0.148937 -1.331282 -0.296378 0.195348 -0.060071
    34 1.719421 0.000002 0.000000 0.000954 -0.015214 -0.727850
    35 1.099669 0.000002 -0.000001 0.001685 0.001741 -0.527276
    36 0.950558 -1.145017 -1.396461 0.946436 0.322047 -0.595049
    37 1.789782 0.000000 -0.000004 -0.002337 -0.058952 0.305322
    38 1.206999 0.000002 0.000000 0.005393 -0.004411 0.894087
    39 -4.115844 -15.410562 -2.830360 1.572400 0.010869 0.040830
    40 0.025545 -1.273521 1.753304 0.000000 0.000000 0.000000
    41 0.001032 1.440453 -1.526783 0.000000 0.000000 0.000000
    42 0.004413 0.696487 -1.430595 0.000000 0.000000 0.000000
    43 0.580660 0.349014 -1.430595 0.000000 0.000000 0.000000
    44 0.583444 -0.305904 -1.430599 0.000000 0.000000 0.000000
    45 0.005318 -0.648720 -1.430599 0.000000 0.000000 0.000000
    46 -0.574618 -0.303123 -1.430601 0.000000 0.000000 0.000000
    47 -0.573714 0.348118 -1.430595 0.000000 0.000000 0.000000
    48 -0.029968 -0.059296 1.773438 -1.561870 -0.003783 0.018306
    49 0.041163 0.095589 -2.899426 0.000001 0.000000 0.000000
    50 0.081115 -2.496311 -0.915165 0.000000 0.000000 0.000000
    51 4.863281 2.800781 -18.203125 1.570792 0.000003 -0.000003
  time 53
    0 0.000000 -0.000006 0.000000 -1.570781 -1.391896 -1.570809
    1 1.154416 -4.374397 3.601773 1.596637 -1.286515 2.942961
    2 6.028141 0.000000 0.000000 -0.762948 -0.428856 -1.707219
    3 11.692554 0.000001 0.000000 -0.000036 0.000036 -1.285700
    4 11.481670 0.000001 -0.000031 0.955479 -0.493688 0.724756
    5 3.859711 -0.142405 -1.191975 -0.496153 0.112955 -1.183223
    6 1.312555 -0.000002 0.000000 0.006963 0.004818 -0.219626
    7 0.729363 -0.000002 -0.000002 -0.047435 -0.026797 -0.423276
    8 3.942337 0.046767 -0.431443 -0.154608 0.016363 -1.069066
    9 1.539097 0.000000 0.000000 0.001115 -0.002697 -0.280639
    10 1.196325 -0.000002 -0.000001 0.000240 0.000000 -0.491437
    11 3.883698 -0.046765 0.431443 0.087352 -0.007756 -0.729531
    12 1.719570 -0.000004 -0.000001 0.014777 -0.021102 -0.720345
    13 1.209169 -0.000004 0.000000 0.003008 0.002653 -0.186197
    14 3.859863 -0.137946 1.332466 0.377391 -0.022535 -0.775667
    15 1.719431 0.000002 0.000000 0.038159 -0.036458 -0.581434
    16 1.099667 0.000000 -0.000001 0.004159 0.001649 -0.234217
    17 0.806053 -0.348926 1.321258 -1.311239 -0.863165 -0.637483
    18 1.789778 -0.000002 0.000002 0.019942 0.056903 0.327439
    19 1.207005 0.000000 0.000002 -0.005153 0.002085 0.790505
    20 0.192017 -5.855469 -4.773438 -1.668474 1.286518 2.942953
    21 6.028145 0.000000 0.000000 1.205000 0.545289 -1.255571
    22 11.692554 0.000001 0.000002 0.000000 0.000000 -1.676582
    23 11.481699 0.000001 0.000001 -1.240909 0.186689 0.833018
    24 3.859680 -0.132567 1.193109 0.566835 -0.060499 -1.408425
    25 1.312555 -0.000002 0.000002 0.072278 -0.157178 -0.656760
    26 0.729365 0.000000 -0.000001 -0.023337 -0.412078 -1.179798
    27 3.942307 0.050327 0.431044 0.084249 -0.015145 -1.280306
    28 1.539099 -0.000002 0.000000 0.028455 -0.017392 -0.998558
    29 1.196321 0.000010 0.000000 -0.000519 0.009342 -1.131088
    30 3.883659 -0.050321 -0.431042 -0.047599 -0.027561 -1.047376
    31 1.719578 0.000002 0.000000 0.011340 0.002103 -1.500357
    32 1.209185 0.000002 0.000000 0.001786 -0.003742 -0.451851
    33 3.859840 -0.148937 -1.331282 -0.296378 0.195348 -0.060071
    34 1.719421 0.000002 0.000000 0.000954 -0.015214 -0.727850
    35 1.099669 0.000002 -0.000001 0.001685 0.001741 -0.527276
    36 0.950558 -1.145017 -1.396461 0.946436 0.322047 -0.595049
    37 1.789782 0.000000 -0.000004 -0.002337 -0.058952 0.305322
    38 1.206999 0.000002 0.000000 0.005393 -0.004411 0.894087
    39 -4.119750 -15.332435 -2.763952 1.573453 0.008873 0.033614
    40 0.025545 -1.273521 1.753304 0.000000 0.000000 0.000000
    41 0.001032 1.440453 -1.526783 0.000000 0.000000 0.000000
    42 0.004413 0.696487 -1.430595 0.000000 0.000000 0.000000
    43 0.580660 0.349014 -1.430595 0.000000 0.000000 0.000000
    44 0.583444 -0.305904 -1.430599 0.000000 0.000000 0.000000
    45 0.005318 -0.648720 -1.430599 0.000000 0.000000 0.000000
    46 -0.574618 -0.303123 -1.430601 0.000000 0.000000 0.000000
    47 -0.573714 0.348118 -1.430595 0.000000 0.000000 0.000000
    48 -0.029968 -0.059296 1.773438 -1.561870 -0.003783 0.018306
    49 0.041163 0.095589 -2.899426 0.000001 0.000000 0.000000
    50 0.081115 -2.496311 -0.915165 0.000000 0.000000 0.000000
    51 4.863281 2.800781 -18.203125 1.570792 0.000003 -0.000003
  time 54
    0 0.000000 -0.000006 0.000000 -1.570781 -1.391896 -1.570809
    1 1.170041 -4.390023 3.590054 1.596637 -1.286515 2.942961
    2 6.028141 0.000000 0.000000 -0.766605 -0.424538 -1.704080
    3 11.692554 0.000001 0.000000 -0.000024 0.000036 -1.296532
    4 11.481670 0.000001 -0.000031 0.962025 -0.487365 0.726896
    5 3.859711 -0.142405 -1.191975 -0.499485 0.098345 -1.239438
    6 1.312555 -0.000002 0.000000 0.007898 0.005429 -0.213508
    7 0.729363 -0.000002 -0.000002 -0.052984 -0.031424 -0.465330
    8 3.942337 0.046767 -0.431443 -0.154189 0.005913 -1.121447
    9 1.539097 0.000000 0.000000 0.001294 -0.003044 -0.303413
    10 1.196325 -0.000002 -0.000001 0.000264 0.000012 -0.517879
    11 3.883698 -0.046765 0.431443 0.087616 -0.010055 -0.766650
    12 1.719570 -0.000004 -0.000001 0.017557 -0.024014 -0.785832
    13 1.209169 -0.000004 0.000000 0.003356 0.002629 -0.200643
    14 3.859863 -0.137946 1.332466 0.379584 -0.012790 -0.825129
    15 1.719431 0.000002 0.000000 0.044139 -0.040724 -0.628963
    16 1.099667 0.000000 -0.000001 0.004674 0.001566 -0.251273
    17 0.806053 -0.348926 1.321258 -1.309870 -0.878157 -0.643772
    18 1.789778 -0.000002 0.000002 0.021596 0.068863 0.352735
    19 1.207005 0.000000 0.000002 -0.006436 0.002528 0.834638
    20 0.192017 -5.855469 -4.773438 -1.668474 1.286518 2.942953
    21 6.028145 0.000000 0.000000 1.200785 0.542616 -1.256700
    22 11.692554 0.000001 0.000002 0.000000 0.000000 -1.685892
    23 11.481699 0.000001 0.000001 -1.238143 0.197206 0.841359
    24 3.859680 -0.132567 1.193109 0.566835 -0.060499 -1.408425
    25 1.312555 -0.000002 0.000002 0.072278 -0.157178 -0.656760
    26 0.729365 0.000000 -0.000001 -0.023337 -0.412078 -1.179798
    27 3.942307 0.050327 0.431044 0.084249 -0.015145 -1.280306
    28 1.539099 -0.000002 0.000000 0.028455 -0.017392 -0.998558
    29 1.196321 0.000010 0.000000 -0.000519 0.009342 -1.131088
    30 3.883659 -0.050321 -0.431042 -0.047599 -0.027561 -1.047376
    31 1.719578 0.000002 0.000000 0.011340 0.002103 -1.500357
    32 1.209185 0.000002 0.000000 0.001786 -0.003742 -0.451851
    33 3.859840 -0.148937 -1.331282 -0.296378 0.195348 -0.060071
    34 1.719421 0.000002 0.000000 0.000954 -0.015214 -0.727850
    35 1.099669 0.000002 -0.000001 0.001685 0.001741 -0.527276
    36 0.950558 -1.145017 -1.396461 0.946436 0.322047 -0.595049
    37 1.789782 0.000000 -0.000004 -0.002337 -0.058952 0.305322
    38 1.206999 0.000002 0.000000 0.005393 -0.004411 0.894087
    39 -4.123656 -15.258214 -2.709263 1.572783 0.008966 0.026746
    40 0.025545 -1.273521 1.753304 0.000000 0.000000 0.000000
    41 0.001032 1.440453 -1.526783 0.000000 0.000000 0.000000
    42 0.004413 0.696487 -1.430595 0.000000 0.000000 0.000000
    43 0.580660 0.349014 -1.430595 0.000000 0.000000 0.000000
    44 0.583444 -0.305904 -1.430599 0.000000 0.000000 0.000000
    45 0.005318 -0.648720 -1.430599 0.000000 0.000000 0.000000
    46 -0.574618 -0.303123 -1.430601 0.000000 0.000000 0.000000
    47 -0.573714 0.348118 -1.430595 0.000000 0.000000 0.000000
    48 -0.029968 -0.059296 1.773438 -1.561870 -0.003783 0.018306
    49 0.041163 0.095589 -2.899426 0.000001 0.000000 0.000000
    50 0.081115 -2.496311 -0.915165 0.000000 0.000000 0.000000
    51 4.863281 2.800781 -18.203125 1.570792 0.000003 -0.000003
  time 55
    0 0.000000 -0.000006 0.000000 -1.570781 -1.391896 -1.570809
    1 1.181761 -4.401742 3.578335 1.596637 -1.286515 2.942961
    2 6.028141 0.000000 0.000000 -0.769918 -0.420449 -1.700990
    3 11.692554 0.000001 0.000000 -0.000036 0.000036 -1.304869
    4 11.481670 0.000001 -0.000031 0.968294 -0.481574 0.726040
    5 3.859711 -0.142405 -1.191975 -0.501834 0.084731 -1.291210
    6 1.312555 -0.000002 0.000000 0.008761 0.005992 -0.208078
    7 0.729363 -0.000002 -0.000002 -0.057945 -0.035906 -0.504196
    8 3.942337 0.046767 -0.431443 -0.153314 -0.003699 -1.169825
    9 1.539097 0.000000 0.000000 0.001474 -0.003356 -0.324485
    10 1.196325 -0.000002 -0.000001 0.000300 0.000012 -0.542364
    11 3.883698 -0.046765 0.431443 0.087939 -0.012170 -0.800962
    12 1.719570 -0.000004 -0.000001 0.020290 -0.026519 -0.846199
    13 1.209169 -0.000004 0.000000 0.003667 0.002593 -0.214017
    14 3.859863 -0.137946 1.332466 0.381195 -0.003683 -0.870802
    15 1.719431 0.000002 0.000000 0.049844 -0.044415 -0.672896
    16 1.099667 0.000000 -0.000001 0.005141 0.001494 -0.267103
    17 0.806053 -0.348926 1.321258 -1.308451 -0.891991 -0.649714
    18 1.789778 -0.000002 0.000002 0.023394 0.079901 0.376190
    19 1.207005 0.000000 0.000002 -0.007610 0.002996 0.875249
    20 0.192017 -5.855469 -4.773438 -1.668474 1.286518 2.942953
    21 6.028145 0.000000 0.000000 1.196953 0.539467 -1.257453
    22 11.692554 0.000001 0.000002 0.000000 0.000000 -1.693428
    23 11.481699 0.000001 0.000001 -1.236280 0.207378 0.846402
    24 3.859680 -0.132567 1.193109 0.566835 -0.060499 -1.408425
    25 1.312555 -0.000002 0.000002 0.072278 -0.157178 -0.656760
    26 0.729365 0.000000 -0.000001 -0.023337 -0.412078 -1.179798
    27 3.942307 0.050327 0.431044 0.084249 -0.015145 -1.280306
    28 1.539099 -0.000002 0.000000 0.028455 -0.017392 -0.998558
    29 1.196321 0.000010 0.000000 -0.000519 0.009342 -1.131088
    30 3.883659 -0.050321 -0.431042 -0.047599 -0.027561 -1.047376
    31 1.719578 0.000002 0.000000 0.011340 0.002103 -1.500357
    32 1.209185 0.000002 0.000000 0.001786 -0.003742 -0.451851
    33 3.859840 -0.148937 -1.331282 -0.296378 0.195348 -0.060071
    34 1.719421 0.000002 0.000000 0.000954 -0.015214 -0.727850
    35 1.099669 0.000002 -0.000001 0.001685 0.001741 -0.527276
    36 0.950558 -1.145017 -1.396461 0.946436 0.322047 -0.595049
    37 1.789782 0.000000 -0.000004 -0.002337 -0.058952 0.305322
    38 1.206999 0.000002 0.000000 0.005393 -0.004411 0.894087
    39 -4.131469 -15.191806 -2.678012 1.571060 0.009430 0.020487
    40 0.025545 -1.273521 1.753304 0.000000 0.000000 0.000000
    41 0.001032 1.440453 -1.526783 0.000000 0.000000 0.000000
    42 0.004413 0.696487 -1.430595 0.000000 0.000000 0.000000
    43 0.580660 0.349014 -1.430595 0.000000 0.000000 0.000000
    44 0.583444 -0.305904 -1.430599 0.000000 0.000000 0.000000
    45 0.005318 -0.648720 -1.430599 0.000000 0.000000 0.000000
    46 -0.574618 -0.303123 -1.430601 0.000000 0.000000 0.000000
    47 -0.573714 0.348118 -1.430595 0.000000 0.000000 0.000000
    48 -0.029968 -0.059296 1.773438 -1.561870 -0.003783 0.018306
    49 0.041163 0.095589 -2.899426 0.000001 0.000000 0.000000
    50 0.081115 -2.496311 -0.915165 0.000000 0.000000 0.000000
    51 4.863281 2.800781 -18.203125 1.570792 0.000003 -0.000003
  time 56
    0 0.000000 -0.000006 0.000000 -1.570781 -1.391896 -1.570809
    1 1.193480 -4.413461 3.566616 1.596637 -1.286515 2.942961
    2 6.028141 0.000000 0.000000 -0.772813 -0.416819 -1.698137
    3 11.692554 0.000001 0.000000 -0.000036 0.000036 -1.310843
    4 11.481670 0.000001 -0.000031 0.973733 -0.476506 0.722830
    5 3.859711 -0.142405 -1.191975 -0.503308 0.072591 -1.336912
    6 1.312555 -0.000002 0.000000 0.009540 0.006484 -0.203454
    7 0.729363 -0.000002 -0.000002 -0.062200 -0.040040 -0.538607
    8 3.942337 0.046767 -0.431443 -0.152151 -0.012172 -1.212652
    9 1.539097 0.000000 0.000000 0.001642 -0.003631 -0.343232
    10 1.196325 -0.000002 -0.000001 0.000324 0.000012 -0.564115
    11 3.883698 -0.046765 0.431443 0.088287 -0.014029 -0.831423
    12 1.719570 -0.000004 -0.000001 0.022831 -0.028592 -0.899536
    13 1.209169 -0.000004 0.000000 0.003955 0.002581 -0.225871
    14 3.859863 -0.137946 1.332466 0.382270 0.004441 -0.911215
    15 1.719431 0.000002 0.000000 0.055033 -0.047460 -0.711822
    16 1.099667 0.000000 -0.000001 0.005573 0.001446 -0.281196
    17 0.806053 -0.348926 1.321258 -1.307081 -0.904235 -0.655087
    18 1.789778 -0.000002 0.000002 0.025204 0.089669 0.397065
    19 1.207005 0.000000 0.000002 -0.008629 0.003439 0.911140
    20 0.192017 -5.855469 -4.773438 -1.668474 1.286518 2.942953
    21 6.028145 0.000000 0.000000 1.193600 0.536174 -1.257923
    22 11.692554 0.000001 0.000002 0.000000 0.000000 -1.699266
    23 11.481699 0.000001 0.000001 -1.235377 0.216818 0.848826
    24 3.859680 -0.132567 1.193109 0.566835 -0.060499 -1.408425
    25 1.312555 -0.000002 0.000002 0.072278 -0.157178 -0.656760
    26 0.729365 0.000000 -0.000001 -0.023337 -0.412078 -1.179798
    27 3.942307 0.050327 0.431044 0.084249 -0.015145 -1.280306
    28 1.539099 -0.000002 0.000000 0.028455 -0.017392 -0.998558
    29 1.196321 0.000010 0.000000 -0.000519 0.009342 -1.131088
    30 3.883659 -0.050321 -0.431042 -0.047599 -0.027561 -1.047376
    31 1.719578 0.000002 0.000000 0.011340 0.002103 -1.500357
    32 1.209185 0.000002 0.000000 0.001786 -0.003742 -0.451851
    33 3.859840 -0.148937 -1.331282 -0.296378 0.195348 -0.060071
    34 1.719421 0.000002 0.000000 0.000954 -0.015214 -0.727850
    35 1.099669 0.000002 -0.000001 0.001685 0.001741 -0.527276
    36 0.950558 -1.145017 -1.396461 0.946436 0.322047 -0.595049
    37 1.789782 0.000000 -0.000004 -0.002337 -0.058952 0.305322
    38 1.206999 0.000002 0.000000 0.005393 -0.004411 0.894087
    39 -4.135375 -15.133210 -2.658480 1.568858 0.010451 0.014924
    40 0.025545 -1.273521 1.753304 0.000000 0.000000 0.000000
    41 0.001032 1.440453 -1.526783 0.000000 0.000000 0.000000
    42 0.004413 0.696487 -1.430595 0.000000 0.000000 0.000000
    43 0.580660 0.349014 -1.430595 0.000000 0.000000 0.000000
    44 0.583444 -0.305904 -1.430599 0.000000 0.000000 0.000000
    45 0.005318 -0.648720 -1.430599 0.000000 0.000000 0.000000
    46 -0.574618 -0.303123 -1.430601 0.000000 0.000000 0.000000
    47 -0.573714 0.348118 -1.430595 0.000000 0.000000 0.000000
    48 -0.029968 -0.059296 1.773438 -1.561870 -0.003783 0.018306
    49 0.041163 0.095589 -2.899426 0.000001 0.000000 0.000000
    50 0.081115 -2.496311 -0.915165 0.000000 0.000000 0.000000
    51 4.863281 2.800781 -18.203125 1.570792 0.000003 -0.000003
  time 57
    0 0.000000 -0.000006 0.000000 -1.570781 -1.391896 -1.570809
    1 1.201292 -4.421273 3.558803 1.596637 -1.286515 2.942961
    2 6.028141 0.000000 0.000000 -0.775098 -0.413741 -1.695711
    3 11.692554 0.000001 0.000000 -0.000036 0.000036 -1.314717
    4 11.481670 0.000001 -0.000031 0.977790 -0.472114 0.718121
    5 3.859711 -0.142405 -1.191975 -0.504111 0.062404 -1.375043
    6 1.312555 -0.000002 0.000000 0.010187 0.006903 -0.199708
    7 0.729363 -0.000002 -0.000002 -0.065651 -0.043612 -0.567431
    8 3.942337 0.046767 -0.431443 -0.150917 -0.019207 -1.248460
    9 1.539097 0.000000 0.000000 0.001774 -0.003859 -0.358944
    10 1.196325 -0.000002 -0.000001 0.000348 0.000024 -0.582355
    11 3.883698 -0.046765 0.431443 0.088623 -0.015589 -0.856945
    12 1.719570 -0.000004 -0.000001 0.025024 -0.030222 -0.944032
    13 1.209169 -0.000004 0.000000 0.004195 0.002569 -0.235879
    14 3.859863 -0.137946 1.332466 0.382919 0.011254 -0.945016
    15 1.719431 0.000002 0.000000 0.059468 -0.049856 -0.744419
    16 1.099667 0.000000 -0.000001 0.005920 0.001398 -0.293016
    17 0.806053 -0.348926 1.321258 -1.305810 -0.914502 -0.659693
    18 1.789778 -0.000002 0.000002 0.026858 0.097830 0.414586
    19 1.207005 0.000000 0.000002 -0.009468 0.003847 0.941062
    20 0.192017 -5.855469 -4.773438 -1.668474 1.286518 2.942953
    21 6.028145 0.000000 0.000000 1.191013 0.532977 -1.258112
    22 11.692554 0.000001 0.000002 0.000000 0.000000 -1.703773
    23 11.481699 0.000001 0.000001 -1.235716 0.225050 0.849553
    24 3.859680 -0.132567 1.193109 0.566835 -0.060499 -1.408425
    25 1.312555 -0.000002 0.000002 0.072278 -0.157178 -0.656760
    26 0.729365 0.000000 -0.000001 -0.023337 -0.412078 -1.179798
    27 3.942307 0.050327 0.431044 0.084249 -0.015145 -1.280306
    28 1.539099 -0.000002 0.000000 0.028455 -0.017392 -0.998558
    29 1.196321 0.000010 0.000000 -0.000519 0.009342 -1.131088
    30 3.883659 -0.050321 -0.431042 -0.047599 -0.027561 -1.047376
    31 1.719578 0.000002 0.000000 0.011340 0.002103 -1.500357
    32 1.209185 0.000002 0.000000 0.001786 -0.003742 -0.451851
    33 3.859840 -0.148937 -1.331282 -0.296378 0.195348 -0.060071
    34 1.719421 0.000002 0.000000 0.000954 -0.015214 -0.727850
    35 1.099669 0.000002 -0.000001 0.001685 0.001741 -0.527276
    36 0.950558 -1.145017 -1.396461 0.946436 0.322047 -0.595049
    37 1.789782 0.000000 -0.000004 -0.002337 -0.058952 0.305322
    38 1.206999 0.000002 0.000000 0.005393 -0.004411 0.894087
    39 -4.135375 -15.082427 -2.654574 1.566370 0.012307 0.010229
    40 0.025545 -1.273521 1.753304 0.000000 0.000000 0.000000
    41 0.001032 1.440453 -1.526783 0.000000 0.000000 0.000000
    42 0.004413 0.696487 -1.430595 0.000000 0.000000 0.000000
    43 0.580660 0.349014 -1.430595 0.000000 0.000000 0.000000
    44 0.583444 -0.305904 -1.430599 0.000000 0.000000 0.000000
    45 0.005318 -0.648720 -1.430599 0.000000 0.000000 0.000000
    46 -0.574618 -0.303123 -1.430601 0.000000 0.000000 0.000000
    47 -0.573714 0.348118 -1.430595 0.000000 0.000000 0.000000
    48 -0.029968 -0.059296 1.773438 -1.561870 -0.003783 0.018306
    49 0.041163 0.095589 -2.899426 0.000001 0.000000 0.000000
    50 0.081115 -2.496311 -0.915165 0.000000 0.000000 0.000000
    51 4.863281 2.800781 -18.203125 1.570792 0.000003 -0.000003
  time 58
    0 0.000000 -0.000006 0.000000 -1.570781 -1.391896 -1.570809
    1 1.205199 -4.429086 3.554897 1.596637 -1.286515 2.942961
    2 6.028141 0.000000 0.000000 -0.776621 -0.411352 -1.694047
    3 11.692554 0.000001 0.000000 -0.000036 0.000036 -1.316489
    4 11.481670 0.000001 -0.000031 0.979818 -0.468591 0.712771
    5 3.859711 -0.142405 -1.191975 -0.504470 0.054626 -1.404101
    6 1.312555 -0.000002 0.000000 0.010690 0.007215 -0.196910
    7 0.729363 -0.000002 -0.000002 -0.068216 -0.046404 -0.589435
    8 3.942337 0.046767 -0.431443 -0.149803 -0.024552 -1.275804
    9 1.539097 0.000000 0.000000 0.001882 -0.004027 -0.370998
    10 1.196325 -0.000002 -0.000001 0.000360 0.000024 -0.596306
    11 3.883698 -0.046765 0.431443 0.088910 -0.016767 -0.876462
    12 1.719570 -0.000004 -0.000001 0.026750 -0.031384 -0.977905
    13 1.209169 -0.000004 0.000000 0.004374 0.002557 -0.243504
    14 3.859863 -0.137946 1.332466 0.383255 0.016463 -0.970810
    15 1.719431 0.000002 0.000000 0.062895 -0.051594 -0.769334
    16 1.099667 0.000000 -0.000001 0.006196 0.001374 -0.302053
    17 0.806053 -0.348926 1.321258 -1.304782 -0.922346 -0.663258
    18 1.789778 -0.000002 0.000002 0.028236 0.104050 0.428031
    19 1.207005 0.000000 0.000002 -0.010103 0.004170 0.963915
    20 0.192017 -5.855469 -4.773438 -1.668474 1.286518 2.942953
    21 6.028145 0.000000 0.000000 1.189192 0.530305 -1.258018
    22 11.692554 0.000001 0.000002 0.000000 0.000000 -1.706950
    23 11.481699 0.000001 0.000001 -1.237522 0.231558 0.849456
    24 3.859680 -0.132567 1.193109 0.566835 -0.060499 -1.408425
    25 1.312555 -0.000002 0.000002 0.072278 -0.157178 -0.656760
    26 0.729365 0.000000 -0.000001 -0.023337 -0.412078 -1.179798
    27 3.942307 0.050327 0.431044 0.084249 -0.015145 -1.280306
    28 1.539099 -0.000002 0.000000 0.028455 -0.017392 -0.998558
    29 1.196321 0.000010 0.000000 -0.000519 0.009342 -1.131088
    30 3.883659 -0.050321 -0.431042 -0.047599 -0.027561 -1.047376
    31 1.719578 0.000002 0.000000 0.011340 0.002103 -1.500357
    32 1.209185 0.000002 0.000000 0.001786 -0.003742 -0.451851
    33 3.859840 -0.148937 -1.331282 -0.296378 0.195348 -0.060071
    34 1.719421 0.000002 0.000000 0.000954 -0.015214 -0.727850
    35 1.099669 0.000002 -0.000001 0.001685 0.001741 -0.527276
    36 0.950558 -1.145017 -1.396461 0.946436 0.322047 -0.595049
    37 1.789782 0.000000 -0.000004 -0.002337 -0.058952 0.305322
    38 1.206999 0.000002 0.000000 0.005393 -0.004411 0.894087
    39 -4.139282 -15.043364 -2.654574 1.564168 0.015138 0.006665
    40 0.025545 -1.273521 1.753304 0.000000 0.000000 0.000000
    41 0.001032 1.440453 -1.526783 0.000000 0.000000 0.000000
    42 0.004413 0.696487 -1.430595 0.000000 0.000000 0.000000
    43 0.580660 0.349014 -1.430595 0.000000 0.000000 0.000000
    44 0.583444 -0.305904 -1.430599 0.000000 0.000000 0.000000
    45 0.005318 -0.648720 -1.430599 0.000000 0.000000 0.000000
    46 -0.574618 -0.303123 -1.430601 0.000000 0.000000 0.000000
    47 -0.573714 0.348118 -1.430595 0.000000 0.000000 0.000000
    48 -0.029968 -0.059296 1.773438 -1.561870 -0.003783 0.018306
    49 0.041163 0.095589 -2.899426 0.000001 0.000000 0.000000
    50 0.081115 -2.496311 -0.915165 0.000000 0.000000 0.000000
    51 4.863281 2.800781 -18.203125 1.570792 0.000003 -0.000003
  time 59
    0 0.000000 -0.000006 0.000000 -1.570781 -1.391896 -1.570809
    1 1.209105 -4.432993 3.550990 1.596637 -1.286515 2.942961
    2 6.028141 0.000000 0.000000 -0.777497 -0.409882 -1.693001
    3 11.692554 0.000001 0.000000 -0.000036 0.000036 -1.317080
    4 11.481670 0.000001 -0.000031 0.980740 -0.466226 0.708348
    5 3.859711 -0.142405 -1.191975 -0.504578 0.049664 -1.422645
    6 1.312555 -0.000002 0.000000 0.011014 0.007418 -0.195155
    7 0.729363 -0.000002 -0.000002 -0.069822 -0.048226 -0.603521
    8 3.942337 0.046767 -0.431443 -0.149000 -0.027944 -1.293265
    9 1.539097 0.000000 0.000000 0.001954 -0.004147 -0.378712
    10 1.196325 -0.000002 -0.000001 0.000372 0.000036 -0.605261
    11 3.883698 -0.046765 0.431443 0.089102 -0.017519 -0.888951
    12 1.719570 -0.000004 -0.000001 0.027864 -0.032104 -0.999501
    13 1.209169 -0.000004 0.000000 0.004494 0.002545 -0.248419
    14 3.859863 -0.137946 1.332466 0.383411 0.019809 -0.987324
    15 1.719431 0.000002 0.000000 0.065112 -0.052661 -0.785244
    16 1.099667 0.000000 -0.000001 0.006364 0.001350 -0.307858
    17 0.806053 -0.348926 1.321258 -1.304122 -0.927348 -0.665561
    18 1.789778 -0.000002 0.000002 0.029147 0.108029 0.436644
    19 1.207005 0.000000 0.000002 -0.010511 0.004386 0.978451
    20 0.192017 -5.855469 -4.773438 -1.668474 1.286518 2.942953
    21 6.028145 0.000000 0.000000 1.188139 0.528444 -1.257923
    22 11.692554 0.000001 0.000002 0.000000 0.000000 -1.708871
    23 11.481699 0.000001 0.000001 -1.239385 0.235825 0.848971
    24 3.859680 -0.132567 1.193109 0.566835 -0.060499 -1.408425
    25 1.312555 -0.000002 0.000002 0.072278 -0.157178 -0.656760
    26 0.729365 0.000000 -0.000001 -0.023337 -0.412078 -1.179798
    27 3.942307 0.050327 0.431044 0.084249 -0.015145 -1.280306
    28 1.539099 -0.000002 0.000000 0.028455 -0.017392 -0.998558
    29 1.196321 0.000010 0.000000 -0.000519 0.009342 -1.131088
    30 3.883659 -0.050321 -0.431042 -0.047599 -0.027561 -1.047376
    31 1.719578 0.000002 0.000000 0.011340 0.002103 -1.500357
    32 1.209185 0.000002 0.000000 0.001786 -0.003742 -0.451851
    33 3.859840 -0.148937 -1.331282 -0.296378 0.195348 -0.060071
    34 1.719421 0.000002 0.000000 0.000954 -0.015214 -0.727850
    35 1.099669 0.000002 -0.000001 0.001685 0.001741 -0.527276
    36 0.950558 -1.145017 -1.396461 0.946436 0.322047 -0.595049
    37 1.789782 0.000000 -0.000004 -0.002337 -0.058952 0.305322
    38 1.206999 0.000002 0.000000 0.005393 -0.004411 0.894087
    39 -4.143188 -15.019925 -2.654574 1.562445 0.017644 0.004405
    40 0.025545 -1.273521 1.753304 0.000000 0.000000 0.000000
    41 0.001032 1.440453 -1.526783 0.000000 0.000000 0.000000
    42 0.004413 0.696487 -1.430595 0.000000 0.000000 0.000000
    43 0.580660 0.349014 -1.430595 0.000000 0.000000 0.000000
    44 0.583444 -0.305904 -1.430599 0.000000 0.000000 0.000000
    45 0.005318 -0.648720 -1.430599 0.000000 0.000000 0.000000
    46 -0.574618 -0.303123 -1.430601 0.000000 0.000000 0.000000
    47 -0.573714 0.348118 -1.430595 0.000000 0.000000 0.000000
    48 -0.029968 -0.059296 1.773438 -1.561870 -0.003783 0.018306
    49 0.041163 0.095589 -2.899426 0.000001 0.000000 0.000000
    50 0.081115 -2.496311 -0.915165 0.000000 0.000000 0.000000
    51 4.863281 2.800781 -18.203125 1.570792 0.000003 -0.000003
  time 60
    0 0.000000 -0.000006 0.000000 -1.570781 -1.391896 -1.570809
    1 1.213012 -4.432993 3.550990 1.596637 -1.286515 2.942961
    2 6.028141 0.000000 0.000000 -0.777840 -0.409330 -1.692621
    3 11.692554 0.000001 0.000000 -0.000036 0.000036 -1.317277
    4 11.481670 0.000001 -0.000031 0.981201 -0.465453 0.706707
    5 3.859711 -0.142405 -1.191975 -0.504590 0.047914 -1.429174
    6 1.312555 -0.000002 0.000000 0.011122 0.007490 -0.194562
    7 0.729363 -0.000002 -0.000002 -0.070385 -0.048873 -0.608491
    8 3.942337 0.046767 -0.431443 -0.148712 -0.029130 -1.299397
    9 1.539097 0.000000 0.000000 0.001977 -0.004183 -0.381435
    10 1.196325 -0.000002 -0.000001 0.000372 0.000036 -0.608396
    11 3.883698 -0.046765 0.431443 0.089174 -0.017789 -0.893346
    12 1.719570 -0.000004 -0.000001 0.028260 -0.032355 -1.007102
    13 1.209169 -0.000004 0.000000 0.004530 0.002545 -0.250147
    14 3.859863 -0.137946 1.332466 0.383456 0.020982 -0.993125
    15 1.719431 0.000002 0.000000 0.065903 -0.053020 -0.790855
    16 1.099667 0.000000 -0.000001 0.006436 0.001350 -0.309893
    17 0.806053 -0.348926 1.321258 -1.303853 -0.929124 -0.666403
    18 1.789778 -0.000002 0.000002 0.029482 0.109431 0.439685
    19 1.207005 0.000000 0.000002 -0.010642 0.004458 0.983571
    20 0.192017 -5.855469 -4.773438 -1.668474 1.286518 2.942953
    21 6.028145 0.000000 0.000000 1.187755 0.527776 -1.257829
    22 11.692554 0.000001 0.000002 0.000000 0.000000 -1.709462
    23 11.481699 0.000001 0.000001 -1.239893 0.237334 0.848584
    24 3.859680 -0.132567 1.193109 0.566835 -0.060499 -1.408425
    25 1.312555 -0.000002 0.000002 0.072278 -0.157178 -0.656760
    26 0.729365 0.000000 -0.000001 -0.023337 -0.412078 -1.179798
    27 3.942307 0.050327 0.431044 0.084249 -0.015145 -1.280306
    28 1.539099 -0.000002 0.000000 0.028455 -0.017392 -0.998558
    29 1.196321 0.000010 0.000000 -0.000519 0.009342 -1.131088
    30 3.883659 -0.050321 -0.431042 -0.047599 -0.027561 -1.047376
    31 1.719578 0.000002 0.000000 0.011340 0.002103 -1.500357
    32 1.209185 0.000002 0.000000 0.001786 -0.003742 -0.451851
    33 3.859840 -0.148937 -1.331282 -0.296378 0.195348 -0.060071
    34 1.719421 0.000002 0.000000 0.000954 -0.015214 -0.727850
    35 1.099669 0.000002 -0.000001 0.001685 0.001741 -0.527276
    36 0.950558 -1.145017 -1.396461 0.946436 0.322047 -0.595049
    37 1.789782 0.000000 -0.000004 -0.002337 -0.058952 0.305322
    38 1.206999 0.000002 0.000000 0.005393 -0.004411 0.894087
    39 -4.143188 -15.012113 -2.658480 1.561871 0.018340 0.003535
    40 0.025545 -1.273521 1.753304 0.000000 0.000000 0.000000
    41 0.001032 1.440453 -1.526783 0.000000 0.000000 0.000000
    42 0.004413 0.696487 -1.430595 0.000000 0.000000 0.000000
    43 0.580660 0.349014 -1.430595 0.000000 0.000000 0.000000
    44 0.583444 -0.305904 -1.430599 0.000000 0.000000 0.000000
    45 0.005318 -0.648720 -1.430599 0.000000 0.000000 0.000000
    46 -0.574618 -0.303123 -1.430601 0.000000 0.000000 0.000000
    47 -0.573714 0.348118 -1.430595 0.000000 0.000000 0.000000
    48 -0.029968 -0.059296 1.773438 -1.561870 -0.003783 0.018306
    49 0.041163 0.095589 -2.899426 0.000001 0.000000 0.000000
    50 0.081115 -2.496311 -0.915165 0.000000 0.000000 0.000000
    51 4.863281 2.800781 -18.203125 1.570792 0.000003 -0.000003
end
