// Created by Crowbar++ 0.74
version 1
nodes
  0 "ValveBiped.Bip01_Spine4" -1
  1 "ValveBiped.Bip01_L_Clavicle" 0
  2 "ValveBiped.Bip01_L_UpperArm" 1
  3 "ValveBiped.Bip01_L_Forearm" 2
  4 "ValveBiped.Bip01_L_Hand" 3
  5 "ValveBiped.Bip01_L_Finger4" 4
  6 "ValveBiped.Bip01_L_Finger41" 5
  7 "ValveBiped.Bip01_L_Finger42" 6
  8 "ValveBiped.Bip01_L_Finger3" 4
  9 "ValveBiped.Bip01_L_Finger31" 8
  10 "ValveBiped.Bip01_L_Finger32" 9
  11 "ValveBiped.Bip01_L_Finger2" 4
  12 "ValveBiped.Bip01_L_Finger21" 11
  13 "ValveBiped.Bip01_L_Finger22" 12
  14 "ValveBiped.Bip01_L_Finger1" 4
  15 "ValveBiped.Bip01_L_Finger11" 14
  16 "ValveBiped.Bip01_L_Finger12" 15
  17 "ValveBiped.Bip01_L_Finger0" 4
  18 "ValveBiped.Bip01_L_Finger01" 17
  19 "ValveBiped.Bip01_L_Finger02" 18
  20 "ValveBiped.Bip01_R_Clavicle" 0
  21 "ValveBiped.Bip01_R_UpperArm" 20
  22 "ValveBiped.Bip01_R_Forearm" 21
  23 "ValveBiped.Bip01_R_Hand" 22
  24 "ValveBiped.Bip01_R_Finger4" 23
  25 "ValveBiped.Bip01_R_Finger41" 24
  26 "ValveBiped.Bip01_R_Finger42" 25
  27 "ValveBiped.Bip01_R_Finger3" 23
  28 "ValveBiped.Bip01_R_Finger31" 27
  29 "ValveBiped.Bip01_R_Finger32" 28
  30 "ValveBiped.Bip01_R_Finger2" 23
  31 "ValveBiped.Bip01_R_Finger21" 30
  32 "ValveBiped.Bip01_R_Finger22" 31
  33 "ValveBiped.Bip01_R_Finger1" 23
  34 "ValveBiped.Bip01_R_Finger11" 33
  35 "ValveBiped.Bip01_R_Finger12" 34
  36 "ValveBiped.Bip01_R_Finger0" 23
  37 "ValveBiped.Bip01_R_Finger01" 36
  38 "ValveBiped.Bip01_R_Finger02" 37
  39 "Python" -1
  40 "Cylinder_release" 39
  41 "Cylinder" 40
  42 "Bullet1" 41
  43 "Bullet2" 41
  44 "Bullet3" 41
  45 "Bullet4" 41
  46 "Bullet5" 41
  47 "Bullet6" 41
  48 "eject" 41
  49 "Hammer" 39
  50 "Trigger" 39
  51 "speedloader" -1
end
skeleton
  time 0
    0 0.000000 -0.000006 0.000000 -1.570781 -1.391896 -1.570809
    1 1.208984 -4.433594 3.550781 1.596637 -1.286515 2.942961
    2 6.028141 0.000000 0.000000 -0.777840 -0.409330 -1.692621
    3 11.692554 0.000001 0.000000 -0.000036 0.000036 -1.317277
    4 11.481670 0.000001 -0.000031 0.981201 -0.465453 0.706707
    5 3.859711 -0.142405 -1.191975 -0.504590 0.047914 -1.429174
    6 1.312555 -0.000002 0.000000 0.011122 0.007490 -0.194562
    7 0.729363 -0.000002 -0.000002 -0.070385 -0.048873 -0.608491
    8 3.942337 0.046767 -0.431443 -0.148712 -0.029130 -1.299397
    9 1.539097 0.000000 0.000000 0.001977 -0.004183 -0.381435
    10 1.196325 -0.000002 -0.000001 0.000372 0.000036 -0.608396
    11 3.883698 -0.046765 0.431443 0.089174 -0.017789 -0.893346
    12 1.719570 -0.000004 -0.000001 0.028260 -0.032355 -1.007102
    13 1.209169 -0.000004 0.000000 0.004530 0.002545 -0.250147
    14 3.859863 -0.137946 1.332466 0.383456 0.020982 -0.993125
    15 1.719431 0.000002 0.000000 0.065903 -0.053020 -0.790855
    16 1.099667 0.000000 -0.000001 0.006436 0.001350 -0.309893
    17 0.806053 -0.348926 1.321258 -1.303853 -0.929124 -0.666403
    18 1.789778 -0.000002 0.000002 0.029482 0.109431 0.439685
    19 1.207005 0.000000 0.000002 -0.010642 0.004458 0.983571
    20 0.193456 -5.858812 -4.773634 -1.668474 1.286518 2.942953
    21 6.028145 0.000000 0.000000 1.187755 0.527776 -1.257829
    22 11.692554 0.000001 0.000002 0.000000 0.000000 -1.709462
    23 11.481699 0.000001 0.000001 -1.239893 0.237334 0.848584
    24 3.859680 -0.132567 1.193109 0.566845 -0.060495 -1.408450
    25 1.312555 -0.000002 0.000002 0.072278 -0.157178 -0.656760
    26 0.729365 0.000000 -0.000001 -0.023337 -0.412078 -1.179798
    27 3.942307 0.050327 0.431044 0.084249 -0.015145 -1.280306
    28 1.539099 -0.000002 0.000000 0.028455 -0.017392 -0.998558
    29 1.196321 0.000010 0.000000 -0.000519 0.009342 -1.131088
    30 3.883659 -0.050321 -0.431042 -0.047602 -0.027555 -1.047369
    31 1.719578 0.000002 0.000000 0.011340 0.002103 -1.500357
    32 1.209185 0.000002 0.000000 0.001786 -0.003742 -0.451851
    33 3.859840 -0.148937 -1.331282 -0.296390 0.195349 -0.060075
    34 1.719421 0.000002 0.000000 0.000947 -0.015206 -0.727822
    35 1.099669 0.000002 -0.000001 0.001678 0.001733 -0.527261
    36 0.950558 -1.145017 -1.396461 0.946436 0.322047 -0.595049
    37 1.789782 0.000000 -0.000004 -0.002337 -0.058952 0.305322
    38 1.206999 0.000002 0.000000 0.005393 -0.004411 0.894087
    39 -4.143188 -15.012113 -2.658480 1.561871 0.018340 0.003535
    40 0.025545 -1.273521 1.753304 0.000000 0.000000 0.000000
    41 0.001032 1.440453 -1.526783 0.000000 0.000000 0.000000
    42 0.004413 0.696487 -1.430595 0.000000 0.000000 0.000000
    43 0.580660 0.349014 -1.430595 0.000000 0.000000 0.000000
    44 0.583444 -0.305904 -1.430599 0.000000 0.000000 0.000000
    45 0.005318 -0.648720 -1.430599 0.000000 0.000000 0.000000
    46 -0.574618 -0.303123 -1.430601 0.000000 0.000000 0.000000
    47 -0.573714 0.348118 -1.430595 0.000000 0.000000 0.000000
    48 -0.029968 -0.059296 1.773438 -1.561870 -0.003783 0.018306
    49 0.041163 0.095589 -2.899426 -0.781108 -0.013985 0.002645
    50 0.081115 -2.496311 -0.915165 0.000000 0.000000 0.000000
    51 4.863281 2.800781 -18.203125 1.570792 0.000003 -0.000003
  time 1
    0 0.000000 -0.000006 0.000000 -1.570781 -1.391896 -1.570809
    1 1.208984 -4.433594 3.550781 1.596637 -1.286515 2.942961
    2 6.028141 0.000000 0.000000 -0.785724 -0.408641 -1.684680
    3 11.692554 0.000001 0.000000 -0.000036 0.000036 -1.309859
    4 11.481670 0.000001 -0.000031 0.970045 -0.459324 0.700858
    5 3.859711 -0.142405 -1.191975 -0.504374 0.050982 -1.414063
    6 1.312555 -0.000002 0.000000 0.010786 0.007323 -0.201415
    7 0.729363 -0.000002 -0.000002 -0.068683 -0.047171 -0.598380
    8 3.942337 0.046767 -0.431443 -0.149467 -0.026362 -1.285839
    9 1.539097 0.000000 0.000000 0.001918 -0.004063 -0.377691
    10 1.196325 -0.000002 -0.000001 0.000360 0.000024 -0.603447
    11 3.883698 -0.046765 0.431443 0.088910 -0.016696 -0.884817
    12 1.719570 -0.000004 -0.000001 0.027181 -0.031588 -0.989418
    13 1.209169 -0.000004 0.000000 0.004410 0.002557 -0.249194
    14 3.859863 -0.137946 1.332466 0.383053 0.019050 -0.980324
    15 1.719431 0.000002 0.000000 0.063758 -0.051834 -0.778886
    16 1.099667 0.000000 -0.000001 0.006244 0.001374 -0.308067
    17 0.806053 -0.348926 1.321258 -1.300551 -0.922253 -0.670786
    18 1.789778 -0.000002 0.000002 0.028344 0.106471 0.433718
    19 1.207005 0.000000 0.000002 -0.010403 0.004254 0.966463
    20 0.193456 -5.858812 -4.773634 -1.668474 1.286518 2.942953
    21 6.028145 0.000000 0.000000 1.187276 0.521047 -1.255666
    22 11.692554 0.000001 0.000002 0.000000 0.000000 -1.703625
    23 11.481699 0.000001 0.000001 -1.237691 0.237593 0.841553
    24 3.859680 -0.132567 1.193109 0.566845 -0.060495 -1.408450
    25 1.312555 -0.000002 0.000002 0.072278 -0.157178 -0.656760
    26 0.729365 0.000000 -0.000001 -0.023337 -0.412078 -1.179798
    27 3.942307 0.050327 0.431044 0.084249 -0.015145 -1.280306
    28 1.539099 -0.000002 0.000000 0.028455 -0.017392 -0.998558
    29 1.196321 0.000010 0.000000 -0.000519 0.009342 -1.131088
    30 3.883659 -0.050321 -0.431042 -0.047878 -0.027614 -1.044060
    31 1.719578 0.000002 0.000000 0.011340 0.002103 -1.500357
    32 1.209185 0.000002 0.000000 0.001786 -0.003742 -0.451851
    33 3.859840 -0.148937 -1.331282 -0.296402 0.195314 -0.060198
    34 1.719421 0.000002 0.000000 0.000947 -0.015206 -0.727822
    35 1.099669 0.000002 -0.000001 0.001678 0.001733 -0.527215
    36 0.950558 -1.145017 -1.396461 0.950318 0.322948 -0.596228
    37 1.789782 0.000000 -0.000004 -0.002409 -0.058557 0.307521
    38 1.206999 0.000002 0.000000 0.005369 -0.004351 0.888893
    39 -4.147094 -15.027738 -2.857705 1.567518 0.018340 0.003535
    40 0.025545 -1.273521 1.753304 0.000000 0.000000 0.000000
    41 0.001032 1.440453 -1.526783 0.000000 0.000000 0.000000
    42 0.004413 0.696487 -1.430595 0.000000 0.000000 0.000000
    43 0.580660 0.349014 -1.430595 0.000000 0.000000 0.000000
    44 0.583444 -0.305904 -1.430599 0.000000 0.000000 0.000000
    45 0.005318 -0.648720 -1.430599 0.000000 0.000000 0.000000
    46 -0.574618 -0.303123 -1.430601 0.000000 0.000000 0.000000
    47 -0.573714 0.348118 -1.430595 0.000000 0.000000 0.000000
    48 -0.029968 -0.059296 1.773438 -1.561870 -0.003783 0.018306
    49 0.041163 0.095589 -2.899426 -0.781108 -0.013985 0.002645
    50 0.081115 -2.496311 -0.915165 0.000000 0.000000 0.000000
    51 4.863281 2.800781 -18.203125 1.570792 0.000003 -0.000003
  time 2
    0 0.000000 -0.000006 0.000000 -1.570781 -1.391896 -1.570809
    1 1.208984 -4.433594 3.550781 1.596637 -1.286515 2.942961
    2 6.028141 0.000000 0.000000 -0.806786 -0.406850 -1.663995
    3 11.692554 0.000001 0.000000 -0.000024 0.000036 -1.288851
    4 11.481670 0.000001 -0.000031 0.939068 -0.442576 0.685663
    5 3.859711 -0.142405 -1.191975 -0.503547 0.059324 -1.372959
    6 1.312555 -0.000002 0.000000 0.009887 0.006843 -0.220029
    7 0.729363 -0.000002 -0.000002 -0.063974 -0.042653 -0.570893
    8 3.942337 0.046767 -0.431443 -0.151349 -0.018788 -1.248942
    9 1.539097 0.000000 0.000000 0.001750 -0.003763 -0.367538
    10 1.196325 -0.000002 -0.000001 0.000336 0.000024 -0.589943
    11 3.883698 -0.046765 0.431443 0.088263 -0.013745 -0.861645
    12 1.719570 -0.000004 -0.000001 0.024305 -0.029395 -0.941233
    13 1.209169 -0.000004 0.000000 0.004063 0.002593 -0.246632
    14 3.859863 -0.137946 1.332466 0.381845 0.013859 -0.945518
    15 1.719431 0.000002 0.000000 0.058017 -0.048490 -0.746375
    16 1.099667 0.000000 -0.000001 0.005753 0.001458 -0.303070
    17 0.806053 -0.348926 1.321258 -1.291991 -0.903540 -0.682373
    18 1.789778 -0.000002 0.000002 0.025335 0.098393 0.417512
    19 1.207005 0.000000 0.000002 -0.009708 0.003703 0.919757
    20 0.193456 -5.854906 -4.773634 -1.668474 1.286518 2.942953
    21 6.028145 0.000000 0.000000 1.185648 0.503868 -1.250209
    22 11.692554 0.000001 0.000002 0.000000 0.000000 -1.687000
    23 11.481699 0.000001 0.000001 -1.231256 0.237851 0.823757
    24 3.859680 -0.132567 1.193109 0.566845 -0.060495 -1.408450
    25 1.312555 -0.000002 0.000002 0.072278 -0.157178 -0.656760
    26 0.729365 0.000000 -0.000001 -0.023337 -0.412078 -1.179798
    27 3.942307 0.050327 0.431044 0.084249 -0.015145 -1.280306
    28 1.539099 -0.000002 0.000000 0.028455 -0.017392 -0.998558
    29 1.196321 0.000010 0.000000 -0.000519 0.009342 -1.131088
    30 3.883659 -0.050321 -0.431042 -0.048657 -0.027758 -1.034605
    31 1.719578 0.000002 0.000000 0.011340 0.002103 -1.500357
    32 1.209185 0.000002 0.000000 0.001786 -0.003742 -0.451851
    33 3.859840 -0.148937 -1.331282 -0.296462 0.195230 -0.060474
    34 1.719421 0.000002 0.000000 0.000947 -0.015206 -0.727761
    35 1.099669 0.000002 -0.000001 0.001678 0.001733 -0.527032
    36 0.950558 -1.145017 -1.396461 0.961183 0.325469 -0.599537
    37 1.789782 0.000000 -0.000004 -0.002601 -0.057430 0.313747
    38 1.206999 0.000002 0.000000 0.005309 -0.004195 0.874284
    39 -4.154907 -15.078521 -3.400690 1.583981 0.018340 0.003535
    40 0.025545 -1.273521 1.753304 0.000000 0.000000 0.000000
    41 0.001032 1.440453 -1.526783 0.000000 0.000000 0.000000
    42 0.004413 0.696487 -1.430595 0.000000 0.000000 0.000000
    43 0.580660 0.349014 -1.430595 0.000000 0.000000 0.000000
    44 0.583444 -0.305904 -1.430599 0.000000 0.000000 0.000000
    45 0.005318 -0.648720 -1.430599 0.000000 0.000000 0.000000
    46 -0.574618 -0.303123 -1.430601 0.000000 0.000000 0.000000
    47 -0.573714 0.348118 -1.430595 0.000000 0.000000 0.000000
    48 -0.029968 -0.059296 1.773438 -1.561870 -0.003783 0.018306
    49 0.041163 0.095589 -2.899426 -0.781108 -0.013985 0.002645
    50 0.081115 -2.496311 -0.915165 0.000000 0.000000 0.000000
    51 4.863281 2.800781 -18.203125 1.570792 0.000003 -0.000003
  time 3
    0 0.000000 -0.000006 0.000000 -1.570781 -1.391896 -1.570809
    1 1.208984 -4.433594 3.550781 1.596637 -1.286515 2.942961
    2 6.028141 0.000000 0.000000 -0.836875 -0.404598 -1.635750
    3 11.692554 0.000001 0.000000 -0.000024 0.000036 -1.255567
    4 11.481670 0.000001 -0.000031 0.892786 -0.417769 0.664475
    5 3.859711 -0.142405 -1.191975 -0.501702 0.071596 -1.311992
    6 1.312555 -0.000002 0.000000 0.008569 0.006112 -0.247464
    7 0.729363 -0.000002 -0.000002 -0.056795 -0.036229 -0.530279
    8 3.942337 0.046767 -0.431443 -0.153590 -0.007450 -1.194381
    9 1.539097 0.000000 0.000000 0.001510 -0.003296 -0.352563
    10 1.196325 -0.000002 -0.000001 0.000300 0.000012 -0.570054
    11 3.883698 -0.046765 0.431443 0.087436 -0.009360 -0.827463
    12 1.719570 -0.000004 -0.000001 0.020242 -0.025896 -0.869671
    13 1.209169 -0.000004 0.000000 0.003547 0.002653 -0.242849
    14 3.859863 -0.137946 1.332466 0.379741 0.006235 -0.894006
    15 1.719431 0.000002 0.000000 0.049724 -0.043205 -0.698386
    16 1.099667 0.000000 -0.000001 0.005034 0.001578 -0.295739
    17 0.806053 -0.348926 1.321258 -1.280300 -0.875841 -0.698517
    18 1.789778 -0.000002 0.000002 0.021141 0.086385 0.393695
    19 1.207005 0.000000 0.000002 -0.008629 0.002960 0.850473
    20 0.193456 -5.854906 -4.773634 -1.668474 1.286518 2.942953
    21 6.028145 0.000000 0.000000 1.182869 0.481392 -1.243247
    22 11.692554 0.000001 0.000002 0.000000 0.000000 -1.660105
    23 11.481699 0.000001 0.000001 -1.221208 0.237162 0.800046
    24 3.859680 -0.132567 1.193109 0.566845 -0.060495 -1.408450
    25 1.312555 -0.000002 0.000002 0.072278 -0.157178 -0.656760
    26 0.729365 0.000000 -0.000001 -0.023337 -0.412078 -1.179798
    27 3.942307 0.050327 0.431044 0.084249 -0.015145 -1.280306
    28 1.539099 -0.000002 0.000000 0.028455 -0.017392 -0.998558
    29 1.196321 0.000010 0.000000 -0.000519 0.009342 -1.131088
    30 3.883659 -0.050321 -0.431042 -0.049891 -0.027986 -1.019636
    31 1.719578 0.000002 0.000000 0.011340 0.002103 -1.500357
    32 1.209185 0.000002 0.000000 0.001786 -0.003742 -0.451851
    33 3.859840 -0.148937 -1.331282 -0.296557 0.195086 -0.060965
    34 1.719421 0.000002 0.000000 0.000947 -0.015194 -0.727700
    35 1.099669 0.000002 -0.000001 0.001678 0.001733 -0.526757
    36 0.950558 -1.145017 -1.396461 0.977859 0.329412 -0.604571
    37 1.789782 0.000000 -0.000004 -0.002888 -0.055705 0.323286
    38 1.206999 0.000002 0.000000 0.005225 -0.003967 0.851815
    39 -4.170533 -15.152742 -4.201496 1.610111 0.018340 0.003535
    40 0.025545 -1.273521 1.753304 0.000000 0.000000 0.000000
    41 0.001032 1.440453 -1.526783 0.000000 0.000000 0.000000
    42 0.004413 0.696487 -1.430595 0.000000 0.000000 0.000000
    43 0.580660 0.349014 -1.430595 0.000000 0.000000 0.000000
    44 0.583444 -0.305904 -1.430599 0.000000 0.000000 0.000000
    45 0.005318 -0.648720 -1.430599 0.000000 0.000000 0.000000
    46 -0.574618 -0.303123 -1.430601 0.000000 0.000000 0.000000
    47 -0.573714 0.348118 -1.430595 0.000000 0.000000 0.000000
    48 -0.029968 -0.059296 1.773438 -1.561870 -0.003783 0.018306
    49 0.041163 0.095589 -2.899426 -0.781108 -0.013985 0.002645
    50 0.081115 -2.496311 -0.915165 0.000000 0.000000 0.000000
    51 4.863281 2.800781 -18.203125 1.570792 0.000003 -0.000003
  time 4
    0 0.000000 -0.000006 0.000000 -1.570781 -1.391896 -1.570809
    1 1.208984 -4.433594 3.550781 1.596637 -1.286515 2.942961
    2 6.028141 0.000000 0.000000 -0.871801 -0.402439 -1.604605
    3 11.692554 0.000001 0.000000 -0.000024 0.000036 -1.212633
    4 11.481670 0.000001 -0.000031 0.835810 -0.387459 0.641005
    5 3.859711 -0.142405 -1.191975 -0.498430 0.086397 -1.237446
    6 1.312555 -0.000002 0.000000 0.006999 0.005165 -0.280826
    7 0.729363 -0.000002 -0.000002 -0.047710 -0.028799 -0.480787
    8 3.942337 0.046767 -0.431443 -0.155495 0.006512 -1.127859
    9 1.539097 0.000000 0.000000 0.001222 -0.002732 -0.334383
    10 1.196325 -0.000002 -0.000001 0.000240 0.000012 -0.545899
    11 3.883698 -0.046765 0.431443 0.086633 -0.003982 -0.785862
    12 1.719570 -0.000004 -0.000001 0.015616 -0.021234 -0.782174
    13 1.209169 -0.000004 0.000000 0.002936 0.002725 -0.238262
    14 3.859863 -0.137946 1.332466 0.376652 -0.002872 -0.831201
    15 1.719431 0.000002 0.000000 0.039993 -0.036230 -0.639953
    16 1.099667 0.000000 -0.000001 0.004159 0.001745 -0.286822
    17 0.806053 -0.348926 1.321258 -1.267508 -0.842012 -0.716791
    18 1.789778 -0.000002 0.000002 0.016443 0.071668 0.364849
    19 1.207005 0.000000 0.000002 -0.007251 0.002145 0.765753
    20 0.189550 -5.854906 -4.773634 -1.668474 1.286518 2.942953
    21 6.028145 0.000000 0.000000 1.179133 0.458583 -1.236285
    22 11.692554 0.000001 0.000002 0.000000 0.000000 -1.623974
    23 11.481699 0.000001 0.000001 -1.207998 0.234489 0.775268
    24 3.859680 -0.132567 1.193109 0.566845 -0.060495 -1.408450
    25 1.312555 -0.000002 0.000002 0.072278 -0.157178 -0.656760
    26 0.729365 0.000000 -0.000001 -0.023337 -0.412078 -1.179798
    27 3.942307 0.050327 0.431044 0.084249 -0.015145 -1.280306
    28 1.539099 -0.000002 0.000000 0.028455 -0.017392 -0.998558
    29 1.196321 0.000010 0.000000 -0.000519 0.009342 -1.131088
    30 3.883659 -0.050321 -0.431042 -0.051533 -0.028250 -0.999845
    31 1.719578 0.000002 0.000000 0.011340 0.002103 -1.500357
    32 1.209185 0.000002 0.000000 0.001786 -0.003742 -0.451851
    33 3.859840 -0.148937 -1.331282 -0.296689 0.194894 -0.061641
    34 1.719421 0.000002 0.000000 0.000947 -0.015182 -0.727578
    35 1.099669 0.000002 -0.000001 0.001678 0.001733 -0.526345
    36 0.950558 -1.145017 -1.396461 0.999244 0.334598 -0.610929
    37 1.789782 0.000000 -0.000004 -0.003224 -0.053499 0.335509
    38 1.206999 0.000002 0.000000 0.005105 -0.003668 0.823041
    39 -4.190065 -15.258214 -5.174182 1.644951 0.018340 0.003535
    40 0.025545 -1.273521 1.753304 0.000000 0.000000 0.000000
    41 0.001032 1.440453 -1.526783 0.000000 0.000000 0.000000
    42 0.004413 0.696487 -1.430595 0.000000 0.000000 0.000000
    43 0.580660 0.349014 -1.430595 0.000000 0.000000 0.000000
    44 0.583444 -0.305904 -1.430599 0.000000 0.000000 0.000000
    45 0.005318 -0.648720 -1.430599 0.000000 0.000000 0.000000
    46 -0.574618 -0.303123 -1.430601 0.000000 0.000000 0.000000
    47 -0.573714 0.348118 -1.430595 0.000000 0.000000 0.000000
    48 -0.029968 -0.059296 1.773438 -1.561870 -0.003783 0.018306
    49 0.041163 0.095589 -2.899426 -0.781108 -0.013985 0.002645
    50 0.081115 -2.496311 -0.915165 0.000000 0.000000 0.000000
    51 4.863281 2.800781 -18.203125 1.570792 0.000003 -0.000003
  time 5
    0 0.000000 -0.000006 0.000000 -1.570781 -1.391896 -1.570809
    1 1.208984 -4.433594 3.550781 1.596637 -1.286515 2.942961
    2 6.028141 0.000000 0.000000 -0.908136 -0.400050 -1.573650
    3 11.692554 0.000001 0.000000 -0.000024 0.000036 -1.165235
    4 11.481670 0.000001 -0.000031 0.772196 -0.354399 0.619532
    5 3.859711 -0.142405 -1.191975 -0.493600 0.102228 -1.155881
    6 1.312555 -0.000002 0.000000 0.005333 0.004087 -0.317153
    7 0.729363 -0.000002 -0.000002 -0.037404 -0.021225 -0.426772
    8 3.942337 0.046767 -0.431443 -0.156514 0.021852 -1.055280
    9 1.539097 0.000000 0.000000 0.000923 -0.002121 -0.314587
    10 1.196325 -0.000002 -0.000001 0.000192 0.000000 -0.519599
    11 3.883698 -0.046765 0.431443 0.086010 0.001907 -0.740584
    12 1.719570 -0.000004 -0.000001 0.011062 -0.015697 -0.686599
    13 1.209169 -0.000004 0.000000 0.002265 0.002808 -0.233258
    14 3.859863 -0.137946 1.332466 0.372646 -0.012566 -0.762673
    15 1.719431 0.000002 0.000000 0.029866 -0.028009 -0.576371
    16 1.099667 0.000000 -0.000001 0.003200 0.001925 -0.277097
    17 0.806053 -0.348926 1.321258 -1.255108 -0.805002 -0.735262
    18 1.789778 -0.000002 0.000002 0.011817 0.055488 0.333537
    19 1.207005 0.000000 0.000002 -0.005669 0.001390 0.673216
    20 0.189550 -5.851000 -4.773634 -1.668474 1.286518 2.942953
    21 6.028145 0.000000 0.000000 1.174726 0.439495 -1.230828
    22 11.692554 0.000001 0.000002 0.000000 0.000000 -1.580455
    23 11.481699 0.000001 0.000001 -1.192531 0.228800 0.754272
    24 3.859680 -0.132567 1.193109 0.566845 -0.060495 -1.408450
    25 1.312555 -0.000002 0.000002 0.072278 -0.157178 -0.656760
    26 0.729365 0.000000 -0.000001 -0.023337 -0.412078 -1.179798
    27 3.942307 0.050327 0.431044 0.084249 -0.015145 -1.280306
    28 1.539099 -0.000002 0.000000 0.028455 -0.017392 -0.998558
    29 1.196321 0.000010 0.000000 -0.000519 0.009342 -1.131088
    30 3.883659 -0.050321 -0.431042 -0.053535 -0.028537 -0.975893
    31 1.719578 0.000002 0.000000 0.011340 0.002103 -1.500357
    32 1.209185 0.000002 0.000000 0.001786 -0.003742 -0.451851
    33 3.859840 -0.148937 -1.331282 -0.296857 0.194642 -0.062500
    34 1.719421 0.000002 0.000000 0.000947 -0.015170 -0.727426
    35 1.099669 0.000002 -0.000001 0.001678 0.001733 -0.525841
    36 0.950558 -1.145017 -1.396461 1.024143 0.340775 -0.618179
    37 1.789782 0.000000 -0.000004 -0.003583 -0.050923 0.349703
    38 1.206999 0.000002 0.000000 0.004950 -0.003320 0.789517
    39 -4.209596 -15.379311 -6.240621 1.687353 0.018340 0.003535
    40 0.025545 -1.273521 1.753304 0.000000 0.000000 0.000000
    41 0.001032 1.440453 -1.526783 0.000000 0.000000 0.000000
    42 0.004413 0.696487 -1.430595 0.000000 0.000000 0.000000
    43 0.580660 0.349014 -1.430595 0.000000 0.000000 0.000000
    44 0.583444 -0.305904 -1.430599 0.000000 0.000000 0.000000
    45 0.005318 -0.648720 -1.430599 0.000000 0.000000 0.000000
    46 -0.574618 -0.303123 -1.430601 0.000000 0.000000 0.000000
    47 -0.573714 0.348118 -1.430595 0.000000 0.000000 0.000000
    48 -0.029968 -0.059296 1.773438 -1.561870 -0.003783 0.018306
    49 0.041163 0.095589 -2.899426 -0.781108 -0.013985 0.002645
    50 0.081115 -2.496311 -0.915165 0.000000 0.000000 0.000000
    51 4.863281 2.800781 -18.203125 1.570792 0.000003 -0.000003
  time 6
    0 0.000000 -0.000006 0.000000 -1.570781 -1.391896 -1.570809
    1 1.208984 -4.433594 3.550781 1.596637 -1.286515 2.942961
    2 6.028141 0.000000 0.000000 -0.943215 -0.395961 -1.543978
    3 11.692554 0.000001 0.000000 -0.000024 0.000036 -1.121776
    4 11.481670 0.000001 -0.000031 0.705908 -0.320904 0.605122
    5 3.859711 -0.142405 -1.191975 -0.487476 0.117617 -1.074101
    6 1.312555 -0.000002 0.000000 0.003691 0.002936 -0.353480
    7 0.729363 -0.000002 -0.000002 -0.026713 -0.014214 -0.372688
    8 3.942337 0.046767 -0.431443 -0.156418 0.037228 -0.982701
    9 1.539097 0.000000 0.000000 0.000623 -0.001498 -0.294820
    10 1.196325 -0.000002 -0.000001 0.000132 0.000000 -0.493299
    11 3.883698 -0.046765 0.431443 0.085674 0.007810 -0.695307
    12 1.719570 -0.000004 -0.000001 0.007059 -0.009752 -0.591056
    13 1.209169 -0.000004 0.000000 0.001594 0.002880 -0.228254
    14 3.859863 -0.137946 1.332466 0.367968 -0.021966 -0.694106
    15 1.719431 0.000002 0.000000 0.020278 -0.019152 -0.512874
    16 1.099667 0.000000 -0.000001 0.002253 0.002117 -0.267402
    17 0.806053 -0.348926 1.321258 -1.244102 -0.767854 -0.752396
    18 1.789778 -0.000002 0.000002 0.007706 0.039177 0.302324
    19 1.207005 0.000000 0.000002 -0.004027 0.000791 0.580679
    20 0.185643 -5.847093 -4.773634 -1.668474 1.286518 2.942953
    21 6.028145 0.000000 0.000000 1.170415 0.426945 -1.227535
    22 11.692554 0.000001 0.000002 0.000000 0.000000 -1.532724
    23 11.481699 0.000001 0.000001 -1.175708 0.219231 0.741664
    24 3.859680 -0.132567 1.193109 0.566845 -0.060495 -1.408450
    25 1.312555 -0.000002 0.000002 0.072278 -0.157178 -0.656760
    26 0.729365 0.000000 -0.000001 -0.023337 -0.412078 -1.179798
    27 3.942307 0.050327 0.431044 0.084249 -0.015145 -1.280306
    28 1.539099 -0.000002 0.000000 0.028455 -0.017392 -0.998558
    29 1.196321 0.000010 0.000000 -0.000519 0.009342 -1.131088
    30 3.883659 -0.050321 -0.431042 -0.055824 -0.028801 -0.948476
    31 1.719578 0.000002 0.000000 0.011340 0.002103 -1.500357
    32 1.209185 0.000002 0.000000 0.001786 -0.003742 -0.451851
    33 3.859840 -0.148937 -1.331282 -0.297061 0.194331 -0.063543
    34 1.719421 0.000002 0.000000 0.000947 -0.015146 -0.727243
    35 1.099669 0.000002 -0.000001 0.001678 0.001733 -0.525222
    36 0.950558 -1.145017 -1.396461 1.051432 0.347743 -0.625947
    37 1.789782 0.000000 -0.000004 -0.003943 -0.048106 0.365268
    38 1.206999 0.000002 0.000000 0.004770 -0.002948 0.752772
    39 -4.233035 -15.519941 -7.307060 1.736072 0.018340 0.003535
    40 0.025545 -1.273521 1.753304 0.000000 0.000000 0.000000
    41 0.001032 1.440453 -1.526783 0.000000 0.000000 0.000000
    42 0.004413 0.696487 -1.430595 0.000000 0.000000 0.000000
    43 0.580660 0.349014 -1.430595 0.000000 0.000000 0.000000
    44 0.583444 -0.305904 -1.430599 0.000000 0.000000 0.000000
    45 0.005318 -0.648720 -1.430599 0.000000 0.000000 0.000000
    46 -0.574618 -0.303123 -1.430601 0.000000 0.000000 0.000000
    47 -0.573714 0.348118 -1.430595 0.000000 0.000000 0.000000
    48 -0.029968 -0.059296 1.773438 -1.561870 -0.003783 0.018306
    49 0.041163 0.095589 -2.899426 -0.781108 -0.013985 0.002645
    50 0.081115 -2.496311 -0.915165 0.000000 0.000000 0.000000
    51 4.863281 2.800781 -18.203125 1.570792 0.000003 -0.000003
  time 7
    0 0.000000 -0.000006 0.000000 -1.570781 -1.391896 -1.570809
    1 1.208984 -4.433594 3.550781 1.596637 -1.286515 2.942961
    2 6.028141 0.000000 0.000000 -0.975360 -0.386818 -1.515115
    3 11.692554 0.000001 0.000000 -0.000024 0.000036 -1.093744
    4 11.481670 0.000001 -0.000031 0.640081 -0.289146 0.603767
    5 3.859711 -0.142405 -1.191975 -0.480765 0.131231 -0.998973
    6 1.312555 -0.000002 0.000000 0.002229 0.001834 -0.386842
    7 0.729363 -0.000002 -0.000002 -0.016586 -0.008305 -0.322991
    8 3.942337 0.046767 -0.431443 -0.155351 0.051274 -0.916128
    9 1.539097 0.000000 0.000000 0.000372 -0.000911 -0.276640
    10 1.196325 -0.000002 -0.000001 0.000072 0.000000 -0.469144
    11 3.883698 -0.046765 0.431443 0.085590 0.013245 -0.653727
    12 1.719570 -0.000004 -0.000001 0.003907 -0.004000 -0.503654
    13 1.209169 -0.000004 0.000000 0.000971 0.002964 -0.223667
    14 3.859863 -0.137946 1.332466 0.363133 -0.030297 -0.631185
    15 1.719431 0.000002 0.000000 0.012009 -0.010511 -0.454729
    16 1.099667 0.000000 -0.000001 0.001378 0.002297 -0.258485
    17 0.806053 -0.348926 1.321258 -1.235102 -0.733639 -0.767129
    18 1.789778 -0.000002 0.000002 0.004374 0.024089 0.273740
    19 1.207005 0.000000 0.000002 -0.002481 0.000371 0.495959
    20 0.185643 -5.847093 -4.773634 -1.668474 1.286518 2.942953
    21 6.028145 0.000000 0.000000 1.167157 0.421791 -1.226783
    22 11.692554 0.000001 0.000002 0.000000 0.000000 -1.486322
    23 11.481699 0.000001 0.000001 -1.158717 0.205051 0.742440
    24 3.859680 -0.132567 1.193109 0.566845 -0.060495 -1.408450
    25 1.312555 -0.000002 0.000002 0.072278 -0.157178 -0.656760
    26 0.729365 0.000000 -0.000001 -0.023337 -0.412078 -1.179798
    27 3.942307 0.050327 0.431044 0.084249 -0.015145 -1.280306
    28 1.539099 -0.000002 0.000000 0.028455 -0.017392 -0.998558
    29 1.196321 0.000010 0.000000 -0.000519 0.009342 -1.131088
    30 3.883659 -0.050321 -0.431042 -0.058364 -0.029017 -0.918190
    31 1.719578 0.000002 0.000000 0.011340 0.002103 -1.500357
    32 1.209185 0.000002 0.000000 0.001786 -0.003742 -0.451851
    33 3.859840 -0.148937 -1.331282 -0.297289 0.193971 -0.064771
    34 1.719421 0.000002 0.000000 0.000947 -0.015122 -0.727030
    35 1.099669 0.000002 -0.000001 0.001678 0.001733 -0.524489
    36 0.950558 -1.145017 -1.396461 1.079915 0.355216 -0.633859
    37 1.789782 0.000000 -0.000004 -0.004266 -0.045158 0.381461
    38 1.206999 0.000002 0.000000 0.004566 -0.002565 0.714443
    39 -4.252566 -15.676196 -8.291465 1.789959 0.018340 0.003535
    40 0.025545 -1.273521 1.753304 0.000000 0.000000 0.000000
    41 0.001032 1.440453 -1.526783 0.000000 0.000000 0.000000
    42 0.004413 0.696487 -1.430595 0.000000 0.000000 0.000000
    43 0.580660 0.349014 -1.430595 0.000000 0.000000 0.000000
    44 0.583444 -0.305904 -1.430599 0.000000 0.000000 0.000000
    45 0.005318 -0.648720 -1.430599 0.000000 0.000000 0.000000
    46 -0.574618 -0.303123 -1.430601 0.000000 0.000000 0.000000
    47 -0.573714 0.348118 -1.430595 0.000000 0.000000 0.000000
    48 -0.029968 -0.059296 1.773438 -1.561870 -0.003783 0.018306
    49 0.041163 0.095589 -2.899426 -0.781108 -0.013985 0.002645
    50 0.081115 -2.496311 -0.915165 0.000000 0.000000 0.000000
    51 4.863281 2.800781 -18.203125 1.570792 0.000003 -0.000003
  time 8
    0 0.000000 -0.000006 0.000000 -1.570781 -1.391896 -1.570809
    1 1.208984 -4.433594 3.550781 1.596637 -1.286515 2.942961
    2 6.028141 0.000000 0.000000 -1.003050 -0.368717 -1.486062
    3 11.692554 0.000001 0.000000 -0.000024 0.000036 -1.091381
    4 11.481670 0.000001 -0.000031 0.577481 -0.260960 0.619390
    5 3.859711 -0.142405 -1.191975 -0.474497 0.141981 -0.937240
    6 1.312555 -0.000002 0.000000 0.001055 0.000899 -0.414277
    7 0.729363 -0.000002 -0.000002 -0.008053 -0.003823 -0.282137
    8 3.942337 0.046767 -0.431443 -0.153781 0.062720 -0.861491
    9 1.539097 0.000000 0.000000 0.000168 -0.000431 -0.261665
    10 1.196325 -0.000002 -0.000001 0.000036 0.000000 -0.449254
    11 3.883698 -0.046765 0.431443 0.085686 0.017715 -0.619546
    12 1.719570 -0.000004 -0.000001 0.001702 0.000890 -0.432219
    13 1.209169 -0.000004 0.000000 0.000467 0.003036 -0.219885
    14 3.859863 -0.137946 1.332466 0.358769 -0.036886 -0.579518
    15 1.719431 0.000002 0.000000 0.005597 -0.003069 -0.407028
    16 1.099667 0.000000 -0.000001 0.000659 0.002452 -0.251124
    17 0.806053 -0.348926 1.321258 -1.228376 -0.705415 -0.778642
    18 1.789778 -0.000002 0.000002 0.001966 0.011613 0.250269
    19 1.207005 0.000000 0.000002 -0.001187 0.000132 0.426675
    20 0.181737 -5.843187 -4.769728 -1.668474 1.286518 2.942953
    21 6.028145 0.000000 0.000000 1.165720 0.424034 -1.228194
    22 11.692554 0.000001 0.000002 0.000000 0.000000 -1.445684
    23 11.481699 0.000001 0.000001 -1.142910 0.186043 0.759605
    24 3.859680 -0.132567 1.193109 0.566845 -0.060495 -1.408450
    25 1.312555 -0.000002 0.000002 0.072278 -0.157178 -0.656760
    26 0.729365 0.000000 -0.000001 -0.023337 -0.412078 -1.179798
    27 3.942307 0.050327 0.431044 0.084249 -0.015145 -1.280306
    28 1.539099 -0.000002 0.000000 0.028455 -0.017392 -0.998558
    29 1.196321 0.000010 0.000000 -0.000519 0.009342 -1.131088
    30 3.883659 -0.050321 -0.431042 -0.061085 -0.029160 -0.885824
    31 1.719578 0.000002 0.000000 0.011340 0.002103 -1.500357
    32 1.209185 0.000002 0.000000 0.001786 -0.003742 -0.451851
    33 3.859840 -0.148937 -1.331282 -0.297564 0.193564 -0.066183
    34 1.719421 0.000002 0.000000 0.000959 -0.015098 -0.726787
    35 1.099669 0.000002 -0.000001 0.001678 0.001733 -0.523665
    36 0.950558 -1.145017 -1.396461 1.108397 0.362887 -0.641569
    37 1.789782 0.000000 -0.000004 -0.004542 -0.042210 0.397683
    38 1.206999 0.000002 0.000000 0.004338 -0.002193 0.676115
    39 -4.272098 -15.840263 -9.135240 1.847675 0.018340 0.003535
    40 0.025545 -1.273521 1.753304 0.000000 0.000000 0.000000
    41 0.001032 1.440453 -1.526783 0.000000 0.000000 0.000000
    42 0.004413 0.696487 -1.430595 0.000000 0.000000 0.000000
    43 0.580660 0.349014 -1.430595 0.000000 0.000000 0.000000
    44 0.583444 -0.305904 -1.430599 0.000000 0.000000 0.000000
    45 0.005318 -0.648720 -1.430599 0.000000 0.000000 0.000000
    46 -0.574618 -0.303123 -1.430601 0.000000 0.000000 0.000000
    47 -0.573714 0.348118 -1.430595 0.000000 0.000000 0.000000
    48 -0.029968 -0.059296 1.773438 -1.561870 -0.003783 0.018306
    49 0.041163 0.095589 -2.899426 -0.781108 -0.013985 0.002645
    50 0.081115 -2.496311 -0.915165 0.000000 0.000000 0.000000
    51 4.863281 2.800781 -18.203125 1.570792 0.000003 -0.000003
  time 9
    0 0.000000 -0.000006 0.000000 -1.570781 -1.391896 -1.570809
    1 1.208984 -4.433594 3.550781 1.596637 -1.286515 2.942961
    2 6.028141 0.000000 0.000000 -1.024188 -0.339267 -1.456914
    3 11.692554 0.000001 0.000000 -0.000024 0.000036 -1.115539
    4 11.481670 0.000001 -0.000031 0.520504 -0.237938 0.648781
    5 3.859711 -0.142405 -1.191975 -0.469895 0.149016 -0.895523
    6 1.312555 -0.000002 0.000000 0.000276 0.000240 -0.432891
    7 0.729363 -0.000002 -0.000002 -0.002169 -0.000995 -0.254478
    8 3.942337 0.046767 -0.431443 -0.152367 0.070402 -0.824568
    9 1.539097 0.000000 0.000000 0.000036 -0.000108 -0.251512
    10 1.196325 -0.000002 -0.000001 0.000000 0.000000 -0.435774
    11 3.883698 -0.046765 0.431443 0.085830 0.020737 -0.596374
    12 1.719570 -0.000004 -0.000001 0.000419 0.004270 -0.384098
    13 1.209169 -0.000004 0.000000 0.000120 0.003084 -0.217323
    14 3.859863 -0.137946 1.332466 0.355635 -0.041198 -0.544557
    15 1.719431 0.000002 0.000000 0.001462 0.002145 -0.374834
    16 1.099667 0.000000 -0.000001 0.000180 0.002560 -0.246156
    17 0.806053 -0.348926 1.321258 -1.224169 -0.686269 -0.786120
    18 1.789778 -0.000002 0.000002 0.000503 0.003128 0.234358
    19 1.207005 0.000000 0.000002 -0.000312 0.000024 0.379969
    20 0.177831 -5.839281 -4.769728 -1.668474 1.286518 2.942953
    21 6.028145 0.000000 0.000000 1.166103 0.432051 -1.231205
    22 11.692554 0.000001 0.000002 0.000000 0.000000 -1.410736
    23 11.481699 0.000001 0.000001 -1.129024 0.162983 0.790154
    24 3.859680 -0.132567 1.193109 0.566845 -0.060495 -1.408450
    25 1.312555 -0.000002 0.000002 0.072278 -0.157178 -0.656760
    26 0.729365 0.000000 -0.000001 -0.023337 -0.412078 -1.179798
    27 3.942307 0.050327 0.431044 0.084249 -0.015145 -1.280306
    28 1.539099 -0.000002 0.000000 0.028455 -0.017392 -0.998558
    29 1.196321 0.000010 0.000000 -0.000519 0.009342 -1.131088
    30 3.883659 -0.050321 -0.431042 -0.063925 -0.029220 -0.852009
    31 1.719578 0.000002 0.000000 0.011340 0.002103 -1.500357
    32 1.209185 0.000002 0.000000 0.001786 -0.003742 -0.451851
    33 3.859840 -0.148937 -1.331282 -0.297864 0.193108 -0.067748
    34 1.719421 0.000002 0.000000 0.000959 -0.015062 -0.726512
    35 1.099669 0.000002 -0.000001 0.001678 0.001733 -0.522749
    36 0.950558 -1.145017 -1.396461 1.135732 0.370450 -0.648761
    37 1.789782 0.000000 -0.000004 -0.004758 -0.039370 0.413219
    38 1.206999 0.000002 0.000000 0.004123 -0.001846 0.639398
    39 -4.291630 -16.016050 -9.842293 1.908167 0.018340 0.003535
    40 0.025545 -1.273521 1.753304 0.000000 0.000000 0.000000
    41 0.001032 1.440453 -1.526783 0.000000 0.000000 0.000000
    42 0.004413 0.696487 -1.430595 0.000000 0.000000 0.000000
    43 0.580660 0.349014 -1.430595 0.000000 0.000000 0.000000
    44 0.583444 -0.305904 -1.430599 0.000000 0.000000 0.000000
    45 0.005318 -0.648720 -1.430599 0.000000 0.000000 0.000000
    46 -0.574618 -0.303123 -1.430601 0.000000 0.000000 0.000000
    47 -0.573714 0.348118 -1.430595 0.000000 0.000000 0.000000
    48 -0.029968 -0.059296 1.773438 -1.561870 -0.003783 0.018306
    49 0.041163 0.095589 -2.899426 -0.781108 -0.013985 0.002645
    50 0.081115 -2.496311 -0.915165 0.000000 0.000000 0.000000
    51 4.863281 2.800781 -18.203125 1.570792 0.000003 -0.000003
  time 10
    0 0.000000 -0.000006 0.000000 -1.570781 -1.391896 -1.570809
    1 1.208984 -4.433594 3.550781 1.596637 -1.286515 2.942961
    2 6.028141 0.000000 0.000000 -1.036109 -0.298470 -1.428716
    3 11.692554 0.000001 0.000000 -0.000024 0.000036 -1.162018
    4 11.481670 0.000001 -0.000031 0.470904 -0.221529 0.686804
    5 3.859711 -0.142405 -1.191975 -0.468133 0.151533 -0.880197
    6 1.312555 -0.000002 0.000000 0.000000 0.000000 -0.439720
    7 0.729363 -0.000002 -0.000002 0.000000 0.000000 -0.244299
    8 3.942337 0.046767 -0.431443 -0.151780 0.073206 -0.810985
    9 1.539097 0.000000 0.000000 0.000000 0.000000 -0.247797
    10 1.196325 -0.000002 -0.000001 0.000000 0.000000 -0.430802
    11 3.883698 -0.046765 0.431443 0.085902 0.021830 -0.587867
    12 1.719570 -0.000004 -0.000001 0.000000 0.005516 -0.366478
    13 1.209169 -0.000004 0.000000 0.000000 0.003084 -0.216400
    14 3.859863 -0.137946 1.332466 0.354449 -0.042750 -0.531718
    15 1.719431 0.000002 0.000000 0.000000 0.004074 -0.363009
    16 1.099667 0.000000 -0.000001 0.000000 0.002596 -0.244331
    17 0.806053 -0.348926 1.321258 -1.222677 -0.679213 -0.788819
    18 1.789778 -0.000002 0.000002 0.000000 0.000000 0.228523
    19 1.207005 0.000000 0.000002 0.000000 0.000000 0.362860
    20 0.173924 -5.835374 -4.769728 -1.668474 1.286518 2.942953
    21 6.028145 0.000000 0.000000 1.168019 0.444696 -1.235344
    22 11.692554 0.000001 0.000002 0.000000 0.000000 -1.379925
    23 11.481699 0.000001 0.000001 -1.117677 0.136950 0.830061
    24 3.859680 -0.132567 1.193109 0.566845 -0.060495 -1.408450
    25 1.312555 -0.000002 0.000002 0.072278 -0.157178 -0.656760
    26 0.729365 0.000000 -0.000001 -0.023337 -0.412078 -1.179798
    27 3.942307 0.050327 0.431044 0.084249 -0.015145 -1.280306
    28 1.539099 -0.000002 0.000000 0.028455 -0.017392 -0.998558
    29 1.196321 0.000010 0.000000 -0.000519 0.009342 -1.131088
    30 3.883659 -0.050321 -0.431042 -0.066826 -0.029184 -0.817501
    31 1.719578 0.000002 0.000000 0.011340 0.002103 -1.500357
    32 1.209185 0.000002 0.000000 0.001786 -0.003742 -0.451851
    33 3.859840 -0.148937 -1.331282 -0.298199 0.192593 -0.069497
    34 1.719421 0.000002 0.000000 0.000959 -0.015038 -0.726178
    35 1.099669 0.000002 -0.000001 0.001678 0.001722 -0.521718
    36 0.950558 -1.145017 -1.396461 1.160723 0.377509 -0.655148
    37 1.789782 0.000000 -0.000004 -0.004914 -0.036781 0.427413
    38 1.206999 0.000002 0.000000 0.003907 -0.001534 0.605846
    39 -4.311162 -16.195743 -10.439968 1.969999 0.018340 0.003535
    40 0.025545 -1.273521 1.753304 0.000000 0.000000 0.000000
    41 0.001032 1.440453 -1.526783 0.000000 0.000000 0.000000
    42 0.004413 0.696487 -1.430595 0.000000 0.000000 0.000000
    43 0.580660 0.349014 -1.430595 0.000000 0.000000 0.000000
    44 0.583444 -0.305904 -1.430599 0.000000 0.000000 0.000000
    45 0.005318 -0.648720 -1.430599 0.000000 0.000000 0.000000
    46 -0.574618 -0.303123 -1.430601 0.000000 0.000000 0.000000
    47 -0.573714 0.348118 -1.430595 0.000000 0.000000 0.000000
    48 -0.029968 -0.059296 1.773438 -1.561870 -0.003783 0.018306
    49 0.041163 0.095589 -2.899426 -0.781108 -0.013985 0.002645
    50 0.081115 -2.496311 -0.915165 0.000000 0.000000 0.000000
    51 4.863281 2.800781 -18.203125 1.570792 0.000003 -0.000003
  time 11
    0 0.000000 -0.000006 0.000000 -1.570781 -1.391896 -1.570809
    1 1.208984 -4.433594 3.550781 1.596637 -1.286515 2.942961
    2 6.028141 0.000000 0.000000 -1.041099 -0.250827 -1.401185
    3 11.692554 0.000001 0.000000 -0.000024 0.000036 -1.221955
    4 11.481670 0.000001 -0.000031 0.428217 -0.211345 0.726967
    5 3.859711 -0.142405 -1.191975 -0.468133 0.151533 -0.880197
    6 1.312555 -0.000002 0.000000 0.000000 0.000000 -0.439720
    7 0.729363 -0.000002 -0.000002 0.000000 0.000000 -0.244299
    8 3.942337 0.046767 -0.431443 -0.151780 0.073206 -0.810985
    9 1.539097 0.000000 0.000000 0.000000 0.000000 -0.247797
    10 1.196325 -0.000002 -0.000001 0.000000 0.000000 -0.430802
    11 3.883698 -0.046765 0.431443 0.085902 0.021830 -0.587867
    12 1.719570 -0.000004 -0.000001 0.000000 0.005516 -0.366478
    13 1.209169 -0.000004 0.000000 0.000000 0.003084 -0.216400
    14 3.859863 -0.137946 1.332466 0.354449 -0.042750 -0.531718
    15 1.719431 0.000002 0.000000 0.000000 0.004074 -0.363009
    16 1.099667 0.000000 -0.000001 0.000000 0.002596 -0.244331
    17 0.806053 -0.348926 1.321258 -1.222677 -0.679213 -0.788819
    18 1.789778 -0.000002 0.000002 0.000000 0.000000 0.228523
    19 1.207005 0.000000 0.000002 0.000000 0.000000 0.362860
    20 0.170018 -5.827561 -4.765821 -1.668474 1.286518 2.942953
    21 6.028145 0.000000 0.000000 1.171085 0.461112 -1.240424
    22 11.692554 0.000001 0.000002 0.000000 0.000000 -1.351774
    23 11.481699 0.000001 0.000001 -1.109153 0.109020 0.876077
    24 3.859680 -0.132567 1.193109 0.566845 -0.060495 -1.408450
    25 1.312555 -0.000002 0.000002 0.072278 -0.157178 -0.656760
    26 0.729365 0.000000 -0.000001 -0.023337 -0.412078 -1.179798
    27 3.942307 0.050327 0.431044 0.084249 -0.015145 -1.280306
    28 1.539099 -0.000002 0.000000 0.028455 -0.017392 -0.998558
    29 1.196321 0.000010 0.000000 -0.000519 0.009342 -1.131088
    30 3.883659 -0.050321 -0.431042 -0.069726 -0.029053 -0.782992
    31 1.719578 0.000002 0.000000 0.011340 0.002103 -1.500357
    32 1.209185 0.000002 0.000000 0.001786 -0.003742 -0.451851
    33 3.859840 -0.148937 -1.331282 -0.298559 0.192042 -0.071400
    34 1.719421 0.000002 0.000000 0.000959 -0.015002 -0.725812
    35 1.099669 0.000002 -0.000001 0.001678 0.001722 -0.520596
    36 0.950558 -1.145017 -1.396461 1.182177 0.383686 -0.660499
    37 1.789782 0.000000 -0.000004 -0.005021 -0.034540 0.439608
    38 1.206999 0.000002 0.000000 0.003715 -0.001271 0.577072
    39 -4.330694 -16.379342 -10.943889 2.032117 0.018340 0.003535
    40 0.025545 -1.273521 1.753304 0.000000 0.000000 0.000000
    41 0.001032 1.440453 -1.526783 0.000000 0.000000 0.000000
    42 0.004413 0.696487 -1.430595 0.000000 0.000000 0.000000
    43 0.580660 0.349014 -1.430595 0.000000 0.000000 0.000000
    44 0.583444 -0.305904 -1.430599 0.000000 0.000000 0.000000
    45 0.005318 -0.648720 -1.430599 0.000000 0.000000 0.000000
    46 -0.574618 -0.303123 -1.430601 0.000000 0.000000 0.000000
    47 -0.573714 0.348118 -1.430595 0.000000 0.000000 0.000000
    48 -0.029968 -0.059296 1.773438 -1.561870 -0.003783 0.018306
    49 0.041163 0.095589 -2.899426 -0.781108 -0.013985 0.002645
    50 0.081115 -2.496311 -0.915165 0.000000 0.000000 0.000000
    51 4.863281 2.800781 -18.203125 1.570792 0.000003 -0.000003
  time 12
    0 0.000000 -0.000006 0.000000 -1.570781 -1.391896 -1.570809
    1 1.208984 -4.433594 3.550781 1.596637 -1.286515 2.942961
    2 6.028141 0.000000 0.000000 -1.043384 -0.200795 -1.373415
    3 11.692554 0.000001 0.000000 -0.000036 0.000036 -1.287473
    4 11.481670 0.000001 -0.000031 0.390879 -0.206277 0.763920
    5 3.859711 -0.142405 -1.191975 -0.468133 0.151533 -0.880197
    6 1.312555 -0.000002 0.000000 0.000000 0.000000 -0.439720
    7 0.729363 -0.000002 -0.000002 0.000000 0.000000 -0.244299
    8 3.942337 0.046767 -0.431443 -0.151780 0.073206 -0.810985
    9 1.539097 0.000000 0.000000 0.000000 0.000000 -0.247797
    10 1.196325 -0.000002 -0.000001 0.000000 0.000000 -0.430802
    11 3.883698 -0.046765 0.431443 0.085902 0.021830 -0.587867
    12 1.719570 -0.000004 -0.000001 0.000000 0.005516 -0.366478
    13 1.209169 -0.000004 0.000000 0.000000 0.003084 -0.216400
    14 3.859863 -0.137946 1.332466 0.354449 -0.042750 -0.531718
    15 1.719431 0.000002 0.000000 0.000000 0.004074 -0.363009
    16 1.099667 0.000000 -0.000001 0.000000 0.002596 -0.244331
    17 0.806053 -0.348926 1.321258 -1.222677 -0.679213 -0.788819
    18 1.789778 -0.000002 0.000002 0.000000 0.000000 0.228523
    19 1.207005 0.000000 0.000002 0.000000 0.000000 0.362860
    20 0.166111 -5.823655 -4.765821 -1.668474 1.286518 2.942953
    21 6.028145 0.000000 0.000000 1.174917 0.480724 -1.246257
    22 11.692554 0.000001 0.000002 0.000000 0.000000 -1.324953
    23 11.481699 0.000001 0.000001 -1.103621 0.080271 0.925245
    24 3.859680 -0.132567 1.193109 0.566845 -0.060495 -1.408450
    25 1.312555 -0.000002 0.000002 0.072278 -0.157178 -0.656760
    26 0.729365 0.000000 -0.000001 -0.023337 -0.412078 -1.179798
    27 3.942307 0.050327 0.431044 0.084249 -0.015145 -1.280306
    28 1.539099 -0.000002 0.000000 0.028455 -0.017392 -0.998558
    29 1.196321 0.000010 0.000000 -0.000519 0.009342 -1.131088
    30 3.883659 -0.050321 -0.431042 -0.072554 -0.028813 -0.749208
    31 1.719578 0.000002 0.000000 0.011340 0.002103 -1.500357
    32 1.209185 0.000002 0.000000 0.001786 -0.003742 -0.451851
    33 3.859840 -0.148937 -1.331282 -0.298954 0.191430 -0.073456
    34 1.719421 0.000002 0.000000 0.000959 -0.014954 -0.725416
    35 1.099669 0.000002 -0.000001 0.001666 0.001722 -0.519359
    36 0.950558 -1.145017 -1.396461 1.198945 0.388583 -0.664585
    37 1.789782 0.000000 -0.000004 -0.005093 -0.032802 0.449147
    38 1.206999 0.000002 0.000000 0.003559 -0.001079 0.554631
    39 -4.350226 -16.562941 -11.365777 2.093088 0.018340 0.003535
    40 0.025545 -1.273521 1.753304 0.000000 0.000000 0.000000
    41 0.001032 1.440453 -1.526783 0.000000 0.000000 0.000000
    42 0.004413 0.696487 -1.430595 0.000000 0.000000 0.000000
    43 0.580660 0.349014 -1.430595 0.000000 0.000000 0.000000
    44 0.583444 -0.305904 -1.430599 0.000000 0.000000 0.000000
    45 0.005318 -0.648720 -1.430599 0.000000 0.000000 0.000000
    46 -0.574618 -0.303123 -1.430601 0.000000 0.000000 0.000000
    47 -0.573714 0.348118 -1.430595 0.000000 0.000000 0.000000
    48 -0.029968 -0.059296 1.773438 -1.561870 -0.003783 0.018306
    49 0.041163 0.095589 -2.899426 -0.781108 -0.013985 0.002645
    50 0.081115 -2.496311 -0.915165 0.000000 0.000000 0.000000
    51 4.863281 2.800781 -18.203125 1.570792 0.000003 -0.000003
  time 13
    0 0.000000 -0.000006 0.000000 -1.570781 -1.391896 -1.570809
    1 1.208984 -4.433594 3.550781 1.596637 -1.286515 2.942961
    2 6.028141 0.000000 0.000000 -1.043498 -0.149569 -1.345360
    3 11.692554 0.000001 0.000000 -0.000036 0.000036 -1.354959
    4 11.481670 0.000001 -0.000031 0.359440 -0.206084 0.794595
    5 3.859711 -0.142405 -1.191975 -0.468133 0.151533 -0.880197
    6 1.312555 -0.000002 0.000000 0.000000 0.000000 -0.439720
    7 0.729363 -0.000002 -0.000002 0.000000 0.000000 -0.244299
    8 3.942337 0.046767 -0.431443 -0.151780 0.073206 -0.810985
    9 1.539097 0.000000 0.000000 0.000000 0.000000 -0.247797
    10 1.196325 -0.000002 -0.000001 0.000000 0.000000 -0.430802
    11 3.883698 -0.046765 0.431443 0.085902 0.021830 -0.587867
    12 1.719570 -0.000004 -0.000001 0.000000 0.005516 -0.366478
    13 1.209169 -0.000004 0.000000 0.000000 0.003084 -0.216400
    14 3.859863 -0.137946 1.332466 0.354449 -0.042750 -0.531718
    15 1.719431 0.000002 0.000000 0.000000 0.004074 -0.363009
    16 1.099667 0.000000 -0.000001 0.000000 0.002596 -0.244331
    17 0.806053 -0.348926 1.321258 -1.222677 -0.679213 -0.788819
    18 1.789778 -0.000002 0.000002 0.000000 0.000000 0.228523
    19 1.207005 0.000000 0.000002 0.000000 0.000000 0.362860
    20 0.162205 -5.819749 -4.765821 -1.668474 1.286518 2.942953
    21 6.028145 0.000000 0.000000 1.179325 0.502580 -1.252373
    22 11.692554 0.000001 0.000002 0.000000 0.000000 -1.298944
    23 11.481699 0.000001 0.000001 -1.100967 0.051737 0.975238
    24 3.859680 -0.132567 1.193109 0.566845 -0.060495 -1.408450
    25 1.312555 -0.000002 0.000002 0.072278 -0.157178 -0.656760
    26 0.729365 0.000000 -0.000001 -0.023337 -0.412078 -1.179798
    27 3.942307 0.050327 0.431044 0.084249 -0.015145 -1.280306
    28 1.539099 -0.000002 0.000000 0.028455 -0.017392 -0.998558
    29 1.196321 0.000010 0.000000 -0.000519 0.009342 -1.131088
    30 3.883659 -0.050321 -0.431042 -0.075263 -0.028501 -0.716811
    31 1.719578 0.000002 0.000000 0.011340 0.002103 -1.500357
    32 1.209185 0.000002 0.000000 0.001786 -0.003742 -0.451851
    33 3.859840 -0.148937 -1.331282 -0.299386 0.190771 -0.075697
    34 1.719421 0.000002 0.000000 0.000959 -0.014918 -0.724990
    35 1.099669 0.000002 -0.000001 0.001666 0.001722 -0.518053
    36 0.950558 -1.145017 -1.396461 1.209879 0.391789 -0.667174
    37 1.789782 0.000000 -0.000004 -0.005117 -0.031664 0.455344
    38 1.206999 0.000002 0.000000 0.003452 -0.000947 0.540021
    39 -4.369758 -16.742634 -11.713444 2.151952 0.018340 0.003535
    40 0.025545 -1.273521 1.753304 0.000000 0.000000 0.000000
    41 0.001032 1.440453 -1.526783 0.000000 0.000000 0.000000
    42 0.004413 0.696487 -1.430595 0.000000 0.000000 0.000000
    43 0.580660 0.349014 -1.430595 0.000000 0.000000 0.000000
    44 0.583444 -0.305904 -1.430599 0.000000 0.000000 0.000000
    45 0.005318 -0.648720 -1.430599 0.000000 0.000000 0.000000
    46 -0.574618 -0.303123 -1.430601 0.000000 0.000000 0.000000
    47 -0.573714 0.348118 -1.430595 0.000000 0.000000 0.000000
    48 -0.029968 -0.059296 1.773438 -1.561870 -0.003783 0.018306
    49 0.041163 0.095589 -2.899426 -0.781108 -0.013985 0.002645
    50 0.081115 -2.496311 -0.915165 0.000000 0.000000 0.000000
    51 4.863281 2.800781 -18.203125 1.570792 0.000003 -0.000003
  time 14
    0 0.000000 -0.000006 0.000000 -1.570781 -1.391896 -1.570809
    1 1.208984 -4.433594 3.550781 1.596637 -1.286515 2.942961
    2 6.028141 0.000000 0.000000 -1.041898 -0.098297 -1.317211
    3 11.692554 0.000001 0.000000 -0.000036 0.000036 -1.420476
    4 11.481670 0.000001 -0.000031 0.334548 -0.210235 0.816068
    5 3.859711 -0.142405 -1.191975 -0.468133 0.151533 -0.880197
    6 1.312555 -0.000002 0.000000 0.000000 0.000000 -0.439720
    7 0.729363 -0.000002 -0.000002 0.000000 0.000000 -0.244299
    8 3.942337 0.046767 -0.431443 -0.151780 0.073206 -0.810985
    9 1.539097 0.000000 0.000000 0.000000 0.000000 -0.247797
    10 1.196325 -0.000002 -0.000001 0.000000 0.000000 -0.430802
    11 3.883698 -0.046765 0.431443 0.085902 0.021830 -0.587867
    12 1.719570 -0.000004 -0.000001 0.000000 0.005516 -0.366478
    13 1.209169 -0.000004 0.000000 0.000000 0.003084 -0.216400
    14 3.859863 -0.137946 1.332466 0.354449 -0.042750 -0.531718
    15 1.719431 0.000002 0.000000 0.000000 0.004074 -0.363009
    16 1.099667 0.000000 -0.000001 0.000000 0.002596 -0.244331
    17 0.806053 -0.348926 1.321258 -1.222677 -0.679213 -0.788819
    18 1.789778 -0.000002 0.000002 0.000000 0.000000 0.228523
    19 1.207005 0.000000 0.000002 0.000000 0.000000 0.362860
    20 0.154392 -5.811936 -4.761915 -1.668474 1.286518 2.942953
    21 6.028145 0.000000 0.000000 1.183827 0.526010 -1.258676
    22 11.692554 0.000001 0.000002 0.000000 0.000000 -1.273305
    23 11.481699 0.000001 0.000001 -1.100855 0.024411 1.023970
    24 3.859680 -0.132567 1.193109 0.566845 -0.060495 -1.408450
    25 1.312555 -0.000002 0.000002 0.072278 -0.157178 -0.656760
    26 0.729365 0.000000 -0.000001 -0.023337 -0.412078 -1.179798
    27 3.942307 0.050327 0.431044 0.084249 -0.015145 -1.280306
    28 1.539099 -0.000002 0.000000 0.028455 -0.017392 -0.998558
    29 1.196321 0.000010 0.000000 -0.000519 0.009342 -1.131088
    30 3.883659 -0.050321 -0.431042 -0.077780 -0.028130 -0.686557
    31 1.719578 0.000002 0.000000 0.011340 0.002103 -1.500357
    32 1.209185 0.000002 0.000000 0.001786 -0.003742 -0.451851
    33 3.859840 -0.148937 -1.331282 -0.299829 0.190064 -0.078060
    34 1.719421 0.000002 0.000000 0.000971 -0.014870 -0.724533
    35 1.099669 0.000002 -0.000001 0.001666 0.001710 -0.516633
    36 0.950558 -1.145017 -1.396461 1.213761 0.392941 -0.668094
    37 1.789782 0.000000 -0.000004 -0.005129 -0.031256 0.457543
    38 1.206999 0.000002 0.000000 0.003416 -0.000899 0.534800
    39 -4.389289 -16.922327 -11.998609 2.207371 0.018340 0.003535
    40 0.025545 -1.273521 1.753304 0.000000 0.000000 0.000000
    41 0.001032 1.440453 -1.526783 0.000000 0.000000 0.000000
    42 0.004413 0.696487 -1.430595 0.000000 0.000000 0.000000
    43 0.580660 0.349014 -1.430595 0.000000 0.000000 0.000000
    44 0.583444 -0.305904 -1.430599 0.000000 0.000000 0.000000
    45 0.005318 -0.648720 -1.430599 0.000000 0.000000 0.000000
    46 -0.574618 -0.303123 -1.430601 0.000000 0.000000 0.000000
    47 -0.573714 0.348118 -1.430595 0.000000 0.000000 0.000000
    48 -0.029968 -0.059296 1.773438 -1.561870 -0.003783 0.018306
    49 0.041163 0.095589 -2.899426 -0.781108 -0.013985 0.002645
    50 0.081115 -2.496311 -0.915165 0.000000 0.000000 0.000000
    51 4.863281 2.800781 -18.203125 1.570792 0.000003 -0.000003
  time 15
    0 0.000000 -0.000006 0.000000 -1.570781 -1.391896 -1.570809
    1 1.208984 -4.433594 3.550781 1.596637 -1.286515 2.942961
    2 6.028141 0.000000 0.000000 -1.039423 -0.047851 -1.289013
    3 11.692554 0.000001 0.000000 -0.000036 0.000036 -1.480938
    4 11.481670 0.000001 -0.000031 0.317031 -0.218054 0.826269
    5 3.859711 -0.142405 -1.191975 -0.468133 0.151533 -0.880197
    6 1.312555 -0.000002 0.000000 0.000000 0.000000 -0.439720
    7 0.729363 -0.000002 -0.000002 0.000000 0.000000 -0.244299
    8 3.942337 0.046767 -0.431443 -0.151780 0.073206 -0.810985
    9 1.539097 0.000000 0.000000 0.000000 0.000000 -0.247797
    10 1.196325 -0.000002 -0.000001 0.000000 0.000000 -0.430802
    11 3.883698 -0.046765 0.431443 0.085902 0.021830 -0.587867
    12 1.719570 -0.000004 -0.000001 0.000000 0.005516 -0.366478
    13 1.209169 -0.000004 0.000000 0.000000 0.003084 -0.216400
    14 3.859863 -0.137946 1.332466 0.354449 -0.042750 -0.531718
    15 1.719431 0.000002 0.000000 0.000000 0.004074 -0.363009
    16 1.099667 0.000000 -0.000001 0.000000 0.002596 -0.244331
    17 0.806053 -0.348926 1.321258 -1.222677 -0.679213 -0.788819
    18 1.789778 -0.000002 0.000002 0.000000 0.000000 0.228523
    19 1.207005 0.000000 0.000002 0.000000 0.000000 0.362860
    20 0.150486 -5.804123 -4.761915 -1.668474 1.286518 2.942953
    21 6.028145 0.000000 0.000000 1.188330 0.550061 -1.264980
    22 11.692554 0.000001 0.000002 0.000000 0.000000 -1.248110
    23 11.481699 0.000001 0.000001 -1.102887 -0.000933 1.069792
    24 3.859680 -0.132567 1.193109 0.566845 -0.060495 -1.408450
    25 1.312555 -0.000002 0.000002 0.072278 -0.157178 -0.656760
    26 0.729365 0.000000 -0.000001 -0.023337 -0.412078 -1.179798
    27 3.942307 0.050327 0.431044 0.084249 -0.015145 -1.280306
    28 1.539099 -0.000002 0.000000 0.028455 -0.017392 -0.998558
    29 1.196321 0.000010 0.000000 -0.000519 0.009342 -1.131088
    30 3.883659 -0.050321 -0.431042 -0.080057 -0.027734 -0.659108
    31 1.719578 0.000002 0.000000 0.011340 0.002103 -1.500357
    32 1.209185 0.000002 0.000000 0.001786 -0.003742 -0.451851
    33 3.859840 -0.148937 -1.331282 -0.300309 0.189321 -0.080607
    34 1.719421 0.000002 0.000000 0.000971 -0.014822 -0.724016
    35 1.099669 0.000002 -0.000001 0.001666 0.001710 -0.515145
    36 0.950558 -1.145017 -1.396461 1.213761 0.392941 -0.668094
    37 1.789782 0.000000 -0.000004 -0.005129 -0.031256 0.457543
    38 1.206999 0.000002 0.000000 0.003416 -0.000899 0.534800
    39 -4.412728 -17.090301 -12.225178 2.258291 0.018340 0.003535
    40 0.025545 -1.273521 1.753304 0.000000 0.000000 0.000000
    41 0.001032 1.440453 -1.526783 0.000000 0.000000 0.000000
    42 0.004413 0.696487 -1.430595 0.000000 0.000000 0.000000
    43 0.580660 0.349014 -1.430595 0.000000 0.000000 0.000000
    44 0.583444 -0.305904 -1.430599 0.000000 0.000000 0.000000
    45 0.005318 -0.648720 -1.430599 0.000000 0.000000 0.000000
    46 -0.574618 -0.303123 -1.430601 0.000000 0.000000 0.000000
    47 -0.573714 0.348118 -1.430595 0.000000 0.000000 0.000000
    48 -0.029968 -0.059296 1.773438 -1.561870 -0.003783 0.018306
    49 0.041163 0.095589 -2.899426 -0.781108 -0.013985 0.002645
    50 0.081115 -2.496311 -0.915165 0.000000 0.000000 0.000000
    51 4.863281 2.800781 -18.203125 1.570792 0.000003 -0.000003
  time 16
    0 0.000000 -0.000006 0.000000 -1.570781 -1.391896 -1.570809
    1 1.208984 -4.433594 3.550781 1.596637 -1.286515 2.942961
    2 6.028141 0.000000 0.000000 -1.036833 0.000986 -1.261006
    3 11.692554 0.000001 0.000000 -0.000036 0.000036 -1.533654
    4 11.481670 0.000001 -0.000031 0.307442 -0.228624 0.823844
    5 3.859711 -0.142405 -1.191975 -0.468133 0.151533 -0.880197
    6 1.312555 -0.000002 0.000000 0.000000 0.000000 -0.439720
    7 0.729363 -0.000002 -0.000002 0.000000 0.000000 -0.244299
    8 3.942337 0.046767 -0.431443 -0.151780 0.073206 -0.810985
    9 1.539097 0.000000 0.000000 0.000000 0.000000 -0.247797
    10 1.196325 -0.000002 -0.000001 0.000000 0.000000 -0.430802
    11 3.883698 -0.046765 0.431443 0.085902 0.021830 -0.587867
    12 1.719570 -0.000004 -0.000001 0.000000 0.005516 -0.366478
    13 1.209169 -0.000004 0.000000 0.000000 0.003084 -0.216400
    14 3.859863 -0.137946 1.332466 0.354449 -0.042750 -0.531718
    15 1.719431 0.000002 0.000000 0.000000 0.004074 -0.363009
    16 1.099667 0.000000 -0.000001 0.000000 0.002596 -0.244331
    17 0.806053 -0.348926 1.321258 -1.222677 -0.679213 -0.788819
    18 1.789778 -0.000002 0.000002 0.000000 0.000000 0.228523
    19 1.207005 0.000000 0.000002 0.000000 0.000000 0.362860
    20 0.146580 -5.800217 -4.758009 -1.668474 1.286518 2.942953
    21 6.028145 0.000000 0.000000 1.192641 0.573777 -1.270907
    22 11.692554 0.000001 0.000002 0.000000 0.000000 -1.223875
    23 11.481699 0.000001 0.000001 -1.106500 -0.023648 1.111251
    24 3.859680 -0.132567 1.193109 0.566845 -0.060495 -1.408450
    25 1.312555 -0.000002 0.000002 0.072278 -0.157178 -0.656760
    26 0.729365 0.000000 -0.000001 -0.023337 -0.412078 -1.179798
    27 3.942307 0.050327 0.431044 0.084249 -0.015145 -1.280306
    28 1.539099 -0.000002 0.000000 0.028455 -0.017392 -0.998558
    29 1.196321 0.000010 0.000000 -0.000519 0.009342 -1.131088
    30 3.883659 -0.050321 -0.431042 -0.082022 -0.027327 -0.635188
    31 1.719578 0.000002 0.000000 0.011340 0.002103 -1.500357
    32 1.209185 0.000002 0.000000 0.001786 -0.003730 -0.451851
    33 3.859840 -0.148937 -1.331282 -0.300824 0.188518 -0.083308
    34 1.719421 0.000002 0.000000 0.000971 -0.014774 -0.723467
    35 1.099669 0.000002 -0.000001 0.001666 0.001710 -0.513564
    36 0.950558 -1.145017 -1.396461 1.213761 0.392941 -0.668094
    37 1.789782 0.000000 -0.000004 -0.005129 -0.031256 0.457543
    38 1.206999 0.000002 0.000000 0.003416 -0.000899 0.534800
    39 -4.436166 -17.246556 -12.397059 2.303660 0.018340 0.003535
    40 0.025545 -1.273521 1.753304 0.000000 0.000000 0.000000
    41 0.001032 1.440453 -1.526783 0.000000 0.000000 0.000000
    42 0.004413 0.696487 -1.430595 0.000000 0.000000 0.000000
    43 0.580660 0.349014 -1.430595 0.000000 0.000000 0.000000
    44 0.583444 -0.305904 -1.430599 0.000000 0.000000 0.000000
    45 0.005318 -0.648720 -1.430599 0.000000 0.000000 0.000000
    46 -0.574618 -0.303123 -1.430601 0.000000 0.000000 0.000000
    47 -0.573714 0.348118 -1.430595 0.000000 0.000000 0.000000
    48 -0.029968 -0.059296 1.773438 -1.561870 -0.003783 0.018306
    49 0.041163 0.095589 -2.899426 -0.781108 -0.013985 0.002645
    50 0.081115 -2.496311 -0.915165 0.000000 0.000000 0.000000
    51 4.863281 2.800781 -18.203125 1.570792 0.000003 -0.000003
  time 17
    0 0.000000 -0.000006 0.000000 -1.570781 -1.391896 -1.570809
    1 1.208984 -4.433594 3.550781 1.596637 -1.286515 2.942961
    2 6.028141 0.000000 0.000000 -1.035081 0.047710 -1.233427
    3 11.692554 0.000001 0.000000 -0.000048 0.000036 -1.576720
    4 11.481670 0.000001 -0.000031 0.306244 -0.240834 0.808078
    5 3.859711 -0.142405 -1.191975 -0.468133 0.151533 -0.880197
    6 1.312555 -0.000002 0.000000 0.000000 0.000000 -0.439720
    7 0.729363 -0.000002 -0.000002 0.000000 0.000000 -0.244299
    8 3.942337 0.046767 -0.431443 -0.151780 0.073206 -0.810985
    9 1.539097 0.000000 0.000000 0.000000 0.000000 -0.247797
    10 1.196325 -0.000002 -0.000001 0.000000 0.000000 -0.430802
    11 3.883698 -0.046765 0.431443 0.085902 0.021830 -0.587867
    12 1.719570 -0.000004 -0.000001 0.000000 0.005516 -0.366478
    13 1.209169 -0.000004 0.000000 0.000000 0.003084 -0.216400
    14 3.859863 -0.137946 1.332466 0.354449 -0.042750 -0.531718
    15 1.719431 0.000002 0.000000 0.000000 0.004074 -0.363009
    16 1.099667 0.000000 -0.000001 0.000000 0.002596 -0.244331
    17 0.806053 -0.348926 1.321258 -1.222677 -0.679213 -0.788819
    18 1.789778 -0.000002 0.000002 0.000000 0.000000 0.228523
    19 1.207005 0.000000 0.000002 0.000000 0.000000 0.362860
    20 0.138767 -5.792404 -4.758009 -1.668474 1.286518 2.942953
    21 6.028145 0.000000 0.000000 1.196570 0.596110 -1.276175
    22 11.692554 0.000001 0.000002 0.000000 0.000000 -1.201487
    23 11.481699 0.000001 0.000001 -1.111129 -0.043130 1.147327
    24 3.859680 -0.132567 1.193109 0.566845 -0.060495 -1.408450
    25 1.312555 -0.000002 0.000002 0.072278 -0.157178 -0.656760
    26 0.729365 0.000000 -0.000001 -0.023337 -0.412078 -1.179798
    27 3.942307 0.050327 0.431044 0.084249 -0.015145 -1.280306
    28 1.539099 -0.000002 0.000000 0.028455 -0.017392 -0.998558
    29 1.196321 0.000010 0.000000 -0.000519 0.009342 -1.131088
    30 3.883659 -0.050321 -0.431042 -0.083652 -0.026967 -0.615397
    31 1.719578 0.000002 0.000000 0.011340 0.002103 -1.500357
    32 1.209185 0.000002 0.000000 0.001786 -0.003742 -0.451851
    33 3.859840 -0.148937 -1.331282 -0.301351 0.187679 -0.086132
    34 1.719421 0.000002 0.000000 0.000971 -0.014726 -0.722889
    35 1.099669 0.000002 -0.000001 0.001666 0.001698 -0.511892
    36 0.950558 -1.145017 -1.396461 1.213761 0.392941 -0.668094
    37 1.789782 0.000000 -0.000004 -0.005129 -0.031256 0.457543
    38 1.206999 0.000002 0.000000 0.003416 -0.000899 0.534800
    39 -4.463510 -17.394998 -12.522062 2.342520 0.018340 0.003535
    40 0.025545 -1.273521 1.753304 0.000000 0.000000 0.000000
    41 0.001032 1.440453 -1.526783 0.000000 0.000000 0.000000
    42 0.004413 0.696487 -1.430595 0.000000 0.000000 0.000000
    43 0.580660 0.349014 -1.430595 0.000000 0.000000 0.000000
    44 0.583444 -0.305904 -1.430599 0.000000 0.000000 0.000000
    45 0.005318 -0.648720 -1.430599 0.000000 0.000000 0.000000
    46 -0.574618 -0.303123 -1.430601 0.000000 0.000000 0.000000
    47 -0.573714 0.348118 -1.430595 0.000000 0.000000 0.000000
    48 -0.029968 -0.059296 1.773438 -1.561870 -0.003783 0.018306
    49 0.041163 0.095589 -2.899426 -0.781108 -0.013985 0.002645
    50 0.081115 -2.496311 -0.915165 0.000000 0.000000 0.000000
    51 4.863281 2.800781 -18.203125 1.570792 0.000003 -0.000003
  time 18
    0 0.000000 -0.000006 0.000000 -1.570781 -1.391896 -1.570809
    1 1.208984 -4.433594 3.550781 1.596637 -1.286515 2.942961
    2 6.028141 0.000000 0.000000 -1.035043 0.091402 -1.207084
    3 11.692554 0.000001 0.000000 -0.000048 0.000036 -1.608099
    4 11.481670 0.000001 -0.000031 0.313343 -0.253335 0.778830
    5 3.859711 -0.142405 -1.191975 -0.468133 0.151533 -0.880197
    6 1.312555 -0.000002 0.000000 0.000000 0.000000 -0.439720
    7 0.729363 -0.000002 -0.000002 0.000000 0.000000 -0.244299
    8 3.942337 0.046767 -0.431443 -0.151780 0.073206 -0.810985
    9 1.539097 0.000000 0.000000 0.000000 0.000000 -0.247797
    10 1.196325 -0.000002 -0.000001 0.000000 0.000000 -0.430802
    11 3.883698 -0.046765 0.431443 0.085902 0.021830 -0.587867
    12 1.719570 -0.000004 -0.000001 0.000000 0.005516 -0.366478
    13 1.209169 -0.000004 0.000000 0.000000 0.003084 -0.216400
    14 3.859863 -0.137946 1.332466 0.354449 -0.042750 -0.531718
    15 1.719431 0.000002 0.000000 0.000000 0.004074 -0.363009
    16 1.099667 0.000000 -0.000001 0.000000 0.002596 -0.244331
    17 0.806053 -0.348926 1.321258 -1.222677 -0.679213 -0.788819
    18 1.789778 -0.000002 0.000002 0.000000 0.000000 0.228523
    19 1.207005 0.000000 0.000002 0.000000 0.000000 0.362860
    20 0.130954 -5.784591 -4.754102 -1.668474 1.286518 2.942953
    21 6.028145 0.000000 0.000000 1.200306 0.616009 -1.280597
    22 11.692554 0.000001 0.000002 0.000000 0.000000 -1.182129
    23 11.481699 0.000001 0.000001 -1.116209 -0.059034 1.177196
    24 3.859680 -0.132567 1.193109 0.566845 -0.060495 -1.408450
    25 1.312555 -0.000002 0.000002 0.072278 -0.157178 -0.656760
    26 0.729365 0.000000 -0.000001 -0.023337 -0.412078 -1.179798
    27 3.942307 0.050327 0.431044 0.084249 -0.015145 -1.280306
    28 1.539099 -0.000002 0.000000 0.028455 -0.017392 -0.998558
    29 1.196321 0.000010 0.000000 -0.000519 0.009342 -1.131088
    30 3.883659 -0.050321 -0.431042 -0.084874 -0.026668 -0.600427
    31 1.719578 0.000002 0.000000 0.011340 0.002103 -1.500357
    32 1.209185 0.000002 0.000000 0.001786 -0.003742 -0.451851
    33 3.859840 -0.148937 -1.331282 -0.301903 0.186792 -0.089109
    34 1.719421 0.000002 0.000000 0.000971 -0.014666 -0.722280
    35 1.099669 0.000002 -0.000001 0.001654 0.001698 -0.510129
    36 0.950558 -1.145017 -1.396461 1.213761 0.392941 -0.668094
    37 1.789782 0.000000 -0.000004 -0.005129 -0.031256 0.457543
    38 1.206999 0.000002 0.000000 0.003416 -0.000899 0.534800
    39 -4.494761 -17.523908 -12.596283 2.374010 0.018340 0.003535
    40 0.025545 -1.273521 1.753304 0.000000 0.000000 0.000000
    41 0.001032 1.440453 -1.526783 0.000000 0.000000 0.000000
    42 0.004413 0.696487 -1.430595 0.000000 0.000000 0.000000
    43 0.580660 0.349014 -1.430595 0.000000 0.000000 0.000000
    44 0.583444 -0.305904 -1.430599 0.000000 0.000000 0.000000
    45 0.005318 -0.648720 -1.430599 0.000000 0.000000 0.000000
    46 -0.574618 -0.303123 -1.430601 0.000000 0.000000 0.000000
    47 -0.573714 0.348118 -1.430595 0.000000 0.000000 0.000000
    48 -0.029968 -0.059296 1.773438 -1.561870 -0.003783 0.018306
    49 0.041163 0.095589 -2.899426 -0.781108 -0.013985 0.002645
    50 0.081115 -2.496311 -0.915165 0.000000 0.000000 0.000000
    51 4.863281 2.800781 -18.203125 1.570792 0.000003 -0.000003
  time 19
    0 0.000000 -0.000006 0.000000 -1.570781 -1.391896 -1.570809
    1 1.208984 -4.433594 3.550781 1.596637 -1.286515 2.942961
    2 6.028141 0.000000 0.000000 -1.037633 0.131556 -1.182691
    3 11.692554 0.000001 0.000000 -0.000048 0.000036 -1.627138
    4 11.481670 0.000001 -0.000031 0.328371 -0.264966 0.737311
    5 3.859711 -0.142405 -1.191975 -0.468133 0.151533 -0.880197
    6 1.312555 -0.000002 0.000000 0.000000 0.000000 -0.439720
    7 0.729363 -0.000002 -0.000002 0.000000 0.000000 -0.244299
    8 3.942337 0.046767 -0.431443 -0.151780 0.073206 -0.810985
    9 1.539097 0.000000 0.000000 0.000000 0.000000 -0.247797
    10 1.196325 -0.000002 -0.000001 0.000000 0.000000 -0.430802
    11 3.883698 -0.046765 0.431443 0.085902 0.021830 -0.587867
    12 1.719570 -0.000004 -0.000001 0.000000 0.005516 -0.366478
    13 1.209169 -0.000004 0.000000 0.000000 0.003084 -0.216400
    14 3.859863 -0.137946 1.332466 0.354449 -0.042750 -0.531718
    15 1.719431 0.000002 0.000000 0.000000 0.004074 -0.363009
    16 1.099667 0.000000 -0.000001 0.000000 0.002596 -0.244331
    17 0.806053 -0.348926 1.321258 -1.222677 -0.679213 -0.788819
    18 1.789778 -0.000002 0.000002 0.000000 0.000000 0.228523
    19 1.207005 0.000000 0.000002 0.000000 0.000000 0.362860
    20 0.127048 -5.776779 -4.754102 -1.668474 1.286518 2.942953
    21 6.028145 0.000000 0.000000 1.203851 0.632424 -1.283796
    22 11.692554 0.000001 0.000002 0.000000 0.000000 -1.167056
    23 11.481699 0.000001 0.000001 -1.121177 -0.071103 1.200180
    24 3.859680 -0.132567 1.193109 0.566845 -0.060495 -1.408450
    25 1.312555 -0.000002 0.000002 0.072278 -0.157178 -0.656760
    26 0.729365 0.000000 -0.000001 -0.023337 -0.412078 -1.179798
    27 3.942307 0.050327 0.431044 0.084249 -0.015145 -1.280306
    28 1.539099 -0.000002 0.000000 0.028455 -0.017392 -0.998558
    29 1.196321 0.000010 0.000000 -0.000519 0.009342 -1.131088
    30 3.883659 -0.050321 -0.431042 -0.085641 -0.026464 -0.590973
    31 1.719578 0.000002 0.000000 0.011340 0.002103 -1.500357
    32 1.209185 0.000002 0.000000 0.001786 -0.003742 -0.451851
    33 3.859840 -0.148937 -1.331282 -0.302490 0.185870 -0.092208
    34 1.719421 0.000002 0.000000 0.000983 -0.014607 -0.721610
    35 1.099669 0.000002 -0.000001 0.001654 0.001686 -0.508274
    36 0.950558 -1.145017 -1.396461 1.213761 0.392941 -0.668094
    37 1.789782 0.000000 -0.000004 -0.005129 -0.031256 0.457543
    38 1.206999 0.000002 0.000000 0.003416 -0.000899 0.534800
    39 -4.526012 -17.633286 -12.627534 2.397173 0.018340 0.003535
    40 0.025545 -1.273521 1.753304 0.000000 0.000000 0.000000
    41 0.001032 1.440453 -1.526783 0.000000 0.000000 0.000000
    42 0.004413 0.696487 -1.430595 0.000000 0.000000 0.000000
    43 0.580660 0.349014 -1.430595 0.000000 0.000000 0.000000
    44 0.583444 -0.305904 -1.430599 0.000000 0.000000 0.000000
    45 0.005318 -0.648720 -1.430599 0.000000 0.000000 0.000000
    46 -0.574618 -0.303123 -1.430601 0.000000 0.000000 0.000000
    47 -0.573714 0.348118 -1.430595 0.000000 0.000000 0.000000
    48 -0.029968 -0.059296 1.773438 -1.561870 -0.003783 0.018306
    49 0.041163 0.095589 -2.899426 -0.781108 -0.013985 0.002645
    50 0.081115 -2.496311 -0.915165 0.000000 0.000000 0.000000
    51 4.863281 2.800781 -18.203125 1.570792 0.000003 -0.000003
  time 20
    0 0.000000 -0.000006 0.000000 -1.570781 -1.391896 -1.570809
    1 1.208984 -4.433594 3.550781 1.596637 -1.286515 2.942961
    2 6.028141 0.000000 0.000000 -1.043536 0.167437 -1.161055
    3 11.692554 0.000001 0.000000 -0.000048 0.000036 -1.633834
    4 11.481670 0.000001 -0.000031 0.350405 -0.274522 0.685306
    5 3.859711 -0.142405 -1.191975 -0.468133 0.151533 -0.880197
    6 1.312555 -0.000002 0.000000 0.000000 0.000000 -0.439720
    7 0.729363 -0.000002 -0.000002 0.000000 0.000000 -0.244299
    8 3.942337 0.046767 -0.431443 -0.151780 0.073206 -0.810985
    9 1.539097 0.000000 0.000000 0.000000 0.000000 -0.247797
    10 1.196325 -0.000002 -0.000001 0.000000 0.000000 -0.430802
    11 3.883698 -0.046765 0.431443 0.085902 0.021830 -0.587867
    12 1.719570 -0.000004 -0.000001 0.000000 0.005516 -0.366478
    13 1.209169 -0.000004 0.000000 0.000000 0.003084 -0.216400
    14 3.859863 -0.137946 1.332466 0.354449 -0.042750 -0.531718
    15 1.719431 0.000002 0.000000 0.000000 0.004074 -0.363009
    16 1.099667 0.000000 -0.000001 0.000000 0.002596 -0.244331
    17 0.806053 -0.348926 1.321258 -1.222677 -0.679213 -0.788819
    18 1.789778 -0.000002 0.000002 0.000000 0.000000 0.228523
    19 1.207005 0.000000 0.000002 0.000000 0.000000 0.362860
    20 0.119235 -5.768966 -4.750196 -1.668474 1.286518 2.942953
    21 6.028145 0.000000 0.000000 1.207396 0.644497 -1.285489
    22 11.692554 0.000001 0.000002 0.000000 0.000000 -1.157302
    23 11.481699 0.000001 0.000001 -1.125693 -0.079120 1.215600
    24 3.859680 -0.132567 1.193109 0.566845 -0.060495 -1.408450
    25 1.312555 -0.000002 0.000002 0.072278 -0.157178 -0.656760
    26 0.729365 0.000000 -0.000001 -0.023337 -0.412078 -1.179798
    27 3.942307 0.050327 0.431044 0.084249 -0.015145 -1.280306
    28 1.539099 -0.000002 0.000000 0.028455 -0.017392 -0.998558
    29 1.196321 0.000010 0.000000 -0.000519 0.009342 -1.131088
    30 3.883659 -0.050321 -0.431042 -0.085905 -0.026404 -0.587695
    31 1.719578 0.000002 0.000000 0.011340 0.002103 -1.500357
    32 1.209185 0.000002 0.000000 0.001786 -0.003742 -0.451851
    33 3.859840 -0.148937 -1.331282 -0.303089 0.184899 -0.095461
    34 1.719421 0.000002 0.000000 0.000983 -0.014547 -0.720910
    35 1.099669 0.000002 -0.000001 0.001654 0.001686 -0.506373
    36 0.950558 -1.145017 -1.396461 1.213761 0.392941 -0.668094
    37 1.789782 0.000000 -0.000004 -0.005129 -0.031256 0.457543
    38 1.206999 0.000002 0.000000 0.003416 -0.000899 0.534800
    39 -4.557263 -17.723133 -12.615815 2.411243 0.018340 0.003535
    40 0.025545 -1.273521 1.753304 0.000000 0.000000 0.000000
    41 0.001032 1.440453 -1.526783 0.000000 0.000000 0.000000
    42 0.004413 0.696487 -1.430595 0.000000 0.000000 0.000000
    43 0.580660 0.349014 -1.430595 0.000000 0.000000 0.000000
    44 0.583444 -0.305904 -1.430599 0.000000 0.000000 0.000000
    45 0.005318 -0.648720 -1.430599 0.000000 0.000000 0.000000
    46 -0.574618 -0.303123 -1.430601 0.000000 0.000000 0.000000
    47 -0.573714 0.348118 -1.430595 0.000000 0.000000 0.000000
    48 -0.029968 -0.059296 1.773438 -1.561870 -0.003783 0.018306
    49 0.041163 0.095589 -2.899426 -0.781108 -0.013985 0.002645
    50 0.081115 -2.496311 -0.915165 0.000000 0.000000 0.000000
    51 4.863281 2.800781 -18.203125 1.570792 0.000003 -0.000003
  time 21
    0 0.000000 -0.000006 0.000000 -1.570781 -1.391896 -1.570809
    1 1.208984 -4.433594 3.550781 1.596637 -1.286515 2.942961
    2 6.028141 0.000000 0.000000 -1.053363 0.198265 -1.143224
    3 11.692554 0.000001 0.000000 -0.000048 0.000036 -1.628582
    4 11.481670 0.000001 -0.000031 0.378156 -0.281038 0.625739
    5 3.859711 -0.142405 -1.191975 -0.468133 0.151533 -0.880197
    6 1.312555 -0.000002 0.000000 0.000000 0.000000 -0.439720
    7 0.729363 -0.000002 -0.000002 0.000000 0.000000 -0.244299
    8 3.942337 0.046767 -0.431443 -0.151780 0.073206 -0.810985
    9 1.539097 0.000000 0.000000 0.000000 0.000000 -0.247797
    10 1.196325 -0.000002 -0.000001 0.000000 0.000000 -0.430802
    11 3.883698 -0.046765 0.431443 0.085902 0.021830 -0.587867
    12 1.719570 -0.000004 -0.000001 0.000000 0.005516 -0.366478
    13 1.209169 -0.000004 0.000000 0.000000 0.003084 -0.216400
    14 3.859863 -0.137946 1.332466 0.354449 -0.042750 -0.531718
    15 1.719431 0.000002 0.000000 0.000000 0.004074 -0.363009
    16 1.099667 0.000000 -0.000001 0.000000 0.002596 -0.244331
    17 0.806053 -0.348926 1.321258 -1.222677 -0.679213 -0.788819
    18 1.789778 -0.000002 0.000002 0.000000 0.000000 0.228523
    19 1.207005 0.000000 0.000002 0.000000 0.000000 0.362860
    20 0.111422 -5.757247 -4.746289 -1.668474 1.286518 2.942953
    21 6.028145 0.000000 0.000000 1.211132 0.651846 -1.285489
    22 11.692554 0.000001 0.000002 0.000000 0.000000 -1.153313
    23 11.481699 0.000001 0.000001 -1.129588 -0.083085 1.222825
    24 3.859680 -0.132567 1.193109 0.566845 -0.060495 -1.408450
    25 1.312555 -0.000002 0.000002 0.072278 -0.157178 -0.656760
    26 0.729365 0.000000 -0.000001 -0.023337 -0.412078 -1.179798
    27 3.942307 0.050327 0.431044 0.084249 -0.015145 -1.280306
    28 1.539099 -0.000002 0.000000 0.028455 -0.017392 -0.998558
    29 1.196321 0.000010 0.000000 -0.000519 0.009342 -1.131088
    30 3.883659 -0.050321 -0.431042 -0.085905 -0.026404 -0.587695
    31 1.719578 0.000002 0.000000 0.011340 0.002103 -1.500357
    32 1.209185 0.000002 0.000000 0.001786 -0.003742 -0.451851
    33 3.859840 -0.148937 -1.331282 -0.303700 0.183880 -0.098837
    34 1.719421 0.000002 0.000000 0.000983 -0.014487 -0.720148
    35 1.099669 0.000002 -0.000001 0.001654 0.001674 -0.504357
    36 0.950558 -1.145017 -1.396461 1.213761 0.392941 -0.668094
    37 1.789782 0.000000 -0.000004 -0.005129 -0.031256 0.457543
    38 1.206999 0.000002 0.000000 0.003416 -0.000899 0.534800
    39 -4.596327 -17.801260 -12.565032 2.415551 0.018340 0.003535
    40 0.025545 -1.273521 1.753304 0.000000 0.000000 0.000000
    41 0.001032 1.440453 -1.526783 0.000000 0.000000 0.000000
    42 0.004413 0.696487 -1.430595 0.000000 0.000000 0.000000
    43 0.580660 0.349014 -1.430595 0.000000 0.000000 0.000000
    44 0.583444 -0.305904 -1.430599 0.000000 0.000000 0.000000
    45 0.005318 -0.648720 -1.430599 0.000000 0.000000 0.000000
    46 -0.574618 -0.303123 -1.430601 0.000000 0.000000 0.000000
    47 -0.573714 0.348118 -1.430595 0.000000 0.000000 0.000000
    48 -0.029968 -0.059296 1.773438 -1.561870 -0.003783 0.018306
    49 0.041163 0.095589 -2.899426 -0.781108 -0.013985 0.002645
    50 0.081115 -2.496311 -0.915165 0.000000 0.000000 0.000000
    51 4.863281 2.800781 -18.203125 1.570792 0.000003 -0.000003
  time 22
    0 0.000000 -0.000006 0.000000 -1.570781 -1.391896 -1.570809
    1 1.208984 -4.433594 3.550781 1.596637 -1.286515 2.942961
    2 6.028141 0.000000 0.000000 -1.067379 0.223258 -1.129815
    3 11.692554 0.000001 0.000000 -0.000048 0.000036 -1.612038
    4 11.481670 0.000001 -0.000031 0.410239 -0.284030 0.560964
    5 3.859711 -0.142405 -1.191975 -0.468133 0.151533 -0.880197
    6 1.312555 -0.000002 0.000000 0.000000 0.000000 -0.439720
    7 0.729363 -0.000002 -0.000002 0.000000 0.000000 -0.244299
    8 3.942337 0.046767 -0.431443 -0.151780 0.073206 -0.810985
    9 1.539097 0.000000 0.000000 0.000000 0.000000 -0.247797
    10 1.196325 -0.000002 -0.000001 0.000000 0.000000 -0.430802
    11 3.883698 -0.046765 0.431443 0.085902 0.021830 -0.587867
    12 1.719570 -0.000004 -0.000001 0.000000 0.005516 -0.366478
    13 1.209169 -0.000004 0.000000 0.000000 0.003084 -0.216400
    14 3.859863 -0.137946 1.332466 0.354449 -0.042750 -0.531718
    15 1.719431 0.000002 0.000000 0.000000 0.004074 -0.363009
    16 1.099667 0.000000 -0.000001 0.000000 0.002596 -0.244331
    17 0.806053 -0.348926 1.321258 -1.222677 -0.679213 -0.788819
    18 1.789778 -0.000002 0.000002 0.000000 0.000000 0.228523
    19 1.207005 0.000000 0.000002 0.000000 0.000000 0.362860
    20 0.103610 -5.749434 -4.746289 -1.668474 1.286518 2.942953
    21 6.028145 0.000000 0.000000 1.215060 0.653898 -1.283702
    22 11.692554 0.000001 0.000002 0.000000 0.000000 -1.154199
    23 11.481699 0.000001 0.000001 -1.132580 -0.081835 1.217588
    24 3.859680 -0.132567 1.193109 0.566845 -0.060495 -1.408450
    25 1.312555 -0.000002 0.000002 0.072278 -0.157178 -0.656760
    26 0.729365 0.000000 -0.000001 -0.023337 -0.412078 -1.179798
    27 3.942307 0.050327 0.431044 0.084249 -0.015145 -1.280306
    28 1.539099 -0.000002 0.000000 0.028455 -0.017392 -0.998558
    29 1.196321 0.000010 0.000000 -0.000519 0.009342 -1.131088
    30 3.883659 -0.050321 -0.431042 -0.085905 -0.026404 -0.587695
    31 1.719578 0.000002 0.000000 0.011340 0.002103 -1.500357
    32 1.209185 0.000002 0.000000 0.001786 -0.003742 -0.451851
    33 3.859840 -0.148937 -1.331282 -0.304347 0.182838 -0.102367
    34 1.719421 0.000002 0.000000 0.000983 -0.014415 -0.719357
    35 1.099669 0.000002 -0.000001 0.001654 0.001674 -0.502273
    36 0.950558 -1.145017 -1.396461 1.213761 0.392941 -0.668094
    37 1.789782 0.000000 -0.000004 -0.005129 -0.031256 0.457543
    38 1.206999 0.000002 0.000000 0.003416 -0.000899 0.534800
    39 -4.643203 -17.863762 -12.471280 2.407128 0.018340 0.003535
    40 0.025545 -1.273521 1.753304 0.000000 0.000000 0.000000
    41 0.001032 1.440453 -1.526783 0.000000 0.000000 0.000000
    42 0.004413 0.696487 -1.430595 0.000000 0.000000 0.000000
    43 0.580660 0.349014 -1.430595 0.000000 0.000000 0.000000
    44 0.583444 -0.305904 -1.430599 0.000000 0.000000 0.000000
    45 0.005318 -0.648720 -1.430599 0.000000 0.000000 0.000000
    46 -0.574618 -0.303123 -1.430601 0.000000 0.000000 0.000000
    47 -0.573714 0.348118 -1.430595 0.000000 0.000000 0.000000
    48 -0.029968 -0.059296 1.773438 -1.561870 -0.003783 0.018306
    49 0.041163 0.095589 -2.899426 -0.781108 -0.013985 0.002645
    50 0.081115 -2.496311 -0.915165 0.000000 0.000000 0.000000
    51 4.863281 2.800781 -18.203125 1.570792 0.000003 -0.000003
  time 23
    0 0.000000 -0.000006 0.000000 -1.570781 -1.391896 -1.570809
    1 1.208984 -4.433594 3.550781 1.596637 -1.286515 2.942961
    2 6.028141 0.000000 0.000000 -1.085242 0.242416 -1.120828
    3 11.692554 0.000001 0.000000 -0.000048 0.000036 -1.587158
    4 11.481670 0.000001 -0.000031 0.444444 -0.283306 0.495333
    5 3.859711 -0.142405 -1.191975 -0.468133 0.151533 -0.880197
    6 1.312555 -0.000002 0.000000 0.000000 0.000000 -0.439720
    7 0.729363 -0.000002 -0.000002 0.000000 0.000000 -0.244299
    8 3.942337 0.046767 -0.431443 -0.151780 0.073206 -0.810985
    9 1.539097 0.000000 0.000000 0.000000 0.000000 -0.247797
    10 1.196325 -0.000002 -0.000001 0.000000 0.000000 -0.430802
    11 3.883698 -0.046765 0.431443 0.085902 0.021830 -0.587867
    12 1.719570 -0.000004 -0.000001 0.000000 0.005516 -0.366478
    13 1.209169 -0.000004 0.000000 0.000000 0.003084 -0.216400
    14 3.859863 -0.137946 1.332466 0.354449 -0.042750 -0.531718
    15 1.719431 0.000002 0.000000 0.000000 0.004074 -0.363009
    16 1.099667 0.000000 -0.000001 0.000000 0.002596 -0.244331
    17 0.806053 -0.348926 1.321258 -1.222677 -0.679213 -0.788819
    18 1.789778 -0.000002 0.000002 0.000000 0.000000 0.228523
    19 1.207005 0.000000 0.000002 0.000000 0.000000 0.362860
    20 0.095797 -5.741621 -4.742383 -1.668474 1.286518 2.942953
    21 6.028145 0.000000 0.000000 1.218988 0.650557 -1.280315
    22 11.692554 0.000001 0.000002 0.000000 0.000000 -1.159667
    23 11.481699 0.000001 0.000001 -1.134725 -0.075284 1.198725
    24 3.859680 -0.132567 1.193109 0.566845 -0.060495 -1.408450
    25 1.312555 -0.000002 0.000002 0.072278 -0.157178 -0.656760
    26 0.729365 0.000000 -0.000001 -0.023337 -0.412078 -1.179798
    27 3.942307 0.050327 0.431044 0.084249 -0.015145 -1.280306
    28 1.539099 -0.000002 0.000000 0.028455 -0.017392 -0.998558
    29 1.196321 0.000010 0.000000 -0.000519 0.009342 -1.131088
    30 3.883659 -0.050321 -0.431042 -0.085905 -0.026404 -0.587695
    31 1.719578 0.000002 0.000000 0.011340 0.002103 -1.500357
    32 1.209185 0.000002 0.000000 0.001786 -0.003742 -0.451851
    33 3.859840 -0.148937 -1.331282 -0.305007 0.181735 -0.105988
    34 1.719421 0.000002 0.000000 0.000983 -0.014355 -0.718535
    35 1.099669 0.000002 -0.000001 0.001642 0.001662 -0.500143
    36 0.950558 -1.145017 -1.396461 1.213761 0.392941 -0.668094
    37 1.789782 0.000000 -0.000004 -0.005129 -0.031256 0.457543
    38 1.206999 0.000002 0.000000 0.003416 -0.000899 0.534800
    39 -4.693986 -17.922358 -12.338463 2.385209 0.018340 0.003535
    40 0.025545 -1.273521 1.753304 0.000000 0.000000 0.000000
    41 0.001032 1.440453 -1.526783 0.000000 0.000000 0.000000
    42 0.004413 0.696487 -1.430595 0.000000 0.000000 0.000000
    43 0.580660 0.349014 -1.430595 0.000000 0.000000 0.000000
    44 0.583444 -0.305904 -1.430599 0.000000 0.000000 0.000000
    45 0.005318 -0.648720 -1.430599 0.000000 0.000000 0.000000
    46 -0.574618 -0.303123 -1.430601 0.000000 0.000000 0.000000
    47 -0.573714 0.348118 -1.430595 0.000000 0.000000 0.000000
    48 -0.029968 -0.059296 1.773438 -1.561870 -0.003783 0.018306
    49 0.041163 0.095589 -2.899426 -0.781108 -0.013985 0.002645
    50 0.081115 -2.496311 -0.915165 0.000000 0.000000 0.000000
    51 4.863281 2.800781 -18.203125 1.570792 0.000003 -0.000003
  time 24
    0 0.000000 -0.000006 0.000000 -1.570781 -1.391896 -1.570809
    1 1.208984 -4.433594 3.550781 1.596637 -1.286515 2.942961
    2 6.028141 0.000000 0.000000 -1.105809 0.256337 -1.115740
    3 11.692554 0.000001 0.000000 -0.000036 0.000036 -1.557878
    4 11.481670 0.000001 -0.000031 0.478187 -0.279252 0.433626
    5 3.859711 -0.142405 -1.191975 -0.468133 0.151533 -0.880197
    6 1.312555 -0.000002 0.000000 0.000000 0.000000 -0.439720
    7 0.729363 -0.000002 -0.000002 0.000000 0.000000 -0.244299
    8 3.942337 0.046767 -0.431443 -0.151780 0.073206 -0.810985
    9 1.539097 0.000000 0.000000 0.000000 0.000000 -0.247797
    10 1.196325 -0.000002 -0.000001 0.000000 0.000000 -0.430802
    11 3.883698 -0.046765 0.431443 0.085902 0.021830 -0.587867
    12 1.719570 -0.000004 -0.000001 0.000000 0.005516 -0.366478
    13 1.209169 -0.000004 0.000000 0.000000 0.003084 -0.216400
    14 3.859863 -0.137946 1.332466 0.354449 -0.042750 -0.531718
    15 1.719431 0.000002 0.000000 0.000000 0.004074 -0.363009
    16 1.099667 0.000000 -0.000001 0.000000 0.002596 -0.244331
    17 0.806053 -0.348926 1.321258 -1.222677 -0.679213 -0.788819
    18 1.789778 -0.000002 0.000002 0.000000 0.000000 0.228523
    19 1.207005 0.000000 0.000002 0.000000 0.000000 0.362860
    20 0.087984 -5.729902 -4.738477 -1.668474 1.286518 2.942953
    21 6.028145 0.000000 0.000000 1.223012 0.643018 -1.275611
    22 11.692554 0.000001 0.000002 0.000000 0.000000 -1.168755
    23 11.481699 0.000001 0.000001 -1.136475 -0.064379 1.168614
    24 3.859680 -0.132567 1.193109 0.566845 -0.060495 -1.408450
    25 1.312555 -0.000002 0.000002 0.072278 -0.157178 -0.656760
    26 0.729365 0.000000 -0.000001 -0.023337 -0.412078 -1.179798
    27 3.942307 0.050327 0.431044 0.084249 -0.015145 -1.280306
    28 1.539099 -0.000002 0.000000 0.028455 -0.017392 -0.998558
    29 1.196321 0.000010 0.000000 -0.000519 0.009342 -1.131088
    30 3.883659 -0.050321 -0.431042 -0.085905 -0.026404 -0.587695
    31 1.719578 0.000002 0.000000 0.011340 0.002103 -1.500357
    32 1.209185 0.000002 0.000000 0.001786 -0.003730 -0.451851
    33 3.859840 -0.148937 -1.331282 -0.305690 0.180608 -0.109763
    34 1.719421 0.000002 0.000000 0.000995 -0.014283 -0.717682
    35 1.099669 0.000002 -0.000001 0.001642 0.001662 -0.497899
    36 0.950558 -1.145017 -1.396461 1.213761 0.392941 -0.668094
    37 1.789782 0.000000 -0.000004 -0.005129 -0.031256 0.457543
    38 1.206999 0.000002 0.000000 0.003416 -0.000899 0.534800
    39 -4.744769 -17.973141 -12.170489 2.352092 0.018340 0.003535
    40 0.025545 -1.273521 1.753304 0.000000 0.000000 0.000000
    41 0.001032 1.440453 -1.526783 0.000000 0.000000 0.000000
    42 0.004413 0.696487 -1.430595 0.000000 0.000000 0.000000
    43 0.580660 0.349014 -1.430595 0.000000 0.000000 0.000000
    44 0.583444 -0.305904 -1.430599 0.000000 0.000000 0.000000
    45 0.005318 -0.648720 -1.430599 0.000000 0.000000 0.000000
    46 -0.574618 -0.303123 -1.430601 0.000000 0.000000 0.000000
    47 -0.573714 0.348118 -1.430595 0.000000 0.000000 0.000000
    48 -0.029968 -0.059296 1.773438 -1.561870 -0.003783 0.018306
    49 0.041163 0.095589 -2.899426 -0.781108 -0.013985 0.002645
    50 0.081115 -2.496311 -0.915165 0.000000 0.000000 0.000000
    51 4.863281 2.800781 -18.203125 1.570792 0.000003 -0.000003
  time 25
    0 0.000000 -0.000006 0.000000 -1.570781 -1.391896 -1.570809
    1 1.208984 -4.433594 3.550781 1.596637 -1.286515 2.942961
    2 6.028141 0.000000 0.000000 -1.127595 0.266353 -1.113315
    3 11.692554 0.000001 0.000000 -0.000036 0.000036 -1.528468
    4 11.481670 0.000001 -0.000031 0.509257 -0.272785 0.379338
    5 3.859711 -0.142405 -1.191975 -0.468133 0.151533 -0.880197
    6 1.312555 -0.000002 0.000000 0.000000 0.000000 -0.439720
    7 0.729363 -0.000002 -0.000002 0.000000 0.000000 -0.244299
    8 3.942337 0.046767 -0.431443 -0.151780 0.073206 -0.810985
    9 1.539097 0.000000 0.000000 0.000000 0.000000 -0.247797
    10 1.196325 -0.000002 -0.000001 0.000000 0.000000 -0.430802
    11 3.883698 -0.046765 0.431443 0.085902 0.021830 -0.587867
    12 1.719570 -0.000004 -0.000001 0.000000 0.005516 -0.366478
    13 1.209169 -0.000004 0.000000 0.000000 0.003084 -0.216400
    14 3.859863 -0.137946 1.332466 0.354449 -0.042750 -0.531718
    15 1.719431 0.000002 0.000000 0.000000 0.004074 -0.363009
    16 1.099667 0.000000 -0.000001 0.000000 0.002596 -0.244331
    17 0.806053 -0.348926 1.321258 -1.222677 -0.679213 -0.788819
    18 1.789778 -0.000002 0.000002 0.000000 0.000000 0.228523
    19 1.207005 0.000000 0.000002 0.000000 0.000000 0.362860
    20 0.080171 -5.722090 -4.738477 -1.668474 1.286518 2.942953
    21 6.028145 0.000000 0.000000 1.227036 0.632758 -1.270154
    22 11.692554 0.000001 0.000002 0.000000 0.000000 -1.179616
    23 11.481699 0.000001 0.000001 -1.138338 -0.049854 1.128513
    24 3.859680 -0.132567 1.193109 0.566845 -0.060495 -1.408450
    25 1.312555 -0.000002 0.000002 0.072278 -0.157178 -0.656760
    26 0.729365 0.000000 -0.000001 -0.023337 -0.412078 -1.179798
    27 3.942307 0.050327 0.431044 0.084249 -0.015145 -1.280306
    28 1.539099 -0.000002 0.000000 0.028455 -0.017392 -0.998558
    29 1.196321 0.000010 0.000000 -0.000519 0.009342 -1.131088
    30 3.883659 -0.050321 -0.431042 -0.085905 -0.026404 -0.587695
    31 1.719578 0.000002 0.000000 0.011340 0.002103 -1.500357
    32 1.209185 0.000002 0.000000 0.001786 -0.003730 -0.451851
    33 3.859840 -0.148937 -1.331282 -0.306385 0.179434 -0.113630
    34 1.719421 0.000002 0.000000 0.000995 -0.014211 -0.716768
    35 1.099669 0.000002 -0.000001 0.001642 0.001650 -0.495608
    36 0.950558 -1.145017 -1.396461 1.213761 0.392941 -0.668094
    37 1.789782 0.000000 -0.000004 -0.005129 -0.031256 0.457543
    38 1.206999 0.000002 0.000000 0.003416 -0.000899 0.534800
    39 -4.803365 -18.020017 -11.959545 2.309403 0.018340 0.003535
    40 0.025545 -1.273521 1.753304 0.000000 0.000000 0.000000
    41 0.001032 1.440453 -1.526783 0.000000 0.000000 0.000000
    42 0.004413 0.696487 -1.430595 0.000000 0.000000 0.000000
    43 0.580660 0.349014 -1.430595 0.000000 0.000000 0.000000
    44 0.583444 -0.305904 -1.430599 0.000000 0.000000 0.000000
    45 0.005318 -0.648720 -1.430599 0.000000 0.000000 0.000000
    46 -0.574618 -0.303123 -1.430601 0.000000 0.000000 0.000000
    47 -0.573714 0.348118 -1.430595 0.000000 0.000000 0.000000
    48 -0.029968 -0.059296 1.773438 -1.561870 -0.003783 0.018306
    49 0.041163 0.095589 -2.899426 -0.781108 -0.013985 0.002645
    50 0.081115 -2.496311 -0.915165 0.000000 0.000000 0.000000
    51 4.863281 2.800781 -18.203125 1.570792 0.000003 -0.000003
  time 26
    0 0.000000 -0.000006 0.000000 -1.570781 -1.391896 -1.570809
    1 1.208984 -4.433594 3.550781 1.596637 -1.286515 2.942961
    2 6.028141 0.000000 0.000000 -1.148809 0.273612 -1.112602
    3 11.692554 0.000001 0.000000 -0.000036 0.000036 -1.502077
    4 11.481670 0.000001 -0.000031 0.536177 -0.265014 0.334752
    5 3.859711 -0.142405 -1.191975 -0.468133 0.151533 -0.880197
    6 1.312555 -0.000002 0.000000 0.000000 0.000000 -0.439720
    7 0.729363 -0.000002 -0.000002 0.000000 0.000000 -0.244299
    8 3.942337 0.046767 -0.431443 -0.151780 0.073206 -0.810985
    9 1.539097 0.000000 0.000000 0.000000 0.000000 -0.247797
    10 1.196325 -0.000002 -0.000001 0.000000 0.000000 -0.430802
    11 3.883698 -0.046765 0.431443 0.085902 0.021830 -0.587867
    12 1.719570 -0.000004 -0.000001 0.000000 0.005516 -0.366478
    13 1.209169 -0.000004 0.000000 0.000000 0.003084 -0.216400
    14 3.859863 -0.137946 1.332466 0.354449 -0.042750 -0.531718
    15 1.719431 0.000002 0.000000 0.000000 0.004074 -0.363009
    16 1.099667 0.000000 -0.000001 0.000000 0.002596 -0.244331
    17 0.806053 -0.348926 1.321258 -1.222677 -0.679213 -0.788819
    18 1.789778 -0.000002 0.000002 0.000000 0.000000 0.228523
    19 1.207005 0.000000 0.000002 0.000000 0.000000 0.362860
    20 0.068452 -5.710370 -4.734570 -1.668474 1.286518 2.942953
    21 6.028145 0.000000 0.000000 1.230868 0.620733 -1.264415
    22 11.692554 0.000001 0.000002 0.000000 0.000000 -1.190995
    23 11.481699 0.000001 0.000001 -1.140878 -0.032268 1.079442
    24 3.859680 -0.132567 1.193109 0.566845 -0.060495 -1.408450
    25 1.312555 -0.000002 0.000002 0.072278 -0.157178 -0.656760
    26 0.729365 0.000000 -0.000001 -0.023337 -0.412078 -1.179798
    27 3.942307 0.050327 0.431044 0.084249 -0.015145 -1.280306
    28 1.539099 -0.000002 0.000000 0.028455 -0.017392 -0.998558
    29 1.196321 0.000010 0.000000 -0.000519 0.009342 -1.131088
    30 3.883659 -0.050321 -0.431042 -0.085905 -0.026404 -0.587695
    31 1.719578 0.000002 0.000000 0.011340 0.002103 -1.500357
    32 1.209185 0.000002 0.000000 0.001786 -0.003730 -0.451851
    33 3.859840 -0.148937 -1.331282 -0.307104 0.178223 -0.117651
    34 1.719421 0.000002 0.000000 0.000995 -0.014127 -0.715794
    35 1.099669 0.000002 -0.000001 0.001630 0.001638 -0.493249
    36 0.950558 -1.145017 -1.396461 1.213761 0.392941 -0.668094
    37 1.789782 0.000000 -0.000004 -0.005129 -0.031256 0.457543
    38 1.206999 0.000002 0.000000 0.003416 -0.000899 0.534800
    39 -4.858054 -18.055174 -11.713444 2.258387 0.018340 0.003535
    40 0.025545 -1.273521 1.753304 0.000000 0.000000 0.000000
    41 0.001032 1.440453 -1.526783 0.000000 0.000000 0.000000
    42 0.004413 0.696487 -1.430595 0.000000 0.000000 0.000000
    43 0.580660 0.349014 -1.430595 0.000000 0.000000 0.000000
    44 0.583444 -0.305904 -1.430599 0.000000 0.000000 0.000000
    45 0.005318 -0.648720 -1.430599 0.000000 0.000000 0.000000
    46 -0.574618 -0.303123 -1.430601 0.000000 0.000000 0.000000
    47 -0.573714 0.348118 -1.430595 0.000000 0.000000 0.000000
    48 -0.029968 -0.059296 1.773438 -1.561870 -0.003783 0.018306
    49 0.041163 0.095589 -2.899426 -0.781108 -0.013985 0.002645
    50 0.081115 -2.496311 -0.915165 0.000000 0.000000 0.000000
    51 4.863281 2.800781 -18.203125 1.570792 0.000003 -0.000003
  time 27
    0 0.000000 -0.000006 0.000000 -1.570781 -1.391896 -1.570809
    1 1.208984 -4.433594 3.550781 1.596637 -1.286515 2.942961
    2 6.028141 0.000000 0.000000 -1.167662 0.279171 -1.112602
    3 11.692554 0.000001 0.000000 -0.000036 0.000036 -1.481070
    4 11.481670 0.000001 -0.000031 0.557659 -0.257244 0.300938
    5 3.859711 -0.142405 -1.191975 -0.468133 0.151533 -0.880197
    6 1.312555 -0.000002 0.000000 0.000000 0.000000 -0.439720
    7 0.729363 -0.000002 -0.000002 0.000000 0.000000 -0.244299
    8 3.942337 0.046767 -0.431443 -0.151780 0.073206 -0.810985
    9 1.539097 0.000000 0.000000 0.000000 0.000000 -0.247797
    10 1.196325 -0.000002 -0.000001 0.000000 0.000000 -0.430802
    11 3.883698 -0.046765 0.431443 0.085902 0.021830 -0.587867
    12 1.719570 -0.000004 -0.000001 0.000000 0.005516 -0.366478
    13 1.209169 -0.000004 0.000000 0.000000 0.003084 -0.216400
    14 3.859863 -0.137946 1.332466 0.354449 -0.042750 -0.531718
    15 1.719431 0.000002 0.000000 0.000000 0.004074 -0.363009
    16 1.099667 0.000000 -0.000001 0.000000 0.002596 -0.244331
    17 0.806053 -0.348926 1.321258 -1.222677 -0.679213 -0.788819
    18 1.789778 -0.000002 0.000002 0.000000 0.000000 0.228523
    19 1.207005 0.000000 0.000002 0.000000 0.000000 0.362860
    20 0.060640 -5.698651 -4.730664 -1.668474 1.286518 2.942953
    21 6.028145 0.000000 0.000000 1.234509 0.608135 -1.258582
    22 11.692554 0.000001 0.000002 0.000000 0.000000 -1.201635
    23 11.481699 0.000001 0.000001 -1.144604 -0.012226 1.022273
    24 3.859680 -0.132567 1.193109 0.566845 -0.060495 -1.408450
    25 1.312555 -0.000002 0.000002 0.072278 -0.157178 -0.656760
    26 0.729365 0.000000 -0.000001 -0.023337 -0.412078 -1.179798
    27 3.942307 0.050327 0.431044 0.084249 -0.015145 -1.280306
    28 1.539099 -0.000002 0.000000 0.028455 -0.017392 -0.998558
    29 1.196321 0.000010 0.000000 -0.000519 0.009342 -1.131088
    30 3.883659 -0.050321 -0.431042 -0.085905 -0.026404 -0.587695
    31 1.719578 0.000002 0.000000 0.011340 0.002103 -1.500357
    32 1.209185 0.000002 0.000000 0.001786 -0.003742 -0.451851
    33 3.859840 -0.148937 -1.331282 -0.307823 0.176965 -0.121732
    34 1.719421 0.000002 0.000000 0.000995 -0.014055 -0.714789
    35 1.099669 0.000002 -0.000001 0.001630 0.001626 -0.490821
    36 0.950558 -1.145017 -1.396461 1.214932 0.407167 -0.671633
    37 1.789782 0.000000 -0.000004 -0.004818 -0.029866 0.443892
    38 1.206999 0.000002 0.000000 0.003260 -0.000851 0.526106
    39 -4.920556 -18.090332 -11.424373 2.200192 0.018340 0.003535
    40 0.025545 -1.273521 1.753304 0.000000 0.000000 0.000000
    41 0.001032 1.440453 -1.526783 0.000000 0.000000 0.000000
    42 0.004413 0.696487 -1.430595 0.000000 0.000000 0.000000
    43 0.580660 0.349014 -1.430595 0.000000 0.000000 0.000000
    44 0.583444 -0.305904 -1.430599 0.000000 0.000000 0.000000
    45 0.005318 -0.648720 -1.430599 0.000000 0.000000 0.000000
    46 -0.574618 -0.303123 -1.430601 0.000000 0.000000 0.000000
    47 -0.573714 0.348118 -1.430595 0.000000 0.000000 0.000000
    48 -0.029968 -0.059296 1.773438 -1.561870 -0.003783 0.018306
    49 0.041163 0.095589 -2.899426 -0.781108 -0.013985 0.002645
    50 0.081115 -2.496311 -0.915165 0.000000 0.000000 0.000000
    51 4.863281 2.800781 -18.203125 1.570792 0.000003 -0.000003
  time 28
    0 0.000000 -0.000006 0.000000 -1.570781 -1.391896 -1.570809
    1 1.208984 -4.433594 3.550781 1.596637 -1.286515 2.942961
    2 6.028141 0.000000 0.000000 -1.182478 0.283765 -1.112697
    3 11.692554 0.000001 0.000000 -0.000036 0.000036 -1.466758
    4 11.481670 0.000001 -0.000031 0.573055 -0.250632 0.277967
    5 3.859711 -0.142405 -1.191975 -0.468133 0.151533 -0.880197
    6 1.312555 -0.000002 0.000000 0.000000 0.000000 -0.439720
    7 0.729363 -0.000002 -0.000002 0.000000 0.000000 -0.244299
    8 3.942337 0.046767 -0.431443 -0.151780 0.073206 -0.810985
    9 1.539097 0.000000 0.000000 0.000000 0.000000 -0.247797
    10 1.196325 -0.000002 -0.000001 0.000000 0.000000 -0.430802
    11 3.883698 -0.046765 0.431443 0.085902 0.021830 -0.587867
    12 1.719570 -0.000004 -0.000001 0.000000 0.005516 -0.366478
    13 1.209169 -0.000004 0.000000 0.000000 0.003084 -0.216400
    14 3.859863 -0.137946 1.332466 0.354449 -0.042750 -0.531718
    15 1.719431 0.000002 0.000000 0.000000 0.004074 -0.363009
    16 1.099667 0.000000 -0.000001 0.000000 0.002596 -0.244331
    17 0.806053 -0.348926 1.321258 -1.222677 -0.679213 -0.788819
    18 1.789778 -0.000002 0.000002 0.000000 0.000000 0.228523
    19 1.207005 0.000000 0.000002 0.000000 0.000000 0.362860
    20 0.052827 -5.686932 -4.726758 -1.668474 1.286518 2.942953
    21 6.028145 0.000000 0.000000 1.237958 0.595967 -1.253031
    22 11.692554 0.000001 0.000002 0.000000 0.000000 -1.210353
    23 11.481699 0.000001 0.000001 -1.149967 0.009799 0.957491
    24 3.859680 -0.132567 1.193109 0.566845 -0.060495 -1.408450
    25 1.312555 -0.000002 0.000002 0.072278 -0.157178 -0.656760
    26 0.729365 0.000000 -0.000001 -0.023337 -0.412078 -1.179798
    27 3.942307 0.050327 0.431044 0.084249 -0.015145 -1.280306
    28 1.539099 -0.000002 0.000000 0.028455 -0.017392 -0.998558
    29 1.196321 0.000010 0.000000 -0.000519 0.009342 -1.131088
    30 3.883659 -0.050321 -0.431042 -0.085905 -0.026404 -0.587695
    31 1.719578 0.000002 0.000000 0.011340 0.002103 -1.500357
    32 1.209185 0.000002 0.000000 0.001786 -0.003742 -0.451851
    33 3.859840 -0.148937 -1.331282 -0.308566 0.175683 -0.125968
    34 1.719421 0.000002 0.000000 0.000995 -0.013983 -0.713754
    35 1.099669 0.000002 -0.000001 0.001630 0.001614 -0.488325
    36 0.950558 -1.145017 -1.396461 1.217873 0.445360 -0.681127
    37 1.789782 0.000000 -0.000004 -0.004075 -0.026091 0.407165
    38 1.206999 0.000002 0.000000 0.002816 -0.000743 0.502804
    39 -4.979151 -18.113770 -11.096238 2.135489 0.018340 0.003535
    40 0.025545 -1.273521 1.753304 0.000000 0.000000 0.000000
    41 0.001032 1.440453 -1.526783 0.000000 0.000000 0.000000
    42 0.004413 0.696487 -1.430595 0.000000 0.000000 0.000000
    43 0.580660 0.349014 -1.430595 0.000000 0.000000 0.000000
    44 0.583444 -0.305904 -1.430599 0.000000 0.000000 0.000000
    45 0.005318 -0.648720 -1.430599 0.000000 0.000000 0.000000
    46 -0.574618 -0.303123 -1.430601 0.000000 0.000000 0.000000
    47 -0.573714 0.348118 -1.430595 0.000000 0.000000 0.000000
    48 -0.029968 -0.059296 1.773438 -1.561870 -0.003783 0.018306
    49 0.041163 0.095589 -2.899426 -0.781108 -0.013985 0.002645
    50 0.081115 -2.496311 -0.915165 0.000000 0.000000 0.000000
    51 4.863281 2.800781 -18.203125 1.570792 0.000003 -0.000003
  time 29
    0 0.000000 -0.000006 0.000000 -1.570781 -1.391896 -1.570809
    1 1.208984 -4.433594 3.550781 1.596637 -1.286515 2.942961
    2 6.028141 0.000000 0.000000 -1.191924 0.287257 -1.112602
    3 11.692554 0.000001 0.000000 -0.000036 0.000036 -1.459143
    4 11.481670 0.000001 -0.000031 0.582090 -0.246143 0.265126
    5 3.859711 -0.142405 -1.191975 -0.468133 0.151533 -0.880197
    6 1.312555 -0.000002 0.000000 0.000000 0.000000 -0.439720
    7 0.729363 -0.000002 -0.000002 0.000000 0.000000 -0.244299
    8 3.942337 0.046767 -0.431443 -0.151780 0.073206 -0.810985
    9 1.539097 0.000000 0.000000 0.000000 0.000000 -0.247797
    10 1.196325 -0.000002 -0.000001 0.000000 0.000000 -0.430802
    11 3.883698 -0.046765 0.431443 0.085902 0.021830 -0.587867
    12 1.719570 -0.000004 -0.000001 0.000000 0.005516 -0.366478
    13 1.209169 -0.000004 0.000000 0.000000 0.003084 -0.216400
    14 3.859863 -0.137946 1.332466 0.354449 -0.042750 -0.531718
    15 1.719431 0.000002 0.000000 0.000000 0.004074 -0.363009
    16 1.099667 0.000000 -0.000001 0.000000 0.002596 -0.244331
    17 0.806053 -0.348926 1.321258 -1.222677 -0.679213 -0.788819
    18 1.789778 -0.000002 0.000002 0.000000 0.000000 0.228523
    19 1.207005 0.000000 0.000002 0.000000 0.000000 0.362860
    20 0.041108 -5.675213 -4.722851 -1.668474 1.286518 2.942953
    21 6.028145 0.000000 0.000000 1.241311 0.585277 -1.248045
    22 11.692554 0.000001 0.000002 0.000000 0.000000 -1.216191
    23 11.481699 0.000001 0.000001 -1.157418 0.033160 0.885775
    24 3.859680 -0.132567 1.193109 0.566845 -0.060495 -1.408450
    25 1.312555 -0.000002 0.000002 0.072278 -0.157178 -0.656760
    26 0.729365 0.000000 -0.000001 -0.023337 -0.412078 -1.179798
    27 3.942307 0.050327 0.431044 0.084249 -0.015145 -1.280306
    28 1.539099 -0.000002 0.000000 0.028455 -0.017392 -0.998558
    29 1.196321 0.000010 0.000000 -0.000519 0.009342 -1.131088
    30 3.883659 -0.050321 -0.431042 -0.085905 -0.026404 -0.587695
    31 1.719578 0.000002 0.000000 0.011340 0.002103 -1.500357
    32 1.209185 0.000002 0.000000 0.001786 -0.003742 -0.451851
    33 3.859840 -0.148937 -1.331282 -0.309321 0.174364 -0.130295
    34 1.719421 0.000002 0.000000 0.001007 -0.013899 -0.712658
    35 1.099669 0.000002 -0.000001 0.001618 0.001602 -0.485760
    36 0.950558 -1.145017 -1.396461 1.221479 0.500911 -0.695052
    37 1.789782 0.000000 -0.000004 -0.003224 -0.020566 0.353816
    38 1.206999 0.000002 0.000000 0.002181 -0.000599 0.469030
    39 -5.033840 -18.137208 -10.721226 2.064948 0.018340 0.003535
    40 0.025545 -1.273521 1.753304 0.000000 0.000000 0.000000
    41 0.001032 1.440453 -1.526783 0.000000 0.000000 0.000000
    42 0.004413 0.696487 -1.430595 0.000000 0.000000 0.000000
    43 0.580660 0.349014 -1.430595 0.000000 0.000000 0.000000
    44 0.583444 -0.305904 -1.430599 0.000000 0.000000 0.000000
    45 0.005318 -0.648720 -1.430599 0.000000 0.000000 0.000000
    46 -0.574618 -0.303123 -1.430601 0.000000 0.000000 0.000000
    47 -0.573714 0.348118 -1.430595 0.000000 0.000000 0.000000
    48 -0.029968 -0.059296 1.773438 -1.561870 -0.003783 0.018306
    49 0.041163 0.095589 -2.899426 -0.781108 -0.013985 0.002645
    50 0.081115 -2.496311 -0.915165 0.000000 0.000000 0.000000
    51 4.863281 2.800781 -18.203125 1.570792 0.000003 -0.000003
  time 30
    0 0.000000 -0.000006 0.000000 -1.570781 -1.391896 -1.570809
    1 1.208984 -4.433594 3.550781 1.596637 -1.286515 2.942961
    2 6.028141 0.000000 0.000000 -1.195109 0.288824 -1.112448
    3 11.692554 0.000001 0.000000 -0.000042 0.000042 -1.457059
    4 11.481670 0.000001 -0.000031 0.584912 -0.244611 0.261263
    5 3.859711 -0.142405 -1.191975 -0.468133 0.151533 -0.880197
    6 1.312555 -0.000002 0.000000 0.000000 0.000000 -0.439720
    7 0.729363 -0.000002 -0.000002 0.000000 0.000000 -0.244299
    8 3.942337 0.046767 -0.431443 -0.151780 0.073206 -0.810985
    9 1.539097 0.000000 0.000000 0.000000 0.000000 -0.247797
    10 1.196325 -0.000002 -0.000001 0.000000 0.000000 -0.430802
    11 3.883698 -0.046765 0.431443 0.085902 0.021830 -0.587867
    12 1.719570 -0.000004 -0.000001 0.000000 0.005516 -0.366478
    13 1.209169 -0.000004 0.000000 0.000000 0.003084 -0.216400
    14 3.859863 -0.137946 1.332466 0.354449 -0.042750 -0.531718
    15 1.719431 0.000002 0.000000 0.000000 0.004074 -0.363009
    16 1.099667 0.000000 -0.000001 0.000000 0.002596 -0.244331
    17 0.806053 -0.348926 1.321258 -1.222677 -0.679213 -0.788819
    18 1.789778 -0.000002 0.000002 0.000000 0.000000 0.228523
    19 1.207005 0.000000 0.000002 0.000000 0.000000 0.362860
    20 0.033295 -5.663494 -4.722851 -1.668474 1.286518 2.942953
    21 6.028145 0.000000 0.000000 1.244568 0.576927 -1.243811
    22 11.692554 0.000001 0.000002 0.000000 0.000000 -1.218407
    23 11.481699 0.000001 0.000001 -1.167354 0.057341 0.807755
    24 3.859680 -0.132567 1.193109 0.566835 -0.060499 -1.408425
    25 1.312555 -0.000002 0.000002 0.072279 -0.157178 -0.656751
    26 0.729365 0.000000 -0.000001 -0.023334 -0.412071 -1.179796
    27 3.942307 0.050327 0.431044 0.084259 -0.015157 -1.280302
    28 1.539099 -0.000002 0.000000 0.028451 -0.017390 -0.998551
    29 1.196321 0.000010 0.000000 -0.000515 0.009336 -1.131081
    30 3.883659 -0.050321 -0.431042 -0.085905 -0.026404 -0.587695
    31 1.719578 0.000002 0.000000 0.011337 0.002093 -1.500326
    32 1.209185 0.000002 0.000000 0.001786 -0.003742 -0.451851
    33 3.859840 -0.148937 -1.331282 -0.310088 0.172998 -0.134714
    34 1.719421 0.000002 0.000000 0.001007 -0.013816 -0.711531
    35 1.099669 0.000002 -0.000001 0.001618 0.001590 -0.483149
    36 0.950558 -1.145017 -1.396461 1.224764 0.567051 -0.711910
    37 1.789782 0.000000 -0.000004 -0.002612 -0.013962 0.290386
    38 1.206999 0.000002 0.000000 0.001414 -0.000456 0.428924
    39 -5.088529 -18.152834 -10.303245 1.989333 0.018340 0.003535
    40 0.025545 -1.273521 1.753304 0.000000 0.000000 0.000000
    41 0.001032 1.440453 -1.526783 0.000000 0.000000 0.000000
    42 0.004413 0.696487 -1.430595 0.000000 0.000000 0.000000
    43 0.580660 0.349014 -1.430595 0.000000 0.000000 0.000000
    44 0.583444 -0.305904 -1.430599 0.000000 0.000000 0.000000
    45 0.005318 -0.648720 -1.430599 0.000000 0.000000 0.000000
    46 -0.574618 -0.303123 -1.430601 0.000000 0.000000 0.000000
    47 -0.573714 0.348118 -1.430595 0.000000 0.000000 0.000000
    48 -0.029968 -0.059296 1.773438 -1.561870 -0.003783 0.018306
    49 0.041163 0.095589 -2.899426 -0.781108 -0.013985 0.002645
    50 0.081115 -2.496311 -0.915165 0.000000 0.000000 0.000000
    51 4.863281 2.800781 -18.203125 1.570792 0.000003 -0.000003
  time 31
    0 0.000000 -0.000006 0.000000 -1.570781 -1.391896 -1.570809
    1 1.208984 -4.433594 3.550781 1.596637 -1.286515 2.942961
    2 6.028141 0.000000 0.000000 -1.195109 0.288824 -1.112448
    3 11.692554 0.000001 0.000000 -0.000042 0.000042 -1.457059
    4 11.481670 0.000001 -0.000031 0.584912 -0.244611 0.261263
    5 3.859711 -0.142405 -1.191975 -0.468133 0.151533 -0.880197
    6 1.312555 -0.000002 0.000000 0.000000 0.000000 -0.439720
    7 0.729363 -0.000002 -0.000002 0.000000 0.000000 -0.244299
    8 3.942337 0.046767 -0.431443 -0.151780 0.073206 -0.810985
    9 1.539097 0.000000 0.000000 0.000000 0.000000 -0.247797
    10 1.196325 -0.000002 -0.000001 0.000000 0.000000 -0.430802
    11 3.883698 -0.046765 0.431443 0.085902 0.021830 -0.587867
    12 1.719570 -0.000004 -0.000001 0.000000 0.005516 -0.366478
    13 1.209169 -0.000004 0.000000 0.000000 0.003084 -0.216400
    14 3.859863 -0.137946 1.332466 0.354449 -0.042750 -0.531718
    15 1.719431 0.000002 0.000000 0.000000 0.004074 -0.363009
    16 1.099667 0.000000 -0.000001 0.000000 0.002596 -0.244331
    17 0.806053 -0.348926 1.321258 -1.222677 -0.679213 -0.788819
    18 1.789778 -0.000002 0.000002 0.000000 0.000000 0.228523
    19 1.207005 0.000000 0.000002 0.000000 0.000000 0.362860
    20 0.021576 -5.651775 -4.718945 -1.668474 1.286518 2.942953
    21 6.028145 0.000000 0.000000 1.247826 0.571916 -1.240519
    22 11.692554 0.000001 0.000002 0.000000 0.000000 -1.216486
    23 11.481699 0.000001 0.000001 -1.179999 0.081607 0.724160
    24 3.859680 -0.132567 1.193109 0.566835 -0.060499 -1.408425
    25 1.312555 -0.000002 0.000002 0.072279 -0.157178 -0.656751
    26 0.729365 0.000000 -0.000001 -0.023334 -0.412071 -1.179796
    27 3.942307 0.050327 0.431044 0.084259 -0.015157 -1.280302
    28 1.539099 -0.000002 0.000000 0.028451 -0.017390 -0.998551
    29 1.196321 0.000010 0.000000 -0.000515 0.009336 -1.131081
    30 3.883659 -0.050321 -0.431042 -0.085905 -0.026404 -0.587695
    31 1.719578 0.000002 0.000000 0.011337 0.002093 -1.500326
    32 1.209185 0.000002 0.000000 0.001786 -0.003742 -0.451851
    33 3.859840 -0.148937 -1.331282 -0.310867 0.171608 -0.139226
    34 1.719421 0.000002 0.000000 0.001007 -0.013732 -0.710344
    35 1.099669 0.000002 -0.000001 0.001618 0.001578 -0.480469
    36 0.950558 -1.145017 -1.396461 1.226900 0.636757 -0.730208
    37 1.789782 0.000000 -0.000004 -0.002421 -0.006963 0.223643
    38 1.206999 0.000002 0.000000 0.000611 -0.000336 0.386735
    39 -5.143219 -18.164553 -9.834480 1.908933 0.018340 0.003535
    40 0.025545 -1.273521 1.753304 0.000000 0.000000 0.000000
    41 0.001032 1.440453 -1.526783 0.000000 0.000000 0.000000
    42 0.004413 0.696487 -1.430595 0.000000 0.000000 0.000000
    43 0.580660 0.349014 -1.430595 0.000000 0.000000 0.000000
    44 0.583444 -0.305904 -1.430599 0.000000 0.000000 0.000000
    45 0.005318 -0.648720 -1.430599 0.000000 0.000000 0.000000
    46 -0.574618 -0.303123 -1.430601 0.000000 0.000000 0.000000
    47 -0.573714 0.348118 -1.430595 0.000000 0.000000 0.000000
    48 -0.029968 -0.059296 1.773438 -1.561870 -0.003783 0.018306
    49 0.041163 0.095589 -2.899426 -0.781108 -0.013985 0.002645
    50 0.081115 -2.496311 -0.915165 0.000000 0.000000 0.000000
    51 4.863281 2.800781 -18.203125 1.570792 0.000003 -0.000003
  time 32
    0 0.000000 -0.000006 0.000000 -1.570781 -1.391896 -1.570809
    1 1.208984 -4.433594 3.550781 1.596637 -1.286515 2.942961
    2 6.028141 0.000000 0.000000 -1.195109 0.288824 -1.112448
    3 11.692554 0.000001 0.000000 -0.000042 0.000042 -1.457059
    4 11.481670 0.000001 -0.000031 0.584912 -0.244611 0.261263
    5 3.859711 -0.142405 -1.191975 -0.468133 0.151533 -0.880197
    6 1.312555 -0.000002 0.000000 0.000000 0.000000 -0.439720
    7 0.729363 -0.000002 -0.000002 0.000000 0.000000 -0.244299
    8 3.942337 0.046767 -0.431443 -0.151780 0.073206 -0.810985
    9 1.539097 0.000000 0.000000 0.000000 0.000000 -0.247797
    10 1.196325 -0.000002 -0.000001 0.000000 0.000000 -0.430802
    11 3.883698 -0.046765 0.431443 0.085902 0.021830 -0.587867
    12 1.719570 -0.000004 -0.000001 0.000000 0.005516 -0.366478
    13 1.209169 -0.000004 0.000000 0.000000 0.003084 -0.216400
    14 3.859863 -0.137946 1.332466 0.354449 -0.042750 -0.531718
    15 1.719431 0.000002 0.000000 0.000000 0.004074 -0.363009
    16 1.099667 0.000000 -0.000001 0.000000 0.002596 -0.244331
    17 0.806053 -0.348926 1.321258 -1.222677 -0.679213 -0.788819
    18 1.789778 -0.000002 0.000002 0.000000 0.000000 0.228523
    19 1.207005 0.000000 0.000002 0.000000 0.000000 0.362860
    20 0.009857 -5.640056 -4.715039 -1.668474 1.286518 2.942953
    21 6.028145 0.000000 0.000000 1.251179 0.571152 -1.238449
    22 11.692554 0.000001 0.000002 0.000000 0.000000 -1.210206
    23 11.481699 0.000001 0.000001 -1.195579 0.105270 0.635909
    24 3.859680 -0.132567 1.193109 0.566559 -0.060979 -1.406356
    25 1.312555 -0.000002 0.000002 0.071919 -0.156579 -0.655857
    26 0.729365 0.000000 -0.000001 -0.024041 -0.410560 -1.175928
    27 3.942307 0.050327 0.431044 0.084570 -0.015337 -1.278414
    28 1.539099 -0.000002 0.000000 0.028320 -0.017366 -0.995596
    29 1.196321 0.000010 0.000000 -0.000503 0.009300 -1.128311
    30 3.883659 -0.050321 -0.431042 -0.085905 -0.026404 -0.587695
    31 1.719578 0.000002 0.000000 0.011313 0.002033 -1.496035
    32 1.209185 0.000002 0.000000 0.001774 -0.003742 -0.450918
    33 3.859840 -0.148937 -1.331282 -0.311658 0.170182 -0.143860
    34 1.719421 0.000002 0.000000 0.001007 -0.013648 -0.709126
    35 1.099669 0.000002 -0.000001 0.001606 0.001566 -0.477721
    36 0.950558 -1.145017 -1.396461 1.227543 0.702933 -0.748361
    37 1.789782 0.000000 -0.000004 -0.002672 -0.000336 0.160241
    38 1.206999 0.000002 0.000000 -0.000144 -0.000252 0.346657
    39 -5.190095 -18.172365 -9.307121 1.824321 0.018340 0.003535
    40 0.025545 -1.273521 1.753304 0.000000 0.000000 0.000000
    41 0.001032 1.440453 -1.526783 0.000000 0.000000 0.000000
    42 0.004413 0.696487 -1.430595 0.000000 0.000000 0.000000
    43 0.580660 0.349014 -1.430595 0.000000 0.000000 0.000000
    44 0.583444 -0.305904 -1.430599 0.000000 0.000000 0.000000
    45 0.005318 -0.648720 -1.430599 0.000000 0.000000 0.000000
    46 -0.574618 -0.303123 -1.430601 0.000000 0.000000 0.000000
    47 -0.573714 0.348118 -1.430595 0.000000 0.000000 0.000000
    48 -0.029968 -0.059296 1.773438 -1.561870 -0.003783 0.018306
    49 0.041163 0.095589 -2.899426 -0.781108 -0.013985 0.002645
    50 0.081115 -2.496311 -0.915165 0.000000 0.000000 0.000000
    51 4.863281 2.800781 -18.203125 1.570792 0.000003 -0.000003
  time 33
    0 0.000000 -0.000006 0.000000 -1.570781 -1.391896 -1.570809
    1 1.208984 -4.433594 3.550781 1.596637 -1.286515 2.942961
    2 6.028141 0.000000 0.000000 -1.195109 0.288824 -1.112448
    3 11.692554 0.000001 0.000000 -0.000042 0.000042 -1.457059
    4 11.481670 0.000001 -0.000031 0.584912 -0.244611 0.261263
    5 3.859711 -0.142405 -1.191975 -0.468133 0.151533 -0.880197
    6 1.312555 -0.000002 0.000000 0.000000 0.000000 -0.439720
    7 0.729363 -0.000002 -0.000002 0.000000 0.000000 -0.244299
    8 3.942337 0.046767 -0.431443 -0.151780 0.073206 -0.810985
    9 1.539097 0.000000 0.000000 0.000000 0.000000 -0.247797
    10 1.196325 -0.000002 -0.000001 0.000000 0.000000 -0.430802
    11 3.883698 -0.046765 0.431443 0.085902 0.021830 -0.587867
    12 1.719570 -0.000004 -0.000001 0.000000 0.005516 -0.366478
    13 1.209169 -0.000004 0.000000 0.000000 0.003084 -0.216400
    14 3.859863 -0.137946 1.332466 0.354449 -0.042750 -0.531718
    15 1.719431 0.000002 0.000000 0.000000 0.004074 -0.363009
    16 1.099667 0.000000 -0.000001 0.000000 0.002596 -0.244331
    17 0.806053 -0.348926 1.321258 -1.222677 -0.679213 -0.788819
    18 1.789778 -0.000002 0.000002 0.000000 0.000000 0.228523
    19 1.207005 0.000000 0.000002 0.000000 0.000000 0.362860
    20 0.002044 -5.628337 -4.711132 -1.668474 1.286518 2.942953
    21 6.028145 0.000000 0.000000 1.254915 0.575400 -1.237602
    22 11.692554 0.000001 0.000002 0.000000 0.000000 -1.199788
    23 11.481699 0.000001 0.000001 -1.214095 0.127554 0.544264
    24 3.859680 -0.132567 1.193109 0.565720 -0.062381 -1.400361
    25 1.312555 -0.000002 0.000002 0.070877 -0.154853 -0.653252
    26 0.729365 0.000000 -0.000001 -0.026090 -0.406164 -1.164772
    27 3.942307 0.050327 0.431044 0.085481 -0.015888 -1.272979
    28 1.539099 -0.000002 0.000000 0.027936 -0.017294 -0.987067
    29 1.196321 0.000010 0.000000 -0.000455 0.009204 -1.120326
    30 3.883659 -0.050321 -0.431042 -0.085905 -0.026404 -0.587695
    31 1.719578 0.000002 0.000000 0.011265 0.001865 -1.483508
    32 1.209185 0.000002 0.000000 0.001762 -0.003754 -0.448193
    33 3.859840 -0.148937 -1.331282 -0.312461 0.168732 -0.148556
    34 1.719421 0.000002 0.000000 0.001007 -0.013564 -0.707847
    35 1.099669 0.000002 -0.000001 0.001606 0.001554 -0.474926
    36 0.950558 -1.145017 -1.396461 1.226854 0.758592 -0.764444
    37 1.789782 0.000000 -0.000004 -0.003200 0.005213 0.106892
    38 1.206999 0.000002 0.000000 -0.000803 -0.000216 0.312856
    39 -5.229159 -18.176272 -8.713352 1.735880 0.018340 0.003535
    40 0.025545 -1.273521 1.753304 0.000000 0.000000 0.000000
    41 0.001032 1.440453 -1.526783 0.000000 0.000000 0.000000
    42 0.004413 0.696487 -1.430595 0.000000 0.000000 0.000000
    43 0.580660 0.349014 -1.430595 0.000000 0.000000 0.000000
    44 0.583444 -0.305904 -1.430599 0.000000 0.000000 0.000000
    45 0.005318 -0.648720 -1.430599 0.000000 0.000000 0.000000
    46 -0.574618 -0.303123 -1.430601 0.000000 0.000000 0.000000
    47 -0.573714 0.348118 -1.430595 0.000000 0.000000 0.000000
    48 -0.029968 -0.059296 1.773438 -1.561870 -0.003783 0.018306
    49 0.041163 0.095589 -2.899426 -0.781108 -0.013985 0.002645
    50 0.081115 -2.496311 -0.915165 0.000000 0.000000 0.000000
    51 4.863281 2.800781 -18.203125 1.570792 0.000003 -0.000003
  time 34
    0 0.000000 -0.000006 0.000000 -1.570781 -1.391896 -1.570809
    1 1.208984 -4.433594 3.550781 1.596637 -1.286515 2.942961
    2 6.028141 0.000000 0.000000 -1.195109 0.288824 -1.112448
    3 11.692554 0.000001 0.000000 -0.000042 0.000042 -1.457059
    4 11.481670 0.000001 -0.000031 0.584912 -0.244611 0.261263
    5 3.859711 -0.142405 -1.191975 -0.468133 0.151533 -0.880197
    6 1.312555 -0.000002 0.000000 0.000000 0.000000 -0.439720
    7 0.729363 -0.000002 -0.000002 0.000000 0.000000 -0.244299
    8 3.942337 0.046767 -0.431443 -0.151780 0.073206 -0.810985
    9 1.539097 0.000000 0.000000 0.000000 0.000000 -0.247797
    10 1.196325 -0.000002 -0.000001 0.000000 0.000000 -0.430802
    11 3.883698 -0.046765 0.431443 0.085902 0.021830 -0.587867
    12 1.719570 -0.000004 -0.000001 0.000000 0.005516 -0.366478
    13 1.209169 -0.000004 0.000000 0.000000 0.003084 -0.216400
    14 3.859863 -0.137946 1.332466 0.354449 -0.042750 -0.531718
    15 1.719431 0.000002 0.000000 0.000000 0.004074 -0.363009
    16 1.099667 0.000000 -0.000001 0.000000 0.002596 -0.244331
    17 0.806053 -0.348926 1.321258 -1.222677 -0.679213 -0.788819
    18 1.789778 -0.000002 0.000002 0.000000 0.000000 0.228523
    19 1.207005 0.000000 0.000002 0.000000 0.000000 0.362860
    20 -0.009675 -5.616618 -4.707226 -1.668474 1.286518 2.942953
    21 6.028145 0.000000 0.000000 1.258939 0.585564 -1.238261
    22 11.692554 0.000001 0.000002 0.000000 0.000000 -1.185675
    23 11.481699 0.000001 0.000001 -1.235377 0.147768 0.450728
    24 3.859680 -0.132567 1.193109 0.564366 -0.064610 -1.390711
    25 1.312555 -0.000002 0.000002 0.069223 -0.152073 -0.649063
    26 0.729365 0.000000 -0.000001 -0.029254 -0.399048 -1.146902
    27 3.942307 0.050327 0.431044 0.086943 -0.016787 -1.264271
    28 1.539099 -0.000002 0.000000 0.027325 -0.017174 -0.973328
    29 1.196321 0.000010 0.000000 -0.000395 0.009036 -1.107508
    30 3.883659 -0.050321 -0.431042 -0.085905 -0.026404 -0.587695
    31 1.719578 0.000002 0.000000 0.011182 0.001602 -1.463299
    32 1.209185 0.000002 0.000000 0.001726 -0.003766 -0.443803
    33 3.859840 -0.148937 -1.331282 -0.313264 0.167234 -0.153374
    34 1.719421 0.000002 0.000000 0.001019 -0.013468 -0.706537
    35 1.099669 0.000002 -0.000001 0.001606 0.001542 -0.472086
    36 0.950558 -1.145017 -1.396461 1.225682 0.796875 -0.776066
    37 1.789782 0.000000 -0.000004 -0.003739 0.009024 0.070194
    38 1.206999 0.000002 0.000000 -0.001246 -0.000192 0.289553
    39 -5.264316 -18.176272 -8.049270 1.643994 0.018340 0.003535
    40 0.025545 -1.273521 1.753304 0.000000 0.000000 0.000000
    41 0.001032 1.440453 -1.526783 0.000000 0.000000 0.000000
    42 0.004413 0.696487 -1.430595 0.000000 0.000000 0.000000
    43 0.580660 0.349014 -1.430595 0.000000 0.000000 0.000000
    44 0.583444 -0.305904 -1.430599 0.000000 0.000000 0.000000
    45 0.005318 -0.648720 -1.430599 0.000000 0.000000 0.000000
    46 -0.574618 -0.303123 -1.430601 0.000000 0.000000 0.000000
    47 -0.573714 0.348118 -1.430595 0.000000 0.000000 0.000000
    48 -0.029968 -0.059296 1.773438 -1.561870 -0.003783 0.018306
    49 0.041163 0.095589 -2.899426 -0.781108 -0.013985 0.002645
    50 0.081115 -2.496311 -0.915165 0.000000 0.000000 0.000000
    51 4.863281 2.800781 -18.203125 1.570792 0.000003 -0.000003
  time 35
    0 0.000000 -0.000006 0.000000 -1.570781 -1.391896 -1.570809
    1 1.208984 -4.433594 3.550781 1.596637 -1.286515 2.942961
    2 6.028141 0.000000 0.000000 -1.195109 0.288824 -1.112448
    3 11.692554 0.000001 0.000000 -0.000042 0.000042 -1.457059
    4 11.481670 0.000001 -0.000031 0.584912 -0.244611 0.261263
    5 3.859711 -0.142405 -1.191975 -0.468133 0.151533 -0.880197
    6 1.312555 -0.000002 0.000000 0.000000 0.000000 -0.439720
    7 0.729363 -0.000002 -0.000002 0.000000 0.000000 -0.244299
    8 3.942337 0.046767 -0.431443 -0.151780 0.073206 -0.810985
    9 1.539097 0.000000 0.000000 0.000000 0.000000 -0.247797
    10 1.196325 -0.000002 -0.000001 0.000000 0.000000 -0.430802
    11 3.883698 -0.046765 0.431443 0.085902 0.021830 -0.587867
    12 1.719570 -0.000004 -0.000001 0.000000 0.005516 -0.366478
    13 1.209169 -0.000004 0.000000 0.000000 0.003084 -0.216400
    14 3.859863 -0.137946 1.332466 0.354449 -0.042750 -0.531718
    15 1.719431 0.000002 0.000000 0.000000 0.004074 -0.363009
    16 1.099667 0.000000 -0.000001 0.000000 0.002596 -0.244331
    17 0.806053 -0.348926 1.321258 -1.222677 -0.679213 -0.788819
    18 1.789778 -0.000002 0.000002 0.000000 0.000000 0.228523
    19 1.207005 0.000000 0.000002 0.000000 0.000000 0.362860
    20 -0.021394 -5.600992 -4.703319 -1.668474 1.286518 2.942953
    21 6.028145 0.000000 0.000000 1.263538 0.602361 -1.240236
    22 11.692554 0.000001 0.000002 0.000000 0.000000 -1.169051
    23 11.481699 0.000001 0.000001 -1.259086 0.165052 0.357628
    24 3.859680 -0.132567 1.193109 0.562496 -0.067582 -1.377728
    25 1.312555 -0.000002 0.000002 0.067006 -0.148345 -0.643469
    26 0.729365 0.000000 -0.000001 -0.033281 -0.389363 -1.122894
    27 3.942307 0.050327 0.431044 0.088909 -0.018010 -1.252544
    28 1.539099 -0.000002 0.000000 0.026498 -0.017006 -0.954838
    29 1.196321 0.000010 0.000000 -0.000300 0.008821 -1.090212
    30 3.883659 -0.050321 -0.431042 -0.085905 -0.026404 -0.587695
    31 1.719578 0.000002 0.000000 0.011062 0.001230 -1.436030
    32 1.209185 0.000002 0.000000 0.001678 -0.003790 -0.437900
    33 3.859840 -0.148937 -1.331282 -0.314079 0.165712 -0.158254
    34 1.719421 0.000002 0.000000 0.001019 -0.013384 -0.705167
    35 1.099669 0.000002 -0.000001 0.001594 0.001530 -0.469178
    36 0.950558 -1.145017 -1.396461 1.225200 0.811119 -0.780497
    37 1.789782 0.000000 -0.000004 -0.003979 0.010438 0.056542
    38 1.206999 0.000002 0.000000 -0.001414 -0.000180 0.280860
    39 -5.291661 -18.172365 -7.283621 1.549141 0.018340 0.003535
    40 0.025545 -1.273521 1.753304 0.000000 0.000000 0.000000
    41 0.001032 1.440453 -1.526783 0.000000 0.000000 0.000000
    42 0.004413 0.696487 -1.430595 0.000000 0.000000 0.000000
    43 0.580660 0.349014 -1.430595 0.000000 0.000000 0.000000
    44 0.583444 -0.305904 -1.430599 0.000000 0.000000 0.000000
    45 0.005318 -0.648720 -1.430599 0.000000 0.000000 0.000000
    46 -0.574618 -0.303123 -1.430601 0.000000 0.000000 0.000000
    47 -0.573714 0.348118 -1.430595 0.000000 0.000000 0.000000
    48 -0.029968 -0.059296 1.773438 -1.561870 -0.003783 0.018306
    49 0.041163 0.095589 -2.899426 -0.781108 -0.013985 0.002645
    50 0.081115 -2.496311 -0.915165 0.000000 0.000000 0.000000
    51 4.863281 2.800781 -18.203125 1.570792 0.000003 -0.000003
  time 36
    0 0.000000 -0.000006 0.000000 -1.570781 -1.391896 -1.570809
    1 1.208984 -4.433594 3.550781 1.596637 -1.286515 2.942961
    2 6.028141 0.000000 0.000000 -1.195109 0.288824 -1.112448
    3 11.692554 0.000001 0.000000 -0.000042 0.000042 -1.457059
    4 11.481670 0.000001 -0.000031 0.584912 -0.244611 0.261263
    5 3.859711 -0.142405 -1.191975 -0.468133 0.151533 -0.880197
    6 1.312555 -0.000002 0.000000 0.000000 0.000000 -0.439720
    7 0.729363 -0.000002 -0.000002 0.000000 0.000000 -0.244299
    8 3.942337 0.046767 -0.431443 -0.151780 0.073206 -0.810985
    9 1.539097 0.000000 0.000000 0.000000 0.000000 -0.247797
    10 1.196325 -0.000002 -0.000001 0.000000 0.000000 -0.430802
    11 3.883698 -0.046765 0.431443 0.085902 0.021830 -0.587867
    12 1.719570 -0.000004 -0.000001 0.000000 0.005516 -0.366478
    13 1.209169 -0.000004 0.000000 0.000000 0.003084 -0.216400
    14 3.859863 -0.137946 1.332466 0.354449 -0.042750 -0.531718
    15 1.719431 0.000002 0.000000 0.000000 0.004074 -0.363009
    16 1.099667 0.000000 -0.000001 0.000000 0.002596 -0.244331
    17 0.806053 -0.348926 1.321258 -1.222677 -0.679213 -0.788819
    18 1.789778 -0.000002 0.000002 0.000000 0.000000 0.228523
    19 1.207005 0.000000 0.000002 0.000000 0.000000 0.362860
    20 -0.033113 -5.589273 -4.699413 -1.668474 1.286518 2.942953
    21 6.028145 0.000000 0.000000 1.268711 0.626889 -1.243717
    22 11.692554 0.000001 0.000002 0.000000 0.000000 -1.151761
    23 11.481699 0.000001 0.000001 -1.284659 0.178672 0.268408
    24 3.859680 -0.132567 1.193109 0.560147 -0.071214 -1.361734
    25 1.312555 -0.000002 0.000002 0.064321 -0.143719 -0.636573
    26 0.729365 0.000000 -0.000001 -0.037919 -0.377234 -1.093325
    27 3.942307 0.050327 0.431044 0.091294 -0.019544 -1.238074
    28 1.539099 -0.000002 0.000000 0.025491 -0.016766 -0.931991
    29 1.196321 0.000010 0.000000 -0.000204 0.008545 -1.068878
    30 3.883659 -0.050321 -0.431042 -0.085905 -0.026404 -0.587695
    31 1.719578 0.000002 0.000000 0.010894 0.000787 -1.402187
    32 1.209185 0.000002 0.000000 0.001630 -0.003826 -0.430660
    33 3.859840 -0.148937 -1.331282 -0.314906 0.164166 -0.163226
    34 1.719421 0.000002 0.000000 0.001019 -0.013288 -0.703766
    35 1.099669 0.000002 -0.000001 0.001594 0.001506 -0.466246
    36 0.950558 -1.145017 -1.396461 1.225407 0.811047 -0.780468
    37 1.789782 0.000000 -0.000004 -0.003979 0.010426 0.056628
    38 1.206999 0.000002 0.000000 -0.001414 -0.000180 0.280916
    39 -5.311193 -18.168459 -6.396876 1.451703 0.018340 0.003535
    40 0.025545 -1.273521 1.753304 0.000000 0.000000 0.000000
    41 0.001032 1.440453 -1.526783 0.000000 0.000000 0.000000
    42 0.004413 0.696487 -1.430595 0.000000 0.000000 0.000000
    43 0.580660 0.349014 -1.430595 0.000000 0.000000 0.000000
    44 0.583444 -0.305904 -1.430599 0.000000 0.000000 0.000000
    45 0.005318 -0.648720 -1.430599 0.000000 0.000000 0.000000
    46 -0.574618 -0.303123 -1.430601 0.000000 0.000000 0.000000
    47 -0.573714 0.348118 -1.430595 0.000000 0.000000 0.000000
    48 -0.029968 -0.059296 1.773438 -1.561870 -0.003783 0.018306
    49 0.041163 0.095589 -2.899426 -0.781108 -0.013985 0.002645
    50 0.081115 -2.496311 -0.915165 0.000000 0.000000 0.000000
    51 4.863281 2.800781 -18.203125 1.570792 0.000003 -0.000003
  time 37
    0 0.000000 -0.000006 0.000000 -1.570781 -1.391896 -1.570809
    1 1.208984 -4.433594 3.550781 1.596637 -1.286515 2.942961
    2 6.028141 0.000000 0.000000 -1.195109 0.288824 -1.112448
    3 11.692554 0.000001 0.000000 -0.000042 0.000042 -1.457059
    4 11.481670 0.000001 -0.000031 0.584912 -0.244611 0.261263
    5 3.859711 -0.142405 -1.191975 -0.468133 0.151533 -0.880197
    6 1.312555 -0.000002 0.000000 0.000000 0.000000 -0.439720
    7 0.729363 -0.000002 -0.000002 0.000000 0.000000 -0.244299
    8 3.942337 0.046767 -0.431443 -0.151780 0.073206 -0.810985
    9 1.539097 0.000000 0.000000 0.000000 0.000000 -0.247797
    10 1.196325 -0.000002 -0.000001 0.000000 0.000000 -0.430802
    11 3.883698 -0.046765 0.431443 0.085902 0.021830 -0.587867
    12 1.719570 -0.000004 -0.000001 0.000000 0.005516 -0.366478
    13 1.209169 -0.000004 0.000000 0.000000 0.003084 -0.216400
    14 3.859863 -0.137946 1.332466 0.354449 -0.042750 -0.531718
    15 1.719431 0.000002 0.000000 0.000000 0.004074 -0.363009
    16 1.099667 0.000000 -0.000001 0.000000 0.002596 -0.244331
    17 0.806053 -0.348926 1.321258 -1.222677 -0.679213 -0.788819
    18 1.789778 -0.000002 0.000002 0.000000 0.000000 0.228523
    19 1.207005 0.000000 0.000002 0.000000 0.000000 0.362860
    20 -0.044832 -5.573647 -4.695507 -1.668474 1.286518 2.942953
    21 6.028145 0.000000 0.000000 1.275034 0.660197 -1.248421
    22 11.692554 0.000001 0.000002 0.000000 0.000000 -1.138387
    23 11.481699 0.000001 0.000001 -1.311134 0.187638 0.189661
    24 3.859680 -0.132567 1.193109 0.557331 -0.075420 -1.342971
    25 1.312555 -0.000002 0.000002 0.061229 -0.138290 -0.628553
    26 0.729365 0.000000 -0.000001 -0.042833 -0.362814 -1.058768
    27 3.942307 0.050327 0.431044 0.094062 -0.021389 -1.221162
    28 1.539099 -0.000002 0.000000 0.024317 -0.016467 -0.905214
    29 1.196321 0.000010 0.000000 -0.000096 0.008221 -1.043861
    30 3.883659 -0.050321 -0.431042 -0.085905 -0.026404 -0.587695
    31 1.719578 0.000002 0.000000 0.010678 0.000259 -1.362288
    32 1.209185 0.000002 0.000000 0.001570 -0.003850 -0.422183
    33 3.859840 -0.148937 -1.331282 -0.315721 0.162584 -0.168259
    34 1.719421 0.000002 0.000000 0.001019 -0.013192 -0.702305
    35 1.099669 0.000002 -0.000001 0.001582 0.001494 -0.463246
    36 0.950558 -1.145017 -1.396461 1.225637 0.810903 -0.780382
    37 1.789782 0.000000 -0.000004 -0.003967 0.010414 0.056857
    38 1.206999 0.000002 0.000000 -0.001414 -0.000168 0.280999
    39 -5.315099 -18.160646 -5.318718 1.352734 0.018340 0.003535
    40 0.025545 -1.273521 1.753304 0.000000 0.000000 0.000000
    41 0.001032 1.440453 -1.526783 0.000000 0.000000 0.000000
    42 0.004413 0.696487 -1.430595 0.000000 0.000000 0.000000
    43 0.580660 0.349014 -1.430595 0.000000 0.000000 0.000000
    44 0.583444 -0.305904 -1.430599 0.000000 0.000000 0.000000
    45 0.005318 -0.648720 -1.430599 0.000000 0.000000 0.000000
    46 -0.574618 -0.303123 -1.430601 0.000000 0.000000 0.000000
    47 -0.573714 0.348118 -1.430595 0.000000 0.000000 0.000000
    48 -0.029968 -0.059296 1.773438 -1.561870 -0.003783 0.018306
    49 0.041163 0.095589 -2.899426 -0.781108 -0.013985 0.002645
    50 0.081115 -2.496311 -0.915165 0.000000 0.000000 0.000000
    51 4.863281 2.800781 -18.203125 1.570792 0.000003 -0.000003
  time 38
    0 0.000000 -0.000006 0.000000 -1.570781 -1.391896 -1.570809
    1 1.208984 -4.433594 3.550781 1.596637 -1.286515 2.942961
    2 6.028141 0.000000 0.000000 -1.195109 0.288824 -1.112448
    3 11.692554 0.000001 0.000000 -0.000042 0.000042 -1.457059
    4 11.481670 0.000001 -0.000031 0.584912 -0.244611 0.261263
    5 3.859711 -0.142405 -1.191975 -0.468133 0.151533 -0.880197
    6 1.312555 -0.000002 0.000000 0.000000 0.000000 -0.439720
    7 0.729363 -0.000002 -0.000002 0.000000 0.000000 -0.244299
    8 3.942337 0.046767 -0.431443 -0.151780 0.073206 -0.810985
    9 1.539097 0.000000 0.000000 0.000000 0.000000 -0.247797
    10 1.196325 -0.000002 -0.000001 0.000000 0.000000 -0.430802
    11 3.883698 -0.046765 0.431443 0.085902 0.021830 -0.587867
    12 1.719570 -0.000004 -0.000001 0.000000 0.005516 -0.366478
    13 1.209169 -0.000004 0.000000 0.000000 0.003084 -0.216400
    14 3.859863 -0.137946 1.332466 0.354449 -0.042750 -0.531718
    15 1.719431 0.000002 0.000000 0.000000 0.004074 -0.363009
    16 1.099667 0.000000 -0.000001 0.000000 0.002596 -0.244331
    17 0.806053 -0.348926 1.321258 -1.222677 -0.679213 -0.788819
    18 1.789778 -0.000002 0.000002 0.000000 0.000000 0.228523
    19 1.207005 0.000000 0.000002 0.000000 0.000000 0.362860
    20 -0.056552 -5.561928 -4.691600 -1.668474 1.286518 2.942953
    21 6.028145 0.000000 0.000000 1.283178 0.706007 -1.254348
    22 11.692554 0.000001 0.000002 0.000000 0.000000 -1.138535
    23 11.481699 0.000001 0.000001 -1.336932 0.190181 0.136808
    24 3.859680 -0.132567 1.193109 0.554047 -0.080106 -1.321763
    25 1.312555 -0.000002 0.000002 0.057790 -0.132154 -0.619537
    26 0.729365 0.000000 -0.000001 -0.047747 -0.346264 -1.019896
    27 3.942307 0.050327 0.431044 0.097142 -0.023523 -1.202087
    28 1.539099 -0.000002 0.000000 0.022986 -0.016083 -0.874934
    29 1.196321 0.000010 0.000000 0.000012 0.007862 -1.015604
    30 3.883659 -0.050321 -0.431042 -0.085905 -0.026404 -0.587695
    31 1.719578 0.000002 0.000000 0.010403 -0.000316 -1.316921
    32 1.209185 0.000002 0.000000 0.001498 -0.003886 -0.412622
    33 3.859840 -0.148937 -1.331282 -0.316560 0.160966 -0.173384
    34 1.719421 0.000002 0.000000 0.001019 -0.013097 -0.700782
    35 1.099669 0.000002 -0.000001 0.001582 0.001470 -0.460200
    36 0.950558 -1.145017 -1.396461 1.225889 0.810651 -0.780238
    37 1.789782 0.000000 -0.000004 -0.003967 0.010402 0.057228
    38 1.206999 0.000002 0.000000 -0.001414 -0.000168 0.281165
    39 -5.303380 -18.148927 -3.892893 1.254340 0.018340 0.003535
    40 0.025545 -1.273521 1.753304 0.000000 0.000000 0.000000
    41 0.001032 1.440453 -1.526783 0.000000 0.000000 0.000000
    42 0.004413 0.696487 -1.430595 0.000000 0.000000 0.000000
    43 0.580660 0.349014 -1.430595 0.000000 0.000000 0.000000
    44 0.583444 -0.305904 -1.430599 0.000000 0.000000 0.000000
    45 0.005318 -0.648720 -1.430599 0.000000 0.000000 0.000000
    46 -0.574618 -0.303123 -1.430601 0.000000 0.000000 0.000000
    47 -0.573714 0.348118 -1.430595 0.000000 0.000000 0.000000
    48 -0.029968 -0.059296 1.773438 -1.561870 -0.003783 0.018306
    49 0.041163 0.095589 -2.899426 -0.781108 -0.013985 0.002645
    50 0.081115 -2.496311 -0.915165 0.000000 0.000000 0.000000
    51 4.863281 2.800781 -18.203125 1.570792 0.000003 -0.000003
  time 39
    0 0.000000 -0.000006 0.000000 -1.570781 -1.391896 -1.570809
    1 1.208984 -4.433594 3.550781 1.596637 -1.286515 2.942961
    2 6.028141 0.000000 0.000000 -1.195109 0.288824 -1.112448
    3 11.692554 0.000001 0.000000 -0.000042 0.000042 -1.457059
    4 11.481670 0.000001 -0.000031 0.584912 -0.244611 0.261263
    5 3.859711 -0.142405 -1.191975 -0.468133 0.151533 -0.880197
    6 1.312555 -0.000002 0.000000 0.000000 0.000000 -0.439720
    7 0.729363 -0.000002 -0.000002 0.000000 0.000000 -0.244299
    8 3.942337 0.046767 -0.431443 -0.151780 0.073206 -0.810985
    9 1.539097 0.000000 0.000000 0.000000 0.000000 -0.247797
    10 1.196325 -0.000002 -0.000001 0.000000 0.000000 -0.430802
    11 3.883698 -0.046765 0.431443 0.085902 0.021830 -0.587867
    12 1.719570 -0.000004 -0.000001 0.000000 0.005516 -0.366478
    13 1.209169 -0.000004 0.000000 0.000000 0.003084 -0.216400
    14 3.859863 -0.137946 1.332466 0.354449 -0.042750 -0.531718
    15 1.719431 0.000002 0.000000 0.000000 0.004074 -0.363009
    16 1.099667 0.000000 -0.000001 0.000000 0.002596 -0.244331
    17 0.806053 -0.348926 1.321258 -1.222677 -0.679213 -0.788819
    18 1.789778 -0.000002 0.000002 0.000000 0.000000 0.228523
    19 1.207005 0.000000 0.000002 0.000000 0.000000 0.362860
    20 -0.068271 -5.546303 -4.687694 -1.668474 1.286518 2.942953
    21 6.028145 0.000000 0.000000 1.302722 0.811038 -1.263851
    22 11.692554 0.000001 0.000002 0.000000 0.000000 -1.233997
    23 11.481699 0.000001 0.000001 -1.353585 0.168802 0.255025
    24 3.859680 -0.132567 1.193109 0.550320 -0.085188 -1.298403
    25 1.312555 -0.000002 0.000002 0.054074 -0.125371 -0.609678
    26 0.729365 0.000000 -0.000001 -0.052361 -0.327775 -0.977251
    27 3.942307 0.050327 0.431044 0.100486 -0.025931 -1.181124
    28 1.539099 -0.000002 0.000000 0.021548 -0.015616 -0.841517
    29 1.196321 0.000010 0.000000 0.000132 0.007442 -0.984428
    30 3.883659 -0.050321 -0.431042 -0.085905 -0.026404 -0.587695
    31 1.719578 0.000002 0.000000 0.010067 -0.000939 -1.266641
    32 1.209185 0.000002 0.000000 0.001414 -0.003922 -0.402127
    33 3.859840 -0.148937 -1.331282 -0.317387 0.159336 -0.178602
    34 1.719421 0.000002 0.000000 0.001019 -0.013001 -0.699229
    35 1.099669 0.000002 -0.000001 0.001570 0.001458 -0.457108
    36 0.950558 -1.145017 -1.396461 1.226165 0.810309 -0.780065
    37 1.789782 0.000000 -0.000004 -0.003943 0.010378 0.057713
    38 1.206999 0.000002 0.000000 -0.001402 -0.000168 0.281415
    39 -5.248691 -18.117676 -0.451382 1.173556 0.018340 0.003535
    40 0.025545 -1.273521 1.753304 0.000000 0.000000 0.000000
    41 0.001032 1.440453 -1.526783 0.000000 0.000000 0.000000
    42 0.004413 0.696487 -1.430595 0.000000 0.000000 0.000000
    43 0.580660 0.349014 -1.430595 0.000000 0.000000 0.000000
    44 0.583444 -0.305904 -1.430599 0.000000 0.000000 0.000000
    45 0.005318 -0.648720 -1.430599 0.000000 0.000000 0.000000
    46 -0.574618 -0.303123 -1.430601 0.000000 0.000000 0.000000
    47 -0.573714 0.348118 -1.430595 0.000000 0.000000 0.000000
    48 -0.029968 -0.059296 1.773438 -1.561870 -0.003783 0.018306
    49 0.041163 0.095589 -2.899426 -0.781108 -0.013985 0.002645
    50 0.081115 -2.496311 -0.915165 0.000000 0.000000 0.000000
    51 4.863281 2.800781 -18.203125 1.570792 0.000003 -0.000003
  time 40
    0 0.000000 -0.000006 0.000000 -1.570781 -1.391896 -1.570809
    1 1.208984 -4.433594 3.550781 1.596637 -1.286515 2.942961
    2 6.028141 0.000000 0.000000 -1.195109 0.288824 -1.112448
    3 11.692554 0.000001 0.000000 -0.000042 0.000042 -1.457059
    4 11.481670 0.000001 -0.000031 0.584912 -0.244611 0.261263
    5 3.859711 -0.142405 -1.191975 -0.468133 0.151533 -0.880197
    6 1.312555 -0.000002 0.000000 0.000000 0.000000 -0.439720
    7 0.729363 -0.000002 -0.000002 0.000000 0.000000 -0.244299
    8 3.942337 0.046767 -0.431443 -0.151780 0.073206 -0.810985
    9 1.539097 0.000000 0.000000 0.000000 0.000000 -0.247797
    10 1.196325 -0.000002 -0.000001 0.000000 0.000000 -0.430802
    11 3.883698 -0.046765 0.431443 0.085902 0.021830 -0.587867
    12 1.719570 -0.000004 -0.000001 0.000000 0.005516 -0.366478
    13 1.209169 -0.000004 0.000000 0.000000 0.003084 -0.216400
    14 3.859863 -0.137946 1.332466 0.354449 -0.042750 -0.531718
    15 1.719431 0.000002 0.000000 0.000000 0.004074 -0.363009
    16 1.099667 0.000000 -0.000001 0.000000 0.002596 -0.244331
    17 0.806053 -0.348926 1.321258 -1.222677 -0.679213 -0.788819
    18 1.789778 -0.000002 0.000002 0.000000 0.000000 0.228523
    19 1.207005 0.000000 0.000002 0.000000 0.000000 0.362860
    20 -0.079990 -5.530677 -4.683788 -1.668474 1.286518 2.942953
    21 6.028145 0.000000 0.000000 1.280974 0.824017 -1.281538
    22 11.692554 0.000001 0.000002 0.000000 0.000000 -1.254834
    23 11.481699 0.000001 0.000001 -1.324739 0.281169 0.150627
    24 3.859680 -0.132567 1.193109 0.546173 -0.090557 -1.273189
    25 1.312555 -0.000002 0.000002 0.050167 -0.118036 -0.599103
    26 0.729365 0.000000 -0.000001 -0.056376 -0.307548 -0.931442
    27 3.942307 0.050327 0.431044 0.104033 -0.028616 -1.158550
    28 1.539099 -0.000002 0.000000 0.020002 -0.015053 -0.805480
    29 1.196321 0.000010 0.000000 0.000240 0.006999 -0.950837
    30 3.883659 -0.050321 -0.431042 -0.085905 -0.026404 -0.587695
    31 1.719578 0.000002 0.000000 0.009672 -0.001610 -1.212104
    32 1.209185 0.000002 0.000000 0.001342 -0.003970 -0.390851
    33 3.859840 -0.148937 -1.331282 -0.318226 0.157670 -0.183850
    34 1.719421 0.000002 0.000000 0.001031 -0.012905 -0.697615
    35 1.099669 0.000002 -0.000001 0.001570 0.001434 -0.453993
    36 0.950558 -1.145017 -1.396461 1.226486 0.809876 -0.779835
    37 1.789782 0.000000 -0.000004 -0.003931 0.010342 0.058342
    38 1.206999 0.000002 0.000000 -0.001402 -0.000156 0.281693
    39 -5.240878 -17.371560 0.415832 0.853774 0.008363 -0.046973
    40 0.025545 -1.273521 1.753304 0.000000 0.000000 0.000000
    41 0.001032 1.440453 -1.526783 0.000000 0.000000 0.000000
    42 0.004413 0.696487 -1.430595 0.000000 0.000000 0.000000
    43 0.580660 0.349014 -1.430595 0.000000 0.000000 0.000000
    44 0.583444 -0.305904 -1.430599 0.000000 0.000000 0.000000
    45 0.005318 -0.648720 -1.430599 0.000000 0.000000 0.000000
    46 -0.574618 -0.303123 -1.430601 0.000000 0.000000 0.000000
    47 -0.573714 0.348118 -1.430595 0.000000 0.000000 0.000000
    48 -0.029968 -0.059296 1.773438 -1.561870 -0.003783 0.018306
    49 0.041163 0.095589 -2.899426 -0.781108 -0.013985 0.002645
    50 0.081115 -2.496311 -0.915165 0.000000 0.000000 0.000000
    51 4.863281 2.800781 -18.203125 1.570792 0.000003 -0.000003
  time 41
    0 0.000000 -0.000006 0.000000 -1.570781 -1.391896 -1.570809
    1 1.208984 -4.433594 3.550781 1.596637 -1.286515 2.942961
    2 6.028141 0.000000 0.000000 -1.195109 0.288824 -1.112448
    3 11.692554 0.000001 0.000000 -0.000042 0.000042 -1.457059
    4 11.481670 0.000001 -0.000031 0.584912 -0.244611 0.261263
    5 3.859711 -0.142405 -1.191975 -0.468133 0.151533 -0.880197
    6 1.312555 -0.000002 0.000000 0.000000 0.000000 -0.439720
    7 0.729363 -0.000002 -0.000002 0.000000 0.000000 -0.244299
    8 3.942337 0.046767 -0.431443 -0.151780 0.073206 -0.810985
    9 1.539097 0.000000 0.000000 0.000000 0.000000 -0.247797
    10 1.196325 -0.000002 -0.000001 0.000000 0.000000 -0.430802
    11 3.883698 -0.046765 0.431443 0.085902 0.021830 -0.587867
    12 1.719570 -0.000004 -0.000001 0.000000 0.005516 -0.366478
    13 1.209169 -0.000004 0.000000 0.000000 0.003084 -0.216400
    14 3.859863 -0.137946 1.332466 0.354449 -0.042750 -0.531718
    15 1.719431 0.000002 0.000000 0.000000 0.004074 -0.363009
    16 1.099667 0.000000 -0.000001 0.000000 0.002596 -0.244331
    17 0.806053 -0.348926 1.321258 -1.222677 -0.679213 -0.788819
    18 1.789778 -0.000002 0.000002 0.000000 0.000000 0.228523
    19 1.207005 0.000000 0.000002 0.000000 0.000000 0.362860
    20 -0.091709 -5.518958 -4.679881 -1.668474 1.286518 2.942953
    21 6.028145 0.000000 0.000000 1.277238 0.824065 -1.284078
    22 11.692554 0.000001 0.000002 0.000000 0.000000 -1.305964
    23 11.481699 0.000001 0.000001 -1.310061 0.368234 0.088706
    24 3.859680 -0.132567 1.193109 0.541631 -0.096118 -1.246470
    25 1.312555 -0.000002 0.000002 0.046117 -0.110222 -0.587942
    26 0.729365 0.000000 -0.000001 -0.059551 -0.285873 -0.883139
    27 3.942307 0.050327 0.431044 0.107724 -0.031540 -1.134668
    28 1.539099 -0.000002 0.000000 0.018396 -0.014394 -0.767249
    29 1.196321 0.000010 0.000000 0.000336 0.006532 -0.915213
    30 3.883659 -0.050321 -0.431042 -0.085905 -0.026404 -0.587695
    31 1.719578 0.000002 0.000000 0.009216 -0.002281 -1.154003
    32 1.209185 0.000002 0.000000 0.001246 -0.004006 -0.378918
    33 3.859840 -0.148937 -1.331282 -0.319065 0.155980 -0.189190
    34 1.719421 0.000002 0.000000 0.001031 -0.012809 -0.695941
    35 1.099669 0.000002 -0.000001 0.001558 0.001422 -0.450832
    36 0.950558 -1.145017 -1.396461 1.226808 0.809354 -0.779576
    37 1.789782 0.000000 -0.000004 -0.003907 0.010307 0.059084
    38 1.206999 0.000002 0.000000 -0.001390 -0.000156 0.282054
    39 -5.217440 -16.953578 1.044758 0.671533 -0.000640 -0.044365
    40 0.025545 -1.273521 1.753304 0.000000 0.000000 0.000000
    41 0.001032 1.440453 -1.526783 0.000000 0.000000 0.000000
    42 0.004413 0.696487 -1.430595 0.000000 0.000000 0.000000
    43 0.580660 0.349014 -1.430595 0.000000 0.000000 0.000000
    44 0.583444 -0.305904 -1.430599 0.000000 0.000000 0.000000
    45 0.005318 -0.648720 -1.430599 0.000000 0.000000 0.000000
    46 -0.574618 -0.303123 -1.430601 0.000000 0.000000 0.000000
    47 -0.573714 0.348118 -1.430595 0.000000 0.000000 0.000000
    48 -0.029968 -0.059296 1.773438 -1.561870 -0.003783 0.018306
    49 0.041163 0.095589 -2.899426 -0.781108 -0.013985 0.002645
    50 0.081115 -2.496311 -0.915165 0.000000 0.000000 0.000000
    51 4.863281 2.800781 -18.203125 1.570792 0.000003 -0.000003
  time 42
    0 0.000000 -0.000006 0.000000 -1.570781 -1.391896 -1.570809
    1 1.208984 -4.433594 3.550781 1.596637 -1.286515 2.942961
    2 6.028141 0.000000 0.000000 -1.195109 0.288824 -1.112448
    3 11.692554 0.000001 0.000000 -0.000042 0.000042 -1.457059
    4 11.481670 0.000001 -0.000031 0.584912 -0.244611 0.261263
    5 3.859711 -0.142405 -1.191975 -0.468133 0.151533 -0.880197
    6 1.312555 -0.000002 0.000000 0.000000 0.000000 -0.439720
    7 0.729363 -0.000002 -0.000002 0.000000 0.000000 -0.244299
    8 3.942337 0.046767 -0.431443 -0.151780 0.073206 -0.810985
    9 1.539097 0.000000 0.000000 0.000000 0.000000 -0.247797
    10 1.196325 -0.000002 -0.000001 0.000000 0.000000 -0.430802
    11 3.883698 -0.046765 0.431443 0.085902 0.021830 -0.587867
    12 1.719570 -0.000004 -0.000001 0.000000 0.005516 -0.366478
    13 1.209169 -0.000004 0.000000 0.000000 0.003084 -0.216400
    14 3.859863 -0.137946 1.332466 0.354449 -0.042750 -0.531718
    15 1.719431 0.000002 0.000000 0.000000 0.004074 -0.363009
    16 1.099667 0.000000 -0.000001 0.000000 0.002596 -0.244331
    17 0.806053 -0.348926 1.321258 -1.222677 -0.679213 -0.788819
    18 1.789778 -0.000002 0.000002 0.000000 0.000000 0.228523
    19 1.207005 0.000000 0.000002 0.000000 0.000000 0.362860
    20 -0.103428 -5.503333 -4.675975 -1.668474 1.286518 2.942953
    21 6.028145 0.000000 0.000000 1.288351 0.815857 -1.274294
    22 11.692554 0.000001 0.000002 0.000000 0.000000 -1.378743
    23 11.481699 0.000001 0.000001 -1.300634 0.430301 0.065431
    24 3.859680 -0.132567 1.193109 0.536729 -0.101798 -1.218541
    25 1.312555 -0.000002 0.000002 0.042006 -0.102049 -0.576371
    26 0.729365 0.000000 -0.000001 -0.061697 -0.263039 -0.832918
    27 3.942307 0.050327 0.431044 0.111488 -0.034680 -1.109728
    28 1.539099 -0.000002 0.000000 0.016742 -0.013650 -0.727313
    29 1.196321 0.000010 0.000000 0.000419 0.006028 -0.877968
    30 3.883659 -0.050321 -0.431042 -0.085905 -0.026404 -0.587695
    31 1.719578 0.000002 0.000000 0.008689 -0.002964 -1.093064
    32 1.209185 0.000002 0.000000 0.001151 -0.004054 -0.366481
    33 3.859840 -0.148937 -1.331282 -0.319903 0.154266 -0.194591
    34 1.719421 0.000002 0.000000 0.001031 -0.012713 -0.694235
    35 1.099669 0.000002 -0.000001 0.001558 0.001398 -0.447626
    36 0.950558 -1.145017 -1.396461 1.227176 0.808760 -0.779260
    37 1.789782 0.000000 -0.000004 -0.003883 0.010259 0.059969
    38 1.206999 0.000002 0.000000 -0.001390 -0.000156 0.282471
    39 -5.190095 -16.555129 1.560399 0.471298 -0.009782 -0.039584
    40 0.025545 -1.273521 1.753304 0.000000 0.000000 0.000000
    41 0.001032 1.440453 -1.526783 0.000000 0.000000 0.000000
    42 0.004413 0.696487 -1.430595 0.000000 0.000000 0.000000
    43 0.580660 0.349014 -1.430595 0.000000 0.000000 0.000000
    44 0.583444 -0.305904 -1.430599 0.000000 0.000000 0.000000
    45 0.005318 -0.648720 -1.430599 0.000000 0.000000 0.000000
    46 -0.574618 -0.303123 -1.430601 0.000000 0.000000 0.000000
    47 -0.573714 0.348118 -1.430595 0.000000 0.000000 0.000000
    48 -0.029968 -0.059296 1.773438 -1.561870 -0.003783 0.018306
    49 0.041163 0.095589 -2.899426 -0.781108 -0.013985 0.002645
    50 0.081115 -2.496311 -0.915165 0.000000 0.000000 0.000000
    51 4.863281 2.800781 -18.203125 1.570792 0.000003 -0.000003
  time 43
    0 0.000000 -0.000006 0.000000 -1.570781 -1.391896 -1.570809
    1 1.208984 -4.433594 3.550781 1.596637 -1.286515 2.942961
    2 6.028141 0.000000 0.000000 -1.195109 0.288824 -1.112448
    3 11.692554 0.000001 0.000000 -0.000042 0.000042 -1.457059
    4 11.481670 0.000001 -0.000031 0.584912 -0.244611 0.261263
    5 3.859711 -0.142405 -1.191975 -0.468133 0.151533 -0.880197
    6 1.312555 -0.000002 0.000000 0.000000 0.000000 -0.439720
    7 0.729363 -0.000002 -0.000002 0.000000 0.000000 -0.244299
    8 3.942337 0.046767 -0.431443 -0.151780 0.073206 -0.810985
    9 1.539097 0.000000 0.000000 0.000000 0.000000 -0.247797
    10 1.196325 -0.000002 -0.000001 0.000000 0.000000 -0.430802
    11 3.883698 -0.046765 0.431443 0.085902 0.021830 -0.587867
    12 1.719570 -0.000004 -0.000001 0.000000 0.005516 -0.366478
    13 1.209169 -0.000004 0.000000 0.000000 0.003084 -0.216400
    14 3.859863 -0.137946 1.332466 0.354449 -0.042750 -0.531718
    15 1.719431 0.000002 0.000000 0.000000 0.004074 -0.363009
    16 1.099667 0.000000 -0.000001 0.000000 0.002596 -0.244331
    17 0.806053 -0.348926 1.321258 -1.222677 -0.679213 -0.788819
    18 1.789778 -0.000002 0.000002 0.000000 0.000000 0.228523
    19 1.207005 0.000000 0.000002 0.000000 0.000000 0.362860
    20 -0.119053 -5.487707 -4.672068 -1.668474 1.286518 2.942953
    21 6.028145 0.000000 0.000000 1.311249 0.803880 -1.255666
    22 11.692554 0.000001 0.000002 0.000000 0.000000 -1.464082
    23 11.481699 0.000001 0.000001 -1.290417 0.469696 0.075614
    24 3.859680 -0.132567 1.193109 0.531516 -0.107515 -1.189752
    25 1.312555 -0.000002 0.000002 0.037859 -0.093576 -0.564494
    26 0.729365 0.000000 -0.000001 -0.062667 -0.239374 -0.781387
    27 3.942307 0.050327 0.431044 0.115287 -0.038012 -1.084084
    28 1.539099 -0.000002 0.000000 0.015065 -0.012812 -0.686097
    29 1.196321 0.000010 0.000000 0.000491 0.005513 -0.839603
    30 3.883659 -0.050321 -0.431042 -0.085905 -0.026404 -0.587695
    31 1.719578 0.000002 0.000000 0.008114 -0.003636 -1.030049
    32 1.209185 0.000002 0.000000 0.001055 -0.004089 -0.353665
    33 3.859840 -0.148937 -1.331282 -0.320742 0.152517 -0.200023
    34 1.719421 0.000002 0.000000 0.001031 -0.012605 -0.692469
    35 1.099669 0.000002 -0.000001 0.001546 0.001374 -0.444396
    36 0.950558 -1.145017 -1.396461 1.227543 0.808058 -0.778915
    37 1.789782 0.000000 -0.000004 -0.003859 0.010211 0.060969
    38 1.206999 0.000002 0.000000 -0.001378 -0.000144 0.282943
    39 -5.158844 -16.226994 1.962755 0.257375 -0.018320 -0.032629
    40 0.025545 -1.273521 1.753304 0.000000 0.000000 0.000000
    41 0.001032 1.440453 -1.526783 0.000000 0.000000 0.000000
    42 0.004413 0.696487 -1.430595 0.000000 0.000000 0.000000
    43 0.580660 0.349014 -1.430595 0.000000 0.000000 0.000000
    44 0.583444 -0.305904 -1.430599 0.000000 0.000000 0.000000
    45 0.005318 -0.648720 -1.430599 0.000000 0.000000 0.000000
    46 -0.574618 -0.303123 -1.430601 0.000000 0.000000 0.000000
    47 -0.573714 0.348118 -1.430595 0.000000 0.000000 0.000000
    48 -0.029968 -0.059296 1.773438 -1.561870 -0.003783 0.018306
    49 0.041163 0.095589 -2.899426 -0.781108 -0.013985 0.002645
    50 0.081115 -2.496311 -0.915165 0.000000 0.000000 0.000000
    51 4.863281 2.800781 -18.203125 1.570792 0.000003 -0.000003
  time 44
    0 0.000000 -0.000006 0.000000 -1.570781 -1.391896 -1.570809
    1 1.208984 -4.433594 3.550781 1.596637 -1.286515 2.942961
    2 6.028141 0.000000 0.000000 -1.195109 0.288824 -1.112448
    3 11.692554 0.000001 0.000000 -0.000042 0.000042 -1.457059
    4 11.481670 0.000001 -0.000031 0.584912 -0.244611 0.261263
    5 3.859711 -0.142405 -1.191975 -0.468133 0.151533 -0.880197
    6 1.312555 -0.000002 0.000000 0.000000 0.000000 -0.439720
    7 0.729363 -0.000002 -0.000002 0.000000 0.000000 -0.244299
    8 3.942337 0.046767 -0.431443 -0.151780 0.073206 -0.810985
    9 1.539097 0.000000 0.000000 0.000000 0.000000 -0.247797
    10 1.196325 -0.000002 -0.000001 0.000000 0.000000 -0.430802
    11 3.883698 -0.046765 0.431443 0.085902 0.021830 -0.587867
    12 1.719570 -0.000004 -0.000001 0.000000 0.005516 -0.366478
    13 1.209169 -0.000004 0.000000 0.000000 0.003084 -0.216400
    14 3.859863 -0.137946 1.332466 0.354449 -0.042750 -0.531718
    15 1.719431 0.000002 0.000000 0.000000 0.004074 -0.363009
    16 1.099667 0.000000 -0.000001 0.000000 0.002596 -0.244331
    17 0.806053 -0.348926 1.321258 -1.222677 -0.679213 -0.788819
    18 1.789778 -0.000002 0.000002 0.000000 0.000000 0.228523
    19 1.207005 0.000000 0.000002 0.000000 0.000000 0.362860
    20 -0.130773 -5.472082 -4.668162 -1.668474 1.286518 2.942953
    21 6.028145 0.000000 0.000000 1.343535 0.791664 -1.231205
    22 11.692554 0.000001 0.000002 0.000000 0.000000 -1.554299
    23 11.481699 0.000001 0.000001 -1.276191 0.489394 0.113145
    24 3.859680 -0.132567 1.193109 0.526027 -0.113160 -1.160372
    25 1.312555 -0.000002 0.000002 0.033761 -0.084911 -0.552464
    26 0.729365 0.000000 -0.000001 -0.062356 -0.215230 -0.729184
    27 3.942307 0.050327 0.431044 0.119062 -0.041499 -1.057987
    28 1.539099 -0.000002 0.000000 0.013399 -0.011889 -0.644150
    29 1.196321 0.000010 0.000000 0.000539 0.004974 -0.800560
    30 3.883659 -0.050321 -0.431042 -0.085905 -0.026404 -0.587695
    31 1.719578 0.000002 0.000000 0.007466 -0.004283 -0.965754
    32 1.209185 0.000002 0.000000 0.000959 -0.004137 -0.340648
    33 3.859840 -0.148937 -1.331282 -0.321581 0.150755 -0.205517
    34 1.719421 0.000002 0.000000 0.001031 -0.012509 -0.690673
    35 1.099669 0.000002 -0.000001 0.001546 0.001350 -0.441121
    36 0.950558 -1.145017 -1.396461 1.227934 0.807301 -0.778569
    37 1.789782 0.000000 -0.000004 -0.003823 0.010151 0.062054
    38 1.206999 0.000002 0.000000 -0.001366 -0.000144 0.283443
    39 -5.119780 -15.996518 2.275264 0.032541 -0.025467 -0.023588
    40 0.025545 -1.273521 1.753304 0.000000 0.000000 0.000000
    41 0.001032 1.440453 -1.526783 0.000000 0.000000 0.000000
    42 0.004413 0.696487 -1.430595 0.000000 0.000000 0.000000
    43 0.580660 0.349014 -1.430595 0.000000 0.000000 0.000000
    44 0.583444 -0.305904 -1.430599 0.000000 0.000000 0.000000
    45 0.005318 -0.648720 -1.430599 0.000000 0.000000 0.000000
    46 -0.574618 -0.303123 -1.430601 0.000000 0.000000 0.000000
    47 -0.573714 0.348118 -1.430595 0.000000 0.000000 0.000000
    48 -0.029968 -0.059296 1.773438 -1.561870 -0.003783 0.018306
    49 0.041163 0.095589 -2.899426 -0.781108 -0.013985 0.002645
    50 0.081115 -2.496311 -0.915165 0.000000 0.000000 0.000000
    51 4.863281 2.800781 -18.203125 1.570792 0.000003 -0.000003
  time 45
    0 0.000000 -0.000006 0.000000 -1.570781 -1.391896 -1.570809
    1 1.208984 -4.433594 3.550781 1.596637 -1.286515 2.942961
    2 6.028141 0.000000 0.000000 -1.195109 0.288824 -1.112448
    3 11.692554 0.000001 0.000000 -0.000042 0.000042 -1.457059
    4 11.481670 0.000001 -0.000031 0.584912 -0.244611 0.261263
    5 3.859711 -0.142405 -1.191975 -0.468133 0.151533 -0.880197
    6 1.312555 -0.000002 0.000000 0.000000 0.000000 -0.439720
    7 0.729363 -0.000002 -0.000002 0.000000 0.000000 -0.244299
    8 3.942337 0.046767 -0.431443 -0.151780 0.073206 -0.810985
    9 1.539097 0.000000 0.000000 0.000000 0.000000 -0.247797
    10 1.196325 -0.000002 -0.000001 0.000000 0.000000 -0.430802
    11 3.883698 -0.046765 0.431443 0.085902 0.021830 -0.587867
    12 1.719570 -0.000004 -0.000001 0.000000 0.005516 -0.366478
    13 1.209169 -0.000004 0.000000 0.000000 0.003084 -0.216400
    14 3.859863 -0.137946 1.332466 0.354449 -0.042750 -0.531718
    15 1.719431 0.000002 0.000000 0.000000 0.004074 -0.363009
    16 1.099667 0.000000 -0.000001 0.000000 0.002596 -0.244331
    17 0.806053 -0.348926 1.321258 -1.222677 -0.679213 -0.788819
    18 1.789778 -0.000002 0.000002 0.000000 0.000000 0.228523
    19 1.207005 0.000000 0.000002 0.000000 0.000000 0.362860
    20 -0.142492 -5.456456 -4.664256 -1.668474 1.286518 2.942953
    21 6.028145 0.000000 0.000000 1.383295 0.781833 -1.202698
    22 11.692554 0.000001 0.000002 0.000000 0.000000 -1.643185
    23 11.481699 0.000001 0.000001 -1.257054 0.492238 0.171041
    24 3.859680 -0.132567 1.193109 0.520358 -0.118673 -1.130803
    25 1.312555 -0.000002 0.000002 0.029746 -0.076150 -0.540409
    26 0.729365 0.000000 -0.000001 -0.060750 -0.190972 -0.676918
    27 3.942307 0.050327 0.431044 0.122777 -0.045107 -1.031765
    28 1.539099 -0.000002 0.000000 0.011757 -0.010882 -0.601990
    29 1.196321 0.000010 0.000000 0.000575 0.004446 -0.761252
    30 3.883659 -0.050321 -0.431042 -0.085905 -0.026404 -0.587695
    31 1.719578 0.000002 0.000000 0.006783 -0.004894 -0.901043
    32 1.209185 0.000002 0.000000 0.000863 -0.004173 -0.327555
    33 3.859840 -0.148937 -1.331282 -0.322408 0.148969 -0.211072
    34 1.719421 0.000002 0.000000 0.001031 -0.012401 -0.688815
    35 1.099669 0.000002 -0.000001 0.001534 0.001326 -0.437800
    36 0.950558 -1.145017 -1.396461 1.228347 0.806455 -0.778167
    37 1.789782 0.000000 -0.000004 -0.003799 0.010091 0.063282
    38 1.206999 0.000002 0.000000 -0.001366 -0.000132 0.284026
    39 -5.076810 -15.898859 2.517459 -0.201003 -0.030571 -0.012721
    40 0.025545 -1.273521 1.753304 0.000000 0.000000 0.000000
    41 0.001032 1.440453 -1.526783 0.000000 0.000000 0.000000
    42 0.004413 0.696487 -1.430595 0.000000 0.000000 0.000000
    43 0.580660 0.349014 -1.430595 0.000000 0.000000 0.000000
    44 0.583444 -0.305904 -1.430599 0.000000 0.000000 0.000000
    45 0.005318 -0.648720 -1.430599 0.000000 0.000000 0.000000
    46 -0.574618 -0.303123 -1.430601 0.000000 0.000000 0.000000
    47 -0.573714 0.348118 -1.430595 0.000000 0.000000 0.000000
    48 -0.029968 -0.059296 1.773438 -1.561870 -0.003783 0.018306
    49 0.041163 0.095589 -2.899426 -0.781108 -0.013985 0.002645
    50 0.081115 -2.496311 -0.915165 0.000000 0.000000 0.000000
    51 4.863281 2.800781 -18.203125 1.570792 0.000003 -0.000003
  time 46
    0 0.000000 -0.000006 0.000000 -1.570781 -1.391896 -1.570809
    1 1.208984 -4.433594 3.550781 1.596637 -1.286515 2.942961
    2 6.028141 0.000000 0.000000 -1.195109 0.288824 -1.112448
    3 11.692554 0.000001 0.000000 -0.000042 0.000042 -1.457059
    4 11.481670 0.000001 -0.000031 0.584912 -0.244611 0.261263
    5 3.859711 -0.142405 -1.191975 -0.468133 0.151533 -0.880197
    6 1.312555 -0.000002 0.000000 0.000000 0.000000 -0.439720
    7 0.729363 -0.000002 -0.000002 0.000000 0.000000 -0.244299
    8 3.942337 0.046767 -0.431443 -0.151780 0.073206 -0.810985
    9 1.539097 0.000000 0.000000 0.000000 0.000000 -0.247797
    10 1.196325 -0.000002 -0.000001 0.000000 0.000000 -0.430802
    11 3.883698 -0.046765 0.431443 0.085902 0.021830 -0.587867
    12 1.719570 -0.000004 -0.000001 0.000000 0.005516 -0.366478
    13 1.209169 -0.000004 0.000000 0.000000 0.003084 -0.216400
    14 3.859863 -0.137946 1.332466 0.354449 -0.042750 -0.531718
    15 1.719431 0.000002 0.000000 0.000000 0.004074 -0.363009
    16 1.099667 0.000000 -0.000001 0.000000 0.002596 -0.244331
    17 0.806053 -0.348926 1.321258 -1.222677 -0.679213 -0.788819
    18 1.789778 -0.000002 0.000002 0.000000 0.000000 0.228523
    19 1.207005 0.000000 0.000002 0.000000 0.000000 0.362860
    20 -0.158117 -5.440831 -4.656443 -1.668474 1.286518 2.942953
    21 6.028145 0.000000 0.000000 1.428994 0.776584 -1.171652
    22 11.692554 0.000001 0.000002 0.000000 0.000000 -1.724904
    23 11.481699 0.000001 0.000001 -1.234191 0.481161 0.241205
    24 3.859680 -0.132567 1.193109 0.514546 -0.123994 -1.101342
    25 1.312555 -0.000002 0.000002 0.025851 -0.067389 -0.528481
    26 0.729365 0.000000 -0.000001 -0.057886 -0.166992 -0.625162
    27 3.942307 0.050327 0.431044 0.126360 -0.048786 -1.005693
    28 1.539099 -0.000002 0.000000 0.010175 -0.009827 -0.560043
    29 1.196321 0.000010 0.000000 0.000575 0.003907 -0.722210
    30 3.883659 -0.050321 -0.431042 -0.085905 -0.026404 -0.587695
    31 1.719578 0.000002 0.000000 0.006064 -0.005445 -0.836782
    32 1.209185 0.000002 0.000000 0.000767 -0.004221 -0.314537
    33 3.859840 -0.148937 -1.331282 -0.323247 0.147171 -0.216688
    34 1.719421 0.000002 0.000000 0.001031 -0.012306 -0.686897
    35 1.099669 0.000002 -0.000001 0.001522 0.001302 -0.434479
    36 0.950558 -1.145017 -1.396461 1.228760 0.805519 -0.777706
    37 1.789782 0.000000 -0.000004 -0.003763 0.010031 0.064596
    38 1.206999 0.000002 0.000000 -0.001354 -0.000132 0.284665
    39 -5.029934 -15.949641 2.724497 -0.441821 -0.033031 -0.000551
    40 0.025545 -1.273521 1.753304 0.000000 0.000000 0.000000
    41 0.001032 1.440453 -1.526783 0.000000 0.000000 0.000000
    42 0.004413 0.696487 -1.430595 0.000000 0.000000 0.000000
    43 0.580660 0.349014 -1.430595 0.000000 0.000000 0.000000
    44 0.583444 -0.305904 -1.430599 0.000000 0.000000 0.000000
    45 0.005318 -0.648720 -1.430599 0.000000 0.000000 0.000000
    46 -0.574618 -0.303123 -1.430601 0.000000 0.000000 0.000000
    47 -0.573714 0.348118 -1.430595 0.000000 0.000000 0.000000
    48 -0.029968 -0.059296 1.773438 -1.561870 -0.003783 0.018306
    49 0.041163 0.095589 -2.899426 -0.781108 -0.013985 0.002645
    50 0.081115 -2.496311 -0.915165 0.000000 0.000000 0.000000
    51 4.863281 2.800781 -18.203125 1.570792 0.000003 -0.000003
  time 47
    0 0.000000 -0.000006 0.000000 -1.570781 -1.391896 -1.570809
    1 1.208984 -4.433594 3.550781 1.596637 -1.286515 2.942961
    2 6.028141 0.000000 0.000000 -1.195109 0.288824 -1.112448
    3 11.692554 0.000001 0.000000 -0.000042 0.000042 -1.457059
    4 11.481670 0.000001 -0.000031 0.584912 -0.244611 0.261263
    5 3.859711 -0.142405 -1.191975 -0.468133 0.151533 -0.880197
    6 1.312555 -0.000002 0.000000 0.000000 0.000000 -0.439720
    7 0.729363 -0.000002 -0.000002 0.000000 0.000000 -0.244299
    8 3.942337 0.046767 -0.431443 -0.151780 0.073206 -0.810985
    9 1.539097 0.000000 0.000000 0.000000 0.000000 -0.247797
    10 1.196325 -0.000002 -0.000001 0.000000 0.000000 -0.430802
    11 3.883698 -0.046765 0.431443 0.085902 0.021830 -0.587867
    12 1.719570 -0.000004 -0.000001 0.000000 0.005516 -0.366478
    13 1.209169 -0.000004 0.000000 0.000000 0.003084 -0.216400
    14 3.859863 -0.137946 1.332466 0.354449 -0.042750 -0.531718
    15 1.719431 0.000002 0.000000 0.000000 0.004074 -0.363009
    16 1.099667 0.000000 -0.000001 0.000000 0.002596 -0.244331
    17 0.806053 -0.348926 1.321258 -1.222677 -0.679213 -0.788819
    18 1.789778 -0.000002 0.000002 0.000000 0.000000 0.228523
    19 1.207005 0.000000 0.000002 0.000000 0.000000 0.362860
    20 -0.169836 -5.425205 -4.652537 -1.668474 1.286518 2.942953
    21 6.028145 0.000000 0.000000 1.479005 0.776727 -1.138629
    22 11.692554 0.000001 0.000002 0.000000 0.000000 -1.795467
    23 11.481699 0.000001 0.000001 -1.209635 0.459567 0.315200
    24 3.859680 -0.132567 1.193109 0.508673 -0.129051 -1.072311
    25 1.312555 -0.000002 0.000002 0.022135 -0.058737 -0.516783
    26 0.729365 0.000000 -0.000001 -0.053883 -0.143642 -0.574494
    27 3.942307 0.050327 0.431044 0.129800 -0.052501 -0.980099
    28 1.539099 -0.000002 0.000000 0.008665 -0.008713 -0.518857
    29 1.196321 0.000010 0.000000 0.000563 0.003392 -0.683845
    30 3.883659 -0.050321 -0.431042 -0.085905 -0.026404 -0.587695
    31 1.719578 0.000002 0.000000 0.005333 -0.005949 -0.773733
    32 1.209185 0.000002 0.000000 0.000659 -0.004257 -0.301747
    33 3.859840 -0.148937 -1.331282 -0.324074 0.145338 -0.222335
    34 1.719421 0.000002 0.000000 0.001031 -0.012198 -0.684918
    35 1.099669 0.000002 -0.000001 0.001522 0.001278 -0.431112
    36 0.950558 -1.145017 -1.396461 1.229197 0.804528 -0.777246
    37 1.789782 0.000000 -0.000004 -0.003715 0.009959 0.066024
    38 1.206999 0.000002 0.000000 -0.001342 -0.000132 0.285332
    39 -4.979151 -16.164492 2.943253 -0.688956 -0.032474 0.012142
    40 0.025545 -1.273521 1.753304 0.000000 0.000000 0.000000
    41 0.001032 1.440453 -1.526783 0.000000 0.000000 0.000000
    42 0.004413 0.696487 -1.430595 0.000000 0.000000 0.000000
    43 0.580660 0.349014 -1.430595 0.000000 0.000000 0.000000
    44 0.583444 -0.305904 -1.430599 0.000000 0.000000 0.000000
    45 0.005318 -0.648720 -1.430599 0.000000 0.000000 0.000000
    46 -0.574618 -0.303123 -1.430601 0.000000 0.000000 0.000000
    47 -0.573714 0.348118 -1.430595 0.000000 0.000000 0.000000
    48 -0.029968 -0.059296 1.773438 -1.561870 -0.003783 0.018306
    49 0.041163 0.095589 -2.899426 -0.781108 -0.013985 0.002645
    50 0.081115 -2.496311 -0.915165 0.000000 0.000000 0.000000
    51 4.863281 2.800781 -18.203125 1.570792 0.000003 -0.000003
  time 48
    0 0.000000 -0.000006 0.000000 -1.570781 -1.391896 -1.570809
    1 1.208984 -4.433594 3.550781 1.596637 -1.286515 2.942961
    2 6.028141 0.000000 0.000000 -1.195109 0.288824 -1.112448
    3 11.692554 0.000001 0.000000 -0.000042 0.000042 -1.457059
    4 11.481670 0.000001 -0.000031 0.584912 -0.244611 0.261263
    5 3.859711 -0.142405 -1.191975 -0.468133 0.151533 -0.880197
    6 1.312555 -0.000002 0.000000 0.000000 0.000000 -0.439720
    7 0.729363 -0.000002 -0.000002 0.000000 0.000000 -0.244299
    8 3.942337 0.046767 -0.431443 -0.151780 0.073206 -0.810985
    9 1.539097 0.000000 0.000000 0.000000 0.000000 -0.247797
    10 1.196325 -0.000002 -0.000001 0.000000 0.000000 -0.430802
    11 3.883698 -0.046765 0.431443 0.085902 0.021830 -0.587867
    12 1.719570 -0.000004 -0.000001 0.000000 0.005516 -0.366478
    13 1.209169 -0.000004 0.000000 0.000000 0.003084 -0.216400
    14 3.859863 -0.137946 1.332466 0.354449 -0.042750 -0.531718
    15 1.719431 0.000002 0.000000 0.000000 0.004074 -0.363009
    16 1.099667 0.000000 -0.000001 0.000000 0.002596 -0.244331
    17 0.806053 -0.348926 1.321258 -1.222677 -0.679213 -0.788819
    18 1.789778 -0.000002 0.000002 0.000000 0.000000 0.228523
    19 1.207005 0.000000 0.000002 0.000000 0.000000 0.362860
    20 -0.185462 -5.409580 -4.648630 -1.668474 1.286518 2.942953
    21 6.028145 0.000000 0.000000 1.530931 0.782358 -1.104666
    22 11.692554 0.000001 0.000002 0.000000 0.000000 -1.851473
    23 11.481699 0.000001 0.000001 -1.185982 0.431551 0.384637
    24 3.859680 -0.132567 1.193109 0.502837 -0.133809 -1.044114
    25 1.312555 -0.000002 0.000002 0.018624 -0.050275 -0.505442
    26 0.729365 0.000000 -0.000001 -0.048885 -0.121249 -0.525520
    27 3.942307 0.050327 0.431044 0.133036 -0.056181 -0.955210
    28 1.539099 -0.000002 0.000000 0.007239 -0.007586 -0.478921
    29 1.196321 0.000010 0.000000 0.000539 0.002876 -0.646600
    30 3.883659 -0.050321 -0.431042 -0.085905 -0.026404 -0.587695
    31 1.719578 0.000002 0.000000 0.004590 -0.006392 -0.712794
    32 1.209185 0.000002 0.000000 0.000563 -0.004293 -0.289309
    33 3.859840 -0.148937 -1.331282 -0.324901 0.143504 -0.228013
    34 1.719421 0.000002 0.000000 0.001031 -0.012090 -0.682878
    35 1.099669 0.000002 -0.000001 0.001510 0.001254 -0.427723
    36 0.950558 -1.145017 -1.396461 1.229656 0.803466 -0.776757
    37 1.789782 0.000000 -0.000004 -0.003679 0.009875 0.067566
    38 1.206999 0.000002 0.000000 -0.001330 -0.000120 0.286054
    39 -4.920556 -16.531690 3.208886 -0.941356 -0.028715 0.024573
    40 0.025545 -1.273521 1.753304 0.000000 0.000000 0.000000
    41 0.001032 1.440453 -1.526783 0.000000 0.000000 0.000000
    42 0.004413 0.696487 -1.430595 0.000000 0.000000 0.000000
    43 0.580660 0.349014 -1.430595 0.000000 0.000000 0.000000
    44 0.583444 -0.305904 -1.430599 0.000000 0.000000 0.000000
    45 0.005318 -0.648720 -1.430599 0.000000 0.000000 0.000000
    46 -0.574618 -0.303123 -1.430601 0.000000 0.000000 0.000000
    47 -0.573714 0.348118 -1.430595 0.000000 0.000000 0.000000
    48 -0.029968 -0.059296 1.773438 -1.561870 -0.003783 0.018306
    49 0.041163 0.095589 -2.899426 -0.781108 -0.013985 0.002645
    50 0.081115 -2.496311 -0.915165 0.000000 0.000000 0.000000
    51 4.863281 2.800781 -18.203125 1.570792 0.000003 -0.000003
  time 49
    0 0.000000 -0.000006 0.000000 -1.570781 -1.391896 -1.570809
    1 1.208984 -4.433594 3.550781 1.596637 -1.286515 2.942961
    2 6.028141 0.000000 0.000000 -1.195109 0.288824 -1.112448
    3 11.692554 0.000001 0.000000 -0.000042 0.000042 -1.457059
    4 11.481670 0.000001 -0.000031 0.584912 -0.244611 0.261263
    5 3.859711 -0.142405 -1.191975 -0.468133 0.151533 -0.880197
    6 1.312555 -0.000002 0.000000 0.000000 0.000000 -0.439720
    7 0.729363 -0.000002 -0.000002 0.000000 0.000000 -0.244299
    8 3.942337 0.046767 -0.431443 -0.151780 0.073206 -0.810985
    9 1.539097 0.000000 0.000000 0.000000 0.000000 -0.247797
    10 1.196325 -0.000002 -0.000001 0.000000 0.000000 -0.430802
    11 3.883698 -0.046765 0.431443 0.085902 0.021830 -0.587867
    12 1.719570 -0.000004 -0.000001 0.000000 0.005516 -0.366478
    13 1.209169 -0.000004 0.000000 0.000000 0.003084 -0.216400
    14 3.859863 -0.137946 1.332466 0.354449 -0.042750 -0.531718
    15 1.719431 0.000002 0.000000 0.000000 0.004074 -0.363009
    16 1.099667 0.000000 -0.000001 0.000000 0.002596 -0.244331
    17 0.806053 -0.348926 1.321258 -1.222677 -0.679213 -0.788819
    18 1.789778 -0.000002 0.000002 0.000000 0.000000 0.228523
    19 1.207005 0.000000 0.000002 0.000000 0.000000 0.362860
    20 -0.197181 -5.393955 -4.644724 -1.668474 1.286518 2.942953
    21 6.028145 0.000000 0.000000 1.592534 0.780068 -1.064023
    22 11.692554 0.000001 0.000002 0.000000 0.000000 -1.893811
    23 11.481699 0.000001 0.000001 -1.160354 0.396294 0.439915
    24 3.859680 -0.132567 1.193109 0.497108 -0.138196 -1.017045
    25 1.312555 -0.000002 0.000002 0.015352 -0.042138 -0.494612
    26 0.729365 0.000000 -0.000001 -0.043109 -0.100127 -0.478784
    27 3.942307 0.050327 0.431044 0.136068 -0.059788 -0.931404
    28 1.539099 -0.000002 0.000000 0.005932 -0.006448 -0.440691
    29 1.196321 0.000010 0.000000 0.000491 0.002397 -0.610976
    30 3.883659 -0.050321 -0.431042 -0.085905 -0.026404 -0.587695
    31 1.719578 0.000002 0.000000 0.003871 -0.006764 -0.654693
    32 1.209185 0.000002 0.000000 0.000479 -0.004329 -0.277377
    33 3.859840 -0.148937 -1.331282 -0.325728 0.141635 -0.233752
    34 1.719421 0.000002 0.000000 0.001031 -0.011994 -0.680807
    35 1.099669 0.000002 -0.000001 0.001498 0.001230 -0.424310
    36 0.950558 -1.145017 -1.396461 1.230116 0.802313 -0.776268
    37 1.789782 0.000000 -0.000004 -0.003631 0.009791 0.069194
    38 1.206999 0.000002 0.000000 -0.001318 -0.000120 0.286831
    39 -4.854147 -17.039518 3.568272 -1.198350 -0.021847 0.035874
    40 0.025545 -1.273521 1.753304 0.000000 0.000000 0.000000
    41 0.001032 1.440453 -1.526783 0.000000 0.000000 0.000000
    42 0.004413 0.696487 -1.430595 0.000000 0.000000 0.000000
    43 0.580660 0.349014 -1.430595 0.000000 0.000000 0.000000
    44 0.583444 -0.305904 -1.430599 0.000000 0.000000 0.000000
    45 0.005318 -0.648720 -1.430599 0.000000 0.000000 0.000000
    46 -0.574618 -0.303123 -1.430601 0.000000 0.000000 0.000000
    47 -0.573714 0.348118 -1.430595 0.000000 0.000000 0.000000
    48 -0.029968 -0.059296 1.773438 -1.561870 -0.003783 0.018306
    49 0.041163 0.095589 -2.899426 -0.781108 -0.013985 0.002645
    50 0.081115 -2.496311 -0.915165 0.000000 0.000000 0.000000
    51 4.863281 2.800781 -18.203125 1.570792 0.000003 -0.000003
  time 50
    0 0.000000 -0.000006 0.000000 -1.570781 -1.391896 -1.570809
    1 1.208984 -4.433594 3.550781 1.596637 -1.286515 2.942961
    2 6.028141 0.000000 0.000000 -1.195109 0.288824 -1.112448
    3 11.692554 0.000001 0.000000 -0.000042 0.000042 -1.457059
    4 11.481670 0.000001 -0.000031 0.584912 -0.244611 0.261263
    5 3.859711 -0.142405 -1.191975 -0.468133 0.151533 -0.880197
    6 1.312555 -0.000002 0.000000 0.000000 0.000000 -0.439720
    7 0.729363 -0.000002 -0.000002 0.000000 0.000000 -0.244299
    8 3.942337 0.046767 -0.431443 -0.151780 0.073206 -0.810985
    9 1.539097 0.000000 0.000000 0.000000 0.000000 -0.247797
    10 1.196325 -0.000002 -0.000001 0.000000 0.000000 -0.430802
    11 3.883698 -0.046765 0.431443 0.085902 0.021830 -0.587867
    12 1.719570 -0.000004 -0.000001 0.000000 0.005516 -0.366478
    13 1.209169 -0.000004 0.000000 0.000000 0.003084 -0.216400
    14 3.859863 -0.137946 1.332466 0.354449 -0.042750 -0.531718
    15 1.719431 0.000002 0.000000 0.000000 0.004074 -0.363009
    16 1.099667 0.000000 -0.000001 0.000000 0.002596 -0.244331
    17 0.806053 -0.348926 1.321258 -1.222677 -0.679213 -0.788819
    18 1.789778 -0.000002 0.000002 0.000000 0.000000 0.228523
    19 1.207005 0.000000 0.000002 0.000000 0.000000 0.362860
    20 -0.212806 -5.378329 -4.640818 -1.668474 1.286518 2.942953
    21 6.028145 0.000000 0.000000 1.668221 0.756447 -1.015760
    22 11.692554 0.000001 0.000002 0.000000 0.000000 -1.926173
    23 11.481699 0.000001 0.000001 -1.130435 0.350433 0.475070
    24 3.859680 -0.132567 1.193109 0.491595 -0.142210 -0.991428
    25 1.312555 -0.000002 0.000002 0.012332 -0.034396 -0.484370
    26 0.729365 0.000000 -0.000001 -0.036781 -0.080543 -0.434829
    27 3.942307 0.050327 0.431044 0.138836 -0.063263 -0.908880
    28 1.539099 -0.000002 0.000000 0.004722 -0.005333 -0.404653
    29 1.196321 0.000010 0.000000 0.000431 0.001941 -0.577384
    30 3.883659 -0.050321 -0.431042 -0.085905 -0.026404 -0.587695
    31 1.719578 0.000002 0.000000 0.003164 -0.007075 -0.600156
    32 1.209185 0.000002 0.000000 0.000383 -0.004353 -0.266075
    33 3.859840 -0.148937 -1.331282 -0.326543 0.139753 -0.239522
    34 1.719421 0.000002 0.000000 0.001031 -0.011886 -0.678676
    35 1.099669 0.000002 -0.000001 0.001498 0.001194 -0.420874
    36 0.950558 -1.145017 -1.396461 1.230598 0.801107 -0.775721
    37 1.789782 0.000000 -0.000004 -0.003583 0.009707 0.070908
    38 1.206999 0.000002 0.000000 -0.001294 -0.000120 0.287665
    39 -4.783833 -17.656725 4.056569 -1.459268 -0.012148 0.045176
    40 0.025545 -1.273521 1.753304 0.000000 0.000000 0.000000
    41 0.001032 1.440453 -1.526783 0.000000 0.000000 0.000000
    42 0.004413 0.696487 -1.430595 0.000000 0.000000 0.000000
    43 0.580660 0.349014 -1.430595 0.000000 0.000000 0.000000
    44 0.583444 -0.305904 -1.430599 0.000000 0.000000 0.000000
    45 0.005318 -0.648720 -1.430599 0.000000 0.000000 0.000000
    46 -0.574618 -0.303123 -1.430601 0.000000 0.000000 0.000000
    47 -0.573714 0.348118 -1.430595 0.000000 0.000000 0.000000
    48 -0.029968 -0.059296 1.773438 -1.561870 -0.003783 0.018306
    49 0.041163 0.095589 -2.899426 -0.781108 -0.013985 0.002645
    50 0.081115 -2.496311 -0.915165 0.000000 0.000000 0.000000
    51 4.863281 2.800781 -18.203125 1.570792 0.000003 -0.000003
  time 51
    0 0.000000 -0.000006 0.000000 -1.570781 -1.391896 -1.570809
    1 1.208984 -4.433594 3.550781 1.596637 -1.286515 2.942961
    2 6.028141 0.000000 0.000000 -1.195109 0.288824 -1.112448
    3 11.692554 0.000001 0.000000 -0.000042 0.000042 -1.457059
    4 11.481670 0.000001 -0.000031 0.584912 -0.244611 0.261263
    5 3.859711 -0.142405 -1.191975 -0.468133 0.151533 -0.880197
    6 1.312555 -0.000002 0.000000 0.000000 0.000000 -0.439720
    7 0.729363 -0.000002 -0.000002 0.000000 0.000000 -0.244299
    8 3.942337 0.046767 -0.431443 -0.151780 0.073206 -0.810985
    9 1.539097 0.000000 0.000000 0.000000 0.000000 -0.247797
    10 1.196325 -0.000002 -0.000001 0.000000 0.000000 -0.430802
    11 3.883698 -0.046765 0.431443 0.085902 0.021830 -0.587867
    12 1.719570 -0.000004 -0.000001 0.000000 0.005516 -0.366478
    13 1.209169 -0.000004 0.000000 0.000000 0.003084 -0.216400
    14 3.859863 -0.137946 1.332466 0.354449 -0.042750 -0.531718
    15 1.719431 0.000002 0.000000 0.000000 0.004074 -0.363009
    16 1.099667 0.000000 -0.000001 0.000000 0.002596 -0.244331
    17 0.806053 -0.348926 1.321258 -1.222677 -0.679213 -0.788819
    18 1.789778 -0.000002 0.000002 0.000000 0.000000 0.228523
    19 1.207005 0.000000 0.000002 0.000000 0.000000 0.362860
    20 -0.224525 -5.358797 -4.636911 -1.668474 1.286518 2.942953
    21 6.028145 0.000000 0.000000 1.749177 0.714120 -0.969284
    22 11.692554 0.000001 0.000002 0.000000 0.000000 -1.947231
    23 11.481699 0.000001 0.000001 -1.099443 0.296125 0.487532
    24 3.859680 -0.132567 1.193109 0.486382 -0.145806 -0.967639
    25 1.312555 -0.000002 0.000002 0.009600 -0.027181 -0.474894
    26 0.729365 0.000000 -0.000001 -0.030189 -0.062721 -0.394166
    27 3.942307 0.050327 0.431044 0.141353 -0.066535 -0.887993
    28 1.539099 -0.000002 0.000000 0.003655 -0.004267 -0.371297
    29 1.196321 0.000010 0.000000 0.000360 0.001522 -0.546239
    30 3.883659 -0.050321 -0.431042 -0.085905 -0.026404 -0.587695
    31 1.719578 0.000002 0.000000 0.002505 -0.007339 -0.549876
    32 1.209185 0.000002 0.000000 0.000300 -0.004377 -0.255580
    33 3.859840 -0.148937 -1.331282 -0.327346 0.137859 -0.245322
    34 1.719421 0.000002 0.000000 0.001031 -0.011778 -0.676483
    35 1.099669 0.000002 -0.000001 0.001486 0.001170 -0.417439
    36 0.950558 -1.145017 -1.396461 1.231080 0.799828 -0.775175
    37 1.789782 0.000000 -0.000004 -0.003535 0.009611 0.072735
    38 1.206999 0.000002 0.000000 -0.001282 -0.000108 0.288526
    39 -4.709612 -18.344246 4.697213 4.559273 -0.000222 0.051696
    40 0.025545 -1.273521 1.753304 0.000000 0.000000 0.000000
    41 0.001032 1.440453 -1.526783 0.000000 0.000000 0.000000
    42 0.004413 0.696487 -1.430595 0.000000 0.000000 0.000000
    43 0.580660 0.349014 -1.430595 0.000000 0.000000 0.000000
    44 0.583444 -0.305904 -1.430599 0.000000 0.000000 0.000000
    45 0.005318 -0.648720 -1.430599 0.000000 0.000000 0.000000
    46 -0.574618 -0.303123 -1.430601 0.000000 0.000000 0.000000
    47 -0.573714 0.348118 -1.430595 0.000000 0.000000 0.000000
    48 -0.029968 -0.059296 1.773438 -1.561870 -0.003783 0.018306
    49 0.041163 0.095589 -2.899426 -0.781108 -0.013985 0.002645
    50 0.081115 -2.496311 -0.915165 0.000000 0.000000 0.000000
    51 4.863281 2.800781 -18.203125 1.570792 0.000003 -0.000003
  time 52
    0 0.000000 -0.000006 0.000000 -1.570781 -1.391896 -1.570809
    1 1.208984 -4.433594 3.550781 1.596637 -1.286515 2.942961
    2 6.028141 0.000000 0.000000 -1.195109 0.288824 -1.112448
    3 11.692554 0.000001 0.000000 -0.000042 0.000042 -1.457059
    4 11.481670 0.000001 -0.000031 0.584912 -0.244611 0.261263
    5 3.859711 -0.142405 -1.191975 -0.468133 0.151533 -0.880197
    6 1.312555 -0.000002 0.000000 0.000000 0.000000 -0.439720
    7 0.729363 -0.000002 -0.000002 0.000000 0.000000 -0.244299
    8 3.942337 0.046767 -0.431443 -0.151780 0.073206 -0.810985
    9 1.539097 0.000000 0.000000 0.000000 0.000000 -0.247797
    10 1.196325 -0.000002 -0.000001 0.000000 0.000000 -0.430802
    11 3.883698 -0.046765 0.431443 0.085902 0.021830 -0.587867
    12 1.719570 -0.000004 -0.000001 0.000000 0.005516 -0.366478
    13 1.209169 -0.000004 0.000000 0.000000 0.003084 -0.216400
    14 3.859863 -0.137946 1.332466 0.354449 -0.042750 -0.531718
    15 1.719431 0.000002 0.000000 0.000000 0.004074 -0.363009
    16 1.099667 0.000000 -0.000001 0.000000 0.002596 -0.244331
    17 0.806053 -0.348926 1.321258 -1.222677 -0.679213 -0.788819
    18 1.789778 -0.000002 0.000002 0.000000 0.000000 0.228523
    19 1.207005 0.000000 0.000002 0.000000 0.000000 0.362860
    20 -0.240151 -5.343172 -4.629098 -1.668474 1.286518 2.942953
    21 6.028145 0.000000 0.000000 1.827546 0.658765 -0.931746
    22 11.692554 0.000001 0.000002 0.000000 0.000000 -1.954989
    23 11.481699 0.000001 0.000001 -1.070089 0.236515 0.476233
    24 3.859680 -0.132567 1.193109 0.481564 -0.148958 -0.945973
    25 1.312555 -0.000002 0.000002 0.007167 -0.020590 -0.466287
    26 0.729365 0.000000 -0.000001 -0.023622 -0.046840 -0.357340
    27 3.942307 0.050327 0.431044 0.143570 -0.069567 -0.868992
    28 1.539099 -0.000002 0.000000 0.002709 -0.003260 -0.341017
    29 1.196321 0.000010 0.000000 0.000288 0.001151 -0.517951
    30 3.883659 -0.050321 -0.431042 -0.085905 -0.026404 -0.587695
    31 1.719578 0.000002 0.000000 0.001894 -0.007543 -0.504509
    32 1.209185 0.000002 0.000000 0.000228 -0.004401 -0.246044
    33 3.859840 -0.148937 -1.331282 -0.328149 0.135954 -0.251123
    34 1.719421 0.000002 0.000000 0.001031 -0.011670 -0.674230
    35 1.099669 0.000002 -0.000001 0.001474 0.001134 -0.413958
    36 0.950558 -1.145017 -1.396461 1.231563 0.798496 -0.774599
    37 1.789782 0.000000 -0.000004 -0.003487 0.009516 0.074620
    38 1.206999 0.000002 0.000000 -0.001270 -0.000108 0.289414
    39 -4.627578 -19.055205 5.513644 4.291559 0.013189 0.054913
    40 0.025545 -1.273521 1.753304 0.000000 0.000000 0.000000
    41 0.001032 1.440453 -1.526783 0.000000 0.000000 0.000000
    42 0.004413 0.696487 -1.430595 0.000000 0.000000 0.000000
    43 0.580660 0.349014 -1.430595 0.000000 0.000000 0.000000
    44 0.583444 -0.305904 -1.430599 0.000000 0.000000 0.000000
    45 0.005318 -0.648720 -1.430599 0.000000 0.000000 0.000000
    46 -0.574618 -0.303123 -1.430601 0.000000 0.000000 0.000000
    47 -0.573714 0.348118 -1.430595 0.000000 0.000000 0.000000
    48 -0.029968 -0.059296 1.773438 -1.561870 -0.003783 0.018306
    49 0.041163 0.095589 -2.899426 -0.781108 -0.013985 0.002645
    50 0.081115 -2.496311 -0.915165 0.000000 0.000000 0.000000
    51 4.863281 2.800781 -18.203125 1.570792 0.000003 -0.000003
  time 53
    0 0.000000 -0.000006 0.000000 -1.570781 -1.391896 -1.570809
    1 1.208984 -4.433594 3.550781 1.596637 -1.286515 2.942961
    2 6.028141 0.000000 0.000000 -1.195109 0.288824 -1.112448
    3 11.692554 0.000001 0.000000 -0.000042 0.000042 -1.457059
    4 11.481670 0.000001 -0.000031 0.584912 -0.244611 0.261263
    5 3.859711 -0.142405 -1.191975 -0.468133 0.151533 -0.880197
    6 1.312555 -0.000002 0.000000 0.000000 0.000000 -0.439720
    7 0.729363 -0.000002 -0.000002 0.000000 0.000000 -0.244299
    8 3.942337 0.046767 -0.431443 -0.151780 0.073206 -0.810985
    9 1.539097 0.000000 0.000000 0.000000 0.000000 -0.247797
    10 1.196325 -0.000002 -0.000001 0.000000 0.000000 -0.430802
    11 3.883698 -0.046765 0.431443 0.085902 0.021830 -0.587867
    12 1.719570 -0.000004 -0.000001 0.000000 0.005516 -0.366478
    13 1.209169 -0.000004 0.000000 0.000000 0.003084 -0.216400
    14 3.859863 -0.137946 1.332466 0.354449 -0.042750 -0.531718
    15 1.719431 0.000002 0.000000 0.000000 0.004074 -0.363009
    16 1.099667 0.000000 -0.000001 0.000000 0.002596 -0.244331
    17 0.806053 -0.348926 1.321258 -1.222677 -0.679213 -0.788819
    18 1.789778 -0.000002 0.000002 0.000000 0.000000 0.228523
    19 1.207005 0.000000 0.000002 0.000000 0.000000 0.362860
    20 -0.251870 -5.327546 -4.625192 -1.668474 1.286518 2.942953
    21 6.028145 0.000000 0.000000 1.899017 0.597637 -0.906156
    22 11.692554 0.000001 0.000002 0.000000 0.000000 -1.948192
    23 11.481699 0.000001 0.000001 -1.044065 0.175440 0.442679
    24 3.859680 -0.132567 1.193109 0.477238 -0.151678 -0.926780
    25 1.312555 -0.000002 0.000002 0.005069 -0.014729 -0.458675
    26 0.729365 0.000000 -0.000001 -0.017354 -0.033061 -0.324829
    27 3.942307 0.050327 0.431044 0.145488 -0.072276 -0.852182
    28 1.539099 -0.000002 0.000000 0.001894 -0.002349 -0.314240
    29 1.196321 0.000010 0.000000 0.000216 0.000815 -0.492934
    30 3.883659 -0.050321 -0.431042 -0.085905 -0.026404 -0.587695
    31 1.719578 0.000002 0.000000 0.001354 -0.007686 -0.464610
    32 1.209185 0.000002 0.000000 0.000168 -0.004425 -0.237568
    33 3.859840 -0.148937 -1.331282 -0.328952 0.134024 -0.256985
    34 1.719421 0.000002 0.000000 0.001031 -0.011562 -0.671946
    35 1.099669 0.000002 -0.000001 0.001462 0.001110 -0.410476
    36 0.950558 -1.145017 -1.396461 1.232068 0.797091 -0.774024
    37 1.789782 0.000000 -0.000004 -0.003439 0.009408 0.076620
    38 1.206999 0.000002 0.000000 -0.001258 -0.000108 0.290387
    39 -4.545544 -19.731007 6.501956 4.020782 0.027064 0.054391
    40 0.025545 -1.273521 1.753304 0.000000 0.000000 0.000000
    41 0.001032 1.440453 -1.526783 0.000000 0.000000 0.000000
    42 0.004413 0.696487 -1.430595 0.000000 0.000000 0.000000
    43 0.580660 0.349014 -1.430595 0.000000 0.000000 0.000000
    44 0.583444 -0.305904 -1.430599 0.000000 0.000000 0.000000
    45 0.005318 -0.648720 -1.430599 0.000000 0.000000 0.000000
    46 -0.574618 -0.303123 -1.430601 0.000000 0.000000 0.000000
    47 -0.573714 0.348118 -1.430595 0.000000 0.000000 0.000000
    48 -0.029968 -0.059296 1.773438 -1.561870 -0.003783 0.018306
    49 0.041163 0.095589 -2.899426 -0.781108 -0.013985 0.002645
    50 0.081115 -2.496311 -0.915165 0.000000 0.000000 0.000000
    51 4.863281 2.800781 -18.203125 1.570792 0.000003 -0.000003
  time 54
    0 0.000000 -0.000006 0.000000 -1.570781 -1.391896 -1.570809
    1 1.208984 -4.433594 3.550781 1.596637 -1.286515 2.942961
    2 6.028141 0.000000 0.000000 -1.195109 0.288824 -1.112448
    3 11.692554 0.000001 0.000000 -0.000042 0.000042 -1.457059
    4 11.481670 0.000001 -0.000031 0.584912 -0.244611 0.261263
    5 3.859711 -0.142405 -1.191975 -0.468133 0.151533 -0.880197
    6 1.312555 -0.000002 0.000000 0.000000 0.000000 -0.439720
    7 0.729363 -0.000002 -0.000002 0.000000 0.000000 -0.244299
    8 3.942337 0.046767 -0.431443 -0.151780 0.073206 -0.810985
    9 1.539097 0.000000 0.000000 0.000000 0.000000 -0.247797
    10 1.196325 -0.000002 -0.000001 0.000000 0.000000 -0.430802
    11 3.883698 -0.046765 0.431443 0.085902 0.021830 -0.587867
    12 1.719570 -0.000004 -0.000001 0.000000 0.005516 -0.366478
    13 1.209169 -0.000004 0.000000 0.000000 0.003084 -0.216400
    14 3.859863 -0.137946 1.332466 0.354449 -0.042750 -0.531718
    15 1.719431 0.000002 0.000000 0.000000 0.004074 -0.363009
    16 1.099667 0.000000 -0.000001 0.000000 0.002596 -0.244331
    17 0.806053 -0.348926 1.321258 -1.222677 -0.679213 -0.788819
    18 1.789778 -0.000002 0.000002 0.000000 0.000000 0.228523
    19 1.207005 0.000000 0.000002 0.000000 0.000000 0.362860
    20 -0.267496 -5.308014 -4.621286 -1.668474 1.286518 2.942953
    21 6.028145 0.000000 0.000000 1.961578 0.537892 -0.891573
    22 11.692554 0.000001 0.000002 0.000000 0.000000 -1.927282
    23 11.481699 0.000001 0.000001 -1.021598 0.116950 0.390747
    24 3.859680 -0.132567 1.193109 0.473511 -0.153931 -0.910356
    25 1.312555 -0.000002 0.000002 0.003296 -0.009696 -0.452162
    26 0.729365 0.000000 -0.000001 -0.011673 -0.021524 -0.297145
    27 3.942307 0.050327 0.431044 0.147094 -0.074625 -0.837787
    28 1.539099 -0.000002 0.000000 0.001222 -0.001558 -0.291424
    29 1.196321 0.000010 0.000000 0.000144 0.000527 -0.471601
    30 3.883659 -0.050321 -0.431042 -0.085905 -0.026404 -0.587695
    31 1.719578 0.000002 0.000000 0.000887 -0.007806 -0.430732
    32 1.209185 0.000002 0.000000 0.000108 -0.004449 -0.230302
    33 3.859840 -0.148937 -1.331282 -0.329731 0.132095 -0.262847
    34 1.719421 0.000002 0.000000 0.001031 -0.011455 -0.669571
    35 1.099669 0.000002 -0.000001 0.001462 0.001074 -0.406972
    36 0.950558 -1.145017 -1.396461 1.232551 0.795633 -0.773420
    37 1.789782 0.000000 -0.000004 -0.003380 0.009300 0.078676
    38 1.206999 0.000002 0.000000 -0.001234 -0.000096 0.291359
    39 -4.455698 -20.324775 7.646522 3.747134 0.040475 0.050132
    40 0.025545 -1.273521 1.753304 0.000000 0.000000 0.000000
    41 0.001032 1.440453 -1.526783 0.000000 0.000000 0.000000
    42 0.004413 0.696487 -1.430595 0.000000 0.000000 0.000000
    43 0.580660 0.349014 -1.430595 0.000000 0.000000 0.000000
    44 0.583444 -0.305904 -1.430599 0.000000 0.000000 0.000000
    45 0.005318 -0.648720 -1.430599 0.000000 0.000000 0.000000
    46 -0.574618 -0.303123 -1.430601 0.000000 0.000000 0.000000
    47 -0.573714 0.348118 -1.430595 0.000000 0.000000 0.000000
    48 -0.029968 -0.059296 1.773438 -1.561870 -0.003783 0.018306
    49 0.041163 0.095589 -2.899426 -0.781108 -0.013985 0.002645
    50 0.081115 -2.496311 -0.915165 0.000000 0.000000 0.000000
    51 4.863281 2.800781 -18.203125 1.570792 0.000003 -0.000003
  time 55
    0 0.000000 -0.000006 0.000000 -1.570781 -1.391896 -1.570809
    1 1.208984 -4.433594 3.550781 1.596637 -1.286515 2.942961
    2 6.028141 0.000000 0.000000 -1.195109 0.288824 -1.112448
    3 11.692554 0.000001 0.000000 -0.000042 0.000042 -1.457059
    4 11.481670 0.000001 -0.000031 0.584912 -0.244611 0.261263
    5 3.859711 -0.142405 -1.191975 -0.468133 0.151533 -0.880197
    6 1.312555 -0.000002 0.000000 0.000000 0.000000 -0.439720
    7 0.729363 -0.000002 -0.000002 0.000000 0.000000 -0.244299
    8 3.942337 0.046767 -0.431443 -0.151780 0.073206 -0.810985
    9 1.539097 0.000000 0.000000 0.000000 0.000000 -0.247797
    10 1.196325 -0.000002 -0.000001 0.000000 0.000000 -0.430802
    11 3.883698 -0.046765 0.431443 0.085902 0.021830 -0.587867
    12 1.719570 -0.000004 -0.000001 0.000000 0.005516 -0.366478
    13 1.209169 -0.000004 0.000000 0.000000 0.003084 -0.216400
    14 3.859863 -0.137946 1.332466 0.354449 -0.042750 -0.531718
    15 1.719431 0.000002 0.000000 0.000000 0.004074 -0.363009
    16 1.099667 0.000000 -0.000001 0.000000 0.002596 -0.244331
    17 0.806053 -0.348926 1.321258 -1.222677 -0.679213 -0.788819
    18 1.789778 -0.000002 0.000002 0.000000 0.000000 0.228523
    19 1.207005 0.000000 0.000002 0.000000 0.000000 0.362860
    20 -0.283121 -5.292389 -4.617379 -1.668474 1.286518 2.942953
    21 6.028145 0.000000 0.000000 2.014271 0.484685 -0.885364
    22 11.692554 0.000001 0.000002 0.000000 0.000000 -1.895141
    23 11.481699 0.000001 0.000001 -1.002066 0.064711 0.325722
    24 3.859680 -0.132567 1.193109 0.470443 -0.155705 -0.897023
    25 1.312555 -0.000002 0.000002 0.001893 -0.005609 -0.446875
    26 0.729365 0.000000 -0.000001 -0.006867 -0.012318 -0.274768
    27 3.942307 0.050327 0.431044 0.148376 -0.076542 -0.826135
    28 1.539099 -0.000002 0.000000 0.000695 -0.000899 -0.272933
    29 1.196321 0.000010 0.000000 0.000084 0.000300 -0.454334
    30 3.883659 -0.050321 -0.431042 -0.085905 -0.026404 -0.587695
    31 1.719578 0.000002 0.000000 0.000515 -0.007890 -0.403463
    32 1.209185 0.000002 0.000000 0.000060 -0.004461 -0.224424
    33 3.859840 -0.148937 -1.331282 -0.330510 0.130141 -0.268709
    34 1.719421 0.000002 0.000000 0.001031 -0.011347 -0.667165
    35 1.099669 0.000002 -0.000001 0.001450 0.001038 -0.403445
    36 0.950558 -1.145017 -1.396461 1.233056 0.794102 -0.772815
    37 1.789782 0.000000 -0.000004 -0.003320 0.009192 0.080846
    38 1.206999 0.000002 0.000000 -0.001222 -0.000096 0.292386
    39 -4.365851 -20.785726 8.923905 3.470805 0.052355 0.042308
    40 0.025545 -1.273521 1.753304 0.000000 0.000000 0.000000
    41 0.001032 1.440453 -1.526783 0.000000 0.000000 0.000000
    42 0.004413 0.696487 -1.430595 0.000000 0.000000 0.000000
    43 0.580660 0.349014 -1.430595 0.000000 0.000000 0.000000
    44 0.583444 -0.305904 -1.430599 0.000000 0.000000 0.000000
    45 0.005318 -0.648720 -1.430599 0.000000 0.000000 0.000000
    46 -0.574618 -0.303123 -1.430601 0.000000 0.000000 0.000000
    47 -0.573714 0.348118 -1.430595 0.000000 0.000000 0.000000
    48 -0.029968 -0.059296 1.773438 -1.561870 -0.003783 0.018306
    49 0.041163 0.095589 -2.899426 -0.781108 -0.013985 0.002645
    50 0.081115 -2.496311 -0.915165 0.000000 0.000000 0.000000
    51 4.863281 2.800781 -18.203125 1.570792 0.000003 -0.000003
  time 56
    0 0.000000 -0.000006 0.000000 -1.570781 -1.391896 -1.570809
    1 1.208984 -4.433594 3.550781 1.596637 -1.286515 2.942961
    2 6.028141 0.000000 0.000000 -1.195109 0.288824 -1.112448
    3 11.692554 0.000001 0.000000 -0.000042 0.000042 -1.457059
    4 11.481670 0.000001 -0.000031 0.584912 -0.244611 0.261263
    5 3.859711 -0.142405 -1.191975 -0.468133 0.151533 -0.880197
    6 1.312555 -0.000002 0.000000 0.000000 0.000000 -0.439720
    7 0.729363 -0.000002 -0.000002 0.000000 0.000000 -0.244299
    8 3.942337 0.046767 -0.431443 -0.151780 0.073206 -0.810985
    9 1.539097 0.000000 0.000000 0.000000 0.000000 -0.247797
    10 1.196325 -0.000002 -0.000001 0.000000 0.000000 -0.430802
    11 3.883698 -0.046765 0.431443 0.085902 0.021830 -0.587867
    12 1.719570 -0.000004 -0.000001 0.000000 0.005516 -0.366478
    13 1.209169 -0.000004 0.000000 0.000000 0.003084 -0.216400
    14 3.859863 -0.137946 1.332466 0.354449 -0.042750 -0.531718
    15 1.719431 0.000002 0.000000 0.000000 0.004074 -0.363009
    16 1.099667 0.000000 -0.000001 0.000000 0.002596 -0.244331
    17 0.806053 -0.348926 1.321258 -1.222677 -0.679213 -0.788819
    18 1.789778 -0.000002 0.000002 0.000000 0.000000 0.228523
    19 1.207005 0.000000 0.000002 0.000000 0.000000 0.362860
    20 -0.298746 -5.272857 -4.609567 -1.668474 1.286518 2.942953
    21 6.028145 0.000000 0.000000 2.056426 0.440592 -0.884705
    22 11.692554 0.000001 0.000002 0.000000 0.000000 -1.856645
    23 11.481699 0.000001 0.000001 -0.983945 0.021652 0.252940
    24 3.859680 -0.132567 1.193109 0.468153 -0.156999 -0.887105
    25 1.312555 -0.000002 0.000002 0.000851 -0.002553 -0.442942
    26 0.729365 0.000000 -0.000001 -0.003164 -0.005580 -0.258145
    27 3.942307 0.050327 0.431044 0.149311 -0.077981 -0.817453
    28 1.539099 -0.000002 0.000000 0.000312 -0.000408 -0.259225
    29 1.196321 0.000010 0.000000 0.000036 0.000132 -0.441487
    30 3.883659 -0.050321 -0.431042 -0.085905 -0.026404 -0.587695
    31 1.719578 0.000002 0.000000 0.000228 -0.007938 -0.383254
    32 1.209185 0.000002 0.000000 0.000024 -0.004461 -0.220034
    33 3.859840 -0.148937 -1.331282 -0.331289 0.128188 -0.274632
    34 1.719421 0.000002 0.000000 0.001031 -0.011239 -0.664699
    35 1.099669 0.000002 -0.000001 0.001438 0.001002 -0.399941
    36 0.950558 -1.145017 -1.396461 1.233561 0.792536 -0.772211
    37 1.789782 0.000000 -0.000004 -0.003260 0.009084 0.083045
    38 1.206999 0.000002 0.000000 -0.001198 -0.000096 0.293442
    39 -4.276005 -21.070891 10.287227 3.191893 0.061683 0.031528
    40 0.025545 -1.273521 1.753304 0.000000 0.000000 0.000000
    41 0.001032 1.440453 -1.526783 0.000000 0.000000 0.000000
    42 0.004413 0.696487 -1.430595 0.000000 0.000000 0.000000
    43 0.580660 0.349014 -1.430595 0.000000 0.000000 0.000000
    44 0.583444 -0.305904 -1.430599 0.000000 0.000000 0.000000
    45 0.005318 -0.648720 -1.430599 0.000000 0.000000 0.000000
    46 -0.574618 -0.303123 -1.430601 0.000000 0.000000 0.000000
    47 -0.573714 0.348118 -1.430595 0.000000 0.000000 0.000000
    48 -0.029968 -0.059296 1.773438 -1.561870 -0.003783 0.018306
    49 0.041163 0.095589 -2.899426 -0.781108 -0.013985 0.002645
    50 0.081115 -2.496311 -0.915165 0.000000 0.000000 0.000000
    51 4.863281 2.800781 -18.203125 1.570792 0.000003 -0.000003
  time 57
    0 0.000000 -0.000006 0.000000 -1.570781 -1.391896 -1.570809
    1 1.208984 -4.433594 3.550781 1.596637 -1.286515 2.942961
    2 6.028141 0.000000 0.000000 -1.195109 0.288824 -1.112448
    3 11.692554 0.000001 0.000000 -0.000042 0.000042 -1.457059
    4 11.481670 0.000001 -0.000031 0.584912 -0.244611 0.261263
    5 3.859711 -0.142405 -1.191975 -0.468133 0.151533 -0.880197
    6 1.312555 -0.000002 0.000000 0.000000 0.000000 -0.439720
    7 0.729363 -0.000002 -0.000002 0.000000 0.000000 -0.244299
    8 3.942337 0.046767 -0.431443 -0.151780 0.073206 -0.810985
    9 1.539097 0.000000 0.000000 0.000000 0.000000 -0.247797
    10 1.196325 -0.000002 -0.000001 0.000000 0.000000 -0.430802
    11 3.883698 -0.046765 0.431443 0.085902 0.021830 -0.587867
    12 1.719570 -0.000004 -0.000001 0.000000 0.005516 -0.366478
    13 1.209169 -0.000004 0.000000 0.000000 0.003084 -0.216400
    14 3.859863 -0.137946 1.332466 0.354449 -0.042750 -0.531718
    15 1.719431 0.000002 0.000000 0.000000 0.004074 -0.363009
    16 1.099667 0.000000 -0.000001 0.000000 0.002596 -0.244331
    17 0.806053 -0.348926 1.321258 -1.222677 -0.679213 -0.788819
    18 1.789778 -0.000002 0.000002 0.000000 0.000000 0.228523
    19 1.207005 0.000000 0.000002 0.000000 0.000000 0.362860
    20 -0.310466 -5.257232 -4.605660 -1.668474 1.286518 2.942953
    21 6.028145 0.000000 0.000000 2.082102 0.402465 -0.891479
    22 11.692554 0.000001 0.000002 0.000000 0.000000 -1.818815
    23 11.481699 0.000001 0.000001 -0.966502 -0.010372 0.178897
    24 3.859680 -0.132567 1.193109 0.466727 -0.157802 -0.880922
    25 1.312555 -0.000002 0.000002 0.000216 -0.000647 -0.440515
    26 0.729365 0.000000 -0.000001 -0.000815 -0.001423 -0.247819
    27 3.942307 0.050327 0.431044 0.149886 -0.078879 -0.812042
    28 1.539099 -0.000002 0.000000 0.000072 -0.000108 -0.250696
    29 1.196321 0.000010 0.000000 0.000000 0.000036 -0.433501
    30 3.883659 -0.050321 -0.431042 -0.085905 -0.026404 -0.587695
    31 1.719578 0.000002 0.000000 0.000060 -0.007974 -0.370727
    32 1.209185 0.000002 0.000000 0.000000 -0.004461 -0.217310
    33 3.859840 -0.148937 -1.331282 -0.332044 0.126222 -0.280524
    34 1.719421 0.000002 0.000000 0.001031 -0.011131 -0.662172
    35 1.099669 0.000002 -0.000001 0.001426 0.000966 -0.396414
    36 0.950558 -1.145017 -1.396461 1.234067 0.790897 -0.771578
    37 1.789782 0.000000 -0.000004 -0.003200 0.008964 0.085359
    38 1.206999 0.000002 0.000000 -0.001186 -0.000084 0.294525
    39 -4.182252 -21.160738 11.677895 2.910683 0.067715 0.018401
    40 0.025545 -1.273521 1.753304 0.000000 0.000000 0.000000
    41 0.001032 1.440453 -1.526783 0.000000 0.000000 0.000000
    42 0.004413 0.696487 -1.430595 0.000000 0.000000 0.000000
    43 0.580660 0.349014 -1.430595 0.000000 0.000000 0.000000
    44 0.583444 -0.305904 -1.430599 0.000000 0.000000 0.000000
    45 0.005318 -0.648720 -1.430599 0.000000 0.000000 0.000000
    46 -0.574618 -0.303123 -1.430601 0.000000 0.000000 0.000000
    47 -0.573714 0.348118 -1.430595 0.000000 0.000000 0.000000
    48 -0.029968 -0.059296 1.773438 -1.561870 -0.003783 0.018306
    49 0.041163 0.095589 -2.899426 -0.781108 -0.013985 0.002645
    50 0.081115 -2.496311 -0.915165 0.000000 0.000000 0.000000
    51 4.863281 2.800781 -18.203125 1.570792 0.000003 -0.000003
  time 58
    0 0.000000 -0.000006 0.000000 -1.570781 -1.391896 -1.570809
    1 1.208984 -4.433594 3.550781 1.596637 -1.286515 2.942961
    2 6.028141 0.000000 0.000000 -1.195109 0.288824 -1.112448
    3 11.692554 0.000001 0.000000 -0.000042 0.000042 -1.457059
    4 11.481670 0.000001 -0.000031 0.584912 -0.244611 0.261263
    5 3.859711 -0.142405 -1.191975 -0.468133 0.151533 -0.880197
    6 1.312555 -0.000002 0.000000 0.000000 0.000000 -0.439720
    7 0.729363 -0.000002 -0.000002 0.000000 0.000000 -0.244299
    8 3.942337 0.046767 -0.431443 -0.151780 0.073206 -0.810985
    9 1.539097 0.000000 0.000000 0.000000 0.000000 -0.247797
    10 1.196325 -0.000002 -0.000001 0.000000 0.000000 -0.430802
    11 3.883698 -0.046765 0.431443 0.085902 0.021830 -0.587867
    12 1.719570 -0.000004 -0.000001 0.000000 0.005516 -0.366478
    13 1.209169 -0.000004 0.000000 0.000000 0.003084 -0.216400
    14 3.859863 -0.137946 1.332466 0.354449 -0.042750 -0.531718
    15 1.719431 0.000002 0.000000 0.000000 0.004074 -0.363009
    16 1.099667 0.000000 -0.000001 0.000000 0.002596 -0.244331
    17 0.806053 -0.348926 1.321258 -1.222677 -0.679213 -0.788819
    18 1.789778 -0.000002 0.000002 0.000000 0.000000 0.228523
    19 1.207005 0.000000 0.000002 0.000000 0.000000 0.362860
    20 -0.326091 -5.237700 -4.601754 -1.668474 1.286518 2.942953
    21 6.028145 0.000000 0.000000 2.088712 0.365673 -0.907097
    22 11.692554 0.000001 0.000002 0.000000 0.000000 -1.785861
    23 11.481699 0.000001 0.000001 -0.950131 -0.032872 0.107084
    24 3.859680 -0.132567 1.193109 0.466236 -0.158066 -0.878825
    25 1.312555 -0.000002 0.000002 0.000000 0.000000 -0.439672
    26 0.729365 0.000000 -0.000001 0.000000 0.000000 -0.244271
    27 3.942307 0.050327 0.431044 0.150078 -0.079191 -0.810205
    28 1.539099 -0.000002 0.000000 0.000000 0.000000 -0.247771
    29 1.196321 0.000010 0.000000 0.000000 0.000000 -0.430761
    30 3.883659 -0.050321 -0.431042 -0.085905 -0.026404 -0.587695
    31 1.719578 0.000002 0.000000 0.000000 -0.007974 -0.366437
    32 1.209185 0.000002 0.000000 0.000000 -0.004461 -0.216376
    33 3.859840 -0.148937 -1.331282 -0.332799 0.124245 -0.286448
    34 1.719421 0.000002 0.000000 0.001031 -0.011023 -0.659583
    35 1.099669 0.000002 -0.000001 0.001414 0.000931 -0.392864
    36 0.950558 -1.145017 -1.396461 1.234572 0.789222 -0.770945
    37 1.789782 0.000000 -0.000004 -0.003140 0.008832 0.087701
    38 1.206999 0.000002 0.000000 -0.001162 -0.000084 0.295664
    39 -4.096312 -21.031828 13.041218 2.627367 0.069896 0.003970
    40 0.025545 -1.273521 1.753304 0.000000 0.000000 0.000000
    41 0.001032 1.440453 -1.526783 0.000000 0.000000 0.000000
    42 0.004413 0.696487 -1.430595 0.000000 0.000000 0.000000
    43 0.580660 0.349014 -1.430595 0.000000 0.000000 0.000000
    44 0.583444 -0.305904 -1.430599 0.000000 0.000000 0.000000
    45 0.005318 -0.648720 -1.430599 0.000000 0.000000 0.000000
    46 -0.574618 -0.303123 -1.430601 0.000000 0.000000 0.000000
    47 -0.573714 0.348118 -1.430595 0.000000 0.000000 0.000000
    48 -0.029968 -0.059296 1.773438 -1.561870 -0.003783 0.018306
    49 0.041163 0.095589 -2.899426 -0.781108 -0.013985 0.002645
    50 0.081115 -2.496311 -0.915165 0.000000 0.000000 0.000000
    51 4.863281 2.800781 -18.203125 1.570792 0.000003 -0.000003
  time 59
    0 0.000000 -0.000006 0.000000 -1.570781 -1.391896 -1.570809
    1 1.208984 -4.433594 3.550781 1.596637 -1.286515 2.942961
    2 6.028141 0.000000 0.000000 -1.195109 0.288824 -1.112448
    3 11.692554 0.000001 0.000000 -0.000042 0.000042 -1.457059
    4 11.481670 0.000001 -0.000031 0.584912 -0.244611 0.261263
    5 3.859711 -0.142405 -1.191975 -0.468133 0.151533 -0.880197
    6 1.312555 -0.000002 0.000000 0.000000 0.000000 -0.439720
    7 0.729363 -0.000002 -0.000002 0.000000 0.000000 -0.244299
    8 3.942337 0.046767 -0.431443 -0.151780 0.073206 -0.810985
    9 1.539097 0.000000 0.000000 0.000000 0.000000 -0.247797
    10 1.196325 -0.000002 -0.000001 0.000000 0.000000 -0.430802
    11 3.883698 -0.046765 0.431443 0.085902 0.021830 -0.587867
    12 1.719570 -0.000004 -0.000001 0.000000 0.005516 -0.366478
    13 1.209169 -0.000004 0.000000 0.000000 0.003084 -0.216400
    14 3.859863 -0.137946 1.332466 0.354449 -0.042750 -0.531718
    15 1.719431 0.000002 0.000000 0.000000 0.004074 -0.363009
    16 1.099667 0.000000 -0.000001 0.000000 0.002596 -0.244331
    17 0.806053 -0.348926 1.321258 -1.222677 -0.679213 -0.788819
    18 1.789778 -0.000002 0.000002 0.000000 0.000000 0.228523
    19 1.207005 0.000000 0.000002 0.000000 0.000000 0.362860
    20 -0.341717 -5.222074 -4.597847 -1.668474 1.286518 2.942953
    21 6.028145 0.000000 0.000000 2.080377 0.329549 -0.928359
    22 11.692554 0.000001 0.000002 0.000000 0.000000 -1.757193
    23 11.481699 0.000001 0.000001 -0.935228 -0.047699 0.037695
    24 3.859680 -0.132567 1.193109 0.466236 -0.158066 -0.878825
    25 1.312555 -0.000002 0.000002 0.000000 0.000000 -0.439672
    26 0.729365 0.000000 -0.000001 0.000000 0.000000 -0.244271
    27 3.942307 0.050327 0.431044 0.150078 -0.079191 -0.810205
    28 1.539099 -0.000002 0.000000 0.000000 0.000000 -0.247771
    29 1.196321 0.000010 0.000000 0.000000 0.000000 -0.430761
    30 3.883659 -0.050321 -0.431042 -0.085905 -0.026404 -0.587695
    31 1.719578 0.000002 0.000000 0.000000 -0.007974 -0.366437
    32 1.209185 0.000002 0.000000 0.000000 -0.004461 -0.216376
    33 3.859840 -0.148937 -1.331282 -0.333530 0.122267 -0.292371
    34 1.719421 0.000002 0.000000 0.001031 -0.010915 -0.656934
    35 1.099669 0.000002 -0.000001 0.001402 0.000895 -0.389314
    36 0.950558 -1.145017 -1.396461 1.235077 0.787494 -0.770313
    37 1.789782 0.000000 -0.000004 -0.003080 0.008713 0.090128
    38 1.206999 0.000002 0.000000 -0.001138 -0.000084 0.296830
    39 -4.014278 -20.695880 14.310788 2.342233 0.067901 -0.010548
    40 0.025545 -1.273521 1.753304 0.000000 0.000000 0.000000
    41 0.001032 1.440453 -1.526783 0.000000 0.000000 0.000000
    42 0.004413 0.696487 -1.430595 0.000000 0.000000 0.000000
    43 0.580660 0.349014 -1.430595 0.000000 0.000000 0.000000
    44 0.583444 -0.305904 -1.430599 0.000000 0.000000 0.000000
    45 0.005318 -0.648720 -1.430599 0.000000 0.000000 0.000000
    46 -0.574618 -0.303123 -1.430601 0.000000 0.000000 0.000000
    47 -0.573714 0.348118 -1.430595 0.000000 0.000000 0.000000
    48 -0.029968 -0.059296 1.773438 -1.561870 -0.003783 0.018306
    49 0.041163 0.095589 -2.899426 -0.781108 -0.013985 0.002645
    50 0.081115 -2.496311 -0.915165 0.000000 0.000000 0.000000
    51 4.863281 2.800781 -18.203125 1.570792 0.000003 -0.000003
  time 60
    0 0.000000 -0.000006 0.000000 -1.570781 -1.391896 -1.570809
    1 1.208984 -4.433594 3.550781 1.596637 -1.286515 2.942961
    2 6.028141 0.000000 0.000000 -1.195109 0.288824 -1.112448
    3 11.692554 0.000001 0.000000 -0.000042 0.000042 -1.457059
    4 11.481670 0.000001 -0.000031 0.584912 -0.244611 0.261263
    5 3.859711 -0.142405 -1.191975 -0.468133 0.151533 -0.880197
    6 1.312555 -0.000002 0.000000 0.000000 0.000000 -0.439720
    7 0.729363 -0.000002 -0.000002 0.000000 0.000000 -0.244299
    8 3.942337 0.046767 -0.431443 -0.151780 0.073206 -0.810985
    9 1.539097 0.000000 0.000000 0.000000 0.000000 -0.247797
    10 1.196325 -0.000002 -0.000001 0.000000 0.000000 -0.430802
    11 3.883698 -0.046765 0.431443 0.085902 0.021830 -0.587867
    12 1.719570 -0.000004 -0.000001 0.000000 0.005516 -0.366478
    13 1.209169 -0.000004 0.000000 0.000000 0.003084 -0.216400
    14 3.859863 -0.137946 1.332466 0.354449 -0.042750 -0.531718
    15 1.719431 0.000002 0.000000 0.000000 0.004074 -0.363009
    16 1.099667 0.000000 -0.000001 0.000000 0.002596 -0.244331
    17 0.806053 -0.348926 1.321258 -1.222677 -0.679213 -0.788819
    18 1.789778 -0.000002 0.000002 0.000000 0.000000 0.228523
    19 1.207005 0.000000 0.000002 0.000000 0.000000 0.362860
    20 -0.357342 -5.202542 -4.590035 -1.668474 1.286518 2.942953
    21 6.028145 0.000000 0.000000 2.059970 0.293903 -0.952349
    22 11.692554 0.000001 0.000002 0.000000 0.000000 -1.731850
    23 11.481699 0.000001 0.000001 -0.922526 -0.056104 -0.029608
    24 3.859680 -0.132567 1.193109 0.466236 -0.158066 -0.878825
    25 1.312555 -0.000002 0.000002 0.000000 0.000000 -0.439672
    26 0.729365 0.000000 -0.000001 0.000000 0.000000 -0.244271
    27 3.942307 0.050327 0.431044 0.150078 -0.079191 -0.810205
    28 1.539099 -0.000002 0.000000 0.000000 0.000000 -0.247771
    29 1.196321 0.000010 0.000000 0.000000 0.000000 -0.430761
    30 3.883659 -0.050321 -0.431042 -0.085905 -0.026404 -0.587695
    31 1.719578 0.000002 0.000000 0.000000 -0.007974 -0.366437
    32 1.209185 0.000002 0.000000 0.000000 -0.004461 -0.216376
    33 3.859840 -0.148937 -1.331282 -0.334261 0.120290 -0.298294
    34 1.719421 0.000002 0.000000 0.001031 -0.010807 -0.654224
    35 1.099669 0.000002 -0.000001 0.001390 0.000859 -0.385786
    36 0.950558 -1.145017 -1.396461 1.235560 0.785711 -0.769680
    37 1.789782 0.000000 -0.000004 -0.003020 0.008581 0.092641
    38 1.206999 0.000002 0.000000 -0.001127 -0.000072 0.298024
    39 -3.936151 -20.176333 15.420197 2.055568 0.061915 -0.024023
    40 0.025545 -1.273521 1.753304 0.000000 0.000000 0.000000
    41 0.001032 1.440453 -1.526783 0.000000 0.000000 0.000000
    42 0.004413 0.696487 -1.430595 0.000000 0.000000 0.000000
    43 0.580660 0.349014 -1.430595 0.000000 0.000000 0.000000
    44 0.583444 -0.305904 -1.430599 0.000000 0.000000 0.000000
    45 0.005318 -0.648720 -1.430599 0.000000 0.000000 0.000000
    46 -0.574618 -0.303123 -1.430601 0.000000 0.000000 0.000000
    47 -0.573714 0.348118 -1.430595 0.000000 0.000000 0.000000
    48 -0.029968 -0.059296 1.773438 -1.561870 -0.003783 0.018306
    49 0.041163 0.095589 -2.899426 -0.781108 -0.013985 0.002645
    50 0.081115 -2.496311 -0.915165 0.000000 0.000000 0.000000
    51 4.863281 2.800781 -18.203125 1.570792 0.000003 -0.000003
  time 61
    0 0.000000 -0.000006 0.000000 -1.570781 -1.391896 -1.570809
    1 1.208984 -4.433594 3.550781 1.596637 -1.286515 2.942961
    2 6.028141 0.000000 0.000000 -1.195109 0.288824 -1.112448
    3 11.692554 0.000001 0.000000 -0.000042 0.000042 -1.457059
    4 11.481670 0.000001 -0.000031 0.584912 -0.244611 0.261263
    5 3.859711 -0.142405 -1.191975 -0.468133 0.151533 -0.880197
    6 1.312555 -0.000002 0.000000 0.000000 0.000000 -0.439720
    7 0.729363 -0.000002 -0.000002 0.000000 0.000000 -0.244299
    8 3.942337 0.046767 -0.431443 -0.151780 0.073206 -0.810985
    9 1.539097 0.000000 0.000000 0.000000 0.000000 -0.247797
    10 1.196325 -0.000002 -0.000001 0.000000 0.000000 -0.430802
    11 3.883698 -0.046765 0.431443 0.085902 0.021830 -0.587867
    12 1.719570 -0.000004 -0.000001 0.000000 0.005516 -0.366478
    13 1.209169 -0.000004 0.000000 0.000000 0.003084 -0.216400
    14 3.859863 -0.137946 1.332466 0.354449 -0.042750 -0.531718
    15 1.719431 0.000002 0.000000 0.000000 0.004074 -0.363009
    16 1.099667 0.000000 -0.000001 0.000000 0.002596 -0.244331
    17 0.806053 -0.348926 1.321258 -1.222677 -0.679213 -0.788819
    18 1.789778 -0.000002 0.000002 0.000000 0.000000 0.228523
    19 1.207005 0.000000 0.000002 0.000000 0.000000 0.362860
    20 -0.372967 -5.186917 -4.586128 -1.668474 1.286518 2.942953
    21 6.028145 0.000000 0.000000 2.030175 0.259068 -0.976622
    22 11.692554 0.000001 0.000002 0.000000 0.000000 -1.708428
    23 11.481699 0.000001 0.000001 -0.912704 -0.059078 -0.094778
    24 3.859680 -0.132567 1.193109 0.466236 -0.158066 -0.878825
    25 1.312555 -0.000002 0.000002 0.000000 0.000000 -0.439672
    26 0.729365 0.000000 -0.000001 0.000000 0.000000 -0.244271
    27 3.942307 0.050327 0.431044 0.150078 -0.079191 -0.810205
    28 1.539099 -0.000002 0.000000 0.000000 0.000000 -0.247771
    29 1.196321 0.000010 0.000000 0.000000 0.000000 -0.430761
    30 3.883659 -0.050321 -0.431042 -0.085905 -0.026404 -0.587695
    31 1.719578 0.000002 0.000000 0.000000 -0.007974 -0.366437
    32 1.209185 0.000002 0.000000 0.000000 -0.004461 -0.216376
    33 3.859840 -0.148937 -1.331282 -0.334968 0.118289 -0.304187
    34 1.719421 0.000002 0.000000 0.001031 -0.010700 -0.651453
    35 1.099669 0.000002 -0.000001 0.001378 0.000823 -0.382236
    36 0.950558 -1.145017 -1.396461 1.236065 0.783892 -0.769047
    37 1.789782 0.000000 -0.000004 -0.002948 0.008449 0.095183
    38 1.206999 0.000002 0.000000 -0.001103 -0.000072 0.299219
    39 -3.865836 -19.508344 16.322568 1.767562 0.052309 -0.035237
    40 0.025545 -1.273521 1.753304 0.000000 0.000000 0.000000
    41 0.001032 1.440453 -1.526783 0.000000 0.000000 0.000000
    42 0.004413 0.696487 -1.430595 0.000000 0.000000 0.000000
    43 0.580660 0.349014 -1.430595 0.000000 0.000000 0.000000
    44 0.583444 -0.305904 -1.430599 0.000000 0.000000 0.000000
    45 0.005318 -0.648720 -1.430599 0.000000 0.000000 0.000000
    46 -0.574618 -0.303123 -1.430601 0.000000 0.000000 0.000000
    47 -0.573714 0.348118 -1.430595 0.000000 0.000000 0.000000
    48 -0.029968 -0.059296 1.773438 -1.561870 -0.003783 0.018306
    49 0.041163 0.095589 -2.899426 -0.781108 -0.013985 0.002645
    50 0.081115 -2.496311 -0.915165 0.000000 0.000000 0.000000
    51 4.863281 2.800781 -18.203125 1.570792 0.000003 -0.000003
  time 62
    0 0.000000 -0.000006 0.000000 -1.570781 -1.391896 -1.570809
    1 1.208984 -4.433594 3.550781 1.596637 -1.286515 2.942961
    2 6.028141 0.000000 0.000000 -1.195109 0.288824 -1.112448
    3 11.692554 0.000001 0.000000 -0.000042 0.000042 -1.457059
    4 11.481670 0.000001 -0.000031 0.584912 -0.244611 0.261263
    5 3.859711 -0.142405 -1.191975 -0.468133 0.151533 -0.880197
    6 1.312555 -0.000002 0.000000 0.000000 0.000000 -0.439720
    7 0.729363 -0.000002 -0.000002 0.000000 0.000000 -0.244299
    8 3.942337 0.046767 -0.431443 -0.151780 0.073206 -0.810985
    9 1.539097 0.000000 0.000000 0.000000 0.000000 -0.247797
    10 1.196325 -0.000002 -0.000001 0.000000 0.000000 -0.430802
    11 3.883698 -0.046765 0.431443 0.085902 0.021830 -0.587867
    12 1.719570 -0.000004 -0.000001 0.000000 0.005516 -0.366478
    13 1.209169 -0.000004 0.000000 0.000000 0.003084 -0.216400
    14 3.859863 -0.137946 1.332466 0.354449 -0.042750 -0.531718
    15 1.719431 0.000002 0.000000 0.000000 0.004074 -0.363009
    16 1.099667 0.000000 -0.000001 0.000000 0.002596 -0.244331
    17 0.806053 -0.348926 1.321258 -1.222677 -0.679213 -0.788819
    18 1.789778 -0.000002 0.000002 0.000000 0.000000 0.228523
    19 1.207005 0.000000 0.000002 0.000000 0.000000 0.362860
    20 -0.388593 -5.167385 -4.582222 -1.668474 1.286518 2.942953
    21 6.028145 0.000000 0.000000 1.992907 0.225808 -0.999296
    22 11.692554 0.000001 0.000002 0.000000 0.000000 -1.685744
    23 11.481699 0.000001 0.000001 -0.906607 -0.057698 -0.157668
    24 3.859680 -0.132567 1.193109 0.466236 -0.158066 -0.878825
    25 1.312555 -0.000002 0.000002 0.000000 0.000000 -0.439672
    26 0.729365 0.000000 -0.000001 0.000000 0.000000 -0.244271
    27 3.942307 0.050327 0.431044 0.150078 -0.079191 -0.810205
    28 1.539099 -0.000002 0.000000 0.000000 0.000000 -0.247771
    29 1.196321 0.000010 0.000000 0.000000 0.000000 -0.430761
    30 3.883659 -0.050321 -0.431042 -0.085905 -0.026404 -0.587695
    31 1.719578 0.000002 0.000000 0.000000 -0.007974 -0.366437
    32 1.209185 0.000002 0.000000 0.000000 -0.004461 -0.216376
    33 3.859840 -0.148937 -1.331282 -0.335675 0.116299 -0.310110
    34 1.719421 0.000002 0.000000 0.001019 -0.010592 -0.648621
    35 1.099669 0.000002 -0.000001 0.001366 0.000775 -0.378709
    36 0.950558 -1.145017 -1.396461 1.236547 0.782020 -0.768414
    37 1.789782 0.000000 -0.000004 -0.002876 0.008305 0.097782
    38 1.206999 0.000002 0.000000 -0.001079 -0.000072 0.300469
    39 -3.803334 -18.750508 16.974931 1.478408 0.039826 -0.043322
    40 0.025545 -1.273521 1.753304 0.000000 0.000000 0.000000
    41 0.001032 1.440453 -1.526783 0.000000 0.000000 0.000000
    42 0.004413 0.696487 -1.430595 0.000000 0.000000 0.000000
    43 0.580660 0.349014 -1.430595 0.000000 0.000000 0.000000
    44 0.583444 -0.305904 -1.430599 0.000000 0.000000 0.000000
    45 0.005318 -0.648720 -1.430599 0.000000 0.000000 0.000000
    46 -0.574618 -0.303123 -1.430601 0.000000 0.000000 0.000000
    47 -0.573714 0.348118 -1.430595 0.000000 0.000000 0.000000
    48 -0.029968 -0.059296 1.773438 -1.561870 -0.003783 0.018306
    49 0.041163 0.095589 -2.899426 -0.781108 -0.013985 0.002645
    50 0.081115 -2.496311 -0.915165 0.000000 0.000000 0.000000
    51 4.863281 2.800781 -18.203125 1.570792 0.000003 -0.000003
  time 63
    0 0.000000 -0.000006 0.000000 -1.570781 -1.391896 -1.570809
    1 1.208984 -4.433594 3.550781 1.596637 -1.286515 2.942961
    2 6.028141 0.000000 0.000000 -1.195109 0.288824 -1.112448
    3 11.692554 0.000001 0.000000 -0.000042 0.000042 -1.457059
    4 11.481670 0.000001 -0.000031 0.584912 -0.244611 0.261263
    5 3.859711 -0.142405 -1.191975 -0.468133 0.151533 -0.880197
    6 1.312555 -0.000002 0.000000 0.000000 0.000000 -0.439720
    7 0.729363 -0.000002 -0.000002 0.000000 0.000000 -0.244299
    8 3.942337 0.046767 -0.431443 -0.151780 0.073206 -0.810985
    9 1.539097 0.000000 0.000000 0.000000 0.000000 -0.247797
    10 1.196325 -0.000002 -0.000001 0.000000 0.000000 -0.430802
    11 3.883698 -0.046765 0.431443 0.085902 0.021830 -0.587867
    12 1.719570 -0.000004 -0.000001 0.000000 0.005516 -0.366478
    13 1.209169 -0.000004 0.000000 0.000000 0.003084 -0.216400
    14 3.859863 -0.137946 1.332466 0.354449 -0.042750 -0.531718
    15 1.719431 0.000002 0.000000 0.000000 0.004074 -0.363009
    16 1.099667 0.000000 -0.000001 0.000000 0.002596 -0.244331
    17 0.806053 -0.348926 1.321258 -1.222677 -0.679213 -0.788819
    18 1.789778 -0.000002 0.000002 0.000000 0.000000 0.228523
    19 1.207005 0.000000 0.000002 0.000000 0.000000 0.362860
    20 -0.404218 -5.147853 -4.574409 -1.668474 1.286518 2.942953
    21 6.028145 0.000000 0.000000 1.950465 0.195076 -1.018770
    22 11.692554 0.000001 0.000002 0.000000 0.000000 -1.663061
    23 11.481699 0.000001 0.000001 -0.904914 -0.053086 -0.217650
    24 3.859680 -0.132567 1.193109 0.466236 -0.158066 -0.878825
    25 1.312555 -0.000002 0.000002 0.000000 0.000000 -0.439672
    26 0.729365 0.000000 -0.000001 0.000000 0.000000 -0.244271
    27 3.942307 0.050327 0.431044 0.150078 -0.079191 -0.810205
    28 1.539099 -0.000002 0.000000 0.000000 0.000000 -0.247771
    29 1.196321 0.000010 0.000000 0.000000 0.000000 -0.430761
    30 3.883659 -0.050321 -0.431042 -0.085905 -0.026404 -0.587695
    31 1.719578 0.000002 0.000000 0.000000 -0.007974 -0.366437
    32 1.209185 0.000002 0.000000 0.000000 -0.004461 -0.216376
    33 3.859840 -0.148937 -1.331282 -0.336370 0.114310 -0.316002
    34 1.719421 0.000002 0.000000 0.001019 -0.010484 -0.645759
    35 1.099669 0.000002 -0.000001 0.001354 0.000739 -0.375159
    36 0.950558 -1.145017 -1.396461 1.237030 0.780129 -0.767810
    37 1.789782 0.000000 -0.000004 -0.002816 0.008161 0.100438
    38 1.206999 0.000002 0.000000 -0.001055 -0.000072 0.301746
    39 -3.752551 -17.957515 17.349943 1.188105 0.025486 -0.047495
    40 0.025545 -1.273521 1.753304 0.000000 0.000000 0.000000
    41 0.001032 1.440453 -1.526783 0.000000 0.000000 0.000000
    42 0.004413 0.696487 -1.430595 0.000000 0.000000 0.000000
    43 0.580660 0.349014 -1.430595 0.000000 0.000000 0.000000
    44 0.583444 -0.305904 -1.430599 0.000000 0.000000 0.000000
    45 0.005318 -0.648720 -1.430599 0.000000 0.000000 0.000000
    46 -0.574618 -0.303123 -1.430601 0.000000 0.000000 0.000000
    47 -0.573714 0.348118 -1.430595 0.000000 0.000000 0.000000
    48 -0.029968 -0.059296 1.773438 -1.561870 -0.003783 0.018306
    49 0.041163 0.095589 -2.899426 -0.781108 -0.013985 0.002645
    50 0.081115 -2.496311 -0.915165 0.000000 0.000000 0.000000
    51 4.863281 2.800781 -18.203125 1.570792 0.000003 -0.000003
  time 64
    0 0.000000 -0.000006 0.000000 -1.570781 -1.391896 -1.570809
    1 1.208984 -4.433594 3.550781 1.596637 -1.286515 2.942961
    2 6.028141 0.000000 0.000000 -1.195109 0.288824 -1.112448
    3 11.692554 0.000001 0.000000 -0.000042 0.000042 -1.457059
    4 11.481670 0.000001 -0.000031 0.584912 -0.244611 0.261263
    5 3.859711 -0.142405 -1.191975 -0.468133 0.151533 -0.880197
    6 1.312555 -0.000002 0.000000 0.000000 0.000000 -0.439720
    7 0.729363 -0.000002 -0.000002 0.000000 0.000000 -0.244299
    8 3.942337 0.046767 -0.431443 -0.151780 0.073206 -0.810985
    9 1.539097 0.000000 0.000000 0.000000 0.000000 -0.247797
    10 1.196325 -0.000002 -0.000001 0.000000 0.000000 -0.430802
    11 3.883698 -0.046765 0.431443 0.085902 0.021830 -0.587867
    12 1.719570 -0.000004 -0.000001 0.000000 0.005516 -0.366478
    13 1.209169 -0.000004 0.000000 0.000000 0.003084 -0.216400
    14 3.859863 -0.137946 1.332466 0.354449 -0.042750 -0.531718
    15 1.719431 0.000002 0.000000 0.000000 0.004074 -0.363009
    16 1.099667 0.000000 -0.000001 0.000000 0.002596 -0.244331
    17 0.806053 -0.348926 1.321258 -1.222677 -0.679213 -0.788819
    18 1.789778 -0.000002 0.000002 0.000000 0.000000 0.228523
    19 1.207005 0.000000 0.000002 0.000000 0.000000 0.362860
    20 -0.419844 -5.132228 -4.570503 -1.668474 1.286518 2.942953
    21 6.028145 0.000000 0.000000 1.904957 0.167829 -1.034388
    22 11.692554 0.000001 0.000002 0.000000 0.000000 -1.640377
    23 11.481699 0.000001 0.000001 -0.908244 -0.046750 -0.273703
    24 3.859680 -0.132567 1.193109 0.466236 -0.158066 -0.878825
    25 1.312555 -0.000002 0.000002 0.000000 0.000000 -0.439672
    26 0.729365 0.000000 -0.000001 0.000000 0.000000 -0.244271
    27 3.942307 0.050327 0.431044 0.150078 -0.079191 -0.810205
    28 1.539099 -0.000002 0.000000 0.000000 0.000000 -0.247771
    29 1.196321 0.000010 0.000000 0.000000 0.000000 -0.430761
    30 3.883659 -0.050321 -0.431042 -0.085905 -0.026404 -0.587695
    31 1.719578 0.000002 0.000000 0.000000 -0.007974 -0.366437
    32 1.209185 0.000002 0.000000 0.000000 -0.004461 -0.216376
    33 3.859840 -0.148937 -1.331282 -0.337041 0.112308 -0.321895
    34 1.719421 0.000002 0.000000 0.001019 -0.010376 -0.642805
    35 1.099669 0.000002 -0.000001 0.001342 0.000691 -0.371632
    36 0.950558 -1.145017 -1.396461 1.237489 0.778184 -0.767177
    37 1.789782 0.000000 -0.000004 -0.002744 0.008017 0.103123
    38 1.206999 0.000002 0.000000 -0.001031 -0.000060 0.303024
    39 -3.709581 -17.199679 17.447602 0.896654 0.010544 -0.047408
    40 0.025545 -1.273521 1.753304 0.000000 0.000000 0.000000
    41 0.001032 1.440453 -1.526783 0.000000 0.000000 0.000000
    42 0.004413 0.696487 -1.430595 0.000000 0.000000 0.000000
    43 0.580660 0.349014 -1.430595 0.000000 0.000000 0.000000
    44 0.583444 -0.305904 -1.430599 0.000000 0.000000 0.000000
    45 0.005318 -0.648720 -1.430599 0.000000 0.000000 0.000000
    46 -0.574618 -0.303123 -1.430601 0.000000 0.000000 0.000000
    47 -0.573714 0.348118 -1.430595 0.000000 0.000000 0.000000
    48 -0.029968 -0.059296 1.773438 -1.561870 -0.003783 0.018306
    49 0.041163 0.095589 -2.899426 -0.781108 -0.013985 0.002645
    50 0.081115 -2.496311 -0.915165 0.000000 0.000000 0.000000
    51 4.863281 2.800781 -18.203125 1.570792 0.000003 -0.000003
  time 65
    0 0.000000 -0.000006 0.000000 -1.570781 -1.391896 -1.570809
    1 1.208984 -4.433594 3.550781 1.596637 -1.286515 2.942961
    2 6.028141 0.000000 0.000000 -1.195109 0.288824 -1.112448
    3 11.692554 0.000001 0.000000 -0.000042 0.000042 -1.457059
    4 11.481670 0.000001 -0.000031 0.584912 -0.244611 0.261263
    5 3.859711 -0.142405 -1.191975 -0.468133 0.151533 -0.880197
    6 1.312555 -0.000002 0.000000 0.000000 0.000000 -0.439720
    7 0.729363 -0.000002 -0.000002 0.000000 0.000000 -0.244299
    8 3.942337 0.046767 -0.431443 -0.151780 0.073206 -0.810985
    9 1.539097 0.000000 0.000000 0.000000 0.000000 -0.247797
    10 1.196325 -0.000002 -0.000001 0.000000 0.000000 -0.430802
    11 3.883698 -0.046765 0.431443 0.085902 0.021830 -0.587867
    12 1.719570 -0.000004 -0.000001 0.000000 0.005516 -0.366478
    13 1.209169 -0.000004 0.000000 0.000000 0.003084 -0.216400
    14 3.859863 -0.137946 1.332466 0.354449 -0.042750 -0.531718
    15 1.719431 0.000002 0.000000 0.000000 0.004074 -0.363009
    16 1.099667 0.000000 -0.000001 0.000000 0.002596 -0.244331
    17 0.806053 -0.348926 1.321258 -1.222677 -0.679213 -0.788819
    18 1.789778 -0.000002 0.000002 0.000000 0.000000 0.228523
    19 1.207005 0.000000 0.000002 0.000000 0.000000 0.362860
    20 -0.431563 -5.112696 -4.566597 -1.668474 1.286518 2.942953
    21 6.028145 0.000000 0.000000 1.858683 0.144732 -1.046054
    22 11.692554 0.000001 0.000002 0.000000 0.000000 -1.618285
    23 11.481699 0.000001 0.000001 -0.916938 -0.040630 -0.324714
    24 3.859680 -0.132567 1.193109 0.466236 -0.158066 -0.878825
    25 1.312555 -0.000002 0.000002 0.000000 0.000000 -0.439672
    26 0.729365 0.000000 -0.000001 0.000000 0.000000 -0.244271
    27 3.942307 0.050327 0.431044 0.150078 -0.079191 -0.810205
    28 1.539099 -0.000002 0.000000 0.000000 0.000000 -0.247771
    29 1.196321 0.000010 0.000000 0.000000 0.000000 -0.430761
    30 3.883659 -0.050321 -0.431042 -0.085905 -0.026404 -0.587695
    31 1.719578 0.000002 0.000000 0.000000 -0.007974 -0.366437
    32 1.209185 0.000002 0.000000 0.000000 -0.004461 -0.216376
    33 3.859840 -0.148937 -1.331282 -0.337713 0.110319 -0.327757
    34 1.719421 0.000002 0.000000 0.001019 -0.010268 -0.639791
    35 1.099669 0.000002 -0.000001 0.001330 0.000643 -0.368105
    36 0.950558 -1.145017 -1.396461 1.237948 0.776203 -0.766573
    37 1.789782 0.000000 -0.000004 -0.002672 0.007874 0.105893
    38 1.206999 0.000002 0.000000 -0.001007 -0.000060 0.304329
    39 -3.678330 -16.539503 17.275722 0.603958 -0.003842 -0.042974
    40 0.025545 -1.273521 1.753304 0.000000 0.000000 0.000000
    41 0.001032 1.440453 -1.526783 0.000000 0.000000 0.000000
    42 0.004413 0.696487 -1.430595 0.000000 0.000000 0.000000
    43 0.580660 0.349014 -1.430595 0.000000 0.000000 0.000000
    44 0.583444 -0.305904 -1.430599 0.000000 0.000000 0.000000
    45 0.005318 -0.648720 -1.430599 0.000000 0.000000 0.000000
    46 -0.574618 -0.303123 -1.430601 0.000000 0.000000 0.000000
    47 -0.573714 0.348118 -1.430595 0.000000 0.000000 0.000000
    48 -0.029968 -0.059296 1.773438 -1.561870 -0.003783 0.018306
    49 0.041163 0.095589 -2.899426 -0.781108 -0.013985 0.002645
    50 0.081115 -2.496311 -0.915165 0.000000 0.000000 0.000000
    51 4.863281 2.800781 -18.203125 1.570792 0.000003 -0.000003
  time 66
    0 0.000000 -0.000006 0.000000 -1.570781 -1.391896 -1.570809
    1 1.208984 -4.433594 3.550781 1.596637 -1.286515 2.942961
    2 6.028141 0.000000 0.000000 -1.195109 0.288824 -1.112448
    3 11.692554 0.000001 0.000000 -0.000042 0.000042 -1.457059
    4 11.481670 0.000001 -0.000031 0.584912 -0.244611 0.261263
    5 3.859711 -0.142405 -1.191975 -0.468133 0.151533 -0.880197
    6 1.312555 -0.000002 0.000000 0.000000 0.000000 -0.439720
    7 0.729363 -0.000002 -0.000002 0.000000 0.000000 -0.244299
    8 3.942337 0.046767 -0.431443 -0.151780 0.073206 -0.810985
    9 1.539097 0.000000 0.000000 0.000000 0.000000 -0.247797
    10 1.196325 -0.000002 -0.000001 0.000000 0.000000 -0.430802
    11 3.883698 -0.046765 0.431443 0.085902 0.021830 -0.587867
    12 1.719570 -0.000004 -0.000001 0.000000 0.005516 -0.366478
    13 1.209169 -0.000004 0.000000 0.000000 0.003084 -0.216400
    14 3.859863 -0.137946 1.332466 0.354449 -0.042750 -0.531718
    15 1.719431 0.000002 0.000000 0.000000 0.004074 -0.363009
    16 1.099667 0.000000 -0.000001 0.000000 0.002596 -0.244331
    17 0.806053 -0.348926 1.321258 -1.222677 -0.679213 -0.788819
    18 1.789778 -0.000002 0.000002 0.000000 0.000000 0.228523
    19 1.207005 0.000000 0.000002 0.000000 0.000000 0.362860
    20 -0.447188 -5.093164 -4.558784 -1.668474 1.286518 2.942953
    21 6.028145 0.000000 0.000000 1.814516 0.126026 -1.054145
    22 11.692554 0.000001 0.000002 0.000000 0.000000 -1.598188
    23 11.481699 0.000001 0.000001 -0.931333 -0.037053 -0.369276
    24 3.859680 -0.132567 1.193109 0.466236 -0.158066 -0.878825
    25 1.312555 -0.000002 0.000002 0.000000 0.000000 -0.439672
    26 0.729365 0.000000 -0.000001 0.000000 0.000000 -0.244271
    27 3.942307 0.050327 0.431044 0.150078 -0.079191 -0.810205
    28 1.539099 -0.000002 0.000000 0.000000 0.000000 -0.247771
    29 1.196321 0.000010 0.000000 0.000000 0.000000 -0.430761
    30 3.883659 -0.050321 -0.431042 -0.085905 -0.026404 -0.587695
    31 1.719578 0.000002 0.000000 0.000000 -0.007974 -0.366437
    32 1.209185 0.000002 0.000000 0.000000 -0.004461 -0.216376
    33 3.859840 -0.148937 -1.331282 -0.338360 0.108329 -0.333619
    34 1.719421 0.000002 0.000000 0.001007 -0.010160 -0.636715
    35 1.099669 0.000002 -0.000001 0.001318 0.000595 -0.364601
    36 0.950558 -1.145017 -1.396461 1.238408 0.774186 -0.765968
    37 1.789782 0.000000 -0.000004 -0.002601 0.007730 0.108663
    38 1.206999 0.000002 0.000000 -0.000983 -0.000060 0.305662
    39 -3.654892 -16.035581 16.877272 0.310018 -0.016371 -0.034542
    40 0.025545 -1.273521 1.753304 0.000000 0.000000 0.000000
    41 0.001032 1.440453 -1.526783 0.000000 0.000000 0.000000
    42 0.004413 0.696487 -1.430595 0.000000 0.000000 0.000000
    43 0.580660 0.349014 -1.430595 0.000000 0.000000 0.000000
    44 0.583444 -0.305904 -1.430599 0.000000 0.000000 0.000000
    45 0.005318 -0.648720 -1.430599 0.000000 0.000000 0.000000
    46 -0.574618 -0.303123 -1.430601 0.000000 0.000000 0.000000
    47 -0.573714 0.348118 -1.430595 0.000000 0.000000 0.000000
    48 -0.029968 -0.059296 1.773438 -1.561870 -0.003783 0.018306
    49 0.041163 0.095589 -2.899426 -0.781108 -0.013985 0.002645
    50 0.081115 -2.496311 -0.915165 0.000000 0.000000 0.000000
    51 4.863281 2.800781 -18.203125 1.570792 0.000003 -0.000003
  time 67
    0 0.000000 -0.000006 0.000000 -1.570781 -1.391896 -1.570809
    1 1.208984 -4.433594 3.550781 1.596637 -1.286515 2.942961
    2 6.028141 0.000000 0.000000 -1.195109 0.288824 -1.112448
    3 11.692554 0.000001 0.000000 -0.000042 0.000042 -1.457059
    4 11.481670 0.000001 -0.000031 0.584912 -0.244611 0.261263
    5 3.859711 -0.142405 -1.191975 -0.468133 0.151533 -0.880197
    6 1.312555 -0.000002 0.000000 0.000000 0.000000 -0.439720
    7 0.729363 -0.000002 -0.000002 0.000000 0.000000 -0.244299
    8 3.942337 0.046767 -0.431443 -0.151780 0.073206 -0.810985
    9 1.539097 0.000000 0.000000 0.000000 0.000000 -0.247797
    10 1.196325 -0.000002 -0.000001 0.000000 0.000000 -0.430802
    11 3.883698 -0.046765 0.431443 0.085902 0.021830 -0.587867
    12 1.719570 -0.000004 -0.000001 0.000000 0.005516 -0.366478
    13 1.209169 -0.000004 0.000000 0.000000 0.003084 -0.216400
    14 3.859863 -0.137946 1.332466 0.354449 -0.042750 -0.531718
    15 1.719431 0.000002 0.000000 0.000000 0.004074 -0.363009
    16 1.099667 0.000000 -0.000001 0.000000 0.002596 -0.244331
    17 0.806053 -0.348926 1.321258 -1.222677 -0.679213 -0.788819
    18 1.789778 -0.000002 0.000002 0.000000 0.000000 0.228523
    19 1.207005 0.000000 0.000002 0.000000 0.000000 0.362860
    20 -0.462814 -5.077539 -4.554877 -1.668474 1.286518 2.942953
    21 6.028145 0.000000 0.000000 1.775523 0.111281 -1.059413
    22 11.692554 0.000001 0.000002 0.000000 0.000000 -1.582006
    23 11.481699 0.000001 0.000001 -0.951542 -0.038604 -0.405789
    24 3.859680 -0.132567 1.193109 0.466236 -0.158066 -0.878825
    25 1.312555 -0.000002 0.000002 0.000000 0.000000 -0.439672
    26 0.729365 0.000000 -0.000001 0.000000 0.000000 -0.244271
    27 3.942307 0.050327 0.431044 0.150078 -0.079191 -0.810205
    28 1.539099 -0.000002 0.000000 0.000000 0.000000 -0.247771
    29 1.196321 0.000010 0.000000 0.000000 0.000000 -0.430761
    30 3.883659 -0.050321 -0.431042 -0.085905 -0.026404 -0.587695
    31 1.719578 0.000002 0.000000 0.000000 -0.007974 -0.366437
    32 1.209185 0.000002 0.000000 0.000000 -0.004461 -0.216376
    33 3.859840 -0.148937 -1.331282 -0.339007 0.106340 -0.339450
    34 1.719421 0.000002 0.000000 0.001007 -0.010052 -0.633579
    35 1.099669 0.000002 -0.000001 0.001306 0.000547 -0.361097
    36 0.950558 -1.145017 -1.396461 1.238844 0.772134 -0.765393
    37 1.789782 0.000000 -0.000004 -0.002541 0.007574 0.111490
    38 1.206999 0.000002 0.000000 -0.000971 -0.000048 0.307023
    39 -3.639266 -15.730885 16.303036 0.014930 -0.025931 -0.022806
    40 0.025545 -1.273521 1.753304 0.000000 0.000000 0.000000
    41 0.001032 1.440453 -1.526783 0.000000 0.000000 0.000000
    42 0.004413 0.696487 -1.430595 0.000000 0.000000 0.000000
    43 0.580660 0.349014 -1.430595 0.000000 0.000000 0.000000
    44 0.583444 -0.305904 -1.430599 0.000000 0.000000 0.000000
    45 0.005318 -0.648720 -1.430599 0.000000 0.000000 0.000000
    46 -0.574618 -0.303123 -1.430601 0.000000 0.000000 0.000000
    47 -0.573714 0.348118 -1.430595 0.000000 0.000000 0.000000
    48 -0.029968 -0.059296 1.773438 -1.561870 -0.003783 0.018306
    49 0.041163 0.095589 -2.899426 -0.781108 -0.013985 0.002645
    50 0.081115 -2.496311 -0.915165 0.000000 0.000000 0.000000
    51 4.863281 2.800781 -18.203125 1.570792 0.000003 -0.000003
  time 68
    0 0.000000 -0.000006 0.000000 -1.570781 -1.391896 -1.570809
    1 1.208984 -4.433594 3.550781 1.596637 -1.286515 2.942961
    2 6.028141 0.000000 0.000000 -1.195109 0.288824 -1.112448
    3 11.692554 0.000001 0.000000 -0.000042 0.000042 -1.457059
    4 11.481670 0.000001 -0.000031 0.584912 -0.244611 0.261263
    5 3.859711 -0.142405 -1.191975 -0.468133 0.151533 -0.880197
    6 1.312555 -0.000002 0.000000 0.000000 0.000000 -0.439720
    7 0.729363 -0.000002 -0.000002 0.000000 0.000000 -0.244299
    8 3.942337 0.046767 -0.431443 -0.151780 0.073206 -0.810985
    9 1.539097 0.000000 0.000000 0.000000 0.000000 -0.247797
    10 1.196325 -0.000002 -0.000001 0.000000 0.000000 -0.430802
    11 3.883698 -0.046765 0.431443 0.085902 0.021830 -0.587867
    12 1.719570 -0.000004 -0.000001 0.000000 0.005516 -0.366478
    13 1.209169 -0.000004 0.000000 0.000000 0.003084 -0.216400
    14 3.859863 -0.137946 1.332466 0.354449 -0.042750 -0.531718
    15 1.719431 0.000002 0.000000 0.000000 0.004074 -0.363009
    16 1.099667 0.000000 -0.000001 0.000000 0.002596 -0.244331
    17 0.806053 -0.348926 1.321258 -1.222677 -0.679213 -0.788819
    18 1.789778 -0.000002 0.000002 0.000000 0.000000 0.228523
    19 1.207005 0.000000 0.000002 0.000000 0.000000 0.362860
    20 -0.478439 -5.058007 -4.550971 -1.668474 1.286518 2.942953
    21 6.028145 0.000000 0.000000 1.744866 0.099781 -1.062612
    22 11.692554 0.000001 0.000002 0.000000 0.000000 -1.572032
    23 11.481699 0.000001 0.000001 -0.977679 -0.048087 -0.432846
    24 3.859680 -0.132567 1.193109 0.466236 -0.158066 -0.878825
    25 1.312555 -0.000002 0.000002 0.000000 0.000000 -0.439672
    26 0.729365 0.000000 -0.000001 0.000000 0.000000 -0.244271
    27 3.942307 0.050327 0.431044 0.150078 -0.079191 -0.810205
    28 1.539099 -0.000002 0.000000 0.000000 0.000000 -0.247771
    29 1.196321 0.000010 0.000000 0.000000 0.000000 -0.430761
    30 3.883659 -0.050321 -0.431042 -0.085905 -0.026404 -0.587695
    31 1.719578 0.000002 0.000000 0.000000 -0.007974 -0.366437
    32 1.209185 0.000002 0.000000 0.000000 -0.004461 -0.216376
    33 3.859840 -0.148937 -1.331282 -0.339630 0.104350 -0.345250
    34 1.719421 0.000002 0.000000 0.001007 -0.009957 -0.630382
    35 1.099669 0.000002 -0.000001 0.001294 0.000499 -0.357615
    36 0.950558 -1.145017 -1.396461 1.239258 0.770045 -0.764818
    37 1.789782 0.000000 -0.000004 -0.002469 0.007418 0.114375
    38 1.206999 0.000002 0.000000 -0.000947 -0.000048 0.308384
    39 -3.635360 -15.656664 15.615515 -0.281307 -0.031731 -0.008722
    40 0.025545 -1.273521 1.753304 0.000000 0.000000 0.000000
    41 0.001032 1.440453 -1.526783 0.000000 0.000000 0.000000
    42 0.004413 0.696487 -1.430595 0.000000 0.000000 0.000000
    43 0.580660 0.349014 -1.430595 0.000000 0.000000 0.000000
    44 0.583444 -0.305904 -1.430599 0.000000 0.000000 0.000000
    45 0.005318 -0.648720 -1.430599 0.000000 0.000000 0.000000
    46 -0.574618 -0.303123 -1.430601 0.000000 0.000000 0.000000
    47 -0.573714 0.348118 -1.430595 0.000000 0.000000 0.000000
    48 -0.029968 -0.059296 1.773438 -1.561870 -0.003783 0.018306
    49 0.041163 0.095589 -2.899426 -0.781108 -0.013985 0.002645
    50 0.081115 -2.496311 -0.915165 0.000000 0.000000 0.000000
    51 4.863281 2.800781 -18.203125 1.570792 0.000003 -0.000003
  time 69
    0 0.000000 -0.000006 0.000000 -1.570781 -1.391896 -1.570809
    1 1.208984 -4.433594 3.550781 1.596637 -1.286515 2.942961
    2 6.028141 0.000000 0.000000 -1.195109 0.288824 -1.112448
    3 11.692554 0.000001 0.000000 -0.000042 0.000042 -1.457059
    4 11.481670 0.000001 -0.000031 0.584912 -0.244611 0.261263
    5 3.859711 -0.142405 -1.191975 -0.468133 0.151533 -0.880197
    6 1.312555 -0.000002 0.000000 0.000000 0.000000 -0.439720
    7 0.729363 -0.000002 -0.000002 0.000000 0.000000 -0.244299
    8 3.942337 0.046767 -0.431443 -0.151780 0.073206 -0.810985
    9 1.539097 0.000000 0.000000 0.000000 0.000000 -0.247797
    10 1.196325 -0.000002 -0.000001 0.000000 0.000000 -0.430802
    11 3.883698 -0.046765 0.431443 0.085902 0.021830 -0.587867
    12 1.719570 -0.000004 -0.000001 0.000000 0.005516 -0.366478
    13 1.209169 -0.000004 0.000000 0.000000 0.003084 -0.216400
    14 3.859863 -0.137946 1.332466 0.354449 -0.042750 -0.531718
    15 1.719431 0.000002 0.000000 0.000000 0.004074 -0.363009
    16 1.099667 0.000000 -0.000001 0.000000 0.002596 -0.244331
    17 0.806053 -0.348926 1.321258 -1.222677 -0.679213 -0.788819
    18 1.789778 -0.000002 0.000002 0.000000 0.000000 0.228523
    19 1.207005 0.000000 0.000002 0.000000 0.000000 0.362860
    20 -0.494065 -5.038475 -4.543158 -1.668474 1.286518 2.942953
    21 6.028145 0.000000 0.000000 1.720243 0.089951 -1.064588
    22 11.692554 0.000001 0.000002 0.000000 0.000000 -1.566121
    23 11.481699 0.000001 0.000001 -1.013017 -0.062871 -0.454326
    24 3.859680 -0.132567 1.193109 0.466236 -0.158066 -0.878825
    25 1.312555 -0.000002 0.000002 0.000000 0.000000 -0.439672
    26 0.729365 0.000000 -0.000001 0.000000 0.000000 -0.244271
    27 3.942307 0.050327 0.431044 0.150078 -0.079191 -0.810205
    28 1.539099 -0.000002 0.000000 0.000000 0.000000 -0.247771
    29 1.196321 0.000010 0.000000 0.000000 0.000000 -0.430761
    30 3.883659 -0.050321 -0.431042 -0.085905 -0.026404 -0.587695
    31 1.719578 0.000002 0.000000 0.000000 -0.007974 -0.366437
    32 1.209185 0.000002 0.000000 0.000000 -0.004461 -0.216376
    33 3.859840 -0.148937 -1.331282 -0.340241 0.102373 -0.351020
    34 1.719421 0.000002 0.000000 0.001007 -0.009849 -0.627124
    35 1.099669 0.000002 -0.000001 0.001270 0.000451 -0.354134
    36 0.950558 -1.145017 -1.396461 1.239671 0.767956 -0.764242
    37 1.789782 0.000000 -0.000004 -0.002397 0.007262 0.117259
    38 1.206999 0.000002 0.000000 -0.000923 -0.000048 0.309773
    39 -3.635360 -15.820731 14.892837 -0.578597 -0.033123 0.006491
    40 0.025545 -1.273521 1.753304 0.000000 0.000000 0.000000
    41 0.001032 1.440453 -1.526783 0.000000 0.000000 0.000000
    42 0.004413 0.696487 -1.430595 0.000000 0.000000 0.000000
    43 0.580660 0.349014 -1.430595 0.000000 0.000000 0.000000
    44 0.583444 -0.305904 -1.430599 0.000000 0.000000 0.000000
    45 0.005318 -0.648720 -1.430599 0.000000 0.000000 0.000000
    46 -0.574618 -0.303123 -1.430601 0.000000 0.000000 0.000000
    47 -0.573714 0.348118 -1.430595 0.000000 0.000000 0.000000
    48 -0.029968 -0.059296 1.773438 -1.561870 -0.003783 0.018306
    49 0.041163 0.095589 -2.899426 -0.781108 -0.013985 0.002645
    50 0.081115 -2.496311 -0.915165 0.000000 0.000000 0.000000
    51 4.863281 2.800781 -18.203125 1.570792 0.000003 -0.000003
  time 70
    0 0.000000 -0.000006 0.000000 -1.570781 -1.391896 -1.570809
    1 1.208984 -4.433594 3.550781 1.596637 -1.286515 2.942961
    2 6.028141 0.000000 0.000000 -1.195109 0.288824 -1.112448
    3 11.692554 0.000001 0.000000 -0.000042 0.000042 -1.457059
    4 11.481670 0.000001 -0.000031 0.584912 -0.244611 0.261263
    5 3.859711 -0.142405 -1.191975 -0.468133 0.151533 -0.880197
    6 1.312555 -0.000002 0.000000 0.000000 0.000000 -0.439720
    7 0.729363 -0.000002 -0.000002 0.000000 0.000000 -0.244299
    8 3.942337 0.046767 -0.431443 -0.151780 0.073206 -0.810985
    9 1.539097 0.000000 0.000000 0.000000 0.000000 -0.247797
    10 1.196325 -0.000002 -0.000001 0.000000 0.000000 -0.430802
    11 3.883698 -0.046765 0.431443 0.085902 0.021830 -0.587867
    12 1.719570 -0.000004 -0.000001 0.000000 0.005516 -0.366478
    13 1.209169 -0.000004 0.000000 0.000000 0.003084 -0.216400
    14 3.859863 -0.137946 1.332466 0.354449 -0.042750 -0.531718
    15 1.719431 0.000002 0.000000 0.000000 0.004074 -0.363009
    16 1.099667 0.000000 -0.000001 0.000000 0.002596 -0.244331
    17 0.806053 -0.348926 1.321258 -1.222677 -0.679213 -0.788819
    18 1.789778 -0.000002 0.000002 0.000000 0.000000 0.228523
    19 1.207005 0.000000 0.000002 0.000000 0.000000 0.362860
    20 -0.513597 -5.018943 -4.539252 -1.668474 1.286518 2.942953
    21 6.028145 0.000000 0.000000 1.697442 0.080359 -1.066093
    22 11.692554 0.000001 0.000002 0.000000 0.000000 -1.561392
    23 11.481699 0.000001 0.000001 -1.060549 -0.078732 -0.474401
    24 3.859680 -0.132567 1.193109 0.466236 -0.158066 -0.878825
    25 1.312555 -0.000002 0.000002 0.000000 0.000000 -0.439672
    26 0.729365 0.000000 -0.000001 0.000000 0.000000 -0.244271
    27 3.942307 0.050327 0.431044 0.150078 -0.079191 -0.810205
    28 1.539099 -0.000002 0.000000 0.000000 0.000000 -0.247771
    29 1.196321 0.000010 0.000000 0.000000 0.000000 -0.430761
    30 3.883659 -0.050321 -0.431042 -0.085905 -0.026404 -0.587695
    31 1.719578 0.000002 0.000000 0.000000 -0.007974 -0.366437
    32 1.209185 0.000002 0.000000 0.000000 -0.004461 -0.216376
    33 3.859840 -0.148937 -1.331282 -0.340829 0.100396 -0.356759
    34 1.719421 0.000002 0.000000 0.000995 -0.009741 -0.623774
    35 1.099669 0.000002 -0.000001 0.001258 0.000403 -0.350676
    36 0.950558 -1.145017 -1.396461 1.240062 0.765813 -0.763696
    37 1.789782 0.000000 -0.000004 -0.002325 0.007107 0.120172
    38 1.206999 0.000002 0.000000 -0.000887 -0.000048 0.311162
    39 -3.643173 -16.211368 14.209222 -0.876748 -0.029968 0.021530
    40 0.025545 -1.273521 1.753304 0.000000 0.000000 0.000000
    41 0.001032 1.440453 -1.526783 0.000000 0.000000 0.000000
    42 0.004413 0.696487 -1.430595 0.000000 0.000000 0.000000
    43 0.580660 0.349014 -1.430595 0.000000 0.000000 0.000000
    44 0.583444 -0.305904 -1.430599 0.000000 0.000000 0.000000
    45 0.005318 -0.648720 -1.430599 0.000000 0.000000 0.000000
    46 -0.574618 -0.303123 -1.430601 0.000000 0.000000 0.000000
    47 -0.573714 0.348118 -1.430595 0.000000 0.000000 0.000000
    48 -0.029968 -0.059296 1.773438 -1.561870 -0.003783 0.018306
    49 0.041163 0.095589 -2.899426 -0.781108 -0.013985 0.002645
    50 0.081115 -2.496311 -0.915165 0.000000 0.000000 0.000000
    51 4.863281 2.800781 -18.203125 1.570792 0.000003 -0.000003
  time 71
    0 0.000000 -0.000006 0.000000 -1.570781 -1.391896 -1.570809
    1 1.208984 -4.433594 3.550781 1.596637 -1.286515 2.942961
    2 6.028141 0.000000 0.000000 -1.195109 0.288824 -1.112448
    3 11.692554 0.000001 0.000000 -0.000042 0.000042 -1.457059
    4 11.481670 0.000001 -0.000031 0.584912 -0.244611 0.261263
    5 3.859711 -0.142405 -1.191975 -0.468133 0.151533 -0.880197
    6 1.312555 -0.000002 0.000000 0.000000 0.000000 -0.439720
    7 0.729363 -0.000002 -0.000002 0.000000 0.000000 -0.244299
    8 3.942337 0.046767 -0.431443 -0.151780 0.073206 -0.810985
    9 1.539097 0.000000 0.000000 0.000000 0.000000 -0.247797
    10 1.196325 -0.000002 -0.000001 0.000000 0.000000 -0.430802
    11 3.883698 -0.046765 0.431443 0.085902 0.021830 -0.587867
    12 1.719570 -0.000004 -0.000001 0.000000 0.005516 -0.366478
    13 1.209169 -0.000004 0.000000 0.000000 0.003084 -0.216400
    14 3.859863 -0.137946 1.332466 0.354449 -0.042750 -0.531718
    15 1.719431 0.000002 0.000000 0.000000 0.004074 -0.363009
    16 1.099667 0.000000 -0.000001 0.000000 0.002596 -0.244331
    17 0.806053 -0.348926 1.321258 -1.222677 -0.679213 -0.788819
    18 1.789778 -0.000002 0.000002 0.000000 0.000000 0.228523
    19 1.207005 0.000000 0.000002 0.000000 0.000000 0.362860
    20 -0.529222 -4.999411 -4.535346 -1.668474 1.286518 2.942953
    21 6.028145 0.000000 0.000000 1.676173 0.071101 -1.067034
    22 11.692554 0.000001 0.000002 0.000000 0.000000 -1.557550
    23 11.481699 0.000001 0.000001 -1.119991 -0.096059 -0.492536
    24 3.859680 -0.132567 1.193109 0.466236 -0.158066 -0.878825
    25 1.312555 -0.000002 0.000002 0.000000 0.000000 -0.439672
    26 0.729365 0.000000 -0.000001 0.000000 0.000000 -0.244271
    27 3.942307 0.050327 0.431044 0.150078 -0.079191 -0.810205
    28 1.539099 -0.000002 0.000000 0.000000 0.000000 -0.247771
    29 1.196321 0.000010 0.000000 0.000000 0.000000 -0.430761
    30 3.883659 -0.050321 -0.431042 -0.085905 -0.026404 -0.587695
    31 1.719578 0.000002 0.000000 0.000000 -0.007974 -0.366437
    32 1.209185 0.000002 0.000000 0.000000 -0.004461 -0.216376
    33 3.859840 -0.148937 -1.331282 -0.341416 0.098430 -0.362468
    34 1.719421 0.000002 0.000000 0.000995 -0.009633 -0.620394
    35 1.099669 0.000002 -0.000001 0.001246 0.000343 -0.347240
    36 0.950558 -1.145017 -1.396461 1.240452 0.763652 -0.763178
    37 1.789782 0.000000 -0.000004 -0.002253 0.006939 0.123114
    38 1.206999 0.000002 0.000000 -0.000863 -0.000036 0.312578
    39 -3.650986 -16.793417 13.603735 -1.175474 -0.022589 0.034918
    40 0.025545 -1.273521 1.753304 0.000000 0.000000 0.000000
    41 0.001032 1.440453 -1.526783 0.000000 0.000000 0.000000
    42 0.004413 0.696487 -1.430595 0.000000 0.000000 0.000000
    43 0.580660 0.349014 -1.430595 0.000000 0.000000 0.000000
    44 0.583444 -0.305904 -1.430599 0.000000 0.000000 0.000000
    45 0.005318 -0.648720 -1.430599 0.000000 0.000000 0.000000
    46 -0.574618 -0.303123 -1.430601 0.000000 0.000000 0.000000
    47 -0.573714 0.348118 -1.430595 0.000000 0.000000 0.000000
    48 -0.029968 -0.059296 1.773438 -1.561870 -0.003783 0.018306
    49 0.041163 0.095589 -2.899426 -0.781108 -0.013985 0.002645
    50 0.081115 -2.496311 -0.915165 0.000000 0.000000 0.000000
    51 4.863281 2.800781 -18.203125 1.570792 0.000003 -0.000003
  time 72
    0 0.000000 -0.000006 0.000000 -1.570781 -1.391896 -1.570809
    1 1.208984 -4.433594 3.550781 1.596637 -1.286515 2.942961
    2 6.028141 0.000000 0.000000 -1.195109 0.288824 -1.112448
    3 11.692554 0.000001 0.000000 -0.000042 0.000042 -1.457059
    4 11.481670 0.000001 -0.000031 0.584912 -0.244611 0.261263
    5 3.859711 -0.142405 -1.191975 -0.468133 0.151533 -0.880197
    6 1.312555 -0.000002 0.000000 0.000000 0.000000 -0.439720
    7 0.729363 -0.000002 -0.000002 0.000000 0.000000 -0.244299
    8 3.942337 0.046767 -0.431443 -0.151780 0.073206 -0.810985
    9 1.539097 0.000000 0.000000 0.000000 0.000000 -0.247797
    10 1.196325 -0.000002 -0.000001 0.000000 0.000000 -0.430802
    11 3.883698 -0.046765 0.431443 0.085902 0.021830 -0.587867
    12 1.719570 -0.000004 -0.000001 0.000000 0.005516 -0.366478
    13 1.209169 -0.000004 0.000000 0.000000 0.003084 -0.216400
    14 3.859863 -0.137946 1.332466 0.354449 -0.042750 -0.531718
    15 1.719431 0.000002 0.000000 0.000000 0.004074 -0.363009
    16 1.099667 0.000000 -0.000001 0.000000 0.002596 -0.244331
    17 0.806053 -0.348926 1.321258 -1.222677 -0.679213 -0.788819
    18 1.789778 -0.000002 0.000002 0.000000 0.000000 0.228523
    19 1.207005 0.000000 0.000002 0.000000 0.000000 0.362860
    20 -0.544848 -4.983786 -4.527533 -1.668474 1.286518 2.942953
    21 6.028145 0.000000 0.000000 1.656533 0.062130 -1.067692
    22 11.692554 0.000001 0.000002 0.000000 0.000000 -1.554742
    23 11.481699 0.000001 0.000001 -1.191402 -0.115110 -0.508004
    24 3.859680 -0.132567 1.193109 0.466236 -0.158066 -0.878825
    25 1.312555 -0.000002 0.000002 0.000000 0.000000 -0.439672
    26 0.729365 0.000000 -0.000001 0.000000 0.000000 -0.244271
    27 3.942307 0.050327 0.431044 0.150078 -0.079191 -0.810205
    28 1.539099 -0.000002 0.000000 0.000000 0.000000 -0.247771
    29 1.196321 0.000010 0.000000 0.000000 0.000000 -0.430761
    30 3.883659 -0.050321 -0.431042 -0.085905 -0.026404 -0.587695
    31 1.719578 0.000002 0.000000 0.000000 -0.007974 -0.366437
    32 1.209185 0.000002 0.000000 0.000000 -0.004461 -0.216376
    33 3.859840 -0.148937 -1.331282 -0.341979 0.096477 -0.368145
    34 1.719421 0.000002 0.000000 0.000983 -0.009537 -0.616923
    35 1.099669 0.000002 -0.000001 0.001234 0.000295 -0.343850
    36 0.950558 -1.145017 -1.396461 1.240820 0.761473 -0.762689
    37 1.789782 0.000000 -0.000004 -0.002181 0.006783 0.126084
    38 1.206999 0.000002 0.000000 -0.000839 -0.000036 0.313995
    39 -3.658798 -17.516095 13.111532 -1.474870 -0.011499 0.045611
    40 0.025545 -1.273521 1.753304 0.000000 0.000000 0.000000
    41 0.001032 1.440453 -1.526783 0.000000 0.000000 0.000000
    42 0.004413 0.696487 -1.430595 0.000000 0.000000 0.000000
    43 0.580660 0.349014 -1.430595 0.000000 0.000000 0.000000
    44 0.583444 -0.305904 -1.430599 0.000000 0.000000 0.000000
    45 0.005318 -0.648720 -1.430599 0.000000 0.000000 0.000000
    46 -0.574618 -0.303123 -1.430601 0.000000 0.000000 0.000000
    47 -0.573714 0.348118 -1.430595 0.000000 0.000000 0.000000
    48 -0.029968 -0.059296 1.773438 -1.561870 -0.003783 0.018306
    49 0.041163 0.095589 -2.899426 -0.781108 -0.013985 0.002645
    50 0.081115 -2.496311 -0.915165 0.000000 0.000000 0.000000
    51 4.863281 2.800781 -18.203125 1.570792 0.000003 -0.000003
  time 73
    0 0.000000 -0.000006 0.000000 -1.570781 -1.391896 -1.570809
    1 1.208984 -4.433594 3.550781 1.596637 -1.286515 2.942961
    2 6.028141 0.000000 0.000000 -1.195109 0.288824 -1.112448
    3 11.692554 0.000001 0.000000 -0.000042 0.000042 -1.457059
    4 11.481670 0.000001 -0.000031 0.584912 -0.244611 0.261263
    5 3.859711 -0.142405 -1.191975 -0.468133 0.151533 -0.880197
    6 1.312555 -0.000002 0.000000 0.000000 0.000000 -0.439720
    7 0.729363 -0.000002 -0.000002 0.000000 0.000000 -0.244299
    8 3.942337 0.046767 -0.431443 -0.151780 0.073206 -0.810985
    9 1.539097 0.000000 0.000000 0.000000 0.000000 -0.247797
    10 1.196325 -0.000002 -0.000001 0.000000 0.000000 -0.430802
    11 3.883698 -0.046765 0.431443 0.085902 0.021830 -0.587867
    12 1.719570 -0.000004 -0.000001 0.000000 0.005516 -0.366478
    13 1.209169 -0.000004 0.000000 0.000000 0.003084 -0.216400
    14 3.859863 -0.137946 1.332466 0.354449 -0.042750 -0.531718
    15 1.719431 0.000002 0.000000 0.000000 0.004074 -0.363009
    16 1.099667 0.000000 -0.000001 0.000000 0.002596 -0.244331
    17 0.806053 -0.348926 1.321258 -1.222677 -0.679213 -0.788819
    18 1.789778 -0.000002 0.000002 0.000000 0.000000 0.228523
    19 1.207005 0.000000 0.000002 0.000000 0.000000 0.362860
    20 -0.560473 -4.964254 -4.523626 -1.668474 1.286518 2.942953
    21 6.028145 0.000000 0.000000 1.638425 0.053302 -1.067975
    22 11.692554 0.000001 0.000002 0.000000 0.000000 -1.553117
    23 11.481699 0.000001 0.000001 -1.274667 -0.135928 -0.520030
    24 3.859680 -0.132567 1.193109 0.466236 -0.158066 -0.878825
    25 1.312555 -0.000002 0.000002 0.000000 0.000000 -0.439672
    26 0.729365 0.000000 -0.000001 0.000000 0.000000 -0.244271
    27 3.942307 0.050327 0.431044 0.150078 -0.079191 -0.810205
    28 1.539099 -0.000002 0.000000 0.000000 0.000000 -0.247771
    29 1.196321 0.000010 0.000000 0.000000 0.000000 -0.430761
    30 3.883659 -0.050321 -0.431042 -0.085905 -0.026404 -0.587695
    31 1.719578 0.000002 0.000000 0.000000 -0.007974 -0.366437
    32 1.209185 0.000002 0.000000 0.000000 -0.004461 -0.216376
    33 3.859840 -0.148937 -1.331282 -0.342530 0.094535 -0.373762
    34 1.719421 0.000002 0.000000 0.000983 -0.009429 -0.613391
    35 1.099669 0.000002 -0.000001 0.001210 0.000235 -0.340461
    36 0.950558 -1.145017 -1.396461 1.241164 0.759295 -0.762200
    37 1.789782 0.000000 -0.000004 -0.002109 0.006615 0.129083
    38 1.206999 0.000002 0.000000 -0.000815 -0.000036 0.315411
    39 -3.662705 -18.316901 12.763865 4.508257 0.002284 0.052566
    40 0.025545 -1.273521 1.753304 0.000000 0.000000 0.000000
    41 0.001032 1.440453 -1.526783 0.000000 0.000000 0.000000
    42 0.004413 0.696487 -1.430595 0.000000 0.000000 0.000000
    43 0.580660 0.349014 -1.430595 0.000000 0.000000 0.000000
    44 0.583444 -0.305904 -1.430599 0.000000 0.000000 0.000000
    45 0.005318 -0.648720 -1.430599 0.000000 0.000000 0.000000
    46 -0.574618 -0.303123 -1.430601 0.000000 0.000000 0.000000
    47 -0.573714 0.348118 -1.430595 0.000000 0.000000 0.000000
    48 -0.029968 -0.059296 1.773438 -1.561870 -0.003783 0.018306
    49 0.041163 0.095589 -2.899426 -0.781108 -0.013985 0.002645
    50 0.081115 -2.496311 -0.915165 0.000000 0.000000 0.000000
    51 4.863281 2.800781 -18.203125 1.570792 0.000003 -0.000003
  time 74
    0 0.000000 -0.000006 0.000000 -1.570781 -1.391896 -1.570809
    1 1.208984 -4.433594 3.550781 1.596637 -1.286515 2.942961
    2 6.028141 0.000000 0.000000 -1.195109 0.288824 -1.112448
    3 11.692554 0.000001 0.000000 -0.000042 0.000042 -1.457059
    4 11.481670 0.000001 -0.000031 0.584912 -0.244611 0.261263
    5 3.859711 -0.142405 -1.191975 -0.468133 0.151533 -0.880197
    6 1.312555 -0.000002 0.000000 0.000000 0.000000 -0.439720
    7 0.729363 -0.000002 -0.000002 0.000000 0.000000 -0.244299
    8 3.942337 0.046767 -0.431443 -0.151780 0.073206 -0.810985
    9 1.539097 0.000000 0.000000 0.000000 0.000000 -0.247797
    10 1.196325 -0.000002 -0.000001 0.000000 0.000000 -0.430802
    11 3.883698 -0.046765 0.431443 0.085902 0.021830 -0.587867
    12 1.719570 -0.000004 -0.000001 0.000000 0.005516 -0.366478
    13 1.209169 -0.000004 0.000000 0.000000 0.003084 -0.216400
    14 3.859863 -0.137946 1.332466 0.354449 -0.042750 -0.531718
    15 1.719431 0.000002 0.000000 0.000000 0.004074 -0.363009
    16 1.099667 0.000000 -0.000001 0.000000 0.002596 -0.244331
    17 0.806053 -0.348926 1.321258 -1.222677 -0.679213 -0.788819
    18 1.789778 -0.000002 0.000002 0.000000 0.000000 0.228523
    19 1.207005 0.000000 0.000002 0.000000 0.000000 0.362860
    20 -0.576099 -4.944722 -4.519720 -1.668474 1.286518 2.942953
    21 6.028145 0.000000 0.000000 1.621659 0.044569 -1.067881
    22 11.692554 0.000001 0.000002 0.000000 0.000000 -1.552525
    23 11.481699 0.000001 0.000001 -1.369730 -0.158341 -0.527788
    24 3.859680 -0.132567 1.193109 0.466236 -0.158066 -0.878825
    25 1.312555 -0.000002 0.000002 0.000000 0.000000 -0.439672
    26 0.729365 0.000000 -0.000001 0.000000 0.000000 -0.244271
    27 3.942307 0.050327 0.431044 0.150078 -0.079191 -0.810205
    28 1.539099 -0.000002 0.000000 0.000000 0.000000 -0.247771
    29 1.196321 0.000010 0.000000 0.000000 0.000000 -0.430761
    30 3.883659 -0.050321 -0.431042 -0.085905 -0.026404 -0.587695
    31 1.719578 0.000002 0.000000 0.000000 -0.007974 -0.366437
    32 1.209185 0.000002 0.000000 0.000000 -0.004461 -0.216376
    33 3.859840 -0.148937 -1.331282 -0.343070 0.092606 -0.379347
    34 1.719421 0.000002 0.000000 0.000983 -0.009333 -0.609798
    35 1.099669 0.000002 -0.000001 0.001198 0.000187 -0.337094
    36 0.950558 -1.145017 -1.396461 1.241486 0.757080 -0.761739
    37 1.789782 0.000000 -0.000004 -0.002037 0.006447 0.132082
    38 1.206999 0.000002 0.000000 -0.000791 -0.000036 0.316855
    39 -3.662705 -19.125520 12.572453 4.207713 0.017505 0.055174
    40 0.025545 -1.273521 1.753304 0.000000 0.000000 0.000000
    41 0.001032 1.440453 -1.526783 0.000000 0.000000 0.000000
    42 0.004413 0.696487 -1.430595 0.000000 0.000000 0.000000
    43 0.580660 0.349014 -1.430595 0.000000 0.000000 0.000000
    44 0.583444 -0.305904 -1.430599 0.000000 0.000000 0.000000
    45 0.005318 -0.648720 -1.430599 0.000000 0.000000 0.000000
    46 -0.574618 -0.303123 -1.430601 0.000000 0.000000 0.000000
    47 -0.573714 0.348118 -1.430595 0.000000 0.000000 0.000000
    48 -0.029968 -0.059296 1.773438 -1.561870 -0.003783 0.018306
    49 0.041163 0.095589 -2.899426 -0.781108 -0.013985 0.002645
    50 0.081115 -2.496311 -0.915165 0.000000 0.000000 0.000000
    51 4.863281 2.800781 -18.203125 1.570792 0.000003 -0.000003
  time 75
    0 0.000000 -0.000006 0.000000 -1.570781 -1.391896 -1.570809
    1 1.208984 -4.433594 3.550781 1.596637 -1.286515 2.942961
    2 6.028141 0.000000 0.000000 -1.195109 0.288824 -1.112448
    3 11.692554 0.000001 0.000000 -0.000042 0.000042 -1.457059
    4 11.481670 0.000001 -0.000031 0.584912 -0.244611 0.261263
    5 3.859711 -0.142405 -1.191975 -0.468133 0.151533 -0.880197
    6 1.312555 -0.000002 0.000000 0.000000 0.000000 -0.439720
    7 0.729363 -0.000002 -0.000002 0.000000 0.000000 -0.244299
    8 3.942337 0.046767 -0.431443 -0.151780 0.073206 -0.810985
    9 1.539097 0.000000 0.000000 0.000000 0.000000 -0.247797
    10 1.196325 -0.000002 -0.000001 0.000000 0.000000 -0.430802
    11 3.883698 -0.046765 0.431443 0.085902 0.021830 -0.587867
    12 1.719570 -0.000004 -0.000001 0.000000 0.005516 -0.366478
    13 1.209169 -0.000004 0.000000 0.000000 0.003084 -0.216400
    14 3.859863 -0.137946 1.332466 0.354449 -0.042750 -0.531718
    15 1.719431 0.000002 0.000000 0.000000 0.004074 -0.363009
    16 1.099667 0.000000 -0.000001 0.000000 0.002596 -0.244331
    17 0.806053 -0.348926 1.321258 -1.222677 -0.679213 -0.788819
    18 1.789778 -0.000002 0.000002 0.000000 0.000000 0.228523
    19 1.207005 0.000000 0.000002 0.000000 0.000000 0.362860
    20 -0.591724 -4.925190 -4.511907 -1.668474 1.286518 2.942953
    21 6.028145 0.000000 0.000000 1.606139 0.035980 -1.067598
    22 11.692554 0.000001 0.000002 0.000000 0.000000 -1.553117
    23 11.481699 0.000001 0.000001 -1.476366 -0.181961 -0.530552
    24 3.859680 -0.132567 1.193109 0.466236 -0.158066 -0.878825
    25 1.312555 -0.000002 0.000002 0.000000 0.000000 -0.439672
    26 0.729365 0.000000 -0.000001 0.000000 0.000000 -0.244271
    27 3.942307 0.050327 0.431044 0.150078 -0.079191 -0.810205
    28 1.539099 -0.000002 0.000000 0.000000 0.000000 -0.247771
    29 1.196321 0.000010 0.000000 0.000000 0.000000 -0.430761
    30 3.883659 -0.050321 -0.431042 -0.085905 -0.026404 -0.587695
    31 1.719578 0.000002 0.000000 0.000000 -0.007974 -0.366437
    32 1.209185 0.000002 0.000000 0.000000 -0.004461 -0.216376
    33 3.859840 -0.148937 -1.331282 -0.343597 0.090688 -0.384872
    34 1.719421 0.000002 0.000000 0.000971 -0.009237 -0.606144
    35 1.099669 0.000002 -0.000001 0.001174 0.000128 -0.333750
    36 0.950558 -1.145017 -1.396461 1.241784 0.754847 -0.761336
    37 1.789782 0.000000 -0.000004 -0.001965 0.006280 0.135109
    38 1.206999 0.000002 0.000000 -0.000767 -0.000036 0.318300
    39 -3.666611 -19.867730 12.541202 3.906499 0.032818 0.053087
    40 0.025545 -1.273521 1.753304 0.000000 0.000000 0.000000
    41 0.001032 1.440453 -1.526783 0.000000 0.000000 0.000000
    42 0.004413 0.696487 -1.430595 0.000000 0.000000 0.000000
    43 0.580660 0.349014 -1.430595 0.000000 0.000000 0.000000
    44 0.583444 -0.305904 -1.430599 0.000000 0.000000 0.000000
    45 0.005318 -0.648720 -1.430599 0.000000 0.000000 0.000000
    46 -0.574618 -0.303123 -1.430601 0.000000 0.000000 0.000000
    47 -0.573714 0.348118 -1.430595 0.000000 0.000000 0.000000
    48 -0.029968 -0.059296 1.773438 -1.561870 -0.003783 0.018306
    49 0.041163 0.095589 -2.899426 -0.781108 -0.013985 0.002645
    50 0.081115 -2.496311 -0.915165 0.000000 0.000000 0.000000
    51 4.863281 2.800781 -18.203125 1.570792 0.000003 -0.000003
  time 76
    0 0.000000 -0.000006 0.000000 -1.570781 -1.391896 -1.570809
    1 1.208984 -4.433594 3.550781 1.596637 -1.286515 2.942961
    2 6.028141 0.000000 0.000000 -1.195109 0.288824 -1.112448
    3 11.692554 0.000001 0.000000 -0.000042 0.000042 -1.457059
    4 11.481670 0.000001 -0.000031 0.584912 -0.244611 0.261263
    5 3.859711 -0.142405 -1.191975 -0.468133 0.151533 -0.880197
    6 1.312555 -0.000002 0.000000 0.000000 0.000000 -0.439720
    7 0.729363 -0.000002 -0.000002 0.000000 0.000000 -0.244299
    8 3.942337 0.046767 -0.431443 -0.151780 0.073206 -0.810985
    9 1.539097 0.000000 0.000000 0.000000 0.000000 -0.247797
    10 1.196325 -0.000002 -0.000001 0.000000 0.000000 -0.430802
    11 3.883698 -0.046765 0.431443 0.085902 0.021830 -0.587867
    12 1.719570 -0.000004 -0.000001 0.000000 0.005516 -0.366478
    13 1.209169 -0.000004 0.000000 0.000000 0.003084 -0.216400
    14 3.859863 -0.137946 1.332466 0.354449 -0.042750 -0.531718
    15 1.719431 0.000002 0.000000 0.000000 0.004074 -0.363009
    16 1.099667 0.000000 -0.000001 0.000000 0.002596 -0.244331
    17 0.806053 -0.348926 1.321258 -1.222677 -0.679213 -0.788819
    18 1.789778 -0.000002 0.000002 0.000000 0.000000 0.228523
    19 1.207005 0.000000 0.000002 0.000000 0.000000 0.362860
    20 -0.607350 -4.905658 -4.508001 -1.668474 1.286518 2.942953
    21 6.028145 0.000000 0.000000 1.591960 0.027390 -1.067128
    22 11.692554 0.000001 0.000002 0.000000 0.000000 -1.554890
    23 11.481699 0.000001 0.000001 -1.593953 -0.206012 -0.527594
    24 3.859680 -0.132567 1.193109 0.466236 -0.158066 -0.878825
    25 1.312555 -0.000002 0.000002 0.000000 0.000000 -0.439672
    26 0.729365 0.000000 -0.000001 0.000000 0.000000 -0.244271
    27 3.942307 0.050327 0.431044 0.150078 -0.079191 -0.810205
    28 1.539099 -0.000002 0.000000 0.000000 0.000000 -0.247771
    29 1.196321 0.000010 0.000000 0.000000 0.000000 -0.430761
    30 3.883659 -0.050321 -0.431042 -0.085905 -0.026404 -0.587695
    31 1.719578 0.000002 0.000000 0.000000 -0.007974 -0.366437
    32 1.209185 0.000002 0.000000 0.000000 -0.004461 -0.216376
    33 3.859840 -0.148937 -1.331282 -0.344100 0.088782 -0.390334
    34 1.719421 0.000002 0.000000 0.000971 -0.009130 -0.602429
    35 1.099669 0.000002 -0.000001 0.001162 0.000068 -0.330452
    36 0.950558 -1.145017 -1.396461 1.242060 0.752596 -0.760934
    37 1.789782 0.000000 -0.000004 -0.001893 0.006112 0.138136
    38 1.206999 0.000002 0.000000 -0.000743 -0.000024 0.319744
    39 -3.666611 -20.473217 12.638862 3.604519 0.046879 0.046567
    40 0.025545 -1.273521 1.753304 0.000000 0.000000 0.000000
    41 0.001032 1.440453 -1.526783 0.000000 0.000000 0.000000
    42 0.004413 0.696487 -1.430595 0.000000 0.000000 0.000000
    43 0.580660 0.349014 -1.430595 0.000000 0.000000 0.000000
    44 0.583444 -0.305904 -1.430599 0.000000 0.000000 0.000000
    45 0.005318 -0.648720 -1.430599 0.000000 0.000000 0.000000
    46 -0.574618 -0.303123 -1.430601 0.000000 0.000000 0.000000
    47 -0.573714 0.348118 -1.430595 0.000000 0.000000 0.000000
    48 -0.029968 -0.059296 1.773438 -1.561870 -0.003783 0.018306
    49 0.041163 0.095589 -2.899426 -0.781108 -0.013985 0.002645
    50 0.081115 -2.496311 -0.915165 0.000000 0.000000 0.000000
    51 4.863281 2.800781 -18.203125 1.570792 0.000003 -0.000003
  time 77
    0 0.000000 -0.000006 0.000000 -1.570781 -1.391896 -1.570809
    1 1.208984 -4.433594 3.550781 1.596637 -1.286515 2.942961
    2 6.028141 0.000000 0.000000 -1.195109 0.288824 -1.112448
    3 11.692554 0.000001 0.000000 -0.000042 0.000042 -1.457059
    4 11.481670 0.000001 -0.000031 0.584912 -0.244611 0.261263
    5 3.859711 -0.142405 -1.191975 -0.468133 0.151533 -0.880197
    6 1.312555 -0.000002 0.000000 0.000000 0.000000 -0.439720
    7 0.729363 -0.000002 -0.000002 0.000000 0.000000 -0.244299
    8 3.942337 0.046767 -0.431443 -0.151780 0.073206 -0.810985
    9 1.539097 0.000000 0.000000 0.000000 0.000000 -0.247797
    10 1.196325 -0.000002 -0.000001 0.000000 0.000000 -0.430802
    11 3.883698 -0.046765 0.431443 0.085902 0.021830 -0.587867
    12 1.719570 -0.000004 -0.000001 0.000000 0.005516 -0.366478
    13 1.209169 -0.000004 0.000000 0.000000 0.003084 -0.216400
    14 3.859863 -0.137946 1.332466 0.354449 -0.042750 -0.531718
    15 1.719431 0.000002 0.000000 0.000000 0.004074 -0.363009
    16 1.099667 0.000000 -0.000001 0.000000 0.002596 -0.244331
    17 0.806053 -0.348926 1.321258 -1.222677 -0.679213 -0.788819
    18 1.789778 -0.000002 0.000002 0.000000 0.000000 0.228523
    19 1.207005 0.000000 0.000002 0.000000 0.000000 0.362860
    20 -0.622975 -4.890033 -4.504095 -1.668474 1.286518 2.942953
    21 6.028145 0.000000 0.000000 1.578834 0.018896 -1.066469
    22 11.692554 0.000001 0.000002 0.000000 0.000000 -1.557771
    23 11.481699 0.000001 0.000001 -1.721475 -0.229459 -0.518429
    24 3.859680 -0.132567 1.193109 0.466236 -0.158066 -0.878825
    25 1.312555 -0.000002 0.000002 0.000000 0.000000 -0.439672
    26 0.729365 0.000000 -0.000001 0.000000 0.000000 -0.244271
    27 3.942307 0.050327 0.431044 0.150078 -0.079191 -0.810205
    28 1.539099 -0.000002 0.000000 0.000000 0.000000 -0.247771
    29 1.196321 0.000010 0.000000 0.000000 0.000000 -0.430761
    30 3.883659 -0.050321 -0.431042 -0.085905 -0.026404 -0.587695
    31 1.719578 0.000002 0.000000 0.000000 -0.007974 -0.366437
    32 1.209185 0.000002 0.000000 0.000000 -0.004461 -0.216376
    33 3.859840 -0.148937 -1.331282 -0.344592 0.086901 -0.395767
    34 1.719421 0.000002 0.000000 0.000959 -0.009034 -0.598623
    35 1.099669 0.000002 -0.000001 0.001139 0.000008 -0.327177
    36 0.950558 -1.145017 -1.396461 1.242336 0.750345 -0.760560
    37 1.789782 0.000000 -0.000004 -0.001822 0.005944 0.141164
    38 1.206999 0.000002 0.000000 -0.000719 -0.000024 0.321188
    39 -3.666611 -20.895105 12.818555 3.301773 0.058388 0.036048
    40 0.025545 -1.273521 1.753304 0.000000 0.000000 0.000000
    41 0.001032 1.440453 -1.526783 0.000000 0.000000 0.000000
    42 0.004413 0.696487 -1.430595 0.000000 0.000000 0.000000
    43 0.580660 0.349014 -1.430595 0.000000 0.000000 0.000000
    44 0.583444 -0.305904 -1.430599 0.000000 0.000000 0.000000
    45 0.005318 -0.648720 -1.430599 0.000000 0.000000 0.000000
    46 -0.574618 -0.303123 -1.430601 0.000000 0.000000 0.000000
    47 -0.573714 0.348118 -1.430595 0.000000 0.000000 0.000000
    48 -0.029968 -0.059296 1.773438 -1.561870 -0.003783 0.018306
    49 0.041163 0.095589 -2.899426 -0.781108 -0.013985 0.002645
    50 0.081115 -2.496311 -0.915165 0.000000 0.000000 0.000000
    51 4.863281 2.800781 -18.203125 1.570792 0.000003 -0.000003
  time 78
    0 0.000000 -0.000006 0.000000 -1.570781 -1.391896 -1.570809
    1 1.208984 -4.433594 3.550781 1.596637 -1.286515 2.942961
    2 6.028141 0.000000 0.000000 -1.195109 0.288824 -1.112448
    3 11.692554 0.000001 0.000000 -0.000042 0.000042 -1.457059
    4 11.481670 0.000001 -0.000031 0.584912 -0.244611 0.261263
    5 3.859711 -0.142405 -1.191975 -0.468133 0.151533 -0.880197
    6 1.312555 -0.000002 0.000000 0.000000 0.000000 -0.439720
    7 0.729363 -0.000002 -0.000002 0.000000 0.000000 -0.244299
    8 3.942337 0.046767 -0.431443 -0.151780 0.073206 -0.810985
    9 1.539097 0.000000 0.000000 0.000000 0.000000 -0.247797
    10 1.196325 -0.000002 -0.000001 0.000000 0.000000 -0.430802
    11 3.883698 -0.046765 0.431443 0.085902 0.021830 -0.587867
    12 1.719570 -0.000004 -0.000001 0.000000 0.005516 -0.366478
    13 1.209169 -0.000004 0.000000 0.000000 0.003084 -0.216400
    14 3.859863 -0.137946 1.332466 0.354449 -0.042750 -0.531718
    15 1.719431 0.000002 0.000000 0.000000 0.004074 -0.363009
    16 1.099667 0.000000 -0.000001 0.000000 0.002596 -0.244331
    17 0.806053 -0.348926 1.321258 -1.222677 -0.679213 -0.788819
    18 1.789778 -0.000002 0.000002 0.000000 0.000000 0.228523
    19 1.207005 0.000000 0.000002 0.000000 0.000000 0.362860
    20 -0.638601 -4.870501 -4.496282 -1.668474 1.286518 2.942953
    21 6.028145 0.000000 0.000000 1.566763 0.010498 -1.065623
    22 11.692554 0.000001 0.000002 0.000000 0.000000 -1.561687
    23 11.481699 0.000001 0.000001 -1.857465 -0.251010 -0.502961
    24 3.859680 -0.132567 1.193109 0.466236 -0.158066 -0.878825
    25 1.312555 -0.000002 0.000002 0.000000 0.000000 -0.439672
    26 0.729365 0.000000 -0.000001 0.000000 0.000000 -0.244271
    27 3.942307 0.050327 0.431044 0.150078 -0.079191 -0.810205
    28 1.539099 -0.000002 0.000000 0.000000 0.000000 -0.247771
    29 1.196321 0.000010 0.000000 0.000000 0.000000 -0.430761
    30 3.883659 -0.050321 -0.431042 -0.085905 -0.026404 -0.587695
    31 1.719578 0.000002 0.000000 0.000000 -0.007974 -0.366437
    32 1.209185 0.000002 0.000000 0.000000 -0.004461 -0.216376
    33 3.859840 -0.148937 -1.331282 -0.345071 0.085031 -0.401107
    34 1.719421 0.000002 0.000000 0.000947 -0.008938 -0.594755
    35 1.099669 0.000002 -0.000001 0.001127 -0.000052 -0.323947
    36 0.950558 -1.145017 -1.396461 1.242565 0.748094 -0.760214
    37 1.789782 0.000000 -0.000004 -0.001750 0.005764 0.144191
    38 1.206999 0.000002 0.000000 -0.000695 -0.000024 0.322632
    39 -3.670517 -21.086517 13.025592 2.998357 0.066230 0.022661
    40 0.025545 -1.273521 1.753304 0.000000 0.000000 0.000000
    41 0.001032 1.440453 -1.526783 0.000000 0.000000 0.000000
    42 0.004413 0.696487 -1.430595 0.000000 0.000000 0.000000
    43 0.580660 0.349014 -1.430595 0.000000 0.000000 0.000000
    44 0.583444 -0.305904 -1.430599 0.000000 0.000000 0.000000
    45 0.005318 -0.648720 -1.430599 0.000000 0.000000 0.000000
    46 -0.574618 -0.303123 -1.430601 0.000000 0.000000 0.000000
    47 -0.573714 0.348118 -1.430595 0.000000 0.000000 0.000000
    48 -0.029968 -0.059296 1.773438 -1.561870 -0.003783 0.018306
    49 0.041163 0.095589 -2.899426 -0.781108 -0.013985 0.002645
    50 0.081115 -2.496311 -0.915165 0.000000 0.000000 0.000000
    51 4.863281 2.800781 -18.203125 1.570792 0.000003 -0.000003
  time 79
    0 0.000000 -0.000006 0.000000 -1.570781 -1.391896 -1.570809
    1 1.208984 -4.433594 3.550781 1.596637 -1.286515 2.942961
    2 6.028141 0.000000 0.000000 -1.195109 0.288824 -1.112448
    3 11.692554 0.000001 0.000000 -0.000042 0.000042 -1.457059
    4 11.481670 0.000001 -0.000031 0.584912 -0.244611 0.261263
    5 3.859711 -0.142405 -1.191975 -0.468133 0.151533 -0.880197
    6 1.312555 -0.000002 0.000000 0.000000 0.000000 -0.439720
    7 0.729363 -0.000002 -0.000002 0.000000 0.000000 -0.244299
    8 3.942337 0.046767 -0.431443 -0.151780 0.073206 -0.810985
    9 1.539097 0.000000 0.000000 0.000000 0.000000 -0.247797
    10 1.196325 -0.000002 -0.000001 0.000000 0.000000 -0.430802
    11 3.883698 -0.046765 0.431443 0.085902 0.021830 -0.587867
    12 1.719570 -0.000004 -0.000001 0.000000 0.005516 -0.366478
    13 1.209169 -0.000004 0.000000 0.000000 0.003084 -0.216400
    14 3.859863 -0.137946 1.332466 0.354449 -0.042750 -0.531718
    15 1.719431 0.000002 0.000000 0.000000 0.004074 -0.363009
    16 1.099667 0.000000 -0.000001 0.000000 0.002596 -0.244331
    17 0.806053 -0.348926 1.321258 -1.222677 -0.679213 -0.788819
    18 1.789778 -0.000002 0.000002 0.000000 0.000000 0.228523
    19 1.207005 0.000000 0.000002 0.000000 0.000000 0.362860
    20 -0.654226 -4.850969 -4.492375 -1.668474 1.286518 2.942953
    21 6.028145 0.000000 0.000000 1.555745 0.002147 -1.064682
    22 11.692554 0.000001 0.000002 0.000000 0.000000 -1.566638
    23 11.481699 0.000001 0.000001 -1.999665 -0.269285 -0.481529
    24 3.859680 -0.132567 1.193109 0.466236 -0.158066 -0.878825
    25 1.312555 -0.000002 0.000002 0.000000 0.000000 -0.439672
    26 0.729365 0.000000 -0.000001 0.000000 0.000000 -0.244271
    27 3.942307 0.050327 0.431044 0.150078 -0.079191 -0.810205
    28 1.539099 -0.000002 0.000000 0.000000 0.000000 -0.247771
    29 1.196321 0.000010 0.000000 0.000000 0.000000 -0.430761
    30 3.883659 -0.050321 -0.431042 -0.085905 -0.026404 -0.587695
    31 1.719578 0.000002 0.000000 0.000000 -0.007974 -0.366437
    32 1.209185 0.000002 0.000000 0.000000 -0.004461 -0.216376
    33 3.859840 -0.148937 -1.331282 -0.345539 0.083174 -0.406416
    34 1.719421 0.000002 0.000000 0.000947 -0.008842 -0.590827
    35 1.099669 0.000002 -0.000001 0.001103 -0.000124 -0.320741
    36 0.950558 -1.145017 -1.396461 1.242772 0.745825 -0.759898
    37 1.789782 0.000000 -0.000004 -0.001678 0.005597 0.147218
    38 1.206999 0.000002 0.000000 -0.000671 -0.000024 0.324077
    39 -3.678330 -21.031828 13.189660 2.694272 0.069757 0.007447
    40 0.025545 -1.273521 1.753304 0.000000 0.000000 0.000000
    41 0.001032 1.440453 -1.526783 0.000000 0.000000 0.000000
    42 0.004413 0.696487 -1.430595 0.000000 0.000000 0.000000
    43 0.580660 0.349014 -1.430595 0.000000 0.000000 0.000000
    44 0.583444 -0.305904 -1.430599 0.000000 0.000000 0.000000
    45 0.005318 -0.648720 -1.430599 0.000000 0.000000 0.000000
    46 -0.574618 -0.303123 -1.430601 0.000000 0.000000 0.000000
    47 -0.573714 0.348118 -1.430595 0.000000 0.000000 0.000000
    48 -0.029968 -0.059296 1.773438 -1.561870 -0.003783 0.018306
    49 0.041163 0.095589 -2.899426 -0.781108 -0.013985 0.002645
    50 0.081115 -2.496311 -0.915165 0.000000 0.000000 0.000000
    51 4.863281 2.800781 -18.203125 1.570792 0.000003 -0.000003
  time 80
    0 0.000000 -0.000006 0.000000 -1.570781 -1.391896 -1.570809
    1 1.208984 -4.433594 3.550781 1.596637 -1.286515 2.942961
    2 6.028141 0.000000 0.000000 -1.195109 0.288824 -1.112448
    3 11.692554 0.000001 0.000000 -0.000042 0.000042 -1.457059
    4 11.481670 0.000001 -0.000031 0.584912 -0.244611 0.261263
    5 3.859711 -0.142405 -1.191975 -0.468133 0.151533 -0.880197
    6 1.312555 -0.000002 0.000000 0.000000 0.000000 -0.439720
    7 0.729363 -0.000002 -0.000002 0.000000 0.000000 -0.244299
    8 3.942337 0.046767 -0.431443 -0.151780 0.073206 -0.810985
    9 1.539097 0.000000 0.000000 0.000000 0.000000 -0.247797
    10 1.196325 -0.000002 -0.000001 0.000000 0.000000 -0.430802
    11 3.883698 -0.046765 0.431443 0.085902 0.021830 -0.587867
    12 1.719570 -0.000004 -0.000001 0.000000 0.005516 -0.366478
    13 1.209169 -0.000004 0.000000 0.000000 0.003084 -0.216400
    14 3.859863 -0.137946 1.332466 0.354449 -0.042750 -0.531718
    15 1.719431 0.000002 0.000000 0.000000 0.004074 -0.363009
    16 1.099667 0.000000 -0.000001 0.000000 0.002596 -0.244331
    17 0.806053 -0.348926 1.321258 -1.222677 -0.679213 -0.788819
    18 1.789778 -0.000002 0.000002 0.000000 0.000000 0.228523
    19 1.207005 0.000000 0.000002 0.000000 0.000000 0.362860
    20 -0.669852 -4.831437 -4.488469 -1.668474 1.286518 2.942953
    21 6.028145 0.000000 0.000000 1.545494 -0.006252 -1.063553
    22 11.692554 0.000001 0.000002 0.000000 0.000000 -1.572844
    23 11.481699 0.000001 0.000001 -2.145252 -0.283121 -0.454908
    24 3.859680 -0.132567 1.193109 0.466236 -0.158066 -0.878825
    25 1.312555 -0.000002 0.000002 0.000000 0.000000 -0.439672
    26 0.729365 0.000000 -0.000001 0.000000 0.000000 -0.244271
    27 3.942307 0.050327 0.431044 0.150078 -0.079191 -0.810205
    28 1.539099 -0.000002 0.000000 0.000000 0.000000 -0.247771
    29 1.196321 0.000010 0.000000 0.000000 0.000000 -0.430761
    30 3.883659 -0.050321 -0.431042 -0.085905 -0.026404 -0.587695
    31 1.719578 0.000002 0.000000 0.000000 -0.007974 -0.366437
    32 1.209185 0.000002 0.000000 0.000000 -0.004461 -0.216376
    33 3.859840 -0.148937 -1.331282 -0.345994 0.081352 -0.411664
    34 1.719421 0.000002 0.000000 0.000935 -0.008746 -0.586808
    35 1.099669 0.000002 -0.000001 0.001091 -0.000184 -0.317580
    36 0.950558 -1.145017 -1.396461 1.242979 0.743556 -0.759610
    37 1.789782 0.000000 -0.000004 -0.001606 0.005429 0.150245
    38 1.206999 0.000002 0.000000 -0.000647 -0.000024 0.325521
    39 -3.693956 -20.738850 13.244349 2.389899 0.068504 -0.008201
    40 0.025545 -1.273521 1.753304 0.000000 0.000000 0.000000
    41 0.001032 1.440453 -1.526783 0.000000 0.000000 0.000000
    42 0.004413 0.696487 -1.430595 0.000000 0.000000 0.000000
    43 0.580660 0.349014 -1.430595 0.000000 0.000000 0.000000
    44 0.583444 -0.305904 -1.430599 0.000000 0.000000 0.000000
    45 0.005318 -0.648720 -1.430599 0.000000 0.000000 0.000000
    46 -0.574618 -0.303123 -1.430601 0.000000 0.000000 0.000000
    47 -0.573714 0.348118 -1.430595 0.000000 0.000000 0.000000
    48 -0.029968 -0.059296 1.773438 -1.561870 -0.003783 0.018306
    49 0.041163 0.095589 -2.899426 -0.781108 -0.013985 0.002645
    50 0.081115 -2.496311 -0.915165 0.000000 0.000000 0.000000
    51 4.863281 2.800781 -18.203125 1.570792 0.000003 -0.000003
  time 81
    0 0.000000 -0.000006 0.000000 -1.570781 -1.391896 -1.570809
    1 1.208984 -4.433594 3.550781 1.596637 -1.286515 2.942961
    2 6.028141 0.000000 0.000000 -1.195109 0.288824 -1.112448
    3 11.692554 0.000001 0.000000 -0.000042 0.000042 -1.457059
    4 11.481670 0.000001 -0.000031 0.584912 -0.244611 0.261263
    5 3.859711 -0.142405 -1.191975 -0.468133 0.151533 -0.880197
    6 1.312555 -0.000002 0.000000 0.000000 0.000000 -0.439720
    7 0.729363 -0.000002 -0.000002 0.000000 0.000000 -0.244299
    8 3.942337 0.046767 -0.431443 -0.151780 0.073206 -0.810985
    9 1.539097 0.000000 0.000000 0.000000 0.000000 -0.247797
    10 1.196325 -0.000002 -0.000001 0.000000 0.000000 -0.430802
    11 3.883698 -0.046765 0.431443 0.085902 0.021830 -0.587867
    12 1.719570 -0.000004 -0.000001 0.000000 0.005516 -0.366478
    13 1.209169 -0.000004 0.000000 0.000000 0.003084 -0.216400
    14 3.859863 -0.137946 1.332466 0.354449 -0.042750 -0.531718
    15 1.719431 0.000002 0.000000 0.000000 0.004074 -0.363009
    16 1.099667 0.000000 -0.000001 0.000000 0.002596 -0.244331
    17 0.806053 -0.348926 1.321258 -1.222677 -0.679213 -0.788819
    18 1.789778 -0.000002 0.000002 0.000000 0.000000 0.228523
    19 1.207005 0.000000 0.000002 0.000000 0.000000 0.362860
    20 -0.685477 -4.811906 -4.480656 -1.668474 1.286518 2.942953
    21 6.028145 0.000000 0.000000 1.536201 -0.014268 -1.062330
    22 11.692554 0.000001 0.000002 0.000000 0.000000 -1.579790
    23 11.481699 0.000001 0.000001 -2.291064 -0.291569 -0.424651
    24 3.859680 -0.132567 1.193109 0.466236 -0.158066 -0.878825
    25 1.312555 -0.000002 0.000002 0.000000 0.000000 -0.439672
    26 0.729365 0.000000 -0.000001 0.000000 0.000000 -0.244271
    27 3.942307 0.050327 0.431044 0.150078 -0.079191 -0.810205
    28 1.539099 -0.000002 0.000000 0.000000 0.000000 -0.247771
    29 1.196321 0.000010 0.000000 0.000000 0.000000 -0.430761
    30 3.883659 -0.050321 -0.431042 -0.085905 -0.026404 -0.587695
    31 1.719578 0.000002 0.000000 0.000000 -0.007974 -0.366437
    32 1.209185 0.000002 0.000000 0.000000 -0.004461 -0.216376
    33 3.859840 -0.148937 -1.331282 -0.346425 0.079542 -0.416820
    34 1.719421 0.000002 0.000000 0.000923 -0.008650 -0.582758
    35 1.099669 0.000002 -0.000001 0.001067 -0.000256 -0.314442
    36 0.950558 -1.145017 -1.396461 1.243140 0.741270 -0.759380
    37 1.789782 0.000000 -0.000004 -0.001546 0.005249 0.153273
    38 1.206999 0.000002 0.000000 -0.000623 -0.000024 0.326965
    39 -3.713488 -20.231022 13.127158 2.085431 0.062703 -0.022719
    40 0.025545 -1.273521 1.753304 0.000000 0.000000 0.000000
    41 0.001032 1.440453 -1.526783 0.000000 0.000000 0.000000
    42 0.004413 0.696487 -1.430595 0.000000 0.000000 0.000000
    43 0.580660 0.349014 -1.430595 0.000000 0.000000 0.000000
    44 0.583444 -0.305904 -1.430599 0.000000 0.000000 0.000000
    45 0.005318 -0.648720 -1.430599 0.000000 0.000000 0.000000
    46 -0.574618 -0.303123 -1.430601 0.000000 0.000000 0.000000
    47 -0.573714 0.348118 -1.430595 0.000000 0.000000 0.000000
    48 -0.029968 -0.059296 1.773438 -1.561870 -0.003783 0.018306
    49 0.041163 0.095589 -2.899426 -0.781108 -0.013985 0.002645
    50 0.081115 -2.496311 -0.915165 0.000000 0.000000 0.000000
    51 4.863281 2.800781 -18.203125 1.570792 0.000003 -0.000003
  time 82
    0 0.000000 -0.000006 0.000000 -1.570781 -1.391896 -1.570809
    1 1.208984 -4.433594 3.550781 1.596637 -1.286515 2.942961
    2 6.028141 0.000000 0.000000 -1.195109 0.288824 -1.112448
    3 11.692554 0.000001 0.000000 -0.000042 0.000042 -1.457059
    4 11.481670 0.000001 -0.000031 0.584912 -0.244611 0.261263
    5 3.859711 -0.142405 -1.191975 -0.468133 0.151533 -0.880197
    6 1.312555 -0.000002 0.000000 0.000000 0.000000 -0.439720
    7 0.729363 -0.000002 -0.000002 0.000000 0.000000 -0.244299
    8 3.942337 0.046767 -0.431443 -0.151780 0.073206 -0.810985
    9 1.539097 0.000000 0.000000 0.000000 0.000000 -0.247797
    10 1.196325 -0.000002 -0.000001 0.000000 0.000000 -0.430802
    11 3.883698 -0.046765 0.431443 0.085902 0.021830 -0.587867
    12 1.719570 -0.000004 -0.000001 0.000000 0.005516 -0.366478
    13 1.209169 -0.000004 0.000000 0.000000 0.003084 -0.216400
    14 3.859863 -0.137946 1.332466 0.354449 -0.042750 -0.531718
    15 1.719431 0.000002 0.000000 0.000000 0.004074 -0.363009
    16 1.099667 0.000000 -0.000001 0.000000 0.002596 -0.244331
    17 0.806053 -0.348926 1.321258 -1.222677 -0.679213 -0.788819
    18 1.789778 -0.000002 0.000002 0.000000 0.000000 0.228523
    19 1.207005 0.000000 0.000002 0.000000 0.000000 0.362860
    20 -0.701102 -4.796280 -4.476750 -1.668474 1.286518 2.942953
    21 6.028145 0.000000 0.000000 1.527578 -0.022142 -1.061107
    22 11.692554 0.000001 0.000002 0.000000 0.000000 -1.587548
    23 11.481699 0.000001 0.000001 -2.433603 -0.294198 -0.392309
    24 3.859680 -0.132567 1.193109 0.466236 -0.158066 -0.878825
    25 1.312555 -0.000002 0.000002 0.000000 0.000000 -0.439672
    26 0.729365 0.000000 -0.000001 0.000000 0.000000 -0.244271
    27 3.942307 0.050327 0.431044 0.150078 -0.079191 -0.810205
    28 1.539099 -0.000002 0.000000 0.000000 0.000000 -0.247771
    29 1.196321 0.000010 0.000000 0.000000 0.000000 -0.430761
    30 3.883659 -0.050321 -0.431042 -0.085905 -0.026404 -0.587695
    31 1.719578 0.000002 0.000000 0.000000 -0.007974 -0.366437
    32 1.209185 0.000002 0.000000 0.000000 -0.004461 -0.216376
    33 3.859840 -0.148937 -1.331282 -0.346845 0.077745 -0.421915
    34 1.719421 0.000002 0.000000 0.000923 -0.008566 -0.578586
    35 1.099669 0.000002 -0.000001 0.001055 -0.000316 -0.311373
    36 0.950558 -1.145017 -1.396461 1.243278 0.739001 -0.759179
    37 1.789782 0.000000 -0.000004 -0.001474 0.005081 0.156271
    38 1.206999 0.000002 0.000000 -0.000587 -0.000012 0.328409
    39 -3.744738 -19.555220 12.791210 1.780962 0.052819 -0.034802
    40 0.025545 -1.273521 1.753304 0.000000 0.000000 0.000000
    41 0.001032 1.440453 -1.526783 0.000000 0.000000 0.000000
    42 0.004413 0.696487 -1.430595 0.000000 0.000000 0.000000
    43 0.580660 0.349014 -1.430595 0.000000 0.000000 0.000000
    44 0.583444 -0.305904 -1.430599 0.000000 0.000000 0.000000
    45 0.005318 -0.648720 -1.430599 0.000000 0.000000 0.000000
    46 -0.574618 -0.303123 -1.430601 0.000000 0.000000 0.000000
    47 -0.573714 0.348118 -1.430595 0.000000 0.000000 0.000000
    48 -0.029968 -0.059296 1.773438 -1.561870 -0.003783 0.018306
    49 0.041163 0.095589 -2.899426 -0.781108 -0.013985 0.002645
    50 0.081115 -2.496311 -0.915165 0.000000 0.000000 0.000000
    51 4.863281 2.800781 -18.203125 1.570792 0.000003 -0.000003
  time 83
    0 0.000000 -0.000006 0.000000 -1.570781 -1.391896 -1.570809
    1 1.208984 -4.433594 3.550781 1.596637 -1.286515 2.942961
    2 6.028141 0.000000 0.000000 -1.195109 0.288824 -1.112448
    3 11.692554 0.000001 0.000000 -0.000042 0.000042 -1.457059
    4 11.481670 0.000001 -0.000031 0.584912 -0.244611 0.261263
    5 3.859711 -0.142405 -1.191975 -0.468133 0.151533 -0.880197
    6 1.312555 -0.000002 0.000000 0.000000 0.000000 -0.439720
    7 0.729363 -0.000002 -0.000002 0.000000 0.000000 -0.244299
    8 3.942337 0.046767 -0.431443 -0.151780 0.073206 -0.810985
    9 1.539097 0.000000 0.000000 0.000000 0.000000 -0.247797
    10 1.196325 -0.000002 -0.000001 0.000000 0.000000 -0.430802
    11 3.883698 -0.046765 0.431443 0.085902 0.021830 -0.587867
    12 1.719570 -0.000004 -0.000001 0.000000 0.005516 -0.366478
    13 1.209169 -0.000004 0.000000 0.000000 0.003084 -0.216400
    14 3.859863 -0.137946 1.332466 0.354449 -0.042750 -0.531718
    15 1.719431 0.000002 0.000000 0.000000 0.004074 -0.363009
    16 1.099667 0.000000 -0.000001 0.000000 0.002596 -0.244331
    17 0.806053 -0.348926 1.321258 -1.222677 -0.679213 -0.788819
    18 1.789778 -0.000002 0.000002 0.000000 0.000000 0.228523
    19 1.207005 0.000000 0.000002 0.000000 0.000000 0.362860
    20 -0.716728 -4.776748 -4.468937 -1.668474 1.286518 2.942953
    21 6.028145 0.000000 0.000000 1.519626 -0.029777 -1.059790
    22 11.692554 0.000001 0.000002 0.000000 0.000000 -1.596045
    23 11.481699 0.000001 0.000001 -2.569649 -0.291095 -0.359433
    24 3.859680 -0.132567 1.193109 0.466236 -0.158066 -0.878825
    25 1.312555 -0.000002 0.000002 0.000000 0.000000 -0.439672
    26 0.729365 0.000000 -0.000001 0.000000 0.000000 -0.244271
    27 3.942307 0.050327 0.431044 0.150078 -0.079191 -0.810205
    28 1.539099 -0.000002 0.000000 0.000000 0.000000 -0.247771
    29 1.196321 0.000010 0.000000 0.000000 0.000000 -0.430761
    30 3.883659 -0.050321 -0.431042 -0.085905 -0.026404 -0.587695
    31 1.719578 0.000002 0.000000 0.000000 -0.007974 -0.366437
    32 1.209185 0.000002 0.000000 0.000000 -0.004461 -0.216376
    33 3.859840 -0.148937 -1.331282 -0.347252 0.075983 -0.426917
    34 1.719421 0.000002 0.000000 0.000911 -0.008470 -0.574384
    35 1.099669 0.000002 -0.000001 0.001031 -0.000388 -0.308327
    36 0.950558 -1.145017 -1.396461 1.243392 0.736732 -0.759006
    37 1.789782 0.000000 -0.000004 -0.001402 0.004901 0.159242
    38 1.206999 0.000002 0.000000 -0.000563 -0.000012 0.329826
    39 -3.779896 -18.777853 12.201348 1.476876 0.039733 -0.043322
    40 0.025545 -1.273521 1.753304 0.000000 0.000000 0.000000
    41 0.001032 1.440453 -1.526783 0.000000 0.000000 0.000000
    42 0.004413 0.696487 -1.430595 0.000000 0.000000 0.000000
    43 0.580660 0.349014 -1.430595 0.000000 0.000000 0.000000
    44 0.583444 -0.305904 -1.430599 0.000000 0.000000 0.000000
    45 0.005318 -0.648720 -1.430599 0.000000 0.000000 0.000000
    46 -0.574618 -0.303123 -1.430601 0.000000 0.000000 0.000000
    47 -0.573714 0.348118 -1.430595 0.000000 0.000000 0.000000
    48 -0.029968 -0.059296 1.773438 -1.561870 -0.003783 0.018306
    49 0.041163 0.095589 -2.899426 -0.781108 -0.013985 0.002645
    50 0.081115 -2.496311 -0.915165 0.000000 0.000000 0.000000
    51 4.863281 2.800781 -18.203125 1.570792 0.000003 -0.000003
  time 84
    0 0.000000 -0.000006 0.000000 -1.570781 -1.391896 -1.570809
    1 1.208984 -4.433594 3.550781 1.596637 -1.286515 2.942961
    2 6.028141 0.000000 0.000000 -1.195109 0.288824 -1.112448
    3 11.692554 0.000001 0.000000 -0.000042 0.000042 -1.457059
    4 11.481670 0.000001 -0.000031 0.584912 -0.244611 0.261263
    5 3.859711 -0.142405 -1.191975 -0.468133 0.151533 -0.880197
    6 1.312555 -0.000002 0.000000 0.000000 0.000000 -0.439720
    7 0.729363 -0.000002 -0.000002 0.000000 0.000000 -0.244299
    8 3.942337 0.046767 -0.431443 -0.151780 0.073206 -0.810985
    9 1.539097 0.000000 0.000000 0.000000 0.000000 -0.247797
    10 1.196325 -0.000002 -0.000001 0.000000 0.000000 -0.430802
    11 3.883698 -0.046765 0.431443 0.085902 0.021830 -0.587867
    12 1.719570 -0.000004 -0.000001 0.000000 0.005516 -0.366478
    13 1.209169 -0.000004 0.000000 0.000000 0.003084 -0.216400
    14 3.859863 -0.137946 1.332466 0.354449 -0.042750 -0.531718
    15 1.719431 0.000002 0.000000 0.000000 0.004074 -0.363009
    16 1.099667 0.000000 -0.000001 0.000000 0.002596 -0.244331
    17 0.806053 -0.348926 1.321258 -1.222677 -0.679213 -0.788819
    18 1.789778 -0.000002 0.000002 0.000000 0.000000 0.228523
    19 1.207005 0.000000 0.000002 0.000000 0.000000 0.362860
    20 -0.732353 -4.757216 -4.465031 -1.668474 1.286518 2.942953
    21 6.028145 0.000000 0.000000 1.512249 -0.037126 -1.058378
    22 11.692554 0.000001 0.000002 0.000000 0.000000 -1.605281
    23 11.481699 0.000001 0.000001 -2.696494 -0.282906 -0.327527
    24 3.859680 -0.132567 1.193109 0.466236 -0.158066 -0.878825
    25 1.312555 -0.000002 0.000002 0.000000 0.000000 -0.439672
    26 0.729365 0.000000 -0.000001 0.000000 0.000000 -0.244271
    27 3.942307 0.050327 0.431044 0.150078 -0.079191 -0.810205
    28 1.539099 -0.000002 0.000000 0.000000 0.000000 -0.247771
    29 1.196321 0.000010 0.000000 0.000000 0.000000 -0.430761
    30 3.883659 -0.050321 -0.431042 -0.085905 -0.026404 -0.587695
    31 1.719578 0.000002 0.000000 0.000000 -0.007974 -0.366437
    32 1.209185 0.000002 0.000000 0.000000 -0.004461 -0.216376
    33 3.859840 -0.148937 -1.331282 -0.347648 0.074245 -0.431859
    34 1.719421 0.000002 0.000000 0.000899 -0.008387 -0.570091
    35 1.099669 0.000002 -0.000001 0.001007 -0.000460 -0.305327
    36 0.950558 -1.145017 -1.396461 1.243461 0.734463 -0.758891
    37 1.789782 0.000000 -0.000004 -0.001342 0.004734 0.162212
    38 1.206999 0.000002 0.000000 -0.000539 -0.000012 0.331242
    39 -3.826772 -17.965328 11.349760 1.172982 0.024744 -0.047582
    40 0.025545 -1.273521 1.753304 0.000000 0.000000 0.000000
    41 0.001032 1.440453 -1.526783 0.000000 0.000000 0.000000
    42 0.004413 0.696487 -1.430595 0.000000 0.000000 0.000000
    43 0.580660 0.349014 -1.430595 0.000000 0.000000 0.000000
    44 0.583444 -0.305904 -1.430599 0.000000 0.000000 0.000000
    45 0.005318 -0.648720 -1.430599 0.000000 0.000000 0.000000
    46 -0.574618 -0.303123 -1.430601 0.000000 0.000000 0.000000
    47 -0.573714 0.348118 -1.430595 0.000000 0.000000 0.000000
    48 -0.029968 -0.059296 1.773438 -1.561870 -0.003783 0.018306
    49 0.041163 0.095589 -2.899426 -0.781108 -0.013985 0.002645
    50 0.081115 -2.496311 -0.915165 0.000000 0.000000 0.000000
    51 4.863281 2.800781 -18.203125 1.570792 0.000003 -0.000003
  time 85
    0 0.000000 -0.000006 0.000000 -1.570781 -1.391896 -1.570809
    1 1.208984 -4.433594 3.550781 1.596637 -1.286515 2.942961
    2 6.028141 0.000000 0.000000 -1.195109 0.288824 -1.112448
    3 11.692554 0.000001 0.000000 -0.000042 0.000042 -1.457059
    4 11.481670 0.000001 -0.000031 0.584912 -0.244611 0.261263
    5 3.859711 -0.142405 -1.191975 -0.468133 0.151533 -0.880197
    6 1.312555 -0.000002 0.000000 0.000000 0.000000 -0.439720
    7 0.729363 -0.000002 -0.000002 0.000000 0.000000 -0.244299
    8 3.942337 0.046767 -0.431443 -0.151780 0.073206 -0.810985
    9 1.539097 0.000000 0.000000 0.000000 0.000000 -0.247797
    10 1.196325 -0.000002 -0.000001 0.000000 0.000000 -0.430802
    11 3.883698 -0.046765 0.431443 0.085902 0.021830 -0.587867
    12 1.719570 -0.000004 -0.000001 0.000000 0.005516 -0.366478
    13 1.209169 -0.000004 0.000000 0.000000 0.003084 -0.216400
    14 3.859863 -0.137946 1.332466 0.354449 -0.042750 -0.531718
    15 1.719431 0.000002 0.000000 0.000000 0.004074 -0.363009
    16 1.099667 0.000000 -0.000001 0.000000 0.002596 -0.244331
    17 0.806053 -0.348926 1.321258 -1.222677 -0.679213 -0.788819
    18 1.789778 -0.000002 0.000002 0.000000 0.000000 0.228523
    19 1.207005 0.000000 0.000002 0.000000 0.000000 0.362860
    20 -0.747979 -4.737684 -4.461125 -1.668474 1.286518 2.942953
    21 6.028145 0.000000 0.000000 1.505255 -0.044045 -1.056967
    22 11.692554 0.000001 0.000002 0.000000 0.000000 -1.615108
    23 11.481699 0.000001 0.000001 -2.811936 -0.270449 -0.297463
    24 3.859680 -0.132567 1.193109 0.466236 -0.158066 -0.878825
    25 1.312555 -0.000002 0.000002 0.000000 0.000000 -0.439672
    26 0.729365 0.000000 -0.000001 0.000000 0.000000 -0.244271
    27 3.942307 0.050327 0.431044 0.150078 -0.079191 -0.810205
    28 1.539099 -0.000002 0.000000 0.000000 0.000000 -0.247771
    29 1.196321 0.000010 0.000000 0.000000 0.000000 -0.430761
    30 3.883659 -0.050321 -0.431042 -0.085905 -0.026404 -0.587695
    31 1.719578 0.000002 0.000000 0.000000 -0.007974 -0.366437
    32 1.209185 0.000002 0.000000 0.000000 -0.004461 -0.216376
    33 3.859840 -0.148937 -1.331282 -0.348019 0.072531 -0.436738
    34 1.719421 0.000002 0.000000 0.000887 -0.008291 -0.565737
    35 1.099669 0.000002 -0.000001 0.000983 -0.000532 -0.302372
    36 0.950558 -1.145017 -1.396461 1.243530 0.732194 -0.758805
    37 1.789782 0.000000 -0.000004 -0.001270 0.004566 0.165182
    38 1.206999 0.000002 0.000000 -0.000515 -0.000012 0.332659
    39 -3.881461 -17.199679 10.252070 0.869375 0.009152 -0.047147
    40 0.025545 -1.273521 1.753304 0.000000 0.000000 0.000000
    41 0.001032 1.440453 -1.526783 0.000000 0.000000 0.000000
    42 0.004413 0.696487 -1.430595 0.000000 0.000000 0.000000
    43 0.580660 0.349014 -1.430595 0.000000 0.000000 0.000000
    44 0.583444 -0.305904 -1.430599 0.000000 0.000000 0.000000
    45 0.005318 -0.648720 -1.430599 0.000000 0.000000 0.000000
    46 -0.574618 -0.303123 -1.430601 0.000000 0.000000 0.000000
    47 -0.573714 0.348118 -1.430595 0.000000 0.000000 0.000000
    48 -0.029968 -0.059296 1.773438 -1.561870 -0.003783 0.018306
    49 0.041163 0.095589 -2.899426 -0.781108 -0.013985 0.002645
    50 0.081115 -2.496311 -0.915165 0.000000 0.000000 0.000000
    51 4.863281 2.800781 -18.203125 1.570792 0.000003 -0.000003
  time 86
    0 0.000000 -0.000006 0.000000 -1.570781 -1.391896 -1.570809
    1 1.208984 -4.433594 3.550781 1.596637 -1.286515 2.942961
    2 6.028141 0.000000 0.000000 -1.195109 0.288824 -1.112448
    3 11.692554 0.000001 0.000000 -0.000042 0.000042 -1.457059
    4 11.481670 0.000001 -0.000031 0.584912 -0.244611 0.261263
    5 3.859711 -0.142405 -1.191975 -0.468133 0.151533 -0.880197
    6 1.312555 -0.000002 0.000000 0.000000 0.000000 -0.439720
    7 0.729363 -0.000002 -0.000002 0.000000 0.000000 -0.244299
    8 3.942337 0.046767 -0.431443 -0.151780 0.073206 -0.810985
    9 1.539097 0.000000 0.000000 0.000000 0.000000 -0.247797
    10 1.196325 -0.000002 -0.000001 0.000000 0.000000 -0.430802
    11 3.883698 -0.046765 0.431443 0.085902 0.021830 -0.587867
    12 1.719570 -0.000004 -0.000001 0.000000 0.005516 -0.366478
    13 1.209169 -0.000004 0.000000 0.000000 0.003084 -0.216400
    14 3.859863 -0.137946 1.332466 0.354449 -0.042750 -0.531718
    15 1.719431 0.000002 0.000000 0.000000 0.004074 -0.363009
    16 1.099667 0.000000 -0.000001 0.000000 0.002596 -0.244331
    17 0.806053 -0.348926 1.321258 -1.222677 -0.679213 -0.788819
    18 1.789778 -0.000002 0.000002 0.000000 0.000000 0.228523
    19 1.207005 0.000000 0.000002 0.000000 0.000000 0.362860
    20 -0.763604 -4.722059 -4.453312 -1.668474 1.286518 2.942953
    21 6.028145 0.000000 0.000000 1.498741 -0.050487 -1.055556
    22 11.692554 0.000001 0.000002 0.000000 0.000000 -1.625378
    23 11.481699 0.000001 0.000001 -2.914677 -0.254760 -0.269921
    24 3.859680 -0.132567 1.193109 0.466236 -0.158066 -0.878825
    25 1.312555 -0.000002 0.000002 0.000000 0.000000 -0.439672
    26 0.729365 0.000000 -0.000001 0.000000 0.000000 -0.244271
    27 3.942307 0.050327 0.431044 0.150078 -0.079191 -0.810205
    28 1.539099 -0.000002 0.000000 0.000000 0.000000 -0.247771
    29 1.196321 0.000010 0.000000 0.000000 0.000000 -0.430761
    30 3.883659 -0.050321 -0.431042 -0.085905 -0.026404 -0.587695
    31 1.719578 0.000002 0.000000 0.000000 -0.007974 -0.366437
    32 1.209185 0.000002 0.000000 0.000000 -0.004461 -0.216376
    33 3.859840 -0.148937 -1.331282 -0.348391 0.070854 -0.441495
    34 1.719421 0.000002 0.000000 0.000875 -0.008207 -0.561291
    35 1.099669 0.000002 -0.000001 0.000971 -0.000603 -0.299487
    36 0.950558 -1.145017 -1.396461 1.243553 0.729943 -0.758776
    37 1.789782 0.000000 -0.000004 -0.001210 0.004386 0.168095
    38 1.206999 0.000002 0.000000 -0.000491 -0.000012 0.334048
    39 -3.943963 -16.551222 8.951249 0.566055 -0.005559 -0.042105
    40 0.025545 -1.273521 1.753304 0.000000 0.000000 0.000000
    41 0.001032 1.440453 -1.526783 0.000000 0.000000 0.000000
    42 0.004413 0.696487 -1.430595 0.000000 0.000000 0.000000
    43 0.580660 0.349014 -1.430595 0.000000 0.000000 0.000000
    44 0.583444 -0.305904 -1.430599 0.000000 0.000000 0.000000
    45 0.005318 -0.648720 -1.430599 0.000000 0.000000 0.000000
    46 -0.574618 -0.303123 -1.430601 0.000000 0.000000 0.000000
    47 -0.573714 0.348118 -1.430595 0.000000 0.000000 0.000000
    48 -0.029968 -0.059296 1.773438 -1.561870 -0.003783 0.018306
    49 0.041163 0.095589 -2.899426 -0.781108 -0.013985 0.002645
    50 0.081115 -2.496311 -0.915165 0.000000 0.000000 0.000000
    51 4.863281 2.800781 -18.203125 1.570792 0.000003 -0.000003
  time 87
    0 0.000000 -0.000006 0.000000 -1.570781 -1.391896 -1.570809
    1 1.208984 -4.433594 3.550781 1.596637 -1.286515 2.942961
    2 6.028141 0.000000 0.000000 -1.195109 0.288824 -1.112448
    3 11.692554 0.000001 0.000000 -0.000042 0.000042 -1.457059
    4 11.481670 0.000001 -0.000031 0.584912 -0.244611 0.261263
    5 3.859711 -0.142405 -1.191975 -0.468133 0.151533 -0.880197
    6 1.312555 -0.000002 0.000000 0.000000 0.000000 -0.439720
    7 0.729363 -0.000002 -0.000002 0.000000 0.000000 -0.244299
    8 3.942337 0.046767 -0.431443 -0.151780 0.073206 -0.810985
    9 1.539097 0.000000 0.000000 0.000000 0.000000 -0.247797
    10 1.196325 -0.000002 -0.000001 0.000000 0.000000 -0.430802
    11 3.883698 -0.046765 0.431443 0.085902 0.021830 -0.587867
    12 1.719570 -0.000004 -0.000001 0.000000 0.005516 -0.366478
    13 1.209169 -0.000004 0.000000 0.000000 0.003084 -0.216400
    14 3.859863 -0.137946 1.332466 0.354449 -0.042750 -0.531718
    15 1.719431 0.000002 0.000000 0.000000 0.004074 -0.363009
    16 1.099667 0.000000 -0.000001 0.000000 0.002596 -0.244331
    17 0.806053 -0.348926 1.321258 -1.222677 -0.679213 -0.788819
    18 1.789778 -0.000002 0.000002 0.000000 0.000000 0.228523
    19 1.207005 0.000000 0.000002 0.000000 0.000000 0.362860
    20 -0.779230 -4.702527 -4.449405 -1.668474 1.286518 2.942953
    21 6.028145 0.000000 0.000000 1.492513 -0.056405 -1.054145
    22 11.692554 0.000001 0.000002 0.000000 0.000000 -1.636166
    23 11.481699 0.000001 0.000001 -3.003700 -0.236743 -0.244998
    24 3.859680 -0.132567 1.193109 0.466236 -0.158066 -0.878825
    25 1.312555 -0.000002 0.000002 0.000000 0.000000 -0.439672
    26 0.729365 0.000000 -0.000001 0.000000 0.000000 -0.244271
    27 3.942307 0.050327 0.431044 0.150078 -0.079191 -0.810205
    28 1.539099 -0.000002 0.000000 0.000000 0.000000 -0.247771
    29 1.196321 0.000010 0.000000 0.000000 0.000000 -0.430761
    30 3.883659 -0.050321 -0.431042 -0.085905 -0.026404 -0.587695
    31 1.719578 0.000002 0.000000 0.000000 -0.007974 -0.366437
    32 1.209185 0.000002 0.000000 0.000000 -0.004461 -0.216376
    33 3.859840 -0.148937 -1.331282 -0.348738 0.069188 -0.446191
    34 1.719421 0.000002 0.000000 0.000863 -0.008123 -0.556784
    35 1.099669 0.000002 -0.000001 0.000947 -0.000687 -0.296647
    36 0.950558 -1.145017 -1.396461 1.243553 0.727710 -0.758776
    37 1.789782 0.000000 -0.000004 -0.001150 0.004218 0.170979
    38 1.206999 0.000002 0.000000 -0.000467 -0.000012 0.335436
    39 -4.014278 -16.074645 7.505893 0.263022 -0.018135 -0.032890
    40 0.025545 -1.273521 1.753304 0.000000 0.000000 0.000000
    41 0.001032 1.440453 -1.526783 0.000000 0.000000 0.000000
    42 0.004413 0.696487 -1.430595 0.000000 0.000000 0.000000
    43 0.580660 0.349014 -1.430595 0.000000 0.000000 0.000000
    44 0.583444 -0.305904 -1.430599 0.000000 0.000000 0.000000
    45 0.005318 -0.648720 -1.430599 0.000000 0.000000 0.000000
    46 -0.574618 -0.303123 -1.430601 0.000000 0.000000 0.000000
    47 -0.573714 0.348118 -1.430595 0.000000 0.000000 0.000000
    48 -0.029968 -0.059296 1.773438 -1.561870 -0.003783 0.018306
    49 0.041163 0.095589 -2.899426 -0.781108 -0.013985 0.002645
    50 0.081115 -2.496311 -0.915165 0.000000 0.000000 0.000000
    51 4.863281 2.800781 -18.203125 1.570792 0.000003 -0.000003
  time 88
    0 0.000000 -0.000006 0.000000 -1.570781 -1.391896 -1.570809
    1 1.208984 -4.433594 3.550781 1.596637 -1.286515 2.942961
    2 6.028141 0.000000 0.000000 -1.195109 0.288824 -1.112448
    3 11.692554 0.000001 0.000000 -0.000042 0.000042 -1.457059
    4 11.481670 0.000001 -0.000031 0.584912 -0.244611 0.261263
    5 3.859711 -0.142405 -1.191975 -0.468133 0.151533 -0.880197
    6 1.312555 -0.000002 0.000000 0.000000 0.000000 -0.439720
    7 0.729363 -0.000002 -0.000002 0.000000 0.000000 -0.244299
    8 3.942337 0.046767 -0.431443 -0.151780 0.073206 -0.810985
    9 1.539097 0.000000 0.000000 0.000000 0.000000 -0.247797
    10 1.196325 -0.000002 -0.000001 0.000000 0.000000 -0.430802
    11 3.883698 -0.046765 0.431443 0.085902 0.021830 -0.587867
    12 1.719570 -0.000004 -0.000001 0.000000 0.005516 -0.366478
    13 1.209169 -0.000004 0.000000 0.000000 0.003084 -0.216400
    14 3.859863 -0.137946 1.332466 0.354449 -0.042750 -0.531718
    15 1.719431 0.000002 0.000000 0.000000 0.004074 -0.363009
    16 1.099667 0.000000 -0.000001 0.000000 0.002596 -0.244331
    17 0.806053 -0.348926 1.321258 -1.222677 -0.679213 -0.788819
    18 1.789778 -0.000002 0.000002 0.000000 0.000000 0.228523
    19 1.207005 0.000000 0.000002 0.000000 0.000000 0.362860
    20 -0.794855 -4.682995 -4.445499 -1.668474 1.286518 2.942953
    21 6.028145 0.000000 0.000000 1.486478 -0.061702 -1.052734
    22 11.692554 0.000001 0.000002 0.000000 0.000000 -1.647175
    23 11.481699 0.000001 0.000001 -3.078723 -0.217261 -0.222547
    24 3.859680 -0.132567 1.193109 0.466236 -0.158066 -0.878825
    25 1.312555 -0.000002 0.000002 0.000000 0.000000 -0.439672
    26 0.729365 0.000000 -0.000001 0.000000 0.000000 -0.244271
    27 3.942307 0.050327 0.431044 0.150078 -0.079191 -0.810205
    28 1.539099 -0.000002 0.000000 0.000000 0.000000 -0.247771
    29 1.196321 0.000010 0.000000 0.000000 0.000000 -0.430761
    30 3.883659 -0.050321 -0.431042 -0.085905 -0.026404 -0.587695
    31 1.719578 0.000002 0.000000 0.000000 -0.007974 -0.366437
    32 1.209185 0.000002 0.000000 0.000000 -0.004461 -0.216376
    33 3.859840 -0.148937 -1.331282 -0.349074 0.067570 -0.450794
    34 1.719421 0.000002 0.000000 0.000851 -0.008039 -0.552186
    35 1.099669 0.000002 -0.000001 0.000923 -0.000759 -0.293852
    36 0.950558 -1.145017 -1.396461 1.243507 0.725477 -0.758805
    37 1.789782 0.000000 -0.000004 -0.001090 0.004051 0.173864
    38 1.206999 0.000002 0.000000 -0.000443 -0.000012 0.336797
    39 -4.092405 -15.820731 5.998034 -0.039436 -0.027323 -0.020371
    40 0.025545 -1.273521 1.753304 0.000000 0.000000 0.000000
    41 0.001032 1.440453 -1.526783 0.000000 0.000000 0.000000
    42 0.004413 0.696487 -1.430595 0.000000 0.000000 0.000000
    43 0.580660 0.349014 -1.430595 0.000000 0.000000 0.000000
    44 0.583444 -0.305904 -1.430599 0.000000 0.000000 0.000000
    45 0.005318 -0.648720 -1.430599 0.000000 0.000000 0.000000
    46 -0.574618 -0.303123 -1.430601 0.000000 0.000000 0.000000
    47 -0.573714 0.348118 -1.430595 0.000000 0.000000 0.000000
    48 -0.029968 -0.059296 1.773438 -1.561870 -0.003783 0.018306
    49 0.041163 0.095589 -2.899426 -0.781108 -0.013985 0.002645
    50 0.081115 -2.496311 -0.915165 0.000000 0.000000 0.000000
    51 4.863281 2.800781 -18.203125 1.570792 0.000003 -0.000003
  time 89
    0 0.000000 -0.000006 0.000000 -1.570781 -1.391896 -1.570809
    1 1.208984 -4.433594 3.550781 1.596637 -1.286515 2.942961
    2 6.028141 0.000000 0.000000 -1.195109 0.288824 -1.112448
    3 11.692554 0.000001 0.000000 -0.000042 0.000042 -1.457059
    4 11.481670 0.000001 -0.000031 0.584912 -0.244611 0.261263
    5 3.859711 -0.142405 -1.191975 -0.468133 0.151533 -0.880197
    6 1.312555 -0.000002 0.000000 0.000000 0.000000 -0.439720
    7 0.729363 -0.000002 -0.000002 0.000000 0.000000 -0.244299
    8 3.942337 0.046767 -0.431443 -0.151780 0.073206 -0.810985
    9 1.539097 0.000000 0.000000 0.000000 0.000000 -0.247797
    10 1.196325 -0.000002 -0.000001 0.000000 0.000000 -0.430802
    11 3.883698 -0.046765 0.431443 0.085902 0.021830 -0.587867
    12 1.719570 -0.000004 -0.000001 0.000000 0.005516 -0.366478
    13 1.209169 -0.000004 0.000000 0.000000 0.003084 -0.216400
    14 3.859863 -0.137946 1.332466 0.354449 -0.042750 -0.531718
    15 1.719431 0.000002 0.000000 0.000000 0.004074 -0.363009
    16 1.099667 0.000000 -0.000001 0.000000 0.002596 -0.244331
    17 0.806053 -0.348926 1.321258 -1.222677 -0.679213 -0.788819
    18 1.789778 -0.000002 0.000002 0.000000 0.000000 0.228523
    19 1.207005 0.000000 0.000002 0.000000 0.000000 0.362860
    20 -0.810481 -4.663463 -4.437686 -1.668474 1.286518 2.942953
    21 6.028145 0.000000 0.000000 1.480538 -0.066283 -1.051322
    22 11.692554 0.000001 0.000002 0.000000 0.000000 -1.658480
    23 11.481699 0.000001 0.000001 -3.139464 -0.196917 -0.202182
    24 3.859680 -0.132567 1.193109 0.466236 -0.158066 -0.878825
    25 1.312555 -0.000002 0.000002 0.000000 0.000000 -0.439672
    26 0.729365 0.000000 -0.000001 0.000000 0.000000 -0.244271
    27 3.942307 0.050327 0.431044 0.150078 -0.079191 -0.810205
    28 1.539099 -0.000002 0.000000 0.000000 0.000000 -0.247771
    29 1.196321 0.000010 0.000000 0.000000 0.000000 -0.430761
    30 3.883659 -0.050321 -0.431042 -0.085905 -0.026404 -0.587695
    31 1.719578 0.000002 0.000000 0.000000 -0.007974 -0.366437
    32 1.209185 0.000002 0.000000 0.000000 -0.004461 -0.216376
    33 3.859840 -0.148937 -1.331282 -0.349398 0.065964 -0.455306
    34 1.719421 0.000002 0.000000 0.000839 -0.007955 -0.547527
    35 1.099669 0.000002 -0.000001 0.000899 -0.000843 -0.291104
    36 0.950558 -1.145017 -1.396461 1.243438 0.723262 -0.758920
    37 1.789782 0.000000 -0.000004 -0.001031 0.003871 0.176691
    38 1.206999 0.000002 0.000000 -0.000419 -0.000012 0.338158
    39 -4.170533 -15.805106 4.525333 -0.341033 -0.032335 -0.005680
    40 0.025545 -1.273521 1.753304 0.000000 0.000000 0.000000
    41 0.001032 1.440453 -1.526783 0.000000 0.000000 0.000000
    42 0.004413 0.696487 -1.430595 0.000000 0.000000 0.000000
    43 0.580660 0.349014 -1.430595 0.000000 0.000000 0.000000
    44 0.583444 -0.305904 -1.430599 0.000000 0.000000 0.000000
    45 0.005318 -0.648720 -1.430599 0.000000 0.000000 0.000000
    46 -0.574618 -0.303123 -1.430601 0.000000 0.000000 0.000000
    47 -0.573714 0.348118 -1.430595 0.000000 0.000000 0.000000
    48 -0.029968 -0.059296 1.773438 -1.561870 -0.003783 0.018306
    49 0.041163 0.095589 -2.899426 -0.781108 -0.013985 0.002645
    50 0.081115 -2.496311 -0.915165 0.000000 0.000000 0.000000
    51 4.863281 2.800781 -18.203125 1.570792 0.000003 -0.000003
  time 90
    0 0.000000 -0.000006 0.000000 -1.570781 -1.391896 -1.570809
    1 1.208984 -4.433594 3.550781 1.596637 -1.286515 2.942961
    2 6.028141 0.000000 0.000000 -1.195109 0.288824 -1.112448
    3 11.692554 0.000001 0.000000 -0.000042 0.000042 -1.457059
    4 11.481670 0.000001 -0.000031 0.584912 -0.244611 0.261263
    5 3.859711 -0.142405 -1.191975 -0.468133 0.151533 -0.880197
    6 1.312555 -0.000002 0.000000 0.000000 0.000000 -0.439720
    7 0.729363 -0.000002 -0.000002 0.000000 0.000000 -0.244299
    8 3.942337 0.046767 -0.431443 -0.151780 0.073206 -0.810985
    9 1.539097 0.000000 0.000000 0.000000 0.000000 -0.247797
    10 1.196325 -0.000002 -0.000001 0.000000 0.000000 -0.430802
    11 3.883698 -0.046765 0.431443 0.085902 0.021830 -0.587867
    12 1.719570 -0.000004 -0.000001 0.000000 0.005516 -0.366478
    13 1.209169 -0.000004 0.000000 0.000000 0.003084 -0.216400
    14 3.859863 -0.137946 1.332466 0.354449 -0.042750 -0.531718
    15 1.719431 0.000002 0.000000 0.000000 0.004074 -0.363009
    16 1.099667 0.000000 -0.000001 0.000000 0.002596 -0.244331
    17 0.806053 -0.348926 1.321258 -1.222677 -0.679213 -0.788819
    18 1.789778 -0.000002 0.000002 0.000000 0.000000 0.228523
    19 1.207005 0.000000 0.000002 0.000000 0.000000 0.362860
    20 -0.826106 -4.647838 -4.433780 -1.668474 1.286518 2.942953
    21 6.028145 0.000000 0.000000 1.474598 -0.070052 -1.050005
    22 11.692554 0.000001 0.000002 0.000000 0.000000 -1.669858
    23 11.481699 0.000001 0.000001 -3.185923 -0.176142 -0.183610
    24 3.859680 -0.132567 1.193109 0.466236 -0.158066 -0.878825
    25 1.312555 -0.000002 0.000002 0.000000 0.000000 -0.439672
    26 0.729365 0.000000 -0.000001 0.000000 0.000000 -0.244271
    27 3.942307 0.050327 0.431044 0.150078 -0.079191 -0.810205
    28 1.539099 -0.000002 0.000000 0.000000 0.000000 -0.247771
    29 1.196321 0.000010 0.000000 0.000000 0.000000 -0.430761
    30 3.883659 -0.050321 -0.431042 -0.085905 -0.026404 -0.587695
    31 1.719578 0.000002 0.000000 0.000000 -0.007974 -0.366437
    32 1.209185 0.000002 0.000000 0.000000 -0.004461 -0.216376
    33 3.859840 -0.148937 -1.331282 -0.349709 0.064406 -0.459725
    34 1.719421 0.000002 0.000000 0.000827 -0.007883 -0.542808
    35 1.099669 0.000002 -0.000001 0.000875 -0.000927 -0.288424
    36 0.950558 -1.145017 -1.396461 1.243346 0.721066 -0.759064
    37 1.789782 0.000000 -0.000004 -0.000971 0.003703 0.179462
    38 1.206999 0.000002 0.000000 -0.000395 0.000000 0.339491
    39 -4.252566 -16.031675 3.185448 -0.641194 -0.032845 0.009708
    40 0.025545 -1.273521 1.753304 0.000000 0.000000 0.000000
    41 0.001032 1.440453 -1.526783 0.000000 0.000000 0.000000
    42 0.004413 0.696487 -1.430595 0.000000 0.000000 0.000000
    43 0.580660 0.349014 -1.430595 0.000000 0.000000 0.000000
    44 0.583444 -0.305904 -1.430599 0.000000 0.000000 0.000000
    45 0.005318 -0.648720 -1.430599 0.000000 0.000000 0.000000
    46 -0.574618 -0.303123 -1.430601 0.000000 0.000000 0.000000
    47 -0.573714 0.348118 -1.430595 0.000000 0.000000 0.000000
    48 -0.029968 -0.059296 1.773438 -1.561870 -0.003783 0.018306
    49 0.041163 0.095589 -2.899426 -0.781108 -0.013985 0.002645
    50 0.081115 -2.496311 -0.915165 0.000000 0.000000 0.000000
    51 4.863281 2.800781 -18.203125 1.570792 0.000003 -0.000003
  time 91
    0 0.000000 -0.000006 0.000000 -1.570781 -1.391896 -1.570809
    1 1.208984 -4.433594 3.550781 1.596637 -1.286515 2.942961
    2 6.028141 0.000000 0.000000 -1.195109 0.288824 -1.112448
    3 11.692554 0.000001 0.000000 -0.000042 0.000042 -1.457059
    4 11.481670 0.000001 -0.000031 0.584912 -0.244611 0.261263
    5 3.859711 -0.142405 -1.191975 -0.468133 0.151533 -0.880197
    6 1.312555 -0.000002 0.000000 0.000000 0.000000 -0.439720
    7 0.729363 -0.000002 -0.000002 0.000000 0.000000 -0.244299
    8 3.942337 0.046767 -0.431443 -0.151780 0.073206 -0.810985
    9 1.539097 0.000000 0.000000 0.000000 0.000000 -0.247797
    10 1.196325 -0.000002 -0.000001 0.000000 0.000000 -0.430802
    11 3.883698 -0.046765 0.431443 0.085902 0.021830 -0.587867
    12 1.719570 -0.000004 -0.000001 0.000000 0.005516 -0.366478
    13 1.209169 -0.000004 0.000000 0.000000 0.003084 -0.216400
    14 3.859863 -0.137946 1.332466 0.354449 -0.042750 -0.531718
    15 1.719431 0.000002 0.000000 0.000000 0.004074 -0.363009
    16 1.099667 0.000000 -0.000001 0.000000 0.002596 -0.244331
    17 0.806053 -0.348926 1.321258 -1.222677 -0.679213 -0.788819
    18 1.789778 -0.000002 0.000002 0.000000 0.000000 0.228523
    19 1.207005 0.000000 0.000002 0.000000 0.000000 0.362860
    20 -0.841732 -4.628306 -4.429874 -1.668474 1.286518 2.942953
    21 6.028145 0.000000 0.000000 1.468658 -0.072868 -1.048688
    22 11.692554 0.000001 0.000002 0.000000 0.000000 -1.681237
    23 11.481699 0.000001 0.000001 -3.217931 -0.155195 -0.166202
    24 3.859680 -0.132567 1.193109 0.466236 -0.158066 -0.878825
    25 1.312555 -0.000002 0.000002 0.000000 0.000000 -0.439672
    26 0.729365 0.000000 -0.000001 0.000000 0.000000 -0.244271
    27 3.942307 0.050327 0.431044 0.150078 -0.079191 -0.810205
    28 1.539099 -0.000002 0.000000 0.000000 0.000000 -0.247771
    29 1.196321 0.000010 0.000000 0.000000 0.000000 -0.430761
    30 3.883659 -0.050321 -0.431042 -0.085905 -0.026404 -0.587695
    31 1.719578 0.000002 0.000000 0.000000 -0.007974 -0.366437
    32 1.209185 0.000002 0.000000 0.000000 -0.004461 -0.216376
    33 3.859840 -0.148937 -1.331282 -0.350009 0.062872 -0.464022
    34 1.719421 0.000002 0.000000 0.000815 -0.007799 -0.537997
    35 1.099669 0.000002 -0.000001 0.000851 -0.000999 -0.285813
    36 0.950558 -1.145017 -1.396461 1.243209 0.718887 -0.759265
    37 1.789782 0.000000 -0.000004 -0.000911 0.003535 0.182232
    38 1.206999 0.000002 0.000000 -0.000371 0.000000 0.340797
    39 -4.334600 -16.477001 2.072133 -0.939250 -0.028761 0.024486
    40 0.025545 -1.273521 1.753304 0.000000 0.000000 0.000000
    41 0.001032 1.440453 -1.526783 0.000000 0.000000 0.000000
    42 0.004413 0.696487 -1.430595 0.000000 0.000000 0.000000
    43 0.580660 0.349014 -1.430595 0.000000 0.000000 0.000000
    44 0.583444 -0.305904 -1.430599 0.000000 0.000000 0.000000
    45 0.005318 -0.648720 -1.430599 0.000000 0.000000 0.000000
    46 -0.574618 -0.303123 -1.430601 0.000000 0.000000 0.000000
    47 -0.573714 0.348118 -1.430595 0.000000 0.000000 0.000000
    48 -0.029968 -0.059296 1.773438 -1.561870 -0.003783 0.018306
    49 0.041163 0.095589 -2.899426 -0.781108 -0.013985 0.002645
    50 0.081115 -2.496311 -0.915165 0.000000 0.000000 0.000000
    51 4.863281 2.800781 -18.203125 1.570792 0.000003 -0.000003
  time 92
    0 0.000000 -0.000006 0.000000 -1.570781 -1.391896 -1.570809
    1 1.208984 -4.433594 3.550781 1.596637 -1.286515 2.942961
    2 6.028141 0.000000 0.000000 -1.195109 0.288824 -1.112448
    3 11.692554 0.000001 0.000000 -0.000042 0.000042 -1.457059
    4 11.481670 0.000001 -0.000031 0.584912 -0.244611 0.261263
    5 3.859711 -0.142405 -1.191975 -0.468133 0.151533 -0.880197
    6 1.312555 -0.000002 0.000000 0.000000 0.000000 -0.439720
    7 0.729363 -0.000002 -0.000002 0.000000 0.000000 -0.244299
    8 3.942337 0.046767 -0.431443 -0.151780 0.073206 -0.810985
    9 1.539097 0.000000 0.000000 0.000000 0.000000 -0.247797
    10 1.196325 -0.000002 -0.000001 0.000000 0.000000 -0.430802
    11 3.883698 -0.046765 0.431443 0.085902 0.021830 -0.587867
    12 1.719570 -0.000004 -0.000001 0.000000 0.005516 -0.366478
    13 1.209169 -0.000004 0.000000 0.000000 0.003084 -0.216400
    14 3.859863 -0.137946 1.332466 0.354449 -0.042750 -0.531718
    15 1.719431 0.000002 0.000000 0.000000 0.004074 -0.363009
    16 1.099667 0.000000 -0.000001 0.000000 0.002596 -0.244331
    17 0.806053 -0.348926 1.321258 -1.222677 -0.679213 -0.788819
    18 1.789778 -0.000002 0.000002 0.000000 0.000000 0.228523
    19 1.207005 0.000000 0.000002 0.000000 0.000000 0.362860
    20 -0.857357 -4.608774 -4.425967 -1.668474 1.286518 2.942953
    21 6.028145 0.000000 0.000000 1.462430 -0.074681 -1.047465
    22 11.692554 0.000001 0.000002 0.000000 0.000000 -1.692468
    23 11.481699 0.000001 0.000001 -3.235374 -0.134333 -0.149571
    24 3.859680 -0.132567 1.193109 0.466236 -0.158066 -0.878825
    25 1.312555 -0.000002 0.000002 0.000000 0.000000 -0.439672
    26 0.729365 0.000000 -0.000001 0.000000 0.000000 -0.244271
    27 3.942307 0.050327 0.431044 0.150078 -0.079191 -0.810205
    28 1.539099 -0.000002 0.000000 0.000000 0.000000 -0.247771
    29 1.196321 0.000010 0.000000 0.000000 0.000000 -0.430761
    30 3.883659 -0.050321 -0.431042 -0.085905 -0.026404 -0.587695
    31 1.719578 0.000002 0.000000 0.000000 -0.007974 -0.366437
    32 1.209185 0.000002 0.000000 0.000000 -0.004461 -0.216376
    33 3.859840 -0.148937 -1.331282 -0.350296 0.061386 -0.468227
    34 1.719421 0.000002 0.000000 0.000803 -0.007727 -0.533094
    35 1.099669 0.000002 -0.000001 0.000827 -0.001095 -0.283248
    36 0.950558 -1.145017 -1.396461 1.243048 0.716744 -0.759495
    37 1.789782 0.000000 -0.000004 -0.000851 0.003367 0.184916
    38 1.206999 0.000002 0.000000 -0.000359 0.000000 0.342074
    39 -4.416634 -17.090301 1.279140 -1.233764 -0.020687 0.037265
    40 0.025545 -1.273521 1.753304 0.000000 0.000000 0.000000
    41 0.001032 1.440453 -1.526783 0.000000 0.000000 0.000000
    42 0.004413 0.696487 -1.430595 0.000000 0.000000 0.000000
    43 0.580660 0.349014 -1.430595 0.000000 0.000000 0.000000
    44 0.583444 -0.305904 -1.430599 0.000000 0.000000 0.000000
    45 0.005318 -0.648720 -1.430599 0.000000 0.000000 0.000000
    46 -0.574618 -0.303123 -1.430601 0.000000 0.000000 0.000000
    47 -0.573714 0.348118 -1.430595 0.000000 0.000000 0.000000
    48 -0.029968 -0.059296 1.773438 -1.561870 -0.003783 0.018306
    49 0.041163 0.095589 -2.899426 -0.781108 -0.013985 0.002645
    50 0.081115 -2.496311 -0.915165 0.000000 0.000000 0.000000
    51 4.863281 2.800781 -18.203125 1.570792 0.000003 -0.000003
  time 93
    0 0.000000 -0.000006 0.000000 -1.570781 -1.391896 -1.570809
    1 1.208984 -4.433594 3.550781 1.596637 -1.286515 2.942961
    2 6.028141 0.000000 0.000000 -1.195109 0.288824 -1.112448
    3 11.692554 0.000001 0.000000 -0.000042 0.000042 -1.457059
    4 11.481670 0.000001 -0.000031 0.584912 -0.244611 0.261263
    5 3.859711 -0.142405 -1.191975 -0.468133 0.151533 -0.880197
    6 1.312555 -0.000002 0.000000 0.000000 0.000000 -0.439720
    7 0.729363 -0.000002 -0.000002 0.000000 0.000000 -0.244299
    8 3.942337 0.046767 -0.431443 -0.151780 0.073206 -0.810985
    9 1.539097 0.000000 0.000000 0.000000 0.000000 -0.247797
    10 1.196325 -0.000002 -0.000001 0.000000 0.000000 -0.430802
    11 3.883698 -0.046765 0.431443 0.085902 0.021830 -0.587867
    12 1.719570 -0.000004 -0.000001 0.000000 0.005516 -0.366478
    13 1.209169 -0.000004 0.000000 0.000000 0.003084 -0.216400
    14 3.859863 -0.137946 1.332466 0.354449 -0.042750 -0.531718
    15 1.719431 0.000002 0.000000 0.000000 0.004074 -0.363009
    16 1.099667 0.000000 -0.000001 0.000000 0.002596 -0.244331
    17 0.806053 -0.348926 1.321258 -1.222677 -0.679213 -0.788819
    18 1.789778 -0.000002 0.000002 0.000000 0.000000 0.228523
    19 1.207005 0.000000 0.000002 0.000000 0.000000 0.362860
    20 -0.872983 -4.593149 -4.418154 -1.668474 1.286518 2.942953
    21 6.028145 0.000000 0.000000 1.456107 -0.075349 -1.046336
    22 11.692554 0.000001 0.000002 0.000000 0.000000 -1.703477
    23 11.481699 0.000001 0.000001 -3.237632 -0.113515 -0.133181
    24 3.859680 -0.132567 1.193109 0.466236 -0.158066 -0.878825
    25 1.312555 -0.000002 0.000002 0.000000 0.000000 -0.439672
    26 0.729365 0.000000 -0.000001 0.000000 0.000000 -0.244271
    27 3.942307 0.050327 0.431044 0.150078 -0.079191 -0.810205
    28 1.539099 -0.000002 0.000000 0.000000 0.000000 -0.247771
    29 1.196321 0.000010 0.000000 0.000000 0.000000 -0.430761
    30 3.883659 -0.050321 -0.431042 -0.085905 -0.026404 -0.587695
    31 1.719578 0.000002 0.000000 0.000000 -0.007974 -0.366437
    32 1.209185 0.000002 0.000000 0.000000 -0.004461 -0.216376
    33 3.859840 -0.148937 -1.331282 -0.350572 0.059924 -0.472339
    34 1.719421 0.000002 0.000000 0.000791 -0.007656 -0.528131
    35 1.099669 0.000002 -0.000001 0.000803 -0.001179 -0.280752
    36 0.950558 -1.145017 -1.396461 1.242841 0.714601 -0.759812
    37 1.789782 0.000000 -0.000004 -0.000791 0.003212 0.187572
    38 1.206999 0.000002 0.000000 -0.000336 0.000000 0.343352
    39 -4.498668 -17.812979 0.872878 -1.522440 -0.009457 0.047002
    40 0.025545 -1.273521 1.753304 0.000000 0.000000 0.000000
    41 0.001032 1.440453 -1.526783 0.000000 0.000000 0.000000
    42 0.004413 0.696487 -1.430595 0.000000 0.000000 0.000000
    43 0.580660 0.349014 -1.430595 0.000000 0.000000 0.000000
    44 0.583444 -0.305904 -1.430599 0.000000 0.000000 0.000000
    45 0.005318 -0.648720 -1.430599 0.000000 0.000000 0.000000
    46 -0.574618 -0.303123 -1.430601 0.000000 0.000000 0.000000
    47 -0.573714 0.348118 -1.430595 0.000000 0.000000 0.000000
    48 -0.029968 -0.059296 1.773438 -1.561870 -0.003783 0.018306
    49 0.041163 0.095589 -2.899426 -0.781108 -0.013985 0.002645
    50 0.081115 -2.496311 -0.915165 0.000000 0.000000 0.000000
    51 4.863281 2.800781 -18.203125 1.570792 0.000003 -0.000003
  time 94
    0 0.000000 -0.000006 0.000000 -1.570781 -1.391896 -1.570809
    1 1.208984 -4.433594 3.550781 1.596637 -1.286515 2.942961
    2 6.028141 0.000000 0.000000 -1.195109 0.288824 -1.112448
    3 11.692554 0.000001 0.000000 -0.000042 0.000042 -1.457059
    4 11.481670 0.000001 -0.000031 0.584912 -0.244611 0.261263
    5 3.859711 -0.142405 -1.191975 -0.468133 0.151533 -0.880197
    6 1.312555 -0.000002 0.000000 0.000000 0.000000 -0.439720
    7 0.729363 -0.000002 -0.000002 0.000000 0.000000 -0.244299
    8 3.942337 0.046767 -0.431443 -0.151780 0.073206 -0.810985
    9 1.539097 0.000000 0.000000 0.000000 0.000000 -0.247797
    10 1.196325 -0.000002 -0.000001 0.000000 0.000000 -0.430802
    11 3.883698 -0.046765 0.431443 0.085902 0.021830 -0.587867
    12 1.719570 -0.000004 -0.000001 0.000000 0.005516 -0.366478
    13 1.209169 -0.000004 0.000000 0.000000 0.003084 -0.216400
    14 3.859863 -0.137946 1.332466 0.354449 -0.042750 -0.531718
    15 1.719431 0.000002 0.000000 0.000000 0.004074 -0.363009
    16 1.099667 0.000000 -0.000001 0.000000 0.002596 -0.244331
    17 0.806053 -0.348926 1.321258 -1.222677 -0.679213 -0.788819
    18 1.789778 -0.000002 0.000002 0.000000 0.000000 0.228523
    19 1.207005 0.000000 0.000002 0.000000 0.000000 0.362860
    20 -0.888608 -4.573617 -4.414248 -1.668474 1.286518 2.942953
    21 6.028145 0.000000 0.000000 1.414623 -0.006443 -1.052263
    22 11.692554 0.000001 0.000002 0.000000 0.000000 -1.799678
    23 11.481699 0.000001 0.000001 -3.197100 -0.054940 0.032653
    24 3.859680 -0.132567 1.193109 0.466236 -0.158066 -0.878825
    25 1.312555 -0.000002 0.000002 0.000000 0.000000 -0.439672
    26 0.729365 0.000000 -0.000001 0.000000 0.000000 -0.244271
    27 3.942307 0.050327 0.431044 0.150078 -0.079191 -0.810205
    28 1.539099 -0.000002 0.000000 0.000000 0.000000 -0.247771
    29 1.196321 0.000010 0.000000 0.000000 0.000000 -0.430761
    30 3.883659 -0.050321 -0.431042 -0.085905 -0.026404 -0.587695
    31 1.719578 0.000002 0.000000 0.000000 -0.007974 -0.366437
    32 1.209185 0.000002 0.000000 0.000000 -0.004461 -0.216376
    33 3.859840 -0.148937 -1.331282 -0.350836 0.058497 -0.476329
    34 1.719421 0.000002 0.000000 0.000767 -0.007584 -0.523107
    35 1.099669 0.000002 -0.000001 0.000779 -0.001263 -0.278324
    36 0.950558 -1.145017 -1.396461 1.242588 0.712512 -0.760157
    37 1.789782 0.000000 -0.000004 -0.000743 0.003044 0.190171
    38 1.206999 0.000002 0.000000 -0.000312 0.000000 0.344602
    39 -4.580701 -18.563002 0.908035 4.483563 0.003490 0.052913
    40 0.025545 -1.273521 1.753304 0.000000 0.000000 0.000000
    41 0.001032 1.440453 -1.526783 0.000000 0.000000 0.000000
    42 0.004413 0.696487 -1.430595 0.000000 0.000000 0.000000
    43 0.580660 0.349014 -1.430595 0.000000 0.000000 0.000000
    44 0.583444 -0.305904 -1.430599 0.000000 0.000000 0.000000
    45 0.005318 -0.648720 -1.430599 0.000000 0.000000 0.000000
    46 -0.574618 -0.303123 -1.430601 0.000000 0.000000 0.000000
    47 -0.573714 0.348118 -1.430595 0.000000 0.000000 0.000000
    48 -0.029968 -0.059296 1.773438 -1.561870 -0.003783 0.018306
    49 0.041163 0.095589 -2.899426 -0.781108 -0.013985 0.002645
    50 0.081115 -2.496311 -0.915165 0.000000 0.000000 0.000000
    51 4.863281 2.800781 -18.203125 1.570792 0.000003 -0.000003
  time 95
    0 0.000000 -0.000006 0.000000 -1.570781 -1.391896 -1.570809
    1 1.208984 -4.433594 3.550781 1.596637 -1.286515 2.942961
    2 6.028141 0.000000 0.000000 -1.195109 0.288824 -1.112448
    3 11.692554 0.000001 0.000000 -0.000042 0.000042 -1.457059
    4 11.481670 0.000001 -0.000031 0.584912 -0.244611 0.261263
    5 3.859711 -0.142405 -1.191975 -0.468133 0.151533 -0.880197
    6 1.312555 -0.000002 0.000000 0.000000 0.000000 -0.439720
    7 0.729363 -0.000002 -0.000002 0.000000 0.000000 -0.244299
    8 3.942337 0.046767 -0.431443 -0.151780 0.073206 -0.810985
    9 1.539097 0.000000 0.000000 0.000000 0.000000 -0.247797
    10 1.196325 -0.000002 -0.000001 0.000000 0.000000 -0.430802
    11 3.883698 -0.046765 0.431443 0.085902 0.021830 -0.587867
    12 1.719570 -0.000004 -0.000001 0.000000 0.005516 -0.366478
    13 1.209169 -0.000004 0.000000 0.000000 0.003084 -0.216400
    14 3.859863 -0.137946 1.332466 0.354449 -0.042750 -0.531718
    15 1.719431 0.000002 0.000000 0.000000 0.004074 -0.363009
    16 1.099667 0.000000 -0.000001 0.000000 0.002596 -0.244331
    17 0.806053 -0.348926 1.321258 -1.222677 -0.679213 -0.788819
    18 1.789778 -0.000002 0.000002 0.000000 0.000000 0.228523
    19 1.207005 0.000000 0.000002 0.000000 0.000000 0.362860
    20 -0.900327 -4.557992 -4.410342 -1.668474 1.286518 2.942953
    21 6.028145 0.000000 0.000000 1.352062 0.234206 -1.102596
    22 11.692554 0.000001 0.000002 0.000000 0.000000 -1.907554
    23 11.481699 0.000001 0.000001 -3.091650 0.018376 0.372418
    24 3.859680 -0.132567 1.193109 0.466236 -0.158066 -0.878825
    25 1.312555 -0.000002 0.000002 0.000000 0.000000 -0.439672
    26 0.729365 0.000000 -0.000001 0.000000 0.000000 -0.244271
    27 3.942307 0.050327 0.431044 0.150078 -0.079191 -0.810205
    28 1.539099 -0.000002 0.000000 0.000000 0.000000 -0.247771
    29 1.196321 0.000010 0.000000 0.000000 0.000000 -0.430761
    30 3.883659 -0.050321 -0.431042 -0.085905 -0.026404 -0.587695
    31 1.719578 0.000002 0.000000 0.000000 -0.007974 -0.366437
    32 1.209185 0.000002 0.000000 0.000000 -0.004461 -0.216376
    33 3.859840 -0.148937 -1.331282 -0.351087 0.057119 -0.480227
    34 1.719421 0.000002 0.000000 0.000755 -0.007512 -0.517991
    35 1.099669 0.000002 -0.000001 0.000755 -0.001347 -0.275965
    36 0.950558 -1.145017 -1.396461 1.242313 0.710423 -0.760588
    37 1.789782 0.000000 -0.000004 -0.000695 0.002888 0.192713
    38 1.206999 0.000002 0.000000 -0.000288 0.000000 0.345796
    39 -4.662735 -19.148958 1.365080 4.267535 0.014396 0.055000
    40 0.025545 -1.273521 1.753304 0.000000 0.000000 0.000000
    41 0.001032 1.440453 -1.526783 0.000000 0.000000 0.000000
    42 0.004413 0.696487 -1.430595 0.000000 0.000000 0.000000
    43 0.580660 0.349014 -1.430595 0.000000 0.000000 0.000000
    44 0.583444 -0.305904 -1.430599 0.000000 0.000000 0.000000
    45 0.005318 -0.648720 -1.430599 0.000000 0.000000 0.000000
    46 -0.574618 -0.303123 -1.430601 0.000000 0.000000 0.000000
    47 -0.573714 0.348118 -1.430595 0.000000 0.000000 0.000000
    48 -0.029968 -0.059296 1.773438 -1.561870 -0.003783 0.018306
    49 0.041163 0.095589 -2.899426 -0.781108 -0.013985 0.002645
    50 0.081115 -2.496311 -0.915165 0.000000 0.000000 0.000000
    51 4.863281 2.800781 -18.203125 1.570792 0.000003 -0.000003
  time 96
    0 0.000000 -0.000006 0.000000 -1.570781 -1.391896 -1.570809
    1 1.208984 -4.433594 3.550781 1.596637 -1.286515 2.942961
    2 6.028141 0.000000 0.000000 -1.195109 0.288824 -1.112448
    3 11.692554 0.000001 0.000000 -0.000042 0.000042 -1.457059
    4 11.481670 0.000001 -0.000031 0.584912 -0.244611 0.261263
    5 3.859711 -0.142405 -1.191975 -0.468133 0.151533 -0.880197
    6 1.312555 -0.000002 0.000000 0.000000 0.000000 -0.439720
    7 0.729363 -0.000002 -0.000002 0.000000 0.000000 -0.244299
    8 3.942337 0.046767 -0.431443 -0.151780 0.073206 -0.810985
    9 1.539097 0.000000 0.000000 0.000000 0.000000 -0.247797
    10 1.196325 -0.000002 -0.000001 0.000000 0.000000 -0.430802
    11 3.883698 -0.046765 0.431443 0.085902 0.021830 -0.587867
    12 1.719570 -0.000004 -0.000001 0.000000 0.005516 -0.366478
    13 1.209169 -0.000004 0.000000 0.000000 0.003084 -0.216400
    14 3.859863 -0.137946 1.332466 0.354449 -0.042750 -0.531718
    15 1.719431 0.000002 0.000000 0.000000 0.004074 -0.363009
    16 1.099667 0.000000 -0.000001 0.000000 0.002596 -0.244331
    17 0.806053 -0.348926 1.321258 -1.222677 -0.679213 -0.788819
    18 1.789778 -0.000002 0.000002 0.000000 0.000000 0.228523
    19 1.207005 0.000000 0.000002 0.000000 0.000000 0.362860
    20 -0.915953 -4.538460 -4.402529 -1.668474 1.286518 2.942953
    21 6.028145 0.000000 0.000000 1.298315 0.582080 -1.202792
    22 11.692554 0.000001 0.000002 0.000000 0.000000 -1.867655
    23 11.481699 0.000001 0.000001 -2.931612 0.043936 0.657875
    24 3.859680 -0.132567 1.193109 0.466236 -0.158066 -0.878825
    25 1.312555 -0.000002 0.000002 0.000000 0.000000 -0.439672
    26 0.729365 0.000000 -0.000001 0.000000 0.000000 -0.244271
    27 3.942307 0.050327 0.431044 0.150078 -0.079191 -0.810205
    28 1.539099 -0.000002 0.000000 0.000000 0.000000 -0.247771
    29 1.196321 0.000010 0.000000 0.000000 0.000000 -0.430761
    30 3.883659 -0.050321 -0.431042 -0.085905 -0.026404 -0.587695
    31 1.719578 0.000002 0.000000 0.000000 -0.007974 -0.366437
    32 1.209185 0.000002 0.000000 0.000000 -0.004461 -0.216376
    33 3.859840 -0.148937 -1.331282 -0.351327 0.055777 -0.483971
    34 1.719421 0.000002 0.000000 0.000731 -0.007452 -0.512784
    35 1.099669 0.000002 -0.000001 0.000719 -0.001442 -0.273652
    36 0.950558 -1.145017 -1.396461 1.242014 0.708371 -0.761049
    37 1.789782 0.000000 -0.000004 -0.000635 0.002720 0.195198
    38 1.206999 0.000002 0.000000 -0.000264 0.000000 0.346990
    39 -4.768207 -18.480969 1.923691 4.532951 0.000799 0.052305
    40 0.025545 -1.273521 1.753304 0.000000 0.000000 0.000000
    41 0.001032 1.440453 -1.526783 0.000000 0.000000 0.000000
    42 0.004413 0.696487 -1.430595 0.000000 0.000000 0.000000
    43 0.580660 0.349014 -1.430595 0.000000 0.000000 0.000000
    44 0.583444 -0.305904 -1.430599 0.000000 0.000000 0.000000
    45 0.005318 -0.648720 -1.430599 0.000000 0.000000 0.000000
    46 -0.574618 -0.303123 -1.430601 0.000000 0.000000 0.000000
    47 -0.573714 0.348118 -1.430595 0.000000 0.000000 0.000000
    48 -0.029968 -0.059296 1.773438 -1.561870 -0.003783 0.018306
    49 0.041163 0.095589 -2.899426 -0.781108 -0.013985 0.002645
    50 0.081115 -2.496311 -0.915165 0.000000 0.000000 0.000000
    51 4.863281 2.800781 -18.203125 1.570792 0.000003 -0.000003
  time 97
    0 0.000000 -0.000006 0.000000 -1.570781 -1.391896 -1.570809
    1 1.208984 -4.433594 3.550781 1.596637 -1.286515 2.942961
    2 6.028141 0.000000 0.000000 -1.195109 0.288824 -1.112448
    3 11.692554 0.000001 0.000000 -0.000042 0.000042 -1.457059
    4 11.481670 0.000001 -0.000031 0.584912 -0.244611 0.261263
    5 3.859711 -0.142405 -1.191975 -0.468133 0.151533 -0.880197
    6 1.312555 -0.000002 0.000000 0.000000 0.000000 -0.439720
    7 0.729363 -0.000002 -0.000002 0.000000 0.000000 -0.244299
    8 3.942337 0.046767 -0.431443 -0.151780 0.073206 -0.810985
    9 1.539097 0.000000 0.000000 0.000000 0.000000 -0.247797
    10 1.196325 -0.000002 -0.000001 0.000000 0.000000 -0.430802
    11 3.883698 -0.046765 0.431443 0.085902 0.021830 -0.587867
    12 1.719570 -0.000004 -0.000001 0.000000 0.005516 -0.366478
    13 1.209169 -0.000004 0.000000 0.000000 0.003084 -0.216400
    14 3.859863 -0.137946 1.332466 0.354449 -0.042750 -0.531718
    15 1.719431 0.000002 0.000000 0.000000 0.004074 -0.363009
    16 1.099667 0.000000 -0.000001 0.000000 0.002596 -0.244331
    17 0.806053 -0.348926 1.321258 -1.222677 -0.679213 -0.788819
    18 1.789778 -0.000002 0.000002 0.000000 0.000000 0.228523
    19 1.207005 0.000000 0.000002 0.000000 0.000000 0.362860
    20 -0.931578 -4.522834 -4.398623 -1.668474 1.286518 2.942953
    21 6.028145 0.000000 0.000000 1.320446 0.835756 -1.239578
    22 11.692554 0.000001 0.000002 0.000000 0.000000 -1.763547
    23 11.481699 0.000001 0.000001 -2.723534 -0.009597 0.743071
    24 3.859680 -0.132567 1.193109 0.466236 -0.158066 -0.878825
    25 1.312555 -0.000002 0.000002 0.000000 0.000000 -0.439672
    26 0.729365 0.000000 -0.000001 0.000000 0.000000 -0.244271
    27 3.942307 0.050327 0.431044 0.150078 -0.079191 -0.810205
    28 1.539099 -0.000002 0.000000 0.000000 0.000000 -0.247771
    29 1.196321 0.000010 0.000000 0.000000 0.000000 -0.430761
    30 3.883659 -0.050321 -0.431042 -0.085905 -0.026404 -0.587695
    31 1.719578 0.000002 0.000000 0.000000 -0.007974 -0.366437
    32 1.209185 0.000002 0.000000 0.000000 -0.004461 -0.216376
    33 3.859840 -0.148937 -1.331282 -0.351555 0.054471 -0.487623
    34 1.719421 0.000002 0.000000 0.000719 -0.007380 -0.507516
    35 1.099669 0.000002 -0.000001 0.000695 -0.001538 -0.271430
    36 0.950558 -1.145017 -1.396461 1.241670 0.706372 -0.761567
    37 1.789782 0.000000 -0.000004 -0.000587 0.002564 0.197625
    38 1.206999 0.000002 0.000000 -0.000252 0.000000 0.348157
    39 -4.901024 -17.867669 2.822156 -1.476784 -0.012473 0.046393
    40 0.025545 -1.273521 1.753304 0.000000 0.000000 0.000000
    41 0.001032 1.440453 -1.526783 0.000000 0.000000 0.000000
    42 0.004413 0.696487 -1.430595 0.000000 0.000000 0.000000
    43 0.580660 0.349014 -1.430595 0.000000 0.000000 0.000000
    44 0.583444 -0.305904 -1.430599 0.000000 0.000000 0.000000
    45 0.005318 -0.648720 -1.430599 0.000000 0.000000 0.000000
    46 -0.574618 -0.303123 -1.430601 0.000000 0.000000 0.000000
    47 -0.573714 0.348118 -1.430595 0.000000 0.000000 0.000000
    48 -0.029968 -0.059296 1.773438 -1.561870 -0.003783 0.018306
    49 0.041163 0.095589 -2.899426 -0.781108 -0.013985 0.002645
    50 0.081115 -2.496311 -0.915165 0.000000 0.000000 0.000000
    51 4.863281 2.800781 -18.203125 1.570792 0.000003 -0.000003
  time 98
    0 0.000000 -0.000006 0.000000 -1.570781 -1.391896 -1.570809
    1 1.208984 -4.433594 3.550781 1.596637 -1.286515 2.942961
    2 6.028141 0.000000 0.000000 -1.195109 0.288824 -1.112448
    3 11.692554 0.000001 0.000000 -0.000042 0.000042 -1.457059
    4 11.481670 0.000001 -0.000031 0.584912 -0.244611 0.261263
    5 3.859711 -0.142405 -1.191975 -0.468133 0.151533 -0.880197
    6 1.312555 -0.000002 0.000000 0.000000 0.000000 -0.439720
    7 0.729363 -0.000002 -0.000002 0.000000 0.000000 -0.244299
    8 3.942337 0.046767 -0.431443 -0.151780 0.073206 -0.810985
    9 1.539097 0.000000 0.000000 0.000000 0.000000 -0.247797
    10 1.196325 -0.000002 -0.000001 0.000000 0.000000 -0.430802
    11 3.883698 -0.046765 0.431443 0.085902 0.021830 -0.587867
    12 1.719570 -0.000004 -0.000001 0.000000 0.005516 -0.366478
    13 1.209169 -0.000004 0.000000 0.000000 0.003084 -0.216400
    14 3.859863 -0.137946 1.332466 0.354449 -0.042750 -0.531718
    15 1.719431 0.000002 0.000000 0.000000 0.004074 -0.363009
    16 1.099667 0.000000 -0.000001 0.000000 0.002596 -0.244331
    17 0.806053 -0.348926 1.321258 -1.222677 -0.679213 -0.788819
    18 1.789778 -0.000002 0.000002 0.000000 0.000000 0.228523
    19 1.207005 0.000000 0.000002 0.000000 0.000000 0.362860
    20 -0.947204 -4.503302 -4.394716 -1.668474 1.286518 2.942953
    21 6.028145 0.000000 0.000000 1.457927 0.966030 -1.147943
    22 11.692554 0.000001 0.000002 0.000000 0.000000 -1.703034
    23 11.481699 0.000001 0.000001 -2.479441 -0.126101 0.673391
    24 3.859680 -0.132567 1.193109 0.466236 -0.158066 -0.878825
    25 1.312555 -0.000002 0.000002 0.000000 0.000000 -0.439672
    26 0.729365 0.000000 -0.000001 0.000000 0.000000 -0.244271
    27 3.942307 0.050327 0.431044 0.150078 -0.079191 -0.810205
    28 1.539099 -0.000002 0.000000 0.000000 0.000000 -0.247771
    29 1.196321 0.000010 0.000000 0.000000 0.000000 -0.430761
    30 3.883659 -0.050321 -0.431042 -0.085905 -0.026404 -0.587695
    31 1.719578 0.000002 0.000000 0.000000 -0.007974 -0.366437
    32 1.209185 0.000002 0.000000 0.000000 -0.004461 -0.216376
    33 3.859840 -0.148937 -1.331282 -0.351770 0.053212 -0.491152
    34 1.719421 0.000002 0.000000 0.000695 -0.007320 -0.502157
    35 1.099669 0.000002 -0.000001 0.000671 -0.001634 -0.269277
    36 0.950558 -1.145017 -1.396461 1.241279 0.704391 -0.762171
    37 1.789782 0.000000 -0.000004 -0.000539 0.002409 0.199996
    38 1.206999 0.000002 0.000000 -0.000228 0.000000 0.349296
    39 -5.045559 -17.363747 3.990160 -1.201891 -0.024074 0.037700
    40 0.025545 -1.273521 1.753304 0.000000 0.000000 0.000000
    41 0.001032 1.440453 -1.526783 0.000000 0.000000 0.000000
    42 0.004413 0.696487 -1.430595 0.000000 0.000000 0.000000
    43 0.580660 0.349014 -1.430595 0.000000 0.000000 0.000000
    44 0.583444 -0.305904 -1.430599 0.000000 0.000000 0.000000
    45 0.005318 -0.648720 -1.430599 0.000000 0.000000 0.000000
    46 -0.574618 -0.303123 -1.430601 0.000000 0.000000 0.000000
    47 -0.573714 0.348118 -1.430595 0.000000 0.000000 0.000000
    48 -0.029968 -0.059296 1.773438 -1.561870 -0.003783 0.018306
    49 0.041163 0.095589 -2.899426 -0.781108 -0.013985 0.002645
    50 0.081115 -2.496311 -0.915165 0.000000 0.000000 0.000000
    51 4.863281 2.800781 -18.203125 1.570792 0.000003 -0.000003
  time 99
    0 0.000000 -0.000006 0.000000 -1.570781 -1.391896 -1.570809
    1 1.208984 -4.433594 3.550781 1.596637 -1.286515 2.942961
    2 6.028141 0.000000 0.000000 -1.195109 0.288824 -1.112448
    3 11.692554 0.000001 0.000000 -0.000042 0.000042 -1.457059
    4 11.481670 0.000001 -0.000031 0.584912 -0.244611 0.261263
    5 3.859711 -0.142405 -1.191975 -0.468133 0.151533 -0.880197
    6 1.312555 -0.000002 0.000000 0.000000 0.000000 -0.439720
    7 0.729363 -0.000002 -0.000002 0.000000 0.000000 -0.244299
    8 3.942337 0.046767 -0.431443 -0.151780 0.073206 -0.810985
    9 1.539097 0.000000 0.000000 0.000000 0.000000 -0.247797
    10 1.196325 -0.000002 -0.000001 0.000000 0.000000 -0.430802
    11 3.883698 -0.046765 0.431443 0.085902 0.021830 -0.587867
    12 1.719570 -0.000004 -0.000001 0.000000 0.005516 -0.366478
    13 1.209169 -0.000004 0.000000 0.000000 0.003084 -0.216400
    14 3.859863 -0.137946 1.332466 0.354449 -0.042750 -0.531718
    15 1.719431 0.000002 0.000000 0.000000 0.004074 -0.363009
    16 1.099667 0.000000 -0.000001 0.000000 0.002596 -0.244331
    17 0.806053 -0.348926 1.321258 -1.222677 -0.679213 -0.788819
    18 1.789778 -0.000002 0.000002 0.000000 0.000000 0.228523
    19 1.207005 0.000000 0.000002 0.000000 0.000000 0.362860
    20 -0.958923 -4.487677 -4.390810 -1.668474 1.286518 2.942953
    21 6.028145 0.000000 0.000000 1.624725 1.060180 -1.010209
    22 11.692554 0.000001 0.000002 0.000000 0.000000 -1.651904
    23 11.481699 0.000001 0.000001 -2.211638 -0.218554 0.519777
    24 3.859680 -0.132567 1.193109 0.466236 -0.158066 -0.878825
    25 1.312555 -0.000002 0.000002 0.000000 0.000000 -0.439672
    26 0.729365 0.000000 -0.000001 0.000000 0.000000 -0.244271
    27 3.942307 0.050327 0.431044 0.150078 -0.079191 -0.810205
    28 1.539099 -0.000002 0.000000 0.000000 0.000000 -0.247771
    29 1.196321 0.000010 0.000000 0.000000 0.000000 -0.430761
    30 3.883659 -0.050321 -0.431042 -0.085905 -0.026404 -0.587695
    31 1.719578 0.000002 0.000000 0.000000 -0.007974 -0.366437
    32 1.209185 0.000002 0.000000 0.000000 -0.004461 -0.216376
    33 3.859840 -0.148937 -1.331282 -0.351974 0.052002 -0.494559
    34 1.719421 0.000002 0.000000 0.000683 -0.007260 -0.496706
    35 1.099669 0.000002 -0.000001 0.000647 -0.001730 -0.267216
    36 0.950558 -1.145017 -1.396461 1.240843 0.702446 -0.762804
    37 1.789782 0.000000 -0.000004 -0.000491 0.002265 0.202280
    38 1.206999 0.000002 0.000000 -0.000204 0.000000 0.350379
    39 -5.197908 -17.008267 5.341764 -0.926137 -0.033170 0.026746
    40 0.025545 -1.273521 1.753304 0.000000 0.000000 0.000000
    41 0.001032 1.440453 -1.526783 0.000000 0.000000 0.000000
    42 0.004413 0.696487 -1.430595 0.000000 0.000000 0.000000
    43 0.580660 0.349014 -1.430595 0.000000 0.000000 0.000000
    44 0.583444 -0.305904 -1.430599 0.000000 0.000000 0.000000
    45 0.005318 -0.648720 -1.430599 0.000000 0.000000 0.000000
    46 -0.574618 -0.303123 -1.430601 0.000000 0.000000 0.000000
    47 -0.573714 0.348118 -1.430595 0.000000 0.000000 0.000000
    48 -0.029968 -0.059296 1.773438 -1.561870 -0.003783 0.018306
    49 0.041163 0.095589 -2.899426 -0.781108 -0.013985 0.002645
    50 0.081115 -2.496311 -0.915165 0.000000 0.000000 0.000000
    51 4.863281 2.800781 -18.203125 1.570792 0.000003 -0.000003
  time 100
    0 0.000000 -0.000006 0.000000 -1.570781 -1.391896 -1.570809
    1 1.208984 -4.433594 3.550781 1.596637 -1.286515 2.942961
    2 6.028141 0.000000 0.000000 -1.195109 0.288824 -1.112448
    3 11.692554 0.000001 0.000000 -0.000042 0.000042 -1.457059
    4 11.481670 0.000001 -0.000031 0.584912 -0.244611 0.261263
    5 3.859711 -0.142405 -1.191975 -0.468133 0.151533 -0.880197
    6 1.312555 -0.000002 0.000000 0.000000 0.000000 -0.439720
    7 0.729363 -0.000002 -0.000002 0.000000 0.000000 -0.244299
    8 3.942337 0.046767 -0.431443 -0.151780 0.073206 -0.810985
    9 1.539097 0.000000 0.000000 0.000000 0.000000 -0.247797
    10 1.196325 -0.000002 -0.000001 0.000000 0.000000 -0.430802
    11 3.883698 -0.046765 0.431443 0.085902 0.021830 -0.587867
    12 1.719570 -0.000004 -0.000001 0.000000 0.005516 -0.366478
    13 1.209169 -0.000004 0.000000 0.000000 0.003084 -0.216400
    14 3.859863 -0.137946 1.332466 0.354449 -0.042750 -0.531718
    15 1.719431 0.000002 0.000000 0.000000 0.004074 -0.363009
    16 1.099667 0.000000 -0.000001 0.000000 0.002596 -0.244331
    17 0.806053 -0.348926 1.321258 -1.222677 -0.679213 -0.788819
    18 1.789778 -0.000002 0.000002 0.000000 0.000000 0.228523
    19 1.207005 0.000000 0.000002 0.000000 0.000000 0.362860
    20 -0.974548 -4.468145 -4.382997 -1.668474 1.286518 2.942953
    21 6.028145 0.000000 0.000000 1.802349 1.117873 -0.849896
    22 11.692554 0.000001 0.000002 0.000000 0.000000 -1.611783
    23 11.481699 0.000001 0.000001 -1.961222 -0.235709 0.355737
    24 3.859680 -0.132567 1.193109 0.466236 -0.158066 -0.878825
    25 1.312555 -0.000002 0.000002 0.000000 0.000000 -0.439672
    26 0.729365 0.000000 -0.000001 0.000000 0.000000 -0.244271
    27 3.942307 0.050327 0.431044 0.150078 -0.079191 -0.810205
    28 1.539099 -0.000002 0.000000 0.000000 0.000000 -0.247771
    29 1.196321 0.000010 0.000000 0.000000 0.000000 -0.430761
    30 3.883659 -0.050321 -0.431042 -0.085905 -0.026404 -0.587695
    31 1.719578 0.000002 0.000000 0.000000 -0.007974 -0.366437
    32 1.209185 0.000002 0.000000 0.000000 -0.004461 -0.216376
    33 3.859840 -0.148937 -1.331282 -0.352178 0.050827 -0.497843
    34 1.719421 0.000002 0.000000 0.000659 -0.007200 -0.491195
    35 1.099669 0.000002 -0.000001 0.000611 -0.001826 -0.265200
    36 0.950558 -1.145017 -1.396461 1.240383 0.700538 -0.763523
    37 1.789782 0.000000 -0.000004 -0.000455 0.002109 0.204508
    38 1.206999 0.000002 0.000000 -0.000192 0.000000 0.351434
    39 -5.342443 -16.828574 6.806652 -0.649713 -0.039156 0.014663
    40 0.025545 -1.273521 1.753304 0.000000 0.000000 0.000000
    41 0.001032 1.440453 -1.526783 0.000000 0.000000 0.000000
    42 0.004413 0.696487 -1.430595 0.000000 0.000000 0.000000
    43 0.580660 0.349014 -1.430595 0.000000 0.000000 0.000000
    44 0.583444 -0.305904 -1.430599 0.000000 0.000000 0.000000
    45 0.005318 -0.648720 -1.430599 0.000000 0.000000 0.000000
    46 -0.574618 -0.303123 -1.430601 0.000000 0.000000 0.000000
    47 -0.573714 0.348118 -1.430595 0.000000 0.000000 0.000000
    48 -0.029968 -0.059296 1.773438 -1.561870 -0.003783 0.018306
    49 0.041163 0.095589 -2.899426 -0.781108 -0.013985 0.002645
    50 0.081115 -2.496311 -0.915165 0.000000 0.000000 0.000000
    51 4.863281 2.800781 -18.203125 1.570792 0.000003 -0.000003
  time 101
    0 0.000000 -0.000006 0.000000 -1.570781 -1.391896 -1.570809
    1 1.208984 -4.433594 3.550781 1.596637 -1.286515 2.942961
    2 6.028141 0.000000 0.000000 -1.195109 0.288824 -1.112448
    3 11.692554 0.000001 0.000000 -0.000042 0.000042 -1.457059
    4 11.481670 0.000001 -0.000031 0.584912 -0.244611 0.261263
    5 3.859711 -0.142405 -1.191975 -0.468133 0.151533 -0.880197
    6 1.312555 -0.000002 0.000000 0.000000 0.000000 -0.439720
    7 0.729363 -0.000002 -0.000002 0.000000 0.000000 -0.244299
    8 3.942337 0.046767 -0.431443 -0.151780 0.073206 -0.810985
    9 1.539097 0.000000 0.000000 0.000000 0.000000 -0.247797
    10 1.196325 -0.000002 -0.000001 0.000000 0.000000 -0.430802
    11 3.883698 -0.046765 0.431443 0.085902 0.021830 -0.587867
    12 1.719570 -0.000004 -0.000001 0.000000 0.005516 -0.366478
    13 1.209169 -0.000004 0.000000 0.000000 0.003084 -0.216400
    14 3.859863 -0.137946 1.332466 0.354449 -0.042750 -0.531718
    15 1.719431 0.000002 0.000000 0.000000 0.004074 -0.363009
    16 1.099667 0.000000 -0.000001 0.000000 0.002596 -0.244331
    17 0.806053 -0.348926 1.321258 -1.222677 -0.679213 -0.788819
    18 1.789778 -0.000002 0.000002 0.000000 0.000000 0.228523
    19 1.207005 0.000000 0.000002 0.000000 0.000000 0.362860
    20 -0.990174 -4.452520 -4.379091 -1.668474 1.286518 2.942953
    21 6.028145 0.000000 0.000000 1.949602 1.145693 -0.711973
    22 11.692554 0.000001 0.000002 0.000000 0.000000 -1.583928
    23 11.481699 0.000001 0.000001 -1.803442 -0.184763 0.275681
    24 3.859680 -0.132567 1.193109 0.466236 -0.158066 -0.878825
    25 1.312555 -0.000002 0.000002 0.000000 0.000000 -0.439672
    26 0.729365 0.000000 -0.000001 0.000000 0.000000 -0.244271
    27 3.942307 0.050327 0.431044 0.150078 -0.079191 -0.810205
    28 1.539099 -0.000002 0.000000 0.000000 0.000000 -0.247771
    29 1.196321 0.000010 0.000000 0.000000 0.000000 -0.430761
    30 3.883659 -0.050321 -0.431042 -0.085905 -0.026404 -0.587695
    31 1.719578 0.000002 0.000000 0.000000 -0.007974 -0.366437
    32 1.209185 0.000002 0.000000 0.000000 -0.004461 -0.216376
    33 3.859840 -0.148937 -1.331282 -0.352370 0.049701 -0.500973
    34 1.719421 0.000002 0.000000 0.000635 -0.007152 -0.485592
    35 1.099669 0.000002 -0.000001 0.000587 -0.001922 -0.263276
    36 0.950558 -1.145017 -1.396461 1.239878 0.698665 -0.764300
    37 1.789782 0.000000 -0.000004 -0.000407 0.001965 0.206650
    38 1.206999 0.000002 0.000000 -0.000168 0.000000 0.352462
    39 -5.475260 -16.836387 8.310605 -0.373002 -0.041708 0.002405
    40 0.025545 -1.273521 1.753304 0.000000 0.000000 0.000000
    41 0.001032 1.440453 -1.526783 0.000000 0.000000 0.000000
    42 0.004413 0.696487 -1.430595 0.000000 0.000000 0.000000
    43 0.580660 0.349014 -1.430595 0.000000 0.000000 0.000000
    44 0.583444 -0.305904 -1.430599 0.000000 0.000000 0.000000
    45 0.005318 -0.648720 -1.430599 0.000000 0.000000 0.000000
    46 -0.574618 -0.303123 -1.430601 0.000000 0.000000 0.000000
    47 -0.573714 0.348118 -1.430595 0.000000 0.000000 0.000000
    48 -0.029968 -0.059296 1.773438 -1.561870 -0.003783 0.018306
    49 0.041163 0.095589 -2.899426 -0.781108 -0.013985 0.002645
    50 0.081115 -2.496311 -0.915165 0.000000 0.000000 0.000000
    51 4.863281 2.800781 -18.203125 1.570792 0.000003 -0.000003
  time 102
    0 0.000000 -0.000006 0.000000 -1.570781 -1.391896 -1.570809
    1 1.208984 -4.433594 3.550781 1.596637 -1.286515 2.942961
    2 6.028141 0.000000 0.000000 -1.195109 0.288824 -1.112448
    3 11.692554 0.000001 0.000000 -0.000042 0.000042 -1.457059
    4 11.481670 0.000001 -0.000031 0.584912 -0.244611 0.261263
    5 3.859711 -0.142405 -1.191975 -0.468133 0.151533 -0.880197
    6 1.312555 -0.000002 0.000000 0.000000 0.000000 -0.439720
    7 0.729363 -0.000002 -0.000002 0.000000 0.000000 -0.244299
    8 3.942337 0.046767 -0.431443 -0.151780 0.073206 -0.810985
    9 1.539097 0.000000 0.000000 0.000000 0.000000 -0.247797
    10 1.196325 -0.000002 -0.000001 0.000000 0.000000 -0.430802
    11 3.883698 -0.046765 0.431443 0.085902 0.021830 -0.587867
    12 1.719570 -0.000004 -0.000001 0.000000 0.005516 -0.366478
    13 1.209169 -0.000004 0.000000 0.000000 0.003084 -0.216400
    14 3.859863 -0.137946 1.332466 0.354449 -0.042750 -0.531718
    15 1.719431 0.000002 0.000000 0.000000 0.004074 -0.363009
    16 1.099667 0.000000 -0.000001 0.000000 0.002596 -0.244331
    17 0.806053 -0.348926 1.321258 -1.222677 -0.679213 -0.788819
    18 1.789778 -0.000002 0.000002 0.000000 0.000000 0.228523
    19 1.207005 0.000000 0.000002 0.000000 0.000000 0.362860
    20 -1.001893 -4.436894 -4.375184 -1.668474 1.286518 2.942953
    21 6.028145 0.000000 0.000000 2.064090 1.153710 -0.603592
    22 11.692554 0.000001 0.000002 0.000000 0.000000 -1.565234
    23 11.481699 0.000001 0.000001 -1.717354 -0.117869 0.265062
    24 3.859680 -0.132567 1.193109 0.466236 -0.158066 -0.878825
    25 1.312555 -0.000002 0.000002 0.000000 0.000000 -0.439672
    26 0.729365 0.000000 -0.000001 0.000000 0.000000 -0.244271
    27 3.942307 0.050327 0.431044 0.150078 -0.079191 -0.810205
    28 1.539099 -0.000002 0.000000 0.000000 0.000000 -0.247771
    29 1.196321 0.000010 0.000000 0.000000 0.000000 -0.430761
    30 3.883659 -0.050321 -0.431042 -0.085905 -0.026404 -0.587695
    31 1.719578 0.000002 0.000000 0.000000 -0.007974 -0.366437
    32 1.209185 0.000002 0.000000 0.000000 -0.004461 -0.216376
    33 3.859840 -0.148937 -1.331282 -0.352549 0.048622 -0.504012
    34 1.719421 0.000002 0.000000 0.000611 -0.007092 -0.479898
    35 1.099669 0.000002 -0.000001 0.000563 -0.002030 -0.261444
    36 0.950558 -1.145017 -1.396461 1.239327 0.696846 -0.765163
    37 1.789782 0.000000 -0.000004 -0.000371 0.001821 0.208706
    38 1.206999 0.000002 0.000000 -0.000156 0.000000 0.353434
    39 -5.584638 -17.035612 9.775493 -0.096003 -0.040780 -0.009070
    40 0.025545 -1.273521 1.753304 0.000000 0.000000 0.000000
    41 0.001032 1.440453 -1.526783 0.000000 0.000000 0.000000
    42 0.004413 0.696487 -1.430595 0.000000 0.000000 0.000000
    43 0.580660 0.349014 -1.430595 0.000000 0.000000 0.000000
    44 0.583444 -0.305904 -1.430599 0.000000 0.000000 0.000000
    45 0.005318 -0.648720 -1.430599 0.000000 0.000000 0.000000
    46 -0.574618 -0.303123 -1.430601 0.000000 0.000000 0.000000
    47 -0.573714 0.348118 -1.430595 0.000000 0.000000 0.000000
    48 -0.029968 -0.059296 1.773438 -1.561870 -0.003783 0.018306
    49 0.041163 0.095589 -2.899426 -0.781108 -0.013985 0.002645
    50 0.081115 -2.496311 -0.915165 0.000000 0.000000 0.000000
    51 4.863281 2.800781 -18.203125 1.570792 0.000003 -0.000003
  time 103
    0 0.000000 -0.000006 0.000000 -1.570781 -1.391896 -1.570809
    1 1.208984 -4.433594 3.550781 1.596637 -1.286515 2.942961
    2 6.028141 0.000000 0.000000 -1.195109 0.288824 -1.112448
    3 11.692554 0.000001 0.000000 -0.000042 0.000042 -1.457059
    4 11.481670 0.000001 -0.000031 0.584912 -0.244611 0.261263
    5 3.859711 -0.142405 -1.191975 -0.468133 0.151533 -0.880197
    6 1.312555 -0.000002 0.000000 0.000000 0.000000 -0.439720
    7 0.729363 -0.000002 -0.000002 0.000000 0.000000 -0.244299
    8 3.942337 0.046767 -0.431443 -0.151780 0.073206 -0.810985
    9 1.539097 0.000000 0.000000 0.000000 0.000000 -0.247797
    10 1.196325 -0.000002 -0.000001 0.000000 0.000000 -0.430802
    11 3.883698 -0.046765 0.431443 0.085902 0.021830 -0.587867
    12 1.719570 -0.000004 -0.000001 0.000000 0.005516 -0.366478
    13 1.209169 -0.000004 0.000000 0.000000 0.003084 -0.216400
    14 3.859863 -0.137946 1.332466 0.354449 -0.042750 -0.531718
    15 1.719431 0.000002 0.000000 0.000000 0.004074 -0.363009
    16 1.099667 0.000000 -0.000001 0.000000 0.002596 -0.244331
    17 0.806053 -0.348926 1.321258 -1.222677 -0.679213 -0.788819
    18 1.789778 -0.000002 0.000002 0.000000 0.000000 0.228523
    19 1.207005 0.000000 0.000002 0.000000 0.000000 0.362860
    20 -1.017518 -4.421269 -4.371278 -1.668474 1.286518 2.942953
    21 6.028145 0.000000 0.000000 2.166698 1.145359 -0.507818
    22 11.692554 0.000001 0.000002 0.000000 0.000000 -1.552525
    23 11.481699 0.000001 0.000001 -1.639170 -0.062698 0.258128
    24 3.859680 -0.132567 1.193109 0.466236 -0.158066 -0.878825
    25 1.312555 -0.000002 0.000002 0.000000 0.000000 -0.439672
    26 0.729365 0.000000 -0.000001 0.000000 0.000000 -0.244271
    27 3.942307 0.050327 0.431044 0.150078 -0.079191 -0.810205
    28 1.539099 -0.000002 0.000000 0.000000 0.000000 -0.247771
    29 1.196321 0.000010 0.000000 0.000000 0.000000 -0.430761
    30 3.883659 -0.050321 -0.431042 -0.085905 -0.026404 -0.587695
    31 1.719578 0.000002 0.000000 0.000000 -0.007974 -0.366437
    32 1.209185 0.000002 0.000000 0.000000 -0.004461 -0.216376
    33 3.859840 -0.148937 -1.331282 -0.352717 0.047591 -0.506866
    34 1.719421 0.000002 0.000000 0.000587 -0.007044 -0.474143
    35 1.099669 0.000002 -0.000001 0.000527 -0.002138 -0.259680
    36 0.950558 -1.145017 -1.396461 1.238729 0.695063 -0.766083
    37 1.789782 0.000000 -0.000004 -0.000335 0.001690 0.210705
    38 1.206999 0.000002 0.000000 -0.000144 0.000000 0.354406
    39 -5.658859 -17.406717 11.146629 0.180995 -0.036743 -0.018546
    40 0.025545 -1.273521 1.753304 0.000000 0.000000 0.000000
    41 0.001032 1.440453 -1.526783 0.000000 0.000000 0.000000
    42 0.004413 0.696487 -1.430595 0.000000 0.000000 0.000000
    43 0.580660 0.349014 -1.430595 0.000000 0.000000 0.000000
    44 0.583444 -0.305904 -1.430599 0.000000 0.000000 0.000000
    45 0.005318 -0.648720 -1.430599 0.000000 0.000000 0.000000
    46 -0.574618 -0.303123 -1.430601 0.000000 0.000000 0.000000
    47 -0.573714 0.348118 -1.430595 0.000000 0.000000 0.000000
    48 -0.029968 -0.059296 1.773438 -1.561870 -0.003783 0.018306
    49 0.041163 0.095589 -2.899426 -0.781108 -0.013985 0.002645
    50 0.081115 -2.496311 -0.915165 0.000000 0.000000 0.000000
    51 4.863281 2.800781 -18.203125 1.570792 0.000003 -0.000003
  time 104
    0 0.000000 -0.000006 0.000000 -1.570781 -1.391896 -1.570809
    1 1.208984 -4.433594 3.550781 1.596637 -1.286515 2.942961
    2 6.028141 0.000000 0.000000 -1.195109 0.288824 -1.112448
    3 11.692554 0.000001 0.000000 -0.000042 0.000042 -1.457059
    4 11.481670 0.000001 -0.000031 0.584912 -0.244611 0.261263
    5 3.859711 -0.142405 -1.191975 -0.468133 0.151533 -0.880197
    6 1.312555 -0.000002 0.000000 0.000000 0.000000 -0.439720
    7 0.729363 -0.000002 -0.000002 0.000000 0.000000 -0.244299
    8 3.942337 0.046767 -0.431443 -0.151780 0.073206 -0.810985
    9 1.539097 0.000000 0.000000 0.000000 0.000000 -0.247797
    10 1.196325 -0.000002 -0.000001 0.000000 0.000000 -0.430802
    11 3.883698 -0.046765 0.431443 0.085902 0.021830 -0.587867
    12 1.719570 -0.000004 -0.000001 0.000000 0.005516 -0.366478
    13 1.209169 -0.000004 0.000000 0.000000 0.003084 -0.216400
    14 3.859863 -0.137946 1.332466 0.354449 -0.042750 -0.531718
    15 1.719431 0.000002 0.000000 0.000000 0.004074 -0.363009
    16 1.099667 0.000000 -0.000001 0.000000 0.002596 -0.244331
    17 0.806053 -0.348926 1.321258 -1.222677 -0.679213 -0.788819
    18 1.789778 -0.000002 0.000002 0.000000 0.000000 0.228523
    19 1.207005 0.000000 0.000002 0.000000 0.000000 0.362860
    20 -1.033144 -4.401737 -4.367372 -1.668474 1.286518 2.942953
    21 6.028145 0.000000 0.000000 2.250336 1.124267 -0.431895
    22 11.692554 0.000001 0.000002 0.000000 0.000000 -1.544915
    23 11.481699 0.000001 0.000001 -1.567703 -0.018734 0.252940
    24 3.859680 -0.132567 1.193109 0.466236 -0.158066 -0.878825
    25 1.312555 -0.000002 0.000002 0.000000 0.000000 -0.439672
    26 0.729365 0.000000 -0.000001 0.000000 0.000000 -0.244271
    27 3.942307 0.050327 0.431044 0.150078 -0.079191 -0.810205
    28 1.539099 -0.000002 0.000000 0.000000 0.000000 -0.247771
    29 1.196321 0.000010 0.000000 0.000000 0.000000 -0.430761
    30 3.883659 -0.050321 -0.431042 -0.085905 -0.026404 -0.587695
    31 1.719578 0.000002 0.000000 0.000000 -0.007974 -0.366437
    32 1.209185 0.000002 0.000000 0.000000 -0.004461 -0.216376
    33 3.859840 -0.148937 -1.331282 -0.352873 0.046609 -0.509628
    34 1.719421 0.000002 0.000000 0.000563 -0.006996 -0.468297
    35 1.099669 0.000002 -0.000001 0.000503 -0.002233 -0.258009
    36 0.950558 -1.145017 -1.396461 1.238109 0.693335 -0.767062
    37 1.789782 0.000000 -0.000004 -0.000299 0.001546 0.212590
    38 1.206999 0.000002 0.000000 -0.000120 0.000000 0.355295
    39 -5.682298 -17.918451 12.361509 0.457898 -0.030061 -0.025240
    40 0.025545 -1.273521 1.753304 0.000000 0.000000 0.000000
    41 0.001032 1.440453 -1.526783 0.000000 0.000000 0.000000
    42 0.004413 0.696487 -1.430595 0.000000 0.000000 0.000000
    43 0.580660 0.349014 -1.430595 0.000000 0.000000 0.000000
    44 0.583444 -0.305904 -1.430599 0.000000 0.000000 0.000000
    45 0.005318 -0.648720 -1.430599 0.000000 0.000000 0.000000
    46 -0.574618 -0.303123 -1.430601 0.000000 0.000000 0.000000
    47 -0.573714 0.348118 -1.430595 0.000000 0.000000 0.000000
    48 -0.029968 -0.059296 1.773438 -1.561870 -0.003783 0.018306
    49 0.041163 0.095589 -2.899426 -0.781108 -0.013985 0.002645
    50 0.081115 -2.496311 -0.915165 0.000000 0.000000 0.000000
    51 4.863281 2.800781 -18.203125 1.570792 0.000003 -0.000003
  time 105
    0 0.000000 -0.000006 0.000000 -1.570781 -1.391896 -1.570809
    1 1.208984 -4.433594 3.550781 1.596637 -1.286515 2.942961
    2 6.028141 0.000000 0.000000 -1.195109 0.288824 -1.112448
    3 11.692554 0.000001 0.000000 -0.000042 0.000042 -1.457059
    4 11.481670 0.000001 -0.000031 0.584912 -0.244611 0.261263
    5 3.859711 -0.142405 -1.191975 -0.468133 0.151533 -0.880197
    6 1.312555 -0.000002 0.000000 0.000000 0.000000 -0.439720
    7 0.729363 -0.000002 -0.000002 0.000000 0.000000 -0.244299
    8 3.942337 0.046767 -0.431443 -0.151780 0.073206 -0.810985
    9 1.539097 0.000000 0.000000 0.000000 0.000000 -0.247797
    10 1.196325 -0.000002 -0.000001 0.000000 0.000000 -0.430802
    11 3.883698 -0.046765 0.431443 0.085902 0.021830 -0.587867
    12 1.719570 -0.000004 -0.000001 0.000000 0.005516 -0.366478
    13 1.209169 -0.000004 0.000000 0.000000 0.003084 -0.216400
    14 3.859863 -0.137946 1.332466 0.354449 -0.042750 -0.531718
    15 1.719431 0.000002 0.000000 0.000000 0.004074 -0.363009
    16 1.099667 0.000000 -0.000001 0.000000 0.002596 -0.244331
    17 0.806053 -0.348926 1.321258 -1.222677 -0.679213 -0.788819
    18 1.789778 -0.000002 0.000002 0.000000 0.000000 0.228523
    19 1.207005 0.000000 0.000002 0.000000 0.000000 0.362860
    20 -1.044863 -4.386111 -4.359559 -1.668474 1.286518 2.942953
    21 6.028145 0.000000 0.000000 2.313760 1.093823 -0.377705
    22 11.692554 0.000001 0.000002 0.000000 0.000000 -1.541442
    23 11.481699 0.000001 0.000001 -1.502333 0.014971 0.247994
    24 3.859680 -0.132567 1.193109 0.466236 -0.158066 -0.878825
    25 1.312555 -0.000002 0.000002 0.000000 0.000000 -0.439672
    26 0.729365 0.000000 -0.000001 0.000000 0.000000 -0.244271
    27 3.942307 0.050327 0.431044 0.150078 -0.079191 -0.810205
    28 1.539099 -0.000002 0.000000 0.000000 0.000000 -0.247771
    29 1.196321 0.000010 0.000000 0.000000 0.000000 -0.430761
    30 3.883659 -0.050321 -0.431042 -0.085905 -0.026404 -0.587695
    31 1.719578 0.000002 0.000000 0.000000 -0.007974 -0.366437
    32 1.209185 0.000002 0.000000 0.000000 -0.004461 -0.216376
    33 3.859840 -0.148937 -1.331282 -0.353029 0.045686 -0.512206
    34 1.719421 0.000002 0.000000 0.000539 -0.006948 -0.462359
    35 1.099669 0.000002 -0.000001 0.000467 -0.002341 -0.256428
    36 0.950558 -1.145017 -1.396461 1.237420 0.691660 -0.768097
    37 1.789782 0.000000 -0.000004 -0.000264 0.001414 0.214390
    38 1.206999 0.000002 0.000000 -0.000108 0.000000 0.356156
    39 -5.674485 -18.563002 13.369353 0.734800 -0.021615 -0.028369
    40 0.025545 -1.273521 1.753304 0.000000 0.000000 0.000000
    41 0.001032 1.440453 -1.526783 0.000000 0.000000 0.000000
    42 0.004413 0.696487 -1.430595 0.000000 0.000000 0.000000
    43 0.580660 0.349014 -1.430595 0.000000 0.000000 0.000000
    44 0.583444 -0.305904 -1.430599 0.000000 0.000000 0.000000
    45 0.005318 -0.648720 -1.430599 0.000000 0.000000 0.000000
    46 -0.574618 -0.303123 -1.430601 0.000000 0.000000 0.000000
    47 -0.573714 0.348118 -1.430595 0.000000 0.000000 0.000000
    48 -0.029968 -0.059296 1.773438 -1.561870 -0.003783 0.018306
    49 0.041163 0.095589 -2.899426 -0.781108 -0.013985 0.002645
    50 0.081115 -2.496311 -0.915165 0.000000 0.000000 0.000000
    51 4.863281 2.800781 -18.203125 1.570792 0.000003 -0.000003
  time 106
    0 0.000000 -0.000006 0.000000 -1.570781 -1.391896 -1.570809
    1 1.208984 -4.433594 3.550781 1.596637 -1.286515 2.942961
    2 6.028141 0.000000 0.000000 -1.195109 0.288824 -1.112448
    3 11.692554 0.000001 0.000000 -0.000042 0.000042 -1.457059
    4 11.481670 0.000001 -0.000031 0.584912 -0.244611 0.261263
    5 3.859711 -0.142405 -1.191975 -0.468133 0.151533 -0.880197
    6 1.312555 -0.000002 0.000000 0.000000 0.000000 -0.439720
    7 0.729363 -0.000002 -0.000002 0.000000 0.000000 -0.244299
    8 3.942337 0.046767 -0.431443 -0.151780 0.073206 -0.810985
    9 1.539097 0.000000 0.000000 0.000000 0.000000 -0.247797
    10 1.196325 -0.000002 -0.000001 0.000000 0.000000 -0.430802
    11 3.883698 -0.046765 0.431443 0.085902 0.021830 -0.587867
    12 1.719570 -0.000004 -0.000001 0.000000 0.005516 -0.366478
    13 1.209169 -0.000004 0.000000 0.000000 0.003084 -0.216400
    14 3.859863 -0.137946 1.332466 0.354449 -0.042750 -0.531718
    15 1.719431 0.000002 0.000000 0.000000 0.004074 -0.363009
    16 1.099667 0.000000 -0.000001 0.000000 0.002596 -0.244331
    17 0.806053 -0.348926 1.321258 -1.222677 -0.679213 -0.788819
    18 1.789778 -0.000002 0.000002 0.000000 0.000000 0.228523
    19 1.207005 0.000000 0.000002 0.000000 0.000000 0.362860
    20 -1.060488 -4.370486 -4.355653 -1.668474 1.286518 2.942953
    21 6.028145 0.000000 0.000000 2.359267 1.057079 -0.342989
    22 11.692554 0.000001 0.000002 0.000000 0.000000 -1.540851
    23 11.481699 0.000001 0.000001 -1.442608 0.039626 0.241933
    24 3.859680 -0.132567 1.193109 0.466236 -0.158066 -0.878825
    25 1.312555 -0.000002 0.000002 0.000000 0.000000 -0.439672
    26 0.729365 0.000000 -0.000001 0.000000 0.000000 -0.244271
    27 3.942307 0.050327 0.431044 0.150078 -0.079191 -0.810205
    28 1.539099 -0.000002 0.000000 0.000000 0.000000 -0.247771
    29 1.196321 0.000010 0.000000 0.000000 0.000000 -0.430761
    30 3.883659 -0.050321 -0.431042 -0.085905 -0.026404 -0.587695
    31 1.719578 0.000002 0.000000 0.000000 -0.007974 -0.366437
    32 1.209185 0.000002 0.000000 0.000000 -0.004461 -0.216376
    33 3.859840 -0.148937 -1.331282 -0.353173 0.044799 -0.514661
    34 1.719421 0.000002 0.000000 0.000515 -0.006900 -0.456330
    35 1.099669 0.000002 -0.000001 0.000443 -0.002461 -0.254917
    36 0.950558 -1.145017 -1.396461 1.236708 0.690021 -0.769248
    37 1.789782 0.000000 -0.000004 -0.000228 0.001294 0.216132
    38 1.206999 0.000002 0.000000 -0.000096 0.000000 0.356989
    39 -5.654953 -19.320838 14.135001 1.011607 -0.012287 -0.027587
    40 0.025545 -1.273521 1.753304 0.000000 0.000000 0.000000
    41 0.001032 1.440453 -1.526783 0.000000 0.000000 0.000000
    42 0.004413 0.696487 -1.430595 0.000000 0.000000 0.000000
    43 0.580660 0.349014 -1.430595 0.000000 0.000000 0.000000
    44 0.583444 -0.305904 -1.430599 0.000000 0.000000 0.000000
    45 0.005318 -0.648720 -1.430599 0.000000 0.000000 0.000000
    46 -0.574618 -0.303123 -1.430601 0.000000 0.000000 0.000000
    47 -0.573714 0.348118 -1.430595 0.000000 0.000000 0.000000
    48 -0.029968 -0.059296 1.773438 -1.561870 -0.003783 0.018306
    49 0.041163 0.095589 -2.899426 -0.781108 -0.013985 0.002645
    50 0.081115 -2.496311 -0.915165 0.000000 0.000000 0.000000
    51 4.863281 2.800781 -18.203125 1.570792 0.000003 -0.000003
  time 107
    0 0.000000 -0.000006 0.000000 -1.570781 -1.391896 -1.570809
    1 1.208984 -4.433594 3.550781 1.596637 -1.286515 2.942961
    2 6.028141 0.000000 0.000000 -1.195109 0.288824 -1.112448
    3 11.692554 0.000001 0.000000 -0.000042 0.000042 -1.457059
    4 11.481670 0.000001 -0.000031 0.584912 -0.244611 0.261263
    5 3.859711 -0.142405 -1.191975 -0.468133 0.151533 -0.880197
    6 1.312555 -0.000002 0.000000 0.000000 0.000000 -0.439720
    7 0.729363 -0.000002 -0.000002 0.000000 0.000000 -0.244299
    8 3.942337 0.046767 -0.431443 -0.151780 0.073206 -0.810985
    9 1.539097 0.000000 0.000000 0.000000 0.000000 -0.247797
    10 1.196325 -0.000002 -0.000001 0.000000 0.000000 -0.430802
    11 3.883698 -0.046765 0.431443 0.085902 0.021830 -0.587867
    12 1.719570 -0.000004 -0.000001 0.000000 0.005516 -0.366478
    13 1.209169 -0.000004 0.000000 0.000000 0.003084 -0.216400
    14 3.859863 -0.137946 1.332466 0.354449 -0.042750 -0.531718
    15 1.719431 0.000002 0.000000 0.000000 0.004074 -0.363009
    16 1.099667 0.000000 -0.000001 0.000000 0.002596 -0.244331
    17 0.806053 -0.348926 1.321258 -1.222677 -0.679213 -0.788819
    18 1.789778 -0.000002 0.000002 0.000000 0.000000 0.228523
    19 1.207005 0.000000 0.000002 0.000000 0.000000 0.362860
    20 -1.072208 -4.354860 -4.351746 -1.668474 1.286518 2.942953
    21 6.028145 0.000000 0.000000 2.390883 1.016422 -0.323796
    22 11.692554 0.000001 0.000002 0.000000 0.000000 -1.541886
    23 11.481699 0.000001 0.000001 -1.388415 0.056522 0.233980
    24 3.859680 -0.132567 1.193109 0.466236 -0.158066 -0.878825
    25 1.312555 -0.000002 0.000002 0.000000 0.000000 -0.439672
    26 0.729365 0.000000 -0.000001 0.000000 0.000000 -0.244271
    27 3.942307 0.050327 0.431044 0.150078 -0.079191 -0.810205
    28 1.539099 -0.000002 0.000000 0.000000 0.000000 -0.247771
    29 1.196321 0.000010 0.000000 0.000000 0.000000 -0.430761
    30 3.883659 -0.050321 -0.431042 -0.085905 -0.026404 -0.587695
    31 1.719578 0.000002 0.000000 0.000000 -0.007974 -0.366437
    32 1.209185 0.000002 0.000000 0.000000 -0.004461 -0.216376
    33 3.859840 -0.148937 -1.331282 -0.353305 0.043972 -0.516963
    34 1.719421 0.000002 0.000000 0.000492 -0.006865 -0.450240
    35 1.099669 0.000002 -0.000001 0.000407 -0.002569 -0.253519
    36 0.950558 -1.145017 -1.396461 1.235927 0.688437 -0.770428
    37 1.789782 0.000000 -0.000004 -0.000192 0.001162 0.217731
    38 1.206999 0.000002 0.000000 -0.000084 0.000000 0.357767
    39 -5.623702 -20.141176 14.642829 1.288318 -0.003146 -0.022545
    40 0.025545 -1.273521 1.753304 0.000000 0.000000 0.000000
    41 0.001032 1.440453 -1.526783 0.000000 0.000000 0.000000
    42 0.004413 0.696487 -1.430595 0.000000 0.000000 0.000000
    43 0.580660 0.349014 -1.430595 0.000000 0.000000 0.000000
    44 0.583444 -0.305904 -1.430599 0.000000 0.000000 0.000000
    45 0.005318 -0.648720 -1.430599 0.000000 0.000000 0.000000
    46 -0.574618 -0.303123 -1.430601 0.000000 0.000000 0.000000
    47 -0.573714 0.348118 -1.430595 0.000000 0.000000 0.000000
    48 -0.029968 -0.059296 1.773438 -1.561870 -0.003783 0.018306
    49 0.041163 0.095589 -2.899426 -0.781108 -0.013985 0.002645
    50 0.081115 -2.496311 -0.915165 0.000000 0.000000 0.000000
    51 4.863281 2.800781 -18.203125 1.570792 0.000003 -0.000003
  time 108
    0 0.000000 -0.000006 0.000000 -1.570781 -1.391896 -1.570809
    1 1.208984 -4.433594 3.550781 1.596637 -1.286515 2.942961
    2 6.028141 0.000000 0.000000 -1.195109 0.288824 -1.112448
    3 11.692554 0.000001 0.000000 -0.000042 0.000042 -1.457059
    4 11.481670 0.000001 -0.000031 0.584912 -0.244611 0.261263
    5 3.859711 -0.142405 -1.191975 -0.468133 0.151533 -0.880197
    6 1.312555 -0.000002 0.000000 0.000000 0.000000 -0.439720
    7 0.729363 -0.000002 -0.000002 0.000000 0.000000 -0.244299
    8 3.942337 0.046767 -0.431443 -0.151780 0.073206 -0.810985
    9 1.539097 0.000000 0.000000 0.000000 0.000000 -0.247797
    10 1.196325 -0.000002 -0.000001 0.000000 0.000000 -0.430802
    11 3.883698 -0.046765 0.431443 0.085902 0.021830 -0.587867
    12 1.719570 -0.000004 -0.000001 0.000000 0.005516 -0.366478
    13 1.209169 -0.000004 0.000000 0.000000 0.003084 -0.216400
    14 3.859863 -0.137946 1.332466 0.354449 -0.042750 -0.531718
    15 1.719431 0.000002 0.000000 0.000000 0.004074 -0.363009
    16 1.099667 0.000000 -0.000001 0.000000 0.002596 -0.244331
    17 0.806053 -0.348926 1.321258 -1.222677 -0.679213 -0.788819
    18 1.789778 -0.000002 0.000002 0.000000 0.000000 0.228523
    19 1.207005 0.000000 0.000002 0.000000 0.000000 0.362860
    20 -1.083927 -4.339235 -4.347840 -1.668474 1.286518 2.942953
    21 6.028145 0.000000 0.000000 2.412631 0.973761 -0.316176
    22 11.692554 0.000001 0.000002 0.000000 0.000000 -1.543437
    23 11.481699 0.000001 0.000001 -1.339698 0.066995 0.223507
    24 3.859680 -0.132567 1.193109 0.466236 -0.158066 -0.878825
    25 1.312555 -0.000002 0.000002 0.000000 0.000000 -0.439672
    26 0.729365 0.000000 -0.000001 0.000000 0.000000 -0.244271
    27 3.942307 0.050327 0.431044 0.150078 -0.079191 -0.810205
    28 1.539099 -0.000002 0.000000 0.000000 0.000000 -0.247771
    29 1.196321 0.000010 0.000000 0.000000 0.000000 -0.430761
    30 3.883659 -0.050321 -0.431042 -0.085905 -0.026404 -0.587695
    31 1.719578 0.000002 0.000000 0.000000 -0.007974 -0.366437
    32 1.209185 0.000002 0.000000 0.000000 -0.004461 -0.216376
    33 3.859840 -0.148937 -1.331282 -0.353436 0.043205 -0.519111
    34 1.719421 0.000002 0.000000 0.000456 -0.006829 -0.444058
    35 1.099669 0.000002 -0.000001 0.000383 -0.002689 -0.252191
    36 0.950558 -1.145017 -1.396461 1.235123 0.686924 -0.771722
    37 1.789782 0.000000 -0.000004 -0.000168 0.001042 0.219273
    38 1.206999 0.000002 0.000000 -0.000072 0.000000 0.358489
    39 -5.576826 -20.973232 14.873305 1.564934 0.004697 -0.013504
    40 0.025545 -1.273521 1.753304 0.000000 0.000000 0.000000
    41 0.001032 1.440453 -1.526783 0.000000 0.000000 0.000000
    42 0.004413 0.696487 -1.430595 0.000000 0.000000 0.000000
    43 0.580660 0.349014 -1.430595 0.000000 0.000000 0.000000
    44 0.583444 -0.305904 -1.430599 0.000000 0.000000 0.000000
    45 0.005318 -0.648720 -1.430599 0.000000 0.000000 0.000000
    46 -0.574618 -0.303123 -1.430601 0.000000 0.000000 0.000000
    47 -0.573714 0.348118 -1.430595 0.000000 0.000000 0.000000
    48 -0.029968 -0.059296 1.773438 -1.561870 -0.003783 0.018306
    49 0.041163 0.095589 -2.899426 -0.781108 -0.013985 0.002645
    50 0.081115 -2.496311 -0.915165 0.000000 0.000000 0.000000
    51 4.863281 2.800781 -18.203125 1.570792 0.000003 -0.000003
  time 109
    0 0.000000 -0.000006 0.000000 -1.570781 -1.391896 -1.570809
    1 1.208984 -4.433594 3.550781 1.596637 -1.286515 2.942961
    2 6.028141 0.000000 0.000000 -1.195109 0.288824 -1.112448
    3 11.692554 0.000001 0.000000 -0.000042 0.000042 -1.457059
    4 11.481670 0.000001 -0.000031 0.584912 -0.244611 0.261263
    5 3.859711 -0.142405 -1.191975 -0.468133 0.151533 -0.880197
    6 1.312555 -0.000002 0.000000 0.000000 0.000000 -0.439720
    7 0.729363 -0.000002 -0.000002 0.000000 0.000000 -0.244299
    8 3.942337 0.046767 -0.431443 -0.151780 0.073206 -0.810985
    9 1.539097 0.000000 0.000000 0.000000 0.000000 -0.247797
    10 1.196325 -0.000002 -0.000001 0.000000 0.000000 -0.430802
    11 3.883698 -0.046765 0.431443 0.085902 0.021830 -0.587867
    12 1.719570 -0.000004 -0.000001 0.000000 0.005516 -0.366478
    13 1.209169 -0.000004 0.000000 0.000000 0.003084 -0.216400
    14 3.859863 -0.137946 1.332466 0.354449 -0.042750 -0.531718
    15 1.719431 0.000002 0.000000 0.000000 0.004074 -0.363009
    16 1.099667 0.000000 -0.000001 0.000000 0.002596 -0.244331
    17 0.806053 -0.348926 1.321258 -1.222677 -0.679213 -0.788819
    18 1.789778 -0.000002 0.000002 0.000000 0.000000 0.228523
    19 1.207005 0.000000 0.000002 0.000000 0.000000 0.362860
    20 -1.099552 -4.323609 -4.343933 -1.668474 1.286518 2.942953
    21 6.028145 0.000000 0.000000 2.427577 0.930813 -0.316646
    22 11.692554 0.000001 0.000002 0.000000 0.000000 -1.544472
    23 11.481699 0.000001 0.000001 -1.296287 0.072383 0.210609
    24 3.859680 -0.132567 1.193109 0.466236 -0.158066 -0.878825
    25 1.312555 -0.000002 0.000002 0.000000 0.000000 -0.439672
    26 0.729365 0.000000 -0.000001 0.000000 0.000000 -0.244271
    27 3.942307 0.050327 0.431044 0.150078 -0.079191 -0.810205
    28 1.539099 -0.000002 0.000000 0.000000 0.000000 -0.247771
    29 1.196321 0.000010 0.000000 0.000000 0.000000 -0.430761
    30 3.883659 -0.050321 -0.431042 -0.085905 -0.026404 -0.587695
    31 1.719578 0.000002 0.000000 0.000000 -0.007974 -0.366437
    32 1.209185 0.000002 0.000000 0.000000 -0.004461 -0.216376
    33 3.859840 -0.148937 -1.331282 -0.353556 0.042486 -0.521106
    34 1.719421 0.000002 0.000000 0.000432 -0.006793 -0.437786
    35 1.099669 0.000002 -0.000001 0.000348 -0.002797 -0.250977
    36 0.950558 -1.145017 -1.396461 1.234273 0.685448 -0.773074
    37 1.789782 0.000000 -0.000004 -0.000144 0.000923 0.220673
    38 1.206999 0.000002 0.000000 -0.000060 0.000000 0.359156
    39 -5.514324 -21.758412 14.845960 1.841549 0.010358 -0.000811
    40 0.025545 -1.273521 1.753304 0.000000 0.000000 0.000000
    41 0.001032 1.440453 -1.526783 0.000000 0.000000 0.000000
    42 0.004413 0.696487 -1.430595 0.000000 0.000000 0.000000
    43 0.580660 0.349014 -1.430595 0.000000 0.000000 0.000000
    44 0.583444 -0.305904 -1.430599 0.000000 0.000000 0.000000
    45 0.005318 -0.648720 -1.430599 0.000000 0.000000 0.000000
    46 -0.574618 -0.303123 -1.430601 0.000000 0.000000 0.000000
    47 -0.573714 0.348118 -1.430595 0.000000 0.000000 0.000000
    48 -0.029968 -0.059296 1.773438 -1.561870 -0.003783 0.018306
    49 0.041163 0.095589 -2.899426 -0.781108 -0.013985 0.002645
    50 0.081115 -2.496311 -0.915165 0.000000 0.000000 0.000000
    51 4.863281 2.800781 -18.203125 1.570792 0.000003 -0.000003
  time 110
    0 0.000000 -0.000006 0.000000 -1.570781 -1.391896 -1.570809
    1 1.208984 -4.433594 3.550781 1.596637 -1.286515 2.942961
    2 6.028141 0.000000 0.000000 -1.195109 0.288824 -1.112448
    3 11.692554 0.000001 0.000000 -0.000042 0.000042 -1.457059
    4 11.481670 0.000001 -0.000031 0.584912 -0.244611 0.261263
    5 3.859711 -0.142405 -1.191975 -0.468133 0.151533 -0.880197
    6 1.312555 -0.000002 0.000000 0.000000 0.000000 -0.439720
    7 0.729363 -0.000002 -0.000002 0.000000 0.000000 -0.244299
    8 3.942337 0.046767 -0.431443 -0.151780 0.073206 -0.810985
    9 1.539097 0.000000 0.000000 0.000000 0.000000 -0.247797
    10 1.196325 -0.000002 -0.000001 0.000000 0.000000 -0.430802
    11 3.883698 -0.046765 0.431443 0.085902 0.021830 -0.587867
    12 1.719570 -0.000004 -0.000001 0.000000 0.005516 -0.366478
    13 1.209169 -0.000004 0.000000 0.000000 0.003084 -0.216400
    14 3.859863 -0.137946 1.332466 0.354449 -0.042750 -0.531718
    15 1.719431 0.000002 0.000000 0.000000 0.004074 -0.363009
    16 1.099667 0.000000 -0.000001 0.000000 0.002596 -0.244331
    17 0.806053 -0.348926 1.321258 -1.222677 -0.679213 -0.788819
    18 1.789778 -0.000002 0.000002 0.000000 0.000000 0.228523
    19 1.207005 0.000000 0.000002 0.000000 0.000000 0.362860
    20 -1.111271 -4.307984 -4.340027 -1.668474 1.286518 2.942953
    21 6.028145 0.000000 0.000000 2.438116 0.888868 -0.322479
    22 11.692554 0.000001 0.000002 0.000000 0.000000 -1.544398
    23 11.481699 0.000001 0.000001 -1.258183 0.073849 0.195722
    24 3.859680 -0.132567 1.193109 0.466236 -0.158066 -0.878825
    25 1.312555 -0.000002 0.000002 0.000000 0.000000 -0.439672
    26 0.729365 0.000000 -0.000001 0.000000 0.000000 -0.244271
    27 3.942307 0.050327 0.431044 0.150078 -0.079191 -0.810205
    28 1.539099 -0.000002 0.000000 0.000000 0.000000 -0.247771
    29 1.196321 0.000010 0.000000 0.000000 0.000000 -0.430761
    30 3.883659 -0.050321 -0.431042 -0.085905 -0.026404 -0.587695
    31 1.719578 0.000002 0.000000 0.000000 -0.007974 -0.366437
    32 1.209185 0.000002 0.000000 0.000000 -0.004461 -0.216376
    33 3.859840 -0.148937 -1.331282 -0.353676 0.041827 -0.522948
    34 1.719421 0.000002 0.000000 0.000396 -0.006757 -0.431422
    35 1.099669 0.000002 -0.000001 0.000324 -0.002917 -0.249855
    36 0.950558 -1.145017 -1.396461 1.233354 0.684043 -0.774513
    37 1.789782 0.000000 -0.000004 -0.000120 0.000815 0.221986
    38 1.206999 0.000002 0.000000 -0.000048 0.000000 0.359794
    39 -5.432290 -22.442027 14.576421 2.118165 0.012864 0.014837
    40 0.025545 -1.273521 1.753304 0.000000 0.000000 0.000000
    41 0.001032 1.440453 -1.526783 0.000000 0.000000 0.000000
    42 0.004413 0.696487 -1.430595 0.000000 0.000000 0.000000
    43 0.580660 0.349014 -1.430595 0.000000 0.000000 0.000000
    44 0.583444 -0.305904 -1.430599 0.000000 0.000000 0.000000
    45 0.005318 -0.648720 -1.430599 0.000000 0.000000 0.000000
    46 -0.574618 -0.303123 -1.430601 0.000000 0.000000 0.000000
    47 -0.573714 0.348118 -1.430595 0.000000 0.000000 0.000000
    48 -0.029968 -0.059296 1.773438 -1.561870 -0.003783 0.018306
    49 0.041163 0.095589 -2.899426 -0.781108 -0.013985 0.002645
    50 0.081115 -2.496311 -0.915165 0.000000 0.000000 0.000000
    51 4.863281 2.800781 -18.203125 1.570792 0.000003 -0.000003
  time 111
    0 0.000000 -0.000006 0.000000 -1.570781 -1.391896 -1.570809
    1 1.208984 -4.433594 3.550781 1.596637 -1.286515 2.942961
    2 6.028141 0.000000 0.000000 -1.195109 0.288824 -1.112448
    3 11.692554 0.000001 0.000000 -0.000042 0.000042 -1.457059
    4 11.481670 0.000001 -0.000031 0.584912 -0.244611 0.261263
    5 3.859711 -0.142405 -1.191975 -0.468133 0.151533 -0.880197
    6 1.312555 -0.000002 0.000000 0.000000 0.000000 -0.439720
    7 0.729363 -0.000002 -0.000002 0.000000 0.000000 -0.244299
    8 3.942337 0.046767 -0.431443 -0.151780 0.073206 -0.810985
    9 1.539097 0.000000 0.000000 0.000000 0.000000 -0.247797
    10 1.196325 -0.000002 -0.000001 0.000000 0.000000 -0.430802
    11 3.883698 -0.046765 0.431443 0.085902 0.021830 -0.587867
    12 1.719570 -0.000004 -0.000001 0.000000 0.005516 -0.366478
    13 1.209169 -0.000004 0.000000 0.000000 0.003084 -0.216400
    14 3.859863 -0.137946 1.332466 0.354449 -0.042750 -0.531718
    15 1.719431 0.000002 0.000000 0.000000 0.004074 -0.363009
    16 1.099667 0.000000 -0.000001 0.000000 0.002596 -0.244331
    17 0.806053 -0.348926 1.321258 -1.222677 -0.679213 -0.788819
    18 1.789778 -0.000002 0.000002 0.000000 0.000000 0.228523
    19 1.207005 0.000000 0.000002 0.000000 0.000000 0.362860
    20 -1.122990 -4.292358 -4.336121 -1.668474 1.286518 2.942953
    21 6.028145 0.000000 0.000000 2.445876 0.849118 -0.331417
    22 11.692554 0.000001 0.000002 0.000000 0.000000 -1.542772
    23 11.481699 0.000001 0.000001 -1.225272 0.072556 0.179769
    24 3.859680 -0.132567 1.193109 0.466236 -0.158066 -0.878825
    25 1.312555 -0.000002 0.000002 0.000000 0.000000 -0.439672
    26 0.729365 0.000000 -0.000001 0.000000 0.000000 -0.244271
    27 3.942307 0.050327 0.431044 0.150078 -0.079191 -0.810205
    28 1.539099 -0.000002 0.000000 0.000000 0.000000 -0.247771
    29 1.196321 0.000010 0.000000 0.000000 0.000000 -0.430761
    30 3.883659 -0.050321 -0.431042 -0.085905 -0.026404 -0.587695
    31 1.719578 0.000002 0.000000 0.000000 -0.007974 -0.366437
    32 1.209185 0.000002 0.000000 0.000000 -0.004461 -0.216376
    33 3.859840 -0.148937 -1.331282 -0.353772 0.041216 -0.524636
    34 1.719421 0.000002 0.000000 0.000360 -0.006733 -0.424966
    35 1.099669 0.000002 -0.000001 0.000288 -0.003036 -0.248824
    36 0.950558 -1.145017 -1.396461 1.232390 0.682693 -0.776009
    37 1.789782 0.000000 -0.000004 -0.000096 0.000707 0.223186
    38 1.206999 0.000002 0.000000 -0.000036 0.000000 0.360350
    39 -5.334631 -22.977200 14.103750 2.394589 0.011704 0.032571
    40 0.025545 -1.273521 1.753304 0.000000 0.000000 0.000000
    41 0.001032 1.440453 -1.526783 0.000000 0.000000 0.000000
    42 0.004413 0.696487 -1.430595 0.000000 0.000000 0.000000
    43 0.580660 0.349014 -1.430595 0.000000 0.000000 0.000000
    44 0.583444 -0.305904 -1.430599 0.000000 0.000000 0.000000
    45 0.005318 -0.648720 -1.430599 0.000000 0.000000 0.000000
    46 -0.574618 -0.303123 -1.430601 0.000000 0.000000 0.000000
    47 -0.573714 0.348118 -1.430595 0.000000 0.000000 0.000000
    48 -0.029968 -0.059296 1.773438 -1.561870 -0.003783 0.018306
    49 0.041163 0.095589 -2.899426 -0.781108 -0.013985 0.002645
    50 0.081115 -2.496311 -0.915165 0.000000 0.000000 0.000000
    51 4.863281 2.800781 -18.203125 1.570792 0.000003 -0.000003
  time 112
    0 0.000000 -0.000006 0.000000 -1.570781 -1.391896 -1.570809
    1 1.208984 -4.433594 3.550781 1.596637 -1.286515 2.942961
    2 6.028141 0.000000 0.000000 -1.195109 0.288824 -1.112448
    3 11.692554 0.000001 0.000000 -0.000042 0.000042 -1.457059
    4 11.481670 0.000001 -0.000031 0.584912 -0.244611 0.261263
    5 3.859711 -0.142405 -1.191975 -0.468133 0.151533 -0.880197
    6 1.312555 -0.000002 0.000000 0.000000 0.000000 -0.439720
    7 0.729363 -0.000002 -0.000002 0.000000 0.000000 -0.244299
    8 3.942337 0.046767 -0.431443 -0.151780 0.073206 -0.810985
    9 1.539097 0.000000 0.000000 0.000000 0.000000 -0.247797
    10 1.196325 -0.000002 -0.000001 0.000000 0.000000 -0.430802
    11 3.883698 -0.046765 0.431443 0.085902 0.021830 -0.587867
    12 1.719570 -0.000004 -0.000001 0.000000 0.005516 -0.366478
    13 1.209169 -0.000004 0.000000 0.000000 0.003084 -0.216400
    14 3.859863 -0.137946 1.332466 0.354449 -0.042750 -0.531718
    15 1.719431 0.000002 0.000000 0.000000 0.004074 -0.363009
    16 1.099667 0.000000 -0.000001 0.000000 0.002596 -0.244331
    17 0.806053 -0.348926 1.321258 -1.222677 -0.679213 -0.788819
    18 1.789778 -0.000002 0.000002 0.000000 0.000000 0.228523
    19 1.207005 0.000000 0.000002 0.000000 0.000000 0.362860
    20 -1.138616 -4.276733 -4.332214 -1.668474 1.286518 2.942953
    21 6.028145 0.000000 0.000000 2.451912 0.812469 -0.341766
    22 11.692554 0.000001 0.000002 0.000000 0.000000 -1.539669
    23 11.481699 0.000001 0.000001 -1.197329 0.069625 0.163962
    24 3.859680 -0.132567 1.193109 0.466236 -0.158066 -0.878825
    25 1.312555 -0.000002 0.000002 0.000000 0.000000 -0.439672
    26 0.729365 0.000000 -0.000001 0.000000 0.000000 -0.244271
    27 3.942307 0.050327 0.431044 0.150078 -0.079191 -0.810205
    28 1.539099 -0.000002 0.000000 0.000000 0.000000 -0.247771
    29 1.196321 0.000010 0.000000 0.000000 0.000000 -0.430761
    30 3.883659 -0.050321 -0.431042 -0.085905 -0.026404 -0.587695
    31 1.719578 0.000002 0.000000 0.000000 -0.007974 -0.366437
    32 1.209185 0.000002 0.000000 0.000000 -0.004461 -0.216376
    33 3.859840 -0.148937 -1.331282 -0.353880 0.040676 -0.526139
    34 1.719421 0.000002 0.000000 0.000324 -0.006709 -0.418450
    35 1.099669 0.000002 -0.000001 0.000252 -0.003156 -0.247885
    36 0.950558 -1.145017 -1.396461 1.231379 0.681414 -0.777620
    37 1.789782 0.000000 -0.000004 -0.000072 0.000611 0.224300
    38 1.206999 0.000002 0.000000 -0.000024 0.000000 0.360878
    39 -5.225252 -23.332679 13.482637 2.670822 0.006460 0.051349
    40 0.025545 -1.273521 1.753304 0.000000 0.000000 0.000000
    41 0.001032 1.440453 -1.526783 0.000000 0.000000 0.000000
    42 0.004413 0.696487 -1.430595 0.000000 0.000000 0.000000
    43 0.580660 0.349014 -1.430595 0.000000 0.000000 0.000000
    44 0.583444 -0.305904 -1.430599 0.000000 0.000000 0.000000
    45 0.005318 -0.648720 -1.430599 0.000000 0.000000 0.000000
    46 -0.574618 -0.303123 -1.430601 0.000000 0.000000 0.000000
    47 -0.573714 0.348118 -1.430595 0.000000 0.000000 0.000000
    48 -0.029968 -0.059296 1.773438 -1.561870 -0.003783 0.018306
    49 0.041163 0.095589 -2.899426 -0.781108 -0.013985 0.002645
    50 0.081115 -2.496311 -0.915165 0.000000 0.000000 0.000000
    51 4.863281 2.800781 -18.203125 1.570792 0.000003 -0.000003
  time 113
    0 0.000000 -0.000006 0.000000 -1.570781 -1.391896 -1.570809
    1 1.208984 -4.433594 3.550781 1.596637 -1.286515 2.942961
    2 6.028141 0.000000 0.000000 -1.195109 0.288824 -1.112448
    3 11.692554 0.000001 0.000000 -0.000042 0.000042 -1.457059
    4 11.481670 0.000001 -0.000031 0.584912 -0.244611 0.261263
    5 3.859711 -0.142405 -1.191975 -0.468133 0.151533 -0.880197
    6 1.312555 -0.000002 0.000000 0.000000 0.000000 -0.439720
    7 0.729363 -0.000002 -0.000002 0.000000 0.000000 -0.244299
    8 3.942337 0.046767 -0.431443 -0.151780 0.073206 -0.810985
    9 1.539097 0.000000 0.000000 0.000000 0.000000 -0.247797
    10 1.196325 -0.000002 -0.000001 0.000000 0.000000 -0.430802
    11 3.883698 -0.046765 0.431443 0.085902 0.021830 -0.587867
    12 1.719570 -0.000004 -0.000001 0.000000 0.005516 -0.366478
    13 1.209169 -0.000004 0.000000 0.000000 0.003084 -0.216400
    14 3.859863 -0.137946 1.332466 0.354449 -0.042750 -0.531718
    15 1.719431 0.000002 0.000000 0.000000 0.004074 -0.363009
    16 1.099667 0.000000 -0.000001 0.000000 0.002596 -0.244331
    17 0.806053 -0.348926 1.321258 -1.222677 -0.679213 -0.788819
    18 1.789778 -0.000002 0.000002 0.000000 0.000000 0.228523
    19 1.207005 0.000000 0.000002 0.000000 0.000000 0.362860
    20 -1.150335 -4.265014 -4.328308 -1.668474 1.286518 2.942953
    21 6.028145 0.000000 0.000000 2.456798 0.779734 -0.352491
    22 11.692554 0.000001 0.000002 0.000000 0.000000 -1.535384
    23 11.481699 0.000001 0.000001 -1.174297 0.066004 0.149997
    24 3.859680 -0.132567 1.193109 0.466236 -0.158066 -0.878825
    25 1.312555 -0.000002 0.000002 0.000000 0.000000 -0.439672
    26 0.729365 0.000000 -0.000001 0.000000 0.000000 -0.244271
    27 3.942307 0.050327 0.431044 0.150078 -0.079191 -0.810205
    28 1.539099 -0.000002 0.000000 0.000000 0.000000 -0.247771
    29 1.196321 0.000010 0.000000 0.000000 0.000000 -0.430761
    30 3.883659 -0.050321 -0.431042 -0.085905 -0.026404 -0.587695
    31 1.719578 0.000002 0.000000 0.000000 -0.007974 -0.366437
    32 1.209185 0.000002 0.000000 0.000000 -0.004461 -0.216376
    33 3.859840 -0.148937 -1.331282 -0.353964 0.040185 -0.527490
    34 1.719421 0.000002 0.000000 0.000288 -0.006685 -0.411812
    35 1.099669 0.000002 -0.000001 0.000228 -0.003288 -0.247061
    36 0.950558 -1.145017 -1.396461 1.230322 0.680190 -0.779289
    37 1.789782 0.000000 -0.000004 -0.000060 0.000515 0.225271
    38 1.206999 0.000002 0.000000 -0.000024 0.000000 0.361350
    39 -5.104155 -23.485028 12.759959 2.946767 -0.002914 0.070039
    40 0.025545 -1.273521 1.753304 0.000000 0.000000 0.000000
    41 0.001032 1.440453 -1.526783 0.000000 0.000000 0.000000
    42 0.004413 0.696487 -1.430595 0.000000 0.000000 0.000000
    43 0.580660 0.349014 -1.430595 0.000000 0.000000 0.000000
    44 0.583444 -0.305904 -1.430599 0.000000 0.000000 0.000000
    45 0.005318 -0.648720 -1.430599 0.000000 0.000000 0.000000
    46 -0.574618 -0.303123 -1.430601 0.000000 0.000000 0.000000
    47 -0.573714 0.348118 -1.430595 0.000000 0.000000 0.000000
    48 -0.029968 -0.059296 1.773438 -1.561870 -0.003783 0.018306
    49 0.041163 0.095589 -2.899426 -0.781108 -0.013985 0.002645
    50 0.081115 -2.496311 -0.915165 0.000000 0.000000 0.000000
    51 4.863281 2.800781 -18.203125 1.570792 0.000003 -0.000003
  time 114
    0 0.000000 -0.000006 0.000000 -1.570781 -1.391896 -1.570809
    1 1.208984 -4.433594 3.550781 1.596637 -1.286515 2.942961
    2 6.028141 0.000000 0.000000 -1.195109 0.288824 -1.112448
    3 11.692554 0.000001 0.000000 -0.000042 0.000042 -1.457059
    4 11.481670 0.000001 -0.000031 0.584912 -0.244611 0.261263
    5 3.859711 -0.142405 -1.191975 -0.468133 0.151533 -0.880197
    6 1.312555 -0.000002 0.000000 0.000000 0.000000 -0.439720
    7 0.729363 -0.000002 -0.000002 0.000000 0.000000 -0.244299
    8 3.942337 0.046767 -0.431443 -0.151780 0.073206 -0.810985
    9 1.539097 0.000000 0.000000 0.000000 0.000000 -0.247797
    10 1.196325 -0.000002 -0.000001 0.000000 0.000000 -0.430802
    11 3.883698 -0.046765 0.431443 0.085902 0.021830 -0.587867
    12 1.719570 -0.000004 -0.000001 0.000000 0.005516 -0.366478
    13 1.209169 -0.000004 0.000000 0.000000 0.003084 -0.216400
    14 3.859863 -0.137946 1.332466 0.354449 -0.042750 -0.531718
    15 1.719431 0.000002 0.000000 0.000000 0.004074 -0.363009
    16 1.099667 0.000000 -0.000001 0.000000 0.002596 -0.244331
    17 0.806053 -0.348926 1.321258 -1.222677 -0.679213 -0.788819
    18 1.789778 -0.000002 0.000002 0.000000 0.000000 0.228523
    19 1.207005 0.000000 0.000002 0.000000 0.000000 0.362860
    20 -1.162054 -4.249388 -4.320495 -1.668474 1.286518 2.942953
    21 6.028145 0.000000 0.000000 2.461013 0.751532 -0.362558
    22 11.692554 0.000001 0.000002 0.000000 0.000000 -1.530433
    23 11.481699 0.000001 0.000001 -1.155894 0.062599 0.139669
    24 3.859680 -0.132567 1.193109 0.466236 -0.158066 -0.878825
    25 1.312555 -0.000002 0.000002 0.000000 0.000000 -0.439672
    26 0.729365 0.000000 -0.000001 0.000000 0.000000 -0.244271
    27 3.942307 0.050327 0.431044 0.150078 -0.079191 -0.810205
    28 1.539099 -0.000002 0.000000 0.000000 0.000000 -0.247771
    29 1.196321 0.000010 0.000000 0.000000 0.000000 -0.430761
    30 3.883659 -0.050321 -0.431042 -0.085905 -0.026404 -0.587695
    31 1.719578 0.000002 0.000000 0.000000 -0.007974 -0.366437
    32 1.209185 0.000002 0.000000 0.000000 -0.004461 -0.216376
    33 3.859840 -0.148937 -1.331282 -0.354048 0.039765 -0.528687
    34 1.719421 0.000002 0.000000 0.000252 -0.006661 -0.405113
    35 1.099669 0.000002 -0.000001 0.000192 -0.003408 -0.246351
    36 0.950558 -1.145017 -1.396461 1.229220 0.679037 -0.781072
    37 1.789782 0.000000 -0.000004 -0.000036 0.000419 0.226127
    38 1.206999 0.000002 0.000000 -0.000012 0.000000 0.361766
    39 -4.979151 -23.426432 11.990404 3.222234 -0.016186 0.087687
    40 0.025545 -1.273521 1.753304 0.000000 0.000000 0.000000
    41 0.001032 1.440453 -1.526783 0.000000 0.000000 0.000000
    42 0.004413 0.696487 -1.430595 0.000000 0.000000 0.000000
    43 0.580660 0.349014 -1.430595 0.000000 0.000000 0.000000
    44 0.583444 -0.305904 -1.430599 0.000000 0.000000 0.000000
    45 0.005318 -0.648720 -1.430599 0.000000 0.000000 0.000000
    46 -0.574618 -0.303123 -1.430601 0.000000 0.000000 0.000000
    47 -0.573714 0.348118 -1.430595 0.000000 0.000000 0.000000
    48 -0.029968 -0.059296 1.773438 -1.561870 -0.003783 0.018306
    49 0.041163 0.095589 -2.899426 -0.781108 -0.013985 0.002645
    50 0.081115 -2.496311 -0.915165 0.000000 0.000000 0.000000
    51 4.863281 2.800781 -18.203125 1.570792 0.000003 -0.000003
  time 115
    0 0.000000 -0.000006 0.000000 -1.570781 -1.391896 -1.570809
    1 1.208984 -4.433594 3.550781 1.596637 -1.286515 2.942961
    2 6.028141 0.000000 0.000000 -1.195109 0.288824 -1.112448
    3 11.692554 0.000001 0.000000 -0.000042 0.000042 -1.457059
    4 11.481670 0.000001 -0.000031 0.584912 -0.244611 0.261263
    5 3.859711 -0.142405 -1.191975 -0.468133 0.151533 -0.880197
    6 1.312555 -0.000002 0.000000 0.000000 0.000000 -0.439720
    7 0.729363 -0.000002 -0.000002 0.000000 0.000000 -0.244299
    8 3.942337 0.046767 -0.431443 -0.151780 0.073206 -0.810985
    9 1.539097 0.000000 0.000000 0.000000 0.000000 -0.247797
    10 1.196325 -0.000002 -0.000001 0.000000 0.000000 -0.430802
    11 3.883698 -0.046765 0.431443 0.085902 0.021830 -0.587867
    12 1.719570 -0.000004 -0.000001 0.000000 0.005516 -0.366478
    13 1.209169 -0.000004 0.000000 0.000000 0.003084 -0.216400
    14 3.859863 -0.137946 1.332466 0.354449 -0.042750 -0.531718
    15 1.719431 0.000002 0.000000 0.000000 0.004074 -0.363009
    16 1.099667 0.000000 -0.000001 0.000000 0.002596 -0.244331
    17 0.806053 -0.348926 1.321258 -1.222677 -0.679213 -0.788819
    18 1.789778 -0.000002 0.000002 0.000000 0.000000 0.228523
    19 1.207005 0.000000 0.000002 0.000000 0.000000 0.362860
    20 -1.173773 -4.233763 -4.316589 -1.668474 1.286518 2.942953
    21 6.028145 0.000000 0.000000 2.464366 0.728435 -0.371213
    22 11.692554 0.000001 0.000002 0.000000 0.000000 -1.525704
    23 11.481699 0.000001 0.000001 -1.141894 0.060358 0.135062
    24 3.859680 -0.132567 1.193109 0.466236 -0.158066 -0.878825
    25 1.312555 -0.000002 0.000002 0.000000 0.000000 -0.439672
    26 0.729365 0.000000 -0.000001 0.000000 0.000000 -0.244271
    27 3.942307 0.050327 0.431044 0.150078 -0.079191 -0.810205
    28 1.539099 -0.000002 0.000000 0.000000 0.000000 -0.247771
    29 1.196321 0.000010 0.000000 0.000000 0.000000 -0.430761
    30 3.883659 -0.050321 -0.431042 -0.085905 -0.026404 -0.587695
    31 1.719578 0.000002 0.000000 0.000000 -0.007974 -0.366437
    32 1.209185 0.000002 0.000000 0.000000 -0.004461 -0.216376
    33 3.859840 -0.148937 -1.331282 -0.354131 0.039406 -0.529699
    34 1.719421 0.000002 0.000000 0.000216 -0.006649 -0.398323
    35 1.099669 0.000002 -0.000001 0.000156 -0.003540 -0.245732
    36 0.950558 -1.145017 -1.396461 1.228048 0.677957 -0.782914
    37 1.789782 0.000000 -0.000004 -0.000024 0.000335 0.226841
    38 1.206999 0.000002 0.000000 0.000000 0.000000 0.362100
    39 -4.854147 -23.172518 11.228662 3.497318 -0.032891 0.103248
    40 0.025545 -1.273521 1.753304 0.000000 0.000000 0.000000
    41 0.001032 1.440453 -1.526783 0.000000 0.000000 0.000000
    42 0.004413 0.696487 -1.430595 0.000000 0.000000 0.000000
    43 0.580660 0.349014 -1.430595 0.000000 0.000000 0.000000
    44 0.583444 -0.305904 -1.430599 0.000000 0.000000 0.000000
    45 0.005318 -0.648720 -1.430599 0.000000 0.000000 0.000000
    46 -0.574618 -0.303123 -1.430601 0.000000 0.000000 0.000000
    47 -0.573714 0.348118 -1.430595 0.000000 0.000000 0.000000
    48 -0.029968 -0.059296 1.773438 -1.561870 -0.003783 0.018306
    49 0.041163 0.095589 -2.899426 -0.781108 -0.013985 0.002645
    50 0.081115 -2.496311 -0.915165 0.000000 0.000000 0.000000
    51 4.863281 2.800781 -18.203125 1.570792 0.000003 -0.000003
  time 116
    0 0.000000 -0.000006 0.000000 -1.570781 -1.391896 -1.570809
    1 1.208984 -4.433594 3.550781 1.596637 -1.286515 2.942961
    2 6.028141 0.000000 0.000000 -1.195109 0.288824 -1.112448
    3 11.692554 0.000001 0.000000 -0.000042 0.000042 -1.457059
    4 11.481670 0.000001 -0.000031 0.584912 -0.244611 0.261263
    5 3.859711 -0.142405 -1.191975 -0.468133 0.151533 -0.880197
    6 1.312555 -0.000002 0.000000 0.000000 0.000000 -0.439720
    7 0.729363 -0.000002 -0.000002 0.000000 0.000000 -0.244299
    8 3.942337 0.046767 -0.431443 -0.151780 0.073206 -0.810985
    9 1.539097 0.000000 0.000000 0.000000 0.000000 -0.247797
    10 1.196325 -0.000002 -0.000001 0.000000 0.000000 -0.430802
    11 3.883698 -0.046765 0.431443 0.085902 0.021830 -0.587867
    12 1.719570 -0.000004 -0.000001 0.000000 0.005516 -0.366478
    13 1.209169 -0.000004 0.000000 0.000000 0.003084 -0.216400
    14 3.859863 -0.137946 1.332466 0.354449 -0.042750 -0.531718
    15 1.719431 0.000002 0.000000 0.000000 0.004074 -0.363009
    16 1.099667 0.000000 -0.000001 0.000000 0.002596 -0.244331
    17 0.806053 -0.348926 1.321258 -1.222677 -0.679213 -0.788819
    18 1.789778 -0.000002 0.000002 0.000000 0.000000 0.228523
    19 1.207005 0.000000 0.000002 0.000000 0.000000 0.362860
    20 -1.185492 -4.222044 -4.312683 -1.668474 1.286518 2.942953
    21 6.028145 0.000000 0.000000 2.466953 0.710827 -0.377893
    22 11.692554 0.000001 0.000002 0.000000 0.000000 -1.522084
    23 11.481699 0.000001 0.000001 -1.132128 0.060185 0.138359
    24 3.859680 -0.132567 1.193109 0.466236 -0.158066 -0.878825
    25 1.312555 -0.000002 0.000002 0.000000 0.000000 -0.439672
    26 0.729365 0.000000 -0.000001 0.000000 0.000000 -0.244271
    27 3.942307 0.050327 0.431044 0.150078 -0.079191 -0.810205
    28 1.539099 -0.000002 0.000000 0.000000 0.000000 -0.247771
    29 1.196321 0.000010 0.000000 0.000000 0.000000 -0.430761
    30 3.883659 -0.050321 -0.431042 -0.085905 -0.026404 -0.587695
    31 1.719578 0.000002 0.000000 0.000000 -0.007974 -0.366437
    32 1.209185 0.000002 0.000000 0.000000 -0.004461 -0.216376
    33 3.859840 -0.148937 -1.331282 -0.354203 0.039106 -0.530528
    34 1.719421 0.000002 0.000000 0.000180 -0.006637 -0.391410
    35 1.099669 0.000002 -0.000001 0.000132 -0.003672 -0.245228
    36 0.950558 -1.145017 -1.396461 1.226831 0.676930 -0.784870
    37 1.789782 0.000000 -0.000004 -0.000012 0.000251 0.227470
    38 1.206999 0.000002 0.000000 0.000000 0.000000 0.362405
    39 -4.740863 -22.742817 10.529422 3.772115 -0.052196 0.116027
    40 0.025545 -1.273521 1.753304 0.000000 0.000000 0.000000
    41 0.001032 1.440453 -1.526783 0.000000 0.000000 0.000000
    42 0.004413 0.696487 -1.430595 0.000000 0.000000 0.000000
    43 0.580660 0.349014 -1.430595 0.000000 0.000000 0.000000
    44 0.583444 -0.305904 -1.430599 0.000000 0.000000 0.000000
    45 0.005318 -0.648720 -1.430599 0.000000 0.000000 0.000000
    46 -0.574618 -0.303123 -1.430601 0.000000 0.000000 0.000000
    47 -0.573714 0.348118 -1.430595 0.000000 0.000000 0.000000
    48 -0.029968 -0.059296 1.773438 -1.561870 -0.003783 0.018306
    49 0.041163 0.095589 -2.899426 -0.781108 -0.013985 0.002645
    50 0.081115 -2.496311 -0.915165 0.000000 0.000000 0.000000
    51 4.863281 2.800781 -18.203125 1.570792 0.000003 -0.000003
  time 117
    0 0.000000 -0.000006 0.000000 -1.570781 -1.391896 -1.570809
    1 1.208984 -4.433594 3.550781 1.596637 -1.286515 2.942961
    2 6.028141 0.000000 0.000000 -1.195109 0.288824 -1.112448
    3 11.692554 0.000001 0.000000 -0.000042 0.000042 -1.457059
    4 11.481670 0.000001 -0.000031 0.584912 -0.244611 0.261263
    5 3.859711 -0.142405 -1.191975 -0.468133 0.151533 -0.880197
    6 1.312555 -0.000002 0.000000 0.000000 0.000000 -0.439720
    7 0.729363 -0.000002 -0.000002 0.000000 0.000000 -0.244299
    8 3.942337 0.046767 -0.431443 -0.151780 0.073206 -0.810985
    9 1.539097 0.000000 0.000000 0.000000 0.000000 -0.247797
    10 1.196325 -0.000002 -0.000001 0.000000 0.000000 -0.430802
    11 3.883698 -0.046765 0.431443 0.085902 0.021830 -0.587867
    12 1.719570 -0.000004 -0.000001 0.000000 0.005516 -0.366478
    13 1.209169 -0.000004 0.000000 0.000000 0.003084 -0.216400
    14 3.859863 -0.137946 1.332466 0.354449 -0.042750 -0.531718
    15 1.719431 0.000002 0.000000 0.000000 0.004074 -0.363009
    16 1.099667 0.000000 -0.000001 0.000000 0.002596 -0.244331
    17 0.806053 -0.348926 1.321258 -1.222677 -0.679213 -0.788819
    18 1.789778 -0.000002 0.000002 0.000000 0.000000 0.228523
    19 1.207005 0.000000 0.000002 0.000000 0.000000 0.362860
    20 -1.197211 -4.206418 -4.308776 -1.668474 1.286518 2.942953
    21 6.028145 0.000000 0.000000 2.468869 0.699231 -0.382127
    22 11.692554 0.000001 0.000002 0.000000 0.000000 -1.520384
    23 11.481699 0.000001 0.000001 -1.126257 0.063073 0.151694
    24 3.859680 -0.132567 1.193109 0.466236 -0.158066 -0.878825
    25 1.312555 -0.000002 0.000002 0.000000 0.000000 -0.439672
    26 0.729365 0.000000 -0.000001 0.000000 0.000000 -0.244271
    27 3.942307 0.050327 0.431044 0.150078 -0.079191 -0.810205
    28 1.539099 -0.000002 0.000000 0.000000 0.000000 -0.247771
    29 1.196321 0.000010 0.000000 0.000000 0.000000 -0.430761
    30 3.883659 -0.050321 -0.431042 -0.085905 -0.026404 -0.587695
    31 1.719578 0.000002 0.000000 0.000000 -0.007974 -0.366437
    32 1.209185 0.000002 0.000000 0.000000 -0.004461 -0.216376
    33 3.859840 -0.148937 -1.331282 -0.354275 0.038867 -0.531173
    34 1.719421 0.000002 0.000000 0.000132 -0.006625 -0.384437
    35 1.099669 0.000002 -0.000001 0.000096 -0.003803 -0.244816
    36 0.950558 -1.145017 -1.396461 1.225568 0.675994 -0.786884
    37 1.789782 0.000000 -0.000004 -0.000012 0.000180 0.227927
    38 1.206999 0.000002 0.000000 0.000000 0.000000 0.362627
    39 -4.639297 -22.176394 9.943467 4.046816 -0.073264 0.125416
    40 0.025545 -1.273521 1.753304 0.000000 0.000000 0.000000
    41 0.001032 1.440453 -1.526783 0.000000 0.000000 0.000000
    42 0.004413 0.696487 -1.430595 0.000000 0.000000 0.000000
    43 0.580660 0.349014 -1.430595 0.000000 0.000000 0.000000
    44 0.583444 -0.305904 -1.430599 0.000000 0.000000 0.000000
    45 0.005318 -0.648720 -1.430599 0.000000 0.000000 0.000000
    46 -0.574618 -0.303123 -1.430601 0.000000 0.000000 0.000000
    47 -0.573714 0.348118 -1.430595 0.000000 0.000000 0.000000
    48 -0.029968 -0.059296 1.773438 -1.561870 -0.003783 0.018306
    49 0.041163 0.095589 -2.899426 -0.781108 -0.013985 0.002645
    50 0.081115 -2.496311 -0.915165 0.000000 0.000000 0.000000
    51 4.863281 2.800781 -18.203125 1.570792 0.000003 -0.000003
  time 118
    0 0.000000 -0.000006 0.000000 -1.570781 -1.391896 -1.570809
    1 1.208984 -4.433594 3.550781 1.596637 -1.286515 2.942961
    2 6.028141 0.000000 0.000000 -1.195109 0.288824 -1.112448
    3 11.692554 0.000001 0.000000 -0.000042 0.000042 -1.457059
    4 11.481670 0.000001 -0.000031 0.584912 -0.244611 0.261263
    5 3.859711 -0.142405 -1.191975 -0.468133 0.151533 -0.880197
    6 1.312555 -0.000002 0.000000 0.000000 0.000000 -0.439720
    7 0.729363 -0.000002 -0.000002 0.000000 0.000000 -0.244299
    8 3.942337 0.046767 -0.431443 -0.151780 0.073206 -0.810985
    9 1.539097 0.000000 0.000000 0.000000 0.000000 -0.247797
    10 1.196325 -0.000002 -0.000001 0.000000 0.000000 -0.430802
    11 3.883698 -0.046765 0.431443 0.085902 0.021830 -0.587867
    12 1.719570 -0.000004 -0.000001 0.000000 0.005516 -0.366478
    13 1.209169 -0.000004 0.000000 0.000000 0.003084 -0.216400
    14 3.859863 -0.137946 1.332466 0.354449 -0.042750 -0.531718
    15 1.719431 0.000002 0.000000 0.000000 0.004074 -0.363009
    16 1.099667 0.000000 -0.000001 0.000000 0.002596 -0.244331
    17 0.806053 -0.348926 1.321258 -1.222677 -0.679213 -0.788819
    18 1.789778 -0.000002 0.000002 0.000000 0.000000 0.228523
    19 1.207005 0.000000 0.000002 0.000000 0.000000 0.362860
    20 -1.208930 -4.194699 -4.304870 -1.668474 1.286518 2.942953
    21 6.028145 0.000000 0.000000 2.469923 0.694268 -0.383161
    22 11.692554 0.000001 0.000002 0.000000 0.000000 -1.521271
    23 11.481699 0.000001 0.000001 -1.123830 0.070099 0.177248
    24 3.859680 -0.132567 1.193109 0.466236 -0.158066 -0.878825
    25 1.312555 -0.000002 0.000002 0.000000 0.000000 -0.439672
    26 0.729365 0.000000 -0.000001 0.000000 0.000000 -0.244271
    27 3.942307 0.050327 0.431044 0.150078 -0.079191 -0.810205
    28 1.539099 -0.000002 0.000000 0.000000 0.000000 -0.247771
    29 1.196321 0.000010 0.000000 0.000000 0.000000 -0.430761
    30 3.883659 -0.050321 -0.431042 -0.085905 -0.026404 -0.587695
    31 1.719578 0.000002 0.000000 0.000000 -0.007974 -0.366437
    32 1.209185 0.000002 0.000000 0.000000 -0.004461 -0.216376
    33 3.859840 -0.148937 -1.331282 -0.354335 0.038699 -0.531633
    34 1.719421 0.000002 0.000000 0.000084 -0.006613 -0.377373
    35 1.099669 0.000002 -0.000001 0.000060 -0.003935 -0.244541
    36 0.950558 -1.145017 -1.396461 1.224235 0.675130 -0.789013
    37 1.789782 0.000000 -0.000004 0.000000 0.000108 0.228298
    38 1.206999 0.000002 0.000000 0.000000 0.000000 0.362794
    39 -4.557263 -21.520124 9.498141 4.321518 -0.095028 0.130980
    40 0.025545 -1.273521 1.753304 0.000000 0.000000 0.000000
    41 0.001032 1.440453 -1.526783 0.000000 0.000000 0.000000
    42 0.004413 0.696487 -1.430595 0.000000 0.000000 0.000000
    43 0.580660 0.349014 -1.430595 0.000000 0.000000 0.000000
    44 0.583444 -0.305904 -1.430599 0.000000 0.000000 0.000000
    45 0.005318 -0.648720 -1.430599 0.000000 0.000000 0.000000
    46 -0.574618 -0.303123 -1.430601 0.000000 0.000000 0.000000
    47 -0.573714 0.348118 -1.430595 0.000000 0.000000 0.000000
    48 -0.029968 -0.059296 1.773438 -1.561870 -0.003783 0.018306
    49 0.041163 0.095589 -2.899426 -0.781108 -0.013985 0.002645
    50 0.081115 -2.496311 -0.915165 0.000000 0.000000 0.000000
    51 4.863281 2.800781 -18.203125 1.570792 0.000003 -0.000003
  time 119
    0 0.000000 -0.000006 0.000000 -1.570781 -1.391896 -1.570809
    1 1.208984 -4.433594 3.550781 1.596637 -1.286515 2.942961
    2 6.028141 0.000000 0.000000 -1.195109 0.288824 -1.112448
    3 11.692554 0.000001 0.000000 -0.000042 0.000042 -1.457059
    4 11.481670 0.000001 -0.000031 0.584912 -0.244611 0.261263
    5 3.859711 -0.142405 -1.191975 -0.468133 0.151533 -0.880197
    6 1.312555 -0.000002 0.000000 0.000000 0.000000 -0.439720
    7 0.729363 -0.000002 -0.000002 0.000000 0.000000 -0.244299
    8 3.942337 0.046767 -0.431443 -0.151780 0.073206 -0.810985
    9 1.539097 0.000000 0.000000 0.000000 0.000000 -0.247797
    10 1.196325 -0.000002 -0.000001 0.000000 0.000000 -0.430802
    11 3.883698 -0.046765 0.431443 0.085902 0.021830 -0.587867
    12 1.719570 -0.000004 -0.000001 0.000000 0.005516 -0.366478
    13 1.209169 -0.000004 0.000000 0.000000 0.003084 -0.216400
    14 3.859863 -0.137946 1.332466 0.354449 -0.042750 -0.531718
    15 1.719431 0.000002 0.000000 0.000000 0.004074 -0.363009
    16 1.099667 0.000000 -0.000001 0.000000 0.002596 -0.244331
    17 0.806053 -0.348926 1.321258 -1.222677 -0.679213 -0.788819
    18 1.789778 -0.000002 0.000002 0.000000 0.000000 0.228523
    19 1.207005 0.000000 0.000002 0.000000 0.000000 0.362860
    20 -1.220650 -4.182980 -4.304870 -1.668474 1.286518 2.942953
    21 6.028145 0.000000 0.000000 2.470690 0.692980 -0.382315
    22 11.692554 0.000001 0.000002 0.000000 0.000000 -1.523414
    23 11.481699 0.000001 0.000001 -1.152846 0.085874 0.216621
    24 3.859680 -0.132567 1.193109 0.466236 -0.158066 -0.878825
    25 1.312555 -0.000002 0.000002 0.000000 0.000000 -0.439672
    26 0.729365 0.000000 -0.000001 0.000000 0.000000 -0.244271
    27 3.942307 0.050327 0.431044 0.150078 -0.079191 -0.810205
    28 1.539099 -0.000002 0.000000 0.000000 0.000000 -0.247771
    29 1.196321 0.000010 0.000000 0.000000 0.000000 -0.430761
    30 3.883659 -0.050321 -0.431042 -0.085905 -0.026404 -0.587695
    31 1.719578 0.000002 0.000000 0.000000 -0.007974 -0.366437
    32 1.209185 0.000002 0.000000 0.000000 -0.004461 -0.216376
    33 3.859840 -0.148937 -1.331282 -0.354383 0.038603 -0.531909
    34 1.719421 0.000002 0.000000 0.000048 -0.006613 -0.370217
    35 1.099669 0.000002 -0.000001 0.000036 -0.004079 -0.244358
    36 0.950558 -1.145017 -1.396461 1.222834 0.674337 -0.791257
    37 1.789782 0.000000 -0.000004 0.000000 0.000048 0.228498
    38 1.206999 0.000002 0.000000 0.000000 0.000000 0.362877
    39 -4.498668 -20.832603 9.220789 4.596410 -0.116375 0.132892
    40 0.025545 -1.273521 1.753304 0.000000 0.000000 0.000000
    41 0.001032 1.440453 -1.526783 0.000000 0.000000 0.000000
    42 0.004413 0.696487 -1.430595 0.000000 0.000000 0.000000
    43 0.580660 0.349014 -1.430595 0.000000 0.000000 0.000000
    44 0.583444 -0.305904 -1.430599 0.000000 0.000000 0.000000
    45 0.005318 -0.648720 -1.430599 0.000000 0.000000 0.000000
    46 -0.574618 -0.303123 -1.430601 0.000000 0.000000 0.000000
    47 -0.573714 0.348118 -1.430595 0.000000 0.000000 0.000000
    48 -0.029968 -0.059296 1.773438 -1.561870 -0.003783 0.018306
    49 0.041163 0.095589 -2.899426 -0.781108 -0.013985 0.002645
    50 0.081115 -2.496311 -0.915165 0.000000 0.000000 0.000000
    51 4.863281 2.800781 -18.203125 1.570792 0.000003 -0.000003
  time 120
    0 0.000000 -0.000006 0.000000 -1.570781 -1.391896 -1.570809
    1 1.208984 -4.433594 3.550781 1.596637 -1.286515 2.942961
    2 6.028141 0.000000 0.000000 -1.195109 0.288824 -1.112448
    3 11.692554 0.000001 0.000000 -0.000042 0.000042 -1.457059
    4 11.481670 0.000001 -0.000031 0.584912 -0.244611 0.261263
    5 3.859711 -0.142405 -1.191975 -0.468133 0.151533 -0.880197
    6 1.312555 -0.000002 0.000000 0.000000 0.000000 -0.439720
    7 0.729363 -0.000002 -0.000002 0.000000 0.000000 -0.244299
    8 3.942337 0.046767 -0.431443 -0.151780 0.073206 -0.810985
    9 1.539097 0.000000 0.000000 0.000000 0.000000 -0.247797
    10 1.196325 -0.000002 -0.000001 0.000000 0.000000 -0.430802
    11 3.883698 -0.046765 0.431443 0.085902 0.021830 -0.587867
    12 1.719570 -0.000004 -0.000001 0.000000 0.005516 -0.366478
    13 1.209169 -0.000004 0.000000 0.000000 0.003084 -0.216400
    14 3.859863 -0.137946 1.332466 0.354449 -0.042750 -0.531718
    15 1.719431 0.000002 0.000000 0.000000 0.004074 -0.363009
    16 1.099667 0.000000 -0.000001 0.000000 0.002596 -0.244331
    17 0.806053 -0.348926 1.321258 -1.222677 -0.679213 -0.788819
    18 1.789778 -0.000002 0.000002 0.000000 0.000000 0.228523
    19 1.207005 0.000000 0.000002 0.000000 0.000000 0.362860
    20 -1.228462 -4.167355 -4.300963 -1.668474 1.286518 2.942953
    21 6.028145 0.000000 0.000000 2.471264 0.691978 -0.381656
    22 11.692554 0.000001 0.000002 0.000000 0.000000 -1.525483
    23 11.481699 0.000001 0.000001 -1.231764 0.114838 0.265790
    24 3.859680 -0.132567 1.193109 0.466236 -0.158066 -0.878825
    25 1.312555 -0.000002 0.000002 0.000000 0.000000 -0.439672
    26 0.729365 0.000000 -0.000001 0.000000 0.000000 -0.244271
    27 3.942307 0.050327 0.431044 0.150078 -0.079191 -0.810205
    28 1.539099 -0.000002 0.000000 0.000000 0.000000 -0.247771
    29 1.196321 0.000010 0.000000 0.000000 0.000000 -0.430761
    30 3.883659 -0.050321 -0.431042 -0.085905 -0.026404 -0.587695
    31 1.719578 0.000002 0.000000 0.000000 -0.007974 -0.366437
    32 1.209185 0.000002 0.000000 0.000000 -0.004461 -0.216376
    33 3.859840 -0.148937 -1.331282 -0.354419 0.038567 -0.532001
    34 1.719421 0.000002 0.000000 0.000000 -0.006613 -0.362970
    35 1.099669 0.000002 -0.000001 0.000000 -0.004211 -0.244312
    36 0.950558 -1.145017 -1.396461 1.221410 0.673635 -0.793558
    37 1.789782 0.000000 -0.000004 0.000000 0.000000 0.228555
    38 1.206999 0.000002 0.000000 0.000000 0.000000 0.362905
    39 -4.463510 -20.164614 9.107504 -1.411411 -0.136282 0.131240
    40 0.025545 -1.273521 1.753304 0.000000 0.000000 0.000000
    41 0.001032 1.440453 -1.526783 0.000000 0.000000 0.000000
    42 0.004413 0.696487 -1.430595 0.000000 0.000000 0.000000
    43 0.580660 0.349014 -1.430595 0.000000 0.000000 0.000000
    44 0.583444 -0.305904 -1.430599 0.000000 0.000000 0.000000
    45 0.005318 -0.648720 -1.430599 0.000000 0.000000 0.000000
    46 -0.574618 -0.303123 -1.430601 0.000000 0.000000 0.000000
    47 -0.573714 0.348118 -1.430595 0.000000 0.000000 0.000000
    48 -0.029968 -0.059296 1.773438 -1.561870 -0.003783 0.018306
    49 0.041163 0.095589 -2.899426 -0.781108 -0.013985 0.002645
    50 0.081115 -2.496311 -0.915165 0.000000 0.000000 0.000000
    51 4.863281 2.800781 -18.203125 1.570792 0.000003 -0.000003
  time 121
    0 0.000000 -0.000006 0.000000 -1.570781 -1.391896 -1.570809
    1 1.208984 -4.433594 3.550781 1.596637 -1.286515 2.942961
    2 6.028141 0.000000 0.000000 -1.195109 0.288824 -1.112448
    3 11.692554 0.000001 0.000000 -0.000042 0.000042 -1.457059
    4 11.481670 0.000001 -0.000031 0.584912 -0.244611 0.261263
    5 3.859711 -0.142405 -1.191975 -0.468133 0.151533 -0.880197
    6 1.312555 -0.000002 0.000000 0.000000 0.000000 -0.439720
    7 0.729363 -0.000002 -0.000002 0.000000 0.000000 -0.244299
    8 3.942337 0.046767 -0.431443 -0.151780 0.073206 -0.810985
    9 1.539097 0.000000 0.000000 0.000000 0.000000 -0.247797
    10 1.196325 -0.000002 -0.000001 0.000000 0.000000 -0.430802
    11 3.883698 -0.046765 0.431443 0.085902 0.021830 -0.587867
    12 1.719570 -0.000004 -0.000001 0.000000 0.005516 -0.366478
    13 1.209169 -0.000004 0.000000 0.000000 0.003084 -0.216400
    14 3.859863 -0.137946 1.332466 0.354449 -0.042750 -0.531718
    15 1.719431 0.000002 0.000000 0.000000 0.004074 -0.363009
    16 1.099667 0.000000 -0.000001 0.000000 0.002596 -0.244331
    17 0.806053 -0.348926 1.321258 -1.222677 -0.679213 -0.788819
    18 1.789778 -0.000002 0.000002 0.000000 0.000000 0.228523
    19 1.207005 0.000000 0.000002 0.000000 0.000000 0.362860
    20 -1.240181 -4.155635 -4.297057 -1.668474 1.286518 2.942953
    21 6.028145 0.000000 0.000000 2.471169 0.691214 -0.381280
    22 11.692554 0.000001 0.000002 0.000000 0.000000 -1.527625
    23 11.481699 0.000001 0.000001 -1.344440 0.156777 0.317285
    24 3.859680 -0.132567 1.193109 0.465960 -0.158342 -0.878261
    25 1.312555 -0.000002 0.000002 -0.000096 0.000000 -0.439059
    26 0.729365 0.000000 -0.000001 0.000000 0.000000 -0.243664
    27 3.942307 0.050327 0.431044 0.149922 -0.079407 -0.809702
    28 1.539099 -0.000002 0.000000 -0.000144 -0.000180 -0.247223
    29 1.196321 0.000010 0.000000 -0.000060 -0.000228 -0.430231
    30 3.883659 -0.050321 -0.431042 -0.086121 -0.026428 -0.587191
    31 1.719578 0.000002 0.000000 -0.000168 -0.008106 -0.365952
    32 1.209185 0.000002 0.000000 -0.000132 -0.004641 -0.215872
    33 3.859840 -0.148937 -1.331282 -0.354659 0.038555 -0.532001
    34 1.719421 0.000002 0.000000 -0.000216 -0.006697 -0.355632
    35 1.099669 0.000002 -0.000001 -0.000156 -0.004487 -0.244312
    36 0.950558 -1.145017 -1.396461 1.219526 0.673203 -0.796550
    37 1.789782 0.000000 -0.000004 -0.000072 -0.000048 0.227698
    38 1.206999 0.000002 0.000000 -0.000264 -0.000204 0.361794
    39 -4.447885 -19.578658 9.150474 -1.135657 -0.153824 0.126720
    40 0.025545 -1.273521 1.753304 0.000000 0.000000 0.000000
    41 0.001032 1.440453 -1.526783 0.000000 0.000000 0.000000
    42 0.004413 0.696487 -1.430595 0.000000 0.000000 0.000000
    43 0.580660 0.349014 -1.430595 0.000000 0.000000 0.000000
    44 0.583444 -0.305904 -1.430599 0.000000 0.000000 0.000000
    45 0.005318 -0.648720 -1.430599 0.000000 0.000000 0.000000
    46 -0.574618 -0.303123 -1.430601 0.000000 0.000000 0.000000
    47 -0.573714 0.348118 -1.430595 0.000000 0.000000 0.000000
    48 -0.029968 -0.059296 1.773438 -1.561870 -0.003783 0.018306
    49 0.041163 0.095589 -2.899426 -0.781108 -0.013985 0.002645
    50 0.081115 -2.496311 -0.915165 0.000000 0.000000 0.000000
    51 4.863281 2.800781 -18.203125 1.570792 0.000003 -0.000003
  time 122
    0 0.000000 -0.000006 0.000000 -1.570781 -1.391896 -1.570809
    1 1.208984 -4.433594 3.550781 1.596637 -1.286515 2.942961
    2 6.028141 0.000000 0.000000 -1.195109 0.288824 -1.112448
    3 11.692554 0.000001 0.000000 -0.000042 0.000042 -1.457059
    4 11.481670 0.000001 -0.000031 0.584912 -0.244611 0.261263
    5 3.859711 -0.142405 -1.191975 -0.468133 0.151533 -0.880197
    6 1.312555 -0.000002 0.000000 0.000000 0.000000 -0.439720
    7 0.729363 -0.000002 -0.000002 0.000000 0.000000 -0.244299
    8 3.942337 0.046767 -0.431443 -0.151780 0.073206 -0.810985
    9 1.539097 0.000000 0.000000 0.000000 0.000000 -0.247797
    10 1.196325 -0.000002 -0.000001 0.000000 0.000000 -0.430802
    11 3.883698 -0.046765 0.431443 0.085902 0.021830 -0.587867
    12 1.719570 -0.000004 -0.000001 0.000000 0.005516 -0.366478
    13 1.209169 -0.000004 0.000000 0.000000 0.003084 -0.216400
    14 3.859863 -0.137946 1.332466 0.354449 -0.042750 -0.531718
    15 1.719431 0.000002 0.000000 0.000000 0.004074 -0.363009
    16 1.099667 0.000000 -0.000001 0.000000 0.002596 -0.244331
    17 0.806053 -0.348926 1.321258 -1.222677 -0.679213 -0.788819
    18 1.789778 -0.000002 0.000002 0.000000 0.000000 0.228523
    19 1.207005 0.000000 0.000002 0.000000 0.000000 0.362860
    20 -1.251901 -4.143916 -4.293151 -1.668474 1.286518 2.942953
    21 6.028145 0.000000 0.000000 2.470402 0.690785 -0.381562
    22 11.692554 0.000001 0.000002 0.000000 0.000000 -1.530285
    23 11.481699 0.000001 0.000001 -1.473035 0.208154 0.363738
    24 3.859680 -0.132567 1.193109 0.465145 -0.159157 -0.876648
    25 1.312555 -0.000002 0.000002 -0.000396 -0.000012 -0.437271
    26 0.729365 0.000000 -0.000001 0.000000 -0.000013 -0.241874
    27 3.942307 0.050327 0.431044 0.149431 -0.080042 -0.808167
    28 1.539099 -0.000002 0.000000 -0.000587 -0.000707 -0.245639
    29 1.196321 0.000010 0.000000 -0.000240 -0.000887 -0.428640
    30 3.883659 -0.050321 -0.431042 -0.086756 -0.026512 -0.585710
    31 1.719578 0.000002 0.000000 -0.000659 -0.008525 -0.364464
    32 1.209185 0.000002 0.000000 -0.000527 -0.005144 -0.214383
    33 3.859840 -0.148937 -1.331282 -0.355270 0.038507 -0.531940
    34 1.719421 0.000002 0.000000 -0.000791 -0.006960 -0.348232
    35 1.099669 0.000002 -0.000001 -0.000575 -0.005038 -0.244312
    36 0.950558 -1.145017 -1.396461 1.216862 0.673185 -0.800808
    37 1.789782 0.000000 -0.000004 -0.000299 -0.000096 0.225185
    38 1.206999 0.000002 0.000000 -0.001055 -0.000791 0.358461
    39 -4.447885 -19.113800 9.322354 -0.859520 -0.168302 0.119852
    40 0.025545 -1.273521 1.753304 0.000000 0.000000 0.000000
    41 0.001032 1.440453 -1.526783 0.000000 0.000000 0.000000
    42 0.004413 0.696487 -1.430595 0.000000 0.000000 0.000000
    43 0.580660 0.349014 -1.430595 0.000000 0.000000 0.000000
    44 0.583444 -0.305904 -1.430599 0.000000 0.000000 0.000000
    45 0.005318 -0.648720 -1.430599 0.000000 0.000000 0.000000
    46 -0.574618 -0.303123 -1.430601 0.000000 0.000000 0.000000
    47 -0.573714 0.348118 -1.430595 0.000000 0.000000 0.000000
    48 -0.029968 -0.059296 1.773438 -1.561870 -0.003783 0.018306
    49 0.041163 0.095589 -2.899426 -0.781108 -0.013985 0.002645
    50 0.081115 -2.496311 -0.915165 0.000000 0.000000 0.000000
    51 4.863281 2.800781 -18.203125 1.570792 0.000003 -0.000003
  time 123
    0 0.000000 -0.000006 0.000000 -1.570781 -1.391896 -1.570809
    1 1.208984 -4.433594 3.550781 1.596637 -1.286515 2.942961
    2 6.028141 0.000000 0.000000 -1.195109 0.288824 -1.112448
    3 11.692554 0.000001 0.000000 -0.000042 0.000042 -1.457059
    4 11.481670 0.000001 -0.000031 0.584912 -0.244611 0.261263
    5 3.859711 -0.142405 -1.191975 -0.468133 0.151533 -0.880197
    6 1.312555 -0.000002 0.000000 0.000000 0.000000 -0.439720
    7 0.729363 -0.000002 -0.000002 0.000000 0.000000 -0.244299
    8 3.942337 0.046767 -0.431443 -0.151780 0.073206 -0.810985
    9 1.539097 0.000000 0.000000 0.000000 0.000000 -0.247797
    10 1.196325 -0.000002 -0.000001 0.000000 0.000000 -0.430802
    11 3.883698 -0.046765 0.431443 0.085902 0.021830 -0.587867
    12 1.719570 -0.000004 -0.000001 0.000000 0.005516 -0.366478
    13 1.209169 -0.000004 0.000000 0.000000 0.003084 -0.216400
    14 3.859863 -0.137946 1.332466 0.354449 -0.042750 -0.531718
    15 1.719431 0.000002 0.000000 0.000000 0.004074 -0.363009
    16 1.099667 0.000000 -0.000001 0.000000 0.002596 -0.244331
    17 0.806053 -0.348926 1.321258 -1.222677 -0.679213 -0.788819
    18 1.789778 -0.000002 0.000002 0.000000 0.000000 0.228523
    19 1.207005 0.000000 0.000002 0.000000 0.000000 0.362860
    20 -1.259713 -4.132197 -4.289244 -1.668474 1.286518 2.942953
    21 6.028145 0.000000 0.000000 2.468678 0.690689 -0.382597
    22 11.692554 0.000001 0.000002 0.000000 0.000000 -1.533684
    23 11.481699 0.000001 0.000001 -1.599767 0.262419 0.399863
    24 3.859680 -0.132567 1.193109 0.463827 -0.160487 -0.874041
    25 1.312555 -0.000002 0.000002 -0.000887 -0.000048 -0.434360
    26 0.729365 0.000000 -0.000001 -0.000012 -0.000063 -0.238964
    27 3.942307 0.050327 0.431044 0.148652 -0.081085 -0.805726
    28 1.539099 -0.000002 0.000000 -0.001306 -0.001570 -0.243080
    29 1.196321 0.000010 0.000000 -0.000527 -0.001965 -0.426076
    30 3.883659 -0.050321 -0.431042 -0.087799 -0.026644 -0.583283
    31 1.719578 0.000002 0.000000 -0.001474 -0.009184 -0.362076
    32 1.209185 0.000002 0.000000 -0.001163 -0.005971 -0.211987
    33 3.859840 -0.148937 -1.331282 -0.356229 0.038435 -0.531817
    34 1.719421 0.000002 0.000000 -0.001690 -0.007380 -0.340772
    35 1.099669 0.000002 -0.000001 -0.001234 -0.005841 -0.244335
    36 0.950558 -1.145017 -1.396461 1.213485 0.673599 -0.806246
    37 1.789782 0.000000 -0.000004 -0.000659 -0.000144 0.221130
    38 1.206999 0.000002 0.000000 -0.002337 -0.001762 0.353129
    39 -4.459604 -18.816916 9.584081 -0.583191 -0.179115 0.111767
    40 0.025545 -1.273521 1.753304 0.000000 0.000000 0.000000
    41 0.001032 1.440453 -1.526783 0.000000 0.000000 0.000000
    42 0.004413 0.696487 -1.430595 0.000000 0.000000 0.000000
    43 0.580660 0.349014 -1.430595 0.000000 0.000000 0.000000
    44 0.583444 -0.305904 -1.430599 0.000000 0.000000 0.000000
    45 0.005318 -0.648720 -1.430599 0.000000 0.000000 0.000000
    46 -0.574618 -0.303123 -1.430601 0.000000 0.000000 0.000000
    47 -0.573714 0.348118 -1.430595 0.000000 0.000000 0.000000
    48 -0.029968 -0.059296 1.773438 -1.561870 -0.003783 0.018306
    49 0.041163 0.095589 -2.899426 -0.781108 -0.013985 0.002645
    50 0.081115 -2.496311 -0.915165 0.000000 0.000000 0.000000
    51 4.863281 2.800781 -18.203125 1.570792 0.000003 -0.000003
  time 124
    0 0.000000 -0.000006 0.000000 -1.570781 -1.391896 -1.570809
    1 1.208984 -4.433594 3.550781 1.596637 -1.286515 2.942961
    2 6.028141 0.000000 0.000000 -1.195109 0.288824 -1.112448
    3 11.692554 0.000001 0.000000 -0.000042 0.000042 -1.457059
    4 11.481670 0.000001 -0.000031 0.584912 -0.244611 0.261263
    5 3.859711 -0.142405 -1.191975 -0.468133 0.151533 -0.880197
    6 1.312555 -0.000002 0.000000 0.000000 0.000000 -0.439720
    7 0.729363 -0.000002 -0.000002 0.000000 0.000000 -0.244299
    8 3.942337 0.046767 -0.431443 -0.151780 0.073206 -0.810985
    9 1.539097 0.000000 0.000000 0.000000 0.000000 -0.247797
    10 1.196325 -0.000002 -0.000001 0.000000 0.000000 -0.430802
    11 3.883698 -0.046765 0.431443 0.085902 0.021830 -0.587867
    12 1.719570 -0.000004 -0.000001 0.000000 0.005516 -0.366478
    13 1.209169 -0.000004 0.000000 0.000000 0.003084 -0.216400
    14 3.859863 -0.137946 1.332466 0.354449 -0.042750 -0.531718
    15 1.719431 0.000002 0.000000 0.000000 0.004074 -0.363009
    16 1.099667 0.000000 -0.000001 0.000000 0.002596 -0.244331
    17 0.806053 -0.348926 1.321258 -1.222677 -0.679213 -0.788819
    18 1.789778 -0.000002 0.000002 0.000000 0.000000 0.228523
    19 1.207005 0.000000 0.000002 0.000000 0.000000 0.362860
    20 -1.271432 -4.120478 -4.285338 -1.668474 1.286518 2.942953
    21 6.028145 0.000000 0.000000 2.465612 0.690928 -0.384761
    22 11.692554 0.000001 0.000002 0.000000 0.000000 -1.538117
    23 11.481699 0.000001 0.000001 -1.708379 0.311211 0.424253
    24 3.859680 -0.132567 1.193109 0.462029 -0.162297 -0.870492
    25 1.312555 -0.000002 0.000002 -0.001558 -0.000132 -0.430426
    26 0.729365 0.000000 -0.000001 -0.000024 -0.000151 -0.235032
    27 3.942307 0.050327 0.431044 0.147573 -0.082475 -0.802379
    28 1.539099 -0.000002 0.000000 -0.002277 -0.002733 -0.239577
    29 1.196321 0.000010 0.000000 -0.000935 -0.003428 -0.422570
    30 3.883659 -0.050321 -0.431042 -0.089201 -0.026823 -0.580037
    31 1.719578 0.000002 0.000000 -0.002577 -0.010083 -0.358823
    32 1.209185 0.000002 0.000000 -0.002037 -0.007074 -0.208758
    33 3.859840 -0.148937 -1.331282 -0.357511 0.038363 -0.531602
    34 1.719421 0.000002 0.000000 -0.002876 -0.007931 -0.333251
    35 1.099669 0.000002 -0.000001 -0.002121 -0.006871 -0.244404
    36 0.950558 -1.145017 -1.396461 1.209397 0.674355 -0.812776
    37 1.789782 0.000000 -0.000004 -0.001150 -0.000192 0.215646
    38 1.206999 0.000002 0.000000 -0.004063 -0.003092 0.345852
    39 -4.471323 -18.707538 9.892684 -0.306767 -0.186075 0.103509
    40 0.025545 -1.273521 1.753304 0.000000 0.000000 0.000000
    41 0.001032 1.440453 -1.526783 0.000000 0.000000 0.000000
    42 0.004413 0.696487 -1.430595 0.000000 0.000000 0.000000
    43 0.580660 0.349014 -1.430595 0.000000 0.000000 0.000000
    44 0.583444 -0.305904 -1.430599 0.000000 0.000000 0.000000
    45 0.005318 -0.648720 -1.430599 0.000000 0.000000 0.000000
    46 -0.574618 -0.303123 -1.430601 0.000000 0.000000 0.000000
    47 -0.573714 0.348118 -1.430595 0.000000 0.000000 0.000000
    48 -0.029968 -0.059296 1.773438 -1.561870 -0.003783 0.018306
    49 0.041163 0.095589 -2.899426 -0.781108 -0.013985 0.002645
    50 0.081115 -2.496311 -0.915165 0.000000 0.000000 0.000000
    51 4.863281 2.800781 -18.203125 1.570792 0.000003 -0.000003
  time 125
    0 0.000000 -0.000006 0.000000 -1.570781 -1.391896 -1.570809
    1 1.208984 -4.433594 3.550781 1.596637 -1.286515 2.942961
    2 6.028141 0.000000 0.000000 -1.195109 0.288824 -1.112448
    3 11.692554 0.000001 0.000000 -0.000042 0.000042 -1.457059
    4 11.481670 0.000001 -0.000031 0.584912 -0.244611 0.261263
    5 3.859711 -0.142405 -1.191975 -0.468133 0.151533 -0.880197
    6 1.312555 -0.000002 0.000000 0.000000 0.000000 -0.439720
    7 0.729363 -0.000002 -0.000002 0.000000 0.000000 -0.244299
    8 3.942337 0.046767 -0.431443 -0.151780 0.073206 -0.810985
    9 1.539097 0.000000 0.000000 0.000000 0.000000 -0.247797
    10 1.196325 -0.000002 -0.000001 0.000000 0.000000 -0.430802
    11 3.883698 -0.046765 0.431443 0.085902 0.021830 -0.587867
    12 1.719570 -0.000004 -0.000001 0.000000 0.005516 -0.366478
    13 1.209169 -0.000004 0.000000 0.000000 0.003084 -0.216400
    14 3.859863 -0.137946 1.332466 0.354449 -0.042750 -0.531718
    15 1.719431 0.000002 0.000000 0.000000 0.004074 -0.363009
    16 1.099667 0.000000 -0.000001 0.000000 0.002596 -0.244331
    17 0.806053 -0.348926 1.321258 -1.222677 -0.679213 -0.788819
    18 1.789778 -0.000002 0.000002 0.000000 0.000000 0.228523
    19 1.207005 0.000000 0.000002 0.000000 0.000000 0.362860
    20 -1.279245 -4.108759 -4.281432 -1.668474 1.286518 2.942953
    21 6.028145 0.000000 0.000000 2.461013 0.691596 -0.388148
    22 11.692554 0.000001 0.000002 0.000000 0.000000 -1.543881
    23 11.481699 0.000001 0.000001 -1.784305 0.346985 0.438751
    24 3.859680 -0.132567 1.193109 0.459800 -0.164562 -0.866111
    25 1.312555 -0.000002 0.000002 -0.002385 -0.000276 -0.425548
    26 0.729365 0.000000 -0.000001 -0.000060 -0.000315 -0.230141
    27 3.942307 0.050327 0.431044 0.146219 -0.084213 -0.798251
    28 1.539099 -0.000002 0.000000 -0.003488 -0.004159 -0.235251
    29 1.196321 0.000010 0.000000 -0.001438 -0.005237 -0.418238
    30 3.883659 -0.050321 -0.431042 -0.090951 -0.027039 -0.575972
    31 1.719578 0.000002 0.000000 -0.003943 -0.011198 -0.354809
    32 1.209185 0.000002 0.000000 -0.003128 -0.008452 -0.204721
    33 3.859840 -0.148937 -1.331282 -0.359081 0.038303 -0.531265
    34 1.719421 0.000002 0.000000 -0.004362 -0.008626 -0.325730
    35 1.099669 0.000002 -0.000001 -0.003200 -0.008118 -0.244496
    36 0.950558 -1.145017 -1.396461 1.204688 0.675454 -0.820314
    37 1.789782 0.000000 -0.000004 -0.001762 -0.000252 0.208792
    38 1.206999 0.000002 0.000000 -0.006196 -0.004758 0.336853
    39 -4.475230 -18.801291 10.193475 -0.030535 -0.189277 0.096032
    40 0.025545 -1.273521 1.753304 0.000000 0.000000 0.000000
    41 0.001032 1.440453 -1.526783 0.000000 0.000000 0.000000
    42 0.004413 0.696487 -1.430595 0.000000 0.000000 0.000000
    43 0.580660 0.349014 -1.430595 0.000000 0.000000 0.000000
    44 0.583444 -0.305904 -1.430599 0.000000 0.000000 0.000000
    45 0.005318 -0.648720 -1.430599 0.000000 0.000000 0.000000
    46 -0.574618 -0.303123 -1.430601 0.000000 0.000000 0.000000
    47 -0.573714 0.348118 -1.430595 0.000000 0.000000 0.000000
    48 -0.029968 -0.059296 1.773438 -1.561870 -0.003783 0.018306
    49 0.041163 0.095589 -2.899426 -0.781108 -0.013985 0.002645
    50 0.081115 -2.496311 -0.915165 0.000000 0.000000 0.000000
    51 4.863281 2.800781 -18.203125 1.570792 0.000003 -0.000003
  time 126
    0 0.000000 -0.000006 0.000000 -1.570781 -1.391896 -1.570809
    1 1.208984 -4.433594 3.550781 1.596637 -1.286515 2.942961
    2 6.028141 0.000000 0.000000 -1.195109 0.288824 -1.112448
    3 11.692554 0.000001 0.000000 -0.000042 0.000042 -1.457059
    4 11.481670 0.000001 -0.000031 0.584912 -0.244611 0.261263
    5 3.859711 -0.142405 -1.191975 -0.468133 0.151533 -0.880197
    6 1.312555 -0.000002 0.000000 0.000000 0.000000 -0.439720
    7 0.729363 -0.000002 -0.000002 0.000000 0.000000 -0.244299
    8 3.942337 0.046767 -0.431443 -0.151780 0.073206 -0.810985
    9 1.539097 0.000000 0.000000 0.000000 0.000000 -0.247797
    10 1.196325 -0.000002 -0.000001 0.000000 0.000000 -0.430802
    11 3.883698 -0.046765 0.431443 0.085902 0.021830 -0.587867
    12 1.719570 -0.000004 -0.000001 0.000000 0.005516 -0.366478
    13 1.209169 -0.000004 0.000000 0.000000 0.003084 -0.216400
    14 3.859863 -0.137946 1.332466 0.354449 -0.042750 -0.531718
    15 1.719431 0.000002 0.000000 0.000000 0.004074 -0.363009
    16 1.099667 0.000000 -0.000001 0.000000 0.002596 -0.244331
    17 0.806053 -0.348926 1.321258 -1.222677 -0.679213 -0.788819
    18 1.789778 -0.000002 0.000002 0.000000 0.000000 0.228523
    19 1.207005 0.000000 0.000002 0.000000 0.000000 0.362860
    20 -1.290964 -4.097040 -4.277525 -1.668474 1.286518 2.942953
    21 6.028145 0.000000 0.000000 2.454786 0.692741 -0.392946
    22 11.692554 0.000001 0.000002 0.000000 0.000000 -1.551269
    23 11.481699 0.000001 0.000001 -1.813885 0.363493 0.446509
    24 3.859680 -0.132567 1.193109 0.457152 -0.167246 -0.860950
    25 1.312555 -0.000002 0.000002 -0.003368 -0.000468 -0.419775
    26 0.729365 0.000000 -0.000001 -0.000108 -0.000542 -0.224387
    27 3.942307 0.050327 0.431044 0.144589 -0.086238 -0.793369
    28 1.539099 -0.000002 0.000000 -0.004938 -0.005849 -0.230133
    29 1.196321 0.000010 0.000000 -0.002037 -0.007371 -0.413111
    30 3.883659 -0.050321 -0.431042 -0.093000 -0.027279 -0.571213
    31 1.719578 0.000002 0.000000 -0.005573 -0.012504 -0.350034
    32 1.209185 0.000002 0.000000 -0.004422 -0.010070 -0.199953
    33 3.859840 -0.148937 -1.331282 -0.360939 0.038267 -0.530774
    34 1.719421 0.000002 0.000000 -0.006100 -0.009417 -0.318209
    35 1.099669 0.000002 -0.000001 -0.004482 -0.009568 -0.244633
    36 0.950558 -1.145017 -1.396461 1.199382 0.676840 -0.828743
    37 1.789782 0.000000 -0.000004 -0.002481 -0.000336 0.200738
    38 1.206999 0.000002 0.000000 -0.008701 -0.006736 0.326215
    39 -4.451791 -19.090362 10.435669 0.245219 -0.189045 0.090469
    40 0.025545 -1.273521 1.753304 0.000000 0.000000 0.000000
    41 0.001032 1.440453 -1.526783 0.000000 0.000000 0.000000
    42 0.004413 0.696487 -1.430595 0.000000 0.000000 0.000000
    43 0.580660 0.349014 -1.430595 0.000000 0.000000 0.000000
    44 0.583444 -0.305904 -1.430599 0.000000 0.000000 0.000000
    45 0.005318 -0.648720 -1.430599 0.000000 0.000000 0.000000
    46 -0.574618 -0.303123 -1.430601 0.000000 0.000000 0.000000
    47 -0.573714 0.348118 -1.430595 0.000000 0.000000 0.000000
    48 -0.029968 -0.059296 1.773438 -1.561870 -0.003783 0.018306
    49 0.041163 0.095589 -2.899426 -0.781108 -0.013985 0.002645
    50 0.081115 -2.496311 -0.915165 0.000000 0.000000 0.000000
    51 4.863281 2.800781 -18.203125 1.570792 0.000003 -0.000003
  time 127
    0 0.000000 -0.000006 0.000000 -1.570781 -1.391896 -1.570809
    1 1.208984 -4.433594 3.550781 1.596637 -1.286515 2.942961
    2 6.028141 0.000000 0.000000 -1.195109 0.288824 -1.112448
    3 11.692554 0.000001 0.000000 -0.000042 0.000042 -1.457059
    4 11.481670 0.000001 -0.000031 0.584912 -0.244611 0.261263
    5 3.859711 -0.142405 -1.191975 -0.468133 0.151533 -0.880197
    6 1.312555 -0.000002 0.000000 0.000000 0.000000 -0.439720
    7 0.729363 -0.000002 -0.000002 0.000000 0.000000 -0.244299
    8 3.942337 0.046767 -0.431443 -0.151780 0.073206 -0.810985
    9 1.539097 0.000000 0.000000 0.000000 0.000000 -0.247797
    10 1.196325 -0.000002 -0.000001 0.000000 0.000000 -0.430802
    11 3.883698 -0.046765 0.431443 0.085902 0.021830 -0.587867
    12 1.719570 -0.000004 -0.000001 0.000000 0.005516 -0.366478
    13 1.209169 -0.000004 0.000000 0.000000 0.003084 -0.216400
    14 3.859863 -0.137946 1.332466 0.354449 -0.042750 -0.531718
    15 1.719431 0.000002 0.000000 0.000000 0.004074 -0.363009
    16 1.099667 0.000000 -0.000001 0.000000 0.002596 -0.244331
    17 0.806053 -0.348926 1.321258 -1.222677 -0.679213 -0.788819
    18 1.789778 -0.000002 0.000002 0.000000 0.000000 0.228523
    19 1.207005 0.000000 0.000002 0.000000 0.000000 0.362860
    20 -1.298777 -4.085321 -4.277525 -1.668474 1.286518 2.942953
    21 6.028145 0.000000 0.000000 2.445684 0.696559 -0.398873
    22 11.692554 0.000001 0.000002 0.000000 0.000000 -1.559693
    23 11.481699 0.000001 0.000001 -1.813264 0.369140 0.449758
    24 3.859680 -0.132567 1.193109 0.454120 -0.170326 -0.855063
    25 1.312555 -0.000002 0.000002 -0.004482 -0.000743 -0.413211
    26 0.729365 0.000000 -0.000001 -0.000168 -0.000857 -0.217834
    27 3.942307 0.050327 0.431044 0.142707 -0.088551 -0.787783
    28 1.539099 -0.000002 0.000000 -0.006580 -0.007754 -0.224285
    29 1.196321 0.000010 0.000000 -0.002744 -0.009803 -0.407306
    30 3.883659 -0.050321 -0.431042 -0.095349 -0.027555 -0.565761
    31 1.719578 0.000002 0.000000 -0.007419 -0.013978 -0.344636
    32 1.209185 0.000002 0.000000 -0.005908 -0.011891 -0.194529
    33 3.859840 -0.148937 -1.331282 -0.363036 0.038255 -0.530098
    34 1.719421 0.000002 0.000000 -0.008089 -0.010316 -0.310718
    35 1.099669 0.000002 -0.000001 -0.005920 -0.011198 -0.244816
    36 0.950558 -1.145017 -1.396461 1.193524 0.678497 -0.838065
    37 1.789782 0.000000 -0.000004 -0.003296 -0.000420 0.191542
    38 1.206999 0.000002 0.000000 -0.011517 -0.009037 0.314134
    39 -4.401008 -19.555220 10.564580 0.520304 -0.186029 0.087600
    40 0.025545 -1.273521 1.753304 0.000000 0.000000 0.000000
    41 0.001032 1.440453 -1.526783 0.000000 0.000000 0.000000
    42 0.004413 0.696487 -1.430595 0.000000 0.000000 0.000000
    43 0.580660 0.349014 -1.430595 0.000000 0.000000 0.000000
    44 0.583444 -0.305904 -1.430599 0.000000 0.000000 0.000000
    45 0.005318 -0.648720 -1.430599 0.000000 0.000000 0.000000
    46 -0.574618 -0.303123 -1.430601 0.000000 0.000000 0.000000
    47 -0.573714 0.348118 -1.430595 0.000000 0.000000 0.000000
    48 -0.029968 -0.059296 1.773438 -1.561870 -0.003783 0.018306
    49 0.041163 0.095589 -2.899426 -0.781108 -0.013985 0.002645
    50 0.081115 -2.496311 -0.915165 0.000000 0.000000 0.000000
    51 4.863281 2.800781 -18.203125 1.570792 0.000003 -0.000003
  time 128
    0 0.000000 -0.000006 0.000000 -1.570781 -1.391896 -1.570809
    1 1.208984 -4.433594 3.550781 1.596637 -1.286515 2.942961
    2 6.028141 0.000000 0.000000 -1.195109 0.288824 -1.112448
    3 11.692554 0.000001 0.000000 -0.000042 0.000042 -1.457059
    4 11.481670 0.000001 -0.000031 0.584912 -0.244611 0.261263
    5 3.859711 -0.142405 -1.191975 -0.468133 0.151533 -0.880197
    6 1.312555 -0.000002 0.000000 0.000000 0.000000 -0.439720
    7 0.729363 -0.000002 -0.000002 0.000000 0.000000 -0.244299
    8 3.942337 0.046767 -0.431443 -0.151780 0.073206 -0.810985
    9 1.539097 0.000000 0.000000 0.000000 0.000000 -0.247797
    10 1.196325 -0.000002 -0.000001 0.000000 0.000000 -0.430802
    11 3.883698 -0.046765 0.431443 0.085902 0.021830 -0.587867
    12 1.719570 -0.000004 -0.000001 0.000000 0.005516 -0.366478
    13 1.209169 -0.000004 0.000000 0.000000 0.003084 -0.216400
    14 3.859863 -0.137946 1.332466 0.354449 -0.042750 -0.531718
    15 1.719431 0.000002 0.000000 0.000000 0.004074 -0.363009
    16 1.099667 0.000000 -0.000001 0.000000 0.002596 -0.244331
    17 0.806053 -0.348926 1.321258 -1.222677 -0.679213 -0.788819
    18 1.789778 -0.000002 0.000002 0.000000 0.000000 0.228523
    19 1.207005 0.000000 0.000002 0.000000 0.000000 0.362860
    20 -1.306590 -4.077508 -4.273619 -1.668474 1.286518 2.942953
    21 6.028145 0.000000 0.000000 2.432846 0.705053 -0.405741
    22 11.692554 0.000001 0.000002 0.000000 0.000000 -1.568337
    23 11.481699 0.000001 0.000001 -1.808014 0.376036 0.449467
    24 3.859680 -0.132567 1.193109 0.450740 -0.173766 -0.848531
    25 1.312555 -0.000002 0.000002 -0.005729 -0.001103 -0.405906
    26 0.729365 0.000000 -0.000001 -0.000264 -0.001285 -0.210545
    27 3.942307 0.050327 0.431044 0.140586 -0.091104 -0.781592
    28 1.539099 -0.000002 0.000000 -0.008437 -0.009875 -0.217826
    29 1.196321 0.000010 0.000000 -0.003547 -0.012488 -0.400824
    30 3.883659 -0.050321 -0.431042 -0.097962 -0.027830 -0.559710
    31 1.719578 0.000002 0.000000 -0.009492 -0.015608 -0.338614
    32 1.209185 0.000002 0.000000 -0.007562 -0.013917 -0.188500
    33 3.859840 -0.148937 -1.331282 -0.365361 0.038303 -0.529208
    34 1.719421 0.000002 0.000000 -0.010283 -0.011299 -0.303258
    35 1.099669 0.000002 -0.000001 -0.007526 -0.012996 -0.245068
    36 0.950558 -1.145017 -1.396461 1.187162 0.680388 -0.848163
    37 1.789782 0.000000 -0.000004 -0.004206 -0.000540 0.181318
    38 1.206999 0.000002 0.000000 -0.014621 -0.011625 0.300691
    39 -4.311162 -20.164614 10.541141 0.794526 -0.181064 0.088208
    40 0.025545 -1.273521 1.753304 0.000000 0.000000 0.000000
    41 0.001032 1.440453 -1.526783 0.000000 0.000000 0.000000
    42 0.004413 0.696487 -1.430595 0.000000 0.000000 0.000000
    43 0.580660 0.349014 -1.430595 0.000000 0.000000 0.000000
    44 0.583444 -0.305904 -1.430599 0.000000 0.000000 0.000000
    45 0.005318 -0.648720 -1.430599 0.000000 0.000000 0.000000
    46 -0.574618 -0.303123 -1.430601 0.000000 0.000000 0.000000
    47 -0.573714 0.348118 -1.430595 0.000000 0.000000 0.000000
    48 -0.029968 -0.059296 1.773438 -1.561870 -0.003783 0.018306
    49 0.041163 0.095589 -2.899426 -0.781108 -0.013985 0.002645
    50 0.081115 -2.496311 -0.915165 0.000000 0.000000 0.000000
    51 4.863281 2.800781 -18.203125 1.570792 0.000003 -0.000003
  time 129
    0 0.000000 -0.000006 0.000000 -1.570781 -1.391896 -1.570809
    1 1.208984 -4.433594 3.550781 1.596637 -1.286515 2.942961
    2 6.028141 0.000000 0.000000 -1.195109 0.288824 -1.112448
    3 11.692554 0.000001 0.000000 -0.000042 0.000042 -1.457059
    4 11.481670 0.000001 -0.000031 0.584912 -0.244611 0.261263
    5 3.859711 -0.142405 -1.191975 -0.468133 0.151533 -0.880197
    6 1.312555 -0.000002 0.000000 0.000000 0.000000 -0.439720
    7 0.729363 -0.000002 -0.000002 0.000000 0.000000 -0.244299
    8 3.942337 0.046767 -0.431443 -0.151780 0.073206 -0.810985
    9 1.539097 0.000000 0.000000 0.000000 0.000000 -0.247797
    10 1.196325 -0.000002 -0.000001 0.000000 0.000000 -0.430802
    11 3.883698 -0.046765 0.431443 0.085902 0.021830 -0.587867
    12 1.719570 -0.000004 -0.000001 0.000000 0.005516 -0.366478
    13 1.209169 -0.000004 0.000000 0.000000 0.003084 -0.216400
    14 3.859863 -0.137946 1.332466 0.354449 -0.042750 -0.531718
    15 1.719431 0.000002 0.000000 0.000000 0.004074 -0.363009
    16 1.099667 0.000000 -0.000001 0.000000 0.002596 -0.244331
    17 0.806053 -0.348926 1.321258 -1.222677 -0.679213 -0.788819
    18 1.789778 -0.000002 0.000002 0.000000 0.000000 0.228523
    19 1.207005 0.000000 0.000002 0.000000 0.000000 0.362860
    20 -1.314402 -4.065789 -4.269712 -1.668474 1.286518 2.942953
    21 6.028145 0.000000 0.000000 2.415889 0.717651 -0.414302
    22 11.692554 0.000001 0.000002 0.000000 0.000000 -1.577130
    23 11.481699 0.000001 0.000001 -1.798756 0.384139 0.445831
    24 3.859680 -0.132567 1.193109 0.447025 -0.177541 -0.841435
    25 1.312555 -0.000002 0.000002 -0.007095 -0.001558 -0.397963
    26 0.729365 0.000000 -0.000001 -0.000384 -0.001839 -0.202618
    27 3.942307 0.050327 0.431044 0.138237 -0.093860 -0.774847
    28 1.539099 -0.000002 0.000000 -0.010463 -0.012152 -0.210759
    29 1.196321 0.000010 0.000000 -0.004434 -0.015412 -0.393781
    30 3.883659 -0.050321 -0.431042 -0.100802 -0.028118 -0.553124
    31 1.719578 0.000002 0.000000 -0.011757 -0.017370 -0.332040
    32 1.209185 0.000002 0.000000 -0.009384 -0.016122 -0.181941
    33 3.859840 -0.148937 -1.331282 -0.367878 0.038411 -0.528104
    34 1.719421 0.000002 0.000000 -0.012680 -0.012365 -0.295858
    35 1.099669 0.000002 -0.000001 -0.009264 -0.014925 -0.245389
    36 0.950558 -1.145017 -1.396461 1.180317 0.682441 -0.858951
    37 1.789782 0.000000 -0.000004 -0.005201 -0.000695 0.170208
    38 1.206999 0.000002 0.000000 -0.017953 -0.014490 0.286054
    39 -4.178345 -20.875573 10.330197 1.067792 -0.175031 0.092468
    40 0.025545 -1.273521 1.753304 0.000000 0.000000 0.000000
    41 0.001032 1.440453 -1.526783 0.000000 0.000000 0.000000
    42 0.004413 0.696487 -1.430595 0.000000 0.000000 0.000000
    43 0.580660 0.349014 -1.430595 0.000000 0.000000 0.000000
    44 0.583444 -0.305904 -1.430599 0.000000 0.000000 0.000000
    45 0.005318 -0.648720 -1.430599 0.000000 0.000000 0.000000
    46 -0.574618 -0.303123 -1.430601 0.000000 0.000000 0.000000
    47 -0.573714 0.348118 -1.430595 0.000000 0.000000 0.000000
    48 -0.029968 -0.059296 1.773438 -1.561870 -0.003783 0.018306
    49 0.041163 0.095589 -2.899426 -0.781108 -0.013985 0.002645
    50 0.081115 -2.496311 -0.915165 0.000000 0.000000 0.000000
    51 4.863281 2.800781 -18.203125 1.570792 0.000003 -0.000003
  time 130
    0 0.000000 -0.000006 0.000000 -1.570781 -1.391896 -1.570809
    1 1.208984 -4.433594 3.550781 1.596637 -1.286515 2.942961
    2 6.028141 0.000000 0.000000 -1.195109 0.288824 -1.112448
    3 11.692554 0.000001 0.000000 -0.000042 0.000042 -1.457059
    4 11.481670 0.000001 -0.000031 0.584912 -0.244611 0.261263
    5 3.859711 -0.142405 -1.191975 -0.468133 0.151533 -0.880197
    6 1.312555 -0.000002 0.000000 0.000000 0.000000 -0.439720
    7 0.729363 -0.000002 -0.000002 0.000000 0.000000 -0.244299
    8 3.942337 0.046767 -0.431443 -0.151780 0.073206 -0.810985
    9 1.539097 0.000000 0.000000 0.000000 0.000000 -0.247797
    10 1.196325 -0.000002 -0.000001 0.000000 0.000000 -0.430802
    11 3.883698 -0.046765 0.431443 0.085902 0.021830 -0.587867
    12 1.719570 -0.000004 -0.000001 0.000000 0.005516 -0.366478
    13 1.209169 -0.000004 0.000000 0.000000 0.003084 -0.216400
    14 3.859863 -0.137946 1.332466 0.354449 -0.042750 -0.531718
    15 1.719431 0.000002 0.000000 0.000000 0.004074 -0.363009
    16 1.099667 0.000000 -0.000001 0.000000 0.002596 -0.244331
    17 0.806053 -0.348926 1.321258 -1.222677 -0.679213 -0.788819
    18 1.789778 -0.000002 0.000002 0.000000 0.000000 0.228523
    19 1.207005 0.000000 0.000002 0.000000 0.000000 0.362860
    20 -1.326122 -4.057976 -4.269712 -1.668474 1.286518 2.942953
    21 6.028145 0.000000 0.000000 2.394620 0.734162 -0.424933
    22 11.692554 0.000001 0.000002 0.000000 0.000000 -1.585110
    23 11.481699 0.000001 0.000001 -1.785942 0.393363 0.438460
    24 3.859680 -0.132567 1.193109 0.443010 -0.181616 -0.833827
    25 1.312555 -0.000002 0.000002 -0.008557 -0.002133 -0.389432
    26 0.729365 0.000000 -0.000001 -0.000527 -0.002519 -0.194082
    27 3.942307 0.050327 0.431044 0.135672 -0.096796 -0.767600
    28 1.539099 -0.000002 0.000000 -0.012656 -0.014585 -0.203174
    29 1.196321 0.000010 0.000000 -0.005405 -0.018540 -0.386208
    30 3.883659 -0.050321 -0.431042 -0.103846 -0.028405 -0.546065
    31 1.719578 0.000002 0.000000 -0.014190 -0.019239 -0.325015
    32 1.209185 0.000002 0.000000 -0.011349 -0.018459 -0.174877
    33 3.859840 -0.148937 -1.331282 -0.370562 0.038579 -0.526753
    34 1.719421 0.000002 0.000000 -0.015256 -0.013480 -0.288520
    35 1.099669 0.000002 -0.000001 -0.011134 -0.016998 -0.245801
    36 0.950558 -1.145017 -1.396461 1.173081 0.684655 -0.870344
    37 1.789782 0.000000 -0.000004 -0.006256 -0.000875 0.158271
    38 1.206999 0.000002 0.000000 -0.021488 -0.017630 0.270389
    39 -3.994746 -21.633409 9.916122 1.340100 -0.169045 0.100640
    40 0.025545 -1.273521 1.753304 0.000000 0.000000 0.000000
    41 0.001032 1.440453 -1.526783 0.000000 0.000000 0.000000
    42 0.004413 0.696487 -1.430595 0.000000 0.000000 0.000000
    43 0.580660 0.349014 -1.430595 0.000000 0.000000 0.000000
    44 0.583444 -0.305904 -1.430599 0.000000 0.000000 0.000000
    45 0.005318 -0.648720 -1.430599 0.000000 0.000000 0.000000
    46 -0.574618 -0.303123 -1.430601 0.000000 0.000000 0.000000
    47 -0.573714 0.348118 -1.430595 0.000000 0.000000 0.000000
    48 -0.029968 -0.059296 1.773438 -1.561870 -0.003783 0.018306
    49 0.041163 0.095589 -2.899426 -0.781108 -0.013985 0.002645
    50 0.081115 -2.496311 -0.915165 0.000000 0.000000 0.000000
    51 4.863281 2.800781 -18.203125 1.570792 0.000003 -0.000003
  time 131
    0 0.000000 -0.000006 0.000000 -1.570781 -1.391896 -1.570809
    1 1.208984 -4.433594 3.550781 1.596637 -1.286515 2.942961
    2 6.028141 0.000000 0.000000 -1.195109 0.288824 -1.112448
    3 11.692554 0.000001 0.000000 -0.000042 0.000042 -1.457059
    4 11.481670 0.000001 -0.000031 0.584912 -0.244611 0.261263
    5 3.859711 -0.142405 -1.191975 -0.468133 0.151533 -0.880197
    6 1.312555 -0.000002 0.000000 0.000000 0.000000 -0.439720
    7 0.729363 -0.000002 -0.000002 0.000000 0.000000 -0.244299
    8 3.942337 0.046767 -0.431443 -0.151780 0.073206 -0.810985
    9 1.539097 0.000000 0.000000 0.000000 0.000000 -0.247797
    10 1.196325 -0.000002 -0.000001 0.000000 0.000000 -0.430802
    11 3.883698 -0.046765 0.431443 0.085902 0.021830 -0.587867
    12 1.719570 -0.000004 -0.000001 0.000000 0.005516 -0.366478
    13 1.209169 -0.000004 0.000000 0.000000 0.003084 -0.216400
    14 3.859863 -0.137946 1.332466 0.354449 -0.042750 -0.531718
    15 1.719431 0.000002 0.000000 0.000000 0.004074 -0.363009
    16 1.099667 0.000000 -0.000001 0.000000 0.002596 -0.244331
    17 0.806053 -0.348926 1.321258 -1.222677 -0.679213 -0.788819
    18 1.789778 -0.000002 0.000002 0.000000 0.000000 0.228523
    19 1.207005 0.000000 0.000002 0.000000 0.000000 0.362860
    20 -1.333934 -4.046257 -4.265806 -1.668474 1.286518 2.942953
    21 6.028145 0.000000 0.000000 2.368561 0.754061 -0.438481
    22 11.692554 0.000001 0.000002 0.000000 0.000000 -1.592129
    23 11.481699 0.000001 0.000001 -1.770249 0.403621 0.427405
    24 3.859680 -0.132567 1.193109 0.438731 -0.185954 -0.825790
    25 1.312555 -0.000002 0.000002 -0.010115 -0.002828 -0.380416
    26 0.729365 0.000000 -0.000001 -0.000731 -0.003363 -0.185099
    27 3.942307 0.050327 0.431044 0.132892 -0.099888 -0.759924
    28 1.539099 -0.000002 0.000000 -0.014993 -0.017138 -0.195162
    29 1.196321 0.000010 0.000000 -0.006460 -0.021836 -0.378223
    30 3.883659 -0.050321 -0.431042 -0.107070 -0.028693 -0.538596
    31 1.719578 0.000002 0.000000 -0.016790 -0.021205 -0.317575
    32 1.209185 0.000002 0.000000 -0.013459 -0.020916 -0.167410
    33 3.859840 -0.148937 -1.331282 -0.373391 0.038867 -0.525127
    34 1.719421 0.000002 0.000000 -0.017977 -0.014655 -0.281303
    35 1.099669 0.000002 -0.000001 -0.013099 -0.019180 -0.246282
    36 0.950558 -1.145017 -1.396461 1.165455 0.686978 -0.882283
    37 1.789782 0.000000 -0.000004 -0.007370 -0.001103 0.145619
    38 1.206999 0.000002 0.000000 -0.025168 -0.020997 0.253808
    39 -3.768177 -22.387338 9.287197 1.611451 -0.164033 0.112463
    40 0.025545 -1.273521 1.753304 0.000000 0.000000 0.000000
    41 0.001032 1.440453 -1.526783 0.000000 0.000000 0.000000
    42 0.004413 0.696487 -1.430595 0.000000 0.000000 0.000000
    43 0.580660 0.349014 -1.430595 0.000000 0.000000 0.000000
    44 0.583444 -0.305904 -1.430599 0.000000 0.000000 0.000000
    45 0.005318 -0.648720 -1.430599 0.000000 0.000000 0.000000
    46 -0.574618 -0.303123 -1.430601 0.000000 0.000000 0.000000
    47 -0.573714 0.348118 -1.430595 0.000000 0.000000 0.000000
    48 -0.029968 -0.059296 1.773438 -1.561870 -0.003783 0.018306
    49 0.041163 0.095589 -2.899426 -0.781108 -0.013985 0.002645
    50 0.081115 -2.496311 -0.915165 0.000000 0.000000 0.000000
    51 4.863281 2.800781 -18.203125 1.570792 0.000003 -0.000003
  time 132
    0 0.000000 -0.000006 0.000000 -1.570781 -1.391896 -1.570809
    1 1.208984 -4.433594 3.550781 1.596637 -1.286515 2.942961
    2 6.028141 0.000000 0.000000 -1.195109 0.288824 -1.112448
    3 11.692554 0.000001 0.000000 -0.000042 0.000042 -1.457059
    4 11.481670 0.000001 -0.000031 0.584912 -0.244611 0.261263
    5 3.859711 -0.142405 -1.191975 -0.468133 0.151533 -0.880197
    6 1.312555 -0.000002 0.000000 0.000000 0.000000 -0.439720
    7 0.729363 -0.000002 -0.000002 0.000000 0.000000 -0.244299
    8 3.942337 0.046767 -0.431443 -0.151780 0.073206 -0.810985
    9 1.539097 0.000000 0.000000 0.000000 0.000000 -0.247797
    10 1.196325 -0.000002 -0.000001 0.000000 0.000000 -0.430802
    11 3.883698 -0.046765 0.431443 0.085902 0.021830 -0.587867
    12 1.719570 -0.000004 -0.000001 0.000000 0.005516 -0.366478
    13 1.209169 -0.000004 0.000000 0.000000 0.003084 -0.216400
    14 3.859863 -0.137946 1.332466 0.354449 -0.042750 -0.531718
    15 1.719431 0.000002 0.000000 0.000000 0.004074 -0.363009
    16 1.099667 0.000000 -0.000001 0.000000 0.002596 -0.244331
    17 0.806053 -0.348926 1.321258 -1.222677 -0.679213 -0.788819
    18 1.789778 -0.000002 0.000002 0.000000 0.000000 0.228523
    19 1.207005 0.000000 0.000002 0.000000 0.000000 0.362860
    20 -1.341747 -4.038444 -4.261900 -1.668474 1.286518 2.942953
    21 6.028145 0.000000 0.000000 2.337232 0.776727 -0.455886
    22 11.692554 0.000001 0.000002 0.000000 0.000000 -1.597671
    23 11.481699 0.000001 0.000001 -1.752128 0.414784 0.412373
    24 3.859680 -0.132567 1.193109 0.434225 -0.190532 -0.817376
    25 1.312555 -0.000002 0.000002 -0.011757 -0.003667 -0.370965
    26 0.729365 0.000000 -0.000001 -0.000959 -0.004358 -0.175669
    27 3.942307 0.050327 0.431044 0.129932 -0.103100 -0.751896
    28 1.539099 -0.000002 0.000000 -0.017462 -0.019799 -0.186755
    29 1.196321 0.000010 0.000000 -0.007598 -0.025276 -0.369825
    30 3.883659 -0.050321 -0.431042 -0.110449 -0.028957 -0.530748
    31 1.719578 0.000002 0.000000 -0.019523 -0.023230 -0.309754
    32 1.209185 0.000002 0.000000 -0.015676 -0.023469 -0.159589
    33 3.859840 -0.148937 -1.331282 -0.376351 0.039250 -0.523162
    34 1.719421 0.000002 0.000000 -0.020829 -0.015865 -0.274178
    35 1.099669 0.000002 -0.000001 -0.015149 -0.021445 -0.246877
    36 0.950558 -1.145017 -1.396461 1.157530 0.689373 -0.894683
    37 1.789782 0.000000 -0.000004 -0.008545 -0.001366 0.132396
    38 1.206999 0.000002 0.000000 -0.028967 -0.024593 0.236449
    39 -3.498637 -23.082672 8.459047 1.882132 -0.160970 0.127502
    40 0.025545 -1.273521 1.753304 0.000000 0.000000 0.000000
    41 0.001032 1.440453 -1.526783 0.000000 0.000000 0.000000
    42 0.004413 0.696487 -1.430595 0.000000 0.000000 0.000000
    43 0.580660 0.349014 -1.430595 0.000000 0.000000 0.000000
    44 0.583444 -0.305904 -1.430599 0.000000 0.000000 0.000000
    45 0.005318 -0.648720 -1.430599 0.000000 0.000000 0.000000
    46 -0.574618 -0.303123 -1.430601 0.000000 0.000000 0.000000
    47 -0.573714 0.348118 -1.430595 0.000000 0.000000 0.000000
    48 -0.029968 -0.059296 1.773438 -1.561870 -0.003783 0.018306
    49 0.041163 0.095589 -2.899426 -0.781108 -0.013985 0.002645
    50 0.081115 -2.496311 -0.915165 0.000000 0.000000 0.000000
    51 4.863281 2.800781 -18.203125 1.570792 0.000003 -0.000003
  time 133
    0 0.000000 -0.000006 0.000000 -1.570781 -1.391896 -1.570809
    1 1.208984 -4.433594 3.550781 1.596637 -1.286515 2.942961
    2 6.028141 0.000000 0.000000 -1.195109 0.288824 -1.112448
    3 11.692554 0.000001 0.000000 -0.000042 0.000042 -1.457059
    4 11.481670 0.000001 -0.000031 0.584912 -0.244611 0.261263
    5 3.859711 -0.142405 -1.191975 -0.468133 0.151533 -0.880197
    6 1.312555 -0.000002 0.000000 0.000000 0.000000 -0.439720
    7 0.729363 -0.000002 -0.000002 0.000000 0.000000 -0.244299
    8 3.942337 0.046767 -0.431443 -0.151780 0.073206 -0.810985
    9 1.539097 0.000000 0.000000 0.000000 0.000000 -0.247797
    10 1.196325 -0.000002 -0.000001 0.000000 0.000000 -0.430802
    11 3.883698 -0.046765 0.431443 0.085902 0.021830 -0.587867
    12 1.719570 -0.000004 -0.000001 0.000000 0.005516 -0.366478
    13 1.209169 -0.000004 0.000000 0.000000 0.003084 -0.216400
    14 3.859863 -0.137946 1.332466 0.354449 -0.042750 -0.531718
    15 1.719431 0.000002 0.000000 0.000000 0.004074 -0.363009
    16 1.099667 0.000000 -0.000001 0.000000 0.002596 -0.244331
    17 0.806053 -0.348926 1.321258 -1.222677 -0.679213 -0.788819
    18 1.789778 -0.000002 0.000002 0.000000 0.000000 0.228523
    19 1.207005 0.000000 0.000002 0.000000 0.000000 0.362860
    20 -1.345653 -4.030632 -4.261900 -1.668474 1.286518 2.942953
    21 6.028145 0.000000 0.000000 2.299964 0.801542 -0.477995
    22 11.692554 0.000001 0.000002 0.000000 0.000000 -1.601291
    23 11.481699 0.000001 0.000001 -1.732144 0.426551 0.393220
    24 3.859680 -0.132567 1.193109 0.429503 -0.195338 -0.808694
    25 1.312555 -0.000002 0.000002 -0.013483 -0.004650 -0.361157
    26 0.729365 0.000000 -0.000001 -0.001258 -0.005542 -0.165887
    27 3.942307 0.050327 0.431044 0.126780 -0.106408 -0.743541
    28 1.539099 -0.000002 0.000000 -0.020038 -0.022531 -0.178042
    29 1.196321 0.000010 0.000000 -0.008809 -0.028835 -0.361133
    30 3.883659 -0.050321 -0.431042 -0.113961 -0.029208 -0.522649
    31 1.719578 0.000002 0.000000 -0.022375 -0.025316 -0.301657
    32 1.209185 0.000002 0.000000 -0.017989 -0.026105 -0.151491
    33 3.859840 -0.148937 -1.331282 -0.379395 0.039754 -0.520891
    34 1.719421 0.000002 0.000000 -0.023801 -0.017087 -0.267175
    35 1.099669 0.000002 -0.000001 -0.017270 -0.023794 -0.247565
    36 0.950558 -1.145017 -1.396461 1.149330 0.691822 -0.907486
    37 1.789782 0.000000 -0.000004 -0.009743 -0.001678 0.118659
    38 1.206999 0.000002 0.000000 -0.032826 -0.028392 0.218507
    39 -3.205660 -23.664721 7.451203 2.151952 -0.160552 0.144976
    40 0.025545 -1.273521 1.753304 0.000000 0.000000 0.000000
    41 0.001032 1.440453 -1.526783 0.000000 0.000000 0.000000
    42 0.004413 0.696487 -1.430595 0.000000 0.000000 0.000000
    43 0.580660 0.349014 -1.430595 0.000000 0.000000 0.000000
    44 0.583444 -0.305904 -1.430599 0.000000 0.000000 0.000000
    45 0.005318 -0.648720 -1.430599 0.000000 0.000000 0.000000
    46 -0.574618 -0.303123 -1.430601 0.000000 0.000000 0.000000
    47 -0.573714 0.348118 -1.430595 0.000000 0.000000 0.000000
    48 -0.029968 -0.059296 1.773438 -1.561870 -0.003783 0.018306
    49 0.041163 0.095589 -2.899426 -0.781108 -0.013985 0.002645
    50 0.081115 -2.496311 -0.915165 0.000000 0.000000 0.000000
    51 4.863281 2.800781 -18.203125 1.570792 0.000003 -0.000003
  time 134
    0 0.000000 -0.000006 0.000000 -1.570781 -1.391896 -1.570809
    1 1.208984 -4.433594 3.550781 1.596637 -1.286515 2.942961
    2 6.028141 0.000000 0.000000 -1.195109 0.288824 -1.112448
    3 11.692554 0.000001 0.000000 -0.000042 0.000042 -1.457059
    4 11.481670 0.000001 -0.000031 0.584912 -0.244611 0.261263
    5 3.859711 -0.142405 -1.191975 -0.468133 0.151533 -0.880197
    6 1.312555 -0.000002 0.000000 0.000000 0.000000 -0.439720
    7 0.729363 -0.000002 -0.000002 0.000000 0.000000 -0.244299
    8 3.942337 0.046767 -0.431443 -0.151780 0.073206 -0.810985
    9 1.539097 0.000000 0.000000 0.000000 0.000000 -0.247797
    10 1.196325 -0.000002 -0.000001 0.000000 0.000000 -0.430802
    11 3.883698 -0.046765 0.431443 0.085902 0.021830 -0.587867
    12 1.719570 -0.000004 -0.000001 0.000000 0.005516 -0.366478
    13 1.209169 -0.000004 0.000000 0.000000 0.003084 -0.216400
    14 3.859863 -0.137946 1.332466 0.354449 -0.042750 -0.531718
    15 1.719431 0.000002 0.000000 0.000000 0.004074 -0.363009
    16 1.099667 0.000000 -0.000001 0.000000 0.002596 -0.244331
    17 0.806053 -0.348926 1.321258 -1.222677 -0.679213 -0.788819
    18 1.789778 -0.000002 0.000002 0.000000 0.000000 0.228523
    19 1.207005 0.000000 0.000002 0.000000 0.000000 0.362860
    20 -1.353466 -4.018913 -4.257993 -1.668474 1.286518 2.942953
    21 6.028145 0.000000 0.000000 2.256181 0.827692 -0.505937
    22 11.692554 0.000001 0.000002 0.000000 0.000000 -1.602473
    23 11.481699 0.000001 0.000001 -1.710693 0.438749 0.369896
    24 3.859680 -0.132567 1.193109 0.424613 -0.200312 -0.799770
    25 1.312555 -0.000002 0.000002 -0.015256 -0.005789 -0.351094
    26 0.729365 0.000000 -0.000001 -0.001606 -0.006915 -0.155881
    27 3.942307 0.050327 0.431044 0.123472 -0.109764 -0.734960
    28 1.539099 -0.000002 0.000000 -0.022723 -0.025311 -0.169086
    29 1.196321 0.000010 0.000000 -0.010079 -0.032478 -0.352205
    30 3.883659 -0.050321 -0.431042 -0.117556 -0.029436 -0.514329
    31 1.719578 0.000002 0.000000 -0.025312 -0.027425 -0.293352
    32 1.209185 0.000002 0.000000 -0.020398 -0.028790 -0.143141
    33 3.859840 -0.148937 -1.331282 -0.382511 0.040401 -0.518221
    34 1.719421 0.000002 0.000000 -0.026845 -0.018346 -0.260354
    35 1.099669 0.000002 -0.000001 -0.019451 -0.026203 -0.248366
    36 0.950558 -1.145017 -1.396461 1.140900 0.694289 -0.920547
    37 1.789782 0.000000 -0.000004 -0.010978 -0.002038 0.104551
    38 1.206999 0.000002 0.000000 -0.036733 -0.032359 0.200065
    39 -2.893150 -24.098328 6.298824 2.421102 -0.163337 0.164188
    40 0.025545 -1.273521 1.753304 0.000000 0.000000 0.000000
    41 0.001032 1.440453 -1.526783 0.000000 0.000000 0.000000
    42 0.004413 0.696487 -1.430595 0.000000 0.000000 0.000000
    43 0.580660 0.349014 -1.430595 0.000000 0.000000 0.000000
    44 0.583444 -0.305904 -1.430599 0.000000 0.000000 0.000000
    45 0.005318 -0.648720 -1.430599 0.000000 0.000000 0.000000
    46 -0.574618 -0.303123 -1.430601 0.000000 0.000000 0.000000
    47 -0.573714 0.348118 -1.430595 0.000000 0.000000 0.000000
    48 -0.029968 -0.059296 1.773438 -1.561870 -0.003783 0.018306
    49 0.041163 0.095589 -2.899426 -0.781108 -0.013985 0.002645
    50 0.081115 -2.496311 -0.915165 0.000000 0.000000 0.000000
    51 4.863281 2.800781 -18.203125 1.570792 0.000003 -0.000003
  time 135
    0 0.000000 -0.000006 0.000000 -1.570781 -1.391896 -1.570809
    1 1.208984 -4.433594 3.550781 1.596637 -1.286515 2.942961
    2 6.028141 0.000000 0.000000 -1.195109 0.288824 -1.112448
    3 11.692554 0.000001 0.000000 -0.000042 0.000042 -1.457059
    4 11.481670 0.000001 -0.000031 0.584912 -0.244611 0.261263
    5 3.859711 -0.142405 -1.191975 -0.468133 0.151533 -0.880197
    6 1.312555 -0.000002 0.000000 0.000000 0.000000 -0.439720
    7 0.729363 -0.000002 -0.000002 0.000000 0.000000 -0.244299
    8 3.942337 0.046767 -0.431443 -0.151780 0.073206 -0.810985
    9 1.539097 0.000000 0.000000 0.000000 0.000000 -0.247797
    10 1.196325 -0.000002 -0.000001 0.000000 0.000000 -0.430802
    11 3.883698 -0.046765 0.431443 0.085902 0.021830 -0.587867
    12 1.719570 -0.000004 -0.000001 0.000000 0.005516 -0.366478
    13 1.209169 -0.000004 0.000000 0.000000 0.003084 -0.216400
    14 3.859863 -0.137946 1.332466 0.354449 -0.042750 -0.531718
    15 1.719431 0.000002 0.000000 0.000000 0.004074 -0.363009
    16 1.099667 0.000000 -0.000001 0.000000 0.002596 -0.244331
    17 0.806053 -0.348926 1.321258 -1.222677 -0.679213 -0.788819
    18 1.789778 -0.000002 0.000002 0.000000 0.000000 0.228523
    19 1.207005 0.000000 0.000002 0.000000 0.000000 0.362860
    20 -1.361279 -4.011100 -4.254087 -1.668474 1.286518 2.942953
    21 6.028145 0.000000 0.000000 2.205116 0.854224 -0.540652
    22 11.692554 0.000001 0.000002 0.000000 0.000000 -1.600922
    23 11.481699 0.000001 0.000001 -1.688169 0.450990 0.342403
    24 3.859680 -0.132567 1.193109 0.419592 -0.205465 -0.790684
    25 1.312555 -0.000002 0.000002 -0.017090 -0.007119 -0.340826
    26 0.729365 0.000000 -0.000001 -0.002013 -0.008489 -0.145652
    27 3.942307 0.050327 0.431044 0.120021 -0.113155 -0.726177
    28 1.539099 -0.000002 0.000000 -0.025479 -0.028116 -0.159948
    29 1.196321 0.000010 0.000000 -0.011409 -0.036181 -0.343100
    30 3.883659 -0.050321 -0.431042 -0.121236 -0.029640 -0.505820
    31 1.719578 0.000002 0.000000 -0.028332 -0.029546 -0.284873
    32 1.209185 0.000002 0.000000 -0.022879 -0.031510 -0.134639
    33 3.859840 -0.148937 -1.331282 -0.385663 0.041192 -0.515183
    34 1.719421 0.000002 0.000000 -0.029961 -0.019604 -0.253685
    35 1.099669 0.000002 -0.000001 -0.021668 -0.028659 -0.249305
    36 0.950558 -1.145017 -1.396461 1.132309 0.696756 -0.933810
    37 1.789782 0.000000 -0.000004 -0.012224 -0.002445 0.090185
    38 1.206999 0.000002 0.000000 -0.040640 -0.036481 0.181262
    39 -2.580640 -24.352242 5.044880 2.689773 -0.169648 0.184009
    40 0.025545 -1.273521 1.753304 0.000000 0.000000 0.000000
    41 0.001032 1.440453 -1.526783 0.000000 0.000000 0.000000
    42 0.004413 0.696487 -1.430595 0.000000 0.000000 0.000000
    43 0.580660 0.349014 -1.430595 0.000000 0.000000 0.000000
    44 0.583444 -0.305904 -1.430599 0.000000 0.000000 0.000000
    45 0.005318 -0.648720 -1.430599 0.000000 0.000000 0.000000
    46 -0.574618 -0.303123 -1.430601 0.000000 0.000000 0.000000
    47 -0.573714 0.348118 -1.430595 0.000000 0.000000 0.000000
    48 -0.029968 -0.059296 1.773438 -1.561870 -0.003783 0.018306
    49 0.041163 0.095589 -2.899426 -0.781108 -0.013985 0.002645
    50 0.081115 -2.496311 -0.915165 0.000000 0.000000 0.000000
    51 4.863281 2.800781 -18.203125 1.570792 0.000003 -0.000003
  time 136
    0 0.000000 -0.000006 0.000000 -1.570781 -1.391896 -1.570809
    1 1.208984 -4.433594 3.550781 1.596637 -1.286515 2.942961
    2 6.028141 0.000000 0.000000 -1.195109 0.288824 -1.112448
    3 11.692554 0.000001 0.000000 -0.000042 0.000042 -1.457059
    4 11.481670 0.000001 -0.000031 0.584912 -0.244611 0.261263
    5 3.859711 -0.142405 -1.191975 -0.468133 0.151533 -0.880197
    6 1.312555 -0.000002 0.000000 0.000000 0.000000 -0.439720
    7 0.729363 -0.000002 -0.000002 0.000000 0.000000 -0.244299
    8 3.942337 0.046767 -0.431443 -0.151780 0.073206 -0.810985
    9 1.539097 0.000000 0.000000 0.000000 0.000000 -0.247797
    10 1.196325 -0.000002 -0.000001 0.000000 0.000000 -0.430802
    11 3.883698 -0.046765 0.431443 0.085902 0.021830 -0.587867
    12 1.719570 -0.000004 -0.000001 0.000000 0.005516 -0.366478
    13 1.209169 -0.000004 0.000000 0.000000 0.003084 -0.216400
    14 3.859863 -0.137946 1.332466 0.354449 -0.042750 -0.531718
    15 1.719431 0.000002 0.000000 0.000000 0.004074 -0.363009
    16 1.099667 0.000000 -0.000001 0.000000 0.002596 -0.244331
    17 0.806053 -0.348926 1.321258 -1.222677 -0.679213 -0.788819
    18 1.789778 -0.000002 0.000002 0.000000 0.000000 0.228523
    19 1.207005 0.000000 0.000002 0.000000 0.000000 0.362860
    20 -1.369092 -4.003287 -4.254087 -1.668474 1.286518 2.942953
    21 6.028145 0.000000 0.000000 2.146196 0.879897 -0.582895
    22 11.692554 0.000001 0.000002 0.000000 0.000000 -1.596119
    23 11.481699 0.000001 0.000001 -1.664629 0.462972 0.311079
    24 3.859680 -0.132567 1.193109 0.414451 -0.210738 -0.781545
    25 1.312555 -0.000002 0.000002 -0.018972 -0.008629 -0.330431
    26 0.729365 0.000000 -0.000001 -0.002505 -0.010290 -0.135294
    27 3.942307 0.050327 0.431044 0.116437 -0.116559 -0.717293
    28 1.539099 -0.000002 0.000000 -0.028284 -0.030932 -0.150717
    29 1.196321 0.000010 0.000000 -0.012788 -0.039909 -0.333877
    30 3.883659 -0.050321 -0.431042 -0.124951 -0.029820 -0.497248
    31 1.719578 0.000002 0.000000 -0.031400 -0.031680 -0.276292
    32 1.209185 0.000002 0.000000 -0.025395 -0.034231 -0.126036
    33 3.859840 -0.148937 -1.331282 -0.388827 0.042150 -0.511746
    34 1.719421 0.000002 0.000000 -0.033101 -0.020863 -0.247199
    35 1.099669 0.000002 -0.000001 -0.023897 -0.031140 -0.250382
    36 0.950558 -1.145017 -1.396461 1.123604 0.699205 -0.947216
    37 1.789782 0.000000 -0.000004 -0.013483 -0.002912 0.075649
    38 1.206999 0.000002 0.000000 -0.044499 -0.040724 0.162292
    39 -2.283756 -24.410837 3.740153 2.957870 -0.179486 0.203482
    40 0.025545 -1.273521 1.753304 0.000000 0.000000 0.000000
    41 0.001032 1.440453 -1.526783 0.000000 0.000000 0.000000
    42 0.004413 0.696487 -1.430595 0.000000 0.000000 0.000000
    43 0.580660 0.349014 -1.430595 0.000000 0.000000 0.000000
    44 0.583444 -0.305904 -1.430599 0.000000 0.000000 0.000000
    45 0.005318 -0.648720 -1.430599 0.000000 0.000000 0.000000
    46 -0.574618 -0.303123 -1.430601 0.000000 0.000000 0.000000
    47 -0.573714 0.348118 -1.430595 0.000000 0.000000 0.000000
    48 -0.029968 -0.059296 1.773438 -1.561870 -0.003783 0.018306
    49 0.041163 0.095589 -2.899426 -0.781108 -0.013985 0.002645
    50 0.081115 -2.496311 -0.915165 0.000000 0.000000 0.000000
    51 4.863281 2.800781 -18.203125 1.570792 0.000003 -0.000003
  time 137
    0 0.000000 -0.000006 0.000000 -1.570781 -1.391896 -1.570809
    1 1.208984 -4.433594 3.550781 1.596637 -1.286515 2.942961
    2 6.028141 0.000000 0.000000 -1.195109 0.288824 -1.112448
    3 11.692554 0.000001 0.000000 -0.000042 0.000042 -1.457059
    4 11.481670 0.000001 -0.000031 0.584912 -0.244611 0.261263
    5 3.859711 -0.142405 -1.191975 -0.468133 0.151533 -0.880197
    6 1.312555 -0.000002 0.000000 0.000000 0.000000 -0.439720
    7 0.729363 -0.000002 -0.000002 0.000000 0.000000 -0.244299
    8 3.942337 0.046767 -0.431443 -0.151780 0.073206 -0.810985
    9 1.539097 0.000000 0.000000 0.000000 0.000000 -0.247797
    10 1.196325 -0.000002 -0.000001 0.000000 0.000000 -0.430802
    11 3.883698 -0.046765 0.431443 0.085902 0.021830 -0.587867
    12 1.719570 -0.000004 -0.000001 0.000000 0.005516 -0.366478
    13 1.209169 -0.000004 0.000000 0.000000 0.003084 -0.216400
    14 3.859863 -0.137946 1.332466 0.354449 -0.042750 -0.531718
    15 1.719431 0.000002 0.000000 0.000000 0.004074 -0.363009
    16 1.099667 0.000000 -0.000001 0.000000 0.002596 -0.244331
    17 0.806053 -0.348926 1.321258 -1.222677 -0.679213 -0.788819
    18 1.789778 -0.000002 0.000002 0.000000 0.000000 0.228523
    19 1.207005 0.000000 0.000002 0.000000 0.000000 0.362860
    20 -1.372998 -3.999381 -4.250181 -1.668474 1.286518 2.942953
    21 6.028145 0.000000 0.000000 2.078940 0.903518 -0.633322
    22 11.692554 0.000001 0.000002 0.000000 0.000000 -1.587696
    23 11.481699 0.000001 0.000001 -1.640130 0.474308 0.276312
    24 3.859680 -0.132567 1.193109 0.409249 -0.216143 -0.772405
    25 1.312555 -0.000002 0.000002 -0.020889 -0.010343 -0.320010
    26 0.729365 0.000000 -0.000001 -0.003068 -0.012330 -0.124937
    27 3.942307 0.050327 0.431044 0.112746 -0.119927 -0.708359
    28 1.539099 -0.000002 0.000000 -0.031136 -0.033725 -0.141426
    29 1.196321 0.000010 0.000000 -0.014202 -0.043636 -0.324624
    30 3.883659 -0.050321 -0.431042 -0.128678 -0.029951 -0.488645
    31 1.719578 0.000002 0.000000 -0.034504 -0.033789 -0.267675
    32 1.209185 0.000002 0.000000 -0.027960 -0.036951 -0.117383
    33 3.859840 -0.148937 -1.331282 -0.391991 0.043301 -0.507879
    34 1.719421 0.000002 0.000000 -0.036277 -0.022097 -0.240927
    35 1.099669 0.000002 -0.000001 -0.026126 -0.033633 -0.251596
    36 0.950558 -1.145017 -1.396461 1.114852 0.701582 -0.960623
    37 1.789782 0.000000 -0.000004 -0.014729 -0.003440 0.061055
    38 1.206999 0.000002 0.000000 -0.048298 -0.045050 0.143266
    39 -2.022030 -24.266301 2.435425 3.225776 -0.192619 0.221651
    40 0.025545 -1.273521 1.753304 0.000000 0.000000 0.000000
    41 0.001032 1.440453 -1.526783 0.000000 0.000000 0.000000
    42 0.004413 0.696487 -1.430595 0.000000 0.000000 0.000000
    43 0.580660 0.349014 -1.430595 0.000000 0.000000 0.000000
    44 0.583444 -0.305904 -1.430599 0.000000 0.000000 0.000000
    45 0.005318 -0.648720 -1.430599 0.000000 0.000000 0.000000
    46 -0.574618 -0.303123 -1.430601 0.000000 0.000000 0.000000
    47 -0.573714 0.348118 -1.430595 0.000000 0.000000 0.000000
    48 -0.029968 -0.059296 1.773438 -1.561870 -0.003783 0.018306
    49 0.041163 0.095589 -2.899426 -0.781108 -0.013985 0.002645
    50 0.081115 -2.496311 -0.915165 0.000000 0.000000 0.000000
    51 4.863281 2.800781 -18.203125 1.570792 0.000003 -0.000003
  time 138
    0 0.000000 -0.000006 0.000000 -1.570781 -1.391896 -1.570809
    1 1.208984 -4.433594 3.550781 1.596637 -1.286515 2.942961
    2 6.028141 0.000000 0.000000 -1.195109 0.288824 -1.112448
    3 11.692554 0.000001 0.000000 -0.000042 0.000042 -1.457059
    4 11.481670 0.000001 -0.000031 0.584912 -0.244611 0.261263
    5 3.859711 -0.142405 -1.191975 -0.468133 0.151533 -0.880197
    6 1.312555 -0.000002 0.000000 0.000000 0.000000 -0.439720
    7 0.729363 -0.000002 -0.000002 0.000000 0.000000 -0.244299
    8 3.942337 0.046767 -0.431443 -0.151780 0.073206 -0.810985
    9 1.539097 0.000000 0.000000 0.000000 0.000000 -0.247797
    10 1.196325 -0.000002 -0.000001 0.000000 0.000000 -0.430802
    11 3.883698 -0.046765 0.431443 0.085902 0.021830 -0.587867
    12 1.719570 -0.000004 -0.000001 0.000000 0.005516 -0.366478
    13 1.209169 -0.000004 0.000000 0.000000 0.003084 -0.216400
    14 3.859863 -0.137946 1.332466 0.354449 -0.042750 -0.531718
    15 1.719431 0.000002 0.000000 0.000000 0.004074 -0.363009
    16 1.099667 0.000000 -0.000001 0.000000 0.002596 -0.244331
    17 0.806053 -0.348926 1.321258 -1.222677 -0.679213 -0.788819
    18 1.789778 -0.000002 0.000002 0.000000 0.000000 0.228523
    19 1.207005 0.000000 0.000002 0.000000 0.000000 0.362860
    20 -1.380811 -3.991568 -4.250181 -1.668474 1.286518 2.942953
    21 6.028145 0.000000 0.000000 2.003637 0.923751 -0.691934
    22 11.692554 0.000001 0.000002 0.000000 0.000000 -1.575430
    23 11.481699 0.000001 0.000001 -1.614444 0.484739 0.238732
    24 3.859680 -0.132567 1.193109 0.404012 -0.221632 -0.763320
    25 1.312555 -0.000002 0.000002 -0.022831 -0.012284 -0.309614
    26 0.729365 0.000000 -0.000001 -0.003715 -0.014610 -0.114579
    27 3.942307 0.050327 0.431044 0.108959 -0.123258 -0.699451
    28 1.539099 -0.000002 0.000000 -0.034000 -0.036481 -0.132166
    29 1.196321 0.000010 0.000000 -0.015652 -0.047339 -0.315401
    30 3.883659 -0.050321 -0.431042 -0.132393 -0.030071 -0.480041
    31 1.719578 0.000002 0.000000 -0.037608 -0.035850 -0.259058
    32 1.209185 0.000002 0.000000 -0.030537 -0.039624 -0.108755
    33 3.859840 -0.148937 -1.331282 -0.395107 0.044643 -0.503521
    34 1.719421 0.000002 0.000000 -0.039429 -0.023319 -0.234867
    35 1.099669 0.000002 -0.000001 -0.028356 -0.036114 -0.252970
    36 0.950558 -1.145017 -1.396461 1.106100 0.703887 -0.973972
    37 1.789782 0.000000 -0.000004 -0.015963 -0.004015 0.046547
    38 1.206999 0.000002 0.000000 -0.052001 -0.049425 0.124324
    39 -1.807179 -23.938166 1.189294 3.493394 -0.208582 0.237560
    40 0.025545 -1.273521 1.753304 0.000000 0.000000 0.000000
    41 0.001032 1.440453 -1.526783 0.000000 0.000000 0.000000
    42 0.004413 0.696487 -1.430595 0.000000 0.000000 0.000000
    43 0.580660 0.349014 -1.430595 0.000000 0.000000 0.000000
    44 0.583444 -0.305904 -1.430599 0.000000 0.000000 0.000000
    45 0.005318 -0.648720 -1.430599 0.000000 0.000000 0.000000
    46 -0.574618 -0.303123 -1.430601 0.000000 0.000000 0.000000
    47 -0.573714 0.348118 -1.430595 0.000000 0.000000 0.000000
    48 -0.029968 -0.059296 1.773438 -1.561870 -0.003783 0.018306
    49 0.041163 0.095589 -2.899426 -0.781108 -0.013985 0.002645
    50 0.081115 -2.496311 -0.915165 0.000000 0.000000 0.000000
    51 4.863281 2.800781 -18.203125 1.570792 0.000003 -0.000003
  time 139
    0 0.000000 -0.000006 0.000000 -1.570781 -1.391896 -1.570809
    1 1.208984 -4.433594 3.550781 1.596637 -1.286515 2.942961
    2 6.028141 0.000000 0.000000 -1.195109 0.288824 -1.112448
    3 11.692554 0.000001 0.000000 -0.000042 0.000042 -1.457059
    4 11.481670 0.000001 -0.000031 0.584912 -0.244611 0.261263
    5 3.859711 -0.142405 -1.191975 -0.468133 0.151533 -0.880197
    6 1.312555 -0.000002 0.000000 0.000000 0.000000 -0.439720
    7 0.729363 -0.000002 -0.000002 0.000000 0.000000 -0.244299
    8 3.942337 0.046767 -0.431443 -0.151780 0.073206 -0.810985
    9 1.539097 0.000000 0.000000 0.000000 0.000000 -0.247797
    10 1.196325 -0.000002 -0.000001 0.000000 0.000000 -0.430802
    11 3.883698 -0.046765 0.431443 0.085902 0.021830 -0.587867
    12 1.719570 -0.000004 -0.000001 0.000000 0.005516 -0.366478
    13 1.209169 -0.000004 0.000000 0.000000 0.003084 -0.216400
    14 3.859863 -0.137946 1.332466 0.354449 -0.042750 -0.531718
    15 1.719431 0.000002 0.000000 0.000000 0.004074 -0.363009
    16 1.099667 0.000000 -0.000001 0.000000 0.002596 -0.244331
    17 0.806053 -0.348926 1.321258 -1.222677 -0.679213 -0.788819
    18 1.789778 -0.000002 0.000002 0.000000 0.000000 0.228523
    19 1.207005 0.000000 0.000002 0.000000 0.000000 0.362860
    20 -1.384717 -3.983755 -4.246274 -1.668474 1.286518 2.942953
    21 6.028145 0.000000 0.000000 1.921148 0.939355 -0.757791
    22 11.692554 0.000001 0.000002 0.000000 0.000000 -1.558658
    23 11.481699 0.000001 0.000001 -1.587122 0.494006 0.199117
    24 3.859680 -0.132567 1.193109 0.398787 -0.227193 -0.754369
    25 1.312555 -0.000002 0.000002 -0.024796 -0.014466 -0.299321
    26 0.729365 0.000000 -0.000001 -0.004458 -0.017167 -0.104350
    27 3.942307 0.050327 0.431044 0.105100 -0.126506 -0.690592
    28 1.539099 -0.000002 0.000000 -0.036853 -0.039190 -0.122997
    29 1.196321 0.000010 0.000000 -0.017114 -0.050994 -0.306296
    30 3.883659 -0.050321 -0.431042 -0.136061 -0.030143 -0.471564
    31 1.719578 0.000002 0.000000 -0.040700 -0.037876 -0.250546
    32 1.209185 0.000002 0.000000 -0.033101 -0.042260 -0.100228
    33 3.859840 -0.148937 -1.331282 -0.398163 0.046189 -0.498671
    34 1.719421 0.000002 0.000000 -0.042557 -0.024518 -0.229082
    35 1.099669 0.000002 -0.000001 -0.030537 -0.038559 -0.254504
    36 0.950558 -1.145017 -1.396461 1.097418 0.706102 -0.987177
    37 1.789782 0.000000 -0.000004 -0.017162 -0.004650 0.032153
    38 1.206999 0.000002 0.000000 -0.055573 -0.053823 0.105605
    39 -1.647018 -23.453777 0.044727 3.761204 -0.226680 0.250513
    40 0.025545 -1.273521 1.753304 0.000000 0.000000 0.000000
    41 0.001032 1.440453 -1.526783 0.000000 0.000000 0.000000
    42 0.004413 0.696487 -1.430595 0.000000 0.000000 0.000000
    43 0.580660 0.349014 -1.430595 0.000000 0.000000 0.000000
    44 0.583444 -0.305904 -1.430599 0.000000 0.000000 0.000000
    45 0.005318 -0.648720 -1.430599 0.000000 0.000000 0.000000
    46 -0.574618 -0.303123 -1.430601 0.000000 0.000000 0.000000
    47 -0.573714 0.348118 -1.430595 0.000000 0.000000 0.000000
    48 -0.029968 -0.059296 1.773438 -1.561870 -0.003783 0.018306
    49 0.041163 0.095589 -2.899426 -0.781108 -0.013985 0.002645
    50 0.081115 -2.496311 -0.915165 0.000000 0.000000 0.000000
    51 4.863281 2.800781 -18.203125 1.570792 0.000003 -0.000003
  time 140
    0 0.000000 -0.000006 0.000000 -1.570781 -1.391896 -1.570809
    1 1.208984 -4.433594 3.550781 1.596637 -1.286515 2.942961
    2 6.028141 0.000000 0.000000 -1.195109 0.288824 -1.112448
    3 11.692554 0.000001 0.000000 -0.000042 0.000042 -1.457059
    4 11.481670 0.000001 -0.000031 0.584912 -0.244611 0.261263
    5 3.859711 -0.142405 -1.191975 -0.468133 0.151533 -0.880197
    6 1.312555 -0.000002 0.000000 0.000000 0.000000 -0.439720
    7 0.729363 -0.000002 -0.000002 0.000000 0.000000 -0.244299
    8 3.942337 0.046767 -0.431443 -0.151780 0.073206 -0.810985
    9 1.539097 0.000000 0.000000 0.000000 0.000000 -0.247797
    10 1.196325 -0.000002 -0.000001 0.000000 0.000000 -0.430802
    11 3.883698 -0.046765 0.431443 0.085902 0.021830 -0.587867
    12 1.719570 -0.000004 -0.000001 0.000000 0.005516 -0.366478
    13 1.209169 -0.000004 0.000000 0.000000 0.003084 -0.216400
    14 3.859863 -0.137946 1.332466 0.354449 -0.042750 -0.531718
    15 1.719431 0.000002 0.000000 0.000000 0.004074 -0.363009
    16 1.099667 0.000000 -0.000001 0.000000 0.002596 -0.244331
    17 0.806053 -0.348926 1.321258 -1.222677 -0.679213 -0.788819
    18 1.789778 -0.000002 0.000002 0.000000 0.000000 0.228523
    19 1.207005 0.000000 0.000002 0.000000 0.000000 0.362860
    20 -1.388623 -3.979849 -4.246274 -1.668474 1.286518 2.942953
    21 6.028145 0.000000 0.000000 1.833007 0.949042 -0.829292
    22 11.692554 0.000001 0.000002 0.000000 0.000000 -1.537231
    23 11.481699 0.000001 0.000001 -1.557768 0.501893 0.158579
    24 3.859680 -0.132567 1.193109 0.393597 -0.232802 -0.745659
    25 1.312555 -0.000002 0.000002 -0.026762 -0.016886 -0.289206
    26 0.729365 0.000000 -0.000001 -0.005297 -0.019988 -0.094312
    27 3.942307 0.050327 0.431044 0.101193 -0.129658 -0.681910
    28 1.539099 -0.000002 0.000000 -0.039681 -0.041814 -0.114010
    29 1.196321 0.000010 0.000000 -0.018588 -0.054554 -0.297309
    30 3.883659 -0.050321 -0.431042 -0.139668 -0.030191 -0.463244
    31 1.719578 0.000002 0.000000 -0.043744 -0.039841 -0.242206
    32 1.209185 0.000002 0.000000 -0.035642 -0.044813 -0.091853
    33 3.859840 -0.148937 -1.331282 -0.401123 0.047975 -0.493331
    34 1.719421 0.000002 0.000000 -0.045637 -0.025680 -0.223540
    35 1.099669 0.000002 -0.000001 -0.032670 -0.040980 -0.256222
    36 0.950558 -1.145017 -1.396461 1.088873 0.708209 -1.000152
    37 1.789782 0.000000 -0.000004 -0.018336 -0.005345 0.018073
    38 1.206999 0.000002 0.000000 -0.059012 -0.058209 0.087274
    39 -1.553265 -22.848289 -0.963116 4.029205 -0.246077 0.259815
    40 0.025545 -1.273521 1.753304 0.000000 0.000000 0.000000
    41 0.001032 1.440453 -1.526783 0.000000 0.000000 0.000000
    42 0.004413 0.696487 -1.430595 0.000000 0.000000 0.000000
    43 0.580660 0.349014 -1.430595 0.000000 0.000000 0.000000
    44 0.583444 -0.305904 -1.430599 0.000000 0.000000 0.000000
    45 0.005318 -0.648720 -1.430599 0.000000 0.000000 0.000000
    46 -0.574618 -0.303123 -1.430601 0.000000 0.000000 0.000000
    47 -0.573714 0.348118 -1.430595 0.000000 0.000000 0.000000
    48 -0.029968 -0.059296 1.773438 -1.561870 -0.003783 0.018306
    49 0.041163 0.095589 -2.899426 -0.781108 -0.013985 0.002645
    50 0.081115 -2.496311 -0.915165 0.000000 0.000000 0.000000
    51 4.863281 2.800781 -18.203125 1.570792 0.000003 -0.000003
  time 141
    0 0.000000 -0.000006 0.000000 -1.570781 -1.391896 -1.570809
    1 1.208984 -4.433594 3.550781 1.596637 -1.286515 2.942961
    2 6.028141 0.000000 0.000000 -1.195109 0.288824 -1.112448
    3 11.692554 0.000001 0.000000 -0.000042 0.000042 -1.457059
    4 11.481670 0.000001 -0.000031 0.584912 -0.244611 0.261263
    5 3.859711 -0.142405 -1.191975 -0.468133 0.151533 -0.880197
    6 1.312555 -0.000002 0.000000 0.000000 0.000000 -0.439720
    7 0.729363 -0.000002 -0.000002 0.000000 0.000000 -0.244299
    8 3.942337 0.046767 -0.431443 -0.151780 0.073206 -0.810985
    9 1.539097 0.000000 0.000000 0.000000 0.000000 -0.247797
    10 1.196325 -0.000002 -0.000001 0.000000 0.000000 -0.430802
    11 3.883698 -0.046765 0.431443 0.085902 0.021830 -0.587867
    12 1.719570 -0.000004 -0.000001 0.000000 0.005516 -0.366478
    13 1.209169 -0.000004 0.000000 0.000000 0.003084 -0.216400
    14 3.859863 -0.137946 1.332466 0.354449 -0.042750 -0.531718
    15 1.719431 0.000002 0.000000 0.000000 0.004074 -0.363009
    16 1.099667 0.000000 -0.000001 0.000000 0.002596 -0.244331
    17 0.806053 -0.348926 1.321258 -1.222677 -0.679213 -0.788819
    18 1.789778 -0.000002 0.000002 0.000000 0.000000 0.228523
    19 1.207005 0.000000 0.000002 0.000000 0.000000 0.362860
    20 -1.396436 -3.972036 -4.242368 -1.668474 1.286518 2.942953
    21 6.028145 0.000000 0.000000 1.741896 0.952239 -0.903898
    22 11.692554 0.000001 0.000002 0.000000 0.000000 -1.510484
    23 11.481699 0.000001 0.000001 -1.525591 0.508315 0.118091
    24 3.859680 -0.132567 1.193109 0.388504 -0.238459 -0.737219
    25 1.312555 -0.000002 0.000002 -0.028739 -0.019583 -0.279373
    26 0.729365 0.000000 -0.000001 -0.006256 -0.023111 -0.084530
    27 3.942307 0.050327 0.431044 0.097250 -0.132690 -0.673429
    28 1.539099 -0.000002 0.000000 -0.042449 -0.044343 -0.105237
    29 1.196321 0.000010 0.000000 -0.020050 -0.058017 -0.288587
    30 3.883659 -0.050321 -0.431042 -0.143179 -0.030203 -0.455113
    31 1.719578 0.000002 0.000000 -0.046728 -0.041723 -0.234074
    32 1.209185 0.000002 0.000000 -0.038135 -0.047282 -0.083679
    33 3.859840 -0.148937 -1.331282 -0.403963 0.050000 -0.487408
    34 1.719421 0.000002 0.000000 -0.048633 -0.026795 -0.218272
    35 1.099669 0.000002 -0.000001 -0.034743 -0.043329 -0.258100
    36 0.950558 -1.145017 -1.396461 1.080512 0.710189 -1.012753
    37 1.789782 0.000000 -0.000004 -0.019451 -0.006100 0.004365
    38 1.206999 0.000002 0.000000 -0.062272 -0.062536 0.069415
    39 -1.529827 -22.164675 -1.802985 4.297685 -0.265753 0.265118
    40 0.025545 -1.273521 1.753304 0.000000 0.000000 0.000000
    41 0.001032 1.440453 -1.526783 0.000000 0.000000 0.000000
    42 0.004413 0.696487 -1.430595 0.000000 0.000000 0.000000
    43 0.580660 0.349014 -1.430595 0.000000 0.000000 0.000000
    44 0.583444 -0.305904 -1.430599 0.000000 0.000000 0.000000
    45 0.005318 -0.648720 -1.430599 0.000000 0.000000 0.000000
    46 -0.574618 -0.303123 -1.430601 0.000000 0.000000 0.000000
    47 -0.573714 0.348118 -1.430595 0.000000 0.000000 0.000000
    48 -0.029968 -0.059296 1.773438 -1.561870 -0.003783 0.018306
    49 0.041163 0.095589 -2.899426 -0.781108 -0.013985 0.002645
    50 0.081115 -2.496311 -0.915165 0.000000 0.000000 0.000000
    51 4.863281 2.800781 -18.203125 1.570792 0.000003 -0.000003
  time 142
    0 0.000000 -0.000006 0.000000 -1.570781 -1.391896 -1.570809
    1 1.208984 -4.433594 3.550781 1.596637 -1.286515 2.942961
    2 6.028141 0.000000 0.000000 -1.195109 0.288824 -1.112448
    3 11.692554 0.000001 0.000000 -0.000042 0.000042 -1.457059
    4 11.481670 0.000001 -0.000031 0.584912 -0.244611 0.261263
    5 3.859711 -0.142405 -1.191975 -0.468133 0.151533 -0.880197
    6 1.312555 -0.000002 0.000000 0.000000 0.000000 -0.439720
    7 0.729363 -0.000002 -0.000002 0.000000 0.000000 -0.244299
    8 3.942337 0.046767 -0.431443 -0.151780 0.073206 -0.810985
    9 1.539097 0.000000 0.000000 0.000000 0.000000 -0.247797
    10 1.196325 -0.000002 -0.000001 0.000000 0.000000 -0.430802
    11 3.883698 -0.046765 0.431443 0.085902 0.021830 -0.587867
    12 1.719570 -0.000004 -0.000001 0.000000 0.005516 -0.366478
    13 1.209169 -0.000004 0.000000 0.000000 0.003084 -0.216400
    14 3.859863 -0.137946 1.332466 0.354449 -0.042750 -0.531718
    15 1.719431 0.000002 0.000000 0.000000 0.004074 -0.363009
    16 1.099667 0.000000 -0.000001 0.000000 0.002596 -0.244331
    17 0.806053 -0.348926 1.321258 -1.222677 -0.679213 -0.788819
    18 1.789778 -0.000002 0.000002 0.000000 0.000000 0.228523
    19 1.207005 0.000000 0.000002 0.000000 0.000000 0.362860
    20 -1.400343 -3.968130 -4.242368 -1.668474 1.286518 2.942953
    21 6.028145 0.000000 0.000000 1.650593 0.948803 -0.978410
    22 11.692554 0.000001 0.000002 0.000000 0.000000 -1.477604
    23 11.481699 0.000001 0.000001 -1.489801 0.513186 0.078766
    24 3.859680 -0.132567 1.193109 0.383542 -0.244139 -0.729155
    25 1.312555 -0.000002 0.000002 -0.030693 -0.022567 -0.269846
    26 0.729365 0.000000 -0.000001 -0.007311 -0.026537 -0.075068
    27 3.942307 0.050327 0.431044 0.093295 -0.135566 -0.665225
    28 1.539099 -0.000002 0.000000 -0.045158 -0.046776 -0.096738
    29 1.196321 0.000010 0.000000 -0.021488 -0.061349 -0.280131
    30 3.883659 -0.050321 -0.431042 -0.146571 -0.030191 -0.447297
    31 1.719578 0.000002 0.000000 -0.049616 -0.043508 -0.226184
    32 1.209185 0.000002 0.000000 -0.040556 -0.049643 -0.075808
    33 3.859840 -0.148937 -1.331282 -0.406636 0.052277 -0.480963
    34 1.719421 0.000002 0.000000 -0.051534 -0.027862 -0.213309
    35 1.099669 0.000002 -0.000001 -0.036733 -0.045606 -0.260184
    36 0.950558 -1.145017 -1.396461 1.072403 0.712044 -1.024923
    37 1.789782 0.000000 -0.000004 -0.020517 -0.006903 -0.008858
    38 1.206999 0.000002 0.000000 -0.065352 -0.066766 0.052195
    39 -1.572797 -21.461528 -2.459255 4.566930 -0.284779 0.266509
    40 0.025545 -1.273521 1.753304 0.000000 0.000000 0.000000
    41 0.001032 1.440453 -1.526783 0.000000 0.000000 0.000000
    42 0.004413 0.696487 -1.430595 0.000000 0.000000 0.000000
    43 0.580660 0.349014 -1.430595 0.000000 0.000000 0.000000
    44 0.583444 -0.305904 -1.430599 0.000000 0.000000 0.000000
    45 0.005318 -0.648720 -1.430599 0.000000 0.000000 0.000000
    46 -0.574618 -0.303123 -1.430601 0.000000 0.000000 0.000000
    47 -0.573714 0.348118 -1.430595 0.000000 0.000000 0.000000
    48 -0.029968 -0.059296 1.773438 -1.561870 -0.003783 0.018306
    49 0.041163 0.095589 -2.899426 -0.781108 -0.013985 0.002645
    50 0.081115 -2.496311 -0.915165 0.000000 0.000000 0.000000
    51 4.863281 2.800781 -18.203125 1.570792 0.000003 -0.000003
  time 143
    0 0.000000 -0.000006 0.000000 -1.570781 -1.391896 -1.570809
    1 1.208984 -4.433594 3.550781 1.596637 -1.286515 2.942961
    2 6.028141 0.000000 0.000000 -1.195109 0.288824 -1.112448
    3 11.692554 0.000001 0.000000 -0.000042 0.000042 -1.457059
    4 11.481670 0.000001 -0.000031 0.584912 -0.244611 0.261263
    5 3.859711 -0.142405 -1.191975 -0.468133 0.151533 -0.880197
    6 1.312555 -0.000002 0.000000 0.000000 0.000000 -0.439720
    7 0.729363 -0.000002 -0.000002 0.000000 0.000000 -0.244299
    8 3.942337 0.046767 -0.431443 -0.151780 0.073206 -0.810985
    9 1.539097 0.000000 0.000000 0.000000 0.000000 -0.247797
    10 1.196325 -0.000002 -0.000001 0.000000 0.000000 -0.430802
    11 3.883698 -0.046765 0.431443 0.085902 0.021830 -0.587867
    12 1.719570 -0.000004 -0.000001 0.000000 0.005516 -0.366478
    13 1.209169 -0.000004 0.000000 0.000000 0.003084 -0.216400
    14 3.859863 -0.137946 1.332466 0.354449 -0.042750 -0.531718
    15 1.719431 0.000002 0.000000 0.000000 0.004074 -0.363009
    16 1.099667 0.000000 -0.000001 0.000000 0.002596 -0.244331
    17 0.806053 -0.348926 1.321258 -1.222677 -0.679213 -0.788819
    18 1.789778 -0.000002 0.000002 0.000000 0.000000 0.228523
    19 1.207005 0.000000 0.000002 0.000000 0.000000 0.362860
    20 -1.404249 -3.964223 -4.242368 -1.668474 1.286518 2.942953
    21 6.028145 0.000000 0.000000 1.562260 0.939212 -1.049911
    22 11.692554 0.000001 0.000002 0.000000 0.000000 -1.437483
    23 11.481699 0.000001 0.000001 -1.449721 0.516376 0.041526
    24 3.859680 -0.132567 1.193109 0.378736 -0.249820 -0.721547
    25 1.312555 -0.000002 0.000002 -0.032634 -0.025851 -0.260753
    26 0.729365 0.000000 -0.000001 -0.008497 -0.030278 -0.066021
    27 3.942307 0.050327 0.431044 0.089352 -0.138287 -0.657373
    28 1.539099 -0.000002 0.000000 -0.047759 -0.049065 -0.088635
    29 1.196321 0.000010 0.000000 -0.022891 -0.064513 -0.272057
    30 3.883659 -0.050321 -0.431042 -0.149819 -0.030155 -0.439828
    31 1.719578 0.000002 0.000000 -0.052397 -0.045210 -0.218675
    32 1.209185 0.000002 0.000000 -0.042893 -0.051884 -0.068265
    33 3.859840 -0.148937 -1.331282 -0.409141 0.054818 -0.473874
    34 1.719421 0.000002 0.000000 -0.054314 -0.028868 -0.208680
    35 1.099669 0.000002 -0.000001 -0.038614 -0.047787 -0.262498
    36 0.950558 -1.145017 -1.396461 1.064640 0.713773 -1.036574
    37 1.789782 0.000000 -0.000004 -0.021512 -0.007766 -0.021510
    38 1.206999 0.000002 0.000000 -0.068216 -0.070853 0.035725
    39 -1.670456 -20.785726 -2.931926 -1.446251 -0.302089 0.263988
    40 0.025545 -1.273521 1.753304 0.000000 0.000000 0.000000
    41 0.001032 1.440453 -1.526783 0.000000 0.000000 0.000000
    42 0.004413 0.696487 -1.430595 0.000000 0.000000 0.000000
    43 0.580660 0.349014 -1.430595 0.000000 0.000000 0.000000
    44 0.583444 -0.305904 -1.430599 0.000000 0.000000 0.000000
    45 0.005318 -0.648720 -1.430599 0.000000 0.000000 0.000000
    46 -0.574618 -0.303123 -1.430601 0.000000 0.000000 0.000000
    47 -0.573714 0.348118 -1.430595 0.000000 0.000000 0.000000
    48 -0.029968 -0.059296 1.773438 -1.561870 -0.003783 0.018306
    49 0.041163 0.095589 -2.899426 -0.781108 -0.013985 0.002645
    50 0.081115 -2.496311 -0.915165 0.000000 0.000000 0.000000
    51 4.863281 2.800781 -18.203125 1.570792 0.000003 -0.000003
  time 144
    0 0.000000 -0.000006 0.000000 -1.570781 -1.391896 -1.570809
    1 1.208984 -4.433594 3.550781 1.596637 -1.286515 2.942961
    2 6.028141 0.000000 0.000000 -1.195109 0.288824 -1.112448
    3 11.692554 0.000001 0.000000 -0.000042 0.000042 -1.457059
    4 11.481670 0.000001 -0.000031 0.584912 -0.244611 0.261263
    5 3.859711 -0.142405 -1.191975 -0.468133 0.151533 -0.880197
    6 1.312555 -0.000002 0.000000 0.000000 0.000000 -0.439720
    7 0.729363 -0.000002 -0.000002 0.000000 0.000000 -0.244299
    8 3.942337 0.046767 -0.431443 -0.151780 0.073206 -0.810985
    9 1.539097 0.000000 0.000000 0.000000 0.000000 -0.247797
    10 1.196325 -0.000002 -0.000001 0.000000 0.000000 -0.430802
    11 3.883698 -0.046765 0.431443 0.085902 0.021830 -0.587867
    12 1.719570 -0.000004 -0.000001 0.000000 0.005516 -0.366478
    13 1.209169 -0.000004 0.000000 0.000000 0.003084 -0.216400
    14 3.859863 -0.137946 1.332466 0.354449 -0.042750 -0.531718
    15 1.719431 0.000002 0.000000 0.000000 0.004074 -0.363009
    16 1.099667 0.000000 -0.000001 0.000000 0.002596 -0.244331
    17 0.806053 -0.348926 1.321258 -1.222677 -0.679213 -0.788819
    18 1.789778 -0.000002 0.000002 0.000000 0.000000 0.228523
    19 1.207005 0.000000 0.000002 0.000000 0.000000 0.362860
    20 -1.408155 -3.956411 -4.238461 -1.668474 1.286518 2.942953
    21 6.028145 0.000000 0.000000 1.476514 0.927091 -1.118214
    22 11.692554 0.000001 0.000002 0.000000 0.000000 -1.388422
    23 11.481699 0.000001 0.000001 -1.405746 0.517238 0.021791
    24 3.859680 -0.132567 1.193109 0.374158 -0.255501 -0.714478
    25 1.312555 -0.000002 0.000002 -0.034540 -0.029458 -0.252120
    26 0.729365 0.000000 -0.000001 -0.009803 -0.034358 -0.057454
    27 3.942307 0.050327 0.431044 0.085445 -0.140804 -0.649924
    28 1.539099 -0.000002 0.000000 -0.050227 -0.051210 -0.080958
    29 1.196321 0.000010 0.000000 -0.024245 -0.067497 -0.264425
    30 3.883659 -0.050321 -0.431042 -0.152875 -0.030095 -0.432738
    31 1.719578 0.000002 0.000000 -0.055045 -0.046792 -0.211581
    32 1.209185 0.000002 0.000000 -0.045122 -0.053993 -0.061126
    33 3.859840 -0.148937 -1.331282 -0.411418 0.057647 -0.466201
    34 1.719421 0.000002 0.000000 -0.056939 -0.029815 -0.204387
    35 1.099669 0.000002 -0.000001 -0.040388 -0.049860 -0.264994
    36 0.950558 -1.145017 -1.396461 1.057243 0.715339 -1.047593
    37 1.789782 0.000000 -0.000004 -0.022435 -0.008677 -0.033419
    38 1.206999 0.000002 0.000000 -0.070877 -0.074760 0.020171
    39 -1.814992 -20.191958 -3.228810 -1.175761 -0.316892 0.258163
    40 0.025545 -1.273521 1.753304 0.000000 0.000000 0.000000
    41 0.001032 1.440453 -1.526783 0.000000 0.000000 0.000000
    42 0.004413 0.696487 -1.430595 0.000000 0.000000 0.000000
    43 0.580660 0.349014 -1.430595 0.000000 0.000000 0.000000
    44 0.583444 -0.305904 -1.430599 0.000000 0.000000 0.000000
    45 0.005318 -0.648720 -1.430599 0.000000 0.000000 0.000000
    46 -0.574618 -0.303123 -1.430601 0.000000 0.000000 0.000000
    47 -0.573714 0.348118 -1.430595 0.000000 0.000000 0.000000
    48 -0.029968 -0.059296 1.773438 -1.561870 -0.003783 0.018306
    49 0.041163 0.095589 -2.899426 -0.781108 -0.013985 0.002645
    50 0.081115 -2.496311 -0.915165 0.000000 0.000000 0.000000
    51 4.863281 2.800781 -18.203125 1.570792 0.000003 -0.000003
  time 145
    0 0.000000 -0.000006 0.000000 -1.570781 -1.391896 -1.570809
    1 1.208984 -4.433594 3.550781 1.596637 -1.286515 2.942961
    2 6.028141 0.000000 0.000000 -1.195109 0.288824 -1.112448
    3 11.692554 0.000001 0.000000 -0.000042 0.000042 -1.457059
    4 11.481670 0.000001 -0.000031 0.584912 -0.244611 0.261263
    5 3.859711 -0.142405 -1.191975 -0.468133 0.151533 -0.880197
    6 1.312555 -0.000002 0.000000 0.000000 0.000000 -0.439720
    7 0.729363 -0.000002 -0.000002 0.000000 0.000000 -0.244299
    8 3.942337 0.046767 -0.431443 -0.151780 0.073206 -0.810985
    9 1.539097 0.000000 0.000000 0.000000 0.000000 -0.247797
    10 1.196325 -0.000002 -0.000001 0.000000 0.000000 -0.430802
    11 3.883698 -0.046765 0.431443 0.085902 0.021830 -0.587867
    12 1.719570 -0.000004 -0.000001 0.000000 0.005516 -0.366478
    13 1.209169 -0.000004 0.000000 0.000000 0.003084 -0.216400
    14 3.859863 -0.137946 1.332466 0.354449 -0.042750 -0.531718
    15 1.719431 0.000002 0.000000 0.000000 0.004074 -0.363009
    16 1.099667 0.000000 -0.000001 0.000000 0.002596 -0.244331
    17 0.806053 -0.348926 1.321258 -1.222677 -0.679213 -0.788819
    18 1.789778 -0.000002 0.000002 0.000000 0.000000 0.228523
    19 1.207005 0.000000 0.000002 0.000000 0.000000 0.362860
    20 -1.408155 -3.952504 -4.238461 -1.668474 1.286518 2.942953
    21 6.028145 0.000000 0.000000 1.393546 0.916688 -1.183600
    22 11.692554 0.000001 0.000002 0.000000 0.000000 -1.329090
    23 11.481699 0.000001 0.000001 -1.357819 0.514565 0.029792
    24 3.859680 -0.132567 1.193109 0.369844 -0.261169 -0.708000
    25 1.312555 -0.000002 0.000002 -0.036409 -0.033413 -0.244074
    26 0.729365 0.000000 -0.000001 -0.011230 -0.038792 -0.049462
    27 3.942307 0.050327 0.431044 0.081598 -0.143129 -0.642953
    28 1.539099 -0.000002 0.000000 -0.052552 -0.053200 -0.073800
    29 1.196321 0.000010 0.000000 -0.025527 -0.070278 -0.257294
    30 3.883659 -0.050321 -0.431042 -0.155739 -0.030023 -0.426151
    31 1.719578 0.000002 0.000000 -0.057514 -0.048254 -0.204902
    32 1.209185 0.000002 0.000000 -0.047207 -0.055935 -0.054465
    33 3.859840 -0.148937 -1.331282 -0.413455 0.060774 -0.457853
    34 1.719421 0.000002 0.000000 -0.059383 -0.030690 -0.200459
    35 1.099669 0.000002 -0.000001 -0.042018 -0.051802 -0.267742
    36 0.950558 -1.145017 -1.396461 1.050306 0.716762 -1.057864
    37 1.789782 0.000000 -0.000004 -0.023262 -0.009636 -0.044558
    38 1.206999 0.000002 0.000000 -0.073310 -0.078463 0.005617
    39 -1.990779 -19.723194 -3.381158 -0.904697 -0.328354 0.249644
    40 0.025545 -1.273521 1.753304 0.000000 0.000000 0.000000
    41 0.001032 1.440453 -1.526783 0.000000 0.000000 0.000000
    42 0.004413 0.696487 -1.430595 0.000000 0.000000 0.000000
    43 0.580660 0.349014 -1.430595 0.000000 0.000000 0.000000
    44 0.583444 -0.305904 -1.430599 0.000000 0.000000 0.000000
    45 0.005318 -0.648720 -1.430599 0.000000 0.000000 0.000000
    46 -0.574618 -0.303123 -1.430601 0.000000 0.000000 0.000000
    47 -0.573714 0.348118 -1.430595 0.000000 0.000000 0.000000
    48 -0.029968 -0.059296 1.773438 -1.561870 -0.003783 0.018306
    49 0.041163 0.095589 -2.899426 -0.781108 -0.013985 0.002645
    50 0.081115 -2.496311 -0.915165 0.000000 0.000000 0.000000
    51 4.863281 2.800781 -18.203125 1.570792 0.000003 -0.000003
  time 146
    0 0.000000 -0.000006 0.000000 -1.570781 -1.391896 -1.570809
    1 1.208984 -4.433594 3.550781 1.596637 -1.286515 2.942961
    2 6.028141 0.000000 0.000000 -1.195109 0.288824 -1.112448
    3 11.692554 0.000001 0.000000 -0.000042 0.000042 -1.457059
    4 11.481670 0.000001 -0.000031 0.584912 -0.244611 0.261263
    5 3.859711 -0.142405 -1.191975 -0.468133 0.151533 -0.880197
    6 1.312555 -0.000002 0.000000 0.000000 0.000000 -0.439720
    7 0.729363 -0.000002 -0.000002 0.000000 0.000000 -0.244299
    8 3.942337 0.046767 -0.431443 -0.151780 0.073206 -0.810985
    9 1.539097 0.000000 0.000000 0.000000 0.000000 -0.247797
    10 1.196325 -0.000002 -0.000001 0.000000 0.000000 -0.430802
    11 3.883698 -0.046765 0.431443 0.085902 0.021830 -0.587867
    12 1.719570 -0.000004 -0.000001 0.000000 0.005516 -0.366478
    13 1.209169 -0.000004 0.000000 0.000000 0.003084 -0.216400
    14 3.859863 -0.137946 1.332466 0.354449 -0.042750 -0.531718
    15 1.719431 0.000002 0.000000 0.000000 0.004074 -0.363009
    16 1.099667 0.000000 -0.000001 0.000000 0.002596 -0.244331
    17 0.806053 -0.348926 1.321258 -1.222677 -0.679213 -0.788819
    18 1.789778 -0.000002 0.000002 0.000000 0.000000 0.228523
    19 1.207005 0.000000 0.000002 0.000000 0.000000 0.362860
    20 -1.412062 -3.952504 -4.238461 -1.668474 1.286518 2.942953
    21 6.028145 0.000000 0.000000 1.315081 0.909340 -1.245599
    22 11.692554 0.000001 0.000002 0.000000 0.000000 -1.260006
    23 11.481699 0.000001 0.000001 -1.305884 0.507410 0.058449
    24 3.859680 -0.132567 1.193109 0.365829 -0.266814 -0.702193
    25 1.312555 -0.000002 0.000002 -0.038231 -0.037728 -0.236642
    26 0.729365 0.000000 -0.000001 -0.012800 -0.043590 -0.042077
    27 3.942307 0.050327 0.431044 0.077835 -0.145214 -0.636536
    28 1.539099 -0.000002 0.000000 -0.054710 -0.055009 -0.067189
    29 1.196321 0.000010 0.000000 -0.026726 -0.072818 -0.250723
    30 3.883659 -0.050321 -0.431042 -0.158364 -0.029939 -0.420069
    31 1.719578 0.000002 0.000000 -0.059803 -0.049572 -0.198812
    32 1.209185 0.000002 0.000000 -0.049137 -0.057709 -0.048335
    33 3.859840 -0.148937 -1.331282 -0.415217 0.064202 -0.448830
    34 1.719421 0.000002 0.000000 -0.061649 -0.031481 -0.196926
    35 1.099669 0.000002 -0.000001 -0.043504 -0.053599 -0.270720
    36 0.950558 -1.145017 -1.396461 1.043898 0.718022 -1.067358
    37 1.789782 0.000000 -0.000004 -0.024005 -0.010643 -0.054753
    38 1.206999 0.000002 0.000000 -0.075491 -0.081891 -0.007742
    39 -2.178284 -19.406778 -3.416316 -0.633729 -0.336057 0.239386
    40 0.025545 -1.273521 1.753304 0.000000 0.000000 0.000000
    41 0.001032 1.440453 -1.526783 0.000000 0.000000 0.000000
    42 0.004413 0.696487 -1.430595 0.000000 0.000000 0.000000
    43 0.580660 0.349014 -1.430595 0.000000 0.000000 0.000000
    44 0.583444 -0.305904 -1.430599 0.000000 0.000000 0.000000
    45 0.005318 -0.648720 -1.430599 0.000000 0.000000 0.000000
    46 -0.574618 -0.303123 -1.430601 0.000000 0.000000 0.000000
    47 -0.573714 0.348118 -1.430595 0.000000 0.000000 0.000000
    48 -0.029968 -0.059296 1.773438 -1.561870 -0.003783 0.018306
    49 0.041163 0.095589 -2.899426 -0.781108 -0.013985 0.002645
    50 0.081115 -2.496311 -0.915165 0.000000 0.000000 0.000000
    51 4.863281 2.800781 -18.203125 1.570792 0.000003 -0.000003
  time 147
    0 0.000000 -0.000006 0.000000 -1.570781 -1.391896 -1.570809
    1 1.208984 -4.433594 3.550781 1.596637 -1.286515 2.942961
    2 6.028141 0.000000 0.000000 -1.195109 0.288824 -1.112448
    3 11.692554 0.000001 0.000000 -0.000042 0.000042 -1.457059
    4 11.481670 0.000001 -0.000031 0.584912 -0.244611 0.261263
    5 3.859711 -0.142405 -1.191975 -0.468133 0.151533 -0.880197
    6 1.312555 -0.000002 0.000000 0.000000 0.000000 -0.439720
    7 0.729363 -0.000002 -0.000002 0.000000 0.000000 -0.244299
    8 3.942337 0.046767 -0.431443 -0.151780 0.073206 -0.810985
    9 1.539097 0.000000 0.000000 0.000000 0.000000 -0.247797
    10 1.196325 -0.000002 -0.000001 0.000000 0.000000 -0.430802
    11 3.883698 -0.046765 0.431443 0.085902 0.021830 -0.587867
    12 1.719570 -0.000004 -0.000001 0.000000 0.005516 -0.366478
    13 1.209169 -0.000004 0.000000 0.000000 0.003084 -0.216400
    14 3.859863 -0.137946 1.332466 0.354449 -0.042750 -0.531718
    15 1.719431 0.000002 0.000000 0.000000 0.004074 -0.363009
    16 1.099667 0.000000 -0.000001 0.000000 0.002596 -0.244331
    17 0.806053 -0.348926 1.321258 -1.222677 -0.679213 -0.788819
    18 1.789778 -0.000002 0.000002 0.000000 0.000000 0.228523
    19 1.207005 0.000000 0.000002 0.000000 0.000000 0.362860
    20 -1.415968 -3.948598 -4.238461 -1.668474 1.286518 2.942953
    21 6.028145 0.000000 0.000000 1.242077 0.905999 -1.304305
    22 11.692554 0.000001 0.000002 0.000000 0.000000 -1.182498
    23 11.481699 0.000001 0.000001 -1.251861 0.494825 0.100004
    24 3.859680 -0.132567 1.193109 0.362186 -0.272411 -0.697167
    25 1.312555 -0.000002 0.000002 -0.039981 -0.042414 -0.229899
    26 0.729365 0.000000 -0.000001 -0.014501 -0.048779 -0.035364
    27 3.942307 0.050327 0.431044 0.074180 -0.147048 -0.630723
    28 1.539099 -0.000002 0.000000 -0.056663 -0.056639 -0.061249
    29 1.196321 0.000010 0.000000 -0.027816 -0.075119 -0.244801
    30 3.883659 -0.050321 -0.431042 -0.160737 -0.029844 -0.414617
    31 1.719578 0.000002 0.000000 -0.061865 -0.050759 -0.193275
    32 1.209185 0.000002 0.000000 -0.050887 -0.059302 -0.042810
    33 3.859840 -0.148937 -1.331282 -0.416655 0.067953 -0.439132
    34 1.719421 0.000002 0.000000 -0.063686 -0.032200 -0.193760
    35 1.099669 0.000002 -0.000001 -0.044810 -0.055241 -0.273949
    36 0.950558 -1.145017 -1.396461 1.038086 0.719121 -1.075902
    37 1.789782 0.000000 -0.000004 -0.024640 -0.011697 -0.063921
    38 1.206999 0.000002 0.000000 -0.077432 -0.085019 -0.019852
    39 -2.354071 -19.270055 -3.377252 -0.363048 -0.339770 0.228345
    40 0.025545 -1.273521 1.753304 0.000000 0.000000 0.000000
    41 0.001032 1.440453 -1.526783 0.000000 0.000000 0.000000
    42 0.004413 0.696487 -1.430595 0.000000 0.000000 0.000000
    43 0.580660 0.349014 -1.430595 0.000000 0.000000 0.000000
    44 0.583444 -0.305904 -1.430599 0.000000 0.000000 0.000000
    45 0.005318 -0.648720 -1.430599 0.000000 0.000000 0.000000
    46 -0.574618 -0.303123 -1.430601 0.000000 0.000000 0.000000
    47 -0.573714 0.348118 -1.430595 0.000000 0.000000 0.000000
    48 -0.029968 -0.059296 1.773438 -1.561870 -0.003783 0.018306
    49 0.041163 0.095589 -2.899426 -0.781108 -0.013985 0.002645
    50 0.081115 -2.496311 -0.915165 0.000000 0.000000 0.000000
    51 4.863281 2.800781 -18.203125 1.570792 0.000003 -0.000003
  time 148
    0 0.000000 -0.000006 0.000000 -1.570781 -1.391896 -1.570809
    1 1.208984 -4.433594 3.550781 1.596637 -1.286515 2.942961
    2 6.028141 0.000000 0.000000 -1.195109 0.288824 -1.112448
    3 11.692554 0.000001 0.000000 -0.000042 0.000042 -1.457059
    4 11.481670 0.000001 -0.000031 0.584912 -0.244611 0.261263
    5 3.859711 -0.142405 -1.191975 -0.468133 0.151533 -0.880197
    6 1.312555 -0.000002 0.000000 0.000000 0.000000 -0.439720
    7 0.729363 -0.000002 -0.000002 0.000000 0.000000 -0.244299
    8 3.942337 0.046767 -0.431443 -0.151780 0.073206 -0.810985
    9 1.539097 0.000000 0.000000 0.000000 0.000000 -0.247797
    10 1.196325 -0.000002 -0.000001 0.000000 0.000000 -0.430802
    11 3.883698 -0.046765 0.431443 0.085902 0.021830 -0.587867
    12 1.719570 -0.000004 -0.000001 0.000000 0.005516 -0.366478
    13 1.209169 -0.000004 0.000000 0.000000 0.003084 -0.216400
    14 3.859863 -0.137946 1.332466 0.354449 -0.042750 -0.531718
    15 1.719431 0.000002 0.000000 0.000000 0.004074 -0.363009
    16 1.099667 0.000000 -0.000001 0.000000 0.002596 -0.244331
    17 0.806053 -0.348926 1.321258 -1.222677 -0.679213 -0.788819
    18 1.789778 -0.000002 0.000002 0.000000 0.000000 0.228523
    19 1.207005 0.000000 0.000002 0.000000 0.000000 0.362860
    20 -1.415968 -3.944692 -4.238461 -1.668474 1.286518 2.942953
    21 6.028145 0.000000 0.000000 1.175109 0.906906 -1.359625
    22 11.692554 0.000001 0.000002 0.000000 0.000000 -1.098858
    23 11.481699 0.000001 0.000001 -1.198910 0.476937 0.146166
    24 3.859680 -0.132567 1.193109 0.358938 -0.277972 -0.693000
    25 1.312555 -0.000002 0.000002 -0.041659 -0.047495 -0.223973
    26 0.729365 0.000000 -0.000001 -0.016335 -0.054359 -0.029450
    27 3.942307 0.050327 0.431044 0.070656 -0.148630 -0.625589
    28 1.539099 -0.000002 0.000000 -0.058389 -0.058065 -0.056009
    29 1.196321 0.000010 0.000000 -0.028799 -0.077121 -0.239585
    30 3.883659 -0.050321 -0.431042 -0.162810 -0.029760 -0.409795
    31 1.719578 0.000002 0.000000 -0.063686 -0.051790 -0.188430
    32 1.209185 0.000002 0.000000 -0.052433 -0.060693 -0.037967
    33 3.859840 -0.148937 -1.331282 -0.417758 0.072028 -0.428667
    34 1.719421 0.000002 0.000000 -0.065472 -0.032823 -0.191019
    35 1.099669 0.000002 -0.000001 -0.045949 -0.056691 -0.277431
    36 0.950558 -1.145017 -1.396461 1.032918 0.720075 -1.083411
    37 1.789782 0.000000 -0.000004 -0.025156 -0.012788 -0.071974
    38 1.206999 0.000002 0.000000 -0.079110 -0.087799 -0.030545
    39 -2.506419 -19.320838 -3.310844 -0.093419 -0.339445 0.217652
    40 0.025545 -1.273521 1.753304 0.000000 0.000000 0.000000
    41 0.001032 1.440453 -1.526783 0.000000 0.000000 0.000000
    42 0.004413 0.696487 -1.430595 0.000000 0.000000 0.000000
    43 0.580660 0.349014 -1.430595 0.000000 0.000000 0.000000
    44 0.583444 -0.305904 -1.430599 0.000000 0.000000 0.000000
    45 0.005318 -0.648720 -1.430599 0.000000 0.000000 0.000000
    46 -0.574618 -0.303123 -1.430601 0.000000 0.000000 0.000000
    47 -0.573714 0.348118 -1.430595 0.000000 0.000000 0.000000
    48 -0.029968 -0.059296 1.773438 -1.561870 -0.003783 0.018306
    49 0.041163 0.095589 -2.899426 -0.781108 -0.013985 0.002645
    50 0.081115 -2.496311 -0.915165 0.000000 0.000000 0.000000
    51 4.863281 2.800781 -18.203125 1.570792 0.000003 -0.000003
  time 149
    0 0.000000 -0.000006 0.000000 -1.570781 -1.391896 -1.570809
    1 1.208984 -4.433594 3.550781 1.596637 -1.286515 2.942961
    2 6.028141 0.000000 0.000000 -1.195109 0.288824 -1.112448
    3 11.692554 0.000001 0.000000 -0.000042 0.000042 -1.457059
    4 11.481670 0.000001 -0.000031 0.584912 -0.244611 0.261263
    5 3.859711 -0.142405 -1.191975 -0.468133 0.151533 -0.880197
    6 1.312555 -0.000002 0.000000 0.000000 0.000000 -0.439720
    7 0.729363 -0.000002 -0.000002 0.000000 0.000000 -0.244299
    8 3.942337 0.046767 -0.431443 -0.151780 0.073206 -0.810985
    9 1.539097 0.000000 0.000000 0.000000 0.000000 -0.247797
    10 1.196325 -0.000002 -0.000001 0.000000 0.000000 -0.430802
    11 3.883698 -0.046765 0.431443 0.085902 0.021830 -0.587867
    12 1.719570 -0.000004 -0.000001 0.000000 0.005516 -0.366478
    13 1.209169 -0.000004 0.000000 0.000000 0.003084 -0.216400
    14 3.859863 -0.137946 1.332466 0.354449 -0.042750 -0.531718
    15 1.719431 0.000002 0.000000 0.000000 0.004074 -0.363009
    16 1.099667 0.000000 -0.000001 0.000000 0.002596 -0.244331
    17 0.806053 -0.348926 1.321258 -1.222677 -0.679213 -0.788819
    18 1.789778 -0.000002 0.000002 0.000000 0.000000 0.228523
    19 1.207005 0.000000 0.000002 0.000000 0.000000 0.362860
    20 -1.419874 -3.944692 -4.234555 -1.668474 1.286518 2.942953
    21 6.028145 0.000000 0.000000 1.115326 0.911296 -1.410993
    22 11.692554 0.000001 0.000002 0.000000 0.000000 -1.013444
    23 11.481699 0.000001 0.000001 -1.150701 0.454998 0.189661
    24 3.859680 -0.132567 1.193109 0.356145 -0.283473 -0.689748
    25 1.312555 -0.000002 0.000002 -0.043229 -0.053008 -0.218890
    26 0.729365 0.000000 -0.000001 -0.018300 -0.060366 -0.024399
    27 3.942307 0.050327 0.431044 0.067288 -0.149924 -0.621210
    28 1.539099 -0.000002 0.000000 -0.059863 -0.059264 -0.051531
    29 1.196321 0.000010 0.000000 -0.029638 -0.078835 -0.235136
    30 3.883659 -0.050321 -0.431042 -0.164596 -0.029676 -0.405698
    31 1.719578 0.000002 0.000000 -0.065244 -0.052665 -0.184278
    32 1.209185 0.000002 0.000000 -0.053751 -0.061867 -0.033829
    33 3.859840 -0.148937 -1.331282 -0.418465 0.076438 -0.417465
    34 1.719421 0.000002 0.000000 -0.067006 -0.033350 -0.188735
    35 1.099669 0.000002 -0.000001 -0.046872 -0.057950 -0.281187
    36 0.950558 -1.145017 -1.396461 1.028462 0.720850 -1.089827
    37 1.789782 0.000000 -0.000004 -0.025563 -0.013926 -0.078800
    38 1.206999 0.000002 0.000000 -0.080524 -0.090196 -0.039682
    39 -2.615798 -19.551314 -3.260061 0.174678 -0.335500 0.208350
    40 0.025545 -1.273521 1.753304 0.000000 0.000000 0.000000
    41 0.001032 1.440453 -1.526783 0.000000 0.000000 0.000000
    42 0.004413 0.696487 -1.430595 0.000000 0.000000 0.000000
    43 0.580660 0.349014 -1.430595 0.000000 0.000000 0.000000
    44 0.583444 -0.305904 -1.430599 0.000000 0.000000 0.000000
    45 0.005318 -0.648720 -1.430599 0.000000 0.000000 0.000000
    46 -0.574618 -0.303123 -1.430601 0.000000 0.000000 0.000000
    47 -0.573714 0.348118 -1.430595 0.000000 0.000000 0.000000
    48 -0.029968 -0.059296 1.773438 -1.561870 -0.003783 0.018306
    49 0.041163 0.095589 -2.899426 -0.781108 -0.013985 0.002645
    50 0.081115 -2.496311 -0.915165 0.000000 0.000000 0.000000
    51 4.863281 2.800781 -18.203125 1.570792 0.000003 -0.000003
  time 150
    0 0.000000 -0.000006 0.000000 -1.570781 -1.391896 -1.570809
    1 1.208984 -4.433594 3.550781 1.596637 -1.286515 2.942961
    2 6.028141 0.000000 0.000000 -1.195109 0.288824 -1.112448
    3 11.692554 0.000001 0.000000 -0.000042 0.000042 -1.457059
    4 11.481670 0.000001 -0.000031 0.584912 -0.244611 0.261263
    5 3.859711 -0.142405 -1.191975 -0.468133 0.151533 -0.880197
    6 1.312555 -0.000002 0.000000 0.000000 0.000000 -0.439720
    7 0.729363 -0.000002 -0.000002 0.000000 0.000000 -0.244299
    8 3.942337 0.046767 -0.431443 -0.151780 0.073206 -0.810985
    9 1.539097 0.000000 0.000000 0.000000 0.000000 -0.247797
    10 1.196325 -0.000002 -0.000001 0.000000 0.000000 -0.430802
    11 3.883698 -0.046765 0.431443 0.085902 0.021830 -0.587867
    12 1.719570 -0.000004 -0.000001 0.000000 0.005516 -0.366478
    13 1.209169 -0.000004 0.000000 0.000000 0.003084 -0.216400
    14 3.859863 -0.137946 1.332466 0.354449 -0.042750 -0.531718
    15 1.719431 0.000002 0.000000 0.000000 0.004074 -0.363009
    16 1.099667 0.000000 -0.000001 0.000000 0.002596 -0.244331
    17 0.806053 -0.348926 1.321258 -1.222677 -0.679213 -0.788819
    18 1.789778 -0.000002 0.000002 0.000000 0.000000 0.228523
    19 1.207005 0.000000 0.000002 0.000000 0.000000 0.362860
    20 -1.419874 -3.940785 -4.234555 -1.668474 1.286518 2.942953
    21 6.028145 0.000000 0.000000 1.064645 0.917929 -1.456340
    22 11.692554 0.000001 0.000002 0.000000 0.000000 -0.931725
    23 11.481699 0.000001 0.000001 -1.110451 0.431465 0.224864
    24 3.859680 -0.132567 1.193109 0.353868 -0.288914 -0.687517
    25 1.312555 -0.000002 0.000002 -0.044691 -0.058952 -0.214753
    26 0.729365 0.000000 -0.000001 -0.020410 -0.066802 -0.020244
    27 3.942307 0.050327 0.431044 0.064100 -0.150907 -0.617637
    28 1.539099 -0.000002 0.000000 -0.061062 -0.060235 -0.047906
    29 1.196321 0.000010 0.000000 -0.030321 -0.080213 -0.231541
    30 3.883659 -0.050321 -0.431042 -0.166022 -0.029604 -0.402389
    31 1.719578 0.000002 0.000000 -0.066503 -0.053372 -0.180956
    32 1.209185 0.000002 0.000000 -0.054818 -0.062814 -0.030499
    33 3.859840 -0.148937 -1.331282 -0.418752 0.081196 -0.405434
    34 1.719421 0.000002 0.000000 -0.068240 -0.033770 -0.186908
    35 1.099669 0.000002 -0.000001 -0.047591 -0.058980 -0.285241
    36 0.950558 -1.145017 -1.396461 1.024810 0.721462 -1.095063
    37 1.789782 0.000000 -0.000004 -0.025851 -0.015101 -0.084283
    38 1.206999 0.000002 0.000000 -0.081675 -0.092162 -0.047154
    39 -2.670487 -19.949763 -3.271780 0.440765 -0.328400 0.201222
    40 0.025545 -1.273521 1.753304 0.000000 0.000000 0.000000
    41 0.001032 1.440453 -1.526783 0.000000 0.000000 0.000000
    42 0.004413 0.696487 -1.430595 0.000000 0.000000 0.000000
    43 0.580660 0.349014 -1.430595 0.000000 0.000000 0.000000
    44 0.583444 -0.305904 -1.430599 0.000000 0.000000 0.000000
    45 0.005318 -0.648720 -1.430599 0.000000 0.000000 0.000000
    46 -0.574618 -0.303123 -1.430601 0.000000 0.000000 0.000000
    47 -0.573714 0.348118 -1.430595 0.000000 0.000000 0.000000
    48 -0.029968 -0.059296 1.773438 -1.561870 -0.003783 0.018306
    49 0.041163 0.095589 -2.899426 -0.781108 -0.013985 0.002645
    50 0.081115 -2.496311 -0.915165 0.000000 0.000000 0.000000
    51 4.863281 2.800781 -18.203125 1.570792 0.000003 -0.000003
  time 151
    0 0.000000 -0.000006 0.000000 -1.570781 -1.391896 -1.570809
    1 1.208984 -4.433594 3.550781 1.596637 -1.286515 2.942961
    2 6.028141 0.000000 0.000000 -1.195109 0.288824 -1.112448
    3 11.692554 0.000001 0.000000 -0.000042 0.000042 -1.457059
    4 11.481670 0.000001 -0.000031 0.584912 -0.244611 0.261263
    5 3.859711 -0.142405 -1.191975 -0.468133 0.151533 -0.880197
    6 1.312555 -0.000002 0.000000 0.000000 0.000000 -0.439720
    7 0.729363 -0.000002 -0.000002 0.000000 0.000000 -0.244299
    8 3.942337 0.046767 -0.431443 -0.151780 0.073206 -0.810985
    9 1.539097 0.000000 0.000000 0.000000 0.000000 -0.247797
    10 1.196325 -0.000002 -0.000001 0.000000 0.000000 -0.430802
    11 3.883698 -0.046765 0.431443 0.085902 0.021830 -0.587867
    12 1.719570 -0.000004 -0.000001 0.000000 0.005516 -0.366478
    13 1.209169 -0.000004 0.000000 0.000000 0.003084 -0.216400
    14 3.859863 -0.137946 1.332466 0.354449 -0.042750 -0.531718
    15 1.719431 0.000002 0.000000 0.000000 0.004074 -0.363009
    16 1.099667 0.000000 -0.000001 0.000000 0.002596 -0.244331
    17 0.806053 -0.348926 1.321258 -1.222677 -0.679213 -0.788819
    18 1.789778 -0.000002 0.000002 0.000000 0.000000 0.228523
    19 1.207005 0.000000 0.000002 0.000000 0.000000 0.362860
    20 -1.423781 -3.940785 -4.234555 -1.668474 1.286518 2.942953
    21 6.028145 0.000000 0.000000 1.026227 0.924610 -1.491902
    22 11.692554 0.000001 0.000002 0.000000 0.000000 -0.861532
    23 11.481699 0.000001 0.000001 -1.080363 0.409483 0.248721
    24 3.859680 -0.132567 1.193109 0.352155 -0.294283 -0.686388
    25 1.312555 -0.000002 0.000002 -0.046033 -0.065364 -0.211611
    26 0.729365 0.000000 -0.000001 -0.022651 -0.073691 -0.017047
    27 3.942307 0.050327 0.431044 0.061104 -0.151590 -0.614944
    28 1.539099 -0.000002 0.000000 -0.061960 -0.060954 -0.045195
    29 1.196321 0.000010 0.000000 -0.030836 -0.081244 -0.228830
    30 3.883659 -0.050321 -0.431042 -0.167101 -0.029544 -0.399899
    31 1.719578 0.000002 0.000000 -0.067449 -0.053887 -0.178464
    32 1.209185 0.000002 0.000000 -0.055609 -0.063509 -0.028027
    33 3.859840 -0.148937 -1.331282 -0.418585 0.086290 -0.392606
    34 1.719421 0.000002 0.000000 -0.069163 -0.034094 -0.185538
    35 1.099669 0.000002 -0.000001 -0.048070 -0.059783 -0.289569
    36 0.950558 -1.145017 -1.396461 1.022007 0.721912 -1.098947
    37 1.789782 0.000000 -0.000004 -0.025994 -0.016311 -0.088310
    38 1.206999 0.000002 0.000000 -0.082526 -0.093660 -0.052820
    39 -2.662674 -20.477123 -3.381158 0.704172 -0.318934 0.196875
    40 0.025545 -1.273521 1.753304 0.000000 0.000000 0.000000
    41 0.001032 1.440453 -1.526783 0.000000 0.000000 0.000000
    42 0.004413 0.696487 -1.430595 0.000000 0.000000 0.000000
    43 0.580660 0.349014 -1.430595 0.000000 0.000000 0.000000
    44 0.583444 -0.305904 -1.430599 0.000000 0.000000 0.000000
    45 0.005318 -0.648720 -1.430599 0.000000 0.000000 0.000000
    46 -0.574618 -0.303123 -1.430601 0.000000 0.000000 0.000000
    47 -0.573714 0.348118 -1.430595 0.000000 0.000000 0.000000
    48 -0.029968 -0.059296 1.773438 -1.561870 -0.003783 0.018306
    49 0.041163 0.095589 -2.899426 -0.781108 -0.013985 0.002645
    50 0.081115 -2.496311 -0.915165 0.000000 0.000000 0.000000
    51 4.863281 2.800781 -18.203125 1.570792 0.000003 -0.000003
  time 152
    0 0.000000 -0.000006 0.000000 -1.570781 -1.391896 -1.570809
    1 1.208984 -4.433594 3.550781 1.596637 -1.286515 2.942961
    2 6.028141 0.000000 0.000000 -1.195109 0.288824 -1.112448
    3 11.692554 0.000001 0.000000 -0.000042 0.000042 -1.457059
    4 11.481670 0.000001 -0.000031 0.584912 -0.244611 0.261263
    5 3.859711 -0.142405 -1.191975 -0.468133 0.151533 -0.880197
    6 1.312555 -0.000002 0.000000 0.000000 0.000000 -0.439720
    7 0.729363 -0.000002 -0.000002 0.000000 0.000000 -0.244299
    8 3.942337 0.046767 -0.431443 -0.151780 0.073206 -0.810985
    9 1.539097 0.000000 0.000000 0.000000 0.000000 -0.247797
    10 1.196325 -0.000002 -0.000001 0.000000 0.000000 -0.430802
    11 3.883698 -0.046765 0.431443 0.085902 0.021830 -0.587867
    12 1.719570 -0.000004 -0.000001 0.000000 0.005516 -0.366478
    13 1.209169 -0.000004 0.000000 0.000000 0.003084 -0.216400
    14 3.859863 -0.137946 1.332466 0.354449 -0.042750 -0.531718
    15 1.719431 0.000002 0.000000 0.000000 0.004074 -0.363009
    16 1.099667 0.000000 -0.000001 0.000000 0.002596 -0.244331
    17 0.806053 -0.348926 1.321258 -1.222677 -0.679213 -0.788819
    18 1.789778 -0.000002 0.000002 0.000000 0.000000 0.228523
    19 1.207005 0.000000 0.000002 0.000000 0.000000 0.362860
    20 -1.423781 -3.940785 -4.234555 -1.668474 1.286518 2.942953
    21 6.028145 0.000000 0.000000 1.004958 0.928475 -1.511847
    22 11.692554 0.000001 0.000002 0.000000 0.000000 -0.812766
    23 11.481699 0.000001 0.000001 -1.061791 0.392328 0.260407
    24 3.859680 -0.132567 1.193109 0.351052 -0.299556 -0.686441
    25 1.312555 -0.000002 0.000002 -0.047207 -0.072255 -0.209568
    26 0.729365 0.000000 -0.000001 -0.025012 -0.081072 -0.014937
    27 3.942307 0.050327 0.431044 0.058336 -0.151925 -0.613208
    28 1.539099 -0.000002 0.000000 -0.062536 -0.061409 -0.043489
    29 1.196321 0.000010 0.000000 -0.031160 -0.081903 -0.227121
    30 3.883659 -0.050321 -0.431042 -0.167772 -0.029508 -0.398324
    31 1.719578 0.000002 0.000000 -0.068049 -0.054223 -0.176872
    32 1.209185 0.000002 0.000000 -0.056112 -0.063941 -0.026488
    33 3.859840 -0.148937 -1.331282 -0.417913 0.091743 -0.378918
    34 1.719421 0.000002 0.000000 -0.069738 -0.034285 -0.184686
    35 1.099669 0.000002 -0.000001 -0.048298 -0.060323 -0.294219
    36 0.950558 -1.145017 -1.396461 1.020124 0.722182 -1.101450
    37 1.789782 0.000000 -0.000004 -0.026006 -0.017558 -0.090824
    38 1.206999 0.000002 0.000000 -0.083089 -0.094655 -0.056541
    39 -2.592360 -21.094330 -3.615541 0.964420 -0.307982 0.195658
    40 0.025545 -1.273521 1.753304 0.000000 0.000000 0.000000
    41 0.001032 1.440453 -1.526783 0.000000 0.000000 0.000000
    42 0.004413 0.696487 -1.430595 0.000000 0.000000 0.000000
    43 0.580660 0.349014 -1.430595 0.000000 0.000000 0.000000
    44 0.583444 -0.305904 -1.430599 0.000000 0.000000 0.000000
    45 0.005318 -0.648720 -1.430599 0.000000 0.000000 0.000000
    46 -0.574618 -0.303123 -1.430601 0.000000 0.000000 0.000000
    47 -0.573714 0.348118 -1.430595 0.000000 0.000000 0.000000
    48 -0.029968 -0.059296 1.773438 -1.561870 -0.003783 0.018306
    49 0.041163 0.095589 -2.899426 -0.781108 -0.013985 0.002645
    50 0.081115 -2.496311 -0.915165 0.000000 0.000000 0.000000
    51 4.863281 2.800781 -18.203125 1.570792 0.000003 -0.000003
  time 153
    0 0.000000 -0.000006 0.000000 -1.570781 -1.391896 -1.570809
    1 1.208984 -4.433594 3.550781 1.596637 -1.286515 2.942961
    2 6.028141 0.000000 0.000000 -1.195109 0.288824 -1.112448
    3 11.692554 0.000001 0.000000 -0.000042 0.000042 -1.457059
    4 11.481670 0.000001 -0.000031 0.584912 -0.244611 0.261263
    5 3.859711 -0.142405 -1.191975 -0.468133 0.151533 -0.880197
    6 1.312555 -0.000002 0.000000 0.000000 0.000000 -0.439720
    7 0.729363 -0.000002 -0.000002 0.000000 0.000000 -0.244299
    8 3.942337 0.046767 -0.431443 -0.151780 0.073206 -0.810985
    9 1.539097 0.000000 0.000000 0.000000 0.000000 -0.247797
    10 1.196325 -0.000002 -0.000001 0.000000 0.000000 -0.430802
    11 3.883698 -0.046765 0.431443 0.085902 0.021830 -0.587867
    12 1.719570 -0.000004 -0.000001 0.000000 0.005516 -0.366478
    13 1.209169 -0.000004 0.000000 0.000000 0.003084 -0.216400
    14 3.859863 -0.137946 1.332466 0.354449 -0.042750 -0.531718
    15 1.719431 0.000002 0.000000 0.000000 0.004074 -0.363009
    16 1.099667 0.000000 -0.000001 0.000000 0.002596 -0.244331
    17 0.806053 -0.348926 1.321258 -1.222677 -0.679213 -0.788819
    18 1.789778 -0.000002 0.000002 0.000000 0.000000 0.228523
    19 1.207005 0.000000 0.000002 0.000000 0.000000 0.362860
    20 -1.423781 -3.940785 -4.234555 -1.668474 1.286518 2.942953
    21 6.028145 0.000000 0.000000 1.006204 0.926757 -1.510248
    22 11.692554 0.000001 0.000002 0.000000 0.000000 -0.795403
    23 11.481699 0.000001 0.000001 -1.055525 0.382717 0.259292
    24 3.859680 -0.132567 1.193109 0.350621 -0.304733 -0.687759
    25 1.312555 -0.000002 0.000002 -0.048214 -0.079650 -0.208674
    26 0.729365 0.000000 -0.000001 -0.027493 -0.088943 -0.013978
    27 3.942307 0.050327 0.431044 0.055819 -0.151913 -0.612478
    28 1.539099 -0.000002 0.000000 -0.062751 -0.061589 -0.042819
    29 1.196321 0.000010 0.000000 -0.031292 -0.082154 -0.226473
    30 3.883659 -0.050321 -0.431042 -0.168035 -0.029484 -0.397725
    31 1.719578 0.000002 0.000000 -0.068276 -0.054342 -0.176250
    32 1.209185 0.000002 0.000000 -0.056292 -0.064096 -0.025933
    33 3.859840 -0.148937 -1.331282 -0.416703 0.097531 -0.364370
    34 1.719421 0.000002 0.000000 -0.069966 -0.034357 -0.184351
    35 1.099669 0.000002 -0.000001 -0.048274 -0.060598 -0.299166
    36 0.950558 -1.145017 -1.396461 1.019228 0.722254 -1.102456
    37 1.789782 0.000000 -0.000004 -0.025863 -0.018828 -0.091652
    38 1.206999 0.000002 0.000000 -0.083329 -0.095086 -0.058180
    39 -2.467356 -21.762319 -3.982739 1.220552 -0.296427 0.197744
    40 0.025545 -1.273521 1.753304 0.000000 0.000000 0.000000
    41 0.001032 1.440453 -1.526783 0.000000 0.000000 0.000000
    42 0.004413 0.696487 -1.430595 0.000000 0.000000 0.000000
    43 0.580660 0.349014 -1.430595 0.000000 0.000000 0.000000
    44 0.583444 -0.305904 -1.430599 0.000000 0.000000 0.000000
    45 0.005318 -0.648720 -1.430599 0.000000 0.000000 0.000000
    46 -0.574618 -0.303123 -1.430601 0.000000 0.000000 0.000000
    47 -0.573714 0.348118 -1.430595 0.000000 0.000000 0.000000
    48 -0.029968 -0.059296 1.773438 -1.561870 -0.003783 0.018306
    49 0.041163 0.095589 -2.899426 -0.781108 -0.013985 0.002645
    50 0.081115 -2.496311 -0.915165 0.000000 0.000000 0.000000
    51 4.863281 2.800781 -18.203125 1.570792 0.000003 -0.000003
  time 154
    0 0.000000 -0.000006 0.000000 -1.570781 -1.391896 -1.570809
    1 1.208984 -4.433594 3.550781 1.596637 -1.286515 2.942961
    2 6.028141 0.000000 0.000000 -1.195109 0.288824 -1.112448
    3 11.692554 0.000001 0.000000 -0.000042 0.000042 -1.457059
    4 11.481670 0.000001 -0.000031 0.584912 -0.244611 0.261263
    5 3.859711 -0.142405 -1.191975 -0.468133 0.151533 -0.880197
    6 1.312555 -0.000002 0.000000 0.000000 0.000000 -0.439720
    7 0.729363 -0.000002 -0.000002 0.000000 0.000000 -0.244299
    8 3.942337 0.046767 -0.431443 -0.151780 0.073206 -0.810985
    9 1.539097 0.000000 0.000000 0.000000 0.000000 -0.247797
    10 1.196325 -0.000002 -0.000001 0.000000 0.000000 -0.430802
    11 3.883698 -0.046765 0.431443 0.085902 0.021830 -0.587867
    12 1.719570 -0.000004 -0.000001 0.000000 0.005516 -0.366478
    13 1.209169 -0.000004 0.000000 0.000000 0.003084 -0.216400
    14 3.859863 -0.137946 1.332466 0.354449 -0.042750 -0.531718
    15 1.719431 0.000002 0.000000 0.000000 0.004074 -0.363009
    16 1.099667 0.000000 -0.000001 0.000000 0.002596 -0.244331
    17 0.806053 -0.348926 1.321258 -1.222677 -0.679213 -0.788819
    18 1.789778 -0.000002 0.000002 0.000000 0.000000 0.228523
    19 1.207005 0.000000 0.000002 0.000000 0.000000 0.362860
    20 -1.419874 -3.940785 -4.234555 -1.668474 1.286518 2.942953
    21 6.028145 0.000000 0.000000 1.026706 0.919885 -1.490115
    22 11.692554 0.000001 0.000002 0.000000 0.000000 -0.796733
    23 11.481699 0.000001 0.000001 -1.101588 0.403492 0.164883
    24 3.859680 -0.132567 1.193109 0.357524 -0.305369 -0.706898
    25 1.312555 -0.000002 0.000002 -0.046608 -0.088351 -0.218635
    26 0.729365 0.000000 -0.000001 -0.033509 -0.102105 -0.038657
    27 3.942307 0.050327 0.431044 0.055508 -0.148953 -0.627779
    28 1.539099 -0.000002 0.000000 -0.060414 -0.061649 -0.064265
    29 1.196321 0.000010 0.000000 -0.029734 -0.080560 -0.246863
    30 3.883659 -0.050321 -0.431042 -0.165387 -0.030323 -0.412537
    31 1.719578 0.000002 0.000000 -0.066023 -0.054426 -0.205041
    32 1.209185 0.000002 0.000000 -0.054686 -0.063018 -0.035797
    33 3.859840 -0.148937 -1.331282 -0.412976 0.105094 -0.345066
    34 1.719421 0.000002 0.000000 -0.068276 -0.034369 -0.196805
    35 1.099669 0.000002 -0.000001 -0.046824 -0.059376 -0.308739
    36 0.950558 -1.145017 -1.396461 1.020032 0.712908 -1.089597
    37 1.789782 0.000000 -0.000004 -0.024976 -0.020722 -0.082456
    38 1.206999 0.000002 0.000000 -0.082502 -0.092389 -0.037266
    39 -2.287663 -22.430308 -4.490567 1.471229 -0.285197 0.202700
    40 0.025545 -1.273521 1.753304 0.000000 0.000000 0.000000
    41 0.001032 1.440453 -1.526783 0.000000 0.000000 0.000000
    42 0.004413 0.696487 -1.430595 0.000000 0.000000 0.000000
    43 0.580660 0.349014 -1.430595 0.000000 0.000000 0.000000
    44 0.583444 -0.305904 -1.430599 0.000000 0.000000 0.000000
    45 0.005318 -0.648720 -1.430599 0.000000 0.000000 0.000000
    46 -0.574618 -0.303123 -1.430601 0.000000 0.000000 0.000000
    47 -0.573714 0.348118 -1.430595 0.000000 0.000000 0.000000
    48 -0.029968 -0.059296 1.773438 -1.561870 -0.003783 0.018306
    49 0.041163 0.095589 -2.899426 -0.781108 -0.013985 0.002645
    50 0.081115 -2.496311 -0.915165 0.000000 0.000000 0.000000
    51 4.863281 2.800781 -18.203125 1.570792 0.000003 -0.000003
  time 155
    0 0.000000 -0.000006 0.000000 -1.570781 -1.391896 -1.570809
    1 1.208984 -4.433594 3.550781 1.596637 -1.286515 2.942961
    2 6.028141 0.000000 0.000000 -1.195109 0.288824 -1.112448
    3 11.692554 0.000001 0.000000 -0.000042 0.000042 -1.457059
    4 11.481670 0.000001 -0.000031 0.584912 -0.244611 0.261263
    5 3.859711 -0.142405 -1.191975 -0.468133 0.151533 -0.880197
    6 1.312555 -0.000002 0.000000 0.000000 0.000000 -0.439720
    7 0.729363 -0.000002 -0.000002 0.000000 0.000000 -0.244299
    8 3.942337 0.046767 -0.431443 -0.151780 0.073206 -0.810985
    9 1.539097 0.000000 0.000000 0.000000 0.000000 -0.247797
    10 1.196325 -0.000002 -0.000001 0.000000 0.000000 -0.430802
    11 3.883698 -0.046765 0.431443 0.085902 0.021830 -0.587867
    12 1.719570 -0.000004 -0.000001 0.000000 0.005516 -0.366478
    13 1.209169 -0.000004 0.000000 0.000000 0.003084 -0.216400
    14 3.859863 -0.137946 1.332466 0.354449 -0.042750 -0.531718
    15 1.719431 0.000002 0.000000 0.000000 0.004074 -0.363009
    16 1.099667 0.000000 -0.000001 0.000000 0.002596 -0.244331
    17 0.806053 -0.348926 1.321258 -1.222677 -0.679213 -0.788819
    18 1.789778 -0.000002 0.000002 0.000000 0.000000 0.228523
    19 1.207005 0.000000 0.000002 0.000000 0.000000 0.362860
    20 -1.415968 -3.944692 -4.238461 -1.668474 1.286518 2.942953
    21 6.028145 0.000000 0.000000 1.055927 0.914159 -1.462925
    22 11.692554 0.000001 0.000002 0.000000 0.000000 -0.803900
    23 11.481699 0.000001 0.000001 -1.186829 0.430732 0.002104
    24 3.859680 -0.132567 1.193109 0.376363 -0.297471 -0.755955
    25 1.312555 -0.000002 0.000002 -0.040364 -0.098681 -0.246603
    26 0.729365 0.000000 -0.000001 -0.044715 -0.124800 -0.107994
    27 3.942307 0.050327 0.431044 0.058636 -0.141055 -0.670233
    28 1.539099 -0.000002 0.000000 -0.053883 -0.061505 -0.123789
    29 1.196321 0.000010 0.000000 -0.025587 -0.075934 -0.303468
    30 3.883659 -0.050321 -0.431042 -0.157956 -0.032408 -0.453443
    31 1.719578 0.000002 0.000000 -0.059659 -0.054294 -0.285462
    32 1.209185 0.000002 0.000000 -0.050299 -0.059926 -0.062967
    33 3.859840 -0.148937 -1.331282 -0.405258 0.115244 -0.318396
    34 1.719421 0.000002 0.000000 -0.063578 -0.034273 -0.231244
    35 1.099669 0.000002 -0.000001 -0.043169 -0.055793 -0.326009
    36 0.950558 -1.145017 -1.396461 1.022053 0.687086 -1.054383
    37 1.789782 0.000000 -0.000004 -0.022962 -0.023658 -0.057209
    38 1.206999 0.000002 0.000000 -0.079733 -0.084755 0.021699
    39 -2.080625 -23.043608 -5.111680 1.712717 -0.275220 0.210089
    40 0.025545 -1.273521 1.753304 0.000000 0.000000 0.000000
    41 0.001032 1.440453 -1.526783 0.000000 0.000000 0.000000
    42 0.004413 0.696487 -1.430595 0.000000 0.000000 0.000000
    43 0.580660 0.349014 -1.430595 0.000000 0.000000 0.000000
    44 0.583444 -0.305904 -1.430599 0.000000 0.000000 0.000000
    45 0.005318 -0.648720 -1.430599 0.000000 0.000000 0.000000
    46 -0.574618 -0.303123 -1.430601 0.000000 0.000000 0.000000
    47 -0.573714 0.348118 -1.430595 0.000000 0.000000 0.000000
    48 -0.029968 -0.059296 1.773438 -1.561870 -0.003783 0.018306
    49 0.041163 0.095589 -2.899426 -0.781108 -0.013985 0.002645
    50 0.081115 -2.496311 -0.915165 0.000000 0.000000 0.000000
    51 4.863281 2.800781 -18.203125 1.570792 0.000003 -0.000003
  time 156
    0 0.000000 -0.000006 0.000000 -1.570781 -1.391896 -1.570809
    1 1.208984 -4.433594 3.550781 1.596637 -1.286515 2.942961
    2 6.028141 0.000000 0.000000 -1.195109 0.288824 -1.112448
    3 11.692554 0.000001 0.000000 -0.000042 0.000042 -1.457059
    4 11.481670 0.000001 -0.000031 0.584912 -0.244611 0.261263
    5 3.859711 -0.142405 -1.191975 -0.468133 0.151533 -0.880197
    6 1.312555 -0.000002 0.000000 0.000000 0.000000 -0.439720
    7 0.729363 -0.000002 -0.000002 0.000000 0.000000 -0.244299
    8 3.942337 0.046767 -0.431443 -0.151780 0.073206 -0.810985
    9 1.539097 0.000000 0.000000 0.000000 0.000000 -0.247797
    10 1.196325 -0.000002 -0.000001 0.000000 0.000000 -0.430802
    11 3.883698 -0.046765 0.431443 0.085902 0.021830 -0.587867
    12 1.719570 -0.000004 -0.000001 0.000000 0.005516 -0.366478
    13 1.209169 -0.000004 0.000000 0.000000 0.003084 -0.216400
    14 3.859863 -0.137946 1.332466 0.354449 -0.042750 -0.531718
    15 1.719431 0.000002 0.000000 0.000000 0.004074 -0.363009
    16 1.099667 0.000000 -0.000001 0.000000 0.002596 -0.244331
    17 0.806053 -0.348926 1.321258 -1.222677 -0.679213 -0.788819
    18 1.789778 -0.000002 0.000002 0.000000 0.000000 0.228523
    19 1.207005 0.000000 0.000002 0.000000 0.000000 0.362860
    20 -1.412062 -3.952504 -4.238461 -1.668474 1.286518 2.942953
    21 6.028145 0.000000 0.000000 1.091183 0.914684 -1.432631
    22 11.692554 0.000001 0.000002 0.000000 0.000000 -0.828726
    23 11.481699 0.000001 0.000001 -1.212514 0.417155 -0.044688
    24 3.859680 -0.132567 1.193109 0.403712 -0.281280 -0.828209
    25 1.312555 -0.000002 0.000002 -0.030141 -0.109851 -0.288772
    26 0.729365 0.000000 -0.000001 -0.057850 -0.156400 -0.214254
    27 3.942307 0.050327 0.431044 0.063933 -0.128975 -0.734079
    28 1.539099 -0.000002 0.000000 -0.043983 -0.060534 -0.214141
    29 1.196321 0.000010 0.000000 -0.019810 -0.068480 -0.389155
    30 3.883659 -0.050321 -0.431042 -0.146607 -0.034973 -0.515117
    31 1.719578 0.000002 0.000000 -0.049940 -0.053072 -0.409104
    32 1.209185 0.000002 0.000000 -0.043900 -0.055072 -0.103685
    33 3.859840 -0.148937 -1.331282 -0.394232 0.127085 -0.286141
    34 1.719421 0.000002 0.000000 -0.056519 -0.033818 -0.282978
    35 1.099669 0.000002 -0.000001 -0.037883 -0.050256 -0.349164
    36 0.950558 -1.145017 -1.396461 1.023064 0.648191 -1.002741
    37 1.789782 0.000000 -0.000004 -0.020170 -0.027469 -0.019397
    38 1.206999 0.000002 0.000000 -0.074640 -0.073442 0.111409
    39 -1.873588 -23.543623 -5.787482 1.928841 -0.267377 0.218435
    40 0.025545 -1.273521 1.753304 0.000000 0.000000 0.000000
    41 0.001032 1.440453 -1.526783 0.000000 0.000000 0.000000
    42 0.004413 0.696487 -1.430595 0.000000 0.000000 0.000000
    43 0.580660 0.349014 -1.430595 0.000000 0.000000 0.000000
    44 0.583444 -0.305904 -1.430599 0.000000 0.000000 0.000000
    45 0.005318 -0.648720 -1.430599 0.000000 0.000000 0.000000
    46 -0.574618 -0.303123 -1.430601 0.000000 0.000000 0.000000
    47 -0.573714 0.348118 -1.430595 0.000000 0.000000 0.000000
    48 -0.029968 -0.059296 1.773438 -1.561870 -0.003783 0.018306
    49 0.041163 0.095589 -2.899426 -0.781108 -0.013985 0.002645
    50 0.081115 -2.496311 -0.915165 0.000000 0.000000 0.000000
    51 4.863281 2.800781 -18.203125 1.570792 0.000003 -0.000003
  time 157
    0 0.000000 -0.000006 0.000000 -1.570781 -1.391896 -1.570809
    1 1.208984 -4.433594 3.550781 1.596637 -1.286515 2.942961
    2 6.028141 0.000000 0.000000 -1.195109 0.288824 -1.112448
    3 11.692554 0.000001 0.000000 -0.000042 0.000042 -1.457059
    4 11.481670 0.000001 -0.000031 0.584912 -0.244611 0.261263
    5 3.859711 -0.142405 -1.191975 -0.468133 0.151533 -0.880197
    6 1.312555 -0.000002 0.000000 0.000000 0.000000 -0.439720
    7 0.729363 -0.000002 -0.000002 0.000000 0.000000 -0.244299
    8 3.942337 0.046767 -0.431443 -0.151780 0.073206 -0.810985
    9 1.539097 0.000000 0.000000 0.000000 0.000000 -0.247797
    10 1.196325 -0.000002 -0.000001 0.000000 0.000000 -0.430802
    11 3.883698 -0.046765 0.431443 0.085902 0.021830 -0.587867
    12 1.719570 -0.000004 -0.000001 0.000000 0.005516 -0.366478
    13 1.209169 -0.000004 0.000000 0.000000 0.003084 -0.216400
    14 3.859863 -0.137946 1.332466 0.354449 -0.042750 -0.531718
    15 1.719431 0.000002 0.000000 0.000000 0.004074 -0.363009
    16 1.099667 0.000000 -0.000001 0.000000 0.002596 -0.244331
    17 0.806053 -0.348926 1.321258 -1.222677 -0.679213 -0.788819
    18 1.789778 -0.000002 0.000002 0.000000 0.000000 0.228523
    19 1.207005 0.000000 0.000002 0.000000 0.000000 0.362860
    20 -1.404249 -3.964223 -4.242368 -1.668474 1.286518 2.942953
    21 6.028145 0.000000 0.000000 1.116380 0.920076 -1.412686
    22 11.692554 0.000001 0.000002 0.000000 0.000000 -0.880521
    23 11.481699 0.000001 0.000001 -1.145056 0.325995 0.130601
    24 3.859680 -0.132567 1.193109 0.435687 -0.257119 -0.916512
    25 1.312555 -0.000002 0.000002 -0.016695 -0.120961 -0.341363
    26 0.729365 0.000000 -0.000001 -0.069223 -0.195708 -0.349156
    27 3.942307 0.050327 0.431044 0.070081 -0.113491 -0.813401
    28 1.539099 -0.000002 0.000000 -0.031759 -0.058041 -0.327522
    29 1.196321 0.000010 0.000000 -0.013519 -0.058461 -0.496441
    30 3.883659 -0.050321 -0.431042 -0.132285 -0.037178 -0.591918
    31 1.719578 0.000002 0.000000 -0.037895 -0.049800 -0.566590
    32 1.209185 0.000002 0.000000 -0.036229 -0.048696 -0.154115
    33 3.859840 -0.148937 -1.331282 -0.380617 0.139705 -0.250141
    34 1.719421 0.000002 0.000000 -0.047806 -0.032751 -0.347258
    35 1.099669 0.000002 -0.000001 -0.031579 -0.043221 -0.376350
    36 0.950558 -1.145017 -1.396461 1.020997 0.599752 -0.940427
    37 1.789782 0.000000 -0.000004 -0.016946 -0.031963 0.027469
    38 1.206999 0.000002 0.000000 -0.066814 -0.059923 0.224201
    39 -1.760303 -23.781912 -6.322654 2.046570 -0.263758 0.223564
    40 0.025545 -1.273521 1.753304 0.000000 0.000000 0.000000
    41 0.001032 1.440453 -1.526783 0.000000 0.000000 0.000000
    42 0.004413 0.696487 -1.430595 0.000000 0.000000 0.000000
    43 0.580660 0.349014 -1.430595 0.000000 0.000000 0.000000
    44 0.583444 -0.305904 -1.430599 0.000000 0.000000 0.000000
    45 0.005318 -0.648720 -1.430599 0.000000 0.000000 0.000000
    46 -0.574618 -0.303123 -1.430601 0.000000 0.000000 0.000000
    47 -0.573714 0.348118 -1.430595 0.000000 0.000000 0.000000
    48 -0.029968 -0.059296 1.773438 -1.561870 -0.003783 0.018306
    49 0.041163 0.095589 -2.899426 -0.781108 -0.013985 0.002645
    50 0.081115 -2.496311 -0.915165 0.000000 0.000000 0.000000
    51 4.863281 2.800781 -18.203125 1.570792 0.000003 -0.000003
  time 158
    0 0.000000 -0.000006 0.000000 -1.570781 -1.391896 -1.570809
    1 1.208984 -4.433594 3.550781 1.596637 -1.286515 2.942961
    2 6.028141 0.000000 0.000000 -1.195109 0.288824 -1.112448
    3 11.692554 0.000001 0.000000 -0.000042 0.000042 -1.457059
    4 11.481670 0.000001 -0.000031 0.584912 -0.244611 0.261263
    5 3.859711 -0.142405 -1.191975 -0.468133 0.151533 -0.880197
    6 1.312555 -0.000002 0.000000 0.000000 0.000000 -0.439720
    7 0.729363 -0.000002 -0.000002 0.000000 0.000000 -0.244299
    8 3.942337 0.046767 -0.431443 -0.151780 0.073206 -0.810985
    9 1.539097 0.000000 0.000000 0.000000 0.000000 -0.247797
    10 1.196325 -0.000002 -0.000001 0.000000 0.000000 -0.430802
    11 3.883698 -0.046765 0.431443 0.085902 0.021830 -0.587867
    12 1.719570 -0.000004 -0.000001 0.000000 0.005516 -0.366478
    13 1.209169 -0.000004 0.000000 0.000000 0.003084 -0.216400
    14 3.859863 -0.137946 1.332466 0.354449 -0.042750 -0.531718
    15 1.719431 0.000002 0.000000 0.000000 0.004074 -0.363009
    16 1.099667 0.000000 -0.000001 0.000000 0.002596 -0.244331
    17 0.806053 -0.348926 1.321258 -1.222677 -0.679213 -0.788819
    18 1.789778 -0.000002 0.000002 0.000000 0.000000 0.228523
    19 1.207005 0.000000 0.000002 0.000000 0.000000 0.362860
    20 -1.392530 -3.975942 -4.246274 -1.668474 1.286518 2.942953
    21 6.028145 0.000000 0.000000 1.120691 0.952001 -1.417108
    22 11.692554 0.000001 0.000002 0.000000 0.000000 -0.896998
    23 11.481699 0.000001 0.000001 -1.071105 0.136777 0.403257
    24 3.859680 -0.132567 1.193109 0.468417 -0.226067 -1.013551
    25 1.312555 -0.000002 0.000002 -0.000935 -0.131219 -0.400389
    26 0.729365 0.000000 -0.000001 -0.075431 -0.240167 -0.503271
    27 3.942307 0.050327 0.431044 0.075869 -0.095598 -0.902085
    28 1.539099 -0.000002 0.000000 -0.018408 -0.053595 -0.455313
    29 1.196321 0.000010 0.000000 -0.007754 -0.046452 -0.617134
    30 3.883659 -0.050321 -0.431042 -0.116082 -0.038341 -0.678048
    31 1.719578 0.000002 0.000000 -0.024988 -0.043820 -0.746014
    32 1.209185 0.000002 0.000000 -0.028068 -0.041122 -0.210372
    33 3.859840 -0.148937 -1.331282 -0.365265 0.152289 -0.212269
    34 1.719421 0.000002 0.000000 -0.038147 -0.030882 -0.419120
    35 1.099669 0.000002 -0.000001 -0.024784 -0.035167 -0.405735
    36 0.950558 -1.145017 -1.396461 1.014611 0.545695 -0.872674
    37 1.789782 0.000000 -0.000004 -0.013614 -0.036949 0.079818
    38 1.206999 0.000002 0.000000 -0.056220 -0.045829 0.351462
    39 -1.713426 -23.891290 -6.721104 2.103233 -0.262226 0.226172
    40 0.025545 -1.273521 1.753304 0.000000 0.000000 0.000000
    41 0.001032 1.440453 -1.526783 0.000000 0.000000 0.000000
    42 0.004413 0.696487 -1.430595 0.000000 0.000000 0.000000
    43 0.580660 0.349014 -1.430595 0.000000 0.000000 0.000000
    44 0.583444 -0.305904 -1.430599 0.000000 0.000000 0.000000
    45 0.005318 -0.648720 -1.430599 0.000000 0.000000 0.000000
    46 -0.574618 -0.303123 -1.430601 0.000000 0.000000 0.000000
    47 -0.573714 0.348118 -1.430595 0.000000 0.000000 0.000000
    48 -0.029968 -0.059296 1.773438 -1.561870 -0.003783 0.018306
    49 0.041163 0.095589 -2.899426 -0.781108 -0.013985 0.002645
    50 0.081115 -2.496311 -0.915165 0.000000 0.000000 0.000000
    51 4.863281 2.800781 -18.203125 1.570792 0.000003 -0.000003
  time 159
    0 0.000000 -0.000006 0.000000 -1.570781 -1.391896 -1.570809
    1 1.208984 -4.433594 3.550781 1.596637 -1.286515 2.942961
    2 6.028141 0.000000 0.000000 -1.195109 0.288824 -1.112448
    3 11.692554 0.000001 0.000000 -0.000042 0.000042 -1.457059
    4 11.481670 0.000001 -0.000031 0.584912 -0.244611 0.261263
    5 3.859711 -0.142405 -1.191975 -0.468133 0.151533 -0.880197
    6 1.312555 -0.000002 0.000000 0.000000 0.000000 -0.439720
    7 0.729363 -0.000002 -0.000002 0.000000 0.000000 -0.244299
    8 3.942337 0.046767 -0.431443 -0.151780 0.073206 -0.810985
    9 1.539097 0.000000 0.000000 0.000000 0.000000 -0.247797
    10 1.196325 -0.000002 -0.000001 0.000000 0.000000 -0.430802
    11 3.883698 -0.046765 0.431443 0.085902 0.021830 -0.587867
    12 1.719570 -0.000004 -0.000001 0.000000 0.005516 -0.366478
    13 1.209169 -0.000004 0.000000 0.000000 0.003084 -0.216400
    14 3.859863 -0.137946 1.332466 0.354449 -0.042750 -0.531718
    15 1.719431 0.000002 0.000000 0.000000 0.004074 -0.363009
    16 1.099667 0.000000 -0.000001 0.000000 0.002596 -0.244331
    17 0.806053 -0.348926 1.321258 -1.222677 -0.679213 -0.788819
    18 1.789778 -0.000002 0.000002 0.000000 0.000000 0.228523
    19 1.207005 0.000000 0.000002 0.000000 0.000000 0.362860
    20 -1.380811 -3.991568 -4.250181 -1.668474 1.286518 2.942953
    21 6.028145 0.000000 0.000000 1.101818 1.035557 -1.453517
    22 11.692554 0.000001 0.000002 0.000000 0.000000 -0.804638
    23 11.481699 0.000001 0.000001 -1.055016 -0.110110 0.634309
    24 3.859680 -0.132567 1.193109 0.498606 -0.190281 -1.111960
    25 1.312555 -0.000002 0.000002 0.015975 -0.139980 -0.461715
    26 0.729365 0.000000 -0.000001 -0.074352 -0.285860 -0.665409
    27 3.942307 0.050327 0.431044 0.080435 -0.076578 -0.993714
    28 1.539099 -0.000002 0.000000 -0.005273 -0.047219 -0.587886
    29 1.196321 0.000010 0.000000 -0.003356 -0.033341 -0.742247
    30 3.883659 -0.050321 -0.431042 -0.099256 -0.038077 -0.767266
    31 1.719578 0.000002 0.000000 -0.012907 -0.035239 -0.932914
    32 1.209185 0.000002 0.000000 -0.020074 -0.032817 -0.268497
    33 3.859840 -0.148937 -1.331282 -0.349158 0.164106 -0.174520
    34 1.719421 0.000002 0.000000 -0.028319 -0.028221 -0.493540
    35 1.099669 0.000002 -0.000001 -0.018025 -0.026622 -0.435510
    36 0.950558 -1.145017 -1.396461 1.003884 0.490197 -0.804232
    37 1.789782 0.000000 -0.000004 -0.010450 -0.042138 0.133967
    38 1.206999 0.000002 0.000000 -0.043420 -0.032730 0.483612
    39 -1.697801 -23.942073 -7.064865 2.131374 -0.261530 0.227563
    40 0.025545 -1.273521 1.753304 0.000000 0.000000 0.000000
    41 0.001032 1.440453 -1.526783 0.000000 0.000000 0.000000
    42 0.004413 0.696487 -1.430595 0.000000 0.000000 0.000000
    43 0.580660 0.349014 -1.430595 0.000000 0.000000 0.000000
    44 0.583444 -0.305904 -1.430599 0.000000 0.000000 0.000000
    45 0.005318 -0.648720 -1.430599 0.000000 0.000000 0.000000
    46 -0.574618 -0.303123 -1.430601 0.000000 0.000000 0.000000
    47 -0.573714 0.348118 -1.430595 0.000000 0.000000 0.000000
    48 -0.029968 -0.059296 1.773438 -1.561870 -0.003783 0.018306
    49 0.041163 0.095589 -2.899426 -0.781108 -0.013985 0.002645
    50 0.081115 -2.496311 -0.915165 0.000000 0.000000 0.000000
    51 4.863281 2.800781 -18.203125 1.570792 0.000003 -0.000003
  time 160
    0 0.000000 -0.000006 0.000000 -1.570781 -1.391896 -1.570809
    1 1.208984 -4.433594 3.550781 1.596637 -1.286515 2.942961
    2 6.028141 0.000000 0.000000 -1.195109 0.288824 -1.112448
    3 11.692554 0.000001 0.000000 -0.000042 0.000042 -1.457059
    4 11.481670 0.000001 -0.000031 0.584912 -0.244611 0.261263
    5 3.859711 -0.142405 -1.191975 -0.468133 0.151533 -0.880197
    6 1.312555 -0.000002 0.000000 0.000000 0.000000 -0.439720
    7 0.729363 -0.000002 -0.000002 0.000000 0.000000 -0.244299
    8 3.942337 0.046767 -0.431443 -0.151780 0.073206 -0.810985
    9 1.539097 0.000000 0.000000 0.000000 0.000000 -0.247797
    10 1.196325 -0.000002 -0.000001 0.000000 0.000000 -0.430802
    11 3.883698 -0.046765 0.431443 0.085902 0.021830 -0.587867
    12 1.719570 -0.000004 -0.000001 0.000000 0.005516 -0.366478
    13 1.209169 -0.000004 0.000000 0.000000 0.003084 -0.216400
    14 3.859863 -0.137946 1.332466 0.354449 -0.042750 -0.531718
    15 1.719431 0.000002 0.000000 0.000000 0.004074 -0.363009
    16 1.099667 0.000000 -0.000001 0.000000 0.002596 -0.244331
    17 0.806053 -0.348926 1.321258 -1.222677 -0.679213 -0.788819
    18 1.789778 -0.000002 0.000002 0.000000 0.000000 0.228523
    19 1.207005 0.000000 0.000002 0.000000 0.000000 0.362860
    20 -1.365185 -4.007193 -4.254087 -1.668474 1.286518 2.942953
    21 6.028145 0.000000 0.000000 1.038873 1.151324 -1.536120
    22 11.692554 0.000001 0.000002 0.000000 0.000000 -0.611793
    23 11.481699 0.000001 0.000001 -1.098088 -0.321870 0.760284
    24 3.859680 -0.132567 1.193109 0.523942 -0.152853 -1.204940
    25 1.312555 -0.000002 0.000002 0.032814 -0.146871 -0.521150
    26 0.729365 0.000000 -0.000001 -0.066059 -0.328355 -0.823264
    27 3.942307 0.050327 0.431044 0.083336 -0.057882 -1.081895
    28 1.539099 -0.000002 0.000000 0.006448 -0.039489 -0.715341
    29 1.196321 0.000010 0.000000 -0.000695 -0.020302 -0.862616
    30 3.883659 -0.050321 -0.431042 -0.083113 -0.036387 -0.853333
    31 1.719578 0.000002 0.000000 -0.003008 -0.025052 -1.111889
    32 1.209185 0.000002 0.000000 -0.012836 -0.024355 -0.324603
    33 3.859840 -0.148937 -1.331282 -0.333326 0.174568 -0.138919
    34 1.719421 0.000002 0.000000 -0.019031 -0.024973 -0.565341
    35 1.099669 0.000002 -0.000001 -0.011733 -0.018173 -0.463864
    36 0.950558 -1.145017 -1.396461 0.989895 0.437401 -0.739414
    37 1.789782 0.000000 -0.000004 -0.007670 -0.047196 0.186287
    38 1.206999 0.000002 0.000000 -0.029578 -0.021824 0.610873
    39 -1.701707 -23.961605 -7.365655 2.143051 -0.261252 0.228084
    40 0.025545 -1.273521 1.753304 0.000000 0.000000 0.000000
    41 0.001032 1.440453 -1.526783 0.000000 0.000000 0.000000
    42 0.004413 0.696487 -1.430595 0.000000 0.000000 0.000000
    43 0.580660 0.349014 -1.430595 0.000000 0.000000 0.000000
    44 0.583444 -0.305904 -1.430599 0.000000 0.000000 0.000000
    45 0.005318 -0.648720 -1.430599 0.000000 0.000000 0.000000
    46 -0.574618 -0.303123 -1.430601 0.000000 0.000000 0.000000
    47 -0.573714 0.348118 -1.430595 0.000000 0.000000 0.000000
    48 -0.029968 -0.059296 1.773438 -1.561870 -0.003783 0.018306
    49 0.041163 0.095589 -2.899426 -0.781108 -0.013985 0.002645
    50 0.081115 -2.496311 -0.915165 0.000000 0.000000 0.000000
    51 4.863281 2.800781 -18.203125 1.570792 0.000003 -0.000003
  time 161
    0 0.000000 -0.000006 0.000000 -1.570781 -1.391896 -1.570809
    1 1.208984 -4.433594 3.550781 1.596637 -1.286515 2.942961
    2 6.028141 0.000000 0.000000 -1.195109 0.288824 -1.112448
    3 11.692554 0.000001 0.000000 -0.000042 0.000042 -1.457059
    4 11.481670 0.000001 -0.000031 0.584912 -0.244611 0.261263
    5 3.859711 -0.142405 -1.191975 -0.468133 0.151533 -0.880197
    6 1.312555 -0.000002 0.000000 0.000000 0.000000 -0.439720
    7 0.729363 -0.000002 -0.000002 0.000000 0.000000 -0.244299
    8 3.942337 0.046767 -0.431443 -0.151780 0.073206 -0.810985
    9 1.539097 0.000000 0.000000 0.000000 0.000000 -0.247797
    10 1.196325 -0.000002 -0.000001 0.000000 0.000000 -0.430802
    11 3.883698 -0.046765 0.431443 0.085902 0.021830 -0.587867
    12 1.719570 -0.000004 -0.000001 0.000000 0.005516 -0.366478
    13 1.209169 -0.000004 0.000000 0.000000 0.003084 -0.216400
    14 3.859863 -0.137946 1.332466 0.354449 -0.042750 -0.531718
    15 1.719431 0.000002 0.000000 0.000000 0.004074 -0.363009
    16 1.099667 0.000000 -0.000001 0.000000 0.002596 -0.244331
    17 0.806053 -0.348926 1.321258 -1.222677 -0.679213 -0.788819
    18 1.789778 -0.000002 0.000002 0.000000 0.000000 0.228523
    19 1.207005 0.000000 0.000002 0.000000 0.000000 0.362860
    20 -1.345653 -4.030632 -4.261900 -1.668474 1.286518 2.942953
    21 6.028145 0.000000 0.000000 0.964337 1.218465 -1.620416
    22 11.692554 0.000001 0.000002 0.000000 0.000000 -0.465126
    23 11.481699 0.000001 0.000001 -1.131394 -0.406349 0.773425
    24 3.859680 -0.132567 1.193109 0.543285 -0.117486 -1.286361
    25 1.312555 -0.000002 0.000002 0.048190 -0.151809 -0.574481
    26 0.729365 0.000000 -0.000001 -0.052888 -0.363909 -0.964560
    27 3.942307 0.050327 0.431044 0.084642 -0.041020 -1.160387
    28 1.539099 -0.000002 0.000000 0.015963 -0.031448 -0.828205
    29 1.196321 0.000010 0.000000 0.000312 -0.008521 -0.969401
    30 3.883659 -0.050321 -0.431042 -0.068875 -0.033727 -0.930071
    31 1.719578 0.000002 0.000000 0.004039 -0.014781 -1.268717
    32 1.209185 0.000002 0.000000 -0.006759 -0.016458 -0.374755
    33 3.859840 -0.148937 -1.331282 -0.318933 0.183233 -0.107584
    34 1.719421 0.000002 0.000000 -0.010966 -0.021510 -0.629468
    35 1.099669 0.000002 -0.000001 -0.006316 -0.010443 -0.488966
    36 0.950558 -1.145017 -1.396461 0.974620 0.391104 -0.682163
    37 1.789782 0.000000 -0.000004 -0.005405 -0.051786 0.233096
    38 1.206999 0.000002 0.000000 -0.016239 -0.013699 0.723692
    39 -1.717333 -23.961605 -7.635195 2.144008 -0.261206 0.228084
    40 0.025545 -1.273521 1.753304 0.000000 0.000000 0.000000
    41 0.001032 1.440453 -1.526783 0.000000 0.000000 0.000000
    42 0.004413 0.696487 -1.430595 0.000000 0.000000 0.000000
    43 0.580660 0.349014 -1.430595 0.000000 0.000000 0.000000
    44 0.583444 -0.305904 -1.430599 0.000000 0.000000 0.000000
    45 0.005318 -0.648720 -1.430599 0.000000 0.000000 0.000000
    46 -0.574618 -0.303123 -1.430601 0.000000 0.000000 0.000000
    47 -0.573714 0.348118 -1.430595 0.000000 0.000000 0.000000
    48 -0.029968 -0.059296 1.773438 -1.561870 -0.003783 0.018306
    49 0.041163 0.095589 -2.899426 -0.781108 -0.013985 0.002645
    50 0.081115 -2.496311 -0.915165 0.000000 0.000000 0.000000
    51 4.863281 2.800781 -18.203125 1.570792 0.000003 -0.000003
  time 162
    0 0.000000 -0.000006 0.000000 -1.570781 -1.391896 -1.570809
    1 1.208984 -4.433594 3.550781 1.596637 -1.286515 2.942961
    2 6.028141 0.000000 0.000000 -1.195109 0.288824 -1.112448
    3 11.692554 0.000001 0.000000 -0.000042 0.000042 -1.457059
    4 11.481670 0.000001 -0.000031 0.584912 -0.244611 0.261263
    5 3.859711 -0.142405 -1.191975 -0.468133 0.151533 -0.880197
    6 1.312555 -0.000002 0.000000 0.000000 0.000000 -0.439720
    7 0.729363 -0.000002 -0.000002 0.000000 0.000000 -0.244299
    8 3.942337 0.046767 -0.431443 -0.151780 0.073206 -0.810985
    9 1.539097 0.000000 0.000000 0.000000 0.000000 -0.247797
    10 1.196325 -0.000002 -0.000001 0.000000 0.000000 -0.430802
    11 3.883698 -0.046765 0.431443 0.085902 0.021830 -0.587867
    12 1.719570 -0.000004 -0.000001 0.000000 0.005516 -0.366478
    13 1.209169 -0.000004 0.000000 0.000000 0.003084 -0.216400
    14 3.859863 -0.137946 1.332466 0.354449 -0.042750 -0.531718
    15 1.719431 0.000002 0.000000 0.000000 0.004074 -0.363009
    16 1.099667 0.000000 -0.000001 0.000000 0.002596 -0.244331
    17 0.806053 -0.348926 1.321258 -1.222677 -0.679213 -0.788819
    18 1.789778 -0.000002 0.000002 0.000000 0.000000 0.228523
    19 1.207005 0.000000 0.000002 0.000000 0.000000 0.362860
    20 -1.326122 -4.050164 -4.265806 -1.668474 1.286518 2.942953
    21 6.028145 0.000000 0.000000 0.965390 1.213216 -1.618911
    22 11.692554 0.000001 0.000002 0.000000 0.000000 -0.448132
    23 11.481699 0.000001 0.000001 -1.127895 -0.401694 0.745059
    24 3.859680 -0.132567 1.193109 0.556564 -0.087968 -1.350794
    25 1.312555 -0.000002 0.000002 0.060750 -0.154961 -0.617544
    26 0.729365 0.000000 -0.000001 -0.038686 -0.390257 -1.077788
    27 3.942307 0.050327 0.431044 0.084798 -0.027442 -1.223352
    28 1.539099 -0.000002 0.000000 0.022843 -0.024305 -0.918008
    29 1.196321 0.000010 0.000000 0.000240 0.000899 -1.054528
    30 3.883659 -0.050321 -0.431042 -0.057621 -0.030802 -0.991651
    31 1.719578 0.000002 0.000000 0.008401 -0.006032 -1.391702
    32 1.209185 0.000002 0.000000 -0.002157 -0.009878 -0.415145
    33 3.859840 -0.148937 -1.331282 -0.307188 0.189765 -0.082571
    34 1.719421 0.000002 0.000000 -0.004638 -0.018358 -0.681020
    35 1.099669 0.000002 -0.000001 -0.002073 -0.004127 -0.509075
    36 0.950558 -1.145017 -1.396461 0.960539 0.354568 -0.636419
    37 1.789782 0.000000 -0.000004 -0.003739 -0.055525 0.270880
    38 1.206999 0.000002 0.000000 -0.005021 -0.008342 0.813514
    39 -1.744677 -23.949885 -7.873483 2.137978 -0.261345 0.227823
    40 0.025545 -1.273521 1.753304 0.000000 0.000000 0.000000
    41 0.001032 1.440453 -1.526783 0.000000 0.000000 0.000000
    42 0.004413 0.696487 -1.430595 0.000000 0.000000 0.000000
    43 0.580660 0.349014 -1.430595 0.000000 0.000000 0.000000
    44 0.583444 -0.305904 -1.430599 0.000000 0.000000 0.000000
    45 0.005318 -0.648720 -1.430599 0.000000 0.000000 0.000000
    46 -0.574618 -0.303123 -1.430601 0.000000 0.000000 0.000000
    47 -0.573714 0.348118 -1.430595 0.000000 0.000000 0.000000
    48 -0.029968 -0.059296 1.773438 -1.561870 -0.003783 0.018306
    49 0.041163 0.095589 -2.899426 -0.781108 -0.013985 0.002645
    50 0.081115 -2.496311 -0.915165 0.000000 0.000000 0.000000
    51 4.863281 2.800781 -18.203125 1.570792 0.000003 -0.000003
  time 163
    0 0.000000 -0.000006 0.000000 -1.570781 -1.391896 -1.570809
    1 1.208984 -4.433594 3.550781 1.596637 -1.286515 2.942961
    2 6.028141 0.000000 0.000000 -1.195109 0.288824 -1.112448
    3 11.692554 0.000001 0.000000 -0.000042 0.000042 -1.457059
    4 11.481670 0.000001 -0.000031 0.584912 -0.244611 0.261263
    5 3.859711 -0.142405 -1.191975 -0.468133 0.151533 -0.880197
    6 1.312555 -0.000002 0.000000 0.000000 0.000000 -0.439720
    7 0.729363 -0.000002 -0.000002 0.000000 0.000000 -0.244299
    8 3.942337 0.046767 -0.431443 -0.151780 0.073206 -0.810985
    9 1.539097 0.000000 0.000000 0.000000 0.000000 -0.247797
    10 1.196325 -0.000002 -0.000001 0.000000 0.000000 -0.430802
    11 3.883698 -0.046765 0.431443 0.085902 0.021830 -0.587867
    12 1.719570 -0.000004 -0.000001 0.000000 0.005516 -0.366478
    13 1.209169 -0.000004 0.000000 0.000000 0.003084 -0.216400
    14 3.859863 -0.137946 1.332466 0.354449 -0.042750 -0.531718
    15 1.719431 0.000002 0.000000 0.000000 0.004074 -0.363009
    16 1.099667 0.000000 -0.000001 0.000000 0.002596 -0.244331
    17 0.806053 -0.348926 1.321258 -1.222677 -0.679213 -0.788819
    18 1.789778 -0.000002 0.000002 0.000000 0.000000 0.228523
    19 1.207005 0.000000 0.000002 0.000000 0.000000 0.362860
    20 -1.306590 -4.077508 -4.273619 -1.668474 1.286518 2.942953
    21 6.028145 0.000000 0.000000 0.969606 1.205534 -1.613831
    22 11.692554 0.000001 0.000002 0.000000 0.000000 -0.435645
    23 11.481699 0.000001 0.000001 -1.122475 -0.394884 0.713589
    24 3.859680 -0.132567 1.193109 0.564270 -0.067882 -1.393157
    25 1.312555 -0.000002 0.000002 0.069199 -0.156651 -0.646279
    26 0.729365 0.000000 -0.000001 -0.027636 -0.406467 -1.152688
    27 3.942307 0.050327 0.431044 0.084462 -0.018429 -1.265127
    28 1.539099 -0.000002 0.000000 0.027013 -0.019271 -0.977167
    29 1.196321 0.000010 0.000000 -0.000252 0.007095 -1.110749
    30 3.883659 -0.050321 -0.431042 -0.050251 -0.028477 -1.032525
    31 1.719578 0.000002 0.000000 0.010642 -0.000076 -1.471673
    32 1.209185 0.000002 0.000000 0.000755 -0.005384 -0.442063
    33 3.859840 -0.148937 -1.331282 -0.299278 0.193887 -0.066060
    34 1.719421 0.000002 0.000000 -0.000515 -0.016069 -0.715368
    35 1.099669 0.000002 -0.000001 0.000683 0.000164 -0.522428
    36 0.950558 -1.145017 -1.396461 0.950318 0.330655 -0.606067
    37 1.789782 0.000000 -0.000004 -0.002696 -0.058042 0.296126
    38 1.206999 0.000002 0.000000 0.002589 -0.005369 0.872701
    39 -1.779835 -23.922541 -8.084427 2.127066 -0.261623 0.227302
    40 0.025545 -1.273521 1.753304 0.000000 0.000000 0.000000
    41 0.001032 1.440453 -1.526783 0.000000 0.000000 0.000000
    42 0.004413 0.696487 -1.430595 0.000000 0.000000 0.000000
    43 0.580660 0.349014 -1.430595 0.000000 0.000000 0.000000
    44 0.583444 -0.305904 -1.430599 0.000000 0.000000 0.000000
    45 0.005318 -0.648720 -1.430599 0.000000 0.000000 0.000000
    46 -0.574618 -0.303123 -1.430601 0.000000 0.000000 0.000000
    47 -0.573714 0.348118 -1.430595 0.000000 0.000000 0.000000
    48 -0.029968 -0.059296 1.773438 -1.561870 -0.003783 0.018306
    49 0.041163 0.095589 -2.899426 -0.781108 -0.013985 0.002645
    50 0.081115 -2.496311 -0.915165 0.000000 0.000000 0.000000
    51 4.863281 2.800781 -18.203125 1.570792 0.000003 -0.000003
  time 164
    0 0.000000 -0.000006 0.000000 -1.570781 -1.391896 -1.570809
    1 1.208984 -4.433594 3.550781 1.596637 -1.286515 2.942961
    2 6.028141 0.000000 0.000000 -1.195109 0.288824 -1.112448
    3 11.692554 0.000001 0.000000 -0.000042 0.000042 -1.457059
    4 11.481670 0.000001 -0.000031 0.584912 -0.244611 0.261263
    5 3.859711 -0.142405 -1.191975 -0.468133 0.151533 -0.880197
    6 1.312555 -0.000002 0.000000 0.000000 0.000000 -0.439720
    7 0.729363 -0.000002 -0.000002 0.000000 0.000000 -0.244299
    8 3.942337 0.046767 -0.431443 -0.151780 0.073206 -0.810985
    9 1.539097 0.000000 0.000000 0.000000 0.000000 -0.247797
    10 1.196325 -0.000002 -0.000001 0.000000 0.000000 -0.430802
    11 3.883698 -0.046765 0.431443 0.085902 0.021830 -0.587867
    12 1.719570 -0.000004 -0.000001 0.000000 0.005516 -0.366478
    13 1.209169 -0.000004 0.000000 0.000000 0.003084 -0.216400
    14 3.859863 -0.137946 1.332466 0.354449 -0.042750 -0.531718
    15 1.719431 0.000002 0.000000 0.000000 0.004074 -0.363009
    16 1.099667 0.000000 -0.000001 0.000000 0.002596 -0.244331
    17 0.806053 -0.348926 1.321258 -1.222677 -0.679213 -0.788819
    18 1.789778 -0.000002 0.000002 0.000000 0.000000 0.228523
    19 1.207005 0.000000 0.000002 0.000000 0.000000 0.362860
    20 -1.283152 -4.104853 -4.281432 -1.668474 1.286518 2.942953
    21 6.028145 0.000000 0.000000 0.975642 1.196419 -1.606775
    22 11.692554 0.000001 0.000002 0.000000 0.000000 -0.426410
    23 11.481699 0.000001 0.000001 -1.115983 -0.386522 0.680422
    24 3.859680 -0.132567 1.193109 0.566835 -0.060499 -1.408425
    25 1.312555 -0.000002 0.000002 0.072279 -0.157178 -0.656751
    26 0.729365 0.000000 -0.000001 -0.023334 -0.412071 -1.179796
    27 3.942307 0.050327 0.431044 0.084259 -0.015157 -1.280302
    28 1.539099 -0.000002 0.000000 0.028451 -0.017390 -0.998551
    29 1.196321 0.000010 0.000000 -0.000515 0.009336 -1.131081
    30 3.883659 -0.050321 -0.431042 -0.047602 -0.027555 -1.047369
    31 1.719578 0.000002 0.000000 0.011337 0.002093 -1.500326
    32 1.209185 0.000002 0.000000 0.001786 -0.003730 -0.451851
    33 3.859840 -0.148937 -1.331282 -0.296390 0.195349 -0.060075
    34 1.719421 0.000002 0.000000 0.000947 -0.015206 -0.727822
    35 1.099669 0.000002 -0.000001 0.001678 0.001733 -0.527261
    36 0.950558 -1.145017 -1.396461 0.946436 0.322047 -0.595049
    37 1.789782 0.000000 -0.000004 -0.002337 -0.058952 0.305322
    38 1.206999 0.000002 0.000000 0.005393 -0.004411 0.894087
    39 -1.822805 -23.887384 -8.268026 2.112805 -0.261994 0.226606
    40 0.025545 -1.273521 1.753304 0.000000 0.000000 0.000000
    41 0.001032 1.440453 -1.526783 0.000000 0.000000 0.000000
    42 0.004413 0.696487 -1.430595 0.000000 0.000000 0.000000
    43 0.580660 0.349014 -1.430595 0.000000 0.000000 0.000000
    44 0.583444 -0.305904 -1.430599 0.000000 0.000000 0.000000
    45 0.005318 -0.648720 -1.430599 0.000000 0.000000 0.000000
    46 -0.574618 -0.303123 -1.430601 0.000000 0.000000 0.000000
    47 -0.573714 0.348118 -1.430595 0.000000 0.000000 0.000000
    48 -0.029968 -0.059296 1.773438 -1.561870 -0.003783 0.018306
    49 0.041163 0.095589 -2.899426 -0.781108 -0.013985 0.002645
    50 0.081115 -2.496311 -0.915165 0.000000 0.000000 0.000000
    51 4.863281 2.800781 -18.203125 1.570792 0.000003 -0.000003
  time 165
    0 0.000000 -0.000006 0.000000 -1.570781 -1.391896 -1.570809
    1 1.208984 -4.433594 3.550781 1.596637 -1.286515 2.942961
    2 6.028141 0.000000 0.000000 -1.195109 0.288824 -1.112448
    3 11.692554 0.000001 0.000000 -0.000042 0.000042 -1.457059
    4 11.481670 0.000001 -0.000031 0.584912 -0.244611 0.261263
    5 3.859711 -0.142405 -1.191975 -0.468133 0.151533 -0.880197
    6 1.312555 -0.000002 0.000000 0.000000 0.000000 -0.439720
    7 0.729363 -0.000002 -0.000002 0.000000 0.000000 -0.244299
    8 3.942337 0.046767 -0.431443 -0.151780 0.073206 -0.810985
    9 1.539097 0.000000 0.000000 0.000000 0.000000 -0.247797
    10 1.196325 -0.000002 -0.000001 0.000000 0.000000 -0.430802
    11 3.883698 -0.046765 0.431443 0.085902 0.021830 -0.587867
    12 1.719570 -0.000004 -0.000001 0.000000 0.005516 -0.366478
    13 1.209169 -0.000004 0.000000 0.000000 0.003084 -0.216400
    14 3.859863 -0.137946 1.332466 0.354449 -0.042750 -0.531718
    15 1.719431 0.000002 0.000000 0.000000 0.004074 -0.363009
    16 1.099667 0.000000 -0.000001 0.000000 0.002596 -0.244331
    17 0.806053 -0.348926 1.321258 -1.222677 -0.679213 -0.788819
    18 1.789778 -0.000002 0.000002 0.000000 0.000000 0.228523
    19 1.207005 0.000000 0.000002 0.000000 0.000000 0.362860
    20 -1.259713 -4.132197 -4.289244 -1.668474 1.286518 2.942953
    21 6.028145 0.000000 0.000000 0.982252 1.186684 -1.598966
    22 11.692554 0.000001 0.000002 0.000000 0.000000 -0.419169
    23 11.481699 0.000001 0.000001 -1.108927 -0.377169 0.646480
    24 3.859680 -0.132567 1.193109 0.566835 -0.060499 -1.408425
    25 1.312555 -0.000002 0.000002 0.072279 -0.157178 -0.656751
    26 0.729365 0.000000 -0.000001 -0.023334 -0.412071 -1.179796
    27 3.942307 0.050327 0.431044 0.084259 -0.015157 -1.280302
    28 1.539099 -0.000002 0.000000 0.028451 -0.017390 -0.998551
    29 1.196321 0.000010 0.000000 -0.000515 0.009336 -1.131081
    30 3.883659 -0.050321 -0.431042 -0.047602 -0.027555 -1.047369
    31 1.719578 0.000002 0.000000 0.011337 0.002093 -1.500326
    32 1.209185 0.000002 0.000000 0.001786 -0.003742 -0.451851
    33 3.859840 -0.148937 -1.331282 -0.296390 0.195349 -0.060075
    34 1.719421 0.000002 0.000000 0.000947 -0.015206 -0.727822
    35 1.099669 0.000002 -0.000001 0.001678 0.001733 -0.527261
    36 0.950558 -1.145017 -1.396461 0.946436 0.322047 -0.595049
    37 1.789782 0.000000 -0.000004 -0.002337 -0.058952 0.305322
    38 1.206999 0.000002 0.000000 0.005393 -0.004411 0.894087
    39 -1.869681 -23.844414 -8.432094 2.096342 -0.262412 0.225824
    40 0.025545 -1.273521 1.753304 0.000000 0.000000 0.000000
    41 0.001032 1.440453 -1.526783 0.000000 0.000000 0.000000
    42 0.004413 0.696487 -1.430595 0.000000 0.000000 0.000000
    43 0.580660 0.349014 -1.430595 0.000000 0.000000 0.000000
    44 0.583444 -0.305904 -1.430599 0.000000 0.000000 0.000000
    45 0.005318 -0.648720 -1.430599 0.000000 0.000000 0.000000
    46 -0.574618 -0.303123 -1.430601 0.000000 0.000000 0.000000
    47 -0.573714 0.348118 -1.430595 0.000000 0.000000 0.000000
    48 -0.029968 -0.059296 1.773438 -1.561870 -0.003783 0.018306
    49 0.041163 0.095589 -2.899426 -0.781108 -0.013985 0.002645
    50 0.081115 -2.496311 -0.915165 0.000000 0.000000 0.000000
    51 4.863281 2.800781 -18.203125 1.570792 0.000003 -0.000003
  time 166
    0 0.000000 -0.000006 0.000000 -1.570781 -1.391896 -1.570809
    1 1.208984 -4.433594 3.550781 1.596637 -1.286515 2.942961
    2 6.028141 0.000000 0.000000 -1.195109 0.288824 -1.112448
    3 11.692554 0.000001 0.000000 -0.000042 0.000042 -1.457059
    4 11.481670 0.000001 -0.000031 0.584912 -0.244611 0.261263
    5 3.859711 -0.142405 -1.191975 -0.468133 0.151533 -0.880197
    6 1.312555 -0.000002 0.000000 0.000000 0.000000 -0.439720
    7 0.729363 -0.000002 -0.000002 0.000000 0.000000 -0.244299
    8 3.942337 0.046767 -0.431443 -0.151780 0.073206 -0.810985
    9 1.539097 0.000000 0.000000 0.000000 0.000000 -0.247797
    10 1.196325 -0.000002 -0.000001 0.000000 0.000000 -0.430802
    11 3.883698 -0.046765 0.431443 0.085902 0.021830 -0.587867
    12 1.719570 -0.000004 -0.000001 0.000000 0.005516 -0.366478
    13 1.209169 -0.000004 0.000000 0.000000 0.003084 -0.216400
    14 3.859863 -0.137946 1.332466 0.354449 -0.042750 -0.531718
    15 1.719431 0.000002 0.000000 0.000000 0.004074 -0.363009
    16 1.099667 0.000000 -0.000001 0.000000 0.002596 -0.244331
    17 0.806053 -0.348926 1.321258 -1.222677 -0.679213 -0.788819
    18 1.789778 -0.000002 0.000002 0.000000 0.000000 0.228523
    19 1.207005 0.000000 0.000002 0.000000 0.000000 0.362860
    20 -1.232369 -4.163448 -4.297057 -1.668474 1.286518 2.942953
    21 6.028145 0.000000 0.000000 0.989438 1.176472 -1.590593
    22 11.692554 0.000001 0.000002 0.000000 0.000000 -0.414144
    23 11.481699 0.000001 0.000001 -1.101758 -0.367213 0.613022
    24 3.859680 -0.132567 1.193109 0.566835 -0.060499 -1.408425
    25 1.312555 -0.000002 0.000002 0.072279 -0.157178 -0.656751
    26 0.729365 0.000000 -0.000001 -0.023334 -0.412071 -1.179796
    27 3.942307 0.050327 0.431044 0.084259 -0.015157 -1.280302
    28 1.539099 -0.000002 0.000000 0.028451 -0.017390 -0.998551
    29 1.196321 0.000010 0.000000 -0.000515 0.009336 -1.131081
    30 3.883659 -0.050321 -0.431042 -0.047602 -0.027555 -1.047369
    31 1.719578 0.000002 0.000000 0.011337 0.002093 -1.500326
    32 1.209185 0.000002 0.000000 0.001786 -0.003730 -0.451851
    33 3.859840 -0.148937 -1.331282 -0.296390 0.195349 -0.060075
    34 1.719421 0.000002 0.000000 0.000947 -0.015206 -0.727822
    35 1.099669 0.000002 -0.000001 0.001678 0.001733 -0.527261
    36 0.950558 -1.145017 -1.396461 0.946436 0.322047 -0.595049
    37 1.789782 0.000000 -0.000004 -0.002337 -0.058952 0.305322
    38 1.206999 0.000002 0.000000 0.005393 -0.004411 0.894087
    39 -1.920464 -23.793631 -8.564910 2.078635 -0.262876 0.225042
    40 0.025545 -1.273521 1.753304 0.000000 0.000000 0.000000
    41 0.001032 1.440453 -1.526783 0.000000 0.000000 0.000000
    42 0.004413 0.696487 -1.430595 0.000000 0.000000 0.000000
    43 0.580660 0.349014 -1.430595 0.000000 0.000000 0.000000
    44 0.583444 -0.305904 -1.430599 0.000000 0.000000 0.000000
    45 0.005318 -0.648720 -1.430599 0.000000 0.000000 0.000000
    46 -0.574618 -0.303123 -1.430601 0.000000 0.000000 0.000000
    47 -0.573714 0.348118 -1.430595 0.000000 0.000000 0.000000
    48 -0.029968 -0.059296 1.773438 -1.561870 -0.003783 0.018306
    49 0.041163 0.095589 -2.899426 -0.781108 -0.013985 0.002645
    50 0.081115 -2.496311 -0.915165 0.000000 0.000000 0.000000
    51 4.863281 2.800781 -18.203125 1.570792 0.000003 -0.000003
  time 167
    0 0.000000 -0.000006 0.000000 -1.570781 -1.391896 -1.570809
    1 1.208984 -4.433594 3.550781 1.596637 -1.286515 2.942961
    2 6.028141 0.000000 0.000000 -1.195109 0.288824 -1.112448
    3 11.692554 0.000001 0.000000 -0.000042 0.000042 -1.457059
    4 11.481670 0.000001 -0.000031 0.584912 -0.244611 0.261263
    5 3.859711 -0.142405 -1.191975 -0.468133 0.151533 -0.880197
    6 1.312555 -0.000002 0.000000 0.000000 0.000000 -0.439720
    7 0.729363 -0.000002 -0.000002 0.000000 0.000000 -0.244299
    8 3.942337 0.046767 -0.431443 -0.151780 0.073206 -0.810985
    9 1.539097 0.000000 0.000000 0.000000 0.000000 -0.247797
    10 1.196325 -0.000002 -0.000001 0.000000 0.000000 -0.430802
    11 3.883698 -0.046765 0.431443 0.085902 0.021830 -0.587867
    12 1.719570 -0.000004 -0.000001 0.000000 0.005516 -0.366478
    13 1.209169 -0.000004 0.000000 0.000000 0.003084 -0.216400
    14 3.859863 -0.137946 1.332466 0.354449 -0.042750 -0.531718
    15 1.719431 0.000002 0.000000 0.000000 0.004074 -0.363009
    16 1.099667 0.000000 -0.000001 0.000000 0.002596 -0.244331
    17 0.806053 -0.348926 1.321258 -1.222677 -0.679213 -0.788819
    18 1.789778 -0.000002 0.000002 0.000000 0.000000 0.228523
    19 1.207005 0.000000 0.000002 0.000000 0.000000 0.362860
    20 -1.205024 -4.194699 -4.308776 -1.668474 1.286518 2.942953
    21 6.028145 0.000000 0.000000 0.996815 1.166261 -1.582031
    22 11.692554 0.000001 0.000002 0.000000 0.000000 -0.410893
    23 11.481699 0.000001 0.000001 -1.094814 -0.356998 0.580728
    24 3.859680 -0.132567 1.193109 0.566835 -0.060499 -1.408425
    25 1.312555 -0.000002 0.000002 0.072279 -0.157178 -0.656751
    26 0.729365 0.000000 -0.000001 -0.023334 -0.412071 -1.179796
    27 3.942307 0.050327 0.431044 0.084259 -0.015157 -1.280302
    28 1.539099 -0.000002 0.000000 0.028451 -0.017390 -0.998551
    29 1.196321 0.000010 0.000000 -0.000515 0.009336 -1.131081
    30 3.883659 -0.050321 -0.431042 -0.047602 -0.027555 -1.047369
    31 1.719578 0.000002 0.000000 0.011337 0.002093 -1.500326
    32 1.209185 0.000002 0.000000 0.001786 -0.003730 -0.451851
    33 3.859840 -0.148937 -1.331282 -0.296390 0.195349 -0.060075
    34 1.719421 0.000002 0.000000 0.000947 -0.015206 -0.727822
    35 1.099669 0.000002 -0.000001 0.001678 0.001733 -0.527261
    36 0.950558 -1.145017 -1.396461 0.946436 0.322047 -0.595049
    37 1.789782 0.000000 -0.000004 -0.002337 -0.058952 0.305322
    38 1.206999 0.000002 0.000000 0.005393 -0.004411 0.894087
    39 -1.975153 -23.738942 -8.678195 2.060162 -0.263387 0.224172
    40 0.025545 -1.273521 1.753304 0.000000 0.000000 0.000000
    41 0.001032 1.440453 -1.526783 0.000000 0.000000 0.000000
    42 0.004413 0.696487 -1.430595 0.000000 0.000000 0.000000
    43 0.580660 0.349014 -1.430595 0.000000 0.000000 0.000000
    44 0.583444 -0.305904 -1.430599 0.000000 0.000000 0.000000
    45 0.005318 -0.648720 -1.430599 0.000000 0.000000 0.000000
    46 -0.574618 -0.303123 -1.430601 0.000000 0.000000 0.000000
    47 -0.573714 0.348118 -1.430595 0.000000 0.000000 0.000000
    48 -0.029968 -0.059296 1.773438 -1.561870 -0.003783 0.018306
    49 0.041163 0.095589 -2.899426 -0.781108 -0.013985 0.002645
    50 0.081115 -2.496311 -0.915165 0.000000 0.000000 0.000000
    51 4.863281 2.800781 -18.203125 1.570792 0.000003 -0.000003
  time 168
    0 0.000000 -0.000006 0.000000 -1.570781 -1.391896 -1.570809
    1 1.208984 -4.433594 3.550781 1.596637 -1.286515 2.942961
    2 6.028141 0.000000 0.000000 -1.195109 0.288824 -1.112448
    3 11.692554 0.000001 0.000000 -0.000042 0.000042 -1.457059
    4 11.481670 0.000001 -0.000031 0.584912 -0.244611 0.261263
    5 3.859711 -0.142405 -1.191975 -0.468133 0.151533 -0.880197
    6 1.312555 -0.000002 0.000000 0.000000 0.000000 -0.439720
    7 0.729363 -0.000002 -0.000002 0.000000 0.000000 -0.244299
    8 3.942337 0.046767 -0.431443 -0.151780 0.073206 -0.810985
    9 1.539097 0.000000 0.000000 0.000000 0.000000 -0.247797
    10 1.196325 -0.000002 -0.000001 0.000000 0.000000 -0.430802
    11 3.883698 -0.046765 0.431443 0.085902 0.021830 -0.587867
    12 1.719570 -0.000004 -0.000001 0.000000 0.005516 -0.366478
    13 1.209169 -0.000004 0.000000 0.000000 0.003084 -0.216400
    14 3.859863 -0.137946 1.332466 0.354449 -0.042750 -0.531718
    15 1.719431 0.000002 0.000000 0.000000 0.004074 -0.363009
    16 1.099667 0.000000 -0.000001 0.000000 0.002596 -0.244331
    17 0.806053 -0.348926 1.321258 -1.222677 -0.679213 -0.788819
    18 1.789778 -0.000002 0.000002 0.000000 0.000000 0.228523
    19 1.207005 0.000000 0.000002 0.000000 0.000000 0.362860
    20 -1.177680 -4.229856 -4.316589 -1.668474 1.286518 2.942953
    21 6.028145 0.000000 0.000000 1.004383 1.156049 -1.573282
    22 11.692554 0.000001 0.000002 0.000000 0.000000 -0.409637
    23 11.481699 0.000001 0.000001 -1.088210 -0.346826 0.550519
    24 3.859680 -0.132567 1.193109 0.566835 -0.060499 -1.408425
    25 1.312555 -0.000002 0.000002 0.072279 -0.157178 -0.656751
    26 0.729365 0.000000 -0.000001 -0.023334 -0.412071 -1.179796
    27 3.942307 0.050327 0.431044 0.084259 -0.015157 -1.280302
    28 1.539099 -0.000002 0.000000 0.028451 -0.017390 -0.998551
    29 1.196321 0.000010 0.000000 -0.000515 0.009336 -1.131081
    30 3.883659 -0.050321 -0.431042 -0.047602 -0.027555 -1.047369
    31 1.719578 0.000002 0.000000 0.011337 0.002093 -1.500326
    32 1.209185 0.000002 0.000000 0.001786 -0.003730 -0.451851
    33 3.859840 -0.148937 -1.331282 -0.296390 0.195349 -0.060075
    34 1.719421 0.000002 0.000000 0.000947 -0.015206 -0.727822
    35 1.099669 0.000002 -0.000001 0.001678 0.001733 -0.527261
    36 0.950558 -1.145017 -1.396461 0.946436 0.322047 -0.595049
    37 1.789782 0.000000 -0.000004 -0.002337 -0.058952 0.305322
    38 1.206999 0.000002 0.000000 0.005393 -0.004411 0.894087
    39 -2.029842 -23.676440 -8.760229 2.041689 -0.263897 0.223303
    40 0.025545 -1.273521 1.753304 0.000000 0.000000 0.000000
    41 0.001032 1.440453 -1.526783 0.000000 0.000000 0.000000
    42 0.004413 0.696487 -1.430595 0.000000 0.000000 0.000000
    43 0.580660 0.349014 -1.430595 0.000000 0.000000 0.000000
    44 0.583444 -0.305904 -1.430599 0.000000 0.000000 0.000000
    45 0.005318 -0.648720 -1.430599 0.000000 0.000000 0.000000
    46 -0.574618 -0.303123 -1.430601 0.000000 0.000000 0.000000
    47 -0.573714 0.348118 -1.430595 0.000000 0.000000 0.000000
    48 -0.029968 -0.059296 1.773438 -1.561870 -0.003783 0.018306
    49 0.041163 0.095589 -2.899426 -0.781108 -0.013985 0.002645
    50 0.081115 -2.496311 -0.915165 0.000000 0.000000 0.000000
    51 4.863281 2.800781 -18.203125 1.570792 0.000003 -0.000003
  time 169
    0 0.000000 -0.000006 0.000000 -1.570781 -1.391896 -1.570809
    1 1.208984 -4.433594 3.550781 1.596637 -1.286515 2.942961
    2 6.028141 0.000000 0.000000 -1.195109 0.288824 -1.112448
    3 11.692554 0.000001 0.000000 -0.000042 0.000042 -1.457059
    4 11.481670 0.000001 -0.000031 0.584912 -0.244611 0.261263
    5 3.859711 -0.142405 -1.191975 -0.468133 0.151533 -0.880197
    6 1.312555 -0.000002 0.000000 0.000000 0.000000 -0.439720
    7 0.729363 -0.000002 -0.000002 0.000000 0.000000 -0.244299
    8 3.942337 0.046767 -0.431443 -0.151780 0.073206 -0.810985
    9 1.539097 0.000000 0.000000 0.000000 0.000000 -0.247797
    10 1.196325 -0.000002 -0.000001 0.000000 0.000000 -0.430802
    11 3.883698 -0.046765 0.431443 0.085902 0.021830 -0.587867
    12 1.719570 -0.000004 -0.000001 0.000000 0.005516 -0.366478
    13 1.209169 -0.000004 0.000000 0.000000 0.003084 -0.216400
    14 3.859863 -0.137946 1.332466 0.354449 -0.042750 -0.531718
    15 1.719431 0.000002 0.000000 0.000000 0.004074 -0.363009
    16 1.099667 0.000000 -0.000001 0.000000 0.002596 -0.244331
    17 0.806053 -0.348926 1.321258 -1.222677 -0.679213 -0.788819
    18 1.789778 -0.000002 0.000002 0.000000 0.000000 0.228523
    19 1.207005 0.000000 0.000002 0.000000 0.000000 0.362860
    20 -1.146429 -4.265014 -4.328308 -1.668474 1.286518 2.942953
    21 6.028145 0.000000 0.000000 1.012335 1.145884 -1.564156
    22 11.692554 0.000001 0.000002 0.000000 0.000000 -0.410819
    23 11.481699 0.000001 0.000001 -1.082113 -0.336912 0.523220
    24 3.859680 -0.132567 1.193109 0.566835 -0.060499 -1.408425
    25 1.312555 -0.000002 0.000002 0.072279 -0.157178 -0.656751
    26 0.729365 0.000000 -0.000001 -0.023334 -0.412071 -1.179796
    27 3.942307 0.050327 0.431044 0.084259 -0.015157 -1.280302
    28 1.539099 -0.000002 0.000000 0.028451 -0.017390 -0.998551
    29 1.196321 0.000010 0.000000 -0.000515 0.009336 -1.131081
    30 3.883659 -0.050321 -0.431042 -0.047602 -0.027555 -1.047369
    31 1.719578 0.000002 0.000000 0.011337 0.002093 -1.500326
    32 1.209185 0.000002 0.000000 0.001786 -0.003742 -0.451851
    33 3.859840 -0.148937 -1.331282 -0.296390 0.195349 -0.060075
    34 1.719421 0.000002 0.000000 0.000947 -0.015206 -0.727822
    35 1.099669 0.000002 -0.000001 0.001678 0.001733 -0.527261
    36 0.950558 -1.145017 -1.396461 0.946436 0.322047 -0.595049
    37 1.789782 0.000000 -0.000004 -0.002337 -0.058952 0.305322
    38 1.206999 0.000002 0.000000 0.005393 -0.004411 0.894087
    39 -2.088438 -23.610031 -8.818824 2.023503 -0.264408 0.222520
    40 0.025545 -1.273521 1.753304 0.000000 0.000000 0.000000
    41 0.001032 1.440453 -1.526783 0.000000 0.000000 0.000000
    42 0.004413 0.696487 -1.430595 0.000000 0.000000 0.000000
    43 0.580660 0.349014 -1.430595 0.000000 0.000000 0.000000
    44 0.583444 -0.305904 -1.430599 0.000000 0.000000 0.000000
    45 0.005318 -0.648720 -1.430599 0.000000 0.000000 0.000000
    46 -0.574618 -0.303123 -1.430601 0.000000 0.000000 0.000000
    47 -0.573714 0.348118 -1.430595 0.000000 0.000000 0.000000
    48 -0.029968 -0.059296 1.773438 -1.561870 -0.003783 0.018306
    49 0.041163 0.095589 -2.899426 -0.781108 -0.013985 0.002645
    50 0.081115 -2.496311 -0.915165 0.000000 0.000000 0.000000
    51 4.863281 2.800781 -18.203125 1.570792 0.000003 -0.000003
  time 170
    0 0.000000 -0.000006 0.000000 -1.570781 -1.391896 -1.570809
    1 1.208984 -4.433594 3.550781 1.596637 -1.286515 2.942961
    2 6.028141 0.000000 0.000000 -1.195109 0.288824 -1.112448
    3 11.692554 0.000001 0.000000 -0.000042 0.000042 -1.457059
    4 11.481670 0.000001 -0.000031 0.584912 -0.244611 0.261263
    5 3.859711 -0.142405 -1.191975 -0.468133 0.151533 -0.880197
    6 1.312555 -0.000002 0.000000 0.000000 0.000000 -0.439720
    7 0.729363 -0.000002 -0.000002 0.000000 0.000000 -0.244299
    8 3.942337 0.046767 -0.431443 -0.151780 0.073206 -0.810985
    9 1.539097 0.000000 0.000000 0.000000 0.000000 -0.247797
    10 1.196325 -0.000002 -0.000001 0.000000 0.000000 -0.430802
    11 3.883698 -0.046765 0.431443 0.085902 0.021830 -0.587867
    12 1.719570 -0.000004 -0.000001 0.000000 0.005516 -0.366478
    13 1.209169 -0.000004 0.000000 0.000000 0.003084 -0.216400
    14 3.859863 -0.137946 1.332466 0.354449 -0.042750 -0.531718
    15 1.719431 0.000002 0.000000 0.000000 0.004074 -0.363009
    16 1.099667 0.000000 -0.000001 0.000000 0.002596 -0.244331
    17 0.806053 -0.348926 1.321258 -1.222677 -0.679213 -0.788819
    18 1.789778 -0.000002 0.000002 0.000000 0.000000 0.228523
    19 1.207005 0.000000 0.000002 0.000000 0.000000 0.362860
    20 -1.115178 -4.304078 -4.336121 -1.668474 1.286518 2.942953
    21 6.028145 0.000000 0.000000 1.022586 1.134145 -1.552584
    22 11.692554 0.000001 0.000002 0.000000 0.000000 -0.417986
    23 11.481699 0.000001 0.000001 -1.076637 -0.327430 0.500721
    24 3.859680 -0.132567 1.193109 0.566835 -0.060499 -1.408425
    25 1.312555 -0.000002 0.000002 0.072279 -0.157178 -0.656751
    26 0.729365 0.000000 -0.000001 -0.023334 -0.412071 -1.179796
    27 3.942307 0.050327 0.431044 0.084259 -0.015157 -1.280302
    28 1.539099 -0.000002 0.000000 0.028451 -0.017390 -0.998551
    29 1.196321 0.000010 0.000000 -0.000515 0.009336 -1.131081
    30 3.883659 -0.050321 -0.431042 -0.047602 -0.027555 -1.047369
    31 1.719578 0.000002 0.000000 0.011337 0.002093 -1.500326
    32 1.209185 0.000002 0.000000 0.001786 -0.003742 -0.451851
    33 3.859840 -0.148937 -1.331282 -0.296390 0.195349 -0.060075
    34 1.719421 0.000002 0.000000 0.000947 -0.015206 -0.727822
    35 1.099669 0.000002 -0.000001 0.001678 0.001733 -0.527261
    36 0.950558 -1.145017 -1.396461 0.946436 0.322047 -0.595049
    37 1.789782 0.000000 -0.000004 -0.002337 -0.058952 0.305322
    38 1.206999 0.000002 0.000000 0.005393 -0.004411 0.894087
    39 -2.147033 -23.531904 -8.853982 2.006083 -0.264964 0.221738
    40 0.025545 -1.273521 1.753304 0.000000 0.000000 0.000000
    41 0.001032 1.440453 -1.526783 0.000000 0.000000 0.000000
    42 0.004413 0.696487 -1.430595 0.000000 0.000000 0.000000
    43 0.580660 0.349014 -1.430595 0.000000 0.000000 0.000000
    44 0.583444 -0.305904 -1.430599 0.000000 0.000000 0.000000
    45 0.005318 -0.648720 -1.430599 0.000000 0.000000 0.000000
    46 -0.574618 -0.303123 -1.430601 0.000000 0.000000 0.000000
    47 -0.573714 0.348118 -1.430595 0.000000 0.000000 0.000000
    48 -0.029968 -0.059296 1.773438 -1.561870 -0.003783 0.018306
    49 0.041163 0.095589 -2.899426 -0.781108 -0.013985 0.002645
    50 0.081115 -2.496311 -0.915165 0.000000 0.000000 0.000000
    51 4.863281 2.800781 -18.203125 1.570792 0.000003 -0.000003
  time 171
    0 0.000000 -0.000006 0.000000 -1.570781 -1.391896 -1.570809
    1 1.208984 -4.433594 3.550781 1.596637 -1.286515 2.942961
    2 6.028141 0.000000 0.000000 -1.195109 0.288824 -1.112448
    3 11.692554 0.000001 0.000000 -0.000042 0.000042 -1.457059
    4 11.481670 0.000001 -0.000031 0.584912 -0.244611 0.261263
    5 3.859711 -0.142405 -1.191975 -0.468133 0.151533 -0.880197
    6 1.312555 -0.000002 0.000000 0.000000 0.000000 -0.439720
    7 0.729363 -0.000002 -0.000002 0.000000 0.000000 -0.244299
    8 3.942337 0.046767 -0.431443 -0.151780 0.073206 -0.810985
    9 1.539097 0.000000 0.000000 0.000000 0.000000 -0.247797
    10 1.196325 -0.000002 -0.000001 0.000000 0.000000 -0.430802
    11 3.883698 -0.046765 0.431443 0.085902 0.021830 -0.587867
    12 1.719570 -0.000004 -0.000001 0.000000 0.005516 -0.366478
    13 1.209169 -0.000004 0.000000 0.000000 0.003084 -0.216400
    14 3.859863 -0.137946 1.332466 0.354449 -0.042750 -0.531718
    15 1.719431 0.000002 0.000000 0.000000 0.004074 -0.363009
    16 1.099667 0.000000 -0.000001 0.000000 0.002596 -0.244331
    17 0.806053 -0.348926 1.321258 -1.222677 -0.679213 -0.788819
    18 1.789778 -0.000002 0.000002 0.000000 0.000000 0.228523
    19 1.207005 0.000000 0.000002 0.000000 0.000000 0.362860
    20 -1.083927 -4.343141 -4.347840 -1.668474 1.286518 2.942953
    21 6.028145 0.000000 0.000000 1.036287 1.119448 -1.537155
    22 11.692554 0.000001 0.000002 0.000000 0.000000 -0.433651
    23 11.481699 0.000001 0.000001 -1.071782 -0.318465 0.484477
    24 3.859680 -0.132567 1.193109 0.566835 -0.060499 -1.408425
    25 1.312555 -0.000002 0.000002 0.072279 -0.157178 -0.656751
    26 0.729365 0.000000 -0.000001 -0.023334 -0.412071 -1.179796
    27 3.942307 0.050327 0.431044 0.084259 -0.015157 -1.280302
    28 1.539099 -0.000002 0.000000 0.028451 -0.017390 -0.998551
    29 1.196321 0.000010 0.000000 -0.000515 0.009336 -1.131081
    30 3.883659 -0.050321 -0.431042 -0.047602 -0.027555 -1.047369
    31 1.719578 0.000002 0.000000 0.011337 0.002093 -1.500326
    32 1.209185 0.000002 0.000000 0.001786 -0.003742 -0.451851
    33 3.859840 -0.148937 -1.331282 -0.296390 0.195349 -0.060075
    34 1.719421 0.000002 0.000000 0.000947 -0.015206 -0.727822
    35 1.099669 0.000002 -0.000001 0.001678 0.001733 -0.527261
    36 0.950558 -1.145017 -1.396461 0.946436 0.322047 -0.595049
    37 1.789782 0.000000 -0.000004 -0.002337 -0.058952 0.305322
    38 1.206999 0.000002 0.000000 0.005393 -0.004411 0.894087
    39 -2.209535 -23.430338 -8.869607 1.989812 -0.265428 0.221043
    40 0.025545 -1.273521 1.753304 0.000000 0.000000 0.000000
    41 0.001032 1.440453 -1.526783 0.000000 0.000000 0.000000
    42 0.004413 0.696487 -1.430595 0.000000 0.000000 0.000000
    43 0.580660 0.349014 -1.430595 0.000000 0.000000 0.000000
    44 0.583444 -0.305904 -1.430599 0.000000 0.000000 0.000000
    45 0.005318 -0.648720 -1.430599 0.000000 0.000000 0.000000
    46 -0.574618 -0.303123 -1.430601 0.000000 0.000000 0.000000
    47 -0.573714 0.348118 -1.430595 0.000000 0.000000 0.000000
    48 -0.029968 -0.059296 1.773438 -1.561870 -0.003783 0.018306
    49 0.041163 0.095589 -2.899426 -0.781108 -0.013985 0.002645
    50 0.081115 -2.496311 -0.915165 0.000000 0.000000 0.000000
    51 4.863281 2.800781 -18.203125 1.570792 0.000003 -0.000003
  time 172
    0 0.000000 -0.000006 0.000000 -1.570781 -1.391896 -1.570809
    1 1.208984 -4.433594 3.550781 1.596637 -1.286515 2.942961
    2 6.028141 0.000000 0.000000 -1.195109 0.288824 -1.112448
    3 11.692554 0.000001 0.000000 -0.000042 0.000042 -1.457059
    4 11.481670 0.000001 -0.000031 0.584912 -0.244611 0.261263
    5 3.859711 -0.142405 -1.191975 -0.468133 0.151533 -0.880197
    6 1.312555 -0.000002 0.000000 0.000000 0.000000 -0.439720
    7 0.729363 -0.000002 -0.000002 0.000000 0.000000 -0.244299
    8 3.942337 0.046767 -0.431443 -0.151780 0.073206 -0.810985
    9 1.539097 0.000000 0.000000 0.000000 0.000000 -0.247797
    10 1.196325 -0.000002 -0.000001 0.000000 0.000000 -0.430802
    11 3.883698 -0.046765 0.431443 0.085902 0.021830 -0.587867
    12 1.719570 -0.000004 -0.000001 0.000000 0.005516 -0.366478
    13 1.209169 -0.000004 0.000000 0.000000 0.003084 -0.216400
    14 3.859863 -0.137946 1.332466 0.354449 -0.042750 -0.531718
    15 1.719431 0.000002 0.000000 0.000000 0.004074 -0.363009
    16 1.099667 0.000000 -0.000001 0.000000 0.002596 -0.244331
    17 0.806053 -0.348926 1.321258 -1.222677 -0.679213 -0.788819
    18 1.789778 -0.000002 0.000002 0.000000 0.000000 0.228523
    19 1.207005 0.000000 0.000002 0.000000 0.000000 0.362860
    20 -1.048769 -4.382205 -4.359559 -1.668474 1.286518 2.942953
    21 6.028145 0.000000 0.000000 1.051999 1.102507 -1.519468
    22 11.692554 0.000001 0.000002 0.000000 0.000000 -0.456112
    23 11.481699 0.000001 0.000001 -1.067549 -0.310232 0.473954
    24 3.859680 -0.132567 1.193109 0.566835 -0.060499 -1.408425
    25 1.312555 -0.000002 0.000002 0.072279 -0.157178 -0.656751
    26 0.729365 0.000000 -0.000001 -0.023334 -0.412071 -1.179796
    27 3.942307 0.050327 0.431044 0.084259 -0.015157 -1.280302
    28 1.539099 -0.000002 0.000000 0.028451 -0.017390 -0.998551
    29 1.196321 0.000010 0.000000 -0.000515 0.009336 -1.131081
    30 3.883659 -0.050321 -0.431042 -0.047602 -0.027555 -1.047369
    31 1.719578 0.000002 0.000000 0.011337 0.002093 -1.500326
    32 1.209185 0.000002 0.000000 0.001786 -0.003742 -0.451851
    33 3.859840 -0.148937 -1.331282 -0.296390 0.195349 -0.060075
    34 1.719421 0.000002 0.000000 0.000947 -0.015206 -0.727822
    35 1.099669 0.000002 -0.000001 0.001678 0.001733 -0.527261
    36 0.950558 -1.145017 -1.396461 0.946436 0.322047 -0.595049
    37 1.789782 0.000000 -0.000004 -0.002337 -0.058952 0.305322
    38 1.206999 0.000002 0.000000 0.005393 -0.004411 0.894087
    39 -2.272037 -23.309241 -8.873514 1.974784 -0.265892 0.220347
    40 0.025545 -1.273521 1.753304 0.000000 0.000000 0.000000
    41 0.001032 1.440453 -1.526783 0.000000 0.000000 0.000000
    42 0.004413 0.696487 -1.430595 0.000000 0.000000 0.000000
    43 0.580660 0.349014 -1.430595 0.000000 0.000000 0.000000
    44 0.583444 -0.305904 -1.430599 0.000000 0.000000 0.000000
    45 0.005318 -0.648720 -1.430599 0.000000 0.000000 0.000000
    46 -0.574618 -0.303123 -1.430601 0.000000 0.000000 0.000000
    47 -0.573714 0.348118 -1.430595 0.000000 0.000000 0.000000
    48 -0.029968 -0.059296 1.773438 -1.561870 -0.003783 0.018306
    49 0.041163 0.095589 -2.899426 -0.781108 -0.013985 0.002645
    50 0.081115 -2.496311 -0.915165 0.000000 0.000000 0.000000
    51 4.863281 2.800781 -18.203125 1.570792 0.000003 -0.000003
  time 173
    0 0.000000 -0.000006 0.000000 -1.570781 -1.391896 -1.570809
    1 1.208984 -4.433594 3.550781 1.596637 -1.286515 2.942961
    2 6.028141 0.000000 0.000000 -1.195109 0.288824 -1.112448
    3 11.692554 0.000001 0.000000 -0.000042 0.000042 -1.457059
    4 11.481670 0.000001 -0.000031 0.584912 -0.244611 0.261263
    5 3.859711 -0.142405 -1.191975 -0.468133 0.151533 -0.880197
    6 1.312555 -0.000002 0.000000 0.000000 0.000000 -0.439720
    7 0.729363 -0.000002 -0.000002 0.000000 0.000000 -0.244299
    8 3.942337 0.046767 -0.431443 -0.151780 0.073206 -0.810985
    9 1.539097 0.000000 0.000000 0.000000 0.000000 -0.247797
    10 1.196325 -0.000002 -0.000001 0.000000 0.000000 -0.430802
    11 3.883698 -0.046765 0.431443 0.085902 0.021830 -0.587867
    12 1.719570 -0.000004 -0.000001 0.000000 0.005516 -0.366478
    13 1.209169 -0.000004 0.000000 0.000000 0.003084 -0.216400
    14 3.859863 -0.137946 1.332466 0.354449 -0.042750 -0.531718
    15 1.719431 0.000002 0.000000 0.000000 0.004074 -0.363009
    16 1.099667 0.000000 -0.000001 0.000000 0.002596 -0.244331
    17 0.806053 -0.348926 1.321258 -1.222677 -0.679213 -0.788819
    18 1.789778 -0.000002 0.000002 0.000000 0.000000 0.228523
    19 1.207005 0.000000 0.000002 0.000000 0.000000 0.362860
    20 -1.013612 -4.421269 -4.371278 -1.668474 1.286518 2.942953
    21 6.028145 0.000000 0.000000 1.069052 1.083706 -1.500087
    22 11.692554 0.000001 0.000002 0.000000 0.000000 -0.484781
    23 11.481699 0.000001 0.000001 -1.064049 -0.302905 0.469009
    24 3.859680 -0.132567 1.193109 0.566835 -0.060499 -1.408425
    25 1.312555 -0.000002 0.000002 0.072279 -0.157178 -0.656751
    26 0.729365 0.000000 -0.000001 -0.023334 -0.412071 -1.179796
    27 3.942307 0.050327 0.431044 0.084259 -0.015157 -1.280302
    28 1.539099 -0.000002 0.000000 0.028451 -0.017390 -0.998551
    29 1.196321 0.000010 0.000000 -0.000515 0.009336 -1.131081
    30 3.883659 -0.050321 -0.431042 -0.047602 -0.027555 -1.047369
    31 1.719578 0.000002 0.000000 0.011337 0.002093 -1.500326
    32 1.209185 0.000002 0.000000 0.001786 -0.003730 -0.451851
    33 3.859840 -0.148937 -1.331282 -0.296390 0.195337 -0.060075
    34 1.719421 0.000002 0.000000 0.000947 -0.015206 -0.727822
    35 1.099669 0.000002 -0.000001 0.001678 0.001733 -0.527261
    36 0.950558 -1.145017 -1.396461 0.946436 0.322047 -0.595049
    37 1.789782 0.000000 -0.000004 -0.002337 -0.058952 0.305322
    38 1.206999 0.000002 0.000000 0.005393 -0.004411 0.894087
    39 -2.338446 -23.172518 -8.857888 1.961384 -0.266310 0.219826
    40 0.025545 -1.273521 1.753304 0.000000 0.000000 0.000000
    41 0.001032 1.440453 -1.526783 0.000000 0.000000 0.000000
    42 0.004413 0.696487 -1.430595 0.000000 0.000000 0.000000
    43 0.580660 0.349014 -1.430595 0.000000 0.000000 0.000000
    44 0.583444 -0.305904 -1.430599 0.000000 0.000000 0.000000
    45 0.005318 -0.648720 -1.430599 0.000000 0.000000 0.000000
    46 -0.574618 -0.303123 -1.430601 0.000000 0.000000 0.000000
    47 -0.573714 0.348118 -1.430595 0.000000 0.000000 0.000000
    48 -0.029968 -0.059296 1.773438 -1.561870 -0.003783 0.018306
    49 0.041163 0.095589 -2.899426 -0.781108 -0.013985 0.002645
    50 0.081115 -2.496311 -0.915165 0.000000 0.000000 0.000000
    51 4.863281 2.800781 -18.203125 1.570792 0.000003 -0.000003
  time 174
    0 0.000000 -0.000006 0.000000 -1.570781 -1.391896 -1.570809
    1 1.208984 -4.433594 3.550781 1.596637 -1.286515 2.942961
    2 6.028141 0.000000 0.000000 -1.195109 0.288824 -1.112448
    3 11.692554 0.000001 0.000000 -0.000042 0.000042 -1.457059
    4 11.481670 0.000001 -0.000031 0.584912 -0.244611 0.261263
    5 3.859711 -0.142405 -1.191975 -0.468133 0.151533 -0.880197
    6 1.312555 -0.000002 0.000000 0.000000 0.000000 -0.439720
    7 0.729363 -0.000002 -0.000002 0.000000 0.000000 -0.244299
    8 3.942337 0.046767 -0.431443 -0.151780 0.073206 -0.810985
    9 1.539097 0.000000 0.000000 0.000000 0.000000 -0.247797
    10 1.196325 -0.000002 -0.000001 0.000000 0.000000 -0.430802
    11 3.883698 -0.046765 0.431443 0.085902 0.021830 -0.587867
    12 1.719570 -0.000004 -0.000001 0.000000 0.005516 -0.366478
    13 1.209169 -0.000004 0.000000 0.000000 0.003084 -0.216400
    14 3.859863 -0.137946 1.332466 0.354449 -0.042750 -0.531718
    15 1.719431 0.000002 0.000000 0.000000 0.004074 -0.363009
    16 1.099667 0.000000 -0.000001 0.000000 0.002596 -0.244331
    17 0.806053 -0.348926 1.321258 -1.222677 -0.679213 -0.788819
    18 1.789778 -0.000002 0.000002 0.000000 0.000000 0.228523
    19 1.207005 0.000000 0.000002 0.000000 0.000000 0.362860
    20 -0.978455 -4.464239 -4.382997 -1.668474 1.286518 2.942953
    21 6.028145 0.000000 0.000000 1.086585 1.063759 -1.480330
    22 11.692554 0.000001 0.000002 0.000000 0.000000 -0.517660
    23 11.481699 0.000001 0.000001 -1.061283 -0.296698 0.469009
    24 3.859680 -0.132567 1.193109 0.566835 -0.060499 -1.408425
    25 1.312555 -0.000002 0.000002 0.072279 -0.157178 -0.656751
    26 0.729365 0.000000 -0.000001 -0.023334 -0.412071 -1.179796
    27 3.942307 0.050327 0.431044 0.084259 -0.015157 -1.280302
    28 1.539099 -0.000002 0.000000 0.028451 -0.017390 -0.998551
    29 1.196321 0.000010 0.000000 -0.000515 0.009336 -1.131081
    30 3.883659 -0.050321 -0.431042 -0.047602 -0.027555 -1.047369
    31 1.719578 0.000002 0.000000 0.011337 0.002093 -1.500326
    32 1.209185 0.000002 0.000000 0.001786 -0.003742 -0.451851
    33 3.859840 -0.148937 -1.331282 -0.296390 0.195349 -0.060075
    34 1.719421 0.000002 0.000000 0.000947 -0.015206 -0.727822
    35 1.099669 0.000002 -0.000001 0.001678 0.001733 -0.527261
    36 0.950558 -1.145017 -1.396461 0.946436 0.322047 -0.595049
    37 1.789782 0.000000 -0.000004 -0.002337 -0.058952 0.305322
    38 1.206999 0.000002 0.000000 0.005393 -0.004411 0.894087
    39 -2.408760 -23.020170 -8.826637 1.949898 -0.266681 0.219304
    40 0.025545 -1.273521 1.753304 0.000000 0.000000 0.000000
    41 0.001032 1.440453 -1.526783 0.000000 0.000000 0.000000
    42 0.004413 0.696487 -1.430595 0.000000 0.000000 0.000000
    43 0.580660 0.349014 -1.430595 0.000000 0.000000 0.000000
    44 0.583444 -0.305904 -1.430599 0.000000 0.000000 0.000000
    45 0.005318 -0.648720 -1.430599 0.000000 0.000000 0.000000
    46 -0.574618 -0.303123 -1.430601 0.000000 0.000000 0.000000
    47 -0.573714 0.348118 -1.430595 0.000000 0.000000 0.000000
    48 -0.029968 -0.059296 1.773438 -1.561870 -0.003783 0.018306
    49 0.041163 0.095589 -2.899426 -0.781108 -0.013985 0.002645
    50 0.081115 -2.496311 -0.915165 0.000000 0.000000 0.000000
    51 4.863281 2.800781 -18.203125 1.570792 0.000003 -0.000003
  time 175
    0 0.000000 -0.000006 0.000000 -1.570781 -1.391896 -1.570809
    1 1.208984 -4.433594 3.550781 1.596637 -1.286515 2.942961
    2 6.028141 0.000000 0.000000 -1.195109 0.288824 -1.112448
    3 11.692554 0.000001 0.000000 -0.000042 0.000042 -1.457059
    4 11.481670 0.000001 -0.000031 0.584912 -0.244611 0.261263
    5 3.859711 -0.142405 -1.191975 -0.468133 0.151533 -0.880197
    6 1.312555 -0.000002 0.000000 0.000000 0.000000 -0.439720
    7 0.729363 -0.000002 -0.000002 0.000000 0.000000 -0.244299
    8 3.942337 0.046767 -0.431443 -0.151780 0.073206 -0.810985
    9 1.539097 0.000000 0.000000 0.000000 0.000000 -0.247797
    10 1.196325 -0.000002 -0.000001 0.000000 0.000000 -0.430802
    11 3.883698 -0.046765 0.431443 0.085902 0.021830 -0.587867
    12 1.719570 -0.000004 -0.000001 0.000000 0.005516 -0.366478
    13 1.209169 -0.000004 0.000000 0.000000 0.003084 -0.216400
    14 3.859863 -0.137946 1.332466 0.354449 -0.042750 -0.531718
    15 1.719431 0.000002 0.000000 0.000000 0.004074 -0.363009
    16 1.099667 0.000000 -0.000001 0.000000 0.002596 -0.244331
    17 0.806053 -0.348926 1.321258 -1.222677 -0.679213 -0.788819
    18 1.789778 -0.000002 0.000002 0.000000 0.000000 0.228523
    19 1.207005 0.000000 0.000002 0.000000 0.000000 0.362860
    20 -0.943297 -4.507209 -4.394716 -1.668474 1.286518 2.942953
    21 6.028145 0.000000 0.000000 1.104213 1.042954 -1.460291
    22 11.692554 0.000001 0.000002 0.000000 0.000000 -0.554530
    23 11.481699 0.000001 0.000001 -1.059307 -0.291828 0.474003
    24 3.859680 -0.132567 1.193109 0.566835 -0.060499 -1.408425
    25 1.312555 -0.000002 0.000002 0.072279 -0.157178 -0.656751
    26 0.729365 0.000000 -0.000001 -0.023334 -0.412071 -1.179796
    27 3.942307 0.050327 0.431044 0.084259 -0.015157 -1.280302
    28 1.539099 -0.000002 0.000000 0.028451 -0.017390 -0.998551
    29 1.196321 0.000010 0.000000 -0.000515 0.009336 -1.131081
    30 3.883659 -0.050321 -0.431042 -0.047602 -0.027555 -1.047369
    31 1.719578 0.000002 0.000000 0.011337 0.002093 -1.500326
    32 1.209185 0.000002 0.000000 0.001786 -0.003742 -0.451851
    33 3.859840 -0.148937 -1.331282 -0.296390 0.195349 -0.060075
    34 1.719421 0.000002 0.000000 0.000947 -0.015206 -0.727822
    35 1.099669 0.000002 -0.000001 0.001678 0.001733 -0.527261
    36 0.950558 -1.145017 -1.396461 0.946436 0.322047 -0.595049
    37 1.789782 0.000000 -0.000004 -0.002337 -0.058952 0.305322
    38 1.206999 0.000002 0.000000 0.005393 -0.004411 0.894087
    39 -2.479075 -22.860008 -8.783667 1.940518 -0.267006 0.218956
    40 0.025545 -1.273521 1.753304 0.000000 0.000000 0.000000
    41 0.001032 1.440453 -1.526783 0.000000 0.000000 0.000000
    42 0.004413 0.696487 -1.430595 0.000000 0.000000 0.000000
    43 0.580660 0.349014 -1.430595 0.000000 0.000000 0.000000
    44 0.583444 -0.305904 -1.430599 0.000000 0.000000 0.000000
    45 0.005318 -0.648720 -1.430599 0.000000 0.000000 0.000000
    46 -0.574618 -0.303123 -1.430601 0.000000 0.000000 0.000000
    47 -0.573714 0.348118 -1.430595 0.000000 0.000000 0.000000
    48 -0.029968 -0.059296 1.773438 -1.561870 -0.003783 0.018306
    49 0.041163 0.095589 -2.899426 -0.781108 -0.013985 0.002645
    50 0.081115 -2.496311 -0.915165 0.000000 0.000000 0.000000
    51 4.863281 2.800781 -18.203125 1.570792 0.000003 -0.000003
  time 176
    0 0.000000 -0.000006 0.000000 -1.570781 -1.391896 -1.570809
    1 1.208984 -4.433594 3.550781 1.596637 -1.286515 2.942961
    2 6.028141 0.000000 0.000000 -1.195109 0.288824 -1.112448
    3 11.692554 0.000001 0.000000 -0.000042 0.000042 -1.457059
    4 11.481670 0.000001 -0.000031 0.584912 -0.244611 0.261263
    5 3.859711 -0.142405 -1.191975 -0.468133 0.151533 -0.880197
    6 1.312555 -0.000002 0.000000 0.000000 0.000000 -0.439720
    7 0.729363 -0.000002 -0.000002 0.000000 0.000000 -0.244299
    8 3.942337 0.046767 -0.431443 -0.151780 0.073206 -0.810985
    9 1.539097 0.000000 0.000000 0.000000 0.000000 -0.247797
    10 1.196325 -0.000002 -0.000001 0.000000 0.000000 -0.430802
    11 3.883698 -0.046765 0.431443 0.085902 0.021830 -0.587867
    12 1.719570 -0.000004 -0.000001 0.000000 0.005516 -0.366478
    13 1.209169 -0.000004 0.000000 0.000000 0.003084 -0.216400
    14 3.859863 -0.137946 1.332466 0.354449 -0.042750 -0.531718
    15 1.719431 0.000002 0.000000 0.000000 0.004074 -0.363009
    16 1.099667 0.000000 -0.000001 0.000000 0.002596 -0.244331
    17 0.806053 -0.348926 1.321258 -1.222677 -0.679213 -0.788819
    18 1.789778 -0.000002 0.000002 0.000000 0.000000 0.228523
    19 1.207005 0.000000 0.000002 0.000000 0.000000 0.362860
    20 -0.908140 -4.550179 -4.406435 -1.668474 1.286518 2.942953
    21 6.028145 0.000000 0.000000 1.121362 1.022053 -1.440910
    22 11.692554 0.000001 0.000002 0.000000 0.000000 -0.593690
    23 11.481699 0.000001 0.000001 -1.058178 -0.288380 0.483410
    24 3.859680 -0.132567 1.193109 0.566835 -0.060499 -1.408425
    25 1.312555 -0.000002 0.000002 0.072279 -0.157178 -0.656751
    26 0.729365 0.000000 -0.000001 -0.023334 -0.412071 -1.179796
    27 3.942307 0.050327 0.431044 0.084259 -0.015157 -1.280302
    28 1.539099 -0.000002 0.000000 0.028451 -0.017390 -0.998551
    29 1.196321 0.000010 0.000000 -0.000515 0.009336 -1.131081
    30 3.883659 -0.050321 -0.431042 -0.047602 -0.027555 -1.047369
    31 1.719578 0.000002 0.000000 0.011337 0.002093 -1.500326
    32 1.209185 0.000002 0.000000 0.001786 -0.003730 -0.451851
    33 3.859840 -0.148937 -1.331282 -0.296390 0.195349 -0.060075
    34 1.719421 0.000002 0.000000 0.000947 -0.015206 -0.727822
    35 1.099669 0.000002 -0.000001 0.001678 0.001733 -0.527261
    36 0.950558 -1.145017 -1.396461 0.946436 0.322047 -0.595049
    37 1.789782 0.000000 -0.000004 -0.002337 -0.058952 0.305322
    38 1.206999 0.000002 0.000000 0.005393 -0.004411 0.894087
    39 -2.549389 -22.684222 -8.725072 1.933436 -0.267238 0.218608
    40 0.025545 -1.273521 1.753304 0.000000 0.000000 0.000000
    41 0.001032 1.440453 -1.526783 0.000000 0.000000 0.000000
    42 0.004413 0.696487 -1.430595 0.000000 0.000000 0.000000
    43 0.580660 0.349014 -1.430595 0.000000 0.000000 0.000000
    44 0.583444 -0.305904 -1.430599 0.000000 0.000000 0.000000
    45 0.005318 -0.648720 -1.430599 0.000000 0.000000 0.000000
    46 -0.574618 -0.303123 -1.430601 0.000000 0.000000 0.000000
    47 -0.573714 0.348118 -1.430595 0.000000 0.000000 0.000000
    48 -0.029968 -0.059296 1.773438 -1.561870 -0.003783 0.018306
    49 0.041163 0.095589 -2.899426 -0.781108 -0.013985 0.002645
    50 0.081115 -2.496311 -0.915165 0.000000 0.000000 0.000000
    51 4.863281 2.800781 -18.203125 1.570792 0.000003 -0.000003
  time 177
    0 0.000000 -0.000006 0.000000 -1.570781 -1.391896 -1.570809
    1 1.208984 -4.433594 3.550781 1.596637 -1.286515 2.942961
    2 6.028141 0.000000 0.000000 -1.195109 0.288824 -1.112448
    3 11.692554 0.000001 0.000000 -0.000042 0.000042 -1.457059
    4 11.481670 0.000001 -0.000031 0.584912 -0.244611 0.261263
    5 3.859711 -0.142405 -1.191975 -0.468133 0.151533 -0.880197
    6 1.312555 -0.000002 0.000000 0.000000 0.000000 -0.439720
    7 0.729363 -0.000002 -0.000002 0.000000 0.000000 -0.244299
    8 3.942337 0.046767 -0.431443 -0.151780 0.073206 -0.810985
    9 1.539097 0.000000 0.000000 0.000000 0.000000 -0.247797
    10 1.196325 -0.000002 -0.000001 0.000000 0.000000 -0.430802
    11 3.883698 -0.046765 0.431443 0.085902 0.021830 -0.587867
    12 1.719570 -0.000004 -0.000001 0.000000 0.005516 -0.366478
    13 1.209169 -0.000004 0.000000 0.000000 0.003084 -0.216400
    14 3.859863 -0.137946 1.332466 0.354449 -0.042750 -0.531718
    15 1.719431 0.000002 0.000000 0.000000 0.004074 -0.363009
    16 1.099667 0.000000 -0.000001 0.000000 0.002596 -0.244331
    17 0.806053 -0.348926 1.321258 -1.222677 -0.679213 -0.788819
    18 1.789778 -0.000002 0.000002 0.000000 0.000000 0.228523
    19 1.207005 0.000000 0.000002 0.000000 0.000000 0.362860
    20 -0.869076 -4.597055 -4.418154 -1.668474 1.286518 2.942953
    21 6.028145 0.000000 0.000000 1.138320 1.001008 -1.421906
    22 11.692554 0.000001 0.000002 0.000000 0.000000 -0.635215
    23 11.481699 0.000001 0.000001 -1.057895 -0.286569 0.497520
    24 3.859680 -0.132567 1.193109 0.566835 -0.060499 -1.408425
    25 1.312555 -0.000002 0.000002 0.072279 -0.157178 -0.656751
    26 0.729365 0.000000 -0.000001 -0.023334 -0.412071 -1.179796
    27 3.942307 0.050327 0.431044 0.084259 -0.015157 -1.280302
    28 1.539099 -0.000002 0.000000 0.028451 -0.017390 -0.998551
    29 1.196321 0.000010 0.000000 -0.000515 0.009336 -1.131081
    30 3.883659 -0.050321 -0.431042 -0.047602 -0.027555 -1.047369
    31 1.719578 0.000002 0.000000 0.011337 0.002093 -1.500326
    32 1.209185 0.000002 0.000000 0.001786 -0.003742 -0.451851
    33 3.859840 -0.148937 -1.331282 -0.296390 0.195337 -0.060075
    34 1.719421 0.000002 0.000000 0.000947 -0.015206 -0.727822
    35 1.099669 0.000002 -0.000001 0.001678 0.001733 -0.527261
    36 0.950558 -1.145017 -1.396461 0.946436 0.322047 -0.595049
    37 1.789782 0.000000 -0.000004 -0.002337 -0.058952 0.305322
    38 1.206999 0.000002 0.000000 0.005393 -0.004411 0.894087
    39 -2.623610 -22.504529 -8.654757 1.928841 -0.267377 0.218435
    40 0.025545 -1.273521 1.753304 0.000000 0.000000 0.000000
    41 0.001032 1.440453 -1.526783 0.000000 0.000000 0.000000
    42 0.004413 0.696487 -1.430595 0.000000 0.000000 0.000000
    43 0.580660 0.349014 -1.430595 0.000000 0.000000 0.000000
    44 0.583444 -0.305904 -1.430599 0.000000 0.000000 0.000000
    45 0.005318 -0.648720 -1.430599 0.000000 0.000000 0.000000
    46 -0.574618 -0.303123 -1.430601 0.000000 0.000000 0.000000
    47 -0.573714 0.348118 -1.430595 0.000000 0.000000 0.000000
    48 -0.029968 -0.059296 1.773438 -1.561870 -0.003783 0.018306
    49 0.041163 0.095589 -2.899426 -0.781108 -0.013985 0.002645
    50 0.081115 -2.496311 -0.915165 0.000000 0.000000 0.000000
    51 4.863281 2.800781 -18.203125 1.570792 0.000003 -0.000003
  time 178
    0 0.000000 -0.000006 0.000000 -1.570781 -1.391896 -1.570809
    1 1.208984 -4.433594 3.550781 1.596637 -1.286515 2.942961
    2 6.028141 0.000000 0.000000 -1.195109 0.288824 -1.112448
    3 11.692554 0.000001 0.000000 -0.000042 0.000042 -1.457059
    4 11.481670 0.000001 -0.000031 0.584912 -0.244611 0.261263
    5 3.859711 -0.142405 -1.191975 -0.468133 0.151533 -0.880197
    6 1.312555 -0.000002 0.000000 0.000000 0.000000 -0.439720
    7 0.729363 -0.000002 -0.000002 0.000000 0.000000 -0.244299
    8 3.942337 0.046767 -0.431443 -0.151780 0.073206 -0.810985
    9 1.539097 0.000000 0.000000 0.000000 0.000000 -0.247797
    10 1.196325 -0.000002 -0.000001 0.000000 0.000000 -0.430802
    11 3.883698 -0.046765 0.431443 0.085902 0.021830 -0.587867
    12 1.719570 -0.000004 -0.000001 0.000000 0.005516 -0.366478
    13 1.209169 -0.000004 0.000000 0.000000 0.003084 -0.216400
    14 3.859863 -0.137946 1.332466 0.354449 -0.042750 -0.531718
    15 1.719431 0.000002 0.000000 0.000000 0.004074 -0.363009
    16 1.099667 0.000000 -0.000001 0.000000 0.002596 -0.244331
    17 0.806053 -0.348926 1.321258 -1.222677 -0.679213 -0.788819
    18 1.789778 -0.000002 0.000002 0.000000 0.000000 0.228523
    19 1.207005 0.000000 0.000002 0.000000 0.000000 0.362860
    20 -0.830013 -4.640025 -4.433780 -1.668474 1.286518 2.942953
    21 6.028145 0.000000 0.000000 1.154607 0.980871 -1.403749
    22 11.692554 0.000001 0.000002 0.000000 0.000000 -0.677552
    23 11.481699 0.000001 0.000001 -1.058686 -0.286828 0.516383
    24 3.859680 -0.132567 1.193109 0.566835 -0.060499 -1.408425
    25 1.312555 -0.000002 0.000002 0.072279 -0.157178 -0.656751
    26 0.729365 0.000000 -0.000001 -0.023334 -0.412071 -1.179796
    27 3.942307 0.050327 0.431044 0.084259 -0.015157 -1.280302
    28 1.539099 -0.000002 0.000000 0.028451 -0.017390 -0.998551
    29 1.196321 0.000010 0.000000 -0.000515 0.009336 -1.131081
    30 3.883659 -0.050321 -0.431042 -0.047602 -0.027555 -1.047369
    31 1.719578 0.000002 0.000000 0.011337 0.002093 -1.500326
    32 1.209185 0.000002 0.000000 0.001786 -0.003742 -0.451851
    33 3.859840 -0.148937 -1.331282 -0.296390 0.195349 -0.060075
    34 1.719421 0.000002 0.000000 0.000947 -0.015206 -0.727822
    35 1.099669 0.000002 -0.000001 0.001678 0.001733 -0.527261
    36 0.950558 -1.145017 -1.396461 0.946436 0.322047 -0.595049
    37 1.789782 0.000000 -0.000004 -0.002337 -0.058952 0.305322
    38 1.206999 0.000002 0.000000 0.005393 -0.004411 0.894087
    39 -2.701738 -22.317023 -8.572723 1.927406 -0.267424 0.218348
    40 0.025545 -1.273521 1.753304 0.000000 0.000000 0.000000
    41 0.001032 1.440453 -1.526783 0.000000 0.000000 0.000000
    42 0.004413 0.696487 -1.430595 0.000000 0.000000 0.000000
    43 0.580660 0.349014 -1.430595 0.000000 0.000000 0.000000
    44 0.583444 -0.305904 -1.430599 0.000000 0.000000 0.000000
    45 0.005318 -0.648720 -1.430599 0.000000 0.000000 0.000000
    46 -0.574618 -0.303123 -1.430601 0.000000 0.000000 0.000000
    47 -0.573714 0.348118 -1.430595 0.000000 0.000000 0.000000
    48 -0.029968 -0.059296 1.773438 -1.561870 -0.003783 0.018306
    49 0.041163 0.095589 -2.899426 -0.781108 -0.013985 0.002645
    50 0.081115 -2.496311 -0.915165 0.000000 0.000000 0.000000
    51 4.863281 2.800781 -18.203125 1.570792 0.000003 -0.000003
  time 179
    0 0.000000 -0.000006 0.000000 -1.570781 -1.391896 -1.570809
    1 1.208984 -4.433594 3.550781 1.596637 -1.286515 2.942961
    2 6.028141 0.000000 0.000000 -1.195109 0.288824 -1.112448
    3 11.692554 0.000001 0.000000 -0.000042 0.000042 -1.457059
    4 11.481670 0.000001 -0.000031 0.584912 -0.244611 0.261263
    5 3.859711 -0.142405 -1.191975 -0.468133 0.151533 -0.880197
    6 1.312555 -0.000002 0.000000 0.000000 0.000000 -0.439720
    7 0.729363 -0.000002 -0.000002 0.000000 0.000000 -0.244299
    8 3.942337 0.046767 -0.431443 -0.151780 0.073206 -0.810985
    9 1.539097 0.000000 0.000000 0.000000 0.000000 -0.247797
    10 1.196325 -0.000002 -0.000001 0.000000 0.000000 -0.430802
    11 3.883698 -0.046765 0.431443 0.085902 0.021830 -0.587867
    12 1.719570 -0.000004 -0.000001 0.000000 0.005516 -0.366478
    13 1.209169 -0.000004 0.000000 0.000000 0.003084 -0.216400
    14 3.859863 -0.137946 1.332466 0.354449 -0.042750 -0.531718
    15 1.719431 0.000002 0.000000 0.000000 0.004074 -0.363009
    16 1.099667 0.000000 -0.000001 0.000000 0.002596 -0.244331
    17 0.806053 -0.348926 1.321258 -1.222677 -0.679213 -0.788819
    18 1.789778 -0.000002 0.000002 0.000000 0.000000 0.228523
    19 1.207005 0.000000 0.000002 0.000000 0.000000 0.362860
    20 -0.790949 -4.686902 -4.445499 -1.668474 1.286518 2.942953
    21 6.028145 0.000000 0.000000 1.170798 0.961306 -1.386250
    22 11.692554 0.000001 0.000002 0.000000 0.000000 -0.721220
    23 11.481699 0.000001 0.000001 -1.060492 -0.289112 0.539997
    24 3.859680 -0.132567 1.193109 0.566835 -0.060499 -1.408425
    25 1.312555 -0.000002 0.000002 0.072279 -0.157178 -0.656751
    26 0.729365 0.000000 -0.000001 -0.023334 -0.412071 -1.179796
    27 3.942307 0.050327 0.431044 0.084259 -0.015157 -1.280302
    28 1.539099 -0.000002 0.000000 0.028451 -0.017390 -0.998551
    29 1.196321 0.000010 0.000000 -0.000515 0.009336 -1.131081
    30 3.883659 -0.050321 -0.431042 -0.047602 -0.027555 -1.047369
    31 1.719578 0.000002 0.000000 0.011337 0.002093 -1.500326
    32 1.209185 0.000002 0.000000 0.001786 -0.003730 -0.451851
    33 3.859840 -0.148937 -1.331282 -0.296390 0.195349 -0.060075
    34 1.719421 0.000002 0.000000 0.000947 -0.015206 -0.727822
    35 1.099669 0.000002 -0.000001 0.001678 0.001733 -0.527261
    36 0.950558 -1.145017 -1.396461 0.946436 0.322047 -0.595049
    37 1.789782 0.000000 -0.000004 -0.002337 -0.058952 0.305322
    38 1.206999 0.000002 0.000000 0.005393 -0.004411 0.894087
    39 -2.783772 -22.125611 -8.478970 1.928937 -0.267377 0.218435
    40 0.025545 -1.273521 1.753304 0.000000 0.000000 0.000000
    41 0.001032 1.440453 -1.526783 0.000000 0.000000 0.000000
    42 0.004413 0.696487 -1.430595 0.000000 0.000000 0.000000
    43 0.580660 0.349014 -1.430595 0.000000 0.000000 0.000000
    44 0.583444 -0.305904 -1.430599 0.000000 0.000000 0.000000
    45 0.005318 -0.648720 -1.430599 0.000000 0.000000 0.000000
    46 -0.574618 -0.303123 -1.430601 0.000000 0.000000 0.000000
    47 -0.573714 0.348118 -1.430595 0.000000 0.000000 0.000000
    48 -0.029968 -0.059296 1.773438 -1.561870 -0.003783 0.018306
    49 0.041163 0.095589 -2.899426 -0.781108 -0.013985 0.002645
    50 0.081115 -2.496311 -0.915165 0.000000 0.000000 0.000000
    51 4.863281 2.800781 -18.203125 1.570792 0.000003 -0.000003
  time 180
    0 0.000000 -0.000006 0.000000 -1.570781 -1.391896 -1.570809
    1 1.208984 -4.433594 3.550781 1.596637 -1.286515 2.942961
    2 6.028141 0.000000 0.000000 -1.195123 0.288819 -1.112411
    3 11.692554 0.000001 0.000000 -0.000036 0.000036 -1.457042
    4 11.481670 0.000001 -0.000031 0.584948 -0.244599 0.261203
    5 3.859711 -0.142405 -1.191975 -0.468133 0.151533 -0.880197
    6 1.312555 -0.000002 0.000000 0.000000 0.000000 -0.439720
    7 0.729363 -0.000002 -0.000002 0.000000 0.000000 -0.244299
    8 3.942337 0.046767 -0.431443 -0.151780 0.073206 -0.810985
    9 1.539097 0.000000 0.000000 0.000000 0.000000 -0.247797
    10 1.196325 -0.000002 -0.000001 0.000000 0.000000 -0.430802
    11 3.883698 -0.046765 0.431443 0.085902 0.021830 -0.587867
    12 1.719570 -0.000004 -0.000001 0.000000 0.005516 -0.366478
    13 1.209169 -0.000004 0.000000 0.000000 0.003084 -0.216400
    14 3.859863 -0.137946 1.332466 0.354449 -0.042750 -0.531718
    15 1.719431 0.000002 0.000000 0.000000 0.004074 -0.363009
    16 1.099667 0.000000 -0.000001 0.000000 0.002596 -0.244331
    17 0.806053 -0.348926 1.321258 -1.222677 -0.679213 -0.788819
    18 1.789778 -0.000002 0.000002 0.000000 0.000000 0.228523
    19 1.207005 0.000000 0.000002 0.000000 0.000000 0.362860
    20 -0.751885 -4.733778 -4.457218 -1.668474 1.286518 2.942953
    21 6.028145 0.000000 0.000000 1.186414 0.942648 -1.369597
    22 11.692554 0.000001 0.000002 0.000000 0.000000 -0.764961
    23 11.481699 0.000001 0.000001 -1.063145 -0.292862 0.566715
    24 3.859680 -0.132567 1.193109 0.566835 -0.060499 -1.408425
    25 1.312555 -0.000002 0.000002 0.072278 -0.157178 -0.656760
    26 0.729365 0.000000 -0.000001 -0.023337 -0.412078 -1.179798
    27 3.942307 0.050327 0.431044 0.084249 -0.015145 -1.280306
    28 1.539099 -0.000002 0.000000 0.028455 -0.017392 -0.998558
    29 1.196321 0.000010 0.000000 -0.000519 0.009342 -1.131088
    30 3.883659 -0.050321 -0.431042 -0.047599 -0.027561 -1.047376
    31 1.719578 0.000002 0.000000 0.011340 0.002103 -1.500357
    32 1.209185 0.000002 0.000000 0.001786 -0.003742 -0.451851
    33 3.859840 -0.148937 -1.331282 -0.296390 0.195349 -0.060075
    34 1.719421 0.000002 0.000000 0.000947 -0.015206 -0.727822
    35 1.099669 0.000002 -0.000001 0.001685 0.001741 -0.527276
    36 0.951660 -1.145508 -1.398438 0.946434 0.322044 -0.595039
    37 1.789782 0.000000 -0.000004 -0.002343 -0.058956 0.305325
    38 1.206999 0.000002 0.000000 0.005395 -0.004414 0.894106
    39 -2.869712 -21.934199 -8.369592 1.932478 -0.267285 0.218608
    40 0.025545 -1.273521 1.753304 0.000000 0.000000 0.000000
    41 0.001032 1.440453 -1.526783 0.000000 0.000000 0.000000
    42 0.004413 0.696487 -1.430595 0.000000 0.000000 0.000000
    43 0.580660 0.349014 -1.430595 0.000000 0.000000 0.000000
    44 0.583444 -0.305904 -1.430599 0.000000 0.000000 0.000000
    45 0.005318 -0.648720 -1.430599 0.000000 0.000000 0.000000
    46 -0.574618 -0.303123 -1.430601 0.000000 0.000000 0.000000
    47 -0.573714 0.348118 -1.430595 0.000000 0.000000 0.000000
    48 -0.029968 -0.059296 1.773438 -1.561870 -0.003783 0.018306
    49 0.041163 0.095589 -2.899426 -0.781108 -0.013985 0.002645
    50 0.081115 -2.496311 -0.915165 0.000000 0.000000 0.000000
    51 4.863281 2.800781 -18.203125 1.570792 0.000003 -0.000003
  time 181
    0 0.000000 -0.000006 0.000000 -1.570781 -1.391896 -1.570809
    1 1.208984 -4.433594 3.550781 1.596637 -1.286515 2.942961
    2 6.028141 0.000000 0.000000 -1.195123 0.288819 -1.112411
    3 11.692554 0.000001 0.000000 -0.000036 0.000036 -1.457042
    4 11.481670 0.000001 -0.000031 0.584948 -0.244599 0.261203
    5 3.859711 -0.142405 -1.191975 -0.468133 0.151533 -0.880197
    6 1.312555 -0.000002 0.000000 0.000000 0.000000 -0.439720
    7 0.729363 -0.000002 -0.000002 0.000000 0.000000 -0.244299
    8 3.942337 0.046767 -0.431443 -0.151780 0.073206 -0.810985
    9 1.539097 0.000000 0.000000 0.000000 0.000000 -0.247797
    10 1.196325 -0.000002 -0.000001 0.000000 0.000000 -0.430802
    11 3.883698 -0.046765 0.431443 0.085902 0.021830 -0.587867
    12 1.719570 -0.000004 -0.000001 0.000000 0.005516 -0.366478
    13 1.209169 -0.000004 0.000000 0.000000 0.003084 -0.216400
    14 3.859863 -0.137946 1.332466 0.354449 -0.042750 -0.531718
    15 1.719431 0.000002 0.000000 0.000000 0.004074 -0.363009
    16 1.099667 0.000000 -0.000001 0.000000 0.002596 -0.244331
    17 0.806053 -0.348926 1.321258 -1.222677 -0.679213 -0.788819
    18 1.789778 -0.000002 0.000002 0.000000 0.000000 0.228523
    19 1.207005 0.000000 0.000002 0.000000 0.000000 0.362860
    20 -0.712822 -4.780655 -4.472844 -1.668474 1.286518 2.942953
    21 6.028145 0.000000 0.000000 1.201743 0.924419 -1.353509
    22 11.692554 0.000001 0.000002 0.000000 0.000000 -0.809293
    23 11.481699 0.000001 0.000001 -1.066250 -0.297474 0.595420
    24 3.859680 -0.132567 1.193109 0.566835 -0.060499 -1.408425
    25 1.312555 -0.000002 0.000002 0.072278 -0.157178 -0.656760
    26 0.729365 0.000000 -0.000001 -0.023337 -0.412078 -1.179798
    27 3.942307 0.050327 0.431044 0.084249 -0.015145 -1.280306
    28 1.539099 -0.000002 0.000000 0.028455 -0.017392 -0.998558
    29 1.196321 0.000010 0.000000 -0.000519 0.009342 -1.131088
    30 3.883659 -0.050321 -0.431042 -0.047599 -0.027561 -1.047376
    31 1.719578 0.000002 0.000000 0.011340 0.002103 -1.500357
    32 1.209185 0.000002 0.000000 0.001786 -0.003742 -0.451851
    33 3.859840 -0.148937 -1.331282 -0.296390 0.195349 -0.060075
    34 1.719421 0.000002 0.000000 0.000947 -0.015206 -0.727822
    35 1.099669 0.000002 -0.000001 0.001685 0.001741 -0.527276
    36 0.951660 -1.145508 -1.398438 0.946434 0.322044 -0.595039
    37 1.789782 0.000000 -0.000004 -0.002343 -0.058956 0.305325
    38 1.206999 0.000002 0.000000 0.005395 -0.004414 0.894106
    39 -2.959558 -21.731068 -8.248495 1.936977 -0.267099 0.218782
    40 0.025545 -1.273521 1.753304 0.000000 0.000000 0.000000
    41 0.001032 1.440453 -1.526783 0.000000 0.000000 0.000000
    42 0.004413 0.696487 -1.430595 0.000000 0.000000 0.000000
    43 0.580660 0.349014 -1.430595 0.000000 0.000000 0.000000
    44 0.583444 -0.305904 -1.430599 0.000000 0.000000 0.000000
    45 0.005318 -0.648720 -1.430599 0.000000 0.000000 0.000000
    46 -0.574618 -0.303123 -1.430601 0.000000 0.000000 0.000000
    47 -0.573714 0.348118 -1.430595 0.000000 0.000000 0.000000
    48 -0.029968 -0.059296 1.773438 -1.561870 -0.003783 0.018306
    49 0.041163 0.095589 -2.899426 -0.781108 -0.013985 0.002645
    50 0.081115 -2.496311 -0.915165 0.000000 0.000000 0.000000
    51 4.863281 2.800781 -18.203125 1.570792 0.000003 -0.000003
  time 182
    0 0.000000 -0.000006 0.000000 -1.570781 -1.391896 -1.570809
    1 1.208984 -4.433594 3.550781 1.596637 -1.286515 2.942961
    2 6.028141 0.000000 0.000000 -1.192876 0.286614 -1.112982
    3 11.692554 0.000001 0.000000 -0.000036 0.000036 -1.458487
    4 11.481670 0.000001 -0.000031 0.582828 -0.246288 0.265269
    5 3.859711 -0.142405 -1.191975 -0.468133 0.151533 -0.880197
    6 1.312555 -0.000002 0.000000 0.000000 0.000000 -0.439720
    7 0.729363 -0.000002 -0.000002 0.000000 0.000000 -0.244299
    8 3.942337 0.046767 -0.431443 -0.151780 0.073206 -0.810985
    9 1.539097 0.000000 0.000000 0.000000 0.000000 -0.247797
    10 1.196325 -0.000002 -0.000001 0.000000 0.000000 -0.430802
    11 3.883698 -0.046765 0.431443 0.085902 0.021830 -0.587867
    12 1.719570 -0.000004 -0.000001 0.000000 0.005516 -0.366478
    13 1.209169 -0.000004 0.000000 0.000000 0.003084 -0.216400
    14 3.859863 -0.137946 1.332466 0.354449 -0.042750 -0.531718
    15 1.719431 0.000002 0.000000 0.000000 0.004074 -0.363009
    16 1.099667 0.000000 -0.000001 0.000000 0.002596 -0.244331
    17 0.806053 -0.348926 1.321258 -1.222677 -0.679213 -0.788819
    18 1.789778 -0.000002 0.000002 0.000000 0.000000 0.228523
    19 1.207005 0.000000 0.000002 0.000000 0.000000 0.362860
    20 -0.673758 -4.827531 -4.484563 -1.668474 1.286518 2.942953
    21 6.028145 0.000000 0.000000 1.216785 0.906667 -1.338080
    22 11.692554 0.000001 0.000002 0.000000 0.000000 -0.853478
    23 11.481699 0.000001 0.000001 -1.069581 -0.302388 0.624466
    24 3.859680 -0.132567 1.193109 0.566835 -0.060499 -1.408452
    25 1.312555 -0.000002 0.000002 0.072278 -0.157178 -0.656760
    26 0.729365 0.000000 -0.000001 -0.023337 -0.412078 -1.179798
    27 3.942307 0.050327 0.431044 0.084249 -0.015145 -1.280306
    28 1.539099 -0.000002 0.000000 0.028455 -0.017392 -0.998558
    29 1.196321 0.000010 0.000000 -0.000519 0.009342 -1.131088
    30 3.883659 -0.050321 -0.431042 -0.047599 -0.027561 -1.047376
    31 1.719578 0.000002 0.000000 0.011340 0.002103 -1.500357
    32 1.209185 0.000002 0.000000 0.001786 -0.003742 -0.451851
    33 3.859840 -0.148937 -1.331282 -0.296390 0.195349 -0.060075
    34 1.719421 0.000002 0.000000 0.000947 -0.015206 -0.727822
    35 1.099669 0.000002 -0.000001 0.001685 0.001741 -0.527276
    36 0.951660 -1.145508 -1.398438 0.946434 0.322044 -0.595039
    37 1.789782 0.000000 -0.000004 -0.002343 -0.058956 0.305325
    38 1.206999 0.000002 0.000000 0.005395 -0.004414 0.894106
    39 -3.057217 -21.527937 -8.111772 1.941284 -0.266960 0.218956
    40 0.025545 -1.273521 1.753304 0.000000 0.000000 0.000000
    41 0.001032 1.440453 -1.526783 0.000000 0.000000 0.000000
    42 0.004413 0.696487 -1.430595 0.000000 0.000000 0.000000
    43 0.580660 0.349014 -1.430595 0.000000 0.000000 0.000000
    44 0.583444 -0.305904 -1.430599 0.000000 0.000000 0.000000
    45 0.005318 -0.648720 -1.430599 0.000000 0.000000 0.000000
    46 -0.574618 -0.303123 -1.430601 0.000000 0.000000 0.000000
    47 -0.573714 0.348118 -1.430595 0.000000 0.000000 0.000000
    48 -0.029968 -0.059296 1.773438 -1.561870 -0.003783 0.018306
    49 0.041163 0.095589 -2.899426 -0.781108 -0.013985 0.002645
    50 0.081115 -2.496311 -0.915165 0.000000 0.000000 0.000000
    51 4.863281 2.800781 -18.203125 1.570792 0.000003 -0.000003
  time 183
    0 0.000000 -0.000006 0.000000 -1.570781 -1.391896 -1.570809
    1 1.208984 -4.433594 3.550781 1.596637 -1.286515 2.942961
    2 6.028141 0.000000 0.000000 -1.186249 0.280319 -1.114646
    3 11.692554 0.000001 0.000000 -0.000036 0.000036 -1.462951
    4 11.481670 0.000001 -0.000031 0.576466 -0.251308 0.277182
    5 3.859711 -0.142405 -1.191975 -0.468133 0.151533 -0.880197
    6 1.312555 -0.000002 0.000000 0.000000 0.000000 -0.439720
    7 0.729363 -0.000002 -0.000002 0.000000 0.000000 -0.244299
    8 3.942337 0.046767 -0.431443 -0.151780 0.073206 -0.810985
    9 1.539097 0.000000 0.000000 0.000000 0.000000 -0.247797
    10 1.196325 -0.000002 -0.000001 0.000000 0.000000 -0.430802
    11 3.883698 -0.046765 0.431443 0.085902 0.021830 -0.587867
    12 1.719570 -0.000004 -0.000001 0.000000 0.005516 -0.366478
    13 1.209169 -0.000004 0.000000 0.000000 0.003084 -0.216400
    14 3.859863 -0.137946 1.332466 0.354449 -0.042750 -0.531718
    15 1.719431 0.000002 0.000000 0.000000 0.004074 -0.363009
    16 1.099667 0.000000 -0.000001 0.000000 0.002596 -0.244331
    17 0.806053 -0.348926 1.321258 -1.222677 -0.679213 -0.788819
    18 1.789778 -0.000002 0.000002 0.000000 0.000000 0.228523
    19 1.207005 0.000000 0.000002 0.000000 0.000000 0.362860
    20 -0.634694 -4.874407 -4.500188 -1.668474 1.286518 2.942953
    21 6.028145 0.000000 0.000000 1.231443 0.888963 -1.323310
    22 11.692554 0.000001 0.000002 0.000000 0.000000 -0.897810
    23 11.481699 0.000001 0.000001 -1.072799 -0.307000 0.652589
    24 3.859680 -0.132567 1.193109 0.566835 -0.060499 -1.408425
    25 1.312555 -0.000002 0.000002 0.072278 -0.157178 -0.656760
    26 0.729365 0.000000 -0.000001 -0.023337 -0.412078 -1.179798
    27 3.942307 0.050327 0.431044 0.084249 -0.015145 -1.280306
    28 1.539099 -0.000002 0.000000 0.028455 -0.017392 -0.998558
    29 1.196321 0.000010 0.000000 -0.000519 0.009342 -1.131088
    30 3.883659 -0.050321 -0.431042 -0.047599 -0.027561 -1.047376
    31 1.719578 0.000002 0.000000 0.011340 0.002103 -1.500357
    32 1.209185 0.000002 0.000000 0.001786 -0.003742 -0.451851
    33 3.859840 -0.148937 -1.331282 -0.296390 0.195349 -0.060075
    34 1.719421 0.000002 0.000000 0.000947 -0.015206 -0.727822
    35 1.099669 0.000002 -0.000001 0.001685 0.001741 -0.527276
    36 0.951660 -1.145508 -1.398438 0.946434 0.322044 -0.595039
    37 1.789782 0.000000 -0.000004 -0.002343 -0.058956 0.305325
    38 1.206999 0.000002 0.000000 0.005395 -0.004414 0.894106
    39 -3.166596 -21.313086 -7.959423 1.944251 -0.266867 0.219043
    40 0.025545 -1.273521 1.753304 0.000000 0.000000 0.000000
    41 0.001032 1.440453 -1.526783 0.000000 0.000000 0.000000
    42 0.004413 0.696487 -1.430595 0.000000 0.000000 0.000000
    43 0.580660 0.349014 -1.430595 0.000000 0.000000 0.000000
    44 0.583444 -0.305904 -1.430599 0.000000 0.000000 0.000000
    45 0.005318 -0.648720 -1.430599 0.000000 0.000000 0.000000
    46 -0.574618 -0.303123 -1.430601 0.000000 0.000000 0.000000
    47 -0.573714 0.348118 -1.430595 0.000000 0.000000 0.000000
    48 -0.029968 -0.059296 1.773438 -1.561870 -0.003783 0.018306
    49 0.041163 0.095589 -2.899426 -0.781108 -0.013985 0.002645
    50 0.081115 -2.496311 -0.915165 0.000000 0.000000 0.000000
    51 4.863281 2.800781 -18.203125 1.570792 0.000003 -0.000003
  time 184
    0 0.000000 -0.000006 0.000000 -1.570781 -1.391896 -1.570809
    1 1.208984 -4.433594 3.550781 1.596637 -1.286515 2.942961
    2 6.028141 0.000000 0.000000 -1.175661 0.270212 -1.117452
    3 11.692554 0.000001 0.000000 -0.000036 0.000036 -1.470106
    4 11.481670 0.000001 -0.000031 0.566417 -0.259464 0.296586
    5 3.859711 -0.142405 -1.191975 -0.468133 0.151533 -0.880197
    6 1.312555 -0.000002 0.000000 0.000000 0.000000 -0.439720
    7 0.729363 -0.000002 -0.000002 0.000000 0.000000 -0.244299
    8 3.942337 0.046767 -0.431443 -0.151780 0.073206 -0.810985
    9 1.539097 0.000000 0.000000 0.000000 0.000000 -0.247797
    10 1.196325 -0.000002 -0.000001 0.000000 0.000000 -0.430802
    11 3.883698 -0.046765 0.431443 0.085902 0.021830 -0.587867
    12 1.719570 -0.000004 -0.000001 0.000000 0.005516 -0.366478
    13 1.209169 -0.000004 0.000000 0.000000 0.003084 -0.216400
    14 3.859863 -0.137946 1.332466 0.354449 -0.042750 -0.531718
    15 1.719431 0.000002 0.000000 0.000000 0.004074 -0.363009
    16 1.099667 0.000000 -0.000001 0.000000 0.002596 -0.244331
    17 0.806053 -0.348926 1.321258 -1.222677 -0.679213 -0.788819
    18 1.789778 -0.000002 0.000002 0.000000 0.000000 0.228523
    19 1.207005 0.000000 0.000002 0.000000 0.000000 0.362860
    20 -0.595631 -4.921284 -4.511907 -1.668474 1.286518 2.942953
    21 6.028145 0.000000 0.000000 1.245622 0.871116 -1.309009
    22 11.692554 0.000001 0.000002 0.000000 0.000000 -0.941921
    23 11.481699 0.000001 0.000001 -1.075508 -0.310706 0.678192
    24 3.859680 -0.132567 1.193109 0.566835 -0.060499 -1.408425
    25 1.312555 -0.000002 0.000002 0.072278 -0.157178 -0.656760
    26 0.729365 0.000000 -0.000001 -0.023337 -0.412078 -1.179798
    27 3.942307 0.050327 0.431044 0.084249 -0.015145 -1.280306
    28 1.539099 -0.000002 0.000000 0.028455 -0.017392 -0.998558
    29 1.196321 0.000010 0.000000 -0.000519 0.009342 -1.131088
    30 3.883659 -0.050321 -0.431042 -0.047599 -0.027561 -1.047376
    31 1.719578 0.000002 0.000000 0.011340 0.002103 -1.500357
    32 1.209185 0.000002 0.000000 0.001786 -0.003742 -0.451851
    33 3.859840 -0.148937 -1.331282 -0.296390 0.195349 -0.060075
    34 1.719421 0.000002 0.000000 0.000947 -0.015206 -0.727852
    35 1.099669 0.000002 -0.000001 0.001685 0.001741 -0.527276
    36 0.951660 -1.145508 -1.398438 0.946434 0.322044 -0.595039
    37 1.789782 0.000000 -0.000004 -0.002343 -0.058956 0.305325
    38 1.206999 0.000002 0.000000 0.005395 -0.004414 0.894106
    39 -3.283787 -21.094330 -7.787543 1.944826 -0.266867 0.219130
    40 0.025545 -1.273521 1.753304 0.000000 0.000000 0.000000
    41 0.001032 1.440453 -1.526783 0.000000 0.000000 0.000000
    42 0.004413 0.696487 -1.430595 0.000000 0.000000 0.000000
    43 0.580660 0.349014 -1.430595 0.000000 0.000000 0.000000
    44 0.583444 -0.305904 -1.430599 0.000000 0.000000 0.000000
    45 0.005318 -0.648720 -1.430599 0.000000 0.000000 0.000000
    46 -0.574618 -0.303123 -1.430601 0.000000 0.000000 0.000000
    47 -0.573714 0.348118 -1.430595 0.000000 0.000000 0.000000
    48 -0.029968 -0.059296 1.773438 -1.561870 -0.003783 0.018306
    49 0.041163 0.095589 -2.899426 -0.781108 -0.013985 0.002645
    50 0.081115 -2.496311 -0.915165 0.000000 0.000000 0.000000
    51 4.863281 2.800781 -18.203125 1.570792 0.000003 -0.000003
  time 185
    0 0.000000 -0.000006 0.000000 -1.570781 -1.391896 -1.570809
    1 1.208984 -4.433594 3.550781 1.596637 -1.286515 2.942961
    2 6.028141 0.000000 0.000000 -1.161987 0.256383 -1.121874
    3 11.692554 0.000001 0.000000 -0.000036 0.000036 -1.479429
    4 11.481670 0.000001 -0.000031 0.553418 -0.270275 0.322838
    5 3.859711 -0.142405 -1.191975 -0.468133 0.151533 -0.880197
    6 1.312555 -0.000002 0.000000 0.000000 0.000000 -0.439720
    7 0.729363 -0.000002 -0.000002 0.000000 0.000000 -0.244299
    8 3.942337 0.046767 -0.431443 -0.151780 0.073206 -0.810985
    9 1.539097 0.000000 0.000000 0.000000 0.000000 -0.247797
    10 1.196325 -0.000002 -0.000001 0.000000 0.000000 -0.430802
    11 3.883698 -0.046765 0.431443 0.085902 0.021830 -0.587867
    12 1.719570 -0.000004 -0.000001 0.000000 0.005516 -0.366478
    13 1.209169 -0.000004 0.000000 0.000000 0.003084 -0.216400
    14 3.859863 -0.137946 1.332466 0.354449 -0.042750 -0.531718
    15 1.719431 0.000002 0.000000 0.000000 0.004074 -0.363009
    16 1.099667 0.000000 -0.000001 0.000000 0.002596 -0.244331
    17 0.806053 -0.348926 1.321258 -1.222677 -0.679213 -0.788819
    18 1.789778 -0.000002 0.000002 0.000000 0.000000 0.228523
    19 1.207005 0.000000 0.000002 0.000000 0.000000 0.362860
    20 -0.556567 -4.968160 -4.523626 -1.668474 1.286518 2.942953
    21 6.028145 0.000000 0.000000 1.259418 0.852744 -1.295368
    22 11.692554 0.000001 0.000002 0.000000 0.000000 -0.986032
    23 11.481699 0.000001 0.000001 -1.077315 -0.312861 0.699818
    24 3.859680 -0.132567 1.193109 0.566835 -0.060499 -1.408425
    25 1.312555 -0.000002 0.000002 0.072278 -0.157178 -0.656760
    26 0.729365 0.000000 -0.000001 -0.023337 -0.412078 -1.179798
    27 3.942307 0.050327 0.431044 0.084249 -0.015145 -1.280306
    28 1.539099 -0.000002 0.000000 0.028455 -0.017392 -0.998558
    29 1.196321 0.000010 0.000000 -0.000519 0.009342 -1.131088
    30 3.883659 -0.050321 -0.431042 -0.047599 -0.027561 -1.047376
    31 1.719578 0.000002 0.000000 0.011340 0.002103 -1.500357
    32 1.209185 0.000002 0.000000 0.001786 -0.003730 -0.451851
    33 3.859840 -0.148937 -1.331282 -0.296390 0.195349 -0.060075
    34 1.719421 0.000002 0.000000 0.000947 -0.015206 -0.727822
    35 1.099669 0.000002 -0.000001 0.001685 0.001741 -0.527276
    36 0.951660 -1.145508 -1.398438 0.946434 0.322044 -0.595039
    37 1.789782 0.000000 -0.000004 -0.002343 -0.058956 0.305325
    38 1.206999 0.000002 0.000000 0.005395 -0.004414 0.894106
    39 -3.412697 -20.863854 -7.596131 1.941667 -0.266960 0.218956
    40 0.025545 -1.273521 1.753304 0.000000 0.000000 0.000000
    41 0.001032 1.440453 -1.526783 0.000000 0.000000 0.000000
    42 0.004413 0.696487 -1.430595 0.000000 0.000000 0.000000
    43 0.580660 0.349014 -1.430595 0.000000 0.000000 0.000000
    44 0.583444 -0.305904 -1.430599 0.000000 0.000000 0.000000
    45 0.005318 -0.648720 -1.430599 0.000000 0.000000 0.000000
    46 -0.574618 -0.303123 -1.430601 0.000000 0.000000 0.000000
    47 -0.573714 0.348118 -1.430595 0.000000 0.000000 0.000000
    48 -0.029968 -0.059296 1.773438 -1.561870 -0.003783 0.018306
    49 0.041163 0.095589 -2.899426 -0.781108 -0.013985 0.002645
    50 0.081115 -2.496311 -0.915165 0.000000 0.000000 0.000000
    51 4.863281 2.800781 -18.203125 1.570792 0.000003 -0.000003
  time 186
    0 0.000000 -0.000006 0.000000 -1.570781 -1.391896 -1.570809
    1 1.208984 -4.433594 3.550781 1.596637 -1.286515 2.942961
    2 6.028141 0.000000 0.000000 -1.146295 0.238557 -1.128293
    3 11.692554 0.000001 0.000000 -0.000036 0.000036 -1.489735
    4 11.481670 0.000001 -0.000031 0.538298 -0.283065 0.354869
    5 3.859711 -0.142405 -1.191975 -0.468133 0.151533 -0.880197
    6 1.312555 -0.000002 0.000000 0.000000 0.000000 -0.439720
    7 0.729363 -0.000002 -0.000002 0.000000 0.000000 -0.244299
    8 3.942337 0.046767 -0.431443 -0.151780 0.073206 -0.810985
    9 1.539097 0.000000 0.000000 0.000000 0.000000 -0.247797
    10 1.196325 -0.000002 -0.000001 0.000000 0.000000 -0.430802
    11 3.883698 -0.046765 0.431443 0.085902 0.021830 -0.587867
    12 1.719570 -0.000004 -0.000001 0.000000 0.005516 -0.366478
    13 1.209169 -0.000004 0.000000 0.000000 0.003084 -0.216400
    14 3.859863 -0.137946 1.332466 0.354449 -0.042750 -0.531718
    15 1.719431 0.000002 0.000000 0.000000 0.004074 -0.363009
    16 1.099667 0.000000 -0.000001 0.000000 0.002596 -0.244331
    17 0.806053 -0.348926 1.321258 -1.222677 -0.679213 -0.788819
    18 1.789778 -0.000002 0.000002 0.000000 0.000000 0.228523
    19 1.207005 0.000000 0.000002 0.000000 0.000000 0.362860
    20 -0.513597 -5.015037 -4.539252 -1.668474 1.286518 2.942953
    21 6.028145 0.000000 0.000000 1.272639 0.833513 -1.282102
    22 11.692554 0.000001 0.000002 0.000000 0.000000 -1.030069
    23 11.481699 0.000001 0.000001 -1.077766 -0.312904 0.715868
    24 3.859680 -0.132567 1.193109 0.566835 -0.060499 -1.408425
    25 1.312555 -0.000002 0.000002 0.072278 -0.157178 -0.656760
    26 0.729365 0.000000 -0.000001 -0.023337 -0.412078 -1.179798
    27 3.942307 0.050327 0.431044 0.084249 -0.015145 -1.280306
    28 1.539099 -0.000002 0.000000 0.028455 -0.017392 -0.998558
    29 1.196321 0.000010 0.000000 -0.000519 0.009342 -1.131088
    30 3.883659 -0.050321 -0.431042 -0.047599 -0.027561 -1.047376
    31 1.719578 0.000002 0.000000 0.011340 0.002103 -1.500357
    32 1.209185 0.000002 0.000000 0.001786 -0.003742 -0.451851
    33 3.859840 -0.148937 -1.331282 -0.296390 0.195349 -0.060075
    34 1.719421 0.000002 0.000000 0.000947 -0.015206 -0.727822
    35 1.099669 0.000002 -0.000001 0.001685 0.001741 -0.527276
    36 0.951660 -1.145508 -1.398438 0.946434 0.322044 -0.595039
    37 1.789782 0.000000 -0.000004 -0.002343 -0.058956 0.305325
    38 1.206999 0.000002 0.000000 0.005395 -0.004414 0.894106
    39 -3.557233 -20.625565 -7.385187 1.933531 -0.267238 0.218608
    40 0.025545 -1.273521 1.753304 0.000000 0.000000 0.000000
    41 0.001032 1.440453 -1.526783 0.000000 0.000000 0.000000
    42 0.004413 0.696487 -1.430595 0.000000 0.000000 0.000000
    43 0.580660 0.349014 -1.430595 0.000000 0.000000 0.000000
    44 0.583444 -0.305904 -1.430599 0.000000 0.000000 0.000000
    45 0.005318 -0.648720 -1.430599 0.000000 0.000000 0.000000
    46 -0.574618 -0.303123 -1.430601 0.000000 0.000000 0.000000
    47 -0.573714 0.348118 -1.430595 0.000000 0.000000 0.000000
    48 -0.029968 -0.059296 1.773438 -1.561870 -0.003783 0.018306
    49 0.041163 0.095589 -2.899426 -0.781108 -0.013985 0.002645
    50 0.081115 -2.496311 -0.915165 0.000000 0.000000 0.000000
    51 4.863281 2.800781 -18.203125 1.570792 0.000003 -0.000003
  time 187
    0 0.000000 -0.000006 0.000000 -1.570781 -1.391896 -1.570809
    1 1.208984 -4.433594 3.550781 1.596637 -1.286515 2.942961
    2 6.028141 0.000000 0.000000 -1.129842 0.216505 -1.137470
    3 11.692554 0.000001 0.000000 -0.000036 0.000036 -1.499517
    4 11.481670 0.000001 -0.000031 0.522440 -0.297110 0.391394
    5 3.859711 -0.142405 -1.191975 -0.468133 0.151533 -0.880197
    6 1.312555 -0.000002 0.000000 0.000000 0.000000 -0.439720
    7 0.729363 -0.000002 -0.000002 0.000000 0.000000 -0.244299
    8 3.942337 0.046767 -0.431443 -0.151780 0.073206 -0.810985
    9 1.539097 0.000000 0.000000 0.000000 0.000000 -0.247797
    10 1.196325 -0.000002 -0.000001 0.000000 0.000000 -0.430802
    11 3.883698 -0.046765 0.431443 0.085902 0.021830 -0.587867
    12 1.719570 -0.000004 -0.000001 0.000000 0.005516 -0.366478
    13 1.209169 -0.000004 0.000000 0.000000 0.003084 -0.216400
    14 3.859863 -0.137946 1.332466 0.354449 -0.042750 -0.531718
    15 1.719431 0.000002 0.000000 0.000000 0.004074 -0.363009
    16 1.099667 0.000000 -0.000001 0.000000 0.002596 -0.244331
    17 0.806053 -0.348926 1.321258 -1.222677 -0.679213 -0.788819
    18 1.789778 -0.000002 0.000002 0.000000 0.000000 0.228523
    19 1.207005 0.000000 0.000002 0.000000 0.000000 0.362860
    20 -0.474533 -5.061913 -4.550971 -1.668474 1.286518 2.942953
    21 6.028145 0.000000 0.000000 1.285286 0.813185 -1.269495
    22 11.692554 0.000001 0.000002 0.000000 0.000000 -1.073736
    23 11.481699 0.000001 0.000001 -1.076468 -0.310103 0.724548
    24 3.859680 -0.132567 1.193109 0.566835 -0.060499 -1.408425
    25 1.312555 -0.000002 0.000002 0.072278 -0.157178 -0.656760
    26 0.729365 0.000000 -0.000001 -0.023337 -0.412078 -1.179798
    27 3.942307 0.050327 0.431044 0.084249 -0.015145 -1.280306
    28 1.539099 -0.000002 0.000000 0.028455 -0.017392 -0.998558
    29 1.196321 0.000010 0.000000 -0.000519 0.009342 -1.131088
    30 3.883659 -0.050321 -0.431042 -0.047599 -0.027561 -1.047376
    31 1.719578 0.000002 0.000000 0.011340 0.002103 -1.500357
    32 1.209185 0.000002 0.000000 0.001786 -0.003742 -0.451851
    33 3.859840 -0.148937 -1.331282 -0.296390 0.195349 -0.060075
    34 1.719421 0.000002 0.000000 0.000947 -0.015206 -0.727822
    35 1.099669 0.000002 -0.000001 0.001685 0.001741 -0.527276
    36 0.951660 -1.145508 -1.398438 0.946434 0.322044 -0.595039
    37 1.789782 0.000000 -0.000004 -0.002343 -0.058956 0.305325
    38 1.206999 0.000002 0.000000 0.005395 -0.004414 0.894106
    39 -3.713488 -20.375558 -7.146898 1.919270 -0.267702 0.218000
    40 0.025545 -1.273521 1.753304 0.000000 0.000000 0.000000
    41 0.001032 1.440453 -1.526783 0.000000 0.000000 0.000000
    42 0.004413 0.696487 -1.430595 0.000000 0.000000 0.000000
    43 0.580660 0.349014 -1.430595 0.000000 0.000000 0.000000
    44 0.583444 -0.305904 -1.430599 0.000000 0.000000 0.000000
    45 0.005318 -0.648720 -1.430599 0.000000 0.000000 0.000000
    46 -0.574618 -0.303123 -1.430601 0.000000 0.000000 0.000000
    47 -0.573714 0.348118 -1.430595 0.000000 0.000000 0.000000
    48 -0.029968 -0.059296 1.773438 -1.561870 -0.003783 0.018306
    49 0.041163 0.095589 -2.899426 -0.781108 -0.013985 0.002645
    50 0.081115 -2.496311 -0.915165 0.000000 0.000000 0.000000
    51 4.863281 2.800781 -18.203125 1.570792 0.000003 -0.000003
  time 188
    0 0.000000 -0.000006 0.000000 -1.570781 -1.391896 -1.570809
    1 1.208984 -4.433594 3.550781 1.596637 -1.286515 2.942961
    2 6.028141 0.000000 0.000000 -1.113845 0.189674 -1.149881
    3 11.692554 0.000001 0.000000 -0.000036 0.000036 -1.506804
    4 11.481670 0.000001 -0.000031 0.507689 -0.311589 0.430416
    5 3.859711 -0.142405 -1.191975 -0.468133 0.151533 -0.880197
    6 1.312555 -0.000002 0.000000 0.000000 0.000000 -0.439720
    7 0.729363 -0.000002 -0.000002 0.000000 0.000000 -0.244299
    8 3.942337 0.046767 -0.431443 -0.151780 0.073206 -0.810985
    9 1.539097 0.000000 0.000000 0.000000 0.000000 -0.247797
    10 1.196325 -0.000002 -0.000001 0.000000 0.000000 -0.430802
    11 3.883698 -0.046765 0.431443 0.085902 0.021830 -0.587867
    12 1.719570 -0.000004 -0.000001 0.000000 0.005516 -0.366478
    13 1.209169 -0.000004 0.000000 0.000000 0.003084 -0.216400
    14 3.859863 -0.137946 1.332466 0.354449 -0.042750 -0.531718
    15 1.719431 0.000002 0.000000 0.000000 0.004074 -0.363009
    16 1.099667 0.000000 -0.000001 0.000000 0.002596 -0.244331
    17 0.806053 -0.348926 1.321258 -1.222677 -0.679213 -0.788819
    18 1.789778 -0.000002 0.000002 0.000000 0.000000 0.228523
    19 1.207005 0.000000 0.000002 0.000000 0.000000 0.362860
    20 -0.435469 -5.108790 -4.562690 -1.668474 1.286518 2.942953
    21 6.028145 0.000000 0.000000 1.296974 0.791425 -1.257453
    22 11.692554 0.000001 0.000002 0.000000 0.000000 -1.116738
    23 11.481699 0.000001 0.000001 -1.073137 -0.303681 0.724160
    24 3.859680 -0.132567 1.193109 0.566835 -0.060499 -1.408425
    25 1.312555 -0.000002 0.000002 0.072278 -0.157178 -0.656760
    26 0.729365 0.000000 -0.000001 -0.023337 -0.412078 -1.179798
    27 3.942307 0.050327 0.431044 0.084249 -0.015145 -1.280306
    28 1.539099 -0.000002 0.000000 0.028455 -0.017392 -0.998558
    29 1.196321 0.000010 0.000000 -0.000519 0.009342 -1.131088
    30 3.883659 -0.050321 -0.431042 -0.047599 -0.027561 -1.047376
    31 1.719578 0.000002 0.000000 0.011340 0.002103 -1.500357
    32 1.209185 0.000002 0.000000 0.001786 -0.003742 -0.451851
    33 3.859840 -0.148937 -1.331282 -0.296390 0.195349 -0.060075
    34 1.719421 0.000002 0.000000 0.000947 -0.015206 -0.727822
    35 1.099669 0.000002 -0.000001 0.001685 0.001741 -0.527276
    36 0.951660 -1.145508 -1.398438 0.946434 0.322044 -0.595039
    37 1.789782 0.000000 -0.000004 -0.002343 -0.058956 0.305325
    38 1.206999 0.000002 0.000000 0.005395 -0.004414 0.894106
    39 -3.889274 -20.113831 -6.889078 1.897447 -0.268445 0.217131
    40 0.025545 -1.273521 1.753304 0.000000 0.000000 0.000000
    41 0.001032 1.440453 -1.526783 0.000000 0.000000 0.000000
    42 0.004413 0.696487 -1.430595 0.000000 0.000000 0.000000
    43 0.580660 0.349014 -1.430595 0.000000 0.000000 0.000000
    44 0.583444 -0.305904 -1.430599 0.000000 0.000000 0.000000
    45 0.005318 -0.648720 -1.430599 0.000000 0.000000 0.000000
    46 -0.574618 -0.303123 -1.430601 0.000000 0.000000 0.000000
    47 -0.573714 0.348118 -1.430595 0.000000 0.000000 0.000000
    48 -0.029968 -0.059296 1.773438 -1.561870 -0.003783 0.018306
    49 0.041163 0.095589 -2.899426 -0.781108 -0.013985 0.002645
    50 0.081115 -2.496311 -0.915165 0.000000 0.000000 0.000000
    51 4.863281 2.800781 -18.203125 1.570792 0.000003 -0.000003
  time 189
    0 0.000000 -0.000006 0.000000 -1.570781 -1.391896 -1.570809
    1 1.208984 -4.433594 3.550781 1.596637 -1.286515 2.942961
    2 6.028141 0.000000 0.000000 -1.099448 0.157744 -1.166048
    3 11.692554 0.000001 0.000000 -0.000036 0.000036 -1.509627
    4 11.481670 0.000001 -0.000031 0.495796 -0.325923 0.469438
    5 3.859711 -0.142405 -1.191975 -0.468133 0.151533 -0.880197
    6 1.312555 -0.000002 0.000000 0.000000 0.000000 -0.439720
    7 0.729363 -0.000002 -0.000002 0.000000 0.000000 -0.244299
    8 3.942337 0.046767 -0.431443 -0.151780 0.073206 -0.810985
    9 1.539097 0.000000 0.000000 0.000000 0.000000 -0.247797
    10 1.196325 -0.000002 -0.000001 0.000000 0.000000 -0.430802
    11 3.883698 -0.046765 0.431443 0.085902 0.021830 -0.587867
    12 1.719570 -0.000004 -0.000001 0.000000 0.005516 -0.366478
    13 1.209169 -0.000004 0.000000 0.000000 0.003084 -0.216400
    14 3.859863 -0.137946 1.332466 0.354449 -0.042750 -0.531718
    15 1.719431 0.000002 0.000000 0.000000 0.004074 -0.363009
    16 1.099667 0.000000 -0.000001 0.000000 0.002596 -0.244331
    17 0.806053 -0.348926 1.321258 -1.222677 -0.679213 -0.788819
    18 1.789778 -0.000002 0.000002 0.000000 0.000000 0.228523
    19 1.207005 0.000000 0.000002 0.000000 0.000000 0.362860
    20 -0.396406 -5.155666 -4.578316 -1.668474 1.286518 2.942953
    21 6.028145 0.000000 0.000000 1.307608 0.768090 -1.246163
    22 11.692554 0.000001 0.000002 0.000000 0.000000 -1.158559
    23 11.481699 0.000001 0.000001 -1.067379 -0.292862 0.712716
    24 3.859680 -0.132567 1.193109 0.566835 -0.060499 -1.408425
    25 1.312555 -0.000002 0.000002 0.072278 -0.157178 -0.656760
    26 0.729365 0.000000 -0.000001 -0.023337 -0.412078 -1.179798
    27 3.942307 0.050327 0.431044 0.084249 -0.015145 -1.280306
    28 1.539099 -0.000002 0.000000 0.028455 -0.017392 -0.998558
    29 1.196321 0.000010 0.000000 -0.000519 0.009342 -1.131088
    30 3.883659 -0.050321 -0.431042 -0.047599 -0.027561 -1.047376
    31 1.719578 0.000002 0.000000 0.011340 0.002103 -1.500357
    32 1.209185 0.000002 0.000000 0.001786 -0.003742 -0.451851
    33 3.859840 -0.148937 -1.331282 -0.296390 0.195349 -0.060075
    34 1.719421 0.000002 0.000000 0.000947 -0.015206 -0.727822
    35 1.099669 0.000002 -0.000001 0.001685 0.001741 -0.527276
    36 0.951660 -1.145508 -1.398438 0.946434 0.322044 -0.595039
    37 1.789782 0.000000 -0.000004 -0.002343 -0.058956 0.305325
    38 1.206999 0.000002 0.000000 0.005395 -0.004414 0.894106
    39 -4.084593 -19.836479 -6.603913 1.866914 -0.269512 0.215914
    40 0.025545 -1.273521 1.753304 0.000000 0.000000 0.000000
    41 0.001032 1.440453 -1.526783 0.000000 0.000000 0.000000
    42 0.004413 0.696487 -1.430595 0.000000 0.000000 0.000000
    43 0.580660 0.349014 -1.430595 0.000000 0.000000 0.000000
    44 0.583444 -0.305904 -1.430599 0.000000 0.000000 0.000000
    45 0.005318 -0.648720 -1.430599 0.000000 0.000000 0.000000
    46 -0.574618 -0.303123 -1.430601 0.000000 0.000000 0.000000
    47 -0.573714 0.348118 -1.430595 0.000000 0.000000 0.000000
    48 -0.029968 -0.059296 1.773438 -1.561870 -0.003783 0.018306
    49 0.041163 0.095589 -2.899426 -0.781108 -0.013985 0.002645
    50 0.081115 -2.496311 -0.915165 0.000000 0.000000 0.000000
    51 4.863281 2.800781 -18.203125 1.570792 0.000003 -0.000003
  time 190
    0 0.000000 -0.000006 0.000000 -1.570781 -1.391896 -1.570809
    1 1.208984 -4.433594 3.550781 1.596637 -1.286515 2.942961
    2 6.028141 0.000000 0.000000 -1.087527 0.120208 -1.186305
    3 11.692554 0.000001 0.000000 -0.000036 0.000036 -1.505885
    4 11.481670 0.000001 -0.000031 0.489158 -0.339582 0.505535
    5 3.859711 -0.142405 -1.191975 -0.468133 0.151533 -0.880197
    6 1.312555 -0.000002 0.000000 0.000000 0.000000 -0.439720
    7 0.729363 -0.000002 -0.000002 0.000000 0.000000 -0.244299
    8 3.942337 0.046767 -0.431443 -0.151780 0.073206 -0.810985
    9 1.539097 0.000000 0.000000 0.000000 0.000000 -0.247797
    10 1.196325 -0.000002 -0.000001 0.000000 0.000000 -0.430802
    11 3.883698 -0.046765 0.431443 0.085902 0.021830 -0.587867
    12 1.719570 -0.000004 -0.000001 0.000000 0.005516 -0.366478
    13 1.209169 -0.000004 0.000000 0.000000 0.003084 -0.216400
    14 3.859863 -0.137946 1.332466 0.354449 -0.042750 -0.531718
    15 1.719431 0.000002 0.000000 0.000000 0.004074 -0.363009
    16 1.099667 0.000000 -0.000001 0.000000 0.002596 -0.244331
    17 0.806053 -0.348926 1.321258 -1.222677 -0.679213 -0.788819
    18 1.789778 -0.000002 0.000002 0.000000 0.000000 0.228523
    19 1.207005 0.000000 0.000002 0.000000 0.000000 0.362860
    20 -0.361248 -5.198636 -4.590035 -1.668474 1.286518 2.942953
    21 6.028145 0.000000 0.000000 1.316806 0.742990 -1.235720
    22 11.692554 0.000001 0.000002 0.000000 0.000000 -1.198605
    23 11.481699 0.000001 0.000001 -1.059307 -0.276656 0.688423
    24 3.859680 -0.132567 1.193109 0.566835 -0.060499 -1.408452
    25 1.312555 -0.000002 0.000002 0.072278 -0.157178 -0.656760
    26 0.729365 0.000000 -0.000001 -0.023337 -0.412078 -1.179798
    27 3.942307 0.050327 0.431044 0.084249 -0.015145 -1.280306
    28 1.539099 -0.000002 0.000000 0.028455 -0.017392 -0.998558
    29 1.196321 0.000010 0.000000 -0.000519 0.009342 -1.131088
    30 3.883659 -0.050321 -0.431042 -0.047599 -0.027561 -1.047376
    31 1.719578 0.000002 0.000000 0.011340 0.002103 -1.500357
    32 1.209185 0.000002 0.000000 0.001786 -0.003742 -0.451851
    33 3.859840 -0.148937 -1.331282 -0.296390 0.195349 -0.060075
    34 1.719421 0.000002 0.000000 0.000947 -0.015206 -0.727822
    35 1.099669 0.000002 -0.000001 0.001685 0.001741 -0.527276
    36 0.951660 -1.145508 -1.398438 0.946434 0.322044 -0.595039
    37 1.789782 0.000000 -0.000004 -0.002343 -0.058956 0.305325
    38 1.206999 0.000002 0.000000 0.005395 -0.004414 0.894106
    39 -4.299443 -19.539595 -6.291404 1.826235 -0.270997 0.214349
    40 0.025545 -1.273521 1.753304 0.000000 0.000000 0.000000
    41 0.001032 1.440453 -1.526783 0.000000 0.000000 0.000000
    42 0.004413 0.696487 -1.430595 0.000000 0.000000 0.000000
    43 0.580660 0.349014 -1.430595 0.000000 0.000000 0.000000
    44 0.583444 -0.305904 -1.430599 0.000000 0.000000 0.000000
    45 0.005318 -0.648720 -1.430599 0.000000 0.000000 0.000000
    46 -0.574618 -0.303123 -1.430601 0.000000 0.000000 0.000000
    47 -0.573714 0.348118 -1.430595 0.000000 0.000000 0.000000
    48 -0.029968 -0.059296 1.773438 -1.561870 -0.003783 0.018306
    49 0.041163 0.095589 -2.899426 -0.781108 -0.013985 0.002645
    50 0.081115 -2.496311 -0.915165 0.000000 0.000000 0.000000
    51 4.863281 2.800781 -18.203125 1.570792 0.000003 -0.000003
  time 191
    0 0.000000 -0.000006 0.000000 -1.570781 -1.391896 -1.570809
    1 1.208984 -4.433594 3.550781 1.596637 -1.286515 2.942961
    2 6.028141 0.000000 0.000000 -1.078005 0.077206 -1.210365
    3 11.692554 0.000001 0.000000 -0.000036 0.000036 -1.494659
    4 11.481670 0.000001 -0.000031 0.489066 -0.352758 0.536709
    5 3.859711 -0.142405 -1.191975 -0.468133 0.151533 -0.880197
    6 1.312555 -0.000002 0.000000 0.000000 0.000000 -0.439720
    7 0.729363 -0.000002 -0.000002 0.000000 0.000000 -0.244299
    8 3.942337 0.046767 -0.431443 -0.151780 0.073206 -0.810985
    9 1.539097 0.000000 0.000000 0.000000 0.000000 -0.247797
    10 1.196325 -0.000002 -0.000001 0.000000 0.000000 -0.430802
    11 3.883698 -0.046765 0.431443 0.085902 0.021830 -0.587867
    12 1.719570 -0.000004 -0.000001 0.000000 0.005516 -0.366478
    13 1.209169 -0.000004 0.000000 0.000000 0.003084 -0.216400
    14 3.859863 -0.137946 1.332466 0.354449 -0.042750 -0.531718
    15 1.719431 0.000002 0.000000 0.000000 0.004074 -0.363009
    16 1.099667 0.000000 -0.000001 0.000000 0.002596 -0.244331
    17 0.806053 -0.348926 1.321258 -1.222677 -0.679213 -0.788819
    18 1.789778 -0.000002 0.000002 0.000000 0.000000 0.228523
    19 1.207005 0.000000 0.000002 0.000000 0.000000 0.362860
    20 -0.322185 -5.245512 -4.601754 -1.668474 1.286518 2.942953
    21 6.028145 0.000000 0.000000 1.324853 0.717651 -1.226312
    22 11.692554 0.000001 0.000002 0.000000 0.000000 -1.235254
    23 11.481699 0.000001 0.000001 -1.050049 -0.256053 0.653414
    24 3.859680 -0.132567 1.193109 0.566835 -0.060499 -1.408425
    25 1.312555 -0.000002 0.000002 0.072278 -0.157178 -0.656760
    26 0.729365 0.000000 -0.000001 -0.023337 -0.412078 -1.179798
    27 3.942307 0.050327 0.431044 0.084249 -0.015145 -1.280306
    28 1.539099 -0.000002 0.000000 0.028455 -0.017392 -0.998558
    29 1.196321 0.000010 0.000000 -0.000519 0.009342 -1.131088
    30 3.883659 -0.050321 -0.431042 -0.047599 -0.027561 -1.047376
    31 1.719578 0.000002 0.000000 0.011340 0.002103 -1.500357
    32 1.209185 0.000002 0.000000 0.001786 -0.003742 -0.451851
    33 3.859840 -0.148937 -1.331282 -0.296390 0.195337 -0.060075
    34 1.719421 0.000002 0.000000 0.000947 -0.015206 -0.727822
    35 1.099669 0.000002 -0.000001 0.001685 0.001741 -0.527276
    36 0.951660 -1.145508 -1.398438 0.946434 0.322044 -0.595039
    37 1.789782 0.000000 -0.000004 -0.002343 -0.058956 0.305325
    38 1.206999 0.000002 0.000000 0.005395 -0.004414 0.894106
    39 -4.529919 -19.230991 -5.959362 1.777516 -0.272853 0.212523
    40 0.025545 -1.273521 1.753304 0.000000 0.000000 0.000000
    41 0.001032 1.440453 -1.526783 0.000000 0.000000 0.000000
    42 0.004413 0.696487 -1.430595 0.000000 0.000000 0.000000
    43 0.580660 0.349014 -1.430595 0.000000 0.000000 0.000000
    44 0.583444 -0.305904 -1.430599 0.000000 0.000000 0.000000
    45 0.005318 -0.648720 -1.430599 0.000000 0.000000 0.000000
    46 -0.574618 -0.303123 -1.430601 0.000000 0.000000 0.000000
    47 -0.573714 0.348118 -1.430595 0.000000 0.000000 0.000000
    48 -0.029968 -0.059296 1.773438 -1.561870 -0.003783 0.018306
    49 0.041163 0.095589 -2.899426 -0.781108 -0.013985 0.002645
    50 0.081115 -2.496311 -0.915165 0.000000 0.000000 0.000000
    51 4.863281 2.800781 -18.203125 1.570792 0.000003 -0.000003
  time 192
    0 0.000000 -0.000006 0.000000 -1.570781 -1.391896 -1.570809
    1 1.208984 -4.433594 3.550781 1.596637 -1.286515 2.942961
    2 6.028141 0.000000 0.000000 -1.069854 0.029425 -1.237897
    3 11.692554 0.000001 0.000000 -0.000036 0.000036 -1.476474
    4 11.481670 0.000001 -0.000031 0.495704 -0.365982 0.562177
    5 3.859711 -0.142405 -1.191975 -0.468133 0.151533 -0.880197
    6 1.312555 -0.000002 0.000000 0.000000 0.000000 -0.439720
    7 0.729363 -0.000002 -0.000002 0.000000 0.000000 -0.244299
    8 3.942337 0.046767 -0.431443 -0.151780 0.073206 -0.810985
    9 1.539097 0.000000 0.000000 0.000000 0.000000 -0.247797
    10 1.196325 -0.000002 -0.000001 0.000000 0.000000 -0.430802
    11 3.883698 -0.046765 0.431443 0.085902 0.021830 -0.587867
    12 1.719570 -0.000004 -0.000001 0.000000 0.005516 -0.366478
    13 1.209169 -0.000004 0.000000 0.000000 0.003084 -0.216400
    14 3.859863 -0.137946 1.332466 0.354449 -0.042750 -0.531718
    15 1.719431 0.000002 0.000000 0.000000 0.004074 -0.363009
    16 1.099667 0.000000 -0.000001 0.000000 0.002596 -0.244331
    17 0.806053 -0.348926 1.321258 -1.222677 -0.679213 -0.788819
    18 1.789778 -0.000002 0.000002 0.000000 0.000000 0.228523
    19 1.207005 0.000000 0.000002 0.000000 0.000000 0.362860
    20 -0.287027 -5.288483 -4.613473 -1.668474 1.286518 2.942953
    21 6.028145 0.000000 0.000000 1.331943 0.693505 -1.217939
    22 11.692554 0.000001 0.000002 0.000000 0.000000 -1.268207
    23 11.481699 0.000001 0.000001 -1.040847 -0.232951 0.612198
    24 3.859680 -0.132567 1.193109 0.566835 -0.060499 -1.408425
    25 1.312555 -0.000002 0.000002 0.072278 -0.157178 -0.656760
    26 0.729365 0.000000 -0.000001 -0.023337 -0.412078 -1.179798
    27 3.942307 0.050327 0.431044 0.084249 -0.015145 -1.280306
    28 1.539099 -0.000002 0.000000 0.028455 -0.017392 -0.998558
    29 1.196321 0.000010 0.000000 -0.000519 0.009342 -1.131088
    30 3.883659 -0.050321 -0.431042 -0.047599 -0.027561 -1.047376
    31 1.719578 0.000002 0.000000 0.011340 0.002103 -1.500357
    32 1.209185 0.000002 0.000000 0.001786 -0.003742 -0.451851
    33 3.859840 -0.148937 -1.331282 -0.296390 0.195349 -0.060075
    34 1.719421 0.000002 0.000000 0.000947 -0.015206 -0.727822
    35 1.099669 0.000002 -0.000001 0.001685 0.001741 -0.527276
    36 0.951660 -1.145508 -1.398438 0.946434 0.322044 -0.595039
    37 1.789782 0.000000 -0.000004 -0.002343 -0.058956 0.305325
    38 1.206999 0.000002 0.000000 0.005395 -0.004414 0.894106
    39 -4.772114 -18.918482 -5.611695 1.724203 -0.274988 0.210698
    40 0.025545 -1.273521 1.753304 0.000000 0.000000 0.000000
    41 0.001032 1.440453 -1.526783 0.000000 0.000000 0.000000
    42 0.004413 0.696487 -1.430595 0.000000 0.000000 0.000000
    43 0.580660 0.349014 -1.430595 0.000000 0.000000 0.000000
    44 0.583444 -0.305904 -1.430599 0.000000 0.000000 0.000000
    45 0.005318 -0.648720 -1.430599 0.000000 0.000000 0.000000
    46 -0.574618 -0.303123 -1.430601 0.000000 0.000000 0.000000
    47 -0.573714 0.348118 -1.430595 0.000000 0.000000 0.000000
    48 -0.029968 -0.059296 1.773438 -1.561870 -0.003783 0.018306
    49 0.041163 0.095589 -2.899426 -0.781108 -0.013985 0.002645
    50 0.081115 -2.496311 -0.915165 0.000000 0.000000 0.000000
    51 4.863281 2.800781 -18.203125 1.570792 0.000003 -0.000003
  time 193
    0 0.000000 -0.000006 0.000000 -1.570781 -1.391896 -1.570809
    1 1.208984 -4.433594 3.550781 1.596637 -1.286515 2.942961
    2 6.028141 0.000000 0.000000 -1.062389 -0.022583 -1.268376
    3 11.692554 0.000001 0.000000 -0.000036 0.000036 -1.451331
    4 11.481670 0.000001 -0.000031 0.509718 -0.379834 0.580511
    5 3.859711 -0.142405 -1.191975 -0.468133 0.151533 -0.880197
    6 1.312555 -0.000002 0.000000 0.000000 0.000000 -0.439720
    7 0.729363 -0.000002 -0.000002 0.000000 0.000000 -0.244299
    8 3.942337 0.046767 -0.431443 -0.151780 0.073206 -0.810985
    9 1.539097 0.000000 0.000000 0.000000 0.000000 -0.247797
    10 1.196325 -0.000002 -0.000001 0.000000 0.000000 -0.430802
    11 3.883698 -0.046765 0.431443 0.085902 0.021830 -0.587867
    12 1.719570 -0.000004 -0.000001 0.000000 0.005516 -0.366478
    13 1.209169 -0.000004 0.000000 0.000000 0.003084 -0.216400
    14 3.859863 -0.137946 1.332466 0.354449 -0.042750 -0.531718
    15 1.719431 0.000002 0.000000 0.000000 0.004074 -0.363009
    16 1.099667 0.000000 -0.000001 0.000000 0.002596 -0.244331
    17 0.806053 -0.348926 1.321258 -1.222677 -0.679213 -0.788819
    18 1.789778 -0.000002 0.000002 0.000000 0.000000 0.228523
    19 1.207005 0.000000 0.000002 0.000000 0.000000 0.362860
    20 -0.247964 -5.331453 -4.629098 -1.668474 1.286518 2.942953
    21 6.028145 0.000000 0.000000 1.338170 0.671077 -1.210507
    22 11.692554 0.000001 0.000002 0.000000 0.000000 -1.297023
    23 11.481699 0.000001 0.000001 -1.032154 -0.207607 0.565599
    24 3.859680 -0.132567 1.193109 0.566835 -0.060499 -1.408425
    25 1.312555 -0.000002 0.000002 0.072278 -0.157178 -0.656760
    26 0.729365 0.000000 -0.000001 -0.023337 -0.412078 -1.179798
    27 3.942307 0.050327 0.431044 0.084249 -0.015145 -1.280306
    28 1.539099 -0.000002 0.000000 0.028455 -0.017392 -0.998558
    29 1.196321 0.000010 0.000000 -0.000519 0.009342 -1.131088
    30 3.883659 -0.050321 -0.431042 -0.047599 -0.027561 -1.047376
    31 1.719578 0.000002 0.000000 0.011340 0.002103 -1.500357
    32 1.209185 0.000002 0.000000 0.001786 -0.003742 -0.451851
    33 3.859840 -0.148937 -1.331282 -0.296390 0.195349 -0.060075
    34 1.719421 0.000002 0.000000 0.000947 -0.015206 -0.727822
    35 1.099669 0.000002 -0.000001 0.001685 0.001741 -0.527276
    36 0.951660 -1.145508 -1.398438 0.946434 0.322044 -0.595039
    37 1.789782 0.000000 -0.000004 -0.002343 -0.058956 0.305325
    38 1.206999 0.000002 0.000000 0.005395 -0.004414 0.894106
    39 -5.022121 -18.602066 -5.252309 1.667062 -0.277355 0.208785
    40 0.025545 -1.273521 1.753304 0.000000 0.000000 0.000000
    41 0.001032 1.440453 -1.526783 0.000000 0.000000 0.000000
    42 0.004413 0.696487 -1.430595 0.000000 0.000000 0.000000
    43 0.580660 0.349014 -1.430595 0.000000 0.000000 0.000000
    44 0.583444 -0.305904 -1.430599 0.000000 0.000000 0.000000
    45 0.005318 -0.648720 -1.430599 0.000000 0.000000 0.000000
    46 -0.574618 -0.303123 -1.430601 0.000000 0.000000 0.000000
    47 -0.573714 0.348118 -1.430595 0.000000 0.000000 0.000000
    48 -0.029968 -0.059296 1.773438 -1.561870 -0.003783 0.018306
    49 0.041163 0.095589 -2.899426 -0.781108 -0.013985 0.002645
    50 0.081115 -2.496311 -0.915165 0.000000 0.000000 0.000000
    51 4.863281 2.800781 -18.203125 1.570792 0.000003 -0.000003
  time 194
    0 0.000000 -0.000006 0.000000 -1.570781 -1.391896 -1.570809
    1 1.208984 -4.433594 3.550781 1.596637 -1.286515 2.942961
    2 6.028141 0.000000 0.000000 -1.054543 -0.078128 -1.301567
    3 11.692554 0.000001 0.000000 -0.000036 0.000036 -1.419623
    4 11.481670 0.000001 -0.000031 0.531291 -0.394747 0.590641
    5 3.859711 -0.142405 -1.191975 -0.468133 0.151533 -0.880197
    6 1.312555 -0.000002 0.000000 0.000000 0.000000 -0.439720
    7 0.729363 -0.000002 -0.000002 0.000000 0.000000 -0.244299
    8 3.942337 0.046767 -0.431443 -0.151780 0.073206 -0.810985
    9 1.539097 0.000000 0.000000 0.000000 0.000000 -0.247797
    10 1.196325 -0.000002 -0.000001 0.000000 0.000000 -0.430802
    11 3.883698 -0.046765 0.431443 0.085902 0.021830 -0.587867
    12 1.719570 -0.000004 -0.000001 0.000000 0.005516 -0.366478
    13 1.209169 -0.000004 0.000000 0.000000 0.003084 -0.216400
    14 3.859863 -0.137946 1.332466 0.354449 -0.042750 -0.531718
    15 1.719431 0.000002 0.000000 0.000000 0.004074 -0.363009
    16 1.099667 0.000000 -0.000001 0.000000 0.002596 -0.244331
    17 0.806053 -0.348926 1.321258 -1.222677 -0.679213 -0.788819
    18 1.789778 -0.000002 0.000002 0.000000 0.000000 0.228523
    19 1.207005 0.000000 0.000002 0.000000 0.000000 0.362860
    20 -0.212806 -5.374423 -4.640818 -1.668474 1.286518 2.942953
    21 6.028145 0.000000 0.000000 1.343631 0.650748 -1.204109
    22 11.692554 0.000001 0.000002 0.000000 0.000000 -1.321332
    23 11.481699 0.000001 0.000001 -1.024364 -0.180409 0.514492
    24 3.859680 -0.132567 1.193109 0.566835 -0.060499 -1.408425
    25 1.312555 -0.000002 0.000002 0.072278 -0.157178 -0.656760
    26 0.729365 0.000000 -0.000001 -0.023337 -0.412078 -1.179798
    27 3.942307 0.050327 0.431044 0.084249 -0.015145 -1.280306
    28 1.539099 -0.000002 0.000000 0.028455 -0.017392 -0.998558
    29 1.196321 0.000010 0.000000 -0.000519 0.009342 -1.131088
    30 3.883659 -0.050321 -0.431042 -0.047599 -0.027561 -1.047376
    31 1.719578 0.000002 0.000000 0.011340 0.002103 -1.500357
    32 1.209185 0.000002 0.000000 0.001786 -0.003742 -0.451851
    33 3.859840 -0.148937 -1.331282 -0.296390 0.195349 -0.060075
    34 1.719421 0.000002 0.000000 0.000947 -0.015206 -0.727822
    35 1.099669 0.000002 -0.000001 0.001685 0.001741 -0.527276
    36 0.951660 -1.145508 -1.398438 0.946434 0.322044 -0.595039
    37 1.789782 0.000000 -0.000004 -0.002343 -0.058956 0.305325
    38 1.206999 0.000002 0.000000 0.005395 -0.004414 0.894106
    39 -5.276035 -18.281744 -4.881204 1.606857 -0.279953 0.207046
    40 0.025545 -1.273521 1.753304 0.000000 0.000000 0.000000
    41 0.001032 1.440453 -1.526783 0.000000 0.000000 0.000000
    42 0.004413 0.696487 -1.430595 0.000000 0.000000 0.000000
    43 0.580660 0.349014 -1.430595 0.000000 0.000000 0.000000
    44 0.583444 -0.305904 -1.430599 0.000000 0.000000 0.000000
    45 0.005318 -0.648720 -1.430599 0.000000 0.000000 0.000000
    46 -0.574618 -0.303123 -1.430601 0.000000 0.000000 0.000000
    47 -0.573714 0.348118 -1.430595 0.000000 0.000000 0.000000
    48 -0.029968 -0.059296 1.773438 -1.561870 -0.003783 0.018306
    49 0.041163 0.095589 -2.899426 -0.781108 -0.013985 0.002645
    50 0.081115 -2.496311 -0.915165 0.000000 0.000000 0.000000
    51 4.863281 2.800781 -18.203125 1.570792 0.000003 -0.000003
  time 195
    0 0.000000 -0.000006 0.000000 -1.570781 -1.391896 -1.570809
    1 1.208984 -4.433594 3.550781 1.596637 -1.286515 2.942961
    2 6.028141 0.000000 0.000000 -1.045364 -0.136200 -1.337229
    3 11.692554 0.000001 0.000000 -0.000036 0.000036 -1.382138
    4 11.481670 0.000001 -0.000031 0.560793 -0.411157 0.591497
    5 3.859711 -0.142405 -1.191975 -0.468133 0.151533 -0.880197
    6 1.312555 -0.000002 0.000000 0.000000 0.000000 -0.439720
    7 0.729363 -0.000002 -0.000002 0.000000 0.000000 -0.244299
    8 3.942337 0.046767 -0.431443 -0.151780 0.073206 -0.810985
    9 1.539097 0.000000 0.000000 0.000000 0.000000 -0.247797
    10 1.196325 -0.000002 -0.000001 0.000000 0.000000 -0.430802
    11 3.883698 -0.046765 0.431443 0.085902 0.021830 -0.587867
    12 1.719570 -0.000004 -0.000001 0.000000 0.005516 -0.366478
    13 1.209169 -0.000004 0.000000 0.000000 0.003084 -0.216400
    14 3.859863 -0.137946 1.332466 0.354449 -0.042750 -0.531718
    15 1.719431 0.000002 0.000000 0.000000 0.004074 -0.363009
    16 1.099667 0.000000 -0.000001 0.000000 0.002596 -0.244331
    17 0.806053 -0.348926 1.321258 -1.222677 -0.679213 -0.788819
    18 1.789778 -0.000002 0.000002 0.000000 0.000000 0.228523
    19 1.207005 0.000000 0.000002 0.000000 0.000000 0.362860
    20 -0.177649 -5.413486 -4.652537 -1.668474 1.286518 2.942953
    21 6.028145 0.000000 0.000000 1.348326 0.633092 -1.198747
    22 11.692554 0.000001 0.000002 0.000000 0.000000 -1.341060
    23 11.481699 0.000001 0.000001 -1.017815 -0.151747 0.459844
    24 3.859680 -0.132567 1.193109 0.566835 -0.060499 -1.408425
    25 1.312555 -0.000002 0.000002 0.072278 -0.157178 -0.656760
    26 0.729365 0.000000 -0.000001 -0.023337 -0.412078 -1.179798
    27 3.942307 0.050327 0.431044 0.084249 -0.015145 -1.280306
    28 1.539099 -0.000002 0.000000 0.028455 -0.017392 -0.998558
    29 1.196321 0.000010 0.000000 -0.000519 0.009342 -1.131088
    30 3.883659 -0.050321 -0.431042 -0.047599 -0.027561 -1.047376
    31 1.719578 0.000002 0.000000 0.011340 0.002103 -1.500357
    32 1.209185 0.000002 0.000000 0.001786 -0.003742 -0.451851
    33 3.859840 -0.148937 -1.331282 -0.296390 0.195349 -0.060075
    34 1.719421 0.000002 0.000000 0.000947 -0.015206 -0.727822
    35 1.099669 0.000002 -0.000001 0.001685 0.001741 -0.527276
    36 0.951660 -1.145508 -1.398438 0.946434 0.322044 -0.595039
    37 1.789782 0.000000 -0.000004 -0.002343 -0.058956 0.305325
    38 1.206999 0.000002 0.000000 0.005395 -0.004414 0.894106
    39 -5.533856 -17.961421 -4.506193 1.544451 -0.282784 0.205308
    40 0.025545 -1.273521 1.753304 0.000000 0.000000 0.000000
    41 0.001032 1.440453 -1.526783 0.000000 0.000000 0.000000
    42 0.004413 0.696487 -1.430595 0.000000 0.000000 0.000000
    43 0.580660 0.349014 -1.430595 0.000000 0.000000 0.000000
    44 0.583444 -0.305904 -1.430599 0.000000 0.000000 0.000000
    45 0.005318 -0.648720 -1.430599 0.000000 0.000000 0.000000
    46 -0.574618 -0.303123 -1.430601 0.000000 0.000000 0.000000
    47 -0.573714 0.348118 -1.430595 0.000000 0.000000 0.000000
    48 -0.029968 -0.059296 1.773438 -1.561870 -0.003783 0.018306
    49 0.041163 0.095589 -2.899426 -0.781108 -0.013985 0.002645
    50 0.081115 -2.496311 -0.915165 0.000000 0.000000 0.000000
    51 4.863281 2.800781 -18.203125 1.570792 0.000003 -0.000003
  time 196
    0 0.000000 -0.000006 0.000000 -1.570781 -1.391896 -1.570809
    1 1.208984 -4.433594 3.550781 1.596637 -1.286515 2.942961
    2 6.028141 0.000000 0.000000 -1.033862 -0.195834 -1.375317
    3 11.692554 0.000001 0.000000 -0.000036 0.000036 -1.339532
    4 11.481670 0.000001 -0.000031 0.597948 -0.429304 0.582437
    5 3.859711 -0.142405 -1.191975 -0.468133 0.151533 -0.880197
    6 1.312555 -0.000002 0.000000 0.000000 0.000000 -0.439720
    7 0.729363 -0.000002 -0.000002 0.000000 0.000000 -0.244299
    8 3.942337 0.046767 -0.431443 -0.151780 0.073206 -0.810985
    9 1.539097 0.000000 0.000000 0.000000 0.000000 -0.247797
    10 1.196325 -0.000002 -0.000001 0.000000 0.000000 -0.430802
    11 3.883698 -0.046765 0.431443 0.085902 0.021830 -0.587867
    12 1.719570 -0.000004 -0.000001 0.000000 0.005516 -0.366478
    13 1.209169 -0.000004 0.000000 0.000000 0.003084 -0.216400
    14 3.859863 -0.137946 1.332466 0.354449 -0.042750 -0.531718
    15 1.719431 0.000002 0.000000 0.000000 0.004074 -0.363009
    16 1.099667 0.000000 -0.000001 0.000000 0.002596 -0.244331
    17 0.806053 -0.348926 1.321258 -1.222677 -0.679213 -0.788819
    18 1.789778 -0.000002 0.000002 0.000000 0.000000 0.228523
    19 1.207005 0.000000 0.000002 0.000000 0.000000 0.362860
    20 -0.146398 -5.456456 -4.660349 -1.668474 1.286518 2.942953
    21 6.028145 0.000000 0.000000 1.352350 0.618156 -1.194325
    22 11.692554 0.000001 0.000002 0.000000 0.000000 -1.356503
    23 11.481699 0.000001 0.000001 -1.012735 -0.122006 0.402821
    24 3.859680 -0.132567 1.193109 0.566835 -0.060499 -1.408425
    25 1.312555 -0.000002 0.000002 0.072278 -0.157178 -0.656760
    26 0.729365 0.000000 -0.000001 -0.023337 -0.412078 -1.179798
    27 3.942307 0.050327 0.431044 0.084249 -0.015145 -1.280306
    28 1.539099 -0.000002 0.000000 0.028455 -0.017392 -0.998558
    29 1.196321 0.000010 0.000000 -0.000519 0.009342 -1.131088
    30 3.883659 -0.050321 -0.431042 -0.047599 -0.027561 -1.047376
    31 1.719578 0.000002 0.000000 0.011340 0.002103 -1.500357
    32 1.209185 0.000002 0.000000 0.001786 -0.003730 -0.451851
    33 3.859840 -0.148937 -1.331282 -0.296390 0.195349 -0.060075
    34 1.719421 0.000002 0.000000 0.000947 -0.015206 -0.727822
    35 1.099669 0.000002 -0.000001 0.001685 0.001741 -0.527276
    36 0.951660 -1.145508 -1.398438 0.946434 0.322044 -0.595039
    37 1.789782 0.000000 -0.000004 -0.002343 -0.058956 0.305325
    38 1.206999 0.000002 0.000000 0.005395 -0.004414 0.894106
    39 -5.791676 -17.641099 -4.123369 1.480322 -0.285754 0.203743
    40 0.025545 -1.273521 1.753304 0.000000 0.000000 0.000000
    41 0.001032 1.440453 -1.526783 0.000000 0.000000 0.000000
    42 0.004413 0.696487 -1.430595 0.000000 0.000000 0.000000
    43 0.580660 0.349014 -1.430595 0.000000 0.000000 0.000000
    44 0.583444 -0.305904 -1.430599 0.000000 0.000000 0.000000
    45 0.005318 -0.648720 -1.430599 0.000000 0.000000 0.000000
    46 -0.574618 -0.303123 -1.430601 0.000000 0.000000 0.000000
    47 -0.573714 0.348118 -1.430595 0.000000 0.000000 0.000000
    48 -0.029968 -0.059296 1.773438 -1.561870 -0.003783 0.018306
    49 0.041163 0.095589 -2.899426 -0.781108 -0.013985 0.002645
    50 0.081115 -2.496311 -0.915165 0.000000 0.000000 0.000000
    51 4.863281 2.800781 -18.203125 1.570792 0.000003 -0.000003
  time 197
    0 0.000000 -0.000006 0.000000 -1.570781 -1.391896 -1.570809
    1 1.208984 -4.433594 3.550781 1.596637 -1.286515 2.942961
    2 6.028141 0.000000 0.000000 -1.019237 -0.255513 -1.415735
    3 11.692554 0.000001 0.000000 -0.000036 0.000036 -1.293512
    4 11.481670 0.000001 -0.000031 0.642939 -0.449237 0.563247
    5 3.859711 -0.142405 -1.191975 -0.468133 0.151533 -0.880197
    6 1.312555 -0.000002 0.000000 0.000000 0.000000 -0.439720
    7 0.729363 -0.000002 -0.000002 0.000000 0.000000 -0.244299
    8 3.942337 0.046767 -0.431443 -0.151780 0.073206 -0.810985
    9 1.539097 0.000000 0.000000 0.000000 0.000000 -0.247797
    10 1.196325 -0.000002 -0.000001 0.000000 0.000000 -0.430802
    11 3.883698 -0.046765 0.431443 0.085902 0.021830 -0.587867
    12 1.719570 -0.000004 -0.000001 0.000000 0.005516 -0.366478
    13 1.209169 -0.000004 0.000000 0.000000 0.003084 -0.216400
    14 3.859863 -0.137946 1.332466 0.354449 -0.042750 -0.531718
    15 1.719431 0.000002 0.000000 0.000000 0.004074 -0.363009
    16 1.099667 0.000000 -0.000001 0.000000 0.002596 -0.244331
    17 0.806053 -0.348926 1.321258 -1.222677 -0.679213 -0.788819
    18 1.789778 -0.000002 0.000002 0.000000 0.000000 0.228523
    19 1.207005 0.000000 0.000002 0.000000 0.000000 0.362860
    20 -0.111241 -5.491614 -4.672068 -1.668474 1.286518 2.942953
    21 6.028145 0.000000 0.000000 1.355894 0.606513 -1.190844
    22 11.692554 0.000001 0.000002 0.000000 0.000000 -1.367512
    23 11.481699 0.000001 0.000001 -1.009235 -0.091792 0.344294
    24 3.859680 -0.132567 1.193109 0.566835 -0.060499 -1.408425
    25 1.312555 -0.000002 0.000002 0.072278 -0.157178 -0.656760
    26 0.729365 0.000000 -0.000001 -0.023337 -0.412078 -1.179798
    27 3.942307 0.050327 0.431044 0.084249 -0.015145 -1.280306
    28 1.539099 -0.000002 0.000000 0.028455 -0.017392 -0.998558
    29 1.196321 0.000010 0.000000 -0.000519 0.009342 -1.131088
    30 3.883659 -0.050321 -0.431042 -0.047599 -0.027561 -1.047376
    31 1.719578 0.000002 0.000000 0.011340 0.002103 -1.500357
    32 1.209185 0.000002 0.000000 0.001786 -0.003742 -0.451851
    33 3.859840 -0.148937 -1.331282 -0.296390 0.195349 -0.060075
    34 1.719421 0.000002 0.000000 0.000947 -0.015206 -0.727822
    35 1.099669 0.000002 -0.000001 0.001685 0.001741 -0.527276
    36 0.951660 -1.145508 -1.398438 0.946434 0.322044 -0.595039
    37 1.789782 0.000000 -0.000004 -0.002343 -0.058956 0.305325
    38 1.206999 0.000002 0.000000 0.005395 -0.004414 0.894106
    39 -6.045590 -17.328590 -3.744451 1.415332 -0.288863 0.202352
    40 0.025545 -1.273521 1.753304 0.000000 0.000000 0.000000
    41 0.001032 1.440453 -1.526783 0.000000 0.000000 0.000000
    42 0.004413 0.696487 -1.430595 0.000000 0.000000 0.000000
    43 0.580660 0.349014 -1.430595 0.000000 0.000000 0.000000
    44 0.583444 -0.305904 -1.430599 0.000000 0.000000 0.000000
    45 0.005318 -0.648720 -1.430599 0.000000 0.000000 0.000000
    46 -0.574618 -0.303123 -1.430601 0.000000 0.000000 0.000000
    47 -0.573714 0.348118 -1.430595 0.000000 0.000000 0.000000
    48 -0.029968 -0.059296 1.773438 -1.561870 -0.003783 0.018306
    49 0.041163 0.095589 -2.899426 -0.781108 -0.013985 0.002645
    50 0.081115 -2.496311 -0.915165 0.000000 0.000000 0.000000
    51 4.863281 2.800781 -18.203125 1.570792 0.000003 -0.000003
  time 198
    0 0.000000 -0.000006 0.000000 -1.570781 -1.391896 -1.570809
    1 1.208984 -4.433594 3.550781 1.596637 -1.286515 2.942961
    2 6.028141 0.000000 0.000000 -1.000917 -0.314091 -1.458625
    3 11.692554 0.000001 0.000000 -0.000024 0.000036 -1.244932
    4 11.481670 0.000001 -0.000031 0.695582 -0.470714 0.533642
    5 3.859711 -0.142405 -1.191975 -0.468133 0.151533 -0.880197
    6 1.312555 -0.000002 0.000000 0.000000 0.000000 -0.439720
    7 0.729363 -0.000002 -0.000002 0.000000 0.000000 -0.244299
    8 3.942337 0.046767 -0.431443 -0.151780 0.073206 -0.810985
    9 1.539097 0.000000 0.000000 0.000000 0.000000 -0.247797
    10 1.196325 -0.000002 -0.000001 0.000000 0.000000 -0.430802
    11 3.883698 -0.046765 0.431443 0.085902 0.021830 -0.587867
    12 1.719570 -0.000004 -0.000001 0.000000 0.005516 -0.366478
    13 1.209169 -0.000004 0.000000 0.000000 0.003084 -0.216400
    14 3.859863 -0.137946 1.332466 0.354449 -0.042750 -0.531718
    15 1.719431 0.000002 0.000000 0.000000 0.004074 -0.363009
    16 1.099667 0.000000 -0.000001 0.000000 0.002596 -0.244331
    17 0.806053 -0.348926 1.321258 -1.222677 -0.679213 -0.788819
    18 1.789778 -0.000002 0.000002 0.000000 0.000000 0.228523
    19 1.207005 0.000000 0.000002 0.000000 0.000000 0.362860
    20 -0.079990 -5.530677 -4.683788 -1.668474 1.286518 2.942953
    21 6.028145 0.000000 0.000000 1.359056 0.598257 -1.188210
    22 11.692554 0.000001 0.000002 0.000000 0.000000 -1.374531
    23 11.481699 0.000001 0.000001 -1.007372 -0.061621 0.285476
    24 3.859680 -0.132567 1.193109 0.566835 -0.060499 -1.408425
    25 1.312555 -0.000002 0.000002 0.072278 -0.157178 -0.656760
    26 0.729365 0.000000 -0.000001 -0.023337 -0.412078 -1.179798
    27 3.942307 0.050327 0.431044 0.084249 -0.015145 -1.280306
    28 1.539099 -0.000002 0.000000 0.028455 -0.017392 -0.998558
    29 1.196321 0.000010 0.000000 -0.000519 0.009342 -1.131088
    30 3.883659 -0.050321 -0.431042 -0.047599 -0.027561 -1.047376
    31 1.719578 0.000002 0.000000 0.011340 0.002103 -1.500357
    32 1.209185 0.000002 0.000000 0.001786 -0.003742 -0.451851
    33 3.859840 -0.148937 -1.331282 -0.296390 0.195349 -0.060075
    34 1.719421 0.000002 0.000000 0.000947 -0.015206 -0.727822
    35 1.099669 0.000002 -0.000001 0.001685 0.001741 -0.527276
    36 0.951660 -1.145508 -1.398438 0.946434 0.322044 -0.595039
    37 1.789782 0.000000 -0.000004 -0.002343 -0.058956 0.305325
    38 1.206999 0.000002 0.000000 0.005395 -0.004414 0.894106
    39 -6.291691 -17.023893 -3.361627 1.350246 -0.292065 0.201222
    40 0.025545 -1.273521 1.753304 0.000000 0.000000 0.000000
    41 0.001032 1.440453 -1.526783 0.000000 0.000000 0.000000
    42 0.004413 0.696487 -1.430595 0.000000 0.000000 0.000000
    43 0.580660 0.349014 -1.430595 0.000000 0.000000 0.000000
    44 0.583444 -0.305904 -1.430599 0.000000 0.000000 0.000000
    45 0.005318 -0.648720 -1.430599 0.000000 0.000000 0.000000
    46 -0.574618 -0.303123 -1.430601 0.000000 0.000000 0.000000
    47 -0.573714 0.348118 -1.430595 0.000000 0.000000 0.000000
    48 -0.029968 -0.059296 1.773438 -1.561870 -0.003783 0.018306
    49 0.041163 0.095589 -2.899426 -0.781108 -0.013985 0.002645
    50 0.081115 -2.496311 -0.915165 0.000000 0.000000 0.000000
    51 4.863281 2.800781 -18.203125 1.570792 0.000003 -0.000003
  time 199
    0 0.000000 -0.000006 0.000000 -1.570781 -1.391896 -1.570809
    1 1.208984 -4.433594 3.550781 1.596637 -1.286515 2.942961
    2 6.028141 0.000000 0.000000 -0.978483 -0.370187 -1.504084
    3 11.692554 0.000001 0.000000 -0.000024 0.000036 -1.195302
    4 11.481670 0.000001 -0.000031 0.755601 -0.493350 0.493835
    5 3.859711 -0.142405 -1.191975 -0.468133 0.151533 -0.880197
    6 1.312555 -0.000002 0.000000 0.000000 0.000000 -0.439720
    7 0.729363 -0.000002 -0.000002 0.000000 0.000000 -0.244299
    8 3.942337 0.046767 -0.431443 -0.151780 0.073206 -0.810985
    9 1.539097 0.000000 0.000000 0.000000 0.000000 -0.247797
    10 1.196325 -0.000002 -0.000001 0.000000 0.000000 -0.430802
    11 3.883698 -0.046765 0.431443 0.085902 0.021830 -0.587867
    12 1.719570 -0.000004 -0.000001 0.000000 0.005516 -0.366478
    13 1.209169 -0.000004 0.000000 0.000000 0.003084 -0.216400
    14 3.859863 -0.137946 1.332466 0.354449 -0.042750 -0.531718
    15 1.719431 0.000002 0.000000 0.000000 0.004074 -0.363009
    16 1.099667 0.000000 -0.000001 0.000000 0.002596 -0.244331
    17 0.806053 -0.348926 1.321258 -1.222677 -0.679213 -0.788819
    18 1.789778 -0.000002 0.000002 0.000000 0.000000 0.228523
    19 1.207005 0.000000 0.000002 0.000000 0.000000 0.362860
    20 -0.052645 -5.565835 -4.691600 -1.668474 1.286518 2.942953
    21 6.028145 0.000000 0.000000 1.361930 0.593390 -1.186422
    22 11.692554 0.000001 0.000002 0.000000 0.000000 -1.378151
    23 11.481699 0.000001 0.000001 -1.007090 -0.031923 0.227531
    24 3.859680 -0.132567 1.193109 0.566835 -0.060499 -1.408425
    25 1.312555 -0.000002 0.000002 0.072278 -0.157178 -0.656760
    26 0.729365 0.000000 -0.000001 -0.023337 -0.412078 -1.179798
    27 3.942307 0.050327 0.431044 0.084249 -0.015145 -1.280306
    28 1.539099 -0.000002 0.000000 0.028455 -0.017392 -0.998558
    29 1.196321 0.000010 0.000000 -0.000519 0.009342 -1.131088
    30 3.883659 -0.050321 -0.431042 -0.047599 -0.027561 -1.047376
    31 1.719578 0.000002 0.000000 0.011340 0.002103 -1.500357
    32 1.209185 0.000002 0.000000 0.001786 -0.003742 -0.451851
    33 3.859840 -0.148937 -1.331282 -0.296390 0.195349 -0.060075
    34 1.719421 0.000002 0.000000 0.000947 -0.015206 -0.727822
    35 1.099669 0.000002 -0.000001 0.001685 0.001741 -0.527276
    36 0.951660 -1.145508 -1.398438 0.946434 0.322044 -0.595039
    37 1.789782 0.000000 -0.000004 -0.002343 -0.058956 0.305325
    38 1.206999 0.000002 0.000000 0.005395 -0.004414 0.894106
    39 -6.529980 -16.730915 -2.982709 1.285830 -0.295267 0.200266
    40 0.025545 -1.273521 1.753304 0.000000 0.000000 0.000000
    41 0.001032 1.440453 -1.526783 0.000000 0.000000 0.000000
    42 0.004413 0.696487 -1.430595 0.000000 0.000000 0.000000
    43 0.580660 0.349014 -1.430595 0.000000 0.000000 0.000000
    44 0.583444 -0.305904 -1.430599 0.000000 0.000000 0.000000
    45 0.005318 -0.648720 -1.430599 0.000000 0.000000 0.000000
    46 -0.574618 -0.303123 -1.430601 0.000000 0.000000 0.000000
    47 -0.573714 0.348118 -1.430595 0.000000 0.000000 0.000000
    48 -0.029968 -0.059296 1.773438 -1.561870 -0.003783 0.018306
    49 0.041163 0.095589 -2.899426 -0.781108 -0.013985 0.002645
    50 0.081115 -2.496311 -0.915165 0.000000 0.000000 0.000000
    51 4.863281 2.800781 -18.203125 1.570792 0.000003 -0.000003
  time 200
    0 0.000000 -0.000006 0.000000 -1.570781 -1.391896 -1.570809
    1 1.208984 -4.433594 3.550781 1.596637 -1.286515 2.942961
    2 6.028141 0.000000 0.000000 -0.951822 -0.422746 -1.552014
    3 11.692554 0.000001 0.000000 -0.000024 0.000036 -1.145672
    4 11.481670 0.000001 -0.000031 0.822811 -0.516468 0.444327
    5 3.859711 -0.142405 -1.191975 -0.468133 0.151533 -0.880197
    6 1.312555 -0.000002 0.000000 0.000000 0.000000 -0.439720
    7 0.729363 -0.000002 -0.000002 0.000000 0.000000 -0.244299
    8 3.942337 0.046767 -0.431443 -0.151780 0.073206 -0.810985
    9 1.539097 0.000000 0.000000 0.000000 0.000000 -0.247797
    10 1.196325 -0.000002 -0.000001 0.000000 0.000000 -0.430802
    11 3.883698 -0.046765 0.431443 0.085902 0.021830 -0.587867
    12 1.719570 -0.000004 -0.000001 0.000000 0.005516 -0.366478
    13 1.209169 -0.000004 0.000000 0.000000 0.003084 -0.216400
    14 3.859863 -0.137946 1.332466 0.354449 -0.042750 -0.531718
    15 1.719431 0.000002 0.000000 0.000000 0.004074 -0.363009
    16 1.099667 0.000000 -0.000001 0.000000 0.002596 -0.244331
    17 0.806053 -0.348926 1.321258 -1.222677 -0.679213 -0.788819
    18 1.789778 -0.000002 0.000002 0.000000 0.000000 0.228523
    19 1.207005 0.000000 0.000002 0.000000 0.000000 0.362860
    20 -0.021394 -5.600992 -4.703319 -1.668474 1.286518 2.942953
    21 6.028145 0.000000 0.000000 1.364613 0.591910 -1.185293
    22 11.692554 0.000001 0.000002 0.000000 0.000000 -1.379038
    23 11.481699 0.000001 0.000001 -1.008275 -0.003304 0.171526
    24 3.859680 -0.132567 1.193109 0.566835 -0.060499 -1.408425
    25 1.312555 -0.000002 0.000002 0.072278 -0.157178 -0.656760
    26 0.729365 0.000000 -0.000001 -0.023337 -0.412078 -1.179798
    27 3.942307 0.050327 0.431044 0.084249 -0.015145 -1.280306
    28 1.539099 -0.000002 0.000000 0.028455 -0.017392 -0.998558
    29 1.196321 0.000010 0.000000 -0.000519 0.009342 -1.131088
    30 3.883659 -0.050321 -0.431042 -0.047599 -0.027561 -1.047376
    31 1.719578 0.000002 0.000000 0.011340 0.002103 -1.500357
    32 1.209185 0.000002 0.000000 0.001786 -0.003742 -0.451851
    33 3.859840 -0.148937 -1.331282 -0.296390 0.195349 -0.060075
    34 1.719421 0.000002 0.000000 0.000947 -0.015206 -0.727822
    35 1.099669 0.000002 -0.000001 0.001685 0.001741 -0.527276
    36 0.951660 -1.145508 -1.398438 0.946434 0.322044 -0.595039
    37 1.789782 0.000000 -0.000004 -0.002343 -0.058956 0.305325
    38 1.206999 0.000002 0.000000 0.005395 -0.004414 0.894106
    39 -6.756549 -16.449657 -2.607697 1.222945 -0.298469 0.199570
    40 0.025545 -1.273521 1.753304 0.000000 0.000000 0.000000
    41 0.001032 1.440453 -1.526783 0.000000 0.000000 0.000000
    42 0.004413 0.696487 -1.430595 0.000000 0.000000 0.000000
    43 0.580660 0.349014 -1.430595 0.000000 0.000000 0.000000
    44 0.583444 -0.305904 -1.430599 0.000000 0.000000 0.000000
    45 0.005318 -0.648720 -1.430599 0.000000 0.000000 0.000000
    46 -0.574618 -0.303123 -1.430601 0.000000 0.000000 0.000000
    47 -0.573714 0.348118 -1.430595 0.000000 0.000000 0.000000
    48 -0.029968 -0.059296 1.773438 -1.561870 -0.003783 0.018306
    49 0.041163 0.095589 -2.899426 -0.781108 -0.013985 0.002645
    50 0.081115 -2.496311 -0.915165 0.000000 0.000000 0.000000
    51 4.863281 2.800781 -18.203125 1.570792 0.000003 -0.000003
  time 201
    0 0.000000 -0.000006 0.000000 -1.570781 -1.391896 -1.570809
    1 1.208984 -4.433594 3.550781 1.596637 -1.286515 2.942961
    2 6.028141 0.000000 0.000000 -0.921238 -0.470526 -1.602180
    3 11.692554 0.000001 0.000000 -0.000024 0.000036 -1.097486
    4 11.481670 0.000001 -0.000031 0.896935 -0.539297 0.386115
    5 3.859711 -0.142405 -1.191975 -0.468133 0.151533 -0.880197
    6 1.312555 -0.000002 0.000000 0.000000 0.000000 -0.439720
    7 0.729363 -0.000002 -0.000002 0.000000 0.000000 -0.244299
    8 3.942337 0.046767 -0.431443 -0.151780 0.073206 -0.810985
    9 1.539097 0.000000 0.000000 0.000000 0.000000 -0.247797
    10 1.196325 -0.000002 -0.000001 0.000000 0.000000 -0.430802
    11 3.883698 -0.046765 0.431443 0.085902 0.021830 -0.587867
    12 1.719570 -0.000004 -0.000001 0.000000 0.005516 -0.366478
    13 1.209169 -0.000004 0.000000 0.000000 0.003084 -0.216400
    14 3.859863 -0.137946 1.332466 0.354449 -0.042750 -0.531718
    15 1.719431 0.000002 0.000000 0.000000 0.004074 -0.363009
    16 1.099667 0.000000 -0.000001 0.000000 0.002596 -0.244331
    17 0.806053 -0.348926 1.321258 -1.222677 -0.679213 -0.788819
    18 1.789778 -0.000002 0.000002 0.000000 0.000000 0.228523
    19 1.207005 0.000000 0.000002 0.000000 0.000000 0.362860
    20 0.005950 -5.632243 -4.711132 -1.668474 1.286518 2.942953
    21 6.028145 0.000000 0.000000 1.367199 0.593581 -1.184823
    22 11.692554 0.000001 0.000002 0.000000 0.000000 -1.377708
    23 11.481699 0.000001 0.000001 -1.010759 0.023764 0.118576
    24 3.859680 -0.132567 1.193109 0.566835 -0.060499 -1.408425
    25 1.312555 -0.000002 0.000002 0.072278 -0.157178 -0.656760
    26 0.729365 0.000000 -0.000001 -0.023337 -0.412078 -1.179798
    27 3.942307 0.050327 0.431044 0.084249 -0.015145 -1.280306
    28 1.539099 -0.000002 0.000000 0.028455 -0.017392 -0.998558
    29 1.196321 0.000010 0.000000 -0.000519 0.009342 -1.131088
    30 3.883659 -0.050321 -0.431042 -0.047599 -0.027561 -1.047376
    31 1.719578 0.000002 0.000000 0.011340 0.002103 -1.500357
    32 1.209185 0.000002 0.000000 0.001786 -0.003742 -0.451851
    33 3.859840 -0.148937 -1.331282 -0.296390 0.195349 -0.060075
    34 1.719421 0.000002 0.000000 0.000947 -0.015206 -0.727822
    35 1.099669 0.000002 -0.000001 0.001685 0.001741 -0.527276
    36 0.951660 -1.145508 -1.398438 0.946434 0.322044 -0.595039
    37 1.789782 0.000000 -0.000004 -0.002343 -0.058956 0.305325
    38 1.206999 0.000002 0.000000 0.005395 -0.004414 0.894106
    39 -6.967493 -16.187930 -2.228780 1.162262 -0.301532 0.199135
    40 0.025545 -1.273521 1.753304 0.000000 0.000000 0.000000
    41 0.001032 1.440453 -1.526783 0.000000 0.000000 0.000000
    42 0.004413 0.696487 -1.430595 0.000000 0.000000 0.000000
    43 0.580660 0.349014 -1.430595 0.000000 0.000000 0.000000
    44 0.583444 -0.305904 -1.430599 0.000000 0.000000 0.000000
    45 0.005318 -0.648720 -1.430599 0.000000 0.000000 0.000000
    46 -0.574618 -0.303123 -1.430601 0.000000 0.000000 0.000000
    47 -0.573714 0.348118 -1.430595 0.000000 0.000000 0.000000
    48 -0.029968 -0.059296 1.773438 -1.561870 -0.003783 0.018306
    49 0.041163 0.095589 -2.899426 -0.781108 -0.013985 0.002645
    50 0.081115 -2.496311 -0.915165 0.000000 0.000000 0.000000
    51 4.863281 2.800781 -18.203125 1.570792 0.000003 -0.000003
  time 202
    0 0.000000 -0.000006 0.000000 -1.570781 -1.391896 -1.570809
    1 1.208984 -4.433594 3.550781 1.596637 -1.286515 2.942961
    2 6.028141 0.000000 0.000000 -0.887188 -0.512978 -1.654105
    3 11.692554 0.000001 0.000000 -0.000024 0.000036 -1.051532
    4 11.481670 0.000001 -0.000031 0.977329 -0.561064 0.320199
    5 3.859711 -0.142405 -1.191975 -0.468133 0.151533 -0.880197
    6 1.312555 -0.000002 0.000000 0.000000 0.000000 -0.439720
    7 0.729363 -0.000002 -0.000002 0.000000 0.000000 -0.244299
    8 3.942337 0.046767 -0.431443 -0.151780 0.073206 -0.810985
    9 1.539097 0.000000 0.000000 0.000000 0.000000 -0.247797
    10 1.196325 -0.000002 -0.000001 0.000000 0.000000 -0.430802
    11 3.883698 -0.046765 0.431443 0.085902 0.021830 -0.587867
    12 1.719570 -0.000004 -0.000001 0.000000 0.005516 -0.366478
    13 1.209169 -0.000004 0.000000 0.000000 0.003084 -0.216400
    14 3.859863 -0.137946 1.332466 0.354449 -0.042750 -0.531718
    15 1.719431 0.000002 0.000000 0.000000 0.004074 -0.363009
    16 1.099667 0.000000 -0.000001 0.000000 0.002596 -0.244331
    17 0.806053 -0.348926 1.321258 -1.222677 -0.679213 -0.788819
    18 1.789778 -0.000002 0.000002 0.000000 0.000000 0.228523
    19 1.207005 0.000000 0.000002 0.000000 0.000000 0.362860
    20 0.029389 -5.663494 -4.718945 -1.668474 1.286518 2.942953
    21 6.028145 0.000000 0.000000 1.369690 0.598209 -1.184729
    22 11.692554 0.000001 0.000002 0.000000 0.000000 -1.375122
    23 11.481699 0.000001 0.000001 -1.014203 0.048893 0.069892
    24 3.859680 -0.132567 1.193109 0.566835 -0.060499 -1.408425
    25 1.312555 -0.000002 0.000002 0.072278 -0.157178 -0.656760
    26 0.729365 0.000000 -0.000001 -0.023337 -0.412078 -1.179798
    27 3.942307 0.050327 0.431044 0.084249 -0.015145 -1.280306
    28 1.539099 -0.000002 0.000000 0.028455 -0.017392 -0.998558
    29 1.196321 0.000010 0.000000 -0.000519 0.009342 -1.131088
    30 3.883659 -0.050321 -0.431042 -0.047599 -0.027561 -1.047376
    31 1.719578 0.000002 0.000000 0.011340 0.002103 -1.500357
    32 1.209185 0.000002 0.000000 0.001786 -0.003742 -0.451851
    33 3.859840 -0.148937 -1.331282 -0.296390 0.195349 -0.060075
    34 1.719421 0.000002 0.000000 0.000947 -0.015206 -0.727822
    35 1.099669 0.000002 -0.000001 0.001685 0.001741 -0.527276
    36 0.951660 -1.145508 -1.398438 0.946434 0.322044 -0.595039
    37 1.789782 0.000000 -0.000004 -0.002343 -0.058956 0.305325
    38 1.206999 0.000002 0.000000 0.005395 -0.004414 0.894106
    39 -7.162812 -15.941829 -1.853768 1.104738 -0.304502 0.198875
    40 0.025545 -1.273521 1.753304 0.000000 0.000000 0.000000
    41 0.001032 1.440453 -1.526783 0.000000 0.000000 0.000000
    42 0.004413 0.696487 -1.430595 0.000000 0.000000 0.000000
    43 0.580660 0.349014 -1.430595 0.000000 0.000000 0.000000
    44 0.583444 -0.305904 -1.430599 0.000000 0.000000 0.000000
    45 0.005318 -0.648720 -1.430599 0.000000 0.000000 0.000000
    46 -0.574618 -0.303123 -1.430601 0.000000 0.000000 0.000000
    47 -0.573714 0.348118 -1.430595 0.000000 0.000000 0.000000
    48 -0.029968 -0.059296 1.773438 -1.561870 -0.003783 0.018306
    49 0.041163 0.095589 -2.899426 -0.781108 -0.013985 0.002645
    50 0.081115 -2.496311 -0.915165 0.000000 0.000000 0.000000
    51 4.863281 2.800781 -18.203125 1.570792 0.000003 -0.000003
  time 203
    0 0.000000 -0.000006 0.000000 -1.570781 -1.391896 -1.570809
    1 1.208984 -4.433594 3.550781 1.596637 -1.286515 2.942961
    2 6.028141 0.000000 0.000000 -0.850549 -0.549824 -1.707314
    3 11.692554 0.000001 0.000000 -0.000012 0.000024 -1.008007
    4 11.481670 0.000001 -0.000031 1.063070 -0.581045 0.248005
    5 3.859711 -0.142405 -1.191975 -0.468133 0.151533 -0.880197
    6 1.312555 -0.000002 0.000000 0.000000 0.000000 -0.439720
    7 0.729363 -0.000002 -0.000002 0.000000 0.000000 -0.244299
    8 3.942337 0.046767 -0.431443 -0.151780 0.073206 -0.810985
    9 1.539097 0.000000 0.000000 0.000000 0.000000 -0.247797
    10 1.196325 -0.000002 -0.000001 0.000000 0.000000 -0.430802
    11 3.883698 -0.046765 0.431443 0.085902 0.021830 -0.587867
    12 1.719570 -0.000004 -0.000001 0.000000 0.005516 -0.366478
    13 1.209169 -0.000004 0.000000 0.000000 0.003084 -0.216400
    14 3.859863 -0.137946 1.332466 0.354449 -0.042750 -0.531718
    15 1.719431 0.000002 0.000000 0.000000 0.004074 -0.363009
    16 1.099667 0.000000 -0.000001 0.000000 0.002596 -0.244331
    17 0.806053 -0.348926 1.321258 -1.222677 -0.679213 -0.788819
    18 1.789778 -0.000002 0.000002 0.000000 0.000000 0.228523
    19 1.207005 0.000000 0.000002 0.000000 0.000000 0.362860
    20 0.056733 -5.690839 -4.730664 -1.668474 1.286518 2.942953
    21 6.028145 0.000000 0.000000 1.372373 0.605367 -1.185105
    22 11.692554 0.000001 0.000002 0.000000 0.000000 -1.371871
    23 11.481699 0.000001 0.000001 -1.018323 0.071694 0.026494
    24 3.859680 -0.132567 1.193109 0.566835 -0.060499 -1.408425
    25 1.312555 -0.000002 0.000002 0.072278 -0.157178 -0.656760
    26 0.729365 0.000000 -0.000001 -0.023337 -0.412078 -1.179798
    27 3.942307 0.050327 0.431044 0.084249 -0.015145 -1.280306
    28 1.539099 -0.000002 0.000000 0.028455 -0.017392 -0.998558
    29 1.196321 0.000010 0.000000 -0.000519 0.009342 -1.131088
    30 3.883659 -0.050321 -0.431042 -0.047599 -0.027561 -1.047376
    31 1.719578 0.000002 0.000000 0.011340 0.002103 -1.500357
    32 1.209185 0.000002 0.000000 0.001786 -0.003742 -0.451851
    33 3.859840 -0.148937 -1.331282 -0.296390 0.195349 -0.060075
    34 1.719421 0.000002 0.000000 0.000947 -0.015206 -0.727822
    35 1.099669 0.000002 -0.000001 0.001685 0.001741 -0.527276
    36 0.951660 -1.145508 -1.398438 0.946434 0.322044 -0.595039
    37 1.789782 0.000000 -0.000004 -0.002343 -0.058956 0.305325
    38 1.206999 0.000002 0.000000 0.005395 -0.004414 0.894106
    39 -7.342505 -15.719166 -1.474850 1.050946 -0.307286 0.198788
    40 0.025545 -1.273521 1.753304 0.000000 0.000000 0.000000
    41 0.001032 1.440453 -1.526783 0.000000 0.000000 0.000000
    42 0.004413 0.696487 -1.430595 0.000000 0.000000 0.000000
    43 0.580660 0.349014 -1.430595 0.000000 0.000000 0.000000
    44 0.583444 -0.305904 -1.430599 0.000000 0.000000 0.000000
    45 0.005318 -0.648720 -1.430599 0.000000 0.000000 0.000000
    46 -0.574618 -0.303123 -1.430601 0.000000 0.000000 0.000000
    47 -0.573714 0.348118 -1.430595 0.000000 0.000000 0.000000
    48 -0.029968 -0.059296 1.773438 -1.561870 -0.003783 0.018306
    49 0.041163 0.095589 -2.899426 -0.781108 -0.013985 0.002645
    50 0.081115 -2.496311 -0.915165 0.000000 0.000000 0.000000
    51 4.863281 2.800781 -18.203125 1.570792 0.000003 -0.000003
  time 204
    0 0.000000 -0.000006 0.000000 -1.570781 -1.391896 -1.570809
    1 1.208984 -4.433594 3.550781 1.596637 -1.286515 2.942961
    2 6.028141 0.000000 0.000000 -0.812423 -0.580790 -1.760665
    3 11.692554 0.000001 0.000000 -0.000012 0.000024 -0.967699
    4 11.481670 0.000001 -0.000031 1.153052 -0.598661 0.171674
    5 3.859711 -0.142405 -1.191975 -0.468133 0.151533 -0.880197
    6 1.312555 -0.000002 0.000000 0.000000 0.000000 -0.439720
    7 0.729363 -0.000002 -0.000002 0.000000 0.000000 -0.244299
    8 3.942337 0.046767 -0.431443 -0.151780 0.073206 -0.810985
    9 1.539097 0.000000 0.000000 0.000000 0.000000 -0.247797
    10 1.196325 -0.000002 -0.000001 0.000000 0.000000 -0.430802
    11 3.883698 -0.046765 0.431443 0.085902 0.021830 -0.587867
    12 1.719570 -0.000004 -0.000001 0.000000 0.005516 -0.366478
    13 1.209169 -0.000004 0.000000 0.000000 0.003084 -0.216400
    14 3.859863 -0.137946 1.332466 0.354449 -0.042750 -0.531718
    15 1.719431 0.000002 0.000000 0.000000 0.004074 -0.363009
    16 1.099667 0.000000 -0.000001 0.000000 0.002596 -0.244331
    17 0.806053 -0.348926 1.321258 -1.222677 -0.679213 -0.788819
    18 1.789778 -0.000002 0.000002 0.000000 0.000000 0.228523
    19 1.207005 0.000000 0.000002 0.000000 0.000000 0.362860
    20 0.076265 -5.718183 -4.738477 -1.668474 1.286518 2.942953
    21 6.028145 0.000000 0.000000 1.375056 0.614720 -1.185764
    22 11.692554 0.000001 0.000002 0.000000 0.000000 -1.368916
    23 11.481699 0.000001 0.000001 -1.022670 0.091822 -0.010600
    24 3.859680 -0.132567 1.193109 0.566835 -0.060499 -1.408425
    25 1.312555 -0.000002 0.000002 0.072278 -0.157178 -0.656760
    26 0.729365 0.000000 -0.000001 -0.023337 -0.412078 -1.179798
    27 3.942307 0.050327 0.431044 0.084249 -0.015145 -1.280306
    28 1.539099 -0.000002 0.000000 0.028455 -0.017392 -0.998558
    29 1.196321 0.000010 0.000000 -0.000519 0.009342 -1.131088
    30 3.883659 -0.050321 -0.431042 -0.047599 -0.027561 -1.047376
    31 1.719578 0.000002 0.000000 0.011340 0.002103 -1.500357
    32 1.209185 0.000002 0.000000 0.001786 -0.003742 -0.451851
    33 3.859840 -0.148937 -1.331282 -0.296390 0.195337 -0.060075
    34 1.719421 0.000002 0.000000 0.000947 -0.015206 -0.727822
    35 1.099669 0.000002 -0.000001 0.001685 0.001741 -0.527276
    36 0.951660 -1.145508 -1.398438 0.946434 0.322044 -0.595039
    37 1.789782 0.000000 -0.000004 -0.002343 -0.058956 0.305325
    38 1.206999 0.000002 0.000000 0.005395 -0.004414 0.894106
    39 -7.502666 -15.519941 -1.095932 1.001844 -0.309838 0.198875
    40 0.025545 -1.273521 1.753304 0.000000 0.000000 0.000000
    41 0.001032 1.440453 -1.526783 0.000000 0.000000 0.000000
    42 0.004413 0.696487 -1.430595 0.000000 0.000000 0.000000
    43 0.580660 0.349014 -1.430595 0.000000 0.000000 0.000000
    44 0.583444 -0.305904 -1.430599 0.000000 0.000000 0.000000
    45 0.005318 -0.648720 -1.430599 0.000000 0.000000 0.000000
    46 -0.574618 -0.303123 -1.430601 0.000000 0.000000 0.000000
    47 -0.573714 0.348118 -1.430595 0.000000 0.000000 0.000000
    48 -0.029968 -0.059296 1.773438 -1.561870 -0.003783 0.018306
    49 0.041163 0.095589 -2.899426 -0.781108 -0.013985 0.002645
    50 0.081115 -2.496311 -0.915165 0.000000 0.000000 0.000000
    51 4.863281 2.800781 -18.203125 1.570792 0.000003 -0.000003
  time 205
    0 0.000000 -0.000006 0.000000 -1.570781 -1.391896 -1.570809
    1 1.208984 -4.433594 3.550781 1.596637 -1.286515 2.942961
    2 6.028141 0.000000 0.000000 -0.773803 -0.606610 -1.813446
    3 11.692554 0.000001 0.000000 -0.000012 0.000024 -0.930017
    4 11.481670 0.000001 -0.000031 1.245892 -0.613816 0.092845
    5 3.859711 -0.142405 -1.191975 -0.468133 0.151533 -0.880197
    6 1.312555 -0.000002 0.000000 0.000000 0.000000 -0.439720
    7 0.729363 -0.000002 -0.000002 0.000000 0.000000 -0.244299
    8 3.942337 0.046767 -0.431443 -0.151780 0.073206 -0.810985
    9 1.539097 0.000000 0.000000 0.000000 0.000000 -0.247797
    10 1.196325 -0.000002 -0.000001 0.000000 0.000000 -0.430802
    11 3.883698 -0.046765 0.431443 0.085902 0.021830 -0.587867
    12 1.719570 -0.000004 -0.000001 0.000000 0.005516 -0.366478
    13 1.209169 -0.000004 0.000000 0.000000 0.003084 -0.216400
    14 3.859863 -0.137946 1.332466 0.354449 -0.042750 -0.531718
    15 1.719431 0.000002 0.000000 0.000000 0.004074 -0.363009
    16 1.099667 0.000000 -0.000001 0.000000 0.002596 -0.244331
    17 0.806053 -0.348926 1.321258 -1.222677 -0.679213 -0.788819
    18 1.789778 -0.000002 0.000002 0.000000 0.000000 0.228523
    19 1.207005 0.000000 0.000002 0.000000 0.000000 0.362860
    20 0.099703 -5.745528 -4.742383 -1.668474 1.286518 2.942953
    21 6.028145 0.000000 0.000000 1.377834 0.625791 -1.186516
    22 11.692554 0.000001 0.000002 0.000000 0.000000 -1.366847
    23 11.481699 0.000001 0.000001 -1.027017 0.108890 -0.040324
    24 3.859680 -0.132567 1.193109 0.566835 -0.060499 -1.408425
    25 1.312555 -0.000002 0.000002 0.072278 -0.157178 -0.656760
    26 0.729365 0.000000 -0.000001 -0.023337 -0.412078 -1.179798
    27 3.942307 0.050327 0.431044 0.084249 -0.015145 -1.280306
    28 1.539099 -0.000002 0.000000 0.028455 -0.017392 -0.998558
    29 1.196321 0.000010 0.000000 -0.000519 0.009342 -1.131088
    30 3.883659 -0.050321 -0.431042 -0.047599 -0.027561 -1.047376
    31 1.719578 0.000002 0.000000 0.011340 0.002103 -1.500357
    32 1.209185 0.000002 0.000000 0.001786 -0.003742 -0.451851
    33 3.859840 -0.148937 -1.331282 -0.296390 0.195349 -0.060075
    34 1.719421 0.000002 0.000000 0.000947 -0.015206 -0.727822
    35 1.099669 0.000002 -0.000001 0.001685 0.001741 -0.527276
    36 0.951660 -1.145508 -1.398438 0.946434 0.322044 -0.595039
    37 1.789782 0.000000 -0.000004 -0.002343 -0.058956 0.305325
    38 1.206999 0.000002 0.000000 0.005395 -0.004414 0.894106
    39 -7.639389 -15.348060 -0.717015 0.958103 -0.312066 0.199048
    40 0.025545 -1.273521 1.753304 0.000000 0.000000 0.000000
    41 0.001032 1.440453 -1.526783 0.000000 0.000000 0.000000
    42 0.004413 0.696487 -1.430595 0.000000 0.000000 0.000000
    43 0.580660 0.349014 -1.430595 0.000000 0.000000 0.000000
    44 0.583444 -0.305904 -1.430599 0.000000 0.000000 0.000000
    45 0.005318 -0.648720 -1.430599 0.000000 0.000000 0.000000
    46 -0.574618 -0.303123 -1.430601 0.000000 0.000000 0.000000
    47 -0.573714 0.348118 -1.430595 0.000000 0.000000 0.000000
    48 -0.029968 -0.059296 1.773438 -1.561870 -0.003783 0.018306
    49 0.041163 0.095589 -2.899426 -0.781108 -0.013985 0.002645
    50 0.081115 -2.496311 -0.915165 0.000000 0.000000 0.000000
    51 4.863281 2.800781 -18.203125 1.570792 0.000003 -0.000003
  time 206
    0 0.000000 -0.000006 0.000000 -1.570781 -1.391896 -1.570809
    1 1.208984 -4.433594 3.550781 1.596637 -1.286515 2.942961
    2 6.028141 0.000000 0.000000 -0.735487 -0.627284 -1.864896
    3 11.692554 0.000001 0.000000 -0.000012 0.000024 -0.894173
    4 11.481670 0.000001 -0.000031 1.349426 -0.620814 0.018155
    5 3.859711 -0.142405 -1.191975 -0.469595 0.149436 -0.892948
    6 1.312555 -0.000002 0.000000 0.000228 0.000192 -0.434029
    7 0.729363 -0.000002 -0.000002 -0.001809 -0.000827 -0.252765
    8 3.942337 0.046767 -0.431443 -0.152271 0.070869 -0.822262
    9 1.539097 0.000000 0.000000 0.000036 -0.000084 -0.250888
    10 1.196325 -0.000002 -0.000001 0.000000 0.000000 -0.434926
    11 3.883698 -0.046765 0.431443 0.085842 0.020922 -0.594938
    12 1.719570 -0.000004 -0.000001 0.000348 0.004473 -0.381140
    13 1.209169 -0.000004 0.000000 0.000096 0.003084 -0.217174
    14 3.859863 -0.137946 1.332466 0.355434 -0.041456 -0.542392
    15 1.719431 0.000002 0.000000 0.001211 0.002468 -0.372820
    16 1.099667 0.000000 -0.000001 0.000144 0.002572 -0.245857
    17 0.806053 -0.348926 1.321258 -1.223900 -0.685080 -0.786590
    18 1.789778 -0.000002 0.000002 0.000408 0.002600 0.233388
    19 1.207005 0.000000 0.000002 -0.000264 0.000024 0.377097
    20 0.119235 -5.765060 -4.750196 -1.668474 1.286518 2.942953
    21 6.028145 0.000000 0.000000 1.380708 0.638103 -1.187363
    22 11.692554 0.000001 0.000002 0.000000 0.000000 -1.366477
    23 11.481699 0.000001 0.000001 -1.030856 0.122855 -0.061708
    24 3.859680 -0.132567 1.193109 0.566835 -0.060499 -1.408425
    25 1.312555 -0.000002 0.000002 0.072278 -0.157178 -0.656760
    26 0.729365 0.000000 -0.000001 -0.023337 -0.412078 -1.179798
    27 3.942307 0.050327 0.431044 0.084249 -0.015145 -1.280306
    28 1.539099 -0.000002 0.000000 0.028455 -0.017392 -0.998558
    29 1.196321 0.000010 0.000000 -0.000519 0.009342 -1.131088
    30 3.883659 -0.050321 -0.431042 -0.047599 -0.027561 -1.047376
    31 1.719578 0.000002 0.000000 0.011340 0.002103 -1.500357
    32 1.209185 0.000002 0.000000 0.001786 -0.003742 -0.451851
    33 3.859840 -0.148937 -1.331282 -0.296390 0.195349 -0.060075
    34 1.719421 0.000002 0.000000 0.000947 -0.015206 -0.727822
    35 1.099669 0.000002 -0.000001 0.001685 0.001741 -0.527276
    36 0.951660 -1.145508 -1.398438 0.946434 0.322044 -0.595039
    37 1.789782 0.000000 -0.000004 -0.002343 -0.058956 0.305325
    38 1.206999 0.000002 0.000000 0.005395 -0.004414 0.894106
    39 -7.752673 -15.203525 -0.334190 0.920582 -0.314015 0.199222
    40 0.025545 -1.273521 1.753304 0.000000 0.000000 0.000000
    41 0.001032 1.440453 -1.526783 0.000000 0.000000 0.000000
    42 0.004413 0.696487 -1.430595 0.000000 0.000000 0.000000
    43 0.580660 0.349014 -1.430595 0.000000 0.000000 0.000000
    44 0.583444 -0.305904 -1.430599 0.000000 0.000000 0.000000
    45 0.005318 -0.648720 -1.430599 0.000000 0.000000 0.000000
    46 -0.574618 -0.303123 -1.430601 0.000000 0.000000 0.000000
    47 -0.573714 0.348118 -1.430595 0.000000 0.000000 0.000000
    48 -0.029968 -0.059296 1.773438 -1.561870 -0.003783 0.018306
    49 0.041163 0.095589 -2.899426 -0.781108 -0.013985 0.002645
    50 0.081115 -2.496311 -0.915165 0.000000 0.000000 0.000000
    51 4.863281 2.800781 -18.203125 1.570792 0.000003 -0.000003
  time 207
    0 0.000000 -0.000006 0.000000 -1.570781 -1.391896 -1.570809
    1 1.208984 -4.433594 3.550781 1.596637 -1.286515 2.942961
    2 6.028141 0.000000 0.000000 -0.698543 -0.642996 -1.913730
    3 11.692554 0.000001 0.000000 -0.000012 0.000024 -0.860889
    4 11.481670 0.000001 -0.000031 1.463932 -0.616422 -0.044409
    5 3.859711 -0.142405 -1.191975 -0.473502 0.143563 -0.927983
    6 1.312555 -0.000002 0.000000 0.000887 0.000755 -0.418403
    7 0.729363 -0.000002 -0.000002 -0.006747 -0.003188 -0.276002
    8 3.942337 0.046767 -0.431443 -0.153494 0.064433 -0.853305
    9 1.539097 0.000000 0.000000 0.000144 -0.000360 -0.259425
    10 1.196325 -0.000002 -0.000001 0.000024 0.000000 -0.446261
    11 3.883698 -0.046765 0.431443 0.085710 0.018382 -0.614389
    12 1.719570 -0.000004 -0.000001 0.001402 0.001633 -0.421533
    13 1.209169 -0.000004 0.000000 0.000384 0.003048 -0.219319
    14 3.859863 -0.137946 1.332466 0.358075 -0.037852 -0.571744
    15 1.719431 0.000002 0.000000 0.004662 -0.001918 -0.399893
    16 1.099667 0.000000 -0.000001 0.000551 0.002476 -0.250016
    17 0.806053 -0.348926 1.321258 -1.227422 -0.701169 -0.780326
    18 1.789778 -0.000002 0.000002 0.001630 0.009731 0.246735
    19 1.207005 0.000000 0.000002 -0.000995 0.000108 0.416284
    20 0.134861 -5.788498 -4.754102 -1.668474 1.286518 2.942953
    21 6.028145 0.000000 0.000000 1.383678 0.651273 -1.188210
    22 11.692554 0.000001 0.000002 0.000000 0.000000 -1.368251
    23 11.481699 0.000001 0.000001 -1.033960 0.133372 -0.073879
    24 3.859680 -0.132567 1.193109 0.566835 -0.060499 -1.408425
    25 1.312555 -0.000002 0.000002 0.072278 -0.157178 -0.656760
    26 0.729365 0.000000 -0.000001 -0.023337 -0.412078 -1.179798
    27 3.942307 0.050327 0.431044 0.084249 -0.015145 -1.280306
    28 1.539099 -0.000002 0.000000 0.028455 -0.017392 -0.998558
    29 1.196321 0.000010 0.000000 -0.000519 0.009342 -1.131088
    30 3.883659 -0.050321 -0.431042 -0.047599 -0.027561 -1.047376
    31 1.719578 0.000002 0.000000 0.011340 0.002103 -1.500357
    32 1.209185 0.000002 0.000000 0.001786 -0.003742 -0.451851
    33 3.859840 -0.148937 -1.331282 -0.296390 0.195349 -0.060075
    34 1.719421 0.000002 0.000000 0.000947 -0.015206 -0.727822
    35 1.099669 0.000002 -0.000001 0.001685 0.001741 -0.527276
    36 0.951660 -1.145508 -1.398438 0.946434 0.322044 -0.595039
    37 1.789782 0.000000 -0.000004 -0.002343 -0.058956 0.305325
    38 1.206999 0.000002 0.000000 0.005395 -0.004414 0.894106
    39 -7.842520 -15.086334 0.052540 0.890049 -0.315546 0.199483
    40 0.025545 -1.273521 1.753304 0.000000 0.000000 0.000000
    41 0.001032 1.440453 -1.526783 0.000000 0.000000 0.000000
    42 0.004413 0.696487 -1.430595 0.000000 0.000000 0.000000
    43 0.580660 0.349014 -1.430595 0.000000 0.000000 0.000000
    44 0.583444 -0.305904 -1.430599 0.000000 0.000000 0.000000
    45 0.005318 -0.648720 -1.430599 0.000000 0.000000 0.000000
    46 -0.574618 -0.303123 -1.430601 0.000000 0.000000 0.000000
    47 -0.573714 0.348118 -1.430595 0.000000 0.000000 0.000000
    48 -0.029968 -0.059296 1.773438 -1.561870 -0.003783 0.018306
    49 0.041163 0.095589 -2.899426 -0.781108 -0.013985 0.002645
    50 0.081115 -2.496311 -0.915165 0.000000 0.000000 0.000000
    51 4.863281 2.800781 -18.203125 1.570792 0.000003 -0.000003
  time 208
    0 0.000000 -0.000006 0.000000 -1.570781 -1.391896 -1.570809
    1 1.208984 -4.433594 3.550781 1.596637 -1.286515 2.942961
    2 6.028141 0.000000 0.000000 -0.664798 -0.654482 -1.958047
    3 11.692554 0.000001 0.000000 -0.000012 0.000024 -0.832791
    4 11.481670 0.000001 -0.000031 1.577424 -0.605322 -0.090279
    5 3.859711 -0.142405 -1.191975 -0.478955 0.134479 -0.980521
    6 1.312555 -0.000002 0.000000 0.001882 0.001558 -0.395047
    7 0.729363 -0.000002 -0.000002 -0.014058 -0.006927 -0.310790
    8 3.942337 0.046767 -0.431443 -0.154956 0.054702 -0.899808
    9 1.539097 0.000000 0.000000 0.000312 -0.000767 -0.272159
    10 1.196325 -0.000002 -0.000001 0.000060 0.000000 -0.463205
    11 3.883698 -0.046765 0.431443 0.085602 0.014579 -0.643501
    12 1.719570 -0.000004 -0.000001 0.003212 -0.002562 -0.482281
    13 1.209169 -0.000004 0.000000 0.000827 0.002988 -0.222535
    14 3.859863 -0.137946 1.332466 0.361858 -0.032280 -0.615715
    15 1.719431 0.000002 0.000000 0.010055 -0.008318 -0.440459
    16 1.099667 0.000000 -0.000001 0.001163 0.002345 -0.256300
    17 0.806053 -0.348926 1.321258 -1.233023 -0.725209 -0.770620
    18 1.789778 -0.000002 0.000002 0.003631 0.020374 0.266722
    19 1.207005 0.000000 0.000002 -0.002097 0.000299 0.475229
    20 0.150486 -5.804123 -4.761915 -1.668474 1.286518 2.942953
    21 6.028145 0.000000 0.000000 1.386552 0.664730 -1.189056
    22 11.692554 0.000001 0.000002 0.000000 0.000000 -1.372610
    23 11.481699 0.000001 0.000001 -1.035993 0.140269 -0.076255
    24 3.859680 -0.132567 1.193109 0.566835 -0.060499 -1.408425
    25 1.312555 -0.000002 0.000002 0.072278 -0.157178 -0.656760
    26 0.729365 0.000000 -0.000001 -0.023337 -0.412078 -1.179798
    27 3.942307 0.050327 0.431044 0.084249 -0.015145 -1.280306
    28 1.539099 -0.000002 0.000000 0.028455 -0.017392 -0.998558
    29 1.196321 0.000010 0.000000 -0.000519 0.009342 -1.131088
    30 3.883659 -0.050321 -0.431042 -0.047599 -0.027561 -1.047376
    31 1.719578 0.000002 0.000000 0.011340 0.002103 -1.500357
    32 1.209185 0.000002 0.000000 0.001786 -0.003742 -0.451851
    33 3.859840 -0.148937 -1.331282 -0.296390 0.195337 -0.060075
    34 1.719421 0.000002 0.000000 0.000947 -0.015206 -0.727822
    35 1.099669 0.000002 -0.000001 0.001685 0.001741 -0.527276
    36 0.951660 -1.145508 -1.398438 0.946434 0.322044 -0.595039
    37 1.789782 0.000000 -0.000004 -0.002343 -0.058956 0.305325
    38 1.206999 0.000002 0.000000 0.005395 -0.004414 0.894106
    39 -7.905022 -15.000394 0.431458 0.867269 -0.316706 0.199657
    40 0.025545 -1.273521 1.753304 0.000000 0.000000 0.000000
    41 0.001032 1.440453 -1.526783 0.000000 0.000000 0.000000
    42 0.004413 0.696487 -1.430595 0.000000 0.000000 0.000000
    43 0.580660 0.349014 -1.430595 0.000000 0.000000 0.000000
    44 0.583444 -0.305904 -1.430599 0.000000 0.000000 0.000000
    45 0.005318 -0.648720 -1.430599 0.000000 0.000000 0.000000
    46 -0.574618 -0.303123 -1.430601 0.000000 0.000000 0.000000
    47 -0.573714 0.348118 -1.430595 0.000000 0.000000 0.000000
    48 -0.029968 -0.059296 1.773438 -1.561870 -0.003783 0.018306
    49 0.041163 0.095589 -2.899426 -0.781108 -0.013985 0.002645
    50 0.081115 -2.496311 -0.915165 0.000000 0.000000 0.000000
    51 4.863281 2.800781 -18.203125 1.570792 0.000003 -0.000003
  time 209
    0 0.000000 -0.000006 0.000000 -1.570781 -1.391896 -1.570809
    1 1.208984 -4.433594 3.550781 1.596637 -1.286515 2.942961
    2 6.028141 0.000000 0.000000 -0.635813 -0.662384 -1.996087
    3 11.692554 0.000001 0.000000 -0.000012 0.000024 -0.811915
    4 11.481670 0.000001 -0.000031 1.678838 -0.592387 -0.117030
    5 3.859711 -0.142405 -1.191975 -0.485055 0.122830 -1.045656
    6 1.312555 -0.000002 0.000000 0.003140 0.002529 -0.366118
    7 0.729363 -0.000002 -0.000002 -0.022914 -0.011913 -0.353872
    8 3.942337 0.046767 -0.431443 -0.156130 0.042561 -0.957486
    9 1.539097 0.000000 0.000000 0.000527 -0.001270 -0.287928
    10 1.196325 -0.000002 -0.000001 0.000108 0.000000 -0.484156
    11 3.883698 -0.046765 0.431443 0.085614 0.009868 -0.679554
    12 1.719570 -0.000004 -0.000001 0.005801 -0.007607 -0.557914
    13 1.209169 -0.000004 0.000000 0.001354 0.002916 -0.226527
    14 3.859863 -0.137946 1.332466 0.366200 -0.025157 -0.670283
    15 1.719431 0.000002 0.000000 0.017090 -0.015928 -0.490836
    16 1.099667 0.000000 -0.000001 0.001918 0.002177 -0.264020
    17 0.806053 -0.348926 1.321258 -1.240580 -0.754915 -0.758091
    18 1.789778 -0.000002 0.000002 0.006388 0.033473 0.291492
    19 1.207005 0.000000 0.000002 -0.003440 0.000623 0.548559
    20 0.162205 -5.819749 -4.765821 -1.668474 1.286518 2.942953
    21 6.028145 0.000000 0.000000 1.389331 0.677901 -1.189715
    22 11.692554 0.000001 0.000002 0.000000 0.000000 -1.379629
    23 11.481699 0.000001 0.000001 -1.036726 0.143372 -0.068739
    24 3.859680 -0.132567 1.193109 0.566835 -0.060499 -1.408452
    25 1.312555 -0.000002 0.000002 0.072278 -0.157178 -0.656760
    26 0.729365 0.000000 -0.000001 -0.023337 -0.412078 -1.179798
    27 3.942307 0.050327 0.431044 0.084249 -0.015145 -1.280306
    28 1.539099 -0.000002 0.000000 0.028455 -0.017392 -0.998558
    29 1.196321 0.000010 0.000000 -0.000519 0.009342 -1.131088
    30 3.883659 -0.050321 -0.431042 -0.047599 -0.027561 -1.047376
    31 1.719578 0.000002 0.000000 0.011340 0.002103 -1.500357
    32 1.209185 0.000002 0.000000 0.001786 -0.003742 -0.451851
    33 3.859840 -0.148937 -1.331282 -0.296390 0.195349 -0.060075
    34 1.719421 0.000002 0.000000 0.000947 -0.015206 -0.727822
    35 1.099669 0.000002 -0.000001 0.001685 0.001741 -0.527276
    36 0.951660 -1.145508 -1.398438 0.946434 0.322044 -0.595039
    37 1.789782 0.000000 -0.000004 -0.002343 -0.058956 0.305325
    38 1.206999 0.000002 0.000000 0.005395 -0.004414 0.894106
    39 -7.944085 -14.945704 0.802563 0.853104 -0.317402 0.199831
    40 0.025545 -1.273521 1.753304 0.000000 0.000000 0.000000
    41 0.001032 1.440453 -1.526783 0.000000 0.000000 0.000000
    42 0.004413 0.696487 -1.430595 0.000000 0.000000 0.000000
    43 0.580660 0.349014 -1.430595 0.000000 0.000000 0.000000
    44 0.583444 -0.305904 -1.430599 0.000000 0.000000 0.000000
    45 0.005318 -0.648720 -1.430599 0.000000 0.000000 0.000000
    46 -0.574618 -0.303123 -1.430601 0.000000 0.000000 0.000000
    47 -0.573714 0.348118 -1.430595 0.000000 0.000000 0.000000
    48 -0.029968 -0.059296 1.773438 -1.561870 -0.003783 0.018306
    49 0.041163 0.095589 -2.899426 -0.781108 -0.013985 0.002645
    50 0.081115 -2.496311 -0.915165 0.000000 0.000000 0.000000
    51 4.863281 2.800781 -18.203125 1.570792 0.000003 -0.000003
  time 210
    0 0.000000 -0.000006 0.000000 -1.570781 -1.391896 -1.570809
    1 1.208984 -4.433594 3.550781 1.596637 -1.286515 2.942961
    2 6.028141 0.000000 0.000000 -0.613532 -0.666979 -2.025140
    3 11.692554 0.000001 0.000000 -0.000012 0.000024 -0.799376
    4 11.481670 0.000001 -0.000031 1.758125 -0.582445 -0.125448
    5 3.859711 -0.142405 -1.191975 -0.490940 0.109359 -1.118302
    6 1.312555 -0.000002 0.000000 0.004578 0.003571 -0.333846
    7 0.729363 -0.000002 -0.000002 -0.032538 -0.017929 -0.401924
    8 3.942337 0.046767 -0.431443 -0.156610 0.028911 -1.021930
    9 1.539097 0.000000 0.000000 0.000779 -0.001834 -0.305512
    10 1.196325 -0.000002 -0.000001 0.000156 0.000000 -0.507509
    11 3.883698 -0.046765 0.431443 0.085830 0.004617 -0.719784
    12 1.719570 -0.000004 -0.000001 0.009156 -0.013012 -0.642676
    13 1.209169 -0.000004 0.000000 0.001953 0.002844 -0.230965
    14 3.859863 -0.137946 1.332466 0.370564 -0.016929 -0.731154
    15 1.719431 0.000002 0.000000 0.025395 -0.024006 -0.547169
    16 1.099667 0.000000 -0.000001 0.002768 0.002009 -0.272638
    17 0.806053 -0.348926 1.321258 -1.249899 -0.787957 -0.743284
    18 1.789778 -0.000002 0.000002 0.009863 0.048010 0.319188
    19 1.207005 0.000000 0.000002 -0.004926 0.001102 0.630681
    20 0.173924 -5.835374 -4.769728 -1.668474 1.286518 2.942953
    21 6.028145 0.000000 0.000000 1.391630 0.689162 -1.190279
    22 11.692554 0.000001 0.000002 0.000000 0.000000 -1.388052
    23 11.481699 0.000001 0.000001 -1.036275 0.142812 -0.053368
    24 3.859680 -0.132567 1.193109 0.566835 -0.060499 -1.408425
    25 1.312555 -0.000002 0.000002 0.072278 -0.157178 -0.656760
    26 0.729365 0.000000 -0.000001 -0.023337 -0.412078 -1.179798
    27 3.942307 0.050327 0.431044 0.084248 -0.015146 -1.280306
    28 1.539099 -0.000002 0.000000 0.028455 -0.017392 -0.998558
    29 1.196321 0.000010 0.000000 -0.000519 0.009342 -1.131088
    30 3.883659 -0.050321 -0.431042 -0.047599 -0.027561 -1.047376
    31 1.719578 0.000002 0.000000 0.011337 0.002093 -1.500326
    32 1.209185 0.000002 0.000000 0.001786 -0.003742 -0.451851
    33 3.859840 -0.148937 -1.331282 -0.296390 0.195349 -0.060075
    34 1.719421 0.000002 0.000000 0.000947 -0.015206 -0.727822
    35 1.099669 0.000002 -0.000001 0.001685 0.001741 -0.527276
    36 0.951660 -1.145508 -1.398438 0.946433 0.322046 -0.595038
    37 1.789782 0.000000 -0.000004 -0.002343 -0.058956 0.305325
    38 1.206999 0.000002 0.000000 0.005395 -0.004414 0.894106
    39 -7.951898 -14.926173 1.115072 0.848126 -0.317681 0.199918
    40 0.025545 -1.273521 1.753304 0.000000 0.000000 0.000000
    41 0.001032 1.440453 -1.526783 0.000000 0.000000 0.000000
    42 0.004413 0.696487 -1.430595 0.000000 0.000000 0.000000
    43 0.580660 0.349014 -1.430595 0.000000 0.000000 0.000000
    44 0.583444 -0.305904 -1.430599 0.000000 0.000000 0.000000
    45 0.005318 -0.648720 -1.430599 0.000000 0.000000 0.000000
    46 -0.574618 -0.303123 -1.430601 0.000000 0.000000 0.000000
    47 -0.573714 0.348118 -1.430595 0.000000 0.000000 0.000000
    48 -0.029968 -0.059296 1.773438 -1.561870 -0.003783 0.018306
    49 0.041163 0.095589 -2.899426 -0.781108 -0.013985 0.002645
    50 0.081115 -2.496311 -0.915165 0.000000 0.000000 0.000000
    51 4.863281 2.800781 -18.203125 1.570792 0.000003 -0.000003
  time 211
    0 0.000000 -0.000006 0.000000 -1.570781 -1.391896 -1.570809
    1 1.208984 -4.433594 3.550781 1.596637 -1.286515 2.942961
    2 6.028141 0.000000 0.000000 -0.602030 -0.667025 -2.039310
    3 11.692554 0.000001 0.000000 -0.000012 0.000024 -0.781454
    4 11.481670 0.000001 -0.000031 1.809662 -0.576363 -0.139930
    5 3.859711 -0.142405 -1.191975 -0.495985 0.095002 -1.193399
    6 1.312555 -0.000002 0.000000 0.006088 0.004590 -0.300460
    7 0.729363 -0.000002 -0.000002 -0.042198 -0.024628 -0.451586
    8 3.942337 0.046767 -0.431443 -0.156190 0.014793 -1.088629
    9 1.539097 0.000000 0.000000 0.001055 -0.002409 -0.323691
    10 1.196325 -0.000002 -0.000001 0.000216 0.000000 -0.531688
    11 3.883698 -0.046765 0.431443 0.086274 -0.000803 -0.761385
    12 1.719570 -0.000004 -0.000001 0.013099 -0.018297 -0.730522
    13 1.209169 -0.000004 0.000000 0.002577 0.002760 -0.235552
    14 3.859863 -0.137946 1.332466 0.374570 -0.008150 -0.794191
    15 1.719431 0.000002 0.000000 0.034456 -0.031868 -0.605573
    16 1.099667 0.000000 -0.000001 0.003643 0.001841 -0.281555
    17 0.806053 -0.348926 1.321258 -1.260611 -0.822017 -0.726942
    18 1.789778 -0.000002 0.000002 0.013878 0.062943 0.347903
    19 1.207005 0.000000 0.000002 -0.006400 0.001726 0.715750
    20 0.181737 -5.843187 -4.769728 -1.668474 1.286518 2.942953
    21 6.028145 0.000000 0.000000 1.391438 0.689496 -1.190656
    22 11.692554 0.000001 0.000002 0.000000 0.000000 -1.386501
    23 11.481699 0.000001 0.000001 -1.036501 0.142855 -0.054580
    24 3.859680 -0.132567 1.193109 0.566835 -0.060499 -1.408425
    25 1.312555 -0.000002 0.000002 0.072278 -0.157178 -0.656760
    26 0.729365 0.000000 -0.000001 -0.023337 -0.412078 -1.179798
    27 3.942307 0.050327 0.431044 0.084248 -0.015146 -1.280306
    28 1.539099 -0.000002 0.000000 0.028455 -0.017392 -0.998558
    29 1.196321 0.000010 0.000000 -0.000519 0.009342 -1.131088
    30 3.883659 -0.050321 -0.431042 -0.047599 -0.027561 -1.047376
    31 1.719578 0.000002 0.000000 0.011337 0.002093 -1.500326
    32 1.209185 0.000002 0.000000 0.001786 -0.003742 -0.451851
    33 3.859840 -0.148937 -1.331282 -0.296390 0.195349 -0.060075
    34 1.719421 0.000002 0.000000 0.000947 -0.015206 -0.727822
    35 1.099669 0.000002 -0.000001 0.001685 0.001741 -0.527276
    36 0.951660 -1.145508 -1.398438 0.946433 0.322046 -0.595038
    37 1.789782 0.000000 -0.000004 -0.002343 -0.058956 0.305325
    38 1.206999 0.000002 0.000000 0.005395 -0.004414 0.894106
    39 -7.951898 -14.926173 1.115072 0.848126 -0.317681 0.199918
    40 0.025545 -1.273521 1.753304 0.000000 0.000000 0.000000
    41 0.001032 1.440453 -1.526783 0.000000 0.000000 0.000000
    42 0.004413 0.696487 -1.430595 0.000000 0.000000 0.000000
    43 0.580660 0.349014 -1.430595 0.000000 0.000000 0.000000
    44 0.583444 -0.305904 -1.430599 0.000000 0.000000 0.000000
    45 0.005318 -0.648720 -1.430599 0.000000 0.000000 0.000000
    46 -0.574618 -0.303123 -1.430601 0.000000 0.000000 0.000000
    47 -0.573714 0.348118 -1.430595 0.000000 0.000000 0.000000
    48 -0.029968 -0.059296 1.773438 -1.561870 -0.003783 0.018306
    49 0.041163 0.095589 -2.899426 -0.781108 -0.013985 0.002645
    50 0.081115 -2.496311 -0.915165 0.000000 0.000000 0.000000
    51 4.863281 2.800781 -18.203125 1.570792 0.000003 -0.000003
  time 212
    0 0.000000 -0.000006 0.000000 -1.570781 -1.391896 -1.570809
    1 1.208984 -4.433594 3.550781 1.596637 -1.286515 2.942961
    2 6.028141 0.000000 0.000000 -0.592203 -0.668587 -2.052196
    3 11.692554 0.000001 0.000000 -0.000012 0.000024 -0.773248
    4 11.481670 0.000001 -0.000031 1.817591 -0.578728 -0.141713
    5 3.859711 -0.142405 -1.191975 -0.499796 0.080812 -1.265707
    6 1.312555 -0.000002 0.000000 0.007598 0.005537 -0.268212
    7 0.729363 -0.000002 -0.000002 -0.051186 -0.031555 -0.499535
    8 3.942337 0.046767 -0.431443 -0.154884 0.001203 -1.153048
    9 1.539097 0.000000 0.000000 0.001330 -0.002948 -0.341275
    10 1.196325 -0.000002 -0.000001 0.000264 0.000012 -0.555042
    11 3.883698 -0.046765 0.431443 0.086921 -0.006025 -0.801615
    12 1.719570 -0.000004 -0.000001 0.017318 -0.023043 -0.815347
    13 1.209169 -0.000004 0.000000 0.003164 0.002701 -0.239990
    14 3.859863 -0.137946 1.332466 0.377905 0.000560 -0.854985
    15 1.719431 0.000002 0.000000 0.043636 -0.038939 -0.662078
    16 1.099667 0.000000 -0.000001 0.004494 0.001673 -0.290173
    17 0.806053 -0.348926 1.321258 -1.272180 -0.854827 -0.710031
    18 1.789778 -0.000002 0.000002 0.018169 0.077252 0.375763
    19 1.207005 0.000000 0.000002 -0.007778 0.002445 0.797873
    20 0.189550 -5.851000 -4.773634 -1.668474 1.286518 2.942953
    21 6.028145 0.000000 0.000000 1.397953 0.693505 -1.187551
    22 11.692554 0.000001 0.000002 0.000000 0.000000 -1.393963
    23 11.481699 0.000001 0.000001 -1.045307 0.131907 -0.040954
    24 3.859680 -0.132567 1.193109 0.566835 -0.060499 -1.408425
    25 1.312555 -0.000002 0.000002 0.072278 -0.157178 -0.656760
    26 0.729365 0.000000 -0.000001 -0.023337 -0.412078 -1.179798
    27 3.942307 0.050327 0.431044 0.084248 -0.015146 -1.280306
    28 1.539099 -0.000002 0.000000 0.028455 -0.017392 -0.998558
    29 1.196321 0.000010 0.000000 -0.000519 0.009342 -1.131088
    30 3.883659 -0.050321 -0.431042 -0.047599 -0.027561 -1.047376
    31 1.719578 0.000002 0.000000 0.011337 0.002093 -1.500326
    32 1.209185 0.000002 0.000000 0.001786 -0.003742 -0.451851
    33 3.859840 -0.148937 -1.331282 -0.296390 0.195349 -0.060075
    34 1.719421 0.000002 0.000000 0.000947 -0.015206 -0.727822
    35 1.099669 0.000002 -0.000001 0.001685 0.001741 -0.527276
    36 0.951660 -1.145508 -1.398438 0.946433 0.322046 -0.595038
    37 1.789782 0.000000 -0.000004 -0.002343 -0.058956 0.305325
    38 1.206999 0.000002 0.000000 0.005395 -0.004414 0.894106
    39 -7.936273 -14.922266 1.267421 0.852434 -0.305105 0.198266
    40 0.025545 -1.273521 1.753304 0.000000 0.000000 0.000000
    41 0.001032 1.440453 -1.526783 0.000000 0.000000 0.000000
    42 0.004413 0.696487 -1.430595 0.000000 0.000000 0.000000
    43 0.580660 0.349014 -1.430595 0.000000 0.000000 0.000000
    44 0.583444 -0.305904 -1.430599 0.000000 0.000000 0.000000
    45 0.005318 -0.648720 -1.430599 0.000000 0.000000 0.000000
    46 -0.574618 -0.303123 -1.430601 0.000000 0.000000 0.000000
    47 -0.573714 0.348118 -1.430595 0.000000 0.000000 0.000000
    48 -0.029968 -0.059296 1.773438 -1.561870 -0.003783 0.018306
    49 0.041163 0.095589 -2.899426 -0.781108 -0.013985 0.002645
    50 0.081115 -2.496311 -0.915165 0.000000 0.000000 0.000000
    51 4.863281 2.800781 -18.203125 1.570792 0.000003 -0.000003
  time 213
    0 0.000000 -0.000006 0.000000 -1.570781 -1.391896 -1.570809
    1 1.208984 -4.433594 3.550781 1.596637 -1.286515 2.942961
    2 6.028141 0.000000 0.000000 -0.588928 -0.667806 -2.055953
    3 11.692554 0.000001 0.000000 -0.000012 0.000024 -0.769638
    4 11.481670 0.000001 -0.000031 1.800904 -0.584665 -0.141856
    5 3.859711 -0.142405 -1.191975 -0.502337 0.067941 -1.330230
    6 1.312555 -0.000002 0.000000 0.008965 0.006340 -0.239283
    7 0.729363 -0.000002 -0.000002 -0.058964 -0.038111 -0.542412
    8 3.942337 0.046767 -0.431443 -0.152978 -0.010854 -1.210676
    9 1.539097 0.000000 0.000000 0.001582 -0.003440 -0.357044
    10 1.196325 -0.000002 -0.000001 0.000312 0.000024 -0.575992
    11 3.883698 -0.046765 0.431443 0.087676 -0.010665 -0.837668
    12 1.719570 -0.000004 -0.000001 0.021428 -0.026974 -0.891076
    13 1.209169 -0.000004 0.000000 0.003703 0.002641 -0.243981
    14 3.859863 -0.137946 1.332466 0.380412 0.008512 -0.909398
    15 1.719431 0.000002 0.000000 0.052181 -0.044823 -0.712714
    16 1.099667 0.000000 -0.000001 0.005249 0.001542 -0.297923
    17 0.806053 -0.348926 1.321258 -1.283675 -0.884117 -0.693813
    18 1.789778 -0.000002 0.000002 0.022363 0.089980 0.400796
    19 1.207005 0.000000 0.000002 -0.008953 0.003176 0.871203
    20 0.193456 -5.854906 -4.773634 -1.668474 1.286518 2.942953
    21 6.028145 0.000000 0.000000 1.403414 0.692980 -1.184446
    22 11.692554 0.000001 0.000002 0.000000 0.000000 -1.400687
    23 11.481699 0.000001 0.000001 -1.057444 0.120614 -0.029317
    24 3.859680 -0.132567 1.193109 0.566835 -0.060499 -1.408425
    25 1.312555 -0.000002 0.000002 0.072278 -0.157178 -0.656760
    26 0.729365 0.000000 -0.000001 -0.023337 -0.412078 -1.179798
    27 3.942307 0.050327 0.431044 0.084248 -0.015146 -1.280306
    28 1.539099 -0.000002 0.000000 0.028455 -0.017392 -0.998558
    29 1.196321 0.000010 0.000000 -0.000519 0.009342 -1.131088
    30 3.883659 -0.050321 -0.431042 -0.047599 -0.027561 -1.047376
    31 1.719578 0.000002 0.000000 0.011337 0.002093 -1.500326
    32 1.209185 0.000002 0.000000 0.001786 -0.003742 -0.451851
    33 3.859840 -0.148937 -1.331282 -0.296390 0.195349 -0.060075
    34 1.719421 0.000002 0.000000 0.000947 -0.015206 -0.727822
    35 1.099669 0.000002 -0.000001 0.001685 0.001741 -0.527276
    36 0.951660 -1.145508 -1.398438 0.946433 0.322046 -0.595038
    37 1.789782 0.000000 -0.000004 -0.002343 -0.058956 0.305325
    38 1.206999 0.000002 0.000000 0.005395 -0.004414 0.894106
    39 -7.893303 -14.922266 1.310391 0.860378 -0.289466 0.195050
    40 0.025545 -1.273521 1.753304 0.000000 0.000000 0.000000
    41 0.001032 1.440453 -1.526783 0.000000 0.000000 0.000000
    42 0.004413 0.696487 -1.430595 0.000000 0.000000 0.000000
    43 0.580660 0.349014 -1.430595 0.000000 0.000000 0.000000
    44 0.583444 -0.305904 -1.430599 0.000000 0.000000 0.000000
    45 0.005318 -0.648720 -1.430599 0.000000 0.000000 0.000000
    46 -0.574618 -0.303123 -1.430601 0.000000 0.000000 0.000000
    47 -0.573714 0.348118 -1.430595 0.000000 0.000000 0.000000
    48 -0.029968 -0.059296 1.773438 -1.561870 -0.003783 0.018306
    49 0.041163 0.095589 -2.899426 -0.781108 -0.013985 0.002645
    50 0.081115 -2.496311 -0.915165 0.000000 0.000000 0.000000
    51 4.863281 2.800781 -18.203125 1.570792 0.000003 -0.000003
  time 214
    0 0.000000 -0.000006 0.000000 -1.570781 -1.391896 -1.570809
    1 1.208984 -4.433594 3.550781 1.596637 -1.286515 2.942961
    2 6.028141 0.000000 0.000000 -0.588052 -0.665141 -2.055905
    3 11.692554 0.000001 0.000000 -0.000012 0.000024 -0.766421
    4 11.481670 0.000001 -0.000031 1.779883 -0.591132 -0.142141
    5 3.859711 -0.142405 -1.191975 -0.503763 0.057466 -1.382093
    6 1.312555 -0.000002 0.000000 0.010091 0.006951 -0.215903
    7 0.729363 -0.000002 -0.000002 -0.065028 -0.043648 -0.576994
    8 3.942337 0.046767 -0.431443 -0.150953 -0.020478 -1.257152
    9 1.539097 0.000000 0.000000 0.001786 -0.003823 -0.369778
    10 1.196325 -0.000002 -0.000001 0.000348 0.000024 -0.592936
    11 3.883698 -0.046765 0.431443 0.088407 -0.014397 -0.866779
    12 1.719570 -0.000004 -0.000001 0.024928 -0.029886 -0.951920
    13 1.209169 -0.000004 0.000000 0.004135 0.002593 -0.247198
    14 3.859863 -0.137946 1.332466 0.382136 0.014997 -0.953253
    15 1.719431 0.000002 0.000000 0.059276 -0.049245 -0.753597
    16 1.099667 0.000000 -0.000001 0.005872 0.001434 -0.304177
    17 0.806053 -0.348926 1.321258 -1.293850 -0.907693 -0.679848
    18 1.789778 -0.000002 0.000002 0.025983 0.100179 0.421111
    19 1.207005 0.000000 0.000002 -0.009863 0.003823 0.930147
    20 0.193456 -5.858812 -4.773634 -1.668474 1.286518 2.942953
    21 6.028145 0.000000 0.000000 1.407438 0.689115 -1.181624
    22 11.692554 0.000001 0.000002 0.000000 0.000000 -1.407780
    23 11.481699 0.000001 0.000001 -1.071952 0.109796 -0.017728
    24 3.859680 -0.132567 1.193109 0.566835 -0.060499 -1.408425
    25 1.312555 -0.000002 0.000002 0.072278 -0.157178 -0.656760
    26 0.729365 0.000000 -0.000001 -0.023337 -0.412078 -1.179798
    27 3.942307 0.050327 0.431044 0.084248 -0.015146 -1.280306
    28 1.539099 -0.000002 0.000000 0.028455 -0.017392 -0.998558
    29 1.196321 0.000010 0.000000 -0.000519 0.009342 -1.131088
    30 3.883659 -0.050321 -0.431042 -0.047599 -0.027561 -1.047376
    31 1.719578 0.000002 0.000000 0.011337 0.002093 -1.500326
    32 1.209185 0.000002 0.000000 0.001786 -0.003742 -0.451851
    33 3.859840 -0.148937 -1.331282 -0.296390 0.195349 -0.060075
    34 1.719421 0.000002 0.000000 0.000947 -0.015206 -0.727852
    35 1.099669 0.000002 -0.000001 0.001685 0.001741 -0.527276
    36 0.951660 -1.145508 -1.398438 0.946433 0.322046 -0.595038
    37 1.789782 0.000000 -0.000004 -0.002343 -0.058956 0.305325
    38 1.206999 0.000002 0.000000 0.005395 -0.004414 0.894106
    39 -7.826894 -14.926173 1.283046 0.871577 -0.272018 0.190616
    40 0.025545 -1.273521 1.753304 0.000000 0.000000 0.000000
    41 0.001032 1.440453 -1.526783 0.000000 0.000000 0.000000
    42 0.004413 0.696487 -1.430595 0.000000 0.000000 0.000000
    43 0.580660 0.349014 -1.430595 0.000000 0.000000 0.000000
    44 0.583444 -0.305904 -1.430599 0.000000 0.000000 0.000000
    45 0.005318 -0.648720 -1.430599 0.000000 0.000000 0.000000
    46 -0.574618 -0.303123 -1.430601 0.000000 0.000000 0.000000
    47 -0.573714 0.348118 -1.430595 0.000000 0.000000 0.000000
    48 -0.029968 -0.059296 1.773438 -1.561870 -0.003783 0.018306
    49 0.041163 0.095589 -2.899426 -0.781108 -0.013985 0.002645
    50 0.081115 -2.496311 -0.915165 0.000000 0.000000 0.000000
    51 4.863281 2.800781 -18.203125 1.570792 0.000003 -0.000003
  time 215
    0 0.000000 -0.000006 0.000000 -1.570781 -1.391896 -1.570809
    1 1.208984 -4.433594 3.550781 1.596637 -1.286515 2.942961
    2 6.028141 0.000000 0.000000 -0.589309 -0.660776 -2.052387
    3 11.692554 0.000001 0.000000 -0.000012 0.000024 -0.764911
    4 11.481670 0.000001 -0.000031 1.754991 -0.597648 -0.140857
    5 3.859711 -0.142405 -1.191975 -0.504410 0.050467 -1.416607
    6 1.312555 -0.000002 0.000000 0.010846 0.007347 -0.200253
    7 0.729363 -0.000002 -0.000002 -0.068971 -0.047459 -0.600060
    8 3.942337 0.046767 -0.431443 -0.149347 -0.026829 -1.288120
    9 1.539097 0.000000 0.000000 0.001930 -0.004087 -0.378315
    10 1.196325 -0.000002 -0.000001 0.000372 0.000036 -0.604272
    11 3.883698 -0.046765 0.431443 0.088958 -0.016881 -0.886253
    12 1.719570 -0.000004 -0.000001 0.027361 -0.031708 -0.992408
    13 1.209169 -0.000004 0.000000 0.004434 0.002557 -0.249372
    14 3.859863 -0.137946 1.332466 0.383120 0.019378 -0.982451
    15 1.719431 0.000002 0.000000 0.064118 -0.052038 -0.780900
    16 1.099667 0.000000 -0.000001 0.006280 0.001374 -0.308367
    17 0.806053 -0.348926 1.321258 -1.301114 -0.923396 -0.670067
    18 1.789778 -0.000002 0.000002 0.028523 0.106962 0.434721
    19 1.207005 0.000000 0.000002 -0.010439 0.004290 0.969335
    20 0.193456 -5.858812 -4.773634 -1.668474 1.286518 2.942953
    21 6.028145 0.000000 0.000000 1.409929 0.682720 -1.179272
    22 11.692554 0.000001 0.000002 0.000000 0.000000 -1.415391
    23 11.481699 0.000001 0.000001 -1.088210 0.100011 -0.005072
    24 3.859680 -0.132567 1.193109 0.566835 -0.060499 -1.408425
    25 1.312555 -0.000002 0.000002 0.072278 -0.157178 -0.656760
    26 0.729365 0.000000 -0.000001 -0.023337 -0.412078 -1.179798
    27 3.942307 0.050327 0.431044 0.084248 -0.015146 -1.280306
    28 1.539099 -0.000002 0.000000 0.028455 -0.017392 -0.998558
    29 1.196321 0.000010 0.000000 -0.000519 0.009342 -1.131088
    30 3.883659 -0.050321 -0.431042 -0.047599 -0.027561 -1.047376
    31 1.719578 0.000002 0.000000 0.011337 0.002093 -1.500326
    32 1.209185 0.000002 0.000000 0.001786 -0.003742 -0.451851
    33 3.859840 -0.148937 -1.331282 -0.296390 0.195337 -0.060075
    34 1.719421 0.000002 0.000000 0.000947 -0.015206 -0.727822
    35 1.099669 0.000002 -0.000001 0.001685 0.001741 -0.527276
    36 0.951660 -1.145508 -1.398438 0.946433 0.322046 -0.595038
    37 1.789782 0.000000 -0.000004 -0.002343 -0.058956 0.305325
    38 1.206999 0.000002 0.000000 0.005395 -0.004414 0.894106
    39 -7.737048 -14.926173 1.201013 0.885551 -0.253363 0.185052
    40 0.025545 -1.273521 1.753304 0.000000 0.000000 0.000000
    41 0.001032 1.440453 -1.526783 0.000000 0.000000 0.000000
    42 0.004413 0.696487 -1.430595 0.000000 0.000000 0.000000
    43 0.580660 0.349014 -1.430595 0.000000 0.000000 0.000000
    44 0.583444 -0.305904 -1.430599 0.000000 0.000000 0.000000
    45 0.005318 -0.648720 -1.430599 0.000000 0.000000 0.000000
    46 -0.574618 -0.303123 -1.430601 0.000000 0.000000 0.000000
    47 -0.573714 0.348118 -1.430595 0.000000 0.000000 0.000000
    48 -0.029968 -0.059296 1.773438 -1.561870 -0.003783 0.018306
    49 0.041163 0.095589 -2.899426 -0.781108 -0.013985 0.002645
    50 0.081115 -2.496311 -0.915165 0.000000 0.000000 0.000000
    51 4.863281 2.800781 -18.203125 1.570792 0.000003 -0.000003
  time 216
    0 0.000000 -0.000006 0.000000 -1.570781 -1.391896 -1.570809
    1 1.208984 -4.433594 3.550781 1.596637 -1.286515 2.942961
    2 6.028141 0.000000 0.000000 -0.592546 -0.654987 -2.045777
    3 11.692554 0.000001 0.000000 -0.000012 0.000024 -0.765633
    4 11.481670 0.000001 -0.000031 1.726871 -0.603922 -0.137148
    5 3.859711 -0.142405 -1.191975 -0.504590 0.047914 -1.429174
    6 1.312555 -0.000002 0.000000 0.011122 0.007490 -0.194562
    7 0.729363 -0.000002 -0.000002 -0.070385 -0.048873 -0.608491
    8 3.942337 0.046767 -0.431443 -0.148712 -0.029130 -1.299397
    9 1.539097 0.000000 0.000000 0.001977 -0.004183 -0.381435
    10 1.196325 -0.000002 -0.000001 0.000372 0.000036 -0.608396
    11 3.883698 -0.046765 0.431443 0.089174 -0.017789 -0.893346
    12 1.719570 -0.000004 -0.000001 0.028260 -0.032355 -1.007102
    13 1.209169 -0.000004 0.000000 0.004530 0.002545 -0.250147
    14 3.859863 -0.137946 1.332466 0.383456 0.020982 -0.993125
    15 1.719431 0.000002 0.000000 0.065903 -0.053020 -0.790855
    16 1.099667 0.000000 -0.000001 0.006436 0.001350 -0.309893
    17 0.806053 -0.348926 1.321258 -1.303853 -0.929124 -0.666403
    18 1.789778 -0.000002 0.000002 0.029482 0.109431 0.439685
    19 1.207005 0.000000 0.000002 -0.010642 0.004458 0.983571
    20 0.193456 -5.858812 -4.773634 -1.668474 1.286518 2.942953
    21 6.028145 0.000000 0.000000 1.410791 0.674513 -1.177673
    22 11.692554 0.000001 0.000002 0.000000 0.000000 -1.423592
    23 11.481699 0.000001 0.000001 -1.105935 0.091477 0.008990
    24 3.859680 -0.132567 1.193109 0.566835 -0.060499 -1.408425
    25 1.312555 -0.000002 0.000002 0.072278 -0.157178 -0.656760
    26 0.729365 0.000000 -0.000001 -0.023337 -0.412078 -1.179798
    27 3.942307 0.050327 0.431044 0.084248 -0.015146 -1.280306
    28 1.539099 -0.000002 0.000000 0.028455 -0.017392 -0.998558
    29 1.196321 0.000010 0.000000 -0.000519 0.009342 -1.131088
    30 3.883659 -0.050321 -0.431042 -0.047599 -0.027561 -1.047376
    31 1.719578 0.000002 0.000000 0.011337 0.002093 -1.500360
    32 1.209185 0.000002 0.000000 0.001786 -0.003742 -0.451851
    33 3.859840 -0.148937 -1.331282 -0.296390 0.195349 -0.060075
    34 1.719421 0.000002 0.000000 0.000947 -0.015206 -0.727852
    35 1.099669 0.000002 -0.000001 0.001685 0.001741 -0.527276
    36 0.951660 -1.145508 -1.398438 0.946433 0.322046 -0.595038
    37 1.789782 0.000000 -0.000004 -0.002343 -0.058956 0.305325
    38 1.206999 0.000002 0.000000 0.005395 -0.004414 0.894106
    39 -7.627669 -14.930079 1.079915 0.901918 -0.234012 0.178532
    40 0.025545 -1.273521 1.753304 0.000000 0.000000 0.000000
    41 0.001032 1.440453 -1.526783 0.000000 0.000000 0.000000
    42 0.004413 0.696487 -1.430595 0.000000 0.000000 0.000000
    43 0.580660 0.349014 -1.430595 0.000000 0.000000 0.000000
    44 0.583444 -0.305904 -1.430599 0.000000 0.000000 0.000000
    45 0.005318 -0.648720 -1.430599 0.000000 0.000000 0.000000
    46 -0.574618 -0.303123 -1.430601 0.000000 0.000000 0.000000
    47 -0.573714 0.348118 -1.430595 0.000000 0.000000 0.000000
    48 -0.029968 -0.059296 1.773438 -1.561870 -0.003783 0.018306
    49 0.041163 0.095589 -2.899426 -0.781108 -0.013985 0.002645
    50 0.081115 -2.496311 -0.915165 0.000000 0.000000 0.000000
    51 4.863281 2.800781 -18.203125 1.570792 0.000003 -0.000003
  time 217
    0 0.000000 -0.000006 0.000000 -1.570781 -1.391896 -1.570809
    1 1.208984 -4.433594 3.550781 1.596637 -1.286515 2.942961
    2 6.028141 0.000000 0.000000 -0.597498 -0.647958 -2.036457
    3 11.692554 0.000001 0.000000 -0.000012 0.000024 -0.769047
    4 11.481670 0.000001 -0.000031 1.695710 -0.609665 -0.130371
    5 3.859711 -0.142405 -1.191975 -0.504590 0.047914 -1.429174
    6 1.312555 -0.000002 0.000000 0.011122 0.007490 -0.194562
    7 0.729363 -0.000002 -0.000002 -0.070385 -0.048873 -0.608491
    8 3.942337 0.046767 -0.431443 -0.148712 -0.029130 -1.299397
    9 1.539097 0.000000 0.000000 0.001977 -0.004183 -0.381435
    10 1.196325 -0.000002 -0.000001 0.000372 0.000036 -0.608396
    11 3.883698 -0.046765 0.431443 0.089174 -0.017789 -0.893346
    12 1.719570 -0.000004 -0.000001 0.028260 -0.032355 -1.007102
    13 1.209169 -0.000004 0.000000 0.004530 0.002545 -0.250147
    14 3.859863 -0.137946 1.332466 0.383456 0.020982 -0.993125
    15 1.719431 0.000002 0.000000 0.065903 -0.053020 -0.790855
    16 1.099667 0.000000 -0.000001 0.006436 0.001350 -0.309893
    17 0.806053 -0.348926 1.321258 -1.303853 -0.929124 -0.666403
    18 1.789778 -0.000002 0.000002 0.029482 0.109431 0.439685
    19 1.207005 0.000000 0.000002 -0.010642 0.004458 0.983571
    20 0.193456 -5.858812 -4.773634 -1.668474 1.286518 2.942953
    21 6.028145 0.000000 0.000000 1.410120 0.664826 -1.176826
    22 11.692554 0.000001 0.000002 0.000000 0.000000 -1.432459
    23 11.481699 0.000001 0.000001 -1.124733 0.084452 0.024846
    24 3.859680 -0.132567 1.193109 0.566835 -0.060499 -1.408425
    25 1.312555 -0.000002 0.000002 0.072278 -0.157178 -0.656760
    26 0.729365 0.000000 -0.000001 -0.023337 -0.412078 -1.179798
    27 3.942307 0.050327 0.431044 0.084248 -0.015146 -1.280306
    28 1.539099 -0.000002 0.000000 0.028455 -0.017392 -0.998558
    29 1.196321 0.000010 0.000000 -0.000519 0.009342 -1.131088
    30 3.883659 -0.050321 -0.431042 -0.047599 -0.027561 -1.047376
    31 1.719578 0.000002 0.000000 0.011337 0.002093 -1.500326
    32 1.209185 0.000002 0.000000 0.001786 -0.003742 -0.451851
    33 3.859840 -0.148937 -1.331282 -0.296390 0.195349 -0.060075
    34 1.719421 0.000002 0.000000 0.000947 -0.015206 -0.727822
    35 1.099669 0.000002 -0.000001 0.001685 0.001741 -0.527276
    36 0.951660 -1.145508 -1.398438 0.946433 0.322046 -0.595038
    37 1.789782 0.000000 -0.000004 -0.002343 -0.058956 0.305325
    38 1.206999 0.000002 0.000000 0.005395 -0.004414 0.894106
    39 -7.498759 -14.933985 0.923660 0.920487 -0.214104 0.171230
    40 0.025545 -1.273521 1.753304 0.000000 0.000000 0.000000
    41 0.001032 1.440453 -1.526783 0.000000 0.000000 0.000000
    42 0.004413 0.696487 -1.430595 0.000000 0.000000 0.000000
    43 0.580660 0.349014 -1.430595 0.000000 0.000000 0.000000
    44 0.583444 -0.305904 -1.430599 0.000000 0.000000 0.000000
    45 0.005318 -0.648720 -1.430599 0.000000 0.000000 0.000000
    46 -0.574618 -0.303123 -1.430601 0.000000 0.000000 0.000000
    47 -0.573714 0.348118 -1.430595 0.000000 0.000000 0.000000
    48 -0.029968 -0.059296 1.773438 -1.561870 -0.003783 0.018306
    49 0.041163 0.095589 -2.899426 -0.781108 -0.013985 0.002645
    50 0.081115 -2.496311 -0.915165 0.000000 0.000000 0.000000
    51 4.863281 2.800781 -18.203125 1.570792 0.000003 -0.000003
  time 218
    0 0.000000 -0.000006 0.000000 -1.570781 -1.391896 -1.570809
    1 1.208984 -4.433594 3.550781 1.596637 -1.286515 2.942961
    2 6.028141 0.000000 0.000000 -0.604010 -0.639734 -2.024522
    3 11.692554 0.000001 0.000000 -0.000012 0.000024 -0.775415
    4 11.481670 0.000001 -0.000031 1.661966 -0.614637 -0.120312
    5 3.859711 -0.142405 -1.191975 -0.504590 0.047914 -1.429174
    6 1.312555 -0.000002 0.000000 0.011122 0.007490 -0.194562
    7 0.729363 -0.000002 -0.000002 -0.070385 -0.048873 -0.608491
    8 3.942337 0.046767 -0.431443 -0.148712 -0.029130 -1.299397
    9 1.539097 0.000000 0.000000 0.001977 -0.004183 -0.381435
    10 1.196325 -0.000002 -0.000001 0.000372 0.000036 -0.608396
    11 3.883698 -0.046765 0.431443 0.089174 -0.017789 -0.893346
    12 1.719570 -0.000004 -0.000001 0.028260 -0.032355 -1.007102
    13 1.209169 -0.000004 0.000000 0.004530 0.002545 -0.250147
    14 3.859863 -0.137946 1.332466 0.383456 0.020982 -0.993125
    15 1.719431 0.000002 0.000000 0.065903 -0.053020 -0.790855
    16 1.099667 0.000000 -0.000001 0.006436 0.001350 -0.309893
    17 0.806053 -0.348926 1.321258 -1.303853 -0.929124 -0.666403
    18 1.789778 -0.000002 0.000002 0.029482 0.109431 0.439685
    19 1.207005 0.000000 0.000002 -0.010642 0.004458 0.983571
    20 0.193456 -5.858812 -4.773634 -1.668474 1.286518 2.942953
    21 6.028145 0.000000 0.000000 1.407821 0.654089 -1.176544
    22 11.692554 0.000001 0.000002 0.000000 0.000000 -1.442064
    23 11.481699 0.000001 0.000001 -1.144378 0.079236 0.042738
    24 3.859680 -0.132567 1.193109 0.566835 -0.060499 -1.408425
    25 1.312555 -0.000002 0.000002 0.072278 -0.157178 -0.656760
    26 0.729365 0.000000 -0.000001 -0.023337 -0.412078 -1.179798
    27 3.942307 0.050327 0.431044 0.084248 -0.015146 -1.280306
    28 1.539099 -0.000002 0.000000 0.028455 -0.017392 -0.998558
    29 1.196321 0.000010 0.000000 -0.000519 0.009342 -1.131088
    30 3.883659 -0.050321 -0.431042 -0.047599 -0.027561 -1.047376
    31 1.719578 0.000002 0.000000 0.011337 0.002093 -1.500326
    32 1.209185 0.000002 0.000000 0.001786 -0.003742 -0.451851
    33 3.859840 -0.148937 -1.331282 -0.296390 0.195349 -0.060075
    34 1.719421 0.000002 0.000000 0.000947 -0.015206 -0.727822
    35 1.099669 0.000002 -0.000001 0.001685 0.001741 -0.527276
    36 0.951660 -1.145508 -1.398438 0.946433 0.322046 -0.595038
    37 1.789782 0.000000 -0.000004 -0.002343 -0.058956 0.305325
    38 1.206999 0.000002 0.000000 0.005395 -0.004414 0.894106
    39 -7.354224 -14.937892 0.743967 0.940970 -0.193918 0.163232
    40 0.025545 -1.273521 1.753304 0.000000 0.000000 0.000000
    41 0.001032 1.440453 -1.526783 0.000000 0.000000 0.000000
    42 0.004413 0.696487 -1.430595 0.000000 0.000000 0.000000
    43 0.580660 0.349014 -1.430595 0.000000 0.000000 0.000000
    44 0.583444 -0.305904 -1.430599 0.000000 0.000000 0.000000
    45 0.005318 -0.648720 -1.430599 0.000000 0.000000 0.000000
    46 -0.574618 -0.303123 -1.430601 0.000000 0.000000 0.000000
    47 -0.573714 0.348118 -1.430595 0.000000 0.000000 0.000000
    48 -0.029968 -0.059296 1.773438 -1.561870 -0.003783 0.018306
    49 0.041163 0.095589 -2.899426 -0.781108 -0.013985 0.002645
    50 0.081115 -2.496311 -0.915165 0.000000 0.000000 0.000000
    51 4.863281 2.800781 -18.203125 1.570792 0.000003 -0.000003
  time 219
    0 0.000000 -0.000006 0.000000 -1.570781 -1.391896 -1.570809
    1 1.208984 -4.433594 3.550781 1.596637 -1.286515 2.942961
    2 6.028141 0.000000 0.000000 -0.611666 -0.630592 -2.010733
    3 11.692554 0.000001 0.000000 -0.000012 0.000024 -0.784212
    4 11.481670 0.000001 -0.000031 1.626010 -0.618546 -0.107043
    5 3.859711 -0.142405 -1.191975 -0.504590 0.047914 -1.429174
    6 1.312555 -0.000002 0.000000 0.011122 0.007490 -0.194562
    7 0.729363 -0.000002 -0.000002 -0.070385 -0.048873 -0.608491
    8 3.942337 0.046767 -0.431443 -0.148712 -0.029130 -1.299397
    9 1.539097 0.000000 0.000000 0.001977 -0.004183 -0.381435
    10 1.196325 -0.000002 -0.000001 0.000372 0.000036 -0.608396
    11 3.883698 -0.046765 0.431443 0.089174 -0.017789 -0.893346
    12 1.719570 -0.000004 -0.000001 0.028260 -0.032355 -1.007102
    13 1.209169 -0.000004 0.000000 0.004530 0.002545 -0.250147
    14 3.859863 -0.137946 1.332466 0.383456 0.020982 -0.993125
    15 1.719431 0.000002 0.000000 0.065903 -0.053020 -0.790855
    16 1.099667 0.000000 -0.000001 0.006436 0.001350 -0.309893
    17 0.806053 -0.348926 1.321258 -1.303853 -0.929124 -0.666403
    18 1.789778 -0.000002 0.000002 0.029482 0.109431 0.439685
    19 1.207005 0.000000 0.000002 -0.010642 0.004458 0.983571
    20 0.193456 -5.858812 -4.773634 -1.668474 1.286518 2.942953
    21 6.028145 0.000000 0.000000 1.403989 0.642588 -1.177014
    22 11.692554 0.000001 0.000002 0.000000 0.000000 -1.452334
    23 11.481699 0.000001 0.000001 -1.164644 0.075917 0.062619
    24 3.859680 -0.132567 1.193109 0.566835 -0.060499 -1.408425
    25 1.312555 -0.000002 0.000002 0.072278 -0.157178 -0.656760
    26 0.729365 0.000000 -0.000001 -0.023337 -0.412078 -1.179798
    27 3.942307 0.050327 0.431044 0.084248 -0.015146 -1.280306
    28 1.539099 -0.000002 0.000000 0.028455 -0.017392 -0.998558
    29 1.196321 0.000010 0.000000 -0.000519 0.009342 -1.131088
    30 3.883659 -0.050321 -0.431042 -0.047599 -0.027561 -1.047376
    31 1.719578 0.000002 0.000000 0.011337 0.002093 -1.500326
    32 1.209185 0.000002 0.000000 0.001786 -0.003742 -0.451851
    33 3.859840 -0.148937 -1.331282 -0.296390 0.195349 -0.060075
    34 1.719421 0.000002 0.000000 0.000947 -0.015206 -0.727822
    35 1.099669 0.000002 -0.000001 0.001685 0.001741 -0.527276
    36 0.951660 -1.145508 -1.398438 0.946433 0.322046 -0.595038
    37 1.789782 0.000000 -0.000004 -0.002343 -0.058956 0.305325
    38 1.206999 0.000002 0.000000 0.005395 -0.004414 0.894106
    39 -7.194062 -14.941798 0.544743 0.963080 -0.173546 0.154626
    40 0.025545 -1.273521 1.753304 0.000000 0.000000 0.000000
    41 0.001032 1.440453 -1.526783 0.000000 0.000000 0.000000
    42 0.004413 0.696487 -1.430595 0.000000 0.000000 0.000000
    43 0.580660 0.349014 -1.430595 0.000000 0.000000 0.000000
    44 0.583444 -0.305904 -1.430599 0.000000 0.000000 0.000000
    45 0.005318 -0.648720 -1.430599 0.000000 0.000000 0.000000
    46 -0.574618 -0.303123 -1.430601 0.000000 0.000000 0.000000
    47 -0.573714 0.348118 -1.430595 0.000000 0.000000 0.000000
    48 -0.029968 -0.059296 1.773438 -1.561870 -0.003783 0.018306
    49 0.041163 0.095589 -2.899426 -0.781108 -0.013985 0.002645
    50 0.081115 -2.496311 -0.915165 0.000000 0.000000 0.000000
    51 4.863281 2.800781 -18.203125 1.570792 0.000003 -0.000003
  time 220
    0 0.000000 -0.000006 0.000000 -1.570781 -1.391896 -1.570809
    1 1.208984 -4.433594 3.550781 1.596637 -1.286515 2.942961
    2 6.028141 0.000000 0.000000 -0.620350 -0.620530 -1.995136
    3 11.692554 0.000001 0.000000 -0.000012 0.000024 -0.795569
    4 11.481670 0.000001 -0.000031 1.588118 -0.621249 -0.090635
    5 3.859711 -0.142405 -1.191975 -0.504590 0.047914 -1.429174
    6 1.312555 -0.000002 0.000000 0.011122 0.007490 -0.194562
    7 0.729363 -0.000002 -0.000002 -0.070385 -0.048873 -0.608491
    8 3.942337 0.046767 -0.431443 -0.148712 -0.029130 -1.299397
    9 1.539097 0.000000 0.000000 0.001977 -0.004183 -0.381435
    10 1.196325 -0.000002 -0.000001 0.000372 0.000036 -0.608396
    11 3.883698 -0.046765 0.431443 0.089174 -0.017789 -0.893346
    12 1.719570 -0.000004 -0.000001 0.028260 -0.032355 -1.007102
    13 1.209169 -0.000004 0.000000 0.004530 0.002545 -0.250147
    14 3.859863 -0.137946 1.332466 0.383456 0.020982 -0.993125
    15 1.719431 0.000002 0.000000 0.065903 -0.053020 -0.790855
    16 1.099667 0.000000 -0.000001 0.006436 0.001350 -0.309893
    17 0.806053 -0.348926 1.321258 -1.303853 -0.929124 -0.666403
    18 1.789778 -0.000002 0.000002 0.029482 0.109431 0.439685
    19 1.207005 0.000000 0.000002 -0.010642 0.004458 0.983571
    20 0.193456 -5.858812 -4.773634 -1.668474 1.286518 2.942953
    21 6.028145 0.000000 0.000000 1.398815 0.630611 -1.178049
    22 11.692554 0.000001 0.000002 0.000000 0.000000 -1.463048
    23 11.481699 0.000001 0.000001 -1.185305 0.074668 0.084536
    24 3.859680 -0.132567 1.193109 0.566835 -0.060499 -1.408425
    25 1.312555 -0.000002 0.000002 0.072278 -0.157178 -0.656760
    26 0.729365 0.000000 -0.000001 -0.023337 -0.412078 -1.179798
    27 3.942307 0.050327 0.431044 0.084248 -0.015146 -1.280306
    28 1.539099 -0.000002 0.000000 0.028455 -0.017392 -0.998558
    29 1.196321 0.000010 0.000000 -0.000519 0.009342 -1.131088
    30 3.883659 -0.050321 -0.431042 -0.047599 -0.027561 -1.047376
    31 1.719578 0.000002 0.000000 0.011337 0.002093 -1.500326
    32 1.209185 0.000002 0.000000 0.001786 -0.003742 -0.451851
    33 3.859840 -0.148937 -1.331282 -0.296390 0.195349 -0.060075
    34 1.719421 0.000002 0.000000 0.000947 -0.015206 -0.727822
    35 1.099669 0.000002 -0.000001 0.001685 0.001741 -0.527276
    36 0.951660 -1.145508 -1.398438 0.946433 0.322046 -0.595038
    37 1.789782 0.000000 -0.000004 -0.002343 -0.058956 0.305325
    38 1.206999 0.000002 0.000000 0.005395 -0.004414 0.894106
    39 -7.022182 -14.945704 0.329892 0.986530 -0.153174 0.145498
    40 0.025545 -1.273521 1.753304 0.000000 0.000000 0.000000
    41 0.001032 1.440453 -1.526783 0.000000 0.000000 0.000000
    42 0.004413 0.696487 -1.430595 0.000000 0.000000 0.000000
    43 0.580660 0.349014 -1.430595 0.000000 0.000000 0.000000
    44 0.583444 -0.305904 -1.430599 0.000000 0.000000 0.000000
    45 0.005318 -0.648720 -1.430599 0.000000 0.000000 0.000000
    46 -0.574618 -0.303123 -1.430601 0.000000 0.000000 0.000000
    47 -0.573714 0.348118 -1.430595 0.000000 0.000000 0.000000
    48 -0.029968 -0.059296 1.773438 -1.561870 -0.003783 0.018306
    49 0.041163 0.095589 -2.899426 -0.781108 -0.013985 0.002645
    50 0.081115 -2.496311 -0.915165 0.000000 0.000000 0.000000
    51 4.863281 2.800781 -18.203125 1.570792 0.000003 -0.000003
  time 221
    0 0.000000 -0.000006 0.000000 -1.570781 -1.391896 -1.570809
    1 1.208984 -4.433594 3.550781 1.596637 -1.286515 2.942961
    2 6.028141 0.000000 0.000000 -0.629834 -0.609734 -1.978161
    3 11.692554 0.000001 0.000000 -0.000012 0.000024 -0.809289
    4 11.481670 0.000001 -0.000031 1.548751 -0.622552 -0.071232
    5 3.859711 -0.142405 -1.191975 -0.504590 0.047914 -1.429174
    6 1.312555 -0.000002 0.000000 0.011122 0.007490 -0.194562
    7 0.729363 -0.000002 -0.000002 -0.070385 -0.048873 -0.608491
    8 3.942337 0.046767 -0.431443 -0.148712 -0.029130 -1.299397
    9 1.539097 0.000000 0.000000 0.001977 -0.004183 -0.381435
    10 1.196325 -0.000002 -0.000001 0.000372 0.000036 -0.608396
    11 3.883698 -0.046765 0.431443 0.089174 -0.017789 -0.893346
    12 1.719570 -0.000004 -0.000001 0.028260 -0.032355 -1.007102
    13 1.209169 -0.000004 0.000000 0.004530 0.002545 -0.250147
    14 3.859863 -0.137946 1.332466 0.383456 0.020982 -0.993125
    15 1.719431 0.000002 0.000000 0.065903 -0.053020 -0.790855
    16 1.099667 0.000000 -0.000001 0.006436 0.001350 -0.309893
    17 0.806053 -0.348926 1.321258 -1.303853 -0.929124 -0.666403
    18 1.789778 -0.000002 0.000002 0.029482 0.109431 0.439685
    19 1.207005 0.000000 0.000002 -0.010642 0.004458 0.983571
    20 0.193456 -5.858812 -4.773634 -1.668474 1.286518 2.942953
    21 6.028145 0.000000 0.000000 1.392205 0.618347 -1.179648
    22 11.692554 0.000001 0.000002 0.000000 0.000000 -1.474279
    23 11.481699 0.000001 0.000001 -1.206023 0.075573 0.108393
    24 3.859680 -0.132567 1.193109 0.566835 -0.060499 -1.408425
    25 1.312555 -0.000002 0.000002 0.072278 -0.157178 -0.656760
    26 0.729365 0.000000 -0.000001 -0.023337 -0.412078 -1.179798
    27 3.942307 0.050327 0.431044 0.084248 -0.015146 -1.280306
    28 1.539099 -0.000002 0.000000 0.028455 -0.017392 -0.998558
    29 1.196321 0.000010 0.000000 -0.000519 0.009342 -1.131088
    30 3.883659 -0.050321 -0.431042 -0.047599 -0.027561 -1.047376
    31 1.719578 0.000002 0.000000 0.011337 0.002093 -1.500326
    32 1.209185 0.000002 0.000000 0.001786 -0.003742 -0.451851
    33 3.859840 -0.148937 -1.331282 -0.296390 0.195349 -0.060075
    34 1.719421 0.000002 0.000000 0.000947 -0.015206 -0.727822
    35 1.099669 0.000002 -0.000001 0.001685 0.001741 -0.527276
    36 0.951660 -1.145508 -1.398438 0.946433 0.322046 -0.595038
    37 1.789782 0.000000 -0.000004 -0.002343 -0.058956 0.305325
    38 1.206999 0.000002 0.000000 0.005395 -0.004414 0.894106
    39 -6.838583 -14.949611 0.099416 1.011224 -0.132802 0.136022
    40 0.025545 -1.273521 1.753304 0.000000 0.000000 0.000000
    41 0.001032 1.440453 -1.526783 0.000000 0.000000 0.000000
    42 0.004413 0.696487 -1.430595 0.000000 0.000000 0.000000
    43 0.580660 0.349014 -1.430595 0.000000 0.000000 0.000000
    44 0.583444 -0.305904 -1.430599 0.000000 0.000000 0.000000
    45 0.005318 -0.648720 -1.430599 0.000000 0.000000 0.000000
    46 -0.574618 -0.303123 -1.430601 0.000000 0.000000 0.000000
    47 -0.573714 0.348118 -1.430595 0.000000 0.000000 0.000000
    48 -0.029968 -0.059296 1.773438 -1.561870 -0.003783 0.018306
    49 0.041163 0.095589 -2.899426 -0.781108 -0.013985 0.002645
    50 0.081115 -2.496311 -0.915165 0.000000 0.000000 0.000000
    51 4.863281 2.800781 -18.203125 1.570792 0.000003 -0.000003
  time 222
    0 0.000000 -0.000006 0.000000 -1.570781 -1.391896 -1.570809
    1 1.208984 -4.433594 3.550781 1.596637 -1.286515 2.942961
    2 6.028141 0.000000 0.000000 -0.639889 -0.598248 -1.960091
    3 11.692554 0.000001 0.000000 -0.000012 0.000024 -0.825045
    4 11.481670 0.000001 -0.000031 1.508094 -0.622310 -0.049117
    5 3.859711 -0.142405 -1.191975 -0.504590 0.047914 -1.429174
    6 1.312555 -0.000002 0.000000 0.011122 0.007490 -0.194562
    7 0.729363 -0.000002 -0.000002 -0.070385 -0.048873 -0.608491
    8 3.942337 0.046767 -0.431443 -0.148712 -0.029130 -1.299397
    9 1.539097 0.000000 0.000000 0.001977 -0.004183 -0.381435
    10 1.196325 -0.000002 -0.000001 0.000372 0.000036 -0.608396
    11 3.883698 -0.046765 0.431443 0.089174 -0.017789 -0.893346
    12 1.719570 -0.000004 -0.000001 0.028260 -0.032355 -1.007102
    13 1.209169 -0.000004 0.000000 0.004530 0.002545 -0.250147
    14 3.859863 -0.137946 1.332466 0.383456 0.020982 -0.993125
    15 1.719431 0.000002 0.000000 0.065903 -0.053020 -0.790855
    16 1.099667 0.000000 -0.000001 0.006436 0.001350 -0.309893
    17 0.806053 -0.348926 1.321258 -1.303853 -0.929124 -0.666403
    18 1.789778 -0.000002 0.000002 0.029482 0.109431 0.439685
    19 1.207005 0.000000 0.000002 -0.010642 0.004458 0.983571
    20 0.193456 -5.858812 -4.773634 -1.668474 1.286518 2.942953
    21 6.028145 0.000000 0.000000 1.384253 0.605988 -1.181718
    22 11.692554 0.000001 0.000002 0.000000 0.000000 -1.485805
    23 11.481699 0.000001 0.000001 -1.226627 0.078633 0.134044
    24 3.859680 -0.132567 1.193109 0.566835 -0.060499 -1.408425
    25 1.312555 -0.000002 0.000002 0.072278 -0.157178 -0.656760
    26 0.729365 0.000000 -0.000001 -0.023337 -0.412078 -1.179798
    27 3.942307 0.050327 0.431044 0.084248 -0.015146 -1.280306
    28 1.539099 -0.000002 0.000000 0.028455 -0.017392 -0.998558
    29 1.196321 0.000010 0.000000 -0.000519 0.009342 -1.131088
    30 3.883659 -0.050321 -0.431042 -0.047599 -0.027561 -1.047376
    31 1.719578 0.000002 0.000000 0.011337 0.002093 -1.500326
    32 1.209185 0.000002 0.000000 0.001786 -0.003742 -0.451851
    33 3.859840 -0.148937 -1.331282 -0.296390 0.195349 -0.060075
    34 1.719421 0.000002 0.000000 0.000947 -0.015206 -0.727822
    35 1.099669 0.000002 -0.000001 0.001685 0.001741 -0.527276
    36 0.951660 -1.145508 -1.398438 0.946433 0.322046 -0.595038
    37 1.789782 0.000000 -0.000004 -0.002343 -0.058956 0.305325
    38 1.206999 0.000002 0.000000 0.005395 -0.004414 0.894106
    39 -6.651077 -14.953517 -0.138872 1.036972 -0.112569 0.126198
    40 0.025545 -1.273521 1.753304 0.000000 0.000000 0.000000
    41 0.001032 1.440453 -1.526783 0.000000 0.000000 0.000000
    42 0.004413 0.696487 -1.430595 0.000000 0.000000 0.000000
    43 0.580660 0.349014 -1.430595 0.000000 0.000000 0.000000
    44 0.583444 -0.305904 -1.430599 0.000000 0.000000 0.000000
    45 0.005318 -0.648720 -1.430599 0.000000 0.000000 0.000000
    46 -0.574618 -0.303123 -1.430601 0.000000 0.000000 0.000000
    47 -0.573714 0.348118 -1.430595 0.000000 0.000000 0.000000
    48 -0.029968 -0.059296 1.773438 -1.561870 -0.003783 0.018306
    49 0.041163 0.095589 -2.899426 -0.781108 -0.013985 0.002645
    50 0.081115 -2.496311 -0.915165 0.000000 0.000000 0.000000
    51 4.863281 2.800781 -18.203125 1.570792 0.000003 -0.000003
  time 223
    0 0.000000 -0.000006 0.000000 -1.570781 -1.391896 -1.570809
    1 1.208984 -4.433594 3.550781 1.596637 -1.286515 2.942961
    2 6.028141 0.000000 0.000000 -0.650363 -0.586303 -1.941166
    3 11.692554 0.000001 0.000000 -0.000012 0.000024 -0.842639
    4 11.481670 0.000001 -0.000031 1.466698 -0.620428 -0.024791
    5 3.859711 -0.142405 -1.191975 -0.504590 0.047914 -1.429174
    6 1.312555 -0.000002 0.000000 0.011122 0.007490 -0.194562
    7 0.729363 -0.000002 -0.000002 -0.070385 -0.048873 -0.608491
    8 3.942337 0.046767 -0.431443 -0.148712 -0.029130 -1.299397
    9 1.539097 0.000000 0.000000 0.001977 -0.004183 -0.381435
    10 1.196325 -0.000002 -0.000001 0.000372 0.000036 -0.608396
    11 3.883698 -0.046765 0.431443 0.089174 -0.017789 -0.893346
    12 1.719570 -0.000004 -0.000001 0.028260 -0.032355 -1.007102
    13 1.209169 -0.000004 0.000000 0.004530 0.002545 -0.250147
    14 3.859863 -0.137946 1.332466 0.383456 0.020982 -0.993125
    15 1.719431 0.000002 0.000000 0.065903 -0.053020 -0.790855
    16 1.099667 0.000000 -0.000001 0.006436 0.001350 -0.309893
    17 0.806053 -0.348926 1.321258 -1.303853 -0.929109 -0.666403
    18 1.789778 -0.000002 0.000002 0.029482 0.109431 0.439685
    19 1.207005 0.000000 0.000002 -0.010642 0.004458 0.983571
    20 0.193456 -5.858812 -4.773634 -1.668474 1.286518 2.942953
    21 6.028145 0.000000 0.000000 1.375247 0.593771 -1.184164
    22 11.692554 0.000001 0.000002 0.000000 0.000000 -1.497479
    23 11.481699 0.000001 0.000001 -1.246780 0.083891 0.161246
    24 3.859680 -0.132567 1.193109 0.566835 -0.060499 -1.408425
    25 1.312555 -0.000002 0.000002 0.072278 -0.157178 -0.656760
    26 0.729365 0.000000 -0.000001 -0.023337 -0.412078 -1.179798
    27 3.942307 0.050327 0.431044 0.084248 -0.015146 -1.280306
    28 1.539099 -0.000002 0.000000 0.028455 -0.017392 -0.998558
    29 1.196321 0.000010 0.000000 -0.000519 0.009342 -1.131088
    30 3.883659 -0.050321 -0.431042 -0.047599 -0.027561 -1.047376
    31 1.719578 0.000002 0.000000 0.011337 0.002093 -1.500326
    32 1.209185 0.000002 0.000000 0.001786 -0.003742 -0.451851
    33 3.859840 -0.148937 -1.331282 -0.296390 0.195349 -0.060075
    34 1.719421 0.000002 0.000000 0.000947 -0.015206 -0.727822
    35 1.099669 0.000002 -0.000001 0.001685 0.001741 -0.527276
    36 0.951660 -1.145508 -1.398438 0.946433 0.322046 -0.595038
    37 1.789782 0.000000 -0.000004 -0.002343 -0.058956 0.305325
    38 1.206999 0.000002 0.000000 0.005395 -0.004414 0.894106
    39 -6.451852 -14.957424 -0.381067 1.063485 -0.092569 0.116288
    40 0.025545 -1.273521 1.753304 0.000000 0.000000 0.000000
    41 0.001032 1.440453 -1.526783 0.000000 0.000000 0.000000
    42 0.004413 0.696487 -1.430595 0.000000 0.000000 0.000000
    43 0.580660 0.349014 -1.430595 0.000000 0.000000 0.000000
    44 0.583444 -0.305904 -1.430599 0.000000 0.000000 0.000000
    45 0.005318 -0.648720 -1.430599 0.000000 0.000000 0.000000
    46 -0.574618 -0.303123 -1.430601 0.000000 0.000000 0.000000
    47 -0.573714 0.348118 -1.430595 0.000000 0.000000 0.000000
    48 -0.029968 -0.059296 1.773438 -1.561870 -0.003783 0.018306
    49 0.041163 0.095589 -2.899426 -0.781108 -0.013985 0.002645
    50 0.081115 -2.496311 -0.915165 0.000000 0.000000 0.000000
    51 4.863281 2.800781 -18.203125 1.570792 0.000003 -0.000003
  time 224
    0 0.000000 -0.000006 0.000000 -1.570781 -1.391896 -1.570809
    1 1.208984 -4.433594 3.550781 1.596637 -1.286515 2.942961
    2 6.028141 0.000000 0.000000 -0.661103 -0.573898 -1.921671
    3 11.692554 0.000001 0.000000 -0.000012 0.000024 -0.861611
    4 11.481670 0.000001 -0.000031 1.424842 -0.616857 0.001533
    5 3.859711 -0.142405 -1.191975 -0.504590 0.047914 -1.429174
    6 1.312555 -0.000002 0.000000 0.011122 0.007490 -0.194562
    7 0.729363 -0.000002 -0.000002 -0.070385 -0.048873 -0.608491
    8 3.942337 0.046767 -0.431443 -0.148712 -0.029130 -1.299397
    9 1.539097 0.000000 0.000000 0.001977 -0.004183 -0.381435
    10 1.196325 -0.000002 -0.000001 0.000372 0.000036 -0.608396
    11 3.883698 -0.046765 0.431443 0.089174 -0.017789 -0.893346
    12 1.719570 -0.000004 -0.000001 0.028260 -0.032355 -1.007102
    13 1.209169 -0.000004 0.000000 0.004530 0.002545 -0.250147
    14 3.859863 -0.137946 1.332466 0.383456 0.020982 -0.993125
    15 1.719431 0.000002 0.000000 0.065903 -0.053020 -0.790855
    16 1.099667 0.000000 -0.000001 0.006436 0.001350 -0.309893
    17 0.806053 -0.348926 1.321258 -1.303853 -0.929124 -0.666403
    18 1.789778 -0.000002 0.000002 0.029482 0.109431 0.439685
    19 1.207005 0.000000 0.000002 -0.010642 0.004458 0.983571
    20 0.193456 -5.858812 -4.773634 -1.668474 1.286518 2.942953
    21 6.028145 0.000000 0.000000 1.365092 0.581794 -1.187081
    22 11.692554 0.000001 0.000002 0.000000 0.000000 -1.509154
    23 11.481699 0.000001 0.000001 -1.266199 0.091219 0.189855
    24 3.859680 -0.132567 1.193109 0.566835 -0.060499 -1.408425
    25 1.312555 -0.000002 0.000002 0.072278 -0.157178 -0.656760
    26 0.729365 0.000000 -0.000001 -0.023337 -0.412078 -1.179798
    27 3.942307 0.050327 0.431044 0.084248 -0.015146 -1.280306
    28 1.539099 -0.000002 0.000000 0.028455 -0.017392 -0.998558
    29 1.196321 0.000010 0.000000 -0.000519 0.009342 -1.131088
    30 3.883659 -0.050321 -0.431042 -0.047599 -0.027561 -1.047376
    31 1.719578 0.000002 0.000000 0.011337 0.002093 -1.500326
    32 1.209185 0.000002 0.000000 0.001786 -0.003742 -0.451851
    33 3.859840 -0.148937 -1.331282 -0.296390 0.195349 -0.060075
    34 1.719421 0.000002 0.000000 0.000947 -0.015206 -0.727822
    35 1.099669 0.000002 -0.000001 0.001685 0.001741 -0.527276
    36 0.951660 -1.145508 -1.398438 0.946433 0.322046 -0.595038
    37 1.789782 0.000000 -0.000004 -0.002343 -0.058956 0.305325
    38 1.206999 0.000002 0.000000 0.005395 -0.004414 0.894106
    39 -6.252627 -14.965236 -0.631075 1.090668 -0.072846 0.106117
    40 0.025545 -1.273521 1.753304 0.000000 0.000000 0.000000
    41 0.001032 1.440453 -1.526783 0.000000 0.000000 0.000000
    42 0.004413 0.696487 -1.430595 0.000000 0.000000 0.000000
    43 0.580660 0.349014 -1.430595 0.000000 0.000000 0.000000
    44 0.583444 -0.305904 -1.430599 0.000000 0.000000 0.000000
    45 0.005318 -0.648720 -1.430599 0.000000 0.000000 0.000000
    46 -0.574618 -0.303123 -1.430601 0.000000 0.000000 0.000000
    47 -0.573714 0.348118 -1.430595 0.000000 0.000000 0.000000
    48 -0.029968 -0.059296 1.773438 -1.561870 -0.003783 0.018306
    49 0.041163 0.095589 -2.899426 -0.781108 -0.013985 0.002645
    50 0.081115 -2.496311 -0.915165 0.000000 0.000000 0.000000
    51 4.863281 2.800781 -18.203125 1.570792 0.000003 -0.000003
  time 225
    0 0.000000 -0.000006 0.000000 -1.570781 -1.391896 -1.570809
    1 1.208984 -4.433594 3.550781 1.596637 -1.286515 2.942961
    2 6.028141 0.000000 0.000000 -0.671920 -0.561264 -1.901937
    3 11.692554 0.000001 0.000000 -0.000012 0.000024 -0.881765
    4 11.481670 0.000001 -0.000031 1.382985 -0.611548 0.029355
    5 3.859711 -0.142405 -1.191975 -0.504590 0.047914 -1.429174
    6 1.312555 -0.000002 0.000000 0.011122 0.007490 -0.194562
    7 0.729363 -0.000002 -0.000002 -0.070385 -0.048873 -0.608491
    8 3.942337 0.046767 -0.431443 -0.148712 -0.029130 -1.299397
    9 1.539097 0.000000 0.000000 0.001977 -0.004183 -0.381435
    10 1.196325 -0.000002 -0.000001 0.000372 0.000036 -0.608396
    11 3.883698 -0.046765 0.431443 0.089174 -0.017789 -0.893346
    12 1.719570 -0.000004 -0.000001 0.028260 -0.032355 -1.007102
    13 1.209169 -0.000004 0.000000 0.004530 0.002545 -0.250147
    14 3.859863 -0.137946 1.332466 0.383456 0.020982 -0.993125
    15 1.719431 0.000002 0.000000 0.065903 -0.053020 -0.790855
    16 1.099667 0.000000 -0.000001 0.006436 0.001350 -0.309893
    17 0.806053 -0.348926 1.321258 -1.303853 -0.929124 -0.666403
    18 1.789778 -0.000002 0.000002 0.029482 0.109431 0.439685
    19 1.207005 0.000000 0.000002 -0.010642 0.004458 0.983571
    20 0.193456 -5.858812 -4.773634 -1.668474 1.286518 2.942953
    21 6.028145 0.000000 0.000000 1.353978 0.570198 -1.190279
    22 11.692554 0.000001 0.000002 0.000000 0.000000 -1.520680
    23 11.481699 0.000001 0.000001 -1.284771 0.100572 0.219676
    24 3.859680 -0.132567 1.193109 0.566835 -0.060499 -1.408425
    25 1.312555 -0.000002 0.000002 0.072278 -0.157178 -0.656760
    26 0.729365 0.000000 -0.000001 -0.023337 -0.412078 -1.179798
    27 3.942307 0.050327 0.431044 0.084248 -0.015146 -1.280306
    28 1.539099 -0.000002 0.000000 0.028455 -0.017392 -0.998558
    29 1.196321 0.000010 0.000000 -0.000519 0.009342 -1.131088
    30 3.883659 -0.050321 -0.431042 -0.047599 -0.027561 -1.047376
    31 1.719578 0.000002 0.000000 0.011337 0.002093 -1.500326
    32 1.209185 0.000002 0.000000 0.001786 -0.003742 -0.451851
    33 3.859840 -0.148937 -1.331282 -0.296390 0.195349 -0.060075
    34 1.719421 0.000002 0.000000 0.000947 -0.015206 -0.727822
    35 1.099669 0.000002 -0.000001 0.001685 0.001741 -0.527276
    36 0.951660 -1.145508 -1.398438 0.946433 0.322046 -0.595038
    37 1.789782 0.000000 -0.000004 -0.002343 -0.058956 0.305325
    38 1.206999 0.000002 0.000000 0.005395 -0.004414 0.894106
    39 -6.049496 -14.969143 -0.884989 1.118233 -0.053495 0.096032
    40 0.025545 -1.273521 1.753304 0.000000 0.000000 0.000000
    41 0.001032 1.440453 -1.526783 0.000000 0.000000 0.000000
    42 0.004413 0.696487 -1.430595 0.000000 0.000000 0.000000
    43 0.580660 0.349014 -1.430595 0.000000 0.000000 0.000000
    44 0.583444 -0.305904 -1.430599 0.000000 0.000000 0.000000
    45 0.005318 -0.648720 -1.430599 0.000000 0.000000 0.000000
    46 -0.574618 -0.303123 -1.430601 0.000000 0.000000 0.000000
    47 -0.573714 0.348118 -1.430595 0.000000 0.000000 0.000000
    48 -0.029968 -0.059296 1.773438 -1.561870 -0.003783 0.018306
    49 0.041163 0.095589 -2.899426 -0.781108 -0.013985 0.002645
    50 0.081115 -2.496311 -0.915165 0.000000 0.000000 0.000000
    51 4.863281 2.800781 -18.203125 1.570792 0.000003 -0.000003
  time 226
    0 0.000000 -0.000006 0.000000 -1.570781 -1.391896 -1.570809
    1 1.208984 -4.433594 3.550781 1.596637 -1.286515 2.942961
    2 6.028141 0.000000 0.000000 -0.682775 -0.548308 -1.881966
    3 11.692554 0.000001 0.000000 -0.000012 0.000024 -0.903101
    4 11.481670 0.000001 -0.000031 1.341406 -0.604598 0.058318
    5 3.859711 -0.142405 -1.191975 -0.504590 0.047914 -1.429174
    6 1.312555 -0.000002 0.000000 0.011122 0.007490 -0.194562
    7 0.729363 -0.000002 -0.000002 -0.070385 -0.048873 -0.608491
    8 3.942337 0.046767 -0.431443 -0.148712 -0.029130 -1.299397
    9 1.539097 0.000000 0.000000 0.001977 -0.004183 -0.381435
    10 1.196325 -0.000002 -0.000001 0.000372 0.000036 -0.608396
    11 3.883698 -0.046765 0.431443 0.089174 -0.017789 -0.893346
    12 1.719570 -0.000004 -0.000001 0.028260 -0.032355 -1.007102
    13 1.209169 -0.000004 0.000000 0.004530 0.002545 -0.250147
    14 3.859863 -0.137946 1.332466 0.383456 0.020982 -0.993125
    15 1.719431 0.000002 0.000000 0.065903 -0.053020 -0.790855
    16 1.099667 0.000000 -0.000001 0.006436 0.001350 -0.309893
    17 0.806053 -0.348926 1.321258 -1.303853 -0.929124 -0.666403
    18 1.789778 -0.000002 0.000002 0.029482 0.109431 0.439685
    19 1.207005 0.000000 0.000002 -0.010642 0.004458 0.983571
    20 0.193456 -5.858812 -4.773634 -1.668474 1.286518 2.942953
    21 6.028145 0.000000 0.000000 1.342003 0.559127 -1.193760
    22 11.692554 0.000001 0.000002 0.000000 0.000000 -1.531985
    23 11.481699 0.000001 0.000001 -1.302102 0.111735 0.250515
    24 3.859680 -0.132567 1.193109 0.566835 -0.060499 -1.408425
    25 1.312555 -0.000002 0.000002 0.072278 -0.157178 -0.656760
    26 0.729365 0.000000 -0.000001 -0.023337 -0.412078 -1.179798
    27 3.942307 0.050327 0.431044 0.084248 -0.015146 -1.280306
    28 1.539099 -0.000002 0.000000 0.028455 -0.017392 -0.998558
    29 1.196321 0.000010 0.000000 -0.000519 0.009342 -1.131088
    30 3.883659 -0.050321 -0.431042 -0.047599 -0.027561 -1.047376
    31 1.719578 0.000002 0.000000 0.011337 0.002093 -1.500326
    32 1.209185 0.000002 0.000000 0.001786 -0.003742 -0.451851
    33 3.859840 -0.148937 -1.331282 -0.296390 0.195349 -0.060075
    34 1.719421 0.000002 0.000000 0.000947 -0.015206 -0.727822
    35 1.099669 0.000002 -0.000001 0.001685 0.001741 -0.527276
    36 0.951660 -1.145508 -1.398438 0.946433 0.322046 -0.595038
    37 1.789782 0.000000 -0.000004 -0.002343 -0.058956 0.305325
    38 1.206999 0.000002 0.000000 0.005395 -0.004414 0.894106
    39 -5.846365 -14.973049 -1.138903 1.146278 -0.034608 0.085948
    40 0.025545 -1.273521 1.753304 0.000000 0.000000 0.000000
    41 0.001032 1.440453 -1.526783 0.000000 0.000000 0.000000
    42 0.004413 0.696487 -1.430595 0.000000 0.000000 0.000000
    43 0.580660 0.349014 -1.430595 0.000000 0.000000 0.000000
    44 0.583444 -0.305904 -1.430599 0.000000 0.000000 0.000000
    45 0.005318 -0.648720 -1.430599 0.000000 0.000000 0.000000
    46 -0.574618 -0.303123 -1.430601 0.000000 0.000000 0.000000
    47 -0.573714 0.348118 -1.430595 0.000000 0.000000 0.000000
    48 -0.029968 -0.059296 1.773438 -1.561870 -0.003783 0.018306
    49 0.041163 0.095589 -2.899426 -0.781108 -0.013985 0.002645
    50 0.081115 -2.496311 -0.915165 0.000000 0.000000 0.000000
    51 4.863281 2.800781 -18.203125 1.570792 0.000003 -0.000003
  time 227
    0 0.000000 -0.000006 0.000000 -1.570781 -1.391896 -1.570809
    1 1.208984 -4.433594 3.550781 1.596637 -1.286515 2.942961
    2 6.028141 0.000000 0.000000 -0.693401 -0.535352 -1.862280
    3 11.692554 0.000001 0.000000 -0.000012 0.000024 -0.924765
    4 11.481670 0.000001 -0.000031 1.300656 -0.596103 0.088066
    5 3.859711 -0.142405 -1.191975 -0.504590 0.047914 -1.429174
    6 1.312555 -0.000002 0.000000 0.011122 0.007490 -0.194562
    7 0.729363 -0.000002 -0.000002 -0.070385 -0.048873 -0.608491
    8 3.942337 0.046767 -0.431443 -0.148712 -0.029130 -1.299397
    9 1.539097 0.000000 0.000000 0.001977 -0.004183 -0.381435
    10 1.196325 -0.000002 -0.000001 0.000372 0.000036 -0.608396
    11 3.883698 -0.046765 0.431443 0.089174 -0.017789 -0.893346
    12 1.719570 -0.000004 -0.000001 0.028260 -0.032355 -1.007102
    13 1.209169 -0.000004 0.000000 0.004542 0.002545 -0.250147
    14 3.859863 -0.137946 1.332466 0.383456 0.020982 -0.993125
    15 1.719431 0.000002 0.000000 0.065903 -0.053020 -0.790855
    16 1.099667 0.000000 -0.000001 0.006436 0.001350 -0.309893
    17 0.806053 -0.348926 1.321258 -1.303853 -0.929124 -0.666403
    18 1.789778 -0.000002 0.000002 0.029482 0.109431 0.439685
    19 1.207005 0.000000 0.000002 -0.010642 0.004458 0.983571
    20 0.193456 -5.858812 -4.773634 -1.668474 1.286518 2.942953
    21 6.028145 0.000000 0.000000 1.329452 0.548677 -1.197336
    22 11.692554 0.000001 0.000002 0.000000 0.000000 -1.542920
    23 11.481699 0.000001 0.000001 -1.318077 0.124493 0.282082
    24 3.859680 -0.132567 1.193109 0.566835 -0.060499 -1.408425
    25 1.312555 -0.000002 0.000002 0.072278 -0.157178 -0.656760
    26 0.729365 0.000000 -0.000001 -0.023337 -0.412078 -1.179798
    27 3.942307 0.050327 0.431044 0.084248 -0.015146 -1.280306
    28 1.539099 -0.000002 0.000000 0.028455 -0.017392 -0.998558
    29 1.196321 0.000010 0.000000 -0.000519 0.009342 -1.131088
    30 3.883659 -0.050321 -0.431042 -0.047599 -0.027561 -1.047376
    31 1.719578 0.000002 0.000000 0.011337 0.002093 -1.500326
    32 1.209185 0.000002 0.000000 0.001786 -0.003742 -0.451851
    33 3.859840 -0.148937 -1.331282 -0.296390 0.195349 -0.060075
    34 1.719421 0.000002 0.000000 0.000947 -0.015206 -0.727822
    35 1.099669 0.000002 -0.000001 0.001685 0.001741 -0.527276
    36 0.951660 -1.145508 -1.398438 0.946433 0.322046 -0.595038
    37 1.789782 0.000000 -0.000004 -0.002343 -0.058956 0.305325
    38 1.206999 0.000002 0.000000 0.005395 -0.004414 0.894106
    39 -5.647140 -14.980862 -1.388910 1.174418 -0.016232 0.076038
    40 0.025545 -1.273521 1.753304 0.000000 0.000000 0.000000
    41 0.001032 1.440453 -1.526783 0.000000 0.000000 0.000000
    42 0.004413 0.696487 -1.430595 0.000000 0.000000 0.000000
    43 0.580660 0.349014 -1.430595 0.000000 0.000000 0.000000
    44 0.583444 -0.305904 -1.430599 0.000000 0.000000 0.000000
    45 0.005318 -0.648720 -1.430599 0.000000 0.000000 0.000000
    46 -0.574618 -0.303123 -1.430601 0.000000 0.000000 0.000000
    47 -0.573714 0.348118 -1.430595 0.000000 0.000000 0.000000
    48 -0.029968 -0.059296 1.773438 -1.561870 -0.003783 0.018306
    49 0.041163 0.095589 -2.899426 -0.781108 -0.013985 0.002645
    50 0.081115 -2.496311 -0.915165 0.000000 0.000000 0.000000
    51 4.863281 2.800781 -18.203125 1.570792 0.000003 -0.000003
  time 228
    0 0.000000 -0.000006 0.000000 -1.570781 -1.391896 -1.570809
    1 1.208984 -4.433594 3.550781 1.596637 -1.286515 2.942961
    2 6.028141 0.000000 0.000000 -0.703799 -0.522488 -1.842927
    3 11.692554 0.000001 0.000000 -0.000012 0.000024 -0.946691
    4 11.481670 0.000001 -0.000031 1.260920 -0.586161 0.118099
    5 3.859711 -0.142405 -1.191975 -0.504590 0.047914 -1.429174
    6 1.312555 -0.000002 0.000000 0.011122 0.007490 -0.194562
    7 0.729363 -0.000002 -0.000002 -0.070385 -0.048873 -0.608491
    8 3.942337 0.046767 -0.431443 -0.148712 -0.029130 -1.299397
    9 1.539097 0.000000 0.000000 0.001977 -0.004183 -0.381435
    10 1.196325 -0.000002 -0.000001 0.000372 0.000036 -0.608396
    11 3.883698 -0.046765 0.431443 0.089174 -0.017789 -0.893346
    12 1.719570 -0.000004 -0.000001 0.028260 -0.032355 -1.007102
    13 1.209169 -0.000004 0.000000 0.004530 0.002545 -0.250147
    14 3.859863 -0.137946 1.332466 0.383456 0.020982 -0.993125
    15 1.719431 0.000002 0.000000 0.065903 -0.053020 -0.790855
    16 1.099667 0.000000 -0.000001 0.006436 0.001350 -0.309893
    17 0.806053 -0.348926 1.321258 -1.303853 -0.929124 -0.666403
    18 1.789778 -0.000002 0.000002 0.029482 0.109431 0.439685
    19 1.207005 0.000000 0.000002 -0.010642 0.004458 0.983571
    20 0.193456 -5.858812 -4.773634 -1.668474 1.286518 2.942953
    21 6.028145 0.000000 0.000000 1.316422 0.538894 -1.201193
    22 11.692554 0.000001 0.000002 0.000000 0.000000 -1.553412
    23 11.481699 0.000001 0.000001 -1.332529 0.138588 0.314327
    24 3.859680 -0.132567 1.193109 0.566835 -0.060499 -1.408425
    25 1.312555 -0.000002 0.000002 0.072278 -0.157178 -0.656760
    26 0.729365 0.000000 -0.000001 -0.023337 -0.412078 -1.179798
    27 3.942307 0.050327 0.431044 0.084248 -0.015146 -1.280306
    28 1.539099 -0.000002 0.000000 0.028455 -0.017392 -0.998558
    29 1.196321 0.000010 0.000000 -0.000519 0.009342 -1.131088
    30 3.883659 -0.050321 -0.431042 -0.047599 -0.027561 -1.047376
    31 1.719578 0.000002 0.000000 0.011337 0.002093 -1.500326
    32 1.209185 0.000002 0.000000 0.001786 -0.003742 -0.451851
    33 3.859840 -0.148937 -1.331282 -0.296390 0.195349 -0.060075
    34 1.719421 0.000002 0.000000 0.000947 -0.015206 -0.727822
    35 1.099669 0.000002 -0.000001 0.001685 0.001741 -0.527276
    36 0.951660 -1.145508 -1.398438 0.946433 0.322046 -0.595038
    37 1.789782 0.000000 -0.000004 -0.002343 -0.058956 0.305325
    38 1.206999 0.000002 0.000000 0.005395 -0.004414 0.894106
    39 -5.447915 -14.984768 -1.642824 1.202654 0.001541 0.066388
    40 0.025545 -1.273521 1.753304 0.000000 0.000000 0.000000
    41 0.001032 1.440453 -1.526783 0.000000 0.000000 0.000000
    42 0.004413 0.696487 -1.430595 0.000000 0.000000 0.000000
    43 0.580660 0.349014 -1.430595 0.000000 0.000000 0.000000
    44 0.583444 -0.305904 -1.430599 0.000000 0.000000 0.000000
    45 0.005318 -0.648720 -1.430599 0.000000 0.000000 0.000000
    46 -0.574618 -0.303123 -1.430601 0.000000 0.000000 0.000000
    47 -0.573714 0.348118 -1.430595 0.000000 0.000000 0.000000
    48 -0.029968 -0.059296 1.773438 -1.561870 -0.003783 0.018306
    49 0.041163 0.095589 -2.899426 -0.781108 -0.013985 0.002645
    50 0.081115 -2.496311 -0.915165 0.000000 0.000000 0.000000
    51 4.863281 2.800781 -18.203125 1.570792 0.000003 -0.000003
  time 229
    0 0.000000 -0.000006 0.000000 -1.570781 -1.391896 -1.570809
    1 1.208984 -4.433594 3.550781 1.596637 -1.286515 2.942961
    2 6.028141 0.000000 0.000000 -0.713778 -0.509716 -1.824097
    3 11.692554 0.000001 0.000000 -0.000012 0.000024 -0.968618
    4 11.481670 0.000001 -0.000031 1.222567 -0.574964 0.148275
    5 3.859711 -0.142405 -1.191975 -0.504590 0.047914 -1.429174
    6 1.312555 -0.000002 0.000000 0.011122 0.007490 -0.194562
    7 0.729363 -0.000002 -0.000002 -0.070385 -0.048873 -0.608491
    8 3.942337 0.046767 -0.431443 -0.148712 -0.029130 -1.299397
    9 1.539097 0.000000 0.000000 0.001977 -0.004183 -0.381435
    10 1.196325 -0.000002 -0.000001 0.000372 0.000036 -0.608396
    11 3.883698 -0.046765 0.431443 0.089174 -0.017789 -0.893346
    12 1.719570 -0.000004 -0.000001 0.028260 -0.032355 -1.007102
    13 1.209169 -0.000004 0.000000 0.004530 0.002545 -0.250147
    14 3.859863 -0.137946 1.332466 0.383456 0.020982 -0.993125
    15 1.719431 0.000002 0.000000 0.065903 -0.053020 -0.790855
    16 1.099667 0.000000 -0.000001 0.006436 0.001350 -0.309893
    17 0.806053 -0.348926 1.321258 -1.303853 -0.929124 -0.666403
    18 1.789778 -0.000002 0.000002 0.029482 0.109431 0.439685
    19 1.207005 0.000000 0.000002 -0.010642 0.004458 0.983571
    20 0.193456 -5.858812 -4.773634 -1.668474 1.286518 2.942953
    21 6.028145 0.000000 0.000000 1.303010 0.529923 -1.205144
    22 11.692554 0.000001 0.000002 0.000000 0.000000 -1.563313
    23 11.481699 0.000001 0.000001 -1.345174 0.153673 0.346912
    24 3.859680 -0.132567 1.193109 0.566835 -0.060499 -1.408425
    25 1.312555 -0.000002 0.000002 0.072278 -0.157178 -0.656760
    26 0.729365 0.000000 -0.000001 -0.023337 -0.412078 -1.179798
    27 3.942307 0.050327 0.431044 0.084248 -0.015146 -1.280306
    28 1.539099 -0.000002 0.000000 0.028455 -0.017392 -0.998558
    29 1.196321 0.000010 0.000000 -0.000519 0.009342 -1.131088
    30 3.883659 -0.050321 -0.431042 -0.047599 -0.027561 -1.047376
    31 1.719578 0.000002 0.000000 0.011337 0.002093 -1.500326
    32 1.209185 0.000002 0.000000 0.001786 -0.003742 -0.451851
    33 3.859840 -0.148937 -1.331282 -0.296390 0.195349 -0.060075
    34 1.719421 0.000002 0.000000 0.000947 -0.015206 -0.727822
    35 1.099669 0.000002 -0.000001 0.001685 0.001741 -0.527276
    36 0.951660 -1.145508 -1.398438 0.946433 0.322046 -0.595038
    37 1.789782 0.000000 -0.000004 -0.002343 -0.058956 0.305325
    38 1.206999 0.000002 0.000000 0.005395 -0.004414 0.894106
    39 -5.260410 -14.988675 -1.888925 1.230794 0.018572 0.057086
    40 0.025545 -1.273521 1.753304 0.000000 0.000000 0.000000
    41 0.001032 1.440453 -1.526783 0.000000 0.000000 0.000000
    42 0.004413 0.696487 -1.430595 0.000000 0.000000 0.000000
    43 0.580660 0.349014 -1.430595 0.000000 0.000000 0.000000
    44 0.583444 -0.305904 -1.430599 0.000000 0.000000 0.000000
    45 0.005318 -0.648720 -1.430599 0.000000 0.000000 0.000000
    46 -0.574618 -0.303123 -1.430601 0.000000 0.000000 0.000000
    47 -0.573714 0.348118 -1.430595 0.000000 0.000000 0.000000
    48 -0.029968 -0.059296 1.773438 -1.561870 -0.003783 0.018306
    49 0.041163 0.095589 -2.899426 -0.781108 -0.013985 0.002645
    50 0.081115 -2.496311 -0.915165 0.000000 0.000000 0.000000
    51 4.863281 2.800781 -18.203125 1.570792 0.000003 -0.000003
  time 230
    0 0.000000 -0.000006 0.000000 -1.570781 -1.391896 -1.570809
    1 1.208984 -4.433594 3.550781 1.596637 -1.286515 2.942961
    2 6.028141 0.000000 0.000000 -0.723299 -0.497265 -1.806028
    3 11.692554 0.000001 0.000000 -0.000024 0.000024 -0.990348
    4 11.481670 0.000001 -0.000031 1.185781 -0.562801 0.178237
    5 3.859711 -0.142405 -1.191975 -0.504590 0.047914 -1.429174
    6 1.312555 -0.000002 0.000000 0.011122 0.007490 -0.194562
    7 0.729363 -0.000002 -0.000002 -0.070385 -0.048873 -0.608491
    8 3.942337 0.046767 -0.431443 -0.148712 -0.029130 -1.299397
    9 1.539097 0.000000 0.000000 0.001977 -0.004183 -0.381435
    10 1.196325 -0.000002 -0.000001 0.000372 0.000036 -0.608396
    11 3.883698 -0.046765 0.431443 0.089174 -0.017789 -0.893346
    12 1.719570 -0.000004 -0.000001 0.028260 -0.032355 -1.007102
    13 1.209169 -0.000004 0.000000 0.004530 0.002545 -0.250147
    14 3.859863 -0.137946 1.332466 0.383456 0.020982 -0.993125
    15 1.719431 0.000002 0.000000 0.065903 -0.053020 -0.790855
    16 1.099667 0.000000 -0.000001 0.006436 0.001350 -0.309893
    17 0.806053 -0.348926 1.321258 -1.303853 -0.929109 -0.666403
    18 1.789778 -0.000002 0.000002 0.029482 0.109431 0.439685
    19 1.207005 0.000000 0.000002 -0.010642 0.004458 0.983571
    20 0.193456 -5.858812 -4.773634 -1.668474 1.286518 2.942953
    21 6.028145 0.000000 0.000000 1.289597 0.521524 -1.209002
    22 11.692554 0.000001 0.000002 0.000000 0.000000 -1.572918
    23 11.481699 0.000001 0.000001 -1.356012 0.169362 0.379885
    24 3.859680 -0.132567 1.193109 0.566835 -0.060499 -1.408452
    25 1.312555 -0.000002 0.000002 0.072278 -0.157178 -0.656760
    26 0.729365 0.000000 -0.000001 -0.023337 -0.412078 -1.179798
    27 3.942307 0.050327 0.431044 0.084248 -0.015146 -1.280306
    28 1.539099 -0.000002 0.000000 0.028455 -0.017392 -0.998558
    29 1.196321 0.000010 0.000000 -0.000519 0.009342 -1.131088
    30 3.883659 -0.050321 -0.431042 -0.047599 -0.027561 -1.047376
    31 1.719578 0.000002 0.000000 0.011337 0.002093 -1.500326
    32 1.209185 0.000002 0.000000 0.001786 -0.003742 -0.451851
    33 3.859840 -0.148937 -1.331282 -0.296390 0.195349 -0.060075
    34 1.719421 0.000002 0.000000 0.000947 -0.015206 -0.727822
    35 1.099669 0.000002 -0.000001 0.001685 0.001741 -0.527276
    36 0.951660 -1.145508 -1.398438 0.946433 0.322046 -0.595038
    37 1.789782 0.000000 -0.000004 -0.002343 -0.058956 0.305325
    38 1.206999 0.000002 0.000000 0.005395 -0.004414 0.894106
    39 -5.076810 -14.992581 -2.127214 1.258743 0.034907 0.048132
    40 0.025545 -1.273521 1.753304 0.000000 0.000000 0.000000
    41 0.001032 1.440453 -1.526783 0.000000 0.000000 0.000000
    42 0.004413 0.696487 -1.430595 0.000000 0.000000 0.000000
    43 0.580660 0.349014 -1.430595 0.000000 0.000000 0.000000
    44 0.583444 -0.305904 -1.430599 0.000000 0.000000 0.000000
    45 0.005318 -0.648720 -1.430599 0.000000 0.000000 0.000000
    46 -0.574618 -0.303123 -1.430601 0.000000 0.000000 0.000000
    47 -0.573714 0.348118 -1.430595 0.000000 0.000000 0.000000
    48 -0.029968 -0.059296 1.773438 -1.561870 -0.003783 0.018306
    49 0.041163 0.095589 -2.899426 -0.781108 -0.013985 0.002645
    50 0.081115 -2.496311 -0.915165 0.000000 0.000000 0.000000
    51 4.863281 2.800781 -18.203125 1.570792 0.000003 -0.000003
  time 231
    0 0.000000 -0.000006 0.000000 -1.570781 -1.391896 -1.570809
    1 1.208984 -4.433594 3.550781 1.596637 -1.286515 2.942961
    2 6.028141 0.000000 0.000000 -0.732174 -0.485182 -1.788910
    3 11.692554 0.000001 0.000000 -0.000012 0.000036 -1.011421
    4 11.481670 0.000001 -0.000031 1.150747 -0.549867 0.207842
    5 3.859711 -0.142405 -1.191975 -0.504590 0.047914 -1.429174
    6 1.312555 -0.000002 0.000000 0.011122 0.007490 -0.194562
    7 0.729363 -0.000002 -0.000002 -0.070385 -0.048873 -0.608491
    8 3.942337 0.046767 -0.431443 -0.148712 -0.029130 -1.299397
    9 1.539097 0.000000 0.000000 0.001977 -0.004183 -0.381435
    10 1.196325 -0.000002 -0.000001 0.000372 0.000036 -0.608396
    11 3.883698 -0.046765 0.431443 0.089174 -0.017789 -0.893346
    12 1.719570 -0.000004 -0.000001 0.028260 -0.032355 -1.007102
    13 1.209169 -0.000004 0.000000 0.004530 0.002545 -0.250147
    14 3.859863 -0.137946 1.332466 0.383456 0.020982 -0.993125
    15 1.719431 0.000002 0.000000 0.065903 -0.053020 -0.790855
    16 1.099667 0.000000 -0.000001 0.006436 0.001350 -0.309893
    17 0.806053 -0.348926 1.321258 -1.303853 -0.929124 -0.666403
    18 1.789778 -0.000002 0.000002 0.029482 0.109431 0.439685
    19 1.207005 0.000000 0.000002 -0.010642 0.004458 0.983571
    20 0.193456 -5.858812 -4.773634 -1.668474 1.286518 2.942953
    21 6.028145 0.000000 0.000000 1.276376 0.514080 -1.212953
    22 11.692554 0.000001 0.000002 0.000000 0.000000 -1.581711
    23 11.481699 0.000001 0.000001 -1.364875 0.185267 0.412858
    24 3.859680 -0.132567 1.193109 0.566835 -0.060499 -1.408425
    25 1.312555 -0.000002 0.000002 0.072278 -0.157178 -0.656760
    26 0.729365 0.000000 -0.000001 -0.023337 -0.412078 -1.179798
    27 3.942307 0.050327 0.431044 0.084248 -0.015146 -1.280306
    28 1.539099 -0.000002 0.000000 0.028455 -0.017392 -0.998558
    29 1.196321 0.000010 0.000000 -0.000519 0.009342 -1.131088
    30 3.883659 -0.050321 -0.431042 -0.047599 -0.027561 -1.047376
    31 1.719578 0.000002 0.000000 0.011337 0.002093 -1.500326
    32 1.209185 0.000002 0.000000 0.001786 -0.003730 -0.451851
    33 3.859840 -0.148937 -1.331282 -0.296390 0.195349 -0.060075
    34 1.719421 0.000002 0.000000 0.000947 -0.015206 -0.727822
    35 1.099669 0.000002 -0.000001 0.001685 0.001741 -0.527276
    36 0.951660 -1.145508 -1.398438 0.946433 0.322046 -0.595038
    37 1.789782 0.000000 -0.000004 -0.002343 -0.058956 0.305325
    38 1.206999 0.000002 0.000000 0.005395 -0.004414 0.894106
    39 -4.904930 -14.996487 -2.361596 1.286404 0.050360 0.039700
    40 0.025545 -1.273521 1.753304 0.000000 0.000000 0.000000
    41 0.001032 1.440453 -1.526783 0.000000 0.000000 0.000000
    42 0.004413 0.696487 -1.430595 0.000000 0.000000 0.000000
    43 0.580660 0.349014 -1.430595 0.000000 0.000000 0.000000
    44 0.583444 -0.305904 -1.430599 0.000000 0.000000 0.000000
    45 0.005318 -0.648720 -1.430599 0.000000 0.000000 0.000000
    46 -0.574618 -0.303123 -1.430601 0.000000 0.000000 0.000000
    47 -0.573714 0.348118 -1.430595 0.000000 0.000000 0.000000
    48 -0.029968 -0.059296 1.773438 -1.561870 -0.003783 0.018306
    49 0.041163 0.095589 -2.899426 -0.781108 -0.013985 0.002645
    50 0.081115 -2.496311 -0.915165 0.000000 0.000000 0.000000
    51 4.863281 2.800781 -18.203125 1.570792 0.000003 -0.000003
  time 232
    0 0.000000 -0.000006 0.000000 -1.570781 -1.391896 -1.570809
    1 1.208984 -4.433594 3.550781 1.596637 -1.286515 2.942961
    2 6.028141 0.000000 0.000000 -0.740439 -0.473421 -1.772648
    3 11.692554 0.000001 0.000000 -0.000024 0.000036 -1.032166
    4 11.481670 0.000001 -0.000031 1.117557 -0.536546 0.237019
    5 3.859711 -0.142405 -1.191975 -0.504590 0.047914 -1.429174
    6 1.312555 -0.000002 0.000000 0.011122 0.007490 -0.194562
    7 0.729363 -0.000002 -0.000002 -0.070385 -0.048873 -0.608491
    8 3.942337 0.046767 -0.431443 -0.148712 -0.029130 -1.299397
    9 1.539097 0.000000 0.000000 0.001977 -0.004183 -0.381435
    10 1.196325 -0.000002 -0.000001 0.000372 0.000036 -0.608396
    11 3.883698 -0.046765 0.431443 0.089174 -0.017789 -0.893346
    12 1.719570 -0.000004 -0.000001 0.028260 -0.032355 -1.007102
    13 1.209169 -0.000004 0.000000 0.004530 0.002545 -0.250147
    14 3.859863 -0.137946 1.332466 0.383456 0.020982 -0.993125
    15 1.719431 0.000002 0.000000 0.065903 -0.053020 -0.790855
    16 1.099667 0.000000 -0.000001 0.006436 0.001350 -0.309893
    17 0.806053 -0.348926 1.321258 -1.303853 -0.929124 -0.666403
    18 1.789778 -0.000002 0.000002 0.029482 0.109431 0.439685
    19 1.207005 0.000000 0.000002 -0.010642 0.004458 0.983571
    20 0.193456 -5.858812 -4.773634 -1.668474 1.286518 2.942953
    21 6.028145 0.000000 0.000000 1.263442 0.507399 -1.216716
    22 11.692554 0.000001 0.000002 0.000000 0.000000 -1.589986
    23 11.481699 0.000001 0.000001 -1.371819 0.200956 0.445831
    24 3.859680 -0.132567 1.193109 0.566835 -0.060499 -1.408425
    25 1.312555 -0.000002 0.000002 0.072278 -0.157178 -0.656760
    26 0.729365 0.000000 -0.000001 -0.023337 -0.412078 -1.179798
    27 3.942307 0.050327 0.431044 0.084248 -0.015146 -1.280306
    28 1.539099 -0.000002 0.000000 0.028455 -0.017392 -0.998558
    29 1.196321 0.000010 0.000000 -0.000519 0.009342 -1.131088
    30 3.883659 -0.050321 -0.431042 -0.047599 -0.027561 -1.047376
    31 1.719578 0.000002 0.000000 0.011337 0.002093 -1.500326
    32 1.209185 0.000002 0.000000 0.001786 -0.003742 -0.451851
    33 3.859840 -0.148937 -1.331282 -0.296390 0.195349 -0.060075
    34 1.719421 0.000002 0.000000 0.000947 -0.015206 -0.727822
    35 1.099669 0.000002 -0.000001 0.001685 0.001741 -0.527276
    36 0.951660 -1.145508 -1.398438 0.946433 0.322046 -0.595038
    37 1.789782 0.000000 -0.000004 -0.002343 -0.058956 0.305325
    38 1.206999 0.000002 0.000000 0.005395 -0.004414 0.894106
    39 -4.748675 -15.000394 -2.588166 1.313683 0.064885 0.031876
    40 0.025545 -1.273521 1.753304 0.000000 0.000000 0.000000
    41 0.001032 1.440453 -1.526783 0.000000 0.000000 0.000000
    42 0.004413 0.696487 -1.430595 0.000000 0.000000 0.000000
    43 0.580660 0.349014 -1.430595 0.000000 0.000000 0.000000
    44 0.583444 -0.305904 -1.430599 0.000000 0.000000 0.000000
    45 0.005318 -0.648720 -1.430599 0.000000 0.000000 0.000000
    46 -0.574618 -0.303123 -1.430601 0.000000 0.000000 0.000000
    47 -0.573714 0.348118 -1.430595 0.000000 0.000000 0.000000
    48 -0.029968 -0.059296 1.773438 -1.561870 -0.003783 0.018306
    49 0.041163 0.095589 -2.899426 -0.781108 -0.013985 0.002645
    50 0.081115 -2.496311 -0.915165 0.000000 0.000000 0.000000
    51 4.863281 2.800781 -18.203125 1.570792 0.000003 -0.000003
  time 233
    0 0.000000 -0.000006 0.000000 -1.570781 -1.391896 -1.570809
    1 1.208984 -4.433594 3.550781 1.596637 -1.286515 2.942961
    2 6.028141 0.000000 0.000000 -0.747866 -0.462349 -1.757765
    3 11.692554 0.000001 0.000000 -0.000024 0.000036 -1.051729
    4 11.481670 0.000001 -0.000031 1.086580 -0.523129 0.265554
    5 3.859711 -0.142405 -1.191975 -0.504590 0.047914 -1.429174
    6 1.312555 -0.000002 0.000000 0.011122 0.007490 -0.194562
    7 0.729363 -0.000002 -0.000002 -0.070385 -0.048873 -0.608491
    8 3.942337 0.046767 -0.431443 -0.148712 -0.029130 -1.299397
    9 1.539097 0.000000 0.000000 0.001977 -0.004183 -0.381435
    10 1.196325 -0.000002 -0.000001 0.000372 0.000036 -0.608396
    11 3.883698 -0.046765 0.431443 0.089174 -0.017789 -0.893346
    12 1.719570 -0.000004 -0.000001 0.028260 -0.032355 -1.007102
    13 1.209169 -0.000004 0.000000 0.004530 0.002545 -0.250147
    14 3.859863 -0.137946 1.332466 0.383456 0.020982 -0.993125
    15 1.719431 0.000002 0.000000 0.065903 -0.053020 -0.790855
    16 1.099667 0.000000 -0.000001 0.006436 0.001350 -0.309893
    17 0.806053 -0.348926 1.321258 -1.303853 -0.929124 -0.666403
    18 1.789778 -0.000002 0.000002 0.029482 0.109431 0.439685
    19 1.207005 0.000000 0.000002 -0.010642 0.004458 0.983571
    20 0.193456 -5.858812 -4.773634 -1.668474 1.286518 2.942953
    21 6.028145 0.000000 0.000000 1.251179 0.501530 -1.220385
    22 11.692554 0.000001 0.000002 0.000000 0.000000 -1.597818
    23 11.481699 0.000001 0.000001 -1.376843 0.215955 0.478609
    24 3.859680 -0.132567 1.193109 0.566835 -0.060499 -1.408425
    25 1.312555 -0.000002 0.000002 0.072278 -0.157178 -0.656760
    26 0.729365 0.000000 -0.000001 -0.023337 -0.412078 -1.179798
    27 3.942307 0.050327 0.431044 0.084248 -0.015146 -1.280306
    28 1.539099 -0.000002 0.000000 0.028455 -0.017392 -0.998558
    29 1.196321 0.000010 0.000000 -0.000519 0.009342 -1.131088
    30 3.883659 -0.050321 -0.431042 -0.047599 -0.027561 -1.047376
    31 1.719578 0.000002 0.000000 0.011337 0.002093 -1.500326
    32 1.209185 0.000002 0.000000 0.001786 -0.003742 -0.451851
    33 3.859840 -0.148937 -1.331282 -0.296390 0.195349 -0.060075
    34 1.719421 0.000002 0.000000 0.000947 -0.015206 -0.727822
    35 1.099669 0.000002 -0.000001 0.001685 0.001741 -0.527276
    36 0.951660 -1.145508 -1.398438 0.946433 0.322046 -0.595038
    37 1.789782 0.000000 -0.000004 -0.002343 -0.058956 0.305325
    38 1.206999 0.000002 0.000000 0.005395 -0.004414 0.894106
    39 -4.604140 -15.004300 -2.803016 1.340483 0.078296 0.024747
    40 0.025545 -1.273521 1.753304 0.000000 0.000000 0.000000
    41 0.001032 1.440453 -1.526783 0.000000 0.000000 0.000000
    42 0.004413 0.696487 -1.430595 0.000000 0.000000 0.000000
    43 0.580660 0.349014 -1.430595 0.000000 0.000000 0.000000
    44 0.583444 -0.305904 -1.430599 0.000000 0.000000 0.000000
    45 0.005318 -0.648720 -1.430599 0.000000 0.000000 0.000000
    46 -0.574618 -0.303123 -1.430601 0.000000 0.000000 0.000000
    47 -0.573714 0.348118 -1.430595 0.000000 0.000000 0.000000
    48 -0.029968 -0.059296 1.773438 -1.561870 -0.003783 0.018306
    49 0.041163 0.095589 -2.899426 -0.781108 -0.013985 0.002645
    50 0.081115 -2.496311 -0.915165 0.000000 0.000000 0.000000
    51 4.863281 2.800781 -18.203125 1.570792 0.000003 -0.000003
  time 234
    0 0.000000 -0.000006 0.000000 -1.570781 -1.391896 -1.570809
    1 1.208984 -4.433594 3.550781 1.596637 -1.286515 2.942961
    2 6.028141 0.000000 0.000000 -0.754379 -0.451920 -1.744308
    3 11.692554 0.000001 0.000000 -0.000024 0.000036 -1.070242
    4 11.481670 0.000001 -0.000031 1.057630 -0.510001 0.293519
    5 3.859711 -0.142405 -1.191975 -0.504590 0.047914 -1.429174
    6 1.312555 -0.000002 0.000000 0.011122 0.007490 -0.194562
    7 0.729363 -0.000002 -0.000002 -0.070385 -0.048873 -0.608491
    8 3.942337 0.046767 -0.431443 -0.148712 -0.029130 -1.299397
    9 1.539097 0.000000 0.000000 0.001977 -0.004183 -0.381435
    10 1.196325 -0.000002 -0.000001 0.000372 0.000036 -0.608396
    11 3.883698 -0.046765 0.431443 0.089174 -0.017789 -0.893346
    12 1.719570 -0.000004 -0.000001 0.028260 -0.032355 -1.007102
    13 1.209169 -0.000004 0.000000 0.004530 0.002545 -0.250147
    14 3.859863 -0.137946 1.332466 0.383456 0.020982 -0.993125
    15 1.719431 0.000002 0.000000 0.065903 -0.053020 -0.790855
    16 1.099667 0.000000 -0.000001 0.006436 0.001350 -0.309893
    17 0.806053 -0.348926 1.321258 -1.303853 -0.929124 -0.666403
    18 1.789778 -0.000002 0.000002 0.029482 0.109431 0.439685
    19 1.207005 0.000000 0.000002 -0.010642 0.004458 0.983571
    20 0.193456 -5.858812 -4.773634 -1.668474 1.286518 2.942953
    21 6.028145 0.000000 0.000000 1.239874 0.496329 -1.223678
    22 11.692554 0.000001 0.000002 0.000000 0.000000 -1.605281
    23 11.481699 0.000001 0.000001 -1.379948 0.229791 0.511097
    24 3.859680 -0.132567 1.193109 0.566835 -0.060499 -1.408452
    25 1.312555 -0.000002 0.000002 0.072278 -0.157178 -0.656760
    26 0.729365 0.000000 -0.000001 -0.023337 -0.412078 -1.179798
    27 3.942307 0.050327 0.431044 0.084248 -0.015146 -1.280306
    28 1.539099 -0.000002 0.000000 0.028455 -0.017392 -0.998558
    29 1.196321 0.000010 0.000000 -0.000519 0.009342 -1.131088
    30 3.883659 -0.050321 -0.431042 -0.047599 -0.027561 -1.047376
    31 1.719578 0.000002 0.000000 0.011337 0.002093 -1.500326
    32 1.209185 0.000002 0.000000 0.001786 -0.003742 -0.451851
    33 3.859840 -0.148937 -1.331282 -0.296390 0.195349 -0.060075
    34 1.719421 0.000002 0.000000 0.000947 -0.015206 -0.727822
    35 1.099669 0.000002 -0.000001 0.001685 0.001741 -0.527276
    36 0.951660 -1.145508 -1.398438 0.946433 0.322046 -0.595038
    37 1.789782 0.000000 -0.000004 -0.002343 -0.058956 0.305325
    38 1.206999 0.000002 0.000000 0.005395 -0.004414 0.894106
    39 -4.475230 -15.008206 -3.006147 1.366613 0.090547 0.018488
    40 0.025545 -1.273521 1.753304 0.000000 0.000000 0.000000
    41 0.001032 1.440453 -1.526783 0.000000 0.000000 0.000000
    42 0.004413 0.696487 -1.430595 0.000000 0.000000 0.000000
    43 0.580660 0.349014 -1.430595 0.000000 0.000000 0.000000
    44 0.583444 -0.305904 -1.430599 0.000000 0.000000 0.000000
    45 0.005318 -0.648720 -1.430599 0.000000 0.000000 0.000000
    46 -0.574618 -0.303123 -1.430601 0.000000 0.000000 0.000000
    47 -0.573714 0.348118 -1.430595 0.000000 0.000000 0.000000
    48 -0.029968 -0.059296 1.773438 -1.561870 -0.003783 0.018306
    49 0.041163 0.095589 -2.899426 -0.781108 -0.013985 0.002645
    50 0.081115 -2.496311 -0.915165 0.000000 0.000000 0.000000
    51 4.863281 2.800781 -18.203125 1.570792 0.000003 -0.000003
  time 235
    0 0.000000 -0.000006 0.000000 -1.570781 -1.391896 -1.570809
    1 1.208984 -4.433594 3.550781 1.596637 -1.286515 2.942961
    2 6.028141 0.000000 0.000000 -0.759863 -0.442226 -1.732373
    3 11.692554 0.000001 0.000000 -0.000024 0.000036 -1.087573
    4 11.481670 0.000001 -0.000031 1.030894 -0.497549 0.320841
    5 3.859711 -0.142405 -1.191975 -0.504590 0.047914 -1.429174
    6 1.312555 -0.000002 0.000000 0.011122 0.007490 -0.194562
    7 0.729363 -0.000002 -0.000002 -0.070385 -0.048873 -0.608491
    8 3.942337 0.046767 -0.431443 -0.148712 -0.029130 -1.299397
    9 1.539097 0.000000 0.000000 0.001977 -0.004183 -0.381435
    10 1.196325 -0.000002 -0.000001 0.000372 0.000036 -0.608396
    11 3.883698 -0.046765 0.431443 0.089174 -0.017789 -0.893346
    12 1.719570 -0.000004 -0.000001 0.028260 -0.032355 -1.007102
    13 1.209169 -0.000004 0.000000 0.004530 0.002545 -0.250147
    14 3.859863 -0.137946 1.332466 0.383456 0.020982 -0.993125
    15 1.719431 0.000002 0.000000 0.065903 -0.053020 -0.790855
    16 1.099667 0.000000 -0.000001 0.006436 0.001350 -0.309893
    17 0.806053 -0.348926 1.321258 -1.303853 -0.929124 -0.666403
    18 1.789778 -0.000002 0.000002 0.029482 0.109431 0.439685
    19 1.207005 0.000000 0.000002 -0.010642 0.004458 0.983571
    20 0.193456 -5.858812 -4.773634 -1.668474 1.286518 2.942953
    21 6.028145 0.000000 0.000000 1.229718 0.491795 -1.226595
    22 11.692554 0.000001 0.000002 0.000000 0.000000 -1.612522
    23 11.481699 0.000001 0.000001 -1.381246 0.242032 0.543100
    24 3.859680 -0.132567 1.193109 0.566835 -0.060499 -1.408425
    25 1.312555 -0.000002 0.000002 0.072278 -0.157178 -0.656760
    26 0.729365 0.000000 -0.000001 -0.023337 -0.412078 -1.179798
    27 3.942307 0.050327 0.431044 0.084248 -0.015146 -1.280306
    28 1.539099 -0.000002 0.000000 0.028455 -0.017392 -0.998558
    29 1.196321 0.000010 0.000000 -0.000519 0.009342 -1.131088
    30 3.883659 -0.050321 -0.431042 -0.047599 -0.027561 -1.047376
    31 1.719578 0.000002 0.000000 0.011337 0.002093 -1.500326
    32 1.209185 0.000002 0.000000 0.001786 -0.003742 -0.451851
    33 3.859840 -0.148937 -1.331282 -0.296390 0.195349 -0.060075
    34 1.719421 0.000002 0.000000 0.000947 -0.015206 -0.727822
    35 1.099669 0.000002 -0.000001 0.001685 0.001741 -0.527276
    36 0.951660 -1.145508 -1.398438 0.946433 0.322046 -0.595038
    37 1.789782 0.000000 -0.000004 -0.002343 -0.058956 0.305325
    38 1.206999 0.000002 0.000000 0.005395 -0.004414 0.894106
    39 -4.365851 -15.012113 -3.193653 1.392169 0.101498 0.013011
    40 0.025545 -1.273521 1.753304 0.000000 0.000000 0.000000
    41 0.001032 1.440453 -1.526783 0.000000 0.000000 0.000000
    42 0.004413 0.696487 -1.430595 0.000000 0.000000 0.000000
    43 0.580660 0.349014 -1.430595 0.000000 0.000000 0.000000
    44 0.583444 -0.305904 -1.430599 0.000000 0.000000 0.000000
    45 0.005318 -0.648720 -1.430599 0.000000 0.000000 0.000000
    46 -0.574618 -0.303123 -1.430601 0.000000 0.000000 0.000000
    47 -0.573714 0.348118 -1.430595 0.000000 0.000000 0.000000
    48 -0.029968 -0.059296 1.773438 -1.561870 -0.003783 0.018306
    49 0.041163 0.095589 -2.899426 -0.781108 -0.013985 0.002645
    50 0.081115 -2.496311 -0.915165 0.000000 0.000000 0.000000
    51 4.863281 2.800781 -18.203125 1.570792 0.000003 -0.000003
  time 236
    0 0.000000 -0.000006 0.000000 -1.570781 -1.391896 -1.570809
    1 1.208984 -4.433594 3.550781 1.596637 -1.286515 2.942961
    2 6.028141 0.000000 0.000000 -0.764205 -0.433405 -1.722149
    3 11.692554 0.000001 0.000000 -0.000024 0.000036 -1.103591
    4 11.481670 0.000001 -0.000031 1.006278 -0.486207 0.347735
    5 3.859711 -0.142405 -1.191975 -0.504590 0.047914 -1.429174
    6 1.312555 -0.000002 0.000000 0.011122 0.007490 -0.194562
    7 0.729363 -0.000002 -0.000002 -0.070385 -0.048873 -0.608491
    8 3.942337 0.046767 -0.431443 -0.148712 -0.029130 -1.299397
    9 1.539097 0.000000 0.000000 0.001977 -0.004183 -0.381435
    10 1.196325 -0.000002 -0.000001 0.000372 0.000036 -0.608396
    11 3.883698 -0.046765 0.431443 0.089174 -0.017789 -0.893346
    12 1.719570 -0.000004 -0.000001 0.028260 -0.032355 -1.007102
    13 1.209169 -0.000004 0.000000 0.004530 0.002545 -0.250147
    14 3.859863 -0.137946 1.332466 0.383456 0.020982 -0.993125
    15 1.719431 0.000002 0.000000 0.065903 -0.053020 -0.790855
    16 1.099667 0.000000 -0.000001 0.006436 0.001350 -0.309893
    17 0.806053 -0.348926 1.321258 -1.303853 -0.929124 -0.666403
    18 1.789778 -0.000002 0.000002 0.029482 0.109431 0.439685
    19 1.207005 0.000000 0.000002 -0.010642 0.004458 0.983571
    20 0.193456 -5.858812 -4.773634 -1.668474 1.286518 2.942953
    21 6.028145 0.000000 0.000000 1.221096 0.487882 -1.229041
    22 11.692554 0.000001 0.000002 0.000000 0.000000 -1.619689
    23 11.481699 0.000001 0.000001 -1.380851 0.252118 0.574618
    24 3.859680 -0.132567 1.193109 0.566835 -0.060499 -1.408425
    25 1.312555 -0.000002 0.000002 0.072278 -0.157178 -0.656760
    26 0.729365 0.000000 -0.000001 -0.023337 -0.412078 -1.179798
    27 3.942307 0.050327 0.431044 0.084248 -0.015146 -1.280306
    28 1.539099 -0.000002 0.000000 0.028455 -0.017392 -0.998558
    29 1.196321 0.000010 0.000000 -0.000519 0.009342 -1.131088
    30 3.883659 -0.050321 -0.431042 -0.047599 -0.027561 -1.047376
    31 1.719578 0.000002 0.000000 0.011337 0.002093 -1.500326
    32 1.209185 0.000002 0.000000 0.001786 -0.003742 -0.451851
    33 3.859840 -0.148937 -1.331282 -0.296390 0.195349 -0.060075
    34 1.719421 0.000002 0.000000 0.000947 -0.015206 -0.727822
    35 1.099669 0.000002 -0.000001 0.001685 0.001741 -0.527276
    36 0.951660 -1.145508 -1.398438 0.946433 0.322046 -0.595038
    37 1.789782 0.000000 -0.000004 -0.002343 -0.058956 0.305325
    38 1.206999 0.000002 0.000000 0.005395 -0.004414 0.894106
    39 -4.279911 -15.016019 -3.365533 1.416863 0.110965 0.008664
    40 0.025545 -1.273521 1.753304 0.000000 0.000000 0.000000
    41 0.001032 1.440453 -1.526783 0.000000 0.000000 0.000000
    42 0.004413 0.696487 -1.430595 0.000000 0.000000 0.000000
    43 0.580660 0.349014 -1.430595 0.000000 0.000000 0.000000
    44 0.583444 -0.305904 -1.430599 0.000000 0.000000 0.000000
    45 0.005318 -0.648720 -1.430599 0.000000 0.000000 0.000000
    46 -0.574618 -0.303123 -1.430601 0.000000 0.000000 0.000000
    47 -0.573714 0.348118 -1.430595 0.000000 0.000000 0.000000
    48 -0.029968 -0.059296 1.773438 -1.561870 -0.003783 0.018306
    49 0.041163 0.095589 -2.899426 -0.781108 -0.013985 0.002645
    50 0.081115 -2.496311 -0.915165 0.000000 0.000000 0.000000
    51 4.863281 2.800781 -18.203125 1.570792 0.000003 -0.000003
  time 237
    0 0.000000 -0.000006 0.000000 -1.570781 -1.391896 -1.570809
    1 1.208984 -4.433594 3.550781 1.596637 -1.286515 2.942961
    2 6.028141 0.000000 0.000000 -0.767252 -0.425502 -1.713781
    3 11.692554 0.000001 0.000000 -0.000024 0.000036 -1.118165
    4 11.481670 0.000001 -0.000031 0.983967 -0.476361 0.374344
    5 3.859711 -0.142405 -1.191975 -0.504590 0.047914 -1.429174
    6 1.312555 -0.000002 0.000000 0.011122 0.007490 -0.194562
    7 0.729363 -0.000002 -0.000002 -0.070385 -0.048873 -0.608491
    8 3.942337 0.046767 -0.431443 -0.148712 -0.029130 -1.299397
    9 1.539097 0.000000 0.000000 0.001977 -0.004183 -0.381435
    10 1.196325 -0.000002 -0.000001 0.000372 0.000036 -0.608396
    11 3.883698 -0.046765 0.431443 0.089174 -0.017789 -0.893346
    12 1.719570 -0.000004 -0.000001 0.028260 -0.032355 -1.007102
    13 1.209169 -0.000004 0.000000 0.004530 0.002545 -0.250147
    14 3.859863 -0.137946 1.332466 0.383456 0.020982 -0.993125
    15 1.719431 0.000002 0.000000 0.065903 -0.053020 -0.790855
    16 1.099667 0.000000 -0.000001 0.006436 0.001350 -0.309893
    17 0.806053 -0.348926 1.321258 -1.303853 -0.929124 -0.666403
    18 1.789778 -0.000002 0.000002 0.029482 0.109431 0.439685
    19 1.207005 0.000000 0.000002 -0.010642 0.004458 0.983571
    20 0.193456 -5.858812 -4.773634 -1.668474 1.286518 2.942953
    21 6.028145 0.000000 0.000000 1.214198 0.484494 -1.230922
    22 11.692554 0.000001 0.000002 0.000000 0.000000 -1.626930
    23 11.481699 0.000001 0.000001 -1.378931 0.259661 0.605361
    24 3.859680 -0.132567 1.193109 0.566835 -0.060499 -1.408425
    25 1.312555 -0.000002 0.000002 0.072278 -0.157178 -0.656760
    26 0.729365 0.000000 -0.000001 -0.023337 -0.412078 -1.179798
    27 3.942307 0.050327 0.431044 0.084248 -0.015146 -1.280306
    28 1.539099 -0.000002 0.000000 0.028455 -0.017392 -0.998558
    29 1.196321 0.000010 0.000000 -0.000519 0.009342 -1.131088
    30 3.883659 -0.050321 -0.431042 -0.047599 -0.027561 -1.047376
    31 1.719578 0.000002 0.000000 0.011337 0.002093 -1.500326
    32 1.209185 0.000002 0.000000 0.001786 -0.003730 -0.451851
    33 3.859840 -0.148937 -1.331282 -0.296390 0.195349 -0.060075
    34 1.719421 0.000002 0.000000 0.000947 -0.015206 -0.727822
    35 1.099669 0.000002 -0.000001 0.001685 0.001741 -0.527276
    36 0.951660 -1.145508 -1.398438 0.946433 0.322046 -0.595038
    37 1.789782 0.000000 -0.000004 -0.002343 -0.058956 0.305325
    38 1.206999 0.000002 0.000000 0.005395 -0.004414 0.894106
    39 -4.213503 -15.019925 -3.521788 1.440696 0.118761 0.005361
    40 0.025545 -1.273521 1.753304 0.000000 0.000000 0.000000
    41 0.001032 1.440453 -1.526783 0.000000 0.000000 0.000000
    42 0.004413 0.696487 -1.430595 0.000000 0.000000 0.000000
    43 0.580660 0.349014 -1.430595 0.000000 0.000000 0.000000
    44 0.583444 -0.305904 -1.430599 0.000000 0.000000 0.000000
    45 0.005318 -0.648720 -1.430599 0.000000 0.000000 0.000000
    46 -0.574618 -0.303123 -1.430601 0.000000 0.000000 0.000000
    47 -0.573714 0.348118 -1.430595 0.000000 0.000000 0.000000
    48 -0.029968 -0.059296 1.773438 -1.561870 -0.003783 0.018306
    49 0.041163 0.095589 -2.899426 -0.781108 -0.013985 0.002645
    50 0.081115 -2.496311 -0.915165 0.000000 0.000000 0.000000
    51 4.863281 2.800781 -18.203125 1.570792 0.000003 -0.000003
  time 238
    0 0.000000 -0.000006 0.000000 -1.570781 -1.391896 -1.570809
    1 1.208984 -4.433594 3.550781 1.596637 -1.286515 2.942961
    2 6.028141 0.000000 0.000000 -0.768852 -0.418611 -1.707504
    3 11.692554 0.000001 0.000000 -0.000024 0.000036 -1.131295
    4 11.481670 0.000001 -0.000031 0.963961 -0.468494 0.400739
    5 3.859711 -0.142405 -1.191975 -0.504590 0.047914 -1.429174
    6 1.312555 -0.000002 0.000000 0.011122 0.007490 -0.194562
    7 0.729363 -0.000002 -0.000002 -0.070385 -0.048873 -0.608491
    8 3.942337 0.046767 -0.431443 -0.148712 -0.029130 -1.299397
    9 1.539097 0.000000 0.000000 0.001977 -0.004183 -0.381435
    10 1.196325 -0.000002 -0.000001 0.000372 0.000036 -0.608396
    11 3.883698 -0.046765 0.431443 0.089174 -0.017789 -0.893346
    12 1.719570 -0.000004 -0.000001 0.028260 -0.032355 -1.007102
    13 1.209169 -0.000004 0.000000 0.004530 0.002545 -0.250147
    14 3.859863 -0.137946 1.332466 0.383456 0.020982 -0.993125
    15 1.719431 0.000002 0.000000 0.065903 -0.053020 -0.790855
    16 1.099667 0.000000 -0.000001 0.006436 0.001350 -0.309893
    17 0.806053 -0.348926 1.321258 -1.303853 -0.929124 -0.666403
    18 1.789778 -0.000002 0.000002 0.029482 0.109431 0.439685
    19 1.207005 0.000000 0.000002 -0.010642 0.004458 0.983571
    20 0.193456 -5.858812 -4.773634 -1.668474 1.286518 2.942953
    21 6.028145 0.000000 0.000000 1.209407 0.481631 -1.231957
    22 11.692554 0.000001 0.000002 0.000000 0.000000 -1.634540
    23 11.481699 0.000001 0.000001 -1.375657 0.264143 0.635279
    24 3.859680 -0.132567 1.193109 0.566835 -0.060499 -1.408425
    25 1.312555 -0.000002 0.000002 0.072278 -0.157178 -0.656760
    26 0.729365 0.000000 -0.000001 -0.023337 -0.412078 -1.179798
    27 3.942307 0.050327 0.431044 0.084248 -0.015146 -1.280306
    28 1.539099 -0.000002 0.000000 0.028455 -0.017392 -0.998558
    29 1.196321 0.000010 0.000000 -0.000519 0.009342 -1.131088
    30 3.883659 -0.050321 -0.431042 -0.047599 -0.027561 -1.047376
    31 1.719578 0.000002 0.000000 0.011337 0.002093 -1.500326
    32 1.209185 0.000002 0.000000 0.001786 -0.003742 -0.451851
    33 3.859840 -0.148937 -1.331282 -0.296390 0.195349 -0.060075
    34 1.719421 0.000002 0.000000 0.000947 -0.015206 -0.727822
    35 1.099669 0.000002 -0.000001 0.001685 0.001741 -0.527276
    36 0.951660 -1.145508 -1.398438 0.946433 0.322046 -0.595038
    37 1.789782 0.000000 -0.000004 -0.002343 -0.058956 0.305325
    38 1.206999 0.000002 0.000000 0.005395 -0.004414 0.894106
    39 -4.174439 -15.019925 -3.654604 1.463668 0.124655 0.003274
    40 0.025545 -1.273521 1.753304 0.000000 0.000000 0.000000
    41 0.001032 1.440453 -1.526783 0.000000 0.000000 0.000000
    42 0.004413 0.696487 -1.430595 0.000000 0.000000 0.000000
    43 0.580660 0.349014 -1.430595 0.000000 0.000000 0.000000
    44 0.583444 -0.305904 -1.430599 0.000000 0.000000 0.000000
    45 0.005318 -0.648720 -1.430599 0.000000 0.000000 0.000000
    46 -0.574618 -0.303123 -1.430601 0.000000 0.000000 0.000000
    47 -0.573714 0.348118 -1.430595 0.000000 0.000000 0.000000
    48 -0.029968 -0.059296 1.773438 -1.561870 -0.003783 0.018306
    49 0.041163 0.095589 -2.899426 -0.781108 -0.013985 0.002645
    50 0.081115 -2.496311 -0.915165 0.000000 0.000000 0.000000
    51 4.863281 2.800781 -18.203125 1.570792 0.000003 -0.000003
  time 239
    0 0.000000 -0.000006 0.000000 -1.570781 -1.391896 -1.570809
    1 1.208984 -4.433594 3.550781 1.596637 -1.286515 2.942961
    2 6.028141 0.000000 0.000000 -0.768928 -0.412822 -1.703415
    3 11.692554 0.000001 0.000000 -0.000024 0.000036 -1.142783
    4 11.481670 0.000001 -0.000031 0.946167 -0.463040 0.427277
    5 3.859711 -0.142405 -1.191975 -0.504590 0.047914 -1.429174
    6 1.312555 -0.000002 0.000000 0.011122 0.007490 -0.194562
    7 0.729363 -0.000002 -0.000002 -0.070385 -0.048873 -0.608491
    8 3.942337 0.046767 -0.431443 -0.148712 -0.029130 -1.299397
    9 1.539097 0.000000 0.000000 0.001977 -0.004183 -0.381435
    10 1.196325 -0.000002 -0.000001 0.000372 0.000036 -0.608396
    11 3.883698 -0.046765 0.431443 0.089174 -0.017789 -0.893346
    12 1.719570 -0.000004 -0.000001 0.028260 -0.032355 -1.007102
    13 1.209169 -0.000004 0.000000 0.004530 0.002545 -0.250147
    14 3.859863 -0.137946 1.332466 0.383456 0.020982 -0.993125
    15 1.719431 0.000002 0.000000 0.065903 -0.053020 -0.790855
    16 1.099667 0.000000 -0.000001 0.006436 0.001350 -0.309893
    17 0.806053 -0.348926 1.321258 -1.303853 -0.929124 -0.666403
    18 1.789778 -0.000002 0.000002 0.029482 0.109431 0.439685
    19 1.207005 0.000000 0.000002 -0.010642 0.004458 0.983571
    20 0.193456 -5.858812 -4.773634 -1.668474 1.286518 2.942953
    21 6.028145 0.000000 0.000000 1.207012 0.479197 -1.232145
    22 11.692554 0.000001 0.000002 0.000000 0.000000 -1.642594
    23 11.481699 0.000001 0.000001 -1.371085 0.265092 0.664178
    24 3.859680 -0.132567 1.193109 0.566835 -0.060499 -1.408425
    25 1.312555 -0.000002 0.000002 0.072278 -0.157178 -0.656760
    26 0.729365 0.000000 -0.000001 -0.023337 -0.412078 -1.179798
    27 3.942307 0.050327 0.431044 0.084248 -0.015146 -1.280306
    28 1.539099 -0.000002 0.000000 0.028455 -0.017392 -0.998558
    29 1.196321 0.000010 0.000000 -0.000519 0.009342 -1.131088
    30 3.883659 -0.050321 -0.431042 -0.047599 -0.027561 -1.047376
    31 1.719578 0.000002 0.000000 0.011337 0.002093 -1.500326
    32 1.209185 0.000002 0.000000 0.001786 -0.003730 -0.451851
    33 3.859840 -0.148937 -1.331282 -0.296390 0.195349 -0.060075
    34 1.719421 0.000002 0.000000 0.000947 -0.015206 -0.727822
    35 1.099669 0.000002 -0.000001 0.001685 0.001741 -0.527276
    36 0.951660 -1.145508 -1.398438 0.946433 0.322046 -0.595038
    37 1.789782 0.000000 -0.000004 -0.002343 -0.058956 0.305325
    38 1.206999 0.000002 0.000000 0.005395 -0.004414 0.894106
    39 -4.162720 -15.019925 -3.763983 1.485491 0.128460 0.002579
    40 0.025545 -1.273521 1.753304 0.000000 0.000000 0.000000
    41 0.001032 1.440453 -1.526783 0.000000 0.000000 0.000000
    42 0.004413 0.696487 -1.430595 0.000000 0.000000 0.000000
    43 0.580660 0.349014 -1.430595 0.000000 0.000000 0.000000
    44 0.583444 -0.305904 -1.430599 0.000000 0.000000 0.000000
    45 0.005318 -0.648720 -1.430599 0.000000 0.000000 0.000000
    46 -0.574618 -0.303123 -1.430601 0.000000 0.000000 0.000000
    47 -0.573714 0.348118 -1.430595 0.000000 0.000000 0.000000
    48 -0.029968 -0.059296 1.773438 -1.561870 -0.003783 0.018306
    49 0.041163 0.095589 -2.899426 -0.781108 -0.013985 0.002645
    50 0.081115 -2.496311 -0.915165 0.000000 0.000000 0.000000
    51 4.863281 2.800781 -18.203125 1.570792 0.000003 -0.000003
  time 240
    0 0.000000 -0.000006 0.000000 -1.570781 -1.391896 -1.570809
    1 1.208984 -4.433594 3.550781 1.596637 -1.286515 2.942961
    2 6.028141 0.000000 0.000000 -0.768395 -0.407860 -1.700514
    3 11.692554 0.000001 0.000000 -0.000024 0.000036 -1.154337
    4 11.481670 0.000001 -0.000031 0.931047 -0.458938 0.454528
    5 3.859711 -0.142405 -1.191975 -0.504594 0.047906 -1.429174
    6 1.312555 -0.000002 0.000000 0.011131 0.007501 -0.194554
    7 0.729363 -0.000002 -0.000002 -0.070387 -0.048874 -0.608494
    8 3.942337 0.046767 -0.431443 -0.148705 -0.029138 -1.299410
    9 1.539097 0.000000 0.000000 0.001988 -0.004187 -0.381435
    10 1.196325 -0.000002 -0.000001 0.000381 0.000040 -0.608416
    11 3.883698 -0.046765 0.431443 0.089174 -0.017791 -0.893346
    12 1.719570 -0.000004 -0.000001 0.028262 -0.032356 -1.007121
    13 1.209169 -0.000004 0.000000 0.004530 0.002545 -0.250147
    14 3.859863 -0.137946 1.332466 0.383458 0.020987 -0.993125
    15 1.719431 0.000002 0.000000 0.065902 -0.053028 -0.790855
    16 1.099667 0.000000 -0.000001 0.006436 0.001339 -0.309910
    17 0.806053 -0.348926 1.321258 -1.303853 -0.929109 -0.666403
    18 1.789778 -0.000002 0.000002 0.029484 0.109434 0.439690
    19 1.207005 0.000000 0.000002 -0.010653 0.004467 0.983588
    20 0.192017 -5.855469 -4.773438 -1.668474 1.286518 2.942953
    21 6.028145 0.000000 0.000000 1.205671 0.477527 -1.232145
    22 11.692554 0.000001 0.000002 0.000000 0.000000 -1.650796
    23 11.481699 0.000001 0.000001 -1.364932 0.264014 0.692108
    24 3.859680 -0.132567 1.193109 0.566845 -0.060495 -1.408450
    25 1.312555 -0.000002 0.000002 0.072278 -0.157178 -0.656760
    26 0.729365 0.000000 -0.000001 -0.023337 -0.412078 -1.179798
    27 3.942307 0.050327 0.431044 0.084249 -0.015145 -1.280306
    28 1.539099 -0.000002 0.000000 0.028455 -0.017392 -0.998558
    29 1.196321 0.000010 0.000000 -0.000519 0.009342 -1.131088
    30 3.883659 -0.050321 -0.431042 -0.047599 -0.027561 -1.047376
    31 1.719578 0.000002 0.000000 0.011337 0.002093 -1.500326
    32 1.209185 0.000002 0.000000 0.001786 -0.003742 -0.451851
    33 3.859840 -0.148937 -1.331282 -0.296378 0.195348 -0.060071
    34 1.719421 0.000002 0.000000 0.000954 -0.015214 -0.727850
    35 1.099669 0.000002 -0.000001 0.001685 0.001741 -0.527276
    36 0.951660 -1.145508 -1.398438 0.946433 0.322046 -0.595038
    37 1.789782 0.000000 -0.000004 -0.002343 -0.058956 0.305325
    38 1.206999 0.000002 0.000000 0.005395 -0.004414 0.894106
    39 -4.162720 -15.019925 -3.846016 1.506069 0.129852 0.002579
    40 0.025545 -1.273521 1.753304 0.000000 0.000000 0.000000
    41 0.001032 1.440453 -1.526783 0.000000 0.000000 0.000000
    42 0.004413 0.696487 -1.430595 0.000000 0.000000 0.000000
    43 0.580660 0.349014 -1.430595 0.000000 0.000000 0.000000
    44 0.583444 -0.305904 -1.430599 0.000000 0.000000 0.000000
    45 0.005318 -0.648720 -1.430599 0.000000 0.000000 0.000000
    46 -0.574618 -0.303123 -1.430601 0.000000 0.000000 0.000000
    47 -0.573714 0.348118 -1.430595 0.000000 0.000000 0.000000
    48 -0.029968 -0.059296 1.773438 -1.561870 -0.003783 0.018306
    49 0.041163 0.095589 -2.899426 -0.781108 -0.013985 0.002645
    50 0.081115 -2.496311 -0.915165 0.000000 0.000000 0.000000
    51 4.863281 2.800781 -18.203125 1.570792 0.000003 -0.000003
  time 241
    0 0.000000 -0.000006 0.000000 -1.570781 -1.391896 -1.570809
    1 1.208984 -4.433594 3.550781 1.596637 -1.286515 2.942961
    2 6.028141 0.000000 0.000000 -0.768128 -0.403496 -1.697709
    3 11.692554 0.000001 0.000000 -0.000024 0.000036 -1.167402
    4 11.481670 0.000001 -0.000031 0.918416 -0.455029 0.482635
    5 3.859711 -0.142405 -1.191975 -0.504594 0.047906 -1.429174
    6 1.312555 -0.000002 0.000000 0.011131 0.007501 -0.194554
    7 0.729363 -0.000002 -0.000002 -0.070387 -0.048874 -0.608494
    8 3.942337 0.046767 -0.431443 -0.148705 -0.029138 -1.299410
    9 1.539097 0.000000 0.000000 0.001988 -0.004187 -0.381435
    10 1.196325 -0.000002 -0.000001 0.000381 0.000040 -0.608416
    11 3.883698 -0.046765 0.431443 0.089174 -0.017791 -0.893346
    12 1.719570 -0.000004 -0.000001 0.028262 -0.032356 -1.007121
    13 1.209169 -0.000004 0.000000 0.004530 0.002545 -0.250147
    14 3.859863 -0.137946 1.332466 0.383458 0.020987 -0.993125
    15 1.719431 0.000002 0.000000 0.065902 -0.053028 -0.790855
    16 1.099667 0.000000 -0.000001 0.006436 0.001339 -0.309910
    17 0.806053 -0.348926 1.321258 -1.303853 -0.929124 -0.666403
    18 1.789778 -0.000002 0.000002 0.029484 0.109434 0.439690
    19 1.207005 0.000000 0.000002 -0.010653 0.004467 0.983588
    20 0.192017 -5.855469 -4.773438 -1.668474 1.286518 2.942953
    21 6.028145 0.000000 0.000000 1.204234 0.477050 -1.232616
    22 11.692554 0.000001 0.000002 0.000000 0.000000 -1.658923
    23 11.481699 0.000001 0.000001 -1.357819 0.262592 0.719456
    24 3.859680 -0.132567 1.193109 0.566845 -0.060495 -1.408450
    25 1.312555 -0.000002 0.000002 0.072278 -0.157178 -0.656760
    26 0.729365 0.000000 -0.000001 -0.023337 -0.412078 -1.179798
    27 3.942307 0.050327 0.431044 0.084249 -0.015145 -1.280306
    28 1.539099 -0.000002 0.000000 0.028455 -0.017392 -0.998558
    29 1.196321 0.000010 0.000000 -0.000519 0.009342 -1.131088
    30 3.883659 -0.050321 -0.431042 -0.047599 -0.027561 -1.047376
    31 1.719578 0.000002 0.000000 0.011337 0.002093 -1.500326
    32 1.209185 0.000002 0.000000 0.001786 -0.003730 -0.451851
    33 3.859840 -0.148937 -1.331282 -0.296378 0.195348 -0.060071
    34 1.719421 0.000002 0.000000 0.000954 -0.015214 -0.727850
    35 1.099669 0.000002 -0.000001 0.001685 0.001741 -0.527276
    36 0.951660 -1.145508 -1.398438 0.946433 0.322046 -0.595038
    37 1.789782 0.000000 -0.000004 -0.002343 -0.058956 0.305325
    38 1.206999 0.000002 0.000000 0.005395 -0.004414 0.894106
    39 -4.166626 -15.023832 -3.900706 1.525117 0.129527 0.002579
    40 0.025545 -1.273521 1.753304 0.000000 0.000000 0.000000
    41 0.001032 1.440453 -1.526783 0.000000 0.000000 0.000000
    42 0.004413 0.696487 -1.430595 0.000000 0.000000 0.000000
    43 0.580660 0.349014 -1.430595 0.000000 0.000000 0.000000
    44 0.583444 -0.305904 -1.430599 0.000000 0.000000 0.000000
    45 0.005318 -0.648720 -1.430599 0.000000 0.000000 0.000000
    46 -0.574618 -0.303123 -1.430601 0.000000 0.000000 0.000000
    47 -0.573714 0.348118 -1.430595 0.000000 0.000000 0.000000
    48 -0.029968 -0.059296 1.773438 -1.561870 -0.003783 0.018306
    49 0.041163 0.095589 -2.899426 -0.781108 -0.013985 0.002645
    50 0.081115 -2.496311 -0.915165 0.000000 0.000000 0.000000
    51 4.863281 2.800781 -18.203125 1.570792 0.000003 -0.000003
  time 242
    0 0.000000 -0.000006 0.000000 -1.570781 -1.391896 -1.570809
    1 1.208984 -4.433594 3.550781 1.596637 -1.286515 2.942961
    2 6.028141 0.000000 0.000000 -0.767785 -0.400004 -1.695569
    3 11.692554 0.000001 0.000000 -0.000024 0.000036 -1.181188
    4 11.481670 0.000001 -0.000031 0.907445 -0.451264 0.510742
    5 3.859711 -0.142405 -1.191975 -0.504594 0.047906 -1.429174
    6 1.312555 -0.000002 0.000000 0.011131 0.007501 -0.194554
    7 0.729363 -0.000002 -0.000002 -0.070387 -0.048874 -0.608494
    8 3.942337 0.046767 -0.431443 -0.148705 -0.029138 -1.299410
    9 1.539097 0.000000 0.000000 0.001988 -0.004187 -0.381435
    10 1.196325 -0.000002 -0.000001 0.000381 0.000040 -0.608416
    11 3.883698 -0.046765 0.431443 0.089174 -0.017791 -0.893346
    12 1.719570 -0.000004 -0.000001 0.028262 -0.032356 -1.007121
    13 1.209169 -0.000004 0.000000 0.004530 0.002545 -0.250147
    14 3.859863 -0.137946 1.332466 0.383458 0.020987 -0.993125
    15 1.719431 0.000002 0.000000 0.065902 -0.053028 -0.790855
    16 1.099667 0.000000 -0.000001 0.006436 0.001339 -0.309910
    17 0.806053 -0.348926 1.321258 -1.303853 -0.929124 -0.666403
    18 1.789778 -0.000002 0.000002 0.029484 0.109434 0.439690
    19 1.207005 0.000000 0.000002 -0.010653 0.004467 0.983588
    20 0.192017 -5.855469 -4.773438 -1.668474 1.286518 2.942953
    21 6.028145 0.000000 0.000000 1.203084 0.477957 -1.233368
    22 11.692554 0.000001 0.000002 0.000000 0.000000 -1.667272
    23 11.481699 0.000001 0.000001 -1.350819 0.260738 0.746610
    24 3.859680 -0.132567 1.193109 0.566845 -0.060495 -1.408450
    25 1.312555 -0.000002 0.000002 0.072278 -0.157178 -0.656760
    26 0.729365 0.000000 -0.000001 -0.023337 -0.412078 -1.179798
    27 3.942307 0.050327 0.431044 0.084249 -0.015145 -1.280306
    28 1.539099 -0.000002 0.000000 0.028455 -0.017392 -0.998558
    29 1.196321 0.000010 0.000000 -0.000519 0.009342 -1.131088
    30 3.883659 -0.050321 -0.431042 -0.047599 -0.027561 -1.047376
    31 1.719578 0.000002 0.000000 0.011337 0.002093 -1.500326
    32 1.209185 0.000002 0.000000 0.001786 -0.003742 -0.451851
    33 3.859840 -0.148937 -1.331282 -0.296378 0.195348 -0.060071
    34 1.719421 0.000002 0.000000 0.000954 -0.015214 -0.727850
    35 1.099669 0.000002 -0.000001 0.001685 0.001741 -0.527276
    36 0.951660 -1.145508 -1.398438 0.946433 0.322046 -0.595038
    37 1.789782 0.000000 -0.000004 -0.002343 -0.058956 0.305325
    38 1.206999 0.000002 0.000000 0.005395 -0.004414 0.894106
    39 -4.166626 -15.023832 -3.920237 1.542441 0.128738 0.002579
    40 0.025545 -1.273521 1.753304 0.000000 0.000000 0.000000
    41 0.001032 1.440453 -1.526783 0.000000 0.000000 0.000000
    42 0.004413 0.696487 -1.430595 0.000000 0.000000 0.000000
    43 0.580660 0.349014 -1.430595 0.000000 0.000000 0.000000
    44 0.583444 -0.305904 -1.430599 0.000000 0.000000 0.000000
    45 0.005318 -0.648720 -1.430599 0.000000 0.000000 0.000000
    46 -0.574618 -0.303123 -1.430601 0.000000 0.000000 0.000000
    47 -0.573714 0.348118 -1.430595 0.000000 0.000000 0.000000
    48 -0.029968 -0.059296 1.773438 -1.561870 -0.003783 0.018306
    49 0.041163 0.095589 -2.899426 -0.781108 -0.013985 0.002645
    50 0.081115 -2.496311 -0.915165 0.000000 0.000000 0.000000
    51 4.863281 2.800781 -18.203125 1.570792 0.000003 -0.000003
  time 243
    0 0.000000 -0.000006 0.000000 -1.570781 -1.391896 -1.570809
    1 1.208984 -4.433594 3.550781 1.596637 -1.286515 2.942961
    2 6.028141 0.000000 0.000000 -0.767442 -0.397247 -1.693952
    3 11.692554 0.000001 0.000000 -0.000024 0.000036 -1.194974
    4 11.481670 0.000001 -0.000031 0.898134 -0.447837 0.537993
    5 3.859711 -0.142405 -1.191975 -0.504594 0.047906 -1.429174
    6 1.312555 -0.000002 0.000000 0.011131 0.007501 -0.194554
    7 0.729363 -0.000002 -0.000002 -0.070387 -0.048874 -0.608494
    8 3.942337 0.046767 -0.431443 -0.148705 -0.029138 -1.299410
    9 1.539097 0.000000 0.000000 0.001988 -0.004187 -0.381435
    10 1.196325 -0.000002 -0.000001 0.000381 0.000040 -0.608416
    11 3.883698 -0.046765 0.431443 0.089174 -0.017791 -0.893346
    12 1.719570 -0.000004 -0.000001 0.028262 -0.032356 -1.007121
    13 1.209169 -0.000004 0.000000 0.004530 0.002545 -0.250147
    14 3.859863 -0.137946 1.332466 0.383458 0.020987 -0.993125
    15 1.719431 0.000002 0.000000 0.065902 -0.053028 -0.790855
    16 1.099667 0.000000 -0.000001 0.006436 0.001339 -0.309910
    17 0.806053 -0.348926 1.321258 -1.303853 -0.929109 -0.666403
    18 1.789778 -0.000002 0.000002 0.029484 0.109434 0.439690
    19 1.207005 0.000000 0.000002 -0.010653 0.004467 0.983588
    20 0.192017 -5.855469 -4.773438 -1.668474 1.286518 2.942953
    21 6.028145 0.000000 0.000000 1.202126 0.479770 -1.234497
    22 11.692554 0.000001 0.000002 0.000000 0.000000 -1.675400
    23 11.481699 0.000001 0.000001 -1.344101 0.258626 0.772504
    24 3.859680 -0.132567 1.193109 0.566845 -0.060495 -1.408450
    25 1.312555 -0.000002 0.000002 0.072278 -0.157178 -0.656760
    26 0.729365 0.000000 -0.000001 -0.023337 -0.412078 -1.179798
    27 3.942307 0.050327 0.431044 0.084249 -0.015145 -1.280306
    28 1.539099 -0.000002 0.000000 0.028455 -0.017392 -0.998558
    29 1.196321 0.000010 0.000000 -0.000519 0.009342 -1.131088
    30 3.883659 -0.050321 -0.431042 -0.047599 -0.027561 -1.047376
    31 1.719578 0.000002 0.000000 0.011337 0.002093 -1.500326
    32 1.209185 0.000002 0.000000 0.001786 -0.003742 -0.451851
    33 3.859840 -0.148937 -1.331282 -0.296378 0.195348 -0.060071
    34 1.719421 0.000002 0.000000 0.000954 -0.015214 -0.727850
    35 1.099669 0.000002 -0.000001 0.001685 0.001741 -0.527276
    36 0.951660 -1.145508 -1.398438 0.946433 0.322046 -0.595038
    37 1.789782 0.000000 -0.000004 -0.002343 -0.058956 0.305325
    38 1.206999 0.000002 0.000000 0.005395 -0.004414 0.894106
    39 -4.166626 -15.023832 -3.912425 1.558042 0.127392 0.002579
    40 0.025545 -1.273521 1.753304 0.000000 0.000000 0.000000
    41 0.001032 1.440453 -1.526783 0.000000 0.000000 0.000000
    42 0.004413 0.696487 -1.430595 0.000000 0.000000 0.000000
    43 0.580660 0.349014 -1.430595 0.000000 0.000000 0.000000
    44 0.583444 -0.305904 -1.430599 0.000000 0.000000 0.000000
    45 0.005318 -0.648720 -1.430599 0.000000 0.000000 0.000000
    46 -0.574618 -0.303123 -1.430601 0.000000 0.000000 0.000000
    47 -0.573714 0.348118 -1.430595 0.000000 0.000000 0.000000
    48 -0.029968 -0.059296 1.773438 -1.561870 -0.003783 0.018306
    49 0.041163 0.095589 -2.899426 -0.781108 -0.013985 0.002645
    50 0.081115 -2.496311 -0.915165 0.000000 0.000000 0.000000
    51 4.863281 2.800781 -18.203125 1.570792 0.000003 -0.000003
  time 244
    0 0.000000 -0.000006 0.000000 -1.570781 -1.391896 -1.570809
    1 1.208984 -4.433594 3.550781 1.596637 -1.286515 2.942961
    2 6.028141 0.000000 0.000000 -0.767176 -0.395088 -1.692716
    3 11.692554 0.000001 0.000000 -0.000024 0.000036 -1.207841
    4 11.481670 0.000001 -0.000031 0.890481 -0.444797 0.563033
    5 3.859711 -0.142405 -1.191975 -0.504594 0.047906 -1.429174
    6 1.312555 -0.000002 0.000000 0.011131 0.007501 -0.194554
    7 0.729363 -0.000002 -0.000002 -0.070387 -0.048874 -0.608494
    8 3.942337 0.046767 -0.431443 -0.148705 -0.029138 -1.299410
    9 1.539097 0.000000 0.000000 0.001988 -0.004187 -0.381435
    10 1.196325 -0.000002 -0.000001 0.000381 0.000040 -0.608416
    11 3.883698 -0.046765 0.431443 0.089174 -0.017791 -0.893346
    12 1.719570 -0.000004 -0.000001 0.028262 -0.032356 -1.007121
    13 1.209169 -0.000004 0.000000 0.004530 0.002545 -0.250147
    14 3.859863 -0.137946 1.332466 0.383458 0.020987 -0.993125
    15 1.719431 0.000002 0.000000 0.065902 -0.053028 -0.790855
    16 1.099667 0.000000 -0.000001 0.006436 0.001339 -0.309910
    17 0.806053 -0.348926 1.321258 -1.303853 -0.929124 -0.666403
    18 1.789778 -0.000002 0.000002 0.029484 0.109434 0.439690
    19 1.207005 0.000000 0.000002 -0.010653 0.004467 0.983588
    20 0.192017 -5.855469 -4.773438 -1.668474 1.286518 2.942953
    21 6.028145 0.000000 0.000000 1.201168 0.481965 -1.235626
    22 11.692554 0.000001 0.000002 0.000000 0.000000 -1.682715
    23 11.481699 0.000001 0.000001 -1.337666 0.256428 0.795876
    24 3.859680 -0.132567 1.193109 0.566845 -0.060495 -1.408450
    25 1.312555 -0.000002 0.000002 0.072278 -0.157178 -0.656760
    26 0.729365 0.000000 -0.000001 -0.023337 -0.412078 -1.179798
    27 3.942307 0.050327 0.431044 0.084249 -0.015145 -1.280306
    28 1.539099 -0.000002 0.000000 0.028455 -0.017392 -0.998558
    29 1.196321 0.000010 0.000000 -0.000519 0.009342 -1.131088
    30 3.883659 -0.050321 -0.431042 -0.047599 -0.027561 -1.047376
    31 1.719578 0.000002 0.000000 0.011337 0.002093 -1.500326
    32 1.209185 0.000002 0.000000 0.001786 -0.003742 -0.451851
    33 3.859840 -0.148937 -1.331282 -0.296378 0.195348 -0.060071
    34 1.719421 0.000002 0.000000 0.000954 -0.015214 -0.727850
    35 1.099669 0.000002 -0.000001 0.001685 0.001741 -0.527276
    36 0.951660 -1.145508 -1.398438 0.946433 0.322046 -0.595038
    37 1.789782 0.000000 -0.000004 -0.002343 -0.058956 0.305325
    38 1.206999 0.000002 0.000000 0.005395 -0.004414 0.894106
    39 -4.162720 -15.023832 -3.896799 1.571443 0.125583 0.002579
    40 0.025545 -1.273521 1.753304 0.000000 0.000000 0.000000
    41 0.001032 1.440453 -1.526783 0.000000 0.000000 0.000000
    42 0.004413 0.696487 -1.430595 0.000000 0.000000 0.000000
    43 0.580660 0.349014 -1.430595 0.000000 0.000000 0.000000
    44 0.583444 -0.305904 -1.430599 0.000000 0.000000 0.000000
    45 0.005318 -0.648720 -1.430599 0.000000 0.000000 0.000000
    46 -0.574618 -0.303123 -1.430601 0.000000 0.000000 0.000000
    47 -0.573714 0.348118 -1.430595 0.000000 0.000000 0.000000
    48 -0.029968 -0.059296 1.773438 -1.561870 -0.003783 0.018306
    49 0.041163 0.095589 -2.899426 -0.781108 -0.013985 0.002645
    50 0.081115 -2.496311 -0.915165 0.000000 0.000000 0.000000
    51 4.863281 2.800781 -18.203125 1.570792 0.000003 -0.000003
  time 245
    0 0.000000 -0.000006 0.000000 -1.570781 -1.391896 -1.570809
    1 1.208984 -4.433594 3.550781 1.596637 -1.286515 2.942961
    2 6.028141 0.000000 0.000000 -0.766947 -0.393526 -1.691812
    3 11.692554 0.000001 0.000000 -0.000024 0.000036 -1.219592
    4 11.481670 0.000001 -0.000031 0.884673 -0.442335 0.585576
    5 3.859711 -0.142405 -1.191975 -0.504594 0.047906 -1.429174
    6 1.312555 -0.000002 0.000000 0.011131 0.007501 -0.194554
    7 0.729363 -0.000002 -0.000002 -0.070387 -0.048874 -0.608494
    8 3.942337 0.046767 -0.431443 -0.148705 -0.029138 -1.299410
    9 1.539097 0.000000 0.000000 0.001988 -0.004187 -0.381435
    10 1.196325 -0.000002 -0.000001 0.000381 0.000040 -0.608416
    11 3.883698 -0.046765 0.431443 0.089174 -0.017791 -0.893346
    12 1.719570 -0.000004 -0.000001 0.028262 -0.032356 -1.007121
    13 1.209169 -0.000004 0.000000 0.004530 0.002545 -0.250147
    14 3.859863 -0.137946 1.332466 0.383458 0.020987 -0.993125
    15 1.719431 0.000002 0.000000 0.065902 -0.053028 -0.790855
    16 1.099667 0.000000 -0.000001 0.006436 0.001339 -0.309910
    17 0.806053 -0.348926 1.321258 -1.303853 -0.929124 -0.666403
    18 1.789778 -0.000002 0.000002 0.029484 0.109434 0.439690
    19 1.207005 0.000000 0.000002 -0.010653 0.004467 0.983588
    20 0.192017 -5.855469 -4.773438 -1.668474 1.286518 2.942953
    21 6.028145 0.000000 0.000000 1.200402 0.484446 -1.236849
    22 11.692554 0.000001 0.000002 0.000000 0.000000 -1.689217
    23 11.481699 0.000001 0.000001 -1.331626 0.254230 0.816387
    24 3.859680 -0.132567 1.193109 0.566845 -0.060495 -1.408450
    25 1.312555 -0.000002 0.000002 0.072278 -0.157178 -0.656760
    26 0.729365 0.000000 -0.000001 -0.023337 -0.412078 -1.179798
    27 3.942307 0.050327 0.431044 0.084249 -0.015145 -1.280306
    28 1.539099 -0.000002 0.000000 0.028455 -0.017392 -0.998558
    29 1.196321 0.000010 0.000000 -0.000519 0.009342 -1.131088
    30 3.883659 -0.050321 -0.431042 -0.047599 -0.027561 -1.047376
    31 1.719578 0.000002 0.000000 0.011337 0.002093 -1.500326
    32 1.209185 0.000002 0.000000 0.001786 -0.003730 -0.451851
    33 3.859840 -0.148937 -1.331282 -0.296378 0.195348 -0.060071
    34 1.719421 0.000002 0.000000 0.000954 -0.015214 -0.727850
    35 1.099669 0.000002 -0.000001 0.001685 0.001741 -0.527276
    36 0.951660 -1.145508 -1.398438 0.946433 0.322046 -0.595038
    37 1.789782 0.000000 -0.000004 -0.002343 -0.058956 0.305325
    38 1.206999 0.000002 0.000000 0.005395 -0.004414 0.894106
    39 -4.162720 -15.023832 -3.869455 1.582928 0.123309 0.002666
    40 0.025545 -1.273521 1.753304 0.000000 0.000000 0.000000
    41 0.001032 1.440453 -1.526783 0.000000 0.000000 0.000000
    42 0.004413 0.696487 -1.430595 0.000000 0.000000 0.000000
    43 0.580660 0.349014 -1.430595 0.000000 0.000000 0.000000
    44 0.583444 -0.305904 -1.430599 0.000000 0.000000 0.000000
    45 0.005318 -0.648720 -1.430599 0.000000 0.000000 0.000000
    46 -0.574618 -0.303123 -1.430601 0.000000 0.000000 0.000000
    47 -0.573714 0.348118 -1.430595 0.000000 0.000000 0.000000
    48 -0.029968 -0.059296 1.773438 -1.561870 -0.003783 0.018306
    49 0.041163 0.095589 -2.899426 -0.781108 -0.013985 0.002645
    50 0.081115 -2.496311 -0.915165 0.000000 0.000000 0.000000
    51 4.863281 2.800781 -18.203125 1.570792 0.000003 -0.000003
  time 246
    0 0.000000 -0.000006 0.000000 -1.570781 -1.391896 -1.570809
    1 1.208984 -4.433594 3.550781 1.596637 -1.286515 2.942961
    2 6.028141 0.000000 0.000000 -0.766795 -0.392469 -1.691194
    3 11.692554 0.000001 0.000000 -0.000024 0.000036 -1.230161
    4 11.481670 0.000001 -0.000031 0.880709 -0.440453 0.605194
    5 3.859711 -0.142405 -1.191975 -0.504594 0.047906 -1.429174
    6 1.312555 -0.000002 0.000000 0.011131 0.007501 -0.194554
    7 0.729363 -0.000002 -0.000002 -0.070387 -0.048874 -0.608494
    8 3.942337 0.046767 -0.431443 -0.148705 -0.029138 -1.299410
    9 1.539097 0.000000 0.000000 0.001988 -0.004187 -0.381435
    10 1.196325 -0.000002 -0.000001 0.000381 0.000040 -0.608416
    11 3.883698 -0.046765 0.431443 0.089174 -0.017791 -0.893346
    12 1.719570 -0.000004 -0.000001 0.028262 -0.032356 -1.007121
    13 1.209169 -0.000004 0.000000 0.004530 0.002545 -0.250147
    14 3.859863 -0.137946 1.332466 0.383458 0.020987 -0.993125
    15 1.719431 0.000002 0.000000 0.065902 -0.053028 -0.790855
    16 1.099667 0.000000 -0.000001 0.006436 0.001339 -0.309910
    17 0.806053 -0.348926 1.321258 -1.303853 -0.929124 -0.666403
    18 1.789778 -0.000002 0.000002 0.029484 0.109434 0.439690
    19 1.207005 0.000000 0.000002 -0.010653 0.004467 0.983588
    20 0.192017 -5.855469 -4.773438 -1.668474 1.286518 2.942953
    21 6.028145 0.000000 0.000000 1.199635 0.487119 -1.238072
    22 11.692554 0.000001 0.000002 0.000000 0.000000 -1.694685
    23 11.481699 0.000001 0.000001 -1.326093 0.252118 0.833746
    24 3.859680 -0.132567 1.193109 0.566845 -0.060495 -1.408450
    25 1.312555 -0.000002 0.000002 0.072278 -0.157178 -0.656760
    26 0.729365 0.000000 -0.000001 -0.023337 -0.412078 -1.179798
    27 3.942307 0.050327 0.431044 0.084249 -0.015145 -1.280306
    28 1.539099 -0.000002 0.000000 0.028455 -0.017392 -0.998558
    29 1.196321 0.000010 0.000000 -0.000519 0.009342 -1.131088
    30 3.883659 -0.050321 -0.431042 -0.047599 -0.027561 -1.047376
    31 1.719578 0.000002 0.000000 0.011337 0.002093 -1.500326
    32 1.209185 0.000002 0.000000 0.001786 -0.003742 -0.451851
    33 3.859840 -0.148937 -1.331282 -0.296378 0.195348 -0.060071
    34 1.719421 0.000002 0.000000 0.000954 -0.015214 -0.727850
    35 1.099669 0.000002 -0.000001 0.001685 0.001741 -0.527276
    36 0.951660 -1.145508 -1.398438 0.946433 0.322046 -0.595038
    37 1.789782 0.000000 -0.000004 -0.002343 -0.058956 0.305325
    38 1.206999 0.000002 0.000000 0.005395 -0.004414 0.894106
    39 -4.162720 -15.019925 -3.834297 1.592117 0.120617 0.002666
    40 0.025545 -1.273521 1.753304 0.000000 0.000000 0.000000
    41 0.001032 1.440453 -1.526783 0.000000 0.000000 0.000000
    42 0.004413 0.696487 -1.430595 0.000000 0.000000 0.000000
    43 0.580660 0.349014 -1.430595 0.000000 0.000000 0.000000
    44 0.583444 -0.305904 -1.430599 0.000000 0.000000 0.000000
    45 0.005318 -0.648720 -1.430599 0.000000 0.000000 0.000000
    46 -0.574618 -0.303123 -1.430601 0.000000 0.000000 0.000000
    47 -0.573714 0.348118 -1.430595 0.000000 0.000000 0.000000
    48 -0.029968 -0.059296 1.773438 -1.561870 -0.003783 0.018306
    49 0.041163 0.095589 -2.899426 -0.781108 -0.013985 0.002645
    50 0.081115 -2.496311 -0.915165 0.000000 0.000000 0.000000
    51 4.863281 2.800781 -18.203125 1.570792 0.000003 -0.000003
  time 247
    0 0.000000 -0.000006 0.000000 -1.570781 -1.391896 -1.570809
    1 1.208984 -4.433594 3.550781 1.596637 -1.286515 2.942961
    2 6.028141 0.000000 0.000000 -0.766719 -0.391918 -1.690861
    3 11.692554 0.000001 0.000000 -0.000024 0.000036 -1.239287
    4 11.481670 0.000001 -0.000031 0.878681 -0.439246 0.621673
    5 3.859711 -0.142405 -1.191975 -0.504594 0.047906 -1.429174
    6 1.312555 -0.000002 0.000000 0.011131 0.007501 -0.194554
    7 0.729363 -0.000002 -0.000002 -0.070387 -0.048874 -0.608494
    8 3.942337 0.046767 -0.431443 -0.148705 -0.029138 -1.299410
    9 1.539097 0.000000 0.000000 0.001988 -0.004187 -0.381435
    10 1.196325 -0.000002 -0.000001 0.000381 0.000040 -0.608416
    11 3.883698 -0.046765 0.431443 0.089174 -0.017791 -0.893346
    12 1.719570 -0.000004 -0.000001 0.028262 -0.032356 -1.007121
    13 1.209169 -0.000004 0.000000 0.004530 0.002545 -0.250147
    14 3.859863 -0.137946 1.332466 0.383458 0.020987 -0.993125
    15 1.719431 0.000002 0.000000 0.065902 -0.053028 -0.790855
    16 1.099667 0.000000 -0.000001 0.006436 0.001339 -0.309910
    17 0.806053 -0.348926 1.321258 -1.303853 -0.929124 -0.666403
    18 1.789778 -0.000002 0.000002 0.029484 0.109434 0.439690
    19 1.207005 0.000000 0.000002 -0.010653 0.004467 0.983588
    20 0.192017 -5.855469 -4.773438 -1.668474 1.286518 2.942953
    21 6.028145 0.000000 0.000000 1.199060 0.489791 -1.239201
    22 11.692554 0.000001 0.000002 0.000000 0.000000 -1.699266
    23 11.481699 0.000001 0.000001 -1.321013 0.250178 0.847565
    24 3.859680 -0.132567 1.193109 0.566845 -0.060495 -1.408450
    25 1.312555 -0.000002 0.000002 0.072278 -0.157178 -0.656760
    26 0.729365 0.000000 -0.000001 -0.023337 -0.412078 -1.179798
    27 3.942307 0.050327 0.431044 0.084249 -0.015145 -1.280306
    28 1.539099 -0.000002 0.000000 0.028455 -0.017392 -0.998558
    29 1.196321 0.000010 0.000000 -0.000519 0.009342 -1.131088
    30 3.883659 -0.050321 -0.431042 -0.047599 -0.027561 -1.047376
    31 1.719578 0.000002 0.000000 0.011337 0.002093 -1.500326
    32 1.209185 0.000002 0.000000 0.001786 -0.003742 -0.451851
    33 3.859840 -0.148937 -1.331282 -0.296378 0.195348 -0.060071
    34 1.719421 0.000002 0.000000 0.000954 -0.015214 -0.727850
    35 1.099669 0.000002 -0.000001 0.001685 0.001741 -0.527276
    36 0.951660 -1.145508 -1.398438 0.946433 0.322046 -0.595038
    37 1.789782 0.000000 -0.000004 -0.002343 -0.058956 0.305325
    38 1.206999 0.000002 0.000000 0.005395 -0.004414 0.894106
    39 -4.162720 -15.019925 -3.787421 1.598817 0.117601 0.002666
    40 0.025545 -1.273521 1.753304 0.000000 0.000000 0.000000
    41 0.001032 1.440453 -1.526783 0.000000 0.000000 0.000000
    42 0.004413 0.696487 -1.430595 0.000000 0.000000 0.000000
    43 0.580660 0.349014 -1.430595 0.000000 0.000000 0.000000
    44 0.583444 -0.305904 -1.430599 0.000000 0.000000 0.000000
    45 0.005318 -0.648720 -1.430599 0.000000 0.000000 0.000000
    46 -0.574618 -0.303123 -1.430601 0.000000 0.000000 0.000000
    47 -0.573714 0.348118 -1.430595 0.000000 0.000000 0.000000
    48 -0.029968 -0.059296 1.773438 -1.561870 -0.003783 0.018306
    49 0.041163 0.095589 -2.899426 -0.781108 -0.013985 0.002645
    50 0.081115 -2.496311 -0.915165 0.000000 0.000000 0.000000
    51 4.863281 2.800781 -18.203125 1.570792 0.000003 -0.000003
  time 248
    0 0.000000 -0.000006 0.000000 -1.570781 -1.391896 -1.570809
    1 1.208984 -4.433594 3.550781 1.596637 -1.286515 2.942961
    2 6.028141 0.000000 0.000000 -0.766757 -0.391872 -1.690814
    3 11.692554 0.000001 0.000000 -0.000024 0.000036 -1.246967
    4 11.481670 0.000001 -0.000031 0.878496 -0.438860 0.634656
    5 3.859711 -0.142405 -1.191975 -0.504594 0.047906 -1.429174
    6 1.312555 -0.000002 0.000000 0.011131 0.007501 -0.194554
    7 0.729363 -0.000002 -0.000002 -0.070387 -0.048874 -0.608494
    8 3.942337 0.046767 -0.431443 -0.148705 -0.029138 -1.299410
    9 1.539097 0.000000 0.000000 0.001988 -0.004187 -0.381435
    10 1.196325 -0.000002 -0.000001 0.000381 0.000040 -0.608416
    11 3.883698 -0.046765 0.431443 0.089174 -0.017791 -0.893346
    12 1.719570 -0.000004 -0.000001 0.028262 -0.032356 -1.007121
    13 1.209169 -0.000004 0.000000 0.004530 0.002545 -0.250147
    14 3.859863 -0.137946 1.332466 0.383458 0.020987 -0.993125
    15 1.719431 0.000002 0.000000 0.065902 -0.053028 -0.790855
    16 1.099667 0.000000 -0.000001 0.006436 0.001339 -0.309910
    17 0.806053 -0.348926 1.321258 -1.303853 -0.929109 -0.666403
    18 1.789778 -0.000002 0.000002 0.029484 0.109434 0.439690
    19 1.207005 0.000000 0.000002 -0.010653 0.004467 0.983588
    20 0.192017 -5.855469 -4.773438 -1.668474 1.286518 2.942953
    21 6.028145 0.000000 0.000000 1.198677 0.492368 -1.240330
    22 11.692554 0.000001 0.000002 0.000000 0.000000 -1.702738
    23 11.481699 0.000001 0.000001 -1.316553 0.248497 0.857603
    24 3.859680 -0.132567 1.193109 0.566845 -0.060495 -1.408450
    25 1.312555 -0.000002 0.000002 0.072278 -0.157178 -0.656760
    26 0.729365 0.000000 -0.000001 -0.023337 -0.412078 -1.179798
    27 3.942307 0.050327 0.431044 0.084249 -0.015145 -1.280306
    28 1.539099 -0.000002 0.000000 0.028455 -0.017392 -0.998558
    29 1.196321 0.000010 0.000000 -0.000519 0.009342 -1.131088
    30 3.883659 -0.050321 -0.431042 -0.047599 -0.027561 -1.047376
    31 1.719578 0.000002 0.000000 0.011337 0.002093 -1.500326
    32 1.209185 0.000002 0.000000 0.001786 -0.003742 -0.451851
    33 3.859840 -0.148937 -1.331282 -0.296378 0.195348 -0.060071
    34 1.719421 0.000002 0.000000 0.000954 -0.015214 -0.727850
    35 1.099669 0.000002 -0.000001 0.001685 0.001741 -0.527276
    36 0.951660 -1.145508 -1.398438 0.946433 0.322046 -0.595038
    37 1.789782 0.000000 -0.000004 -0.002343 -0.058956 0.305325
    38 1.206999 0.000002 0.000000 0.005395 -0.004414 0.894106
    39 -4.162720 -15.019925 -3.736638 1.603028 0.114213 0.002753
    40 0.025545 -1.273521 1.753304 0.000000 0.000000 0.000000
    41 0.001032 1.440453 -1.526783 0.000000 0.000000 0.000000
    42 0.004413 0.696487 -1.430595 0.000000 0.000000 0.000000
    43 0.580660 0.349014 -1.430595 0.000000 0.000000 0.000000
    44 0.583444 -0.305904 -1.430599 0.000000 0.000000 0.000000
    45 0.005318 -0.648720 -1.430599 0.000000 0.000000 0.000000
    46 -0.574618 -0.303123 -1.430601 0.000000 0.000000 0.000000
    47 -0.573714 0.348118 -1.430595 0.000000 0.000000 0.000000
    48 -0.029968 -0.059296 1.773438 -1.561870 -0.003783 0.018306
    49 0.041163 0.095589 -2.899426 -0.781108 -0.013985 0.002645
    50 0.081115 -2.496311 -0.915165 0.000000 0.000000 0.000000
    51 4.863281 2.800781 -18.203125 1.570792 0.000003 -0.000003
  time 249
    0 0.000000 -0.000006 0.000000 -1.570781 -1.391896 -1.570809
    1 1.208984 -4.433594 3.550781 1.596637 -1.286515 2.942961
    2 6.028141 0.000000 0.000000 -0.766909 -0.392286 -1.690956
    3 11.692554 0.000001 0.000000 -0.000024 0.000036 -1.253007
    4 11.481670 0.000001 -0.000031 0.880432 -0.439246 0.643787
    5 3.859711 -0.142405 -1.191975 -0.504594 0.047906 -1.429174
    6 1.312555 -0.000002 0.000000 0.011131 0.007501 -0.194554
    7 0.729363 -0.000002 -0.000002 -0.070387 -0.048874 -0.608494
    8 3.942337 0.046767 -0.431443 -0.148705 -0.029138 -1.299410
    9 1.539097 0.000000 0.000000 0.001988 -0.004187 -0.381435
    10 1.196325 -0.000002 -0.000001 0.000381 0.000040 -0.608416
    11 3.883698 -0.046765 0.431443 0.089174 -0.017791 -0.893346
    12 1.719570 -0.000004 -0.000001 0.028262 -0.032356 -1.007121
    13 1.209169 -0.000004 0.000000 0.004530 0.002545 -0.250147
    14 3.859863 -0.137946 1.332466 0.383458 0.020987 -0.993125
    15 1.719431 0.000002 0.000000 0.065902 -0.053028 -0.790855
    16 1.099667 0.000000 -0.000001 0.006436 0.001339 -0.309910
    17 0.806053 -0.348926 1.321258 -1.303853 -0.929124 -0.666403
    18 1.789778 -0.000002 0.000002 0.029484 0.109434 0.439690
    19 1.207005 0.000000 0.000002 -0.010653 0.004467 0.983588
    20 0.192017 -5.855469 -4.773438 -1.668474 1.286518 2.942953
    21 6.028145 0.000000 0.000000 1.198294 0.494802 -1.241365
    22 11.692554 0.000001 0.000002 0.000000 0.000000 -1.705177
    23 11.481699 0.000001 0.000001 -1.312715 0.247118 0.863567
    24 3.859680 -0.132567 1.193109 0.566845 -0.060495 -1.408450
    25 1.312555 -0.000002 0.000002 0.072278 -0.157178 -0.656760
    26 0.729365 0.000000 -0.000001 -0.023337 -0.412078 -1.179798
    27 3.942307 0.050327 0.431044 0.084249 -0.015145 -1.280306
    28 1.539099 -0.000002 0.000000 0.028455 -0.017392 -0.998558
    29 1.196321 0.000010 0.000000 -0.000519 0.009342 -1.131088
    30 3.883659 -0.050321 -0.431042 -0.047599 -0.027561 -1.047376
    31 1.719578 0.000002 0.000000 0.011337 0.002093 -1.500326
    32 1.209185 0.000002 0.000000 0.001786 -0.003742 -0.451851
    33 3.859840 -0.148937 -1.331282 -0.296378 0.195348 -0.060071
    34 1.719421 0.000002 0.000000 0.000954 -0.015214 -0.727850
    35 1.099669 0.000002 -0.000001 0.001685 0.001741 -0.527276
    36 0.951660 -1.145508 -1.398438 0.946433 0.322046 -0.595038
    37 1.789782 0.000000 -0.000004 -0.002343 -0.058956 0.305325
    38 1.206999 0.000002 0.000000 0.005395 -0.004414 0.894106
    39 -4.158814 -15.019925 -3.678043 1.604464 0.110547 0.002753
    40 0.025545 -1.273521 1.753304 0.000000 0.000000 0.000000
    41 0.001032 1.440453 -1.526783 0.000000 0.000000 0.000000
    42 0.004413 0.696487 -1.430595 0.000000 0.000000 0.000000
    43 0.580660 0.349014 -1.430595 0.000000 0.000000 0.000000
    44 0.583444 -0.305904 -1.430599 0.000000 0.000000 0.000000
    45 0.005318 -0.648720 -1.430599 0.000000 0.000000 0.000000
    46 -0.574618 -0.303123 -1.430601 0.000000 0.000000 0.000000
    47 -0.573714 0.348118 -1.430595 0.000000 0.000000 0.000000
    48 -0.029968 -0.059296 1.773438 -1.561870 -0.003783 0.018306
    49 0.041163 0.095589 -2.899426 -0.781108 -0.013985 0.002645
    50 0.081115 -2.496311 -0.915165 0.000000 0.000000 0.000000
    51 4.863281 2.800781 -18.203125 1.570792 0.000003 -0.000003
  time 250
    0 0.000000 -0.000006 0.000000 -1.570781 -1.391896 -1.570809
    1 1.208984 -4.433594 3.550781 1.596637 -1.286515 2.942961
    2 6.028141 0.000000 0.000000 -0.767176 -0.392975 -1.691194
    3 11.692554 0.000001 0.000000 -0.000024 0.000036 -1.258193
    4 11.481670 0.000001 -0.000031 0.883659 -0.440115 0.650636
    5 3.859711 -0.142405 -1.191975 -0.504594 0.047906 -1.429174
    6 1.312555 -0.000002 0.000000 0.011131 0.007501 -0.194554
    7 0.729363 -0.000002 -0.000002 -0.070387 -0.048874 -0.608494
    8 3.942337 0.046767 -0.431443 -0.148705 -0.029138 -1.299410
    9 1.539097 0.000000 0.000000 0.001988 -0.004187 -0.381435
    10 1.196325 -0.000002 -0.000001 0.000381 0.000040 -0.608416
    11 3.883698 -0.046765 0.431443 0.089174 -0.017791 -0.893346
    12 1.719570 -0.000004 -0.000001 0.028262 -0.032356 -1.007121
    13 1.209169 -0.000004 0.000000 0.004530 0.002545 -0.250147
    14 3.859863 -0.137946 1.332466 0.383458 0.020987 -0.993125
    15 1.719431 0.000002 0.000000 0.065902 -0.053028 -0.790855
    16 1.099667 0.000000 -0.000001 0.006436 0.001339 -0.309910
    17 0.806053 -0.348926 1.321258 -1.303853 -0.929124 -0.666403
    18 1.789778 -0.000002 0.000002 0.029484 0.109434 0.439690
    19 1.207005 0.000000 0.000002 -0.010653 0.004467 0.983588
    20 0.192017 -5.855469 -4.773438 -1.668474 1.286518 2.942953
    21 6.028145 0.000000 0.000000 1.198007 0.497187 -1.242306
    22 11.692554 0.000001 0.000002 0.000000 0.000000 -1.706950
    23 11.481699 0.000001 0.000001 -1.309215 0.245954 0.867009
    24 3.859680 -0.132567 1.193109 0.566845 -0.060495 -1.408450
    25 1.312555 -0.000002 0.000002 0.072278 -0.157178 -0.656760
    26 0.729365 0.000000 -0.000001 -0.023337 -0.412078 -1.179798
    27 3.942307 0.050327 0.431044 0.084249 -0.015145 -1.280306
    28 1.539099 -0.000002 0.000000 0.028455 -0.017392 -0.998558
    29 1.196321 0.000010 0.000000 -0.000519 0.009342 -1.131088
    30 3.883659 -0.050321 -0.431042 -0.047599 -0.027561 -1.047376
    31 1.719578 0.000002 0.000000 0.011337 0.002093 -1.500326
    32 1.209185 0.000002 0.000000 0.001786 -0.003742 -0.451851
    33 3.859840 -0.148937 -1.331282 -0.296378 0.195348 -0.060071
    34 1.719421 0.000002 0.000000 0.000954 -0.015214 -0.727850
    35 1.099669 0.000002 -0.000001 0.001685 0.001741 -0.527276
    36 0.951660 -1.145508 -1.398438 0.946433 0.322046 -0.595038
    37 1.789782 0.000000 -0.000004 -0.002343 -0.058956 0.305325
    38 1.206999 0.000002 0.000000 0.005395 -0.004414 0.894106
    39 -4.158814 -15.019925 -3.615541 1.604081 0.106556 0.002753
    40 0.025545 -1.273521 1.753304 0.000000 0.000000 0.000000
    41 0.001032 1.440453 -1.526783 0.000000 0.000000 0.000000
    42 0.004413 0.696487 -1.430595 0.000000 0.000000 0.000000
    43 0.580660 0.349014 -1.430595 0.000000 0.000000 0.000000
    44 0.583444 -0.305904 -1.430599 0.000000 0.000000 0.000000
    45 0.005318 -0.648720 -1.430599 0.000000 0.000000 0.000000
    46 -0.574618 -0.303123 -1.430601 0.000000 0.000000 0.000000
    47 -0.573714 0.348118 -1.430595 0.000000 0.000000 0.000000
    48 -0.029968 -0.059296 1.773438 -1.561870 -0.003783 0.018306
    49 0.041163 0.095589 -2.899426 -0.781108 -0.013985 0.002645
    50 0.081115 -2.496311 -0.915165 0.000000 0.000000 0.000000
    51 4.863281 2.800781 -18.203125 1.570792 0.000003 -0.000003
  time 251
    0 0.000000 -0.000006 0.000000 -1.570781 -1.391896 -1.570809
    1 1.208984 -4.433594 3.550781 1.596637 -1.286515 2.942961
    2 6.028141 0.000000 0.000000 -0.767442 -0.393802 -1.691527
    3 11.692554 0.000001 0.000000 -0.000024 0.000036 -1.263183
    4 11.481670 0.000001 -0.000031 0.887439 -0.441225 0.657056
    5 3.859711 -0.142405 -1.191975 -0.504594 0.047906 -1.429174
    6 1.312555 -0.000002 0.000000 0.011131 0.007501 -0.194554
    7 0.729363 -0.000002 -0.000002 -0.070387 -0.048874 -0.608494
    8 3.942337 0.046767 -0.431443 -0.148705 -0.029138 -1.299410
    9 1.539097 0.000000 0.000000 0.001988 -0.004187 -0.381435
    10 1.196325 -0.000002 -0.000001 0.000381 0.000040 -0.608416
    11 3.883698 -0.046765 0.431443 0.089174 -0.017791 -0.893346
    12 1.719570 -0.000004 -0.000001 0.028262 -0.032356 -1.007121
    13 1.209169 -0.000004 0.000000 0.004530 0.002545 -0.250147
    14 3.859863 -0.137946 1.332466 0.383458 0.020987 -0.993125
    15 1.719431 0.000002 0.000000 0.065902 -0.053028 -0.790855
    16 1.099667 0.000000 -0.000001 0.006436 0.001339 -0.309910
    17 0.806053 -0.348926 1.321258 -1.303853 -0.929124 -0.666403
    18 1.789778 -0.000002 0.000002 0.029484 0.109434 0.439690
    19 1.207005 0.000000 0.000002 -0.010653 0.004467 0.983588
    20 0.192017 -5.855469 -4.773438 -1.668474 1.286518 2.942953
    21 6.028145 0.000000 0.000000 1.197719 0.499669 -1.243341
    22 11.692554 0.000001 0.000002 0.000000 0.000000 -1.708501
    23 11.481699 0.000001 0.000001 -1.305658 0.244834 0.869725
    24 3.859680 -0.132567 1.193109 0.566845 -0.060495 -1.408450
    25 1.312555 -0.000002 0.000002 0.072278 -0.157178 -0.656760
    26 0.729365 0.000000 -0.000001 -0.023337 -0.412078 -1.179798
    27 3.942307 0.050327 0.431044 0.084249 -0.015145 -1.280306
    28 1.539099 -0.000002 0.000000 0.028455 -0.017392 -0.998558
    29 1.196321 0.000010 0.000000 -0.000519 0.009342 -1.131088
    30 3.883659 -0.050321 -0.431042 -0.047599 -0.027561 -1.047376
    31 1.719578 0.000002 0.000000 0.011337 0.002093 -1.500326
    32 1.209185 0.000002 0.000000 0.001786 -0.003730 -0.451851
    33 3.859840 -0.148937 -1.331282 -0.296378 0.195348 -0.060071
    34 1.719421 0.000002 0.000000 0.000954 -0.015214 -0.727850
    35 1.099669 0.000002 -0.000001 0.001685 0.001741 -0.527276
    36 0.951660 -1.145508 -1.398438 0.946433 0.322046 -0.595038
    37 1.789782 0.000000 -0.000004 -0.002343 -0.058956 0.305325
    38 1.206999 0.000002 0.000000 0.005395 -0.004414 0.894106
    39 -4.158814 -15.019925 -3.545226 1.603220 0.102380 0.002840
    40 0.025545 -1.273521 1.753304 0.000000 0.000000 0.000000
    41 0.001032 1.440453 -1.526783 0.000000 0.000000 0.000000
    42 0.004413 0.696487 -1.430595 0.000000 0.000000 0.000000
    43 0.580660 0.349014 -1.430595 0.000000 0.000000 0.000000
    44 0.583444 -0.305904 -1.430599 0.000000 0.000000 0.000000
    45 0.005318 -0.648720 -1.430599 0.000000 0.000000 0.000000
    46 -0.574618 -0.303123 -1.430601 0.000000 0.000000 0.000000
    47 -0.573714 0.348118 -1.430595 0.000000 0.000000 0.000000
    48 -0.029968 -0.059296 1.773438 -1.561870 -0.003783 0.018306
    49 0.041163 0.095589 -2.899426 -0.781108 -0.013985 0.002645
    50 0.081115 -2.496311 -0.915165 0.000000 0.000000 0.000000
    51 4.863281 2.800781 -18.203125 1.570792 0.000003 -0.000003
  time 252
    0 0.000000 -0.000006 0.000000 -1.570781 -1.391896 -1.570809
    1 1.208984 -4.433594 3.550781 1.596637 -1.286515 2.942961
    2 6.028141 0.000000 0.000000 -0.767747 -0.394767 -1.691955
    3 11.692554 0.000001 0.000000 -0.000024 0.000036 -1.268106
    4 11.481670 0.000001 -0.000031 0.891680 -0.442480 0.662977
    5 3.859711 -0.142405 -1.191975 -0.504594 0.047906 -1.429174
    6 1.312555 -0.000002 0.000000 0.011131 0.007501 -0.194554
    7 0.729363 -0.000002 -0.000002 -0.070387 -0.048874 -0.608494
    8 3.942337 0.046767 -0.431443 -0.148705 -0.029138 -1.299410
    9 1.539097 0.000000 0.000000 0.001988 -0.004187 -0.381435
    10 1.196325 -0.000002 -0.000001 0.000381 0.000040 -0.608416
    11 3.883698 -0.046765 0.431443 0.089174 -0.017791 -0.893346
    12 1.719570 -0.000004 -0.000001 0.028262 -0.032356 -1.007121
    13 1.209169 -0.000004 0.000000 0.004530 0.002545 -0.250147
    14 3.859863 -0.137946 1.332466 0.383458 0.020987 -0.993125
    15 1.719431 0.000002 0.000000 0.065902 -0.053028 -0.790855
    16 1.099667 0.000000 -0.000001 0.006436 0.001339 -0.309910
    17 0.806053 -0.348926 1.321258 -1.303853 -0.929109 -0.666403
    18 1.789778 -0.000002 0.000002 0.029484 0.109434 0.439690
    19 1.207005 0.000000 0.000002 -0.010653 0.004467 0.983588
    20 0.192017 -5.855469 -4.773438 -1.668474 1.286518 2.942953
    21 6.028145 0.000000 0.000000 1.197432 0.502198 -1.244376
    22 11.692554 0.000001 0.000002 0.000000 0.000000 -1.709979
    23 11.481699 0.000001 0.000001 -1.302102 0.243799 0.871858
    24 3.859680 -0.132567 1.193109 0.566845 -0.060495 -1.408450
    25 1.312555 -0.000002 0.000002 0.072278 -0.157178 -0.656760
    26 0.729365 0.000000 -0.000001 -0.023337 -0.412078 -1.179798
    27 3.942307 0.050327 0.431044 0.084249 -0.015145 -1.280306
    28 1.539099 -0.000002 0.000000 0.028455 -0.017392 -0.998558
    29 1.196321 0.000010 0.000000 -0.000519 0.009342 -1.131088
    30 3.883659 -0.050321 -0.431042 -0.047599 -0.027561 -1.047376
    31 1.719578 0.000002 0.000000 0.011337 0.002093 -1.500326
    32 1.209185 0.000002 0.000000 0.001786 -0.003742 -0.451851
    33 3.859840 -0.148937 -1.331282 -0.296378 0.195348 -0.060071
    34 1.719421 0.000002 0.000000 0.000954 -0.015214 -0.727850
    35 1.099669 0.000002 -0.000001 0.001685 0.001741 -0.527276
    36 0.951660 -1.145508 -1.398438 0.946433 0.322046 -0.595038
    37 1.789782 0.000000 -0.000004 -0.002343 -0.058956 0.305325
    38 1.206999 0.000002 0.000000 0.005395 -0.004414 0.894106
    39 -4.158814 -15.019925 -3.474911 1.601880 0.097972 0.002840
    40 0.025545 -1.273521 1.753304 0.000000 0.000000 0.000000
    41 0.001032 1.440453 -1.526783 0.000000 0.000000 0.000000
    42 0.004413 0.696487 -1.430595 0.000000 0.000000 0.000000
    43 0.580660 0.349014 -1.430595 0.000000 0.000000 0.000000
    44 0.583444 -0.305904 -1.430599 0.000000 0.000000 0.000000
    45 0.005318 -0.648720 -1.430599 0.000000 0.000000 0.000000
    46 -0.574618 -0.303123 -1.430601 0.000000 0.000000 0.000000
    47 -0.573714 0.348118 -1.430595 0.000000 0.000000 0.000000
    48 -0.029968 -0.059296 1.773438 -1.561870 -0.003783 0.018306
    49 0.041163 0.095589 -2.899426 -0.781108 -0.013985 0.002645
    50 0.081115 -2.496311 -0.915165 0.000000 0.000000 0.000000
    51 4.863281 2.800781 -18.203125 1.570792 0.000003 -0.000003
  time 253
    0 0.000000 -0.000006 0.000000 -1.570781 -1.391896 -1.570809
    1 1.208984 -4.433594 3.550781 1.596637 -1.286515 2.942961
    2 6.028141 0.000000 0.000000 -0.768090 -0.395869 -1.692383
    3 11.692554 0.000001 0.000000 -0.000024 0.000036 -1.272833
    4 11.481670 0.000001 -0.000031 0.896474 -0.443880 0.668470
    5 3.859711 -0.142405 -1.191975 -0.504594 0.047906 -1.429174
    6 1.312555 -0.000002 0.000000 0.011131 0.007501 -0.194554
    7 0.729363 -0.000002 -0.000002 -0.070387 -0.048874 -0.608494
    8 3.942337 0.046767 -0.431443 -0.148705 -0.029138 -1.299410
    9 1.539097 0.000000 0.000000 0.001988 -0.004187 -0.381435
    10 1.196325 -0.000002 -0.000001 0.000381 0.000040 -0.608416
    11 3.883698 -0.046765 0.431443 0.089174 -0.017791 -0.893346
    12 1.719570 -0.000004 -0.000001 0.028262 -0.032356 -1.007121
    13 1.209169 -0.000004 0.000000 0.004530 0.002545 -0.250147
    14 3.859863 -0.137946 1.332466 0.383458 0.020987 -0.993125
    15 1.719431 0.000002 0.000000 0.065902 -0.053028 -0.790855
    16 1.099667 0.000000 -0.000001 0.006436 0.001339 -0.309910
    17 0.806053 -0.348926 1.321258 -1.303853 -0.929124 -0.666403
    18 1.789778 -0.000002 0.000002 0.029484 0.109434 0.439690
    19 1.207005 0.000000 0.000002 -0.010653 0.004467 0.983588
    20 0.192017 -5.855469 -4.773438 -1.668474 1.286518 2.942953
    21 6.028145 0.000000 0.000000 1.197049 0.504775 -1.245411
    22 11.692554 0.000001 0.000002 0.000000 0.000000 -1.711235
    23 11.481699 0.000001 0.000001 -1.298545 0.242765 0.873410
    24 3.859680 -0.132567 1.193109 0.566845 -0.060495 -1.408450
    25 1.312555 -0.000002 0.000002 0.072278 -0.157178 -0.656760
    26 0.729365 0.000000 -0.000001 -0.023337 -0.412078 -1.179798
    27 3.942307 0.050327 0.431044 0.084249 -0.015145 -1.280306
    28 1.539099 -0.000002 0.000000 0.028455 -0.017392 -0.998558
    29 1.196321 0.000010 0.000000 -0.000519 0.009342 -1.131088
    30 3.883659 -0.050321 -0.431042 -0.047599 -0.027561 -1.047376
    31 1.719578 0.000002 0.000000 0.011337 0.002093 -1.500326
    32 1.209185 0.000002 0.000000 0.001786 -0.003742 -0.451851
    33 3.859840 -0.148937 -1.331282 -0.296378 0.195348 -0.060071
    34 1.719421 0.000002 0.000000 0.000954 -0.015214 -0.727850
    35 1.099669 0.000002 -0.000001 0.001685 0.001741 -0.527276
    36 0.951660 -1.145508 -1.398438 0.946433 0.322046 -0.595038
    37 1.789782 0.000000 -0.000004 -0.002343 -0.058956 0.305325
    38 1.206999 0.000002 0.000000 0.005395 -0.004414 0.894106
    39 -4.154907 -15.016019 -3.400690 1.599966 0.093377 0.002927
    40 0.025545 -1.273521 1.753304 0.000000 0.000000 0.000000
    41 0.001032 1.440453 -1.526783 0.000000 0.000000 0.000000
    42 0.004413 0.696487 -1.430595 0.000000 0.000000 0.000000
    43 0.580660 0.349014 -1.430595 0.000000 0.000000 0.000000
    44 0.583444 -0.305904 -1.430599 0.000000 0.000000 0.000000
    45 0.005318 -0.648720 -1.430599 0.000000 0.000000 0.000000
    46 -0.574618 -0.303123 -1.430601 0.000000 0.000000 0.000000
    47 -0.573714 0.348118 -1.430595 0.000000 0.000000 0.000000
    48 -0.029968 -0.059296 1.773438 -1.561870 -0.003783 0.018306
    49 0.041163 0.095589 -2.899426 -0.781108 -0.013985 0.002645
    50 0.081115 -2.496311 -0.915165 0.000000 0.000000 0.000000
    51 4.863281 2.800781 -18.203125 1.570792 0.000003 -0.000003
  time 254
    0 0.000000 -0.000006 0.000000 -1.570781 -1.391896 -1.570809
    1 1.208984 -4.433594 3.550781 1.596637 -1.286515 2.942961
    2 6.028141 0.000000 0.000000 -0.768471 -0.397018 -1.692858
    3 11.692554 0.000001 0.000000 -0.000024 0.000036 -1.277428
    4 11.481670 0.000001 -0.000031 0.901545 -0.445376 0.673464
    5 3.859711 -0.142405 -1.191975 -0.504594 0.047906 -1.429174
    6 1.312555 -0.000002 0.000000 0.011131 0.007501 -0.194554
    7 0.729363 -0.000002 -0.000002 -0.070387 -0.048874 -0.608494
    8 3.942337 0.046767 -0.431443 -0.148705 -0.029138 -1.299410
    9 1.539097 0.000000 0.000000 0.001988 -0.004187 -0.381435
    10 1.196325 -0.000002 -0.000001 0.000381 0.000040 -0.608416
    11 3.883698 -0.046765 0.431443 0.089174 -0.017791 -0.893346
    12 1.719570 -0.000004 -0.000001 0.028262 -0.032356 -1.007121
    13 1.209169 -0.000004 0.000000 0.004530 0.002545 -0.250147
    14 3.859863 -0.137946 1.332466 0.383458 0.020987 -0.993125
    15 1.719431 0.000002 0.000000 0.065902 -0.053028 -0.790855
    16 1.099667 0.000000 -0.000001 0.006436 0.001339 -0.309910
    17 0.806053 -0.348926 1.321258 -1.303853 -0.929124 -0.666403
    18 1.789778 -0.000002 0.000002 0.029484 0.109434 0.439690
    19 1.207005 0.000000 0.000002 -0.010653 0.004467 0.983588
    20 0.192017 -5.855469 -4.773438 -1.668474 1.286518 2.942953
    21 6.028145 0.000000 0.000000 1.196761 0.507399 -1.246446
    22 11.692554 0.000001 0.000002 0.000000 0.000000 -1.712344
    23 11.481699 0.000001 0.000001 -1.294933 0.241860 0.874380
    24 3.859680 -0.132567 1.193109 0.566845 -0.060495 -1.408450
    25 1.312555 -0.000002 0.000002 0.072278 -0.157178 -0.656760
    26 0.729365 0.000000 -0.000001 -0.023337 -0.412078 -1.179798
    27 3.942307 0.050327 0.431044 0.084249 -0.015145 -1.280306
    28 1.539099 -0.000002 0.000000 0.028455 -0.017392 -0.998558
    29 1.196321 0.000010 0.000000 -0.000519 0.009342 -1.131088
    30 3.883659 -0.050321 -0.431042 -0.047599 -0.027561 -1.047376
    31 1.719578 0.000002 0.000000 0.011337 0.002093 -1.500326
    32 1.209185 0.000002 0.000000 0.001786 -0.003742 -0.451851
    33 3.859840 -0.148937 -1.331282 -0.296378 0.195348 -0.060071
    34 1.719421 0.000002 0.000000 0.000954 -0.015214 -0.727850
    35 1.099669 0.000002 -0.000001 0.001685 0.001741 -0.527276
    36 0.951660 -1.145508 -1.398438 0.946433 0.322046 -0.595038
    37 1.789782 0.000000 -0.000004 -0.002343 -0.058956 0.305325
    38 1.206999 0.000002 0.000000 0.005395 -0.004414 0.894106
    39 -4.154907 -15.016019 -3.326469 1.597764 0.088690 0.002927
    40 0.025545 -1.273521 1.753304 0.000000 0.000000 0.000000
    41 0.001032 1.440453 -1.526783 0.000000 0.000000 0.000000
    42 0.004413 0.696487 -1.430595 0.000000 0.000000 0.000000
    43 0.580660 0.349014 -1.430595 0.000000 0.000000 0.000000
    44 0.583444 -0.305904 -1.430599 0.000000 0.000000 0.000000
    45 0.005318 -0.648720 -1.430599 0.000000 0.000000 0.000000
    46 -0.574618 -0.303123 -1.430601 0.000000 0.000000 0.000000
    47 -0.573714 0.348118 -1.430595 0.000000 0.000000 0.000000
    48 -0.029968 -0.059296 1.773438 -1.561870 -0.003783 0.018306
    49 0.041163 0.095589 -2.899426 -0.781108 -0.013985 0.002645
    50 0.081115 -2.496311 -0.915165 0.000000 0.000000 0.000000
    51 4.863281 2.800781 -18.203125 1.570792 0.000003 -0.000003
  time 255
    0 0.000000 -0.000006 0.000000 -1.570781 -1.391896 -1.570809
    1 1.208984 -4.433594 3.550781 1.596637 -1.286515 2.942961
    2 6.028141 0.000000 0.000000 -0.768890 -0.398212 -1.693334
    3 11.692554 0.000001 0.000000 -0.000024 0.000036 -1.281827
    4 11.481670 0.000001 -0.000031 0.906984 -0.446920 0.678029
    5 3.859711 -0.142405 -1.191975 -0.504594 0.047906 -1.429174
    6 1.312555 -0.000002 0.000000 0.011131 0.007501 -0.194554
    7 0.729363 -0.000002 -0.000002 -0.070387 -0.048874 -0.608494
    8 3.942337 0.046767 -0.431443 -0.148705 -0.029138 -1.299410
    9 1.539097 0.000000 0.000000 0.001988 -0.004187 -0.381435
    10 1.196325 -0.000002 -0.000001 0.000381 0.000040 -0.608416
    11 3.883698 -0.046765 0.431443 0.089174 -0.017791 -0.893346
    12 1.719570 -0.000004 -0.000001 0.028262 -0.032356 -1.007121
    13 1.209169 -0.000004 0.000000 0.004530 0.002545 -0.250147
    14 3.859863 -0.137946 1.332466 0.383458 0.020987 -0.993125
    15 1.719431 0.000002 0.000000 0.065902 -0.053028 -0.790855
    16 1.099667 0.000000 -0.000001 0.006436 0.001339 -0.309910
    17 0.806053 -0.348926 1.321258 -1.303853 -0.929124 -0.666403
    18 1.789778 -0.000002 0.000002 0.029484 0.109434 0.439690
    19 1.207005 0.000000 0.000002 -0.010653 0.004467 0.983588
    20 0.192017 -5.855469 -4.773438 -1.668474 1.286518 2.942953
    21 6.028145 0.000000 0.000000 1.196378 0.509929 -1.247575
    22 11.692554 0.000001 0.000002 0.000000 0.000000 -1.713304
    23 11.481699 0.000001 0.000001 -1.291376 0.240998 0.874816
    24 3.859680 -0.132567 1.193109 0.566845 -0.060495 -1.408450
    25 1.312555 -0.000002 0.000002 0.072278 -0.157178 -0.656760
    26 0.729365 0.000000 -0.000001 -0.023337 -0.412078 -1.179798
    27 3.942307 0.050327 0.431044 0.084249 -0.015145 -1.280306
    28 1.539099 -0.000002 0.000000 0.028455 -0.017392 -0.998558
    29 1.196321 0.000010 0.000000 -0.000519 0.009342 -1.131088
    30 3.883659 -0.050321 -0.431042 -0.047599 -0.027561 -1.047376
    31 1.719578 0.000002 0.000000 0.011337 0.002093 -1.500326
    32 1.209185 0.000002 0.000000 0.001786 -0.003742 -0.451851
    33 3.859840 -0.148937 -1.331282 -0.296378 0.195348 -0.060071
    34 1.719421 0.000002 0.000000 0.000954 -0.015214 -0.727850
    35 1.099669 0.000002 -0.000001 0.001685 0.001741 -0.527276
    36 0.951660 -1.145508 -1.398438 0.946433 0.322046 -0.595038
    37 1.789782 0.000000 -0.000004 -0.002343 -0.058956 0.305325
    38 1.206999 0.000002 0.000000 0.005395 -0.004414 0.894106
    39 -4.151001 -15.016019 -3.252248 1.595275 0.083864 0.003014
    40 0.025545 -1.273521 1.753304 0.000000 0.000000 0.000000
    41 0.001032 1.440453 -1.526783 0.000000 0.000000 0.000000
    42 0.004413 0.696487 -1.430595 0.000000 0.000000 0.000000
    43 0.580660 0.349014 -1.430595 0.000000 0.000000 0.000000
    44 0.583444 -0.305904 -1.430599 0.000000 0.000000 0.000000
    45 0.005318 -0.648720 -1.430599 0.000000 0.000000 0.000000
    46 -0.574618 -0.303123 -1.430601 0.000000 0.000000 0.000000
    47 -0.573714 0.348118 -1.430595 0.000000 0.000000 0.000000
    48 -0.029968 -0.059296 1.773438 -1.561870 -0.003783 0.018306
    49 0.041163 0.095589 -2.899426 -0.781108 -0.013985 0.002645
    50 0.081115 -2.496311 -0.915165 0.000000 0.000000 0.000000
    51 4.863281 2.800781 -18.203125 1.570792 0.000003 -0.000003
  time 256
    0 0.000000 -0.000006 0.000000 -1.570781 -1.391896 -1.570809
    1 1.208984 -4.433594 3.550781 1.596637 -1.286515 2.942961
    2 6.028141 0.000000 0.000000 -0.769309 -0.399499 -1.693809
    3 11.692554 0.000001 0.000000 -0.000036 0.000036 -1.285963
    4 11.481670 0.000001 -0.000031 0.912608 -0.448513 0.682096
    5 3.859711 -0.142405 -1.191975 -0.504594 0.047906 -1.429174
    6 1.312555 -0.000002 0.000000 0.011131 0.007501 -0.194554
    7 0.729363 -0.000002 -0.000002 -0.070387 -0.048874 -0.608494
    8 3.942337 0.046767 -0.431443 -0.148705 -0.029138 -1.299410
    9 1.539097 0.000000 0.000000 0.001988 -0.004187 -0.381435
    10 1.196325 -0.000002 -0.000001 0.000381 0.000040 -0.608416
    11 3.883698 -0.046765 0.431443 0.089174 -0.017791 -0.893346
    12 1.719570 -0.000004 -0.000001 0.028262 -0.032356 -1.007121
    13 1.209169 -0.000004 0.000000 0.004530 0.002545 -0.250147
    14 3.859863 -0.137946 1.332466 0.383458 0.020987 -0.993125
    15 1.719431 0.000002 0.000000 0.065902 -0.053028 -0.790855
    16 1.099667 0.000000 -0.000001 0.006436 0.001339 -0.309910
    17 0.806053 -0.348926 1.321258 -1.303853 -0.929124 -0.666403
    18 1.789778 -0.000002 0.000002 0.029484 0.109434 0.439690
    19 1.207005 0.000000 0.000002 -0.010653 0.004467 0.983588
    20 0.192017 -5.855469 -4.773438 -1.668474 1.286518 2.942953
    21 6.028145 0.000000 0.000000 1.195995 0.512458 -1.248609
    22 11.692554 0.000001 0.000002 0.000000 0.000000 -1.714117
    23 11.481699 0.000001 0.000001 -1.287763 0.240222 0.874816
    24 3.859680 -0.132567 1.193109 0.566845 -0.060495 -1.408450
    25 1.312555 -0.000002 0.000002 0.072278 -0.157178 -0.656760
    26 0.729365 0.000000 -0.000001 -0.023337 -0.412078 -1.179798
    27 3.942307 0.050327 0.431044 0.084249 -0.015145 -1.280306
    28 1.539099 -0.000002 0.000000 0.028455 -0.017392 -0.998558
    29 1.196321 0.000010 0.000000 -0.000519 0.009342 -1.131088
    30 3.883659 -0.050321 -0.431042 -0.047599 -0.027561 -1.047376
    31 1.719578 0.000002 0.000000 0.011337 0.002093 -1.500326
    32 1.209185 0.000002 0.000000 0.001786 -0.003742 -0.451851
    33 3.859840 -0.148937 -1.331282 -0.296378 0.195348 -0.060071
    34 1.719421 0.000002 0.000000 0.000954 -0.015214 -0.727850
    35 1.099669 0.000002 -0.000001 0.001685 0.001741 -0.527276
    36 0.951660 -1.145508 -1.398438 0.946433 0.322046 -0.595038
    37 1.789782 0.000000 -0.000004 -0.002343 -0.058956 0.305325
    38 1.206999 0.000002 0.000000 0.005395 -0.004414 0.894106
    39 -4.151001 -15.016019 -3.174121 1.592404 0.078992 0.003014
    40 0.025545 -1.273521 1.753304 0.000000 0.000000 0.000000
    41 0.001032 1.440453 -1.526783 0.000000 0.000000 0.000000
    42 0.004413 0.696487 -1.430595 0.000000 0.000000 0.000000
    43 0.580660 0.349014 -1.430595 0.000000 0.000000 0.000000
    44 0.583444 -0.305904 -1.430599 0.000000 0.000000 0.000000
    45 0.005318 -0.648720 -1.430599 0.000000 0.000000 0.000000
    46 -0.574618 -0.303123 -1.430601 0.000000 0.000000 0.000000
    47 -0.573714 0.348118 -1.430595 0.000000 0.000000 0.000000
    48 -0.029968 -0.059296 1.773438 -1.561870 -0.003783 0.018306
    49 0.041163 0.095589 -2.899426 -0.781108 -0.013985 0.002645
    50 0.081115 -2.496311 -0.915165 0.000000 0.000000 0.000000
    51 4.863281 2.800781 -18.203125 1.570792 0.000003 -0.000003
  time 257
    0 0.000000 -0.000006 0.000000 -1.570781 -1.391896 -1.570809
    1 1.208984 -4.433594 3.550781 1.596637 -1.286515 2.942961
    2 6.028141 0.000000 0.000000 -0.769766 -0.400785 -1.694285
    3 11.692554 0.000001 0.000000 -0.000036 0.000036 -1.289902
    4 11.481670 0.000001 -0.000031 0.918416 -0.450154 0.685805
    5 3.859711 -0.142405 -1.191975 -0.504594 0.047906 -1.429174
    6 1.312555 -0.000002 0.000000 0.011131 0.007501 -0.194554
    7 0.729363 -0.000002 -0.000002 -0.070387 -0.048874 -0.608494
    8 3.942337 0.046767 -0.431443 -0.148705 -0.029138 -1.299410
    9 1.539097 0.000000 0.000000 0.001988 -0.004187 -0.381435
    10 1.196325 -0.000002 -0.000001 0.000381 0.000040 -0.608416
    11 3.883698 -0.046765 0.431443 0.089174 -0.017791 -0.893346
    12 1.719570 -0.000004 -0.000001 0.028262 -0.032356 -1.007121
    13 1.209169 -0.000004 0.000000 0.004530 0.002545 -0.250147
    14 3.859863 -0.137946 1.332466 0.383458 0.020987 -0.993125
    15 1.719431 0.000002 0.000000 0.065902 -0.053028 -0.790855
    16 1.099667 0.000000 -0.000001 0.006436 0.001339 -0.309910
    17 0.806053 -0.348926 1.321258 -1.303853 -0.929124 -0.666403
    18 1.789778 -0.000002 0.000002 0.029484 0.109434 0.439690
    19 1.207005 0.000000 0.000002 -0.010653 0.004467 0.983588
    20 0.192017 -5.855469 -4.773438 -1.668474 1.286518 2.942953
    21 6.028145 0.000000 0.000000 1.195516 0.514939 -1.249644
    22 11.692554 0.000001 0.000002 0.000000 0.000000 -1.714708
    23 11.481699 0.000001 0.000001 -1.284207 0.239575 0.874331
    24 3.859680 -0.132567 1.193109 0.566845 -0.060495 -1.408450
    25 1.312555 -0.000002 0.000002 0.072278 -0.157178 -0.656760
    26 0.729365 0.000000 -0.000001 -0.023337 -0.412078 -1.179798
    27 3.942307 0.050327 0.431044 0.084249 -0.015145 -1.280306
    28 1.539099 -0.000002 0.000000 0.028455 -0.017392 -0.998558
    29 1.196321 0.000010 0.000000 -0.000519 0.009342 -1.131088
    30 3.883659 -0.050321 -0.431042 -0.047599 -0.027561 -1.047376
    31 1.719578 0.000002 0.000000 0.011337 0.002093 -1.500326
    32 1.209185 0.000002 0.000000 0.001786 -0.003742 -0.451851
    33 3.859840 -0.148937 -1.331282 -0.296378 0.195348 -0.060071
    34 1.719421 0.000002 0.000000 0.000954 -0.015214 -0.727850
    35 1.099669 0.000002 -0.000001 0.001685 0.001741 -0.527276
    36 0.951660 -1.145508 -1.398438 0.946433 0.322046 -0.595038
    37 1.789782 0.000000 -0.000004 -0.002343 -0.058956 0.305325
    38 1.206999 0.000002 0.000000 0.005395 -0.004414 0.894106
    39 -4.151001 -15.016019 -3.103806 1.589437 0.074073 0.003101
    40 0.025545 -1.273521 1.753304 0.000000 0.000000 0.000000
    41 0.001032 1.440453 -1.526783 0.000000 0.000000 0.000000
    42 0.004413 0.696487 -1.430595 0.000000 0.000000 0.000000
    43 0.580660 0.349014 -1.430595 0.000000 0.000000 0.000000
    44 0.583444 -0.305904 -1.430599 0.000000 0.000000 0.000000
    45 0.005318 -0.648720 -1.430599 0.000000 0.000000 0.000000
    46 -0.574618 -0.303123 -1.430601 0.000000 0.000000 0.000000
    47 -0.573714 0.348118 -1.430595 0.000000 0.000000 0.000000
    48 -0.029968 -0.059296 1.773438 -1.561870 -0.003783 0.018306
    49 0.041163 0.095589 -2.899426 -0.781108 -0.013985 0.002645
    50 0.081115 -2.496311 -0.915165 0.000000 0.000000 0.000000
    51 4.863281 2.800781 -18.203125 1.570792 0.000003 -0.000003
  time 258
    0 0.000000 -0.000006 0.000000 -1.570781 -1.391896 -1.570809
    1 1.208984 -4.433594 3.550781 1.596637 -1.286515 2.942961
    2 6.028141 0.000000 0.000000 -0.770261 -0.402071 -1.694713
    3 11.692554 0.000001 0.000000 -0.000036 0.000036 -1.293643
    4 11.481670 0.000001 -0.000031 0.924317 -0.451795 0.689087
    5 3.859711 -0.142405 -1.191975 -0.504594 0.047906 -1.429174
    6 1.312555 -0.000002 0.000000 0.011131 0.007501 -0.194554
    7 0.729363 -0.000002 -0.000002 -0.070387 -0.048874 -0.608494
    8 3.942337 0.046767 -0.431443 -0.148705 -0.029138 -1.299410
    9 1.539097 0.000000 0.000000 0.001988 -0.004187 -0.381435
    10 1.196325 -0.000002 -0.000001 0.000381 0.000040 -0.608416
    11 3.883698 -0.046765 0.431443 0.089174 -0.017791 -0.893346
    12 1.719570 -0.000004 -0.000001 0.028262 -0.032356 -1.007121
    13 1.209169 -0.000004 0.000000 0.004530 0.002545 -0.250147
    14 3.859863 -0.137946 1.332466 0.383458 0.020987 -0.993125
    15 1.719431 0.000002 0.000000 0.065902 -0.053028 -0.790855
    16 1.099667 0.000000 -0.000001 0.006436 0.001339 -0.309910
    17 0.806053 -0.348926 1.321258 -1.303853 -0.929124 -0.666403
    18 1.789778 -0.000002 0.000002 0.029484 0.109434 0.439690
    19 1.207005 0.000000 0.000002 -0.010653 0.004467 0.983588
    20 0.192017 -5.855469 -4.773438 -1.668474 1.286518 2.942953
    21 6.028145 0.000000 0.000000 1.195132 0.517277 -1.250679
    22 11.692554 0.000001 0.000002 0.000000 0.000000 -1.715077
    23 11.481699 0.000001 0.000001 -1.280651 0.238972 0.873459
    24 3.859680 -0.132567 1.193109 0.566845 -0.060495 -1.408450
    25 1.312555 -0.000002 0.000002 0.072278 -0.157178 -0.656760
    26 0.729365 0.000000 -0.000001 -0.023337 -0.412078 -1.179798
    27 3.942307 0.050327 0.431044 0.084249 -0.015145 -1.280306
    28 1.539099 -0.000002 0.000000 0.028455 -0.017392 -0.998558
    29 1.196321 0.000010 0.000000 -0.000519 0.009342 -1.131088
    30 3.883659 -0.050321 -0.431042 -0.047599 -0.027561 -1.047376
    31 1.719578 0.000002 0.000000 0.011337 0.002093 -1.500326
    32 1.209185 0.000002 0.000000 0.001786 -0.003742 -0.451851
    33 3.859840 -0.148937 -1.331282 -0.296378 0.195348 -0.060071
    34 1.719421 0.000002 0.000000 0.000954 -0.015214 -0.727850
    35 1.099669 0.000002 -0.000001 0.001685 0.001741 -0.527276
    36 0.951660 -1.145508 -1.398438 0.946433 0.322046 -0.595038
    37 1.789782 0.000000 -0.000004 -0.002343 -0.058956 0.305325
    38 1.206999 0.000002 0.000000 0.005395 -0.004414 0.894106
    39 -4.147094 -15.016019 -3.029585 1.586278 0.069154 0.003101
    40 0.025545 -1.273521 1.753304 0.000000 0.000000 0.000000
    41 0.001032 1.440453 -1.526783 0.000000 0.000000 0.000000
    42 0.004413 0.696487 -1.430595 0.000000 0.000000 0.000000
    43 0.580660 0.349014 -1.430595 0.000000 0.000000 0.000000
    44 0.583444 -0.305904 -1.430599 0.000000 0.000000 0.000000
    45 0.005318 -0.648720 -1.430599 0.000000 0.000000 0.000000
    46 -0.574618 -0.303123 -1.430601 0.000000 0.000000 0.000000
    47 -0.573714 0.348118 -1.430595 0.000000 0.000000 0.000000
    48 -0.029968 -0.059296 1.773438 -1.561870 -0.003783 0.018306
    49 0.041163 0.095589 -2.899426 -0.781108 -0.013985 0.002645
    50 0.081115 -2.496311 -0.915165 0.000000 0.000000 0.000000
    51 4.863281 2.800781 -18.203125 1.570792 0.000003 -0.000003
  time 259
    0 0.000000 -0.000006 0.000000 -1.570781 -1.391896 -1.570809
    1 1.208984 -4.433594 3.550781 1.596637 -1.286515 2.942961
    2 6.028141 0.000000 0.000000 -0.770794 -0.403312 -1.695093
    3 11.692554 0.000001 0.000000 -0.000024 0.000036 -1.297057
    4 11.481670 0.000001 -0.000031 0.930310 -0.453388 0.691940
    5 3.859711 -0.142405 -1.191975 -0.504594 0.047906 -1.429174
    6 1.312555 -0.000002 0.000000 0.011131 0.007501 -0.194554
    7 0.729363 -0.000002 -0.000002 -0.070387 -0.048874 -0.608494
    8 3.942337 0.046767 -0.431443 -0.148705 -0.029138 -1.299410
    9 1.539097 0.000000 0.000000 0.001988 -0.004187 -0.381435
    10 1.196325 -0.000002 -0.000001 0.000381 0.000040 -0.608416
    11 3.883698 -0.046765 0.431443 0.089174 -0.017791 -0.893346
    12 1.719570 -0.000004 -0.000001 0.028262 -0.032356 -1.007121
    13 1.209169 -0.000004 0.000000 0.004530 0.002545 -0.250147
    14 3.859863 -0.137946 1.332466 0.383458 0.020987 -0.993125
    15 1.719431 0.000002 0.000000 0.065902 -0.053028 -0.790855
    16 1.099667 0.000000 -0.000001 0.006436 0.001339 -0.309910
    17 0.806053 -0.348926 1.321258 -1.303853 -0.929124 -0.666403
    18 1.789778 -0.000002 0.000002 0.029484 0.109434 0.439690
    19 1.207005 0.000000 0.000002 -0.010653 0.004467 0.983588
    20 0.192017 -5.855469 -4.773438 -1.668474 1.286518 2.942953
    21 6.028145 0.000000 0.000000 1.194653 0.519472 -1.251714
    22 11.692554 0.000001 0.000002 0.000000 0.000000 -1.715373
    23 11.481699 0.000001 0.000001 -1.277151 0.238498 0.872246
    24 3.859680 -0.132567 1.193109 0.566845 -0.060495 -1.408450
    25 1.312555 -0.000002 0.000002 0.072278 -0.157178 -0.656760
    26 0.729365 0.000000 -0.000001 -0.023337 -0.412078 -1.179798
    27 3.942307 0.050327 0.431044 0.084249 -0.015145 -1.280306
    28 1.539099 -0.000002 0.000000 0.028455 -0.017392 -0.998558
    29 1.196321 0.000010 0.000000 -0.000519 0.009342 -1.131088
    30 3.883659 -0.050321 -0.431042 -0.047599 -0.027561 -1.047376
    31 1.719578 0.000002 0.000000 0.011337 0.002093 -1.500326
    32 1.209185 0.000002 0.000000 0.001786 -0.003742 -0.451851
    33 3.859840 -0.148937 -1.331282 -0.296378 0.195348 -0.060071
    34 1.719421 0.000002 0.000000 0.000954 -0.015214 -0.727850
    35 1.099669 0.000002 -0.000001 0.001685 0.001741 -0.527276
    36 0.951660 -1.145508 -1.398438 0.946433 0.322046 -0.595038
    37 1.789782 0.000000 -0.000004 -0.002343 -0.058956 0.305325
    38 1.206999 0.000002 0.000000 0.005395 -0.004414 0.894106
    39 -4.147094 -15.012113 -2.963177 1.583120 0.064281 0.003188
    40 0.025545 -1.273521 1.753304 0.000000 0.000000 0.000000
    41 0.001032 1.440453 -1.526783 0.000000 0.000000 0.000000
    42 0.004413 0.696487 -1.430595 0.000000 0.000000 0.000000
    43 0.580660 0.349014 -1.430595 0.000000 0.000000 0.000000
    44 0.583444 -0.305904 -1.430599 0.000000 0.000000 0.000000
    45 0.005318 -0.648720 -1.430599 0.000000 0.000000 0.000000
    46 -0.574618 -0.303123 -1.430601 0.000000 0.000000 0.000000
    47 -0.573714 0.348118 -1.430595 0.000000 0.000000 0.000000
    48 -0.029968 -0.059296 1.773438 -1.561870 -0.003783 0.018306
    49 0.041163 0.095589 -2.899426 -0.781108 -0.013985 0.002645
    50 0.081115 -2.496311 -0.915165 0.000000 0.000000 0.000000
    51 4.863281 2.800781 -18.203125 1.570792 0.000003 -0.000003
  time 260
    0 0.000000 -0.000006 0.000000 -1.570781 -1.391896 -1.570809
    1 1.208984 -4.433594 3.550781 1.596637 -1.286515 2.942961
    2 6.028141 0.000000 0.000000 -0.771327 -0.404552 -1.695426
    3 11.692554 0.000001 0.000000 -0.000036 0.000036 -1.300208
    4 11.481670 0.000001 -0.000031 0.936210 -0.454932 0.694366
    5 3.859711 -0.142405 -1.191975 -0.504594 0.047906 -1.429174
    6 1.312555 -0.000002 0.000000 0.011131 0.007501 -0.194554
    7 0.729363 -0.000002 -0.000002 -0.070387 -0.048874 -0.608494
    8 3.942337 0.046767 -0.431443 -0.148705 -0.029138 -1.299410
    9 1.539097 0.000000 0.000000 0.001988 -0.004187 -0.381435
    10 1.196325 -0.000002 -0.000001 0.000381 0.000040 -0.608416
    11 3.883698 -0.046765 0.431443 0.089174 -0.017791 -0.893346
    12 1.719570 -0.000004 -0.000001 0.028262 -0.032356 -1.007121
    13 1.209169 -0.000004 0.000000 0.004530 0.002545 -0.250147
    14 3.859863 -0.137946 1.332466 0.383458 0.020987 -0.993125
    15 1.719431 0.000002 0.000000 0.065902 -0.053028 -0.790855
    16 1.099667 0.000000 -0.000001 0.006436 0.001339 -0.309910
    17 0.806053 -0.348926 1.321258 -1.303853 -0.929124 -0.666403
    18 1.789778 -0.000002 0.000002 0.029484 0.109434 0.439690
    19 1.207005 0.000000 0.000002 -0.010653 0.004467 0.983588
    20 0.192017 -5.855469 -4.773438 -1.668474 1.286518 2.942953
    21 6.028145 0.000000 0.000000 1.194079 0.521524 -1.252655
    22 11.692554 0.000001 0.000002 0.000000 0.000000 -1.715447
    23 11.481699 0.000001 0.000001 -1.273651 0.238110 0.870695
    24 3.859680 -0.132567 1.193109 0.566845 -0.060495 -1.408450
    25 1.312555 -0.000002 0.000002 0.072278 -0.157178 -0.656760
    26 0.729365 0.000000 -0.000001 -0.023337 -0.412078 -1.179798
    27 3.942307 0.050327 0.431044 0.084249 -0.015145 -1.280306
    28 1.539099 -0.000002 0.000000 0.028455 -0.017392 -0.998558
    29 1.196321 0.000010 0.000000 -0.000519 0.009342 -1.131088
    30 3.883659 -0.050321 -0.431042 -0.047599 -0.027561 -1.047376
    31 1.719578 0.000002 0.000000 0.011337 0.002093 -1.500326
    32 1.209185 0.000002 0.000000 0.001786 -0.003730 -0.451851
    33 3.859840 -0.148937 -1.331282 -0.296378 0.195348 -0.060071
    34 1.719421 0.000002 0.000000 0.000954 -0.015214 -0.727850
    35 1.099669 0.000002 -0.000001 0.001685 0.001741 -0.527276
    36 0.951660 -1.145508 -1.398438 0.946433 0.322046 -0.595038
    37 1.789782 0.000000 -0.000004 -0.002343 -0.058956 0.305325
    38 1.206999 0.000002 0.000000 0.005395 -0.004414 0.894106
    39 -4.147094 -15.012113 -2.900675 1.579961 0.059455 0.003188
    40 0.025545 -1.273521 1.753304 0.000000 0.000000 0.000000
    41 0.001032 1.440453 -1.526783 0.000000 0.000000 0.000000
    42 0.004413 0.696487 -1.430595 0.000000 0.000000 0.000000
    43 0.580660 0.349014 -1.430595 0.000000 0.000000 0.000000
    44 0.583444 -0.305904 -1.430599 0.000000 0.000000 0.000000
    45 0.005318 -0.648720 -1.430599 0.000000 0.000000 0.000000
    46 -0.574618 -0.303123 -1.430601 0.000000 0.000000 0.000000
    47 -0.573714 0.348118 -1.430595 0.000000 0.000000 0.000000
    48 -0.029968 -0.059296 1.773438 -1.561870 -0.003783 0.018306
    49 0.041163 0.095589 -2.899426 -0.781108 -0.013985 0.002645
    50 0.081115 -2.496311 -0.915165 0.000000 0.000000 0.000000
    51 4.863281 2.800781 -18.203125 1.570792 0.000003 -0.000003
  time 261
    0 0.000000 -0.000006 0.000000 -1.570781 -1.391896 -1.570809
    1 1.208984 -4.433594 3.550781 1.596637 -1.286515 2.942961
    2 6.028141 0.000000 0.000000 -0.771899 -0.405655 -1.695711
    3 11.692554 0.000001 0.000000 -0.000024 0.000036 -1.303097
    4 11.481670 0.000001 -0.000031 0.942110 -0.456428 0.696435
    5 3.859711 -0.142405 -1.191975 -0.504594 0.047906 -1.429174
    6 1.312555 -0.000002 0.000000 0.011131 0.007501 -0.194554
    7 0.729363 -0.000002 -0.000002 -0.070387 -0.048874 -0.608494
    8 3.942337 0.046767 -0.431443 -0.148705 -0.029138 -1.299410
    9 1.539097 0.000000 0.000000 0.001988 -0.004187 -0.381435
    10 1.196325 -0.000002 -0.000001 0.000381 0.000040 -0.608416
    11 3.883698 -0.046765 0.431443 0.089174 -0.017791 -0.893346
    12 1.719570 -0.000004 -0.000001 0.028262 -0.032356 -1.007121
    13 1.209169 -0.000004 0.000000 0.004530 0.002545 -0.250147
    14 3.859863 -0.137946 1.332466 0.383458 0.020987 -0.993125
    15 1.719431 0.000002 0.000000 0.065902 -0.053028 -0.790855
    16 1.099667 0.000000 -0.000001 0.006436 0.001339 -0.309910
    17 0.806053 -0.348926 1.321258 -1.303853 -0.929124 -0.666403
    18 1.789778 -0.000002 0.000002 0.029484 0.109434 0.439690
    19 1.207005 0.000000 0.000002 -0.010653 0.004467 0.983588
    20 0.192017 -5.855469 -4.773438 -1.668474 1.286518 2.942953
    21 6.028145 0.000000 0.000000 1.193600 0.523385 -1.253502
    22 11.692554 0.000001 0.000002 0.000000 0.000000 -1.715373
    23 11.481699 0.000001 0.000001 -1.270264 0.237808 0.868804
    24 3.859680 -0.132567 1.193109 0.566845 -0.060495 -1.408450
    25 1.312555 -0.000002 0.000002 0.072278 -0.157178 -0.656760
    26 0.729365 0.000000 -0.000001 -0.023337 -0.412078 -1.179798
    27 3.942307 0.050327 0.431044 0.084249 -0.015145 -1.280306
    28 1.539099 -0.000002 0.000000 0.028455 -0.017392 -0.998558
    29 1.196321 0.000010 0.000000 -0.000519 0.009342 -1.131088
    30 3.883659 -0.050321 -0.431042 -0.047599 -0.027561 -1.047376
    31 1.719578 0.000002 0.000000 0.011337 0.002093 -1.500326
    32 1.209185 0.000002 0.000000 0.001786 -0.003742 -0.451851
    33 3.859840 -0.148937 -1.331282 -0.296378 0.195348 -0.060071
    34 1.719421 0.000002 0.000000 0.000954 -0.015214 -0.727850
    35 1.099669 0.000002 -0.000001 0.001685 0.001741 -0.527276
    36 0.951660 -1.145508 -1.398438 0.946433 0.322046 -0.595038
    37 1.789782 0.000000 -0.000004 -0.002343 -0.058956 0.305325
    38 1.206999 0.000002 0.000000 0.005395 -0.004414 0.894106
    39 -4.147094 -15.012113 -2.842080 1.576803 0.054768 0.003274
    40 0.025545 -1.273521 1.753304 0.000000 0.000000 0.000000
    41 0.001032 1.440453 -1.526783 0.000000 0.000000 0.000000
    42 0.004413 0.696487 -1.430595 0.000000 0.000000 0.000000
    43 0.580660 0.349014 -1.430595 0.000000 0.000000 0.000000
    44 0.583444 -0.305904 -1.430599 0.000000 0.000000 0.000000
    45 0.005318 -0.648720 -1.430599 0.000000 0.000000 0.000000
    46 -0.574618 -0.303123 -1.430601 0.000000 0.000000 0.000000
    47 -0.573714 0.348118 -1.430595 0.000000 0.000000 0.000000
    48 -0.029968 -0.059296 1.773438 -1.561870 -0.003783 0.018306
    49 0.041163 0.095589 -2.899426 -0.781108 -0.013985 0.002645
    50 0.081115 -2.496311 -0.915165 0.000000 0.000000 0.000000
    51 4.863281 2.800781 -18.203125 1.570792 0.000003 -0.000003
  time 262
    0 0.000000 -0.000006 0.000000 -1.570781 -1.391896 -1.570809
    1 1.208984 -4.433594 3.550781 1.596637 -1.286515 2.942961
    2 6.028141 0.000000 0.000000 -0.772470 -0.406712 -1.695854
    3 11.692554 0.000001 0.000000 -0.000036 0.000036 -1.305657
    4 11.481670 0.000001 -0.000031 0.947734 -0.457828 0.698147
    5 3.859711 -0.142405 -1.191975 -0.504594 0.047906 -1.429174
    6 1.312555 -0.000002 0.000000 0.011131 0.007501 -0.194554
    7 0.729363 -0.000002 -0.000002 -0.070387 -0.048874 -0.608494
    8 3.942337 0.046767 -0.431443 -0.148705 -0.029138 -1.299410
    9 1.539097 0.000000 0.000000 0.001988 -0.004187 -0.381435
    10 1.196325 -0.000002 -0.000001 0.000381 0.000040 -0.608416
    11 3.883698 -0.046765 0.431443 0.089174 -0.017791 -0.893346
    12 1.719570 -0.000004 -0.000001 0.028262 -0.032356 -1.007121
    13 1.209169 -0.000004 0.000000 0.004530 0.002545 -0.250147
    14 3.859863 -0.137946 1.332466 0.383458 0.020987 -0.993125
    15 1.719431 0.000002 0.000000 0.065902 -0.053028 -0.790855
    16 1.099667 0.000000 -0.000001 0.006436 0.001339 -0.309910
    17 0.806053 -0.348926 1.321258 -1.303853 -0.929124 -0.666403
    18 1.789778 -0.000002 0.000002 0.029484 0.109434 0.439690
    19 1.207005 0.000000 0.000002 -0.010653 0.004467 0.983588
    20 0.192017 -5.855469 -4.773438 -1.668474 1.286518 2.942953
    21 6.028145 0.000000 0.000000 1.193025 0.524960 -1.254348
    22 11.692554 0.000001 0.000002 0.000000 0.000000 -1.715151
    23 11.481699 0.000001 0.000001 -1.266877 0.237636 0.866719
    24 3.859680 -0.132567 1.193109 0.566845 -0.060495 -1.408450
    25 1.312555 -0.000002 0.000002 0.072278 -0.157178 -0.656760
    26 0.729365 0.000000 -0.000001 -0.023337 -0.412078 -1.179798
    27 3.942307 0.050327 0.431044 0.084249 -0.015145 -1.280306
    28 1.539099 -0.000002 0.000000 0.028455 -0.017392 -0.998558
    29 1.196321 0.000010 0.000000 -0.000519 0.009342 -1.131088
    30 3.883659 -0.050321 -0.431042 -0.047599 -0.027561 -1.047376
    31 1.719578 0.000002 0.000000 0.011337 0.002093 -1.500326
    32 1.209185 0.000002 0.000000 0.001786 -0.003742 -0.451851
    33 3.859840 -0.148937 -1.331282 -0.296378 0.195348 -0.060071
    34 1.719421 0.000002 0.000000 0.000954 -0.015214 -0.727850
    35 1.099669 0.000002 -0.000001 0.001685 0.001741 -0.527276
    36 0.951660 -1.145508 -1.398438 0.946433 0.322046 -0.595038
    37 1.789782 0.000000 -0.000004 -0.002343 -0.058956 0.305325
    38 1.206999 0.000002 0.000000 0.005395 -0.004414 0.894106
    39 -4.143188 -15.012113 -2.791297 1.573835 0.050174 0.003274
    40 0.025545 -1.273521 1.753304 0.000000 0.000000 0.000000
    41 0.001032 1.440453 -1.526783 0.000000 0.000000 0.000000
    42 0.004413 0.696487 -1.430595 0.000000 0.000000 0.000000
    43 0.580660 0.349014 -1.430595 0.000000 0.000000 0.000000
    44 0.583444 -0.305904 -1.430599 0.000000 0.000000 0.000000
    45 0.005318 -0.648720 -1.430599 0.000000 0.000000 0.000000
    46 -0.574618 -0.303123 -1.430601 0.000000 0.000000 0.000000
    47 -0.573714 0.348118 -1.430595 0.000000 0.000000 0.000000
    48 -0.029968 -0.059296 1.773438 -1.561870 -0.003783 0.018306
    49 0.041163 0.095589 -2.899426 -0.781108 -0.013985 0.002645
    50 0.081115 -2.496311 -0.915165 0.000000 0.000000 0.000000
    51 4.863281 2.800781 -18.203125 1.570792 0.000003 -0.000003
  time 263
    0 0.000000 -0.000006 0.000000 -1.570781 -1.391896 -1.570809
    1 1.208984 -4.433594 3.550781 1.596637 -1.286515 2.942961
    2 6.028141 0.000000 0.000000 -0.773117 -0.407631 -1.695902
    3 11.692554 0.000001 0.000000 -0.000036 0.000036 -1.307824
    4 11.481670 0.000001 -0.000031 0.953082 -0.459131 0.699502
    5 3.859711 -0.142405 -1.191975 -0.504594 0.047906 -1.429174
    6 1.312555 -0.000002 0.000000 0.011131 0.007501 -0.194554
    7 0.729363 -0.000002 -0.000002 -0.070387 -0.048874 -0.608494
    8 3.942337 0.046767 -0.431443 -0.148705 -0.029138 -1.299410
    9 1.539097 0.000000 0.000000 0.001988 -0.004187 -0.381435
    10 1.196325 -0.000002 -0.000001 0.000381 0.000040 -0.608416
    11 3.883698 -0.046765 0.431443 0.089174 -0.017791 -0.893346
    12 1.719570 -0.000004 -0.000001 0.028262 -0.032356 -1.007121
    13 1.209169 -0.000004 0.000000 0.004530 0.002545 -0.250147
    14 3.859863 -0.137946 1.332466 0.383458 0.020987 -0.993125
    15 1.719431 0.000002 0.000000 0.065902 -0.053028 -0.790855
    16 1.099667 0.000000 -0.000001 0.006436 0.001339 -0.309910
    17 0.806053 -0.348926 1.321258 -1.303853 -0.929124 -0.666403
    18 1.789778 -0.000002 0.000002 0.029484 0.109434 0.439690
    19 1.207005 0.000000 0.000002 -0.010653 0.004467 0.983588
    20 0.192017 -5.855469 -4.773438 -1.668474 1.286518 2.942953
    21 6.028145 0.000000 0.000000 1.192450 0.526344 -1.255101
    22 11.692554 0.000001 0.000002 0.000000 0.000000 -1.714782
    23 11.481699 0.000001 0.000001 -1.263602 0.237506 0.864440
    24 3.859680 -0.132567 1.193109 0.566845 -0.060495 -1.408450
    25 1.312555 -0.000002 0.000002 0.072278 -0.157178 -0.656760
    26 0.729365 0.000000 -0.000001 -0.023337 -0.412078 -1.179798
    27 3.942307 0.050327 0.431044 0.084249 -0.015145 -1.280306
    28 1.539099 -0.000002 0.000000 0.028455 -0.017392 -0.998558
    29 1.196321 0.000010 0.000000 -0.000519 0.009342 -1.131088
    30 3.883659 -0.050321 -0.431042 -0.047599 -0.027561 -1.047376
    31 1.719578 0.000002 0.000000 0.011337 0.002093 -1.500326
    32 1.209185 0.000002 0.000000 0.001786 -0.003730 -0.451851
    33 3.859840 -0.148937 -1.331282 -0.296378 0.195348 -0.060071
    34 1.719421 0.000002 0.000000 0.000954 -0.015214 -0.727850
    35 1.099669 0.000002 -0.000001 0.001685 0.001741 -0.527276
    36 0.951660 -1.145508 -1.398438 0.946433 0.322046 -0.595038
    37 1.789782 0.000000 -0.000004 -0.002343 -0.058956 0.305325
    38 1.206999 0.000002 0.000000 0.005395 -0.004414 0.894106
    39 -4.143188 -15.012113 -2.744420 1.571060 0.045766 0.003361
    40 0.025545 -1.273521 1.753304 0.000000 0.000000 0.000000
    41 0.001032 1.440453 -1.526783 0.000000 0.000000 0.000000
    42 0.004413 0.696487 -1.430595 0.000000 0.000000 0.000000
    43 0.580660 0.349014 -1.430595 0.000000 0.000000 0.000000
    44 0.583444 -0.305904 -1.430599 0.000000 0.000000 0.000000
    45 0.005318 -0.648720 -1.430599 0.000000 0.000000 0.000000
    46 -0.574618 -0.303123 -1.430601 0.000000 0.000000 0.000000
    47 -0.573714 0.348118 -1.430595 0.000000 0.000000 0.000000
    48 -0.029968 -0.059296 1.773438 -1.561870 -0.003783 0.018306
    49 0.041163 0.095589 -2.899426 -0.781108 -0.013985 0.002645
    50 0.081115 -2.496311 -0.915165 0.000000 0.000000 0.000000
    51 4.863281 2.800781 -18.203125 1.570792 0.000003 -0.000003
  time 264
    0 0.000000 -0.000006 0.000000 -1.570781 -1.391896 -1.570809
    1 1.208984 -4.433594 3.550781 1.596637 -1.286515 2.942961
    2 6.028141 0.000000 0.000000 -0.773727 -0.408366 -1.695854
    3 11.692554 0.000001 0.000000 -0.000036 0.000036 -1.309727
    4 11.481670 0.000001 -0.000031 0.958152 -0.460338 0.700501
    5 3.859711 -0.142405 -1.191975 -0.504594 0.047906 -1.429174
    6 1.312555 -0.000002 0.000000 0.011131 0.007501 -0.194554
    7 0.729363 -0.000002 -0.000002 -0.070387 -0.048874 -0.608494
    8 3.942337 0.046767 -0.431443 -0.148705 -0.029138 -1.299410
    9 1.539097 0.000000 0.000000 0.001988 -0.004187 -0.381435
    10 1.196325 -0.000002 -0.000001 0.000381 0.000040 -0.608416
    11 3.883698 -0.046765 0.431443 0.089174 -0.017791 -0.893346
    12 1.719570 -0.000004 -0.000001 0.028262 -0.032356 -1.007121
    13 1.209169 -0.000004 0.000000 0.004530 0.002545 -0.250147
    14 3.859863 -0.137946 1.332466 0.383458 0.020987 -0.993125
    15 1.719431 0.000002 0.000000 0.065902 -0.053028 -0.790855
    16 1.099667 0.000000 -0.000001 0.006436 0.001339 -0.309910
    17 0.806053 -0.348926 1.321258 -1.303853 -0.929124 -0.666403
    18 1.789778 -0.000002 0.000002 0.029484 0.109434 0.439690
    19 1.207005 0.000000 0.000002 -0.010653 0.004467 0.983588
    20 0.192017 -5.855469 -4.773438 -1.668474 1.286518 2.942953
    21 6.028145 0.000000 0.000000 1.191875 0.527346 -1.255760
    22 11.692554 0.000001 0.000002 0.000000 0.000000 -1.714191
    23 11.481699 0.000001 0.000001 -1.260385 0.237463 0.861967
    24 3.859680 -0.132567 1.193109 0.566845 -0.060495 -1.408450
    25 1.312555 -0.000002 0.000002 0.072278 -0.157178 -0.656760
    26 0.729365 0.000000 -0.000001 -0.023337 -0.412078 -1.179798
    27 3.942307 0.050327 0.431044 0.084249 -0.015145 -1.280306
    28 1.539099 -0.000002 0.000000 0.028455 -0.017392 -0.998558
    29 1.196321 0.000010 0.000000 -0.000519 0.009342 -1.131088
    30 3.883659 -0.050321 -0.431042 -0.047599 -0.027561 -1.047376
    31 1.719578 0.000002 0.000000 0.011337 0.002093 -1.500326
    32 1.209185 0.000002 0.000000 0.001786 -0.003742 -0.451851
    33 3.859840 -0.148937 -1.331282 -0.296378 0.195348 -0.060071
    34 1.719421 0.000002 0.000000 0.000954 -0.015214 -0.727850
    35 1.099669 0.000002 -0.000001 0.001685 0.001741 -0.527276
    36 0.951660 -1.145508 -1.398438 0.946433 0.322046 -0.595038
    37 1.789782 0.000000 -0.000004 -0.002343 -0.058956 0.305325
    38 1.206999 0.000002 0.000000 0.005395 -0.004414 0.894106
    39 -4.143188 -15.012113 -2.709263 1.568475 0.041589 0.003361
    40 0.025545 -1.273521 1.753304 0.000000 0.000000 0.000000
    41 0.001032 1.440453 -1.526783 0.000000 0.000000 0.000000
    42 0.004413 0.696487 -1.430595 0.000000 0.000000 0.000000
    43 0.580660 0.349014 -1.430595 0.000000 0.000000 0.000000
    44 0.583444 -0.305904 -1.430599 0.000000 0.000000 0.000000
    45 0.005318 -0.648720 -1.430599 0.000000 0.000000 0.000000
    46 -0.574618 -0.303123 -1.430601 0.000000 0.000000 0.000000
    47 -0.573714 0.348118 -1.430595 0.000000 0.000000 0.000000
    48 -0.029968 -0.059296 1.773438 -1.561870 -0.003783 0.018306
    49 0.041163 0.095589 -2.899426 -0.781108 -0.013985 0.002645
    50 0.081115 -2.496311 -0.915165 0.000000 0.000000 0.000000
    51 4.863281 2.800781 -18.203125 1.570792 0.000003 -0.000003
  time 265
    0 0.000000 -0.000006 0.000000 -1.570781 -1.391896 -1.570809
    1 1.208984 -4.433594 3.550781 1.596637 -1.286515 2.942961
    2 6.028141 0.000000 0.000000 -0.774374 -0.408963 -1.695664
    3 11.692554 0.000001 0.000000 -0.000036 0.000036 -1.311237
    4 11.481670 0.000001 -0.000031 0.962854 -0.461399 0.701214
    5 3.859711 -0.142405 -1.191975 -0.504594 0.047906 -1.429174
    6 1.312555 -0.000002 0.000000 0.011131 0.007501 -0.194554
    7 0.729363 -0.000002 -0.000002 -0.070387 -0.048874 -0.608494
    8 3.942337 0.046767 -0.431443 -0.148705 -0.029138 -1.299410
    9 1.539097 0.000000 0.000000 0.001988 -0.004187 -0.381435
    10 1.196325 -0.000002 -0.000001 0.000381 0.000040 -0.608416
    11 3.883698 -0.046765 0.431443 0.089174 -0.017791 -0.893346
    12 1.719570 -0.000004 -0.000001 0.028262 -0.032356 -1.007121
    13 1.209169 -0.000004 0.000000 0.004542 0.002545 -0.250147
    14 3.859863 -0.137946 1.332466 0.383458 0.020987 -0.993125
    15 1.719431 0.000002 0.000000 0.065902 -0.053028 -0.790855
    16 1.099667 0.000000 -0.000001 0.006436 0.001339 -0.309910
    17 0.806053 -0.348926 1.321258 -1.303853 -0.929109 -0.666403
    18 1.789778 -0.000002 0.000002 0.029484 0.109434 0.439690
    19 1.207005 0.000000 0.000002 -0.010653 0.004467 0.983588
    20 0.192017 -5.855469 -4.773438 -1.668474 1.286518 2.942953
    21 6.028145 0.000000 0.000000 1.191300 0.528062 -1.256230
    22 11.692554 0.000001 0.000002 0.000000 0.000000 -1.713526
    23 11.481699 0.000001 0.000001 -1.257336 0.237463 0.859348
    24 3.859680 -0.132567 1.193109 0.566845 -0.060495 -1.408450
    25 1.312555 -0.000002 0.000002 0.072278 -0.157178 -0.656760
    26 0.729365 0.000000 -0.000001 -0.023337 -0.412078 -1.179798
    27 3.942307 0.050327 0.431044 0.084249 -0.015145 -1.280306
    28 1.539099 -0.000002 0.000000 0.028455 -0.017392 -0.998558
    29 1.196321 0.000010 0.000000 -0.000519 0.009342 -1.131088
    30 3.883659 -0.050321 -0.431042 -0.047599 -0.027561 -1.047376
    31 1.719578 0.000002 0.000000 0.011337 0.002093 -1.500326
    32 1.209185 0.000002 0.000000 0.001786 -0.003742 -0.451851
    33 3.859840 -0.148937 -1.331282 -0.296378 0.195348 -0.060071
    34 1.719421 0.000002 0.000000 0.000954 -0.015214 -0.727850
    35 1.099669 0.000002 -0.000001 0.001685 0.001741 -0.527276
    36 0.951660 -1.145508 -1.398438 0.946433 0.322046 -0.595038
    37 1.789782 0.000000 -0.000004 -0.002343 -0.058956 0.305325
    38 1.206999 0.000002 0.000000 0.005395 -0.004414 0.894106
    39 -4.143188 -15.012113 -2.681918 1.566274 0.037645 0.003361
    40 0.025545 -1.273521 1.753304 0.000000 0.000000 0.000000
    41 0.001032 1.440453 -1.526783 0.000000 0.000000 0.000000
    42 0.004413 0.696487 -1.430595 0.000000 0.000000 0.000000
    43 0.580660 0.349014 -1.430595 0.000000 0.000000 0.000000
    44 0.583444 -0.305904 -1.430599 0.000000 0.000000 0.000000
    45 0.005318 -0.648720 -1.430599 0.000000 0.000000 0.000000
    46 -0.574618 -0.303123 -1.430601 0.000000 0.000000 0.000000
    47 -0.573714 0.348118 -1.430595 0.000000 0.000000 0.000000
    48 -0.029968 -0.059296 1.773438 -1.561870 -0.003783 0.018306
    49 0.041163 0.095589 -2.899426 -0.781108 -0.013985 0.002645
    50 0.081115 -2.496311 -0.915165 0.000000 0.000000 0.000000
    51 4.863281 2.800781 -18.203125 1.570792 0.000003 -0.000003
  time 266
    0 0.000000 -0.000006 0.000000 -1.570781 -1.391896 -1.570809
    1 1.208984 -4.433594 3.550781 1.596637 -1.286515 2.942961
    2 6.028141 0.000000 0.000000 -0.775022 -0.409330 -1.695284
    3 11.692554 0.000001 0.000000 -0.000036 0.000036 -1.312419
    4 11.481670 0.000001 -0.000031 0.967095 -0.462316 0.701571
    5 3.859711 -0.142405 -1.191975 -0.504594 0.047906 -1.429174
    6 1.312555 -0.000002 0.000000 0.011131 0.007501 -0.194554
    7 0.729363 -0.000002 -0.000002 -0.070387 -0.048874 -0.608494
    8 3.942337 0.046767 -0.431443 -0.148705 -0.029138 -1.299410
    9 1.539097 0.000000 0.000000 0.001988 -0.004187 -0.381435
    10 1.196325 -0.000002 -0.000001 0.000381 0.000040 -0.608416
    11 3.883698 -0.046765 0.431443 0.089174 -0.017791 -0.893346
    12 1.719570 -0.000004 -0.000001 0.028262 -0.032356 -1.007121
    13 1.209169 -0.000004 0.000000 0.004530 0.002545 -0.250147
    14 3.859863 -0.137946 1.332466 0.383458 0.020987 -0.993125
    15 1.719431 0.000002 0.000000 0.065902 -0.053028 -0.790855
    16 1.099667 0.000000 -0.000001 0.006436 0.001339 -0.309910
    17 0.806053 -0.348926 1.321258 -1.303853 -0.929124 -0.666403
    18 1.789778 -0.000002 0.000002 0.029484 0.109434 0.439690
    19 1.207005 0.000000 0.000002 -0.010653 0.004467 0.983588
    20 0.192017 -5.855469 -4.773438 -1.668474 1.286518 2.942953
    21 6.028145 0.000000 0.000000 1.190725 0.528396 -1.256700
    22 11.692554 0.000001 0.000002 0.000000 0.000000 -1.712713
    23 11.481699 0.000001 0.000001 -1.254344 0.237550 0.856681
    24 3.859680 -0.132567 1.193109 0.566845 -0.060495 -1.408450
    25 1.312555 -0.000002 0.000002 0.072278 -0.157178 -0.656760
    26 0.729365 0.000000 -0.000001 -0.023337 -0.412078 -1.179798
    27 3.942307 0.050327 0.431044 0.084249 -0.015145 -1.280306
    28 1.539099 -0.000002 0.000000 0.028455 -0.017392 -0.998558
    29 1.196321 0.000010 0.000000 -0.000519 0.009342 -1.131088
    30 3.883659 -0.050321 -0.431042 -0.047599 -0.027561 -1.047376
    31 1.719578 0.000002 0.000000 0.011337 0.002093 -1.500326
    32 1.209185 0.000002 0.000000 0.001786 -0.003742 -0.451851
    33 3.859840 -0.148937 -1.331282 -0.296378 0.195348 -0.060071
    34 1.719421 0.000002 0.000000 0.000954 -0.015214 -0.727850
    35 1.099669 0.000002 -0.000001 0.001685 0.001741 -0.527276
    36 0.951660 -1.145508 -1.398438 0.946433 0.322046 -0.595038
    37 1.789782 0.000000 -0.000004 -0.002343 -0.058956 0.305325
    38 1.206999 0.000002 0.000000 0.005395 -0.004414 0.894106
    39 -4.143188 -15.012113 -2.662387 1.564455 0.033932 0.003448
    40 0.025545 -1.273521 1.753304 0.000000 0.000000 0.000000
    41 0.001032 1.440453 -1.526783 0.000000 0.000000 0.000000
    42 0.004413 0.696487 -1.430595 0.000000 0.000000 0.000000
    43 0.580660 0.349014 -1.430595 0.000000 0.000000 0.000000
    44 0.583444 -0.305904 -1.430599 0.000000 0.000000 0.000000
    45 0.005318 -0.648720 -1.430599 0.000000 0.000000 0.000000
    46 -0.574618 -0.303123 -1.430601 0.000000 0.000000 0.000000
    47 -0.573714 0.348118 -1.430595 0.000000 0.000000 0.000000
    48 -0.029968 -0.059296 1.773438 -1.561870 -0.003783 0.018306
    49 0.041163 0.095589 -2.899426 -0.781108 -0.013985 0.002645
    50 0.081115 -2.496311 -0.915165 0.000000 0.000000 0.000000
    51 4.863281 2.800781 -18.203125 1.570792 0.000003 -0.000003
  time 267
    0 0.000000 -0.000006 0.000000 -1.570781 -1.391896 -1.570809
    1 1.208984 -4.433594 3.550781 1.596637 -1.286515 2.942961
    2 6.028141 0.000000 0.000000 -0.775669 -0.409514 -1.694760
    3 11.692554 0.000001 0.000000 -0.000036 0.000036 -1.313141
    4 11.481670 0.000001 -0.000031 0.970691 -0.463137 0.701642
    5 3.859711 -0.142405 -1.191975 -0.504594 0.047906 -1.429174
    6 1.312555 -0.000002 0.000000 0.011131 0.007501 -0.194554
    7 0.729363 -0.000002 -0.000002 -0.070387 -0.048874 -0.608494
    8 3.942337 0.046767 -0.431443 -0.148705 -0.029138 -1.299410
    9 1.539097 0.000000 0.000000 0.001988 -0.004187 -0.381435
    10 1.196325 -0.000002 -0.000001 0.000381 0.000040 -0.608416
    11 3.883698 -0.046765 0.431443 0.089174 -0.017791 -0.893346
    12 1.719570 -0.000004 -0.000001 0.028262 -0.032356 -1.007121
    13 1.209169 -0.000004 0.000000 0.004530 0.002545 -0.250147
    14 3.859863 -0.137946 1.332466 0.383458 0.020987 -0.993125
    15 1.719431 0.000002 0.000000 0.065902 -0.053028 -0.790855
    16 1.099667 0.000000 -0.000001 0.006436 0.001339 -0.309910
    17 0.806053 -0.348926 1.321258 -1.303853 -0.929124 -0.666403
    18 1.789778 -0.000002 0.000002 0.029484 0.109434 0.439690
    19 1.207005 0.000000 0.000002 -0.010653 0.004467 0.983588
    20 0.192017 -5.855469 -4.773438 -1.668474 1.286518 2.942953
    21 6.028145 0.000000 0.000000 1.190055 0.528348 -1.256889
    22 11.692554 0.000001 0.000002 0.000000 0.000000 -1.711753
    23 11.481699 0.000001 0.000001 -1.251465 0.237636 0.853917
    24 3.859680 -0.132567 1.193109 0.566845 -0.060495 -1.408450
    25 1.312555 -0.000002 0.000002 0.072278 -0.157178 -0.656760
    26 0.729365 0.000000 -0.000001 -0.023337 -0.412078 -1.179798
    27 3.942307 0.050327 0.431044 0.084249 -0.015145 -1.280306
    28 1.539099 -0.000002 0.000000 0.028455 -0.017392 -0.998558
    29 1.196321 0.000010 0.000000 -0.000519 0.009342 -1.131088
    30 3.883659 -0.050321 -0.431042 -0.047599 -0.027561 -1.047376
    31 1.719578 0.000002 0.000000 0.011337 0.002093 -1.500360
    32 1.209185 0.000002 0.000000 0.001786 -0.003742 -0.451851
    33 3.859840 -0.148937 -1.331282 -0.296378 0.195348 -0.060071
    34 1.719421 0.000002 0.000000 0.000954 -0.015214 -0.727850
    35 1.099669 0.000002 -0.000001 0.001685 0.001741 -0.527276
    36 0.951660 -1.145508 -1.398438 0.946433 0.322046 -0.595038
    37 1.789782 0.000000 -0.000004 -0.002343 -0.058956 0.305325
    38 1.206999 0.000002 0.000000 0.005395 -0.004414 0.894106
    39 -4.143188 -15.012113 -2.658480 1.563020 0.030545 0.003448
    40 0.025545 -1.273521 1.753304 0.000000 0.000000 0.000000
    41 0.001032 1.440453 -1.526783 0.000000 0.000000 0.000000
    42 0.004413 0.696487 -1.430595 0.000000 0.000000 0.000000
    43 0.580660 0.349014 -1.430595 0.000000 0.000000 0.000000
    44 0.583444 -0.305904 -1.430599 0.000000 0.000000 0.000000
    45 0.005318 -0.648720 -1.430599 0.000000 0.000000 0.000000
    46 -0.574618 -0.303123 -1.430601 0.000000 0.000000 0.000000
    47 -0.573714 0.348118 -1.430595 0.000000 0.000000 0.000000
    48 -0.029968 -0.059296 1.773438 -1.561870 -0.003783 0.018306
    49 0.041163 0.095589 -2.899426 -0.781108 -0.013985 0.002645
    50 0.081115 -2.496311 -0.915165 0.000000 0.000000 0.000000
    51 4.863281 2.800781 -18.203125 1.570792 0.000003 -0.000003
  time 268
    0 0.000000 -0.000006 0.000000 -1.570781 -1.391896 -1.570809
    1 1.208984 -4.433594 3.550781 1.596637 -1.286515 2.942961
    2 6.028141 0.000000 0.000000 -0.776241 -0.409514 -1.694237
    3 11.692554 0.000001 0.000000 -0.000036 0.000036 -1.313798
    4 11.481670 0.000001 -0.000031 0.973733 -0.463813 0.701928
    5 3.859711 -0.142405 -1.191975 -0.504594 0.047906 -1.429174
    6 1.312555 -0.000002 0.000000 0.011131 0.007501 -0.194554
    7 0.729363 -0.000002 -0.000002 -0.070387 -0.048874 -0.608494
    8 3.942337 0.046767 -0.431443 -0.148705 -0.029138 -1.299410
    9 1.539097 0.000000 0.000000 0.001988 -0.004187 -0.381435
    10 1.196325 -0.000002 -0.000001 0.000381 0.000040 -0.608416
    11 3.883698 -0.046765 0.431443 0.089174 -0.017791 -0.893346
    12 1.719570 -0.000004 -0.000001 0.028262 -0.032356 -1.007121
    13 1.209169 -0.000004 0.000000 0.004530 0.002545 -0.250147
    14 3.859863 -0.137946 1.332466 0.383458 0.020987 -0.993125
    15 1.719431 0.000002 0.000000 0.065902 -0.053028 -0.790855
    16 1.099667 0.000000 -0.000001 0.006436 0.001339 -0.309910
    17 0.806053 -0.348926 1.321258 -1.303853 -0.929109 -0.666403
    18 1.789778 -0.000002 0.000002 0.029484 0.109434 0.439690
    19 1.207005 0.000000 0.000002 -0.010653 0.004467 0.983588
    20 0.192017 -5.855469 -4.773438 -1.668474 1.286518 2.942953
    21 6.028145 0.000000 0.000000 1.189576 0.528110 -1.257077
    22 11.692554 0.000001 0.000002 0.000000 0.000000 -1.710940
    23 11.481699 0.000001 0.000001 -1.248812 0.237722 0.851638
    24 3.859680 -0.132567 1.193109 0.566845 -0.060495 -1.408450
    25 1.312555 -0.000002 0.000002 0.072278 -0.157178 -0.656760
    26 0.729365 0.000000 -0.000001 -0.023337 -0.412078 -1.179798
    27 3.942307 0.050327 0.431044 0.084249 -0.015145 -1.280306
    28 1.539099 -0.000002 0.000000 0.028455 -0.017392 -0.998558
    29 1.196321 0.000010 0.000000 -0.000519 0.009342 -1.131088
    30 3.883659 -0.050321 -0.431042 -0.047599 -0.027561 -1.047376
    31 1.719578 0.000002 0.000000 0.011337 0.002093 -1.500326
    32 1.209185 0.000002 0.000000 0.001786 -0.003742 -0.451851
    33 3.859840 -0.148937 -1.331282 -0.296378 0.195348 -0.060071
    34 1.719421 0.000002 0.000000 0.000954 -0.015214 -0.727850
    35 1.099669 0.000002 -0.000001 0.001685 0.001741 -0.527276
    36 0.951660 -1.145508 -1.398438 0.946433 0.322046 -0.595038
    37 1.789782 0.000000 -0.000004 -0.002343 -0.058956 0.305325
    38 1.206999 0.000002 0.000000 0.005395 -0.004414 0.894106
    39 -4.143188 -15.012113 -2.658480 1.562158 0.027528 0.003535
    40 0.025545 -1.273521 1.753304 0.000000 0.000000 0.000000
    41 0.001032 1.440453 -1.526783 0.000000 0.000000 0.000000
    42 0.004413 0.696487 -1.430595 0.000000 0.000000 0.000000
    43 0.580660 0.349014 -1.430595 0.000000 0.000000 0.000000
    44 0.583444 -0.305904 -1.430599 0.000000 0.000000 0.000000
    45 0.005318 -0.648720 -1.430599 0.000000 0.000000 0.000000
    46 -0.574618 -0.303123 -1.430601 0.000000 0.000000 0.000000
    47 -0.573714 0.348118 -1.430595 0.000000 0.000000 0.000000
    48 -0.029968 -0.059296 1.773438 -1.561870 -0.003783 0.018306
    49 0.041163 0.095589 -2.899426 -0.781108 -0.013985 0.002645
    50 0.081115 -2.496311 -0.915165 0.000000 0.000000 0.000000
    51 4.863281 2.800781 -18.203125 1.570792 0.000003 -0.000003
  time 269
    0 0.000000 -0.000006 0.000000 -1.570781 -1.391896 -1.570809
    1 1.208984 -4.433594 3.550781 1.596637 -1.286515 2.942961
    2 6.028141 0.000000 0.000000 -0.776736 -0.409468 -1.693762
    3 11.692554 0.000001 0.000000 -0.000036 0.000036 -1.314651
    4 11.481670 0.000001 -0.000031 0.976038 -0.464295 0.702998
    5 3.859711 -0.142405 -1.191975 -0.504594 0.047906 -1.429174
    6 1.312555 -0.000002 0.000000 0.011131 0.007501 -0.194554
    7 0.729363 -0.000002 -0.000002 -0.070387 -0.048874 -0.608494
    8 3.942337 0.046767 -0.431443 -0.148705 -0.029138 -1.299410
    9 1.539097 0.000000 0.000000 0.001988 -0.004187 -0.381435
    10 1.196325 -0.000002 -0.000001 0.000381 0.000040 -0.608416
    11 3.883698 -0.046765 0.431443 0.089174 -0.017791 -0.893346
    12 1.719570 -0.000004 -0.000001 0.028262 -0.032356 -1.007121
    13 1.209169 -0.000004 0.000000 0.004530 0.002545 -0.250147
    14 3.859863 -0.137946 1.332466 0.383458 0.020987 -0.993125
    15 1.719431 0.000002 0.000000 0.065902 -0.053028 -0.790855
    16 1.099667 0.000000 -0.000001 0.006436 0.001339 -0.309910
    17 0.806053 -0.348926 1.321258 -1.303853 -0.929124 -0.666403
    18 1.789778 -0.000002 0.000002 0.029484 0.109434 0.439690
    19 1.207005 0.000000 0.000002 -0.010653 0.004467 0.983588
    20 0.192017 -5.855469 -4.773438 -1.668474 1.286518 2.942953
    21 6.028145 0.000000 0.000000 1.189001 0.527966 -1.257265
    22 11.692554 0.000001 0.000002 0.000000 0.000000 -1.710349
    23 11.481699 0.000001 0.000001 -1.246272 0.237679 0.850378
    24 3.859680 -0.132567 1.193109 0.566845 -0.060495 -1.408450
    25 1.312555 -0.000002 0.000002 0.072278 -0.157178 -0.656760
    26 0.729365 0.000000 -0.000001 -0.023337 -0.412078 -1.179798
    27 3.942307 0.050327 0.431044 0.084249 -0.015145 -1.280306
    28 1.539099 -0.000002 0.000000 0.028455 -0.017392 -0.998558
    29 1.196321 0.000010 0.000000 -0.000519 0.009342 -1.131088
    30 3.883659 -0.050321 -0.431042 -0.047599 -0.027561 -1.047376
    31 1.719578 0.000002 0.000000 0.011337 0.002093 -1.500326
    32 1.209185 0.000002 0.000000 0.001786 -0.003742 -0.451851
    33 3.859840 -0.148937 -1.331282 -0.296378 0.195348 -0.060071
    34 1.719421 0.000002 0.000000 0.000954 -0.015214 -0.727850
    35 1.099669 0.000002 -0.000001 0.001685 0.001741 -0.527276
    36 0.951660 -1.145508 -1.398438 0.946433 0.322046 -0.595038
    37 1.789782 0.000000 -0.000004 -0.002343 -0.058956 0.305325
    38 1.206999 0.000002 0.000000 0.005395 -0.004414 0.894106
    39 -4.143188 -15.012113 -2.658480 1.561871 0.024837 0.003535
    40 0.025545 -1.273521 1.753304 0.000000 0.000000 0.000000
    41 0.001032 1.440453 -1.526783 0.000000 0.000000 0.000000
    42 0.004413 0.696487 -1.430595 0.000000 0.000000 0.000000
    43 0.580660 0.349014 -1.430595 0.000000 0.000000 0.000000
    44 0.583444 -0.305904 -1.430599 0.000000 0.000000 0.000000
    45 0.005318 -0.648720 -1.430599 0.000000 0.000000 0.000000
    46 -0.574618 -0.303123 -1.430601 0.000000 0.000000 0.000000
    47 -0.573714 0.348118 -1.430595 0.000000 0.000000 0.000000
    48 -0.029968 -0.059296 1.773438 -1.561870 -0.003783 0.018306
    49 0.041163 0.095589 -2.899426 -0.781108 -0.013985 0.002645
    50 0.081115 -2.496311 -0.915165 0.000000 0.000000 0.000000
    51 4.863281 2.800781 -18.203125 1.570792 0.000003 -0.000003
  time 270
    0 0.000000 -0.000006 0.000000 -1.570781 -1.391896 -1.570809
    1 1.208984 -4.433594 3.550781 1.596637 -1.286515 2.942961
    2 6.028141 0.000000 0.000000 -0.777117 -0.409422 -1.693334
    3 11.692554 0.000001 0.000000 -0.000036 0.000036 -1.315570
    4 11.481670 0.000001 -0.000031 0.977882 -0.464681 0.704282
    5 3.859711 -0.142405 -1.191975 -0.504594 0.047906 -1.429174
    6 1.312555 -0.000002 0.000000 0.011131 0.007501 -0.194554
    7 0.729363 -0.000002 -0.000002 -0.070387 -0.048874 -0.608494
    8 3.942337 0.046767 -0.431443 -0.148705 -0.029138 -1.299410
    9 1.539097 0.000000 0.000000 0.001988 -0.004187 -0.381437
    10 1.196325 -0.000002 -0.000001 0.000382 0.000038 -0.608416
    11 3.883698 -0.046765 0.431443 0.089174 -0.017791 -0.893346
    12 1.719570 -0.000004 -0.000001 0.028262 -0.032356 -1.007121
    13 1.209169 -0.000004 0.000000 0.004530 0.002545 -0.250147
    14 3.859863 -0.137946 1.332466 0.383458 0.020987 -0.993125
    15 1.719431 0.000002 0.000000 0.065902 -0.053028 -0.790857
    16 1.099667 0.000000 -0.000001 0.006436 0.001339 -0.309910
    17 0.806053 -0.348926 1.321258 -1.303853 -0.929124 -0.666403
    18 1.789778 -0.000002 0.000002 0.029484 0.109434 0.439690
    19 1.207005 0.000000 0.000002 -0.010653 0.004467 0.983588
    20 0.192017 -5.855469 -4.773438 -1.668474 1.286518 2.942953
    21 6.028145 0.000000 0.000000 1.188618 0.527919 -1.257453
    22 11.692554 0.000001 0.000002 0.000000 0.000000 -1.710053
    23 11.481699 0.000001 0.000001 -1.244070 0.237550 0.849747
    24 3.859680 -0.132567 1.193109 0.566845 -0.060495 -1.408450
    25 1.312555 -0.000002 0.000002 0.072278 -0.157178 -0.656760
    26 0.729365 0.000000 -0.000001 -0.023337 -0.412078 -1.179798
    27 3.942307 0.050327 0.431044 0.084249 -0.015145 -1.280306
    28 1.539099 -0.000002 0.000000 0.028455 -0.017392 -0.998558
    29 1.196321 0.000010 0.000000 -0.000519 0.009342 -1.131088
    30 3.883659 -0.050321 -0.431042 -0.047599 -0.027561 -1.047376
    31 1.719578 0.000002 0.000000 0.011340 0.002103 -1.500357
    32 1.209185 0.000002 0.000000 0.001787 -0.003729 -0.451871
    33 3.859840 -0.148937 -1.331282 -0.296378 0.195348 -0.060071
    34 1.719421 0.000002 0.000000 0.000952 -0.015215 -0.727850
    35 1.099669 0.000002 -0.000001 0.001685 0.001741 -0.527278
    36 0.951660 -1.145508 -1.398438 0.946433 0.322046 -0.595038
    37 1.789782 0.000000 -0.000004 -0.002343 -0.058956 0.305325
    38 1.206999 0.000002 0.000000 0.005395 -0.004414 0.894106
    39 -4.143188 -15.012113 -2.658480 1.561871 0.022563 0.003535
    40 0.025545 -1.273521 1.753304 0.000000 0.000000 0.000000
    41 0.001032 1.440453 -1.526783 0.000000 0.000000 0.000000
    42 0.004413 0.696487 -1.430595 0.000000 0.000000 0.000000
    43 0.580660 0.349014 -1.430595 0.000000 0.000000 0.000000
    44 0.583444 -0.305904 -1.430599 0.000000 0.000000 0.000000
    45 0.005318 -0.648720 -1.430599 0.000000 0.000000 0.000000
    46 -0.574618 -0.303123 -1.430601 0.000000 0.000000 0.000000
    47 -0.573714 0.348118 -1.430595 0.000000 0.000000 0.000000
    48 -0.029968 -0.059296 1.773438 -1.561870 -0.003783 0.018306
    49 0.041163 0.095589 -2.899426 -0.781108 -0.013985 0.002645
    50 0.081115 -2.496311 -0.915165 0.000000 0.000000 0.000000
    51 4.863281 2.800781 -18.203125 1.570792 0.000003 -0.000003
  time 271
    0 0.000000 -0.000006 0.000000 -1.570781 -1.391896 -1.570809
    1 1.208984 -4.433594 3.550781 1.596637 -1.286515 2.942961
    2 6.028141 0.000000 0.000000 -0.777421 -0.409376 -1.693049
    3 11.692554 0.000001 0.000000 -0.000036 0.000036 -1.316292
    4 11.481670 0.000001 -0.000031 0.979265 -0.465019 0.705280
    5 3.859711 -0.142405 -1.191975 -0.504594 0.047906 -1.429174
    6 1.312555 -0.000002 0.000000 0.011131 0.007501 -0.194554
    7 0.729363 -0.000002 -0.000002 -0.070387 -0.048874 -0.608494
    8 3.942337 0.046767 -0.431443 -0.148705 -0.029138 -1.299410
    9 1.539097 0.000000 0.000000 0.001988 -0.004187 -0.381437
    10 1.196325 -0.000002 -0.000001 0.000382 0.000038 -0.608416
    11 3.883698 -0.046765 0.431443 0.089174 -0.017791 -0.893346
    12 1.719570 -0.000004 -0.000001 0.028262 -0.032356 -1.007121
    13 1.209169 -0.000004 0.000000 0.004530 0.002545 -0.250147
    14 3.859863 -0.137946 1.332466 0.383458 0.020987 -0.993125
    15 1.719431 0.000002 0.000000 0.065902 -0.053028 -0.790857
    16 1.099667 0.000000 -0.000001 0.006436 0.001339 -0.309910
    17 0.806053 -0.348926 1.321258 -1.303853 -0.929109 -0.666403
    18 1.789778 -0.000002 0.000002 0.029484 0.109434 0.439690
    19 1.207005 0.000000 0.000002 -0.010653 0.004467 0.983588
    20 0.192017 -5.855469 -4.773438 -1.668474 1.286518 2.942953
    21 6.028145 0.000000 0.000000 1.188234 0.527823 -1.257641
    22 11.692554 0.000001 0.000002 0.000000 0.000000 -1.709758
    23 11.481699 0.000001 0.000001 -1.242320 0.237463 0.849262
    24 3.859680 -0.132567 1.193109 0.566845 -0.060495 -1.408450
    25 1.312555 -0.000002 0.000002 0.072278 -0.157178 -0.656760
    26 0.729365 0.000000 -0.000001 -0.023337 -0.412078 -1.179798
    27 3.942307 0.050327 0.431044 0.084249 -0.015145 -1.280306
    28 1.539099 -0.000002 0.000000 0.028455 -0.017392 -0.998558
    29 1.196321 0.000010 0.000000 -0.000519 0.009342 -1.131088
    30 3.883659 -0.050321 -0.431042 -0.047599 -0.027561 -1.047376
    31 1.719578 0.000002 0.000000 0.011340 0.002103 -1.500357
    32 1.209185 0.000002 0.000000 0.001787 -0.003729 -0.451871
    33 3.859840 -0.148937 -1.331282 -0.296378 0.195348 -0.060071
    34 1.719421 0.000002 0.000000 0.000952 -0.015215 -0.727850
    35 1.099669 0.000002 -0.000001 0.001685 0.001741 -0.527278
    36 0.951660 -1.145508 -1.398438 0.946433 0.322046 -0.595038
    37 1.789782 0.000000 -0.000004 -0.002343 -0.058956 0.305325
    38 1.206999 0.000002 0.000000 0.005395 -0.004414 0.894106
    39 -4.143188 -15.012113 -2.658480 1.561871 0.020753 0.003535
    40 0.025545 -1.273521 1.753304 0.000000 0.000000 0.000000
    41 0.001032 1.440453 -1.526783 0.000000 0.000000 0.000000
    42 0.004413 0.696487 -1.430595 0.000000 0.000000 0.000000
    43 0.580660 0.349014 -1.430595 0.000000 0.000000 0.000000
    44 0.583444 -0.305904 -1.430599 0.000000 0.000000 0.000000
    45 0.005318 -0.648720 -1.430599 0.000000 0.000000 0.000000
    46 -0.574618 -0.303123 -1.430601 0.000000 0.000000 0.000000
    47 -0.573714 0.348118 -1.430595 0.000000 0.000000 0.000000
    48 -0.029968 -0.059296 1.773438 -1.561870 -0.003783 0.018306
    49 0.041163 0.095589 -2.899426 -0.781108 -0.013985 0.002645
    50 0.081115 -2.496311 -0.915165 0.000000 0.000000 0.000000
    51 4.863281 2.800781 -18.203125 1.570792 0.000003 -0.000003
  time 272
    0 0.000000 -0.000006 0.000000 -1.570781 -1.391896 -1.570809
    1 1.208984 -4.433594 3.550781 1.596637 -1.286515 2.942961
    2 6.028141 0.000000 0.000000 -0.777650 -0.409330 -1.692811
    3 11.692554 0.000001 0.000000 -0.000036 0.000036 -1.316817
    4 11.481670 0.000001 -0.000031 0.980371 -0.465260 0.706065
    5 3.859711 -0.142405 -1.191975 -0.504594 0.047906 -1.429174
    6 1.312555 -0.000002 0.000000 0.011131 0.007501 -0.194554
    7 0.729363 -0.000002 -0.000002 -0.070387 -0.048874 -0.608494
    8 3.942337 0.046767 -0.431443 -0.148705 -0.029138 -1.299410
    9 1.539097 0.000000 0.000000 0.001988 -0.004187 -0.381437
    10 1.196325 -0.000002 -0.000001 0.000382 0.000038 -0.608416
    11 3.883698 -0.046765 0.431443 0.089174 -0.017791 -0.893346
    12 1.719570 -0.000004 -0.000001 0.028262 -0.032356 -1.007121
    13 1.209169 -0.000004 0.000000 0.004542 0.002545 -0.250147
    14 3.859863 -0.137946 1.332466 0.383458 0.020987 -0.993125
    15 1.719431 0.000002 0.000000 0.065902 -0.053028 -0.790857
    16 1.099667 0.000000 -0.000001 0.006436 0.001339 -0.309910
    17 0.806053 -0.348926 1.321258 -1.303853 -0.929124 -0.666403
    18 1.789778 -0.000002 0.000002 0.029484 0.109434 0.439690
    19 1.207005 0.000000 0.000002 -0.010653 0.004467 0.983588
    20 0.192017 -5.855469 -4.773438 -1.668474 1.286518 2.942953
    21 6.028145 0.000000 0.000000 1.188043 0.527823 -1.257735
    22 11.692554 0.000001 0.000002 0.000000 0.000000 -1.709610
    23 11.481699 0.000001 0.000001 -1.241022 0.237377 0.848874
    24 3.859680 -0.132567 1.193109 0.566845 -0.060495 -1.408450
    25 1.312555 -0.000002 0.000002 0.072278 -0.157178 -0.656760
    26 0.729365 0.000000 -0.000001 -0.023337 -0.412078 -1.179798
    27 3.942307 0.050327 0.431044 0.084249 -0.015145 -1.280306
    28 1.539099 -0.000002 0.000000 0.028455 -0.017392 -0.998558
    29 1.196321 0.000010 0.000000 -0.000519 0.009342 -1.131088
    30 3.883659 -0.050321 -0.431042 -0.047599 -0.027561 -1.047376
    31 1.719578 0.000002 0.000000 0.011340 0.002103 -1.500357
    32 1.209185 0.000002 0.000000 0.001787 -0.003729 -0.451871
    33 3.859840 -0.148937 -1.331282 -0.296378 0.195348 -0.060071
    34 1.719421 0.000002 0.000000 0.000952 -0.015215 -0.727850
    35 1.099669 0.000002 -0.000001 0.001685 0.001741 -0.527278
    36 0.951660 -1.145508 -1.398438 0.946433 0.322046 -0.595038
    37 1.789782 0.000000 -0.000004 -0.002343 -0.058956 0.305325
    38 1.206999 0.000002 0.000000 0.005395 -0.004414 0.894106
    39 -4.143188 -15.012113 -2.658480 1.561871 0.019407 0.003535
    40 0.025545 -1.273521 1.753304 0.000000 0.000000 0.000000
    41 0.001032 1.440453 -1.526783 0.000000 0.000000 0.000000
    42 0.004413 0.696487 -1.430595 0.000000 0.000000 0.000000
    43 0.580660 0.349014 -1.430595 0.000000 0.000000 0.000000
    44 0.583444 -0.305904 -1.430599 0.000000 0.000000 0.000000
    45 0.005318 -0.648720 -1.430599 0.000000 0.000000 0.000000
    46 -0.574618 -0.303123 -1.430601 0.000000 0.000000 0.000000
    47 -0.573714 0.348118 -1.430595 0.000000 0.000000 0.000000
    48 -0.029968 -0.059296 1.773438 -1.561870 -0.003783 0.018306
    49 0.041163 0.095589 -2.899426 -0.781108 -0.013985 0.002645
    50 0.081115 -2.496311 -0.915165 0.000000 0.000000 0.000000
    51 4.863281 2.800781 -18.203125 1.570792 0.000003 -0.000003
  time 273
    0 0.000000 -0.000006 0.000000 -1.570781 -1.391896 -1.570809
    1 1.208984 -4.433594 3.550781 1.596637 -1.286515 2.942961
    2 6.028141 0.000000 0.000000 -0.777764 -0.409330 -1.692668
    3 11.692554 0.000001 0.000000 -0.000036 0.000036 -1.317146
    4 11.481670 0.000001 -0.000031 0.981017 -0.465405 0.706565
    5 3.859711 -0.142405 -1.191975 -0.504594 0.047906 -1.429174
    6 1.312555 -0.000002 0.000000 0.011131 0.007501 -0.194554
    7 0.729363 -0.000002 -0.000002 -0.070387 -0.048874 -0.608494
    8 3.942337 0.046767 -0.431443 -0.148705 -0.029138 -1.299410
    9 1.539097 0.000000 0.000000 0.001988 -0.004187 -0.381437
    10 1.196325 -0.000002 -0.000001 0.000382 0.000038 -0.608416
    11 3.883698 -0.046765 0.431443 0.089174 -0.017791 -0.893346
    12 1.719570 -0.000004 -0.000001 0.028262 -0.032356 -1.007121
    13 1.209169 -0.000004 0.000000 0.004530 0.002545 -0.250147
    14 3.859863 -0.137946 1.332466 0.383458 0.020987 -0.993125
    15 1.719431 0.000002 0.000000 0.065902 -0.053028 -0.790857
    16 1.099667 0.000000 -0.000001 0.006436 0.001339 -0.309910
    17 0.806053 -0.348926 1.321258 -1.303853 -0.929124 -0.666403
    18 1.789778 -0.000002 0.000002 0.029484 0.109434 0.439690
    19 1.207005 0.000000 0.000002 -0.010653 0.004467 0.983588
    20 0.192017 -5.855469 -4.773438 -1.668474 1.286518 2.942953
    21 6.028145 0.000000 0.000000 1.187851 0.527776 -1.257829
    22 11.692554 0.000001 0.000002 0.000000 0.000000 -1.709462
    23 11.481699 0.000001 0.000001 -1.240175 0.237377 0.848632
    24 3.859680 -0.132567 1.193109 0.566845 -0.060495 -1.408450
    25 1.312555 -0.000002 0.000002 0.072278 -0.157178 -0.656760
    26 0.729365 0.000000 -0.000001 -0.023337 -0.412078 -1.179798
    27 3.942307 0.050327 0.431044 0.084249 -0.015145 -1.280306
    28 1.539099 -0.000002 0.000000 0.028455 -0.017392 -0.998558
    29 1.196321 0.000010 0.000000 -0.000519 0.009342 -1.131088
    30 3.883659 -0.050321 -0.431042 -0.047599 -0.027561 -1.047376
    31 1.719578 0.000002 0.000000 0.011340 0.002103 -1.500357
    32 1.209185 0.000002 0.000000 0.001787 -0.003729 -0.451871
    33 3.859840 -0.148937 -1.331282 -0.296378 0.195348 -0.060071
    34 1.719421 0.000002 0.000000 0.000952 -0.015215 -0.727850
    35 1.099669 0.000002 -0.000001 0.001685 0.001741 -0.527278
    36 0.951660 -1.145508 -1.398438 0.946433 0.322046 -0.595038
    37 1.789782 0.000000 -0.000004 -0.002343 -0.058956 0.305325
    38 1.206999 0.000002 0.000000 0.005395 -0.004414 0.894106
    39 -4.143188 -15.012113 -2.658480 1.561871 0.018618 0.003535
    40 0.025545 -1.273521 1.753304 0.000000 0.000000 0.000000
    41 0.001032 1.440453 -1.526783 0.000000 0.000000 0.000000
    42 0.004413 0.696487 -1.430595 0.000000 0.000000 0.000000
    43 0.580660 0.349014 -1.430595 0.000000 0.000000 0.000000
    44 0.583444 -0.305904 -1.430599 0.000000 0.000000 0.000000
    45 0.005318 -0.648720 -1.430599 0.000000 0.000000 0.000000
    46 -0.574618 -0.303123 -1.430601 0.000000 0.000000 0.000000
    47 -0.573714 0.348118 -1.430595 0.000000 0.000000 0.000000
    48 -0.029968 -0.059296 1.773438 -1.561870 -0.003783 0.018306
    49 0.041163 0.095589 -2.899426 -0.781108 -0.013985 0.002645
    50 0.081115 -2.496311 -0.915165 0.000000 0.000000 0.000000
    51 4.863281 2.800781 -18.203125 1.570792 0.000003 -0.000003
  time 274
    0 0.000000 -0.000006 0.000000 -1.570781 -1.391896 -1.570809
    1 1.208984 -4.433594 3.550781 1.596637 -1.286515 2.942961
    2 6.028141 0.000000 0.000000 -0.777840 -0.409330 -1.692621
    3 11.692554 0.000001 0.000000 -0.000036 0.000036 -1.317277
    4 11.481670 0.000001 -0.000031 0.981201 -0.465453 0.706707
    5 3.859711 -0.142405 -1.191975 -0.504594 0.047906 -1.429174
    6 1.312555 -0.000002 0.000000 0.011131 0.007501 -0.194554
    7 0.729363 -0.000002 -0.000002 -0.070387 -0.048874 -0.608494
    8 3.942337 0.046767 -0.431443 -0.148705 -0.029138 -1.299410
    9 1.539097 0.000000 0.000000 0.001988 -0.004187 -0.381437
    10 1.196325 -0.000002 -0.000001 0.000382 0.000038 -0.608416
    11 3.883698 -0.046765 0.431443 0.089174 -0.017791 -0.893346
    12 1.719570 -0.000004 -0.000001 0.028262 -0.032356 -1.007121
    13 1.209169 -0.000004 0.000000 0.004530 0.002545 -0.250147
    14 3.859863 -0.137946 1.332466 0.383458 0.020987 -0.993125
    15 1.719431 0.000002 0.000000 0.065902 -0.053028 -0.790857
    16 1.099667 0.000000 -0.000001 0.006436 0.001339 -0.309910
    17 0.806053 -0.348926 1.321258 -1.303853 -0.929124 -0.666403
    18 1.789778 -0.000002 0.000002 0.029484 0.109434 0.439690
    19 1.207005 0.000000 0.000002 -0.010653 0.004467 0.983588
    20 0.192017 -5.855469 -4.773438 -1.668474 1.286518 2.942953
    21 6.028145 0.000000 0.000000 1.187755 0.527776 -1.257829
    22 11.692554 0.000001 0.000002 0.000000 0.000000 -1.709462
    23 11.481699 0.000001 0.000001 -1.239893 0.237334 0.848584
    24 3.859680 -0.132567 1.193109 0.566845 -0.060495 -1.408450
    25 1.312555 -0.000002 0.000002 0.072278 -0.157178 -0.656760
    26 0.729365 0.000000 -0.000001 -0.023337 -0.412078 -1.179798
    27 3.942307 0.050327 0.431044 0.084249 -0.015145 -1.280306
    28 1.539099 -0.000002 0.000000 0.028455 -0.017392 -0.998558
    29 1.196321 0.000010 0.000000 -0.000519 0.009342 -1.131088
    30 3.883659 -0.050321 -0.431042 -0.047599 -0.027561 -1.047376
    31 1.719578 0.000002 0.000000 0.011340 0.002103 -1.500357
    32 1.209185 0.000002 0.000000 0.001787 -0.003729 -0.451871
    33 3.859840 -0.148937 -1.331282 -0.296378 0.195348 -0.060071
    34 1.719421 0.000002 0.000000 0.000952 -0.015215 -0.727850
    35 1.099669 0.000002 -0.000001 0.001685 0.001741 -0.527278
    36 0.951660 -1.145508 -1.398438 0.946433 0.322046 -0.595038
    37 1.789782 0.000000 -0.000004 -0.002343 -0.058956 0.305325
    38 1.206999 0.000002 0.000000 0.005395 -0.004414 0.894106
    39 -4.143188 -15.012113 -2.658480 1.561871 0.018340 0.003535
    40 0.025545 -1.273521 1.753304 0.000000 0.000000 0.000000
    41 0.001032 1.440453 -1.526783 0.000000 0.000000 0.000000
    42 0.004413 0.696487 -1.430595 0.000000 0.000000 0.000000
    43 0.580660 0.349014 -1.430595 0.000000 0.000000 0.000000
    44 0.583444 -0.305904 -1.430599 0.000000 0.000000 0.000000
    45 0.005318 -0.648720 -1.430599 0.000000 0.000000 0.000000
    46 -0.574618 -0.303123 -1.430601 0.000000 0.000000 0.000000
    47 -0.573714 0.348118 -1.430595 0.000000 0.000000 0.000000
    48 -0.029968 -0.059296 1.773438 -1.561870 -0.003783 0.018306
    49 0.041163 0.095589 -2.899426 -0.781108 -0.013985 0.002645
    50 0.081115 -2.496311 -0.915165 0.000000 0.000000 0.000000
    51 4.863281 2.800781 -18.203125 1.570792 0.000003 -0.000003
end
