// Created by Crowbar++ 0.74
version 1
nodes
  0 "ValveBiped.Bip01_Spine4" -1
  1 "ValveBiped.Bip01_L_Clavicle" 0
  2 "ValveBiped.Bip01_L_UpperArm" 1
  3 "ValveBiped.Bip01_L_Forearm" 2
  4 "ValveBiped.Bip01_L_Hand" 3
  5 "ValveBiped.Bip01_L_Finger4" 4
  6 "ValveBiped.Bip01_L_Finger41" 5
  7 "ValveBiped.Bip01_L_Finger42" 6
  8 "ValveBiped.Bip01_L_Finger3" 4
  9 "ValveBiped.Bip01_L_Finger31" 8
  10 "ValveBiped.Bip01_L_Finger32" 9
  11 "ValveBiped.Bip01_L_Finger2" 4
  12 "ValveBiped.Bip01_L_Finger21" 11
  13 "ValveBiped.Bip01_L_Finger22" 12
  14 "ValveBiped.Bip01_L_Finger1" 4
  15 "ValveBiped.Bip01_L_Finger11" 14
  16 "ValveBiped.Bip01_L_Finger12" 15
  17 "ValveBiped.Bip01_L_Finger0" 4
  18 "ValveBiped.Bip01_L_Finger01" 17
  19 "ValveBiped.Bip01_L_Finger02" 18
  20 "ValveBiped.Bip01_R_Clavicle" 0
  21 "ValveBiped.Bip01_R_UpperArm" 20
  22 "ValveBiped.Bip01_R_Forearm" 21
  23 "ValveBiped.Bip01_R_Hand" 22
  24 "ValveBiped.Bip01_R_Finger4" 23
  25 "ValveBiped.Bip01_R_Finger41" 24
  26 "ValveBiped.Bip01_R_Finger42" 25
  27 "ValveBiped.Bip01_R_Finger3" 23
  28 "ValveBiped.Bip01_R_Finger31" 27
  29 "ValveBiped.Bip01_R_Finger32" 28
  30 "ValveBiped.Bip01_R_Finger2" 23
  31 "ValveBiped.Bip01_R_Finger21" 30
  32 "ValveBiped.Bip01_R_Finger22" 31
  33 "ValveBiped.Bip01_R_Finger1" 23
  34 "ValveBiped.Bip01_R_Finger11" 33
  35 "ValveBiped.Bip01_R_Finger12" 34
  36 "ValveBiped.Bip01_R_Finger0" 23
  37 "ValveBiped.Bip01_R_Finger01" 36
  38 "ValveBiped.Bip01_R_Finger02" 37
  39 "v_weapon.scout_Parent" -1
  40 "v_weapon.scout__BoltBase" 39
  41 "v_weapon.scout_Bolt" 39
  42 "v_weapon.scout_Clip" 39
  43 "v_weapon.scout_BigBullet" 41
end
skeleton
  time 0
    0 0.000005 -2.660156 -9.640625 -1.570760 -1.391893 -1.570827
    1 2.033348 1.000767 1.937659 2.935479 -0.622790 1.744404
    2 6.028141 0.000005 0.000002 -2.285040 -0.793083 -0.298828
    3 11.692560 0.000013 -0.000006 -0.113693 0.231171 -1.187182
    4 11.481678 0.000006 -0.000039 -0.312693 0.197246 0.598172
    5 3.281562 0.002118 -1.379481 0.045477 -0.041320 -1.459820
    6 1.324282 -0.000013 0.000002 0.002241 -0.003359 -1.138764
    7 0.815305 -0.000006 -0.000001 0.000001 -0.000003 0.124350
    8 3.711852 0.109255 -0.568167 0.013120 -0.148379 -1.381918
    9 1.609408 0.000008 -0.000006 -0.002686 0.004596 -0.957642
    10 0.993192 -0.000006 0.000002 0.002421 0.001227 0.056362
    11 3.786029 0.203227 0.247844 -0.031575 -0.100432 -1.113637
    12 1.684422 -0.000010 0.000009 0.002753 -0.003522 -0.920678
    13 1.252153 -0.000006 0.000003 0.000000 0.000011 -0.532308
    14 3.594221 0.299551 1.113710 -0.095661 -0.169380 -0.394235
    15 1.719431 0.000000 -0.000006 -0.000004 0.000016 -1.085102
    16 1.005919 0.000000 0.000004 0.000005 0.000018 0.014416
    17 0.298218 -0.634092 0.426701 -1.231205 -0.917406 -0.349826
    18 2.637462 0.000002 -0.000006 0.007057 0.025047 0.360302
    19 1.308570 0.000001 -0.000004 0.004892 -0.025756 -0.126424
    20 2.033356 1.000772 -1.937610 -0.128177 0.172990 -2.038336
    21 6.028142 0.000001 -0.000001 -0.557632 1.317445 -2.290927
    22 11.692555 0.000031 0.000001 0.051881 -0.040256 -1.817026
    23 11.481703 0.000105 0.000003 -0.659103 -0.599725 1.007272
    24 2.914335 -0.023167 1.404053 -0.002374 0.009105 -1.340561
    25 1.285218 0.000000 -0.000001 0.000002 0.031596 -0.484969
    26 0.842651 0.000002 0.000000 -0.049553 0.043777 -0.974485
    27 3.368059 0.007375 0.618550 0.028206 0.001622 -1.454663
    28 1.610352 -0.000006 0.000001 -0.000007 0.094857 -0.602665
    29 1.020535 -0.000004 -0.000002 0.012247 -0.013086 -1.191919
    30 3.555524 0.023917 -0.204473 -0.028954 0.012885 -1.480999
    31 1.666992 0.000000 0.000000 -0.000010 0.148680 -0.670364
    32 1.240436 0.000002 0.000006 0.000002 -0.000011 -1.488674
    33 3.449664 0.054213 -1.089087 0.056006 0.350578 -0.342697
    34 1.711616 0.000006 0.000011 0.004342 -0.007426 -0.852974
    35 1.005908 0.000002 0.000007 -0.000535 -0.014651 -0.161120
    36 0.079434 -0.738750 -0.759723 1.102531 0.723791 -0.631551
    37 2.512460 -0.000008 -0.000008 -0.000002 -0.000001 0.359163
    38 1.249973 0.429699 -0.140631 0.024560 0.000801 1.034386
    39 -6.671623 -14.903002 -8.402345 1.570797 -0.000004 -3.141578
    40 0.000001 3.761717 -1.204106 0.000000 0.000000 0.000000
    41 0.000001 3.761716 -2.197272 0.000000 0.000000 0.000000
    42 0.000001 1.420890 -5.835940 0.000000 0.000000 0.000000
    43 -0.000751 -0.003515 -1.549599 0.000000 0.000000 0.000003
  time 1
    0 0.000005 -2.660156 -9.640625 -1.570760 -1.391893 -1.570827
    1 2.033348 1.000767 1.937659 2.929793 -0.635180 1.747718
    2 6.028141 0.000005 0.000002 -2.275849 -0.809973 -0.304039
    3 11.692560 0.000013 -0.000006 -0.111092 0.230128 -1.175756
    4 11.481678 0.000006 -0.000039 -0.311656 0.196892 0.593182
    5 3.281562 0.002118 -1.383387 0.045477 -0.041320 -1.459820
    6 1.324282 -0.000013 0.000002 0.002241 -0.003359 -1.138764
    7 0.815305 -0.000006 -0.000001 0.000001 -0.000003 0.124350
    8 3.711852 0.109255 -0.568167 0.013120 -0.148379 -1.381918
    9 1.609408 0.000008 -0.000006 -0.002686 0.004596 -0.957642
    10 0.993192 -0.000006 0.000002 0.002421 0.001227 0.056362
    11 3.786029 0.203227 0.247844 -0.031575 -0.100432 -1.113637
    12 1.684422 -0.000010 0.000009 0.002753 -0.003522 -0.920678
    13 1.252153 -0.000006 0.000003 0.000000 0.000011 -0.532308
    14 3.594221 0.299551 1.109804 -0.095661 -0.169380 -0.394235
    15 1.719431 0.000000 -0.000006 -0.000004 0.000016 -1.085102
    16 1.005919 0.000000 0.000004 0.000005 0.000018 0.014416
    17 0.298218 -0.634092 0.426701 -1.231205 -0.917406 -0.349826
    18 2.637462 0.000002 -0.000006 0.007057 0.025047 0.360302
    19 1.308570 0.000001 -0.000004 0.004892 -0.025756 -0.126424
    20 2.033356 1.000772 -1.937610 -0.128177 0.172990 -2.038336
    21 6.028142 0.000001 -0.000001 -0.557632 1.317445 -2.290927
    22 11.692555 0.000031 0.000001 0.051881 -0.040256 -1.817026
    23 11.481703 0.000105 0.000003 -0.659103 -0.599725 1.007272
    24 2.914335 -0.023167 1.404053 -0.002374 0.009105 -1.340561
    25 1.285218 0.000000 -0.000001 0.000002 0.031596 -0.484969
    26 0.842651 0.000002 0.000000 -0.049553 0.043777 -0.974485
    27 3.368059 0.007375 0.618550 0.028206 0.001622 -1.454663
    28 1.610352 -0.000006 0.000001 -0.000007 0.094857 -0.602665
    29 1.020535 -0.000004 -0.000002 0.012247 -0.013086 -1.191919
    30 3.555524 0.023917 -0.204473 -0.028954 0.012885 -1.480999
    31 1.666992 0.000000 0.000000 -0.000010 0.148680 -0.670364
    32 1.240436 0.000002 0.000006 0.000002 -0.000011 -1.488674
    33 3.449664 0.054213 -1.089087 0.056006 0.350578 -0.342697
    34 1.711616 0.000006 0.000011 0.004342 -0.007426 -0.852974
    35 1.005908 0.000002 0.000007 -0.000535 -0.014651 -0.161120
    36 0.079434 -0.738750 -0.759723 1.102531 0.723791 -0.631551
    37 2.512460 -0.000008 -0.000008 -0.000002 -0.000001 0.359163
    38 1.249973 0.429699 -0.140631 0.024560 0.000801 1.034386
    39 -6.671623 -14.903002 -8.402345 1.570797 -0.000004 -3.141578
    40 0.000001 3.761717 -1.204106 0.000000 0.000000 0.000000
    41 0.000001 3.761716 -2.197272 0.000000 0.000000 0.000000
    42 0.000001 1.420890 -5.835940 0.000000 0.000000 0.000000
    43 -0.000751 -0.003515 -1.549599 0.000000 0.000000 0.000003
  time 2
    0 0.000005 -2.660156 -9.640625 -1.570760 -1.391893 -1.570827
    1 2.033348 1.000767 1.937659 2.913469 -0.669603 1.757662
    2 6.028141 0.000005 0.000002 -2.237095 -0.846824 -0.330949
    3 11.692560 0.000013 -0.000006 -0.108791 0.229169 -1.165654
    4 11.481678 0.000006 -0.000039 -0.299585 0.189620 0.580880
    5 3.281562 0.002118 -1.383387 0.046397 -0.048095 -1.441353
    6 1.324282 -0.000013 0.000002 0.002137 -0.005828 -1.115016
    7 0.815305 -0.000006 -0.000001 0.000001 -0.000003 0.098346
    8 3.711852 0.105348 -0.568167 0.010741 -0.153098 -1.367570
    9 1.609408 0.000008 -0.000006 -0.002585 0.004069 -0.936362
    10 0.993192 -0.000006 0.000002 0.002362 0.001275 0.035921
    11 3.786029 0.203227 0.247844 -0.033028 -0.105705 -1.106737
    12 1.684422 -0.000010 0.000009 0.002655 -0.004385 -0.896007
    13 1.252153 -0.000006 0.000003 0.000039 -0.000085 -0.527401
    14 3.594221 0.299551 1.109804 -0.094556 -0.171370 -0.407068
    15 1.719431 0.000000 -0.000006 -0.000004 -0.000295 -1.053132
    16 1.005919 0.000000 0.000004 0.000005 0.000018 -0.007995
    17 0.298218 -0.634092 0.426701 -1.231667 -0.914532 -0.361196
    18 2.637462 0.000002 -0.000006 0.006757 0.022985 0.354186
    19 1.304664 0.000001 -0.000004 0.004724 -0.024629 -0.109809
    20 2.033356 1.000772 -1.937610 -0.128177 0.172990 -2.038336
    21 6.028142 0.000001 -0.000001 -0.577852 1.325831 -2.316677
    22 11.692555 0.000031 0.000001 0.068600 -0.052948 -1.817026
    23 11.481703 0.000105 0.000003 -0.651816 -0.589782 1.002983
    24 2.910429 -0.023167 1.404053 -0.002374 0.009105 -1.340561
    25 1.285218 0.000000 -0.000001 0.000002 0.031611 -0.484969
    26 0.842651 0.000002 0.000000 -0.049553 0.043777 -0.974485
    27 3.364152 0.007375 0.626362 0.028206 0.001622 -1.454663
    28 1.610352 -0.000006 0.000001 -0.000007 0.094857 -0.602665
    29 1.020535 -0.000004 -0.000002 0.012247 -0.013086 -1.191919
    30 3.555524 0.027823 -0.196660 -0.028954 0.012885 -1.480999
    31 1.666992 0.000000 0.000000 -0.000010 0.148680 -0.670364
    32 1.240436 0.000002 0.000006 0.000002 -0.000011 -1.488674
    33 3.449664 0.054213 -1.085181 0.056006 0.350578 -0.342647
    34 1.711616 0.000006 0.000011 0.004342 -0.007426 -0.852974
    35 1.005908 0.000002 0.000007 -0.000547 -0.014651 -0.161093
    36 0.079434 -0.734843 -0.755817 1.102531 0.723791 -0.631551
    37 2.508554 -0.000008 -0.000008 -0.000002 -0.000001 0.359163
    38 1.249973 0.429699 -0.140631 0.024560 0.000801 1.034386
    39 -6.671623 -14.903002 -8.402345 1.570329 -0.000004 -3.141656
    40 0.000001 3.761717 -1.204106 0.000000 0.000000 0.000000
    41 0.000001 3.761716 -2.197272 0.000000 0.000000 0.000000
    42 0.000001 1.420890 -5.835940 0.000000 0.000000 0.000000
    43 -0.000751 -0.003515 -1.549599 0.000000 0.000000 0.000003
  time 3
    0 0.000005 -2.660156 -9.640625 -1.570760 -1.391893 -1.570827
    1 2.033348 1.000767 1.937659 2.886736 -0.721839 1.774775
    2 6.028141 0.000005 0.000002 -2.159114 -0.888687 -0.389222
    3 11.692560 0.000013 -0.000006 -0.111020 0.230092 -1.175507
    4 11.481678 0.000006 -0.000039 -0.269312 0.171386 0.563472
    5 3.281562 0.002118 -1.383387 0.048788 -0.067118 -1.390638
    6 1.324282 -0.000013 0.000002 0.001909 -0.012443 -1.051541
    7 0.815305 -0.000006 -0.000001 0.000001 -0.000003 0.028920
    8 3.711852 0.109255 -0.568167 0.004316 -0.166620 -1.327761
    9 1.609408 0.000008 -0.000006 -0.002283 0.002595 -0.879565
    10 0.993192 -0.000006 0.000002 0.002263 0.001383 -0.018823
    11 3.786029 0.203227 0.243937 -0.037258 -0.120782 -1.086863
    12 1.684422 -0.000010 0.000009 0.002360 -0.006710 -0.830105
    13 1.252153 -0.000006 0.000003 0.000177 -0.000373 -0.514286
    14 3.594221 0.299551 1.109804 -0.092346 -0.177278 -0.439991
    15 1.719431 0.000000 -0.000006 -0.000004 -0.001146 -0.967491
    16 1.005919 0.000000 0.000004 0.000005 0.000018 -0.067655
    17 0.298218 -0.634092 0.426701 -1.234560 -0.907047 -0.389578
    18 2.637462 0.000002 -0.000006 0.006002 0.017460 0.337995
    19 1.304664 0.000001 -0.000004 0.004292 -0.021549 -0.065574
    20 2.033356 1.000772 -1.937610 -0.128177 0.172990 -2.038336
    21 6.028142 0.000001 -0.000001 -0.565214 1.321089 -2.300405
    22 11.692555 0.000031 0.000001 0.058928 -0.045338 -1.817182
    23 11.481703 0.000105 0.000003 -0.657214 -0.596675 1.006979
    24 2.914335 -0.027074 1.396240 -0.002703 0.009405 -1.340783
    25 1.285218 0.000000 -0.000001 0.000002 0.031611 -0.484969
    26 0.842651 0.000002 0.000000 -0.049553 0.043777 -0.974485
    27 3.368059 0.007375 0.618550 0.027858 0.001886 -1.454899
    28 1.610352 -0.000006 0.000001 -0.000007 0.094857 -0.602665
    29 1.020535 -0.000004 -0.000002 0.012247 -0.013086 -1.191919
    30 3.555524 0.023917 -0.208379 -0.029326 0.013137 -1.481218
    31 1.666992 0.000000 0.000000 -0.000010 0.148680 -0.670364
    32 1.240436 0.000002 0.000006 0.000002 -0.000011 -1.488635
    33 3.449664 0.054213 -1.089087 0.056094 0.351033 -0.342848
    34 1.711616 0.000006 0.000011 0.004342 -0.007414 -0.852974
    35 1.005908 0.000002 0.000007 -0.000547 -0.014651 -0.160928
    36 0.079434 -0.734843 -0.759723 1.102471 0.724207 -0.631816
    37 2.508554 -0.000008 -0.000008 -0.000002 -0.000001 0.359163
    38 1.249973 0.429699 -0.140631 0.024560 0.000801 1.034386
    39 -6.671623 -14.903002 -8.410158 1.569200 -0.000004 -3.141812
    40 0.000001 3.761717 -1.204106 0.000000 0.000000 0.000000
    41 0.000001 3.761716 -2.197272 0.000000 0.000000 0.000000
    42 0.000001 1.420890 -5.835940 0.000000 0.000000 0.000000
    43 -0.000751 -0.003515 -1.549599 0.000000 0.000000 0.000003
  time 4
    0 0.000005 -2.660156 -9.640625 -1.570760 -1.391893 -1.570827
    1 2.033348 1.000767 1.937659 2.849136 -0.787494 1.800599
    2 6.028141 0.000005 0.000002 -2.044369 -0.931589 -0.477153
    3 11.692560 0.000013 -0.000006 -0.116258 0.232153 -1.198277
    4 11.481678 0.000006 -0.000039 -0.225647 0.144994 0.542989
    5 3.281562 0.002118 -1.383387 0.051712 -0.093808 -1.316724
    6 1.324282 -0.000013 0.000002 0.001556 -0.022043 -0.959976
    7 0.815305 -0.000006 -0.000001 0.000001 -0.000003 -0.071196
    8 3.711852 0.109255 -0.568167 -0.005142 -0.185461 -1.269459
    9 1.609408 0.000008 -0.000006 -0.001879 0.000437 -0.797655
    10 0.993192 -0.000006 0.000002 0.002125 0.001539 -0.097647
    11 3.786029 0.203227 0.243937 -0.043376 -0.142186 -1.057358
    12 1.684422 -0.000010 0.000009 0.001928 -0.010138 -0.735141
    13 1.252153 -0.000006 0.000003 0.000374 -0.000780 -0.495239
    14 3.594221 0.299551 1.109804 -0.088737 -0.185476 -0.486943
    15 1.719431 0.000000 -0.000006 -0.000004 -0.002393 -0.843621
    16 1.005919 0.000000 0.000004 0.000005 0.000018 -0.153580
    17 0.298218 -0.634092 0.426701 -1.239131 -0.895216 -0.430620
    18 2.637462 0.000002 -0.000006 0.004924 0.009335 0.314954
    19 1.308570 0.000001 -0.000004 0.003693 -0.017031 -0.002210
    20 2.033356 1.000772 -1.937610 -0.128177 0.172990 -2.038336
    21 6.028142 0.000001 -0.000001 -0.574377 1.325567 -2.312902
    22 11.692555 0.000031 0.000001 0.067965 -0.052588 -1.817339
    23 11.481703 0.000105 0.000003 -0.654137 -0.592355 1.005686
    24 2.914335 -0.027074 1.396240 -0.002689 0.009393 -1.340783
    25 1.285218 0.000000 -0.000001 0.000002 0.031611 -0.484969
    26 0.842651 0.000002 0.000000 -0.049553 0.043777 -0.974485
    27 3.368059 0.007375 0.622456 0.027858 0.001886 -1.454899
    28 1.610352 -0.000006 0.000001 -0.000007 0.094857 -0.602665
    29 1.020535 -0.000004 -0.000002 0.012247 -0.013086 -1.191919
    30 3.555524 0.023917 -0.208379 -0.029326 0.013137 -1.481272
    31 1.666992 0.000000 0.000000 -0.000010 0.148680 -0.670364
    32 1.240436 0.000002 0.000006 0.000002 -0.000011 -1.488674
    33 3.449664 0.054213 -1.089087 0.056094 0.351057 -0.342848
    34 1.711616 0.000006 0.000011 0.004342 -0.007414 -0.852924
    35 1.005908 0.000002 0.000007 -0.000547 -0.014639 -0.160764
    36 0.079434 -0.734843 -0.759723 1.102471 0.724207 -0.631816
    37 2.512460 -0.000008 -0.000008 -0.000002 -0.000001 0.359163
    38 1.249973 0.429699 -0.140631 0.024560 0.000801 1.034386
    39 -6.671623 -14.899095 -8.417970 1.567487 -0.000004 -3.141968
    40 0.000001 3.761717 -1.204106 0.000000 0.000000 0.000000
    41 0.000001 3.761716 -2.197272 0.000000 0.000000 0.000000
    42 0.000001 1.420890 -5.835940 0.000000 0.000000 0.000000
    43 -0.000751 -0.003515 -1.549599 0.000000 0.000000 0.000003
  time 5
    0 0.000005 -2.660156 -9.640625 -1.570760 -1.391893 -1.570827
    1 2.033348 1.000767 1.937659 2.799155 -0.862073 1.837291
    2 6.028141 0.000005 0.000002 -1.896366 -0.969434 -0.591047
    3 11.692560 0.000013 -0.000006 -0.123388 0.234742 -1.229078
    4 11.481678 0.000006 -0.000039 -0.173400 0.113388 0.520126
    5 3.281562 0.002118 -1.379481 0.054430 -0.124713 -1.227591
    6 1.324282 -0.000013 0.000002 0.001141 -0.033440 -0.851987
    7 0.815305 -0.000006 -0.000001 0.000001 -0.000003 -0.189228
    8 3.711852 0.109255 -0.568167 -0.016624 -0.207211 -1.198631
    9 1.609408 0.000008 -0.000006 -0.001374 -0.002127 -0.701034
    10 0.993192 -0.000006 0.000002 0.001948 0.001743 -0.190663
    11 3.786029 0.203227 0.247844 -0.050819 -0.167462 -1.020557
    12 1.684422 -0.000010 0.000009 0.001417 -0.014273 -0.623349
    13 1.252153 -0.000006 0.000003 0.000630 -0.001259 -0.472444
    14 3.594221 0.299551 1.113710 -0.084351 -0.195087 -0.540854
    15 1.719431 0.000000 -0.000006 -0.000004 -0.003879 -0.696963
    16 1.005919 0.000000 0.000004 0.000005 0.000018 -0.254741
    17 0.298218 -0.634092 0.426701 -1.245974 -0.879981 -0.478118
    18 2.637462 0.000002 -0.000006 0.003629 -0.000457 0.288333
    19 1.308570 0.000001 -0.000004 0.003034 -0.011578 0.071853
    20 2.033356 1.000772 -1.937610 -0.128177 0.172990 -2.038336
    21 6.028142 0.000001 -0.000001 -0.568295 1.323767 -2.306696
    22 11.692555 0.000031 0.000001 0.064777 -0.051042 -1.817495
    23 11.481703 0.000105 0.000003 -0.656188 -0.595722 1.007625
    24 2.914335 -0.023167 1.404053 -0.002374 0.009105 -1.340561
    25 1.285218 0.000000 -0.000001 0.000002 0.031611 -0.484969
    26 0.842651 0.000002 0.000000 -0.049553 0.043777 -0.974485
    27 3.368059 0.007375 0.622456 0.028206 0.001622 -1.454663
    28 1.610352 -0.000006 0.000001 -0.000007 0.094857 -0.602665
    29 1.020535 -0.000004 -0.000002 0.012247 -0.013086 -1.191919
    30 3.555524 0.023917 -0.200566 -0.028954 0.012885 -1.480999
    31 1.666992 0.000000 0.000000 -0.000010 0.148680 -0.670364
    32 1.240436 0.000002 0.000006 0.000002 -0.000011 -1.488635
    33 3.449664 0.054213 -1.089087 0.056006 0.350662 -0.342597
    34 1.711616 0.000006 0.000011 0.004342 -0.007402 -0.852875
    35 1.005908 0.000002 0.000007 -0.000559 -0.014639 -0.160490
    36 0.079434 -0.738750 -0.759723 1.102531 0.723791 -0.631551
    37 2.512460 -0.000008 -0.000008 -0.000002 -0.000001 0.359163
    38 1.249973 0.429699 -0.140631 0.024560 0.000801 1.034386
    39 -6.671623 -14.899095 -8.429689 1.565502 0.000034 -3.142201
    40 0.000001 3.761717 -1.204106 0.000000 0.000000 0.000000
    41 0.000001 3.761716 -2.197272 0.000000 0.000000 0.000000
    42 0.000001 1.420890 -5.835940 0.000000 0.000000 0.000000
    43 -0.000751 -0.003515 -1.549599 0.000000 0.000000 0.000003
  time 6
    0 0.000005 -2.660156 -9.640625 -1.570760 -1.391893 -1.570827
    1 2.033348 1.000767 1.937659 2.734639 -0.940804 1.887936
    2 6.028141 0.000005 0.000002 -1.723633 -0.999104 -0.724554
    3 11.692560 0.000013 -0.000006 -0.130867 0.237127 -1.260873
    4 11.481678 0.000006 -0.000039 -0.116910 0.079901 0.494943
    5 3.281562 0.002118 -1.379481 0.056209 -0.156668 -1.131126
    6 1.324282 -0.000013 0.000002 0.000705 -0.045449 -0.739237
    7 0.815305 -0.000006 -0.000001 0.000001 -0.000003 -0.312444
    8 3.711852 0.105348 -0.572073 -0.029195 -0.229909 -1.121021
    9 1.609408 0.000008 -0.000006 -0.000870 -0.004968 -0.600180
    10 0.993192 -0.000006 0.000002 0.001791 0.001935 -0.287796
    11 3.786029 0.203227 0.243937 -0.059170 -0.194391 -0.978546
    12 1.684422 -0.000010 0.000009 0.000886 -0.018755 -0.506898
    13 1.252153 -0.000006 0.000003 0.000905 -0.001775 -0.448311
    14 3.590314 0.299551 1.109804 -0.080138 -0.205406 -0.594390
    15 1.719431 0.000000 -0.000006 -0.000004 -0.005449 -0.542891
    16 1.005919 0.000000 0.000004 0.000005 0.000018 -0.360065
    17 0.298218 -0.634092 0.422794 -1.255459 -0.862838 -0.525740
    18 2.637462 0.000002 -0.000006 0.002287 -0.011099 0.261356
    19 1.308570 0.000001 -0.000004 0.002411 -0.005682 0.148184
    20 2.033356 1.000772 -1.937610 -0.128177 0.172990 -2.038336
    21 6.028142 0.000001 -0.000001 -0.567347 1.323109 -2.304012
    22 11.692555 0.000031 0.000001 0.063291 -0.048897 -1.817574
    23 11.481703 0.000105 0.000003 -0.657753 -0.597819 1.009447
    24 2.914335 -0.023167 1.404053 -0.002374 0.009105 -1.340561
    25 1.285218 0.000000 -0.000001 0.000002 0.031611 -0.484969
    26 0.842651 0.000002 0.000000 -0.049553 0.043777 -0.974485
    27 3.368059 0.007375 0.618550 0.028206 0.001622 -1.454663
    28 1.610352 -0.000006 0.000001 -0.000007 0.094857 -0.602665
    29 1.020535 -0.000004 -0.000002 0.012247 -0.013086 -1.191919
    30 3.555524 0.023917 -0.204473 -0.028954 0.012885 -1.480999
    31 1.666992 0.000000 0.000000 -0.000010 0.148680 -0.670364
    32 1.240436 0.000002 0.000006 0.000002 -0.000011 -1.488674
    33 3.449664 0.054213 -1.089087 0.056031 0.350710 -0.342597
    34 1.711616 0.000006 0.000011 0.004342 -0.007378 -0.852825
    35 1.005908 0.000002 0.000007 -0.000559 -0.014639 -0.160162
    36 0.079434 -0.738750 -0.755817 1.102531 0.723791 -0.631551
    37 2.512460 -0.000008 -0.000008 -0.000002 -0.000001 0.359163
    38 1.249973 0.429699 -0.140631 0.024560 0.000801 1.034386
    39 -6.671623 -14.891282 -8.441409 1.563516 0.000034 -3.142435
    40 0.000001 3.761717 -1.204106 0.000000 0.000000 0.000000
    41 0.000001 3.761716 -2.197272 0.000000 0.000000 0.000000
    42 0.000001 1.420890 -5.835940 0.000000 0.000000 0.000000
    43 -0.000751 -0.003515 -1.549599 0.000000 0.000000 0.000003
  time 7
    0 0.000005 -2.660156 -9.640625 -1.570760 -1.391893 -1.570827
    1 2.033348 1.000767 1.937659 2.652560 -1.018883 1.956157
    2 6.028141 0.000005 0.000002 -1.538014 -1.018026 -0.868390
    3 11.692560 0.000013 -0.000006 -0.138141 0.239332 -1.291923
    4 11.481678 0.000006 -0.000039 -0.063814 0.047479 0.472545
    5 3.281562 0.002118 -1.383387 0.057231 -0.184737 -1.037631
    6 1.324282 -0.000013 0.000002 0.000311 -0.056918 -0.633392
    7 0.815305 -0.000006 -0.000001 0.000001 -0.000003 -0.428154
    8 3.711852 0.109255 -0.568167 -0.041192 -0.249849 -1.045107
    9 1.609408 0.000008 -0.000006 -0.000385 -0.007772 -0.505494
    10 0.993192 -0.000006 0.000002 0.001614 0.002114 -0.378973
    11 3.786029 0.203227 0.247844 -0.066976 -0.218923 -0.935888
    12 1.684422 -0.000010 0.000009 0.000395 -0.023213 -0.398056
    13 1.252153 -0.000006 0.000003 0.001141 -0.002278 -0.425160
    14 3.594221 0.299551 1.109804 -0.075475 -0.214562 -0.642502
    15 1.719431 0.000000 -0.000006 -0.000004 -0.006983 -0.396914
    16 1.005919 0.000000 0.000004 0.000005 0.000018 -0.458568
    17 0.298218 -0.634092 0.426701 -1.264442 -0.844391 -0.572072
    18 2.637462 0.000002 -0.000006 0.001029 -0.021633 0.237248
    19 1.304664 0.000001 -0.000004 0.001896 0.000167 0.218262
    20 2.033356 1.000772 -1.937610 -0.128177 0.172990 -2.038336
    21 6.028142 0.000001 -0.000001 -0.564662 1.321792 -2.299566
    22 11.692555 0.000031 0.000001 0.060558 -0.046069 -1.817574
    23 11.481703 0.000105 0.000003 -0.659913 -0.600805 1.011621
    24 2.914335 -0.027074 1.404053 -0.002374 0.009105 -1.340561
    25 1.285218 0.000000 -0.000001 0.000002 0.031611 -0.484969
    26 0.842651 0.000002 0.000000 -0.049553 0.043777 -0.974485
    27 3.368059 0.007375 0.622456 0.028206 0.001622 -1.454663
    28 1.610352 -0.000006 0.000001 -0.000007 0.094857 -0.602665
    29 1.020535 -0.000004 -0.000002 0.012247 -0.013086 -1.191919
    30 3.555524 0.023917 -0.200566 -0.028954 0.012897 -1.480999
    31 1.666992 0.000000 0.000000 -0.000010 0.148680 -0.670364
    32 1.240436 0.000002 0.000006 0.000002 -0.000011 -1.488674
    33 3.449664 0.054213 -1.089087 0.056031 0.350758 -0.342547
    34 1.711616 0.000006 0.000011 0.004342 -0.007366 -0.852775
    35 1.005908 0.000002 0.000007 -0.000571 -0.014627 -0.159806
    36 0.083341 -0.738750 -0.755817 1.102531 0.723791 -0.631551
    37 2.512460 -0.000008 -0.000008 -0.000002 -0.000001 0.359163
    38 1.249973 0.429699 -0.140631 0.024560 0.000801 1.034386
    39 -6.671623 -14.887376 -8.445315 1.561647 0.000111 -3.142591
    40 0.000001 3.761717 -1.204106 0.000000 0.000000 0.000000
    41 0.000001 3.761716 -2.197272 0.000000 0.000000 0.000000
    42 0.000001 1.420890 -5.835940 0.000000 0.000000 0.000000
    43 -0.000751 -0.003515 -1.549599 0.000000 0.000000 0.000003
  time 8
    0 0.000005 -2.660156 -9.640625 -1.570760 -1.391893 -1.570827
    1 2.033348 1.000767 1.937659 2.550168 -1.091368 2.045344
    2 6.028141 0.000005 0.000002 -1.354479 -1.027013 -1.010993
    3 11.692560 0.000013 -0.000006 -0.144194 0.240938 -1.317342
    4 11.481678 0.000006 -0.000039 -0.018829 0.020164 0.451887
    5 3.281562 0.002118 -1.383387 0.056884 -0.207278 -0.954205
    6 1.324282 -0.000013 0.000002 0.000000 -0.066649 -0.546091
    7 0.815305 -0.000006 -0.000001 0.000001 -0.000003 -0.523542
    8 3.711852 0.109255 -0.568167 -0.052019 -0.266654 -0.975754
    9 1.609408 0.000008 -0.000006 -0.000002 -0.010337 -0.427417
    10 0.993192 -0.000006 0.000002 0.001476 0.002258 -0.454048
    11 3.786029 0.203227 0.247844 -0.074329 -0.239920 -0.893625
    12 1.684422 -0.000010 0.000009 0.000002 -0.027252 -0.309059
    13 1.252153 -0.000006 0.000003 0.001338 -0.002710 -0.405086
    14 3.594221 0.299551 1.109804 -0.072350 -0.222796 -0.676323
    15 1.719431 0.000000 -0.000006 -0.000004 -0.008313 -0.274574
    16 1.005919 0.000000 0.000004 0.000005 0.000018 -0.539089
    17 0.298218 -0.634092 0.426701 -1.273016 -0.827442 -0.610011
    18 2.637462 0.000002 -0.000006 -0.000002 -0.031197 0.219326
    19 1.304664 0.000001 -0.000004 0.001608 0.005476 0.273717
    20 2.033356 1.000772 -1.937610 -0.128177 0.172990 -2.038336
    21 6.028142 0.000001 -0.000001 -0.539781 1.310245 -2.268449
    22 11.692555 0.000031 0.000001 0.038830 -0.030393 -1.817495
    23 11.481703 0.000105 0.000003 -0.670601 -0.615258 1.018966
    24 2.914335 -0.023167 1.400147 -0.002374 0.009105 -1.340561
    25 1.285218 0.000000 -0.000001 0.000002 0.031611 -0.484969
    26 0.838745 0.000002 0.000000 -0.049553 0.043777 -0.974485
    27 3.368059 0.007375 0.622456 0.028206 0.001622 -1.454663
    28 1.610352 -0.000006 0.000001 -0.000007 0.094857 -0.602665
    29 1.020535 -0.000004 -0.000002 0.012247 -0.013086 -1.191919
    30 3.555524 0.023917 -0.204473 -0.028954 0.012885 -1.480999
    31 1.666992 0.000000 0.000000 -0.000010 0.148680 -0.670364
    32 1.240436 0.000002 0.000006 0.000002 -0.000011 -1.488635
    33 3.449664 0.054213 -1.089087 0.056031 0.350818 -0.342497
    34 1.711616 0.000006 0.000011 0.004354 -0.007342 -0.852726
    35 1.005908 0.000002 0.000007 -0.000583 -0.014627 -0.159368
    36 0.079434 -0.738750 -0.759723 1.102531 0.723791 -0.631551
    37 2.512460 -0.000008 -0.000008 -0.000002 -0.000001 0.359163
    38 1.249973 0.429699 -0.140631 0.024560 0.000801 1.034386
    39 -6.671623 -14.887376 -8.449221 1.560245 0.000187 -3.142746
    40 0.000001 3.761717 -1.204106 0.000000 0.000000 0.000000
    41 0.000001 3.761716 -2.197272 0.000000 0.000000 0.000000
    42 0.000001 1.420890 -5.835940 0.000000 0.000000 0.000000
    43 -0.000751 -0.003515 -1.549599 0.000000 0.000000 0.000003
  time 9
    0 0.000005 -2.660156 -9.640625 -1.570760 -1.391893 -1.570827
    1 2.033348 1.000767 1.937659 2.427188 -1.153660 2.156270
    2 6.028141 0.000005 0.000002 -1.167817 -0.990072 -1.159756
    3 11.692560 0.000013 -0.000006 -0.172669 0.246379 -1.435248
    4 11.481678 0.000006 -0.000039 -0.012133 -0.026802 0.497902
    5 3.281562 0.002118 -1.379481 0.047930 -0.200360 -0.866232
    6 1.324282 -0.000013 0.000002 0.000000 -0.071263 -0.545542
    7 0.815305 -0.000006 -0.000001 0.000001 -0.000003 -0.523542
    8 3.711852 0.109255 -0.568167 -0.065840 -0.275157 -0.880877
    9 1.609408 0.000008 -0.000006 -0.000002 -0.014172 -0.427307
    10 0.993192 -0.000006 0.000002 0.001476 0.002258 -0.454048
    11 3.786029 0.203227 0.247844 -0.085403 -0.247627 -0.790627
    12 1.684422 -0.000010 0.000009 0.000002 -0.033232 -0.319719
    13 1.252153 -0.000006 0.000003 0.001495 -0.003021 -0.390588
    14 3.594221 0.299551 1.109804 -0.080483 -0.231341 -0.589714
    15 1.719431 0.000000 -0.000006 -0.000004 -0.009416 -0.240767
    16 1.005919 0.000000 0.000004 0.000005 0.000018 -0.528327
    17 0.298218 -0.634092 0.426701 -1.257956 -0.804649 -0.639476
    18 2.637462 0.000002 -0.000006 -0.000002 -0.045063 0.249669
    19 1.304664 0.000001 -0.000004 0.003621 0.013266 0.236103
    20 2.033356 1.000772 -1.937610 -0.128177 0.172990 -2.038336
    21 6.028142 0.000001 -0.000001 -0.583539 1.329870 -2.325316
    22 11.692555 0.000031 0.000001 0.075946 -0.059168 -1.817808
    23 11.481703 0.000105 0.000003 -0.652140 -0.592768 1.007272
    24 2.914335 -0.023167 1.404053 -0.002374 0.009105 -1.340561
    25 1.285218 0.000000 -0.000001 0.000002 0.031611 -0.484969
    26 0.842651 0.000002 0.000000 -0.049553 0.043777 -0.974485
    27 3.368059 0.007375 0.622456 0.028206 0.001622 -1.454663
    28 1.610352 -0.000006 0.000001 -0.000007 0.094857 -0.602665
    29 1.020535 -0.000004 -0.000002 0.012247 -0.013086 -1.191919
    30 3.555524 0.023917 -0.204473 -0.028954 0.012885 -1.480999
    31 1.666992 0.000000 0.000000 -0.000010 0.148680 -0.670364
    32 1.240436 0.000002 0.000006 0.000002 -0.000011 -1.488635
    33 3.449664 0.054213 -1.089087 0.056031 0.350877 -0.342447
    34 1.711616 0.000006 0.000011 0.004354 -0.007318 -0.852676
    35 1.005908 0.000002 0.000007 -0.000595 -0.014615 -0.158902
    36 0.079434 -0.738750 -0.759723 1.102531 0.723791 -0.631551
    37 2.512460 -0.000008 -0.000008 -0.000002 -0.000001 0.359163
    38 1.249973 0.429699 -0.140631 0.024560 0.000801 1.034386
    39 -6.671623 -14.887376 -8.433596 1.561374 0.000682 -3.142513
    40 0.000001 3.761717 -1.204106 0.000000 0.000000 0.000000
    41 0.000001 3.761716 -2.197272 0.000000 0.000000 0.000000
    42 0.000001 1.420890 -5.835940 0.000000 0.000000 0.000000
    43 -0.000751 -0.003515 -1.549599 0.000000 0.000000 0.000003
  time 10
    0 0.000005 -2.660156 -9.640625 -1.570760 -1.391893 -1.570827
    1 2.033348 1.000767 1.937659 2.290314 -1.201880 2.282729
    2 6.028141 0.000005 0.000002 -1.014698 -0.951595 -1.276587
    3 11.692560 0.000013 -0.000006 -0.195751 0.248309 -1.529721
    4 11.481678 0.000006 -0.000039 -0.010719 -0.057983 0.595561
    5 3.285469 0.006024 -1.383387 0.041266 -0.194097 -0.800484
    6 1.324282 -0.000013 0.000002 0.000000 -0.074391 -0.545175
    7 0.815305 -0.000006 -0.000001 0.000001 -0.000003 -0.523542
    8 3.715758 0.109255 -0.568167 -0.076111 -0.282923 -0.806470
    9 1.609408 0.000008 -0.000006 -0.000002 -0.017252 -0.427161
    10 0.993192 -0.000006 0.000002 0.001476 0.002258 -0.454048
    11 3.789935 0.207133 0.243937 -0.093736 -0.254566 -0.705166
    12 1.684422 -0.000010 0.000009 0.000002 -0.039224 -0.332356
    13 1.252153 -0.000006 0.000003 0.001594 -0.003285 -0.378723
    14 3.594221 0.303457 1.109804 -0.086596 -0.239490 -0.517508
    15 1.719431 0.000000 -0.000006 -0.000004 -0.009967 -0.211415
    16 1.005919 0.000000 0.000004 0.000005 0.000018 -0.519557
    17 0.298218 -0.630186 0.426701 -1.242988 -0.784198 -0.668733
    18 2.637462 0.000002 -0.000006 -0.000002 -0.062405 0.288072
    19 1.304664 0.000001 -0.000004 0.005838 0.023513 0.187116
    20 2.033356 1.000772 -1.937610 -0.128177 0.172990 -2.038336
    21 6.028142 0.000001 -0.000001 -0.561107 1.322231 -2.296882
    22 11.692555 0.000031 0.000001 0.063027 -0.048741 -1.817730
    23 11.481703 0.000105 0.000003 -0.661964 -0.599947 1.013207
    24 2.914335 -0.023167 1.404053 -0.002374 0.009105 -1.340561
    25 1.285218 0.000000 -0.000001 0.000002 0.031611 -0.484969
    26 0.838745 0.000002 0.000000 -0.049553 0.043777 -0.974485
    27 3.368059 0.007375 0.622456 0.028206 0.001622 -1.454663
    28 1.610352 -0.000006 0.000001 -0.000007 0.094857 -0.602665
    29 1.020535 -0.000004 -0.000002 0.012247 -0.013086 -1.191919
    30 3.555524 0.023917 -0.204473 -0.028954 0.012885 -1.480999
    31 1.666992 0.000000 0.000000 -0.000010 0.148680 -0.670364
    32 1.240436 0.000002 0.000006 0.000002 -0.000011 -1.488674
    33 3.449664 0.054213 -1.089087 0.056031 0.350949 -0.342347
    34 1.711616 0.000006 0.000011 0.004354 -0.007294 -0.852577
    35 1.005908 0.000002 0.000007 -0.000607 -0.014603 -0.158354
    36 0.079434 -0.738750 -0.759723 1.102531 0.723791 -0.631551
    37 2.512460 -0.000008 -0.000008 -0.000002 -0.000001 0.359163
    38 1.249973 0.429699 -0.140631 0.024560 0.000801 1.034386
    39 -6.675529 -14.887376 -8.480472 1.558766 -0.000690 -3.143058
    40 0.000001 3.761717 -1.204106 0.000000 0.000000 0.000000
    41 0.000001 3.761716 -2.197272 0.000000 0.000000 0.000000
    42 0.000001 1.420890 -5.835940 0.000000 0.000000 0.000000
    43 -0.000751 -0.003515 -1.549599 0.000000 0.000000 0.000003
  time 11
    0 0.000005 -2.660156 -9.640625 -1.570760 -1.391893 -1.570827
    1 2.033348 1.000767 1.937659 2.157796 -1.234450 2.407144
    2 6.028141 0.000005 0.000002 -0.904596 -0.923822 -1.354758
    3 11.692560 0.000013 -0.000006 -0.208335 0.248548 -1.580560
    4 11.481678 0.000006 -0.000039 -0.025808 -0.068377 0.729312
    5 3.281562 0.002118 -1.383387 0.036666 -0.189621 -0.759699
    6 1.324282 -0.000013 0.000002 0.000000 -0.076153 -0.544966
    7 0.815305 -0.000006 -0.000001 0.000001 -0.000003 -0.523542
    8 3.711852 0.109255 -0.568167 -0.083409 -0.291101 -0.755138
    9 1.609408 0.000008 -0.000006 -0.000002 -0.019073 -0.427125
    10 0.993192 -0.000006 0.000002 0.001476 0.002258 -0.454048
    11 3.786029 0.203227 0.243937 -0.100181 -0.262020 -0.639364
    12 1.684422 -0.000010 0.000009 0.000002 -0.044929 -0.347608
    13 1.252153 -0.000006 0.000003 0.001673 -0.003489 -0.370024
    14 3.594221 0.299551 1.109804 -0.091500 -0.247556 -0.460941
    15 1.719431 0.000000 -0.000006 -0.000004 -0.010051 -0.187437
    16 1.005919 0.000000 0.000004 0.000005 0.000018 -0.513090
    17 0.298218 -0.634092 0.426701 -1.228576 -0.766428 -0.695844
    18 2.637462 0.000002 -0.000006 -0.000002 -0.083785 0.336289
    19 1.304664 0.000001 -0.000004 0.007924 0.036780 0.124335
    20 2.033356 1.000772 -1.937610 -0.128177 0.172990 -2.038336
    21 6.028142 0.000001 -0.000001 -0.535832 1.313757 -2.264255
    22 11.692555 0.000031 0.000001 0.050551 -0.038411 -1.817730
    23 11.481703 0.000105 0.000003 -0.675135 -0.606777 1.021316
    24 2.914335 -0.023167 1.404053 -0.002374 0.009105 -1.340561
    25 1.285218 0.000000 -0.000001 0.000002 0.031611 -0.484969
    26 0.842651 0.000002 0.000000 -0.049553 0.043777 -0.974485
    27 3.368059 0.007375 0.622456 0.028206 0.001622 -1.454663
    28 1.610352 -0.000006 0.000001 -0.000007 0.094857 -0.602665
    29 1.020535 -0.000004 -0.000002 0.012247 -0.013086 -1.191919
    30 3.555524 0.023917 -0.200566 -0.028954 0.012885 -1.480999
    31 1.666992 0.000000 0.000000 -0.000010 0.148680 -0.670364
    32 1.240436 0.000002 0.000006 0.000002 -0.000011 -1.488635
    33 3.449664 0.054213 -1.089087 0.056056 0.351021 -0.342296
    34 1.711616 0.000006 0.000011 0.004354 -0.007270 -0.852527
    35 1.005908 0.000002 0.000007 -0.000619 -0.014591 -0.157807
    36 0.079434 -0.738750 -0.755817 1.102531 0.723791 -0.631551
    37 2.512460 -0.000008 -0.000008 -0.000002 -0.000001 0.359163
    38 1.249973 0.429699 -0.140631 0.024560 0.000801 1.034386
    39 -6.691155 -14.887376 -8.558600 1.553315 -0.003243 -3.143992
    40 0.000001 3.761717 -1.204106 0.000000 0.000000 0.000000
    41 0.000001 3.761716 -2.197272 0.000000 0.000000 0.000000
    42 0.000001 1.420890 -5.835940 0.000000 0.000000 0.000000
    43 -0.000751 -0.003515 -1.549599 0.000000 0.000000 0.000003
  time 12
    0 0.000005 -2.660156 -9.640625 -1.570760 -1.391893 -1.570827
    1 2.033348 1.000767 1.937659 2.057742 -1.252434 2.501920
    2 6.028141 0.000005 0.000002 -0.841017 -0.914474 -1.396829
    3 11.692560 0.000013 -0.000006 -0.209809 0.248536 -1.586521
    4 11.481678 0.000006 -0.000039 -0.049479 -0.057167 0.820413
    5 3.281562 0.002118 -1.383387 0.045088 -0.197905 -0.838810
    6 1.324282 -0.000013 0.000002 0.000000 -0.072606 -0.545411
    7 0.815305 -0.000006 -0.000001 0.000001 -0.000003 -0.523542
    8 3.711852 0.109255 -0.568167 -0.075417 -0.309704 -0.815481
    9 1.609408 0.000008 -0.000006 -0.000002 -0.013297 -0.427344
    10 0.993192 -0.000006 0.000002 0.001476 0.002258 -0.454048
    11 3.786029 0.203227 0.243937 -0.098166 -0.284335 -0.666497
    12 1.684422 -0.000010 0.000009 0.000002 -0.046343 -0.377642
    13 1.252153 -0.000006 0.000003 0.001732 -0.003620 -0.364091
    14 3.594221 0.299551 1.109804 -0.090394 -0.263747 -0.479198
    15 1.719431 0.000000 -0.000006 -0.000004 -0.009008 -0.186212
    16 1.005919 0.000000 0.000004 0.000005 0.000018 -0.508661
    17 0.298218 -0.634092 0.426701 -1.203555 -0.762685 -0.728745
    18 2.637462 0.000002 -0.000006 -0.000002 -0.124449 0.439170
    19 1.304664 0.000001 -0.000004 0.009554 0.066094 -0.013031
    20 2.033356 1.000772 -1.937610 -0.128177 0.172990 -2.038336
    21 6.028142 0.000001 -0.000001 -0.523195 1.310025 -2.250416
    22 11.692555 0.000031 0.000001 0.045505 -0.035846 -1.817965
    23 11.481703 0.000105 0.000003 -0.681936 -0.611955 1.026781
    24 2.914335 -0.023167 1.400147 -0.002374 0.009105 -1.340561
    25 1.285218 0.000000 -0.000001 0.000002 0.031611 -0.484969
    26 0.842651 0.000002 0.000000 -0.049553 0.043777 -0.974485
    27 3.368059 0.007375 0.618550 0.028206 0.001622 -1.454663
    28 1.610352 -0.000006 0.000001 -0.000007 0.094857 -0.602665
    29 1.020535 -0.000004 -0.000002 0.012247 -0.013086 -1.191919
    30 3.555524 0.023917 -0.204473 -0.028954 0.012885 -1.480999
    31 1.666992 0.000000 0.000000 -0.000010 0.148680 -0.670364
    32 1.236529 0.000002 0.000006 0.000002 -0.000011 -1.488674
    33 3.449664 0.054213 -1.089087 0.056056 0.351117 -0.342246
    34 1.711616 0.000006 0.000011 0.004354 -0.007234 -0.852427
    35 1.005908 0.000002 0.000007 -0.000631 -0.014591 -0.157204
    36 0.079434 -0.738750 -0.759723 1.102531 0.723791 -0.631551
    37 2.512460 -0.000008 -0.000008 -0.000002 -0.000001 0.359163
    38 1.249973 0.429699 -0.140631 0.024560 0.000801 1.034386
    39 -6.698967 -14.883470 -8.601570 1.548370 -0.004120 -3.144693
    40 0.000001 3.761717 -1.204106 0.000000 0.000000 0.000000
    41 0.000001 3.761716 -2.197272 0.000000 0.000000 0.000000
    42 0.000001 1.420890 -5.835940 0.000000 0.000000 0.000000
    43 -0.000751 -0.003515 -1.549599 0.000000 0.000000 0.000003
  time 13
    0 0.000005 -2.660156 -9.640625 -1.570760 -1.391893 -1.570827
    1 2.033348 1.000767 1.937659 2.019225 -1.258097 2.538536
    2 6.028141 0.000005 0.000002 -0.818655 -0.915738 -1.408957
    3 11.692560 0.000013 -0.000006 -0.206334 0.248560 -1.572528
    4 11.481678 0.000006 -0.000039 -0.067775 -0.039786 0.855635
    5 3.281562 0.002118 -1.383387 0.066471 -0.212832 -1.052897
    6 1.324282 -0.000013 0.000002 0.000000 -0.060921 -0.546666
    7 0.815305 -0.000006 -0.000001 0.000001 -0.000003 -0.523542
    8 3.711852 0.105348 -0.572073 -0.048271 -0.330206 -1.004042
    9 1.609408 0.000008 -0.000006 -0.000002 0.001900 -0.427526
    10 0.993192 -0.000006 0.000002 0.001476 0.002258 -0.454048
    11 3.786029 0.203227 0.243937 -0.085276 -0.318671 -0.801660
    12 1.684422 -0.000010 0.000009 0.000002 -0.039536 -0.423465
    13 1.252153 -0.000006 0.000003 0.001771 -0.003704 -0.360121
    14 3.594221 0.299551 1.109804 -0.081605 -0.285571 -0.583915
    15 1.719431 0.000000 -0.000006 -0.000004 -0.005988 -0.211381
    16 1.005919 0.000000 0.000004 0.000005 0.000018 -0.505738
    17 0.298218 -0.634092 0.426701 -1.165390 -0.773792 -0.767768
    18 2.637462 0.000002 -0.000006 -0.000002 -0.179782 0.602215
    19 1.304664 0.000001 -0.000004 0.003957 0.111803 -0.229425
    20 2.033356 1.000772 -1.937610 -0.128177 0.172990 -2.038336
    21 6.028142 0.000001 -0.000001 -0.542546 1.319333 -2.276333
    22 11.692555 0.000031 0.000001 0.061876 -0.048777 -1.818278
    23 11.481703 0.000105 0.000003 -0.673839 -0.606268 1.024136
    24 2.914335 -0.023167 1.404053 -0.002374 0.009105 -1.340561
    25 1.285218 0.000000 -0.000001 0.000002 0.031611 -0.484969
    26 0.842651 0.000002 0.000000 -0.049553 0.043777 -0.974485
    27 3.368059 0.007375 0.622456 0.028206 0.001622 -1.454663
    28 1.610352 -0.000006 0.000001 -0.000007 0.094857 -0.602665
    29 1.020535 -0.000004 -0.000002 0.012247 -0.013086 -1.191919
    30 3.555524 0.023917 -0.204473 -0.028954 0.012885 -1.480999
    31 1.666992 0.000000 0.000000 -0.000010 0.148680 -0.670364
    32 1.240436 0.000002 0.000006 0.000002 -0.000011 -1.488674
    33 3.449664 0.054213 -1.089087 0.056056 0.351189 -0.342146
    34 1.711616 0.000006 0.000011 0.004365 -0.007210 -0.852328
    35 1.005908 0.000002 0.000007 -0.000643 -0.014579 -0.156547
    36 0.079434 -0.738750 -0.759723 1.102531 0.723791 -0.631551
    37 2.512460 -0.000008 -0.000008 -0.000002 -0.000001 0.359163
    38 1.249973 0.429699 -0.140631 0.024560 0.000801 1.034386
    39 -6.691155 -14.871751 -8.597663 1.545256 -0.002710 -3.144771
    40 0.000001 3.761717 -1.204106 0.000000 0.000000 0.000000
    41 0.000001 3.761716 -2.197272 0.000000 0.000000 0.000000
    42 0.000001 1.420890 -5.835940 0.000000 0.000000 0.000000
    43 -0.000751 -0.003515 -1.549599 0.000000 0.000000 0.000003
  time 14
    0 0.000005 -2.660156 -9.640625 -1.570760 -1.391893 -1.570827
    1 2.033348 1.000767 1.937659 2.019225 -1.258097 2.538536
    2 6.028141 0.000005 0.000002 -0.818845 -0.921609 -1.406304
    3 11.692560 0.000013 -0.000006 -0.201684 0.248524 -1.553567
    4 11.481678 0.000006 -0.000039 -0.076169 -0.021943 0.873856
    5 3.281562 0.002118 -1.379481 0.086320 -0.218595 -1.287028
    6 1.324282 -0.000013 0.000002 0.000000 -0.045065 -0.548052
    7 0.815305 -0.000006 -0.000001 0.000001 -0.000003 -0.523542
    8 3.711852 0.109255 -0.568167 -0.016049 -0.335924 -1.214548
    9 1.609408 0.000008 -0.000006 -0.000002 0.018534 -0.427125
    10 0.993192 -0.000006 0.000002 0.001476 0.002258 -0.454048
    11 3.786029 0.203227 0.247844 -0.068011 -0.345864 -0.961044
    12 1.684422 -0.000010 0.000009 0.000002 -0.027072 -0.467780
    13 1.252153 -0.000006 0.000003 0.001791 -0.003752 -0.357846
    14 3.594221 0.299551 1.109804 -0.070191 -0.302697 -0.707487
    15 1.719431 0.000000 -0.000006 -0.000004 -0.001134 -0.243148
    16 1.005919 0.000000 0.000004 0.000005 0.000018 -0.504011
    17 0.298218 -0.634092 0.426701 -1.126961 -0.789196 -0.803063
    18 2.637462 0.000002 -0.000006 -0.000002 -0.224664 0.765687
    19 1.304664 0.000001 -0.000004 -0.011036 0.154396 -0.442938
    20 2.033356 1.000772 -1.937610 -0.128177 0.172990 -2.038336
    21 6.028142 0.000001 -0.000001 -0.537096 1.314899 -2.268449
    22 11.692555 0.000031 0.000001 0.051498 -0.040819 -1.818356
    23 11.481703 0.000105 0.000003 -0.676053 -0.616052 1.027544
    24 2.914335 -0.023167 1.404053 -0.002374 0.009105 -1.340561
    25 1.285218 0.000000 -0.000001 0.000002 0.031611 -0.484969
    26 0.842651 0.000002 0.000000 -0.049553 0.043777 -0.974485
    27 3.368059 0.007375 0.618550 0.028206 0.001622 -1.454663
    28 1.610352 -0.000006 0.000001 -0.000007 0.094857 -0.602665
    29 1.020535 -0.000004 -0.000002 0.012247 -0.013086 -1.191919
    30 3.555524 0.023917 -0.200566 -0.028954 0.012885 -1.480999
    31 1.666992 0.000000 0.000000 -0.000010 0.148680 -0.670364
    32 1.240436 0.000002 0.000006 0.000002 -0.000011 -1.488674
    33 3.449664 0.054213 -1.089087 0.056056 0.351285 -0.342096
    34 1.711616 0.000006 0.000011 0.004365 -0.007174 -0.852229
    35 1.005908 0.000002 0.000007 -0.000667 -0.014567 -0.155862
    36 0.079434 -0.738750 -0.759723 1.102531 0.723791 -0.631551
    37 2.512460 -0.000008 -0.000008 -0.000002 -0.000001 0.359163
    38 1.249973 0.429699 -0.140631 0.024560 0.000801 1.034386
    39 -6.687248 -14.867844 -8.570319 1.544049 -0.000614 -3.144615
    40 0.000001 3.761717 -1.204106 0.000000 0.000000 0.000000
    41 0.000001 3.761716 -2.197272 0.000000 0.000000 0.000000
    42 0.000001 1.420890 -5.835940 0.000000 0.000000 0.000000
    43 -0.000751 -0.003515 -1.549599 0.000000 0.000000 0.000003
  time 15
    0 0.000005 -2.660156 -9.640625 -1.570760 -1.391893 -1.570827
    1 2.033348 1.000767 1.937659 2.019225 -1.258097 2.538536
    2 6.028141 0.000005 0.000002 -0.818087 -0.925764 -1.407915
    3 11.692560 0.000013 -0.000006 -0.198879 0.248465 -1.542224
    4 11.481678 0.000006 -0.000039 -0.069944 -0.013500 0.885113
    5 3.281562 0.002118 -1.379481 0.096091 -0.216889 -1.425020
    6 1.324282 -0.000013 0.000002 0.000000 -0.034531 -0.548732
    7 0.815305 -0.000006 -0.000001 0.000001 -0.000003 -0.523542
    8 3.711852 0.109255 -0.568167 0.003523 -0.332765 -1.338655
    9 1.609408 0.000008 -0.000006 -0.000002 0.028170 -0.426650
    10 0.993192 -0.000006 0.000002 0.001476 0.002258 -0.454048
    11 3.786029 0.203227 0.247844 -0.056701 -0.358412 -1.056316
    12 1.684422 -0.000010 0.000009 0.000002 -0.017940 -0.493624
    13 1.252153 -0.000006 0.000003 0.001791 -0.003776 -0.356954
    14 3.594221 0.299551 1.113710 -0.062905 -0.311074 -0.780964
    15 1.719431 0.000000 -0.000006 -0.000004 0.002521 -0.261854
    16 1.005919 0.000000 0.000004 0.000005 0.000018 -0.503435
    17 0.298218 -0.634092 0.426701 -1.103579 -0.798420 -0.824240
    18 2.637462 0.000002 -0.000006 -0.000002 -0.246680 0.863590
    19 1.304664 0.000001 -0.000004 -0.024075 0.177610 -0.569329
    20 2.033356 1.000772 -1.937610 -0.128177 0.172990 -2.038336
    21 6.028142 0.000001 -0.000001 -0.542546 1.314723 -2.273817
    22 11.692555 0.000031 0.000001 0.048586 -0.038207 -1.818356
    23 11.481703 0.000105 0.000003 -0.673354 -0.619547 1.026193
    24 2.914335 -0.023167 1.400147 -0.002374 0.009105 -1.340561
    25 1.285218 0.000000 -0.000001 0.000002 0.031611 -0.484969
    26 0.842651 0.000002 0.000000 -0.049553 0.043777 -0.974485
    27 3.368059 0.007375 0.618550 0.028206 0.001622 -1.454663
    28 1.610352 -0.000006 0.000001 -0.000007 0.094857 -0.602665
    29 1.020535 -0.000004 -0.000002 0.012247 -0.013086 -1.191919
    30 3.555524 0.023917 -0.200566 -0.028954 0.012885 -1.480999
    31 1.666992 0.000000 0.000000 -0.000010 0.148680 -0.670364
    32 1.240436 0.000002 0.000006 0.000002 -0.000011 -1.488635
    33 3.449664 0.054213 -1.089087 0.056068 0.351381 -0.342046
    34 1.711616 0.000006 0.000011 0.004365 -0.007138 -0.852179
    35 1.005908 0.000002 0.000007 -0.000679 -0.014555 -0.155178
    36 0.079434 -0.738750 -0.755817 1.102531 0.723791 -0.631551
    37 2.508554 -0.000008 -0.000008 -0.000002 -0.000001 0.359163
    38 1.249973 0.429699 -0.140631 0.024560 0.000801 1.034386
    39 -6.675529 -14.860031 -8.527349 1.545917 0.000911 -3.143681
    40 0.000001 3.761717 -1.204106 0.000000 0.000000 0.000000
    41 0.000001 3.761716 -2.197272 0.000000 0.000000 0.000000
    42 0.000001 1.420890 -5.835940 0.000000 0.000000 0.000000
    43 -0.000751 -0.003515 -1.549599 0.000000 0.000000 0.000003
  time 16
    0 0.000005 -2.660156 -9.640625 -1.570760 -1.391893 -1.570827
    1 2.033348 1.000767 1.937659 2.019225 -1.258097 2.538536
    2 6.028141 0.000005 0.000002 -0.816287 -0.927209 -1.413316
    3 11.692560 0.000013 -0.000006 -0.198352 0.248465 -1.540071
    4 11.481678 0.000006 -0.000039 -0.051271 -0.017934 0.895268
    5 3.281562 0.002118 -1.379481 0.098585 -0.215523 -1.465573
    6 1.324282 -0.000013 0.000002 0.000000 -0.031295 -0.548915
    7 0.815305 -0.000006 -0.000001 0.000001 -0.000003 -0.523542
    8 3.711852 0.109255 -0.568167 0.009135 -0.331592 -1.374414
    9 1.609408 0.000008 -0.000006 -0.000002 0.031082 -0.426468
    10 0.993192 -0.000006 0.000002 0.001476 0.002258 -0.454048
    11 3.786029 0.203227 0.247844 -0.053524 -0.362463 -1.082479
    12 1.684422 -0.000010 0.000009 0.000002 -0.015159 -0.502440
    13 1.252153 -0.000006 0.000003 0.001791 -0.003764 -0.357266
    14 3.594221 0.299551 1.113710 -0.060850 -0.313950 -0.800793
    15 1.719431 0.000000 -0.000006 -0.000004 0.003684 -0.266343
    16 1.005919 0.000000 0.000004 0.000005 0.000018 -0.503701
    17 0.298218 -0.634092 0.426701 -1.095467 -0.800061 -0.832299
    18 2.637462 0.000002 -0.000006 -0.000002 -0.253691 0.896991
    19 1.304664 0.000001 -0.000004 -0.029145 0.185041 -0.612154
    20 2.033356 1.000772 -1.937610 -0.128177 0.172990 -2.038336
    21 6.028142 0.000001 -0.000001 -0.540887 1.310596 -2.270546
    22 11.692555 0.000031 0.000001 0.037787 -0.030093 -1.818121
    23 11.481703 0.000105 0.000003 -0.673947 -0.627012 1.025899
    24 2.914335 -0.023167 1.404053 -0.002374 0.009105 -1.340561
    25 1.285218 0.000000 -0.000001 0.000002 0.031611 -0.484969
    26 0.842651 0.000002 0.000000 -0.049553 0.043777 -0.974485
    27 3.368059 0.007375 0.622456 0.028206 0.001622 -1.454663
    28 1.610352 -0.000006 0.000001 -0.000007 0.094857 -0.602665
    29 1.020535 -0.000004 -0.000002 0.012247 -0.013086 -1.191919
    30 3.555524 0.023917 -0.200566 -0.028954 0.012885 -1.480999
    31 1.666992 0.000000 0.000000 -0.000010 0.148680 -0.670364
    32 1.240436 0.000002 0.000006 0.000002 -0.000011 -1.488674
    33 3.449664 0.054213 -1.089087 0.056094 0.351477 -0.341945
    34 1.711616 0.000006 0.000011 0.004377 -0.007114 -0.852030
    35 1.005908 0.000002 0.000007 -0.000703 -0.014543 -0.154466
    36 0.079434 -0.738750 -0.759723 1.102531 0.723791 -0.631551
    37 2.512460 -0.000008 -0.000008 -0.000002 -0.000001 0.359163
    38 1.249973 0.429699 -0.140631 0.024560 0.000801 1.034386
    39 -6.671623 -14.856125 -8.464847 1.549460 0.001826 -3.142201
    40 0.000001 3.761717 -1.204106 0.000000 0.000000 0.000000
    41 0.000001 3.761716 -2.197272 0.000000 0.000000 0.000000
    42 0.000001 1.420890 -5.835940 0.000000 0.000000 0.000000
    43 -0.000751 -0.003515 -1.549599 0.000000 0.000000 0.000003
  time 17
    0 0.000005 -2.660156 -9.640625 -1.570760 -1.391893 -1.570827
    1 2.033348 1.000767 1.937659 2.019225 -1.258097 2.538536
    2 6.028141 0.000005 0.000002 -0.814486 -0.929376 -1.420327
    3 11.692560 0.000013 -0.000006 -0.197765 0.248441 -1.537670
    4 11.481678 0.000006 -0.000039 -0.028920 -0.028470 0.900432
    5 3.281562 0.002118 -1.383387 0.099853 -0.214657 -1.487103
    6 1.324282 -0.000013 0.000002 0.000000 -0.029545 -0.549020
    7 0.815305 -0.000006 -0.000001 0.000001 -0.000003 -0.523542
    8 3.711852 0.109255 -0.568167 0.012109 -0.330793 -1.393409
    9 1.609408 0.000008 -0.000006 -0.000002 0.032628 -0.426358
    10 0.993192 -0.000006 0.000002 0.001476 0.002258 -0.454048
    11 3.786029 0.203227 0.243937 -0.051799 -0.364536 -1.096386
    12 1.684422 -0.000010 0.000009 0.000002 -0.013625 -0.507133
    13 1.252153 -0.000006 0.000003 0.001771 -0.003740 -0.358560
    14 3.594221 0.299551 1.109804 -0.059762 -0.315436 -0.811306
    15 1.719431 0.000000 -0.000006 -0.000004 0.004295 -0.268758
    16 1.005919 0.000000 0.000004 0.000005 0.000018 -0.504631
    17 0.298218 -0.634092 0.426701 -1.091134 -0.800931 -0.836588
    18 2.637462 0.000002 -0.000006 -0.000002 -0.257238 0.914770
    19 1.304664 0.000001 -0.000004 -0.031973 0.188900 -0.634900
    20 2.033356 1.000772 -1.937610 -0.128177 0.172990 -2.038336
    21 6.028142 0.000001 -0.000001 -0.584092 1.327148 -2.324980
    22 11.692555 0.000031 0.000001 0.066203 -0.051749 -1.818200
    23 11.481703 0.000105 0.000003 -0.655486 -0.610017 1.013325
    24 2.914335 -0.023167 1.404053 -0.002374 0.009105 -1.340561
    25 1.285218 0.000000 -0.000001 0.000002 0.031596 -0.484969
    26 0.842651 0.000002 0.000000 -0.049553 0.043777 -0.974485
    27 3.368059 0.007375 0.618550 0.028206 0.001622 -1.454663
    28 1.610352 -0.000006 0.000001 -0.000007 0.094857 -0.602665
    29 1.020535 -0.000004 -0.000002 0.012247 -0.013086 -1.191919
    30 3.555524 0.023917 -0.204473 -0.028954 0.012885 -1.480999
    31 1.666992 0.000000 0.000000 -0.000010 0.148680 -0.670364
    32 1.240436 0.000002 0.000006 0.000002 -0.000011 -1.488674
    33 3.449664 0.054213 -1.089087 0.056094 0.351585 -0.341845
    34 1.711616 0.000006 0.000011 0.004377 -0.007066 -0.851980
    35 1.005908 0.000002 0.000007 -0.000715 -0.014531 -0.153644
    36 0.079434 -0.738750 -0.759723 1.102531 0.723791 -0.631551
    37 2.508554 -0.000008 -0.000008 -0.000002 -0.000001 0.359163
    38 1.249973 0.429699 -0.140631 0.024560 0.000801 1.034386
    39 -6.659904 -14.856125 -8.402345 1.554210 0.002664 -3.140955
    40 0.000001 3.761717 -1.204106 0.000000 0.000000 0.000000
    41 0.000001 3.761716 -2.197272 0.000000 0.000000 0.000000
    42 0.000001 1.420890 -5.835940 0.000000 0.000000 0.000000
    43 -0.000751 -0.003515 -1.549599 0.000000 0.000000 0.000003
  time 18
    0 0.000005 -2.660156 -9.640625 -1.570760 -1.391893 -1.570827
    1 2.033348 1.000767 1.937659 2.019225 -1.258097 2.538536
    2 6.028141 0.000005 0.000002 -0.811833 -0.931996 -1.429140
    3 11.692560 0.000013 -0.000006 -0.196878 0.248417 -1.534027
    4 11.481678 0.000006 -0.000039 -0.005815 -0.042198 0.898401
    5 3.281562 0.002118 -1.383387 0.100200 -0.214394 -1.493413
    6 1.324282 -0.000013 0.000002 0.000000 -0.029042 -0.549046
    7 0.815305 -0.000006 -0.000001 0.000001 -0.000003 -0.523542
    8 3.711852 0.109255 -0.568167 0.012982 -0.330530 -1.398966
    9 1.609408 0.000008 -0.000006 -0.000002 0.033083 -0.426322
    10 0.993192 -0.000006 0.000002 0.001476 0.002258 -0.454048
    11 3.786029 0.203227 0.247844 -0.051309 -0.365123 -1.100483
    12 1.684422 -0.000010 0.000009 0.000002 -0.013170 -0.508507
    13 1.252153 -0.000006 0.000003 0.001771 -0.003692 -0.360478
    14 3.594221 0.299551 1.109804 -0.059434 -0.315856 -0.814411
    15 1.719431 0.000000 -0.000006 -0.000004 0.004486 -0.269438
    16 1.005919 0.000000 0.000004 0.000005 0.000018 -0.506004
    17 0.298218 -0.634092 0.426701 -1.089866 -0.801172 -0.837858
    18 2.637462 0.000002 -0.000006 -0.000002 -0.258281 0.920033
    19 1.304664 0.000001 -0.000004 -0.032824 0.190027 -0.641644
    20 2.033356 1.000772 -1.937610 -0.128177 0.172990 -2.038336
    21 6.028142 0.000001 -0.000001 -0.573508 1.318894 -2.310134
    22 11.692555 0.000031 0.000001 0.046308 -0.036793 -1.817808
    23 11.481703 0.000105 0.000003 -0.658347 -0.621961 1.015322
    24 2.914335 -0.023167 1.400147 -0.002374 0.009105 -1.340561
    25 1.285218 0.000000 -0.000001 0.000002 0.031611 -0.484969
    26 0.842651 0.000002 0.000000 -0.049553 0.043777 -0.974485
    27 3.368059 0.007375 0.618550 0.028206 0.001622 -1.454663
    28 1.610352 -0.000006 0.000001 -0.000007 0.094857 -0.602665
    29 1.020535 -0.000004 -0.000002 0.012247 -0.013086 -1.191919
    30 3.555524 0.023917 -0.204473 -0.028954 0.012885 -1.480999
    31 1.666992 0.000000 0.000000 -0.000010 0.148680 -0.670364
    32 1.240436 0.000002 0.000006 0.000002 -0.000011 -1.488674
    33 3.449664 0.054213 -1.089087 0.056094 0.351680 -0.341745
    34 1.711616 0.000006 0.000011 0.004377 -0.007030 -0.851831
    35 1.005908 0.000002 0.000007 -0.000739 -0.014519 -0.152850
    36 0.079434 -0.738750 -0.759723 1.102531 0.723791 -0.631551
    37 2.508554 -0.000008 -0.000008 -0.000002 -0.000001 0.359163
    38 1.249973 0.429699 -0.140631 0.024560 0.000801 1.034386
    39 -6.652091 -14.856125 -8.335937 1.559700 0.004074 -3.140488
    40 0.000001 3.761717 -1.204106 0.000000 0.000000 0.000000
    41 0.000001 3.761716 -2.197272 0.000000 0.000000 0.000000
    42 0.000001 1.420890 -5.835940 0.000000 0.000000 0.000000
    43 -0.000751 -0.003515 -1.549599 0.000000 0.000000 0.000003
  time 19
    0 0.000005 -2.660156 -9.640625 -1.570760 -1.391893 -1.570827
    1 2.033348 1.000767 1.937659 2.019225 -1.258097 2.538536
    2 6.028141 0.000005 0.000002 -0.809275 -0.934299 -1.437288
    3 11.692560 0.000013 -0.000006 -0.196159 0.248393 -1.531129
    4 11.481678 0.000006 -0.000039 0.015216 -0.056103 0.892366
    5 3.281562 0.002118 -1.379481 0.099914 -0.214617 -1.488356
    6 1.324282 -0.000013 0.000002 0.000000 -0.029449 -0.549020
    7 0.815305 -0.000006 -0.000001 0.000001 -0.000003 -0.523542
    8 3.711852 0.109255 -0.568167 0.012288 -0.330743 -1.394507
    9 1.609408 0.000008 -0.000006 -0.000002 0.032724 -0.426358
    10 0.993192 -0.000006 0.000002 0.001476 0.002258 -0.454048
    11 3.786029 0.203227 0.247844 -0.051709 -0.364644 -1.097177
    12 1.684422 -0.000010 0.000009 0.000002 -0.013541 -0.507401
    13 1.252153 -0.000006 0.000003 0.001732 -0.003644 -0.362798
    14 3.594221 0.299551 1.109804 -0.059693 -0.315532 -0.811942
    15 1.719431 0.000000 -0.000006 -0.000004 0.004331 -0.268894
    16 1.005919 0.000000 0.000004 0.000005 0.000018 -0.507820
    17 0.298218 -0.634092 0.426701 -1.090883 -0.800979 -0.836838
    18 2.637462 0.000002 -0.000006 -0.000002 -0.257442 0.915837
    19 1.304664 0.000001 -0.000004 -0.032141 0.189128 -0.636249
    20 2.033356 1.000772 -1.937610 -0.128177 0.172990 -2.038336
    21 6.028142 0.000001 -0.000001 -0.600047 1.323504 -2.339239
    22 11.692555 0.000031 0.000001 0.048142 -0.036805 -1.817495
    23 11.481703 0.000105 0.000003 -0.647713 -0.618562 1.009564
    24 2.914335 -0.023167 1.404053 -0.002374 0.009105 -1.340561
    25 1.285218 0.000000 -0.000001 0.000002 0.031611 -0.484969
    26 0.842651 0.000002 0.000000 -0.049553 0.043777 -0.974485
    27 3.368059 0.007375 0.618550 0.028206 0.001622 -1.454663
    28 1.610352 -0.000006 0.000001 -0.000007 0.094857 -0.602665
    29 1.020535 -0.000004 -0.000002 0.012247 -0.013086 -1.191919
    30 3.555524 0.023917 -0.200566 -0.028954 0.012897 -1.480999
    31 1.666992 0.000000 0.000000 -0.000010 0.148680 -0.670364
    32 1.240436 0.000002 0.000006 0.000002 -0.000011 -1.488674
    33 3.449664 0.054213 -1.089087 0.056119 0.351800 -0.341645
    34 1.711616 0.000006 0.000011 0.004389 -0.006995 -0.851732
    35 1.005908 0.000002 0.000007 -0.000763 -0.014507 -0.152056
    36 0.079434 -0.738750 -0.759723 1.102531 0.723791 -0.631551
    37 2.512460 -0.000008 -0.000008 -0.000002 -0.000001 0.359163
    38 1.249973 0.429699 -0.140631 0.024560 0.000801 1.034386
    39 -6.652091 -14.860031 -8.199214 1.569668 0.005294 -3.141578
    40 0.000001 3.761717 -1.204106 0.000000 0.000000 0.000000
    41 0.000001 3.761716 -2.197272 0.000000 0.000000 0.000000
    42 0.000001 1.420890 -5.835940 0.000000 0.000000 0.000000
    43 -0.000751 -0.003515 -1.549599 0.000000 0.000000 0.000003
  time 20
    0 0.000005 -2.660156 -9.640625 -1.570760 -1.391893 -1.570827
    1 2.033348 1.000767 1.937659 2.019225 -1.258097 2.538536
    2 6.028141 0.000005 0.000002 -0.807096 -0.936060 -1.443921
    3 11.692560 0.000013 -0.000006 -0.195584 0.248369 -1.528810
    4 11.481678 0.000006 -0.000039 0.031531 -0.067171 0.885055
    5 3.281562 0.002118 -1.383387 0.099178 -0.215142 -1.475688
    6 1.324282 -0.000013 0.000002 0.000000 -0.030480 -0.548968
    7 0.815305 -0.000006 -0.000001 0.000001 -0.000003 -0.523542
    8 3.711852 0.109255 -0.568167 0.010523 -0.331230 -1.383362
    9 1.605501 0.000008 -0.000006 -0.000002 0.031813 -0.426395
    10 0.993192 -0.000006 0.000002 0.001476 0.002258 -0.454048
    11 3.786029 0.203227 0.247844 -0.052707 -0.363446 -1.089019
    12 1.684422 -0.000010 0.000009 0.000002 -0.014440 -0.504652
    13 1.252153 -0.000006 0.000003 0.001712 -0.003584 -0.365340
    14 3.594221 0.299551 1.109804 -0.060332 -0.314657 -0.805769
    15 1.719431 0.000000 -0.000006 -0.000004 0.003983 -0.267466
    16 1.005919 0.000000 0.000004 0.000005 0.000018 -0.509636
    17 0.298218 -0.634092 0.426701 -1.093433 -0.800472 -0.834318
    18 2.637462 0.000002 -0.000006 -0.000002 -0.255381 0.905336
    19 1.304664 0.000001 -0.000004 -0.030463 0.186863 -0.622822
    20 2.033356 1.000772 -1.937610 -0.128177 0.172990 -2.038336
    21 6.028142 0.000001 -0.000001 -0.637327 1.332153 -2.386376
    22 11.692555 0.000031 0.000001 0.057598 -0.045841 -1.817574
    23 11.481703 0.000105 0.000003 -0.626553 -0.612272 1.004158
    24 2.914335 -0.023167 1.404053 -0.002374 0.009105 -1.340561
    25 1.285218 0.000000 -0.000001 0.000002 0.031611 -0.484969
    26 0.842651 0.000002 0.000000 -0.049553 0.043777 -0.974485
    27 3.368059 0.007375 0.618550 0.028206 0.001622 -1.454663
    28 1.610352 -0.000006 0.000001 -0.000007 0.094857 -0.602665
    29 1.020535 -0.000004 -0.000002 0.012247 -0.013086 -1.191919
    30 3.555524 0.023917 -0.204473 -0.028954 0.012885 -1.480999
    31 1.666992 0.000000 0.000000 -0.000010 0.148680 -0.670364
    32 1.240436 0.000002 0.000006 0.000002 -0.000011 -1.488674
    33 3.449664 0.054213 -1.089087 0.056119 0.351920 -0.341544
    34 1.711616 0.000006 0.000011 0.004389 -0.006959 -0.851632
    35 1.005908 0.000002 0.000007 -0.000775 -0.014483 -0.151207
    36 0.079434 -0.738750 -0.759723 1.102531 0.723791 -0.631551
    37 2.512460 -0.000008 -0.000008 -0.000002 -0.000001 0.359163
    38 1.249973 0.429699 -0.140631 0.024560 0.000801 1.034386
    39 -6.644278 -14.856125 -8.031240 1.580024 0.013107 -3.146873
    40 0.000001 3.761717 -1.204106 0.000000 0.000000 0.000000
    41 0.000001 3.761716 -2.197272 0.000000 0.000000 0.000000
    42 0.000001 1.420890 -5.835940 0.000000 0.000000 0.000000
    43 -0.000751 -0.003515 -1.549599 0.000000 0.000000 0.000003
  time 21
    0 0.000005 -2.660156 -9.640625 -1.570760 -1.391893 -1.570827
    1 2.033348 1.000767 1.937659 2.019225 -1.258097 2.538536
    2 6.028141 0.000005 0.000002 -0.807380 -0.936421 -1.444869
    3 11.692560 0.000013 -0.000006 -0.195739 0.248369 -1.529473
    4 11.481678 0.000006 -0.000039 0.038982 -0.072669 0.880297
    5 3.285469 0.006024 -1.383387 0.098483 -0.215484 -1.459959
    6 1.324282 -0.000013 0.000002 0.000000 -0.031810 -0.548915
    7 0.815305 -0.000006 -0.000001 0.000001 -0.000003 -0.523542
    8 3.715758 0.109255 -0.568167 0.008579 -0.331542 -1.369611
    9 1.609408 0.000008 -0.000006 -0.000002 0.030639 -0.426468
    10 0.993192 -0.000006 0.000002 0.001476 0.002258 -0.454048
    11 3.789935 0.203227 0.243937 -0.053633 -0.361684 -1.079172
    12 1.684422 -0.000010 0.000009 0.000002 -0.015603 -0.501066
    13 1.252153 -0.000006 0.000003 0.001712 -0.003536 -0.367794
    14 3.598127 0.299551 1.113710 -0.060763 -0.313471 -0.798473
    15 1.719431 0.000000 -0.000006 -0.000004 0.003504 -0.265629
    16 1.005919 0.000000 0.000004 0.000005 0.000018 -0.511452
    17 0.302124 -0.630186 0.426701 -1.096194 -0.799748 -0.832090
    18 2.637462 0.000002 -0.000006 -0.000002 -0.252600 0.891752
    19 1.308570 0.000001 -0.000004 -0.028330 0.183890 -0.605410
    20 2.033356 1.000772 -1.937610 -0.128177 0.172990 -2.038336
    21 6.028142 0.000001 -0.000001 -0.645068 1.330924 -2.392835
    22 11.692555 0.000031 0.000001 0.049772 -0.038662 -1.818121
    23 11.481703 0.000105 0.000003 -0.611007 -0.620468 1.008213
    24 2.914335 -0.027074 1.404053 -0.002374 0.009105 -1.340561
    25 1.285218 0.000000 -0.000001 0.000002 0.031611 -0.484969
    26 0.842651 0.000002 0.000000 -0.049553 0.043777 -0.974485
    27 3.368059 0.007375 0.622456 0.028206 0.001622 -1.454663
    28 1.610352 -0.000006 0.000001 -0.000007 0.094857 -0.602665
    29 1.020535 -0.000004 -0.000002 0.012247 -0.013086 -1.191919
    30 3.555524 0.023917 -0.204473 -0.028954 0.012885 -1.480999
    31 1.666992 0.000000 0.000000 -0.000010 0.148680 -0.670364
    32 1.240436 0.000002 0.000006 0.000002 -0.000011 -1.488674
    33 3.449664 0.054213 -1.089087 0.056119 0.352040 -0.341494
    34 1.711616 0.000006 0.000011 0.004389 -0.006911 -0.851483
    35 1.005908 0.000002 0.000007 -0.000811 -0.014471 -0.150304
    36 0.083341 -0.738750 -0.759723 1.102531 0.723791 -0.631551
    37 2.512460 -0.000008 -0.000008 -0.000002 -0.000001 0.359163
    38 1.249973 0.429699 -0.140631 0.024560 0.000801 1.034386
    39 -6.640372 -14.852219 -7.937487 1.582555 0.028048 -3.154349
    40 0.000001 3.761717 -1.204106 0.000000 0.000000 0.000000
    41 0.000001 3.761716 -2.197272 0.000000 0.000000 0.000000
    42 0.000001 1.420890 -5.835940 0.000000 0.000000 0.000000
    43 -0.000751 -0.003515 -1.549599 0.000000 0.000000 0.000003
  time 22
    0 0.000005 -2.660156 -9.640625 -1.570760 -1.391893 -1.570827
    1 2.033348 1.000767 1.937659 2.019225 -1.258097 2.538536
    2 6.028141 0.000005 0.000002 -0.810601 -0.939041 -1.442784
    3 11.692560 0.000013 -0.000006 -0.194757 0.248333 -1.525416
    4 11.481678 0.000006 -0.000039 0.022761 -0.067313 0.868285
    5 3.281562 0.002118 -1.379481 0.097195 -0.216324 -1.442791
    6 1.324282 -0.000013 0.000002 0.000000 -0.033116 -0.548837
    7 0.815305 -0.000006 -0.000001 0.000001 -0.000003 -0.523542
    8 3.711852 0.109255 -0.568167 0.005982 -0.332303 -1.354321
    9 1.609408 0.000008 -0.000006 -0.000002 0.029440 -0.426541
    10 0.993192 -0.000006 0.000002 0.001476 0.002258 -0.454048
    11 3.786029 0.203227 0.243937 -0.055321 -0.360210 -1.067744
    12 1.684422 -0.000010 0.000009 0.000002 -0.016729 -0.497479
    13 1.252153 -0.000006 0.000003 0.001673 -0.003489 -0.369846
    14 3.594221 0.299551 1.109804 -0.062007 -0.312344 -0.789607
    15 1.719431 0.000000 -0.000006 -0.000004 0.003024 -0.263827
    16 1.005919 0.000000 0.000004 0.000005 0.000018 -0.513002
    17 0.298218 -0.634092 0.426701 -1.100038 -0.799144 -0.827759
    18 2.637462 0.000002 -0.000006 -0.000002 -0.249784 0.878193
    19 1.308570 0.000001 -0.000004 -0.026244 0.180870 -0.588028
    20 2.033356 1.000772 -1.937610 -0.128177 0.172990 -2.038336
    21 6.028142 0.000001 -0.000001 -0.628639 1.326533 -2.373544
    22 11.692555 0.000031 0.000001 0.042641 -0.033653 -1.818747
    23 11.481703 0.000105 0.000003 -0.606419 -0.630157 1.014206
    24 2.914335 -0.023167 1.400147 -0.002374 0.009105 -1.340561
    25 1.285218 0.000000 -0.000001 0.000002 0.031611 -0.484969
    26 0.842651 0.000002 0.000000 -0.049553 0.043777 -0.974485
    27 3.368059 0.007375 0.622456 0.028206 0.001622 -1.454663
    28 1.610352 -0.000006 0.000001 -0.000007 0.094857 -0.602665
    29 1.020535 -0.000004 -0.000002 0.012247 -0.013074 -1.191919
    30 3.555524 0.023917 -0.204473 -0.028954 0.012885 -1.480999
    31 1.666992 0.000000 0.000000 -0.000010 0.148680 -0.670364
    32 1.240436 0.000002 0.000006 0.000002 -0.000011 -1.488674
    33 3.449664 0.054213 -1.089087 0.056144 0.352160 -0.341344
    34 1.711616 0.000006 0.000011 0.004401 -0.006875 -0.851384
    35 1.005908 0.000002 0.000007 -0.000823 -0.014459 -0.149427
    36 0.079434 -0.738750 -0.759723 1.102531 0.723791 -0.631551
    37 2.512460 -0.000008 -0.000008 -0.000002 -0.000001 0.359163
    38 1.249973 0.429699 -0.140631 0.024560 0.000801 1.034386
    39 -6.628653 -14.844406 -7.976551 1.576170 0.039254 -3.158087
    40 0.000001 3.761717 -1.204106 0.000000 0.000000 0.000000
    41 0.000001 3.761716 -2.197272 0.000000 0.000000 0.000000
    42 0.000001 1.420890 -5.835940 0.000000 0.000000 0.000000
    43 -0.000751 -0.003515 -1.549599 0.000000 0.000000 0.000003
  time 23
    0 0.000005 -2.660156 -9.640625 -1.570760 -1.391893 -1.570827
    1 2.033348 1.000767 1.937659 2.019225 -1.258097 2.538536
    2 6.028141 0.000005 0.000002 -0.815718 -0.941208 -1.432740
    3 11.692560 0.000013 -0.000006 -0.193043 0.248237 -1.518212
    4 11.481678 0.000006 -0.000039 -0.015528 -0.049789 0.853314
    5 3.281562 0.002118 -1.383387 0.096173 -0.217020 -1.429475
    6 1.324282 -0.000013 0.000002 0.000000 -0.034123 -0.548785
    7 0.815305 -0.000006 -0.000001 0.000001 -0.000003 -0.523542
    8 3.707945 0.105348 -0.572073 0.003979 -0.332903 -1.342485
    9 1.609408 0.000008 -0.000006 -0.000002 0.028529 -0.426614
    10 0.993192 -0.000006 0.000002 0.001476 0.002258 -0.454048
    11 3.786029 0.203227 0.240031 -0.056647 -0.359095 -1.058903
    12 1.684422 -0.000010 0.000009 0.000002 -0.017592 -0.494730
    13 1.252153 -0.000006 0.000003 0.001673 -0.003453 -0.371318
    14 3.590314 0.299551 1.105898 -0.063008 -0.311529 -0.782723
    15 1.719431 0.000000 -0.000006 -0.000004 0.002665 -0.262398
    16 1.005919 0.000000 0.000004 0.000005 0.000018 -0.514153
    17 0.294311 -0.634092 0.426701 -1.103063 -0.798733 -0.824282
    18 2.637462 0.000002 -0.000006 -0.000002 -0.247579 0.867786
    19 1.304664 0.000001 -0.000004 -0.024686 0.178533 -0.574663
    20 2.033356 1.000772 -1.937610 -0.128177 0.172990 -2.038336
    21 6.028142 0.000001 -0.000001 -0.627928 1.329738 -2.375892
    22 11.692555 0.000031 0.000001 0.054482 -0.044019 -1.818434
    23 11.481703 0.000105 0.000003 -0.610953 -0.626281 1.010798
    24 2.910429 -0.023167 1.400147 -0.002374 0.009105 -1.340561
    25 1.285218 0.000000 -0.000001 0.000002 0.031611 -0.484969
    26 0.842651 0.000002 0.000000 -0.049553 0.043777 -0.974485
    27 3.364152 0.007375 0.622456 0.028206 0.001622 -1.454663
    28 1.610352 -0.000006 0.000001 -0.000007 0.094857 -0.602665
    29 1.020535 -0.000004 -0.000002 0.012247 -0.013086 -1.191919
    30 3.551618 0.027823 -0.204473 -0.028954 0.012885 -1.480999
    31 1.666992 0.000000 0.000000 -0.000010 0.148680 -0.670364
    32 1.240436 0.000002 0.000006 0.000002 -0.000011 -1.488674
    33 3.445758 0.058119 -1.085181 0.056144 0.352280 -0.341244
    34 1.711616 0.000006 0.000011 0.004401 -0.006827 -0.851235
    35 1.005908 0.000002 0.000007 -0.000859 -0.014447 -0.148496
    36 0.079434 -0.734843 -0.759723 1.102531 0.723791 -0.631551
    37 2.508554 -0.000008 -0.000008 -0.000002 -0.000001 0.359163
    38 1.249973 0.429699 -0.140631 0.024560 0.000801 1.034386
    39 -6.620840 -14.840500 -8.070303 1.568850 0.034604 -3.152558
    40 0.000001 3.761717 -1.204106 0.000000 0.000000 0.000000
    41 0.000001 3.761716 -2.197272 0.000000 0.000000 0.000000
    42 0.000001 1.420890 -5.835940 0.000000 0.000000 0.000000
    43 -0.000751 -0.003515 -1.549599 0.000000 0.000000 0.000003
  time 24
    0 0.000005 -2.660156 -9.640625 -1.570760 -1.391893 -1.570827
    1 2.033348 1.000767 1.937659 2.019225 -1.258097 2.538536
    2 6.028141 0.000005 0.000002 -0.818371 -0.933441 -1.408104
    3 11.692560 0.000013 -0.000006 -0.193654 0.248285 -1.520944
    4 11.481678 0.000006 -0.000039 -0.049196 -0.023645 0.857724
    5 3.281562 0.002118 -1.379481 0.096173 -0.216718 -1.425345
    6 1.324282 -0.000013 0.000002 0.000000 -0.034531 -0.548732
    7 0.815305 -0.000006 -0.000001 0.000001 -0.000003 -0.523542
    8 3.711852 0.105348 -0.568167 0.003642 -0.332615 -1.339000
    9 1.609408 0.000008 -0.000006 -0.000002 0.028170 -0.426614
    10 0.993192 -0.000006 0.000002 0.001476 0.002258 -0.454048
    11 3.786029 0.203227 0.243937 -0.056556 -0.358292 -1.056675
    12 1.684422 -0.000010 0.000009 0.000002 -0.017928 -0.493624
    13 1.252153 -0.000006 0.000003 0.001673 -0.003441 -0.371987
    14 3.594221 0.299551 1.109804 -0.062715 -0.311002 -0.781301
    15 1.719431 0.000000 -0.000006 -0.000004 0.002521 -0.261854
    16 1.005919 0.000000 0.000004 0.000005 0.000018 -0.514641
    17 0.298218 -0.634092 0.426701 -1.103341 -0.798323 -0.824698
    18 2.637462 0.000002 -0.000006 -0.000002 -0.246680 0.863590
    19 1.304664 0.000001 -0.000004 -0.024075 0.177610 -0.569329
    20 2.033356 1.000772 -1.937610 -0.128177 0.172990 -2.038336
    21 6.028142 0.000001 -0.000001 -0.608103 1.322933 -2.348968
    22 11.692555 0.000031 0.000001 0.042485 -0.033065 -1.818121
    23 11.481703 0.000105 0.000003 -0.628280 -0.634350 1.008448
    24 2.914335 -0.023167 1.400147 -0.002374 0.009105 -1.340561
    25 1.285218 0.000000 -0.000001 0.000002 0.031611 -0.484969
    26 0.838745 0.000002 0.000000 -0.049553 0.043777 -0.974485
    27 3.368059 0.007375 0.618550 0.028206 0.001622 -1.454663
    28 1.610352 -0.000006 0.000001 -0.000007 0.094857 -0.602665
    29 1.020535 -0.000004 -0.000002 0.012247 -0.013086 -1.191919
    30 3.555524 0.023917 -0.204473 -0.028954 0.012885 -1.480999
    31 1.666992 0.000000 0.000000 -0.000010 0.148680 -0.670364
    32 1.240436 0.000002 0.000006 0.000002 -0.000011 -1.488674
    33 3.449664 0.054213 -1.089087 0.056169 0.352411 -0.341193
    34 1.711616 0.000006 0.000011 0.004413 -0.006779 -0.851135
    35 1.005908 0.000002 0.000007 -0.000871 -0.014435 -0.147538
    36 0.079434 -0.738750 -0.759723 1.102531 0.723791 -0.631551
    37 2.512460 -0.000008 -0.000008 -0.000002 -0.000001 0.359163
    38 1.249973 0.429699 -0.140631 0.024560 0.000801 1.034386
    39 -6.609121 -14.836593 -8.117180 1.567098 0.024122 -3.142201
    40 0.000001 3.761717 -1.204106 0.000000 0.000000 0.000000
    41 0.000001 3.761716 -2.197272 0.000000 0.000000 0.000000
    42 0.000001 1.420890 -5.835940 0.000000 0.000000 0.000000
    43 -0.000751 -0.003515 -1.549599 0.000000 0.000000 0.000003
  time 25
    0 0.000005 -2.660156 -9.640625 -1.570760 -1.391893 -1.570827
    1 2.033348 1.000767 1.937659 2.019225 -1.258097 2.538536
    2 6.028141 0.000005 0.000002 -0.831921 -0.909777 -1.354948
    3 11.692560 0.000013 -0.000006 -0.203397 0.248548 -1.560522
    4 11.481678 0.000006 -0.000039 -0.069001 0.009380 0.897066
    5 3.281562 0.002118 -1.379481 0.096091 -0.216875 -1.425020
    6 1.324282 -0.000013 0.000002 0.000000 -0.034531 -0.548732
    7 0.815305 -0.000006 -0.000001 0.000001 -0.000003 -0.523542
    8 3.711852 0.109255 -0.568167 0.003523 -0.332765 -1.338655
    9 1.609408 0.000008 -0.000006 -0.000002 0.028170 -0.426614
    10 0.993192 -0.000006 0.000002 0.001476 0.002258 -0.454048
    11 3.786029 0.203227 0.243937 -0.056701 -0.358412 -1.056316
    12 1.684422 -0.000010 0.000009 0.000002 -0.017940 -0.493624
    13 1.252153 -0.000006 0.000003 0.001673 -0.003441 -0.371987
    14 3.594221 0.299551 1.109804 -0.062905 -0.311074 -0.780964
    15 1.719431 0.000000 -0.000006 -0.000004 0.002521 -0.261854
    16 1.005919 0.000000 0.000004 0.000005 0.000018 -0.514641
    17 0.298218 -0.634092 0.426701 -1.095415 -0.796319 -0.834506
    18 2.637462 0.000002 -0.000006 -0.000002 -0.249592 0.874566
    19 1.304664 0.000001 -0.000004 -0.026352 0.181050 -0.588979
    20 2.033356 1.000772 -1.937610 -0.128177 0.172990 -2.038336
    21 6.028142 0.000001 -0.000001 -0.631324 1.329124 -2.376228
    22 11.692555 0.000031 0.000001 0.054350 -0.041551 -1.817730
    23 11.481703 0.000105 0.000003 -0.614408 -0.626218 0.994698
    24 2.910429 -0.023167 1.404053 -0.002374 0.009105 -1.340561
    25 1.285218 0.000000 -0.000001 0.000002 0.031611 -0.484969
    26 0.842651 0.000002 0.000000 -0.049553 0.043777 -0.974485
    27 3.364152 0.007375 0.626362 0.028206 0.001622 -1.454663
    28 1.610352 -0.000006 0.000001 -0.000007 0.094857 -0.602665
    29 1.020535 -0.000004 -0.000002 0.012247 -0.013086 -1.191952
    30 3.555524 0.027823 -0.196660 -0.028954 0.012885 -1.480999
    31 1.666992 0.000000 0.000000 -0.000010 0.148680 -0.670364
    32 1.240436 0.000002 0.000006 0.000002 -0.000011 -1.488674
    33 3.449664 0.054213 -1.085181 0.056182 0.352543 -0.341043
    34 1.711616 0.000006 0.000011 0.004413 -0.006731 -0.850936
    35 1.005908 0.000002 0.000007 -0.000895 -0.014411 -0.146579
    36 0.079434 -0.734843 -0.755817 1.102531 0.723791 -0.631551
    37 2.512460 -0.000008 -0.000008 -0.000002 -0.000001 0.359163
    38 1.249973 0.429699 -0.140631 0.024560 0.000801 1.034386
    39 -6.577870 -14.840500 -8.070303 1.573444 0.027324 -3.136517
    40 0.000001 3.761717 -1.204106 0.000000 0.000000 0.000000
    41 0.000001 3.761716 -2.197272 0.000000 0.000000 0.000000
    42 0.031252 0.987283 -5.675779 -0.000786 0.000036 0.000901
    43 -0.000751 -0.003515 -1.549599 0.000000 0.000000 0.000003
  time 26
    0 0.000005 -2.660156 -9.640625 -1.570760 -1.391893 -1.570827
    1 2.033348 1.000767 1.937659 2.019225 -1.258097 2.538536
    2 6.028141 0.000005 0.000002 -0.850303 -0.876539 -1.282746
    3 11.692560 0.000013 -0.000006 -0.218210 0.248273 -1.620800
    4 11.481678 0.000006 -0.000039 -0.090409 0.047762 0.949058
    5 3.281562 0.002118 -1.379481 0.096091 -0.216875 -1.425020
    6 1.324282 -0.000013 0.000002 0.000000 -0.034531 -0.548732
    7 0.815305 -0.000006 -0.000001 0.000001 -0.000003 -0.523542
    8 3.711852 0.109255 -0.568167 0.003523 -0.332765 -1.338655
    9 1.609408 0.000008 -0.000006 -0.000002 0.028170 -0.426650
    10 0.993192 -0.000006 0.000002 0.001476 0.002258 -0.454048
    11 3.786029 0.203227 0.247844 -0.056701 -0.358412 -1.056316
    12 1.684422 -0.000010 0.000009 0.000002 -0.017940 -0.493624
    13 1.252153 -0.000006 0.000003 0.001673 -0.003441 -0.371987
    14 3.594221 0.299551 1.109804 -0.062905 -0.311074 -0.780964
    15 1.719431 0.000000 -0.000006 -0.000004 0.002521 -0.261854
    16 1.005919 0.000000 0.000004 0.000005 0.000018 -0.514641
    17 0.298218 -0.634092 0.426701 -1.087290 -0.794146 -0.844751
    18 2.637462 0.000002 -0.000006 -0.000002 -0.252469 0.885542
    19 1.304664 0.000001 -0.000004 -0.028713 0.184442 -0.608567
    20 2.033356 1.000772 -1.937610 -0.128177 0.172990 -2.038336
    21 6.028142 0.000001 -0.000001 -0.629034 1.326006 -2.373208
    22 11.692555 0.000031 0.000001 0.046524 -0.035834 -1.818121
    23 11.481703 0.000105 0.000003 -0.585043 -0.627901 0.985179
    24 2.914335 -0.023167 1.404053 -0.002374 0.009105 -1.340561
    25 1.285218 0.000000 -0.000001 0.000002 0.031611 -0.484969
    26 0.842651 0.000002 0.000000 -0.049553 0.043777 -0.974485
    27 3.368059 0.007375 0.622456 0.028206 0.001622 -1.454663
    28 1.610352 -0.000006 0.000001 -0.000007 0.094857 -0.602665
    29 1.020535 -0.000004 -0.000002 0.012247 -0.013086 -1.191919
    30 3.555524 0.023917 -0.200566 -0.028954 0.012885 -1.480999
    31 1.666992 0.000000 0.000000 -0.000010 0.148680 -0.670364
    32 1.240436 0.000002 0.000006 0.000002 -0.000011 -1.488674
    33 3.449664 0.054213 -1.085181 0.056182 0.352675 -0.340943
    34 1.711616 0.000006 0.000011 0.004413 -0.006683 -0.850837
    35 1.005908 0.000002 0.000007 -0.000919 -0.014399 -0.145594
    36 0.079434 -0.738750 -0.755817 1.102531 0.723791 -0.631551
    37 2.508554 -0.000008 -0.000008 -0.000002 -0.000001 0.359163
    38 1.249973 0.429699 -0.140631 0.024560 0.000801 1.034386
    39 -6.534900 -14.856125 -7.960925 1.585903 0.051031 -3.139320
    40 0.000001 3.761717 -1.204106 0.000000 0.000000 0.000000
    41 0.000001 3.761716 -2.197272 0.000000 0.000000 0.000000
    42 0.140630 -0.192441 -5.222640 -0.002970 0.000180 0.003303
    43 -0.000751 -0.003515 -1.549599 0.000000 0.000000 0.000003
  time 27
    0 0.000005 -2.660156 -9.640625 -1.570760 -1.391893 -1.570827
    1 2.033348 1.000767 1.937659 2.019225 -1.258097 2.538536
    2 6.028141 0.000005 0.000002 -0.845091 -0.845966 -1.220588
    3 11.692560 0.000013 -0.000006 -0.225018 0.247841 -1.648538
    4 11.481678 0.000006 -0.000039 -0.112572 0.088202 0.976853
    5 3.281562 0.002118 -1.383387 0.096091 -0.216889 -1.425020
    6 1.324282 -0.000013 0.000002 0.000000 -0.034531 -0.548732
    7 0.815305 -0.000006 -0.000001 0.000001 -0.000003 -0.523542
    8 3.711852 0.109255 -0.568167 0.003523 -0.332765 -1.338655
    9 1.609408 0.000008 -0.000006 -0.000002 0.028170 -0.426614
    10 0.993192 -0.000006 0.000002 0.001476 0.002258 -0.454048
    11 3.786029 0.203227 0.247844 -0.056701 -0.358412 -1.056316
    12 1.684422 -0.000010 0.000009 0.000002 -0.017940 -0.493624
    13 1.252153 -0.000006 0.000003 0.001673 -0.003441 -0.371987
    14 3.594221 0.299551 1.109804 -0.062905 -0.311074 -0.780964
    15 1.719431 0.000000 -0.000006 -0.000004 0.002521 -0.261854
    16 1.005919 0.000000 0.000004 0.000005 0.000018 -0.514641
    17 0.298218 -0.634092 0.426701 -1.103579 -0.798420 -0.824240
    18 2.637462 0.000002 -0.000006 -0.000002 -0.246680 0.863590
    19 1.304664 0.000001 -0.000004 -0.024075 0.177610 -0.569329
    20 2.033356 1.000772 -1.937610 -0.128177 0.172990 -2.038336
    21 6.028142 0.000001 -0.000001 -0.643330 1.328597 -2.392080
    22 11.692555 0.000031 0.000001 0.050947 -0.040400 -1.818434
    23 11.481703 0.000105 0.000003 -0.539592 -0.618784 0.971488
    24 2.914335 -0.023167 1.404053 -0.002374 0.009105 -1.340561
    25 1.285218 0.000000 -0.000001 0.000002 0.031611 -0.484969
    26 0.842651 0.000002 0.000000 -0.049553 0.043777 -0.974485
    27 3.368059 0.007375 0.618550 0.028206 0.001622 -1.454663
    28 1.610352 -0.000006 0.000001 -0.000007 0.094857 -0.602665
    29 1.020535 -0.000004 -0.000002 0.012247 -0.013086 -1.191919
    30 3.555524 0.023917 -0.200566 -0.028954 0.012885 -1.480999
    31 1.666992 0.000000 0.000000 -0.000010 0.148680 -0.670364
    32 1.240436 0.000002 0.000006 0.000002 -0.000011 -1.488635
    33 3.449664 0.054213 -1.089087 0.056182 0.352819 -0.340843
    34 1.711616 0.000006 0.000011 0.004425 -0.006635 -0.850738
    35 1.005908 0.000002 0.000007 -0.000943 -0.014387 -0.144608
    36 0.079434 -0.738750 -0.755817 1.102531 0.723791 -0.631551
    37 2.508554 -0.000008 -0.000008 -0.000002 -0.000001 0.359163
    38 1.249973 0.429699 -0.140631 0.024560 0.000801 1.034386
    39 -6.499743 -14.883470 -7.824202 1.602528 0.083466 -3.145783
    40 0.000001 3.761717 -1.204106 0.000000 0.000000 0.000000
    41 0.000001 3.761716 -2.197272 0.000000 0.000000 0.000000
    42 0.296885 -1.891711 -4.570277 -0.005853 0.000396 0.006562
    43 -0.000751 -0.003515 -1.549599 0.000000 0.000000 0.000003
  time 28
    0 0.000005 -2.660156 -9.640625 -1.570760 -1.391893 -1.570827
    1 2.033348 1.000767 1.937659 2.019225 -1.258097 2.538536
    2 6.028141 0.000005 0.000002 -0.810412 -0.828805 -1.186382
    3 11.692560 0.000013 -0.000006 -0.216880 0.248345 -1.615335
    4 11.481678 0.000006 -0.000039 -0.130113 0.133430 0.966002
    5 3.281562 0.002118 -1.383387 0.096316 -0.216783 -1.428593
    6 1.324282 -0.000013 0.000002 0.000000 -0.034327 -0.550171
    7 0.815305 -0.000006 -0.000001 0.000001 -0.000003 -0.524662
    8 3.711852 0.109255 -0.568167 0.003979 -0.332715 -1.341637
    9 1.609408 0.000008 -0.000006 -0.000002 0.028481 -0.427818
    10 0.993192 -0.000006 0.000002 0.001476 0.002258 -0.454048
    11 3.786029 0.203227 0.247844 -0.056447 -0.358784 -1.058436
    12 1.684422 -0.000010 0.000009 0.000002 -0.017712 -0.493658
    13 1.252153 -0.000006 0.000003 0.001673 -0.003441 -0.371942
    14 3.594221 0.299551 1.109804 -0.062784 -0.311254 -0.781862
    15 1.719431 0.000000 -0.000006 -0.000004 0.002593 -0.261820
    16 1.005919 0.000000 0.000004 0.000005 0.000018 -0.514596
    17 0.298218 -0.634092 0.426701 -1.145826 -0.807619 -0.771349
    18 2.637462 0.000002 -0.000006 -0.000002 -0.231495 0.808665
    19 1.304664 0.000001 -0.000004 -0.013924 0.160173 -0.473532
    20 2.033356 1.000772 -1.937610 -0.128177 0.172990 -2.038336
    21 6.028142 0.000001 -0.000001 -0.654625 1.329650 -2.404493
    22 11.692555 0.000031 0.000001 0.052337 -0.040891 -1.818826
    23 11.481703 0.000105 0.000003 -0.496300 -0.610239 0.960911
    24 2.914335 -0.027074 1.400147 -0.002603 0.009333 -1.340700
    25 1.285218 0.000000 -0.000001 0.000002 0.031611 -0.484969
    26 0.842651 0.000002 0.000000 -0.049553 0.043777 -0.974485
    27 3.368059 0.007375 0.618550 0.027966 0.001826 -1.454820
    28 1.610352 -0.000006 0.000001 -0.000007 0.094857 -0.602665
    29 1.020535 -0.000004 -0.000002 0.012247 -0.013086 -1.191919
    30 3.555524 0.023917 -0.204473 -0.029218 0.013077 -1.481163
    31 1.666992 0.000000 0.000000 -0.000010 0.148680 -0.670364
    32 1.240436 0.000002 0.000006 0.000002 -0.000011 -1.488635
    33 3.449664 0.054213 -1.089087 0.056282 0.353262 -0.340843
    34 1.711616 0.000006 0.000011 0.004425 -0.006611 -0.850539
    35 1.005908 0.000002 0.000007 -0.000967 -0.014363 -0.143567
    36 0.079434 -0.738750 -0.759723 1.102507 0.724111 -0.631698
    37 2.512460 -0.000008 -0.000008 -0.000002 -0.000001 0.359141
    38 1.249973 0.429699 -0.140631 0.024560 0.000801 1.034386
    39 -6.468492 -14.906908 -7.695292 1.618608 0.116663 -3.153337
    40 0.000001 3.761717 -1.204106 0.000000 0.000000 0.000000
    41 0.000001 3.761716 -2.197272 0.000000 0.000000 0.000000
    42 0.476578 -3.891772 -3.808535 -0.008910 0.000648 0.009993
    43 -0.000751 -0.003515 -1.549599 0.000000 0.000000 0.000003
  time 29
    0 0.000005 -2.660156 -9.640625 -1.570760 -1.391893 -1.570827
    1 2.033348 1.000767 1.937659 2.019225 -1.258097 2.538536
    2 6.028141 0.000005 0.000002 -0.760098 -0.818644 -1.172832
    3 11.692560 0.000013 -0.000006 -0.201180 0.248524 -1.551580
    4 11.481678 0.000006 -0.000039 -0.141430 0.179829 0.936002
    5 3.281562 0.002118 -1.383387 0.096909 -0.216482 -1.438198
    6 1.324282 -0.000013 0.000002 0.000000 -0.033776 -0.553963
    7 0.815305 -0.000006 -0.000001 0.000001 -0.000003 -0.527731
    8 3.711852 0.109255 -0.572073 0.005228 -0.332590 -1.349455
    9 1.609408 0.000008 -0.000006 -0.000002 0.029356 -0.430884
    10 0.993192 -0.000006 0.000002 0.001476 0.002258 -0.454048
    11 3.786029 0.203227 0.243937 -0.055775 -0.359790 -1.064042
    12 1.684422 -0.000010 0.000009 0.000002 -0.017137 -0.493725
    13 1.252153 -0.000006 0.000003 0.001673 -0.003441 -0.371898
    14 3.594221 0.299551 1.109804 -0.062542 -0.311709 -0.784406
    15 1.719431 0.000000 -0.000006 -0.000004 0.002761 -0.261752
    16 1.005919 0.000000 0.000004 0.000005 0.000018 -0.514596
    17 0.298218 -0.634092 0.426701 -1.197280 -0.815731 -0.707110
    18 2.637462 0.000002 -0.000006 -0.000002 -0.212560 0.744495
    19 1.304664 0.000001 -0.000004 -0.004480 0.139260 -0.364921
    20 2.033356 1.000772 -1.937610 -0.128177 0.172990 -2.038336
    21 6.028142 0.000001 -0.000001 -0.653361 1.327850 -2.402564
    22 11.692555 0.000031 0.000001 0.049125 -0.038470 -1.819061
    23 11.481703 0.000105 0.000003 -0.465316 -0.605157 0.954859
    24 2.914335 -0.023167 1.400147 -0.002374 0.009105 -1.340561
    25 1.285218 0.000000 -0.000001 0.000002 0.031611 -0.484969
    26 0.842651 0.000002 0.000000 -0.049553 0.043777 -0.974485
    27 3.368059 0.007375 0.618550 0.028206 0.001622 -1.454663
    28 1.610352 -0.000006 0.000001 -0.000007 0.094857 -0.602665
    29 1.020535 -0.000004 -0.000002 0.012247 -0.013086 -1.191919
    30 3.555524 0.023917 -0.204473 -0.028954 0.012885 -1.480999
    31 1.666992 0.000000 0.000000 -0.000010 0.148680 -0.670364
    32 1.240436 0.000002 0.000006 0.000002 -0.000011 -1.488674
    33 3.449664 0.054213 -1.089087 0.056207 0.353095 -0.340592
    34 1.711616 0.000006 0.000011 0.004437 -0.006563 -0.850439
    35 1.005908 0.000002 0.000007 -0.001003 -0.014351 -0.142499
    36 0.079434 -0.738750 -0.759723 1.102531 0.723791 -0.631551
    37 2.512460 -0.000008 -0.000008 -0.000002 -0.000001 0.359163
    38 1.249973 0.429699 -0.140631 0.024560 0.000801 1.034386
    39 -6.452866 -14.930346 -7.617165 1.629977 0.142352 -3.159644
    40 0.000001 3.761717 -1.204106 0.000000 0.000000 0.000000
    41 0.000001 3.761716 -2.197272 0.000000 0.000000 0.000000
    42 0.671896 -5.973867 -3.015542 -0.011618 0.000900 0.013039
    43 -0.000751 -0.003515 -1.549599 0.000000 0.000000 0.000003
  time 30
    0 0.000005 -2.660156 -9.640625 -1.570760 -1.391893 -1.570827
    1 2.033348 1.000767 1.937659 2.019225 -1.258097 2.538536
    2 6.028141 0.000005 0.000002 -0.699268 -0.804147 -1.169326
    3 11.692560 0.000013 -0.000006 -0.185864 0.247769 -1.489232
    4 11.481678 0.000006 -0.000039 -0.151426 0.214415 0.901186
    5 3.281562 0.002118 -1.383387 0.097768 -0.216022 -1.451978
    6 1.324282 -0.000013 0.000002 0.000000 -0.032949 -0.559429
    7 0.815305 -0.000006 -0.000001 0.000001 -0.000003 -0.532085
    8 3.711852 0.109255 -0.568167 0.006973 -0.332353 -1.360726
    9 1.609408 0.000008 -0.000006 -0.000002 0.030615 -0.435301
    10 0.993192 -0.000006 0.000002 0.001476 0.002270 -0.454048
    11 3.786029 0.203227 0.247844 -0.054795 -0.361216 -1.072092
    12 1.684422 -0.000010 0.000009 0.000002 -0.016298 -0.493825
    13 1.252153 -0.000006 0.000003 0.001673 -0.003441 -0.371853
    14 3.594221 0.299551 1.113710 -0.062162 -0.312368 -0.788035
    15 1.719431 0.000000 -0.000006 -0.000004 0.003012 -0.261650
    16 1.005919 0.000000 0.000004 0.000005 0.000018 -0.514508
    17 0.298218 -0.634092 0.426701 -1.255274 -0.821695 -0.634437
    18 2.637462 0.000002 -0.000006 -0.000002 -0.190173 0.674090
    19 1.304664 0.000001 -0.000004 0.003070 0.115410 -0.246898
    20 2.033356 1.000772 -1.937610 -0.128177 0.172990 -2.038336
    21 6.028142 0.000001 -0.000001 -0.664024 1.332504 -2.415984
    22 11.692555 0.000031 0.000001 0.061169 -0.047363 -1.819452
    23 11.481703 0.000105 0.000003 -0.450633 -0.593784 0.950922
    24 2.914335 -0.023167 1.400147 -0.002374 0.009105 -1.340561
    25 1.285218 0.000000 -0.000001 0.000002 0.031611 -0.484969
    26 0.838745 0.000002 0.000000 -0.049553 0.043777 -0.974485
    27 3.368059 0.007375 0.618550 0.028206 0.001622 -1.454663
    28 1.610352 -0.000006 0.000001 -0.000007 0.094857 -0.602665
    29 1.020535 -0.000004 -0.000002 0.012247 -0.013086 -1.191919
    30 3.555524 0.023917 -0.204473 -0.028954 0.012885 -1.480999
    31 1.666992 0.000000 0.000000 -0.000010 0.148680 -0.670364
    32 1.240436 0.000002 0.000006 0.000002 -0.000011 -1.488635
    33 3.449664 0.054213 -1.089087 0.056232 0.353238 -0.340492
    34 1.711616 0.000006 0.000011 0.004437 -0.006515 -0.850290
    35 1.005908 0.000002 0.000007 -0.001027 -0.014327 -0.141431
    36 0.079434 -0.738750 -0.759723 1.102531 0.723791 -0.631551
    37 2.512460 -0.000008 -0.000008 -0.000002 -0.000001 0.359163
    38 1.249973 0.429699 -0.140631 0.024560 0.000801 1.034386
    39 -6.448960 -14.938159 -7.621071 1.632742 0.151842 -3.162759
    40 0.000001 3.761717 -1.204106 0.000000 0.000000 0.000000
    41 0.000001 3.761716 -2.197272 0.000000 0.000000 0.000000
    42 0.847683 -7.923145 -2.281144 -0.013365 0.001044 0.015012
    43 -0.000751 -0.003515 -1.549599 0.000000 0.000000 0.000003
  time 31
    0 0.000005 -2.660156 -9.640625 -1.570760 -1.391893 -1.570827
    1 2.033348 1.000767 1.937659 2.019225 -1.258097 2.538536
    2 6.028141 0.000005 0.000002 -0.617496 -0.777503 -1.176527
    3 11.692560 0.000013 -0.000006 -0.172034 0.246295 -1.432681
    4 11.481678 0.000006 -0.000039 -0.168402 0.220375 0.856506
    5 3.281562 0.002118 -1.379481 0.098728 -0.215431 -1.468125
    6 1.324282 -0.000013 0.000002 0.000000 -0.031942 -0.565837
    7 0.815305 -0.000006 -0.000001 0.000001 -0.000003 -0.537145
    8 3.711852 0.109255 -0.568167 0.009075 -0.332029 -1.373975
    9 1.609408 0.000008 -0.000006 -0.000002 0.032113 -0.440521
    10 0.993192 -0.000006 0.000002 0.001476 0.002258 -0.454048
    11 3.786029 0.203227 0.247844 -0.053633 -0.362858 -1.081580
    12 1.684422 -0.000010 0.000009 0.000002 -0.015303 -0.493993
    13 1.252153 -0.000006 0.000003 0.001673 -0.003441 -0.371764
    14 3.594221 0.299551 1.109804 -0.061730 -0.313123 -0.792300
    15 1.719431 0.000000 -0.000006 -0.000004 0.003300 -0.261514
    16 1.005919 0.000000 0.000004 0.000005 0.000018 -0.514463
    17 0.298218 -0.634092 0.426701 -1.316980 -0.824689 -0.556579
    18 2.637462 0.000002 -0.000006 -0.000002 -0.165053 0.600271
    19 1.304664 0.000001 -0.000004 0.007960 0.089488 -0.122899
    20 2.033356 1.000772 -1.937610 -0.128177 0.172990 -2.038336
    21 6.028142 0.000001 -0.000001 -0.661575 1.334831 -2.415145
    22 11.692555 0.000031 0.000001 0.069882 -0.054554 -1.819843
    23 11.481703 0.000105 0.000003 -0.457812 -0.588416 0.952685
    24 2.914335 -0.027074 1.404053 -0.002689 0.009429 -1.340756
    25 1.285218 0.000000 -0.000001 0.000002 0.031611 -0.484969
    26 0.842651 0.000002 0.000000 -0.049553 0.043777 -0.974485
    27 3.368059 0.007375 0.622456 0.027858 0.001910 -1.454873
    28 1.610352 -0.000006 0.000001 -0.000007 0.094857 -0.602665
    29 1.020535 -0.000004 -0.000002 0.012247 -0.013086 -1.191919
    30 3.555524 0.023917 -0.204473 -0.029326 0.013161 -1.481190
    31 1.666992 0.000000 0.000000 -0.000010 0.148680 -0.670364
    32 1.240436 0.000002 0.000006 0.000002 -0.000011 -1.488674
    33 3.449664 0.054213 -1.089087 0.056357 0.353826 -0.340492
    34 1.711616 0.000006 0.000011 0.004449 -0.006467 -0.850091
    35 1.005908 0.000002 0.000007 -0.001051 -0.014315 -0.140363
    36 0.079434 -0.738750 -0.759723 1.102495 0.724239 -0.631772
    37 2.512460 -0.000008 -0.000008 -0.000002 -0.000001 0.359163
    38 1.249973 0.429699 -0.140631 0.024560 0.000801 1.034386
    39 -6.452866 -14.945972 -7.699198 1.628030 0.146392 -3.162526
    40 0.000001 3.761717 -1.204106 0.000000 0.000000 0.000000
    41 0.000001 3.761716 -2.197272 0.000000 0.000000 0.000000
    42 0.992219 -9.516944 -1.683470 -0.013627 0.001080 0.015312
    43 -0.000751 -0.003515 -1.549599 0.000000 0.000000 0.000003
  time 32
    0 0.000005 -2.660156 -9.640625 -1.570760 -1.391893 -1.570827
    1 2.033348 1.000767 1.937659 2.019225 -1.258097 2.538536
    2 6.028141 0.000005 0.000002 -0.531272 -0.750903 -1.200879
    3 11.692560 0.000013 -0.000006 -0.156238 0.243671 -1.367601
    4 11.481678 0.000006 -0.000039 -0.182454 0.212216 0.802831
    5 3.281562 0.002118 -1.379481 0.099730 -0.214762 -1.484876
    6 1.324282 -0.000013 0.000002 0.000000 -0.030863 -0.572454
    7 0.815305 -0.000006 -0.000001 0.000001 -0.000003 -0.542454
    8 3.711852 0.109255 -0.568167 0.011217 -0.331642 -1.387663
    9 1.605501 0.000008 -0.000006 -0.000002 0.033683 -0.445887
    10 0.993192 -0.000006 0.000002 0.001476 0.002258 -0.454048
    11 3.786029 0.203227 0.247844 -0.052435 -0.364548 -1.091427
    12 1.684422 -0.000010 0.000009 0.000002 -0.014273 -0.494093
    13 1.252153 -0.000006 0.000003 0.001673 -0.003441 -0.371719
    14 3.594221 0.299551 1.113710 -0.061281 -0.313902 -0.796715
    15 1.719431 0.000000 -0.000006 -0.000004 0.003612 -0.261378
    16 1.005919 0.000000 0.000004 0.000005 0.000018 -0.514419
    17 0.298218 -0.634092 0.426701 -1.379333 -0.824520 -0.477035
    18 2.637462 0.000002 -0.000006 -0.000002 -0.138243 0.525671
    19 1.304664 0.000001 -0.000004 0.009566 0.062463 0.003922
    20 2.033356 1.000772 -1.937610 -0.128177 0.172990 -2.038336
    21 6.028142 0.000001 -0.000001 -0.637248 1.329168 -2.384447
    22 11.692555 0.000031 0.000001 0.061289 -0.046968 -1.819921
    23 11.481703 0.000105 0.000003 -0.478325 -0.594960 0.959148
    24 2.914335 -0.023167 1.404053 -0.002374 0.009105 -1.340561
    25 1.285218 0.000000 -0.000001 0.000002 0.031611 -0.484969
    26 0.842651 0.000002 0.000000 -0.049553 0.043777 -0.974485
    27 3.368059 0.007375 0.618550 0.028206 0.001622 -1.454663
    28 1.610352 -0.000006 0.000001 -0.000007 0.094857 -0.602665
    29 1.020535 -0.000004 -0.000002 0.012247 -0.013086 -1.191919
    30 3.555524 0.023917 -0.200566 -0.028954 0.012885 -1.480999
    31 1.666992 0.000000 0.000000 -0.000010 0.148680 -0.670364
    32 1.240436 0.000002 0.000006 0.000002 -0.000011 -1.488674
    33 3.449664 0.054213 -1.085181 0.056257 0.353538 -0.340241
    34 1.711616 0.000006 0.000011 0.004449 -0.006407 -0.849992
    35 1.005908 0.000002 0.000007 -0.001075 -0.014291 -0.139241
    36 0.079434 -0.738750 -0.759723 1.102531 0.723791 -0.631551
    37 2.508554 -0.000008 -0.000008 -0.000002 -0.000001 0.359163
    38 1.249973 0.429699 -0.140631 0.024560 0.000801 1.034386
    39 -6.464585 -14.938159 -7.796858 1.620399 0.134615 -3.160501
    40 0.000001 3.761717 -1.204106 0.000000 0.000000 0.000000
    41 0.000001 3.761716 -2.197272 0.000000 0.000000 0.000000
    42 1.085972 -10.544319 -1.312365 -0.011880 0.000936 0.013339
    43 -0.000751 -0.003515 -1.549599 0.000000 0.000000 0.000003
  time 33
    0 0.000005 -2.660156 -9.640625 -1.570760 -1.391893 -1.570827
    1 2.033348 1.000767 1.937659 2.019225 -1.258097 2.538536
    2 6.028141 0.000005 0.000002 -0.487023 -0.740832 -1.222293
    3 11.692560 0.000013 -0.000006 -0.144469 0.240842 -1.318501
    4 11.481678 0.000006 -0.000039 -0.180851 0.216970 0.760472
    5 3.281562 0.002118 -1.383387 0.100773 -0.214565 -1.500187
    6 1.324282 -0.000013 0.000002 0.000000 -0.029833 -0.578626
    7 0.815305 -0.000006 -0.000001 0.000001 -0.000003 -0.547389
    8 3.711852 0.105348 -0.572073 0.013319 -0.331716 -1.400159
    9 1.609408 0.000008 -0.000006 -0.000002 0.035181 -0.450887
    10 0.993192 -0.000006 0.000002 0.001476 0.002258 -0.454048
    11 3.786029 0.203227 0.243937 -0.051345 -0.366598 -1.100232
    12 1.684422 -0.000010 0.000009 0.000002 -0.013302 -0.494227
    13 1.252153 -0.000006 0.000003 0.001673 -0.003453 -0.371630
    14 3.590314 0.299551 1.109804 -0.061057 -0.315113 -0.800419
    15 1.719431 0.000000 -0.000006 -0.000004 0.003899 -0.261276
    16 1.005919 0.000000 0.000004 0.000005 0.000018 -0.514331
    17 0.298218 -0.634092 0.422794 -1.440009 -0.821744 -0.398573
    18 2.637462 0.000002 -0.000006 -0.000002 -0.111002 0.452824
    19 1.304664 0.000001 -0.000004 0.007756 0.035485 0.130435
    20 2.033356 1.000772 -1.937610 -0.128177 0.172990 -2.038336
    21 6.028142 0.000001 -0.000001 -0.590884 1.312835 -2.327329
    22 11.692555 0.000031 0.000001 0.030824 -0.024305 -1.819843
    23 11.481703 0.000105 0.000003 -0.510605 -0.618753 0.971547
    24 2.914335 -0.023167 1.404053 -0.002374 0.009105 -1.340561
    25 1.285218 0.000000 -0.000001 0.000002 0.031611 -0.484969
    26 0.842651 0.000002 0.000000 -0.049553 0.043777 -0.974485
    27 3.368059 0.007375 0.618550 0.028206 0.001622 -1.454663
    28 1.610352 -0.000006 0.000001 -0.000007 0.094857 -0.602665
    29 1.020535 -0.000004 -0.000002 0.012247 -0.013086 -1.191919
    30 3.555524 0.023917 -0.200566 -0.028954 0.012885 -1.480999
    31 1.666992 0.000000 0.000000 -0.000010 0.148680 -0.670364
    32 1.240436 0.000002 0.000006 0.000002 -0.000011 -1.488674
    33 3.449664 0.054213 -1.089087 0.056270 0.353694 -0.340141
    34 1.711616 0.000006 0.000011 0.004449 -0.006359 -0.849793
    35 1.005908 0.000002 0.000007 -0.001098 -0.014279 -0.138145
    36 0.079434 -0.738750 -0.755817 1.102531 0.723791 -0.631551
    37 2.512460 -0.000008 -0.000008 -0.000002 -0.000001 0.359163
    38 1.249973 0.429699 -0.140631 0.024560 0.000801 1.034386
    39 -6.468492 -14.922533 -7.874985 1.611444 0.120855 -3.156374
    40 0.000001 3.761717 -1.204106 0.000000 0.000000 0.000000
    41 0.000001 3.761716 -2.197272 0.000000 0.000000 0.000000
    42 1.109410 -10.778701 -1.257676 -0.007512 0.000540 0.008407
    43 -0.000751 -0.003515 -1.549599 0.000000 0.000000 0.000003
  time 34
    0 0.000005 -2.660156 -9.640625 -1.570760 -1.391893 -1.570827
    1 2.033348 1.000767 1.937659 2.019225 -1.258097 2.538536
    2 6.028141 0.000005 0.000002 -0.534778 -0.765264 -1.217745
    3 11.692560 0.000013 -0.000006 -0.148149 0.241909 -1.333902
    4 11.481678 0.000006 -0.000039 -0.154444 0.235132 0.747068
    5 3.281562 0.002118 -1.379481 0.101304 -0.213514 -1.512994
    6 1.324282 -0.000013 0.000002 0.000000 -0.028970 -0.583595
    7 0.815305 -0.000006 -0.000001 0.000001 -0.000003 -0.551329
    8 3.711852 0.109255 -0.568167 0.014806 -0.330830 -1.410739
    9 1.609408 0.000008 -0.000006 -0.000002 0.036379 -0.454939
    10 0.993192 -0.000006 0.000002 0.001476 0.002258 -0.454048
    11 3.786029 0.203227 0.247844 -0.050383 -0.367305 -1.107994
    12 1.684422 -0.000010 0.000009 0.000002 -0.012523 -0.494328
    13 1.252153 -0.000006 0.000003 0.001673 -0.003453 -0.371585
    14 3.594221 0.299551 1.109804 -0.060504 -0.315209 -0.804085
    15 1.719431 0.000000 -0.000006 -0.000004 0.004103 -0.261174
    16 1.005919 0.000000 0.000004 0.000005 0.000018 -0.514331
    17 0.298218 -0.634092 0.426701 -1.494793 -0.816094 -0.326588
    18 2.637462 0.000002 -0.000006 -0.000002 -0.084708 0.384150
    19 1.308570 0.000001 -0.000004 0.002722 0.009670 0.253423
    20 2.033356 1.000772 -1.937610 -0.128177 0.172990 -2.038336
    21 6.028142 0.000001 -0.000001 -0.607155 1.321089 -2.347794
    22 11.692555 0.000031 0.000001 0.047207 -0.036181 -1.819921
    23 11.481703 0.000105 0.000003 -0.522372 -0.615385 0.970724
    24 2.914335 -0.023167 1.400147 -0.002374 0.009105 -1.340561
    25 1.285218 0.000000 -0.000001 0.000002 0.031611 -0.484969
    26 0.842651 0.000002 0.000000 -0.049553 0.043777 -0.974485
    27 3.368059 0.007375 0.618550 0.028206 0.001622 -1.454663
    28 1.610352 -0.000006 0.000001 -0.000007 0.094857 -0.602665
    29 1.020535 -0.000004 -0.000002 0.012247 -0.013086 -1.191919
    30 3.555524 0.023917 -0.204473 -0.028954 0.012885 -1.480999
    31 1.666992 0.000000 0.000000 -0.000010 0.148680 -0.670364
    32 1.240436 0.000002 0.000006 0.000002 -0.000011 -1.488674
    33 3.449664 0.054213 -1.089087 0.056270 0.353838 -0.339990
    34 1.711616 0.000006 0.000011 0.004461 -0.006299 -0.849694
    35 1.005908 0.000002 0.000007 -0.001122 -0.014255 -0.136995
    36 0.079434 -0.738750 -0.759723 1.102531 0.723791 -0.631551
    37 2.508554 -0.000008 -0.000008 -0.000002 -0.000001 0.359163
    38 1.249973 0.429699 -0.140631 0.024560 0.000801 1.034386
    39 -6.468492 -14.903002 -7.945300 1.601827 0.106830 -3.150611
    40 0.000001 3.761717 -1.204106 0.000000 0.000000 0.000000
    41 0.000001 3.761716 -2.197272 0.000000 0.000000 0.000000
    42 1.035189 -10.001334 -1.589717 0.000000 0.000000 0.000000
    43 -0.000751 -0.003515 -1.549599 0.000000 0.000000 0.000003
  time 35
    0 0.000005 -2.660156 -9.640625 -1.570760 -1.391893 -1.570827
    1 2.033348 1.000767 1.937659 2.019225 -1.258097 2.538536
    2 6.028141 0.000005 0.000002 -0.652271 -0.816927 -1.208933
    3 11.692560 0.000013 -0.000006 -0.161619 0.244665 -1.389791
    4 11.481678 0.000006 -0.000039 -0.107667 0.252939 0.745733
    5 3.281562 0.002118 -1.379481 0.101713 -0.213121 -1.520789
    6 1.324282 -0.000013 0.000002 0.000000 -0.028419 -0.586682
    7 0.815305 -0.000006 -0.000001 0.000001 -0.000003 -0.553817
    8 3.711852 0.109255 -0.568167 0.015797 -0.330593 -1.417081
    9 1.609408 0.000008 -0.000006 -0.000002 0.037134 -0.457421
    10 0.993192 -0.000006 0.000002 0.001476 0.002258 -0.454048
    11 3.786029 0.203227 0.247844 -0.049821 -0.368048 -1.112559
    12 1.684422 -0.000010 0.000009 0.000002 -0.012031 -0.494362
    13 1.252153 -0.000006 0.000003 0.001673 -0.003453 -0.371541
    14 3.594221 0.299551 1.109804 -0.060297 -0.315556 -0.806180
    15 1.719431 0.000000 -0.000006 -0.000004 0.004235 -0.261106
    16 1.005919 0.000000 0.000004 0.000005 0.000018 -0.514331
    17 0.298218 -0.634092 0.426701 -1.543169 -0.809864 -0.261973
    18 2.637462 0.000002 -0.000006 -0.000002 -0.060751 0.322018
    19 1.304664 0.000001 -0.000004 -0.004864 -0.013951 0.369729
    20 2.033356 1.000772 -1.937610 -0.128177 0.172990 -2.038336
    21 6.028142 0.000001 -0.000001 -0.614501 1.325436 -2.358446
    22 11.692555 0.000031 0.000001 0.056148 -0.043504 -1.820078
    23 11.481703 0.000105 0.000003 -0.538296 -0.617736 0.972310
    24 2.914335 -0.027074 1.400147 -0.002374 0.009105 -1.340561
    25 1.285218 0.000000 -0.000001 0.000002 0.031611 -0.484969
    26 0.842651 0.000002 0.000000 -0.049553 0.043777 -0.974507
    27 3.368059 0.007375 0.622456 0.028206 0.001622 -1.454663
    28 1.610352 -0.000006 0.000001 -0.000007 0.094857 -0.602665
    29 1.020535 -0.000004 -0.000002 0.012247 -0.013086 -1.191919
    30 3.555524 0.023917 -0.204473 -0.028954 0.012885 -1.480999
    31 1.666992 0.000000 0.000000 -0.000010 0.148680 -0.670364
    32 1.240436 0.000002 0.000006 0.000002 -0.000011 -1.488674
    33 3.449664 0.054213 -1.089087 0.056295 0.353993 -0.339840
    34 1.711616 0.000006 0.000011 0.004461 -0.006251 -0.849495
    35 1.005908 0.000002 0.000007 -0.001158 -0.014243 -0.135845
    36 0.083341 -0.738750 -0.759723 1.102531 0.723791 -0.631551
    37 2.512460 -0.000008 -0.000008 -0.000002 -0.000001 0.359163
    38 1.249973 0.429699 -0.140631 0.024560 0.000801 1.034386
    39 -6.472398 -14.887376 -8.007802 1.591549 0.092346 -3.144459
    40 0.000001 3.761717 -1.204106 0.000000 0.000000 0.000000
    41 0.000001 3.761716 -2.197272 0.000000 0.000000 0.000000
    42 0.832058 -7.778610 -2.507714 0.025070 -0.001404 -0.028737
    43 -0.000751 -0.003515 -1.549599 0.000000 0.000000 0.000003
  time 36
    0 0.000005 -2.660156 -9.640625 -1.570760 -1.391893 -1.570827
    1 2.033348 1.000767 1.937659 2.019225 -1.258097 2.538536
    2 6.028141 0.000005 0.000002 -0.770332 -0.879610 -1.234611
    3 11.692560 0.000013 -0.000006 -0.170883 0.246139 -1.427961
    4 11.481678 0.000006 -0.000039 -0.057118 0.264681 0.735985
    5 3.281562 0.002118 -1.383387 0.101774 -0.213055 -1.521949
    6 1.324282 -0.000013 0.000002 0.000000 -0.028347 -0.587152
    7 0.815305 -0.000006 -0.000001 0.000001 -0.000003 -0.554190
    8 3.711852 0.109255 -0.572073 0.015956 -0.330543 -1.418054
    9 1.609408 0.000008 -0.000006 -0.000002 0.037254 -0.457823
    10 0.993192 -0.000006 0.000002 0.001476 0.002258 -0.454048
    11 3.786029 0.203227 0.243937 -0.049712 -0.368144 -1.113241
    12 1.684422 -0.000010 0.000009 0.000002 -0.011960 -0.494395
    13 1.252153 -0.000006 0.000003 0.001653 -0.003453 -0.371541
    14 3.594221 0.299551 1.109804 -0.060263 -0.315616 -0.806480
    15 1.719431 0.000000 -0.000006 -0.000004 0.004259 -0.261106
    16 1.005919 0.000000 0.000004 0.000005 0.000018 -0.514331
    17 0.298218 -0.634092 0.426701 -1.582920 -0.804287 -0.207937
    18 2.637462 0.000002 -0.000006 -0.000002 -0.040437 0.268894
    19 1.304664 0.000001 -0.000004 -0.014188 -0.034661 0.476255
    20 2.033356 1.000772 -1.937610 -0.128177 0.172990 -2.038336
    21 6.028142 0.000001 -0.000001 -0.592859 1.316918 -2.330432
    22 11.692555 0.000031 0.000001 0.038782 -0.030081 -1.819921
    23 11.481703 0.000105 0.000003 -0.564045 -0.636256 0.981007
    24 2.914335 -0.023167 1.400147 -0.002374 0.009105 -1.340561
    25 1.285218 0.000000 -0.000001 0.000002 0.031611 -0.484969
    26 0.842651 0.000002 0.000000 -0.049553 0.043777 -0.974485
    27 3.368059 0.007375 0.618550 0.028206 0.001622 -1.454663
    28 1.610352 -0.000006 0.000001 -0.000007 0.094857 -0.602665
    29 1.020535 -0.000004 -0.000002 0.012247 -0.013086 -1.191919
    30 3.555524 0.023917 -0.204473 -0.028954 0.012885 -1.480999
    31 1.666992 0.000000 0.000000 -0.000010 0.148680 -0.670364
    32 1.240436 0.000002 0.000006 0.000002 0.000001 -1.488674
    33 3.449664 0.054213 -1.089087 0.056295 0.354149 -0.339740
    34 1.711616 0.000006 0.000011 0.004473 -0.006192 -0.849346
    35 1.005908 0.000002 0.000007 -0.001170 -0.014219 -0.134695
    36 0.079434 -0.738750 -0.759723 1.102531 0.723791 -0.631551
    37 2.512460 -0.000008 -0.000008 -0.000002 -0.000001 0.359163
    38 1.249973 0.429699 -0.140631 0.024560 0.000801 1.034386
    39 -6.472398 -14.867844 -8.058584 1.581659 0.078930 -3.138541
    40 0.000001 3.761717 -1.204106 0.000000 0.000000 0.000000
    41 0.000001 3.761716 -2.197272 0.000000 0.000000 0.000000
    42 0.546893 -4.630076 -3.781190 0.068573 -0.002197 -0.078489
    43 -0.000751 -0.003515 -1.549599 0.000000 0.000000 0.000003
  time 37
    0 0.000005 -2.660156 -9.640625 -1.570760 -1.391893 -1.570827
    1 2.033348 1.000767 1.937659 2.019225 -1.258097 2.538536
    2 6.028141 0.000005 0.000002 -0.837037 -0.949066 -1.310887
    3 11.692560 0.000013 -0.000006 -0.166761 0.245528 -1.410987
    4 11.481678 0.000006 -0.000039 -0.014019 0.272059 0.702387
    5 3.281562 0.002118 -1.383387 0.101406 -0.213409 -1.514803
    6 1.324282 -0.000013 0.000002 0.000000 -0.028850 -0.584302
    7 0.815305 -0.000006 -0.000001 0.000001 -0.000003 -0.551951
    8 3.711852 0.109255 -0.568167 0.015044 -0.330768 -1.412183
    9 1.609408 0.000008 -0.000006 -0.000002 0.036547 -0.455487
    10 0.993192 -0.000006 0.000002 0.001476 0.002258 -0.454048
    11 3.786029 0.203227 0.243937 -0.050238 -0.367472 -1.109037
    12 1.684422 -0.000010 0.000009 0.000002 -0.012403 -0.494328
    13 1.252153 -0.000006 0.000003 0.001673 -0.003453 -0.371630
    14 3.594221 0.299551 1.109804 -0.060470 -0.315293 -0.804571
    15 1.719431 0.000000 -0.000006 -0.000004 0.004127 -0.261140
    16 1.005919 0.000000 0.000004 0.000005 0.000018 -0.514331
    17 0.298218 -0.634092 0.426701 -1.612815 -0.801027 -0.166728
    18 2.637462 0.000002 -0.000006 -0.000002 -0.024917 0.227362
    19 1.308570 0.000001 -0.000004 -0.024099 -0.051858 0.569631
    20 2.033356 1.000772 -1.937610 -0.128177 0.172990 -2.038336
    21 6.028142 0.000001 -0.000001 -0.602337 1.320694 -2.342678
    22 11.692555 0.000031 0.000001 0.045925 -0.035630 -1.819765
    23 11.481703 0.000105 0.000003 -0.575758 -0.639019 0.982417
    24 2.910429 -0.023167 1.404053 -0.002374 0.009105 -1.340561
    25 1.285218 0.000000 -0.000001 0.000002 0.031611 -0.484969
    26 0.842651 0.000002 0.000000 -0.049553 0.043777 -0.974485
    27 3.364152 0.007375 0.626362 0.028206 0.001622 -1.454663
    28 1.610352 -0.000006 0.000001 -0.000007 0.094857 -0.602665
    29 1.020535 -0.000004 -0.000002 0.012247 -0.013086 -1.191919
    30 3.555524 0.027823 -0.200566 -0.028954 0.012885 -1.480999
    31 1.666992 0.000000 0.000000 -0.000010 0.148680 -0.670364
    32 1.240436 0.000002 0.000006 0.000002 -0.000011 -1.488674
    33 3.449664 0.054213 -1.085181 0.056320 0.354305 -0.339589
    34 1.711616 0.000006 0.000011 0.004473 -0.006132 -0.849197
    35 1.005908 0.000002 0.000007 -0.001194 -0.014207 -0.133490
    36 0.079434 -0.734843 -0.759723 1.102531 0.723791 -0.631551
    37 2.512460 -0.000008 -0.000008 -0.000002 -0.000001 0.359163
    38 1.249973 0.429699 -0.140631 0.024560 0.000801 1.034386
    39 -6.472398 -14.840500 -8.101554 1.573172 0.068030 -3.133402
    40 0.000001 3.761717 -1.204106 0.000000 0.000000 0.000000
    41 0.000001 3.761716 -2.197272 0.000000 0.000000 0.000000
    42 0.285166 -1.825303 -4.917944 0.110502 -0.001008 -0.125626
    43 -0.000751 -0.003515 -1.549599 0.000000 0.000000 0.000003
  time 38
    0 0.000005 -2.660156 -9.640625 -1.570760 -1.391893 -1.570827
    1 2.033348 1.000767 1.937659 2.019225 -1.258097 2.538536
    2 6.028141 0.000005 0.000002 -0.855798 -1.005652 -1.395881
    3 11.692560 0.000013 -0.000006 -0.157712 0.243970 -1.373645
    4 11.481678 0.000006 -0.000039 0.008520 0.279190 0.663452
    5 3.281562 0.002118 -1.383387 0.100323 -0.214617 -1.496847
    6 1.324282 -0.000013 0.000002 0.000000 -0.030024 -0.577449
    7 0.815305 -0.000006 -0.000001 0.000001 -0.000003 -0.546394
    8 3.711852 0.105348 -0.572073 0.012684 -0.331679 -1.397364
    9 1.609408 0.000008 -0.000006 -0.000002 0.034869 -0.449938
    10 0.993192 -0.000006 0.000002 0.001476 0.002258 -0.454048
    11 3.786029 0.203227 0.243937 -0.051763 -0.366106 -1.098183
    12 1.684422 -0.000010 0.000009 0.000002 -0.013494 -0.494227
    13 1.252153 -0.000006 0.000003 0.001673 -0.003441 -0.371675
    14 3.590314 0.299551 1.109804 -0.061281 -0.314729 -0.799371
    15 1.719431 0.000000 -0.000006 -0.000004 0.003839 -0.261276
    16 1.005919 0.000000 0.000004 0.000005 0.000018 -0.514331
    17 0.298218 -0.634092 0.426701 -1.632155 -0.801752 -0.139450
    18 2.637462 0.000002 -0.000006 -0.000002 -0.015210 0.199864
    19 1.308570 0.000001 -0.000004 -0.033423 -0.065233 0.646391
    20 2.033356 1.000772 -1.937610 -0.128177 0.172990 -2.038336
    21 6.028142 0.000001 -0.000001 -0.617265 1.326972 -2.361466
    22 11.692555 0.000031 0.000001 0.056735 -0.043780 -1.820078
    23 11.481703 0.000105 0.000003 -0.580292 -0.638162 0.981536
    24 2.914335 -0.023167 1.400147 -0.002374 0.009105 -1.340561
    25 1.285218 0.000000 -0.000001 0.000002 0.031611 -0.484969
    26 0.842651 0.000002 0.000000 -0.049553 0.043777 -0.974485
    27 3.368059 0.007375 0.618550 0.028206 0.001622 -1.454663
    28 1.610352 -0.000006 0.000001 -0.000007 0.094857 -0.602665
    29 1.020535 -0.000004 -0.000002 0.012247 -0.013086 -1.191919
    30 3.555524 0.023917 -0.200566 -0.028954 0.012885 -1.480999
    31 1.666992 0.000000 0.000000 -0.000010 0.148680 -0.670364
    32 1.240436 0.000002 0.000006 0.000002 -0.000011 -1.488674
    33 3.449664 0.054213 -1.089087 0.056320 0.354473 -0.339489
    34 1.711616 0.000006 0.000011 0.004485 -0.006084 -0.849048
    35 1.005908 0.000002 0.000007 -0.001230 -0.014183 -0.132313
    36 0.079434 -0.738750 -0.755817 1.102531 0.723791 -0.631551
    37 2.512460 -0.000008 -0.000008 -0.000002 -0.000001 0.359141
    38 1.249973 0.429699 -0.140631 0.024560 0.000801 1.034386
    39 -6.472398 -14.824874 -8.117180 1.567215 0.061131 -3.129820
    40 0.000001 3.761717 -1.204106 0.000000 0.000000 0.000000
    41 0.000001 3.761716 -2.197272 0.000000 0.000000 0.000000
    42 0.175788 -0.610422 -5.414052 0.130856 0.000000 -0.146557
    43 -0.000751 -0.003515 -1.549599 0.000000 0.000000 0.000003
  time 39
    0 0.000005 -2.660156 -9.640625 -1.570760 -1.391893 -1.570827
    1 2.033348 1.000767 1.937659 2.019225 -1.258097 2.538536
    2 6.028141 0.000005 0.000002 -0.840354 -1.023400 -1.448943
    3 11.692560 0.000013 -0.000006 -0.153602 0.243107 -1.356671
    4 11.481678 0.000006 -0.000039 -0.009210 0.283092 0.647785
    5 3.281562 0.002118 -1.383387 0.098728 -0.215431 -1.468125
    6 1.324282 -0.000013 0.000002 0.000000 -0.031942 -0.565837
    7 0.815305 -0.000006 -0.000001 0.000001 -0.000003 -0.537145
    8 3.711852 0.109255 -0.568167 0.009075 -0.332029 -1.373975
    9 1.609408 0.000008 -0.000006 -0.000002 0.032113 -0.440521
    10 0.993192 -0.000006 0.000002 0.001476 0.002258 -0.454048
    11 3.786029 0.203227 0.247844 -0.053633 -0.362870 -1.081580
    12 1.684422 -0.000010 0.000009 0.000002 -0.015303 -0.493993
    13 1.252153 -0.000006 0.000003 0.001673 -0.003441 -0.371764
    14 3.594221 0.299551 1.109804 -0.061730 -0.313123 -0.792300
    15 1.719431 0.000000 -0.000006 -0.000004 0.003300 -0.261514
    16 1.005919 0.000000 0.000004 0.000005 0.000018 -0.514463
    17 0.298218 -0.634092 0.426701 -1.564755 -0.836303 -0.227823
    18 2.637462 0.000002 -0.000006 -0.000002 -0.051655 0.290063
    19 1.304664 0.000001 -0.000004 -0.030655 -0.061458 0.624289
    20 2.033356 1.000772 -1.937610 -0.128177 0.172990 -2.038336
    21 6.028142 0.000001 -0.000001 -0.618371 1.326226 -2.362892
    22 11.692555 0.000031 0.000001 0.054482 -0.042437 -1.820313
    23 11.481703 0.000105 0.000003 -0.565880 -0.642133 0.985120
    24 2.910429 -0.023167 1.400147 -0.002374 0.009105 -1.340561
    25 1.285218 0.000000 -0.000001 0.000002 0.031611 -0.484969
    26 0.842651 0.000002 0.000000 -0.049553 0.043777 -0.974485
    27 3.364152 0.007375 0.626362 0.028206 0.001622 -1.454663
    28 1.610352 -0.000006 0.000001 -0.000007 0.094857 -0.602665
    29 1.020535 -0.000004 -0.000002 0.012247 -0.013086 -1.191919
    30 3.555524 0.027823 -0.200566 -0.028966 0.012885 -1.480999
    31 1.666992 0.000000 0.000000 -0.000010 0.148680 -0.670364
    32 1.240436 0.000002 0.000006 0.000002 -0.000011 -1.488674
    33 3.449664 0.054213 -1.085181 0.056345 0.354629 -0.339339
    34 1.711616 0.000006 0.000011 0.004485 -0.006024 -0.848849
    35 1.005908 0.000002 0.000007 -0.001254 -0.014159 -0.131108
    36 0.079434 -0.734843 -0.755817 1.102531 0.723791 -0.631551
    37 2.512460 -0.000008 -0.000008 -0.000002 -0.000001 0.359141
    38 1.249973 0.429699 -0.140631 0.024560 0.000801 1.034386
    39 -6.468492 -14.824874 -8.085929 1.566514 0.075614 -3.137218
    40 0.000001 3.761717 -1.204106 0.000000 0.000000 0.000000
    41 0.000001 3.761716 -2.197272 0.000000 0.000000 0.000000
    42 0.164068 -0.516669 -5.382802 0.108493 -0.002233 -0.114046
    43 -0.000751 -0.003515 -1.549599 0.000000 0.000000 0.000003
  time 40
    0 0.000005 -2.660156 -9.640625 -1.570760 -1.391893 -1.570827
    1 2.033348 1.000767 1.937659 2.019225 -1.258097 2.538536
    2 6.028141 0.000005 0.000002 -0.805011 -1.018433 -1.484760
    3 11.692560 0.000013 -0.000006 -0.151001 0.242544 -1.345742
    4 11.481678 0.000006 -0.000039 -0.111157 0.279934 0.633104
    5 3.281562 0.002118 -1.383387 0.096091 -0.216875 -1.425020
    6 1.324282 -0.000013 0.000002 0.000000 -0.034531 -0.548732
    7 0.815305 -0.000006 -0.000001 0.000001 -0.000003 -0.523542
    8 3.711852 0.109255 -0.568167 0.003523 -0.332765 -1.338655
    9 1.609408 0.000008 -0.000006 -0.000002 0.028170 -0.426614
    10 0.993192 -0.000006 0.000002 0.001476 0.002258 -0.454048
    11 3.786029 0.203227 0.243937 -0.056701 -0.358412 -1.056316
    12 1.684422 -0.000010 0.000009 0.000002 -0.017940 -0.493624
    13 1.252153 -0.000006 0.000003 0.001673 -0.003441 -0.371987
    14 3.594221 0.299551 1.109804 -0.062905 -0.311074 -0.780964
    15 1.719431 0.000000 -0.000006 -0.000004 0.002521 -0.261854
    16 1.005919 0.000000 0.000004 0.000005 0.000018 -0.514641
    17 0.298218 -0.634092 0.426701 -1.390602 -0.887780 -0.440907
    18 2.633555 0.000002 -0.000006 -0.000002 -0.121369 0.479753
    19 1.304664 0.000001 -0.000004 -0.016141 -0.038388 0.495997
    20 2.033356 1.000772 -1.937610 -0.128177 0.172990 -2.038336
    21 6.028142 0.000001 -0.000001 -0.647279 1.334085 -2.397364
    22 11.692555 0.000031 0.000001 0.066047 -0.050851 -1.820861
    23 11.481703 0.000105 0.000003 -0.538134 -0.636415 0.980067
    24 2.914335 -0.023167 1.400147 -0.002374 0.009105 -1.340561
    25 1.285218 0.000000 -0.000001 0.000002 0.031611 -0.484969
    26 0.842651 0.000002 0.000000 -0.049553 0.043777 -0.974485
    27 3.368059 0.007375 0.618550 0.028206 0.001622 -1.454663
    28 1.610352 -0.000006 0.000001 -0.000007 0.094857 -0.602665
    29 1.020535 -0.000004 -0.000002 0.012247 -0.013086 -1.191919
    30 3.555524 0.023917 -0.204473 -0.028954 0.012885 -1.481027
    31 1.666992 0.000000 0.000000 -0.000010 0.148680 -0.670364
    32 1.240436 0.000002 0.000006 0.000002 -0.000011 -1.488635
    33 3.449664 0.054213 -1.089087 0.056357 0.354808 -0.339188
    34 1.711616 0.000006 0.000011 0.004497 -0.005964 -0.848700
    35 1.005908 0.000002 0.000007 -0.001290 -0.014147 -0.129821
    36 0.079434 -0.738750 -0.759723 1.102531 0.723791 -0.631551
    37 2.512460 -0.000008 -0.000008 -0.000002 -0.000001 0.359163
    38 1.249973 0.429699 -0.140631 0.024560 0.000801 1.034386
    39 -6.456772 -14.824874 -7.992176 1.570836 0.092880 -3.144148
    40 0.000001 3.761717 -1.204106 0.000000 0.000000 0.000000
    41 0.000001 3.761716 -2.197272 0.000000 0.000000 0.000000
    42 0.144537 -0.282287 -5.347644 0.059662 -0.004069 -0.048895
    43 -0.000751 -0.003515 -1.549599 0.000000 0.000000 0.000003
  time 41
    0 0.000005 -2.660156 -9.640625 -1.570760 -1.391893 -1.570827
    1 2.033348 1.000767 1.937659 2.019225 -1.258097 2.538536
    2 6.028141 0.000005 0.000002 -0.772701 -1.015271 -1.522187
    3 11.692560 0.000013 -0.000006 -0.148424 0.241969 -1.335061
    4 11.481678 0.000006 -0.000039 -0.250922 0.265710 0.614187
    5 3.281562 0.002118 -1.383387 0.088896 -0.218792 -1.320018
    6 1.324282 -0.000013 0.000002 0.000000 -0.039720 -0.507122
    7 0.815305 -0.000006 -0.000001 0.000001 -0.000003 -0.490363
    8 3.711852 0.109255 -0.568167 -0.009961 -0.332790 -1.252757
    9 1.609408 0.000008 -0.000006 -0.000002 0.019265 -0.392776
    10 0.993192 -0.000006 0.000002 0.001476 0.002258 -0.454048
    11 3.786029 0.203227 0.243937 -0.063963 -0.346679 -0.995221
    12 1.684422 -0.000010 0.000009 0.000002 -0.024184 -0.493926
    13 1.252153 -0.000006 0.000003 0.001653 -0.003453 -0.371630
    14 3.594221 0.299551 1.109804 -0.065667 -0.305897 -0.753429
    15 1.719431 0.000000 -0.000006 -0.000004 0.000615 -0.261242
    16 1.005919 0.000000 0.000004 0.000005 0.000018 -0.514331
    17 0.298218 -0.634092 0.426701 -1.238404 -0.917720 -0.612552
    18 2.633555 0.000002 -0.000006 -0.000002 -0.152265 0.585313
    19 1.304664 0.000001 -0.000004 -0.004888 -0.014011 0.370035
    20 2.033356 1.000772 -1.937610 -0.128177 0.172990 -2.038336
    21 6.028142 0.000001 -0.000001 -0.649491 1.329080 -2.397029
    22 11.692555 0.000031 0.000001 0.048166 -0.036900 -1.819843
    23 11.481703 0.000105 0.000003 -0.544990 -0.651472 0.977599
    24 2.914335 -0.023167 1.400147 -0.002374 0.009105 -1.340561
    25 1.285218 0.000000 -0.000001 0.000002 0.031611 -0.484969
    26 0.842651 0.000002 0.000000 -0.049553 0.043777 -0.974485
    27 3.368059 0.007375 0.622456 0.028206 0.001622 -1.454663
    28 1.610352 -0.000006 0.000001 -0.000007 0.094857 -0.602665
    29 1.020535 -0.000004 -0.000002 0.012247 -0.013086 -1.191919
    30 3.555524 0.023917 -0.204473 -0.028954 0.012885 -1.480999
    31 1.666992 0.000000 0.000000 -0.000010 0.148680 -0.670364
    32 1.240436 0.000002 0.000006 0.000002 -0.000011 -1.488674
    33 3.449664 0.054213 -1.089087 0.056383 0.354964 -0.339038
    34 1.711616 0.000006 0.000011 0.004497 -0.005904 -0.848551
    35 1.005908 0.000002 0.000007 -0.001314 -0.014123 -0.128616
    36 0.079434 -0.738750 -0.759723 1.102531 0.723791 -0.631551
    37 2.512460 -0.000008 -0.000008 -0.000002 -0.000001 0.359163
    38 1.249973 0.429699 -0.140631 0.024560 0.000801 1.034386
    39 -6.448960 -14.809249 -7.874985 1.575780 0.086743 -3.137062
    40 0.000001 3.761717 -1.204106 0.000000 0.000000 0.000000
    41 0.000001 3.761716 -2.197272 0.000000 0.000000 0.000000
    42 0.121098 0.041942 -5.367176 0.020615 -0.003025 0.000000
    43 -0.000751 -0.003515 -1.549599 0.000000 0.000000 0.000003
  time 42
    0 0.000005 -2.660156 -9.640625 -1.570760 -1.391893 -1.570827
    1 2.033348 1.000767 1.937659 2.019225 -1.258097 2.538536
    2 6.028141 0.000005 0.000002 -0.751476 -1.025568 -1.568616
    3 11.692560 0.000013 -0.000006 -0.144361 0.240986 -1.318087
    4 11.481678 0.000006 -0.000039 -0.314863 0.254465 0.602930
    5 3.281562 0.002118 -1.383387 0.073912 -0.216482 -1.135070
    6 1.324282 -0.000013 0.000002 0.000000 -0.044993 -0.433917
    7 0.815305 -0.000006 -0.000001 0.000001 -0.000003 -0.431969
    8 3.711852 0.109255 -0.568167 -0.033439 -0.326885 -1.101713
    9 1.609408 0.000008 -0.000006 -0.000002 0.006238 -0.332731
    10 0.993192 -0.000006 0.000002 0.001476 0.002258 -0.454048
    11 3.786029 0.203227 0.247844 -0.075927 -0.323273 -0.888953
    12 1.684422 -0.000010 0.000009 0.000002 -0.034598 -0.495166
    13 1.252153 -0.000006 0.000003 0.001673 -0.003477 -0.370381
    14 3.594221 0.299551 1.109804 -0.070381 -0.296129 -0.705280
    15 1.719431 0.000000 -0.000006 -0.000004 -0.002608 -0.258997
    16 1.005919 0.000000 0.000004 0.000005 0.000018 -0.513445
    17 0.298218 -0.634092 0.426701 -1.170622 -0.943796 -0.678894
    18 2.637462 0.000002 -0.000006 -0.000002 -0.135223 0.545346
    19 1.304664 0.000001 -0.000004 0.001824 0.006279 0.269885
    20 2.033356 1.000772 -1.937610 -0.128177 0.172990 -2.038336
    21 6.028142 0.000001 -0.000001 -0.671448 1.331802 -2.422946
    22 11.692555 0.000031 0.000001 0.046896 -0.036553 -1.818747
    23 11.481703 0.000105 0.000003 -0.554112 -0.656554 0.970019
    24 2.914335 -0.023167 1.400147 -0.002374 0.009105 -1.340561
    25 1.285218 0.000000 -0.000001 0.000002 0.031611 -0.484969
    26 0.842651 0.000002 0.000000 -0.049553 0.043777 -0.974485
    27 3.368059 0.007375 0.622456 0.028206 0.001622 -1.454663
    28 1.610352 -0.000006 0.000001 -0.000007 0.094857 -0.602665
    29 1.020535 -0.000004 -0.000002 0.012247 -0.013086 -1.191919
    30 3.555524 0.023917 -0.204473 -0.028954 0.012897 -1.480999
    31 1.666992 0.000000 0.000000 -0.000010 0.148680 -0.670364
    32 1.240436 0.000002 0.000006 0.000002 -0.000011 -1.488635
    33 3.449664 0.054213 -1.089087 0.056383 0.355132 -0.338887
    34 1.711616 0.000006 0.000011 0.004509 -0.005844 -0.848352
    35 1.005908 0.000002 0.000007 -0.001350 -0.014099 -0.127384
    36 0.079434 -0.738750 -0.759723 1.102531 0.723791 -0.631551
    37 2.512460 -0.000008 -0.000008 -0.000002 -0.000001 0.359163
    38 1.249973 0.429699 -0.140631 0.024560 0.000801 1.034386
    39 -6.437241 -14.789717 -7.781232 1.579401 0.072184 -3.126471
    40 0.000001 3.761717 -1.204106 0.000000 0.000000 0.000000
    41 0.000001 3.761716 -2.197272 0.000000 0.000000 0.000000
    42 0.074222 0.549770 -5.523431 0.005853 -0.001584 0.010808
    43 -0.000751 -0.003515 -1.549599 0.000000 0.000000 0.000003
  time 43
    0 0.000005 -2.660156 -9.640625 -1.570760 -1.391893 -1.570827
    1 2.033348 1.000767 1.937659 2.019225 -1.258097 2.538536
    2 6.028141 0.000005 0.000002 -0.732431 -1.041329 -1.617983
    3 11.692560 0.000013 -0.000006 -0.138884 0.239548 -1.295069
    4 11.481678 0.000006 -0.000039 -0.292983 0.253897 0.608210
    5 3.281562 0.002118 -1.383387 0.052877 -0.204324 -0.914255
    6 1.324282 -0.000013 0.000002 0.000000 -0.045029 -0.346432
    7 0.815305 -0.000006 -0.000001 0.000001 -0.000003 -0.362004
    8 3.711852 0.109255 -0.568167 -0.060208 -0.310092 -0.922194
    9 1.609408 0.000008 -0.000006 -0.000002 -0.004644 -0.260384
    10 0.993192 -0.000006 0.000002 0.001476 0.002258 -0.454048
    11 3.786029 0.203227 0.243937 -0.088780 -0.291047 -0.763961
    12 1.684422 -0.000010 0.000009 0.000002 -0.045960 -0.496943
    13 1.252153 -0.000006 0.000003 0.001692 -0.003512 -0.368641
    14 3.594221 0.299551 1.109804 -0.075769 -0.283402 -0.648002
    15 1.719431 0.000000 -0.000006 -0.000004 -0.006288 -0.255732
    16 1.005919 0.000000 0.000004 0.000005 0.000018 -0.512116
    17 0.298218 -0.634092 0.426701 -1.122562 -0.973953 -0.719479
    18 2.637462 0.000002 -0.000006 -0.000002 -0.101810 0.450572
    19 1.304664 0.000001 -0.000004 0.006869 0.029481 0.158791
    20 2.033356 1.000772 -1.937610 -0.128177 0.172990 -2.038336
    21 6.028142 0.000001 -0.000001 -0.701147 1.339441 -2.459683
    22 11.692555 0.000031 0.000001 0.060306 -0.047794 -1.817965
    23 11.481703 0.000105 0.000003 -0.561777 -0.649344 0.961616
    24 2.914335 -0.023167 1.400147 -0.002374 0.009105 -1.340561
    25 1.285218 0.000000 -0.000001 0.000002 0.031611 -0.484969
    26 0.842651 0.000002 0.000000 -0.049553 0.043777 -0.974485
    27 3.368059 0.007375 0.618550 0.028206 0.001622 -1.454663
    28 1.610352 -0.000006 0.000001 -0.000007 0.094857 -0.602665
    29 1.020535 -0.000004 -0.000002 0.012247 -0.013086 -1.191919
    30 3.555524 0.023917 -0.200566 -0.028954 0.012885 -1.480999
    31 1.666992 0.000000 0.000000 -0.000010 0.148680 -0.670364
    32 1.240436 0.000002 0.000006 0.000002 -0.000011 -1.488674
    33 3.449664 0.054213 -1.089087 0.056408 0.355312 -0.338787
    34 1.711616 0.000006 0.000011 0.004509 -0.005784 -0.848203
    35 1.005908 0.000002 0.000007 -0.001374 -0.014087 -0.126097
    36 0.079434 -0.738750 -0.759723 1.102531 0.723791 -0.631551
    37 2.512460 -0.000008 -0.000008 -0.000002 -0.000001 0.359163
    38 1.249973 0.429699 -0.140631 0.024560 0.000801 1.034386
    39 -6.437241 -14.777998 -7.749981 1.580997 0.056367 -3.117828
    40 0.000001 3.761717 -1.204106 0.000000 0.000000 0.000000
    41 0.000001 3.761716 -2.197272 0.000000 0.000000 0.000000
    42 0.015626 1.139631 -5.738281 0.000961 -0.000468 0.005404
    43 -0.000751 -0.003515 -1.549599 0.000000 0.000000 0.000003
  time 44
    0 0.000005 -2.660156 -9.640625 -1.570760 -1.391893 -1.570827
    1 2.033348 1.000767 1.937659 2.019225 -1.258097 2.538536
    2 6.028141 0.000005 0.000002 -0.713954 -1.057903 -1.665644
    3 11.692560 0.000013 -0.000006 -0.133096 0.237870 -1.270560
    4 11.481678 0.000006 -0.000039 -0.240925 0.254571 0.622543
    5 3.281562 0.002118 -1.379481 0.030391 -0.183043 -0.701746
    6 1.324282 -0.000013 0.000002 0.000000 -0.039289 -0.262217
    7 0.815305 -0.000006 -0.000001 0.000001 -0.000003 -0.294238
    8 3.711852 0.109255 -0.568167 -0.083904 -0.283947 -0.750586
    9 1.609408 0.000008 -0.000006 -0.000002 -0.010229 -0.190118
    10 0.993192 -0.000006 0.000002 0.001476 0.002258 -0.454048
    11 3.786029 0.203227 0.247844 -0.099564 -0.255632 -0.645114
    12 1.684422 -0.000010 0.000009 0.000002 -0.055691 -0.498920
    13 1.252153 -0.000006 0.000003 0.001692 -0.003560 -0.366723
    14 3.594221 0.299551 1.109804 -0.080621 -0.269703 -0.592894
    15 1.719431 0.000000 -0.000006 -0.000004 -0.009631 -0.252127
    16 1.005919 0.000000 0.000004 0.000005 0.000018 -0.510743
    17 0.298218 -0.634092 0.426701 -1.090606 -1.004062 -0.741884
    18 2.637462 0.000002 -0.000006 -0.000002 -0.063519 0.335411
    19 1.304664 0.000001 -0.000004 0.009242 0.051712 0.054257
    20 2.033356 1.000772 -1.937610 -0.128177 0.172990 -2.038336
    21 6.028142 0.000001 -0.000001 -0.714890 1.344622 -2.476626
    22 11.692555 0.000031 0.000001 0.073789 -0.057874 -1.817808
    23 11.481703 0.000105 0.000003 -0.565448 -0.636256 0.957856
    24 2.914335 -0.023167 1.400147 -0.002374 0.009105 -1.340561
    25 1.285218 0.000000 -0.000001 0.000002 0.031611 -0.484969
    26 0.842651 0.000002 0.000000 -0.049553 0.043777 -0.974485
    27 3.368059 0.007375 0.622456 0.028206 0.001622 -1.454663
    28 1.610352 -0.000006 0.000001 -0.000007 0.094857 -0.602665
    29 1.020535 -0.000004 -0.000002 0.012247 -0.013086 -1.191919
    30 3.555524 0.023917 -0.204473 -0.028954 0.012885 -1.480999
    31 1.666992 0.000000 0.000000 -0.000010 0.148680 -0.670364
    32 1.240436 0.000002 0.000006 0.000002 -0.000011 -1.488635
    33 3.449664 0.054213 -1.089087 0.056408 0.355480 -0.338637
    34 1.711616 0.000006 0.000011 0.004521 -0.005724 -0.848004
    35 1.005908 0.000002 0.000007 -0.001410 -0.014063 -0.124837
    36 0.079434 -0.738750 -0.759723 1.102531 0.723791 -0.631551
    37 2.512460 -0.000008 -0.000008 -0.000002 -0.000001 0.359163
    38 1.249973 0.429699 -0.140631 0.024560 0.000801 1.034386
    39 -6.448960 -14.789717 -7.789045 1.582204 0.048363 -3.116115
    40 0.000001 3.761717 -1.204106 0.000000 0.000000 0.000000
    41 0.000001 3.761716 -2.197272 0.000000 0.000000 0.000000
    42 0.000001 1.420890 -5.835940 0.000000 0.000000 0.000000
    43 -0.000751 -0.003515 -1.549599 0.000000 0.000000 0.000003
  time 45
    0 0.000005 -2.660156 -9.640625 -1.570760 -1.391893 -1.570827
    1 2.033348 1.000767 1.937659 2.019225 -1.258097 2.538536
    2 6.028141 0.000005 0.000002 -0.699457 -1.071541 -1.703166
    3 11.692560 0.000013 -0.000006 -0.128566 0.236480 -1.251268
    4 11.481678 0.000006 -0.000039 -0.177550 0.254145 0.641518
    5 3.281562 0.002118 -1.379481 0.012361 -0.161854 -0.540090
    6 1.324282 -0.000013 0.000002 0.000000 -0.031810 -0.198087
    7 0.815305 -0.000006 -0.000001 0.000001 -0.000003 -0.242355
    8 3.711852 0.109255 -0.568167 -0.100145 -0.258751 -0.621143
    9 1.609408 0.000008 -0.000006 -0.000002 -0.011260 -0.136241
    10 0.993192 -0.000006 0.000002 0.001476 0.002270 -0.454048
    11 3.786029 0.203227 0.247844 -0.106825 -0.226893 -0.555485
    12 1.684422 -0.000010 0.000009 0.000002 -0.062259 -0.500932
    13 1.252153 -0.000006 0.000003 0.001732 -0.003596 -0.364939
    14 3.594221 0.299551 1.109804 -0.084264 -0.259181 -0.550880
    15 1.719431 0.000000 -0.000006 -0.000004 -0.012004 -0.248759
    16 1.005919 0.000000 0.000004 0.000005 0.000018 -0.509459
    17 0.298218 -0.634092 0.426701 -1.070156 -1.030187 -0.753920
    18 2.637462 0.000002 -0.000006 -0.000002 -0.031053 0.233976
    19 1.308570 0.000001 -0.000004 0.009494 0.068910 -0.026274
    20 2.033356 1.000772 -1.937610 -0.128177 0.172990 -2.038336
    21 6.028142 0.000001 -0.000001 -0.673976 1.335314 -2.426888
    22 11.692555 0.000031 0.000001 0.059156 -0.045697 -1.817965
    23 11.481703 0.000105 0.000003 -0.563127 -0.632253 0.963085
    24 2.914335 -0.023167 1.404053 -0.002374 0.009105 -1.340561
    25 1.285218 0.000000 -0.000001 0.000002 0.031611 -0.484969
    26 0.842651 0.000002 0.000000 -0.049553 0.043777 -0.974485
    27 3.368059 0.007375 0.622456 0.028206 0.001622 -1.454663
    28 1.610352 -0.000006 0.000001 -0.000007 0.094857 -0.602665
    29 1.020535 -0.000004 -0.000002 0.012247 -0.013086 -1.191919
    30 3.555524 0.023917 -0.200566 -0.028954 0.012897 -1.480999
    31 1.666992 0.000000 0.000000 -0.000010 0.148680 -0.670364
    32 1.236529 0.000002 0.000006 0.000002 -0.000011 -1.488674
    33 3.449664 0.054213 -1.089087 0.056433 0.355659 -0.338486
    34 1.711616 0.000006 0.000011 0.004533 -0.005664 -0.847805
    35 1.005908 0.000002 0.000007 -0.001434 -0.014039 -0.123523
    36 0.079434 -0.738750 -0.759723 1.102531 0.723791 -0.631551
    37 2.508554 -0.000008 -0.000008 -0.000002 -0.000001 0.359141
    38 1.249973 0.429699 -0.140631 0.024560 0.000801 1.034386
    39 -6.464585 -14.824874 -7.828109 1.589758 0.057510 -3.124291
    40 0.000001 3.761717 -1.204106 0.000000 0.000000 0.000000
    41 0.000001 3.761716 -2.197272 0.000000 0.000000 0.000000
    42 0.000001 1.420890 -5.835940 -0.000874 0.000108 0.000000
    43 -0.000751 -0.003515 -1.549599 0.000000 0.000000 0.000003
  time 46
    0 0.000005 -2.660156 -9.640625 -1.570760 -1.391893 -1.570827
    1 2.033348 1.000767 1.937659 2.019225 -1.258097 2.538536
    2 6.028141 0.000005 0.000002 -0.692066 -1.079444 -1.723349
    3 11.692560 0.000013 -0.000006 -0.126133 0.235677 -1.240918
    4 11.481678 0.000006 -0.000039 -0.122851 0.251911 0.659448
    5 3.281562 0.002118 -1.379481 0.004511 -0.151246 -0.470630
    6 1.324282 -0.000013 0.000002 0.000000 -0.027951 -0.170573
    7 0.815305 -0.000006 -0.000001 0.000001 -0.000003 -0.219918
    8 3.711852 0.109255 -0.568167 -0.106569 -0.246378 -0.565729
    9 1.609408 0.000008 -0.000006 -0.000002 -0.010900 -0.112990
    10 0.993192 -0.000006 0.000002 0.001476 0.002270 -0.454048
    11 3.786029 0.203227 0.247844 -0.109657 -0.213890 -0.516923
    12 1.684422 -0.000010 0.000009 0.000002 -0.064919 -0.502507
    13 1.252153 -0.000006 0.000003 0.001732 -0.003620 -0.363690
    14 3.594221 0.299551 1.109804 -0.085784 -0.254339 -0.532623
    15 1.719431 0.000000 -0.000006 -0.000004 -0.012939 -0.246379
    16 1.005919 0.000000 0.000004 0.000005 0.000018 -0.508528
    17 0.298218 -0.634092 0.426701 -1.054542 -1.045857 -0.764603
    18 2.637462 0.000002 -0.000006 -0.000002 -0.014311 0.180521
    19 1.304664 0.000001 -0.000004 0.009098 0.077240 -0.065236
    20 2.033356 1.000772 -1.937610 -0.128177 0.172990 -2.038336
    21 6.028142 0.000001 -0.000001 -0.657468 1.333426 -2.408016
    22 11.692555 0.000031 0.000001 0.063506 -0.048909 -1.818121
    23 11.481703 0.000105 0.000003 -0.539808 -0.610652 0.962615
    24 2.910429 -0.023167 1.400147 -0.002374 0.009105 -1.340561
    25 1.285218 0.000000 -0.000001 0.000002 0.031611 -0.484969
    26 0.842651 0.000002 0.000000 -0.049553 0.043777 -0.974485
    27 3.364152 0.007375 0.622456 0.028206 0.001622 -1.454663
    28 1.610352 -0.000006 0.000001 -0.000007 0.094857 -0.602665
    29 1.020535 -0.000004 -0.000002 0.012247 -0.013086 -1.191919
    30 3.555524 0.027823 -0.200566 -0.028954 0.012897 -1.480999
    31 1.666992 0.000000 0.000000 -0.000010 0.148680 -0.670364
    32 1.240436 0.000002 0.000006 0.000002 -0.000011 -1.488674
    33 3.449664 0.054213 -1.085181 0.056433 0.355839 -0.338336
    34 1.711616 0.000006 0.000011 0.004533 -0.005604 -0.847656
    35 1.005908 0.000002 0.000007 -0.001470 -0.014015 -0.122208
    36 0.079434 -0.734843 -0.759723 1.102531 0.723791 -0.631551
    37 2.512460 -0.000008 -0.000008 -0.000002 -0.000001 0.359163
    38 1.249973 0.429699 -0.140631 0.024560 0.000801 1.034386
    39 -6.480211 -14.883470 -7.855453 1.602489 0.078206 -3.138541
    40 0.000001 3.761717 -1.204106 0.000000 0.000000 0.000000
    41 0.000001 3.761716 -2.197272 0.000000 0.000000 0.000000
    42 0.000001 1.420890 -5.835940 -0.001572 0.000216 0.000000
    43 -0.000751 -0.003515 -1.549599 0.000000 0.000000 0.000003
  time 47
    0 0.000005 -2.660156 -9.640625 -1.570760 -1.391893 -1.570827
    1 2.033348 1.000767 1.937659 2.019225 -1.258097 2.538536
    2 6.028141 0.000005 0.000002 -0.693772 -1.079309 -1.720032
    3 11.692560 0.000013 -0.000006 -0.126145 0.235689 -1.240918
    4 11.481678 0.000006 -0.000039 -0.092012 0.249321 0.668674
    5 3.281562 0.002118 -1.383387 0.013608 -0.163482 -0.551226
    6 1.324282 -0.000013 0.000002 0.000000 -0.031798 -0.198689
    7 0.815305 -0.000006 -0.000001 0.000001 -0.000003 -0.242811
    8 3.711852 0.109255 -0.568167 -0.099252 -0.261510 -0.628583
    9 1.605501 0.000008 -0.000006 -0.000002 -0.011140 -0.136753
    10 0.993192 -0.000006 0.000002 0.001476 0.002258 -0.454048
    11 3.786029 0.203227 0.243937 -0.106789 -0.229182 -0.556383
    12 1.684422 -0.000010 0.000009 0.000002 -0.062702 -0.503412
    13 1.252153 -0.000006 0.000003 0.001732 -0.003632 -0.363244
    14 3.594221 0.299551 1.109804 -0.084195 -0.260511 -0.551853
    15 1.719431 0.000000 -0.000006 -0.000004 -0.011705 -0.245698
    16 1.005919 0.000000 0.000004 0.000005 0.000018 -0.508218
    17 0.298218 -0.634092 0.426701 -1.053709 -1.045832 -0.765477
    18 2.637462 0.000002 -0.000006 -0.000002 -0.015833 0.185854
    19 1.304664 0.000001 -0.000004 0.009338 0.073093 -0.045801
    20 2.033356 1.000772 -1.937610 -0.128177 0.172990 -2.038336
    21 6.028142 0.000001 -0.000001 -0.596571 1.314635 -2.333116
    22 11.692555 0.000031 0.000001 0.032382 -0.024784 -1.818591
    23 11.481703 0.000105 0.000003 -0.531171 -0.612368 0.971958
    24 2.914335 -0.023167 1.400147 -0.002374 0.009105 -1.340561
    25 1.285218 0.000000 -0.000001 0.000002 0.031611 -0.484969
    26 0.842651 0.000002 0.000000 -0.049553 0.043777 -0.974485
    27 3.368059 0.007375 0.618550 0.028206 0.001622 -1.454663
    28 1.610352 -0.000006 0.000001 -0.000007 0.094857 -0.602665
    29 1.020535 -0.000004 -0.000002 0.012247 -0.013086 -1.191919
    30 3.555524 0.023917 -0.204473 -0.028954 0.012885 -1.480999
    31 1.666992 0.000000 0.000000 -0.000010 0.148680 -0.670364
    32 1.240436 0.000002 0.000006 0.000002 -0.000011 -1.488674
    33 3.449664 0.054213 -1.089087 0.056471 0.356007 -0.338185
    34 1.711616 0.000006 0.000011 0.004545 -0.005532 -0.847457
    35 1.005908 0.000002 0.000007 -0.001494 -0.014003 -0.120866
    36 0.079434 -0.738750 -0.759723 1.102531 0.723791 -0.631551
    37 2.512460 -0.000008 -0.000008 -0.000002 -0.000001 0.359141
    38 1.249973 0.429699 -0.140631 0.024560 0.000801 1.034386
    39 -6.499743 -14.930346 -7.882798 1.614287 0.099512 -3.152792
    40 0.000001 3.761717 -1.204106 0.000000 0.000000 0.000000
    41 0.000001 3.761716 -2.197272 0.000000 0.000000 0.000000
    42 0.000001 1.420890 -5.835940 -0.002009 0.000288 0.000000
    43 -0.000751 -0.003515 -1.549599 0.000000 0.000000 0.000003
  time 48
    0 0.000005 -2.660156 -9.640625 -1.570760 -1.391893 -1.570827
    1 2.033348 1.000767 1.937659 2.019225 -1.258097 2.538536
    2 6.028141 0.000005 0.000002 -0.702394 -1.073934 -1.698239
    3 11.692560 0.000013 -0.000006 -0.127427 0.236096 -1.246383
    4 11.481678 0.000006 -0.000039 -0.080507 0.249250 0.670473
    5 3.281562 0.002118 -1.379481 0.036564 -0.189870 -0.758817
    6 1.324282 -0.000013 0.000002 0.000000 -0.039708 -0.273227
    7 0.815305 -0.000006 -0.000001 0.000001 -0.000003 -0.303030
    8 3.711852 0.109255 -0.568167 -0.078392 -0.294584 -0.792499
    9 1.609408 0.000008 -0.000006 -0.000002 -0.009102 -0.199280
    10 0.993192 -0.000006 0.000002 0.001476 0.002258 -0.454048
    11 3.786029 0.203227 0.243937 -0.098293 -0.266598 -0.661574
    12 1.684422 -0.000010 0.000009 0.000002 -0.055404 -0.503043
    13 1.252153 -0.000006 0.000003 0.001732 -0.003620 -0.364047
    14 3.594221 0.299551 1.109804 -0.079896 -0.275336 -0.602584
    15 1.719431 0.000000 -0.000006 -0.000004 -0.008601 -0.247229
    16 1.005919 0.000000 0.000004 0.000005 0.000018 -0.508706
    17 0.298218 -0.634092 0.426701 -1.073102 -1.033881 -0.749485
    18 2.637462 0.000002 -0.000006 -0.000002 -0.028632 0.227291
    19 1.308570 0.000001 -0.000004 0.009530 0.058963 0.020322
    20 2.033356 1.000772 -1.937610 -0.128177 0.172990 -2.038336
    21 6.028142 0.000001 -0.000001 -0.590726 1.316216 -2.329426
    22 11.692555 0.000031 0.000001 0.040544 -0.032418 -1.818904
    23 11.481703 0.000105 0.000003 -0.517946 -0.598073 0.972193
    24 2.914335 -0.023167 1.400147 -0.002374 0.009105 -1.340561
    25 1.285218 0.000000 -0.000001 0.000002 0.031611 -0.484969
    26 0.842651 0.000002 0.000000 -0.049553 0.043777 -0.974485
    27 3.368059 0.007375 0.618550 0.028206 0.001622 -1.454663
    28 1.610352 -0.000006 0.000001 -0.000007 0.094857 -0.602665
    29 1.020535 -0.000004 -0.000002 0.012247 -0.013086 -1.191919
    30 3.555524 0.023917 -0.204473 -0.028954 0.012885 -1.480999
    31 1.666992 0.000000 0.000000 -0.000010 0.148680 -0.670364
    32 1.240436 0.000002 0.000006 0.000002 -0.000011 -1.488674
    33 3.449664 0.054213 -1.089087 0.056471 0.356199 -0.338035
    34 1.711616 0.000006 0.000011 0.004545 -0.005472 -0.847258
    35 1.005908 0.000002 0.000007 -0.001530 -0.013979 -0.119497
    36 0.079434 -0.738750 -0.759723 1.102531 0.723791 -0.631551
    37 2.508554 -0.000008 -0.000008 -0.000002 -0.000001 0.359163
    38 1.249973 0.429699 -0.140631 0.024560 0.000801 1.034386
    39 -6.519274 -14.961597 -7.914049 1.619153 0.110336 -3.161280
    40 0.000001 3.761717 -1.204106 0.000000 0.000000 0.000000
    41 0.000001 3.761716 -2.197272 0.000000 0.000000 0.000000
    42 0.000001 1.420890 -5.835940 -0.002359 0.000324 0.000000
    43 -0.000751 -0.003515 -1.549599 0.000000 0.000000 0.000003
  time 49
    0 0.000005 -2.660156 -9.640625 -1.570760 -1.391893 -1.570827
    1 2.033348 1.000767 1.937659 2.019225 -1.258097 2.538536
    2 6.028141 0.000005 0.000002 -0.709217 -1.069464 -1.674930
    3 11.692560 0.000013 -0.000006 -0.127164 0.236025 -1.245307
    4 11.481678 0.000006 -0.000039 -0.074660 0.254748 0.670183
    5 3.281562 0.002118 -1.383387 0.062546 -0.210941 -1.011926
    6 1.324282 -0.000013 0.000002 0.000000 -0.043855 -0.367669
    7 0.815305 -0.000006 -0.000001 0.000001 -0.000003 -0.378843
    8 3.711852 0.109255 -0.572073 -0.049501 -0.322852 -0.995596
    9 1.609408 0.000008 -0.000006 -0.000002 -0.000881 -0.277869
    10 0.993192 -0.000006 0.000002 0.001476 0.002270 -0.454048
    11 3.786029 0.203227 0.247844 -0.085784 -0.308029 -0.795802
    12 1.684422 -0.000010 0.000009 0.000002 -0.044102 -0.500596
    13 1.252153 -0.000006 0.000003 0.001712 -0.003560 -0.366366
    14 3.594221 0.299551 1.109804 -0.074198 -0.291695 -0.665660
    15 1.719431 0.000000 -0.000006 -0.000004 -0.004634 -0.251548
    16 1.005919 0.000000 0.000004 0.000005 0.000018 -0.510477
    17 0.298218 -0.634092 0.426701 -1.097977 -1.018283 -0.728932
    18 2.633555 0.000002 -0.000006 -0.000002 -0.047808 0.288522
    19 1.304664 0.000001 -0.000004 0.008319 0.040267 0.107934
    20 2.033356 1.000772 -1.937610 -0.128177 0.172990 -2.038336
    21 6.028142 0.000001 -0.000001 -0.571691 1.308840 -2.303676
    22 11.692555 0.000031 0.000001 0.027696 -0.021428 -1.819061
    23 11.481703 0.000105 0.000003 -0.529929 -0.606999 0.980360
    24 2.914335 -0.023167 1.404053 -0.002374 0.009105 -1.340561
    25 1.285218 0.000000 -0.000001 0.000002 0.031611 -0.484969
    26 0.842651 0.000002 0.000000 -0.049553 0.043777 -0.974485
    27 3.368059 0.007375 0.618550 0.028206 0.001622 -1.454663
    28 1.610352 -0.000006 0.000001 -0.000007 0.094857 -0.602665
    29 1.020535 -0.000004 -0.000002 0.012247 -0.013086 -1.191919
    30 3.555524 0.023917 -0.204473 -0.028954 0.012885 -1.480999
    31 1.666992 0.000000 0.000000 -0.000010 0.148680 -0.670364
    32 1.240436 0.000002 0.000006 0.000002 -0.000011 -1.488674
    33 3.449664 0.054213 -1.089087 0.056496 0.356378 -0.337885
    34 1.711616 0.000006 0.000011 0.004557 -0.005413 -0.847109
    35 1.005908 0.000002 0.000007 -0.001566 -0.013955 -0.118183
    36 0.079434 -0.738750 -0.759723 1.102531 0.723791 -0.631551
    37 2.508554 -0.000008 -0.000008 -0.000002 -0.000001 0.359163
    38 1.249973 0.429699 -0.140631 0.024560 0.000801 1.034386
    39 -6.530993 -14.953784 -7.964831 1.614014 0.107439 -3.163071
    40 0.000001 3.761717 -1.204106 0.000000 0.000000 0.000000
    41 0.000001 3.761716 -2.197272 0.000000 0.000000 0.000000
    42 0.000001 1.420890 -5.835940 -0.002533 0.000360 0.000000
    43 -0.000751 -0.003515 -1.549599 0.000000 0.000000 0.000003
  time 50
    0 0.000005 -2.660156 -9.640625 -1.570760 -1.391893 -1.570827
    1 2.033348 1.000767 1.937659 2.019225 -1.258097 2.538536
    2 6.028141 0.000005 0.000002 -0.710827 -1.070728 -1.659959
    3 11.692560 0.000013 -0.000006 -0.123700 0.234862 -1.230486
    4 11.481678 0.000006 -0.000039 -0.072208 0.266632 0.664322
    5 3.281562 0.002118 -1.379481 0.081639 -0.218516 -1.226338
    6 1.324282 -0.000013 0.000002 0.000000 -0.041697 -0.454683
    7 0.815305 -0.000006 -0.000001 0.000001 -0.000003 -0.448393
    8 3.711852 0.109255 -0.568167 -0.022771 -0.334913 -1.170815
    9 1.609408 0.000008 -0.000006 -0.000002 0.011559 -0.349631
    10 0.993192 -0.000006 0.000002 0.001476 0.002258 -0.454048
    11 3.786029 0.203227 0.243937 -0.072731 -0.338374 -0.919464
    12 1.684422 -0.000010 0.000009 0.000002 -0.032058 -0.495099
    13 1.252153 -0.000006 0.000003 0.001673 -0.003477 -0.370515
    14 3.594221 0.299551 1.109804 -0.068914 -0.303560 -0.721255
    15 1.719431 0.000000 -0.000006 -0.000004 -0.001050 -0.259269
    16 1.005919 0.000000 0.000004 0.000005 0.000018 -0.513533
    17 0.298218 -0.634092 0.426701 -1.115336 -1.007611 -0.714377
    18 2.637462 0.000002 -0.000006 -0.000002 -0.068014 0.353641
    19 1.304664 0.000001 -0.000004 0.005647 0.022506 0.191899
    20 2.033356 1.000772 -1.937610 -0.128177 0.172990 -2.038336
    21 6.028142 0.000001 -0.000001 -0.612526 1.329958 -2.359704
    22 11.692555 0.000031 0.000001 0.070697 -0.055944 -1.819687
    23 11.481703 0.000105 0.000003 -0.528202 -0.587622 0.976600
    24 2.914335 -0.023167 1.404053 -0.002374 0.009105 -1.340561
    25 1.285218 0.000000 -0.000001 0.000002 0.031611 -0.484969
    26 0.838745 0.000002 0.000000 -0.049553 0.043777 -0.974485
    27 3.368059 0.007375 0.622456 0.028206 0.001622 -1.454663
    28 1.610352 -0.000006 0.000001 -0.000007 0.094857 -0.602665
    29 1.020535 -0.000004 -0.000002 0.012247 -0.013086 -1.191919
    30 3.555524 0.023917 -0.204473 -0.028966 0.012885 -1.480999
    31 1.666992 0.000000 0.000000 -0.000010 0.148680 -0.670364
    32 1.240436 0.000002 0.000006 0.000002 -0.000011 -1.488713
    33 3.449664 0.054213 -1.089087 0.056496 0.356558 -0.337734
    34 1.711616 0.000006 0.000011 0.004557 -0.005341 -0.846911
    35 1.005908 0.000002 0.000007 -0.001614 -0.013932 -0.116814
    36 0.079434 -0.738750 -0.759723 1.102531 0.723791 -0.631551
    37 2.512460 -0.000008 -0.000008 -0.000002 -0.000001 0.359163
    38 1.249973 0.429699 -0.140631 0.024560 0.000801 1.034386
    39 -6.542713 -14.938159 -8.042959 1.602373 0.097415 -3.161747
    40 0.000001 3.761717 -1.204106 0.000000 0.000000 0.000000
    41 0.000001 3.761716 -2.197272 0.000000 0.000000 0.000000
    42 0.000001 1.420890 -5.835940 -0.002533 0.000360 0.000000
    43 -0.000751 -0.003515 -1.549599 0.000000 0.000000 0.000003
  time 51
    0 0.000005 -2.660156 -9.640625 -1.570760 -1.391893 -1.570827
    1 2.033348 1.000767 1.937659 1.992813 -1.261632 2.563666
    2 6.028141 0.000005 0.000002 -0.695193 -1.078721 -1.664507
    3 11.692560 0.000013 -0.000006 -0.116126 0.232118 -1.197780
    4 11.481678 0.000006 -0.000039 -0.074188 0.082349 0.793895
    5 3.281562 0.002118 -1.379481 0.088610 -0.218818 -1.316260
    6 1.324282 -0.000013 0.000002 0.000000 -0.039948 -0.506572
    7 0.815305 -0.000006 -0.000001 0.000001 -0.000003 -0.489949
    8 3.711852 0.109255 -0.568167 -0.010655 -0.334189 -1.248330
    9 1.609408 0.000008 -0.000006 -0.000002 0.019205 -0.392338
    10 0.993192 -0.000006 0.000002 0.001476 0.002258 -0.454048
    11 3.786029 0.203227 0.247844 -0.064689 -0.347986 -0.989399
    12 1.684422 -0.000010 0.000009 0.000002 -0.024459 -0.485847
    13 1.252153 -0.000006 0.000003 0.001614 -0.003333 -0.376938
    14 3.594221 0.299551 1.113710 -0.066151 -0.306484 -0.748790
    15 1.719431 0.000000 -0.000006 -0.000004 0.000568 -0.270969
    16 1.005919 0.000000 0.000004 0.000005 0.000018 -0.518317
    17 0.298218 -0.634092 0.426701 -1.113619 -1.010750 -0.715085
    18 2.637462 0.000002 -0.000006 -0.000002 -0.083306 0.406599
    19 1.308570 0.000001 -0.000004 0.003058 0.010965 0.247170
    20 2.033356 1.000772 -1.937610 -0.128177 0.172990 -2.038336
    21 6.028142 0.000001 -0.000001 -0.564425 1.310552 -2.296798
    22 11.692555 0.000031 0.000001 0.032850 -0.025959 -1.819530
    23 11.481703 0.000105 0.000003 -0.565880 -0.620277 0.995579
    24 2.914335 -0.023167 1.404053 -0.002374 0.009105 -1.340561
    25 1.285218 0.000000 -0.000001 0.000002 0.031611 -0.484969
    26 0.842651 0.000002 0.000000 -0.049553 0.043777 -0.974485
    27 3.368059 0.007375 0.622456 0.028206 0.001622 -1.454663
    28 1.610352 -0.000006 0.000001 -0.000007 0.094857 -0.602665
    29 1.020535 -0.000004 -0.000002 0.012247 -0.013086 -1.191919
    30 3.555524 0.023917 -0.204473 -0.028954 0.012885 -1.480999
    31 1.666992 0.000000 0.000000 -0.000010 0.148680 -0.670364
    32 1.240436 0.000002 0.000006 0.000002 -0.000011 -1.488674
    33 3.449664 0.054213 -1.089087 0.056521 0.356750 -0.337584
    34 1.711616 0.000006 0.000011 0.004569 -0.005281 -0.846712
    35 1.005908 0.000002 0.000007 -0.001638 -0.013908 -0.115417
    36 0.079434 -0.738750 -0.759723 1.102531 0.723791 -0.631551
    37 2.512460 -0.000008 -0.000008 -0.000002 -0.000001 0.359163
    38 1.249973 0.429699 -0.140631 0.024560 0.000801 1.034386
    39 -6.550525 -14.914721 -8.132805 1.588045 0.083656 -3.158632
    40 0.000001 3.761717 -1.204106 0.000000 0.000000 0.000000
    41 0.000001 3.761716 -2.197272 0.000000 0.000000 0.000000
    42 0.000001 1.420890 -5.835940 -0.002446 0.000324 0.000000
    43 -0.000751 -0.003515 -1.549599 0.000000 0.000000 0.000003
  time 52
    0 0.000005 -2.660156 -9.640625 -1.570760 -1.391893 -1.570827
    1 2.033348 1.000767 1.937659 1.915091 -1.270418 2.637783
    2 6.028141 0.000005 0.000002 -0.651891 -1.074115 -1.701555
    3 11.692560 0.000013 -0.000006 -0.114496 0.231470 -1.190659
    4 11.481678 0.000006 -0.000039 -0.078621 -0.136840 0.943546
    5 3.281562 0.002118 -1.379481 0.087076 -0.218123 -1.295937
    6 1.324282 -0.000013 0.000002 0.000000 -0.041338 -0.508848
    7 0.815305 -0.000006 -0.000001 0.000001 -0.000003 -0.492893
    8 3.711852 0.109255 -0.568167 -0.013114 -0.328508 -1.232632
    9 1.609408 0.000008 -0.000006 -0.000002 0.018654 -0.404858
    10 0.993192 -0.000006 0.000002 0.001535 0.002414 -0.463018
    11 3.786029 0.203227 0.247844 -0.064852 -0.340303 -0.987063
    12 1.684422 -0.000010 0.000009 0.000002 -0.023393 -0.493691
    13 1.252153 -0.000006 0.000003 0.001417 -0.003057 -0.390901
    14 3.594221 0.299551 1.109804 -0.065995 -0.300072 -0.749389
    15 1.719431 0.000000 -0.000006 -0.000004 0.000544 -0.285458
    16 1.005919 0.000000 0.000004 0.000005 0.000018 -0.531338
    17 0.298218 -0.634092 0.426701 -1.139538 -0.999547 -0.691368
    18 2.637462 0.000002 -0.000006 -0.000002 -0.083630 0.405674
    19 1.308570 0.000001 -0.000004 0.002531 0.009551 0.254282
    20 2.033356 1.000772 -1.937610 -0.128177 0.172990 -2.038336
    21 6.028142 0.000001 -0.000001 -0.575087 1.315206 -2.311728
    22 11.692555 0.000031 0.000001 0.055153 -0.043336 -1.815460
    23 11.481703 0.000105 0.000003 -0.564261 -0.598930 0.989292
    24 2.914335 -0.023167 1.404053 -0.002374 0.009105 -1.340561
    25 1.285218 0.000000 -0.000001 0.000002 0.031611 -0.484969
    26 0.842651 0.000002 0.000000 -0.049553 0.043777 -0.974485
    27 3.368059 0.007375 0.622456 0.028206 0.001622 -1.454663
    28 1.610352 -0.000006 0.000001 -0.000007 0.094857 -0.602665
    29 1.020535 -0.000004 -0.000002 0.012247 -0.013086 -1.191919
    30 3.555524 0.023917 -0.204473 -0.028954 0.012885 -1.480999
    31 1.666992 0.000000 0.000000 -0.000010 0.148680 -0.670364
    32 1.240436 0.000002 0.000006 0.000002 -0.000011 -1.488674
    33 3.449664 0.054213 -1.089087 0.056546 0.356942 -0.337434
    34 1.711616 0.000006 0.000011 0.004569 -0.005209 -0.846563
    35 1.005908 0.000002 0.000007 -0.001674 -0.013896 -0.114021
    36 0.079434 -0.738750 -0.759723 1.105863 0.721260 -0.628123
    37 2.508554 -0.000008 -0.000008 -0.000002 -0.000001 0.359163
    38 1.249973 0.425792 -0.140631 0.024776 0.000717 1.036286
    39 -6.550525 -14.977223 -8.234371 1.587383 0.080988 -3.158165
    40 0.000001 3.761717 -1.204106 0.000000 0.000000 0.000000
    41 0.000001 3.761716 -2.197272 0.000000 0.000000 0.000000
    42 0.000001 1.420890 -5.835940 -0.002359 0.000324 0.000000
    43 -0.000751 -0.003515 -1.549599 0.000000 0.000000 0.000003
  time 53
    0 0.000005 -2.660156 -9.640625 -1.570760 -1.391893 -1.570827
    1 2.033348 1.000767 1.937659 1.786516 -1.280543 2.760811
    2 6.028141 0.000005 0.000002 -0.580733 -1.062373 -1.762387
    3 11.692560 0.000013 -0.000006 -0.112171 0.230572 -1.180475
    4 11.481678 0.000006 -0.000039 -0.116250 -0.313852 1.040102
    5 3.285469 0.002118 -1.383387 0.082232 -0.215825 -1.231952
    6 1.324282 -0.000013 0.000002 0.000000 -0.045700 -0.516118
    7 0.815305 -0.000006 -0.000001 0.000001 -0.000003 -0.502183
    8 3.711852 0.105348 -0.568167 -0.020550 -0.310354 -1.183530
    9 1.609408 0.000008 -0.000006 -0.000002 0.016928 -0.444572
    10 0.993192 -0.000006 0.000002 0.001732 0.002869 -0.491475
    11 3.786029 0.203227 0.243937 -0.065179 -0.316071 -0.980091
    12 1.684422 -0.000010 0.000009 0.000002 -0.020013 -0.518530
    13 1.252153 -0.000006 0.000003 0.000846 -0.002182 -0.435107
    14 3.594221 0.299551 1.109804 -0.065391 -0.279962 -0.751559
    15 1.719431 0.000000 -0.000006 -0.000004 0.000496 -0.331305
    16 1.005919 0.000000 0.000004 0.000005 0.000018 -0.572396
    17 0.298218 -0.634092 0.426701 -1.214863 -0.962050 -0.622651
    18 2.637462 0.000002 -0.000006 -0.000002 -0.084696 0.402758
    19 1.308570 0.000001 -0.000004 0.000817 0.005056 0.276813
    20 2.033356 1.000772 -1.937610 -0.128177 0.172990 -2.038336
    21 6.028142 0.000001 -0.000001 -0.532357 1.289434 -2.254693
    22 11.692555 0.000031 0.000001 0.048801 -0.038111 -1.800434
    23 11.481703 0.000105 0.000003 -0.592708 -0.577996 0.989233
    24 2.914335 -0.023167 1.404053 -0.002374 0.009105 -1.340561
    25 1.285218 0.000000 -0.000001 0.000002 0.031611 -0.484969
    26 0.842651 0.000002 0.000000 -0.049553 0.043777 -0.974485
    27 3.368059 0.007375 0.622456 0.028206 0.001622 -1.454663
    28 1.610352 -0.000006 0.000001 -0.000007 0.094857 -0.602665
    29 1.020535 -0.000004 -0.000002 0.012247 -0.013086 -1.191919
    30 3.555524 0.023917 -0.204473 -0.028954 0.012897 -1.480999
    31 1.666992 0.000000 0.000000 -0.000010 0.148680 -0.670364
    32 1.240436 0.000002 0.000006 0.000002 -0.000011 -1.488674
    33 3.449664 0.054213 -1.089087 0.056559 0.357121 -0.337283
    34 1.711616 0.000006 0.000011 0.004581 -0.005149 -0.846314
    35 1.005908 0.000002 0.000007 -0.001710 -0.013872 -0.112624
    36 0.079434 -0.738750 -0.755817 1.116253 0.713221 -0.617367
    37 2.512460 -0.000008 -0.000008 -0.000002 -0.000001 0.359163
    38 1.249973 0.425792 -0.144538 0.025507 0.000429 1.042228
    39 -6.550525 -15.184260 -8.554693 1.585241 0.072451 -3.156529
    40 0.000001 3.761717 -1.204106 0.000000 0.000000 0.000000
    41 0.000001 3.761716 -2.197272 0.000000 0.000000 0.000000
    42 0.000001 1.420890 -5.835940 -0.002096 0.000288 0.000000
    43 -0.000751 -0.003515 -1.549599 0.000000 0.000000 0.000003
  time 54
    0 0.000005 -2.660156 -9.640625 -1.570760 -1.391893 -1.570827
    1 2.033348 1.000767 1.937659 1.610253 -1.286446 2.929859
    2 6.028141 0.000005 0.000002 -0.494034 -1.041690 -1.832031
    3 11.692560 0.000013 -0.000006 -0.109906 0.229649 -1.170539
    4 11.481678 0.000006 -0.000039 -0.209332 -0.422187 1.061049
    5 3.281562 0.002118 -1.379481 0.072195 -0.210679 -1.116278
    6 1.324282 -0.000013 0.000002 0.000000 -0.053562 -0.529117
    7 0.815305 -0.000006 -0.000001 0.000001 -0.000003 -0.518855
    8 3.711852 0.109255 -0.568167 -0.034133 -0.276680 -1.095371
    9 1.609408 0.000008 -0.000006 -0.000002 0.013848 -0.515715
    10 0.993192 -0.000006 0.000002 0.002027 0.003696 -0.542468
    11 3.786029 0.203227 0.247844 -0.066377 -0.272291 -0.966758
    12 1.684422 -0.000010 0.000009 0.000002 -0.013949 -0.563046
    13 1.252153 -0.000006 0.000003 -0.000197 -0.000636 -0.514420
    14 3.594221 0.299551 1.109804 -0.064821 -0.243481 -0.754552
    15 1.719431 0.000000 -0.000006 -0.000004 0.000400 -0.413375
    16 1.005919 0.000000 0.000004 0.000005 0.000018 -0.646097
    17 0.298218 -0.634092 0.426701 -1.327866 -0.887225 -0.518244
    18 2.637462 0.000002 -0.000006 -0.000002 -0.086626 0.397472
    19 1.304664 0.000001 -0.000004 -0.002179 -0.002949 0.317186
    20 2.033356 1.000772 -1.937610 -0.128177 0.172990 -2.038336
    21 6.028142 0.000001 -0.000001 -0.477779 1.244740 -2.179458
    22 11.692555 0.000031 0.000001 0.041383 -0.034072 -1.770537
    23 11.481703 0.000105 0.000003 -0.639886 -0.539496 0.983298
    24 2.914335 -0.023167 1.400147 -0.002374 0.009105 -1.340561
    25 1.285218 0.000000 -0.000001 0.000002 0.031611 -0.484969
    26 0.842651 0.000002 0.000000 -0.049553 0.043777 -0.974485
    27 3.368059 0.007375 0.618550 0.028206 0.001622 -1.454663
    28 1.610352 -0.000006 0.000001 -0.000007 0.094857 -0.602665
    29 1.020535 -0.000004 -0.000002 0.012247 -0.013086 -1.191919
    30 3.555524 0.023917 -0.204473 -0.028954 0.012885 -1.480999
    31 1.666992 0.000000 0.000000 -0.000010 0.148680 -0.670364
    32 1.240436 0.000002 0.000006 0.000002 -0.000011 -1.488674
    33 3.449664 0.054213 -1.089087 0.056559 0.357325 -0.337133
    34 1.711616 0.000006 0.000011 0.004593 -0.005077 -0.846165
    35 1.005908 0.000002 0.000007 -0.001746 -0.013848 -0.111173
    36 0.079434 -0.738750 -0.759723 1.134350 0.698582 -0.598518
    37 2.512460 -0.000008 -0.000008 -0.000002 -0.000001 0.359163
    38 1.249973 0.425792 -0.152350 0.026837 -0.000122 1.052894
    39 -6.558338 -15.559272 -9.144555 1.581387 0.057129 -3.153726
    40 0.000001 3.761717 -1.204106 0.000000 0.000000 0.000000
    41 0.000001 3.761716 -2.197272 0.000000 0.000000 0.000000
    42 0.000001 1.420890 -5.835940 -0.001660 0.000216 0.000000
    43 -0.000751 -0.003515 -1.549599 0.000000 0.000000 0.000003
  time 55
    0 0.000005 -2.660156 -9.640625 -1.570760 -1.391893 -1.570827
    1 2.033348 1.000767 1.937659 1.400104 -1.282396 3.131553
    2 6.028141 0.000005 0.000002 -0.407241 -1.011207 -1.890588
    3 11.692560 0.000013 -0.000006 -0.109678 0.229553 -1.169463
    4 11.481678 0.000006 -0.000039 -0.363808 -0.519312 1.060121
    5 3.281562 0.006024 -1.383387 0.055064 -0.200347 -0.937640
    6 1.324282 -0.000013 0.000002 0.000000 -0.065727 -0.549177
    7 0.815305 -0.000006 -0.000001 0.000001 -0.000003 -0.544693
    8 3.711852 0.109255 -0.568167 -0.054061 -0.222356 -0.961124
    9 1.609408 0.000008 -0.000006 -0.000002 0.009042 -0.625731
    10 0.993192 -0.000006 0.000002 0.002519 0.004991 -0.621329
    11 3.786029 0.203227 0.243937 -0.068265 -0.204518 -0.946525
    12 1.684422 -0.000010 0.000009 0.000002 -0.004565 -0.631897
    13 1.252153 -0.000006 0.000003 -0.001850 0.001761 -0.637003
    14 3.594221 0.299551 1.109804 -0.064044 -0.187069 -0.759303
    15 1.719431 0.000000 -0.000006 -0.000004 0.000244 -0.540510
    16 1.005919 0.000000 0.000004 0.000005 0.000018 -0.760057
    17 0.298218 -0.634092 0.426701 -1.456403 -0.758605 -0.396637
    18 2.637462 0.000002 -0.000006 -0.000002 -0.089574 0.389294
    19 1.308570 0.000001 -0.000004 -0.006877 -0.015401 0.379600
    20 2.033356 1.000772 -1.937610 -0.128177 0.172990 -2.038336
    21 6.028142 0.000001 -0.000001 -0.436628 1.184679 -2.112777
    22 11.692555 0.000031 0.000001 0.043216 -0.037488 -1.718021
    23 11.481703 0.000105 0.000003 -0.701855 -0.475074 0.962263
    24 2.914335 -0.023167 1.404053 -0.002374 0.009105 -1.340561
    25 1.285218 0.000000 -0.000001 0.000002 0.031611 -0.484969
    26 0.842651 0.000002 0.000000 -0.049553 0.043777 -0.974485
    27 3.368059 0.007375 0.618550 0.028206 0.001622 -1.454663
    28 1.610352 -0.000006 0.000001 -0.000007 0.094857 -0.602665
    29 1.020535 -0.000004 -0.000002 0.012247 -0.013086 -1.191919
    30 3.555524 0.023917 -0.200566 -0.028954 0.012885 -1.480999
    31 1.666992 0.000000 0.000000 -0.000010 0.148680 -0.670364
    32 1.240436 0.000002 0.000006 0.000002 -0.000011 -1.488674
    33 3.449664 0.054213 -1.089087 0.056584 0.357517 -0.336932
    34 1.711616 0.000006 0.000011 0.004593 -0.005005 -0.845966
    35 1.005908 0.000002 0.000007 -0.001782 -0.013824 -0.109749
    36 0.079434 -0.738750 -0.755817 1.160956 0.675360 -0.570473
    37 2.512460 -0.000008 -0.000008 -0.000002 -0.000001 0.359163
    38 1.249973 0.417980 -0.156257 0.029019 -0.001152 1.069331
    39 -6.562244 -16.137414 -10.050833 1.575313 0.033460 -3.149365
    40 0.000001 3.761717 -1.204106 0.000000 0.000000 0.000000
    41 0.000001 3.761716 -2.197272 0.000000 0.000000 0.000000
    42 0.000001 1.420890 -5.835940 -0.001048 0.000144 0.000000
    43 -0.000751 -0.003515 -1.549599 0.000000 0.000000 0.000003
  time 56
    0 0.000005 -2.660156 -9.640625 -1.570760 -1.391893 -1.570827
    1 2.033348 1.000767 1.937659 1.181748 -1.264378 3.340415
    2 6.028141 0.000005 0.000002 -0.339115 -0.971014 -1.906696
    3 11.692560 0.000013 -0.000006 -0.116210 0.232130 -1.198111
    4 11.481678 0.000006 -0.000039 -0.588828 -0.625413 1.013758
    5 3.281562 0.002118 -1.379481 0.026302 -0.178684 -0.663745
    6 1.324282 -0.000013 0.000002 0.000000 -0.084470 -0.580169
    7 0.815305 -0.000006 -0.000001 0.000001 -0.000003 -0.584507
    8 3.711852 0.105348 -0.568167 -0.081664 -0.134120 -0.759471
    9 1.609408 0.000008 -0.000006 -0.000002 0.001672 -0.795538
    10 0.993192 -0.000006 0.000002 0.003266 0.006968 -0.743021
    11 3.786029 0.203227 0.247844 -0.071007 -0.100276 -0.916805
    12 1.684422 -0.000010 0.000009 0.000002 0.009864 -0.738124
    13 1.252153 -0.000006 0.000003 -0.004388 0.005452 -0.826185
    14 3.594221 0.299551 1.109804 -0.062732 -0.100505 -0.767421
    15 1.719431 0.000000 -0.000006 -0.000004 0.000016 -0.736654
    16 1.005919 0.000000 0.000004 0.000005 0.000018 -0.935893
    17 0.298218 -0.634092 0.426701 -1.578283 -0.542484 -0.269844
    18 2.633555 0.000002 -0.000006 -0.000002 -0.094140 0.376730
    19 1.308570 0.000001 -0.000004 -0.014140 -0.034601 0.475949
    20 2.033356 1.000772 -1.937610 -0.128177 0.172990 -2.038336
    21 6.028142 0.000001 -0.000001 -0.414038 1.095291 -2.057923
    22 11.692555 0.000031 0.000001 0.043971 -0.041862 -1.621130
    23 11.481703 0.000105 0.000003 -0.789788 -0.385111 0.914256
    24 2.910429 -0.023167 1.404053 -0.002460 0.009417 -1.340422
    25 1.285218 0.000000 -0.000001 0.000002 0.031611 -0.484969
    26 0.838745 0.000002 0.000000 -0.049553 0.043777 -0.974485
    27 3.364152 0.007375 0.626362 0.028086 0.001922 -1.454584
    28 1.610352 -0.000006 0.000001 -0.000007 0.094857 -0.602665
    29 1.020535 -0.000004 -0.000002 0.012247 -0.013086 -1.191919
    30 3.551618 0.027823 -0.200566 -0.029086 0.013185 -1.480863
    31 1.666992 0.000000 0.000000 -0.000010 0.148680 -0.670364
    32 1.240436 0.000002 0.000006 0.000002 -0.000011 -1.488635
    33 3.449664 0.054213 -1.085181 0.056835 0.357972 -0.336581
    34 1.711616 0.000006 0.000011 0.004605 -0.004933 -0.845767
    35 1.005908 0.000002 0.000007 -0.001818 -0.013800 -0.108243
    36 0.079434 -0.734843 -0.759723 1.199115 0.638620 -0.529392
    37 2.512460 -0.000008 -0.000008 -0.000002 -0.000001 0.359163
    38 1.249973 0.414073 -0.167976 0.032626 -0.003094 1.094657
    39 -6.566151 -17.024160 -11.457126 1.565502 -0.003053 -3.142668
    40 0.000001 3.761717 -1.204106 0.000000 0.000000 0.000000
    41 0.000001 3.761716 -2.197272 0.000000 0.000000 0.000000
    42 0.000001 1.420890 -5.835940 0.000000 0.000000 0.000000
    43 -0.000751 -0.003515 -1.549599 0.000000 0.000000 0.000003
  time 57
    0 0.000005 -2.660156 -9.640625 -1.570760 -1.391893 -1.570827
    1 2.033348 1.000767 1.937659 0.982237 -1.231945 3.529698
    2 6.028141 0.000005 0.000002 -0.269756 -0.921744 -1.991690
    3 11.692560 0.000013 -0.000006 -0.129333 0.236720 -1.254580
    4 11.481678 0.000006 -0.000039 -0.214141 -0.821615 0.837705
    5 3.281562 0.002118 -1.383387 0.063486 -0.211493 -1.021670
    6 1.324282 -0.000013 0.000002 0.000000 -0.097450 -0.940727
    7 0.815305 -0.000006 -0.000001 0.000001 -0.000003 -0.870671
    8 3.711852 0.109255 -0.568167 -0.025071 -0.154060 -1.153327
    9 1.609408 0.000008 -0.000006 -0.000002 0.013345 -1.143875
    10 0.993192 -0.000006 0.000002 0.003620 0.011882 -1.025929
    11 3.786029 0.203227 0.247844 -0.036695 -0.109276 -1.206177
    12 1.684422 -0.000010 0.000009 0.000002 0.016780 -1.137490
    13 1.252153 -0.000006 0.000003 -0.009406 0.008999 -1.082905
    14 3.594221 0.299551 1.109804 -0.016818 -0.117355 -1.184903
    15 1.719431 0.000000 -0.000006 -0.000004 0.000016 -1.123603
    16 1.005919 0.000000 0.000004 0.000005 0.000018 -1.264444
    17 0.298218 -0.634092 0.426701 -1.514873 -0.516745 -0.404841
    18 2.637462 0.000002 -0.000006 -0.000002 -0.163195 0.589888
    19 1.308570 0.000001 -0.000004 -0.045180 -0.079423 0.733390
    20 2.033356 1.000772 -1.937610 -0.128177 0.172990 -2.038336
    21 6.028142 0.000001 -0.000001 -0.400058 1.076588 -2.035109
    22 11.692555 0.000031 0.000001 0.044199 -0.042809 -1.605868
    23 11.481703 0.000105 0.000003 -0.757670 -0.409159 0.949042
    24 2.910429 -0.023167 1.396240 -0.002374 0.009105 -1.340561
    25 1.285218 0.000000 -0.000001 0.000002 0.031596 -0.484969
    26 0.842651 0.000002 0.000000 -0.049553 0.043777 -0.974485
    27 3.364152 0.007375 0.622456 0.028206 0.001622 -1.454663
    28 1.610352 -0.000006 0.000001 -0.000007 0.094857 -0.602665
    29 1.020535 -0.000004 -0.000002 0.012247 -0.013086 -1.191919
    30 3.555524 0.023917 -0.200566 -0.028954 0.012885 -1.480999
    31 1.666992 0.000000 0.000000 -0.000010 0.148680 -0.670364
    32 1.240436 0.000002 0.000006 0.000002 -0.000011 -1.488674
    33 3.449664 0.054213 -1.089087 0.056734 0.359434 -0.335378
    34 1.711616 0.000006 0.000011 0.004665 -0.004334 -0.844028
    35 1.005908 0.000002 0.000007 -0.002105 -0.013596 -0.095592
    36 0.079434 -0.734843 -0.759723 1.205095 0.631989 -0.522815
    37 2.512460 -0.000008 -0.000008 -0.000002 -0.000001 0.359163
    38 1.261692 0.386729 -0.171882 0.040188 0.023152 0.986511
    39 -6.558338 -17.090568 -11.929796 1.508501 0.055033 -3.176309
    40 0.000001 3.761717 -1.204106 0.000000 0.000000 0.000000
    41 0.000001 3.761716 -2.197272 0.000000 0.000000 -0.786367
    42 0.000001 1.420890 -5.835940 0.000000 0.000000 0.000000
    43 -0.000751 -0.003515 -1.549599 0.000000 0.000000 0.000003
  time 58
    0 0.000005 -2.660156 -9.640625 -1.570760 -1.391893 -1.570827
    1 2.033348 1.000767 1.937659 0.816292 -1.187740 3.685025
    2 6.028141 0.000005 0.000002 -0.182015 -0.878165 -2.110795
    3 11.692560 0.000013 -0.000006 -0.126253 0.235725 -1.241415
    4 11.481678 0.000006 -0.000039 0.398013 -0.854570 0.404596
    5 3.281562 0.002118 -1.383387 0.083049 -0.218713 -1.243923
    6 1.324282 -0.000013 0.000002 0.000000 -0.084375 -1.150952
    7 0.815305 -0.000006 -0.000001 0.000001 -0.000003 -1.034158
    8 3.711852 0.109255 -0.568167 0.012327 -0.153435 -1.396046
    9 1.609408 0.000008 -0.000006 -0.000002 0.020955 -1.336057
    10 0.993192 -0.000006 0.000002 0.003207 0.014710 -1.190415
    11 3.786029 0.203227 0.247844 -0.014111 -0.109984 -1.381877
    12 1.684422 -0.000010 0.000009 0.000002 0.018278 -1.356414
    13 1.252153 -0.000006 0.000003 -0.012672 0.010426 -1.231583
    14 3.594221 0.299551 1.109804 0.012347 -0.117906 -1.432047
    15 1.719431 0.000000 -0.000006 -0.000004 0.000016 -1.340937
    16 1.005919 0.000000 0.000004 0.000005 0.000018 -1.445728
    17 0.298218 -0.634092 0.426701 -1.481754 -0.508560 -0.474723
    18 2.637462 0.000002 -0.000006 -0.000002 -0.191910 0.697606
    19 1.308570 0.000001 -0.000004 -0.065889 -0.099413 0.869775
    20 2.033356 1.000772 -1.937610 -0.128177 0.172990 -2.038336
    21 6.028142 0.000001 -0.000001 -0.438918 1.083085 -2.084008
    22 11.692555 0.000031 0.000001 0.029254 -0.028164 -1.610877
    23 11.481703 0.000105 0.000003 -0.671518 -0.458778 0.958149
    24 2.914335 -0.023167 1.404053 -0.002374 0.009105 -1.340561
    25 1.285218 0.000000 -0.000001 0.000002 0.031611 -0.484969
    26 0.842651 0.000002 0.000000 -0.049553 0.043777 -0.974485
    27 3.368059 0.007375 0.622456 0.028206 0.001622 -1.454663
    28 1.610352 -0.000006 0.000001 -0.000007 0.094857 -0.602665
    29 1.020535 -0.000004 -0.000002 0.012247 -0.013086 -1.191919
    30 3.555524 0.023917 -0.200566 -0.028954 0.012885 -1.480999
    31 1.666992 0.000000 0.000000 -0.000010 0.148680 -0.670364
    32 1.240436 0.000002 0.000006 0.000002 -0.000011 -1.488674
    33 3.449664 0.054213 -1.089087 0.056873 0.360885 -0.334175
    34 1.711616 0.000006 0.000011 0.004725 -0.003819 -0.842537
    35 1.005908 0.000002 0.000007 -0.002369 -0.013416 -0.084830
    36 0.079434 -0.738750 -0.759723 1.209517 0.627377 -0.517885
    37 2.512460 -0.000008 -0.000008 -0.000002 -0.000001 0.359163
    38 1.292943 0.269538 -0.171882 0.047115 0.072397 0.728771
    39 -6.417709 -17.106194 -11.320403 1.510798 0.131375 -3.195387
    40 0.000001 3.761717 -1.204106 0.000000 0.000000 0.000000
    41 0.000001 3.761716 -2.197272 0.000000 0.000000 -1.345500
    42 0.000001 1.420890 -5.835940 0.000000 0.000000 0.000000
    43 -0.000751 -0.003515 -1.549599 0.000000 0.000000 0.000003
  time 59
    0 0.000005 -2.660156 -9.640625 -1.570760 -1.391893 -1.570827
    1 2.033348 1.000767 1.937659 0.685608 -1.136019 3.805008
    2 6.028141 0.000005 0.000002 -0.086126 -0.824243 -2.217392
    3 11.692560 0.000013 -0.000006 -0.113549 0.231027 -1.186520
    4 11.481678 0.000006 -0.000039 0.598418 -0.694373 0.083883
    5 3.281562 0.002118 -1.383387 0.089570 -0.218818 -1.332546
    6 1.324282 -0.000013 0.000002 0.000000 -0.074511 -1.205456
    7 0.815305 -0.000006 -0.000001 0.000001 -0.000003 -1.072769
    8 3.711852 0.105348 -0.568167 0.026009 -0.150826 -1.486339
    9 1.609408 0.000008 -0.000006 -0.000002 0.023244 -1.383181
    10 0.993192 -0.000006 0.000002 0.003050 0.015213 -1.220416
    11 3.786029 0.203227 0.243937 -0.004725 -0.109360 -1.455011
    12 1.684422 -0.000010 0.000009 0.000002 0.017954 -1.407701
    13 1.252153 -0.000006 0.000003 -0.013282 0.010641 -1.258437
    14 3.590314 0.299551 1.109804 0.022051 -0.116636 -1.516561
    15 1.719431 0.000000 -0.000006 -0.000004 0.000016 -1.397396
    16 1.005919 0.000000 0.000004 0.000005 0.000018 -1.485368
    17 0.298218 -0.634092 0.426701 -1.472744 -0.519498 -0.484635
    18 2.637462 0.000002 -0.000006 -0.000002 -0.188423 0.692461
    19 1.308570 0.000001 -0.000004 -0.066273 -0.099725 0.872012
    20 2.033356 1.000772 -1.937610 -0.128177 0.172990 -2.038336
    21 6.028142 0.000001 -0.000001 -0.471934 1.120184 -2.137101
    22 11.692555 0.000031 0.000001 0.046464 -0.043564 -1.634278
    23 11.481703 0.000105 0.000003 -0.609280 -0.437303 0.919721
    24 2.914335 -0.027074 1.400147 -0.002374 0.009105 -1.340561
    25 1.285218 0.000000 -0.000001 0.000002 0.031611 -0.484969
    26 0.842651 0.000002 0.000000 -0.049553 0.043777 -0.974485
    27 3.368059 0.007375 0.622456 0.028206 0.001622 -1.454663
    28 1.610352 -0.000006 0.000001 -0.000007 0.094857 -0.602665
    29 1.020535 -0.000004 -0.000002 0.012247 -0.013086 -1.191919
    30 3.555524 0.023917 -0.200566 -0.028954 0.012885 -1.480999
    31 1.666992 0.000000 0.000000 -0.000010 0.148680 -0.670364
    32 1.240436 0.000002 0.000006 0.000002 -0.000011 -1.488635
    33 3.449664 0.054213 -1.089087 0.056961 0.362119 -0.333122
    34 1.711616 0.000006 0.000011 0.004761 -0.003387 -0.841294
    35 1.005908 0.000002 0.000007 -0.002585 -0.013272 -0.075711
    36 0.079434 -0.738750 -0.755817 1.211830 0.624910 -0.515310
    37 2.512460 -0.000008 -0.000008 -0.000002 -0.000001 0.359163
    38 1.320287 0.066406 -0.171882 0.045006 0.118142 0.414877
    39 -6.359113 -17.000722 -10.554754 1.576014 0.148069 -3.179735
    40 0.000001 3.761717 0.342816 0.000000 0.000000 0.000000
    41 0.000001 3.761716 -0.650350 0.000000 0.000000 -1.412148
    42 0.000001 1.420890 -5.835940 0.000000 0.000000 0.000000
    43 -0.000751 -0.003515 -1.549599 0.000000 0.000000 0.000003
  time 60
    0 0.000005 -2.660156 -9.640625 -1.570760 -1.391893 -1.570827
    1 2.033348 1.000767 1.937659 0.585142 -1.080969 3.894966
    2 6.028141 0.000005 0.000002 -0.041024 -0.771587 -2.262495
    3 11.692560 0.000013 -0.000006 -0.117456 0.232717 -1.204570
    4 11.481678 0.000006 -0.000039 0.770530 -0.524740 -0.178106
    5 3.281562 0.006024 -1.383387 0.095498 -0.217138 -1.413745
    6 1.324282 -0.000013 0.000002 0.000000 -0.064348 -1.246413
    7 0.815305 -0.000006 -0.000001 0.000001 -0.000003 -1.098773
    8 3.711852 0.109255 -0.568167 0.038522 -0.146968 -1.567245
    9 1.609408 0.000008 -0.000006 -0.000002 0.025030 -1.416251
    10 0.993192 -0.000006 0.000002 0.002971 0.015513 -1.238320
    11 3.786029 0.207133 0.243937 0.004552 -0.107826 -1.523581
    12 1.684422 -0.000010 0.000009 0.000002 0.017367 -1.442026
    13 1.252153 -0.000006 0.000003 -0.013636 0.010749 -1.274451
    14 3.594221 0.303457 1.109804 0.030754 -0.114455 -1.589440
    15 1.719431 0.000000 -0.000006 -0.000004 0.000016 -1.438074
    16 1.005919 0.000000 0.000004 0.000005 0.000018 -1.509374
    17 0.298218 -0.630186 0.422794 -1.463246 -0.531787 -0.494547
    18 2.637462 0.000002 -0.000006 -0.000002 -0.184720 0.685137
    19 1.308570 0.000001 -0.000004 -0.066261 -0.099713 0.871951
    20 2.033356 1.000772 -1.937610 -0.128177 0.172990 -2.038336
    21 6.028142 0.000001 -0.000001 -0.396583 1.149556 -2.054065
    22 11.692555 0.000031 0.000001 0.035307 -0.030920 -1.709568
    23 11.481703 0.000105 0.000003 -0.620777 -0.401979 0.920132
    24 2.914335 -0.027074 1.404053 -0.002603 0.009357 -1.340672
    25 1.285218 0.000000 -0.000001 0.000002 0.031611 -0.484969
    26 0.842651 0.000002 0.000000 -0.049553 0.043777 -0.974485
    27 3.368059 0.007375 0.618550 0.027966 0.001850 -1.454768
    28 1.610352 -0.000006 0.000001 -0.000007 0.094857 -0.602665
    29 1.020535 -0.000004 -0.000002 0.012247 -0.013086 -1.191919
    30 3.555524 0.023917 -0.204473 -0.029218 0.013101 -1.481108
    31 1.666992 0.000000 0.000000 -0.000010 0.148680 -0.670364
    32 1.240436 0.000002 0.000006 0.000002 -0.000011 -1.488635
    33 3.449664 0.054213 -1.089087 0.057162 0.363461 -0.332370
    34 1.711616 0.000006 0.000011 0.004809 -0.003028 -0.840251
    35 1.005908 0.000002 0.000007 -0.002764 -0.013153 -0.068071
    36 0.079434 -0.734843 -0.759723 1.212513 0.624846 -0.514589
    37 2.508554 -0.000008 -0.000008 -0.000002 -0.000001 0.359163
    38 1.320287 -0.050785 -0.171882 0.041291 0.136023 0.249504
    39 -6.456772 -16.399141 -10.253964 1.638504 0.110641 -3.173739
    40 0.000001 3.761717 1.897551 0.000000 0.000000 0.000000
    41 0.000001 3.761716 0.908291 0.000000 0.000000 -1.470561
    42 0.000001 1.420890 -5.835940 0.000000 0.000000 0.000000
    43 -0.000751 -0.003515 -1.549599 0.000000 0.000000 0.000003
  time 61
    0 0.000005 -2.660156 -9.640625 -1.570760 -1.391893 -1.570827
    1 2.033348 1.000767 1.937659 0.508795 -1.026365 3.961375
    2 6.028141 0.000005 0.000002 -0.038276 -0.741103 -2.272444
    3 11.692560 0.000013 -0.000006 -0.134426 0.238290 -1.276191
    4 11.481678 0.000006 -0.000039 1.077315 -0.288382 -0.322883
    5 3.281562 0.002118 -1.379481 0.099669 -0.214788 -1.484180
    6 1.324282 -0.000013 0.000002 0.000000 -0.054593 -1.274686
    7 0.815305 -0.000006 -0.000001 0.000001 -0.000003 -1.113496
    8 3.711852 0.109255 -0.568167 0.048595 -0.143122 -1.635970
    9 1.609408 0.000008 -0.000006 -0.000002 0.026324 -1.436181
    10 0.993192 -0.000006 0.000002 0.002952 0.015645 -1.245453
    11 3.786029 0.203227 0.247844 0.012358 -0.106304 -1.584028
    12 1.684422 -0.000010 0.000009 0.000002 0.016624 -1.460563
    13 1.252153 -0.000006 0.000003 -0.013794 0.010797 -1.280741
    14 3.594221 0.299551 1.113710 0.037299 -0.112549 -1.648252
    15 1.719431 0.000000 -0.000006 -0.000004 0.000016 -1.464229
    16 1.005919 0.000000 0.000004 0.000005 0.000018 -1.519517
    17 0.298218 -0.634092 0.426701 -1.454805 -0.544729 -0.501335
    18 2.637462 0.000002 -0.000006 -0.000002 -0.180813 0.675749
    19 1.308570 0.000001 -0.000004 -0.065877 -0.099389 0.869652
    20 2.033356 1.000772 -1.937610 -0.128177 0.172990 -2.038336
    21 6.028142 0.000001 -0.000001 -0.302670 1.181343 -1.956100
    22 11.692555 0.000031 0.000001 0.065184 -0.053379 -1.768658
    23 11.481703 0.000105 0.000003 -0.668010 -0.324247 0.923657
    24 2.914335 -0.023167 1.404053 -0.002374 0.009105 -1.340561
    25 1.285218 0.000000 -0.000001 0.000002 0.031596 -0.484969
    26 0.842651 0.000002 0.000000 -0.049553 0.043777 -0.974485
    27 3.368059 0.007375 0.622456 0.028206 0.001622 -1.454663
    28 1.610352 -0.000006 0.000001 -0.000007 0.094857 -0.602665
    29 1.020535 -0.000004 -0.000002 0.012247 -0.013086 -1.191919
    30 3.555524 0.023917 -0.200566 -0.028954 0.012885 -1.480999
    31 1.666992 0.000000 0.000000 -0.000010 0.148680 -0.670364
    32 1.240436 0.000002 0.000006 0.000002 -0.000011 -1.488674
    33 3.449664 0.054213 -1.089087 0.057137 0.364001 -0.331568
    34 1.711616 0.000006 0.000011 0.004833 -0.002728 -0.839406
    35 1.005908 0.000002 0.000007 -0.002908 -0.013045 -0.061718
    36 0.079434 -0.738750 -0.755817 1.212154 0.625519 -0.514604
    37 2.508554 -0.000008 -0.000008 -0.000002 -0.000001 0.359163
    38 1.320287 -0.082036 -0.171882 0.041578 0.132500 0.234357
    39 -6.620840 -15.899126 -10.414125 1.678684 0.041426 -3.178800
    40 0.000001 3.761717 1.897551 0.000000 0.000000 0.000000
    41 0.000001 3.761716 0.908291 0.000000 0.000000 -1.520547
    42 0.000001 1.420890 -5.835940 0.000000 0.000000 0.000000
    43 -0.000751 -0.003515 -1.549599 0.000000 0.000000 0.000003
  time 62
    0 0.000005 -2.660156 -9.640625 -1.570760 -1.391893 -1.570827
    1 2.033348 1.000767 1.937659 0.451386 -0.975605 4.009708
    2 6.028141 0.000005 0.000002 -0.032591 -0.713872 -2.275381
    3 11.692560 0.000013 -0.000006 -0.148448 0.241981 -1.335226
    4 11.481678 0.000006 -0.000039 1.340434 -0.094237 -0.292651
    5 3.281562 0.002118 -1.383387 0.102980 -0.211887 -1.544824
    6 1.324282 -0.000013 0.000002 0.000000 -0.045676 -1.291162
    7 0.815305 -0.000006 -0.000001 0.000001 -0.000003 -1.118182
    8 3.711852 0.109255 -0.568167 0.057022 -0.139227 -1.693832
    9 1.609408 0.000008 -0.000006 -0.000002 0.027187 -1.443847
    10 0.993192 -0.000006 0.000002 0.002971 0.015609 -1.242879
    11 3.786029 0.203227 0.247844 0.019239 -0.104554 -1.636893
    12 1.684422 -0.000010 0.000009 0.000002 0.015797 -1.464854
    13 1.252153 -0.000006 0.000003 -0.013715 0.010773 -1.278288
    14 3.594221 0.299551 1.109804 0.042461 -0.110716 -1.694568
    15 1.719431 0.000000 -0.000006 -0.000004 0.000016 -1.476949
    16 1.005919 0.000000 0.000004 0.000005 0.000018 -1.517612
    17 0.298218 -0.634092 0.426701 -1.446588 -0.558612 -0.506958
    18 2.637462 0.000002 -0.000006 -0.000002 -0.176666 0.664465
    19 1.308570 0.000001 -0.000004 -0.065170 -0.098802 0.865268
    20 2.033356 1.000772 -1.937610 -0.128177 0.172990 -2.038336
    21 6.028142 0.000001 -0.000001 -0.317124 1.174494 -1.969352
    22 11.692555 0.000031 0.000001 0.055225 -0.045817 -1.756214
    23 11.481703 0.000105 0.000003 -0.721018 -0.285302 0.914373
    24 2.910429 -0.023167 1.400147 -0.002374 0.009105 -1.340561
    25 1.285218 0.000000 -0.000001 0.000002 0.031611 -0.484969
    26 0.838745 0.000002 0.000000 -0.049553 0.043777 -0.974485
    27 3.364152 0.007375 0.626362 0.028206 0.001622 -1.454663
    28 1.610352 -0.000006 0.000001 -0.000007 0.094857 -0.602665
    29 1.020535 -0.000004 -0.000002 0.012247 -0.013086 -1.191919
    30 3.551618 0.027823 -0.204473 -0.028954 0.012885 -1.480999
    31 1.666992 0.000000 0.000000 -0.000010 0.148680 -0.670364
    32 1.240436 0.000002 0.000006 0.000002 -0.000011 -1.488674
    33 3.449664 0.054213 -1.085181 0.057187 0.364708 -0.331016
    34 1.711616 0.000006 0.000011 0.004857 -0.002476 -0.838660
    35 1.005908 0.000002 0.000007 -0.003028 -0.012961 -0.056570
    36 0.079434 -0.734843 -0.759723 1.210931 0.627761 -0.515605
    37 2.512460 -0.000008 -0.000008 -0.000002 -0.000001 0.359163
    38 1.312475 -0.113287 -0.167976 0.042322 0.125668 0.232750
    39 -6.738031 -16.043661 -10.324278 1.713803 -0.018565 -3.184485
    40 0.000001 3.761717 1.897551 0.000000 0.000000 0.000000
    41 0.000001 3.761716 0.908291 0.000000 0.000000 -1.562201
    42 0.000001 1.420890 -5.835940 0.000000 0.000000 0.000000
    43 -0.000751 -0.003515 -1.549599 0.000000 0.000000 0.000003
  time 63
    0 0.000005 -2.660156 -9.640625 -1.570760 -1.391893 -1.570827
    1 2.033348 1.000767 1.937659 0.409292 -0.931675 4.044049
    2 6.028141 0.000005 0.000002 -0.026148 -0.679595 -2.271212
    3 11.692560 0.000013 -0.000006 -0.163105 0.244929 -1.395918
    4 11.481678 0.000006 -0.000039 1.631469 0.002818 -0.148049
    5 3.281562 0.002118 -1.379481 0.105454 -0.208893 -1.594935
    6 1.324282 -0.000013 0.000002 0.000000 -0.038030 -1.296733
    7 0.815305 -0.000006 -0.000001 0.000001 -0.000003 -1.114201
    8 3.711852 0.109255 -0.568167 0.063626 -0.135743 -1.740203
    9 1.609408 0.000008 -0.000006 -0.000002 0.027666 -1.440233
    10 0.993192 -0.000006 0.000002 0.003011 0.015405 -1.231960
    11 3.786029 0.203227 0.243937 0.024939 -0.102877 -1.680917
    12 1.684422 -0.000010 0.000009 0.000002 0.014946 -1.456138
    13 1.252153 -0.000006 0.000003 -0.013518 0.010701 -1.268162
    14 3.594221 0.299551 1.109804 0.046157 -0.109242 -1.728127
    15 1.719431 0.000000 -0.000006 -0.000004 0.000016 -1.477493
    16 1.005919 0.000000 0.000004 0.000005 0.000018 -1.505299
    17 0.298218 -0.634092 0.426701 -1.438846 -0.573292 -0.511060
    18 2.637462 0.000002 -0.000006 -0.000002 -0.172232 0.651356
    19 1.308570 0.000001 -0.000004 -0.064152 -0.097927 0.858923
    20 2.033356 1.000772 -1.937610 -0.128177 0.172990 -2.038336
    21 6.028142 0.000001 -0.000001 -0.386710 1.157503 -2.044252
    22 11.692555 0.000031 0.000001 0.043001 -0.037452 -1.709490
    23 11.481703 0.000105 0.000003 -0.749789 -0.274279 0.900859
    24 2.914335 -0.023167 1.396240 -0.002374 0.009105 -1.340561
    25 1.285218 0.000000 -0.000001 0.000002 0.031596 -0.484969
    26 0.838745 0.000002 0.000000 -0.049553 0.043777 -0.974485
    27 3.364152 0.007375 0.622456 0.028206 0.001622 -1.454663
    28 1.610352 -0.000006 0.000001 -0.000007 0.094857 -0.602665
    29 1.020535 -0.000004 -0.000002 0.012247 -0.013086 -1.191919
    30 3.555524 0.023917 -0.204473 -0.028954 0.012885 -1.480999
    31 1.666992 0.000000 0.000000 -0.000010 0.148680 -0.670364
    32 1.240436 0.000002 0.000006 0.000002 -0.000011 -1.488674
    33 3.449664 0.054213 -1.089087 0.057225 0.365259 -0.330565
    34 1.711616 0.000006 0.000011 0.004881 -0.002285 -0.838163
    35 1.005908 0.000002 0.000007 -0.003136 -0.012901 -0.052517
    36 0.079434 -0.734843 -0.763629 1.208870 0.630996 -0.517517
    37 2.508554 -0.000008 -0.000008 -0.000002 -0.000001 0.359163
    38 1.312475 -0.140631 -0.167976 0.043232 0.116057 0.243124
    39 -6.796627 -16.492894 -10.152398 1.729260 -0.047951 -3.188301
    40 0.000001 3.761717 1.897551 0.000000 0.000000 0.000000
    41 0.000001 3.761716 0.908291 0.000000 0.000000 -1.595525
    42 0.000001 1.420890 -5.835940 0.000000 0.000000 0.000000
    43 -0.000751 -0.003515 -1.549599 0.000000 0.000000 0.000003
  time 64
    0 0.000005 -2.660156 -9.640625 -1.570760 -1.391893 -1.570827
    1 2.033348 1.000767 1.937659 0.380083 -0.897251 4.067175
    2 6.028141 0.000005 0.000002 -0.025011 -0.636377 -2.268369
    3 11.692560 0.000013 -0.000006 -0.179356 0.247170 -1.462571
    4 11.481678 0.000006 -0.000039 1.959662 0.037972 0.058293
    5 3.281562 0.002118 -1.379481 0.107171 -0.206215 -1.634003
    6 1.324282 -0.000013 0.000002 0.000000 -0.031906 -1.292104
    7 0.815305 -0.000006 -0.000001 0.000001 -0.000003 -1.102796
    8 3.711852 0.109255 -0.568167 0.068504 -0.132897 -1.775021
    9 1.609408 0.000008 -0.000006 -0.000002 0.027774 -1.426253
    10 0.993192 -0.000006 0.000002 0.003109 0.015118 -1.213835
    11 3.786029 0.203227 0.243937 0.029351 -0.101427 -1.715202
    12 1.684422 -0.000010 0.000009 0.000002 0.014119 -1.435791
    13 1.252153 -0.000006 0.000003 -0.013105 0.010581 -1.251389
    14 3.594221 0.299551 1.109804 0.048436 -0.108247 -1.749152
    15 1.719431 0.000000 -0.000006 -0.000004 0.000016 -1.466882
    16 1.005919 0.000000 0.000004 0.000005 0.000018 -1.484305
    17 0.298218 -0.634092 0.426701 -1.431634 -0.588600 -0.513746
    18 2.637462 0.000002 -0.000006 -0.000002 -0.167498 0.636564
    19 1.304664 0.000001 -0.000004 -0.062845 -0.096801 0.850738
    20 2.033356 1.000772 -1.937610 -0.128177 0.172990 -2.038336
    21 6.028142 0.000001 -0.000001 -0.434258 1.155615 -2.101706
    22 11.692555 0.000031 0.000001 0.055932 -0.050024 -1.678497
    23 11.481703 0.000105 0.000003 -0.747306 -0.270149 0.893220
    24 2.914335 -0.027074 1.400147 -0.002374 0.009105 -1.340561
    25 1.285218 0.000000 -0.000001 0.000002 0.031611 -0.484969
    26 0.842651 0.000002 0.000000 -0.049553 0.043777 -0.974485
    27 3.368059 0.007375 0.618550 0.028206 0.001622 -1.454663
    28 1.610352 -0.000006 0.000001 -0.000007 0.094857 -0.602665
    29 1.020535 -0.000004 -0.000002 0.012247 -0.013086 -1.191919
    30 3.555524 0.023917 -0.204473 -0.028954 0.012885 -1.480999
    31 1.666992 0.000000 0.000000 -0.000010 0.148680 -0.670364
    32 1.240436 0.000002 0.000006 0.000002 -0.000011 -1.488674
    33 3.449664 0.054213 -1.089087 0.057275 0.365666 -0.330214
    34 1.711616 0.000006 0.000011 0.004905 -0.002141 -0.837716
    35 1.005908 0.000002 0.000007 -0.003220 -0.012841 -0.049396
    36 0.079434 -0.738750 -0.755817 1.206006 0.634968 -0.520343
    37 2.512460 -0.000008 -0.000008 -0.000002 -0.000001 0.359163
    38 1.308568 -0.167976 -0.167976 0.044011 0.104180 0.263847
    39 -6.796627 -16.766340 -10.117241 1.723498 -0.046960 -3.187833
    40 0.000001 3.761717 1.897551 0.000000 0.000000 0.000000
    41 0.000001 3.761716 0.908291 0.000000 0.000000 -1.620518
    42 0.000001 1.420890 -5.835940 0.000000 0.000000 0.000000
    43 -0.000751 -0.003515 -1.549599 0.000000 0.000000 0.000003
  time 65
    0 0.000005 -2.660156 -9.640625 -1.570760 -1.391893 -1.570827
    1 2.033348 1.000767 1.937659 0.362612 -0.874943 4.080742
    2 6.028141 0.000005 0.000002 -0.035150 -0.586565 -2.275665
    3 11.692560 0.000013 -0.000006 -0.196183 0.248393 -1.531212
    4 11.481678 0.000006 -0.000039 2.300586 -0.000162 0.296260
    5 3.281562 0.002118 -1.383387 0.108009 -0.203917 -1.661472
    6 1.324282 -0.000013 0.000002 0.000000 -0.027472 -1.278190
    7 0.815305 -0.000006 -0.000001 0.000001 -0.000003 -1.085418
    8 3.711852 0.109255 -0.568167 0.071379 -0.130749 -1.797845
    9 1.609408 0.000008 -0.000006 -0.000002 0.027571 -1.402746
    10 0.993192 -0.000006 0.000002 0.003207 0.014710 -1.189717
    11 3.786029 0.203227 0.243937 0.032074 -0.100156 -1.738777
    12 1.684422 -0.000010 0.000009 0.000002 0.013364 -1.405153
    13 1.252153 -0.000006 0.000003 -0.012613 0.010414 -1.228951
    14 3.594221 0.299551 1.109804 0.049075 -0.107648 -1.757645
    15 1.719431 0.000000 -0.000006 -0.000004 0.000016 -1.446475
    16 1.005919 0.000000 0.000004 0.000005 0.000018 -1.456535
    17 0.298218 -0.634092 0.426701 -1.424896 -0.604198 -0.515120
    18 2.637462 0.000002 -0.000006 -0.000002 -0.162392 0.620231
    19 1.308570 0.000001 -0.000004 -0.061275 -0.095410 0.840805
    20 2.033356 1.000772 -1.937610 -0.128177 0.172990 -2.038336
    21 6.028142 0.000001 -0.000001 -0.411748 1.148151 -2.071595
    22 11.692555 0.000031 0.000001 0.045470 -0.040544 -1.686089
    23 11.481703 0.000105 0.000003 -0.744769 -0.290416 0.900506
    24 2.914335 -0.023167 1.400147 -0.002374 0.009105 -1.340561
    25 1.285218 0.000000 -0.000001 0.000002 0.031596 -0.484969
    26 0.842651 0.000002 0.000000 -0.049553 0.043777 -0.974485
    27 3.368059 0.007375 0.622456 0.028206 0.001622 -1.454663
    28 1.610352 -0.000006 0.000001 -0.000007 0.094857 -0.602665
    29 1.020535 -0.000004 -0.000002 0.012247 -0.013086 -1.191919
    30 3.555524 0.023917 -0.204473 -0.028966 0.012885 -1.480999
    31 1.666992 0.000000 0.000000 -0.000010 0.148680 -0.670364
    32 1.240436 0.000002 0.000006 0.000002 0.000001 -1.488674
    33 3.449664 0.054213 -1.089087 0.057300 0.365966 -0.329964
    34 1.711616 0.000006 0.000011 0.004905 -0.002033 -0.837418
    35 1.005908 0.000002 0.000007 -0.003268 -0.012817 -0.047205
    36 0.079434 -0.738750 -0.759723 1.202362 0.639517 -0.524080
    37 2.512460 -0.000008 -0.000008 -0.000002 -0.000001 0.359141
    38 1.308568 -0.187508 -0.167976 0.044371 0.090566 0.293386
    39 -6.761469 -16.680400 -10.257870 1.707146 -0.033696 -3.184174
    40 0.000001 3.761717 1.897551 0.000000 0.000000 0.000000
    41 0.000001 3.761716 0.908291 0.000000 0.000000 -1.637180
    42 0.000001 1.420890 -5.835940 0.000000 0.000000 0.000000
    43 -0.000751 -0.003515 -1.549599 0.000000 0.000000 0.000003
  time 66
    0 0.000005 -2.660156 -9.640625 -1.570760 -1.391893 -1.570827
    1 2.033348 1.000767 1.937659 0.356651 -0.866946 4.085290
    2 6.028141 0.000005 0.000002 -0.062628 -0.538018 -2.297932
    3 11.692560 0.000013 -0.000006 -0.212398 0.248476 -1.597120
    4 11.481678 0.000006 -0.000039 2.630382 -0.097997 0.524304
    5 3.281562 0.002118 -1.379481 0.108868 -0.202907 -1.677016
    6 1.324282 -0.000013 0.000002 0.000000 -0.024847 -1.255829
    7 0.815305 -0.000006 -0.000001 0.000001 -0.000003 -1.063147
    8 3.711852 0.109255 -0.568167 0.073163 -0.129988 -1.808771
    9 1.609408 0.000008 -0.000006 -0.000002 0.027019 -1.370624
    10 0.993192 -0.000006 0.000002 0.003306 0.014219 -1.160893
    11 3.786029 0.203227 0.247844 0.033890 -0.099773 -1.750852
    12 1.684422 -0.000010 0.000009 0.000002 0.012705 -1.365632
    13 1.252153 -0.000006 0.000003 -0.012003 0.010186 -1.201830
    14 3.594221 0.299551 1.109804 0.048937 -0.108031 -1.753717
    15 1.719431 0.000000 -0.000006 -0.000004 0.000016 -1.417293
    16 1.005919 0.000000 0.000004 0.000005 0.000018 -1.423582
    17 0.298218 -0.634092 0.426701 -1.419018 -0.620954 -0.515120
    18 2.637462 0.000002 -0.000006 -0.000002 -0.156915 0.602500
    19 1.304664 0.000001 -0.000004 -0.059478 -0.093781 0.829310
    20 2.033356 1.000772 -1.937610 -0.128177 0.172990 -2.038336
    21 6.028142 0.000001 -0.000001 -0.381418 1.147624 -2.035109
    22 11.692555 0.000031 0.000001 0.044774 -0.039333 -1.701507
    23 11.481703 0.000105 0.000003 -0.732299 -0.311954 0.910201
    24 2.914335 -0.023167 1.404053 -0.002374 0.009105 -1.340561
    25 1.285218 0.000000 -0.000001 0.000002 0.031611 -0.484969
    26 0.842651 0.000002 0.000000 -0.049553 0.043777 -0.974485
    27 3.368059 0.007375 0.622456 0.028206 0.001622 -1.454663
    28 1.610352 -0.000006 0.000001 -0.000007 0.094857 -0.602665
    29 1.020535 -0.000004 -0.000002 0.012247 -0.013086 -1.191919
    30 3.555524 0.023917 -0.200566 -0.028954 0.012885 -1.480999
    31 1.666992 0.000000 0.000000 -0.000010 0.148680 -0.670364
    32 1.240436 0.000002 0.000006 0.000002 -0.000011 -1.488674
    33 3.449664 0.054213 -1.089087 0.057313 0.366158 -0.329813
    34 1.711616 0.000006 0.000011 0.004917 -0.001973 -0.837219
    35 1.005908 0.000002 0.000007 -0.003304 -0.012793 -0.045836
    36 0.079434 -0.738750 -0.755817 1.197988 0.644417 -0.528744
    37 2.508554 -0.000008 -0.000008 -0.000002 -0.000001 0.359163
    38 1.304662 -0.203133 -0.167976 0.044107 0.075753 0.330133
    39 -6.702874 -16.516332 -10.445376 1.683902 -0.011324 -3.179346
    40 0.000001 3.761717 1.897551 0.000000 0.000000 0.000000
    41 0.000001 3.761716 0.908291 0.000000 0.000000 -1.645607
    42 0.000001 1.420890 -5.835940 0.000000 0.000000 0.000000
    43 -0.000751 -0.003515 -1.549599 0.000000 0.000000 0.000003
  time 67
    0 0.000005 -2.660156 -9.640625 -1.570760 -1.391893 -1.570827
    1 2.033348 1.000767 1.937659 0.356651 -0.866946 4.085290
    2 6.028141 0.000005 0.000002 -0.041877 -0.489290 -2.340477
    3 11.692560 0.000013 -0.000006 -0.201983 0.248656 -1.554726
    4 11.481678 0.000006 -0.000039 2.934337 -0.224814 0.685966
    5 3.285469 0.002118 -1.379481 0.109460 -0.203025 -1.680171
    6 1.324282 -0.000013 0.000002 0.000000 -0.024152 -1.225830
    7 0.815305 -0.000006 -0.000001 0.000001 -0.000003 -1.037476
    8 3.715758 0.105348 -0.568167 0.073481 -0.130412 -1.807452
    9 1.609408 0.000008 -0.000006 -0.000002 0.026192 -1.330873
    10 0.993192 -0.000006 0.000002 0.003424 0.013643 -1.128503
    11 3.789935 0.203227 0.247844 0.034325 -0.100132 -1.750421
    12 1.684422 -0.000010 0.000009 0.000002 0.012177 -1.318502
    13 1.252153 -0.000006 0.000003 -0.011314 0.009910 -1.171095
    14 3.594221 0.299551 1.109804 0.047676 -0.109134 -1.737629
    15 1.719431 0.000000 -0.000006 -0.000004 0.000016 -1.380594
    16 1.005919 0.000000 0.000004 0.000005 0.000018 -1.387264
    17 0.302124 -0.634092 0.422794 -1.413905 -0.638339 -0.513871
    18 2.637462 0.000002 -0.000006 -0.000002 -0.151055 0.583488
    19 1.308570 0.000001 -0.000004 -0.057452 -0.091935 0.816312
    20 2.033356 1.000772 -1.937610 -0.128177 0.172990 -2.038336
    21 6.028142 0.000001 -0.000001 -0.354958 1.142663 -2.001392
    22 11.692555 0.000031 0.000001 0.038782 -0.033737 -1.714343
    23 11.481703 0.000105 0.000003 -0.716645 -0.341052 0.920954
    24 2.910429 -0.023167 1.400147 -0.002188 0.008817 -1.340505
    25 1.285218 0.000000 -0.000001 0.000002 0.031611 -0.484969
    26 0.842651 0.000002 0.000000 -0.049553 0.043777 -0.974485
    27 3.364152 0.007375 0.618550 0.028433 0.001358 -1.454610
    28 1.610352 -0.000006 0.000001 -0.000007 0.094857 -0.602665
    29 1.020535 -0.000004 -0.000002 0.012247 -0.013086 -1.191919
    30 3.555524 0.023917 -0.204473 -0.028738 0.012634 -1.480945
    31 1.666992 0.000000 0.000000 -0.000010 0.148680 -0.670364
    32 1.240436 0.000002 0.000006 0.000002 -0.000011 -1.488674
    33 3.449664 0.054213 -1.089087 0.057162 0.365906 -0.329763
    34 1.711616 0.000006 0.000011 0.004917 -0.001949 -0.837169
    35 1.005908 0.000002 0.000007 -0.003316 -0.012781 -0.045316
    36 0.079434 -0.734843 -0.759723 1.192811 0.649094 -0.534380
    37 2.508554 -0.000008 -0.000008 -0.000002 -0.000001 0.359163
    38 1.304662 -0.214852 -0.160163 0.043077 0.060269 0.372505
    39 -6.640372 -16.367890 -10.621163 1.657543 0.016881 -3.175063
    40 0.000001 3.761717 1.897551 0.000000 0.000000 0.000000
    41 0.000001 3.761716 0.908291 0.000000 0.000000 -1.645607
    42 0.000001 1.420890 -5.835940 0.000000 0.000000 0.000000
    43 -0.000751 -0.003515 -1.549599 0.000000 0.000000 0.000003
  time 68
    0 0.000005 -2.660156 -9.640625 -1.570760 -1.391893 -1.570827
    1 2.033348 1.000767 1.937659 0.356651 -0.866946 4.085290
    2 6.028141 0.000005 0.000002 -0.004071 -0.475606 -2.367197
    3 11.692560 0.000013 -0.000006 -0.180387 0.247290 -1.466794
    4 11.481678 0.000006 -0.000039 3.183499 -0.359896 0.745907
    5 3.281562 0.002118 -1.383387 0.108602 -0.203484 -1.669870
    6 1.324282 -0.000013 0.000002 0.000000 -0.025338 -1.189005
    7 0.815305 -0.000006 -0.000001 0.000001 -0.000003 -1.009647
    8 3.711852 0.109255 -0.568167 0.071042 -0.131349 -1.793261
    9 1.609408 0.000008 -0.000006 -0.000002 0.025078 -1.284370
    10 0.993192 -0.000006 0.000002 0.003502 0.013044 -1.093723
    11 3.786029 0.203227 0.247844 0.032020 -0.100468 -1.736297
    12 1.684422 -0.000010 0.000009 0.000002 0.011770 -1.265171
    13 1.252153 -0.000006 0.000003 -0.010586 0.009587 -1.137862
    14 3.594221 0.299551 1.109804 0.044067 -0.110092 -1.709084
    15 1.719431 0.000000 -0.000006 -0.000004 0.000016 -1.337502
    16 1.005919 0.000000 0.000004 0.000005 0.000018 -1.349217
    17 0.298218 -0.634092 0.426701 -1.409202 -0.654854 -0.511518
    18 2.637462 0.000002 -0.000006 -0.000002 -0.144739 0.563291
    19 1.308570 0.000001 -0.000004 -0.055271 -0.089838 0.801996
    20 2.033356 1.000772 -1.937610 -0.128177 0.172990 -2.038336
    21 6.028142 0.000001 -0.000001 -0.323996 1.141961 -1.964403
    22 11.692555 0.000031 0.000001 0.038746 -0.033041 -1.731091
    23 11.481703 0.000105 0.000003 -0.697051 -0.366369 0.931943
    24 2.914335 -0.023167 1.400147 -0.002374 0.009105 -1.340561
    25 1.285218 0.000000 -0.000001 0.000002 0.031611 -0.484969
    26 0.842651 0.000002 0.000000 -0.049553 0.043777 -0.974485
    27 3.368059 0.007375 0.622456 0.028206 0.001622 -1.454663
    28 1.610352 -0.000006 0.000001 -0.000007 0.094857 -0.602665
    29 1.020535 -0.000004 -0.000002 0.012247 -0.013086 -1.191919
    30 3.555524 0.023917 -0.204473 -0.028954 0.012897 -1.480999
    31 1.666992 0.000000 0.000000 -0.000010 0.148680 -0.670364
    32 1.240436 0.000002 0.000006 0.000002 -0.000011 -1.488674
    33 3.449664 0.054213 -1.089087 0.057313 0.366194 -0.329763
    34 1.711616 0.000006 0.000011 0.004917 -0.001949 -0.837169
    35 1.005908 0.000002 0.000007 -0.003316 -0.012781 -0.045480
    36 0.079434 -0.738750 -0.759723 1.187154 0.654347 -0.540942
    37 2.512460 -0.000008 -0.000008 -0.000002 -0.000001 0.359141
    38 1.304662 -0.222665 -0.160163 0.041243 0.044665 0.419041
    39 -6.573964 -16.180384 -10.800856 1.631729 0.047639 -3.172804
    40 0.000001 3.761717 1.897551 0.000000 0.000000 0.000000
    41 0.000001 3.761716 0.908291 0.000000 0.000000 -1.637180
    42 0.000001 1.420890 -5.835940 0.000000 0.000000 0.000000
    43 -0.000751 -0.003515 -1.549599 0.000000 0.000000 0.000003
  time 69
    0 0.000005 -2.660156 -9.640625 -1.570760 -1.391893 -1.570827
    1 2.033348 1.000767 1.937659 0.356651 -0.866946 4.085290
    2 6.028141 0.000005 0.000002 -0.001418 -0.464181 -2.393728
    3 11.692560 0.000013 -0.000006 -0.172837 0.246403 -1.435910
    4 11.481678 0.000006 -0.000039 3.475006 -0.500618 0.668906
    5 3.281562 0.002118 -1.383387 0.107662 -0.205322 -1.646253
    6 1.324282 -0.000013 0.000002 0.000000 -0.028407 -1.146165
    7 0.815305 -0.000006 -0.000001 0.000001 -0.000003 -0.980948
    8 3.711852 0.109255 -0.568167 0.067334 -0.133621 -1.766481
    9 1.609408 0.000008 -0.000006 -0.000002 0.023676 -1.232026
    10 0.993192 -0.000006 0.000002 0.003581 0.012445 -1.057877
    11 3.786029 0.203227 0.247844 0.028389 -0.101738 -1.707798
    12 1.684422 -0.000010 0.000009 0.000002 0.011518 -1.206979
    13 1.252153 -0.000006 0.000003 -0.009839 0.009215 -1.102978
    14 3.594221 0.299551 1.109804 0.039578 -0.111782 -1.668492
    15 1.719431 0.000000 -0.000006 -0.000004 0.000016 -1.289205
    16 1.005919 0.000000 0.000004 0.000005 0.000018 -1.311349
    17 0.298218 -0.634092 0.426701 -1.405530 -0.672166 -0.507936
    18 2.637462 0.000002 -0.000006 -0.000002 -0.137980 0.542075
    19 1.308570 0.000001 -0.000004 -0.052910 -0.087549 0.786454
    20 2.033356 1.000772 -1.937610 -0.128177 0.172990 -2.038336
    21 6.028142 0.000001 -0.000001 -0.295799 1.145605 -1.932698
    22 11.692555 0.000031 0.000001 0.045050 -0.037763 -1.747840
    23 11.481703 0.000105 0.000003 -0.673516 -0.383714 0.941109
    24 2.914335 -0.023167 1.400147 -0.002374 0.009105 -1.340561
    25 1.285218 0.000000 -0.000001 0.000002 0.031611 -0.484969
    26 0.838745 0.000002 0.000000 -0.049553 0.043777 -0.974485
    27 3.368059 0.007375 0.618550 0.028206 0.001622 -1.454663
    28 1.610352 -0.000006 0.000001 -0.000007 0.094857 -0.602665
    29 1.020535 -0.000004 -0.000002 0.012247 -0.013086 -1.191919
    30 3.555524 0.023917 -0.200566 -0.028954 0.012885 -1.480999
    31 1.666992 0.000000 0.000000 -0.000010 0.148680 -0.670364
    32 1.240436 0.000002 0.000006 0.000002 -0.000011 -1.488635
    33 3.449664 0.054213 -1.089087 0.057313 0.366086 -0.329863
    34 1.711616 0.000006 0.000011 0.004917 -0.001997 -0.837269
    35 1.005908 0.000002 0.000007 -0.003292 -0.012793 -0.046329
    36 0.079434 -0.738750 -0.759723 1.180778 0.658896 -0.548461
    37 2.512460 -0.000008 -0.000008 -0.000002 -0.000001 0.359141
    38 1.296849 -0.222665 -0.160163 0.038666 0.029480 0.468207
    39 -6.511462 -16.008504 -10.949298 1.609887 0.077406 -3.173661
    40 0.000001 3.761717 1.897551 0.000000 0.000000 0.000000
    41 0.000001 3.761716 0.908291 0.000000 0.000000 -1.620518
    42 0.000001 1.420890 -5.835940 0.000000 0.000000 0.000000
    43 -0.000751 -0.003515 -1.549599 0.000000 0.000000 0.000003
  time 70
    0 0.000005 -2.660156 -9.640625 -1.570760 -1.391893 -1.570827
    1 2.033348 1.000767 1.937659 0.356651 -0.866946 4.085290
    2 6.028141 0.000005 0.000002 0.021607 -0.467613 -2.432956
    3 11.692560 0.000013 -0.000006 -0.150270 0.242388 -1.342761
    4 11.481678 0.000006 -0.000039 3.680126 -0.564541 0.490881
    5 3.281562 0.002118 -1.379481 0.102387 -0.212477 -1.533549
    6 1.324282 -0.000013 0.000002 0.000000 -0.042716 -1.047330
    7 0.815305 -0.000006 -0.000001 0.000001 -0.000003 -0.924379
    8 3.711852 0.109255 -0.568167 0.050915 -0.142111 -1.651762
    9 1.609408 0.000008 -0.000006 -0.000002 0.020020 -1.123653
    10 0.993192 -0.000006 0.000002 0.003640 0.011318 -0.993833
    11 3.786029 0.203227 0.243937 0.013339 -0.106077 -1.591467
    12 1.684422 -0.000010 0.000009 0.000002 0.011698 -1.092572
    13 1.252153 -0.000006 0.000003 -0.008501 0.008496 -1.040036
    14 3.594221 0.299551 1.109804 0.024918 -0.115917 -1.539682
    15 1.719431 0.000000 -0.000006 -0.000004 0.000016 -1.185028
    16 1.005919 0.000000 0.000004 0.000005 0.000018 -1.245311
    17 0.298218 -0.634092 0.426701 -1.402742 -0.689526 -0.503230
    18 2.637462 0.000002 -0.000006 -0.000002 -0.130741 0.519958
    19 1.304664 0.000001 -0.000004 -0.050441 -0.085056 0.769808
    20 2.033356 1.000772 -1.937610 -0.128177 0.172990 -2.038336
    21 6.028142 0.000001 -0.000001 -0.277000 1.143234 -1.909381
    22 11.692555 0.000031 0.000001 0.040987 -0.033952 -1.758953
    23 11.481703 0.000105 0.000003 -0.654731 -0.400645 0.950276
    24 2.910429 -0.023167 1.404053 -0.002374 0.009105 -1.340561
    25 1.285218 0.000000 -0.000001 0.000002 0.031611 -0.484969
    26 0.842651 0.000002 0.000000 -0.049553 0.043777 -0.974485
    27 3.364152 0.007375 0.626362 0.028206 0.001622 -1.454663
    28 1.610352 -0.000006 0.000001 -0.000007 0.094857 -0.602665
    29 1.020535 -0.000004 -0.000002 0.012247 -0.013086 -1.191919
    30 3.551618 0.027823 -0.196660 -0.028954 0.012885 -1.480999
    31 1.666992 0.000000 0.000000 -0.000010 0.148680 -0.670364
    32 1.240436 0.000002 0.000006 0.000002 -0.000011 -1.488674
    33 3.449664 0.054213 -1.085181 0.057275 0.365870 -0.330014
    34 1.711616 0.000006 0.000011 0.004905 -0.002069 -0.837517
    35 1.005908 0.000002 0.000007 -0.003256 -0.012817 -0.047807
    36 0.079434 -0.734843 -0.755817 1.173827 0.662899 -0.556922
    37 2.512460 -0.000008 -0.000008 -0.000002 -0.000001 0.359163
    38 1.296849 -0.222665 -0.160163 0.035502 0.015183 0.518396
    39 -6.472398 -15.883500 -11.027425 1.595520 0.102675 -3.178333
    40 0.000001 3.761717 0.534228 0.000000 0.000000 0.000000
    41 0.000001 3.761716 -0.455032 0.000000 0.000000 -1.595525
    42 0.000001 1.420890 -5.835940 0.000000 0.000000 0.000000
    43 -0.000751 -0.003515 -1.549599 0.000000 0.000000 0.000003
  time 71
    0 0.000005 -2.660156 -9.640625 -1.570760 -1.391893 -1.570827
    1 2.033348 1.000767 1.937659 0.356651 -0.866946 4.085290
    2 6.028141 0.000005 0.000002 0.061877 -0.500128 -2.473700
    3 11.692560 0.000013 -0.000006 -0.118031 0.232825 -1.205977
    4 11.481678 0.000006 -0.000039 3.705400 -0.568052 0.342971
    5 3.281562 0.002118 -1.379481 0.088037 -0.218871 -1.308650
    6 1.324282 -0.000013 0.000002 0.000000 -0.063989 -0.874845
    7 0.815305 -0.000006 -0.000001 0.000001 -0.000003 -0.829488
    8 3.711852 0.109255 -0.568167 0.016848 -0.152686 -1.425495
    9 1.609408 0.000008 -0.000006 -0.000002 0.013345 -0.941800
    10 0.993192 -0.000006 0.000002 0.003620 0.009533 -0.891332
    11 3.786029 0.203227 0.247844 -0.016217 -0.110055 -1.365705
    12 1.684422 -0.000010 0.000009 0.000002 0.011087 -0.903482
    13 1.252153 -0.000006 0.000003 -0.006493 0.007166 -0.938999
    14 3.594221 0.299551 1.109804 -0.003435 -0.118494 -1.298411
    15 1.719431 0.000000 -0.000006 -0.000004 0.000016 -1.007012
    16 1.005919 0.000000 0.000004 0.000005 0.000018 -1.139499
    17 0.298218 -0.634092 0.426701 -1.400932 -0.706886 -0.497400
    18 2.637462 0.000002 -0.000006 -0.000002 -0.123023 0.497035
    19 1.304664 0.000001 -0.000004 -0.047865 -0.082347 0.752182
    20 2.033356 1.000772 -1.937610 -0.128177 0.172990 -2.038336
    21 6.028142 0.000001 -0.000001 -0.275342 1.146263 -1.908962
    22 11.692555 0.000031 0.000001 0.044043 -0.036361 -1.762397
    23 11.481703 0.000105 0.000003 -0.621155 -0.399756 0.955446
    24 2.914335 -0.023167 1.400147 -0.002374 0.009105 -1.340561
    25 1.285218 0.000000 -0.000001 0.000002 0.031596 -0.484969
    26 0.842651 0.000002 0.000000 -0.049553 0.043777 -0.974485
    27 3.368059 0.007375 0.618550 0.028206 0.001622 -1.454663
    28 1.610352 -0.000006 0.000001 -0.000007 0.094857 -0.602665
    29 1.020535 -0.000004 -0.000002 0.012247 -0.013086 -1.191919
    30 3.555524 0.023917 -0.204473 -0.028954 0.012885 -1.480999
    31 1.666992 0.000000 0.000000 -0.000010 0.148680 -0.670364
    32 1.240436 0.000002 0.000006 0.000002 -0.000011 -1.488674
    33 3.449664 0.054213 -1.089087 0.057250 0.365606 -0.330264
    34 1.711616 0.000006 0.000011 0.004893 -0.002165 -0.837815
    35 1.005908 0.000002 0.000007 -0.003208 -0.012853 -0.049943
    36 0.079434 -0.738750 -0.759723 1.159985 0.666615 -0.575137
    37 2.512460 -0.000008 -0.000008 -0.000002 -0.000001 0.359163
    38 1.304662 -0.218759 -0.160163 0.031895 0.002131 0.568220
    39 -6.468492 -15.875687 -10.976642 1.595793 0.132518 -3.193440
    40 0.000001 3.761717 -0.434552 0.000000 0.000000 0.000000
    41 0.000001 3.761716 -1.423811 0.000000 0.000000 -1.562201
    42 0.000001 1.420890 -5.835940 0.000000 0.000000 0.000000
    43 -0.000751 -0.003515 -1.549599 0.000000 0.000000 0.000003
  time 72
    0 0.000005 -2.660156 -9.640625 -1.570760 -1.391893 -1.570827
    1 2.033348 1.000767 1.937659 0.356651 -0.866946 4.085290
    2 6.028141 0.000005 0.000002 0.090871 -0.536618 -2.499473
    3 11.692560 0.000013 -0.000006 -0.097154 0.223968 -1.113905
    4 11.481678 0.000006 -0.000039 3.689557 -0.526584 0.154675
    5 3.281562 0.002118 -1.379481 0.066205 -0.213016 -1.050577
    6 1.324282 -0.000013 0.000002 0.000000 -0.073696 -0.678979
    7 0.815305 -0.000006 -0.000001 0.000001 -0.000003 -0.722281
    8 3.711852 0.109255 -0.568167 -0.023187 -0.154272 -1.165666
    9 1.609408 0.000008 -0.000006 -0.000002 0.006142 -0.736624
    10 0.993192 -0.000006 0.000002 0.003384 0.007531 -0.776367
    11 3.786029 0.203227 0.247844 -0.048895 -0.107323 -1.107887
    12 1.684422 -0.000010 0.000009 0.000002 0.008235 -0.690257
    13 1.252153 -0.000006 0.000003 -0.004368 0.005440 -0.825873
    14 3.594221 0.299551 1.113710 -0.035432 -0.113148 -1.023432
    15 1.719431 0.000000 -0.000006 -0.000004 0.000016 -0.805460
    16 1.005919 0.000000 0.000004 0.000005 0.000018 -1.020578
    17 0.298218 -0.634092 0.426701 -1.400140 -0.724150 -0.490487
    18 2.637462 0.000002 -0.000006 -0.000002 -0.114814 0.473471
    19 1.308570 0.000001 -0.000004 -0.045228 -0.079495 0.733758
    20 2.033356 1.000772 -1.937610 -0.128177 0.172990 -2.038336
    21 6.028142 0.000001 -0.000001 -0.299590 1.150961 -1.939996
    22 11.692555 0.000031 0.000001 0.049005 -0.040819 -1.753318
    23 11.481703 0.000105 0.000003 -0.573815 -0.387145 0.957092
    24 2.914335 -0.023167 1.404053 -0.002374 0.009105 -1.340561
    25 1.285218 0.000000 -0.000001 0.000002 0.031596 -0.484969
    26 0.842651 0.000002 0.000000 -0.049553 0.043777 -0.974485
    27 3.368059 0.007375 0.622456 0.028206 0.001622 -1.454663
    28 1.610352 -0.000006 0.000001 -0.000007 0.094857 -0.602665
    29 1.020535 -0.000004 -0.000002 0.012247 -0.013086 -1.191919
    30 3.555524 0.023917 -0.200566 -0.028954 0.012885 -1.480999
    31 1.666992 0.000000 0.000000 -0.000010 0.148680 -0.670364
    32 1.240436 0.000002 0.000006 0.000002 -0.000011 -1.488674
    33 3.449664 0.054213 -1.089087 0.057225 0.365235 -0.330565
    34 1.711616 0.000006 0.000011 0.004881 -0.002297 -0.838163
    35 1.005908 0.000002 0.000007 -0.003136 -0.012901 -0.052627
    36 0.079434 -0.738750 -0.755817 1.138029 0.670267 -0.604301
    37 2.508554 -0.000008 -0.000008 -0.000002 -0.000001 0.359163
    38 1.304662 -0.207039 -0.160163 0.028060 -0.009290 0.616193
    39 -6.503649 -16.012410 -10.773511 1.609030 0.168726 -3.217191
    40 0.000001 3.761717 -1.012694 0.000000 0.000000 0.000000
    41 0.000001 3.761716 -2.005860 0.000000 0.000000 -1.520547
    42 0.000001 1.420890 -5.835940 0.000000 0.000000 0.000000
    43 -0.000751 -0.003515 -1.549599 0.000000 0.000000 0.000003
  time 73
    0 0.000005 -2.660156 -9.640625 -1.570760 -1.391893 -1.570827
    1 2.033348 1.000767 1.937659 0.368711 -0.882802 4.076040
    2 6.028141 0.000005 0.000002 0.101578 -0.587649 -2.500515
    3 11.692560 0.000013 -0.000006 -0.087339 0.218982 -1.069193
    4 11.481678 0.000006 -0.000039 3.610998 -0.461526 -0.099190
    5 3.281562 0.002118 -1.379481 0.045150 -0.197970 -0.839506
    6 1.324282 -0.000013 0.000002 0.000000 -0.068399 -0.510888
    7 0.819212 -0.000006 -0.000001 0.000001 -0.000003 -0.628800
    8 3.711852 0.109255 -0.568167 -0.055211 -0.147018 -0.951203
    9 1.609408 0.000008 -0.000006 -0.000002 0.001157 -0.558203
    10 0.993192 -0.000006 0.000002 0.002971 0.005829 -0.675226
    11 3.786029 0.203227 0.243937 -0.073494 -0.099329 -0.895494
    12 1.684422 -0.000010 0.000009 0.000002 0.004208 -0.503613
    13 1.252153 -0.000006 0.000003 -0.002715 0.003738 -0.726620
    14 3.594221 0.299551 1.109804 -0.060245 -0.102159 -0.793460
    15 1.719431 0.000000 -0.000006 -0.000004 0.000016 -0.630573
    16 1.005919 0.000000 0.000004 0.000005 0.000018 -0.915076
    17 0.298218 -0.634092 0.426701 -1.400470 -0.741148 -0.482449
    18 2.633555 0.000002 -0.000006 -0.000002 -0.106161 0.449316
    19 1.308570 0.000001 -0.000004 -0.042519 -0.076451 0.714568
    20 2.033356 1.000772 -1.937610 -0.128177 0.172990 -2.038336
    21 6.028142 0.000001 -0.000001 -0.353062 1.151971 -2.004579
    22 11.692555 0.000031 0.000001 0.055441 -0.047543 -1.724360
    23 11.481703 0.000105 0.000003 -0.540024 -0.372596 0.957444
    24 2.914335 -0.027074 1.400147 -0.002589 0.009369 -1.340644
    25 1.285218 0.000000 -0.000001 0.000002 0.031611 -0.484969
    26 0.842651 0.000002 0.000000 -0.049553 0.043777 -0.974485
    27 3.368059 0.007375 0.622456 0.027978 0.001862 -1.454742
    28 1.610352 -0.000006 0.000001 -0.000007 0.094857 -0.602665
    29 1.020535 -0.000004 -0.000002 0.012247 -0.013086 -1.191919
    30 3.555524 0.023917 -0.200566 -0.029194 0.013125 -1.481081
    31 1.666992 0.000000 0.000000 -0.000010 0.148680 -0.670364
    32 1.240436 0.000002 0.000006 0.000002 -0.000011 -1.488635
    33 3.449664 0.054213 -1.085181 0.057325 0.365115 -0.330966
    34 1.711616 0.000006 0.000011 0.004869 -0.002452 -0.838610
    35 1.005908 0.000002 0.000007 -0.003052 -0.012949 -0.055886
    36 0.079434 -0.734843 -0.759723 1.116037 0.674206 -0.632963
    37 2.508554 -0.000008 -0.000008 -0.000002 -0.000001 0.359163
    38 1.304662 -0.191414 -0.160163 0.024441 -0.018614 0.660635
    39 -6.558338 -16.324920 -10.543035 1.619932 0.192700 -3.240396
    40 0.000001 3.761717 -1.204106 0.000000 0.000000 0.000000
    41 0.000001 3.761716 -2.197272 0.000000 0.000000 -1.470561
    42 0.000001 1.420890 -5.835940 0.000000 0.000000 0.000000
    43 -0.000751 -0.003515 -1.549599 0.000000 0.000000 0.000003
  time 74
    0 0.000005 -2.660156 -9.640625 -1.570760 -1.391893 -1.570827
    1 2.033348 1.000767 1.937659 0.405394 -0.927282 4.047210
    2 6.028141 0.000005 0.000002 0.085280 -0.659905 -2.467257
    3 11.692560 0.000013 -0.000006 -0.087495 0.219066 -1.069939
    4 11.481678 0.000006 -0.000039 3.466612 -0.458901 -0.361876
    5 3.281562 0.002118 -1.383387 0.035910 -0.189227 -0.752924
    6 1.324282 -0.000013 0.000002 0.000000 -0.060238 -0.420552
    7 0.819212 -0.000006 -0.000001 0.000001 -0.000003 -0.575176
    8 3.711852 0.109255 -0.568167 -0.068120 -0.141662 -0.860219
    9 1.605501 0.000008 -0.000006 -0.000002 -0.000713 -0.456728
    10 0.993192 -0.000006 0.000002 0.002637 0.004811 -0.613902
    11 3.786029 0.203227 0.243937 -0.082970 -0.094463 -0.805613
    12 1.684422 -0.000010 0.000009 0.000002 0.001451 -0.394034
    13 1.252153 -0.000006 0.000003 -0.001810 0.002672 -0.667113
    14 3.594221 0.299551 1.109804 -0.070796 -0.095172 -0.686499
    15 1.719431 0.000000 -0.000006 -0.000004 0.000016 -0.532619
    16 1.005919 0.000000 0.000004 0.000005 0.000018 -0.849570
    17 0.298218 -0.634092 0.426701 -1.401910 -0.757784 -0.473349
    18 2.637462 0.000002 -0.000006 -0.000002 -0.097064 0.424710
    19 1.304664 0.000001 -0.000004 -0.039823 -0.073275 0.694795
    20 2.033356 1.000772 -1.937610 -0.128177 0.172990 -2.038336
    21 6.028142 0.000001 -0.000001 -0.438918 1.130107 -2.099106
    22 11.692555 0.000031 0.000001 0.040460 -0.036924 -1.664018
    23 11.481703 0.000105 0.000003 -0.549416 -0.380664 0.957033
    24 2.914335 -0.023167 1.404053 -0.002374 0.009105 -1.340561
    25 1.285218 0.000000 -0.000001 0.000002 0.031611 -0.484969
    26 0.842651 0.000002 0.000000 -0.049553 0.043777 -0.974485
    27 3.368059 0.007375 0.618550 0.028206 0.001622 -1.454663
    28 1.610352 -0.000006 0.000001 -0.000007 0.094857 -0.602665
    29 1.020535 -0.000004 -0.000002 0.012247 -0.013086 -1.191919
    30 3.555524 0.023917 -0.204473 -0.028954 0.012885 -1.480999
    31 1.666992 0.000000 0.000000 -0.000010 0.148680 -0.670364
    32 1.240436 0.000002 0.000006 0.000002 -0.000011 -1.488674
    33 3.449664 0.054213 -1.089087 0.057137 0.364288 -0.331367
    34 1.711616 0.000006 0.000011 0.004845 -0.002620 -0.839107
    35 1.005908 0.000002 0.000007 -0.002956 -0.013009 -0.059664
    36 0.079434 -0.738750 -0.759723 1.102519 0.678146 -0.649252
    37 2.512460 -0.000008 -0.000008 -0.000002 -0.000001 0.359163
    38 1.308568 -0.175789 -0.160163 0.021636 -0.025265 0.699695
    39 -6.620840 -16.871812 -10.339904 1.618141 0.187745 -3.253245
    40 0.000001 3.761717 -1.204106 0.000000 0.000000 0.000000
    41 0.000001 3.761716 -2.197272 0.000000 0.000000 -1.412148
    42 0.000001 1.420890 -5.835940 0.000000 0.000000 0.000000
    43 -0.000751 -0.003515 -1.549599 0.000000 0.000000 0.000003
  time 75
    0 0.000005 -2.660156 -9.640625 -1.570760 -1.391893 -1.570827
    1 2.033348 1.000767 1.937659 0.471836 -0.994790 3.992710
    2 6.028141 0.000005 0.000002 0.047285 -0.737762 -2.397139
    3 11.692560 0.000013 -0.000006 -0.092372 0.221619 -1.092212
    4 11.481678 0.000006 -0.000039 3.265076 -0.608279 -0.567696
    5 3.281562 0.002118 -1.383387 0.050792 -0.202697 -0.893886
    6 1.324282 -0.000013 0.000002 0.000000 -0.061244 -0.472180
    7 0.815305 -0.000006 -0.000001 0.000001 -0.000003 -0.591143
    8 3.711852 0.109255 -0.568167 -0.048727 -0.149140 -0.995659
    9 1.605501 0.000008 -0.000006 -0.000002 0.000869 -0.497062
    10 0.993192 -0.000006 0.000002 0.002696 0.004955 -0.622285
    11 3.786029 0.203227 0.243937 -0.068447 -0.101462 -0.941063
    12 1.684422 -0.000010 0.000009 0.000002 0.002230 -0.426314
    13 1.252153 -0.000006 0.000003 -0.001948 0.002863 -0.677329
    14 3.594221 0.299551 1.109804 -0.059088 -0.102830 -0.804684
    15 1.719431 0.000000 -0.000006 -0.000004 0.000016 -0.576528
    16 1.005919 0.000000 0.000004 0.000005 0.000018 -0.853777
    17 0.298218 -0.634092 0.426701 -1.404552 -0.773912 -0.463125
    18 2.637462 0.000002 -0.000006 -0.000002 -0.087549 0.399771
    19 1.304664 0.000001 -0.000004 -0.037090 -0.069931 0.674532
    20 2.033356 1.000772 -1.937610 -0.128177 0.172990 -2.038336
    21 6.028142 0.000001 -0.000001 -0.508109 1.117199 -2.179122
    22 11.692555 0.000031 0.000001 0.038387 -0.037068 -1.611660
    23 11.481703 0.000105 0.000003 -0.617539 -0.391560 0.949923
    24 2.910429 -0.023167 1.396240 -0.002374 0.009105 -1.340561
    25 1.285218 0.000000 -0.000001 0.000002 0.031611 -0.484969
    26 0.842651 0.000002 0.000000 -0.049553 0.043777 -0.974485
    27 3.364152 0.007375 0.618550 0.028206 0.001622 -1.454663
    28 1.610352 -0.000006 0.000001 -0.000007 0.094857 -0.602665
    29 1.020535 -0.000004 -0.000002 0.012247 -0.013086 -1.191919
    30 3.555524 0.023917 -0.204473 -0.028954 0.012885 -1.480999
    31 1.666992 0.000000 0.000000 -0.000010 0.148680 -0.670364
    32 1.240436 0.000002 0.000006 0.000002 -0.000011 -1.488674
    33 3.449664 0.054213 -1.089087 0.057099 0.363701 -0.331819
    34 1.711616 0.000006 0.000011 0.004821 -0.002836 -0.839704
    35 1.005908 0.000002 0.000007 -0.002860 -0.013081 -0.063936
    36 0.079434 -0.734843 -0.763629 1.097629 0.683496 -0.653534
    37 2.512460 -0.000008 -0.000008 -0.000002 -0.000001 0.359141
    38 1.312475 -0.136725 -0.156257 0.020450 -0.027902 0.738926
    39 -6.659904 -17.266355 -10.273496 1.605877 0.125658 -3.235023
    40 0.000001 3.761717 -1.204106 0.000000 0.000000 0.000000
    41 0.000001 3.761716 -2.197272 0.000000 0.000000 -1.345500
    42 0.000001 1.420890 -5.835940 0.000000 0.000000 0.000000
    43 -0.000751 -0.003515 -1.549599 0.000000 0.000000 0.000003
  time 76
    0 0.000005 -2.660156 -9.640625 -1.570760 -1.391893 -1.570827
    1 2.033348 1.000767 1.937659 0.581290 -1.078498 3.898397
    2 6.028141 0.000005 0.000002 -0.026432 -0.808121 -2.278887
    3 11.692560 0.000013 -0.000006 -0.104165 0.227180 -1.145203
    4 11.481678 0.000006 -0.000039 3.032512 -0.898556 -0.602164
    5 3.281562 0.002118 -1.379481 0.079860 -0.218201 -1.204716
    6 1.324282 -0.000013 0.000002 0.000000 -0.057505 -0.628057
    7 0.815305 -0.000006 -0.000001 0.000001 -0.000003 -0.657873
    8 3.711852 0.109255 -0.568167 -0.002763 -0.154896 -1.298406
    9 1.609408 0.000008 -0.000006 -0.000002 0.005950 -0.640478
    10 0.993192 -0.000006 0.000002 0.002991 0.005925 -0.681403
    11 3.786029 0.203227 0.247844 -0.032029 -0.109720 -1.243049
    12 1.684422 -0.000010 0.000009 0.000002 0.004639 -0.561403
    13 1.252153 -0.000006 0.000003 -0.002893 0.003954 -0.738442
    14 3.594221 0.299551 1.109804 -0.027973 -0.115210 -1.088829
    15 1.719431 0.000000 -0.000006 -0.000004 0.000016 -0.723390
    16 1.005919 0.000000 0.000004 0.000005 0.000018 -0.908433
    17 0.298218 -0.634092 0.426701 -1.408449 -0.789414 -0.451839
    18 2.637462 0.000002 -0.000006 -0.000002 -0.077673 0.374596
    19 1.308570 0.000001 -0.000004 -0.034406 -0.066504 0.653963
    20 2.033356 1.000772 -1.937610 -0.128177 0.172990 -2.038336
    21 6.028142 0.000001 -0.000001 -0.504712 1.136034 -2.181387
    22 11.692555 0.000031 0.000001 0.053979 -0.051234 -1.625512
    23 11.481703 0.000105 0.000003 -0.708278 -0.395976 0.951686
    24 2.914335 -0.027074 1.396240 -0.002689 0.009465 -1.340700
    25 1.285218 0.000000 -0.000001 0.000002 0.031611 -0.484969
    26 0.838745 0.000002 0.000000 -0.049553 0.043777 -0.974485
    27 3.368059 0.007375 0.622456 0.027870 0.001946 -1.454820
    28 1.610352 -0.000006 0.000001 -0.000007 0.094857 -0.602665
    29 1.020535 -0.000004 -0.000002 0.012247 -0.013086 -1.191919
    30 3.555524 0.023917 -0.204473 -0.029314 0.013197 -1.481163
    31 1.666992 0.000000 0.000000 -0.000010 0.148680 -0.670364
    32 1.240436 0.000002 0.000006 0.000002 -0.000011 -1.488674
    33 3.449664 0.054213 -1.089087 0.057187 0.363509 -0.332470
    34 1.711616 0.000006 0.000011 0.004797 -0.003052 -0.840350
    35 1.005908 0.000002 0.000007 -0.002740 -0.013164 -0.068728
    36 0.079434 -0.734843 -0.759723 1.095220 0.690062 -0.654387
    37 2.508554 -0.000008 -0.000008 -0.000002 -0.000001 0.359141
    38 1.320287 -0.066410 -0.156257 0.020845 -0.026536 0.783392
    39 -6.675529 -17.071036 -10.382874 1.590381 0.035861 -3.194920
    40 0.000001 3.761717 -1.204106 0.000000 0.000000 0.000000
    41 0.000001 3.761716 -2.197272 0.000000 0.000000 -0.823234
    42 0.000001 1.420890 -5.835940 0.000000 0.000000 0.000000
    43 -0.000751 -0.003515 -1.549599 0.000000 0.000000 0.000003
  time 77
    0 0.000005 -2.660156 -9.640625 -1.570760 -1.391893 -1.570827
    1 2.033348 1.000767 1.937659 0.761909 -1.168452 3.735246
    2 6.028141 0.000005 0.000002 -0.154632 -0.865430 -2.117901
    3 11.692560 0.000013 -0.000006 -0.125186 0.235353 -1.236861
    4 11.481678 0.000006 -0.000039 2.565592 -1.187166 -0.240253
    5 3.281562 0.002118 -1.379481 0.101468 -0.213357 -1.516056
    6 1.324282 -0.000013 0.000002 0.000000 -0.036712 -0.781842
    7 0.815305 -0.000006 -0.000001 0.000001 -0.000003 -0.728336
    8 3.711852 0.109255 -0.568167 0.043400 -0.145220 -1.600776
    9 1.609408 0.000008 -0.000006 -0.000002 0.011835 -0.781557
    10 0.993192 -0.000006 0.000002 0.003266 0.006992 -0.744234
    11 3.786029 0.203227 0.243937 0.007275 -0.107371 -1.545107
    12 1.684422 -0.000010 0.000009 0.000002 0.005250 -0.694112
    13 1.252153 -0.000006 0.000003 -0.003994 0.005068 -0.803212
    14 3.594221 0.299551 1.109804 0.005405 -0.118422 -1.373236
    15 1.719431 0.000000 -0.000006 -0.000004 0.000016 -0.867939
    16 1.005919 0.000000 0.000004 0.000005 0.000018 -0.966764
    17 0.298218 -0.634092 0.426701 -1.413615 -0.804142 -0.439491
    18 2.637462 0.000002 -0.000006 -0.000002 -0.067486 0.349232
    19 1.304664 0.000001 -0.000004 -0.031733 -0.062968 0.633117
    20 2.033356 1.000772 -1.937610 -0.128177 0.172990 -2.038336
    21 6.028142 0.000001 -0.000001 -0.438602 1.148766 -2.103048
    22 11.692555 0.000031 0.000001 0.038566 -0.034671 -1.677010
    23 11.481703 0.000105 0.000003 -0.765821 -0.421357 0.969725
    24 2.914335 -0.023167 1.404053 -0.002374 0.009105 -1.340561
    25 1.285218 0.000000 -0.000001 0.000002 0.031596 -0.484969
    26 0.842651 0.000002 0.000000 -0.049553 0.043777 -0.974485
    27 3.368059 0.007375 0.618550 0.028206 0.001622 -1.454663
    28 1.610352 -0.000006 0.000001 -0.000007 0.094857 -0.602665
    29 1.020535 -0.000004 -0.000002 0.012247 -0.013086 -1.191919
    30 3.555524 0.023917 -0.204473 -0.028954 0.012885 -1.480999
    31 1.666992 0.000000 0.000000 -0.000010 0.148680 -0.670364
    32 1.240436 0.000002 0.000006 0.000002 -0.000011 -1.488674
    33 3.449664 0.054213 -1.089087 0.056986 0.362359 -0.332972
    34 1.711616 0.000006 0.000011 0.004773 -0.003303 -0.841046
    35 1.005908 0.000002 0.000007 -0.002632 -0.013248 -0.073959
    36 0.079434 -0.738750 -0.759723 1.094801 0.696052 -0.652195
    37 2.512460 -0.000008 -0.000008 -0.000002 -0.000001 0.359163
    38 1.324194 0.003904 -0.156257 0.022056 -0.022461 0.830878
    39 -6.691155 -16.555396 -10.507878 1.577065 -0.012429 -3.168833
    40 0.000001 3.761717 -1.204106 0.000000 0.000000 0.000000
    41 0.000001 3.761716 -2.197272 0.000000 0.000000 0.000000
    42 0.000001 1.420890 -5.835940 0.000000 0.000000 0.000000
    43 -0.000751 -0.003515 -1.549599 0.000000 0.000000 0.000003
  time 78
    0 0.000005 -2.660156 -9.640625 -1.570760 -1.391893 -1.570827
    1 2.033348 1.000767 1.937659 1.064774 -1.247595 3.451611
    2 6.028141 0.000005 0.000002 -0.339494 -0.915241 -1.923752
    3 11.692560 0.000013 -0.000006 -0.150378 0.242412 -1.343092
    4 11.481678 0.000006 -0.000039 1.636845 -1.252614 0.663684
    5 3.281562 0.006024 -1.383387 0.107621 -0.203983 -1.657296
    6 1.324282 -0.000013 0.000002 0.000000 -0.021599 -0.826617
    7 0.815305 -0.000006 -0.000001 0.000001 -0.000003 -0.755501
    8 3.711852 0.109255 -0.568167 0.062436 -0.135669 -1.735431
    9 1.609408 0.000008 -0.000006 -0.000002 0.013788 -0.814811
    10 0.993192 -0.000006 0.000002 0.003325 0.007328 -0.763757
    11 3.786029 0.207133 0.247844 0.024340 -0.102433 -1.680198
    12 1.684422 -0.000010 0.000009 0.000002 0.004256 -0.719286
    13 1.252153 -0.000006 0.000003 -0.004349 0.005416 -0.824580
    14 3.594221 0.303457 1.109804 0.018891 -0.116408 -1.491271
    15 1.719431 0.000000 -0.000006 -0.000004 0.000016 -0.904807
    16 1.005919 0.000000 0.000004 0.000005 0.000018 -0.982000
    17 0.298218 -0.630186 0.426701 -1.419625 -0.817349 -0.426497
    18 2.637462 0.000002 -0.000006 -0.000002 -0.057072 0.323772
    19 1.304664 0.000001 -0.000004 -0.029145 -0.059373 0.612149
    20 2.033356 1.000772 -1.937610 -0.128177 0.172990 -2.038336
    21 6.028142 0.000001 -0.000001 -0.399584 1.177830 -2.067569
    22 11.692555 0.000031 0.000001 0.058521 -0.050407 -1.717317
    23 11.481703 0.000105 0.000003 -0.746604 -0.422945 0.979244
    24 2.910429 -0.023167 1.400147 -0.002374 0.009105 -1.340561
    25 1.285218 0.000000 -0.000001 0.000002 0.031611 -0.484969
    26 0.838745 0.000002 0.000000 -0.049553 0.043777 -0.974485
    27 3.364152 0.007375 0.626362 0.028206 0.001622 -1.454663
    28 1.610352 -0.000006 0.000001 -0.000007 0.094857 -0.602665
    29 1.020535 -0.000004 -0.000002 0.012247 -0.013086 -1.191919
    30 3.555524 0.027823 -0.196660 -0.028954 0.012897 -1.480999
    31 1.666992 0.000000 0.000000 -0.000010 0.148680 -0.670364
    32 1.240436 0.000002 0.000006 0.000002 -0.000011 -1.488674
    33 3.449664 0.054213 -1.081274 0.056936 0.361592 -0.333573
    34 1.711616 0.000006 0.000011 0.004749 -0.003579 -0.841841
    35 1.005908 0.000002 0.000007 -0.002501 -0.013332 -0.079627
    36 0.079434 -0.734843 -0.759723 1.095819 0.702650 -0.648266
    37 2.512460 -0.000008 -0.000008 -0.000002 -0.000001 0.359163
    38 1.320287 0.101564 -0.156257 0.023410 -0.016888 0.879119
    39 -6.687248 -16.172572 -10.492252 1.572004 -0.004311 -3.168288
    40 0.000001 3.761717 -1.204106 0.000000 0.000000 0.000000
    41 0.000001 3.761716 -2.197272 0.000000 0.000000 0.000000
    42 0.000001 1.420890 -5.835940 0.000000 0.000000 0.000000
    43 -0.000751 -0.003515 -1.549599 0.000000 0.000000 0.000003
  time 79
    0 0.000005 -2.660156 -9.640625 -1.570760 -1.391893 -1.570827
    1 2.033348 1.000767 1.937659 1.525607 -1.286240 3.011145
    2 6.028141 0.000005 0.000002 -0.601862 -0.963472 -1.679193
    3 11.692560 0.000013 -0.000006 -0.176180 0.246835 -1.449655
    4 11.481678 0.000006 -0.000039 1.204536 -1.145840 1.141126
    5 3.281562 0.002118 -1.379481 0.103818 -0.210600 -1.562409
    6 1.324282 -0.000013 0.000002 0.000000 -0.029485 -0.718288
    7 0.815305 -0.000006 -0.000001 0.000001 -0.000003 -0.724437
    8 3.711852 0.105348 -0.568167 0.048635 -0.142760 -1.637069
    9 1.609408 0.000008 -0.000006 -0.000002 0.010229 -0.695851
    10 0.993192 -0.000006 0.000002 0.003188 0.006656 -0.724933
    11 3.786029 0.203227 0.243937 0.011995 -0.106053 -1.582123
    12 1.684422 -0.000010 0.000009 0.000002 0.002925 -0.592577
    13 1.252153 -0.000006 0.000003 -0.003719 0.004805 -0.787466
    14 3.594221 0.299551 1.113710 0.005768 -0.118086 -1.376603
    15 1.719431 0.000000 -0.000006 -0.000004 0.000016 -0.789610
    16 1.005919 0.000000 0.000004 0.000005 0.000018 -0.939525
    17 0.298218 -0.634092 0.426701 -1.441964 -0.826814 -0.394346
    18 2.637462 0.000002 -0.000006 -0.000002 -0.044440 0.298644
    19 1.308570 0.000001 -0.000004 -0.026628 -0.055694 0.591242
    20 2.033356 1.000772 -1.937610 -0.128177 0.172990 -2.038336
    21 6.028142 0.000001 -0.000001 -0.417435 1.197719 -2.095667
    22 11.692555 0.000031 0.000001 0.068863 -0.058461 -1.727569
    23 11.481703 0.000105 0.000003 -0.699696 -0.434730 0.977775
    24 2.914335 -0.023167 1.400147 -0.002374 0.009105 -1.340561
    25 1.285218 0.000000 -0.000001 0.000002 0.031611 -0.484969
    26 0.842651 0.000002 0.000000 -0.049553 0.043777 -0.974485
    27 3.368059 0.007375 0.622456 0.028206 0.001622 -1.454689
    28 1.610352 -0.000006 0.000001 -0.000007 0.094857 -0.602665
    29 1.020535 -0.000004 -0.000002 0.012247 -0.013086 -1.191919
    30 3.555524 0.023917 -0.204473 -0.028954 0.012885 -1.480999
    31 1.666992 0.000000 0.000000 -0.000010 0.148680 -0.670364
    32 1.240436 0.000002 0.000006 0.000002 -0.000011 -1.488674
    33 3.449664 0.054213 -1.089087 0.056848 0.360765 -0.334275
    34 1.711616 0.000006 0.000011 0.004713 -0.003867 -0.842686
    35 1.005908 0.000002 0.000007 -0.002345 -0.013428 -0.085788
    36 0.079434 -0.738750 -0.755817 1.097713 0.708992 -0.643337
    37 2.512460 -0.000008 -0.000008 -0.000002 -0.000001 0.359163
    38 1.308568 0.199223 -0.152350 0.024464 -0.010896 0.925850
    39 -6.667716 -16.078819 -10.210994 1.577065 0.027324 -3.174595
    40 0.000001 3.761717 -1.204106 0.000000 0.000000 0.000000
    41 0.000001 3.761716 -2.197272 0.000000 0.000000 0.000000
    42 0.000001 1.420890 -5.835940 0.000000 0.000000 0.000000
    43 -0.000751 -0.003515 -1.549599 0.000000 0.000000 0.000003
  time 80
    0 0.000005 -2.660156 -9.640625 -1.570760 -1.391893 -1.570827
    1 2.033348 1.000767 1.937659 2.019225 -1.258097 2.538536
    2 6.028141 0.000005 0.000002 -0.925631 -0.978646 -1.400240
    3 11.692560 0.000013 -0.000006 -0.204416 0.248560 -1.564662
    4 11.481678 0.000006 -0.000039 1.110983 -1.075426 1.336269
    5 3.281562 0.002118 -1.383387 0.089918 -0.218674 -1.334263
    6 1.324282 -0.000013 0.000002 0.000000 -0.039804 -0.522866
    7 0.815305 -0.000006 -0.000001 0.000001 -0.000003 -0.663679
    8 3.711852 0.109255 -0.568167 0.014072 -0.153173 -1.407317
    9 1.609408 0.000008 -0.000006 -0.000002 0.004213 -0.490455
    10 0.993192 -0.000006 0.000002 0.002873 0.005518 -0.656403
    11 3.786029 0.203227 0.243937 -0.017869 -0.110103 -1.353127
    12 1.684422 -0.000010 0.000009 0.000002 -0.000047 -0.379587
    13 1.252153 -0.000006 0.000003 -0.002637 0.003630 -0.720509
    14 3.594221 0.299551 1.109804 -0.023051 -0.116288 -1.131329
    15 1.719431 0.000000 -0.000006 -0.000004 0.000016 -0.588058
    16 1.005919 0.000000 0.000004 0.000005 0.000018 -0.867463
    17 0.298218 -0.634092 0.426701 -1.487170 -0.827876 -0.333834
    18 2.637462 0.000002 -0.000006 -0.000002 -0.029471 0.273706
    19 1.308570 0.000001 -0.000004 -0.024207 -0.052002 0.570458
    20 2.033356 1.000772 -1.937610 -0.128177 0.172990 -2.038336
    21 6.028142 0.000001 -0.000001 -0.452583 1.197455 -2.135004
    22 11.692555 0.000031 0.000001 0.044918 -0.038147 -1.725691
    23 11.481703 0.000105 0.000003 -0.648307 -0.470340 0.977599
    24 2.910429 -0.023167 1.400147 -0.002546 0.009405 -1.340533
    25 1.285218 0.000000 -0.000001 0.000002 0.031611 -0.484969
    26 0.842651 0.000002 0.000000 -0.049553 0.043777 -0.974485
    27 3.364152 0.007375 0.626362 0.028014 0.001910 -1.454663
    28 1.610352 -0.000006 0.000001 -0.000007 0.094857 -0.602665
    29 1.020535 -0.000004 -0.000002 0.012247 -0.013086 -1.191919
    30 3.555524 0.027823 -0.204473 -0.029170 0.013173 -1.480972
    31 1.666992 0.000000 0.000000 -0.000010 0.148680 -0.670364
    32 1.240436 0.000002 0.000006 0.000002 -0.000011 -1.488674
    33 3.449664 0.058119 -1.085181 0.056961 0.360165 -0.334927
    34 1.711616 0.000006 0.000011 0.004689 -0.004178 -0.843581
    35 1.005908 0.000002 0.000007 -0.002177 -0.013536 -0.092360
    36 0.079434 -0.734843 -0.759723 1.099978 0.715206 -0.638216
    37 2.508554 -0.000008 -0.000008 -0.000002 -0.000001 0.359163
    38 1.289036 0.292976 -0.144538 0.024992 -0.005443 0.968807
    39 -6.624746 -16.102257 -9.761761 1.588707 0.072222 -3.183940
    40 0.000001 3.761717 -1.204106 0.000000 0.000000 0.000000
    41 0.000001 3.761716 -2.197272 0.000000 0.000000 0.000000
    42 0.000001 1.420890 -5.835940 0.000000 0.000000 0.000000
    43 -0.000751 -0.003515 -1.549599 0.000000 0.000000 0.000003
  time 81
    0 0.000005 -2.660156 -9.640625 -1.570760 -1.391893 -1.570827
    1 2.033348 1.000767 1.937659 2.371796 -1.175316 2.207146
    2 6.028141 0.000005 0.000002 -1.230164 -0.947170 -1.158998
    3 11.692560 0.000013 -0.000006 -0.233814 0.247218 -1.684390
    4 11.481678 0.000006 -0.000039 1.066281 -1.057973 1.484294
    5 3.289375 0.002118 -1.383387 0.067779 -0.214040 -1.064311
    6 1.324282 -0.000013 0.000002 0.000000 -0.034399 -0.301291
    7 0.815305 -0.000006 -0.000001 0.000001 -0.000003 -0.591309
    8 3.715758 0.105348 -0.568167 -0.027431 -0.154060 -1.135997
    9 1.609408 0.000008 -0.000006 -0.000002 -0.000845 -0.258486
    10 0.993192 -0.000006 0.000002 0.002421 0.004200 -0.576181
    11 3.789935 0.203227 0.243937 -0.051618 -0.106999 -1.083089
    12 1.684422 -0.000010 0.000009 0.000002 -0.005044 -0.140282
    13 1.252153 -0.000006 0.000003 -0.001436 0.002192 -0.641865
    14 3.598127 0.299551 1.109804 -0.054668 -0.105550 -0.845613
    15 1.719431 0.000000 -0.000006 -0.000004 0.000016 -0.360045
    16 1.005919 0.000000 0.000004 0.000005 0.000018 -0.783753
    17 0.302124 -0.634092 0.426701 -1.541624 -0.822468 -0.262098
    18 2.637462 0.000002 -0.000006 -0.000002 -0.014407 0.248602
    19 1.304664 0.000001 -0.000004 -0.021870 -0.048311 0.549889
    20 2.033356 1.000772 -1.937610 -0.128177 0.172990 -2.038336
    21 6.028142 0.000001 -0.000001 -0.503212 1.219627 -2.202775
    22 11.692555 0.000031 0.000001 0.061038 -0.052109 -1.726630
    23 11.481703 0.000105 0.000003 -0.579051 -0.478187 0.968374
    24 2.914335 -0.023167 1.404053 -0.002374 0.009105 -1.340561
    25 1.285218 0.000000 -0.000001 0.000002 0.031611 -0.484969
    26 0.842651 0.000002 0.000000 -0.049553 0.043777 -0.974485
    27 3.368059 0.007375 0.622456 0.028206 0.001622 -1.454663
    28 1.610352 -0.000006 0.000001 -0.000007 0.094857 -0.602665
    29 1.020535 -0.000004 -0.000002 0.012247 -0.013086 -1.191919
    30 3.555524 0.023917 -0.200566 -0.028954 0.012885 -1.480999
    31 1.666992 0.000000 0.000000 -0.000010 0.148680 -0.670364
    32 1.240436 0.000002 0.000006 0.000002 -0.000011 -1.488674
    33 3.449664 0.054213 -1.085181 0.056697 0.358919 -0.335779
    34 1.711616 0.000006 0.000011 0.004653 -0.004514 -0.844525
    35 1.005908 0.000002 0.000007 -0.002009 -0.013656 -0.099370
    36 0.079434 -0.738750 -0.755817 1.101716 0.719883 -0.634038
    37 2.508554 -0.000008 -0.000008 -0.000002 -0.000001 0.359163
    38 1.265598 0.371103 -0.144538 0.024992 -0.001320 1.005700
    39 -6.581776 -16.094444 -9.339873 1.599998 0.117616 -3.193596
    40 0.000001 3.761717 -1.204106 0.000000 0.000000 0.000000
    41 0.000001 3.761716 -2.197272 0.000000 0.000000 0.000000
    42 0.000001 1.420890 -5.835940 0.000000 0.000000 0.000000
    43 -0.000751 -0.003515 -1.549599 0.000000 0.000000 0.000003
  time 82
    0 0.000005 -2.660156 -9.640625 -1.570760 -1.391893 -1.570827
    1 2.033348 1.000767 1.937659 2.586989 -1.067927 2.012853
    2 6.028141 0.000005 0.000002 -1.459180 -0.890990 -0.987115
    3 11.692560 0.000013 -0.000006 -0.254380 0.243838 -1.768927
    4 11.481678 0.000006 -0.000039 0.982818 -1.023457 1.568723
    5 3.277656 0.006024 -1.379481 0.045334 -0.197734 -0.841918
    6 1.324282 -0.000013 0.000002 0.000000 -0.015955 -0.114447
    7 0.815305 -0.000006 -0.000001 0.000001 -0.000003 -0.525325
    8 3.707945 0.109255 -0.568167 -0.061081 -0.144358 -0.910954
    9 1.609408 0.000008 -0.000006 -0.000002 -0.002918 -0.059989
    10 0.993192 -0.000006 0.000002 0.001889 0.003013 -0.502320
    11 3.786029 0.207133 0.247844 -0.077470 -0.097016 -0.859160
    12 1.684422 -0.000010 0.000009 0.000002 -0.009946 0.065870
    13 1.252153 -0.000006 0.000003 -0.000453 0.000766 -0.569645
    14 3.590314 0.303457 1.109804 -0.078152 -0.088736 -0.606212
    15 1.719431 0.000000 -0.000006 -0.000004 0.000016 -0.165431
    16 1.005919 0.000000 0.000004 0.000005 0.000018 -0.706465
    17 0.294311 -0.630186 0.426701 -1.593144 -0.812737 -0.192216
    18 2.637462 0.000002 -0.000006 -0.000002 -0.001008 0.223261
    19 1.304664 0.000001 -0.000004 -0.019677 -0.044644 0.529748
    20 2.033356 1.000772 -1.937610 -0.128177 0.172990 -2.038336
    21 6.028142 0.000001 -0.000001 -0.519640 1.223754 -2.222569
    22 11.692555 0.000031 0.000001 0.043888 -0.037823 -1.734065
    23 11.481703 0.000105 0.000003 -0.535489 -0.505093 0.969196
    24 2.914335 -0.023167 1.404053 -0.002374 0.009105 -1.340561
    25 1.285218 0.000000 -0.000001 0.000002 0.031611 -0.484969
    26 0.842651 0.000002 0.000000 -0.049553 0.043777 -0.974485
    27 3.368059 0.007375 0.622456 0.028206 0.001622 -1.454663
    28 1.610352 -0.000006 0.000001 -0.000007 0.094857 -0.602665
    29 1.020535 -0.000004 -0.000002 0.012247 -0.013086 -1.191919
    30 3.555524 0.023917 -0.204473 -0.028954 0.012885 -1.480999
    31 1.666992 0.000000 0.000000 -0.000010 0.148680 -0.670364
    32 1.240436 0.000002 0.000006 0.000002 -0.000011 -1.488635
    33 3.449664 0.054213 -1.089087 0.056609 0.357912 -0.336631
    34 1.711616 0.000006 0.000011 0.004617 -0.004873 -0.845519
    35 1.005908 0.000002 0.000007 -0.001842 -0.013776 -0.106846
    36 0.079434 -0.738750 -0.755817 1.102531 0.723791 -0.631551
    37 2.512460 -0.000008 -0.000008 -0.000002 -0.000001 0.359163
    38 1.249973 0.429699 -0.140631 0.024560 0.000801 1.034386
    39 -6.558338 -16.016317 -8.992207 1.608914 0.153519 -3.200215
    40 0.000001 3.761717 -1.204106 0.000000 0.000000 0.000000
    41 0.000001 3.761716 -2.197272 0.000000 0.000000 0.000000
    42 0.000001 1.420890 -5.835940 0.000000 0.000000 0.000000
    43 -0.000751 -0.003515 -1.549599 0.000000 0.000000 0.000003
  time 83
    0 0.000005 -2.660156 -9.640625 -1.570760 -1.391893 -1.570827
    1 2.033348 1.000767 1.937659 2.720745 -0.955562 1.899229
    2 6.028141 0.000005 0.000002 -1.629544 -0.828805 -0.852471
    3 11.692560 0.000013 -0.000006 -0.260540 0.242616 -1.794512
    4 11.481678 0.000006 -0.000039 0.841544 -0.913384 1.558336
    5 3.277656 0.002118 -1.379481 0.036421 -0.189726 -0.757379
    6 1.324282 -0.000013 0.000002 0.000000 -0.003059 -0.020973
    7 0.815305 -0.000006 -0.000001 0.000001 -0.000003 -0.483852
    8 3.711852 0.109255 -0.568167 -0.073355 -0.139027 -0.822325
    9 1.605501 0.000008 -0.000006 -0.000002 -0.003110 0.045355
    10 0.993192 -0.000006 0.000002 0.001476 0.002246 -0.453092
    11 3.786029 0.203227 0.247844 -0.086456 -0.092366 -0.770969
    12 1.684422 -0.000010 0.000009 0.000002 -0.012511 0.178969
    13 1.252153 -0.000006 0.000003 0.000118 -0.000193 -0.522048
    14 3.594221 0.299551 1.109804 -0.087027 -0.080586 -0.502057
    15 1.719431 0.000000 -0.000006 -0.000004 0.000016 -0.063873
    16 1.005919 0.000000 0.000004 0.000005 0.000018 -0.653449
    17 0.298218 -0.634092 0.426701 -1.633674 -0.808150 -0.137014
    18 2.637462 0.000002 -0.000006 -0.000002 0.009479 0.197873
    19 1.304664 0.000001 -0.000004 -0.017591 -0.041000 0.510068
    20 2.033356 1.000772 -1.937610 -0.128177 0.172990 -2.038336
    21 6.028142 0.000001 -0.000001 -0.554867 1.243862 -2.268700
    22 11.692555 0.000031 0.000001 0.055381 -0.046225 -1.742596
    23 11.481703 0.000105 0.000003 -0.501482 -0.513956 0.964848
    24 2.910429 -0.023167 1.400147 -0.002159 0.008865 -1.340422
    25 1.285218 0.000000 -0.000001 0.000002 0.031596 -0.484969
    26 0.842651 0.000002 0.000000 -0.049553 0.043777 -0.974485
    27 3.364152 0.007375 0.618550 0.028457 0.001406 -1.454558
    28 1.610352 -0.000006 0.000001 -0.000007 0.094857 -0.602665
    29 1.020535 -0.000004 -0.000002 0.012247 -0.013086 -1.191952
    30 3.555524 0.023917 -0.204473 -0.028715 0.012682 -1.480890
    31 1.666992 0.000000 0.000000 -0.000010 0.148680 -0.670364
    32 1.240436 0.000002 0.000006 0.000002 -0.000011 -1.488635
    33 3.449664 0.054213 -1.089087 0.056433 0.356534 -0.337434
    34 1.711616 0.000006 0.000011 0.004569 -0.005245 -0.846612
    35 1.005908 0.000002 0.000007 -0.001650 -0.013896 -0.114678
    36 0.079434 -0.734843 -0.763629 1.102615 0.725713 -0.630521
    37 2.508554 -0.000008 -0.000008 -0.000002 -0.000001 0.359163
    38 1.242160 0.457043 -0.140631 0.024117 0.001436 1.050921
    39 -6.542713 -15.906938 -8.714854 1.613586 0.169794 -3.200838
    40 0.000001 3.761717 -1.204106 0.000000 0.000000 0.000000
    41 0.000001 3.761716 -2.197272 0.000000 0.000000 0.000000
    42 0.000001 1.420890 -5.835940 0.000000 0.000000 0.000000
    43 -0.000751 -0.003515 -1.549599 0.000000 0.000000 0.000003
  time 84
    0 0.000005 -2.660156 -9.640625 -1.570760 -1.391893 -1.570827
    1 2.033348 1.000767 1.937659 2.808143 -0.849649 1.830546
    2 6.028141 0.000005 0.000002 -1.777358 -0.771767 -0.734314
    3 11.692560 0.000013 -0.000006 -0.254260 0.243910 -1.768431
    4 11.481678 0.000006 -0.000039 0.680937 -0.760317 1.468917
    5 3.285469 0.002118 -1.383387 0.045211 -0.198285 -0.839598
    6 1.324282 -0.000013 0.000002 0.000000 -0.005744 -0.041112
    7 0.815305 -0.000006 -0.000001 0.000001 -0.000003 -0.471866
    8 3.711852 0.105348 -0.568167 -0.062588 -0.144433 -0.899212
    9 1.605501 0.000008 -0.000006 -0.000002 -0.003170 0.036120
    10 0.993192 -0.000006 0.000002 0.001299 0.001946 -0.433349
    11 3.786029 0.203227 0.247844 -0.078541 -0.097184 -0.847912
    12 1.684422 -0.000010 0.000009 0.000002 -0.012499 0.177696
    13 1.252153 -0.000006 0.000003 0.000315 -0.000564 -0.504116
    14 3.594221 0.299551 1.109804 -0.082123 -0.085967 -0.561804
    15 1.719431 0.000000 -0.000006 -0.000004 0.000016 -0.076865
    16 1.005919 0.000000 0.000004 0.000005 0.000018 -0.629753
    17 0.298218 -0.634092 0.426701 -1.655564 -0.815756 -0.106508
    18 2.637462 0.000002 -0.000006 -0.000002 0.016430 0.172959
    19 1.304664 0.000001 -0.000004 -0.015650 -0.037441 0.491031
    20 2.033356 1.000772 -1.937610 -0.128177 0.172990 -2.038336
    21 6.028142 0.000001 -0.000001 -0.573508 1.258702 -2.294953
    22 11.692555 0.000031 0.000001 0.055752 -0.046512 -1.753866
    23 11.481703 0.000105 0.000003 -0.503371 -0.532634 0.968256
    24 2.914335 -0.023167 1.404053 -0.002374 0.009105 -1.340561
    25 1.285218 0.000000 -0.000001 0.000002 0.031611 -0.484969
    26 0.838745 0.000002 0.000000 -0.049553 0.043777 -0.974485
    27 3.368059 0.007375 0.618550 0.028206 0.001622 -1.454663
    28 1.610352 -0.000006 0.000001 -0.000007 0.094857 -0.602665
    29 1.020535 -0.000004 -0.000002 0.012247 -0.013086 -1.191952
    30 3.555524 0.023917 -0.204473 -0.028954 0.012885 -1.480999
    31 1.666992 0.000000 0.000000 -0.000010 0.148680 -0.670364
    32 1.240436 0.000002 0.000006 0.000002 -0.000011 -1.488674
    33 3.449664 0.054213 -1.089087 0.056433 0.355731 -0.338436
    34 1.711616 0.000006 0.000011 0.004533 -0.005640 -0.847755
    35 1.005908 0.000002 0.000007 -0.001446 -0.014039 -0.123002
    36 0.079434 -0.738750 -0.755817 1.102627 0.726674 -0.630374
    37 2.512460 -0.000008 -0.000008 -0.000002 -0.000001 0.359141
    38 1.234347 0.464856 -0.136725 0.023985 0.001592 1.055572
    39 -6.542713 -15.762403 -8.519536 1.611639 0.159732 -3.194297
    40 0.000001 3.761717 -1.204106 0.000000 0.000000 0.000000
    41 0.000001 3.761716 -2.197272 0.000000 0.000000 0.000000
    42 0.000001 1.420890 -5.835940 0.000000 0.000000 0.000000
    43 -0.000751 -0.003515 -1.549599 0.000000 0.000000 0.000003
  time 85
    0 0.000005 -2.660156 -9.640625 -1.570760 -1.391893 -1.570827
    1 2.033348 1.000767 1.937659 2.866836 -0.757773 1.788227
    2 6.028141 0.000005 0.000002 -1.905084 -0.733697 -0.636244
    3 11.692560 0.000013 -0.000006 -0.237769 0.246355 -1.700370
    4 11.481678 0.000006 -0.000039 0.519010 -0.571919 1.344973
    5 3.281562 0.002118 -1.383387 0.064468 -0.212582 -1.029929
    6 1.324282 -0.000013 0.000002 0.000000 -0.016194 -0.135606
    7 0.815305 -0.000006 -0.000001 0.000001 -0.000003 -0.477299
    8 3.715758 0.105348 -0.575980 -0.035501 -0.153023 -1.083127
    9 1.609408 0.000008 -0.000006 -0.000002 -0.002798 -0.047834
    10 0.993192 -0.000006 0.000002 0.001280 0.001923 -0.431033
    11 3.789935 0.203227 0.243937 -0.057863 -0.105669 -1.031339
    12 1.684422 -0.000010 0.000009 0.000002 -0.010737 0.101872
    13 1.252153 -0.000006 0.000003 0.000334 -0.000576 -0.503625
    14 3.594221 0.299551 1.105898 -0.066842 -0.098659 -0.727540
    15 1.719431 0.000000 -0.000006 -0.000004 0.000016 -0.164445
    16 1.005919 0.000000 0.000004 0.000005 0.000018 -0.623242
    17 0.298218 -0.634092 0.422794 -1.646422 -0.847675 -0.117357
    18 2.637462 0.000002 -0.000006 -0.000002 0.019330 0.149087
    19 1.308570 0.000001 -0.000004 -0.013828 -0.033989 0.472730
    20 2.033356 1.000772 -1.937610 -0.128177 0.172990 -2.038336
    21 6.028142 0.000001 -0.000001 -0.594439 1.277536 -2.323722
    22 11.692555 0.000031 0.000001 0.062835 -0.051330 -1.766075
    23 11.481703 0.000105 0.000003 -0.526637 -0.548644 0.973544
    24 2.914335 -0.027074 1.400147 -0.002603 0.009345 -1.340672
    25 1.285218 0.000000 -0.000001 0.000002 0.031611 -0.484969
    26 0.842651 0.000002 0.000000 -0.049553 0.043777 -0.974485
    27 3.368059 0.007375 0.622456 0.027966 0.001838 -1.454794
    28 1.610352 -0.000006 0.000001 -0.000007 0.094857 -0.602665
    29 1.020535 -0.000004 -0.000002 0.012247 -0.013086 -1.191919
    30 3.555524 0.023917 -0.200566 -0.029218 0.013101 -1.481163
    31 1.666992 0.000000 0.000000 -0.000010 0.148680 -0.670364
    32 1.236529 0.000002 0.000006 0.000002 -0.000011 -1.488674
    33 3.449664 0.054213 -1.089087 0.056433 0.354856 -0.339489
    34 1.711616 0.000006 0.000011 0.004485 -0.006048 -0.848948
    35 1.005908 0.000002 0.000007 -0.001242 -0.014171 -0.131710
    36 0.079434 -0.738750 -0.759723 1.102603 0.726546 -0.630683
    37 2.508554 -0.000008 -0.000008 -0.000002 -0.000001 0.359163
    38 1.242160 0.460950 -0.140631 0.024081 0.001484 1.052236
    39 -6.558338 -15.574897 -8.410158 1.603463 0.129279 -3.183005
    40 0.000001 3.761717 -1.204106 0.000000 0.000000 0.000000
    41 0.000001 3.761716 -2.197272 0.000000 0.000000 0.000000
    42 0.000001 1.420890 -5.835940 0.000000 0.000000 0.000000
    43 -0.000751 -0.003515 -1.549599 0.000000 0.000000 0.000003
  time 86
    0 0.000005 -2.660156 -9.640625 -1.570760 -1.391893 -1.570827
    1 2.033348 1.000767 1.937659 2.905445 -0.685871 1.762711
    2 6.028141 0.000005 0.000002 -2.062657 -0.723130 -0.514107
    3 11.692560 0.000013 -0.000006 -0.204967 0.248560 -1.566981
    4 11.481678 0.000006 -0.000039 0.274186 -0.299698 1.158360
    5 3.281562 0.002118 -1.379481 0.061974 -0.163862 -1.179428
    6 1.324282 -0.000013 0.000002 0.000643 -0.013534 -0.443881
    7 0.815305 -0.000006 -0.000001 0.000001 -0.000003 -0.299131
    8 3.711852 0.109255 -0.568167 -0.018289 -0.152949 -1.191850
    9 1.609408 0.000008 -0.000006 -0.000789 -0.000557 -0.327219
    10 0.993192 -0.000006 0.000002 0.001614 0.001719 -0.285994
    11 3.786029 0.203227 0.243937 -0.047842 -0.104351 -1.075650
    12 1.684422 -0.000010 0.000009 0.000808 -0.008400 -0.210206
    13 1.252153 -0.000006 0.000003 0.000236 -0.000408 -0.512101
    14 3.594221 0.299551 1.109804 -0.074543 -0.121550 -0.646879
    15 1.719431 0.000000 -0.000006 -0.000004 0.000016 -0.447455
    16 1.005919 0.000000 0.000004 0.000005 0.000018 -0.433101
    17 0.298218 -0.634092 0.426701 -1.526669 -0.874331 -0.183907
    18 2.637462 0.000002 -0.000006 0.002083 0.021355 0.209275
    19 1.304664 0.000001 -0.000004 -0.008076 -0.031173 0.292754
    20 2.033356 1.000772 -1.937610 -0.128177 0.172990 -2.038336
    21 6.028142 0.000001 -0.000001 -0.583539 1.290049 -2.314496
    22 11.692555 0.000031 0.000001 0.058005 -0.047159 -1.783137
    23 11.481703 0.000105 0.000003 -0.569335 -0.567831 0.985296
    24 2.914335 -0.023167 1.400147 -0.002374 0.009105 -1.340561
    25 1.285218 0.000000 -0.000001 0.000002 0.031611 -0.484969
    26 0.842651 0.000002 0.000000 -0.049553 0.043777 -0.974485
    27 3.368059 0.007375 0.618550 0.028206 0.001622 -1.454663
    28 1.610352 -0.000006 0.000001 -0.000007 0.094857 -0.602665
    29 1.020535 -0.000004 -0.000002 0.012247 -0.013086 -1.191919
    30 3.555524 0.023917 -0.204473 -0.028954 0.012885 -1.480999
    31 1.666992 0.000000 0.000000 -0.000010 0.148680 -0.670364
    32 1.240436 0.000002 0.000006 0.000002 -0.000011 -1.488674
    33 3.449664 0.054213 -1.089087 0.056232 0.353310 -0.340441
    34 1.711616 0.000006 0.000011 0.004437 -0.006491 -0.850191
    35 1.005908 0.000002 0.000007 -0.001039 -0.014327 -0.140939
    36 0.079434 -0.738750 -0.759723 1.102591 0.725456 -0.630874
    37 2.512460 -0.000008 -0.000008 -0.000002 -0.000001 0.359163
    38 1.246066 0.449231 -0.140631 0.024225 0.001268 1.046586
    39 -6.593495 -15.356140 -8.398438 1.593846 0.087582 -3.169378
    40 0.000001 3.761717 -1.204106 0.000000 0.000000 0.000000
    41 0.000001 3.761716 -2.197272 0.000000 0.000000 0.000000
    42 0.000001 1.420890 -5.835940 0.000000 0.000000 0.000000
    43 -0.000751 -0.003515 -1.549599 0.000000 0.000000 0.000003
  time 87
    0 0.000005 -2.660156 -9.640625 -1.570760 -1.391893 -1.570827
    1 2.033348 1.000767 1.937659 2.927913 -0.639298 1.748875
    2 6.028141 0.000005 0.000002 -2.187445 -0.738394 -0.404004
    3 11.692560 0.000013 -0.000006 -0.163693 0.245037 -1.398402
    4 11.481678 0.000006 -0.000039 0.004842 -0.033294 0.912037
    5 3.277656 0.002118 -1.383387 0.055228 -0.105427 -1.321782
    6 1.324282 -0.000013 0.000002 0.001411 -0.008932 -0.783463
    7 0.815305 -0.000006 -0.000001 0.000001 -0.000003 -0.094130
    8 3.711852 0.109255 -0.568167 -0.002208 -0.151425 -1.289646
    9 1.609408 0.000008 -0.000006 -0.001717 0.001936 -0.635258
    10 0.993192 -0.000006 0.000002 0.001988 0.001479 -0.120037
    11 3.786029 0.203227 0.243937 -0.039273 -0.102613 -1.099765
    12 1.684422 -0.000010 0.000009 0.001770 -0.005979 -0.556744
    13 1.252153 -0.000006 0.000003 0.000118 -0.000205 -0.521825
    14 3.594221 0.299551 1.109804 -0.084938 -0.145807 -0.529892
    15 1.719431 0.000000 -0.000006 -0.000004 0.000016 -0.759102
    16 1.005919 0.000000 0.000004 0.000005 0.000018 -0.216119
    17 0.298218 -0.634092 0.426701 -1.385899 -0.897969 -0.262556
    18 2.637462 0.000002 -0.000006 0.004480 0.023237 0.281695
    19 1.304664 0.000001 -0.000004 -0.001724 -0.028441 0.089112
    20 2.033356 1.000772 -1.937610 -0.128177 0.172990 -2.038336
    21 6.028142 0.000001 -0.000001 -0.554709 1.294703 -2.281198
    22 11.692555 0.000031 0.000001 0.037943 -0.030405 -1.799807
    23 11.481703 0.000105 0.000003 -0.621695 -0.595023 1.001396
    24 2.914335 -0.027074 1.404053 -0.002603 0.009309 -1.340728
    25 1.285218 0.000000 -0.000001 0.000002 0.031611 -0.484969
    26 0.842651 0.000002 0.000000 -0.049553 0.043777 -0.974485
    27 3.368059 0.007375 0.622456 0.027966 0.001802 -1.454820
    28 1.610352 -0.000006 0.000001 -0.000007 0.094857 -0.602665
    29 1.020535 -0.000004 -0.000002 0.012247 -0.013086 -1.191919
    30 3.555524 0.023917 -0.204473 -0.029218 0.013053 -1.481163
    31 1.666992 0.000000 0.000000 -0.000010 0.148680 -0.670364
    32 1.240436 0.000002 0.000006 0.000002 -0.000011 -1.488674
    33 3.449664 0.054213 -1.089087 0.056182 0.352280 -0.341645
    34 1.711616 0.000006 0.000011 0.004389 -0.006935 -0.851533
    35 1.005908 0.000002 0.000007 -0.000787 -0.014483 -0.150687
    36 0.079434 -0.734843 -0.759723 1.102507 0.724944 -0.631404
    37 2.508554 -0.000008 -0.000008 -0.000002 -0.000001 0.359163
    38 1.246066 0.441418 -0.140631 0.024393 0.001041 1.040572
    39 -6.628653 -15.125665 -8.398438 1.582944 0.044208 -3.155517
    40 0.000001 3.761717 -1.204106 0.000000 0.000000 0.000000
    41 0.000001 3.761716 -2.197272 0.000000 0.000000 0.000000
    42 0.000001 1.420890 -5.835940 0.000000 0.000000 0.000000
    43 -0.000751 -0.003515 -1.549599 0.000000 0.000000 0.000003
  time 88
    0 0.000005 -2.660156 -9.640625 -1.570760 -1.391893 -1.570827
    1 2.033348 1.000767 1.937659 2.935479 -0.622790 1.744404
    2 6.028141 0.000005 0.000002 -2.285040 -0.793083 -0.298828
    3 11.692560 0.000013 -0.000006 -0.113693 0.231171 -1.187182
    4 11.481678 0.000006 -0.000039 -0.312693 0.197246 0.598172
    5 3.281562 0.002118 -1.379481 0.045477 -0.041320 -1.459820
    6 1.324282 -0.000013 0.000002 0.002241 -0.003359 -1.138764
    7 0.815305 -0.000006 -0.000001 0.000001 -0.000003 0.124350
    8 3.711852 0.109255 -0.568167 0.013120 -0.148379 -1.381918
    9 1.609408 0.000008 -0.000006 -0.002686 0.004596 -0.957642
    10 0.993192 -0.000006 0.000002 0.002421 0.001227 0.056362
    11 3.786029 0.203227 0.247844 -0.031575 -0.100432 -1.113637
    12 1.684422 -0.000010 0.000009 0.002753 -0.003522 -0.920678
    13 1.252153 -0.000006 0.000003 0.000000 0.000011 -0.532308
    14 3.594221 0.299551 1.113710 -0.095661 -0.169380 -0.394235
    15 1.719431 0.000000 -0.000006 -0.000004 0.000016 -1.085102
    16 1.005919 0.000000 0.000004 0.000005 0.000018 0.014416
    17 0.298218 -0.634092 0.426701 -1.231205 -0.917406 -0.349826
    18 2.637462 0.000002 -0.000006 0.007057 0.025047 0.360302
    19 1.308570 0.000001 -0.000004 0.004892 -0.025756 -0.126424
    20 2.033356 1.000772 -1.937610 -0.128177 0.172990 -2.038336
    21 6.028142 0.000001 -0.000001 -0.557632 1.317445 -2.290927
    22 11.692555 0.000031 0.000001 0.051881 -0.040256 -1.817026
    23 11.481703 0.000105 0.000003 -0.659103 -0.599725 1.007272
    24 2.914335 -0.023167 1.404053 -0.002374 0.009105 -1.340561
    25 1.285218 0.000000 -0.000001 0.000002 0.031596 -0.484969
    26 0.842651 0.000002 0.000000 -0.049553 0.043777 -0.974485
    27 3.368059 0.007375 0.618550 0.028206 0.001622 -1.454663
    28 1.610352 -0.000006 0.000001 -0.000007 0.094857 -0.602665
    29 1.020535 -0.000004 -0.000002 0.012247 -0.013086 -1.191919
    30 3.555524 0.023917 -0.204473 -0.028954 0.012885 -1.480999
    31 1.666992 0.000000 0.000000 -0.000010 0.148680 -0.670364
    32 1.240436 0.000002 0.000006 0.000002 -0.000011 -1.488674
    33 3.449664 0.054213 -1.089087 0.056006 0.350578 -0.342697
    34 1.711616 0.000006 0.000011 0.004342 -0.007426 -0.852974
    35 1.005908 0.000002 0.000007 -0.000535 -0.014651 -0.161120
    36 0.079434 -0.738750 -0.759723 1.102531 0.723791 -0.631551
    37 2.512460 -0.000008 -0.000008 -0.000002 -0.000001 0.359163
    38 1.249973 0.429699 -0.140631 0.024560 0.000801 1.034386
    39 -6.671623 -14.903002 -8.402345 1.570797 -0.000004 -3.141578
    40 0.000001 3.761717 -1.204106 0.000000 0.000000 0.000000
    41 0.000001 3.761716 -2.197272 0.000000 0.000000 0.000000
    42 0.000001 1.420890 -5.835940 0.000000 0.000000 0.000000
    43 -0.000751 -0.003515 -1.549599 0.000000 0.000000 0.000003
end
