// Created by Crowbar++ 0.74
version 1
nodes
  0 "ValveBiped.Bip01_Spine4" -1
  1 "ValveBiped.Bip01_L_Clavicle" 0
  2 "ValveBiped.Bip01_L_UpperArm" 1
  3 "ValveBiped.Bip01_L_Forearm" 2
  4 "ValveBiped.Bip01_L_Hand" 3
  5 "ValveBiped.Bip01_L_Finger4" 4
  6 "ValveBiped.Bip01_L_Finger41" 5
  7 "ValveBiped.Bip01_L_Finger42" 6
  8 "ValveBiped.Bip01_L_Finger3" 4
  9 "ValveBiped.Bip01_L_Finger31" 8
  10 "ValveBiped.Bip01_L_Finger32" 9
  11 "ValveBiped.Bip01_L_Finger2" 4
  12 "ValveBiped.Bip01_L_Finger21" 11
  13 "ValveBiped.Bip01_L_Finger22" 12
  14 "ValveBiped.Bip01_L_Finger1" 4
  15 "ValveBiped.Bip01_L_Finger11" 14
  16 "ValveBiped.Bip01_L_Finger12" 15
  17 "ValveBiped.Bip01_L_Finger0" 4
  18 "ValveBiped.Bip01_L_Finger01" 17
  19 "ValveBiped.Bip01_L_Finger02" 18
  20 "ValveBiped.Bip01_R_Clavicle" 0
  21 "ValveBiped.Bip01_R_UpperArm" 20
  22 "ValveBiped.Bip01_R_Forearm" 21
  23 "ValveBiped.Bip01_R_Hand" 22
  24 "ValveBiped.Bip01_R_Finger4" 23
  25 "ValveBiped.Bip01_R_Finger41" 24
  26 "ValveBiped.Bip01_R_Finger42" 25
  27 "ValveBiped.Bip01_R_Finger3" 23
  28 "ValveBiped.Bip01_R_Finger31" 27
  29 "ValveBiped.Bip01_R_Finger32" 28
  30 "ValveBiped.Bip01_R_Finger2" 23
  31 "ValveBiped.Bip01_R_Finger21" 30
  32 "ValveBiped.Bip01_R_Finger22" 31
  33 "ValveBiped.Bip01_R_Finger1" 23
  34 "ValveBiped.Bip01_R_Finger11" 33
  35 "ValveBiped.Bip01_R_Finger12" 34
  36 "ValveBiped.Bip01_R_Finger0" 23
  37 "ValveBiped.Bip01_R_Finger01" 36
  38 "ValveBiped.Bip01_R_Finger02" 37
  39 "ValveBiped.base" -1
  40 "ValveBiped.trigger" 39
  41 "ValveBiped.mag" 39
  42 "ValveBiped.handle" 39
  43 "ValveBiped.Bip01" -1
end
skeleton
  time 0
    0 0.000000 -0.000006 0.000000 -1.570781 -1.391896 -1.570809
    1 -7.253906 8.789063 1.904297 1.596636 -1.286515 2.942963
    2 6.028145 0.000003 0.000002 -0.184128 -0.964850 -2.503931
    3 11.692553 0.000081 -0.000005 -0.000003 0.000024 -0.696937
    4 11.481672 -0.000089 -0.000024 1.665363 -0.574058 0.497217
    5 3.988611 0.033370 -1.223226 -0.362413 -0.091426 -1.681954
    6 1.312563 -0.000008 0.000006 0.147710 0.025680 -0.152400
    7 0.729362 -0.000004 0.000003 0.013016 0.192434 -1.047146
    8 4.071238 0.222541 -0.462695 -0.051828 -0.102300 -1.448180
    9 1.539093 0.000006 -0.000007 0.138708 -0.037446 -0.870374
    10 1.196323 -0.000004 0.000002 0.141743 0.043054 -1.010023
    11 4.012598 0.129005 0.400192 0.175631 -0.141431 -1.276093
    12 1.719578 -0.000011 0.000009 0.224773 -0.191429 -1.195448
    13 1.209183 -0.000004 0.000003 0.227947 -0.119739 -0.778646
    14 3.988768 0.037824 1.301216 0.482877 -0.197268 -1.377640
    15 1.719431 0.000002 -0.000004 0.398505 -0.400737 -1.329311
    16 1.099676 -0.000006 0.000004 0.328575 -0.250567 -0.755122
    17 0.806042 -0.348928 1.321258 -1.205582 -0.237560 -0.882107
    18 1.789782 0.000002 -0.000006 -0.010668 0.069893 0.452648
    19 1.206999 0.000000 -0.000002 -0.006374 0.007549 0.988913
    20 -1.810547 -1.376953 -8.546875 -1.668474 1.286518 2.942953
    21 6.028141 0.000000 -0.000002 0.980168 0.813546 -1.480700
    22 11.692554 0.000000 -0.000001 -0.000002 0.000000 -1.225840
    23 11.481705 -0.000001 -0.000008 -1.460272 0.629229 0.459458
    24 3.859676 -0.132545 1.193109 0.473563 -0.219108 -1.143529
    25 1.312559 -0.000004 -0.000001 0.047900 -0.090990 -1.111184
    26 0.729367 0.000000 -0.000001 0.013393 0.015514 -0.841309
    27 3.942295 0.050347 0.431044 0.145906 -0.109044 -0.920673
    28 1.539106 0.000000 0.000001 0.040823 -0.064360 -1.308282
    29 1.196321 -0.000004 -0.000002 0.003604 0.012226 -1.196030
    30 3.883663 -0.050304 -0.431042 -0.106387 -0.058782 -0.784526
    31 1.719584 0.000002 0.000006 -0.006649 -0.018590 -1.384669
    32 1.209183 0.000004 0.000006 0.006366 -0.004577 -1.241195
    33 3.859833 -0.148919 -1.331283 -0.206274 0.193424 -0.160786
    34 1.719427 0.000008 0.000011 0.013414 -0.020753 -0.925452
    35 1.099665 0.000002 0.000008 0.191350 -0.092059 -0.366598
    36 0.806023 -0.359832 -1.318336 1.232719 0.230048 -0.733400
    37 1.789780 -0.000006 -0.000006 0.006110 -0.011698 0.192010
    38 1.207001 -0.000002 -0.000006 -0.001914 -0.006630 1.226087
    39 -6.483109 -20.643382 -3.830880 1.570789 0.000004 -0.000043
    40 0.000007 -1.946088 0.068031 0.000000 0.000000 0.000000
    41 0.000007 -3.415848 -1.741976 0.000000 0.000000 0.000000
    42 -0.000028 1.420049 -7.723435 0.000000 0.000000 0.000000
    43 -9.614098 0.000005 38.566917 1.570796 0.000000 -1.570796
  time 1
    0 0.000000 -0.000006 0.000000 -1.570781 -1.391896 -1.570809
    1 -7.253906 8.789063 1.904297 1.596636 -1.286515 2.942963
    2 6.028145 0.000003 0.000002 -0.224150 -0.962526 -2.456007
    3 11.692553 0.000081 -0.000005 -0.000015 0.000024 -0.744828
    4 11.481672 -0.000089 -0.000024 1.621546 -0.563651 0.511630
    5 3.988611 0.033370 -1.223226 -0.370574 -0.083456 -1.647758
    6 1.312563 -0.000008 0.000006 0.143575 0.024685 -0.158514
    7 0.729362 -0.000004 0.000003 0.017355 0.185219 -1.012894
    8 4.071238 0.222541 -0.462695 -0.057569 -0.098501 -1.420561
    9 1.539093 0.000006 -0.000007 0.134010 -0.038992 -0.844051
    10 1.196323 -0.000004 0.000002 0.137860 0.040022 -0.985568
    11 4.012598 0.129005 0.400192 0.170297 -0.136985 -1.246692
    12 1.719578 -0.000011 0.000009 0.212896 -0.187174 -1.159621
    13 1.209183 -0.000004 0.000003 0.217053 -0.117270 -0.754228
    14 3.988768 0.037824 1.301216 0.475482 -0.193146 -1.341524
    15 1.719431 0.000002 -0.000004 0.374022 -0.392941 -1.284261
    16 1.099676 -0.000006 0.000004 0.311916 -0.243532 -0.731448
    17 0.806042 -0.348928 1.321258 -1.204599 -0.250783 -0.881633
    18 1.789782 0.000002 -0.000006 -0.010573 0.068012 0.447686
    19 1.206999 0.000000 -0.000002 -0.006314 0.007214 0.968257
    20 -1.810547 -1.376953 -8.546875 -1.668474 1.286518 2.942953
    21 6.028141 0.000000 -0.000002 0.986861 0.811968 -1.473738
    22 11.692554 0.000000 -0.000001 -0.000002 0.000000 -1.230945
    23 11.481705 -0.000001 -0.000008 -1.456483 0.623825 0.458290
    24 3.859676 -0.132545 1.193109 0.473563 -0.219108 -1.143529
    25 1.312559 -0.000004 -0.000001 0.047900 -0.090990 -1.111184
    26 0.729367 0.000000 -0.000001 0.013393 0.015514 -0.841309
    27 3.942295 0.050347 0.431044 0.145906 -0.109044 -0.920673
    28 1.539106 0.000000 0.000001 0.040823 -0.064360 -1.308282
    29 1.196321 -0.000004 -0.000002 0.003604 0.012226 -1.196030
    30 3.883663 -0.050304 -0.431042 -0.106387 -0.058782 -0.784526
    31 1.719584 0.000002 0.000006 -0.006649 -0.018590 -1.384669
    32 1.209183 0.000004 0.000006 0.006366 -0.004577 -1.241195
    33 3.859833 -0.148919 -1.331283 -0.206559 0.192034 -0.161245
    34 1.719427 0.000008 0.000011 0.012970 -0.020657 -0.916383
    35 1.099665 0.000002 0.000008 0.190235 -0.092251 -0.363818
    36 0.806023 -0.359832 -1.318336 1.232707 0.230495 -0.733377
    37 1.789780 -0.000006 -0.000006 0.006110 -0.011638 0.190907
    38 1.207001 -0.000002 -0.000006 -0.001878 -0.006642 1.219317
    39 -6.561237 -20.623850 -3.819161 1.568112 -0.003725 0.002701
    40 0.000007 -1.946088 0.068031 0.000000 0.000000 0.000000
    41 0.000007 -3.415848 -1.741976 0.000000 0.000000 0.000000
    42 -0.000028 1.420049 -7.723435 0.000000 0.000000 0.000000
    43 -9.614098 0.000005 38.566917 1.570796 0.000000 -1.570796
  time 2
    0 0.000000 -0.000006 0.000000 -1.570781 -1.391896 -1.570809
    1 -7.253906 8.789063 1.904297 1.596636 -1.286515 2.942963
    2 6.028145 0.000003 0.000002 -0.322310 -0.954889 -2.339453
    3 11.692553 0.000081 -0.000005 -0.000015 0.000024 -0.864775
    4 11.481672 -0.000089 -0.000024 1.520418 -0.536739 0.545830
    5 3.988611 0.033370 -1.223226 -0.390948 -0.060877 -1.556906
    6 1.312563 -0.000008 0.000006 0.132226 0.022073 -0.175870
    7 0.729362 -0.000004 0.000003 0.027266 0.165181 -0.921992
    8 4.071238 0.222541 -0.462695 -0.072382 -0.087212 -1.347370
    9 1.539093 0.000006 -0.000007 0.121030 -0.042204 -0.774128
    10 1.196323 -0.000004 0.000002 0.126906 0.032387 -0.920577
    11 4.012598 0.129005 0.400192 0.156647 -0.124221 -1.168781
    12 1.719578 -0.000011 0.000009 0.181976 -0.173835 -1.064377
    13 1.209183 -0.000004 0.000003 0.188494 -0.109468 -0.689580
    14 3.988768 0.037824 1.301216 0.456511 -0.180909 -1.245436
    15 1.719431 0.000002 -0.000004 0.310803 -0.367108 -1.165291
    16 1.099676 -0.000006 0.000004 0.268736 -0.223027 -0.669437
    17 0.806042 -0.348928 1.321258 -1.202166 -0.286867 -0.879799
    18 1.789782 0.000002 -0.000006 -0.010237 0.062810 0.433616
    19 1.206999 0.000000 -0.000002 -0.006110 0.006315 0.912353
    20 -1.810547 -1.376953 -8.546875 -1.668474 1.286518 2.942953
    21 6.028141 0.000000 -0.000002 0.996423 0.809361 -1.463839
    22 11.692554 0.000000 -0.000001 -0.000002 0.000000 -1.238763
    23 11.481705 -0.000001 -0.000008 -1.447187 0.613856 0.451881
    24 3.859676 -0.132545 1.193109 0.473563 -0.219108 -1.143529
    25 1.312559 -0.000004 -0.000001 0.047900 -0.090990 -1.111184
    26 0.729367 0.000000 -0.000001 0.013393 0.015514 -0.841309
    27 3.942295 0.050347 0.431044 0.145906 -0.109044 -0.920673
    28 1.539106 0.000000 0.000001 0.040823 -0.064360 -1.308282
    29 1.196321 -0.000004 -0.000002 0.003604 0.012226 -1.196030
    30 3.883663 -0.050304 -0.431042 -0.106387 -0.058782 -0.784526
    31 1.719584 0.000002 0.000006 -0.006649 -0.018590 -1.384669
    32 1.209183 0.000004 0.000006 0.006366 -0.004577 -1.241195
    33 3.859833 -0.148919 -1.331283 -0.207339 0.188091 -0.162548
    34 1.719427 0.000008 0.000011 0.011724 -0.020369 -0.890645
    35 1.099665 0.000002 0.000008 0.187072 -0.092790 -0.355884
    36 0.806023 -0.359832 -1.318336 1.232683 0.231795 -0.733305
    37 1.789780 -0.000006 -0.000006 0.006122 -0.011446 0.187720
    38 1.207001 -0.000002 -0.000006 -0.001770 -0.006666 1.199743
    39 -6.674521 -20.576973 -3.776191 1.559679 -0.014829 0.010454
    40 0.000007 -1.946088 0.068031 0.000000 0.000000 0.000000
    41 0.000007 -3.415848 -1.741976 0.000000 0.000000 0.000000
    42 -0.000028 1.420049 -7.723435 0.000000 0.000000 0.000000
    43 -9.614098 0.000005 38.566917 1.570796 0.000000 -1.570796
  time 3
    0 0.000000 -0.000006 0.000000 -1.570781 -1.391896 -1.570809
    1 -7.253906 8.789063 1.904297 1.596636 -1.286515 2.942963
    2 6.028145 0.000003 0.000002 -0.429557 -0.939748 -2.212692
    3 11.692553 0.000081 -0.000005 -0.000015 0.000036 -1.003741
    4 11.481672 -0.000089 -0.000024 1.408383 -0.506611 0.577913
    5 3.988611 0.033370 -1.223226 -0.416415 -0.025426 -1.427382
    6 1.312563 -0.000008 0.000006 0.115256 0.018333 -0.203079
    7 0.729362 -0.000004 0.000003 0.037381 0.134848 -0.792387
    8 4.071238 0.222541 -0.462695 -0.092205 -0.068360 -1.243436
    9 1.539093 0.000006 -0.000007 0.101615 -0.044577 -0.674301
    10 1.196323 -0.000004 0.000002 0.109828 0.022620 -0.827923
    11 4.012598 0.129005 0.400192 0.138766 -0.103787 -1.057867
    12 1.719578 -0.000011 0.000009 0.139982 -0.149830 -0.928729
    13 1.209183 -0.000004 0.000003 0.148825 -0.095219 -0.598041
    14 3.988768 0.037824 1.301216 0.431391 -0.160404 -1.108146
    15 1.719431 0.000002 -0.000004 0.227114 -0.317963 -0.998748
    16 1.099676 -0.000006 0.000004 0.209915 -0.189446 -0.583169
    17 0.806042 -0.348928 1.321258 -1.199194 -0.340460 -0.875969
    18 1.789782 0.000002 -0.000006 -0.009614 0.054972 0.411720
    19 1.206999 0.000000 -0.000002 -0.005679 0.005045 0.830328
    20 -1.810547 -1.376953 -8.546875 -1.668474 1.286518 2.942953
    21 6.028141 0.000000 -0.000002 1.007388 0.806431 -1.452429
    22 11.692554 0.000000 -0.000001 -0.000002 0.000000 -1.247099
    23 11.481705 -0.000001 -0.000008 -1.433041 0.601310 0.437980
    24 3.859676 -0.132545 1.193109 0.473563 -0.219108 -1.143529
    25 1.312559 -0.000004 -0.000001 0.047900 -0.090990 -1.111184
    26 0.729367 0.000000 -0.000001 0.013393 0.015514 -0.841309
    27 3.942295 0.050347 0.431044 0.145906 -0.109044 -0.920673
    28 1.539106 0.000000 0.000001 0.040823 -0.064360 -1.308282
    29 1.196321 -0.000004 -0.000002 0.003604 0.012226 -1.196030
    30 3.883663 -0.050304 -0.431042 -0.106387 -0.058782 -0.784526
    31 1.719584 0.000002 0.000006 -0.006649 -0.018590 -1.384669
    32 1.209183 0.000004 0.000006 0.006366 -0.004577 -1.241195
    33 3.859833 -0.148919 -1.331283 -0.208539 0.181955 -0.164577
    34 1.719427 0.000008 0.000011 0.009794 -0.019854 -0.850410
    35 1.099665 0.000002 0.000008 0.182158 -0.093569 -0.343564
    36 0.806023 -0.359832 -1.318336 1.232648 0.233879 -0.733185
    37 1.789780 -0.000006 -0.000006 0.006122 -0.011147 0.182686
    38 1.207001 -0.000002 -0.000006 -0.001614 -0.006690 1.168579
    39 -6.815151 -20.498846 -3.694157 1.544074 -0.033059 0.022187
    40 0.000007 -1.946088 0.068031 0.000000 0.000000 0.000000
    41 0.000007 -3.415848 -1.741976 0.000000 0.000000 0.000000
    42 -0.000028 1.420049 -7.723435 0.000000 0.000000 0.000000
    43 -9.614098 0.000005 38.566917 1.570796 0.000000 -1.570796
  time 4
    0 0.000000 -0.000006 0.000000 -1.570781 -1.391896 -1.570809
    1 -7.253906 8.789063 1.904297 1.596636 -1.286515 2.942963
    2 6.028145 0.000003 0.000002 -0.512034 -0.921055 -2.114888
    3 11.692553 0.000081 -0.000005 -0.000027 0.000036 -1.129463
    4 11.481672 -0.000089 -0.000024 1.332106 -0.485767 0.600265
    5 3.988611 0.033370 -1.223226 -0.439917 0.019348 -1.278458
    6 1.312563 -0.000008 0.000006 0.094271 0.013875 -0.238751
    7 0.729362 -0.000004 0.000003 0.042702 0.098199 -0.643304
    8 4.071238 0.222541 -0.462695 -0.112722 -0.042617 -1.124382
    9 1.539093 0.000006 -0.000007 0.078125 -0.043762 -0.559083
    10 1.196323 -0.000004 0.000002 0.088028 0.013236 -0.720979
    11 4.012598 0.129005 0.400192 0.120789 -0.077170 -0.930410
    12 1.719578 -0.000011 0.000009 0.095735 -0.115410 -0.773456
    13 1.209183 -0.000004 0.000003 0.105021 -0.074413 -0.493414
    14 3.988768 0.037824 1.301216 0.405900 -0.132743 -0.950229
    15 1.719431 0.000002 -0.000004 0.143365 -0.245504 -0.814021
    16 1.099676 -0.000006 0.000004 0.146445 -0.144827 -0.486978
    17 0.806042 -0.348928 1.321258 -1.196797 -0.406116 -0.869356
    18 1.789782 0.000002 -0.000006 -0.008607 0.045157 0.383245
    19 1.206999 0.000000 -0.000002 -0.004960 0.003594 0.731595
    20 -1.810547 -1.376953 -8.546875 -1.668474 1.286518 2.942953
    21 6.028141 0.000000 -0.000002 1.018480 0.804048 -1.441188
    22 11.692554 0.000000 -0.000001 -0.000002 0.000000 -1.253625
    23 11.481705 -0.000001 -0.000008 -1.414955 0.588485 0.414195
    24 3.859676 -0.132545 1.193109 0.473563 -0.219108 -1.143529
    25 1.312559 -0.000004 -0.000001 0.047900 -0.090990 -1.111184
    26 0.729367 0.000000 -0.000001 0.013393 0.015514 -0.841309
    27 3.942295 0.050347 0.431044 0.145906 -0.109044 -0.920673
    28 1.539106 0.000000 0.000001 0.040823 -0.064360 -1.308282
    29 1.196321 -0.000004 -0.000002 0.003604 0.012226 -1.196030
    30 3.883663 -0.050304 -0.431042 -0.106387 -0.058782 -0.784526
    31 1.719584 0.000002 0.000006 -0.006649 -0.018590 -1.384669
    32 1.209183 0.000004 0.000006 0.006366 -0.004577 -1.241195
    33 3.859833 -0.148919 -1.331283 -0.210084 0.173985 -0.167184
    34 1.719427 0.000008 0.000011 0.007302 -0.019063 -0.797814
    35 1.099665 0.000002 0.000008 0.175770 -0.094492 -0.327577
    36 0.806023 -0.359832 -1.318336 1.232600 0.236654 -0.733041
    37 1.789780 -0.000006 -0.000006 0.006122 -0.010751 0.175999
    38 1.207001 -0.000002 -0.000006 -0.001398 -0.006726 1.126903
    39 -6.975312 -20.397280 -3.576966 1.519632 -0.057835 0.037144
    40 0.000007 -1.946088 0.068031 0.000000 0.000000 0.000000
    41 0.000007 -3.415848 -1.741976 0.000000 0.000000 0.000000
    42 -0.000028 1.420049 -7.723435 0.000000 0.000000 0.000000
    43 -9.614098 0.000005 38.566917 1.570796 0.000000 -1.570796
  time 5
    0 0.000000 -0.000006 0.000000 -1.570781 -1.391896 -1.570809
    1 -7.253906 8.789063 1.904297 1.596636 -1.286515 2.942963
    2 6.028145 0.000003 0.000002 -0.546431 -0.905283 -2.071307
    3 11.692553 0.000081 -0.000005 -0.000027 0.000036 -1.220412
    4 11.481672 -0.000089 -0.000024 1.337017 -0.485464 0.612194
    5 3.988611 0.033370 -1.223226 -0.456540 0.067107 -1.130318
    6 1.312563 -0.000008 0.000006 0.070805 0.009141 -0.281522
    7 0.729362 -0.000004 0.000003 0.040413 0.060903 -0.494917
    8 4.071238 0.222541 -0.462695 -0.130280 -0.012104 -1.006308
    9 1.539093 0.000006 -0.000007 0.053533 -0.038417 -0.443832
    10 1.196323 -0.000004 0.000002 0.063591 0.006057 -0.613827
    11 4.012598 0.129005 0.400192 0.105904 -0.047268 -0.803550
    12 1.719578 -0.000011 0.000009 0.056905 -0.074747 -0.620387
    13 1.209183 -0.000004 0.000003 0.063698 -0.049186 -0.389971
    14 3.988768 0.037824 1.301216 0.384639 -0.101547 -0.793629
    15 1.719431 0.000002 -0.000004 0.075791 -0.159839 -0.639017
    16 1.099676 -0.000006 0.000004 0.087936 -0.094504 -0.394399
    17 0.806042 -0.348928 1.321258 -1.196246 -0.478364 -0.858896
    18 1.789782 0.000002 -0.000006 -0.007133 0.034083 0.349448
    19 1.206999 0.000000 -0.000002 -0.003953 0.002192 0.625854
    20 -1.810547 -1.376953 -8.546875 -1.668474 1.286518 2.942953
    21 6.028141 0.000000 -0.000002 1.028106 0.803211 -1.431876
    22 11.692554 0.000000 -0.000001 -0.000002 0.000000 -1.256209
    23 11.481705 -0.000001 -0.000008 -1.393837 0.577872 0.378872
    24 3.859676 -0.132545 1.193109 0.473563 -0.219108 -1.143529
    25 1.312559 -0.000004 -0.000001 0.047900 -0.090990 -1.111184
    26 0.729367 0.000000 -0.000001 0.013393 0.015514 -0.841309
    27 3.942295 0.050347 0.431044 0.145906 -0.109044 -0.920673
    28 1.539106 0.000000 0.000001 0.040823 -0.064360 -1.308282
    29 1.196321 -0.000004 -0.000002 0.003604 0.012226 -1.196030
    30 3.883663 -0.050304 -0.431042 -0.106387 -0.058782 -0.784526
    31 1.719584 0.000002 0.000006 -0.006649 -0.018590 -1.384669
    32 1.209183 0.000004 0.000006 0.006366 -0.004577 -1.241195
    33 3.859833 -0.148919 -1.331283 -0.211884 0.164565 -0.170250
    34 1.719427 0.000008 0.000011 0.004377 -0.017948 -0.735099
    35 1.099665 0.000002 0.000008 0.168184 -0.095463 -0.308642
    36 0.806023 -0.359832 -1.318336 1.232552 0.240052 -0.732861
    37 1.789780 -0.000006 -0.000006 0.006122 -0.010248 0.167909
    38 1.207001 -0.000002 -0.000006 -0.001135 -0.006749 1.075849
    39 -7.147192 -20.280089 -3.412898 1.485089 -0.088412 0.054433
    40 0.000007 -1.946088 0.068031 0.000000 0.000000 0.000000
    41 0.000007 -3.415848 -1.741976 0.000000 0.000000 0.000000
    42 -0.000028 1.420049 -7.723435 0.000000 0.000000 0.000000
    43 -9.614098 0.000005 38.566917 1.570796 0.000000 -1.570796
  time 6
    0 0.000000 -0.000006 0.000000 -1.570781 -1.391896 -1.570809
    1 -7.253906 8.789063 1.904297 1.596636 -1.286515 2.942963
    2 6.028145 0.000003 0.000002 -0.544971 -0.893595 -2.067687
    3 11.692553 0.000081 -0.000005 -0.000027 0.000036 -1.282112
    4 11.481672 -0.000089 -0.000024 1.407783 -0.496022 0.611584
    5 3.988611 0.033370 -1.223226 -0.465109 0.109904 -1.002665
    6 1.312563 -0.000008 0.000006 0.046380 0.004719 -0.330079
    7 0.729362 -0.000004 0.000003 0.030753 0.029084 -0.367009
    8 4.071238 0.222541 -0.462695 -0.142708 0.019811 -0.905048
    9 1.539093 0.000006 -0.000007 0.030846 -0.028505 -0.343974
    10 1.196323 -0.000004 0.000002 0.039095 0.001863 -0.520799
    11 4.012598 0.129005 0.400192 0.095562 -0.018062 -0.693984
    12 1.719578 -0.000011 0.000009 0.027854 -0.035353 -0.489959
    13 1.209183 -0.000004 0.000003 0.030141 -0.023970 -0.301228
    14 3.988768 0.037824 1.301216 0.369622 -0.072329 -0.659411
    15 1.719431 0.000002 -0.000004 0.031059 -0.078251 -0.495259
    16 1.099676 -0.000006 0.000004 0.041316 -0.046746 -0.316885
    17 0.806042 -0.348928 1.321258 -1.199158 -0.551650 -0.843198
    18 1.789782 0.000002 -0.000006 -0.005168 0.022398 0.311577
    19 1.206999 0.000000 -0.000002 -0.002707 0.001030 0.522937
    20 -1.810547 -1.376953 -8.546875 -1.668474 1.286518 2.942953
    21 6.028141 0.000000 -0.000002 1.034927 0.804918 -1.425836
    22 11.692554 0.000000 -0.000001 -0.000002 0.000000 -1.253883
    23 11.481705 -0.000001 -0.000008 -1.370244 0.571683 0.333324
    24 3.859676 -0.132545 1.193109 0.473563 -0.219108 -1.143529
    25 1.312559 -0.000004 -0.000001 0.047900 -0.090990 -1.111184
    26 0.729367 0.000000 -0.000001 0.013393 0.015514 -0.841309
    27 3.942295 0.050347 0.431044 0.145906 -0.109044 -0.920673
    28 1.539106 0.000000 0.000001 0.040823 -0.064360 -1.308282
    29 1.196321 -0.000004 -0.000002 0.003604 0.012226 -1.196030
    30 3.883663 -0.050304 -0.431042 -0.106387 -0.058782 -0.784526
    31 1.719584 0.000002 0.000006 -0.006649 -0.018590 -1.384669
    32 1.209183 0.000004 0.000006 0.006366 -0.004577 -1.241195
    33 3.859833 -0.148919 -1.331283 -0.213834 0.154031 -0.173641
    34 1.719427 0.000008 0.000011 0.001201 -0.016486 -0.664574
    35 1.099665 0.000002 0.000008 0.159687 -0.096361 -0.287454
    36 0.806023 -0.359832 -1.318336 1.232480 0.243992 -0.732669
    37 1.789780 -0.000006 -0.000006 0.006110 -0.009685 0.158609
    38 1.207001 -0.000002 -0.000006 -0.000823 -0.006761 1.016602
    39 -7.330791 -20.143366 -3.209767 1.440901 -0.123753 0.073233
    40 0.000007 -1.946088 0.068031 0.000000 0.000000 0.000000
    41 0.000007 -3.415848 -1.741976 0.000000 0.000000 0.000000
    42 -0.000028 1.420049 -7.723435 0.000000 0.000000 0.000000
    43 -9.614098 0.000005 38.566917 1.570796 0.000000 -1.570796
  time 7
    0 0.000000 -0.000006 0.000000 -1.570781 -1.391896 -1.570809
    1 -7.253906 8.789063 1.904297 1.596636 -1.286515 2.942963
    2 6.028145 0.000003 0.000002 -0.535127 -0.883004 -2.073407
    3 11.692553 0.000081 -0.000005 -0.000027 0.000036 -1.334899
    4 11.481672 -0.000089 -0.000024 1.494068 -0.498904 0.602871
    5 3.988611 0.033370 -1.223226 -0.467817 0.140165 -0.913634
    6 1.312563 -0.000008 0.000006 0.022351 0.001363 -0.383208
    7 0.729362 -0.000004 0.000003 0.016264 0.007667 -0.277804
    8 4.071238 0.222541 -0.462695 -0.149599 0.049365 -0.835273
    9 1.539093 0.000006 -0.000007 0.012486 -0.015178 -0.274083
    10 1.196323 -0.000004 0.000002 0.017127 0.000233 -0.455433
    11 4.012598 0.129005 0.400192 0.089366 0.006243 -0.617240
    12 1.719578 -0.000011 0.000009 0.009254 -0.005919 -0.400002
    13 1.209183 -0.000004 0.000003 0.008018 -0.004567 -0.239521
    14 3.988768 0.037824 1.301216 0.360155 -0.050960 -0.566473
    15 1.719431 0.000002 -0.000004 0.007330 -0.018653 -0.398591
    16 1.099676 -0.000006 0.000004 0.010947 -0.011199 -0.263957
    17 0.806042 -0.348928 1.321258 -1.207344 -0.620434 -0.820478
    18 1.789782 0.000002 -0.000006 -0.002747 0.010821 0.270853
    19 1.206999 0.000000 -0.000002 -0.001340 0.000263 0.432284
    20 -1.810547 -1.376953 -8.546875 -1.668474 1.286518 2.942953
    21 6.028141 0.000000 -0.000002 1.038369 0.809296 -1.423823
    22 11.692554 0.000000 -0.000001 -0.000002 0.000000 -1.248908
    23 11.481705 -0.000001 -0.000008 -1.343671 0.570451 0.285610
    24 3.859676 -0.132545 1.193109 0.473563 -0.219108 -1.143529
    25 1.312559 -0.000004 -0.000001 0.047900 -0.090990 -1.111184
    26 0.729367 0.000000 -0.000001 0.013393 0.015514 -0.841309
    27 3.942295 0.050347 0.431044 0.145906 -0.109044 -0.920673
    28 1.539106 0.000000 0.000001 0.040823 -0.064360 -1.308282
    29 1.196321 -0.000004 -0.000002 0.003604 0.012226 -1.196030
    30 3.883663 -0.050304 -0.431042 -0.106387 -0.058782 -0.784526
    31 1.719584 0.000002 0.000006 -0.006649 -0.018590 -1.384669
    32 1.209183 0.000004 0.000006 0.006366 -0.004577 -1.241195
    33 3.859833 -0.148919 -1.331283 -0.215904 0.142765 -0.177255
    34 1.719427 0.000008 0.000011 -0.002094 -0.014665 -0.588727
    35 1.099665 0.000002 0.000008 0.150578 -0.097128 -0.264804
    36 0.806023 -0.359832 -1.318336 1.232408 0.248391 -0.732466
    37 1.789780 -0.000006 -0.000006 0.006098 -0.009038 0.148326
    38 1.207001 -0.000002 -0.000006 -0.000487 -0.006761 0.950400
    39 -7.514391 -19.998831 -2.963666 1.391562 -0.162699 0.092855
    40 0.000007 -1.946088 0.068031 0.000000 0.000000 0.000000
    41 0.000007 -3.415848 -1.741976 0.000000 0.000000 0.000000
    42 -0.000028 1.420049 -7.723435 0.000000 0.000000 0.000000
    43 -9.614098 0.000005 38.566917 1.570796 0.000000 -1.570796
  time 8
    0 0.000000 -0.000006 0.000000 -1.570781 -1.391896 -1.570809
    1 -7.253906 8.789063 1.904297 1.596636 -1.286515 2.942963
    2 6.028145 0.000003 0.000002 -0.521120 -0.870984 -2.083035
    3 11.692553 0.000081 -0.000005 -0.000039 0.000036 -1.383732
    4 11.481672 -0.000089 -0.000024 1.586425 -0.495779 0.599044
    5 3.988611 0.033370 -1.223226 -0.468129 0.151538 -0.880197
    6 1.312563 -0.000008 0.000006 0.000000 -0.000003 -0.439723
    7 0.729362 -0.000004 0.000003 0.000001 -0.000003 -0.244304
    8 4.071238 0.222541 -0.462695 -0.151780 0.073202 -0.810991
    9 1.539093 0.000006 -0.000007 -0.000002 0.000006 -0.247791
    10 1.196323 -0.000004 0.000002 0.000001 -0.000007 -0.430811
    11 4.012598 0.129005 0.400192 0.085902 0.021835 -0.587865
    12 1.719578 -0.000011 0.000009 0.000002 0.005514 -0.366480
    13 1.209183 -0.000004 0.000003 0.000000 0.003091 -0.216394
    14 3.988768 0.037824 1.301216 0.354450 -0.042751 -0.531725
    15 1.719431 0.000002 -0.000004 -0.000004 0.004079 -0.363004
    16 1.099676 -0.000006 0.000004 0.000005 0.002595 -0.244332
    17 0.806042 -0.348928 1.321258 -1.222684 -0.679216 -0.788820
    18 1.789782 0.000002 -0.000006 -0.000002 -0.000001 0.228524
    19 1.206999 0.000000 -0.000002 0.000002 -0.000001 0.362862
    20 -1.810547 -1.376953 -8.546875 -1.668474 1.286518 2.942953
    21 6.028141 0.000000 -0.000002 1.039070 0.815027 -1.424662
    22 11.692554 0.000000 -0.000001 -0.000002 0.000000 -1.247939
    23 11.481705 -0.000001 -0.000008 -1.312045 0.572299 0.250886
    24 3.859676 -0.132545 1.193109 0.473563 -0.219108 -1.143529
    25 1.312559 -0.000004 -0.000001 0.047900 -0.090990 -1.111184
    26 0.729367 0.000000 -0.000001 0.013393 0.015514 -0.841309
    27 3.942295 0.050347 0.431044 0.145906 -0.109044 -0.920673
    28 1.539106 0.000000 0.000001 0.040823 -0.064360 -1.308282
    29 1.196321 -0.000004 -0.000002 0.003604 0.012226 -1.196030
    30 3.883663 -0.050304 -0.431042 -0.106387 -0.058782 -0.784526
    31 1.719584 0.000002 0.000006 -0.006649 -0.018590 -1.384669
    32 1.209183 0.000004 0.000006 0.006366 -0.004577 -1.241195
    33 3.859833 -0.148919 -1.331283 -0.217973 0.131116 -0.180943
    34 1.719427 0.000008 0.000011 -0.005354 -0.012519 -0.510183
    35 1.099665 0.000002 0.000008 0.141159 -0.097716 -0.241411
    36 0.806023 -0.359832 -1.318336 1.232312 0.253170 -0.732262
    37 1.789780 -0.000006 -0.000006 0.006074 -0.008342 0.137276
    38 1.207001 -0.000002 -0.000006 -0.000116 -0.006726 0.878614
    39 -7.694084 -19.846482 -2.678501 1.346364 -0.203883 0.112409
    40 0.000007 -1.946088 0.068031 0.000000 0.000000 0.000000
    41 0.000007 -3.415848 -1.741976 0.000000 0.000000 0.000000
    42 -0.000028 1.420049 -7.723435 0.000000 0.000000 0.000000
    43 -9.614098 0.000005 38.566917 1.570796 0.000000 -1.570796
  time 9
    0 0.000000 -0.000006 0.000000 -1.570781 -1.391896 -1.570809
    1 -7.253906 8.789063 1.904297 1.596636 -1.286515 2.942963
    2 6.028145 0.000003 0.000002 -0.505598 -0.855511 -2.092663
    3 11.692553 0.000081 -0.000005 -0.000039 0.000036 -1.432815
    4 11.481672 -0.000089 -0.000024 1.676345 -0.491562 0.610973
    5 3.988611 0.033370 -1.223226 -0.469040 0.153024 -0.891427
    6 1.312563 -0.000008 0.000006 -0.019943 0.004995 -0.498663
    7 0.729362 -0.000004 0.000003 -0.016502 0.004863 -0.254070
    8 4.071238 0.222541 -0.462695 -0.152895 0.091814 -0.824787
    9 1.539093 0.000006 -0.000007 -0.008667 0.015802 -0.258754
    10 1.196323 -0.000004 0.000002 -0.013002 0.001815 -0.441809
    11 4.012598 0.129005 0.400192 0.083229 0.032118 -0.598236
    12 1.719578 -0.000011 0.000009 -0.004444 0.005478 -0.377665
    13 1.209183 -0.000004 0.000003 0.000240 0.002696 -0.227581
    14 3.988768 0.037824 1.301216 0.350471 -0.041061 -0.542800
    15 1.719431 0.000002 -0.000004 0.000020 0.001102 -0.373803
    16 1.099676 -0.000006 0.000004 0.001347 -0.000593 -0.254947
    17 0.806042 -0.348928 1.321258 -1.245059 -0.728145 -0.749043
    18 1.789782 0.000002 -0.000006 0.002922 -0.009541 0.185667
    19 1.206999 0.000000 -0.000002 0.001224 0.000035 0.311090
    20 -1.810547 -1.376953 -8.546875 -1.668474 1.286518 2.942953
    21 6.028141 0.000000 -0.000002 1.038752 0.819985 -1.426340
    22 11.692554 0.000000 -0.000001 -0.000002 0.000000 -1.257372
    23 11.481705 -0.000001 -0.000008 -1.273851 0.574035 0.241828
    24 3.859676 -0.132545 1.193109 0.473563 -0.219108 -1.143529
    25 1.312559 -0.000004 -0.000001 0.047900 -0.090990 -1.111184
    26 0.729367 0.000000 -0.000001 0.013393 0.015514 -0.841309
    27 3.942295 0.050347 0.431044 0.145906 -0.109044 -0.920673
    28 1.539106 0.000000 0.000001 0.040823 -0.064360 -1.308282
    29 1.196321 -0.000004 -0.000002 0.003604 0.012226 -1.196030
    30 3.883663 -0.050304 -0.431042 -0.106387 -0.058782 -0.784526
    31 1.719584 0.000002 0.000006 -0.006649 -0.018590 -1.384669
    32 1.209183 0.000004 0.000006 0.006366 -0.004577 -1.241195
    33 3.859833 -0.148919 -1.331283 -0.220013 0.119467 -0.184601
    34 1.719427 0.000008 0.000011 -0.008446 -0.010122 -0.431675
    35 1.099665 0.000002 0.000008 0.131727 -0.098075 -0.217994
    36 0.806023 -0.359832 -1.318336 1.232228 0.258247 -0.732058
    37 1.789780 -0.000006 -0.000006 0.006038 -0.007599 0.125675
    38 1.207001 -0.000002 -0.000006 0.000268 -0.006666 0.802744
    39 -7.862058 -19.694134 -2.369898 1.313589 -0.246102 0.131208
    40 0.000007 -1.946088 0.068031 0.000000 0.000000 0.000000
    41 0.000007 -3.415848 -1.741976 0.000000 0.000000 0.000000
    42 -0.000028 1.420049 -7.723435 0.000000 0.000000 0.000000
    43 -9.614098 0.000005 38.566917 1.570796 0.000000 -1.570796
  time 10
    0 0.000000 -0.000006 0.000000 -1.570781 -1.391896 -1.570809
    1 -7.253906 8.789063 1.904297 1.596636 -1.286515 2.942963
    2 6.028145 0.000003 0.000002 -0.489860 -0.835689 -2.100337
    3 11.692553 0.000081 -0.000005 -0.000039 0.000036 -1.483719
    4 11.481672 -0.000089 -0.000024 1.759593 -0.490439 0.641183
    5 3.988611 0.033370 -1.223226 -0.471712 0.157159 -0.922841
    6 1.312563 -0.000008 0.000006 -0.038231 0.018897 -0.559397
    7 0.729362 -0.000004 0.000003 -0.033244 0.018166 -0.281561
    8 4.071238 0.222541 -0.462695 -0.155951 0.107778 -0.857861
    9 1.539093 0.000006 -0.000007 -0.016541 0.031681 -0.289443
    10 1.196323 -0.000004 0.000002 -0.024196 0.006680 -0.472555
    11 4.012598 0.129005 0.400192 0.080149 0.042640 -0.628829
    12 1.719578 -0.000011 0.000009 -0.008339 0.005298 -0.409018
    13 1.209183 -0.000004 0.000003 0.000947 0.001605 -0.258811
    14 3.988768 0.037824 1.301216 0.346912 -0.036387 -0.573779
    15 1.719431 0.000002 -0.000004 0.000300 -0.007238 -0.404009
    16 1.099676 -0.000006 0.000004 0.005314 -0.009414 -0.284749
    17 0.806042 -0.348928 1.321258 -1.272911 -0.771022 -0.703586
    18 1.789782 0.000002 -0.000006 0.005918 -0.017750 0.142930
    19 1.206999 0.000000 -0.000002 0.002327 0.000143 0.267292
    20 -1.810547 -1.376953 -8.546875 -1.668474 1.286518 2.942953
    21 6.028141 0.000000 -0.000002 1.038369 0.822979 -1.427430
    22 11.692554 0.000000 -0.000001 -0.000002 0.000000 -1.278437
    23 11.481705 -0.000001 -0.000008 -1.229949 0.573587 0.260002
    24 3.859676 -0.132545 1.193109 0.473563 -0.219108 -1.143529
    25 1.312559 -0.000004 -0.000001 0.047900 -0.090990 -1.111184
    26 0.729367 0.000000 -0.000001 0.013393 0.015514 -0.841309
    27 3.942295 0.050347 0.431044 0.145906 -0.109044 -0.920673
    28 1.539106 0.000000 0.000001 0.040823 -0.064360 -1.308282
    29 1.196321 -0.000004 -0.000002 0.003604 0.012226 -1.196030
    30 3.883663 -0.050304 -0.431042 -0.106387 -0.058782 -0.784526
    31 1.719584 0.000002 0.000006 -0.006649 -0.018590 -1.384669
    32 1.209183 0.000004 0.000006 0.006366 -0.004577 -1.241195
    33 3.859833 -0.148919 -1.331283 -0.221933 0.108178 -0.188126
    34 1.719427 0.000008 0.000011 -0.011239 -0.007594 -0.355898
    35 1.099665 0.000002 0.000008 0.122582 -0.098207 -0.195319
    36 0.806023 -0.359832 -1.318336 1.232120 0.263553 -0.731866
    37 1.789780 -0.000006 -0.000006 0.006002 -0.006832 0.113763
    38 1.207001 -0.000002 -0.000006 0.000663 -0.006570 0.724372
    39 -8.022219 -19.541785 -2.053482 1.295863 -0.287989 0.148292
    40 0.000007 -1.946088 0.068031 0.000000 0.000000 0.000000
    41 0.000007 -3.415848 -1.741976 0.000000 0.000000 0.000000
    42 -0.000028 1.420049 -7.723435 0.000000 0.000000 0.000000
    43 -9.614098 0.000005 38.566917 1.570796 0.000000 -1.570796
  time 11
    0 0.000000 -0.000006 0.000000 -1.570781 -1.391896 -1.570809
    1 -7.253906 8.789063 1.904297 1.596636 -1.286515 2.942963
    2 6.028145 0.000003 0.000002 -0.475582 -0.812645 -2.104753
    3 11.692553 0.000081 -0.000005 -0.000039 0.000036 -1.536130
    4 11.481672 -0.000089 -0.000024 1.835270 -0.492442 0.685073
    5 3.988611 0.033370 -1.223226 -0.476051 0.163319 -0.971074
    6 1.312563 -0.000008 0.000006 -0.055776 0.040073 -0.621191
    7 0.729362 -0.000004 0.000003 -0.050670 0.037988 -0.323965
    8 4.071238 0.222541 -0.462695 -0.160960 0.121164 -0.906981
    9 1.539093 0.000006 -0.000007 -0.024139 0.047249 -0.336467
    10 1.196323 -0.000004 0.000002 -0.034011 0.013811 -0.519799
    11 4.012598 0.129005 0.400192 0.076434 0.053175 -0.676224
    12 1.719578 -0.000011 0.000009 -0.011731 0.004891 -0.457047
    13 1.209183 -0.000004 0.000003 0.002085 -0.000037 -0.306750
    14 3.988768 0.037824 1.301216 0.343508 -0.029352 -0.621307
    15 1.719431 0.000002 -0.000004 0.001200 -0.019987 -0.450358
    16 1.099676 -0.000006 0.000004 0.011882 -0.022716 -0.330455
    17 0.806042 -0.348928 1.321258 -1.305498 -0.807820 -0.653382
    18 1.789782 0.000002 -0.000006 0.008914 -0.024737 0.100864
    19 1.206999 0.000000 -0.000002 0.003298 0.000299 0.230790
    20 -1.810547 -1.376953 -8.546875 -1.668474 1.286518 2.942953
    21 6.028141 0.000000 -0.000002 1.036520 0.824428 -1.429611
    22 11.692554 0.000000 -0.000001 -0.000002 0.000000 -1.305770
    23 11.481705 -0.000001 -0.000008 -1.183976 0.571963 0.296321
    24 3.859676 -0.132545 1.193109 0.473563 -0.219108 -1.143529
    25 1.312559 -0.000004 -0.000001 0.047900 -0.090990 -1.111184
    26 0.729367 0.000000 -0.000001 0.013393 0.015514 -0.841309
    27 3.942295 0.050347 0.431044 0.145906 -0.109044 -0.920673
    28 1.539106 0.000000 0.000001 0.040823 -0.064360 -1.308282
    29 1.196321 -0.000004 -0.000002 0.003604 0.012226 -1.196030
    30 3.883663 -0.050304 -0.431042 -0.106387 -0.058782 -0.784526
    31 1.719584 0.000002 0.000006 -0.006649 -0.018590 -1.384669
    32 1.209183 0.000004 0.000006 0.006366 -0.004565 -1.241195
    33 3.859833 -0.148919 -1.331283 -0.223688 0.097619 -0.191384
    34 1.719427 0.000008 0.000011 -0.013647 -0.005065 -0.285408
    35 1.099665 0.000002 0.000008 0.114037 -0.098159 -0.174107
    36 0.806023 -0.359832 -1.318336 1.232024 0.269023 -0.731687
    37 1.789780 -0.000006 -0.000006 0.005942 -0.006029 0.101730
    38 1.207001 -0.000002 -0.000006 0.001059 -0.006438 0.645156
    39 -8.147223 -19.397250 -1.760504 1.290106 -0.328634 0.162631
    40 0.000007 -1.946088 0.068031 0.000000 0.000000 0.000000
    41 0.000007 -3.415848 -1.741976 0.000000 0.000000 0.000000
    42 -0.000028 1.420049 -7.723435 0.000000 0.000000 0.000000
    43 -9.614098 0.000005 38.566917 1.570796 0.000000 -1.570796
  time 12
    0 0.000000 -0.000006 0.000000 -1.570781 -1.391896 -1.570809
    1 -7.253906 8.789063 1.904297 1.596636 -1.286515 2.942963
    2 6.028145 0.000003 0.000002 -0.461791 -0.786481 -2.106635
    3 11.692553 0.000081 -0.000005 -0.000039 0.000036 -1.586782
    4 11.481672 -0.000089 -0.000024 1.903301 -0.497721 0.735600
    5 3.988611 0.033370 -1.223226 -0.482031 0.170869 -1.032738
    6 1.312563 -0.000008 0.000006 -0.073262 0.066823 -0.683188
    7 0.729362 -0.000004 0.000003 -0.069246 0.062509 -0.378473
    8 4.071238 0.222541 -0.462695 -0.167743 0.131974 -0.968838
    9 1.539093 0.000006 -0.000007 -0.031809 0.062158 -0.396558
    10 1.196323 -0.000004 0.000002 -0.042844 0.022524 -0.580124
    11 4.012598 0.129005 0.400192 0.071952 0.063410 -0.736996
    12 1.719578 -0.000011 0.000009 -0.014631 0.004244 -0.518329
    13 1.209183 -0.000004 0.000003 0.003667 -0.002038 -0.367920
    14 3.988768 0.037824 1.301216 0.339937 -0.020508 -0.681949
    15 1.719431 0.000002 -0.000004 0.003207 -0.036184 -0.509509
    16 1.099676 -0.000006 0.000004 0.021158 -0.039231 -0.388964
    17 0.806042 -0.348928 1.321258 -1.341703 -0.838620 -0.599659
    18 1.789782 0.000002 -0.000006 0.011839 -0.030586 0.060033
    19 1.206999 0.000000 -0.000002 0.004137 0.000467 0.200904
    20 -1.810547 -1.376953 -8.546875 -1.668474 1.286518 2.942953
    21 6.028141 0.000000 -0.000002 1.034927 0.824299 -1.431121
    22 11.692554 0.000000 -0.000001 -0.000002 0.000000 -1.335945
    23 11.481705 -0.000001 -0.000008 -1.138154 0.569471 0.342724
    24 3.859676 -0.132545 1.193109 0.473563 -0.219108 -1.143529
    25 1.312559 -0.000004 -0.000001 0.047900 -0.090990 -1.111184
    26 0.729367 0.000000 -0.000001 0.013393 0.015514 -0.841309
    27 3.942295 0.050347 0.431044 0.145906 -0.109044 -0.920673
    28 1.539106 0.000000 0.000001 0.040823 -0.064360 -1.308282
    29 1.196321 -0.000004 -0.000002 0.003604 0.012226 -1.196030
    30 3.883663 -0.050304 -0.431042 -0.106387 -0.058782 -0.784526
    31 1.719584 0.000002 0.000006 -0.006649 -0.018590 -1.384669
    32 1.209183 0.000004 0.000006 0.006366 -0.004577 -1.241195
    33 3.859833 -0.148919 -1.331283 -0.225233 0.088151 -0.194302
    34 1.719427 0.000008 0.000011 -0.015649 -0.002668 -0.222727
    35 1.099665 0.000002 0.000008 0.106391 -0.097955 -0.155124
    36 0.806023 -0.359832 -1.318336 1.231904 0.274546 -0.731531
    37 1.789780 -0.000006 -0.000006 0.005882 -0.005214 0.089805
    38 1.207001 -0.000002 -0.000006 0.001430 -0.006282 0.566784
    39 -8.264414 -19.264433 -1.506590 1.292934 -0.367124 0.173197
    40 0.000007 -1.946088 0.068031 0.000000 0.000000 0.000000
    41 0.000007 -3.415848 -1.741976 0.000000 0.000000 0.000000
    42 -0.000028 1.420049 -7.723435 0.000000 0.000000 0.000000
    43 -9.614098 0.000005 38.566917 1.570796 0.000000 -1.570796
  time 13
    0 0.000000 -0.000006 0.000000 -1.570781 -1.391896 -1.570809
    1 -7.253906 8.789063 1.904297 1.596636 -1.286515 2.942963
    2 6.028145 0.000003 0.000002 -0.449406 -0.757826 -2.105043
    3 11.692553 0.000081 -0.000005 -0.000051 0.000036 -1.634925
    4 11.481672 -0.000089 -0.000024 1.962186 -0.505428 0.789710
    5 3.988611 0.033370 -1.223226 -0.489533 0.179127 -1.104291
    6 1.312563 -0.000008 0.000006 -0.091083 0.097432 -0.744427
    7 0.729362 -0.000004 0.000003 -0.089332 0.089881 -0.442135
    8 4.071238 0.222541 -0.462695 -0.175929 0.140184 -1.039964
    9 1.539093 0.000006 -0.000007 -0.039719 0.076060 -0.466135
    10 1.196323 -0.000004 0.000002 -0.051077 0.032220 -0.650031
    11 4.012598 0.129005 0.400192 0.066679 0.073045 -0.807595
    12 1.719578 -0.000011 0.000009 -0.017028 0.003369 -0.589271
    13 1.209183 -0.000004 0.000003 0.005633 -0.004232 -0.438735
    14 3.988768 0.037824 1.301216 0.335958 -0.010488 -0.752169
    15 1.719431 0.000002 -0.000004 0.006722 -0.054740 -0.578085
    16 1.099676 -0.000006 0.000004 0.033083 -0.057628 -0.456921
    17 0.806042 -0.348928 1.321258 -1.380090 -0.863624 -0.544021
    18 1.789782 0.000002 -0.000006 0.014631 -0.035391 0.021011
    19 1.206999 0.000000 -0.000002 0.004856 0.000646 0.176953
    20 -1.810547 -1.376953 -8.546875 -1.668474 1.286518 2.942953
    21 6.028141 0.000000 -0.000002 1.033206 0.822336 -1.432212
    22 11.692554 0.000000 -0.000001 -0.000002 0.000000 -1.366638
    23 11.481705 -0.000001 -0.000008 -1.094150 0.567147 0.394682
    24 3.859676 -0.132545 1.193109 0.473563 -0.219108 -1.143529
    25 1.312559 -0.000004 -0.000001 0.047900 -0.090990 -1.111184
    26 0.729367 0.000000 -0.000001 0.013393 0.015514 -0.841309
    27 3.942295 0.050347 0.431044 0.145906 -0.109044 -0.920673
    28 1.539106 0.000000 0.000001 0.040823 -0.064360 -1.308282
    29 1.196321 -0.000004 -0.000002 0.003604 0.012226 -1.196030
    30 3.883663 -0.050304 -0.431042 -0.106387 -0.058782 -0.784526
    31 1.719584 0.000002 0.000006 -0.006649 -0.018590 -1.384669
    32 1.209183 0.000004 0.000006 0.006366 -0.004577 -1.241195
    33 3.859833 -0.148919 -1.331283 -0.226523 0.080146 -0.196746
    34 1.719427 0.000008 0.000011 -0.017195 -0.000559 -0.170166
    35 1.099665 0.000002 0.000008 0.099932 -0.097668 -0.139113
    36 0.806023 -0.359832 -1.318336 1.231797 0.280056 -0.731411
    37 1.789780 -0.000006 -0.000006 0.005811 -0.004399 0.078204
    38 1.207001 -0.000002 -0.000006 0.001790 -0.006102 0.490914
    39 -8.365979 -19.143336 -1.319085 1.303237 -0.402839 0.178823
    40 0.000007 -1.946088 0.068031 0.000000 0.000000 0.000000
    41 0.000007 -3.415848 -1.741976 0.000000 0.000000 0.000000
    42 -0.000028 1.420049 -7.723435 0.000000 0.000000 0.000000
    43 -9.614098 0.000005 38.566917 1.570796 0.000000 -1.570796
  time 14
    0 0.000000 -0.000006 0.000000 -1.570781 -1.391896 -1.570809
    1 -7.253906 8.789063 1.904297 1.596636 -1.286515 2.942963
    2 6.028145 0.000003 0.000002 -0.439022 -0.727146 -2.099179
    3 11.692553 0.000081 -0.000005 -0.000051 0.000036 -1.680744
    4 11.481672 -0.000089 -0.000024 2.012600 -0.516471 0.843738
    5 3.988611 0.033370 -1.223226 -0.498330 0.187468 -1.181991
    6 1.312563 -0.000008 0.000006 -0.109384 0.130186 -0.803872
    7 0.729362 -0.000004 0.000003 -0.110929 0.118309 -0.511751
    8 4.071238 0.222541 -0.462695 -0.185001 0.145841 -1.116650
    9 1.539093 0.000006 -0.000007 -0.047881 0.088632 -0.541618
    10 1.196323 -0.000004 0.000002 -0.058927 0.042311 -0.725812
    11 4.012598 0.129005 0.400192 0.060722 0.081794 -0.884261
    12 1.719578 -0.000011 0.000009 -0.018946 0.002326 -0.666111
    13 1.209183 -0.000004 0.000003 0.007934 -0.006437 -0.515430
    14 3.988768 0.037824 1.301216 0.331404 0.000106 -0.828249
    15 1.719431 0.000002 -0.000004 0.011976 -0.074520 -0.652562
    16 1.099676 -0.000006 0.000004 0.047392 -0.076587 -0.530897
    17 0.806042 -0.348928 1.321258 -1.418992 -0.883209 -0.488333
    18 1.789782 0.000002 -0.000006 0.017208 -0.039239 -0.015626
    19 1.206999 0.000000 -0.000002 0.005479 0.000826 0.158257
    20 -1.810547 -1.376953 -8.546875 -1.668474 1.286518 2.942953
    21 6.028141 0.000000 -0.000002 1.031676 0.818858 -1.432715
    22 11.692554 0.000000 -0.000001 -0.000002 0.000000 -1.394939
    23 11.481705 -0.000001 -0.000008 -1.053178 0.563674 0.446269
    24 3.859676 -0.132545 1.193109 0.473563 -0.219108 -1.143529
    25 1.312559 -0.000004 -0.000001 0.047900 -0.090990 -1.111184
    26 0.729367 0.000000 -0.000001 0.013393 0.015514 -0.841309
    27 3.942295 0.050347 0.431044 0.145906 -0.109044 -0.920673
    28 1.539106 0.000000 0.000001 0.040823 -0.064360 -1.308282
    29 1.196321 -0.000004 -0.000002 0.003604 0.012226 -1.196030
    30 3.883663 -0.050304 -0.431042 -0.106387 -0.058782 -0.784526
    31 1.719584 0.000002 0.000006 -0.006649 -0.018590 -1.384669
    32 1.209183 0.000004 0.000006 0.006366 -0.004577 -1.241195
    33 3.859833 -0.148919 -1.331283 -0.227498 0.073973 -0.198612
    34 1.719427 0.000008 0.000011 -0.018309 0.001095 -0.130002
    35 1.099665 0.000002 0.000008 0.094970 -0.097380 -0.126770
    36 0.806023 -0.359832 -1.318336 1.231677 0.285484 -0.731327
    37 1.789780 -0.000006 -0.000006 0.005727 -0.003597 0.067155
    38 1.207001 -0.000002 -0.000006 0.002101 -0.005911 0.419127
    39 -8.455826 -19.045677 -1.209706 1.318589 -0.435197 0.181293
    40 0.000007 -1.946088 0.068031 0.000000 0.000000 0.000000
    41 0.000007 -3.415848 -1.741976 0.000000 0.000000 0.000000
    42 -0.000028 1.420049 -7.723435 0.000000 0.000000 0.000000
    43 -9.614098 0.000005 38.566917 1.570796 0.000000 -1.570796
  time 15
    0 0.000000 -0.000006 0.000000 -1.570781 -1.391896 -1.570809
    1 -7.253906 8.789063 1.904297 1.596636 -1.286515 2.942963
    2 6.028145 0.000003 0.000002 -0.430855 -0.695304 -2.089044
    3 11.692553 0.000081 -0.000005 -0.000051 0.000036 -1.723614
    4 11.481672 -0.000089 -0.000024 2.055929 -0.531490 0.893247
    5 3.988611 0.033370 -1.223226 -0.508026 0.195282 -1.261891
    6 1.312563 -0.000008 0.000006 -0.127972 0.163383 -0.860311
    7 0.729362 -0.000004 0.000003 -0.133687 0.146077 -0.583983
    8 4.071238 0.222541 -0.462695 -0.194349 0.149112 -1.195057
    9 1.539093 0.000006 -0.000007 -0.056114 0.099586 -0.619111
    10 1.196323 -0.000004 0.000002 -0.066490 0.052258 -0.803676
    11 4.012598 0.129005 0.400192 0.054347 0.089392 -0.963052
    12 1.719578 -0.000011 0.000009 -0.020396 0.001200 -0.744951
    13 1.209183 -0.000004 0.000003 0.010475 -0.008522 -0.594133
    14 3.988768 0.037824 1.301216 0.326298 0.010664 -0.906368
    15 1.719431 0.000002 -0.000004 0.018884 -0.094336 -0.729191
    16 1.099676 -0.000006 0.000004 0.063523 -0.094888 -0.607170
    17 0.806042 -0.348928 1.321258 -1.456563 -0.897887 -0.434577
    18 1.789782 0.000002 -0.000006 0.019545 -0.042247 -0.049279
    19 1.206999 0.000000 -0.000002 0.005994 0.000994 0.144164
    20 -1.810547 -1.376953 -8.546875 -1.668474 1.286518 2.942953
    21 6.028141 0.000000 -0.000002 1.030911 0.813932 -1.432128
    22 11.692554 0.000000 -0.000001 -0.000002 0.000000 -1.419170
    23 11.481705 -0.000001 -0.000008 -1.016501 0.557682 0.491818
    24 3.859676 -0.132545 1.193109 0.473563 -0.219108 -1.143529
    25 1.312559 -0.000004 -0.000001 0.047900 -0.090990 -1.111184
    26 0.729367 0.000000 -0.000001 0.013393 0.015514 -0.841309
    27 3.942295 0.050347 0.431044 0.145906 -0.109044 -0.920673
    28 1.539106 0.000000 0.000001 0.040823 -0.064360 -1.308282
    29 1.196321 -0.000004 -0.000002 0.003604 0.012226 -1.196030
    30 3.883663 -0.050304 -0.431042 -0.106387 -0.058782 -0.784526
    31 1.719584 0.000002 0.000006 -0.006649 -0.018590 -1.384669
    32 1.209183 0.000004 0.000006 0.006366 -0.004577 -1.241195
    33 3.859833 -0.148919 -1.331283 -0.228128 0.070007 -0.199827
    34 1.719427 0.000008 0.000011 -0.018993 0.002186 -0.104299
    35 1.099665 0.000002 0.000008 0.091770 -0.097152 -0.118836
    36 0.806023 -0.359832 -1.318336 1.231545 0.290750 -0.731291
    37 1.789780 -0.000006 -0.000006 0.005643 -0.002818 0.056872
    38 1.207001 -0.000002 -0.000006 0.002389 -0.005707 0.352952
    39 -8.522234 -18.967549 -1.170642 1.335810 -0.463578 0.183352
    40 0.000007 -1.946088 0.068031 0.000000 0.000000 0.000000
    41 0.000007 -3.415848 -1.741976 0.000000 0.000000 0.000000
    42 -0.000028 1.420049 -7.723435 0.000000 0.000000 0.000000
    43 -9.614098 0.000005 38.566917 1.570796 0.000000 -1.570796
  time 16
    0 0.000000 -0.000006 0.000000 -1.570781 -1.391896 -1.570809
    1 -7.253906 8.789063 1.904297 1.596636 -1.286515 2.942963
    2 6.028145 0.000003 0.000002 -0.424203 -0.665089 -2.076881
    3 11.692553 0.000081 -0.000005 -0.000051 0.000036 -1.761337
    4 11.481672 -0.000089 -0.000024 2.092063 -0.547479 0.936404
    5 3.988611 0.033370 -1.223226 -0.518069 0.202149 -1.339970
    6 1.312563 -0.000008 0.000006 -0.146344 0.195358 -0.912430
    7 0.729362 -0.000004 0.000003 -0.156806 0.171736 -0.655185
    8 4.071238 0.222541 -0.462695 -0.203350 0.150335 -1.271293
    9 1.539093 0.000006 -0.000007 -0.064108 0.108754 -0.694782
    10 1.196323 -0.000004 0.000002 -0.073680 0.061570 -0.879666
    11 4.012598 0.129005 0.400192 0.047875 0.095684 -1.040003
    12 1.719578 -0.000011 0.000009 -0.021402 0.000049 -0.821791
    13 1.209183 -0.000004 0.000003 0.013087 -0.010344 -0.670864
    14 3.988768 0.037824 1.301216 0.320821 0.020600 -0.982551
    15 1.719431 0.000002 -0.000004 0.027082 -0.113102 -0.804188
    16 1.099676 -0.000006 0.000004 0.080578 -0.111486 -0.681912
    17 0.806042 -0.348928 1.321258 -1.491007 -0.908374 -0.384733
    18 1.789782 0.000002 -0.000006 0.021558 -0.044512 -0.079360
    19 1.206999 0.000000 -0.000002 0.006414 0.001138 0.134018
    20 -1.810547 -1.376953 -8.546875 -1.668474 1.286518 2.942953
    21 6.028141 0.000000 -0.000002 1.030082 0.809200 -1.431625
    22 11.692554 0.000000 -0.000001 -0.000002 0.000000 -1.437780
    23 11.481705 -0.000001 -0.000008 -0.985127 0.550737 0.529618
    24 3.859676 -0.132545 1.193109 0.473563 -0.219108 -1.143529
    25 1.312559 -0.000004 -0.000001 0.047900 -0.090990 -1.111184
    26 0.729367 0.000000 -0.000001 0.013393 0.015514 -0.841309
    27 3.942295 0.050347 0.431044 0.145906 -0.109044 -0.920673
    28 1.539106 0.000000 0.000001 0.040823 -0.064360 -1.308282
    29 1.196321 -0.000004 -0.000002 0.003604 0.012226 -1.196030
    30 3.883663 -0.050304 -0.431042 -0.106387 -0.058782 -0.784526
    31 1.719584 0.000002 0.000006 -0.006649 -0.018590 -1.384669
    32 1.209183 0.000004 0.000006 0.006366 -0.004577 -1.241195
    33 3.859833 -0.148919 -1.331283 -0.228338 0.068604 -0.200241
    34 1.719427 0.000008 0.000011 -0.019220 0.002569 -0.095230
    35 1.099665 0.000002 0.000008 0.090643 -0.097069 -0.116032
    36 0.806023 -0.359832 -1.318336 1.231413 0.295773 -0.731315
    37 1.789780 -0.000006 -0.000006 0.005547 -0.002074 0.047560
    38 1.207001 -0.000002 -0.000006 0.002629 -0.005515 0.293679
    39 -8.565204 -18.916766 -1.182362 1.352879 -0.487691 0.184861
    40 0.000007 -1.946088 0.068031 0.000000 0.000000 0.000000
    41 0.000007 -3.415848 -1.741976 0.000000 0.000000 0.000000
    42 -0.000028 1.420049 -7.723435 0.000000 0.000000 0.000000
    43 -9.614098 0.000005 38.566917 1.570796 0.000000 -1.570796
  time 17
    0 0.000000 -0.000006 0.000000 -1.570781 -1.391896 -1.570809
    1 -7.253906 8.789063 1.904297 1.596636 -1.286515 2.942963
    2 6.028145 0.000003 0.000002 -0.419390 -0.639356 -2.064502
    3 11.692553 0.000081 -0.000005 -0.000051 0.000036 -1.792344
    4 11.481672 -0.000089 -0.000024 2.121374 -0.560769 0.971663
    5 3.988611 0.033370 -1.223226 -0.527824 0.207794 -1.412206
    6 1.312563 -0.000008 0.000006 -0.163746 0.224612 -0.958763
    7 0.729362 -0.000004 0.000003 -0.179097 0.194111 -0.721713
    8 4.071238 0.222541 -0.462695 -0.211475 0.149963 -1.341518
    9 1.539093 0.000006 -0.000007 -0.071502 0.116089 -0.764705
    10 1.196323 -0.000004 0.000002 -0.080296 0.069827 -0.949864
    11 4.012598 0.129005 0.400192 0.041727 0.100622 -1.111146
    12 1.719578 -0.000011 0.000009 -0.022050 -0.001006 -0.892767
    13 1.209183 -0.000004 0.000003 0.015628 -0.011854 -0.741679
    14 3.988768 0.037824 1.301216 0.315296 0.029420 -1.052952
    15 1.719431 0.000002 -0.000004 0.035911 -0.129830 -0.873692
    16 1.099676 -0.000006 0.000004 0.097416 -0.125652 -0.751328
    17 0.806042 -0.348928 1.321258 -1.520657 -0.915437 -0.340651
    18 1.789782 0.000002 -0.000006 0.023248 -0.046154 -0.105307
    19 1.206999 0.000000 -0.000002 0.006737 0.001269 0.127168
    20 -1.810547 -1.376953 -8.546875 -1.668474 1.286518 2.942953
    21 6.028141 0.000000 -0.000002 1.028169 0.806302 -1.432631
    22 11.692554 0.000000 -0.000001 -0.000002 0.000000 -1.449346
    23 11.481705 -0.000001 -0.000008 -0.959716 0.544632 0.558332
    24 3.859676 -0.132545 1.193109 0.473563 -0.219108 -1.143529
    25 1.312559 -0.000004 -0.000001 0.047900 -0.090990 -1.111184
    26 0.729367 0.000000 -0.000001 0.013393 0.015514 -0.841309
    27 3.942295 0.050347 0.431044 0.145906 -0.109044 -0.920673
    28 1.539106 0.000000 0.000001 0.040823 -0.064360 -1.308282
    29 1.196321 -0.000004 -0.000002 0.003604 0.012226 -1.196030
    30 3.883663 -0.050304 -0.431042 -0.106387 -0.058782 -0.784526
    31 1.719584 0.000002 0.000006 -0.006649 -0.018590 -1.384669
    32 1.209183 0.000004 0.000006 0.006366 -0.004577 -1.241195
    33 3.859833 -0.148919 -1.331283 -0.228338 0.068604 -0.200241
    34 1.719427 0.000008 0.000011 -0.019220 0.002569 -0.095230
    35 1.099665 0.000002 0.000008 0.090643 -0.097069 -0.116032
    36 0.806023 -0.359832 -1.318336 1.231281 0.300470 -0.731399
    37 1.789780 -0.000006 -0.000006 0.005463 -0.001355 0.039446
    38 1.207001 -0.000002 -0.000006 0.002820 -0.005335 0.242651
    39 -8.584736 -18.901141 -1.205800 1.367524 -0.507413 0.185684
    40 0.000007 -1.946088 0.068031 0.000000 0.000000 0.000000
    41 0.000007 -3.415848 -1.741976 0.000000 0.000000 0.000000
    42 -0.000028 1.420049 -7.723435 0.000000 0.000000 0.000000
    43 -9.614098 0.000005 38.566917 1.570796 0.000000 -1.570796
  time 18
    0 0.000000 -0.000006 0.000000 -1.570781 -1.391896 -1.570809
    1 -7.253906 8.789063 1.904297 1.596636 -1.286515 2.942963
    2 6.028145 0.000003 0.000002 -0.418146 -0.619700 -2.051254
    3 11.692553 0.000081 -0.000005 -0.000051 0.000036 -1.816321
    4 11.481672 -0.000089 -0.000024 2.144875 -0.567959 0.996580
    5 3.988611 0.033370 -1.223226 -0.536573 0.212108 -1.474705
    6 1.312563 -0.000008 0.000006 -0.179218 0.249708 -0.997745
    7 0.729362 -0.000004 0.000003 -0.199111 0.212364 -0.779782
    8 4.071238 0.222541 -0.462695 -0.218247 0.148597 -1.402052
    9 1.539093 0.000006 -0.000007 -0.077866 0.121590 -0.825173
    10 1.196323 -0.000004 0.000002 -0.086048 0.076694 -1.010606
    11 4.012598 0.129005 0.400192 0.036298 0.104229 -1.172645
    12 1.719578 -0.000011 0.000009 -0.022397 -0.001916 -0.954049
    13 1.209183 -0.000004 0.000003 0.017893 -0.013004 -0.802884
    14 3.988768 0.037824 1.301216 0.310167 0.036755 -1.113800
    15 1.719431 0.000002 -0.000004 0.044486 -0.143766 -0.933956
    16 1.099676 -0.000006 0.000004 0.112756 -0.136930 -0.811552
    17 0.806042 -0.348928 1.321258 -1.544039 -0.919966 -0.304017
    18 1.789782 0.000002 -0.000006 0.024566 -0.047256 -0.126496
    19 1.206999 0.000000 -0.000002 0.006989 0.001365 0.122958
    20 -1.810547 -1.376953 -8.546875 -1.668474 1.286518 2.942953
    21 6.028141 0.000000 -0.000002 1.024536 0.805239 -1.435819
    22 11.692554 0.000000 -0.000001 -0.000002 0.000000 -1.452771
    23 11.481705 -0.000001 -0.000008 -0.940922 0.541636 0.575452
    24 3.859676 -0.132545 1.193109 0.473563 -0.219108 -1.143529
    25 1.312559 -0.000004 -0.000001 0.047900 -0.090990 -1.111184
    26 0.729367 0.000000 -0.000001 0.013393 0.015514 -0.841309
    27 3.942295 0.050347 0.431044 0.145906 -0.109044 -0.920673
    28 1.539106 0.000000 0.000001 0.040823 -0.064360 -1.308282
    29 1.196321 -0.000004 -0.000002 0.003604 0.012226 -1.196030
    30 3.883663 -0.050304 -0.431042 -0.106387 -0.058782 -0.784526
    31 1.719584 0.000002 0.000006 -0.006649 -0.018590 -1.384669
    32 1.209183 0.000004 0.000006 0.006366 -0.004577 -1.241195
    33 3.859833 -0.148919 -1.331283 -0.228338 0.068604 -0.200241
    34 1.719427 0.000008 0.000011 -0.019220 0.002569 -0.095230
    35 1.099665 0.000002 0.000008 0.090643 -0.097069 -0.116032
    36 0.806023 -0.359832 -1.318336 1.231137 0.304761 -0.731555
    37 1.789780 -0.000006 -0.000006 0.005379 -0.000708 0.032747
    38 1.207001 -0.000002 -0.000006 0.002976 -0.005191 0.200975
    39 -8.580830 -18.912860 -1.244864 1.377624 -0.522701 0.185821
    40 0.000007 -1.946088 0.068031 0.000000 0.000000 0.000000
    41 0.000007 -3.415848 -1.741976 0.000000 0.000000 0.000000
    42 -0.000028 1.420049 -7.723435 0.000000 0.000000 0.000000
    43 -9.614098 0.000005 38.566917 1.570796 0.000000 -1.570796
  time 19
    0 0.000000 -0.000006 0.000000 -1.570781 -1.391896 -1.570809
    1 -7.253906 8.789063 1.904297 1.596636 -1.286515 2.942963
    2 6.028145 0.000003 0.000002 -0.421553 -0.607082 -2.037210
    3 11.692553 0.000081 -0.000005 -0.000051 0.000036 -1.833017
    4 11.481672 -0.000089 -0.000024 2.164066 -0.566442 1.008550
    5 3.988611 0.033370 -1.223226 -0.543608 0.215092 -1.523748
    6 1.312563 -0.000008 0.000006 -0.191634 0.269291 -1.027708
    7 0.729362 -0.000004 0.000003 -0.215278 0.225954 -0.825664
    8 4.071238 0.222541 -0.462695 -0.223364 0.146859 -1.449398
    9 1.539093 0.000006 -0.000007 -0.082804 0.125401 -0.872604
    10 1.196323 -0.000004 0.000002 -0.090579 0.081920 -1.058266
    11 4.012598 0.129005 0.400192 0.032019 0.106650 -1.220868
    12 1.719578 -0.000011 0.000009 -0.022541 -0.002624 -1.002044
    13 1.209183 -0.000004 0.000003 0.019727 -0.013819 -0.850823
    14 3.988768 0.037824 1.301216 0.305924 0.042304 -1.161534
    15 1.719431 0.000002 -0.000004 0.051795 -0.154316 -0.981344
    16 1.099676 -0.000006 0.000004 0.125256 -0.145103 -0.858899
    17 0.806042 -0.348928 1.321258 -1.559918 -0.922797 -0.276272
    18 1.789782 0.000002 -0.000006 0.025513 -0.047927 -0.142375
    19 1.206999 0.000000 -0.000002 0.007157 0.001437 0.120735
    20 -1.810547 -1.376953 -8.546875 -1.668474 1.286518 2.942953
    21 6.028141 0.000000 -0.000002 1.019309 0.805561 -1.440853
    22 11.692554 0.000000 -0.000001 -0.000002 0.000000 -1.448377
    23 11.481705 -0.000001 -0.000008 -0.929151 0.543848 0.579212
    24 3.859676 -0.132545 1.193109 0.473563 -0.219108 -1.143529
    25 1.312559 -0.000004 -0.000001 0.047900 -0.090990 -1.111184
    26 0.729367 0.000000 -0.000001 0.013393 0.015514 -0.841309
    27 3.942295 0.050347 0.431044 0.145906 -0.109044 -0.920673
    28 1.539106 0.000000 0.000001 0.040823 -0.064360 -1.308282
    29 1.196321 -0.000004 -0.000002 0.003604 0.012226 -1.196030
    30 3.883663 -0.050304 -0.431042 -0.106387 -0.058782 -0.784526
    31 1.719584 0.000002 0.000006 -0.006649 -0.018590 -1.384669
    32 1.209183 0.000004 0.000006 0.006366 -0.004577 -1.241195
    33 3.859833 -0.148919 -1.331283 -0.228338 0.068604 -0.200241
    34 1.719427 0.000008 0.000011 -0.019220 0.002569 -0.095230
    35 1.099665 0.000002 0.000008 0.090643 -0.097069 -0.116032
    36 0.806023 -0.359832 -1.318336 1.230994 0.308565 -0.731771
    37 1.789780 -0.000006 -0.000006 0.005307 -0.000109 0.027677
    38 1.207001 -0.000002 -0.000006 0.003096 -0.005072 0.169811
    39 -8.557391 -18.944111 -1.295646 1.380957 -0.533556 0.185204
    40 0.000007 -1.946088 0.068031 0.000000 0.000000 0.000000
    41 0.000007 -3.415848 -1.741976 0.000000 0.000000 0.000000
    42 -0.000028 1.420049 -7.723435 0.000000 0.000000 0.000000
    43 -9.614098 0.000005 38.566917 1.570796 0.000000 -1.570796
  time 20
    0 0.000000 -0.000006 0.000000 -1.570781 -1.391896 -1.570809
    1 -7.253906 8.789063 1.904297 1.596636 -1.286515 2.942963
    2 6.028145 0.000003 0.000002 -0.428962 -0.601205 -2.023383
    3 11.692553 0.000081 -0.000005 -0.000051 0.000036 -1.843248
    4 11.481672 -0.000089 -0.000024 2.177597 -0.558008 1.010138
    5 3.988611 0.033370 -1.223226 -0.548282 0.216866 -1.555743
    6 1.312563 -0.000008 0.000006 -0.199831 0.282066 -1.046908
    7 0.729362 -0.000004 0.000003 -0.226017 0.234487 -0.855798
    8 4.071238 0.222541 -0.462695 -0.226576 0.145397 -1.480221
    9 1.539093 0.000006 -0.000007 -0.085980 0.127630 -0.903545
    10 1.196323 -0.000004 0.000002 -0.093527 0.085251 -1.089345
    11 4.012598 0.129005 0.400192 0.029215 0.108028 -1.252344
    12 1.719578 -0.000011 0.000009 -0.022577 -0.003055 -1.033397
    13 1.209183 -0.000004 0.000003 0.020937 -0.014299 -0.882125
    14 3.988768 0.037824 1.301216 0.303048 0.045827 -1.192668
    15 1.719431 0.000002 -0.000004 0.056843 -0.161000 -1.012367
    16 1.099676 -0.000006 0.000004 0.133633 -0.150125 -0.889905
    17 0.806042 -0.348928 1.321258 -1.567229 -0.924751 -0.258675
    18 1.789782 0.000002 -0.000006 0.026076 -0.048275 -0.152322
    19 1.206999 0.000000 -0.000002 0.007265 0.001485 0.119872
    20 -1.810547 -1.376953 -8.546875 -1.668474 1.286518 2.942953
    21 6.028141 0.000000 -0.000002 1.012998 0.806560 -1.447144
    22 11.692554 0.000000 -0.000001 -0.000002 0.000000 -1.438620
    23 11.481705 -0.000001 -0.000008 -0.923745 0.550261 0.573030
    24 3.859676 -0.132545 1.193109 0.473563 -0.219108 -1.143529
    25 1.312559 -0.000004 -0.000001 0.047900 -0.090990 -1.111184
    26 0.729367 0.000000 -0.000001 0.013393 0.015514 -0.841309
    27 3.942295 0.050347 0.431044 0.145906 -0.109044 -0.920673
    28 1.539106 0.000000 0.000001 0.040823 -0.064360 -1.308282
    29 1.196321 -0.000004 -0.000002 0.003604 0.012226 -1.196030
    30 3.883663 -0.050304 -0.431042 -0.106387 -0.058782 -0.784526
    31 1.719584 0.000002 0.000006 -0.006649 -0.018590 -1.384669
    32 1.209183 0.000004 0.000006 0.006366 -0.004565 -1.241195
    33 3.859833 -0.148919 -1.331283 -0.228338 0.068604 -0.200241
    34 1.719427 0.000008 0.000011 -0.019220 0.002569 -0.095230
    35 1.099665 0.000002 0.000008 0.090643 -0.097069 -0.116032
    36 0.806023 -0.359832 -1.318336 1.230838 0.311814 -0.732082
    37 1.789780 -0.000006 -0.000006 0.005235 0.000394 0.024453
    38 1.207001 -0.000002 -0.000006 0.003156 -0.005000 0.150238
    39 -8.518328 -18.983175 -1.350335 1.379240 -0.540020 0.183695
    40 0.000007 -1.946088 0.068031 0.000000 0.000000 0.000000
    41 0.000007 -3.415848 -1.741976 0.000000 0.000000 0.000000
    42 -0.000028 1.420049 -7.723435 0.000000 0.000000 0.000000
    43 -9.614098 0.000005 38.566917 1.570796 0.000000 -1.570796
  time 21
    0 0.000000 -0.000006 0.000000 -1.570781 -1.391896 -1.570809
    1 -7.253906 8.789063 1.904297 1.596636 -1.286515 2.942963
    2 6.028145 0.000003 0.000002 -0.438319 -0.600940 -2.011727
    3 11.692553 0.000081 -0.000005 -0.000051 0.000036 -1.848332
    4 11.481672 -0.000089 -0.000024 2.182545 -0.547085 1.006433
    5 3.988611 0.033370 -1.223226 -0.549972 0.217465 -1.567226
    6 1.312563 -0.000008 0.000006 -0.202767 0.286656 -1.053653
    7 0.729362 -0.000004 0.000003 -0.229876 0.237472 -0.866622
    8 4.071238 0.222541 -0.462695 -0.227690 0.144786 -1.491236
    9 1.539093 0.000006 -0.000007 -0.087082 0.128361 -0.914634
    10 1.196323 -0.000004 0.000002 -0.094558 0.086438 -1.100469
    11 4.012598 0.129005 0.400192 0.028220 0.108472 -1.263622
    12 1.719578 -0.000011 0.000009 -0.022565 -0.003211 -1.044616
    13 1.209183 -0.000004 0.000003 0.021369 -0.014454 -0.893312
    14 3.988768 0.037824 1.301216 0.302005 0.047074 -1.203821
    15 1.719431 0.000002 -0.000004 0.058703 -0.163360 -1.023462
    16 1.099676 -0.000006 0.000004 0.136665 -0.151850 -0.900994
    17 0.806042 -0.348928 1.321258 -1.565000 -0.926490 -0.252471
    18 1.789782 0.000002 -0.000006 0.026268 -0.048371 -0.155774
    19 1.206999 0.000000 -0.000002 0.007289 0.001497 0.119716
    20 -1.810547 -1.376953 -8.546875 -1.668474 1.286518 2.942953
    21 6.028141 0.000000 -0.000002 1.006750 0.807493 -1.453352
    22 11.692554 0.000000 -0.000001 -0.000002 0.000000 -1.427377
    23 11.481705 -0.000001 -0.000008 -0.923493 0.557990 0.562890
    24 3.859676 -0.132545 1.193109 0.473563 -0.219108 -1.143529
    25 1.312559 -0.000004 -0.000001 0.047900 -0.090990 -1.111184
    26 0.729367 0.000000 -0.000001 0.013393 0.015514 -0.841309
    27 3.942295 0.050347 0.431044 0.145906 -0.109044 -0.920673
    28 1.539106 0.000000 0.000001 0.040823 -0.064360 -1.308282
    29 1.196321 -0.000004 -0.000002 0.003604 0.012226 -1.196030
    30 3.883663 -0.050304 -0.431042 -0.106387 -0.058782 -0.784526
    31 1.719584 0.000002 0.000006 -0.006649 -0.018590 -1.384669
    32 1.209183 0.000004 0.000006 0.006366 -0.004577 -1.241195
    33 3.859833 -0.148919 -1.331283 -0.228338 0.068604 -0.200241
    34 1.719427 0.000008 0.000011 -0.019220 0.002569 -0.095230
    35 1.099665 0.000002 0.000008 0.090643 -0.097069 -0.116032
    36 0.806023 -0.359832 -1.318336 1.230694 0.314427 -0.732490
    37 1.789780 -0.000006 -0.000006 0.005187 0.000826 0.023279
    38 1.207001 -0.000002 -0.000006 0.003180 -0.004964 0.143441
    39 -8.471451 -19.022238 -1.408931 1.376311 -0.542257 0.181430
    40 0.000007 -1.946088 0.068031 0.000000 0.000000 0.000000
    41 0.000007 -3.415848 -1.741976 0.000000 0.000000 0.000000
    42 -0.000028 1.420049 -7.723435 0.000000 0.000000 0.000000
    43 -9.614098 0.000005 38.566917 1.570796 0.000000 -1.570796
  time 22
    0 0.000000 -0.000006 0.000000 -1.570781 -1.391896 -1.570809
    1 -7.253906 8.789063 1.904297 1.596636 -1.286515 2.942963
    2 6.028145 0.000003 0.000002 -0.448432 -0.603363 -2.001447
    3 11.692553 0.000081 -0.000005 -0.000051 0.000036 -1.850717
    4 11.481672 -0.000089 -0.000024 2.182658 -0.535040 0.999593
    5 3.988611 0.033370 -1.223226 -0.549972 0.217465 -1.567226
    6 1.312563 -0.000008 0.000006 -0.202767 0.286656 -1.053653
    7 0.729362 -0.000004 0.000003 -0.229876 0.237472 -0.866622
    8 4.071238 0.222541 -0.462695 -0.227690 0.144786 -1.491236
    9 1.539093 0.000006 -0.000007 -0.087094 0.128361 -0.914634
    10 1.196323 -0.000004 0.000002 -0.094558 0.086438 -1.100469
    11 4.012598 0.129005 0.400192 0.028220 0.108472 -1.263622
    12 1.719578 -0.000011 0.000009 -0.022565 -0.003211 -1.044616
    13 1.209183 -0.000004 0.000003 0.021369 -0.014454 -0.893312
    14 3.988768 0.037824 1.301216 0.302005 0.047074 -1.203821
    15 1.719431 0.000002 -0.000004 0.058703 -0.163360 -1.023462
    16 1.099676 -0.000006 0.000004 0.136665 -0.151850 -0.900994
    17 0.806042 -0.348928 1.321258 -1.556802 -0.927798 -0.252619
    18 1.789782 0.000002 -0.000006 0.026172 -0.048287 -0.154360
    19 1.206999 0.000000 -0.000002 0.007277 0.001497 0.120840
    20 -1.810547 -1.376953 -8.546875 -1.668474 1.286518 2.942953
    21 6.028141 0.000000 -0.000002 1.000376 0.807944 -1.459560
    22 11.692554 0.000000 -0.000001 -0.000002 0.000000 -1.416069
    23 11.481705 -0.000001 -0.000008 -0.926827 0.566979 0.550669
    24 3.859676 -0.132545 1.193109 0.473563 -0.219108 -1.143529
    25 1.312559 -0.000004 -0.000001 0.047900 -0.090990 -1.111184
    26 0.729367 0.000000 -0.000001 0.013393 0.015514 -0.841309
    27 3.942295 0.050347 0.431044 0.145906 -0.109044 -0.920673
    28 1.539106 0.000000 0.000001 0.040823 -0.064360 -1.308282
    29 1.196321 -0.000004 -0.000002 0.003604 0.012226 -1.196030
    30 3.883663 -0.050304 -0.431042 -0.106387 -0.058782 -0.784526
    31 1.719584 0.000002 0.000006 -0.006649 -0.018590 -1.384669
    32 1.209183 0.000004 0.000006 0.006366 -0.004577 -1.241195
    33 3.859833 -0.148919 -1.331283 -0.228338 0.068604 -0.200241
    34 1.719427 0.000008 0.000011 -0.019220 0.002569 -0.095230
    35 1.099665 0.000002 0.000008 0.090643 -0.097069 -0.116032
    36 0.806023 -0.359832 -1.318336 1.230562 0.316404 -0.732849
    37 1.789780 -0.000006 -0.000006 0.005163 0.001173 0.023255
    38 1.207001 -0.000002 -0.000006 0.003180 -0.004964 0.143494
    39 -8.416762 -19.049583 -1.471433 1.372624 -0.541677 0.178412
    40 0.000007 -1.946088 0.068031 0.000000 0.000000 0.000000
    41 0.000007 -3.415848 -1.741976 0.000000 0.000000 0.000000
    42 -0.000028 1.420049 -7.723435 0.000000 0.000000 0.000000
    43 -9.614098 0.000005 38.566917 1.570796 0.000000 -1.570796
  time 23
    0 0.000000 -0.000006 0.000000 -1.570781 -1.391896 -1.570809
    1 -7.253906 8.789063 1.904297 1.596636 -1.286515 2.942963
    2 6.028145 0.000003 0.000002 -0.458492 -0.604891 -1.990661
    3 11.692553 0.000081 -0.000005 -0.000051 0.000036 -1.853918
    4 11.481672 -0.000089 -0.000024 2.182095 -0.523237 0.991694
    5 3.988611 0.033370 -1.223226 -0.549972 0.217465 -1.567226
    6 1.312563 -0.000008 0.000006 -0.202767 0.286656 -1.053653
    7 0.729362 -0.000004 0.000003 -0.229876 0.237472 -0.866622
    8 4.071238 0.222541 -0.462695 -0.227690 0.144786 -1.491236
    9 1.539093 0.000006 -0.000007 -0.087082 0.128361 -0.914634
    10 1.196323 -0.000004 0.000002 -0.094558 0.086438 -1.100469
    11 4.012598 0.129005 0.400192 0.028220 0.108472 -1.263622
    12 1.719578 -0.000011 0.000009 -0.022565 -0.003211 -1.044616
    13 1.209183 -0.000004 0.000003 0.021369 -0.014454 -0.893312
    14 3.988768 0.037824 1.301216 0.302005 0.047074 -1.203821
    15 1.719431 0.000002 -0.000004 0.058703 -0.163360 -1.023462
    16 1.099676 -0.000006 0.000004 0.136665 -0.151850 -0.900994
    17 0.806042 -0.348928 1.321258 -1.546879 -0.928108 -0.253355
    18 1.789782 0.000002 -0.000006 0.025909 -0.048023 -0.150237
    19 1.206999 0.000000 -0.000002 0.007229 0.001473 0.124108
    20 -1.810547 -1.376953 -8.546875 -1.668474 1.286518 2.942953
    21 6.028141 0.000000 -0.000002 0.993810 0.807525 -1.465768
    22 11.692554 0.000000 -0.000001 -0.000002 0.000000 -1.406247
    23 11.481705 -0.000001 -0.000008 -0.932233 0.576976 0.538306
    24 3.859676 -0.132545 1.193109 0.473563 -0.219108 -1.143529
    25 1.312559 -0.000004 -0.000001 0.047900 -0.090990 -1.111184
    26 0.729367 0.000000 -0.000001 0.013393 0.015514 -0.841309
    27 3.942295 0.050347 0.431044 0.145906 -0.109044 -0.920673
    28 1.539106 0.000000 0.000001 0.040823 -0.064360 -1.308282
    29 1.196321 -0.000004 -0.000002 0.003604 0.012226 -1.196030
    30 3.883663 -0.050304 -0.431042 -0.106387 -0.058782 -0.784526
    31 1.719584 0.000002 0.000006 -0.006649 -0.018590 -1.384669
    32 1.209183 0.000004 0.000006 0.006366 -0.004577 -1.241195
    33 3.859833 -0.148919 -1.331283 -0.228338 0.068604 -0.200241
    34 1.719427 0.000008 0.000011 -0.019220 0.002569 -0.095230
    35 1.099665 0.000002 0.000008 0.090643 -0.097069 -0.116032
    36 0.806023 -0.359832 -1.318336 1.230490 0.317839 -0.733089
    37 1.789780 -0.000006 -0.000006 0.005127 0.001437 0.023483
    38 1.207001 -0.000002 -0.000006 0.003180 -0.004976 0.143862
    39 -8.350354 -19.061302 -1.526122 1.368635 -0.539647 0.174981
    40 0.000007 -1.946088 0.068031 0.000000 0.000000 0.000000
    41 0.000007 -3.415848 -1.741976 0.000000 0.000000 0.000000
    42 -0.000028 1.420049 -7.723435 0.000000 0.000000 0.000000
    43 -9.614098 0.000005 38.566917 1.570796 0.000000 -1.570796
  time 24
    0 0.000000 -0.000006 0.000000 -1.570781 -1.391896 -1.570809
    1 -7.253906 8.789063 1.904297 1.596636 -1.286515 2.942963
    2 6.028145 0.000003 0.000002 -0.467632 -0.605223 -1.980091
    3 11.692553 0.000081 -0.000005 -0.000051 0.000036 -1.858061
    4 11.481672 -0.000089 -0.000024 2.180484 -0.512831 0.983877
    5 3.988611 0.033370 -1.223226 -0.549972 0.217465 -1.567226
    6 1.312563 -0.000008 0.000006 -0.202767 0.286656 -1.053653
    7 0.729362 -0.000004 0.000003 -0.229876 0.237472 -0.866622
    8 4.071238 0.222541 -0.462695 -0.227690 0.144786 -1.491236
    9 1.539093 0.000006 -0.000007 -0.087082 0.128361 -0.914634
    10 1.196323 -0.000004 0.000002 -0.094558 0.086438 -1.100469
    11 4.012598 0.129005 0.400192 0.028220 0.108472 -1.263622
    12 1.719578 -0.000011 0.000009 -0.022565 -0.003211 -1.044582
    13 1.209183 -0.000004 0.000003 0.021369 -0.014454 -0.893312
    14 3.988768 0.037824 1.301216 0.302005 0.047074 -1.203821
    15 1.719431 0.000002 -0.000004 0.058703 -0.163360 -1.023462
    16 1.099676 -0.000006 0.000004 0.136665 -0.151850 -0.900994
    17 0.806042 -0.348928 1.321258 -1.535362 -0.927474 -0.254599
    18 1.789782 0.000002 -0.000006 0.025465 -0.047604 -0.143550
    19 1.206999 0.000000 -0.000002 0.007157 0.001437 0.129442
    20 -1.810547 -1.376953 -8.546875 -1.668474 1.286518 2.942953
    21 6.028141 0.000000 -0.000002 0.987435 0.806044 -1.471473
    22 11.692554 0.000000 -0.000001 -0.000002 0.000000 -1.399075
    23 11.481705 -0.000001 -0.000008 -0.939508 0.587281 0.527339
    24 3.859676 -0.132545 1.193109 0.473563 -0.219108 -1.143529
    25 1.312559 -0.000004 -0.000001 0.047900 -0.090990 -1.111184
    26 0.729367 0.000000 -0.000001 0.013393 0.015514 -0.841309
    27 3.942295 0.050347 0.431044 0.145906 -0.109044 -0.920673
    28 1.539106 0.000000 0.000001 0.040823 -0.064360 -1.308282
    29 1.196321 -0.000004 -0.000002 0.003604 0.012226 -1.196030
    30 3.883663 -0.050304 -0.431042 -0.106387 -0.058782 -0.784526
    31 1.719584 0.000002 0.000006 -0.006649 -0.018590 -1.384669
    32 1.209183 0.000004 0.000006 0.006366 -0.004577 -1.241195
    33 3.859833 -0.148919 -1.331283 -0.228338 0.068604 -0.200241
    34 1.719427 0.000008 0.000011 -0.019220 0.002569 -0.095230
    35 1.099665 0.000002 0.000008 0.090643 -0.097069 -0.116032
    36 0.806023 -0.359832 -1.318336 1.230466 0.318854 -0.733209
    37 1.789780 -0.000006 -0.000006 0.005115 0.001653 0.024178
    38 1.207001 -0.000002 -0.000006 0.003168 -0.004976 0.144916
    39 -8.283946 -19.053489 -1.576905 1.365100 -0.536084 0.171002
    40 0.000007 -1.946088 0.068031 0.000000 0.000000 0.000000
    41 0.000007 -3.415848 -1.741976 0.000000 0.000000 0.000000
    42 -0.000028 1.420049 -7.723435 0.000000 0.000000 0.000000
    43 -9.614098 0.000005 38.566917 1.570796 0.000000 -1.570796
  time 25
    0 0.000000 -0.000006 0.000000 -1.570781 -1.391896 -1.570809
    1 -7.253906 8.789063 1.904297 1.596636 -1.286515 2.942963
    2 6.028145 0.000003 0.000002 -0.475257 -0.604426 -1.970608
    3 11.692553 0.000081 -0.000005 -0.000051 0.000036 -1.862831
    4 11.481672 -0.000089 -0.000024 2.177298 -0.504517 0.976996
    5 3.988611 0.033370 -1.223226 -0.549972 0.217465 -1.567226
    6 1.312563 -0.000008 0.000006 -0.202767 0.286656 -1.053653
    7 0.729362 -0.000004 0.000003 -0.229876 0.237472 -0.866622
    8 4.071238 0.222541 -0.462695 -0.227690 0.144786 -1.491236
    9 1.539093 0.000006 -0.000007 -0.087082 0.128361 -0.914634
    10 1.196323 -0.000004 0.000002 -0.094558 0.086438 -1.100469
    11 4.012598 0.129005 0.400192 0.028220 0.108472 -1.263622
    12 1.719578 -0.000011 0.000009 -0.022565 -0.003211 -1.044616
    13 1.209183 -0.000004 0.000003 0.021369 -0.014454 -0.893312
    14 3.988768 0.037824 1.301216 0.302005 0.047074 -1.203821
    15 1.719431 0.000002 -0.000004 0.058703 -0.163360 -1.023462
    16 1.099676 -0.000006 0.000004 0.136665 -0.151850 -0.900994
    17 0.806042 -0.348928 1.321258 -1.522383 -0.925924 -0.256302
    18 1.789782 0.000002 -0.000006 0.024878 -0.047029 -0.134465
    19 1.206999 0.000000 -0.000002 0.007061 0.001389 0.136711
    20 -1.810547 -1.376953 -8.546875 -1.668474 1.286518 2.942953
    21 6.028141 0.000000 -0.000002 0.981634 0.803855 -1.476506
    22 11.692554 0.000000 -0.000001 -0.000002 0.000000 -1.394875
    23 11.481705 -0.000001 -0.000008 -0.948298 0.597082 0.519022
    24 3.859676 -0.132545 1.193109 0.473563 -0.219108 -1.143529
    25 1.312559 -0.000004 -0.000001 0.047900 -0.090990 -1.111184
    26 0.729367 0.000000 -0.000001 0.013393 0.015514 -0.841309
    27 3.942295 0.050347 0.431044 0.145906 -0.109044 -0.920673
    28 1.539106 0.000000 0.000001 0.040823 -0.064360 -1.308282
    29 1.196321 -0.000004 -0.000002 0.003604 0.012226 -1.196030
    30 3.883663 -0.050304 -0.431042 -0.106387 -0.058782 -0.784526
    31 1.719584 0.000002 0.000006 -0.006649 -0.018590 -1.384669
    32 1.209183 0.000004 0.000006 0.006366 -0.004577 -1.241195
    33 3.859833 -0.148919 -1.331283 -0.228338 0.068604 -0.200241
    34 1.719427 0.000008 0.000011 -0.019220 0.002569 -0.095230
    35 1.099665 0.000002 0.000008 0.090643 -0.097069 -0.116032
    36 0.806023 -0.359832 -1.318336 1.230454 0.319558 -0.733257
    37 1.789780 -0.000006 -0.000006 0.005103 0.001809 0.025604
    38 1.207001 -0.000002 -0.000006 0.003156 -0.004988 0.146945
    39 -8.213631 -19.026145 -1.612062 1.362827 -0.530988 0.166542
    40 0.000007 -1.946088 0.068031 0.000000 0.000000 0.000000
    41 0.000007 -3.415848 -1.741976 0.000000 0.000000 0.000000
    42 -0.000028 1.420049 -7.723435 0.000000 0.000000 0.000000
    43 -9.614098 0.000005 38.566917 1.570796 0.000000 -1.570796
  time 26
    0 0.000000 -0.000006 0.000000 -1.570781 -1.391896 -1.570809
    1 -7.253906 8.789063 1.904297 1.596636 -1.286515 2.942963
    2 6.028145 0.000003 0.000002 -0.485533 -0.601371 -1.956274
    3 11.692553 0.000081 -0.000005 -0.000051 0.000036 -1.871681
    4 11.481672 -0.000089 -0.000024 2.171675 -0.497357 0.970441
    5 3.988611 0.033370 -1.223226 -0.549972 0.217465 -1.567226
    6 1.312563 -0.000008 0.000006 -0.202767 0.286656 -1.053653
    7 0.729362 -0.000004 0.000003 -0.229876 0.237472 -0.866622
    8 4.071238 0.222541 -0.462695 -0.227690 0.144786 -1.491236
    9 1.539093 0.000006 -0.000007 -0.087094 0.128361 -0.914634
    10 1.196323 -0.000004 0.000002 -0.094558 0.086438 -1.100469
    11 4.012598 0.129005 0.400192 0.028220 0.108472 -1.263622
    12 1.719578 -0.000011 0.000009 -0.022565 -0.003211 -1.044616
    13 1.209183 -0.000004 0.000003 0.021369 -0.014454 -0.893312
    14 3.988768 0.037824 1.301216 0.302005 0.047074 -1.203821
    15 1.719431 0.000002 -0.000004 0.058703 -0.163360 -1.023462
    16 1.099676 -0.000006 0.000004 0.136665 -0.151850 -0.900994
    17 0.806042 -0.348928 1.321258 -1.508073 -0.923498 -0.258381
    18 1.789782 0.000002 -0.000006 0.024147 -0.046297 -0.123116
    19 1.206999 0.000000 -0.000002 0.006929 0.001329 0.145785
    20 -1.810547 -1.376953 -8.546875 -1.668474 1.286518 2.942953
    21 6.028141 0.000000 -0.000002 0.976534 0.801215 -1.480617
    22 11.692554 0.000000 -0.000001 -0.000002 0.000000 -1.394229
    23 11.481705 -0.000001 -0.000008 -0.958251 0.605595 0.514834
    24 3.859676 -0.132545 1.193109 0.473563 -0.219108 -1.143529
    25 1.312559 -0.000004 -0.000001 0.047900 -0.090990 -1.111184
    26 0.729367 0.000000 -0.000001 0.013393 0.015514 -0.841309
    27 3.942295 0.050347 0.431044 0.145906 -0.109044 -0.920673
    28 1.539106 0.000000 0.000001 0.040823 -0.064360 -1.308282
    29 1.196321 -0.000004 -0.000002 0.003604 0.012226 -1.196030
    30 3.883663 -0.050304 -0.431042 -0.106387 -0.058782 -0.784526
    31 1.719584 0.000002 0.000006 -0.006649 -0.018590 -1.384669
    32 1.209183 0.000004 0.000006 0.006366 -0.004577 -1.241195
    33 3.859833 -0.148919 -1.331283 -0.228338 0.068604 -0.200241
    34 1.719427 0.000008 0.000011 -0.019220 0.002569 -0.095230
    35 1.099665 0.000002 0.000008 0.090643 -0.097069 -0.116032
    36 0.806023 -0.359832 -1.318336 1.230466 0.320032 -0.733257
    37 1.789780 -0.000006 -0.000006 0.005092 0.001928 0.027989
    38 1.207001 -0.000002 -0.000006 0.003144 -0.005000 0.150343
    39 -8.143316 -18.987081 -1.631594 1.362524 -0.524358 0.161602
    40 0.000007 -1.946088 0.068031 0.000000 0.000000 0.000000
    41 0.000007 -3.478350 -1.741976 0.000000 0.000000 0.000000
    42 -0.000028 1.420049 -7.723435 0.000000 0.000000 0.000000
    43 -9.614098 0.000005 38.566917 1.570796 0.000000 -1.570796
  time 27
    0 0.000000 -0.000006 0.000000 -1.570781 -1.391896 -1.570809
    1 -7.253906 8.789063 1.904297 1.596636 -1.286515 2.942963
    2 6.028145 0.000003 0.000002 -0.502245 -0.594432 -1.931732
    3 11.692553 0.000081 -0.000005 -0.000063 0.000036 -1.887561
    4 11.481672 -0.000089 -0.000024 2.162717 -0.490621 0.963276
    5 3.988611 0.033370 -1.223226 -0.549972 0.217465 -1.567226
    6 1.312563 -0.000008 0.000006 -0.202767 0.286656 -1.053653
    7 0.729362 -0.000004 0.000003 -0.229876 0.237472 -0.866622
    8 4.071238 0.222541 -0.462695 -0.227690 0.144786 -1.491236
    9 1.539093 0.000006 -0.000007 -0.087082 0.128361 -0.914634
    10 1.196323 -0.000004 0.000002 -0.094558 0.086438 -1.100469
    11 4.012598 0.129005 0.400192 0.028220 0.108472 -1.263622
    12 1.719578 -0.000011 0.000009 -0.022565 -0.003211 -1.044616
    13 1.209183 -0.000004 0.000003 0.021369 -0.014454 -0.893312
    14 3.988768 0.037824 1.301216 0.302005 0.047074 -1.203821
    15 1.719431 0.000002 -0.000004 0.058703 -0.163360 -1.023462
    16 1.099676 -0.000006 0.000004 0.136665 -0.151850 -0.900994
    17 0.806042 -0.348928 1.321258 -1.492601 -0.920276 -0.260787
    18 1.789782 0.000002 -0.000006 0.023296 -0.045435 -0.109657
    19 1.206999 0.000000 -0.000002 0.006785 0.001257 0.156531
    20 -1.810547 -1.376953 -8.546875 -1.668474 1.286518 2.942953
    21 6.028141 0.000000 -0.000002 0.972518 0.798382 -1.483720
    22 11.692554 0.000000 -0.000001 -0.000002 0.000000 -1.397847
    23 11.481705 -0.000001 -0.000008 -0.968961 0.612092 0.516373
    24 3.859676 -0.132545 1.193109 0.473563 -0.219108 -1.143529
    25 1.312559 -0.000004 -0.000001 0.047900 -0.090990 -1.111184
    26 0.729367 0.000000 -0.000001 0.013393 0.015514 -0.841309
    27 3.942295 0.050347 0.431044 0.145978 -0.108924 -0.920505
    28 1.539106 0.000000 0.000001 0.040727 -0.064240 -1.306825
    29 1.196321 -0.000004 -0.000002 0.003592 0.012226 -1.195971
    30 3.883663 -0.050304 -0.431042 -0.106399 -0.058686 -0.784047
    31 1.719584 0.000002 0.000006 -0.006685 -0.018566 -1.382805
    32 1.209183 0.000004 0.000006 0.006354 -0.004577 -1.239756
    33 3.859833 -0.148919 -1.331283 -0.228338 0.068604 -0.200241
    34 1.719427 0.000008 0.000011 -0.019220 0.002569 -0.095230
    35 1.099665 0.000002 0.000008 0.090643 -0.097069 -0.116032
    36 0.806023 -0.359832 -1.318336 1.230478 0.320397 -0.733257
    37 1.789780 -0.000006 -0.000006 0.005092 0.002024 0.031584
    38 1.207001 -0.000002 -0.000006 0.003120 -0.005012 0.155454
    39 -8.076908 -18.932392 -1.627688 1.364948 -0.516114 0.156251
    40 0.000007 -1.946088 0.068031 0.000000 0.000000 0.000000
    41 0.007820 -3.673668 -1.741976 0.000000 0.000000 0.000000
    42 -0.000028 1.420049 -7.723435 0.000000 0.000000 0.000000
    43 -9.614098 0.000005 38.566917 1.570796 0.000000 -1.570796
  time 28
    0 0.000000 -0.000006 0.000000 -1.570781 -1.391896 -1.570809
    1 -7.253906 8.789063 1.904297 1.596636 -1.286515 2.942963
    2 6.028145 0.000003 0.000002 -0.520471 -0.580221 -1.899807
    3 11.692553 0.000081 -0.000005 -0.000063 0.000036 -1.912354
    4 11.481672 -0.000089 -0.000024 2.146262 -0.493231 0.963805
    5 3.988611 0.033370 -1.223226 -0.549972 0.217465 -1.567226
    6 1.312563 -0.000008 0.000006 -0.202767 0.286656 -1.053653
    7 0.729362 -0.000004 0.000003 -0.229876 0.237472 -0.866622
    8 4.071238 0.222541 -0.462695 -0.227690 0.144786 -1.491236
    9 1.539093 0.000006 -0.000007 -0.087082 0.128361 -0.914634
    10 1.196323 -0.000004 0.000002 -0.094558 0.086438 -1.100469
    11 4.012598 0.129005 0.400192 0.028220 0.108472 -1.263622
    12 1.719578 -0.000011 0.000009 -0.022565 -0.003211 -1.044616
    13 1.209183 -0.000004 0.000003 0.021369 -0.014454 -0.893312
    14 3.988768 0.037824 1.301216 0.302005 0.047074 -1.203821
    15 1.719431 0.000002 -0.000004 0.058703 -0.163360 -1.023462
    16 1.099676 -0.000006 0.000004 0.136665 -0.151850 -0.900994
    17 0.806042 -0.348928 1.321258 -1.476086 -0.916273 -0.263439
    18 1.789782 0.000002 -0.000006 0.022337 -0.044416 -0.094245
    19 1.206999 0.000000 -0.000002 0.006605 0.001186 0.168821
    20 -1.810547 -1.376953 -8.546875 -1.668474 1.286518 2.942953
    21 6.028141 0.000000 -0.000002 0.971180 0.794454 -1.483804
    22 11.692554 0.000000 -0.000001 -0.000002 0.000000 -1.411093
    23 11.481705 -0.000001 -0.000008 -0.977398 0.611139 0.534717
    24 3.859676 -0.132545 1.193109 0.473563 -0.219108 -1.143529
    25 1.312559 -0.000004 -0.000001 0.047900 -0.090990 -1.111184
    26 0.729367 0.000000 -0.000001 0.013393 0.015514 -0.841309
    27 3.942295 0.050347 0.431044 0.146194 -0.108612 -0.920026
    28 1.539106 0.000000 0.000001 0.040463 -0.063929 -1.302521
    29 1.196321 -0.000004 -0.000002 0.003533 0.012226 -1.195737
    30 3.883663 -0.050304 -0.431042 -0.106423 -0.058423 -0.782680
    31 1.719584 0.000002 0.000006 -0.006781 -0.018494 -1.377399
    32 1.209183 0.000004 0.000006 0.006330 -0.004601 -1.235596
    33 3.859833 -0.148919 -1.331283 -0.228338 0.068604 -0.200241
    34 1.719427 0.000008 0.000011 -0.019220 0.002569 -0.095230
    35 1.099665 0.000002 0.000008 0.090643 -0.097069 -0.116032
    36 0.806023 -0.359832 -1.318336 1.230478 0.320749 -0.733281
    37 1.789780 -0.000006 -0.000006 0.005092 0.002108 0.036618
    38 1.207001 -0.000002 -0.000006 0.003072 -0.005036 0.162566
    39 -8.010500 -18.869890 -1.596437 1.377675 -0.506253 0.150487
    40 0.000007 -1.946088 0.068031 0.000000 0.000000 0.000000
    41 0.015633 -3.993990 -1.749789 0.000000 0.000000 0.000000
    42 -0.000028 1.420049 -7.723435 0.000000 0.000000 0.000000
    43 -9.614098 0.000005 38.566917 1.570796 0.000000 -1.570796
  time 29
    0 0.000000 -0.000006 0.000000 -1.570781 -1.391896 -1.570809
    1 -7.253906 8.789063 1.904297 1.596636 -1.286515 2.942963
    2 6.028145 0.000003 0.000002 -0.537777 -0.555019 -1.859628
    3 11.692553 0.000081 -0.000005 -0.000063 0.000036 -1.947315
    4 11.481672 -0.000089 -0.000024 2.120699 -0.509615 0.972966
    5 3.988611 0.033370 -1.223226 -0.549972 0.217465 -1.567226
    6 1.312563 -0.000008 0.000006 -0.202767 0.286656 -1.053653
    7 0.729362 -0.000004 0.000003 -0.229876 0.237472 -0.866622
    8 4.071238 0.222541 -0.462695 -0.227690 0.144786 -1.491236
    9 1.539093 0.000006 -0.000007 -0.087094 0.128361 -0.914634
    10 1.196323 -0.000004 0.000002 -0.094558 0.086438 -1.100469
    11 4.012598 0.129005 0.400192 0.028220 0.108472 -1.263622
    12 1.719578 -0.000011 0.000009 -0.022565 -0.003211 -1.044616
    13 1.209183 -0.000004 0.000003 0.021369 -0.014454 -0.893312
    14 3.988768 0.037824 1.301216 0.302005 0.047074 -1.203821
    15 1.719431 0.000002 -0.000004 0.058703 -0.163360 -1.023462
    16 1.099676 -0.000006 0.000004 0.136665 -0.151850 -0.900994
    17 0.806042 -0.348928 1.321258 -1.458685 -0.911555 -0.266254
    18 1.789782 0.000002 -0.000006 0.021271 -0.043265 -0.077035
    19 1.206999 0.000000 -0.000002 0.006414 0.001102 0.182548
    20 -1.810547 -1.376953 -8.546875 -1.668474 1.286518 2.942953
    21 6.028141 0.000000 -0.000002 0.973347 0.788111 -1.479778
    22 11.692554 0.000000 -0.000001 -0.000002 0.000000 -1.434678
    23 11.481705 -0.000001 -0.000008 -0.982601 0.601254 0.571891
    24 3.859676 -0.132545 1.193109 0.473563 -0.219108 -1.143529
    25 1.312559 -0.000004 -0.000001 0.047900 -0.090990 -1.111184
    26 0.729367 0.000000 -0.000001 0.013393 0.015514 -0.841309
    27 3.942295 0.050347 0.431044 0.146530 -0.108109 -0.919259
    28 1.539106 0.000000 0.000001 0.040032 -0.063413 -1.295692
    29 1.196321 -0.000004 -0.000002 0.003449 0.012226 -1.195385
    30 3.883663 -0.050304 -0.431042 -0.106471 -0.058003 -0.780487
    31 1.719584 0.000002 0.000006 -0.006949 -0.018375 -1.368749
    32 1.209183 0.000004 0.000006 0.006294 -0.004649 -1.228935
    33 3.859833 -0.148919 -1.331283 -0.228338 0.068604 -0.200241
    34 1.719427 0.000008 0.000011 -0.019220 0.002569 -0.095230
    35 1.099665 0.000002 0.000008 0.090643 -0.097069 -0.116032
    36 0.806023 -0.359832 -1.318336 1.230454 0.321182 -0.733365
    37 1.789780 -0.000006 -0.000006 0.005103 0.002204 0.043341
    38 1.207001 -0.000002 -0.000006 0.003024 -0.005072 0.172103
    39 -7.951904 -18.795669 -1.576905 1.403531 -0.494735 0.144244
    40 0.000007 -1.946088 0.068031 0.000000 0.000000 0.000000
    41 0.027352 -4.435410 -1.769320 0.000000 0.000000 0.000000
    42 -0.000028 1.420049 -7.723435 0.000000 0.000000 0.000000
    43 -9.614098 0.000005 38.566917 1.570796 0.000000 -1.570796
  time 30
    0 0.000000 -0.000006 0.000000 -1.570781 -1.391896 -1.570809
    1 -7.253906 8.789063 1.904297 1.596636 -1.286515 2.942963
    2 6.028145 0.000003 0.000002 -0.555841 -0.517798 -1.807505
    3 11.692553 0.000081 -0.000005 -0.000063 0.000036 -1.989620
    4 11.481672 -0.000089 -0.000024 2.089439 -0.534433 0.979154
    5 3.990234 0.035553 -1.226563 -0.549972 0.217474 -1.567222
    6 1.312563 -0.000008 0.000006 -0.202768 0.286666 -1.053673
    7 0.729362 -0.000004 0.000003 -0.229883 0.237480 -0.866641
    8 4.074219 0.224731 -0.466309 -0.227691 0.144798 -1.491252
    9 1.539093 0.000006 -0.000007 -0.087094 0.128361 -0.914634
    10 1.196323 -0.000004 0.000002 -0.094567 0.086443 -1.100504
    11 4.015625 0.131104 0.396484 0.028218 0.108475 -1.263620
    12 1.719578 -0.000011 0.000009 -0.022565 -0.003211 -1.044616
    13 1.209183 -0.000004 0.000003 0.021375 -0.014461 -0.893325
    14 3.990234 0.040009 1.296875 0.302003 0.047077 -1.203834
    15 1.719431 0.000002 -0.000004 0.058707 -0.163359 -1.023495
    16 1.099676 -0.000006 0.000004 0.136668 -0.151862 -0.901023
    17 0.806042 -0.348928 1.321258 -1.440552 -0.906164 -0.269168
    18 1.789782 0.000002 -0.000006 0.020144 -0.041995 -0.058171
    19 1.206999 0.000000 -0.000002 0.006198 0.001018 0.197609
    20 -1.810547 -1.376953 -8.546875 -1.668474 1.286518 2.942953
    21 6.028141 0.000000 -0.000002 0.977937 0.778839 -1.472479
    22 11.692554 0.000000 -0.000001 -0.000002 0.000000 -1.462463
    23 11.481705 -0.000001 -0.000008 -0.987350 0.587477 0.615503
    24 3.859676 -0.132545 1.193109 0.473563 -0.219108 -1.143529
    25 1.312559 -0.000004 -0.000001 0.047900 -0.090990 -1.111184
    26 0.729367 0.000000 -0.000001 0.013393 0.015514 -0.841309
    27 3.942295 0.050347 0.431044 0.146973 -0.107426 -0.918228
    28 1.539106 0.000000 0.000001 0.039480 -0.062718 -1.286532
    29 1.196321 -0.000004 -0.000002 0.003341 0.012226 -1.194887
    30 3.883663 -0.050304 -0.431042 -0.106530 -0.057428 -0.777563
    31 1.719584 0.000002 0.000006 -0.007165 -0.018219 -1.357153
    32 1.209183 0.000004 0.000006 0.006246 -0.004697 -1.220021
    33 3.859833 -0.148919 -1.331283 -0.228333 0.068607 -0.200237
    34 1.719427 0.000008 0.000011 -0.019226 0.002579 -0.095204
    35 1.099665 0.000002 0.000008 0.090646 -0.097080 -0.116013
    36 0.806023 -0.359832 -1.318336 1.230394 0.321819 -0.733532
    37 1.789780 -0.000006 -0.000006 0.005103 0.002312 0.051994
    38 1.207001 -0.000002 -0.000006 0.002964 -0.005108 0.184405
    39 -7.897215 -18.717542 -1.612062 1.436053 -0.481601 0.137657
    40 0.000007 -1.946088 0.068031 0.000000 0.000000 0.000000
    41 0.042977 -4.990115 -1.792759 0.000000 0.000000 0.000000
    42 -0.000028 1.420049 -7.723435 0.000000 0.000000 0.000000
    43 -9.614098 0.000005 38.566917 1.570796 0.000000 -1.570796
  time 31
    0 0.000000 -0.000006 0.000000 -1.570781 -1.391896 -1.570809
    1 -7.253906 8.789063 1.904297 1.596636 -1.286515 2.942963
    2 6.028145 0.000003 0.000002 -0.575365 -0.467993 -1.740686
    3 11.692553 0.000081 -0.000005 -0.000063 0.000036 -2.034498
    4 11.481672 -0.000089 -0.000024 2.056304 -0.562134 0.969342
    5 3.990234 0.035553 -1.226563 -0.549972 0.217474 -1.567222
    6 1.312563 -0.000008 0.000006 -0.202768 0.286666 -1.053673
    7 0.729362 -0.000004 0.000003 -0.229883 0.237480 -0.866641
    8 4.074219 0.224731 -0.466309 -0.227691 0.144798 -1.491252
    9 1.539093 0.000006 -0.000007 -0.087094 0.128361 -0.914634
    10 1.196323 -0.000004 0.000002 -0.094567 0.086443 -1.100504
    11 4.015625 0.131104 0.396484 0.028218 0.108475 -1.263620
    12 1.719578 -0.000011 0.000009 -0.022565 -0.003211 -1.044616
    13 1.209183 -0.000004 0.000003 0.021375 -0.014461 -0.893325
    14 3.990234 0.040009 1.296875 0.302003 0.047077 -1.203834
    15 1.719431 0.000002 -0.000004 0.058707 -0.163359 -1.023495
    16 1.099676 -0.000006 0.000004 0.136668 -0.151862 -0.901023
    17 0.806042 -0.348928 1.321258 -1.421808 -0.900165 -0.272114
    18 1.789782 0.000002 -0.000006 0.018945 -0.040593 -0.037810
    19 1.206999 0.000000 -0.000002 0.005970 0.000934 0.213821
    20 -1.810547 -1.376953 -8.546875 -1.668474 1.286518 2.942953
    21 6.028141 0.000000 -0.000002 0.983929 0.766121 -1.462832
    22 11.692554 0.000000 -0.000001 -0.000002 0.000000 -1.489085
    23 11.481705 -0.000001 -0.000008 -0.994070 0.574764 0.654101
    24 3.859676 -0.132545 1.193109 0.473563 -0.219108 -1.143529
    25 1.312559 -0.000004 -0.000001 0.047900 -0.090990 -1.111184
    26 0.729367 0.000000 -0.000001 0.013393 0.015514 -0.841309
    27 3.942295 0.050347 0.431044 0.147524 -0.106599 -0.916970
    28 1.539106 0.000000 0.000001 0.038797 -0.061855 -1.275302
    29 1.196321 -0.000004 -0.000002 0.003209 0.012226 -1.194301
    30 3.883663 -0.050304 -0.431042 -0.106602 -0.056733 -0.773968
    31 1.719584 0.000002 0.000006 -0.007416 -0.018015 -1.342948
    32 1.209183 0.000004 0.000006 0.006174 -0.004769 -1.209074
    33 3.859833 -0.148919 -1.331283 -0.228333 0.068607 -0.200237
    34 1.719427 0.000008 0.000011 -0.019226 0.002579 -0.095204
    35 1.099665 0.000002 0.000008 0.090646 -0.097080 -0.116013
    36 0.806023 -0.359832 -1.318336 1.230275 0.322753 -0.733832
    37 1.789780 -0.000006 -0.000006 0.005115 0.002444 0.062828
    38 1.207001 -0.000002 -0.000006 0.002880 -0.005156 0.199790
    39 -7.850339 -18.631601 -1.729253 1.468778 -0.466727 0.130728
    40 0.000007 -1.946088 0.068031 0.000000 0.000000 0.000000
    41 0.062509 -5.654197 -1.831822 0.000000 0.000000 0.000000
    42 -0.000028 1.420049 -7.723435 0.000000 0.000000 0.000000
    43 -9.614098 0.000005 38.566917 1.570796 0.000000 -1.570796
  time 32
    0 0.000000 -0.000006 0.000000 -1.570781 -1.391896 -1.570809
    1 -7.253906 8.789063 1.904297 1.596636 -1.286515 2.942963
    2 6.028145 0.000003 0.000002 -0.595809 -0.409056 -1.661559
    3 11.692553 0.000081 -0.000005 -0.000063 0.000036 -2.074857
    4 11.481672 -0.000089 -0.000024 2.025831 -0.586072 0.933473
    5 3.990234 0.035553 -1.226563 -0.549972 0.217474 -1.567222
    6 1.312563 -0.000008 0.000006 -0.202768 0.286666 -1.053673
    7 0.729362 -0.000004 0.000003 -0.229883 0.237480 -0.866641
    8 4.074219 0.224731 -0.466309 -0.227691 0.144798 -1.491252
    9 1.539093 0.000006 -0.000007 -0.087094 0.128361 -0.914634
    10 1.196323 -0.000004 0.000002 -0.094567 0.086443 -1.100504
    11 4.015625 0.131104 0.396484 0.028218 0.108475 -1.263620
    12 1.719578 -0.000011 0.000009 -0.022565 -0.003211 -1.044616
    13 1.209183 -0.000004 0.000003 0.021375 -0.014461 -0.893325
    14 3.990234 0.040009 1.296875 0.302003 0.047077 -1.203834
    15 1.719431 0.000002 -0.000004 0.058707 -0.163359 -1.023495
    16 1.099676 -0.000006 0.000004 0.136668 -0.151862 -0.901023
    17 0.806042 -0.348928 1.321258 -1.402609 -0.893601 -0.275028
    18 1.789782 0.000002 -0.000006 0.017699 -0.039059 -0.016118
    19 1.206999 0.000000 -0.000002 0.005719 0.000838 0.231104
    20 -1.810547 -1.376953 -8.546875 -1.668474 1.286518 2.942953
    21 6.028141 0.000000 -0.000002 0.989602 0.751987 -1.452933
    22 11.692554 0.000000 -0.000001 -0.000002 0.000000 -1.510989
    23 11.481705 -0.000001 -0.000008 -1.004679 0.567231 0.680906
    24 3.859676 -0.132545 1.193109 0.473563 -0.219108 -1.143529
    25 1.312559 -0.000004 -0.000001 0.047900 -0.090990 -1.111184
    26 0.729367 0.000000 -0.000001 0.013393 0.015514 -0.841309
    27 3.942295 0.050347 0.431044 0.148171 -0.105640 -0.915508
    28 1.539106 0.000000 0.000001 0.038018 -0.060849 -1.262226
    29 1.196321 -0.000004 -0.000002 0.003053 0.012226 -1.193628
    30 3.883663 -0.050304 -0.431042 -0.106674 -0.055930 -0.769785
    31 1.719584 0.000002 0.000006 -0.007716 -0.017787 -1.326394
    32 1.209183 0.000004 0.000006 0.006090 -0.004841 -1.196345
    33 3.859833 -0.148919 -1.331283 -0.228333 0.068607 -0.200237
    34 1.719427 0.000008 0.000011 -0.019226 0.002579 -0.095204
    35 1.099665 0.000002 0.000008 0.090646 -0.097080 -0.116013
    36 0.806023 -0.359832 -1.318336 1.230095 0.324093 -0.734287
    37 1.789780 -0.000006 -0.000006 0.005127 0.002635 0.076083
    38 1.207001 -0.000002 -0.000006 0.002772 -0.005203 0.218678
    39 -7.815181 -18.545661 -1.889414 1.495240 -0.450195 0.123592
    40 0.000007 -1.946088 0.068031 0.000000 0.000000 0.000000
    41 0.082041 -6.427658 -1.890418 0.000000 0.000000 0.000000
    42 -0.000028 1.420049 -7.723435 0.000000 0.000000 0.000000
    43 -9.614098 0.000005 38.566917 1.570796 0.000000 -1.570796
  time 33
    0 0.000000 -0.000006 0.000000 -1.570781 -1.391896 -1.570809
    1 -7.253906 8.789063 1.904297 1.596636 -1.286515 2.942963
    2 6.028145 0.000003 0.000002 -0.618686 -0.346999 -1.575484
    3 11.692553 0.000081 -0.000005 -0.000063 0.000024 -2.102538
    4 11.481672 -0.000089 -0.000024 2.003342 -0.597814 0.863810
    5 3.990234 0.035553 -1.226563 -0.549972 0.217474 -1.567222
    6 1.312563 -0.000008 0.000006 -0.202768 0.286666 -1.053673
    7 0.729362 -0.000004 0.000003 -0.229883 0.237480 -0.866641
    8 4.074219 0.224731 -0.466309 -0.227691 0.144798 -1.491252
    9 1.539093 0.000006 -0.000007 -0.087094 0.128361 -0.914634
    10 1.196323 -0.000004 0.000002 -0.094567 0.086443 -1.100504
    11 4.015625 0.131104 0.396484 0.028218 0.108475 -1.263620
    12 1.719578 -0.000011 0.000009 -0.022565 -0.003211 -1.044616
    13 1.209183 -0.000004 0.000003 0.021375 -0.014461 -0.893325
    14 3.990234 0.040009 1.296875 0.302003 0.047077 -1.203834
    15 1.719431 0.000002 -0.000004 0.058707 -0.163359 -1.023495
    16 1.099676 -0.000006 0.000004 0.136668 -0.151862 -0.901023
    17 0.806042 -0.348928 1.321258 -1.383086 -0.886538 -0.277876
    18 1.789782 0.000002 -0.000006 0.016417 -0.037429 0.006749
    19 1.206999 0.000000 -0.000002 0.005455 0.000742 0.249303
    20 -1.810547 -1.376953 -8.546875 -1.668474 1.286518 2.942953
    21 6.028141 0.000000 -0.000002 0.993682 0.739624 -1.445215
    22 11.692554 0.000000 -0.000001 -0.000002 0.000000 -1.525657
    23 11.481705 -0.000001 -0.000008 -1.020896 0.568351 0.691132
    24 3.859676 -0.132545 1.193109 0.473563 -0.219108 -1.143529
    25 1.312559 -0.000004 -0.000001 0.047900 -0.090990 -1.111184
    26 0.729367 0.000000 -0.000001 0.013393 0.015514 -0.841309
    27 3.942295 0.050347 0.431044 0.148891 -0.104561 -0.913866
    28 1.539106 0.000000 0.000001 0.037155 -0.059710 -1.247564
    29 1.196321 -0.000004 -0.000002 0.002873 0.012214 -1.192866
    30 3.883663 -0.050304 -0.431042 -0.106770 -0.055019 -0.765099
    31 1.719584 0.000002 0.000006 -0.008052 -0.017512 -1.307789
    32 1.209183 0.000004 0.000006 0.006006 -0.004924 -1.182083
    33 3.859833 -0.148919 -1.331283 -0.228333 0.068607 -0.200237
    34 1.719427 0.000008 0.000011 -0.019226 0.002579 -0.095204
    35 1.099665 0.000002 0.000008 0.090646 -0.097080 -0.116013
    36 0.806023 -0.359832 -1.318336 1.229843 0.325920 -0.734923
    37 1.789780 -0.000006 -0.000006 0.005139 0.002875 0.092023
    38 1.207001 -0.000002 -0.000006 0.002653 -0.005263 0.241387
    39 -7.787837 -18.455815 -2.022231 1.508926 -0.431965 0.116320
    40 0.000007 -1.946088 0.068031 0.000000 0.000000 0.000000
    41 0.101573 -7.306592 -1.960732 0.000000 0.000000 0.000000
    42 -0.000028 1.420049 -7.723435 0.000000 0.000000 0.000000
    43 -9.614098 0.000005 38.566917 1.570796 0.000000 -1.570796
  time 34
    0 0.000000 -0.000006 0.000000 -1.570781 -1.391896 -1.570809
    1 -7.253906 8.789063 1.904297 1.596636 -1.286515 2.942963
    2 6.028145 0.000003 0.000002 -0.640265 -0.284975 -1.489914
    3 11.692553 0.000081 -0.000005 -0.000063 0.000024 -2.115656
    4 11.481672 -0.000089 -0.000024 1.998506 -0.606037 0.764141
    5 3.990234 0.035553 -1.226563 -0.549972 0.217474 -1.567222
    6 1.312563 -0.000008 0.000006 -0.202768 0.286666 -1.053673
    7 0.729362 -0.000004 0.000003 -0.229883 0.237480 -0.866641
    8 4.074219 0.224731 -0.466309 -0.227691 0.144798 -1.491252
    9 1.539093 0.000006 -0.000007 -0.087094 0.128361 -0.914634
    10 1.196323 -0.000004 0.000002 -0.094567 0.086443 -1.100504
    11 4.015625 0.131104 0.396484 0.028218 0.108475 -1.263620
    12 1.719578 -0.000011 0.000009 -0.022565 -0.003211 -1.044616
    13 1.209183 -0.000004 0.000003 0.021375 -0.014461 -0.893325
    14 3.990234 0.040009 1.296875 0.302003 0.047077 -1.203834
    15 1.719431 0.000002 -0.000004 0.058707 -0.163359 -1.023495
    16 1.099676 -0.000006 0.000004 0.136668 -0.151862 -0.901023
    17 0.806042 -0.348928 1.321258 -1.363359 -0.879044 -0.280577
    18 1.789782 0.000002 -0.000006 0.015134 -0.035691 0.030622
    19 1.206999 0.000000 -0.000002 0.005179 0.000658 0.268312
    20 -1.810547 -1.376953 -8.546875 -1.668474 1.286518 2.942953
    21 6.028141 0.000000 -0.000002 0.996487 0.730835 -1.439678
    22 11.692554 0.000000 -0.000001 -0.000002 0.000000 -1.535479
    23 11.481705 -0.000001 -0.000008 -1.042013 0.575464 0.690391
    24 3.859676 -0.132545 1.193109 0.473563 -0.219108 -1.143529
    25 1.312559 -0.000004 -0.000001 0.047900 -0.090990 -1.111184
    26 0.729367 0.000000 -0.000001 0.013393 0.015514 -0.841309
    27 3.942295 0.050347 0.431044 0.149681 -0.103387 -0.912068
    28 1.539106 0.000000 0.000001 0.036244 -0.058452 -1.231544
    29 1.196321 -0.000004 -0.000002 0.002682 0.012214 -1.192016
    30 3.883663 -0.050304 -0.431042 -0.106854 -0.054036 -0.759994
    31 1.719584 0.000002 0.000006 -0.008399 -0.017212 -1.287507
    32 1.209183 0.000004 0.000006 0.005898 -0.005020 -1.166476
    33 3.859833 -0.148919 -1.331283 -0.228333 0.068607 -0.200237
    34 1.719427 0.000008 0.000011 -0.019226 0.002579 -0.095204
    35 1.099665 0.000002 0.000008 0.090646 -0.097080 -0.116013
    36 0.806023 -0.359832 -1.318336 1.229484 0.328357 -0.735797
    37 1.789780 -0.000006 -0.000006 0.005163 0.003187 0.110874
    38 1.207001 -0.000002 -0.000006 0.002509 -0.005335 0.268336
    39 -7.772211 -18.369875 -2.088639 1.511855 -0.412037 0.108910
    40 0.000007 -1.946088 0.068031 0.000000 0.000000 0.000000
    41 0.125011 -8.275371 -2.066204 -0.002229 0.008454 0.006364
    42 -0.000028 1.420049 -7.723435 0.000000 0.000000 0.000000
    43 -9.614098 0.000005 38.566917 1.570796 0.000000 -1.570796
  time 35
    0 0.000000 -0.000006 0.000000 -1.570781 -1.391896 -1.570809
    1 -7.253906 8.789063 1.904297 1.596636 -1.286515 2.942963
    2 6.028145 0.000003 0.000002 -0.653786 -0.226105 -1.412815
    3 11.692553 0.000081 -0.000005 -0.000063 0.000024 -2.117162
    4 11.481672 -0.000089 -0.000024 2.015448 -0.624210 0.648634
    5 3.990234 0.035553 -1.226563 -0.549972 0.217474 -1.567222
    6 1.312563 -0.000008 0.000006 -0.202768 0.286666 -1.053673
    7 0.729362 -0.000004 0.000003 -0.229883 0.237480 -0.866641
    8 4.074219 0.224731 -0.466309 -0.227691 0.144798 -1.491252
    9 1.539093 0.000006 -0.000007 -0.087094 0.128361 -0.914634
    10 1.196323 -0.000004 0.000002 -0.094567 0.086443 -1.100504
    11 4.015625 0.131104 0.396484 0.028218 0.108475 -1.263620
    12 1.719578 -0.000011 0.000009 -0.022565 -0.003211 -1.044616
    13 1.209183 -0.000004 0.000003 0.021375 -0.014461 -0.893325
    14 3.990234 0.040009 1.296875 0.302003 0.047077 -1.203834
    15 1.719431 0.000002 -0.000004 0.058707 -0.163359 -1.023495
    16 1.099676 -0.000006 0.000004 0.136668 -0.151862 -0.901023
    17 0.806042 -0.348928 1.321258 -1.343561 -0.871158 -0.283114
    18 1.789782 0.000002 -0.000006 0.013840 -0.033857 0.055359
    19 1.206999 0.000000 -0.000002 0.004892 0.000574 0.287975
    20 -1.810547 -1.376953 -8.546875 -1.668474 1.286518 2.942953
    21 6.028141 0.000000 -0.000002 0.999228 0.727100 -1.435903
    22 11.692554 0.000000 -0.000001 -0.000002 0.000000 -1.545430
    23 11.481705 -0.000001 -0.000008 -1.065809 0.582968 0.690762
    24 3.859676 -0.132545 1.193109 0.473563 -0.219108 -1.143529
    25 1.312559 -0.000004 -0.000001 0.047900 -0.090990 -1.111184
    26 0.729367 0.000000 -0.000001 0.013393 0.015514 -0.841309
    27 3.942295 0.050347 0.431044 0.150508 -0.102129 -0.910151
    28 1.539106 0.000000 0.000001 0.035286 -0.057086 -1.214390
    29 1.196321 -0.000004 -0.000002 0.002478 0.012214 -1.191137
    30 3.883663 -0.050304 -0.431042 -0.106938 -0.052982 -0.754529
    31 1.719584 0.000002 0.000006 -0.008771 -0.016877 -1.265770
    32 1.209183 0.000004 0.000006 0.005791 -0.005104 -1.149775
    33 3.859833 -0.148919 -1.331283 -0.228333 0.068607 -0.200237
    34 1.719427 0.000008 0.000011 -0.019226 0.002579 -0.095204
    35 1.099665 0.000002 0.000008 0.090646 -0.097080 -0.116013
    36 0.806023 -0.359832 -1.318336 1.229028 0.331498 -0.736924
    37 1.789780 -0.000006 -0.000006 0.005199 0.003582 0.132890
    38 1.207001 -0.000002 -0.000006 0.002329 -0.005407 0.299843
    39 -7.768305 -18.283935 -2.045669 1.510643 -0.390409 0.101637
    40 0.000007 -1.946088 0.068031 0.000000 0.000000 0.000000
    41 0.144543 -9.318372 -2.206834 -0.008437 0.032020 0.024089
    42 -0.000028 1.420049 -7.723435 0.000000 0.000000 0.000000
    43 -9.614098 0.000005 38.566917 1.570796 0.000000 -1.570796
  time 36
    0 0.000000 -0.000006 0.000000 -1.570781 -1.391896 -1.570809
    1 -7.253906 8.789063 1.904297 1.596636 -1.286515 2.942963
    2 6.028145 0.000003 0.000002 -0.660059 -0.171718 -1.343752
    3 11.692553 0.000081 -0.000005 -0.000063 0.000024 -2.102412
    4 11.481672 -0.000089 -0.000024 2.052219 -0.650425 0.513625
    5 3.990234 0.035553 -1.226563 -0.549972 0.217474 -1.567222
    6 1.312563 -0.000008 0.000006 -0.202768 0.286666 -1.053673
    7 0.729362 -0.000004 0.000003 -0.229883 0.237480 -0.866641
    8 4.074219 0.224731 -0.466309 -0.227691 0.144798 -1.491252
    9 1.539093 0.000006 -0.000007 -0.087094 0.128361 -0.914634
    10 1.196323 -0.000004 0.000002 -0.094567 0.086443 -1.100504
    11 4.015625 0.131104 0.396484 0.028218 0.108475 -1.263620
    12 1.719578 -0.000011 0.000009 -0.022565 -0.003211 -1.044582
    13 1.209183 -0.000004 0.000003 0.021375 -0.014461 -0.893325
    14 3.990234 0.040009 1.296875 0.302003 0.047077 -1.203834
    15 1.719431 0.000002 -0.000004 0.058707 -0.163359 -1.023495
    16 1.099676 -0.000006 0.000004 0.136668 -0.151862 -0.901023
    17 0.806042 -0.348928 1.321258 -1.323810 -0.862963 -0.285455
    18 1.789782 0.000002 -0.000006 0.012558 -0.031940 0.080766
    19 1.206999 0.000000 -0.000002 0.004592 0.000490 0.308187
    20 -1.810547 -1.376953 -8.546875 -1.668474 1.286518 2.942953
    21 6.028141 0.000000 -0.000002 1.003436 0.725168 -1.431373
    22 11.692554 0.000000 -0.000001 -0.000002 0.000000 -1.554540
    23 11.481705 -0.000001 -0.000008 -1.092382 0.590529 0.687571
    24 3.859676 -0.132545 1.193109 0.473563 -0.219108 -1.143529
    25 1.312559 -0.000004 -0.000001 0.047900 -0.090990 -1.111184
    26 0.729367 0.000000 -0.000001 0.013393 0.015514 -0.841309
    27 3.942295 0.050347 0.431044 0.151407 -0.100810 -0.908137
    28 1.539106 0.000000 0.000001 0.034303 -0.055635 -1.196395
    29 1.196321 -0.000004 -0.000002 0.002262 0.012214 -1.190200
    30 3.883663 -0.050304 -0.431042 -0.107034 -0.051867 -0.748788
    31 1.719584 0.000002 0.000006 -0.009154 -0.016529 -1.242952
    32 1.209183 0.000004 0.000006 0.005683 -0.005200 -1.132260
    33 3.859833 -0.148919 -1.331283 -0.228333 0.068607 -0.200237
    34 1.719427 0.000008 0.000011 -0.019226 0.002579 -0.095204
    35 1.099665 0.000002 0.000008 0.090646 -0.097080 -0.116013
    36 0.806023 -0.359832 -1.318336 1.228441 0.335478 -0.738338
    37 1.789780 -0.000006 -0.000006 0.005247 0.004074 0.159412
    38 1.207001 -0.000002 -0.000006 0.002125 -0.005503 0.337831
    39 -7.780024 -18.201901 -1.963635 1.505593 -0.367207 0.094433
    40 0.000007 -1.946088 0.068031 0.000000 0.000000 0.000000
    41 0.167981 -10.408249 -2.378714 -0.017905 0.067952 0.051102
    42 -0.000028 1.420049 -7.723435 0.000000 0.000000 0.000000
    43 -9.614098 0.000005 38.566917 1.570796 0.000000 -1.570796
  time 37
    0 0.000000 -0.000006 0.000000 -1.570781 -1.391896 -1.570809
    1 -7.253906 8.789063 1.904297 1.596636 -1.286515 2.942963
    2 6.028145 0.000003 0.000002 -0.659951 -0.125797 -1.286054
    3 11.692553 0.000081 -0.000005 -0.000063 0.000036 -2.068267
    4 11.481672 -0.000089 -0.000024 2.107243 -0.681797 0.360579
    5 3.990234 0.035553 -1.226563 -0.549972 0.217474 -1.567222
    6 1.312563 -0.000008 0.000006 -0.202768 0.286666 -1.053673
    7 0.729362 -0.000004 0.000003 -0.229883 0.237480 -0.866641
    8 4.074219 0.224731 -0.466309 -0.227691 0.144798 -1.491252
    9 1.539093 0.000006 -0.000007 -0.087094 0.128361 -0.914634
    10 1.196323 -0.000004 0.000002 -0.094567 0.086443 -1.100504
    11 4.015625 0.131104 0.396484 0.028218 0.108475 -1.263620
    12 1.719578 -0.000011 0.000009 -0.022565 -0.003211 -1.044616
    13 1.209183 -0.000004 0.000003 0.021375 -0.014461 -0.893325
    14 3.990234 0.040009 1.296875 0.302003 0.047077 -1.203834
    15 1.719431 0.000002 -0.000004 0.058707 -0.163359 -1.023495
    16 1.099676 -0.000006 0.000004 0.136668 -0.151862 -0.901023
    17 0.806042 -0.348928 1.321258 -1.304203 -0.854512 -0.287567
    18 1.789782 0.000002 -0.000006 0.011299 -0.029962 0.106689
    19 1.206999 0.000000 -0.000002 0.004280 0.000407 0.328792
    20 -1.810547 -1.376953 -8.546875 -1.668474 1.286518 2.942953
    21 6.028141 0.000000 -0.000002 1.010065 0.723977 -1.424830
    22 11.692554 0.000000 -0.000001 -0.000002 0.000000 -1.562747
    23 11.481705 -0.000001 -0.000008 -1.121583 0.597446 0.679367
    24 3.859676 -0.132545 1.193109 0.473563 -0.219108 -1.143529
    25 1.312559 -0.000004 -0.000001 0.047900 -0.090990 -1.111184
    26 0.729367 0.000000 -0.000001 0.013393 0.015514 -0.841309
    27 3.942295 0.050347 0.431044 0.152330 -0.099456 -0.906052
    28 1.539106 0.000000 0.000001 0.033320 -0.054113 -1.177817
    29 1.196321 -0.000004 -0.000002 0.002034 0.012214 -1.189233
    30 3.883663 -0.050304 -0.431042 -0.107118 -0.050717 -0.742856
    31 1.719584 0.000002 0.000006 -0.009550 -0.016145 -1.219314
    32 1.209183 0.000004 0.000006 0.005563 -0.005308 -1.114120
    33 3.859833 -0.148919 -1.331283 -0.228333 0.068607 -0.200237
    34 1.719427 0.000008 0.000011 -0.019226 0.002579 -0.095204
    35 1.099665 0.000002 0.000008 0.090646 -0.097080 -0.116013
    36 0.806023 -0.359832 -1.318336 1.227734 0.340175 -0.740016
    37 1.789780 -0.000006 -0.000006 0.005319 0.004637 0.190692
    38 1.207001 -0.000002 -0.000006 0.001886 -0.005587 0.382641
    39 -7.822994 -18.131586 -1.877695 1.497058 -0.342431 0.087503
    40 0.000007 -1.946088 0.068031 0.000000 0.000000 0.000000
    41 0.191419 -11.513751 -2.570126 -0.029914 0.113488 0.085354
    42 -0.000028 1.420049 -7.723435 0.000000 0.000000 0.000000
    43 -9.614098 0.000005 38.566917 1.570796 0.000000 -1.570796
  time 38
    0 0.000000 -0.000006 0.000000 -1.570781 -1.391896 -1.570809
    1 -7.253906 8.789063 1.904297 1.596636 -1.286515 2.942963
    2 6.028145 0.000003 0.000002 -0.655516 -0.092162 -1.243414
    3 11.692553 0.000081 -0.000005 -0.000063 0.000036 -2.014099
    4 11.481672 -0.000089 -0.000024 2.178647 -0.714534 0.193975
    5 3.990234 0.035553 -1.226563 -0.549972 0.217474 -1.567222
    6 1.312563 -0.000008 0.000006 -0.202768 0.286666 -1.053673
    7 0.729362 -0.000004 0.000003 -0.229883 0.237480 -0.866641
    8 4.074219 0.224731 -0.466309 -0.227691 0.144798 -1.491252
    9 1.539093 0.000006 -0.000007 -0.087094 0.128361 -0.914634
    10 1.196323 -0.000004 0.000002 -0.094567 0.086443 -1.100504
    11 4.015625 0.131104 0.396484 0.028218 0.108475 -1.263620
    12 1.719578 -0.000011 0.000009 -0.022565 -0.003211 -1.044616
    13 1.209183 -0.000004 0.000003 0.021375 -0.014461 -0.893325
    14 3.990234 0.040009 1.296875 0.302003 0.047077 -1.203834
    15 1.719431 0.000002 -0.000004 0.058707 -0.163359 -1.023495
    16 1.099676 -0.000006 0.000004 0.136668 -0.151862 -0.901023
    17 0.806042 -0.348928 1.321258 -1.284848 -0.845885 -0.289433
    18 1.789782 0.000002 -0.000006 0.010077 -0.027913 0.132947
    19 1.206999 0.000000 -0.000002 0.003969 0.000335 0.349657
    20 -1.810547 -1.376953 -8.546875 -1.668474 1.286518 2.942953
    21 6.028141 0.000000 -0.000002 1.019181 0.723333 -1.416189
    22 11.692554 0.000000 -0.000001 -0.000002 0.000000 -1.569725
    23 11.481705 -0.000001 -0.000008 -1.153209 0.603131 0.666036
    24 3.859676 -0.132545 1.193109 0.473563 -0.219108 -1.143529
    25 1.312559 -0.000004 -0.000001 0.047900 -0.090990 -1.111184
    26 0.729367 0.000000 -0.000001 0.013393 0.015514 -0.841309
    27 3.942295 0.050347 0.431044 0.153277 -0.098066 -0.903931
    28 1.539106 0.000000 0.000001 0.032337 -0.052543 -1.158819
    29 1.196321 -0.000004 -0.000002 0.001807 0.012214 -1.188237
    30 3.883663 -0.050304 -0.431042 -0.107190 -0.049542 -0.736803
    31 1.719584 0.000002 0.000006 -0.009933 -0.015750 -1.195228
    32 1.209183 0.000004 0.000006 0.005431 -0.005404 -1.095636
    33 3.859833 -0.148919 -1.331283 -0.228333 0.068607 -0.200237
    34 1.719427 0.000008 0.000011 -0.019226 0.002579 -0.095204
    35 1.099665 0.000002 0.000008 0.090646 -0.097080 -0.116013
    36 0.806023 -0.359832 -1.318336 1.226967 0.345401 -0.741850
    37 1.789780 -0.000006 -0.000006 0.005427 0.005260 0.225399
    38 1.207001 -0.000002 -0.000006 0.001610 -0.005683 0.432405
    39 -7.885496 -18.065178 -1.783942 1.485443 -0.316204 0.080848
    40 0.000007 -1.946088 0.068031 0.000000 0.000000 0.000000
    41 0.214857 -12.619254 -2.777164 -0.043732 0.165883 0.124760
    42 -0.000028 1.420049 -7.723435 0.000000 0.000000 0.000000
    43 -9.614098 0.000005 38.566917 1.570796 0.000000 -1.570796
  time 39
    0 0.000000 -0.000006 0.000000 -1.570781 -1.391896 -1.570809
    1 -7.253906 8.789063 1.904297 1.596636 -1.286515 2.942963
    2 6.028145 0.000003 0.000002 -0.648972 -0.072871 -1.218583
    3 11.692553 0.000081 -0.000005 -0.000063 0.000036 -1.940725
    4 11.481672 -0.000089 -0.000024 2.263807 -0.744844 0.018699
    5 3.990234 0.035553 -1.226563 -0.549972 0.217474 -1.567222
    6 1.312563 -0.000008 0.000006 -0.202768 0.286666 -1.053673
    7 0.729362 -0.000004 0.000003 -0.229883 0.237480 -0.866641
    8 4.074219 0.224731 -0.466309 -0.227691 0.144798 -1.491252
    9 1.539093 0.000006 -0.000007 -0.087094 0.128361 -0.914634
    10 1.196323 -0.000004 0.000002 -0.094567 0.086443 -1.100504
    11 4.015625 0.131104 0.396484 0.028218 0.108475 -1.263620
    12 1.719578 -0.000011 0.000009 -0.022565 -0.003211 -1.044616
    13 1.209183 -0.000004 0.000003 0.021375 -0.014461 -0.893325
    14 3.990234 0.040009 1.296875 0.302003 0.047077 -1.203834
    15 1.719431 0.000002 -0.000004 0.058707 -0.163359 -1.023495
    16 1.099676 -0.000006 0.000004 0.136668 -0.151862 -0.901023
    17 0.806042 -0.348928 1.321258 -1.265841 -0.837124 -0.291037
    18 1.789782 0.000002 -0.000006 0.008902 -0.025816 0.159385
    19 1.206999 0.000000 -0.000002 0.003657 0.000263 0.370654
    20 -1.810547 -1.376953 -8.546875 -1.668474 1.286518 2.942953
    21 6.028141 0.000000 -0.000002 1.030911 0.723140 -1.405451
    22 11.692554 0.000000 -0.000001 -0.000002 0.000000 -1.575605
    23 11.481705 -0.000001 -0.000008 -1.186956 0.607023 0.647919
    24 3.859676 -0.132545 1.193109 0.473563 -0.219108 -1.143529
    25 1.312559 -0.000004 -0.000001 0.047900 -0.090990 -1.111184
    26 0.729367 0.000000 -0.000001 0.013393 0.015514 -0.841309
    27 3.942295 0.050347 0.431044 0.154236 -0.096676 -0.901785
    28 1.539106 0.000000 0.000001 0.031391 -0.050950 -1.139723
    29 1.196321 -0.000004 -0.000002 0.001579 0.012214 -1.187241
    30 3.883663 -0.050304 -0.431042 -0.107262 -0.048356 -0.730715
    31 1.719584 0.000002 0.000006 -0.010317 -0.015343 -1.170956
    32 1.209183 0.000004 0.000006 0.005311 -0.005500 -1.077026
    33 3.859833 -0.148919 -1.331283 -0.228333 0.068607 -0.200237
    34 1.719427 0.000008 0.000011 -0.019226 0.002579 -0.095204
    35 1.099665 0.000002 0.000008 0.090646 -0.097080 -0.116013
    36 0.806023 -0.359832 -1.318336 1.226164 0.350965 -0.743767
    37 1.789780 -0.000006 -0.000006 0.005571 0.005943 0.262144
    38 1.207001 -0.000002 -0.000006 0.001322 -0.005755 0.485066
    39 -7.971436 -18.014395 -1.690190 1.471050 -0.288652 0.074605
    40 0.000007 -1.946088 0.068031 0.000000 0.000000 0.000000
    41 0.234389 -13.689599 -2.984201 -0.058629 0.222404 0.167257
    42 -0.000028 1.420049 -7.723435 0.000000 0.000000 0.000000
    43 -9.614098 0.000005 38.566917 1.570796 0.000000 -1.570796
  time 40
    0 0.000000 -0.000006 0.000000 -1.570781 -1.391896 -1.570809
    1 -7.253906 8.789063 1.904297 1.596636 -1.286515 2.942963
    2 6.028145 0.000003 0.000002 -0.642050 -0.068289 -1.212719
    3 11.692553 0.000081 -0.000005 -0.000051 0.000036 -1.850215
    4 11.481672 -0.000089 -0.000024 2.358450 -0.769632 -0.160037
    5 3.990234 0.035553 -1.226563 -0.549972 0.217474 -1.567222
    6 1.312563 -0.000008 0.000006 -0.202768 0.286666 -1.053673
    7 0.729362 -0.000004 0.000003 -0.229883 0.237480 -0.866641
    8 4.074219 0.224731 -0.466309 -0.227691 0.144798 -1.491252
    9 1.539093 0.000006 -0.000007 -0.087094 0.128361 -0.914634
    10 1.196323 -0.000004 0.000002 -0.094567 0.086443 -1.100504
    11 4.015625 0.131104 0.396484 0.028218 0.108475 -1.263620
    12 1.719578 -0.000011 0.000009 -0.022565 -0.003211 -1.044616
    13 1.209183 -0.000004 0.000003 0.021375 -0.014461 -0.893325
    14 3.990234 0.040009 1.296875 0.302003 0.047077 -1.203834
    15 1.719431 0.000002 -0.000004 0.058707 -0.163359 -1.023495
    16 1.099676 -0.000006 0.000004 0.136668 -0.151862 -0.901023
    17 0.806042 -0.348928 1.321258 -1.247264 -0.828308 -0.292395
    18 1.789782 0.000002 -0.000006 0.007776 -0.023695 0.185811
    19 1.206999 0.000000 -0.000002 0.003346 0.000203 0.391650
    20 -1.810547 -1.376953 -8.546875 -1.668474 1.286518 2.942953
    21 6.028141 0.000000 -0.000002 1.044871 0.723784 -1.392951
    22 11.692554 0.000000 -0.000001 -0.000002 0.000000 -1.579611
    23 11.481705 -0.000001 -0.000008 -1.222422 0.608619 0.625159
    24 3.859676 -0.132545 1.193109 0.473563 -0.219108 -1.143529
    25 1.312559 -0.000004 -0.000001 0.047900 -0.090990 -1.111184
    26 0.729367 0.000000 -0.000001 0.013393 0.015514 -0.841309
    27 3.942295 0.050347 0.431044 0.155182 -0.095297 -0.899664
    28 1.539106 0.000000 0.000001 0.030468 -0.049344 -1.120757
    29 1.196321 -0.000004 -0.000002 0.001351 0.012214 -1.186245
    30 3.883663 -0.050304 -0.431042 -0.107321 -0.047181 -0.724663
    31 1.719584 0.000002 0.000006 -0.010676 -0.014935 -1.146871
    32 1.209183 0.000004 0.000006 0.005179 -0.005596 -1.058542
    33 3.859833 -0.148919 -1.331283 -0.228333 0.068607 -0.200237
    34 1.719427 0.000008 0.000011 -0.019226 0.002579 -0.095204
    35 1.099665 0.000002 0.000008 0.090646 -0.097080 -0.116013
    36 0.806023 -0.359832 -1.318336 1.225349 0.356664 -0.745673
    37 1.789780 -0.000006 -0.000006 0.005739 0.006662 0.299584
    38 1.207001 -0.000002 -0.000006 0.001035 -0.005827 0.538649
    39 -8.073002 -17.971425 -1.592530 1.454234 -0.260023 0.068704
    40 0.000007 -1.946088 0.068031 0.000000 0.000000 0.000000
    41 0.253921 -14.701348 -3.195145 -0.073885 0.280307 0.210797
    42 -0.000028 1.420049 -7.723435 0.000000 0.000000 0.000000
    43 -9.614098 0.000005 38.566917 1.570796 0.000000 -1.570796
  time 41
    0 0.000000 -0.000006 0.000000 -1.570781 -1.391896 -1.570809
    1 -7.253906 8.789063 1.904297 1.596636 -1.286515 2.942963
    2 6.028145 0.000003 0.000002 -0.635614 -0.077552 -1.225461
    3 11.692553 0.000081 -0.000005 -0.000051 0.000036 -1.744892
    4 11.481672 -0.000089 -0.000024 2.456804 -0.786775 -0.336861
    5 3.990234 0.035553 -1.226563 -0.549972 0.217474 -1.567222
    6 1.312563 -0.000008 0.000006 -0.202768 0.286666 -1.053673
    7 0.729362 -0.000004 0.000003 -0.229883 0.237480 -0.866641
    8 4.074219 0.224731 -0.466309 -0.227691 0.144798 -1.491252
    9 1.539093 0.000006 -0.000007 -0.087094 0.128361 -0.914634
    10 1.196323 -0.000004 0.000002 -0.094567 0.086443 -1.100504
    11 4.015625 0.131104 0.396484 0.028218 0.108475 -1.263620
    12 1.719578 -0.000011 0.000009 -0.022565 -0.003211 -1.044616
    13 1.209183 -0.000004 0.000003 0.021375 -0.014461 -0.893325
    14 3.990234 0.040009 1.296875 0.302003 0.047077 -1.203834
    15 1.719431 0.000002 -0.000004 0.058707 -0.163359 -1.023495
    16 1.099676 -0.000006 0.000004 0.136668 -0.151862 -0.901023
    17 0.806042 -0.348928 1.321258 -1.229216 -0.819507 -0.293492
    18 1.789782 0.000002 -0.000006 0.006721 -0.021561 0.212057
    19 1.206999 0.000000 -0.000002 0.003022 0.000143 0.412516
    20 -1.810547 -1.376953 -8.546875 -1.668474 1.286518 2.942953
    21 6.028141 0.000000 -0.000002 1.061127 0.725265 -1.378774
    22 11.692554 0.000000 -0.000001 -0.000002 0.000000 -1.581744
    23 11.481705 -0.000001 -0.000008 -1.258948 0.607583 0.598383
    24 3.859676 -0.132545 1.193109 0.473563 -0.219108 -1.143529
    25 1.312559 -0.000004 -0.000001 0.047900 -0.090990 -1.111184
    26 0.729367 0.000000 -0.000001 0.013393 0.015514 -0.841309
    27 3.942295 0.050347 0.431044 0.156117 -0.093943 -0.897579
    28 1.539106 0.000000 0.000001 0.029605 -0.047750 -1.102147
    29 1.196321 -0.000004 -0.000002 0.001124 0.012214 -1.185279
    30 3.883663 -0.050304 -0.431042 -0.107381 -0.046031 -0.718743
    31 1.719584 0.000002 0.000006 -0.011036 -0.014516 -1.123270
    32 1.209183 0.000004 0.000006 0.005048 -0.005679 -1.040402
    33 3.859833 -0.148919 -1.331283 -0.228333 0.068607 -0.200237
    34 1.719427 0.000008 0.000011 -0.019226 0.002579 -0.095204
    35 1.099665 0.000002 0.000008 0.090646 -0.097080 -0.116013
    36 0.806023 -0.359832 -1.318336 1.224582 0.362296 -0.747470
    37 1.789780 -0.000006 -0.000006 0.005930 0.007405 0.336340
    38 1.207001 -0.000002 -0.000006 0.000735 -0.005875 0.591178
    39 -8.190193 -17.947987 -1.498778 1.435498 -0.230565 0.063353
    40 0.000007 -1.946088 0.068031 0.000000 0.000000 0.000000
    41 0.269547 -15.627158 -3.390464 -0.088782 0.336828 0.253306
    42 -0.000028 1.420049 -7.723435 0.000000 0.000000 0.000000
    43 -9.614098 0.000005 38.566917 1.570796 0.000000 -1.570796
  time 42
    0 0.000000 -0.000006 0.000000 -1.570781 -1.391896 -1.570809
    1 -7.253906 8.789063 1.904297 1.596636 -1.286515 2.942963
    2 6.028145 0.000003 0.000002 -0.629611 -0.098770 -1.254780
    3 11.692553 0.000081 -0.000005 -0.000051 0.000036 -1.628334
    4 11.481672 -0.000089 -0.000024 2.551710 -0.795634 -0.505704
    5 3.990234 0.035553 -1.226563 -0.549972 0.217474 -1.567222
    6 1.312563 -0.000008 0.000006 -0.202768 0.286666 -1.053673
    7 0.729362 -0.000004 0.000003 -0.229883 0.237480 -0.866641
    8 4.074219 0.224731 -0.466309 -0.227691 0.144798 -1.491252
    9 1.539093 0.000006 -0.000007 -0.087094 0.128361 -0.914634
    10 1.196323 -0.000004 0.000002 -0.094567 0.086443 -1.100504
    11 4.015625 0.131104 0.396484 0.028218 0.108475 -1.263620
    12 1.719578 -0.000011 0.000009 -0.022565 -0.003211 -1.044616
    13 1.209183 -0.000004 0.000003 0.021375 -0.014461 -0.893325
    14 3.990234 0.040009 1.296875 0.302003 0.047077 -1.203834
    15 1.719431 0.000002 -0.000004 0.058707 -0.163359 -1.023495
    16 1.099676 -0.000006 0.000004 0.136668 -0.151862 -0.901023
    17 0.806042 -0.348928 1.321258 -1.211766 -0.810772 -0.294343
    18 1.789782 0.000002 -0.000006 0.005738 -0.019428 0.237944
    19 1.206999 0.000000 -0.000002 0.002710 0.000095 0.433120
    20 -1.810547 -1.376953 -8.546875 -1.668474 1.286518 2.942953
    21 6.028141 0.000000 -0.000002 1.079295 0.727776 -1.363254
    22 11.692554 0.000000 -0.000001 -0.000002 0.000000 -1.581679
    23 11.481705 -0.000001 -0.000008 -1.295676 0.603635 0.568188
    24 3.859676 -0.132545 1.193109 0.473563 -0.219108 -1.143529
    25 1.312559 -0.000004 -0.000001 0.047900 -0.090990 -1.111184
    26 0.729367 0.000000 -0.000001 0.013393 0.015514 -0.841309
    27 3.942295 0.050347 0.431044 0.157028 -0.092637 -0.895553
    28 1.539106 0.000000 0.000001 0.028790 -0.046192 -1.084184
    29 1.196321 -0.000004 -0.000002 0.000908 0.012202 -1.184341
    30 3.883663 -0.050304 -0.431042 -0.107429 -0.044916 -0.713002
    31 1.719584 0.000002 0.000006 -0.011359 -0.014108 -1.100415
    32 1.209183 0.000004 0.000006 0.004928 -0.005763 -1.022888
    33 3.859833 -0.148919 -1.331283 -0.228333 0.068607 -0.200237
    34 1.719427 0.000008 0.000011 -0.019226 0.002579 -0.095204
    35 1.099665 0.000002 0.000008 0.090646 -0.097080 -0.116013
    36 0.806023 -0.359832 -1.318336 1.223899 0.367670 -0.749076
    37 1.789780 -0.000006 -0.000006 0.006146 0.008148 0.371048
    38 1.207001 -0.000002 -0.000006 0.000447 -0.005911 0.640651
    39 -8.319103 -17.936268 -1.401118 1.415146 -0.200692 0.058550
    40 0.000007 -1.946088 0.068031 0.000000 0.000000 0.000000
    41 0.285172 -16.443589 -3.570157 -0.102600 0.389223 0.292712
    42 -0.000028 1.420049 -7.723435 0.000000 0.000000 0.000000
    43 -9.614098 0.000005 38.566917 1.570796 0.000000 -1.570796
  time 43
    0 0.000000 -0.000006 0.000000 -1.570781 -1.391896 -1.570809
    1 -7.253906 8.789063 1.904297 1.596636 -1.286515 2.942963
    2 6.028145 0.000003 0.000002 -0.623283 -0.129914 -1.298361
    3 11.692553 0.000081 -0.000005 -0.000039 0.000036 -1.503930
    4 11.481672 -0.000089 -0.000024 2.635933 -0.797212 -0.660704
    5 3.990234 0.035553 -1.226563 -0.549972 0.217474 -1.567222
    6 1.312563 -0.000008 0.000006 -0.202768 0.286666 -1.053673
    7 0.729362 -0.000004 0.000003 -0.229883 0.237480 -0.866641
    8 4.074219 0.224731 -0.466309 -0.227691 0.144798 -1.491252
    9 1.539093 0.000006 -0.000007 -0.087094 0.128361 -0.914634
    10 1.196323 -0.000004 0.000002 -0.094567 0.086443 -1.100504
    11 4.015625 0.131104 0.396484 0.028218 0.108475 -1.263620
    12 1.719578 -0.000011 0.000009 -0.022565 -0.003211 -1.044616
    13 1.209183 -0.000004 0.000003 0.021375 -0.014461 -0.893325
    14 3.990234 0.040009 1.296875 0.302003 0.047077 -1.203834
    15 1.719431 0.000002 -0.000004 0.058707 -0.163359 -1.023495
    16 1.099676 -0.000006 0.000004 0.136668 -0.151862 -0.901023
    17 0.806042 -0.348928 1.321258 -1.194988 -0.802186 -0.294965
    18 1.789782 0.000002 -0.000006 0.004828 -0.017307 0.263327
    19 1.206999 0.000000 -0.000002 0.002411 0.000059 0.453333
    20 -1.810547 -1.376953 -8.546875 -1.668474 1.286518 2.942953
    21 6.028141 0.000000 -0.000002 1.098993 0.731157 -1.346728
    22 11.692554 0.000000 -0.000001 -0.000002 0.000000 -1.579676
    23 11.481705 -0.000001 -0.000008 -1.331697 0.596942 0.535515
    24 3.859676 -0.132545 1.193109 0.473563 -0.219108 -1.143529
    25 1.312559 -0.000004 -0.000001 0.047900 -0.090990 -1.111184
    26 0.729367 0.000000 -0.000001 0.013393 0.015514 -0.841309
    27 3.942295 0.050347 0.431044 0.157891 -0.091402 -0.893624
    28 1.539106 0.000000 0.000001 0.028047 -0.044706 -1.067063
    29 1.196321 -0.000004 -0.000002 0.000704 0.012202 -1.183433
    30 3.883663 -0.050304 -0.431042 -0.107465 -0.043862 -0.707537
    31 1.719584 0.000002 0.000006 -0.011671 -0.013713 -1.078715
    32 1.209183 0.000004 0.000006 0.004808 -0.005847 -1.006186
    33 3.859833 -0.148919 -1.331283 -0.228333 0.068607 -0.200237
    34 1.719427 0.000008 0.000011 -0.019226 0.002579 -0.095204
    35 1.099665 0.000002 0.000008 0.090646 -0.097080 -0.116013
    36 0.806023 -0.359832 -1.318336 1.223347 0.372571 -0.750383
    37 1.789780 -0.000006 -0.000006 0.006362 0.008903 0.402364
    38 1.207001 -0.000002 -0.000006 0.000172 -0.005923 0.685172
    39 -8.459732 -17.944080 -1.307365 1.393582 -0.170944 0.054296
    40 0.000007 -1.946088 0.068031 0.000000 0.000000 0.000000
    41 0.296891 -17.127204 -3.726411 -0.114597 0.434759 0.326964
    42 -0.000028 1.420049 -7.723435 0.000000 0.000000 0.000000
    43 -9.614098 0.000005 38.566917 1.570796 0.000000 -1.570796
  time 44
    0 0.000000 -0.000006 0.000000 -1.570781 -1.391896 -1.570809
    1 -7.253906 8.789063 1.904297 1.596636 -1.286515 2.942963
    2 6.028145 0.000003 0.000002 -0.615765 -0.168364 -1.352656
    3 11.692553 0.000081 -0.000005 -0.000039 0.000036 -1.376764
    4 11.481672 -0.000089 -0.000024 2.702764 -0.793419 -0.795917
    5 3.990234 0.035553 -1.226563 -0.549972 0.217474 -1.567222
    6 1.312563 -0.000008 0.000006 -0.202768 0.286666 -1.053673
    7 0.729362 -0.000004 0.000003 -0.229883 0.237480 -0.866641
    8 4.074219 0.224731 -0.466309 -0.227691 0.144798 -1.491252
    9 1.539093 0.000006 -0.000007 -0.087094 0.128361 -0.914634
    10 1.196323 -0.000004 0.000002 -0.094567 0.086443 -1.100504
    11 4.015625 0.131104 0.396484 0.028218 0.108475 -1.263620
    12 1.719578 -0.000011 0.000009 -0.022565 -0.003211 -1.044616
    13 1.209183 -0.000004 0.000003 0.021375 -0.014461 -0.893325
    14 3.990234 0.040009 1.296875 0.302003 0.047077 -1.203834
    15 1.719431 0.000002 -0.000004 0.058707 -0.163359 -1.023495
    16 1.099676 -0.000006 0.000004 0.136668 -0.151862 -0.901023
    17 0.806042 -0.348928 1.321258 -1.178952 -0.793788 -0.295375
    18 1.789782 0.000002 -0.000006 0.003989 -0.015233 0.288027
    19 1.206999 0.000000 -0.000002 0.002111 0.000023 0.472996
    20 -1.810547 -1.376953 -8.546875 -1.668474 1.286518 2.942953
    21 6.028141 0.000000 -0.000002 1.119647 0.735117 -1.329614
    22 11.692554 0.000000 -0.000001 -0.000002 0.000000 -1.576122
    23 11.481705 -0.000001 -0.000008 -1.365900 0.587841 0.501475
    24 3.859676 -0.132545 1.193109 0.473563 -0.219108 -1.143529
    25 1.312559 -0.000004 -0.000001 0.047900 -0.090990 -1.111184
    26 0.729367 0.000000 -0.000001 0.013393 0.015514 -0.841309
    27 3.942295 0.050347 0.431044 0.158706 -0.090240 -0.891826
    28 1.539106 0.000000 0.000001 0.027364 -0.043303 -1.051075
    29 1.196321 -0.000004 -0.000002 0.000512 0.012202 -1.182613
    30 3.883663 -0.050304 -0.431042 -0.107501 -0.042867 -0.702432
    31 1.719584 0.000002 0.000006 -0.011947 -0.013341 -1.058395
    32 1.209183 0.000004 0.000006 0.004688 -0.005919 -0.990611
    33 3.859833 -0.148919 -1.331283 -0.228333 0.068607 -0.200237
    34 1.719427 0.000008 0.000011 -0.019226 0.002579 -0.095204
    35 1.099665 0.000002 0.000008 0.090646 -0.097080 -0.116013
    36 0.806023 -0.359832 -1.318336 1.222976 0.376821 -0.751305
    37 1.789780 -0.000006 -0.000006 0.006590 0.009646 0.428981
    38 1.207001 -0.000002 -0.000006 -0.000056 -0.005923 0.722896
    39 -8.604268 -17.955800 -1.213613 1.371261 -0.142108 0.050728
    40 0.000007 -1.946088 0.068031 0.000000 0.000000 0.000000
    41 0.308610 -17.646751 -3.843602 -0.124076 0.470676 0.353977
    42 -0.000028 1.420049 -7.723435 0.000000 0.000000 0.000000
    43 -9.614098 0.000005 38.566917 1.570796 0.000000 -1.570796
  time 45
    0 0.000000 -0.000006 0.000000 -1.570781 -1.391896 -1.570809
    1 -7.253906 8.789063 1.904297 1.596636 -1.286515 2.942963
    2 6.028145 0.000003 0.000002 -0.606896 -0.211462 -1.414118
    3 11.692553 0.000081 -0.000005 -0.000027 0.000036 -1.252800
    4 11.481672 -0.000089 -0.000024 2.745943 -0.786077 -0.904991
    5 3.990234 0.035553 -1.226563 -0.549972 0.217474 -1.567222
    6 1.312563 -0.000008 0.000006 -0.202768 0.286666 -1.053673
    7 0.729362 -0.000004 0.000003 -0.229883 0.237480 -0.866641
    8 4.074219 0.224731 -0.466309 -0.227691 0.144798 -1.491252
    9 1.539093 0.000006 -0.000007 -0.087094 0.128361 -0.914634
    10 1.196323 -0.000004 0.000002 -0.094567 0.086443 -1.100504
    11 4.015625 0.131104 0.396484 0.028218 0.108475 -1.263620
    12 1.719578 -0.000011 0.000009 -0.022565 -0.003211 -1.044616
    13 1.209183 -0.000004 0.000003 0.021375 -0.014461 -0.893325
    14 3.990234 0.040009 1.296875 0.302003 0.047077 -1.203834
    15 1.719431 0.000002 -0.000004 0.058707 -0.163359 -1.023495
    16 1.099676 -0.000006 0.000004 0.136668 -0.151862 -0.901023
    17 0.806042 -0.348928 1.321258 -1.163732 -0.785674 -0.295571
    18 1.789782 0.000002 -0.000006 0.003234 -0.013208 0.311877
    19 1.206999 0.000000 -0.000002 0.001812 -0.000001 0.491979
    20 -1.810547 -1.376953 -8.546875 -1.668474 1.286518 2.942953
    21 6.028141 0.000000 -0.000002 1.140492 0.739753 -1.312585
    22 11.692554 0.000000 -0.000001 -0.000002 0.000000 -1.571017
    23 11.481705 -0.000001 -0.000008 -1.397020 0.577004 0.467007
    24 3.859676 -0.132545 1.193109 0.473563 -0.219108 -1.143529
    25 1.312559 -0.000004 -0.000001 0.047900 -0.090990 -1.111184
    26 0.729367 0.000000 -0.000001 0.013393 0.015514 -0.841309
    27 3.942295 0.050347 0.431044 0.159449 -0.089173 -0.890172
    28 1.539106 0.000000 0.000001 0.026777 -0.042009 -1.036413
    29 1.196321 -0.000004 -0.000002 0.000333 0.012202 -1.181851
    30 3.883663 -0.050304 -0.431042 -0.107525 -0.041956 -0.697746
    31 1.719584 0.000002 0.000006 -0.012186 -0.012994 -1.039828
    32 1.209183 0.000004 0.000006 0.004592 -0.005979 -0.976317
    33 3.859833 -0.148919 -1.331283 -0.228333 0.068607 -0.200237
    34 1.719427 0.000008 0.000011 -0.019226 0.002579 -0.095204
    35 1.099665 0.000002 0.000008 0.090646 -0.097080 -0.116013
    36 0.806023 -0.359832 -1.318336 1.222820 0.380206 -0.751761
    37 1.789780 -0.000006 -0.000006 0.006781 0.010378 0.449595
    38 1.207001 -0.000002 -0.000006 -0.000260 -0.005923 0.752006
    39 -8.748803 -17.975331 -1.119860 1.348536 -0.115342 0.047915
    40 0.000007 -1.946088 0.068031 0.000000 0.000000 0.000000
    41 0.312517 -17.974886 -3.921730 -0.130284 0.494257 0.371702
    42 -0.000028 1.420049 -7.723435 0.000000 0.000000 0.000000
    43 -9.614098 0.000005 38.566917 1.570796 0.000000 -1.570796
  time 46
    0 0.000000 -0.000006 0.000000 -1.570781 -1.391896 -1.570809
    1 -7.253906 8.789063 1.904297 1.596636 -1.286515 2.942963
    2 6.028145 0.000003 0.000002 -0.597756 -0.255955 -1.477535
    3 11.692553 0.000081 -0.000005 -0.000027 0.000036 -1.141452
    4 11.481672 -0.000089 -0.000024 2.759887 -0.776338 -0.979905
    5 3.990234 0.035553 -1.226563 -0.549972 0.217474 -1.567222
    6 1.312563 -0.000008 0.000006 -0.202768 0.286666 -1.053673
    7 0.729362 -0.000004 0.000003 -0.229883 0.237480 -0.866641
    8 4.074219 0.224731 -0.466309 -0.227691 0.144798 -1.491252
    9 1.539093 0.000006 -0.000007 -0.087094 0.128361 -0.914634
    10 1.196323 -0.000004 0.000002 -0.094567 0.086443 -1.100504
    11 4.015625 0.131104 0.396484 0.028218 0.108475 -1.263620
    12 1.719578 -0.000011 0.000009 -0.022565 -0.003211 -1.044616
    13 1.209183 -0.000004 0.000003 0.021375 -0.014461 -0.893325
    14 3.990234 0.040009 1.296875 0.302003 0.047077 -1.203834
    15 1.719431 0.000002 -0.000004 0.058707 -0.163359 -1.023495
    16 1.099676 -0.000006 0.000004 0.136668 -0.151862 -0.901023
    17 0.806042 -0.348928 1.321258 -1.149386 -0.777870 -0.295620
    18 1.789782 0.000002 -0.000006 0.002551 -0.011243 0.334707
    19 1.206999 0.000000 -0.000002 0.001536 -0.000013 0.510177
    20 -1.810547 -1.376953 -8.546875 -1.668474 1.286518 2.942953
    21 6.028141 0.000000 -0.000002 1.160509 0.745259 -1.296478
    22 11.692554 0.000000 -0.000001 -0.000002 0.000000 -1.563780
    23 11.481705 -0.000001 -0.000008 -1.423341 0.565551 0.432910
    24 3.859676 -0.132545 1.193109 0.473563 -0.219108 -1.143529
    25 1.312559 -0.000004 -0.000001 0.047900 -0.090990 -1.111184
    26 0.729367 0.000000 -0.000001 0.013393 0.015514 -0.841309
    27 3.942295 0.050347 0.431044 0.160120 -0.088226 -0.888698
    28 1.539106 0.000000 0.000001 0.026249 -0.040846 -1.023370
    29 1.196321 -0.000004 -0.000002 0.000177 0.012214 -1.181148
    30 3.883663 -0.050304 -0.431042 -0.107537 -0.041141 -0.693575
    31 1.719584 0.000002 0.000006 -0.012402 -0.012682 -1.023274
    32 1.209183 0.000004 0.000006 0.004496 -0.006039 -0.963588
    33 3.859833 -0.148919 -1.331283 -0.228333 0.068607 -0.200237
    34 1.719427 0.000008 0.000011 -0.019226 0.002579 -0.095204
    35 1.099665 0.000002 0.000008 0.090646 -0.097080 -0.116013
    36 0.806023 -0.359832 -1.318336 1.222940 0.382534 -0.751629
    37 1.789780 -0.000006 -0.000006 0.006949 0.011085 0.462910
    38 1.207001 -0.000002 -0.000006 -0.000427 -0.005899 0.770789
    39 -8.897246 -18.002676 -1.030013 1.325810 -0.092223 0.045789
    40 0.000007 -1.946088 0.068031 0.000000 0.000000 0.000000
    41 0.316423 -18.092077 -3.949074 -0.132514 0.502711 0.378066
    42 -0.000028 1.420049 -7.723435 0.000000 0.000000 0.000000
    43 -9.614098 0.000005 38.566917 1.570796 0.000000 -1.570796
  time 47
    0 0.000000 -0.000006 0.000000 -1.570781 -1.391896 -1.570809
    1 -7.253906 8.789063 1.904297 1.596636 -1.286515 2.942963
    2 6.028145 0.000003 0.000002 -0.591212 -0.297758 -1.534943
    3 11.692553 0.000081 -0.000005 -0.000015 0.000036 -1.046987
    4 11.481672 -0.000089 -0.000024 2.756551 -0.762927 -1.029496
    5 3.990234 0.035553 -1.226563 -0.549972 0.217474 -1.567222
    6 1.312563 -0.000008 0.000006 -0.202768 0.286666 -1.053673
    7 0.729362 -0.000004 0.000003 -0.229883 0.237480 -0.866641
    8 4.074219 0.224731 -0.466309 -0.227691 0.144798 -1.491252
    9 1.539093 0.000006 -0.000007 -0.087094 0.128361 -0.914634
    10 1.196323 -0.000004 0.000002 -0.094567 0.086443 -1.100504
    11 4.015625 0.131104 0.396484 0.028218 0.108475 -1.263620
    12 1.719578 -0.000011 0.000009 -0.022565 -0.003211 -1.044616
    13 1.209183 -0.000004 0.000003 0.021375 -0.014461 -0.893325
    14 3.990234 0.040009 1.296875 0.302003 0.047077 -1.203834
    15 1.719431 0.000002 -0.000004 0.058707 -0.163359 -1.023495
    16 1.099676 -0.000006 0.000004 0.136668 -0.151862 -0.901023
    17 0.806042 -0.348928 1.321258 -1.135964 -0.770456 -0.295522
    18 1.789782 0.000002 -0.000006 0.001939 -0.009373 0.356352
    19 1.206999 0.000000 -0.000002 0.001272 -0.000025 0.527461
    20 -1.810547 -1.376953 -8.546875 -1.668474 1.286518 2.942953
    21 6.028141 0.000000 -0.000002 1.178294 0.751408 -1.282468
    22 11.692554 0.000000 -0.000001 -0.000002 0.000000 -1.554734
    23 11.481705 -0.000001 -0.000008 -1.442691 0.555217 0.400294
    24 3.859676 -0.132545 1.193109 0.473563 -0.219108 -1.143529
    25 1.312559 -0.000004 -0.000001 0.047900 -0.090990 -1.111184
    26 0.729367 0.000000 -0.000001 0.013393 0.015514 -0.841309
    27 3.942295 0.050347 0.431044 0.160695 -0.087423 -0.887440
    28 1.539106 0.000000 0.000001 0.025818 -0.039840 -1.012171
    29 1.196321 -0.000004 -0.000002 0.000045 0.012214 -1.180562
    30 3.883663 -0.050304 -0.431042 -0.107549 -0.040446 -0.689980
    31 1.719584 0.000002 0.000006 -0.012582 -0.012406 -1.009068
    32 1.209183 0.000004 0.000006 0.004412 -0.006075 -0.952641
    33 3.859833 -0.148919 -1.331283 -0.228333 0.068607 -0.200237
    34 1.719427 0.000008 0.000011 -0.019226 0.002579 -0.095204
    35 1.099665 0.000002 0.000008 0.090646 -0.097080 -0.116013
    36 0.806023 -0.359832 -1.318336 1.223371 0.383604 -0.750826
    37 1.789780 -0.000006 -0.000006 0.007057 0.011756 0.467644
    38 1.207001 -0.000002 -0.000006 -0.000535 -0.005887 0.777454
    39 -9.037875 -18.033927 -0.940167 1.303540 -0.075319 0.044485
    40 0.000007 -1.946088 0.068031 0.000000 0.000000 0.000000
    41 0.316423 -18.092077 -3.949074 -0.132514 0.502726 0.378066
    42 -0.000028 1.420049 -7.723435 0.000000 0.000000 0.000000
    43 -9.614098 0.000005 38.566917 1.570796 0.000000 -1.570796
  time 48
    0 0.000000 -0.000006 0.000000 -1.570781 -1.391896 -1.570809
    1 -7.253906 8.789063 1.904297 1.596636 -1.286515 2.942963
    2 6.028145 0.000003 0.000002 -0.592996 -0.332921 -1.576714
    3 11.692553 0.000081 -0.000005 -0.000015 0.000024 -0.976061
    4 11.481672 -0.000089 -0.000024 2.750366 -0.742326 -1.061619
    5 3.990234 0.035553 -1.226563 -0.549972 0.217474 -1.567222
    6 1.312563 -0.000008 0.000006 -0.202768 0.286666 -1.053673
    7 0.729362 -0.000004 0.000003 -0.229883 0.237480 -0.866641
    8 4.074219 0.224731 -0.466309 -0.227691 0.144798 -1.491252
    9 1.539093 0.000006 -0.000007 -0.087094 0.128361 -0.914634
    10 1.196323 -0.000004 0.000002 -0.094567 0.086443 -1.100504
    11 4.015625 0.131104 0.396484 0.028218 0.108475 -1.263620
    12 1.719578 -0.000011 0.000009 -0.022565 -0.003211 -1.044616
    13 1.209183 -0.000004 0.000003 0.021375 -0.014461 -0.893325
    14 3.990234 0.040009 1.296875 0.302003 0.047077 -1.203834
    15 1.719431 0.000002 -0.000004 0.058707 -0.163359 -1.023495
    16 1.099676 -0.000006 0.000004 0.136668 -0.151862 -0.901023
    17 0.806042 -0.348928 1.321258 -1.123547 -0.763474 -0.295309
    18 1.789782 0.000002 -0.000006 0.001412 -0.007611 0.376665
    19 1.206999 0.000000 -0.000002 0.001021 -0.000037 0.543672
    20 -1.810547 -1.376953 -8.546875 -1.668474 1.286518 2.942953
    21 6.028141 0.000000 -0.000002 1.191936 0.758523 -1.272318
    22 11.692554 0.000000 -0.000001 -0.000002 0.000000 -1.543168
    23 11.481705 -0.000001 -0.000008 -1.451885 0.548721 0.370070
    24 3.859676 -0.132545 1.193109 0.473563 -0.219108 -1.143529
    25 1.312559 -0.000004 -0.000001 0.047900 -0.090990 -1.111184
    26 0.729367 0.000000 -0.000001 0.013393 0.015514 -0.841309
    27 3.942295 0.050347 0.431044 0.161163 -0.086752 -0.886397
    28 1.539106 0.000000 0.000001 0.025482 -0.039013 -1.003044
    29 1.196321 -0.000004 -0.000002 -0.000063 0.012214 -1.180093
    30 3.883663 -0.050304 -0.431042 -0.107561 -0.039883 -0.687055
    31 1.719584 0.000002 0.000006 -0.012726 -0.012179 -0.997473
    32 1.209183 0.000004 0.000006 0.004340 -0.006123 -0.943728
    33 3.859833 -0.148919 -1.331283 -0.228333 0.068607 -0.200237
    34 1.719427 0.000008 0.000011 -0.019226 0.002579 -0.095204
    35 1.099665 0.000002 0.000008 0.090646 -0.097080 -0.116013
    36 0.806023 -0.359832 -1.318336 1.224091 0.384023 -0.749208
    37 1.789780 -0.000006 -0.000006 0.007105 0.012391 0.465343
    38 1.207001 -0.000002 -0.000006 -0.000595 -0.005875 0.774741
    39 -9.170691 -18.072991 -0.850320 1.281875 -0.068400 0.044005
    40 0.000007 -1.946088 0.068031 0.000000 0.000000 0.000000
    41 0.316423 -18.092077 -3.949074 -0.132514 0.502711 0.378066
    42 -0.000028 1.420049 -7.723435 0.000000 0.000000 0.000000
    43 -9.614098 0.000005 38.566917 1.570796 0.000000 -1.570796
  time 49
    0 0.000000 -0.000006 0.000000 -1.570781 -1.391896 -1.570809
    1 -7.253906 8.789063 1.904297 1.596636 -1.286515 2.942963
    2 6.028145 0.000003 0.000002 -0.600784 -0.362339 -1.605165
    3 11.692553 0.000081 -0.000005 -0.000015 0.000024 -0.926224
    4 11.481672 -0.000089 -0.000024 2.744032 -0.718114 -1.080104
    5 3.990234 0.035553 -1.226563 -0.549972 0.217474 -1.567222
    6 1.312563 -0.000008 0.000006 -0.202768 0.286666 -1.053673
    7 0.729362 -0.000004 0.000003 -0.229883 0.237480 -0.866641
    8 4.074219 0.224731 -0.466309 -0.227691 0.144798 -1.491252
    9 1.539093 0.000006 -0.000007 -0.087082 0.128361 -0.914634
    10 1.196323 -0.000004 0.000002 -0.094567 0.086443 -1.100504
    11 4.015625 0.131104 0.396484 0.028218 0.108475 -1.263620
    12 1.719578 -0.000011 0.000009 -0.022565 -0.003211 -1.044616
    13 1.209183 -0.000004 0.000003 0.021375 -0.014461 -0.893325
    14 3.990234 0.040009 1.296875 0.302003 0.047077 -1.203834
    15 1.719431 0.000002 -0.000004 0.058707 -0.163359 -1.023495
    16 1.099676 -0.000006 0.000004 0.136668 -0.151862 -0.901023
    17 0.806042 -0.348928 1.321258 -1.112174 -0.757004 -0.295014
    18 1.789782 0.000002 -0.000006 0.000957 -0.005957 0.395481
    19 1.206999 0.000000 -0.000002 0.000793 -0.000037 0.558707
    20 -1.810547 -1.376953 -8.546875 -1.668474 1.286518 2.942953
    21 6.028141 0.000000 -0.000002 1.202773 0.766250 -1.264600
    22 11.692554 0.000000 -0.000001 -0.000002 0.000000 -1.530245
    23 11.481705 -0.000001 -0.000008 -1.453047 0.544072 0.342582
    24 3.859676 -0.132545 1.193109 0.473563 -0.219108 -1.143529
    25 1.312559 -0.000004 -0.000001 0.047900 -0.090990 -1.111184
    26 0.729367 0.000000 -0.000001 0.013393 0.015514 -0.841309
    27 3.942295 0.050347 0.431044 0.161510 -0.086261 -0.885630
    28 1.539106 0.000000 0.000001 0.025231 -0.038402 -0.996215
    29 1.196321 -0.000004 -0.000002 -0.000147 0.012214 -1.179742
    30 3.883663 -0.050304 -0.431042 -0.107573 -0.039451 -0.684874
    31 1.719584 0.000002 0.000006 -0.012834 -0.012011 -0.988823
    32 1.209183 0.000004 0.000006 0.004292 -0.006147 -0.937066
    33 3.859833 -0.148919 -1.331283 -0.228333 0.068607 -0.200237
    34 1.719427 0.000008 0.000011 -0.019226 0.002579 -0.095204
    35 1.099665 0.000002 0.000008 0.090646 -0.097080 -0.116013
    36 0.806023 -0.359832 -1.318336 1.225037 0.384497 -0.746751
    37 1.789780 -0.000006 -0.000006 0.007081 0.012978 0.458715
    38 1.207001 -0.000002 -0.000006 -0.000643 -0.005851 0.766890
    39 -9.303508 -18.119867 -0.764380 1.261422 -0.068856 0.045308
    40 0.000007 -1.946088 0.068031 0.000000 0.000000 0.000000
    41 0.316423 -18.092077 -3.949074 -0.132514 0.502726 0.378066
    42 -0.000028 1.420049 -7.723435 0.000000 0.000000 0.000000
    43 -9.614098 0.000005 38.566917 1.570796 0.000000 -1.570796
  time 50
    0 0.000000 -0.000006 0.000000 -1.570781 -1.391896 -1.570809
    1 -7.253906 8.789063 1.904297 1.596636 -1.286515 2.942963
    2 6.028145 0.000003 0.000002 -0.607761 -0.388205 -1.628403
    3 11.692553 0.000081 -0.000005 -0.000015 0.000024 -0.890886
    4 11.481672 -0.000089 -0.000024 2.737135 -0.697088 -1.086903
    5 3.990234 0.035553 -1.226563 -0.549972 0.217474 -1.567222
    6 1.312563 -0.000008 0.000006 -0.202768 0.286666 -1.053673
    7 0.729362 -0.000004 0.000003 -0.229883 0.237480 -0.866641
    8 4.074219 0.224731 -0.466309 -0.227691 0.144798 -1.491252
    9 1.539093 0.000006 -0.000007 -0.087094 0.128361 -0.914634
    10 1.196323 -0.000004 0.000002 -0.094567 0.086443 -1.100504
    11 4.015625 0.131104 0.396484 0.028218 0.108475 -1.263620
    12 1.719578 -0.000011 0.000009 -0.022565 -0.003211 -1.044616
    13 1.209183 -0.000004 0.000003 0.021375 -0.014461 -0.893325
    14 3.990234 0.040009 1.296875 0.302003 0.047077 -1.203834
    15 1.719431 0.000002 -0.000004 0.058707 -0.163359 -1.023495
    16 1.099676 -0.000006 0.000004 0.136668 -0.151862 -0.901023
    17 0.806042 -0.348928 1.321258 -1.101915 -0.751087 -0.294654
    18 1.789782 0.000002 -0.000006 0.000561 -0.004447 0.412643
    19 1.206999 0.000000 -0.000002 0.000577 -0.000037 0.572435
    20 -1.810547 -1.376953 -8.546875 -1.668474 1.286518 2.942953
    21 6.028141 0.000000 -0.000002 1.213227 0.774267 -1.257217
    22 11.692554 0.000000 -0.000001 -0.000002 0.000000 -1.517193
    23 11.481705 -0.000001 -0.000008 -1.451481 0.537548 0.317628
    24 3.859676 -0.132545 1.193109 0.473563 -0.219108 -1.143529
    25 1.312559 -0.000004 -0.000001 0.047900 -0.090990 -1.111184
    26 0.729367 0.000000 -0.000001 0.013393 0.015514 -0.841309
    27 3.942295 0.050347 0.431044 0.161738 -0.085949 -0.885139
    28 1.539106 0.000000 0.000001 0.025075 -0.038018 -0.991943
    29 1.196321 -0.000004 -0.000002 -0.000195 0.012214 -1.179507
    30 3.883663 -0.050304 -0.431042 -0.107573 -0.039188 -0.683496
    31 1.719584 0.000002 0.000006 -0.012893 -0.011915 -0.983417
    32 1.209183 0.000004 0.000006 0.004257 -0.006159 -0.932906
    33 3.859833 -0.148919 -1.331283 -0.228333 0.068607 -0.200237
    34 1.719427 0.000008 0.000011 -0.019226 0.002579 -0.095204
    35 1.099665 0.000002 0.000008 0.090646 -0.097080 -0.116013
    36 0.806023 -0.359832 -1.318336 1.226188 0.385025 -0.743539
    37 1.789780 -0.000006 -0.000006 0.007009 0.013517 0.448121
    38 1.207001 -0.000002 -0.000006 -0.000655 -0.005851 0.754324
    39 -9.424605 -18.166744 -0.682346 1.242787 -0.070389 0.048945
    40 0.000007 -1.946088 0.068031 0.000000 0.000000 0.000000
    41 0.316423 -18.029575 -3.937355 -0.131339 0.499688 0.377790
    42 -0.000028 1.420049 -7.723435 0.000000 0.000000 0.000000
    43 -9.614098 0.000005 38.566917 1.570796 0.000000 -1.570796
  time 51
    0 0.000000 -0.000006 0.000000 -1.570781 -1.391896 -1.570809
    1 -7.253906 8.789063 1.904297 1.596636 -1.286515 2.942963
    2 6.028145 0.000003 0.000002 -0.615441 -0.408193 -1.643533
    3 11.692553 0.000081 -0.000005 -0.000015 0.000024 -0.880906
    4 11.481672 -0.000089 -0.000024 2.726078 -0.679127 -1.071024
    5 3.990234 0.035553 -1.226563 -0.549972 0.217474 -1.567222
    6 1.312563 -0.000008 0.000006 -0.202768 0.286666 -1.053673
    7 0.729362 -0.000004 0.000003 -0.229883 0.237480 -0.866641
    8 4.074219 0.224731 -0.466309 -0.227691 0.144798 -1.491252
    9 1.539093 0.000006 -0.000007 -0.087094 0.128361 -0.914634
    10 1.196323 -0.000004 0.000002 -0.094567 0.086443 -1.100504
    11 4.015625 0.131104 0.396484 0.028218 0.108475 -1.263620
    12 1.719578 -0.000011 0.000009 -0.022565 -0.003211 -1.044616
    13 1.209183 -0.000004 0.000003 0.021375 -0.014461 -0.893325
    14 3.990234 0.040009 1.296875 0.302003 0.047077 -1.203834
    15 1.719431 0.000002 -0.000004 0.058707 -0.163359 -1.023495
    16 1.099676 -0.000006 0.000004 0.136668 -0.151862 -0.901023
    17 0.806042 -0.348928 1.321258 -1.092831 -0.745789 -0.294278
    18 1.789782 0.000002 -0.000006 0.000238 -0.003093 0.428019
    19 1.206999 0.000000 -0.000002 0.000397 -0.000037 0.584724
    20 -1.810547 -1.376953 -8.546875 -1.668474 1.286518 2.942953
    21 6.028141 0.000000 -0.000002 1.222726 0.782509 -1.250674
    22 11.692554 0.000000 -0.000001 -0.000002 0.000000 -1.504334
    23 11.481705 -0.000001 -0.000008 -1.447187 0.529651 0.295808
    24 3.859676 -0.132545 1.193109 0.473563 -0.219108 -1.143529
    25 1.312559 -0.000004 -0.000001 0.047900 -0.090990 -1.111184
    26 0.729367 0.000000 -0.000001 0.013393 0.015514 -0.841309
    27 3.942295 0.050347 0.431044 0.161810 -0.085841 -0.884971
    28 1.539106 0.000000 0.000001 0.025015 -0.037874 -0.990454
    29 1.196321 -0.000004 -0.000002 -0.000207 0.012214 -1.179420
    30 3.883663 -0.050304 -0.431042 -0.107573 -0.039092 -0.683029
    31 1.719584 0.000002 0.000006 -0.012917 -0.011879 -0.981553
    32 1.209183 0.000004 0.000006 0.004257 -0.006171 -0.931467
    33 3.859833 -0.148919 -1.331283 -0.228333 0.068607 -0.200237
    34 1.719427 0.000008 0.000011 -0.019226 0.002579 -0.095204
    35 1.099665 0.000002 0.000008 0.090646 -0.097080 -0.116013
    36 0.806023 -0.359832 -1.318336 1.227530 0.385607 -0.739632
    37 1.789780 -0.000006 -0.000006 0.006853 0.014009 0.433931
    38 1.207001 -0.000002 -0.000006 -0.000655 -0.005839 0.737543
    39 -9.537890 -18.221433 -0.604219 1.226324 -0.073123 0.054776
    40 0.000007 -1.946088 0.068031 0.000000 0.000000 0.000000
    41 0.316423 -17.849882 -3.902198 -0.127936 0.491004 0.376927
    42 -0.000028 1.420049 -7.723435 0.000000 0.000000 0.000000
    43 -9.614098 0.000005 38.566917 1.570796 0.000000 -1.570796
  time 52
    0 0.000000 -0.000006 0.000000 -1.570781 -1.391896 -1.570809
    1 -7.253906 8.789063 1.904297 1.596636 -1.286515 2.942963
    2 6.028145 0.000003 0.000002 -0.624797 -0.421242 -1.649397
    3 11.692553 0.000081 -0.000005 -0.000015 0.000024 -0.897602
    4 11.481672 -0.000089 -0.000024 2.711535 -0.664108 -1.032712
    5 3.990234 0.035553 -1.226563 -0.549972 0.217474 -1.567222
    6 1.312563 -0.000008 0.000006 -0.202768 0.286666 -1.053673
    7 0.729362 -0.000004 0.000003 -0.229883 0.237480 -0.866641
    8 4.074219 0.224731 -0.466309 -0.227691 0.144798 -1.491252
    9 1.539093 0.000006 -0.000007 -0.087094 0.128361 -0.914634
    10 1.196323 -0.000004 0.000002 -0.094567 0.086443 -1.100504
    11 4.015625 0.131104 0.396484 0.028218 0.108475 -1.263620
    12 1.719578 -0.000011 0.000009 -0.022565 -0.003211 -1.044616
    13 1.209183 -0.000004 0.000003 0.021375 -0.014461 -0.893325
    14 3.990234 0.040009 1.296875 0.302003 0.047077 -1.203834
    15 1.719431 0.000002 -0.000004 0.058707 -0.163359 -1.023495
    16 1.099676 -0.000006 0.000004 0.136668 -0.151862 -0.901023
    17 0.806042 -0.348928 1.321258 -1.084957 -0.741153 -0.293885
    18 1.789782 0.000002 -0.000006 -0.000026 -0.001907 0.441430
    19 1.206999 0.000000 -0.000002 0.000230 -0.000037 0.595471
    20 -1.810547 -1.376953 -8.546875 -1.668474 1.286518 2.942953
    21 6.028141 0.000000 -0.000002 1.230694 0.790848 -1.245389
    22 11.692554 0.000000 -0.000001 -0.000002 0.000000 -1.491863
    23 11.481705 -0.000001 -0.000008 -1.440316 0.520970 0.277720
    24 3.859676 -0.132545 1.193109 0.473563 -0.219108 -1.143529
    25 1.312559 -0.000004 -0.000001 0.047900 -0.090990 -1.111184
    26 0.729367 0.000000 -0.000001 0.013393 0.015514 -0.841309
    27 3.942295 0.050347 0.431044 0.161115 -0.086836 -0.886517
    28 1.539106 0.000000 0.000001 0.025518 -0.039109 -1.004048
    29 1.196321 -0.000004 -0.000002 -0.000051 0.012214 -1.180152
    30 3.883663 -0.050304 -0.431042 -0.107561 -0.039943 -0.687391
    31 1.719584 0.000002 0.000006 -0.012714 -0.012215 -0.998778
    32 1.209183 0.000004 0.000006 0.004352 -0.006111 -0.944728
    33 3.859833 -0.148919 -1.331283 -0.228333 0.068607 -0.200237
    34 1.719427 0.000008 0.000011 -0.019226 0.002579 -0.095204
    35 1.099665 0.000002 0.000008 0.090646 -0.097080 -0.116013
    36 0.806023 -0.359832 -1.318336 1.229028 0.386257 -0.735114
    37 1.789780 -0.000006 -0.000006 0.006661 0.014464 0.416529
    38 1.207001 -0.000002 -0.000006 -0.000631 -0.005827 0.716916
    39 -9.627737 -18.276122 -0.526092 1.212436 -0.077142 0.062598
    40 0.000007 -1.946088 0.068031 0.000000 0.000000 0.000000
    41 0.316423 -17.560811 -3.847509 -0.122542 0.477212 0.375381
    42 -0.000028 1.420049 -7.723435 0.000000 0.000000 0.000000
    43 -9.614098 0.000005 38.566917 1.570796 0.000000 -1.570796
  time 53
    0 0.000000 -0.000006 0.000000 -1.570781 -1.391896 -1.570809
    1 -7.253906 8.789063 1.904297 1.596636 -1.286515 2.942963
    2 6.028145 0.000003 0.000002 -0.635506 -0.427684 -1.647226
    3 11.692553 0.000081 -0.000005 -0.000015 0.000024 -0.937836
    4 11.481672 -0.000089 -0.000024 2.694143 -0.652063 -0.974043
    5 3.990234 0.035553 -1.226563 -0.549972 0.217474 -1.567222
    6 1.312563 -0.000008 0.000006 -0.202768 0.286666 -1.053673
    7 0.729362 -0.000004 0.000003 -0.229883 0.237480 -0.866641
    8 4.074219 0.224731 -0.466309 -0.227691 0.144798 -1.491252
    9 1.539093 0.000006 -0.000007 -0.087094 0.128361 -0.914634
    10 1.196323 -0.000004 0.000002 -0.094567 0.086443 -1.100504
    11 4.015625 0.131104 0.396484 0.028218 0.108475 -1.263620
    12 1.719578 -0.000011 0.000009 -0.022565 -0.003211 -1.044616
    13 1.209183 -0.000004 0.000003 0.021375 -0.014461 -0.893325
    14 3.990234 0.040009 1.296875 0.302003 0.047077 -1.203834
    15 1.719431 0.000002 -0.000004 0.058707 -0.163359 -1.023495
    16 1.099676 -0.000006 0.000004 0.136668 -0.151862 -0.901023
    17 0.806042 -0.348928 1.321258 -1.078378 -0.737230 -0.293525
    18 1.789782 0.000002 -0.000006 -0.000242 -0.000900 0.452744
    19 1.206999 0.000000 -0.000002 0.000086 -0.000025 0.604544
    20 -1.810547 -1.376953 -8.546875 -1.668474 1.286518 2.942953
    21 6.028141 0.000000 -0.000002 1.237005 0.799187 -1.241446
    22 11.692554 0.000000 -0.000001 -0.000002 0.000000 -1.480168
    23 11.481705 -0.000001 -0.000008 -1.430768 0.511729 0.263961
    24 3.859676 -0.132545 1.193109 0.473563 -0.219108 -1.143529
    25 1.312559 -0.000004 -0.000001 0.047900 -0.090990 -1.111184
    26 0.729367 0.000000 -0.000001 0.013393 0.015514 -0.841309
    27 3.942295 0.050347 0.431044 0.159269 -0.089437 -0.890568
    28 1.539106 0.000000 0.000001 0.026908 -0.042321 -1.039941
    29 1.196321 -0.000004 -0.000002 0.000369 0.012202 -1.182027
    30 3.883663 -0.050304 -0.431042 -0.107513 -0.042172 -0.698872
    31 1.719584 0.000002 0.000006 -0.012126 -0.013077 -1.044302
    32 1.209183 0.000004 0.000006 0.004616 -0.005967 -0.979758
    33 3.859833 -0.148919 -1.331283 -0.228333 0.068607 -0.200237
    34 1.719427 0.000008 0.000011 -0.019226 0.002579 -0.095204
    35 1.099665 0.000002 0.000008 0.090646 -0.097080 -0.116013
    36 0.806023 -0.359832 -1.318336 1.230682 0.386947 -0.730057
    37 1.789780 -0.000006 -0.000006 0.006410 0.014884 0.396299
    38 1.207001 -0.000002 -0.000006 -0.000595 -0.005815 0.692917
    39 -9.701958 -18.338624 -0.451871 1.201427 -0.082653 0.072135
    40 0.000007 -1.946088 0.068031 0.000000 0.000000 0.000000
    41 0.316423 -17.177987 -3.773288 -0.115376 0.458877 0.373116
    42 -0.000028 1.420049 -7.723435 0.000000 0.000000 0.000000
    43 -9.614098 0.000005 38.566917 1.570796 0.000000 -1.570796
  time 54
    0 0.000000 -0.000006 0.000000 -1.570781 -1.391896 -1.570809
    1 -7.253906 8.789063 1.904297 1.596636 -1.286515 2.942963
    2 6.028145 0.000003 0.000002 -0.646863 -0.428248 -1.638756
    3 11.692553 0.000081 -0.000005 -0.000015 0.000036 -0.997904
    4 11.481672 -0.000089 -0.000024 2.674502 -0.643022 -0.897296
    5 3.990234 0.035553 -1.226563 -0.549972 0.217474 -1.567222
    6 1.312563 -0.000008 0.000006 -0.202768 0.286666 -1.053673
    7 0.729362 -0.000004 0.000003 -0.229883 0.237480 -0.866641
    8 4.074219 0.224731 -0.466309 -0.227691 0.144798 -1.491252
    9 1.539093 0.000006 -0.000007 -0.087094 0.128361 -0.914634
    10 1.196323 -0.000004 0.000002 -0.094567 0.086443 -1.100504
    11 4.015625 0.131104 0.396484 0.028218 0.108475 -1.263620
    12 1.719578 -0.000011 0.000009 -0.022565 -0.003211 -1.044616
    13 1.209183 -0.000004 0.000003 0.021375 -0.014461 -0.893325
    14 3.990234 0.040009 1.296875 0.302003 0.047077 -1.203834
    15 1.719431 0.000002 -0.000004 0.058707 -0.163359 -1.023495
    16 1.099676 -0.000006 0.000004 0.136668 -0.151862 -0.901023
    17 0.806042 -0.348928 1.321258 -1.073152 -0.734090 -0.293214
    18 1.789782 0.000002 -0.000006 -0.000398 -0.000097 0.461816
    19 1.206999 0.000000 -0.000002 -0.000010 -0.000025 0.611813
    20 -1.810547 -1.376953 -8.546875 -1.668474 1.286518 2.942953
    21 6.028141 0.000000 -0.000002 1.241722 0.807236 -1.238845
    22 11.692554 0.000000 -0.000001 -0.000002 0.000000 -1.469765
    23 11.481705 -0.000001 -0.000008 -1.418491 0.502068 0.255159
    24 3.859676 -0.132545 1.193109 0.473563 -0.219108 -1.143529
    25 1.312559 -0.000004 -0.000001 0.047900 -0.090990 -1.111184
    26 0.729367 0.000000 -0.000001 0.013393 0.015514 -0.841309
    27 3.942295 0.050347 0.431044 0.156692 -0.093128 -0.896297
    28 1.539106 0.000000 0.000001 0.029090 -0.046779 -1.090819
    29 1.196321 -0.000004 -0.000002 0.000992 0.012202 -1.184693
    30 3.883663 -0.050304 -0.431042 -0.107417 -0.045336 -0.715123
    31 1.719584 0.000002 0.000006 -0.011240 -0.014264 -1.108878
    32 1.209183 0.000004 0.000006 0.004976 -0.005739 -1.029362
    33 3.859833 -0.148919 -1.331283 -0.228333 0.068607 -0.200237
    34 1.719427 0.000008 0.000011 -0.019226 0.002579 -0.095204
    35 1.099665 0.000002 0.000008 0.090646 -0.097080 -0.116013
    36 0.806023 -0.359832 -1.318336 1.232456 0.387678 -0.724544
    37 1.789780 -0.000006 -0.000006 0.006110 0.015255 0.373601
    38 1.207001 -0.000002 -0.000006 -0.000535 -0.005803 0.665968
    39 -9.756647 -18.397219 -0.377650 1.193751 -0.089820 0.083250
    40 0.000007 -1.946088 0.068031 0.000000 0.000000 0.000000
    41 0.312517 -16.713129 -3.683441 -0.106663 0.436585 0.370036
    42 -0.000028 1.420049 -7.723435 0.000000 0.000000 0.000000
    43 -9.614098 0.000005 38.566917 1.570796 0.000000 -1.570796
  time 55
    0 0.000000 -0.000006 0.000000 -1.570781 -1.391896 -1.570809
    1 -7.253906 8.789063 1.904297 1.596636 -1.286515 2.942963
    2 6.028145 0.000003 0.000002 -0.657842 -0.424064 -1.626231
    3 11.692553 0.000081 -0.000005 -0.000027 0.000036 -1.073287
    4 11.481672 -0.000089 -0.000024 2.652987 -0.637135 -0.804792
    5 3.990234 0.035553 -1.226563 -0.549972 0.217474 -1.567222
    6 1.312563 -0.000008 0.000006 -0.202768 0.286666 -1.053673
    7 0.729362 -0.000004 0.000003 -0.229883 0.237480 -0.866641
    8 4.074219 0.224731 -0.466309 -0.227691 0.144798 -1.491252
    9 1.539093 0.000006 -0.000007 -0.087094 0.128361 -0.914634
    10 1.196323 -0.000004 0.000002 -0.094567 0.086443 -1.100504
    11 4.015625 0.131104 0.396484 0.028218 0.108475 -1.263620
    12 1.719578 -0.000011 0.000009 -0.022565 -0.003211 -1.044616
    13 1.209183 -0.000004 0.000003 0.021375 -0.014461 -0.893325
    14 3.990234 0.040009 1.296875 0.302003 0.047077 -1.203834
    15 1.719431 0.000002 -0.000004 0.058707 -0.163359 -1.023495
    16 1.099676 -0.000006 0.000004 0.136668 -0.151862 -0.901023
    17 0.806042 -0.348928 1.321258 -1.069329 -0.731785 -0.292968
    18 1.789782 0.000002 -0.000006 -0.000517 0.000490 0.468479
    19 1.206999 0.000000 -0.000002 -0.000094 -0.000025 0.617147
    20 -1.810547 -1.376953 -8.546875 -1.668474 1.286518 2.942953
    21 6.028141 0.000000 -0.000002 1.244846 0.814898 -1.237419
    22 11.692554 0.000000 -0.000001 -0.000002 0.000000 -1.461041
    23 11.481705 -0.000001 -0.000008 -1.403335 0.492015 0.251940
    24 3.859676 -0.132545 1.193109 0.473563 -0.219108 -1.143529
    25 1.312559 -0.000004 -0.000001 0.047900 -0.090990 -1.111184
    26 0.729367 0.000000 -0.000001 0.013393 0.015514 -0.841309
    27 3.942295 0.050347 0.431044 0.153756 -0.097371 -0.902864
    28 1.539106 0.000000 0.000001 0.031858 -0.051740 -1.149271
    29 1.196321 -0.000004 -0.000002 0.001687 0.012214 -1.187739
    30 3.883663 -0.050304 -0.431042 -0.107226 -0.048955 -0.733759
    31 1.719584 0.000002 0.000006 -0.010125 -0.015546 -1.183111
    32 1.209183 0.000004 0.000006 0.005371 -0.005452 -1.086347
    33 3.859833 -0.148919 -1.331283 -0.228333 0.068607 -0.200237
    34 1.719427 0.000008 0.000011 -0.019226 0.002579 -0.095204
    35 1.099665 0.000002 0.000008 0.090646 -0.097080 -0.116013
    36 0.806023 -0.359832 -1.318336 1.234337 0.388463 -0.718659
    37 1.789780 -0.000006 -0.000006 0.005775 0.015603 0.348840
    38 1.207001 -0.000002 -0.000006 -0.000463 -0.005803 0.636542
    39 -9.799617 -18.459721 -0.311241 1.189610 -0.098770 0.095668
    40 0.000007 -1.946088 0.068031 0.000000 0.000000 0.000000
    41 0.312517 -16.177956 -3.577969 -0.096620 0.410886 0.366069
    42 -0.000028 1.420049 -7.723435 0.000000 0.000000 0.000000
    43 -9.614098 0.000005 38.566917 1.570796 0.000000 -1.570796
  time 56
    0 0.000000 -0.000006 0.000000 -1.570781 -1.391896 -1.570809
    1 -7.253906 8.789063 1.904297 1.596636 -1.286515 2.942963
    2 6.028145 0.000003 0.000002 -0.668010 -0.418553 -1.613128
    3 11.692553 0.000081 -0.000005 -0.000027 0.000036 -1.156202
    4 11.481672 -0.000089 -0.000024 2.629561 -0.632372 -0.700767
    5 3.990234 0.035553 -1.226563 -0.549972 0.217474 -1.567222
    6 1.312563 -0.000008 0.000006 -0.202768 0.286666 -1.053673
    7 0.729362 -0.000004 0.000003 -0.229883 0.237480 -0.866641
    8 4.074219 0.224731 -0.466309 -0.227691 0.144798 -1.491252
    9 1.539093 0.000006 -0.000007 -0.087094 0.128361 -0.914634
    10 1.196323 -0.000004 0.000002 -0.094567 0.086443 -1.100504
    11 4.015625 0.131104 0.396484 0.028218 0.108475 -1.263620
    12 1.719578 -0.000011 0.000009 -0.022565 -0.003211 -1.044616
    13 1.209183 -0.000004 0.000003 0.021375 -0.014461 -0.893325
    14 3.990234 0.040009 1.296875 0.302003 0.047077 -1.203834
    15 1.719431 0.000002 -0.000004 0.058707 -0.163359 -1.023495
    16 1.099676 -0.000006 0.000004 0.136668 -0.151862 -0.901023
    17 0.806042 -0.348928 1.321258 -1.066980 -0.730356 -0.292821
    18 1.789782 0.000002 -0.000006 -0.000589 0.000862 0.472590
    19 1.206999 0.000000 -0.000002 -0.000142 -0.000025 0.620468
    20 -1.810547 -1.376953 -8.546875 -1.668474 1.286518 2.942953
    21 6.028141 0.000000 -0.000002 1.246440 0.822271 -1.237335
    22 11.692554 0.000000 -0.000001 -0.000002 0.000000 -1.453158
    23 11.481705 -0.000001 -0.000008 -1.385704 0.482102 0.251940
    24 3.859676 -0.132545 1.193109 0.473563 -0.219108 -1.143529
    25 1.312559 -0.000004 -0.000001 0.047900 -0.090990 -1.111184
    26 0.729367 0.000000 -0.000001 0.013393 0.015514 -0.841309
    27 3.942295 0.050347 0.431044 0.150844 -0.101637 -0.909408
    28 1.539106 0.000000 0.000001 0.034914 -0.056546 -1.207755
    29 1.196321 -0.000004 -0.000002 0.002394 0.012214 -1.190786
    30 3.883663 -0.050304 -0.431042 -0.106974 -0.052562 -0.752395
    31 1.719584 0.000002 0.000006 -0.008915 -0.016745 -1.257344
    32 1.209183 0.000004 0.000006 0.005755 -0.005140 -1.143301
    33 3.859833 -0.148919 -1.331283 -0.228333 0.068607 -0.200237
    34 1.719427 0.000008 0.000011 -0.019226 0.002579 -0.095204
    35 1.099665 0.000002 0.000008 0.090646 -0.097080 -0.116013
    36 0.806023 -0.359832 -1.318336 1.236291 0.389303 -0.712475
    37 1.789780 -0.000006 -0.000006 0.005403 0.015926 0.322390
    38 1.207001 -0.000002 -0.000006 -0.000391 -0.005791 0.605087
    39 -9.826961 -18.526129 -0.248739 1.187489 -0.109832 0.109184
    40 0.000007 -1.946088 0.068031 0.000000 0.000000 0.000000
    41 0.312517 -15.580281 -3.464685 -0.085462 0.382365 0.361156
    42 -0.000028 1.420049 -7.723435 0.000000 0.000000 0.000000
    43 -9.614098 0.000005 38.566917 1.570796 0.000000 -1.570796
  time 57
    0 0.000000 -0.000006 0.000000 -1.570781 -1.391896 -1.570809
    1 -7.253906 8.789063 1.904297 1.596636 -1.286515 2.942963
    2 6.028145 0.000003 0.000002 -0.677853 -0.414568 -1.602052
    3 11.692553 0.000081 -0.000005 -0.000027 0.000036 -1.240937
    4 11.481672 -0.000089 -0.000024 2.604485 -0.626243 -0.588802
    5 3.990234 0.035553 -1.226563 -0.549972 0.217474 -1.567222
    6 1.312563 -0.000008 0.000006 -0.202768 0.286666 -1.053673
    7 0.729362 -0.000004 0.000003 -0.229883 0.237480 -0.866641
    8 4.074219 0.224731 -0.466309 -0.227691 0.144798 -1.491252
    9 1.539093 0.000006 -0.000007 -0.087082 0.128361 -0.914634
    10 1.196323 -0.000004 0.000002 -0.094567 0.086443 -1.100504
    11 4.015625 0.131104 0.396484 0.028218 0.108475 -1.263620
    12 1.719578 -0.000011 0.000009 -0.022565 -0.003211 -1.044616
    13 1.209183 -0.000004 0.000003 0.021375 -0.014461 -0.893325
    14 3.990234 0.040009 1.296875 0.302003 0.047077 -1.203834
    15 1.719431 0.000002 -0.000004 0.058707 -0.163359 -1.023495
    16 1.099676 -0.000006 0.000004 0.136668 -0.151862 -0.901023
    17 0.806042 -0.348928 1.321258 -1.066177 -0.729871 -0.292772
    18 1.789782 0.000002 -0.000006 -0.000613 0.000982 0.473992
    19 1.206999 0.000000 -0.000002 -0.000154 -0.000025 0.621592
    20 -1.810547 -1.376953 -8.546875 -1.668474 1.286518 2.942953
    21 6.028141 0.000000 -0.000002 1.246185 0.829644 -1.238845
    22 11.692554 0.000000 -0.000001 -0.000002 0.000000 -1.444823
    23 11.481705 -0.000001 -0.000008 -1.366152 0.473141 0.252282
    24 3.859676 -0.132545 1.193109 0.473563 -0.219108 -1.143529
    25 1.312559 -0.000004 -0.000001 0.047900 -0.090990 -1.111184
    26 0.729367 0.000000 -0.000001 0.013393 0.015514 -0.841309
    27 3.942295 0.050347 0.431044 0.148339 -0.105376 -0.915112
    28 1.539106 0.000000 0.000001 0.037814 -0.060573 -1.258698
    29 1.196321 -0.000004 -0.000002 0.003005 0.012214 -1.193452
    30 3.883663 -0.050304 -0.431042 -0.106698 -0.055714 -0.768658
    31 1.719584 0.000002 0.000006 -0.007800 -0.017715 -1.321920
    32 1.209183 0.000004 0.000006 0.006066 -0.004864 -1.192936
    33 3.859833 -0.148919 -1.331283 -0.228333 0.068607 -0.200237
    34 1.719427 0.000008 0.000011 -0.019226 0.002579 -0.095204
    35 1.099665 0.000002 0.000008 0.090646 -0.097080 -0.116013
    36 0.806023 -0.359832 -1.318336 1.238316 0.390169 -0.706064
    37 1.789780 -0.000006 -0.000006 0.004996 0.016214 0.294658
    38 1.207001 -0.000002 -0.000006 -0.000308 -0.005767 0.572079
    39 -9.846493 -18.588631 -0.186237 1.185520 -0.123215 0.123661
    40 0.000007 -1.946088 0.068031 0.000000 0.000000 0.000000
    41 0.312517 -14.935731 -3.339681 -0.073418 0.351557 0.355235
    42 -0.000028 1.420049 -7.723435 0.000000 0.000000 0.000000
    43 -9.614098 0.000005 38.566917 1.570796 0.000000 -1.570796
  time 58
    0 0.000000 -0.000006 0.000000 -1.570781 -1.391896 -1.570809
    1 -7.253906 8.789063 1.904297 1.596636 -1.286515 2.942963
    2 6.028145 0.000003 0.000002 -0.686993 -0.413240 -1.594233
    3 11.692553 0.000081 -0.000005 -0.000027 0.000036 -1.324794
    4 11.481672 -0.000089 -0.000024 2.578509 -0.618385 -0.470567
    5 3.990234 0.035553 -1.226563 -0.549972 0.217474 -1.567222
    6 1.312563 -0.000008 0.000006 -0.202768 0.286666 -1.053673
    7 0.729362 -0.000004 0.000003 -0.229883 0.237480 -0.866641
    8 4.074219 0.224731 -0.466309 -0.227691 0.144798 -1.491252
    9 1.539093 0.000006 -0.000007 -0.087082 0.128361 -0.914634
    10 1.196323 -0.000004 0.000002 -0.094567 0.086443 -1.100504
    11 4.015625 0.131104 0.396484 0.028218 0.108475 -1.263620
    12 1.719578 -0.000011 0.000009 -0.022565 -0.003211 -1.044616
    13 1.209183 -0.000004 0.000003 0.021375 -0.014461 -0.893325
    14 3.990234 0.040009 1.296875 0.302003 0.047077 -1.203834
    15 1.719431 0.000002 -0.000004 0.058707 -0.163359 -1.023495
    16 1.099676 -0.000006 0.000004 0.136668 -0.151862 -0.901023
    17 0.806042 -0.348928 1.321258 -1.066177 -0.729871 -0.292772
    18 1.789782 0.000002 -0.000006 -0.000613 0.000982 0.473992
    19 1.206999 0.000000 -0.000002 -0.000166 -0.000025 0.621592
    20 -1.810547 -1.376953 -8.546875 -1.668474 1.286518 2.942953
    21 6.028141 0.000000 -0.000002 1.244145 0.836952 -1.241865
    22 11.692554 0.000000 -0.000001 -0.000002 0.000000 -1.436164
    23 11.481705 -0.000001 -0.000008 -1.344378 0.465412 0.252937
    24 3.859676 -0.132545 1.193109 0.473563 -0.219108 -1.143529
    25 1.312559 -0.000004 -0.000001 0.047900 -0.090990 -1.111184
    26 0.729367 0.000000 -0.000001 0.013393 0.015514 -0.841309
    27 3.942295 0.050347 0.431044 0.146577 -0.108025 -0.919139
    28 1.539106 0.000000 0.000001 0.039972 -0.063330 -1.294688
    29 1.196321 -0.000004 -0.000002 0.003437 0.012226 -1.195327
    30 3.883663 -0.050304 -0.431042 -0.106471 -0.057931 -0.780164
    31 1.719584 0.000002 0.000006 -0.006973 -0.018363 -1.367444
    32 1.209183 0.000004 0.000006 0.006294 -0.004649 -1.227934
    33 3.859833 -0.148919 -1.331283 -0.228333 0.068607 -0.200237
    34 1.719427 0.000008 0.000011 -0.019226 0.002579 -0.095204
    35 1.099665 0.000002 0.000008 0.090646 -0.097080 -0.116013
    36 0.806023 -0.359832 -1.318336 1.240378 0.391090 -0.699520
    37 1.789780 -0.000006 -0.000006 0.004576 0.016466 0.266027
    38 1.207001 -0.000002 -0.000006 -0.000212 -0.005755 0.537990
    39 -9.854306 -18.651133 -0.131548 1.183500 -0.139249 0.138892
    40 0.000007 -1.946088 0.068031 0.000000 0.000000 0.000000
    41 0.308610 -14.256022 -3.210771 -0.060714 0.319062 0.348212
    42 -0.000028 1.420049 -7.723435 0.000000 0.000000 0.000000
    43 -9.614098 0.000005 38.566917 1.570796 0.000000 -1.570796
  time 59
    0 0.000000 -0.000006 0.000000 -1.570781 -1.391896 -1.570809
    1 -7.253906 8.789063 1.904297 1.596636 -1.286515 2.942963
    2 6.028145 0.000003 0.000002 -0.695267 -0.415232 -1.590252
    3 11.692553 0.000081 -0.000005 -0.000039 0.000036 -1.406328
    4 11.481672 -0.000089 -0.000024 2.552572 -0.608342 -0.347446
    5 3.990234 0.035553 -1.226563 -0.549972 0.217474 -1.567222
    6 1.312563 -0.000008 0.000006 -0.202768 0.286666 -1.053673
    7 0.729362 -0.000004 0.000003 -0.229883 0.237480 -0.866641
    8 4.074219 0.224731 -0.466309 -0.227691 0.144798 -1.491252
    9 1.539093 0.000006 -0.000007 -0.087094 0.128361 -0.914634
    10 1.196323 -0.000004 0.000002 -0.094567 0.086443 -1.100504
    11 4.015625 0.131104 0.396484 0.028218 0.108475 -1.263620
    12 1.719578 -0.000011 0.000009 -0.022565 -0.003211 -1.044616
    13 1.209183 -0.000004 0.000003 0.021375 -0.014461 -0.893325
    14 3.990234 0.040009 1.296875 0.302003 0.047077 -1.203834
    15 1.719431 0.000002 -0.000004 0.058707 -0.163359 -1.023495
    16 1.099676 -0.000006 0.000004 0.136668 -0.151862 -0.901023
    17 0.806042 -0.348928 1.321258 -1.066177 -0.729871 -0.292772
    18 1.789782 0.000002 -0.000006 -0.000613 0.000982 0.473992
    19 1.206999 0.000000 -0.000002 -0.000166 -0.000025 0.621592
    20 -1.810547 -1.376953 -8.546875 -1.668474 1.286518 2.942953
    21 6.028141 0.000000 -0.000002 1.240256 0.844132 -1.246563
    22 11.692554 0.000000 -0.000001 -0.000002 0.000000 -1.427118
    23 11.481705 -0.000001 -0.000008 -1.320229 0.459223 0.253849
    24 3.859676 -0.132545 1.193109 0.473563 -0.219108 -1.143529
    25 1.312559 -0.000004 -0.000001 0.047900 -0.090990 -1.111184
    26 0.729367 0.000000 -0.000001 0.013393 0.015514 -0.841309
    27 3.942295 0.050347 0.431044 0.145906 -0.109044 -0.920673
    28 1.539106 0.000000 0.000001 0.040823 -0.064360 -1.308282
    29 1.196321 -0.000004 -0.000002 0.003604 0.012226 -1.196030
    30 3.883663 -0.050304 -0.431042 -0.106387 -0.058782 -0.784526
    31 1.719584 0.000002 0.000006 -0.006649 -0.018590 -1.384669
    32 1.209183 0.000004 0.000006 0.006366 -0.004577 -1.241195
    33 3.859833 -0.148919 -1.331283 -0.228333 0.068607 -0.200237
    34 1.719427 0.000008 0.000011 -0.019226 0.002579 -0.095204
    35 1.099665 0.000002 0.000008 0.090646 -0.097080 -0.116013
    36 0.806023 -0.359832 -1.318336 1.242463 0.392037 -0.692893
    37 1.789780 -0.000006 -0.000006 0.004145 0.016705 0.236916
    38 1.207001 -0.000002 -0.000006 -0.000128 -0.005731 0.503322
    39 -9.858212 -18.713635 -0.084672 1.181126 -0.158307 0.154741
    40 0.000007 -1.946088 0.068031 0.000000 0.000000 0.000000
    41 0.308610 -13.548970 -3.074048 -0.047567 0.285431 0.340027
    42 -0.000028 1.420049 -7.723435 0.000000 0.000000 0.000000
    43 -9.614098 0.000005 38.566917 1.570796 0.000000 -1.570796
  time 60
    0 0.000000 -0.000006 0.000000 -1.570781 -1.391896 -1.570809
    1 -7.253906 8.789063 1.904297 1.596636 -1.286515 2.942963
    2 6.028145 0.000003 0.000002 -0.702406 -0.421408 -1.590903
    3 11.692553 0.000081 -0.000005 -0.000039 0.000036 -1.483719
    4 11.481672 -0.000089 -0.000024 2.527683 -0.595781 -0.220865
    5 3.990234 0.035553 -1.226563 -0.549972 0.217474 -1.567222
    6 1.312563 -0.000008 0.000006 -0.202768 0.286666 -1.053673
    7 0.729362 -0.000004 0.000003 -0.229884 0.237479 -0.866641
    8 4.074219 0.224731 -0.466309 -0.227691 0.144798 -1.491252
    9 1.539093 0.000006 -0.000007 -0.087094 0.128361 -0.914634
    10 1.196323 -0.000004 0.000002 -0.094567 0.086443 -1.100504
    11 4.015625 0.131104 0.396484 0.028218 0.108475 -1.263620
    12 1.719578 -0.000011 0.000009 -0.022565 -0.003211 -1.044616
    13 1.209183 -0.000004 0.000003 0.021375 -0.014461 -0.893325
    14 3.990234 0.040009 1.296875 0.302003 0.047077 -1.203834
    15 1.719431 0.000002 -0.000004 0.058707 -0.163359 -1.023495
    16 1.099676 -0.000006 0.000004 0.136667 -0.151860 -0.901023
    17 0.806042 -0.348928 1.321258 -1.066177 -0.729871 -0.292772
    18 1.789782 0.000002 -0.000006 -0.000613 0.000982 0.473992
    19 1.206999 0.000000 -0.000002 -0.000154 -0.000025 0.621592
    20 -1.810547 -1.376953 -8.546875 -1.668474 1.286518 2.942953
    21 6.028141 0.000000 -0.000002 1.234519 0.851119 -1.252939
    22 11.692554 0.000000 -0.000001 -0.000002 0.000000 -1.417813
    23 11.481705 -0.000001 -0.000008 -1.293403 0.454967 0.254931
    24 3.859676 -0.132545 1.193109 0.473563 -0.219108 -1.143529
    25 1.312559 -0.000004 -0.000001 0.047900 -0.090990 -1.111184
    26 0.729367 0.000000 -0.000001 0.013393 0.015514 -0.841309
    27 3.942295 0.050347 0.431044 0.145899 -0.109044 -0.920675
    28 1.539106 0.000000 0.000001 0.040823 -0.064360 -1.308311
    29 1.196321 -0.000004 -0.000002 0.003611 0.012231 -1.196050
    30 3.883663 -0.050304 -0.431042 -0.106388 -0.058782 -0.784527
    31 1.719584 0.000002 0.000006 -0.006657 -0.018596 -1.384683
    32 1.209183 0.000004 0.000006 0.006366 -0.004577 -1.241195
    33 3.859833 -0.148919 -1.331283 -0.228333 0.068607 -0.200237
    34 1.719427 0.000008 0.000011 -0.019224 0.002579 -0.095204
    35 1.099665 0.000002 0.000008 0.090646 -0.097080 -0.116013
    36 0.806023 -0.359832 -1.318336 1.244548 0.393039 -0.686277
    37 1.789780 -0.000006 -0.000006 0.003689 0.016921 0.207746
    38 1.207001 -0.000002 -0.000006 -0.000032 -0.005707 0.468548
    39 -9.862119 -18.776137 -0.037795 1.178096 -0.180722 0.171002
    40 0.000007 -1.946088 0.068031 0.000000 0.000000 0.000000
    41 0.304704 -12.834104 -2.937325 -0.034192 0.251233 0.330607
    42 -0.000028 1.420049 -7.723435 0.000000 0.000000 0.000000
    43 -9.614098 0.000005 38.566917 1.570796 0.000000 -1.570796
  time 61
    0 0.000000 -0.000006 0.000000 -1.570781 -1.391896 -1.570809
    1 -7.253906 8.789063 1.904297 1.596636 -1.286515 2.942963
    2 6.028145 0.000003 0.000002 -0.708302 -0.432233 -1.596550
    3 11.692553 0.000081 -0.000005 -0.000039 0.000036 -1.555776
    4 11.481672 -0.000089 -0.000024 2.504819 -0.580490 -0.092126
    5 3.990234 0.035553 -1.226563 -0.549972 0.217474 -1.567222
    6 1.312563 -0.000008 0.000006 -0.202768 0.286666 -1.053673
    7 0.729362 -0.000004 0.000003 -0.229884 0.237479 -0.866641
    8 4.074219 0.224731 -0.466309 -0.227691 0.144798 -1.491252
    9 1.539093 0.000006 -0.000007 -0.087082 0.128361 -0.914634
    10 1.196323 -0.000004 0.000002 -0.094567 0.086443 -1.100504
    11 4.015625 0.131104 0.396484 0.028218 0.108475 -1.263620
    12 1.719578 -0.000011 0.000009 -0.022565 -0.003211 -1.044616
    13 1.209183 -0.000004 0.000003 0.021375 -0.014461 -0.893325
    14 3.990234 0.040009 1.296875 0.302003 0.047077 -1.203834
    15 1.719431 0.000002 -0.000004 0.058707 -0.163359 -1.023495
    16 1.099676 -0.000006 0.000004 0.136667 -0.151860 -0.901023
    17 0.806042 -0.348928 1.321258 -1.066177 -0.729871 -0.292772
    18 1.789782 0.000002 -0.000006 -0.000613 0.000982 0.473992
    19 1.206999 0.000000 -0.000002 -0.000154 -0.000025 0.621592
    20 -1.810547 -1.376953 -8.546875 -1.668474 1.286518 2.942953
    21 6.028141 0.000000 -0.000002 1.226869 0.857848 -1.260992
    22 11.692554 0.000000 -0.000001 -0.000002 0.000000 -1.408186
    23 11.481705 -0.000001 -0.000008 -1.263495 0.452922 0.256213
    24 3.859676 -0.132545 1.193109 0.473563 -0.219108 -1.143529
    25 1.312559 -0.000004 -0.000001 0.047900 -0.090990 -1.111184
    26 0.729367 0.000000 -0.000001 0.013393 0.015514 -0.841309
    27 3.942295 0.050347 0.431044 0.145899 -0.109044 -0.920675
    28 1.539106 0.000000 0.000001 0.040823 -0.064360 -1.308311
    29 1.196321 -0.000004 -0.000002 0.003611 0.012231 -1.196050
    30 3.883663 -0.050304 -0.431042 -0.106388 -0.058782 -0.784527
    31 1.719584 0.000002 0.000006 -0.006657 -0.018596 -1.384683
    32 1.209183 0.000004 0.000006 0.006366 -0.004577 -1.241195
    33 3.859833 -0.148919 -1.331283 -0.228333 0.068607 -0.200237
    34 1.719427 0.000008 0.000011 -0.019224 0.002579 -0.095204
    35 1.099665 0.000002 0.000008 0.090646 -0.097080 -0.116013
    36 0.806023 -0.359832 -1.318336 1.246610 0.394082 -0.679757
    37 1.789780 -0.000006 -0.000006 0.003246 0.017137 0.178887
    38 1.207001 -0.000002 -0.000006 0.000052 -0.005683 0.434170
    39 -9.862119 -18.834733 -0.002638 1.174157 -0.206907 0.187605
    40 0.000007 -1.946088 0.068031 0.000000 0.000000 0.000000
    41 0.300798 -12.115332 -2.800602 -0.020817 0.217034 0.319881
    42 -0.000028 1.420049 -7.723435 0.000000 0.000000 0.000000
    43 -9.614098 0.000005 38.566917 1.570796 0.000000 -1.570796
  time 62
    0 0.000000 -0.000006 0.000000 -1.570781 -1.391896 -1.570809
    1 -7.253906 8.789063 1.904297 1.596636 -1.286515 2.942963
    2 6.028145 0.000003 0.000002 -0.712412 -0.448037 -1.607626
    3 11.692553 0.000081 -0.000005 -0.000039 0.000036 -1.621367
    4 11.481672 -0.000089 -0.000024 2.485066 -0.562559 0.037102
    5 3.990234 0.035553 -1.226563 -0.549972 0.217474 -1.567222
    6 1.312563 -0.000008 0.000006 -0.202768 0.286666 -1.053673
    7 0.729362 -0.000004 0.000003 -0.229884 0.237479 -0.866641
    8 4.074219 0.224731 -0.466309 -0.227691 0.144798 -1.491252
    9 1.539093 0.000006 -0.000007 -0.087094 0.128361 -0.914634
    10 1.196323 -0.000004 0.000002 -0.094567 0.086443 -1.100504
    11 4.015625 0.131104 0.396484 0.028218 0.108475 -1.263620
    12 1.719578 -0.000011 0.000009 -0.022565 -0.003211 -1.044616
    13 1.209183 -0.000004 0.000003 0.021375 -0.014461 -0.893325
    14 3.990234 0.040009 1.296875 0.302003 0.047077 -1.203834
    15 1.719431 0.000002 -0.000004 0.058707 -0.163359 -1.023495
    16 1.099676 -0.000006 0.000004 0.136667 -0.151860 -0.901023
    17 0.806042 -0.348928 1.321258 -1.066177 -0.729871 -0.292772
    18 1.789782 0.000002 -0.000006 -0.000613 0.000982 0.473992
    19 1.206999 0.000000 -0.000002 -0.000154 -0.000025 0.621592
    20 -1.810547 -1.376953 -8.546875 -1.668474 1.286518 2.942953
    21 6.028141 0.000000 -0.000002 1.217499 0.864287 -1.270640
    22 11.692554 0.000000 -0.000001 -0.000002 0.000000 -1.398364
    23 11.481705 -0.000001 -0.000008 -1.230404 0.453342 0.257694
    24 3.859676 -0.132545 1.193109 0.473563 -0.219108 -1.143529
    25 1.312559 -0.000004 -0.000001 0.047900 -0.090990 -1.111184
    26 0.729367 0.000000 -0.000001 0.013393 0.015514 -0.841309
    27 3.942295 0.050347 0.431044 0.145899 -0.109044 -0.920675
    28 1.539106 0.000000 0.000001 0.040823 -0.064360 -1.308311
    29 1.196321 -0.000004 -0.000002 0.003611 0.012231 -1.196050
    30 3.883663 -0.050304 -0.431042 -0.106388 -0.058782 -0.784527
    31 1.719584 0.000002 0.000006 -0.006657 -0.018596 -1.384683
    32 1.209183 0.000004 0.000006 0.006366 -0.004577 -1.241195
    33 3.859833 -0.148919 -1.331283 -0.228333 0.068607 -0.200237
    34 1.719427 0.000008 0.000011 -0.019224 0.002579 -0.095204
    35 1.099665 0.000002 0.000008 0.090646 -0.097080 -0.116013
    36 0.806023 -0.359832 -1.318336 1.248635 0.395178 -0.673406
    37 1.789780 -0.000006 -0.000006 0.002814 0.017329 0.150771
    38 1.207001 -0.000002 -0.000006 0.000136 -0.005647 0.400661
    39 -9.869931 -18.893328 0.028613 1.169006 -0.237069 0.204483
    40 0.000007 -1.946088 0.068031 0.000000 0.000000 0.000000
    41 0.300798 -11.404373 -2.663879 -0.007670 0.183388 0.307788
    42 -0.000028 1.420049 -7.723435 0.000000 0.000000 0.000000
    43 -9.614098 0.000005 38.566917 1.570796 0.000000 -1.570796
  time 63
    0 0.000000 -0.000006 0.000000 -1.570781 -1.391896 -1.570809
    1 -7.253906 8.789063 1.904297 1.596636 -1.286515 2.942963
    2 6.028145 0.000003 0.000002 -0.713331 -0.469254 -1.625363
    3 11.692553 0.000081 -0.000005 -0.000051 0.000036 -1.677732
    4 11.481672 -0.000089 -0.000024 2.469548 -0.542928 0.164131
    5 3.990234 0.035553 -1.226563 -0.549972 0.217474 -1.567222
    6 1.312563 -0.000008 0.000006 -0.202768 0.286666 -1.053673
    7 0.729362 -0.000004 0.000003 -0.229884 0.237479 -0.866641
    8 4.074219 0.224731 -0.466309 -0.227691 0.144798 -1.491252
    9 1.539093 0.000006 -0.000007 -0.087094 0.128361 -0.914634
    10 1.196323 -0.000004 0.000002 -0.094567 0.086443 -1.100504
    11 4.015625 0.131104 0.396484 0.028218 0.108475 -1.263620
    12 1.719578 -0.000011 0.000009 -0.022565 -0.003211 -1.044616
    13 1.209183 -0.000004 0.000003 0.021375 -0.014461 -0.893325
    14 3.990234 0.040009 1.296875 0.302003 0.047077 -1.203834
    15 1.719431 0.000002 -0.000004 0.058707 -0.163359 -1.023495
    16 1.099676 -0.000006 0.000004 0.136667 -0.151860 -0.901023
    17 0.806042 -0.348928 1.321258 -1.066177 -0.729871 -0.292772
    18 1.789782 0.000002 -0.000006 -0.000613 0.000982 0.473992
    19 1.206999 0.000000 -0.000002 -0.000166 -0.000025 0.621592
    20 -1.810547 -1.376953 -8.546875 -1.668474 1.286518 2.942953
    21 6.028141 0.000000 -0.000002 1.207681 0.870179 -1.280623
    22 11.692554 0.000000 -0.000001 -0.000002 0.000000 -1.388995
    23 11.481705 -0.000001 -0.000008 -1.193575 0.455695 0.259660
    24 3.859676 -0.132545 1.193109 0.473563 -0.219108 -1.143529
    25 1.312559 -0.000004 -0.000001 0.047900 -0.090990 -1.111184
    26 0.729367 0.000000 -0.000001 0.013393 0.015514 -0.841309
    27 3.942295 0.050347 0.431044 0.145899 -0.109044 -0.920675
    28 1.539106 0.000000 0.000001 0.040823 -0.064360 -1.308311
    29 1.196321 -0.000004 -0.000002 0.003611 0.012231 -1.196050
    30 3.883663 -0.050304 -0.431042 -0.106388 -0.058782 -0.784527
    31 1.719584 0.000002 0.000006 -0.006657 -0.018596 -1.384683
    32 1.209183 0.000004 0.000006 0.006366 -0.004577 -1.241195
    33 3.859833 -0.148919 -1.331283 -0.228333 0.068607 -0.200237
    34 1.719427 0.000008 0.000011 -0.019224 0.002579 -0.095204
    35 1.099665 0.000002 0.000008 0.090646 -0.097080 -0.116013
    36 0.806023 -0.359832 -1.318336 1.250588 0.396302 -0.667293
    37 1.789780 -0.000006 -0.000006 0.002383 0.017532 0.123794
    38 1.207001 -0.000002 -0.000006 0.000208 -0.005623 0.368521
    39 -9.897276 -18.944111 0.052051 1.162390 -0.271168 0.221499
    40 0.000007 -1.946088 0.068031 0.000000 0.000000 0.000000
    41 0.292985 -10.716852 -2.534969 0.005022 0.150893 0.294246
    42 -0.000028 1.420049 -7.723435 0.000000 0.000000 0.000000
    43 -9.614098 0.000005 38.566917 1.570796 0.000000 -1.570796
  time 64
    0 0.000000 -0.000006 0.000000 -1.570781 -1.391896 -1.570809
    1 -7.253906 8.789063 1.904297 1.596636 -1.286515 2.942963
    2 6.028145 0.000003 0.000002 -0.709708 -0.495153 -1.649977
    3 11.692553 0.000081 -0.000005 -0.000051 0.000036 -1.723489
    4 11.481672 -0.000089 -0.000024 2.458791 -0.522843 0.285949
    5 3.990234 0.035553 -1.226563 -0.549972 0.217474 -1.567222
    6 1.312563 -0.000008 0.000006 -0.202768 0.286666 -1.053673
    7 0.729362 -0.000004 0.000003 -0.229884 0.237479 -0.866641
    8 4.074219 0.224731 -0.466309 -0.227691 0.144798 -1.491252
    9 1.539093 0.000006 -0.000007 -0.087094 0.128361 -0.914634
    10 1.196323 -0.000004 0.000002 -0.094567 0.086443 -1.100504
    11 4.015625 0.131104 0.396484 0.028218 0.108475 -1.263620
    12 1.719578 -0.000011 0.000009 -0.022565 -0.003211 -1.044616
    13 1.209183 -0.000004 0.000003 0.021375 -0.014461 -0.893325
    14 3.990234 0.040009 1.296875 0.302003 0.047077 -1.203834
    15 1.719431 0.000002 -0.000004 0.058707 -0.163359 -1.023495
    16 1.099676 -0.000006 0.000004 0.136667 -0.151860 -0.901023
    17 0.806042 -0.348928 1.321258 -1.066177 -0.729871 -0.292772
    18 1.789782 0.000002 -0.000006 -0.000613 0.000982 0.473992
    19 1.206999 0.000000 -0.000002 -0.000154 -0.000025 0.621592
    20 -1.810547 -1.376953 -8.546875 -1.668474 1.286518 2.942953
    21 6.028141 0.000000 -0.000002 1.198311 0.875330 -1.290102
    22 11.692554 0.000000 -0.000001 -0.000002 0.000000 -1.380272
    23 11.481705 -0.000001 -0.000008 -1.153360 0.459531 0.262281
    24 3.859676 -0.132545 1.193109 0.473563 -0.219108 -1.143529
    25 1.312559 -0.000004 -0.000001 0.047900 -0.090990 -1.111184
    26 0.729367 0.000000 -0.000001 0.013393 0.015514 -0.841309
    27 3.942295 0.050347 0.431044 0.145899 -0.109044 -0.920675
    28 1.539106 0.000000 0.000001 0.040823 -0.064360 -1.308311
    29 1.196321 -0.000004 -0.000002 0.003611 0.012231 -1.196050
    30 3.883663 -0.050304 -0.431042 -0.106388 -0.058782 -0.784527
    31 1.719584 0.000002 0.000006 -0.006657 -0.018596 -1.384683
    32 1.209183 0.000004 0.000006 0.006366 -0.004577 -1.241195
    33 3.859833 -0.148919 -1.331283 -0.228333 0.068607 -0.200237
    34 1.719427 0.000008 0.000011 -0.019224 0.002579 -0.095204
    35 1.099665 0.000002 0.000008 0.090646 -0.097080 -0.116013
    36 0.806023 -0.359832 -1.318336 1.252446 0.397493 -0.661505
    37 1.789780 -0.000006 -0.000006 0.001964 0.017748 0.098362
    38 1.207001 -0.000002 -0.000006 0.000280 -0.005587 0.338252
    39 -9.948059 -18.994894 0.063770 1.154260 -0.308457 0.238720
    40 0.000007 -1.946088 0.068031 0.000000 0.000000 0.000000
    41 0.289078 -10.064488 -2.409965 0.017066 0.120101 0.279181
    42 -0.000028 1.420049 -7.723435 0.000000 0.000000 0.000000
    43 -9.614098 0.000005 38.566917 1.570796 0.000000 -1.570796
  time 65
    0 0.000000 -0.000006 0.000000 -1.570781 -1.391896 -1.570809
    1 -7.253906 8.789063 1.904297 1.596636 -1.286515 2.942963
    2 6.028145 0.000003 0.000002 -0.701271 -0.524073 -1.680382
    3 11.692553 0.000081 -0.000005 -0.000051 0.000036 -1.758010
    4 11.481672 -0.000089 -0.000024 2.452081 -0.503668 0.398973
    5 3.990234 0.035553 -1.226563 -0.549972 0.217474 -1.567222
    6 1.312563 -0.000008 0.000006 -0.202768 0.286666 -1.053673
    7 0.729362 -0.000004 0.000003 -0.229884 0.237479 -0.866641
    8 4.074219 0.224731 -0.466309 -0.227691 0.144798 -1.491252
    9 1.539093 0.000006 -0.000007 -0.087082 0.128361 -0.914634
    10 1.196323 -0.000004 0.000002 -0.094567 0.086443 -1.100504
    11 4.015625 0.131104 0.396484 0.028218 0.108475 -1.263620
    12 1.719578 -0.000011 0.000009 -0.022565 -0.003211 -1.044616
    13 1.209183 -0.000004 0.000003 0.021375 -0.014461 -0.893325
    14 3.990234 0.040009 1.296875 0.302003 0.047077 -1.203834
    15 1.719431 0.000002 -0.000004 0.058707 -0.163359 -1.023495
    16 1.099676 -0.000006 0.000004 0.136667 -0.151860 -0.901023
    17 0.806042 -0.348928 1.321258 -1.066177 -0.729871 -0.292772
    18 1.789782 0.000002 -0.000006 -0.000613 0.000982 0.473992
    19 1.206999 0.000000 -0.000002 -0.000166 -0.000025 0.621592
    20 -1.810547 -1.376953 -8.546875 -1.668474 1.286518 2.942953
    21 6.028141 0.000000 -0.000002 1.189195 0.879805 -1.299330
    22 11.692554 0.000000 -0.000001 -0.000002 0.000000 -1.372453
    23 11.481705 -0.000001 -0.000008 -1.111428 0.464544 0.265386
    24 3.859676 -0.132545 1.193109 0.473563 -0.219108 -1.143529
    25 1.312559 -0.000004 -0.000001 0.047900 -0.090990 -1.111184
    26 0.729367 0.000000 -0.000001 0.013393 0.015514 -0.841309
    27 3.942295 0.050347 0.431044 0.145899 -0.109044 -0.920675
    28 1.539106 0.000000 0.000001 0.040823 -0.064360 -1.308311
    29 1.196321 -0.000004 -0.000002 0.003611 0.012231 -1.196050
    30 3.883663 -0.050304 -0.431042 -0.106388 -0.058782 -0.784527
    31 1.719584 0.000002 0.000006 -0.006657 -0.018596 -1.384683
    32 1.209183 0.000004 0.000006 0.006366 -0.004577 -1.241195
    33 3.859833 -0.148919 -1.331283 -0.228333 0.068607 -0.200237
    34 1.719427 0.000008 0.000011 -0.019224 0.002579 -0.095204
    35 1.099665 0.000002 0.000008 0.090646 -0.097080 -0.116013
    36 0.806023 -0.359832 -1.318336 1.254208 0.398711 -0.656124
    37 1.789780 -0.000006 -0.000006 0.001580 0.017964 0.074825
    38 1.207001 -0.000002 -0.000006 0.000340 -0.005551 0.310223
    39 -10.014467 -19.037864 0.063770 1.144816 -0.347527 0.255872
    40 0.000007 -1.946088 0.068031 0.000000 0.000000 0.000000
    41 0.285172 -9.459001 -2.292774 0.028224 0.091564 0.262534
    42 -0.000028 1.420049 -7.723435 0.000000 0.000000 0.000000
    43 -9.614098 0.000005 38.566917 1.570796 0.000000 -1.570796
  time 66
    0 0.000000 -0.000006 0.000000 -1.570781 -1.391896 -1.570809
    1 -7.253906 8.789063 1.904297 1.596636 -1.286515 2.942963
    2 6.028145 0.000003 0.000002 -0.688237 -0.553392 -1.714624
    3 11.692553 0.000081 -0.000005 -0.000051 0.000036 -1.781422
    4 11.481672 -0.000089 -0.000024 2.447996 -0.486950 0.499008
    5 3.990234 0.035553 -1.226563 -0.549972 0.217474 -1.567222
    6 1.312563 -0.000008 0.000006 -0.202768 0.286666 -1.053673
    7 0.729362 -0.000004 0.000003 -0.229884 0.237479 -0.866641
    8 4.074219 0.224731 -0.466309 -0.227691 0.144798 -1.491252
    9 1.539093 0.000006 -0.000007 -0.087094 0.128361 -0.914634
    10 1.196323 -0.000004 0.000002 -0.094567 0.086443 -1.100504
    11 4.015625 0.131104 0.396484 0.028218 0.108475 -1.263620
    12 1.719578 -0.000011 0.000009 -0.022565 -0.003211 -1.044616
    13 1.209183 -0.000004 0.000003 0.021375 -0.014461 -0.893325
    14 3.990234 0.040009 1.296875 0.302003 0.047077 -1.203834
    15 1.719431 0.000002 -0.000004 0.058707 -0.163359 -1.023495
    16 1.099676 -0.000006 0.000004 0.136667 -0.151860 -0.901023
    17 0.806042 -0.348928 1.321258 -1.066177 -0.729871 -0.292772
    18 1.789782 0.000002 -0.000006 -0.000613 0.000982 0.473992
    19 1.206999 0.000000 -0.000002 -0.000166 -0.000025 0.621592
    20 -1.810547 -1.376953 -8.546875 -1.668474 1.286518 2.942953
    21 6.028141 0.000000 -0.000002 1.180589 0.883347 -1.307887
    22 11.692554 0.000000 -0.000001 -0.000002 0.000000 -1.365604
    23 11.481705 -0.000001 -0.000008 -1.069850 0.469976 0.268747
    24 3.859676 -0.132545 1.193109 0.473563 -0.219108 -1.143529
    25 1.312559 -0.000004 -0.000001 0.047900 -0.090990 -1.111184
    26 0.729367 0.000000 -0.000001 0.013393 0.015514 -0.841309
    27 3.942295 0.050347 0.431044 0.145899 -0.109044 -0.920675
    28 1.539106 0.000000 0.000001 0.040823 -0.064360 -1.308311
    29 1.196321 -0.000004 -0.000002 0.003611 0.012231 -1.196050
    30 3.883663 -0.050304 -0.431042 -0.106388 -0.058782 -0.784527
    31 1.719584 0.000002 0.000006 -0.006657 -0.018596 -1.384683
    32 1.209183 0.000004 0.000006 0.006366 -0.004577 -1.241195
    33 3.859833 -0.148919 -1.331283 -0.228333 0.068607 -0.200237
    34 1.719427 0.000008 0.000011 -0.019224 0.002579 -0.095204
    35 1.099665 0.000002 0.000008 0.090646 -0.097080 -0.116013
    36 0.806023 -0.359832 -1.318336 1.255838 0.399916 -0.651174
    37 1.789780 -0.000006 -0.000006 0.001220 0.018191 0.053408
    38 1.207001 -0.000002 -0.000006 0.000388 -0.005527 0.284722
    39 -10.092595 -19.076928 0.052051 1.134615 -0.386183 0.272682
    40 0.000007 -1.946088 0.068031 0.000000 0.000000 0.000000
    41 0.277359 -8.908203 -2.191208 0.038267 0.065865 0.244234
    42 -0.000028 1.420049 -7.723435 0.000000 0.000000 0.000000
    43 -9.614098 0.000005 38.566917 1.570796 0.000000 -1.570796
  time 67
    0 0.000000 -0.000006 0.000000 -1.570781 -1.391896 -1.570809
    1 -7.253906 8.789063 1.904297 1.596636 -1.286515 2.942963
    2 6.028145 0.000003 0.000002 -0.672012 -0.580055 -1.749518
    3 11.692553 0.000081 -0.000005 -0.000051 0.000036 -1.795106
    4 11.481672 -0.000089 -0.000024 2.444660 -0.473813 0.582188
    5 3.990234 0.035553 -1.226563 -0.549972 0.217474 -1.567222
    6 1.312563 -0.000008 0.000006 -0.202768 0.286666 -1.053673
    7 0.729362 -0.000004 0.000003 -0.229884 0.237479 -0.866641
    8 4.074219 0.224731 -0.466309 -0.227691 0.144798 -1.491252
    9 1.539093 0.000006 -0.000007 -0.087082 0.128361 -0.914634
    10 1.196323 -0.000004 0.000002 -0.094567 0.086443 -1.100504
    11 4.015625 0.131104 0.396484 0.028218 0.108475 -1.263620
    12 1.719578 -0.000011 0.000009 -0.022565 -0.003211 -1.044616
    13 1.209183 -0.000004 0.000003 0.021375 -0.014461 -0.893325
    14 3.990234 0.040009 1.296875 0.302003 0.047077 -1.203834
    15 1.719431 0.000002 -0.000004 0.058707 -0.163359 -1.023495
    16 1.099676 -0.000006 0.000004 0.136667 -0.151860 -0.901023
    17 0.806042 -0.348928 1.321258 -1.066177 -0.729871 -0.292772
    18 1.789782 0.000002 -0.000006 -0.000613 0.000982 0.473992
    19 1.206999 0.000000 -0.000002 -0.000166 -0.000025 0.621592
    20 -1.810547 -1.376953 -8.546875 -1.668474 1.286518 2.942953
    21 6.028141 0.000000 -0.000002 1.172939 0.885729 -1.315437
    22 11.692554 0.000000 -0.000001 -0.000002 0.000000 -1.359853
    23 11.481705 -0.000001 -0.000008 -1.031101 0.475073 0.271966
    24 3.859676 -0.132545 1.193109 0.473563 -0.219108 -1.143529
    25 1.312559 -0.000004 -0.000001 0.047900 -0.090990 -1.111184
    26 0.729367 0.000000 -0.000001 0.013393 0.015514 -0.841309
    27 3.942295 0.050347 0.431044 0.145899 -0.109044 -0.920675
    28 1.539106 0.000000 0.000001 0.040823 -0.064360 -1.308311
    29 1.196321 -0.000004 -0.000002 0.003611 0.012231 -1.196050
    30 3.883663 -0.050304 -0.431042 -0.106388 -0.058782 -0.784527
    31 1.719584 0.000002 0.000006 -0.006657 -0.018596 -1.384683
    32 1.209183 0.000004 0.000006 0.006366 -0.004577 -1.241195
    33 3.859833 -0.148919 -1.331283 -0.228333 0.068607 -0.200237
    34 1.719427 0.000008 0.000011 -0.019224 0.002579 -0.095204
    35 1.099665 0.000002 0.000008 0.090646 -0.097080 -0.116013
    36 0.806023 -0.359832 -1.318336 1.257324 0.401013 -0.646692
    37 1.789780 -0.000006 -0.000006 0.000897 0.018419 0.034281
    38 1.207001 -0.000002 -0.000006 0.000423 -0.005503 0.261987
    39 -10.166816 -19.112085 0.024706 1.124565 -0.422146 0.288668
    40 0.000007 -1.946088 0.068031 0.000000 0.000000 0.000000
    41 0.273453 -8.423813 -2.101362 0.046980 0.043573 0.224196
    42 -0.000028 1.420049 -7.723435 0.000000 0.000000 0.000000
    43 -9.614098 0.000005 38.566917 1.570796 0.000000 -1.570796
  time 68
    0 0.000000 -0.000006 0.000000 -1.570781 -1.391896 -1.570809
    1 -7.253906 8.789063 1.904297 1.596636 -1.286515 2.942963
    2 6.028145 0.000003 0.000002 -0.655516 -0.601338 -1.780647
    3 11.692553 0.000081 -0.000005 -0.000051 0.000036 -1.801947
    4 11.481672 -0.000089 -0.000024 2.440349 -0.464347 0.646069
    5 3.990234 0.035553 -1.226563 -0.549972 0.217474 -1.567222
    6 1.312563 -0.000008 0.000006 -0.202768 0.286666 -1.053673
    7 0.729362 -0.000004 0.000003 -0.229884 0.237479 -0.866641
    8 4.074219 0.224731 -0.466309 -0.227691 0.144798 -1.491252
    9 1.539093 0.000006 -0.000007 -0.087094 0.128361 -0.914634
    10 1.196323 -0.000004 0.000002 -0.094567 0.086443 -1.100504
    11 4.015625 0.131104 0.396484 0.028218 0.108475 -1.263620
    12 1.719578 -0.000011 0.000009 -0.022565 -0.003211 -1.044616
    13 1.209183 -0.000004 0.000003 0.021375 -0.014461 -0.893325
    14 3.990234 0.040009 1.296875 0.302003 0.047077 -1.203834
    15 1.719431 0.000002 -0.000004 0.058707 -0.163359 -1.023495
    16 1.099676 -0.000006 0.000004 0.136667 -0.151860 -0.901023
    17 0.806042 -0.348928 1.321258 -1.066177 -0.729871 -0.292772
    18 1.789782 0.000002 -0.000006 -0.000613 0.000982 0.473992
    19 1.206999 0.000000 -0.000002 -0.000166 -0.000025 0.621592
    20 -1.810547 -1.376953 -8.546875 -1.668474 1.286518 2.942953
    21 6.028141 0.000000 -0.000002 1.166246 0.886599 -1.321813
    22 11.692554 0.000000 -0.000001 -0.000002 0.000000 -1.355395
    23 11.481705 -0.000001 -0.000008 -0.996899 0.479525 0.274672
    24 3.859676 -0.132545 1.193109 0.473563 -0.219108 -1.143529
    25 1.312559 -0.000004 -0.000001 0.047900 -0.090990 -1.111184
    26 0.729367 0.000000 -0.000001 0.013393 0.015514 -0.841309
    27 3.942295 0.050347 0.431044 0.145899 -0.109044 -0.920675
    28 1.539106 0.000000 0.000001 0.040823 -0.064360 -1.308311
    29 1.196321 -0.000004 -0.000002 0.003611 0.012231 -1.196050
    30 3.883663 -0.050304 -0.431042 -0.106388 -0.058782 -0.784527
    31 1.719584 0.000002 0.000006 -0.006657 -0.018596 -1.384683
    32 1.209183 0.000004 0.000006 0.006366 -0.004577 -1.241195
    33 3.859833 -0.148919 -1.331283 -0.228333 0.068607 -0.200237
    34 1.719427 0.000008 0.000011 -0.019224 0.002579 -0.095204
    35 1.099665 0.000002 0.000008 0.090646 -0.097080 -0.116013
    36 0.806023 -0.359832 -1.318336 1.258654 0.401947 -0.642737
    37 1.789780 -0.000006 -0.000006 0.000597 0.018635 0.017622
    38 1.207001 -0.000002 -0.000006 0.000459 -0.005479 0.242177
    39 -10.229317 -19.139429 -0.022170 1.115526 -0.453758 0.303144
    40 0.000007 -1.946088 0.068031 0.000000 0.000000 0.000000
    41 0.265640 -8.025363 -2.027141 0.054146 0.025238 0.202360
    42 -0.000028 1.420049 -7.723435 0.000000 0.000000 0.000000
    43 -9.614098 0.000005 38.566917 1.570796 0.000000 -1.570796
  time 69
    0 0.000000 -0.000006 0.000000 -1.570781 -1.391896 -1.570809
    1 -7.253906 8.789063 1.904297 1.596636 -1.286515 2.942963
    2 6.028145 0.000003 0.000002 -0.642536 -0.615483 -1.803379
    3 11.692553 0.000081 -0.000005 -0.000051 0.000036 -1.805713
    4 11.481672 -0.000089 -0.000024 2.433865 -0.457611 0.689959
    5 3.990234 0.035553 -1.226563 -0.549972 0.217474 -1.567222
    6 1.312563 -0.000008 0.000006 -0.202768 0.286666 -1.053673
    7 0.729362 -0.000004 0.000003 -0.229884 0.237479 -0.866641
    8 4.074219 0.224731 -0.466309 -0.227691 0.144798 -1.491252
    9 1.539093 0.000006 -0.000007 -0.087082 0.128361 -0.914634
    10 1.196323 -0.000004 0.000002 -0.094567 0.086443 -1.100504
    11 4.015625 0.131104 0.396484 0.028218 0.108475 -1.263620
    12 1.719578 -0.000011 0.000009 -0.022565 -0.003211 -1.044616
    13 1.209183 -0.000004 0.000003 0.021375 -0.014461 -0.893325
    14 3.990234 0.040009 1.296875 0.302003 0.047077 -1.203834
    15 1.719431 0.000002 -0.000004 0.058707 -0.163359 -1.023495
    16 1.099676 -0.000006 0.000004 0.136667 -0.151860 -0.901023
    17 0.806042 -0.348928 1.321258 -1.066177 -0.729871 -0.292772
    18 1.789782 0.000002 -0.000006 -0.000613 0.000982 0.473992
    19 1.206999 0.000000 -0.000002 -0.000166 -0.000025 0.621592
    20 -1.810547 -1.376953 -8.546875 -1.668474 1.286518 2.942953
    21 6.028141 0.000000 -0.000002 1.160062 0.885633 -1.327433
    22 11.692554 0.000000 -0.000001 -0.000002 0.000000 -1.351905
    23 11.481705 -0.000001 -0.000008 -0.968304 0.483586 0.276296
    24 3.859676 -0.132545 1.193109 0.473563 -0.219108 -1.143529
    25 1.312559 -0.000004 -0.000001 0.047900 -0.090990 -1.111184
    26 0.729367 0.000000 -0.000001 0.013393 0.015514 -0.841309
    27 3.942295 0.050347 0.431044 0.145899 -0.109044 -0.920675
    28 1.539106 0.000000 0.000001 0.040823 -0.064360 -1.308311
    29 1.196321 -0.000004 -0.000002 0.003611 0.012231 -1.196050
    30 3.883663 -0.050304 -0.431042 -0.106388 -0.058782 -0.784527
    31 1.719584 0.000002 0.000006 -0.006657 -0.018596 -1.384683
    32 1.209183 0.000004 0.000006 0.006366 -0.004577 -1.241195
    33 3.859833 -0.148919 -1.331283 -0.228333 0.068607 -0.200237
    34 1.719427 0.000008 0.000011 -0.019224 0.002579 -0.095204
    35 1.099665 0.000002 0.000008 0.090646 -0.097080 -0.116013
    36 0.806023 -0.359832 -1.318336 1.259805 0.402637 -0.639345
    37 1.789780 -0.000006 -0.000006 0.000346 0.018827 0.003600
    38 1.207001 -0.000002 -0.000006 0.000483 -0.005455 0.225528
    39 -10.272287 -19.158961 -0.092485 1.108254 -0.480441 0.315563
    40 0.000007 -1.946088 0.068031 0.000000 0.000000 0.000000
    41 0.257828 -7.716760 -1.972452 0.059539 0.011445 0.178654
    42 -0.000028 1.420049 -7.723435 0.000000 0.000000 0.000000
    43 -9.614098 0.000005 38.566917 1.570796 0.000000 -1.570796
  time 70
    0 0.000000 -0.000006 0.000000 -1.570781 -1.391896 -1.570809
    1 -7.253906 8.789063 1.904297 1.596636 -1.286515 2.942963
    2 6.028145 0.000003 0.000002 -0.637074 -0.621493 -1.813007
    3 11.692553 0.000081 -0.000005 -0.000051 0.000036 -1.810107
    4 11.481672 -0.000089 -0.000024 2.424757 -0.452271 0.713981
    5 3.990234 0.035553 -1.226563 -0.549972 0.217474 -1.567222
    6 1.312563 -0.000008 0.000006 -0.202768 0.286666 -1.053673
    7 0.729362 -0.000004 0.000003 -0.229884 0.237479 -0.866641
    8 4.074219 0.224731 -0.466309 -0.227691 0.144798 -1.491252
    9 1.539093 0.000006 -0.000007 -0.087094 0.128361 -0.914634
    10 1.196323 -0.000004 0.000002 -0.094567 0.086443 -1.100504
    11 4.015625 0.131104 0.396484 0.028218 0.108475 -1.263620
    12 1.719578 -0.000011 0.000009 -0.022565 -0.003211 -1.044616
    13 1.209183 -0.000004 0.000003 0.021375 -0.014461 -0.893325
    14 3.990234 0.040009 1.296875 0.302003 0.047077 -1.203834
    15 1.719431 0.000002 -0.000004 0.058707 -0.163359 -1.023495
    16 1.099676 -0.000006 0.000004 0.136667 -0.151860 -0.901023
    17 0.806042 -0.348928 1.321258 -1.066177 -0.729871 -0.292772
    18 1.789782 0.000002 -0.000006 -0.000613 0.000982 0.473992
    19 1.206999 0.000000 -0.000002 -0.000166 -0.000025 0.621592
    20 -1.810547 -1.376953 -8.546875 -1.668474 1.286518 2.942953
    21 6.028141 0.000000 -0.000002 1.153624 0.882445 -1.332802
    22 11.692554 0.000000 -0.000001 -0.000002 0.000000 -1.348998
    23 11.481705 -0.000001 -0.000008 -0.945823 0.487926 0.276239
    24 3.859676 -0.132545 1.193109 0.473563 -0.219108 -1.143529
    25 1.312559 -0.000004 -0.000001 0.047900 -0.090990 -1.111184
    26 0.729367 0.000000 -0.000001 0.013393 0.015514 -0.841309
    27 3.942295 0.050347 0.431044 0.145899 -0.109044 -0.920675
    28 1.539106 0.000000 0.000001 0.040823 -0.064360 -1.308311
    29 1.196321 -0.000004 -0.000002 0.003611 0.012231 -1.196050
    30 3.883663 -0.050304 -0.431042 -0.106388 -0.058782 -0.784527
    31 1.719584 0.000002 0.000006 -0.006657 -0.018596 -1.384683
    32 1.209183 0.000004 0.000006 0.006366 -0.004577 -1.241195
    33 3.859833 -0.148919 -1.331283 -0.228333 0.068607 -0.200237
    34 1.719427 0.000008 0.000011 -0.019224 0.002579 -0.095204
    35 1.099665 0.000002 0.000008 0.090646 -0.097080 -0.116013
    36 0.806023 -0.359832 -1.318336 1.260763 0.403016 -0.636529
    37 1.789780 -0.000006 -0.000006 0.000142 0.019006 -0.007593
    38 1.207001 -0.000002 -0.000006 0.000495 -0.005443 0.212224
    39 -10.291819 -19.170680 -0.201863 1.103153 -0.502275 0.325374
    40 0.000007 -1.946088 0.068031 0.000000 0.000000 0.000000
    41 0.246108 -7.509723 -1.937294 0.062943 0.002762 0.153007
    42 -0.000028 1.420049 -7.723435 0.000000 0.000000 0.000000
    43 -9.614098 0.000005 38.566917 1.570796 0.000000 -1.570796
  time 71
    0 0.000000 -0.000006 0.000000 -1.570781 -1.391896 -1.570809
    1 -7.253906 8.789063 1.904297 1.596636 -1.286515 2.942963
    2 6.028145 0.000003 0.000002 -0.641076 -0.620463 -1.808446
    3 11.692553 0.000081 -0.000005 -0.000051 0.000036 -1.817827
    4 11.481672 -0.000089 -0.000024 2.413062 -0.446961 0.720536
    5 3.990234 0.035553 -1.226563 -0.549972 0.217474 -1.567222
    6 1.312563 -0.000008 0.000006 -0.202768 0.286666 -1.053673
    7 0.729362 -0.000004 0.000003 -0.229884 0.237479 -0.866641
    8 4.074219 0.224731 -0.466309 -0.227691 0.144798 -1.491252
    9 1.539093 0.000006 -0.000007 -0.087082 0.128361 -0.914634
    10 1.196323 -0.000004 0.000002 -0.094567 0.086443 -1.100504
    11 4.015625 0.131104 0.396484 0.028218 0.108475 -1.263620
    12 1.719578 -0.000011 0.000009 -0.022565 -0.003211 -1.044616
    13 1.209183 -0.000004 0.000003 0.021375 -0.014461 -0.893325
    14 3.990234 0.040009 1.296875 0.302003 0.047077 -1.203834
    15 1.719431 0.000002 -0.000004 0.058707 -0.163359 -1.023495
    16 1.099676 -0.000006 0.000004 0.136667 -0.151860 -0.901023
    17 0.806042 -0.348928 1.321258 -1.066177 -0.729871 -0.292772
    18 1.789782 0.000002 -0.000006 -0.000613 0.000982 0.473992
    19 1.206999 0.000000 -0.000002 -0.000154 -0.000025 0.621592
    20 -1.810547 -1.376953 -8.546875 -1.668474 1.286518 2.942953
    21 6.028141 0.000000 -0.000002 1.145847 0.878389 -1.339262
    22 11.692554 0.000000 -0.000001 -0.000002 0.000000 -1.346348
    23 11.481705 -0.000001 -0.000008 -0.928999 0.492911 0.275783
    24 3.859676 -0.132545 1.193109 0.473563 -0.219108 -1.143529
    25 1.312559 -0.000004 -0.000001 0.047900 -0.090990 -1.111184
    26 0.729367 0.000000 -0.000001 0.013393 0.015514 -0.841309
    27 3.942295 0.050347 0.431044 0.145899 -0.109044 -0.920675
    28 1.539106 0.000000 0.000001 0.040823 -0.064360 -1.308311
    29 1.196321 -0.000004 -0.000002 0.003611 0.012231 -1.196050
    30 3.883663 -0.050304 -0.431042 -0.106388 -0.058782 -0.784527
    31 1.719584 0.000002 0.000006 -0.006657 -0.018596 -1.384683
    32 1.209183 0.000004 0.000006 0.006366 -0.004577 -1.241195
    33 3.859833 -0.148919 -1.331283 -0.228333 0.068607 -0.200237
    34 1.719427 0.000008 0.000011 -0.019224 0.002579 -0.095204
    35 1.099665 0.000002 0.000008 0.090646 -0.097080 -0.116013
    36 0.806023 -0.359832 -1.318336 1.261506 0.403003 -0.634360
    37 1.789780 -0.000006 -0.000006 -0.000002 0.019138 -0.015803
    38 1.207001 -0.000002 -0.000006 0.000507 -0.005431 0.202451
    39 -10.272287 -19.174587 -0.319054 1.100325 -0.519760 0.332578
    40 0.000007 -1.946088 0.068031 0.000000 0.000000 0.000000
    41 0.238296 -7.419876 -1.925575 0.064118 -0.000245 0.125347
    42 -0.000028 1.420049 -7.723435 0.000000 0.000000 0.000000
    43 -9.614098 0.000005 38.566917 1.570796 0.000000 -1.570796
  time 72
    0 0.000000 -0.000006 0.000000 -1.570781 -1.391896 -1.570809
    1 -7.253906 8.789063 1.904297 1.596636 -1.286515 2.942963
    2 6.028145 0.000003 0.000002 -0.650703 -0.615881 -1.795922
    3 11.692553 0.000081 -0.000005 -0.000051 0.000036 -1.827431
    4 11.481672 -0.000089 -0.000024 2.397807 -0.441409 0.716953
    5 3.990234 0.035553 -1.226563 -0.549972 0.217474 -1.567222
    6 1.312563 -0.000008 0.000006 -0.202768 0.286666 -1.053673
    7 0.729362 -0.000004 0.000003 -0.229884 0.237479 -0.866641
    8 4.074219 0.224731 -0.466309 -0.227691 0.144798 -1.491252
    9 1.539093 0.000006 -0.000007 -0.087082 0.128361 -0.914634
    10 1.196323 -0.000004 0.000002 -0.094567 0.086443 -1.100504
    11 4.015625 0.131104 0.396484 0.028218 0.108475 -1.263620
    12 1.719578 -0.000011 0.000009 -0.022565 -0.003211 -1.044616
    13 1.209183 -0.000004 0.000003 0.021375 -0.014461 -0.893325
    14 3.990234 0.040009 1.296875 0.302003 0.047077 -1.203834
    15 1.719431 0.000002 -0.000004 0.058707 -0.163359 -1.023495
    16 1.099676 -0.000006 0.000004 0.136667 -0.151860 -0.901023
    17 0.806042 -0.348928 1.321258 -1.066177 -0.729871 -0.292772
    18 1.789782 0.000002 -0.000006 -0.000613 0.000982 0.473992
    19 1.206999 0.000000 -0.000002 -0.000154 -0.000025 0.621592
    20 -1.810547 -1.376953 -8.546875 -1.668474 1.286518 2.942953
    21 6.028141 0.000000 -0.000002 1.135838 0.875105 -1.347903
    22 11.692554 0.000000 -0.000001 -0.000002 0.000000 -1.344216
    23 11.481705 -0.000001 -0.000008 -0.917329 0.498763 0.277150
    24 3.859676 -0.132545 1.193109 0.473563 -0.219108 -1.143529
    25 1.312559 -0.000004 -0.000001 0.047900 -0.090990 -1.111184
    26 0.729367 0.000000 -0.000001 0.013393 0.015514 -0.841309
    27 3.942295 0.050347 0.431044 0.145899 -0.109044 -0.920675
    28 1.539106 0.000000 0.000001 0.040823 -0.064360 -1.308311
    29 1.196321 -0.000004 -0.000002 0.003611 0.012231 -1.196050
    30 3.883663 -0.050304 -0.431042 -0.106388 -0.058782 -0.784527
    31 1.719584 0.000002 0.000006 -0.006657 -0.018596 -1.384683
    32 1.209183 0.000004 0.000006 0.006366 -0.004577 -1.241195
    33 3.859833 -0.148919 -1.331283 -0.228333 0.068607 -0.200237
    34 1.719427 0.000008 0.000011 -0.019224 0.002579 -0.095204
    35 1.099665 0.000002 0.000008 0.090646 -0.097080 -0.116013
    36 0.806023 -0.359832 -1.318336 1.262022 0.402529 -0.632862
    37 1.789780 -0.000006 -0.000006 -0.000086 0.019222 -0.020860
    38 1.207001 -0.000002 -0.000006 0.000507 -0.005419 0.196471
    39 -10.213692 -19.174587 -0.412807 1.099770 -0.533515 0.337038
    40 0.000007 -1.946088 0.068031 0.000000 0.000000 0.000000
    41 0.214857 -7.400344 -1.929482 0.064118 0.000338 0.095997
    42 -0.000028 1.420049 -7.723435 0.000000 0.000000 0.000000
    43 -9.614098 0.000005 38.566917 1.570796 0.000000 -1.570796
  time 73
    0 0.000000 -0.000006 0.000000 -1.570781 -1.391896 -1.570809
    1 -7.253906 8.789063 1.904297 1.596636 -1.286515 2.942963
    2 6.028145 0.000003 0.000002 -0.660276 -0.610270 -1.782891
    3 11.692553 0.000081 -0.000005 -0.000051 0.000036 -1.835527
    4 11.481672 -0.000089 -0.000024 2.379553 -0.436888 0.709787
    5 3.990234 0.035553 -1.226563 -0.549972 0.217474 -1.567222
    6 1.312563 -0.000008 0.000006 -0.202768 0.286666 -1.053673
    7 0.729362 -0.000004 0.000003 -0.229884 0.237479 -0.866641
    8 4.074219 0.224731 -0.466309 -0.227691 0.144798 -1.491252
    9 1.539093 0.000006 -0.000007 -0.087094 0.128361 -0.914634
    10 1.196323 -0.000004 0.000002 -0.094567 0.086443 -1.100504
    11 4.015625 0.131104 0.396484 0.028218 0.108475 -1.263620
    12 1.719578 -0.000011 0.000009 -0.022565 -0.003211 -1.044616
    13 1.209183 -0.000004 0.000003 0.021375 -0.014461 -0.893325
    14 3.990234 0.040009 1.296875 0.302003 0.047077 -1.203834
    15 1.719431 0.000002 -0.000004 0.058707 -0.163359 -1.023495
    16 1.099676 -0.000006 0.000004 0.136667 -0.151860 -0.901023
    17 0.806042 -0.348928 1.321258 -1.066177 -0.729871 -0.292772
    18 1.789782 0.000002 -0.000006 -0.000613 0.000982 0.473992
    19 1.206999 0.000000 -0.000002 -0.000154 -0.000025 0.621592
    20 -1.810547 -1.376953 -8.546875 -1.668474 1.286518 2.942953
    21 6.028141 0.000000 -0.000002 1.124874 0.872915 -1.357802
    22 11.692554 0.000000 -0.000001 -0.000002 0.000000 -1.342407
    23 11.481705 -0.000001 -0.000008 -0.909549 0.504924 0.280483
    24 3.859676 -0.132545 1.193109 0.473563 -0.219108 -1.143529
    25 1.312559 -0.000004 -0.000001 0.047900 -0.090990 -1.111184
    26 0.729367 0.000000 -0.000001 0.013393 0.015514 -0.841309
    27 3.942295 0.050347 0.431044 0.145899 -0.109044 -0.920675
    28 1.539106 0.000000 0.000001 0.040823 -0.064360 -1.308311
    29 1.196321 -0.000004 -0.000002 0.003611 0.012231 -1.196050
    30 3.883663 -0.050304 -0.431042 -0.106388 -0.058782 -0.784527
    31 1.719584 0.000002 0.000006 -0.006657 -0.018596 -1.384683
    32 1.209183 0.000004 0.000006 0.006366 -0.004577 -1.241195
    33 3.859833 -0.148919 -1.331283 -0.228333 0.068607 -0.200237
    34 1.719427 0.000008 0.000011 -0.019224 0.002579 -0.095204
    35 1.099665 0.000002 0.000008 0.090646 -0.097080 -0.116013
    36 0.806023 -0.359832 -1.318336 1.262285 0.401500 -0.632071
    37 1.789780 -0.000006 -0.000006 -0.000122 0.019246 -0.022574
    38 1.207001 -0.000002 -0.000006 0.000507 -0.005419 0.194416
    39 -10.127752 -19.170680 -0.479215 1.101285 -0.544039 0.338959
    40 0.000007 -1.946088 0.068031 0.000000 0.000000 0.000000
    41 0.175794 -7.392532 -1.933388 0.064106 0.001841 0.066850
    42 -0.000028 1.420049 -7.723435 0.000000 0.000000 0.000000
    43 -9.614098 0.000005 38.566917 1.570796 0.000000 -1.570796
  time 74
    0 0.000000 -0.000006 0.000000 -1.570781 -1.391896 -1.570809
    1 -7.253906 8.789063 1.904297 1.596636 -1.286515 2.942963
    2 6.028145 0.000003 0.000002 -0.667739 -0.604559 -1.771815
    3 11.692553 0.000081 -0.000005 -0.000051 0.000036 -1.841490
    4 11.481672 -0.000089 -0.000024 2.360662 -0.433915 0.701644
    5 3.990234 0.035553 -1.226563 -0.549972 0.217474 -1.567222
    6 1.312563 -0.000008 0.000006 -0.202768 0.286666 -1.053673
    7 0.729362 -0.000004 0.000003 -0.229884 0.237479 -0.866641
    8 4.074219 0.224731 -0.466309 -0.227691 0.144798 -1.491252
    9 1.539093 0.000006 -0.000007 -0.087094 0.128361 -0.914634
    10 1.196323 -0.000004 0.000002 -0.094567 0.086443 -1.100504
    11 4.015625 0.131104 0.396484 0.028218 0.108475 -1.263620
    12 1.719578 -0.000011 0.000009 -0.022565 -0.003211 -1.044616
    13 1.209183 -0.000004 0.000003 0.021375 -0.014461 -0.893325
    14 3.990234 0.040009 1.296875 0.302003 0.047077 -1.203834
    15 1.719431 0.000002 -0.000004 0.058707 -0.163359 -1.023495
    16 1.099676 -0.000006 0.000004 0.136667 -0.151860 -0.901023
    17 0.806042 -0.348928 1.321258 -1.066177 -0.729871 -0.292772
    18 1.789782 0.000002 -0.000006 -0.000613 0.000982 0.473992
    19 1.206999 0.000000 -0.000002 -0.000154 -0.000025 0.621592
    20 -1.810547 -1.376953 -8.546875 -1.668474 1.286518 2.942953
    21 6.028141 0.000000 -0.000002 1.114802 0.871595 -1.366946
    22 11.692554 0.000000 -0.000001 -0.000002 0.000000 -1.341890
    23 11.481705 -0.000001 -0.000008 -0.904497 0.510665 0.286294
    24 3.859676 -0.132545 1.193109 0.473563 -0.219108 -1.143529
    25 1.312559 -0.000004 -0.000001 0.047900 -0.090990 -1.111184
    26 0.729367 0.000000 -0.000001 0.013393 0.015514 -0.841309
    27 3.942295 0.050347 0.431044 0.145899 -0.109044 -0.920675
    28 1.539106 0.000000 0.000001 0.040823 -0.064360 -1.308311
    29 1.196321 -0.000004 -0.000002 0.003611 0.012231 -1.196050
    30 3.883663 -0.050304 -0.431042 -0.106388 -0.058782 -0.784527
    31 1.719584 0.000002 0.000006 -0.006657 -0.018596 -1.384683
    32 1.209183 0.000004 0.000006 0.006366 -0.004577 -1.241195
    33 3.859833 -0.148919 -1.331283 -0.228333 0.068607 -0.200237
    34 1.719427 0.000008 0.000011 -0.019224 0.002579 -0.095204
    35 1.099665 0.000002 0.000008 0.090646 -0.097080 -0.116013
    36 0.806023 -0.359832 -1.318336 1.262022 0.399618 -0.632766
    37 1.789780 -0.000006 -0.000006 -0.000074 0.019198 -0.022358
    38 1.207001 -0.000002 -0.000006 0.000555 -0.005407 0.194469
    39 -10.037905 -19.166774 -0.514372 1.104668 -0.551911 0.338410
    40 0.000007 -1.946088 0.068031 0.000000 0.000000 0.000000
    41 0.128917 -7.392532 -1.945107 0.064058 0.003805 0.040208
    42 -0.000028 1.420049 -7.723435 0.000000 0.000000 0.000000
    43 -9.614098 0.000005 38.566917 1.570796 0.000000 -1.570796
  time 75
    0 0.000000 -0.000006 0.000000 -1.570781 -1.391896 -1.570809
    1 -7.253906 8.789063 1.904297 1.596636 -1.286515 2.942963
    2 6.028145 0.000003 0.000002 -0.672877 -0.599811 -1.763562
    3 11.692553 0.000081 -0.000005 -0.000051 0.000036 -1.846198
    4 11.481672 -0.000089 -0.000024 2.343007 -0.431943 0.696107
    5 3.990234 0.035553 -1.226563 -0.549972 0.217474 -1.567222
    6 1.312563 -0.000008 0.000006 -0.202768 0.286666 -1.053673
    7 0.729362 -0.000004 0.000003 -0.229884 0.237479 -0.866641
    8 4.074219 0.224731 -0.466309 -0.227691 0.144798 -1.491252
    9 1.539093 0.000006 -0.000007 -0.087082 0.128361 -0.914634
    10 1.196323 -0.000004 0.000002 -0.094567 0.086443 -1.100504
    11 4.015625 0.131104 0.396484 0.028218 0.108475 -1.263620
    12 1.719578 -0.000011 0.000009 -0.022565 -0.003211 -1.044616
    13 1.209183 -0.000004 0.000003 0.021375 -0.014461 -0.893325
    14 3.990234 0.040009 1.296875 0.302003 0.047077 -1.203834
    15 1.719431 0.000002 -0.000004 0.058707 -0.163359 -1.023495
    16 1.099676 -0.000006 0.000004 0.136667 -0.151860 -0.901023
    17 0.806042 -0.348928 1.321258 -1.066177 -0.729871 -0.292772
    18 1.789782 0.000002 -0.000006 -0.000613 0.000982 0.473992
    19 1.206999 0.000000 -0.000002 -0.000166 -0.000025 0.621592
    20 -1.810547 -1.376953 -8.546875 -1.668474 1.286518 2.942953
    21 6.028141 0.000000 -0.000002 1.105622 0.871177 -1.375502
    22 11.692554 0.000000 -0.000001 -0.000002 0.000000 -1.342471
    23 11.481705 -0.000001 -0.000008 -0.901567 0.516125 0.294498
    24 3.859676 -0.132545 1.193109 0.473563 -0.219108 -1.143529
    25 1.312559 -0.000004 -0.000001 0.047900 -0.090990 -1.111184
    26 0.729367 0.000000 -0.000001 0.013393 0.015514 -0.841309
    27 3.942295 0.050347 0.431044 0.145899 -0.109044 -0.920675
    28 1.539106 0.000000 0.000001 0.040823 -0.064360 -1.308311
    29 1.196321 -0.000004 -0.000002 0.003611 0.012231 -1.196050
    30 3.883663 -0.050304 -0.431042 -0.106388 -0.058782 -0.784527
    31 1.719584 0.000002 0.000006 -0.006657 -0.018596 -1.384683
    32 1.209183 0.000004 0.000006 0.006366 -0.004577 -1.241195
    33 3.859833 -0.148919 -1.331283 -0.228333 0.068607 -0.200237
    34 1.719427 0.000008 0.000011 -0.019224 0.002579 -0.095204
    35 1.099665 0.000002 0.000008 0.090646 -0.097080 -0.116013
    36 0.806023 -0.359832 -1.318336 1.261075 0.396762 -0.635450
    37 1.789780 -0.000006 -0.000006 0.000022 0.019018 -0.021843
    38 1.207001 -0.000002 -0.000006 0.000675 -0.005395 0.194548
    39 -9.955872 -19.158961 -0.522185 1.109668 -0.557504 0.335597
    40 0.000007 -1.946088 0.068031 0.000000 0.000000 0.000000
    41 0.082041 -7.392532 -1.952920 0.063974 0.005769 0.018336
    42 -0.000028 1.420049 -7.723435 0.000000 0.000000 0.000000
    43 -9.614098 0.000005 38.566917 1.570796 0.000000 -1.570796
  time 76
    0 0.000000 -0.000006 0.000000 -1.570781 -1.391896 -1.570809
    1 -7.253906 8.789063 1.904297 1.596636 -1.286515 2.942963
    2 6.028145 0.000003 0.000002 -0.675906 -0.596656 -1.758494
    3 11.692553 0.000081 -0.000005 -0.000051 0.000036 -1.850968
    4 11.481672 -0.000089 -0.000024 2.328352 -0.430214 0.696188
    5 3.990234 0.035553 -1.226563 -0.549972 0.217474 -1.567222
    6 1.312563 -0.000008 0.000006 -0.202768 0.286666 -1.053673
    7 0.729362 -0.000004 0.000003 -0.229884 0.237479 -0.866641
    8 4.074219 0.224731 -0.466309 -0.227691 0.144798 -1.491252
    9 1.539093 0.000006 -0.000007 -0.087094 0.128361 -0.914634
    10 1.196323 -0.000004 0.000002 -0.094567 0.086443 -1.100504
    11 4.015625 0.131104 0.396484 0.028218 0.108475 -1.263620
    12 1.719578 -0.000011 0.000009 -0.022565 -0.003211 -1.044616
    13 1.209183 -0.000004 0.000003 0.021375 -0.014461 -0.893325
    14 3.990234 0.040009 1.296875 0.302003 0.047077 -1.203834
    15 1.719431 0.000002 -0.000004 0.058707 -0.163359 -1.023495
    16 1.099676 -0.000006 0.000004 0.136667 -0.151860 -0.901023
    17 0.806042 -0.348928 1.321258 -1.066177 -0.729871 -0.292772
    18 1.789782 0.000002 -0.000006 -0.000613 0.000982 0.473992
    19 1.206999 0.000000 -0.000002 -0.000166 -0.000025 0.621592
    20 -1.810547 -1.376953 -8.546875 -1.668474 1.286518 2.942953
    21 6.028141 0.000000 -0.000002 1.097335 0.871466 -1.383388
    22 11.692554 0.000000 -0.000001 -0.000002 0.000000 -1.344087
    23 11.481705 -0.000001 -0.000008 -0.900556 0.521474 0.304724
    24 3.859676 -0.132545 1.193109 0.473563 -0.219108 -1.143529
    25 1.312559 -0.000004 -0.000001 0.047900 -0.090990 -1.111184
    26 0.729367 0.000000 -0.000001 0.013393 0.015514 -0.841309
    27 3.942295 0.050347 0.431044 0.145899 -0.109044 -0.920675
    28 1.539106 0.000000 0.000001 0.040823 -0.064360 -1.308311
    29 1.196321 -0.000004 -0.000002 0.003611 0.012231 -1.196050
    30 3.883663 -0.050304 -0.431042 -0.106388 -0.058782 -0.784527
    31 1.719584 0.000002 0.000006 -0.006657 -0.018596 -1.384683
    32 1.209183 0.000004 0.000006 0.006366 -0.004577 -1.241195
    33 3.859833 -0.148919 -1.331283 -0.228333 0.068607 -0.200237
    34 1.719427 0.000008 0.000011 -0.019224 0.002579 -0.095204
    35 1.099665 0.000002 0.000008 0.090646 -0.097080 -0.116013
    36 0.806023 -0.359832 -1.318336 1.259601 0.393269 -0.639669
    37 1.789780 -0.000006 -0.000006 0.000214 0.018707 -0.021124
    38 1.207001 -0.000002 -0.000006 0.000843 -0.005383 0.194653
    39 -9.877744 -19.151149 -0.510466 1.116031 -0.561150 0.330588
    40 0.000007 -1.946088 0.068031 0.000000 0.000000 0.000000
    41 0.042977 -7.384719 -1.960732 0.063842 0.007288 0.003535
    42 -0.000028 1.420049 -7.723435 0.000000 0.000000 0.000000
    43 -9.614098 0.000005 38.566917 1.570796 0.000000 -1.570796
  time 77
    0 0.000000 -0.000006 0.000000 -1.570781 -1.391896 -1.570809
    1 -7.253906 8.789063 1.904297 1.596636 -1.286515 2.942963
    2 6.028145 0.000003 0.000002 -0.676825 -0.595893 -1.757119
    3 11.692553 0.000081 -0.000005 -0.000051 0.000036 -1.856115
    4 11.481672 -0.000089 -0.000024 2.318569 -0.427999 0.704413
    5 3.990234 0.035553 -1.226563 -0.549972 0.217474 -1.567222
    6 1.312563 -0.000008 0.000006 -0.202768 0.286666 -1.053673
    7 0.729362 -0.000004 0.000003 -0.229884 0.237479 -0.866641
    8 4.074219 0.224731 -0.466309 -0.227691 0.144798 -1.491252
    9 1.539093 0.000006 -0.000007 -0.087094 0.128361 -0.914634
    10 1.196323 -0.000004 0.000002 -0.094567 0.086443 -1.100504
    11 4.015625 0.131104 0.396484 0.028218 0.108475 -1.263620
    12 1.719578 -0.000011 0.000009 -0.022565 -0.003211 -1.044582
    13 1.209183 -0.000004 0.000003 0.021375 -0.014461 -0.893325
    14 3.990234 0.040009 1.296875 0.302003 0.047077 -1.203834
    15 1.719431 0.000002 -0.000004 0.058707 -0.163359 -1.023495
    16 1.099676 -0.000006 0.000004 0.136667 -0.151860 -0.901023
    17 0.806042 -0.348928 1.321258 -1.066177 -0.729871 -0.292772
    18 1.789782 0.000002 -0.000006 -0.000613 0.000982 0.473992
    19 1.206999 0.000000 -0.000002 -0.000154 -0.000025 0.621592
    20 -1.810547 -1.376953 -8.546875 -1.668474 1.286518 2.942953
    21 6.028141 0.000000 -0.000002 1.090132 0.871982 -1.390267
    22 11.692554 0.000000 -0.000001 -0.000002 0.000000 -1.346542
    23 11.481705 -0.000001 -0.000008 -0.901112 0.526850 0.316175
    24 3.859676 -0.132545 1.193109 0.473563 -0.219108 -1.143529
    25 1.312559 -0.000004 -0.000001 0.047900 -0.090990 -1.111184
    26 0.729367 0.000000 -0.000001 0.013393 0.015514 -0.841309
    27 3.942295 0.050347 0.431044 0.145899 -0.109044 -0.920675
    28 1.539106 0.000000 0.000001 0.040823 -0.064360 -1.308311
    29 1.196321 -0.000004 -0.000002 0.003611 0.012231 -1.196050
    30 3.883663 -0.050304 -0.431042 -0.106388 -0.058782 -0.784527
    31 1.719584 0.000002 0.000006 -0.006657 -0.018596 -1.384683
    32 1.209183 0.000004 0.000006 0.006366 -0.004577 -1.241195
    33 3.859833 -0.148919 -1.331283 -0.228333 0.068607 -0.200237
    34 1.719427 0.000008 0.000011 -0.019224 0.002579 -0.095204
    35 1.099665 0.000002 0.000008 0.090646 -0.097080 -0.116013
    36 0.806023 -0.359832 -1.318336 1.257779 0.389438 -0.645014
    37 1.789780 -0.000006 -0.000006 0.000441 0.018215 -0.020297
    38 1.207001 -0.000002 -0.000006 0.001035 -0.005359 0.194785
    39 -9.807430 -19.143336 -0.487028 1.123505 -0.563097 0.323659
    40 0.000007 -1.946088 0.068031 0.000000 0.000000 0.000000
    41 0.023445 -7.365187 -1.960732 0.063638 0.007886 -0.001894
    42 -0.000028 1.420049 -7.723435 0.000000 0.000000 0.000000
    43 -9.614098 0.000005 38.566917 1.570796 0.000000 -1.570796
  time 78
    0 0.000000 -0.000006 0.000000 -1.570781 -1.391896 -1.570809
    1 -7.253906 8.789063 1.904297 1.596636 -1.286515 2.942963
    2 6.028145 0.000003 0.000002 -0.665089 -0.601371 -1.771887
    3 11.692553 0.000081 -0.000005 -0.000051 0.000036 -1.855362
    4 11.481672 -0.000089 -0.000024 2.314971 -0.427331 0.721024
    5 3.990234 0.035553 -1.226563 -0.549972 0.217474 -1.567222
    6 1.312563 -0.000008 0.000006 -0.202768 0.286666 -1.053673
    7 0.729362 -0.000004 0.000003 -0.229884 0.237479 -0.866641
    8 4.074219 0.224731 -0.466309 -0.227691 0.144798 -1.491252
    9 1.539093 0.000006 -0.000007 -0.087094 0.128361 -0.914634
    10 1.196323 -0.000004 0.000002 -0.094567 0.086443 -1.100504
    11 4.015625 0.131104 0.396484 0.028218 0.108475 -1.263620
    12 1.719578 -0.000011 0.000009 -0.022565 -0.003211 -1.044616
    13 1.209183 -0.000004 0.000003 0.021375 -0.014461 -0.893325
    14 3.990234 0.040009 1.296875 0.302003 0.047077 -1.203834
    15 1.719431 0.000002 -0.000004 0.058707 -0.163359 -1.023495
    16 1.099676 -0.000006 0.000004 0.136667 -0.151860 -0.901023
    17 0.806042 -0.348928 1.321258 -1.066177 -0.729871 -0.292772
    18 1.789782 0.000002 -0.000006 -0.000613 0.000982 0.473992
    19 1.206999 0.000000 -0.000002 -0.000166 -0.000025 0.621592
    20 -1.810547 -1.376953 -8.546875 -1.668474 1.286518 2.942953
    21 6.028141 0.000000 -0.000002 1.083948 0.871982 -1.396139
    22 11.692554 0.000000 -0.000001 -0.000002 0.000000 -1.349579
    23 11.481705 -0.000001 -0.000008 -0.902325 0.532899 0.327911
    24 3.859676 -0.132545 1.193109 0.473563 -0.219108 -1.143529
    25 1.312559 -0.000004 -0.000001 0.047900 -0.090990 -1.111184
    26 0.729367 0.000000 -0.000001 0.013393 0.015514 -0.841309
    27 3.942295 0.050347 0.431044 0.145899 -0.109044 -0.920675
    28 1.539106 0.000000 0.000001 0.040823 -0.064360 -1.308311
    29 1.196321 -0.000004 -0.000002 0.003611 0.012231 -1.196050
    30 3.883663 -0.050304 -0.431042 -0.106388 -0.058782 -0.784527
    31 1.719584 0.000002 0.000006 -0.006657 -0.018596 -1.384683
    32 1.209183 0.000004 0.000006 0.006366 -0.004577 -1.241195
    33 3.859833 -0.148919 -1.331283 -0.228333 0.068607 -0.200237
    34 1.719427 0.000008 0.000011 -0.019224 0.002579 -0.095204
    35 1.099665 0.000002 0.000008 0.090646 -0.097080 -0.116013
    36 0.806023 -0.359832 -1.318336 1.255754 0.385580 -0.651042
    37 1.789780 -0.000006 -0.000006 0.000705 0.017508 -0.019482
    38 1.207001 -0.000002 -0.000006 0.001226 -0.005335 0.194890
    39 -9.748834 -19.131617 -0.467496 1.131534 -0.564382 0.315083
    40 0.000007 -1.946088 0.068031 0.000000 0.000000 0.000000
    41 0.015633 -7.173775 -1.952920 0.060714 0.007548 -0.001810
    42 -0.000028 1.420049 -7.723435 0.000000 0.000000 0.000000
    43 -9.614098 0.000005 38.566917 1.570796 0.000000 -1.570796
  time 79
    0 0.000000 -0.000006 0.000000 -1.570781 -1.391896 -1.570809
    1 -7.253906 8.789063 1.904297 1.596636 -1.286515 2.942963
    2 6.028145 0.000003 0.000002 -0.635127 -0.614055 -1.809460
    3 11.692553 0.000081 -0.000005 -0.000051 0.000036 -1.843687
    4 11.481672 -0.000089 -0.000024 2.316095 -0.428939 0.742359
    5 3.990234 0.035553 -1.226563 -0.549972 0.217474 -1.567222
    6 1.312563 -0.000008 0.000006 -0.202768 0.286666 -1.053673
    7 0.729362 -0.000004 0.000003 -0.229884 0.237479 -0.866641
    8 4.074219 0.224731 -0.466309 -0.227691 0.144798 -1.491252
    9 1.539093 0.000006 -0.000007 -0.087094 0.128361 -0.914634
    10 1.196323 -0.000004 0.000002 -0.094567 0.086443 -1.100504
    11 4.015625 0.131104 0.396484 0.028218 0.108475 -1.263620
    12 1.719578 -0.000011 0.000009 -0.022565 -0.003211 -1.044616
    13 1.209183 -0.000004 0.000003 0.021375 -0.014461 -0.893325
    14 3.990234 0.040009 1.296875 0.302003 0.047077 -1.203834
    15 1.719431 0.000002 -0.000004 0.058707 -0.163359 -1.023495
    16 1.099676 -0.000006 0.000004 0.136667 -0.151860 -0.901023
    17 0.806042 -0.348928 1.321258 -1.069197 -0.731812 -0.292985
    18 1.789782 0.000002 -0.000006 -0.000517 0.000490 0.468479
    19 1.206999 0.000000 -0.000002 -0.000094 -0.000025 0.617147
    20 -1.810547 -1.376953 -8.546875 -1.668474 1.286518 2.942953
    21 6.028141 0.000000 -0.000002 1.076936 0.871241 -1.402683
    22 11.692554 0.000000 -0.000001 -0.000002 0.000000 -1.351453
    23 11.481705 -0.000001 -0.000008 -0.903992 0.540852 0.338109
    24 3.859676 -0.132545 1.193109 0.473563 -0.219108 -1.143529
    25 1.312559 -0.000004 -0.000001 0.047900 -0.090990 -1.111184
    26 0.729367 0.000000 -0.000001 0.013393 0.015514 -0.841309
    27 3.942295 0.050347 0.431044 0.145899 -0.109044 -0.920675
    28 1.539106 0.000000 0.000001 0.040823 -0.064360 -1.308311
    29 1.196321 -0.000004 -0.000002 0.003611 0.012231 -1.196050
    30 3.883663 -0.050304 -0.431042 -0.106388 -0.058782 -0.784527
    31 1.719584 0.000002 0.000006 -0.006657 -0.018596 -1.384683
    32 1.209183 0.000004 0.000006 0.006366 -0.004577 -1.241195
    33 3.859833 -0.148919 -1.331283 -0.228333 0.068607 -0.200237
    34 1.719427 0.000008 0.000011 -0.019224 0.002579 -0.095204
    35 1.099665 0.000002 0.000008 0.090646 -0.097080 -0.116013
    36 0.806023 -0.359832 -1.318336 1.253669 0.381979 -0.657346
    37 1.789780 -0.000006 -0.000006 0.001005 0.016586 -0.018763
    38 1.207001 -0.000002 -0.000006 0.001394 -0.005311 0.194995
    39 -9.690238 -19.119898 -0.471402 1.139615 -0.565832 0.305203
    40 0.000007 -1.946088 0.068031 0.000000 0.000000 0.000000
    41 0.007820 -6.716730 -1.925575 0.053415 0.006659 -0.001594
    42 -0.000028 1.420049 -7.723435 0.000000 0.000000 0.000000
    43 -9.614098 0.000005 38.566917 1.570796 0.000000 -1.570796
  time 80
    0 0.000000 -0.000006 0.000000 -1.570781 -1.391896 -1.570809
    1 -7.253906 8.789063 1.904297 1.596636 -1.286515 2.942963
    2 6.028145 0.000003 0.000002 -0.594240 -0.629295 -1.860931
    3 11.692553 0.000081 -0.000005 -0.000051 0.000036 -1.824167
    4 11.481672 -0.000089 -0.000024 2.319993 -0.430760 0.764345
    5 3.990234 0.035553 -1.226563 -0.549972 0.217474 -1.567222
    6 1.312563 -0.000008 0.000006 -0.202768 0.286666 -1.053673
    7 0.729362 -0.000004 0.000003 -0.229884 0.237479 -0.866641
    8 4.074219 0.224731 -0.466309 -0.227691 0.144798 -1.491252
    9 1.539093 0.000006 -0.000007 -0.087094 0.128361 -0.914634
    10 1.196323 -0.000004 0.000002 -0.094567 0.086443 -1.100504
    11 4.015625 0.131104 0.396484 0.028218 0.108475 -1.263620
    12 1.719578 -0.000011 0.000009 -0.022565 -0.003211 -1.044616
    13 1.209183 -0.000004 0.000003 0.021375 -0.014461 -0.893325
    14 3.990234 0.040009 1.296875 0.302003 0.047077 -1.203834
    15 1.719431 0.000002 -0.000004 0.058707 -0.163359 -1.023495
    16 1.099676 -0.000006 0.000004 0.136667 -0.151860 -0.901023
    17 0.806042 -0.348928 1.321258 -1.077910 -0.737325 -0.293558
    18 1.789782 0.000002 -0.000006 -0.000242 -0.000900 0.452744
    19 1.206999 0.000000 -0.000002 0.000086 -0.000025 0.604544
    20 -1.810547 -1.376953 -8.546875 -1.668474 1.286518 2.942953
    21 6.028141 0.000000 -0.000002 1.068521 0.869084 -1.410149
    22 11.692554 0.000000 -0.000001 -0.000002 0.000000 -1.351711
    23 11.481705 -0.000001 -0.000008 -0.906518 0.551269 0.345544
    24 3.859676 -0.132545 1.193109 0.473563 -0.219108 -1.143529
    25 1.312559 -0.000004 -0.000001 0.047900 -0.090990 -1.111184
    26 0.729367 0.000000 -0.000001 0.013393 0.015514 -0.841309
    27 3.942295 0.050347 0.431044 0.145899 -0.109044 -0.920675
    28 1.539106 0.000000 0.000001 0.040823 -0.064360 -1.308311
    29 1.196321 -0.000004 -0.000002 0.003611 0.012231 -1.196050
    30 3.883663 -0.050304 -0.431042 -0.106388 -0.058782 -0.784527
    31 1.719584 0.000002 0.000006 -0.006657 -0.018596 -1.384683
    32 1.209183 0.000004 0.000006 0.006366 -0.004577 -1.241226
    33 3.859833 -0.148919 -1.331283 -0.228333 0.068607 -0.200237
    34 1.719427 0.000008 0.000011 -0.019224 0.002579 -0.095204
    35 1.099665 0.000002 0.000008 0.090646 -0.097080 -0.116013
    36 0.806023 -0.359832 -1.318336 1.251679 0.378987 -0.663518
    37 1.789780 -0.000006 -0.000006 0.001316 0.015399 -0.018260
    38 1.207001 -0.000002 -0.000006 0.001514 -0.005287 0.195074
    39 -9.616017 -19.108178 -0.510466 1.147644 -0.567406 0.294088
    40 0.000007 -1.946088 0.068031 0.000000 0.000000 0.000000
    41 0.003914 -6.083898 -1.890418 0.043216 0.005385 -0.001294
    42 -0.000028 1.420049 -7.723435 0.000000 0.000000 0.000000
    43 -9.614098 0.000005 38.566917 1.570796 0.000000 -1.570796
  time 81
    0 0.000000 -0.000006 0.000000 -1.570781 -1.391896 -1.570809
    1 -7.253906 8.789063 1.904297 1.596636 -1.286515 2.942963
    2 6.028145 0.000003 0.000002 -0.548973 -0.643407 -1.918412
    3 11.692553 0.000081 -0.000005 -0.000051 0.000036 -1.799374
    4 11.481672 -0.000089 -0.000024 2.324903 -0.431458 0.783358
    5 3.990234 0.035553 -1.226563 -0.549972 0.217474 -1.567222
    6 1.312563 -0.000008 0.000006 -0.202768 0.286666 -1.053673
    7 0.729362 -0.000004 0.000003 -0.229884 0.237479 -0.866641
    8 4.074219 0.224731 -0.466309 -0.227691 0.144798 -1.491252
    9 1.539093 0.000006 -0.000007 -0.087094 0.128361 -0.914634
    10 1.196323 -0.000004 0.000002 -0.094567 0.086443 -1.100504
    11 4.015625 0.131104 0.396484 0.028218 0.108475 -1.263620
    12 1.719578 -0.000011 0.000009 -0.022565 -0.003211 -1.044616
    13 1.209183 -0.000004 0.000003 0.021375 -0.014461 -0.893325
    14 3.990234 0.040009 1.296875 0.302003 0.047077 -1.203834
    15 1.719431 0.000002 -0.000004 0.058707 -0.163359 -1.023495
    16 1.099676 -0.000006 0.000004 0.136667 -0.151860 -0.901023
    17 0.806042 -0.348928 1.321258 -1.091824 -0.745978 -0.294327
    18 1.789782 0.000002 -0.000006 0.000238 -0.003093 0.428019
    19 1.206999 0.000000 -0.000002 0.000397 -0.000037 0.584724
    20 -1.810547 -1.376953 -8.546875 -1.668474 1.286518 2.942953
    21 6.028141 0.000000 -0.000002 1.059151 0.865188 -1.418202
    22 11.692554 0.000000 -0.000001 -0.000002 0.000000 -1.350225
    23 11.481705 -0.000001 -0.000008 -0.909751 0.564038 0.349561
    24 3.859676 -0.132545 1.193109 0.473563 -0.219108 -1.143529
    25 1.312559 -0.000004 -0.000001 0.047900 -0.090990 -1.111184
    26 0.729367 0.000000 -0.000001 0.013393 0.015514 -0.841309
    27 3.942295 0.050347 0.431044 0.145899 -0.109044 -0.920675
    28 1.539106 0.000000 0.000001 0.040823 -0.064360 -1.308311
    29 1.196321 -0.000004 -0.000002 0.003611 0.012231 -1.196050
    30 3.883663 -0.050304 -0.431042 -0.106388 -0.058782 -0.784527
    31 1.719584 0.000002 0.000006 -0.006657 -0.018596 -1.384683
    32 1.209183 0.000004 0.000006 0.006366 -0.004577 -1.241195
    33 3.859833 -0.148919 -1.331283 -0.228333 0.068607 -0.200237
    34 1.719427 0.000008 0.000011 -0.019224 0.002579 -0.095204
    35 1.099665 0.000002 0.000008 0.090646 -0.097080 -0.116013
    36 0.806023 -0.359832 -1.318336 1.249905 0.376902 -0.669139
    37 1.789780 -0.000006 -0.000006 0.001628 0.013937 -0.018068
    38 1.207001 -0.000002 -0.000006 0.001562 -0.005263 0.195101
    39 -9.533984 -19.096459 -0.596406 1.155472 -0.569064 0.281944
    40 0.000007 -1.946088 0.068031 0.000000 0.000000 0.000000
    41 0.000007 -5.361220 -1.851354 0.031567 0.003943 -0.000947
    42 -0.000028 1.420049 -7.723435 0.000000 0.000000 0.000000
    43 -9.614098 0.000005 38.566917 1.570796 0.000000 -1.570796
  time 82
    0 0.000000 -0.000006 0.000000 -1.570781 -1.391896 -1.570809
    1 -7.253906 8.789063 1.904297 1.596636 -1.286515 2.942963
    2 6.028145 0.000003 0.000002 -0.517604 -0.643141 -1.952292
    3 11.692553 0.000081 -0.000005 -0.000051 0.000036 -1.778786
    4 11.481672 -0.000089 -0.000024 2.329963 -0.431549 0.783155
    5 3.990234 0.035553 -1.226563 -0.549972 0.217474 -1.567222
    6 1.312563 -0.000008 0.000006 -0.202768 0.286666 -1.053673
    7 0.729362 -0.000004 0.000003 -0.229884 0.237479 -0.866641
    8 4.074219 0.224731 -0.466309 -0.227691 0.144798 -1.491252
    9 1.539093 0.000006 -0.000007 -0.087094 0.128361 -0.914634
    10 1.196323 -0.000004 0.000002 -0.094567 0.086443 -1.100504
    11 4.015625 0.131104 0.396484 0.028218 0.108475 -1.263620
    12 1.719578 -0.000011 0.000009 -0.022565 -0.003211 -1.044616
    13 1.209183 -0.000004 0.000003 0.021375 -0.014461 -0.893325
    14 3.990234 0.040009 1.296875 0.302003 0.047077 -1.203834
    15 1.719431 0.000002 -0.000004 0.058707 -0.163359 -1.023495
    16 1.099676 -0.000006 0.000004 0.136667 -0.151860 -0.901023
    17 0.806042 -0.348928 1.321258 -1.110496 -0.757314 -0.295129
    18 1.789782 0.000002 -0.000006 0.000957 -0.005957 0.395481
    19 1.206999 0.000000 -0.000002 0.000793 -0.000037 0.558707
    20 -1.810547 -1.376953 -8.546875 -1.668474 1.286518 2.942953
    21 6.028141 0.000000 -0.000002 1.051055 0.848607 -1.421894
    22 11.692554 0.000000 -0.000001 -0.000002 0.000000 -1.341696
    23 11.481705 -0.000001 -0.000008 -0.915662 0.581792 0.332669
    24 3.859676 -0.132545 1.193109 0.473563 -0.219108 -1.143529
    25 1.312559 -0.000004 -0.000001 0.047900 -0.090990 -1.111184
    26 0.729367 0.000000 -0.000001 0.013393 0.015514 -0.841309
    27 3.942295 0.050347 0.431044 0.145899 -0.109044 -0.920675
    28 1.539106 0.000000 0.000001 0.040823 -0.064360 -1.308311
    29 1.196321 -0.000004 -0.000002 0.003611 0.012231 -1.196050
    30 3.883663 -0.050304 -0.431042 -0.106388 -0.058782 -0.784527
    31 1.719584 0.000002 0.000006 -0.006657 -0.018596 -1.384683
    32 1.209183 0.000004 0.000006 0.006366 -0.004577 -1.241195
    33 3.859833 -0.148919 -1.331283 -0.228333 0.068607 -0.200237
    34 1.719427 0.000008 0.000011 -0.019224 0.002579 -0.095204
    35 1.099665 0.000002 0.000008 0.090646 -0.097080 -0.116013
    36 0.806023 -0.359832 -1.318336 1.248311 0.376957 -0.674257
    37 1.789780 -0.000006 -0.000006 0.001904 0.012187 -0.021076
    38 1.207001 -0.000002 -0.000006 0.001562 -0.005215 0.186223
    39 -9.444137 -19.080834 -0.979230 1.163047 -0.570762 0.268771
    40 0.000007 -1.946088 0.068031 0.000000 0.000000 0.000000
    41 0.000007 -4.646354 -1.808384 0.019954 0.002485 -0.000599
    42 -0.000028 1.420049 -7.723435 0.000000 0.000000 0.000000
    43 -9.614098 0.000005 38.566917 1.570796 0.000000 -1.570796
  time 83
    0 0.000000 -0.000006 0.000000 -1.570781 -1.391896 -1.570809
    1 -7.253906 8.789063 1.904297 1.596636 -1.286515 2.942963
    2 6.028145 0.000003 0.000002 -0.509654 -0.628997 -1.950627
    3 11.692553 0.000081 -0.000005 -0.000051 0.000036 -1.767363
    4 11.481672 -0.000089 -0.000024 2.334761 -0.426603 0.759703
    5 3.990234 0.035553 -1.226563 -0.549972 0.217474 -1.567222
    6 1.312563 -0.000008 0.000006 -0.202768 0.286666 -1.053673
    7 0.729362 -0.000004 0.000003 -0.229884 0.237479 -0.866641
    8 4.074219 0.224731 -0.466309 -0.227691 0.144798 -1.491252
    9 1.539093 0.000006 -0.000007 -0.087094 0.128361 -0.914634
    10 1.196323 -0.000004 0.000002 -0.094567 0.086443 -1.100504
    11 4.015625 0.131104 0.396484 0.028218 0.108475 -1.263620
    12 1.719578 -0.000011 0.000009 -0.022565 -0.003211 -1.044616
    13 1.209183 -0.000004 0.000003 0.021375 -0.014461 -0.893325
    14 3.990234 0.040009 1.296875 0.302003 0.047077 -1.203834
    15 1.719431 0.000002 -0.000004 0.058707 -0.163359 -1.023495
    16 1.099676 -0.000006 0.000004 0.136667 -0.151860 -0.901023
    17 0.806042 -0.348928 1.321258 -1.133507 -0.770887 -0.295702
    18 1.789782 0.000002 -0.000006 0.001939 -0.009373 0.356352
    19 1.206999 0.000000 -0.000002 0.001272 -0.000025 0.527461
    20 -1.810547 -1.376953 -8.546875 -1.668474 1.286518 2.942953
    21 6.028141 0.000000 -0.000002 1.043405 0.820500 -1.421977
    22 11.692554 0.000000 -0.000001 -0.000002 0.000000 -1.321148
    23 11.481705 -0.000001 -0.000008 -0.925311 0.606631 0.288146
    24 3.859676 -0.132545 1.193109 0.473563 -0.219108 -1.143529
    25 1.312559 -0.000004 -0.000001 0.047900 -0.090990 -1.111184
    26 0.729367 0.000000 -0.000001 0.013393 0.015514 -0.841309
    27 3.942295 0.050347 0.431044 0.145899 -0.109044 -0.920675
    28 1.539106 0.000000 0.000001 0.040823 -0.064360 -1.308311
    29 1.196321 -0.000004 -0.000002 0.003611 0.012231 -1.196050
    30 3.883663 -0.050304 -0.431042 -0.106388 -0.058782 -0.784527
    31 1.719584 0.000002 0.000006 -0.006657 -0.018596 -1.384683
    32 1.209183 0.000004 0.000006 0.006366 -0.004577 -1.241195
    33 3.859833 -0.148919 -1.331283 -0.228333 0.068607 -0.200237
    34 1.719427 0.000008 0.000011 -0.019224 0.002579 -0.095204
    35 1.099665 0.000002 0.000008 0.090646 -0.097080 -0.116013
    36 0.806023 -0.359832 -1.318336 1.246765 0.379664 -0.679218
    37 1.789780 -0.000006 -0.000006 0.002155 0.010234 -0.029130
    38 1.207001 -0.000002 -0.000006 0.001586 -0.005096 0.162382
    39 -9.354291 -19.069115 -1.690190 1.167188 -0.572502 0.254706
    40 0.000007 -1.946088 0.068031 0.000000 0.000000 0.000000
    41 0.000007 -4.021335 -1.773227 0.009851 0.001227 -0.000288
    42 -0.000028 1.420049 -7.723435 0.000000 0.000000 0.000000
    43 -9.614098 0.000005 38.566917 1.570796 0.000000 -1.570796
  time 84
    0 0.000000 -0.000006 0.000000 -1.570781 -1.391896 -1.570809
    1 -7.253906 8.789063 1.904297 1.596636 -1.286515 2.942963
    2 6.028145 0.000003 0.000002 -0.516036 -0.615350 -1.933035
    3 11.692553 0.000081 -0.000005 -0.000051 0.000036 -1.761463
    4 11.481672 -0.000089 -0.000024 2.337760 -0.411493 0.730104
    5 3.990234 0.035553 -1.226563 -0.549972 0.217474 -1.567222
    6 1.312563 -0.000008 0.000006 -0.202768 0.286666 -1.053673
    7 0.729362 -0.000004 0.000003 -0.229884 0.237479 -0.866641
    8 4.074219 0.224731 -0.466309 -0.227691 0.144798 -1.491252
    9 1.539093 0.000006 -0.000007 -0.087094 0.128361 -0.914634
    10 1.196323 -0.000004 0.000002 -0.094567 0.086443 -1.100504
    11 4.015625 0.131104 0.396484 0.028218 0.108475 -1.263620
    12 1.719578 -0.000011 0.000009 -0.022565 -0.003211 -1.044616
    13 1.209183 -0.000004 0.000003 0.021375 -0.014461 -0.893325
    14 3.990234 0.040009 1.296875 0.302003 0.047077 -1.203834
    15 1.719431 0.000002 -0.000004 0.058707 -0.163359 -1.023495
    16 1.099676 -0.000006 0.000004 0.136667 -0.151860 -0.901023
    17 0.806042 -0.348928 1.321258 -1.160436 -0.786254 -0.295849
    18 1.789782 0.000002 -0.000006 0.003234 -0.013208 0.311877
    19 1.206999 0.000000 -0.000002 0.001812 -0.000001 0.491979
    20 -1.810547 -1.376953 -8.546875 -1.668474 1.286518 2.942953
    21 6.028141 0.000000 -0.000002 1.033078 0.797512 -1.425585
    22 11.692554 0.000000 -0.000001 -0.000002 0.000000 -1.292200
    23 11.481705 -0.000001 -0.000008 -0.936982 0.635754 0.235903
    24 3.859676 -0.132545 1.193109 0.473563 -0.219108 -1.143529
    25 1.312559 -0.000004 -0.000001 0.047900 -0.090990 -1.111184
    26 0.729367 0.000000 -0.000001 0.013393 0.015514 -0.841309
    27 3.942295 0.050347 0.431044 0.145899 -0.109044 -0.920675
    28 1.539106 0.000000 0.000001 0.040823 -0.064360 -1.308311
    29 1.196321 -0.000004 -0.000002 0.003611 0.012231 -1.196050
    30 3.883663 -0.050304 -0.431042 -0.106388 -0.058782 -0.784527
    31 1.719584 0.000002 0.000006 -0.006657 -0.018596 -1.384683
    32 1.209183 0.000004 0.000006 0.006366 -0.004577 -1.241195
    33 3.859833 -0.148919 -1.331283 -0.228333 0.068607 -0.200237
    34 1.719427 0.000008 0.000011 -0.019224 0.002579 -0.095204
    35 1.099665 0.000002 0.000008 0.090646 -0.097080 -0.116013
    36 0.806023 -0.359832 -1.318336 1.245207 0.384253 -0.684108
    37 1.789780 -0.000006 -0.000006 0.002395 0.008196 -0.040791
    38 1.207001 -0.000002 -0.000006 0.001610 -0.004952 0.127845
    39 -9.260538 -19.053489 -2.369898 1.165824 -0.574243 0.239955
    40 0.000007 -1.946088 0.068031 0.000000 0.000000 0.000000
    41 0.000007 -3.579915 -1.749789 0.002697 0.000338 -0.000072
    42 -0.000028 1.420049 -7.723435 0.000000 0.000000 0.000000
    43 -9.614098 0.000005 38.566917 1.570796 0.000000 -1.570796
  time 85
    0 0.000000 -0.000006 0.000000 -1.570781 -1.391896 -1.570809
    1 -7.253906 8.789063 1.904297 1.596636 -1.286515 2.942963
    2 6.028145 0.000003 0.000002 -0.527231 -0.613557 -1.919353
    3 11.692553 0.000081 -0.000005 -0.000051 0.000036 -1.758826
    4 11.481672 -0.000089 -0.000024 2.336073 -0.385704 0.713736
    5 3.990234 0.035553 -1.226563 -0.549972 0.217474 -1.567222
    6 1.312563 -0.000008 0.000006 -0.202768 0.286666 -1.053673
    7 0.729362 -0.000004 0.000003 -0.229884 0.237479 -0.866641
    8 4.074219 0.224731 -0.466309 -0.227691 0.144798 -1.491252
    9 1.539093 0.000006 -0.000007 -0.087094 0.128361 -0.914634
    10 1.196323 -0.000004 0.000002 -0.094567 0.086443 -1.100504
    11 4.015625 0.131104 0.396484 0.028218 0.108475 -1.263620
    12 1.719578 -0.000011 0.000009 -0.022565 -0.003211 -1.044616
    13 1.209183 -0.000004 0.000003 0.021375 -0.014461 -0.893325
    14 3.990234 0.040009 1.296875 0.302003 0.047077 -1.203834
    15 1.719431 0.000002 -0.000004 0.058707 -0.163359 -1.023495
    16 1.099676 -0.000006 0.000004 0.136667 -0.151860 -0.901023
    17 0.806042 -0.348928 1.321258 -1.190829 -0.802914 -0.295326
    18 1.789782 0.000002 -0.000006 0.004828 -0.017307 0.263327
    19 1.206999 0.000000 -0.000002 0.002411 0.000059 0.453333
    20 -1.810547 -1.376953 -8.546875 -1.668474 1.286518 2.942953
    21 6.028141 0.000000 -0.000002 1.020839 0.790848 -1.435232
    22 11.692554 0.000000 -0.000001 -0.000002 0.000000 -1.269326
    23 11.481705 -0.000001 -0.000008 -0.947439 0.663701 0.203743
    24 3.859676 -0.132545 1.193109 0.473563 -0.219108 -1.143529
    25 1.312559 -0.000004 -0.000001 0.047900 -0.090990 -1.111184
    26 0.729367 0.000000 -0.000001 0.013393 0.015514 -0.841309
    27 3.942295 0.050347 0.431044 0.145899 -0.109044 -0.920675
    28 1.539106 0.000000 0.000001 0.040823 -0.064360 -1.308311
    29 1.196321 -0.000004 -0.000002 0.003611 0.012231 -1.196050
    30 3.883663 -0.050304 -0.431042 -0.106388 -0.058782 -0.784527
    31 1.719584 0.000002 0.000006 -0.006657 -0.018596 -1.384683
    32 1.209183 0.000004 0.000006 0.006366 -0.004577 -1.241195
    33 3.859833 -0.148919 -1.331283 -0.228333 0.068607 -0.200237
    34 1.719427 0.000008 0.000011 -0.019224 0.002579 -0.095204
    35 1.099665 0.000002 0.000008 0.090646 -0.097080 -0.116013
    36 0.806023 -0.359832 -1.318336 1.243613 0.389966 -0.688986
    37 1.789780 -0.000006 -0.000006 0.002635 0.006183 -0.054633
    38 1.207001 -0.000002 -0.000006 0.001622 -0.004772 0.086855
    39 -9.186317 -19.037864 -2.674595 1.160421 -0.575941 0.224517
    40 0.000007 -1.946088 0.068031 0.000000 0.000000 0.000000
    41 0.000007 -3.415848 -1.741976 0.000000 0.000000 0.000000
    42 -0.000028 1.420049 -7.723435 0.000000 0.000000 0.000000
    43 -9.614098 0.000005 38.566917 1.570796 0.000000 -1.570796
  time 86
    0 0.000000 -0.000006 0.000000 -1.570781 -1.391896 -1.570809
    1 -7.253906 8.789063 1.904297 1.596636 -1.286515 2.942963
    2 6.028145 0.000003 0.000002 -0.537183 -0.622456 -1.915444
    3 11.692553 0.000081 -0.000005 -0.000051 0.000036 -1.754872
    4 11.481672 -0.000089 -0.000024 2.331538 -0.353300 0.708932
    5 3.990234 0.035553 -1.226563 -0.549972 0.217474 -1.567222
    6 1.312563 -0.000008 0.000006 -0.202768 0.286666 -1.053673
    7 0.729362 -0.000004 0.000003 -0.229884 0.237479 -0.866641
    8 4.074219 0.224731 -0.466309 -0.227691 0.144798 -1.491252
    9 1.539093 0.000006 -0.000007 -0.087082 0.128361 -0.914634
    10 1.196323 -0.000004 0.000002 -0.094567 0.086443 -1.100504
    11 4.015625 0.131104 0.396484 0.028218 0.108475 -1.263620
    12 1.719578 -0.000011 0.000009 -0.022565 -0.003211 -1.044616
    13 1.209183 -0.000004 0.000003 0.021375 -0.014461 -0.893325
    14 3.990234 0.040009 1.296875 0.302003 0.047077 -1.203834
    15 1.719431 0.000002 -0.000004 0.058707 -0.163359 -1.023495
    16 1.099676 -0.000006 0.000004 0.136667 -0.151860 -0.901023
    17 0.806042 -0.348928 1.321258 -1.224206 -0.820369 -0.293967
    18 1.789782 0.000002 -0.000006 0.006721 -0.021561 0.212057
    19 1.206999 0.000000 -0.000002 0.003022 0.000143 0.412516
    20 -1.810547 -1.376953 -8.546875 -1.668474 1.286518 2.942953
    21 6.028141 0.000000 -0.000002 1.008727 0.795967 -1.448235
    22 11.692554 0.000000 -0.000001 -0.000002 0.000000 -1.255046
    23 11.481705 -0.000001 -0.000008 -0.956583 0.689632 0.190383
    24 3.859676 -0.132545 1.193109 0.473563 -0.219108 -1.143529
    25 1.312559 -0.000004 -0.000001 0.047900 -0.090990 -1.111184
    26 0.729367 0.000000 -0.000001 0.013393 0.015514 -0.841309
    27 3.942295 0.050347 0.431044 0.145899 -0.109044 -0.920675
    28 1.539106 0.000000 0.000001 0.040823 -0.064360 -1.308311
    29 1.196321 -0.000004 -0.000002 0.003611 0.012231 -1.196050
    30 3.883663 -0.050304 -0.431042 -0.106388 -0.058782 -0.784527
    31 1.719584 0.000002 0.000006 -0.006657 -0.018596 -1.384683
    32 1.209183 0.000004 0.000006 0.006366 -0.004577 -1.241195
    33 3.859833 -0.148919 -1.331283 -0.228333 0.068607 -0.200237
    34 1.719427 0.000008 0.000011 -0.019224 0.002579 -0.095204
    35 1.099665 0.000002 0.000008 0.090646 -0.097080 -0.116013
    36 0.806023 -0.359832 -1.318336 1.241948 0.396031 -0.693899
    37 1.789780 -0.000006 -0.000006 0.002874 0.004301 -0.069182
    38 1.207001 -0.000002 -0.000006 0.001634 -0.004592 0.043704
    39 -9.135534 -19.022238 -2.662876 1.152341 -0.577557 0.208531
    40 0.000007 -1.946088 0.068031 0.000000 0.000000 0.000000
    41 0.000007 -3.415848 -1.741976 0.000000 0.000000 0.000000
    42 -0.000028 1.420049 -7.723435 0.000000 0.000000 0.000000
    43 -9.614098 0.000005 38.566917 1.570796 0.000000 -1.570796
  time 87
    0 0.000000 -0.000006 0.000000 -1.570781 -1.391896 -1.570809
    1 -7.253906 8.789063 1.904297 1.596636 -1.286515 2.942963
    2 6.028145 0.000003 0.000002 -0.545349 -0.632516 -1.914285
    3 11.692553 0.000081 -0.000005 -0.000051 0.000036 -1.747717
    4 11.481672 -0.000089 -0.000024 2.327452 -0.319987 0.702255
    5 3.990234 0.035553 -1.226563 -0.549972 0.217474 -1.567222
    6 1.312563 -0.000008 0.000006 -0.202768 0.286666 -1.053673
    7 0.729362 -0.000004 0.000003 -0.229884 0.237479 -0.866641
    8 4.074219 0.224731 -0.466309 -0.227691 0.144798 -1.491252
    9 1.539093 0.000006 -0.000007 -0.087094 0.128361 -0.914634
    10 1.196323 -0.000004 0.000002 -0.094567 0.086443 -1.100504
    11 4.015625 0.131104 0.396484 0.028218 0.108475 -1.263620
    12 1.719578 -0.000011 0.000009 -0.022565 -0.003211 -1.044616
    13 1.209183 -0.000004 0.000003 0.021375 -0.014461 -0.893325
    14 3.990234 0.040009 1.296875 0.302003 0.047077 -1.203834
    15 1.719431 0.000002 -0.000004 0.058707 -0.163359 -1.023495
    16 1.099676 -0.000006 0.000004 0.136667 -0.151860 -0.901023
    17 0.806042 -0.348928 1.321258 -1.260076 -0.838108 -0.291642
    18 1.789782 0.000002 -0.000006 0.008902 -0.025816 0.159385
    19 1.206999 0.000000 -0.000002 0.003657 0.000263 0.370654
    20 -1.810547 -1.376953 -8.546875 -1.668474 1.286518 2.942953
    21 6.028141 0.000000 -0.000002 0.997635 0.802052 -1.460567
    22 11.692554 0.000000 -0.000001 -0.000002 0.000000 -1.240637
    23 11.481705 -0.000001 -0.000008 -0.966334 0.715619 0.176225
    24 3.859676 -0.132545 1.193109 0.473563 -0.219108 -1.143529
    25 1.312559 -0.000004 -0.000001 0.047900 -0.090990 -1.111184
    26 0.729367 0.000000 -0.000001 0.013393 0.015514 -0.841309
    27 3.942295 0.050347 0.431044 0.145899 -0.109044 -0.920675
    28 1.539106 0.000000 0.000001 0.040823 -0.064360 -1.308311
    29 1.196321 -0.000004 -0.000002 0.003611 0.012231 -1.196050
    30 3.883663 -0.050304 -0.431042 -0.106388 -0.058782 -0.784527
    31 1.719584 0.000002 0.000006 -0.006657 -0.018596 -1.384683
    32 1.209183 0.000004 0.000006 0.006366 -0.004577 -1.241195
    33 3.859833 -0.148919 -1.331283 -0.228333 0.068607 -0.200237
    34 1.719427 0.000008 0.000011 -0.019224 0.002579 -0.095204
    35 1.099665 0.000002 0.000008 0.090646 -0.097080 -0.116013
    36 0.806023 -0.359832 -1.318336 1.240222 0.401703 -0.698921
    37 1.789780 -0.000006 -0.000006 0.003114 0.002659 -0.083024
    38 1.207001 -0.000002 -0.000006 0.001646 -0.004412 0.002713
    39 -9.104283 -19.010519 -2.635531 1.143049 -0.579090 0.192134
    40 0.000007 -1.946088 0.068031 0.000000 0.000000 0.000000
    41 0.000007 -3.415848 -1.741976 0.000000 0.000000 0.000000
    42 -0.000028 1.420049 -7.723435 0.000000 0.000000 0.000000
    43 -9.614098 0.000005 38.566917 1.570796 0.000000 -1.570796
  time 88
    0 0.000000 -0.000006 0.000000 -1.570781 -1.391896 -1.570809
    1 -7.253906 8.789063 1.904297 1.596636 -1.286515 2.942963
    2 6.028145 0.000003 0.000002 -0.551677 -0.643042 -1.915299
    3 11.692553 0.000081 -0.000005 -0.000051 0.000036 -1.738553
    4 11.481672 -0.000089 -0.000024 2.323142 -0.287280 0.695171
    5 3.990234 0.035553 -1.226563 -0.549972 0.217474 -1.567222
    6 1.312563 -0.000008 0.000006 -0.202768 0.286666 -1.053673
    7 0.729362 -0.000004 0.000003 -0.229884 0.237479 -0.866641
    8 4.074219 0.224731 -0.466309 -0.227691 0.144798 -1.491252
    9 1.539093 0.000006 -0.000007 -0.087094 0.128361 -0.914634
    10 1.196323 -0.000004 0.000002 -0.094567 0.086443 -1.100504
    11 4.015625 0.131104 0.396484 0.028218 0.108475 -1.263620
    12 1.719578 -0.000011 0.000009 -0.022565 -0.003211 -1.044616
    13 1.209183 -0.000004 0.000003 0.021375 -0.014461 -0.893325
    14 3.990234 0.040009 1.296875 0.302003 0.047077 -1.203834
    15 1.719431 0.000002 -0.000004 0.058707 -0.163359 -1.023495
    16 1.099676 -0.000006 0.000004 0.136667 -0.151860 -0.901023
    17 0.806042 -0.348928 1.321258 -1.297815 -0.855604 -0.288287
    18 1.789782 0.000002 -0.000006 0.011299 -0.029962 0.106689
    19 1.206999 0.000000 -0.000002 0.004280 0.000407 0.328792
    20 -1.810547 -1.376953 -8.546875 -1.668474 1.286518 2.942953
    21 6.028141 0.000000 -0.000002 0.987371 0.808588 -1.472311
    22 11.692554 0.000000 -0.000001 -0.000002 0.000000 -1.227068
    23 11.481705 -0.000001 -0.000008 -0.976337 0.740878 0.162866
    24 3.859676 -0.132545 1.193109 0.473563 -0.219108 -1.143529
    25 1.312559 -0.000004 -0.000001 0.047900 -0.090990 -1.111184
    26 0.729367 0.000000 -0.000001 0.013393 0.015514 -0.841309
    27 3.942295 0.050347 0.431044 0.145899 -0.109044 -0.920675
    28 1.539106 0.000000 0.000001 0.040823 -0.064360 -1.308311
    29 1.196321 -0.000004 -0.000002 0.003611 0.012231 -1.196050
    30 3.883663 -0.050304 -0.431042 -0.106388 -0.058782 -0.784527
    31 1.719584 0.000002 0.000006 -0.006657 -0.018596 -1.384683
    32 1.209183 0.000004 0.000006 0.006366 -0.004577 -1.241195
    33 3.859833 -0.148919 -1.331283 -0.228333 0.068607 -0.200237
    34 1.719427 0.000008 0.000011 -0.019224 0.002579 -0.095204
    35 1.099665 0.000002 0.000008 0.090646 -0.097080 -0.116013
    36 0.806023 -0.359832 -1.318336 1.238400 0.406198 -0.704074
    37 1.789780 -0.000006 -0.000006 0.003342 0.001353 -0.094697
    38 1.207001 -0.000002 -0.000006 0.001646 -0.004269 -0.031850
    39 -9.084751 -18.994894 -2.588655 1.133958 -0.580499 0.175461
    40 0.000007 -1.946088 0.068031 0.000000 0.000000 0.000000
    41 0.000007 -3.415848 -1.741976 0.000000 0.000000 0.000000
    42 -0.000028 1.420049 -7.723435 0.000000 0.000000 0.000000
    43 -9.614098 0.000005 38.566917 1.570796 0.000000 -1.570796
  time 89
    0 0.000000 -0.000006 0.000000 -1.570781 -1.391896 -1.570809
    1 -7.253906 8.789063 1.904297 1.596636 -1.286515 2.942963
    2 6.028145 0.000003 0.000002 -0.556382 -0.655261 -1.919136
    3 11.692553 0.000081 -0.000005 -0.000051 0.000036 -1.724744
    4 11.481672 -0.000089 -0.000024 2.320293 -0.257698 0.680269
    5 3.990234 0.035553 -1.226563 -0.549972 0.217474 -1.567222
    6 1.312563 -0.000008 0.000006 -0.202768 0.286666 -1.053673
    7 0.729362 -0.000004 0.000003 -0.229884 0.237479 -0.866641
    8 4.074219 0.224731 -0.466309 -0.227691 0.144798 -1.491252
    9 1.539093 0.000006 -0.000007 -0.087082 0.128361 -0.914634
    10 1.196323 -0.000004 0.000002 -0.094567 0.086443 -1.100504
    11 4.015625 0.131104 0.396484 0.028218 0.108475 -1.263620
    12 1.719578 -0.000011 0.000009 -0.022565 -0.003211 -1.044616
    13 1.209183 -0.000004 0.000003 0.021375 -0.014461 -0.893325
    14 3.990234 0.040009 1.296875 0.302003 0.047077 -1.203834
    15 1.719431 0.000002 -0.000004 0.058707 -0.163359 -1.023495
    16 1.099676 -0.000006 0.000004 0.136667 -0.151860 -0.901023
    17 0.806042 -0.348928 1.321258 -1.336741 -0.872331 -0.283933
    18 1.789782 0.000002 -0.000006 0.013840 -0.033857 0.055359
    19 1.206999 0.000000 -0.000002 0.004892 0.000574 0.287975
    20 -1.810547 -1.376953 -8.546875 -1.668474 1.286518 2.942953
    21 6.028141 0.000000 -0.000002 0.978510 0.814930 -1.482714
    22 11.692554 0.000000 -0.000001 -0.000002 0.000000 -1.215372
    23 11.481705 -0.000001 -0.000008 -0.987704 0.763896 0.151471
    24 3.859676 -0.132545 1.193109 0.473563 -0.219108 -1.143529
    25 1.312559 -0.000004 -0.000001 0.047900 -0.090990 -1.111184
    26 0.729367 0.000000 -0.000001 0.013393 0.015514 -0.841309
    27 3.942295 0.050347 0.431044 0.145899 -0.109044 -0.920675
    28 1.539106 0.000000 0.000001 0.040823 -0.064360 -1.308311
    29 1.196321 -0.000004 -0.000002 0.003611 0.012231 -1.196050
    30 3.883663 -0.050304 -0.431042 -0.106388 -0.058782 -0.784527
    31 1.719584 0.000002 0.000006 -0.006657 -0.018596 -1.384683
    32 1.209183 0.000004 0.000006 0.006366 -0.004577 -1.241195
    33 3.859833 -0.148919 -1.331283 -0.228333 0.068607 -0.200237
    34 1.719427 0.000008 0.000011 -0.019224 0.002579 -0.095204
    35 1.099665 0.000002 0.000008 0.090646 -0.097080 -0.116013
    36 0.806023 -0.359832 -1.318336 1.236495 0.408770 -0.709407
    37 1.789780 -0.000006 -0.000006 0.003522 0.000502 -0.102751
    38 1.207001 -0.000002 -0.000006 0.001646 -0.004173 -0.055665
    39 -9.069126 -18.979268 -2.533965 1.126737 -0.580167 0.158446
    40 0.000007 -1.946088 0.068031 0.000000 0.000000 0.000000
    41 0.000007 -3.415848 -1.741976 0.000000 0.000000 0.000000
    42 -0.000028 1.420049 -7.723435 0.000000 0.000000 0.000000
    43 -9.614098 0.000005 38.566917 1.570796 0.000000 -1.570796
  time 90
    0 0.000000 -0.000006 0.000000 -1.570781 -1.391896 -1.570809
    1 -7.253906 8.789063 1.904297 1.596636 -1.286515 2.942963
    2 6.028145 0.000003 0.000002 -0.559194 -0.670003 -1.926592
    3 11.692553 0.000081 -0.000005 -0.000051 0.000036 -1.703780
    4 11.481672 -0.000089 -0.000024 2.319581 -0.233911 0.651443
    5 3.988611 0.033370 -1.223226 -0.549972 0.217465 -1.567226
    6 1.312563 -0.000008 0.000006 -0.202767 0.286656 -1.053653
    7 0.729362 -0.000004 0.000003 -0.229876 0.237472 -0.866622
    8 4.071238 0.222541 -0.462695 -0.227690 0.144786 -1.491236
    9 1.539093 0.000006 -0.000007 -0.087094 0.128361 -0.914634
    10 1.196323 -0.000004 0.000002 -0.094558 0.086438 -1.100469
    11 4.012598 0.129005 0.400192 0.028220 0.108472 -1.263622
    12 1.719578 -0.000011 0.000009 -0.022565 -0.003211 -1.044616
    13 1.209183 -0.000004 0.000003 0.021369 -0.014454 -0.893312
    14 3.988768 0.037824 1.301216 0.302005 0.047074 -1.203821
    15 1.719431 0.000002 -0.000004 0.058703 -0.163360 -1.023462
    16 1.099676 -0.000006 0.000004 0.136665 -0.151850 -0.900994
    17 0.806042 -0.348928 1.321258 -1.376075 -0.887751 -0.278760
    18 1.789782 0.000002 -0.000006 0.016417 -0.037429 0.006749
    19 1.206999 0.000000 -0.000002 0.005455 0.000742 0.249303
    20 -1.810547 -1.376953 -8.546875 -1.668474 1.286518 2.942953
    21 6.028141 0.000000 -0.000002 0.971626 0.820339 -1.491019
    22 11.692554 0.000000 -0.000001 -0.000002 0.000000 -1.206972
    23 11.481705 -0.000001 -0.000008 -1.001446 0.783246 0.143239
    24 3.859676 -0.132545 1.193109 0.473565 -0.219108 -1.143527
    25 1.312559 -0.000004 -0.000001 0.047900 -0.090990 -1.111184
    26 0.729367 0.000000 -0.000001 0.013393 0.015514 -0.841307
    27 3.942295 0.050347 0.431044 0.145899 -0.109044 -0.920675
    28 1.539106 0.000000 0.000001 0.040823 -0.064360 -1.308311
    29 1.196321 -0.000004 -0.000002 0.003611 0.012231 -1.196050
    30 3.883663 -0.050304 -0.431042 -0.106388 -0.058782 -0.784527
    31 1.719584 0.000002 0.000006 -0.006657 -0.018596 -1.384683
    32 1.209183 0.000004 0.000006 0.006373 -0.004576 -1.241224
    33 3.859833 -0.148919 -1.331283 -0.228338 0.068604 -0.200241
    34 1.719427 0.000008 0.000011 -0.019220 0.002569 -0.095230
    35 1.099665 0.000002 0.000008 0.090643 -0.097069 -0.116032
    36 0.806023 -0.359832 -1.318336 1.234517 0.408648 -0.714968
    37 1.789780 -0.000006 -0.000006 0.003665 0.000203 -0.105759
    38 1.207001 -0.000002 -0.000006 0.001646 -0.004137 -0.064569
    39 -9.049594 -18.967549 -2.471463 1.123000 -0.576438 0.141088
    40 0.000007 -1.946088 0.068031 0.000000 0.000000 0.000000
    41 0.000007 -3.415848 -1.741976 0.000000 0.000000 0.000000
    42 -0.000028 1.420049 -7.723435 0.000000 0.000000 0.000000
    43 -9.614098 0.000005 38.566917 1.570796 0.000000 -1.570796
  time 91
    0 0.000000 -0.000006 0.000000 -1.570781 -1.391896 -1.570809
    1 -7.253906 8.789063 1.904297 1.596636 -1.286515 2.942963
    2 6.028145 0.000003 0.000002 -0.559952 -0.686173 -1.936800
    3 11.692553 0.000081 -0.000005 -0.000051 0.000036 -1.677794
    4 11.481672 -0.000089 -0.000024 2.319581 -0.217436 0.612235
    5 3.988611 0.033370 -1.223226 -0.549972 0.217465 -1.567226
    6 1.312563 -0.000008 0.000006 -0.202767 0.286656 -1.053653
    7 0.729362 -0.000004 0.000003 -0.229876 0.237472 -0.866622
    8 4.071238 0.222541 -0.462695 -0.227690 0.144786 -1.491236
    9 1.539093 0.000006 -0.000007 -0.087094 0.128361 -0.914634
    10 1.196323 -0.000004 0.000002 -0.094558 0.086438 -1.100469
    11 4.012598 0.129005 0.400192 0.028220 0.108472 -1.263622
    12 1.719578 -0.000011 0.000009 -0.022565 -0.003211 -1.044616
    13 1.209183 -0.000004 0.000003 0.021369 -0.014454 -0.893312
    14 3.988768 0.037824 1.301216 0.302005 0.047074 -1.203821
    15 1.719431 0.000002 -0.000004 0.058703 -0.163360 -1.023462
    16 1.099676 -0.000006 0.000004 0.136665 -0.151850 -0.900994
    17 0.806042 -0.348928 1.321258 -1.414905 -0.901365 -0.273014
    18 1.789782 0.000002 -0.000006 0.018945 -0.040593 -0.037810
    19 1.206999 0.000000 -0.000002 0.005970 0.000934 0.213821
    20 -1.810547 -1.376953 -8.546875 -1.668474 1.286518 2.942953
    21 6.028141 0.000000 -0.000002 0.966271 0.824332 -1.497395
    22 11.692554 0.000000 -0.000001 -0.000002 0.000000 -1.202514
    23 11.481705 -0.000001 -0.000008 -1.016602 0.798480 0.140049
    24 3.859676 -0.132545 1.193109 0.473565 -0.219108 -1.143527
    25 1.312559 -0.000004 -0.000001 0.047900 -0.090990 -1.111184
    26 0.729367 0.000000 -0.000001 0.013393 0.015514 -0.841307
    27 3.942295 0.050347 0.431044 0.145899 -0.109044 -0.920675
    28 1.539106 0.000000 0.000001 0.040823 -0.064360 -1.308311
    29 1.196321 -0.000004 -0.000002 0.003611 0.012231 -1.196050
    30 3.883663 -0.050304 -0.431042 -0.106388 -0.058782 -0.784527
    31 1.719584 0.000002 0.000006 -0.006657 -0.018596 -1.384683
    32 1.209183 0.000004 0.000006 0.006373 -0.004576 -1.241224
    33 3.859833 -0.148919 -1.331283 -0.228338 0.068604 -0.200241
    34 1.719427 0.000008 0.000011 -0.019220 0.002569 -0.095230
    35 1.099665 0.000002 0.000008 0.090643 -0.097069 -0.116032
    36 0.806023 -0.359832 -1.318336 1.232779 0.403639 -0.720098
    37 1.789780 -0.000006 -0.000006 0.003809 0.000263 -0.101493
    38 1.207001 -0.000002 -0.000006 0.001730 -0.004149 -0.057087
    39 -9.018343 -18.955830 -2.405055 1.123959 -0.569602 0.123729
    40 0.000007 -1.946088 0.068031 0.000000 0.000000 0.000000
    41 0.000007 -3.415848 -1.741976 0.000000 0.000000 0.000000
    42 -0.000028 1.420049 -7.723435 0.000000 0.000000 0.000000
    43 -9.614098 0.000005 38.566917 1.570796 0.000000 -1.570796
  time 92
    0 0.000000 -0.000006 0.000000 -1.570781 -1.391896 -1.570809
    1 -7.253906 8.789063 1.904297 1.596636 -1.286515 2.942963
    2 6.028145 0.000003 0.000002 -0.558599 -0.702609 -1.949179
    3 11.692553 0.000081 -0.000005 -0.000051 0.000036 -1.648796
    4 11.481672 -0.000089 -0.000024 2.319468 -0.209729 0.566106
    5 3.988611 0.033370 -1.223226 -0.549972 0.217465 -1.567226
    6 1.312563 -0.000008 0.000006 -0.202767 0.286656 -1.053653
    7 0.729362 -0.000004 0.000003 -0.229876 0.237472 -0.866622
    8 4.071238 0.222541 -0.462695 -0.227690 0.144786 -1.491236
    9 1.539093 0.000006 -0.000007 -0.087094 0.128361 -0.914634
    10 1.196323 -0.000004 0.000002 -0.094558 0.086438 -1.100469
    11 4.012598 0.129005 0.400192 0.028220 0.108472 -1.263622
    12 1.719578 -0.000011 0.000009 -0.022565 -0.003211 -1.044616
    13 1.209183 -0.000004 0.000003 0.021369 -0.014454 -0.893312
    14 3.988768 0.037824 1.301216 0.302005 0.047074 -1.203821
    15 1.719431 0.000002 -0.000004 0.058703 -0.163360 -1.023462
    16 1.099676 -0.000006 0.000004 0.136665 -0.151850 -0.900994
    17 0.806042 -0.348928 1.321258 -1.452273 -0.912674 -0.267122
    18 1.789782 0.000002 -0.000006 0.021271 -0.043265 -0.077035
    19 1.206999 0.000000 -0.000002 0.006414 0.001102 0.182548
    20 -1.810547 -1.376953 -8.546875 -1.668474 1.286518 2.942953
    21 6.028141 0.000000 -0.000002 0.962574 0.826296 -1.501505
    22 11.692554 0.000000 -0.000001 -0.000002 0.000000 -1.203224
    23 11.481705 -0.000001 -0.000008 -1.031909 0.809009 0.144236
    24 3.859676 -0.132545 1.193109 0.473565 -0.219108 -1.143527
    25 1.312559 -0.000004 -0.000001 0.047900 -0.090990 -1.111184
    26 0.729367 0.000000 -0.000001 0.013393 0.015514 -0.841307
    27 3.942295 0.050347 0.431044 0.145899 -0.109044 -0.920675
    28 1.539106 0.000000 0.000001 0.040823 -0.064360 -1.308311
    29 1.196321 -0.000004 -0.000002 0.003611 0.012231 -1.196050
    30 3.883663 -0.050304 -0.431042 -0.106388 -0.058782 -0.784527
    31 1.719584 0.000002 0.000006 -0.006657 -0.018596 -1.384683
    32 1.209183 0.000004 0.000006 0.006373 -0.004576 -1.241224
    33 3.859833 -0.148919 -1.331283 -0.228338 0.068604 -0.200241
    34 1.719427 0.000008 0.000011 -0.019220 0.002569 -0.095230
    35 1.099665 0.000002 0.000008 0.090643 -0.097069 -0.116032
    36 0.806023 -0.359832 -1.318336 1.231545 0.393120 -0.724196
    37 1.789780 -0.000006 -0.000006 0.004025 0.000370 -0.089772
    38 1.207001 -0.000002 -0.000006 0.001945 -0.004197 -0.036039
    39 -8.975373 -18.944111 -2.338647 1.130726 -0.559824 0.106508
    40 0.000007 -1.946088 0.068031 0.000000 0.000000 0.000000
    41 0.000007 -3.415848 -1.741976 0.000000 0.000000 0.000000
    42 -0.000028 1.420049 -7.723435 0.000000 0.000000 0.000000
    43 -9.614098 0.000005 38.566917 1.570796 0.000000 -1.570796
  time 93
    0 0.000000 -0.000006 0.000000 -1.570781 -1.391896 -1.570809
    1 -7.253906 8.789063 1.904297 1.596636 -1.286515 2.942963
    2 6.028145 0.000003 0.000002 -0.555138 -0.718447 -1.963006
    3 11.692553 0.000081 -0.000005 -0.000051 0.000036 -1.617915
    4 11.481672 -0.000089 -0.000024 2.319094 -0.211702 0.515701
    5 3.988611 0.033370 -1.223226 -0.549972 0.217465 -1.567226
    6 1.312563 -0.000008 0.000006 -0.202767 0.286656 -1.053653
    7 0.729362 -0.000004 0.000003 -0.229876 0.237472 -0.866622
    8 4.071238 0.222541 -0.462695 -0.227690 0.144786 -1.491236
    9 1.539093 0.000006 -0.000007 -0.087094 0.128361 -0.914634
    10 1.196323 -0.000004 0.000002 -0.094558 0.086438 -1.100469
    11 4.012598 0.129005 0.400192 0.028220 0.108472 -1.263622
    12 1.719578 -0.000011 0.000009 -0.022565 -0.003211 -1.044616
    13 1.209183 -0.000004 0.000003 0.021369 -0.014454 -0.893312
    14 3.988768 0.037824 1.301216 0.302005 0.047074 -1.203821
    15 1.719431 0.000002 -0.000004 0.058703 -0.163360 -1.023462
    16 1.099676 -0.000006 0.000004 0.136665 -0.151850 -0.900994
    17 0.806042 -0.348928 1.321258 -1.487064 -0.921260 -0.261556
    18 1.789782 0.000002 -0.000006 0.023296 -0.045435 -0.109657
    19 1.206999 0.000000 -0.000002 0.006785 0.001257 0.156531
    20 -1.810547 -1.376953 -8.546875 -1.668474 1.286518 2.942953
    21 6.028141 0.000000 -0.000002 0.960916 0.825941 -1.503015
    22 11.692554 0.000000 -0.000001 -0.000002 0.000000 -1.209880
    23 11.481705 -0.000001 -0.000008 -1.046156 0.814469 0.157539
    24 3.859676 -0.132545 1.193109 0.473565 -0.219108 -1.143527
    25 1.312559 -0.000004 -0.000001 0.047900 -0.090990 -1.111184
    26 0.729367 0.000000 -0.000001 0.013393 0.015514 -0.841307
    27 3.942295 0.050347 0.431044 0.145899 -0.109044 -0.920675
    28 1.539106 0.000000 0.000001 0.040823 -0.064360 -1.308311
    29 1.196321 -0.000004 -0.000002 0.003611 0.012231 -1.196050
    30 3.883663 -0.050304 -0.431042 -0.106388 -0.058782 -0.784527
    31 1.719584 0.000002 0.000006 -0.006657 -0.018596 -1.384683
    32 1.209183 0.000004 0.000006 0.006373 -0.004576 -1.241224
    33 3.859833 -0.148919 -1.331283 -0.228338 0.068604 -0.200241
    34 1.719427 0.000008 0.000011 -0.019220 0.002569 -0.095230
    35 1.099665 0.000002 0.000008 0.090643 -0.097069 -0.116032
    36 0.806023 -0.359832 -1.318336 1.230766 0.378717 -0.727360
    37 1.789780 -0.000006 -0.000006 0.004289 0.000514 -0.072250
    38 1.207001 -0.000002 -0.000006 0.002233 -0.004293 -0.003530
    39 -8.920684 -18.932392 -2.276145 1.144008 -0.547270 0.089768
    40 0.000007 -1.946088 0.068031 0.000000 0.000000 0.000000
    41 0.000007 -3.415848 -1.741976 0.000000 0.000000 0.000000
    42 -0.000028 1.420049 -7.723435 0.000000 0.000000 0.000000
    43 -9.614098 0.000005 38.566917 1.570796 0.000000 -1.570796
  time 94
    0 0.000000 -0.000006 0.000000 -1.570781 -1.391896 -1.570809
    1 -7.253906 8.789063 1.904297 1.596636 -1.286515 2.942963
    2 6.028145 0.000003 0.000002 -0.550108 -0.733388 -1.977775
    3 11.692553 0.000081 -0.000005 -0.000039 0.000036 -1.585715
    4 11.481672 -0.000089 -0.000024 2.318831 -0.222290 0.462162
    5 3.988611 0.033370 -1.223226 -0.549972 0.217465 -1.567226
    6 1.312563 -0.000008 0.000006 -0.202767 0.286656 -1.053653
    7 0.729362 -0.000004 0.000003 -0.229876 0.237472 -0.866622
    8 4.071238 0.222541 -0.462695 -0.227690 0.144786 -1.491236
    9 1.539093 0.000006 -0.000007 -0.087082 0.128361 -0.914634
    10 1.196323 -0.000004 0.000002 -0.094558 0.086438 -1.100469
    11 4.012598 0.129005 0.400192 0.028220 0.108472 -1.263622
    12 1.719578 -0.000011 0.000009 -0.022565 -0.003211 -1.044616
    13 1.209183 -0.000004 0.000003 0.021369 -0.014454 -0.893312
    14 3.988768 0.037824 1.301216 0.302005 0.047074 -1.203821
    15 1.719431 0.000002 -0.000004 0.058703 -0.163360 -1.023462
    16 1.099676 -0.000006 0.000004 0.136665 -0.151850 -0.900994
    17 0.806042 -0.348928 1.321258 -1.518188 -0.926679 -0.256875
    18 1.789782 0.000002 -0.000006 0.024878 -0.047029 -0.134465
    19 1.206999 0.000000 -0.000002 0.007061 0.001389 0.136711
    20 -1.810547 -1.376953 -8.546875 -1.668474 1.286518 2.942953
    21 6.028141 0.000000 -0.000002 0.961107 0.823527 -1.502176
    22 11.692554 0.000000 -0.000001 -0.000002 0.000000 -1.221640
    23 11.481705 -0.000001 -0.000008 -1.059241 0.815590 0.178846
    24 3.859676 -0.132545 1.193109 0.473565 -0.219108 -1.143527
    25 1.312559 -0.000004 -0.000001 0.047900 -0.090990 -1.111184
    26 0.729367 0.000000 -0.000001 0.013393 0.015514 -0.841307
    27 3.942295 0.050347 0.431044 0.145899 -0.109044 -0.920675
    28 1.539106 0.000000 0.000001 0.040823 -0.064360 -1.308311
    29 1.196321 -0.000004 -0.000002 0.003611 0.012231 -1.196050
    30 3.883663 -0.050304 -0.431042 -0.106388 -0.058782 -0.784527
    31 1.719584 0.000002 0.000006 -0.006657 -0.018596 -1.384683
    32 1.209183 0.000004 0.000006 0.006373 -0.004576 -1.241224
    33 3.859833 -0.148919 -1.331283 -0.228338 0.068604 -0.200241
    34 1.719427 0.000008 0.000011 -0.019220 0.002569 -0.095230
    35 1.099665 0.000002 0.000008 0.090643 -0.097069 -0.116032
    36 0.806023 -0.359832 -1.318336 1.230382 0.362038 -0.729661
    37 1.789780 -0.000006 -0.000006 0.004564 0.000658 -0.050558
    38 1.207001 -0.000002 -0.000006 0.002533 -0.004436 0.038356
    39 -8.854275 -18.924579 -2.221456 1.162845 -0.532231 0.073576
    40 0.000007 -1.946088 0.068031 0.000000 0.000000 0.000000
    41 0.000007 -3.415848 -1.741976 0.000000 0.000000 0.000000
    42 -0.000028 1.420049 -7.723435 0.000000 0.000000 0.000000
    43 -9.614098 0.000005 38.566917 1.570796 0.000000 -1.570796
  time 95
    0 0.000000 -0.000006 0.000000 -1.570781 -1.391896 -1.570809
    1 -7.253906 8.789063 1.904297 1.596636 -1.286515 2.942963
    2 6.028145 0.000003 0.000002 -0.544105 -0.747400 -1.992760
    3 11.692553 0.000081 -0.000005 -0.000039 0.000036 -1.552135
    4 11.481672 -0.000089 -0.000024 2.318981 -0.240161 0.406464
    5 3.988611 0.033370 -1.223226 -0.549972 0.217465 -1.567226
    6 1.312563 -0.000008 0.000006 -0.202767 0.286656 -1.053653
    7 0.729362 -0.000004 0.000003 -0.229876 0.237472 -0.866622
    8 4.071238 0.222541 -0.462695 -0.227690 0.144786 -1.491236
    9 1.539093 0.000006 -0.000007 -0.087082 0.128361 -0.914634
    10 1.196323 -0.000004 0.000002 -0.094558 0.086438 -1.100469
    11 4.012598 0.129005 0.400192 0.028220 0.108472 -1.263622
    12 1.719578 -0.000011 0.000009 -0.022565 -0.003211 -1.044616
    13 1.209183 -0.000004 0.000003 0.021369 -0.014454 -0.893312
    14 3.988768 0.037824 1.301216 0.302005 0.047074 -1.203821
    15 1.719431 0.000002 -0.000004 0.058703 -0.163360 -1.023462
    16 1.099676 -0.000006 0.000004 0.136665 -0.151850 -0.900994
    17 0.806042 -0.348928 1.321258 -1.544518 -0.928539 -0.253666
    18 1.789782 0.000002 -0.000006 0.025909 -0.048023 -0.150237
    19 1.206999 0.000000 -0.000002 0.007229 0.001473 0.124108
    20 -1.810547 -1.376953 -8.546875 -1.668474 1.286518 2.942953
    21 6.028141 0.000000 -0.000002 0.962701 0.819373 -1.499408
    22 11.692554 0.000000 -0.000001 -0.000002 0.000000 -1.237406
    23 11.481705 -0.000001 -0.000008 -1.071467 0.813097 0.206677
    24 3.859676 -0.132545 1.193109 0.473565 -0.219108 -1.143527
    25 1.312559 -0.000004 -0.000001 0.047900 -0.090990 -1.111184
    26 0.729367 0.000000 -0.000001 0.013393 0.015514 -0.841307
    27 3.942295 0.050347 0.431044 0.145899 -0.109044 -0.920675
    28 1.539106 0.000000 0.000001 0.040823 -0.064360 -1.308311
    29 1.196321 -0.000004 -0.000002 0.003611 0.012231 -1.196050
    30 3.883663 -0.050304 -0.431042 -0.106388 -0.058782 -0.784527
    31 1.719584 0.000002 0.000006 -0.006657 -0.018596 -1.384683
    32 1.209183 0.000004 0.000006 0.006373 -0.004576 -1.241224
    33 3.859833 -0.148919 -1.331283 -0.228338 0.068604 -0.200241
    34 1.719427 0.000008 0.000011 -0.019220 0.002569 -0.095230
    35 1.099665 0.000002 0.000008 0.090643 -0.097069 -0.116032
    36 0.806023 -0.359832 -1.318336 1.230311 0.344697 -0.731219
    37 1.789780 -0.000006 -0.000006 0.004816 0.000766 -0.026325
    38 1.207001 -0.000002 -0.000006 0.002772 -0.004628 0.087671
    39 -8.783961 -18.916766 -2.178486 1.186126 -0.514829 0.058207
    40 0.000007 -1.946088 0.068031 0.000000 0.000000 0.000000
    41 0.000007 -3.415848 -1.741976 0.000000 0.000000 0.000000
    42 -0.000028 1.420049 -7.723435 0.000000 0.000000 0.000000
    43 -9.614098 0.000005 38.566917 1.570796 0.000000 -1.570796
  time 96
    0 0.000000 -0.000006 0.000000 -1.570781 -1.391896 -1.570809
    1 -7.253906 8.789063 1.904297 1.596636 -1.286515 2.942963
    2 6.028145 0.000003 0.000002 -0.537940 -0.760217 -2.007022
    3 11.692553 0.000081 -0.000005 -0.000039 0.000036 -1.518053
    4 11.481672 -0.000089 -0.000024 2.319656 -0.264100 0.349993
    5 3.988611 0.033370 -1.223226 -0.549972 0.217465 -1.567226
    6 1.312563 -0.000008 0.000006 -0.202767 0.286656 -1.053653
    7 0.729362 -0.000004 0.000003 -0.229876 0.237472 -0.866622
    8 4.071238 0.222541 -0.462695 -0.227690 0.144786 -1.491236
    9 1.539093 0.000006 -0.000007 -0.087082 0.128361 -0.914634
    10 1.196323 -0.000004 0.000002 -0.094558 0.086438 -1.100469
    11 4.012598 0.129005 0.400192 0.028220 0.108472 -1.263622
    12 1.719578 -0.000011 0.000009 -0.022565 -0.003211 -1.044616
    13 1.209183 -0.000004 0.000003 0.021369 -0.014454 -0.893312
    14 3.988768 0.037824 1.301216 0.302005 0.047074 -1.203821
    15 1.719431 0.000002 -0.000004 0.058703 -0.163360 -1.023462
    16 1.099676 -0.000006 0.000004 0.136665 -0.151850 -0.900994
    17 0.806042 -0.348928 1.321258 -1.565012 -0.926490 -0.252471
    18 1.789782 0.000002 -0.000006 0.026268 -0.048371 -0.155774
    19 1.206999 0.000000 -0.000002 0.007289 0.001497 0.119716
    20 -1.810547 -1.376953 -8.546875 -1.668474 1.286518 2.942953
    21 6.028141 0.000000 -0.000002 0.965570 0.813739 -1.494962
    22 11.692554 0.000000 -0.000001 -0.000002 0.000000 -1.256209
    23 11.481705 -0.000001 -0.000008 -1.083036 0.807637 0.239691
    24 3.859676 -0.132545 1.193109 0.473565 -0.219108 -1.143527
    25 1.312559 -0.000004 -0.000001 0.047900 -0.090990 -1.111184
    26 0.729367 0.000000 -0.000001 0.013393 0.015514 -0.841307
    27 3.942295 0.050347 0.431044 0.145899 -0.109044 -0.920675
    28 1.539106 0.000000 0.000001 0.040823 -0.064360 -1.308311
    29 1.196321 -0.000004 -0.000002 0.003611 0.012231 -1.196050
    30 3.883663 -0.050304 -0.431042 -0.106388 -0.058782 -0.784527
    31 1.719584 0.000002 0.000006 -0.006657 -0.018596 -1.384683
    32 1.209183 0.000004 0.000006 0.006373 -0.004576 -1.241224
    33 3.859833 -0.148919 -1.331283 -0.228338 0.068604 -0.200241
    34 1.719427 0.000008 0.000011 -0.019220 0.002569 -0.095230
    35 1.099665 0.000002 0.000008 0.090643 -0.097069 -0.116032
    36 0.806023 -0.359832 -1.318336 1.230442 0.328289 -0.732130
    37 1.789780 -0.000006 -0.000006 0.005044 0.000838 -0.001182
    38 1.207001 -0.000002 -0.000006 0.002916 -0.004868 0.142466
    39 -8.709740 -18.908954 -2.147235 1.213042 -0.495398 0.043730
    40 0.000007 -1.946088 0.068031 0.000000 0.000000 0.000000
    41 0.000007 -3.415848 -1.741976 0.000000 0.000000 0.000000
    42 -0.000028 1.420049 -7.723435 0.000000 0.000000 0.000000
    43 -9.614098 0.000005 38.566917 1.570796 0.000000 -1.570796
  time 97
    0 0.000000 -0.000006 0.000000 -1.570781 -1.391896 -1.570809
    1 -7.253906 8.789063 1.904297 1.596636 -1.286515 2.942963
    2 6.028145 0.000003 0.000002 -0.531937 -0.771639 -2.020125
    3 11.692553 0.000081 -0.000005 -0.000039 0.000036 -1.483656
    4 11.481672 -0.000089 -0.000024 2.320705 -0.292923 0.293929
    5 3.988611 0.033370 -1.223226 -0.544435 0.215428 -1.529438
    6 1.312563 -0.000008 0.000006 -0.186972 0.274696 -1.017754
    7 0.729362 -0.000004 0.000003 -0.213541 0.228615 -0.830728
    8 4.071238 0.222541 -0.462695 -0.222405 0.142341 -1.453899
    9 1.539093 0.000006 -0.000007 -0.080239 0.123088 -0.877819
    10 1.196323 -0.000004 0.000002 -0.088062 0.083514 -1.063724
    11 4.012598 0.129005 0.400192 0.032798 0.104912 -1.226520
    12 1.719578 -0.000011 0.000009 -0.021534 -0.002360 -1.007636
    13 1.209183 -0.000004 0.000003 0.019930 -0.013903 -0.856416
    14 3.988768 0.037824 1.301216 0.306344 0.043238 -1.167033
    15 1.719431 0.000002 -0.000004 0.052683 -0.155515 -0.986873
    16 1.099676 -0.000006 0.000004 0.126742 -0.146014 -0.864408
    17 0.806042 -0.348928 1.321258 -1.551206 -0.913806 -0.289105
    18 1.789782 0.000002 -0.000006 0.024351 -0.045998 -0.134549
    19 1.206999 0.000000 -0.000002 0.006893 0.001365 0.133182
    20 -1.810547 -1.376953 -8.546875 -1.668474 1.286518 2.942953
    21 6.028141 0.000000 -0.000002 0.969267 0.806881 -1.489341
    22 11.692554 0.000000 -0.000001 -0.000002 0.000000 -1.277080
    23 11.481705 -0.000001 -0.000008 -1.094201 0.799768 0.276637
    24 3.859676 -0.132545 1.193109 0.473565 -0.219108 -1.143527
    25 1.312559 -0.000004 -0.000001 0.047900 -0.090990 -1.111184
    26 0.729367 0.000000 -0.000001 0.013393 0.015514 -0.841307
    27 3.942295 0.050347 0.431044 0.145899 -0.109044 -0.920675
    28 1.539106 0.000000 0.000001 0.040823 -0.064360 -1.308311
    29 1.196321 -0.000004 -0.000002 0.003611 0.012231 -1.196050
    30 3.883663 -0.050304 -0.431042 -0.106388 -0.058782 -0.784527
    31 1.719584 0.000002 0.000006 -0.006657 -0.018596 -1.384683
    32 1.209183 0.000004 0.000006 0.006373 -0.004576 -1.241224
    33 3.859833 -0.148919 -1.331283 -0.228338 0.068604 -0.200241
    34 1.719427 0.000008 0.000011 -0.019220 0.002569 -0.095230
    35 1.099665 0.000002 0.000008 0.090643 -0.097069 -0.116032
    36 0.806023 -0.359832 -1.318336 1.230694 0.314427 -0.732490
    37 1.789780 -0.000006 -0.000006 0.005187 0.000826 0.023279
    38 1.207001 -0.000002 -0.000006 0.002892 -0.005144 0.200975
    39 -8.631612 -18.905047 -2.139422 1.242787 -0.474143 0.030351
    40 0.000007 -1.946088 0.068031 0.000000 0.000000 0.000000
    41 0.000007 -3.415848 -1.741976 0.000000 0.000000 0.000000
    42 -0.000028 1.420049 -7.723435 0.000000 0.000000 0.000000
    43 -9.614098 0.000005 38.566917 1.570796 0.000000 -1.570796
  time 98
    0 0.000000 -0.000006 0.000000 -1.570781 -1.391896 -1.570809
    1 -7.253906 8.789063 1.904297 1.596636 -1.286515 2.942963
    2 6.028145 0.000003 0.000002 -0.527934 -0.780670 -2.029608
    3 11.692553 0.000081 -0.000005 -0.000039 0.000036 -1.449825
    4 11.481672 -0.000089 -0.000024 2.321717 -0.325539 0.238680
    5 3.988611 0.033370 -1.223226 -0.530461 0.209160 -1.431226
    6 1.312563 -0.000008 0.000006 -0.148285 0.241091 -0.925769
    7 0.729362 -0.000004 0.000003 -0.172793 0.202944 -0.738352
    8 4.071238 0.222541 -0.462695 -0.209114 0.135078 -1.356797
    9 1.539093 0.000006 -0.000007 -0.063389 0.108227 -0.782201
    10 1.196323 -0.000004 0.000002 -0.071691 0.074801 -0.968070
    11 4.012598 0.129005 0.400192 0.044040 0.094869 -1.130150
    12 1.719578 -0.000011 0.000009 -0.018682 -0.000310 -0.911443
    13 1.209183 -0.000004 0.000003 0.016311 -0.012225 -0.760323
    14 3.988768 0.037824 1.301216 0.316926 0.032560 -1.071358
    15 1.719431 0.000002 -0.000004 0.038429 -0.134129 -0.891986
    16 1.099676 -0.000006 0.000004 0.102018 -0.129188 -0.769603
    17 0.806042 -0.348928 1.321258 -1.492170 -0.885244 -0.379774
    18 1.789782 0.000002 -0.000006 0.019629 -0.039670 -0.079672
    19 1.206999 0.000000 -0.000002 0.005874 0.001066 0.167906
    20 -1.810547 -1.376953 -8.546875 -1.668474 1.286518 2.942953
    21 6.028141 0.000000 -0.000002 0.973921 0.798189 -1.482294
    22 11.692554 0.000000 -0.000001 -0.000002 0.000000 -1.298662
    23 11.481705 -0.000001 -0.000008 -1.105315 0.790219 0.314666
    24 3.859676 -0.132545 1.193109 0.473565 -0.219108 -1.143527
    25 1.312559 -0.000004 -0.000001 0.047900 -0.090990 -1.111184
    26 0.729367 0.000000 -0.000001 0.013393 0.015514 -0.841307
    27 3.942295 0.050347 0.431044 0.145899 -0.109044 -0.920675
    28 1.539106 0.000000 0.000001 0.040823 -0.064360 -1.308311
    29 1.196321 -0.000004 -0.000002 0.003611 0.012231 -1.196050
    30 3.883663 -0.050304 -0.431042 -0.106388 -0.058782 -0.784527
    31 1.719584 0.000002 0.000006 -0.006657 -0.018596 -1.384683
    32 1.209183 0.000004 0.000006 0.006373 -0.004576 -1.241224
    33 3.859833 -0.148919 -1.331283 -0.228218 0.069431 -0.199989
    34 1.719427 0.000008 0.000011 -0.019088 0.002342 -0.100552
    35 1.099665 0.000002 0.000008 0.091303 -0.097128 -0.117662
    36 0.806023 -0.359832 -1.318336 1.230970 0.302934 -0.732598
    37 1.789780 -0.000006 -0.000006 0.005295 0.000694 0.045786
    38 1.207001 -0.000002 -0.000006 0.002736 -0.005419 0.261856
    39 -8.549579 -18.901141 -2.174579 1.274704 -0.451273 0.018139
    40 0.000007 -1.946088 0.068031 0.000000 0.000000 0.000000
    41 0.000007 -3.415848 -1.741976 0.000000 0.000000 0.000000
    42 -0.000028 1.420049 -7.723435 0.000000 0.000000 0.000000
    43 -9.614098 0.000005 38.566917 1.570796 0.000000 -1.570796
  time 99
    0 0.000000 -0.000006 0.000000 -1.570781 -1.391896 -1.570809
    1 -7.253906 8.789063 1.904297 1.596636 -1.286515 2.942963
    2 6.028145 0.000003 0.000002 -0.526961 -0.786614 -2.033952
    3 11.692553 0.000081 -0.000005 -0.000039 0.000036 -1.417375
    4 11.481672 -0.000089 -0.000024 2.322017 -0.361007 0.185059
    5 3.988611 0.033370 -1.223226 -0.512328 0.198362 -1.295809
    6 1.312563 -0.000008 0.000006 -0.100767 0.189342 -0.802053
    7 0.729362 -0.000004 0.000003 -0.121091 0.161693 -0.613309
    8 4.071238 0.222541 -0.462695 -0.192060 0.122998 -1.222861
    9 1.539093 0.000006 -0.000007 -0.042631 0.085181 -0.650742
    10 1.196323 -0.000004 0.000002 -0.050586 0.060275 -0.836255
    11 4.012598 0.129005 0.400192 0.057870 0.079301 -0.997198
    12 1.719578 -0.000011 0.000009 -0.014463 0.002038 -0.778405
    13 1.209183 -0.000004 0.000003 0.011589 -0.009337 -0.627478
    14 3.988768 0.037824 1.301216 0.329774 0.016225 -0.939335
    15 1.719431 0.000002 -0.000004 0.022277 -0.102576 -0.761772
    16 1.099676 -0.000006 0.000004 0.070774 -0.102258 -0.639635
    17 0.806042 -0.348928 1.321258 -1.413658 -0.842232 -0.494766
    18 1.789782 0.000002 -0.000006 0.013720 -0.030586 -0.004433
    19 1.206999 0.000000 -0.000002 0.004460 0.000694 0.215416
    20 -1.810547 -1.376953 -8.546875 -1.668474 1.286518 2.942953
    21 6.028141 0.000000 -0.000002 0.979275 0.787242 -1.473738
    22 11.692554 0.000000 -0.000001 -0.000002 0.000000 -1.319791
    23 11.481705 -0.000001 -0.000008 -1.116683 0.779578 0.351725
    24 3.859676 -0.132545 1.193109 0.473565 -0.219108 -1.143527
    25 1.312559 -0.000004 -0.000001 0.047900 -0.090990 -1.111184
    26 0.729367 0.000000 -0.000001 0.013393 0.015514 -0.841307
    27 3.942295 0.050347 0.431044 0.145899 -0.109044 -0.920675
    28 1.539106 0.000000 0.000001 0.040823 -0.064360 -1.308311
    29 1.196321 -0.000004 -0.000002 0.003611 0.012231 -1.196050
    30 3.883663 -0.050304 -0.431042 -0.106388 -0.058782 -0.784527
    31 1.719584 0.000002 0.000006 -0.006657 -0.018596 -1.384683
    32 1.209183 0.000004 0.000006 0.006373 -0.004576 -1.241224
    33 3.859833 -0.148919 -1.331283 -0.227843 0.071792 -0.199279
    34 1.719427 0.000008 0.000011 -0.018693 0.001694 -0.115820
    35 1.099665 0.000002 0.000008 0.093208 -0.097260 -0.122407
    36 0.806023 -0.359832 -1.318336 1.231209 0.292537 -0.732705
    37 1.789780 -0.000006 -0.000006 0.005403 0.000418 0.066208
    38 1.207001 -0.000002 -0.000006 0.002557 -0.005683 0.324659
    39 -8.467545 -18.901141 -2.268332 1.308186 -0.427035 0.007161
    40 0.000007 -1.946088 0.068031 0.000000 0.000000 0.000000
    41 0.000007 -3.415848 -1.741976 0.000000 0.000000 0.000000
    42 -0.000028 1.420049 -7.723435 0.000000 0.000000 0.000000
    43 -9.614098 0.000005 38.566917 1.570796 0.000000 -1.570796
  time 100
    0 0.000000 -0.000006 0.000000 -1.570781 -1.391896 -1.570809
    1 -7.253906 8.789063 1.904297 1.596636 -1.286515 2.942963
    2 6.028145 0.000003 0.000002 -0.528692 -0.790299 -2.034097
    3 11.692553 0.000081 -0.000005 -0.000039 0.000036 -1.385301
    4 11.481672 -0.000089 -0.000024 2.320181 -0.397871 0.134695
    5 3.988611 0.033370 -1.223226 -0.494423 0.183920 -1.148200
    6 1.312563 -0.000008 0.000006 -0.057023 0.126686 -0.670834
    7 0.729362 -0.000004 0.000003 -0.071260 0.109752 -0.479920
    8 4.071238 0.222541 -0.462695 -0.175462 0.107334 -1.076744
    9 1.539093 0.000006 -0.000007 -0.023624 0.057101 -0.507630
    10 1.196323 -0.000004 0.000002 -0.029925 0.041364 -0.692442
    11 4.012598 0.129005 0.400192 0.070466 0.060342 -0.852111
    12 1.719578 -0.000011 0.000009 -0.009526 0.003956 -0.632725
    13 1.209183 -0.000004 0.000003 0.006915 -0.005502 -0.482084
    14 3.988768 0.037824 1.301216 0.341231 -0.003430 -0.795023
    15 1.719431 0.000002 -0.000004 0.009507 -0.065970 -0.620166
    16 1.099676 -0.000006 0.000004 0.040992 -0.068474 -0.498687
    17 0.806042 -0.348928 1.321258 -1.337185 -0.789543 -0.608384
    18 1.789782 0.000002 -0.000006 0.008075 -0.020195 0.077590
    19 1.206999 0.000000 -0.000002 0.002902 0.000371 0.267214
    20 -1.810547 -1.376953 -8.546875 -1.668474 1.286518 2.942953
    21 6.028141 0.000000 -0.000002 0.985076 0.775330 -1.464594
    22 11.692554 0.000000 -0.000001 -0.000002 0.000000 -1.338853
    23 11.481705 -0.000001 -0.000008 -1.128151 0.767900 0.387133
    24 3.859676 -0.132545 1.193109 0.473565 -0.219108 -1.143527
    25 1.312559 -0.000004 -0.000001 0.047900 -0.090990 -1.111184
    26 0.729367 0.000000 -0.000001 0.013393 0.015514 -0.841307
    27 3.942295 0.050347 0.431044 0.145899 -0.109044 -0.920675
    28 1.539106 0.000000 0.000001 0.040823 -0.064360 -1.308311
    29 1.196321 -0.000004 -0.000002 0.003611 0.012231 -1.196050
    30 3.883663 -0.050304 -0.431042 -0.106388 -0.058782 -0.784527
    31 1.719584 0.000002 0.000006 -0.006657 -0.018596 -1.384683
    32 1.209183 0.000004 0.000006 0.006373 -0.004576 -1.241224
    33 3.859833 -0.148919 -1.331283 -0.227258 0.075531 -0.198138
    34 1.719427 0.000008 0.000011 -0.018034 0.000676 -0.140087
    35 1.099665 0.000002 0.000008 0.096216 -0.097452 -0.129886
    36 0.806023 -0.359832 -1.318336 1.231437 0.283183 -0.732813
    37 1.789780 -0.000006 -0.000006 0.005511 0.000011 0.084640
    38 1.207001 -0.000002 -0.000006 0.002329 -0.005923 0.388911
    39 -8.381605 -18.912860 -2.420681 1.342779 -0.401679 -0.002513
    40 0.000007 -1.946088 0.068031 0.000000 0.000000 0.000000
    41 0.000007 -3.415848 -1.741976 0.000000 0.000000 0.000000
    42 -0.000028 1.420049 -7.723435 0.000000 0.000000 0.000000
    43 -9.614098 0.000005 38.566917 1.570796 0.000000 -1.570796
  time 101
    0 0.000000 -0.000006 0.000000 -1.570781 -1.391896 -1.570809
    1 -7.253906 8.789063 1.904297 1.596636 -1.286515 2.942963
    2 6.028145 0.000003 0.000002 -0.532423 -0.792524 -2.031273
    3 11.692553 0.000081 -0.000005 -0.000039 0.000036 -1.352662
    4 11.481672 -0.000089 -0.000024 2.314521 -0.434977 0.089298
    5 3.988611 0.033370 -1.223226 -0.480162 0.168604 -1.013971
    6 1.312563 -0.000008 0.000006 -0.024796 0.065013 -0.554192
    7 0.729362 -0.000004 0.000003 -0.032346 0.056996 -0.360999
    8 4.071238 0.222541 -0.462695 -0.162470 0.091059 -0.943709
    9 1.539093 0.000006 -0.000007 -0.009949 0.029332 -0.377553
    10 1.196323 -0.000004 0.000002 -0.013614 0.021661 -0.561501
    11 4.012598 0.129005 0.400192 0.079466 0.041610 -0.719910
    12 1.719578 -0.000011 0.000009 -0.004816 0.005059 -0.499653
    13 1.209183 -0.000004 0.000003 0.003176 -0.001439 -0.349311
    14 3.988768 0.037824 1.301216 0.349141 -0.022653 -0.663387
    15 1.719431 0.000002 -0.000004 0.002489 -0.031267 -0.491474
    16 1.099676 -0.000006 0.000004 0.018234 -0.034258 -0.371127
    17 0.806042 -0.348928 1.321258 -1.276147 -0.736570 -0.702457
    18 1.789782 0.000002 -0.000006 0.003677 -0.010296 0.152697
    19 1.206999 0.000000 -0.000002 0.001464 0.000155 0.314724
    20 -1.810547 -1.376953 -8.546875 -1.668474 1.286518 2.942953
    21 6.028141 0.000000 -0.000002 0.991005 0.763417 -1.455282
    22 11.692554 0.000000 -0.000001 -0.000002 0.000000 -1.354813
    23 11.481705 -0.000001 -0.000008 -1.139720 0.755215 0.420461
    24 3.859676 -0.132545 1.193109 0.473565 -0.219108 -1.143527
    25 1.312559 -0.000004 -0.000001 0.047900 -0.090990 -1.111184
    26 0.729367 0.000000 -0.000001 0.013393 0.015514 -0.841307
    27 3.942295 0.050347 0.431044 0.145899 -0.109044 -0.920675
    28 1.539106 0.000000 0.000001 0.040823 -0.064360 -1.308311
    29 1.196321 -0.000004 -0.000002 0.003611 0.012231 -1.196050
    30 3.883663 -0.050304 -0.431042 -0.106388 -0.058782 -0.784527
    31 1.719584 0.000002 0.000006 -0.006657 -0.018596 -1.384683
    32 1.209183 0.000004 0.000006 0.006373 -0.004576 -1.241224
    33 3.859833 -0.148919 -1.331283 -0.226463 0.080493 -0.196642
    34 1.719427 0.000008 0.000011 -0.017135 -0.000655 -0.172408
    35 1.099665 0.000002 0.000008 0.100207 -0.097680 -0.139808
    36 0.806023 -0.359832 -1.318336 1.231641 0.274803 -0.732897
    37 1.789780 -0.000006 -0.000006 0.005607 -0.000493 0.101191
    38 1.207001 -0.000002 -0.000006 0.002077 -0.006150 0.454323
    39 -8.299571 -18.944111 -2.612093 1.377927 -0.375452 -0.010815
    40 0.000007 -1.946088 0.068031 0.000000 0.000000 0.000000
    41 0.000007 -3.415848 -1.741976 0.000000 0.000000 0.000000
    42 -0.000028 1.420049 -7.723435 0.000000 0.000000 0.000000
    43 -9.614098 0.000005 38.566917 1.570796 0.000000 -1.570796
  time 102
    0 0.000000 -0.000006 0.000000 -1.570781 -1.391896 -1.570809
    1 -7.253906 8.789063 1.904297 1.596636 -1.286515 2.942963
    2 6.028145 0.000003 0.000002 -0.537399 -0.793454 -2.026423
    3 11.692553 0.000081 -0.000005 -0.000027 0.000036 -1.319647
    4 11.481672 -0.000089 -0.000024 2.303313 -0.471355 0.051271
    5 3.988611 0.033370 -1.223226 -0.471221 0.156428 -0.917251
    6 1.312563 -0.000008 0.000006 -0.006124 0.018309 -0.471302
    7 0.729362 -0.000004 0.000003 -0.008292 0.016188 -0.276469
    8 4.071238 0.222541 -0.462695 -0.154500 0.078295 -0.847772
    9 1.539093 0.000006 -0.000007 -0.002375 0.008263 -0.283758
    10 1.196323 -0.000004 0.000002 -0.003487 0.006177 -0.467014
    11 4.012598 0.129005 0.400192 0.084380 0.027396 -0.624474
    12 1.719578 -0.000011 0.000009 -0.001340 0.005454 -0.403425
    13 1.209183 -0.000004 0.000003 0.000815 0.001797 -0.253254
    14 3.988768 0.037824 1.301216 0.353251 -0.037106 -0.568255
    15 1.719431 0.000002 -0.000004 0.000227 -0.005755 -0.398628
    16 1.099676 -0.000006 0.000004 0.004583 -0.007856 -0.279423
    17 0.806042 -0.348928 1.321258 -1.236826 -0.695553 -0.765560
    18 1.789782 0.000002 -0.000006 0.000945 -0.002901 0.207395
    19 1.206999 0.000000 -0.000002 0.000409 0.000035 0.349422
    20 -1.810547 -1.376953 -8.546875 -1.668474 1.286518 2.942953
    21 6.028141 0.000000 -0.000002 0.996870 0.752084 -1.446138
    22 11.692554 0.000000 -0.000001 -0.000002 0.000000 -1.367349
    23 11.481705 -0.000001 -0.000008 -1.151542 0.741718 0.451568
    24 3.859676 -0.132545 1.193109 0.473565 -0.219108 -1.143527
    25 1.312559 -0.000004 -0.000001 0.047900 -0.090990 -1.111184
    26 0.729367 0.000000 -0.000001 0.013393 0.015514 -0.841307
    27 3.942295 0.050347 0.431044 0.145899 -0.109044 -0.920675
    28 1.539106 0.000000 0.000001 0.040823 -0.064360 -1.308311
    29 1.196321 -0.000004 -0.000002 0.003611 0.012231 -1.196050
    30 3.883663 -0.050304 -0.431042 -0.106388 -0.058782 -0.784527
    31 1.719584 0.000002 0.000006 -0.006657 -0.018596 -1.384683
    32 1.209183 0.000004 0.000006 0.006373 -0.004576 -1.241224
    33 3.859833 -0.148919 -1.331283 -0.225503 0.086509 -0.194806
    34 1.719427 0.000008 0.000011 -0.015972 -0.002237 -0.211837
    35 1.099665 0.000002 0.000008 0.105061 -0.097895 -0.151841
    36 0.806023 -0.359832 -1.318336 1.231821 0.267357 -0.732981
    37 1.789780 -0.000006 -0.000006 0.005691 -0.001116 0.115944
    38 1.207001 -0.000002 -0.000006 0.001802 -0.006342 0.520340
    39 -8.213631 -18.998800 -2.838662 1.413277 -0.348563 -0.017676
    40 0.000007 -1.946088 0.068031 0.000000 0.000000 0.000000
    41 0.000007 -3.415848 -1.741976 0.000000 0.000000 0.000000
    42 -0.000028 1.420049 -7.723435 0.000000 0.000000 0.000000
    43 -9.614098 0.000005 38.566917 1.570796 0.000000 -1.570796
  time 103
    0 0.000000 -0.000006 0.000000 -1.570781 -1.391896 -1.570809
    1 -7.253906 8.789063 1.904297 1.596636 -1.286515 2.942963
    2 6.028145 0.000003 0.000002 -0.543078 -0.793288 -2.020197
    3 11.692553 0.000081 -0.000005 -0.000027 0.000036 -1.286882
    4 11.481672 -0.000089 -0.000024 2.284497 -0.505943 0.023341
    5 3.988611 0.033370 -1.223226 -0.468129 0.151538 -0.880197
    6 1.312563 -0.000008 0.000006 0.000000 -0.000003 -0.439723
    7 0.729362 -0.000004 0.000003 0.000001 -0.000003 -0.244304
    8 4.071238 0.222541 -0.462695 -0.151780 0.073202 -0.810991
    9 1.539093 0.000006 -0.000007 -0.000002 0.000006 -0.247791
    10 1.196323 -0.000004 0.000002 0.000001 -0.000007 -0.430811
    11 4.012598 0.129005 0.400192 0.085902 0.021835 -0.587865
    12 1.719578 -0.000011 0.000009 0.000002 0.005514 -0.366480
    13 1.209183 -0.000004 0.000003 0.000000 0.003091 -0.216394
    14 3.988768 0.037824 1.301216 0.354450 -0.042751 -0.531725
    15 1.719431 0.000002 -0.000004 -0.000004 0.004079 -0.363004
    16 1.099676 -0.000006 0.000004 0.000005 0.002595 -0.244332
    17 0.806042 -0.348928 1.321258 -1.222684 -0.679216 -0.788820
    18 1.789782 0.000002 -0.000006 -0.000002 -0.000001 0.228524
    19 1.206999 0.000000 -0.000002 0.000002 -0.000001 0.362862
    20 -1.810547 -1.376953 -8.546875 -1.668474 1.286518 2.942953
    21 6.028141 0.000000 -0.000002 1.002543 0.741588 -1.437497
    22 11.692554 0.000000 -0.000001 -0.000002 0.000000 -1.376782
    23 11.481705 -0.000001 -0.000008 -1.163667 0.727604 0.480509
    24 3.859676 -0.132545 1.193109 0.473565 -0.219108 -1.143527
    25 1.312559 -0.000004 -0.000001 0.047900 -0.090990 -1.111184
    26 0.729367 0.000000 -0.000001 0.013393 0.015514 -0.841307
    27 3.942295 0.050347 0.431044 0.145899 -0.109044 -0.920675
    28 1.539106 0.000000 0.000001 0.040823 -0.064360 -1.308311
    29 1.196321 -0.000004 -0.000002 0.003611 0.012231 -1.196050
    30 3.883663 -0.050304 -0.431042 -0.106388 -0.058782 -0.784527
    31 1.719584 0.000002 0.000006 -0.006657 -0.018596 -1.384683
    32 1.209183 0.000004 0.000006 0.006373 -0.004576 -1.241224
    33 3.859833 -0.148919 -1.331283 -0.224378 0.093412 -0.192688
    34 1.719427 0.000008 0.000011 -0.014558 -0.004010 -0.257429
    35 1.099665 0.000002 0.000008 0.110634 -0.098075 -0.165670
    36 0.806023 -0.359832 -1.318336 1.231976 0.260792 -0.733053
    37 1.789780 -0.000006 -0.000006 0.005763 -0.001823 0.129007
    38 1.207001 -0.000002 -0.000006 0.001502 -0.006510 0.586515
    39 -8.131597 -19.065208 -3.088670 1.448325 -0.321218 -0.023027
    40 0.000007 -1.946088 0.068031 0.000000 0.000000 0.000000
    41 0.000007 -3.415848 -1.741976 0.000000 0.000000 0.000000
    42 -0.000028 1.420049 -7.723435 0.000000 0.000000 0.000000
    43 -9.614098 0.000005 38.566917 1.570796 0.000000 -1.570796
  time 104
    0 0.000000 -0.000006 0.000000 -1.570781 -1.391896 -1.570809
    1 -7.253906 8.789063 1.904297 1.596636 -1.286515 2.942963
    2 6.028145 0.000003 0.000002 -0.548810 -0.792258 -2.013392
    3 11.692553 0.000081 -0.000005 -0.000027 0.000036 -1.254746
    4 11.481672 -0.000089 -0.000024 2.255973 -0.537437 0.007991
    5 3.988611 0.033370 -1.223226 -0.468129 0.151538 -0.880197
    6 1.312563 -0.000008 0.000006 0.000000 -0.000003 -0.439723
    7 0.729362 -0.000004 0.000003 0.000001 -0.000003 -0.244304
    8 4.071238 0.222541 -0.462695 -0.151780 0.073202 -0.810991
    9 1.539093 0.000006 -0.000007 -0.000002 0.000006 -0.247791
    10 1.196323 -0.000004 0.000002 0.000001 -0.000007 -0.430811
    11 4.012598 0.129005 0.400192 0.085902 0.021835 -0.587865
    12 1.719578 -0.000011 0.000009 0.000002 0.005514 -0.366480
    13 1.209183 -0.000004 0.000003 0.000000 0.003091 -0.216394
    14 3.988768 0.037824 1.301216 0.354450 -0.042751 -0.531725
    15 1.719431 0.000002 -0.000004 -0.000004 0.004079 -0.363004
    16 1.099676 -0.000006 0.000004 0.000005 0.002595 -0.244332
    17 0.806042 -0.348928 1.321258 -1.222684 -0.679216 -0.788820
    18 1.789782 0.000002 -0.000006 -0.000002 -0.000001 0.228524
    19 1.206999 0.000000 -0.000002 0.000002 -0.000001 0.362862
    20 -1.810547 -1.376953 -8.546875 -1.668474 1.286518 2.942953
    21 6.028141 0.000000 -0.000002 1.007962 0.732251 -1.429444
    22 11.692554 0.000000 -0.000001 -0.000002 0.000000 -1.383244
    23 11.481705 -0.000001 -0.000008 -1.176297 0.713070 0.507229
    24 3.859676 -0.132545 1.193109 0.473565 -0.219108 -1.143527
    25 1.312559 -0.000004 -0.000001 0.047900 -0.090990 -1.111184
    26 0.729367 0.000000 -0.000001 0.013393 0.015514 -0.841307
    27 3.942295 0.050347 0.431044 0.145899 -0.109044 -0.920675
    28 1.539106 0.000000 0.000001 0.040823 -0.064360 -1.308311
    29 1.196321 -0.000004 -0.000002 0.003611 0.012231 -1.196050
    30 3.883663 -0.050304 -0.431042 -0.106388 -0.058782 -0.784527
    31 1.719584 0.000002 0.000006 -0.006657 -0.018596 -1.384683
    32 1.209183 0.000004 0.000006 0.006373 -0.004576 -1.241224
    33 3.859833 -0.148919 -1.331283 -0.223133 0.101035 -0.190333
    34 1.719427 0.000008 0.000011 -0.012892 -0.005904 -0.308134
    35 1.099665 0.000002 0.000008 0.116794 -0.098195 -0.180962
    36 0.806023 -0.359832 -1.318336 1.232108 0.255038 -0.733113
    37 1.789780 -0.000006 -0.000006 0.005835 -0.002590 0.140476
    38 1.207001 -0.000002 -0.000006 0.001178 -0.006654 0.652295
    39 -8.049563 -19.151149 -3.354303 1.482665 -0.293707 -0.026938
    40 0.000007 -1.946088 0.068031 0.000000 0.000000 0.000000
    41 0.000007 -3.415848 -1.741976 0.000000 0.000000 0.000000
    42 -0.000028 1.420049 -7.723435 0.000000 0.000000 0.000000
    43 -9.614098 0.000005 38.566917 1.570796 0.000000 -1.570796
  time 105
    0 0.000000 -0.000006 0.000000 -1.570781 -1.391896 -1.570809
    1 -7.253906 8.789063 1.904297 1.596636 -1.286515 2.942963
    2 6.028145 0.000003 0.000002 -0.548919 -0.792126 -2.013247
    3 11.692553 0.000081 -0.000005 -0.000027 0.000036 -1.220538
    4 11.481672 -0.000089 -0.000024 2.216804 -0.569143 0.015483
    5 3.988611 0.033370 -1.223226 -0.468129 0.151538 -0.880197
    6 1.312563 -0.000008 0.000006 0.000000 -0.000003 -0.439723
    7 0.729362 -0.000004 0.000003 0.000001 -0.000003 -0.244304
    8 4.071238 0.222541 -0.462695 -0.151780 0.073202 -0.810991
    9 1.539093 0.000006 -0.000007 -0.000002 0.000006 -0.247791
    10 1.196323 -0.000004 0.000002 0.000001 -0.000007 -0.430811
    11 4.012598 0.129005 0.400192 0.085902 0.021835 -0.587865
    12 1.719578 -0.000011 0.000009 0.000002 0.005514 -0.366480
    13 1.209183 -0.000004 0.000003 0.000000 0.003091 -0.216394
    14 3.988768 0.037824 1.301216 0.354450 -0.042751 -0.531725
    15 1.719431 0.000002 -0.000004 -0.000004 0.004079 -0.363004
    16 1.099676 -0.000006 0.000004 0.000005 0.002595 -0.244332
    17 0.806042 -0.348928 1.321258 -1.222684 -0.679216 -0.788820
    18 1.789782 0.000002 -0.000006 -0.000002 -0.000001 0.228524
    19 1.206999 0.000000 -0.000002 0.000002 -0.000001 0.362862
    20 -1.810547 -1.376953 -8.546875 -1.668474 1.286518 2.942953
    21 6.028141 0.000000 -0.000002 1.012998 0.724331 -1.422229
    22 11.692554 0.000000 -0.000001 -0.000002 0.000000 -1.386992
    23 11.481705 -0.000001 -0.000008 -1.189533 0.698229 0.531669
    24 3.859676 -0.132545 1.193109 0.473565 -0.219108 -1.143527
    25 1.312559 -0.000004 -0.000001 0.047900 -0.090990 -1.111184
    26 0.729367 0.000000 -0.000001 0.013393 0.015514 -0.841307
    27 3.942295 0.050347 0.431044 0.145899 -0.109044 -0.920675
    28 1.539106 0.000000 0.000001 0.040823 -0.064360 -1.308311
    29 1.196321 -0.000004 -0.000002 0.003611 0.012231 -1.196050
    30 3.883663 -0.050304 -0.431042 -0.106388 -0.058782 -0.784527
    31 1.719584 0.000002 0.000006 -0.006657 -0.018596 -1.384683
    32 1.209183 0.000004 0.000006 0.006373 -0.004576 -1.241224
    33 3.859833 -0.148919 -1.331283 -0.221753 0.109232 -0.187800
    34 1.719427 0.000008 0.000011 -0.010987 -0.007833 -0.362936
    35 1.099665 0.000002 0.000008 0.123433 -0.098207 -0.197429
    36 0.806023 -0.359832 -1.318336 1.232228 0.250057 -0.733173
    37 1.789780 -0.000006 -0.000006 0.005882 -0.003405 0.150471
    38 1.207001 -0.000002 -0.000006 0.000855 -0.006761 0.717101
    39 -7.963623 -19.244901 -3.623842 1.515895 -0.266196 -0.029202
    40 0.000007 -1.946088 0.068031 0.000000 0.000000 0.000000
    41 0.000007 -3.415848 -1.741976 0.000000 0.000000 0.000000
    42 -0.000028 1.420049 -7.723435 0.000000 0.000000 0.000000
    43 -9.614098 0.000005 38.566917 1.570796 0.000000 -1.570796
  time 106
    0 0.000000 -0.000006 0.000000 -1.570781 -1.391896 -1.570809
    1 -7.253906 8.789063 1.904297 1.596636 -1.286515 2.942963
    2 6.028145 0.000003 0.000002 -0.539616 -0.794948 -2.024830
    3 11.692553 0.000081 -0.000005 -0.000027 0.000036 -1.181622
    4 11.481672 -0.000089 -0.000024 2.166503 -0.602305 0.052004
    5 3.988611 0.033370 -1.223226 -0.468129 0.151538 -0.880197
    6 1.312563 -0.000008 0.000006 0.000000 -0.000003 -0.439723
    7 0.729362 -0.000004 0.000003 0.000001 -0.000003 -0.244304
    8 4.071238 0.222541 -0.462695 -0.151780 0.073202 -0.810991
    9 1.539093 0.000006 -0.000007 -0.000002 0.000006 -0.247791
    10 1.196323 -0.000004 0.000002 0.000001 -0.000007 -0.430811
    11 4.012598 0.129005 0.400192 0.085902 0.021835 -0.587865
    12 1.719578 -0.000011 0.000009 0.000002 0.005514 -0.366480
    13 1.209183 -0.000004 0.000003 0.000000 0.003091 -0.216394
    14 3.988768 0.037824 1.301216 0.354450 -0.042751 -0.531725
    15 1.719431 0.000002 -0.000004 -0.000004 0.004079 -0.363004
    16 1.099676 -0.000006 0.000004 0.000005 0.002595 -0.244332
    17 0.806042 -0.348928 1.321258 -1.222684 -0.679216 -0.788820
    18 1.789782 0.000002 -0.000006 -0.000002 -0.000001 0.228524
    19 1.206999 0.000000 -0.000002 0.000002 -0.000001 0.362862
    20 -1.810547 -1.376953 -8.546875 -1.668474 1.286518 2.942953
    21 6.028141 0.000000 -0.000002 1.017651 0.718117 -1.415937
    22 11.692554 0.000000 -0.000001 -0.000002 0.000000 -1.388090
    23 11.481705 -0.000001 -0.000008 -1.203578 0.683219 0.553632
    24 3.859676 -0.132545 1.193109 0.473565 -0.219108 -1.143527
    25 1.312559 -0.000004 -0.000001 0.047900 -0.090990 -1.111184
    26 0.729367 0.000000 -0.000001 0.013393 0.015514 -0.841307
    27 3.942295 0.050347 0.431044 0.145899 -0.109044 -0.920675
    28 1.539106 0.000000 0.000001 0.040823 -0.064360 -1.308311
    29 1.196321 -0.000004 -0.000002 0.003611 0.012231 -1.196050
    30 3.883663 -0.050304 -0.431042 -0.106388 -0.058782 -0.784527
    31 1.719584 0.000002 0.000006 -0.006657 -0.018596 -1.384683
    32 1.209183 0.000004 0.000006 0.006373 -0.004576 -1.241224
    33 3.859833 -0.148919 -1.331283 -0.220298 0.117825 -0.185120
    34 1.719427 0.000008 0.000011 -0.008866 -0.009763 -0.420609
    35 1.099665 0.000002 0.000008 0.130396 -0.098099 -0.214686
    36 0.806023 -0.359832 -1.318336 1.232336 0.245779 -0.733221
    37 1.789780 -0.000006 -0.000006 0.005930 -0.004268 0.159076
    38 1.207001 -0.000002 -0.000006 0.000531 -0.006845 0.780431
    39 -7.877683 -19.350373 -3.885569 1.547508 -0.238893 -0.029820
    40 0.000007 -1.946088 0.068031 0.000000 0.000000 0.000000
    41 0.000007 -3.415848 -1.741976 0.000000 0.000000 0.000000
    42 -0.000028 1.420049 -7.723435 0.000000 0.000000 0.000000
    43 -9.614098 0.000005 38.566917 1.570796 0.000000 -1.570796
  time 107
    0 0.000000 -0.000006 0.000000 -1.570781 -1.391896 -1.570809
    1 -7.253906 8.789063 1.904297 1.596636 -1.286515 2.942963
    2 6.028145 0.000003 0.000002 -0.522634 -0.801024 -2.046549
    3 11.692553 0.000081 -0.000005 -0.000027 0.000036 -1.138439
    4 11.481672 -0.000089 -0.000024 2.103907 -0.632099 0.113442
    5 3.988611 0.033370 -1.223226 -0.468129 0.151538 -0.880197
    6 1.312563 -0.000008 0.000006 0.000000 -0.000003 -0.439723
    7 0.729362 -0.000004 0.000003 0.000001 -0.000003 -0.244304
    8 4.071238 0.222541 -0.462695 -0.151780 0.073202 -0.810991
    9 1.539093 0.000006 -0.000007 -0.000002 0.000006 -0.247791
    10 1.196323 -0.000004 0.000002 0.000001 -0.000007 -0.430811
    11 4.012598 0.129005 0.400192 0.085902 0.021835 -0.587865
    12 1.719578 -0.000011 0.000009 0.000002 0.005514 -0.366480
    13 1.209183 -0.000004 0.000003 0.000000 0.003091 -0.216394
    14 3.988768 0.037824 1.301216 0.354450 -0.042751 -0.531725
    15 1.719431 0.000002 -0.000004 -0.000004 0.004079 -0.363004
    16 1.099676 -0.000006 0.000004 0.000005 0.002595 -0.244332
    17 0.806042 -0.348928 1.321258 -1.222684 -0.679216 -0.788820
    18 1.789782 0.000002 -0.000006 -0.000002 -0.000001 0.228524
    19 1.206999 0.000000 -0.000002 0.000002 -0.000001 0.362862
    20 -1.810547 -1.376953 -8.546875 -1.668474 1.286518 2.942953
    21 6.028141 0.000000 -0.000002 1.021604 0.713835 -1.410904
    22 11.692554 0.000000 -0.000001 -0.000002 0.000000 -1.386669
    23 11.481705 -0.000001 -0.000008 -1.218431 0.668630 0.573087
    24 3.859676 -0.132545 1.193109 0.473565 -0.219108 -1.143527
    25 1.312559 -0.000004 -0.000001 0.047900 -0.090990 -1.111184
    26 0.729367 0.000000 -0.000001 0.013393 0.015514 -0.841307
    27 3.942295 0.050347 0.431044 0.145899 -0.109044 -0.920675
    28 1.539106 0.000000 0.000001 0.040823 -0.064360 -1.308311
    29 1.196321 -0.000004 -0.000002 0.003611 0.012231 -1.196050
    30 3.883663 -0.050304 -0.431042 -0.106388 -0.058782 -0.784527
    31 1.719584 0.000002 0.000006 -0.006657 -0.018596 -1.384683
    32 1.209183 0.000004 0.000006 0.006373 -0.004576 -1.241224
    33 3.859833 -0.148919 -1.331283 -0.218753 0.126670 -0.182350
    34 1.719427 0.000008 0.000011 -0.006565 -0.011632 -0.480139
    35 1.099665 0.000002 0.000008 0.137551 -0.097872 -0.232447
    36 0.806023 -0.359832 -1.318336 1.232420 0.242164 -0.733257
    37 1.789780 -0.000006 -0.000006 0.005966 -0.005143 0.166411
    38 1.207001 -0.000002 -0.000006 0.000196 -0.006893 0.841654
    39 -7.791743 -19.467564 -4.135577 1.576950 -0.212045 -0.029271
    40 0.000007 -1.946088 0.068031 0.000000 0.000000 0.000000
    41 0.000007 -3.415848 -1.741976 0.000000 0.000000 0.000000
    42 -0.000028 1.420049 -7.723435 0.000000 0.000000 0.000000
    43 -9.614098 0.000005 38.566917 1.570796 0.000000 -1.570796
  time 108
    0 0.000000 -0.000006 0.000000 -1.570781 -1.391896 -1.570809
    1 -7.253906 8.789063 1.904297 1.596636 -1.286515 2.942963
    2 6.028145 0.000003 0.000002 -0.499595 -0.810288 -2.076809
    3 11.692553 0.000081 -0.000005 -0.000027 0.000036 -1.091615
    4 11.481672 -0.000089 -0.000024 2.030217 -0.653914 0.193934
    5 3.988611 0.033370 -1.223226 -0.468129 0.151538 -0.880197
    6 1.312563 -0.000008 0.000006 0.000000 -0.000003 -0.439723
    7 0.729362 -0.000004 0.000003 0.000001 -0.000003 -0.244304
    8 4.071238 0.222541 -0.462695 -0.151780 0.073202 -0.810991
    9 1.539093 0.000006 -0.000007 -0.000002 0.000006 -0.247791
    10 1.196323 -0.000004 0.000002 0.000001 -0.000007 -0.430811
    11 4.012598 0.129005 0.400192 0.085902 0.021835 -0.587865
    12 1.719578 -0.000011 0.000009 0.000002 0.005514 -0.366480
    13 1.209183 -0.000004 0.000003 0.000000 0.003091 -0.216394
    14 3.988768 0.037824 1.301216 0.354450 -0.042751 -0.531725
    15 1.719431 0.000002 -0.000004 -0.000004 0.004079 -0.363004
    16 1.099676 -0.000006 0.000004 0.000005 0.002595 -0.244332
    17 0.806042 -0.348928 1.321258 -1.222684 -0.679216 -0.788820
    18 1.789782 0.000002 -0.000006 -0.000002 -0.000001 0.228524
    19 1.206999 0.000000 -0.000002 0.000002 -0.000001 0.362862
    20 -1.810547 -1.376953 -8.546875 -1.668474 1.286518 2.942953
    21 6.028141 0.000000 -0.000002 1.024600 0.711710 -1.407464
    22 11.692554 0.000000 -0.000001 -0.000002 0.000000 -1.382921
    23 11.481705 -0.000001 -0.000008 -1.234193 0.655328 0.589837
    24 3.859676 -0.132545 1.193109 0.473565 -0.219108 -1.143527
    25 1.312559 -0.000004 -0.000001 0.047900 -0.090990 -1.111184
    26 0.729367 0.000000 -0.000001 0.013393 0.015514 -0.841307
    27 3.942295 0.050347 0.431044 0.145899 -0.109044 -0.920675
    28 1.539106 0.000000 0.000001 0.040823 -0.064360 -1.308311
    29 1.196321 -0.000004 -0.000002 0.003611 0.012231 -1.196050
    30 3.883663 -0.050304 -0.431042 -0.106388 -0.058782 -0.784527
    31 1.719584 0.000002 0.000006 -0.006657 -0.018596 -1.384683
    32 1.209183 0.000004 0.000006 0.006373 -0.004576 -1.241224
    33 3.859833 -0.148919 -1.331283 -0.217194 0.135574 -0.179536
    34 1.719427 0.000008 0.000011 -0.004132 -0.013370 -0.540263
    35 1.099665 0.000002 0.000008 0.144766 -0.097512 -0.250351
    36 0.806023 -0.359832 -1.318336 1.232492 0.239145 -0.733293
    37 1.789780 -0.000006 -0.000006 0.006002 -0.006029 0.172559
    38 1.207001 -0.000002 -0.000006 -0.000104 -0.006917 0.900242
    39 -7.701897 -19.584756 -4.362146 1.603816 -0.185860 -0.027899
    40 0.000007 -1.946088 0.068031 0.000000 0.000000 0.000000
    41 0.000007 -3.415848 -1.741976 0.000000 0.000000 0.000000
    42 -0.000028 1.420049 -7.723435 0.000000 0.000000 0.000000
    43 -9.614098 0.000005 38.566917 1.570796 0.000000 -1.570796
  time 109
    0 0.000000 -0.000006 0.000000 -1.570781 -1.391896 -1.570809
    1 -7.253906 8.789063 1.904297 1.596636 -1.286515 2.942963
    2 6.028145 0.000003 0.000002 -0.471580 -0.822440 -2.114454
    3 11.692553 0.000081 -0.000005 -0.000015 0.000036 -1.041715
    4 11.481672 -0.000089 -0.000024 1.949854 -0.664806 0.285216
    5 3.988611 0.033370 -1.223226 -0.468129 0.151538 -0.880197
    6 1.312563 -0.000008 0.000006 0.000000 -0.000003 -0.439723
    7 0.729362 -0.000004 0.000003 0.000001 -0.000003 -0.244304
    8 4.071238 0.222541 -0.462695 -0.151780 0.073202 -0.810991
    9 1.539093 0.000006 -0.000007 -0.000002 0.000006 -0.247791
    10 1.196323 -0.000004 0.000002 0.000001 -0.000007 -0.430811
    11 4.012598 0.129005 0.400192 0.085902 0.021835 -0.587865
    12 1.719578 -0.000011 0.000009 0.000002 0.005514 -0.366480
    13 1.209183 -0.000004 0.000003 0.000000 0.003091 -0.216394
    14 3.988768 0.037824 1.301216 0.354450 -0.042751 -0.531725
    15 1.719431 0.000002 -0.000004 -0.000004 0.004079 -0.363004
    16 1.099676 -0.000006 0.000004 0.000005 0.002595 -0.244332
    17 0.806042 -0.348928 1.321258 -1.222684 -0.679216 -0.788820
    18 1.789782 0.000002 -0.000006 -0.000002 -0.000001 0.228524
    19 1.206999 0.000000 -0.000002 0.000002 -0.000001 0.362862
    20 -1.810547 -1.376953 -8.546875 -1.668474 1.286518 2.942953
    21 6.028141 0.000000 -0.000002 1.026576 0.711839 -1.405703
    22 11.692554 0.000000 -0.000001 -0.000002 0.000000 -1.376847
    23 11.481705 -0.000001 -0.000008 -1.251016 0.643623 0.603282
    24 3.859676 -0.132545 1.193109 0.473565 -0.219108 -1.143527
    25 1.312559 -0.000004 -0.000001 0.047900 -0.090990 -1.111184
    26 0.729367 0.000000 -0.000001 0.013393 0.015514 -0.841307
    27 3.942295 0.050347 0.431044 0.145899 -0.109044 -0.920675
    28 1.539106 0.000000 0.000001 0.040823 -0.064360 -1.308311
    29 1.196321 -0.000004 -0.000002 0.003611 0.012231 -1.196050
    30 3.883663 -0.050304 -0.431042 -0.106388 -0.058782 -0.784527
    31 1.719584 0.000002 0.000006 -0.006657 -0.018596 -1.384683
    32 1.209183 0.000004 0.000006 0.006373 -0.004576 -1.241224
    33 3.859833 -0.148919 -1.331283 -0.215604 0.144407 -0.176722
    34 1.719427 0.000008 0.000011 -0.001627 -0.014940 -0.599792
    35 1.099665 0.000002 0.000008 0.151909 -0.097033 -0.268088
    36 0.806023 -0.359832 -1.318336 1.232552 0.236682 -0.733329
    37 1.789780 -0.000006 -0.000006 0.006026 -0.006892 0.177641
    38 1.207001 -0.000002 -0.000006 -0.000415 -0.006929 0.955616
    39 -7.608144 -19.709759 -4.553558 1.627148 -0.160503 -0.025909
    40 0.000007 -1.946088 0.068031 0.000000 0.000000 0.000000
    41 0.000007 -3.415848 -1.741976 0.000000 0.000000 0.000000
    42 -0.000028 1.420049 -7.723435 0.000000 0.000000 0.000000
    43 -9.614098 0.000005 38.566917 1.570796 0.000000 -1.570796
  time 110
    0 0.000000 -0.000006 0.000000 -1.570781 -1.391896 -1.570809
    1 -7.253906 8.789063 1.904297 1.596636 -1.286515 2.942963
    2 6.028145 0.000003 0.000002 -0.438805 -0.836950 -2.158759
    3 11.692553 0.000081 -0.000005 -0.000015 0.000024 -0.988991
    4 11.481672 -0.000089 -0.000024 1.869492 -0.663896 0.376865
    5 3.988611 0.033370 -1.223226 -0.466703 0.123890 -0.961463
    6 1.312563 -0.000008 0.000006 0.014885 0.004611 -0.410165
    7 0.729362 -0.000004 0.000003 0.008378 0.018357 -0.325885
    8 4.071238 0.222541 -0.462695 -0.146926 0.052708 -0.875708
    9 1.539093 0.000006 -0.000007 0.012833 -0.007736 -0.311431
    10 1.196323 -0.000004 0.000002 0.015437 0.000520 -0.490594
    11 4.012598 0.129005 0.400192 0.089629 0.002756 -0.657556
    12 1.719578 -0.000011 0.000009 0.014324 -0.022110 -0.448167
    13 1.209183 -0.000004 0.000003 0.019763 -0.015173 -0.272651
    14 3.988768 0.037824 1.301216 0.360862 -0.062705 -0.616273
    15 1.719431 0.000002 -0.000004 0.019322 -0.050873 -0.450172
    16 1.099676 -0.000006 0.000004 0.027042 -0.030506 -0.292263
    17 0.806042 -0.348928 1.321258 -1.218310 -0.633657 -0.800180
    18 1.789782 0.000002 -0.000006 -0.001824 0.007118 0.251810
    19 1.206999 0.000000 -0.000002 -0.000849 0.000562 0.427211
    20 -1.810547 -1.376953 -8.546875 -1.668474 1.286518 2.942953
    21 6.028141 0.000000 -0.000002 1.027915 0.714254 -1.405367
    22 11.692554 0.000000 -0.000001 -0.000002 0.000000 -1.368770
    23 11.481705 -0.000001 -0.000008 -1.268951 0.633682 0.612455
    24 3.859676 -0.132545 1.193109 0.473565 -0.219108 -1.143527
    25 1.312559 -0.000004 -0.000001 0.047900 -0.090990 -1.111184
    26 0.729367 0.000000 -0.000001 0.013393 0.015514 -0.841307
    27 3.942295 0.050347 0.431044 0.145899 -0.109044 -0.920675
    28 1.539106 0.000000 0.000001 0.040823 -0.064360 -1.308311
    29 1.196321 -0.000004 -0.000002 0.003611 0.012231 -1.196050
    30 3.883663 -0.050304 -0.431042 -0.106388 -0.058782 -0.784527
    31 1.719584 0.000002 0.000006 -0.006657 -0.018596 -1.384683
    32 1.209183 0.000004 0.000006 0.006373 -0.004576 -1.241224
    33 3.859833 -0.148919 -1.331283 -0.214029 0.152988 -0.173982
    34 1.719427 0.000008 0.000011 0.000878 -0.016330 -0.657536
    35 1.099665 0.000002 0.000008 0.158848 -0.096445 -0.285345
    36 0.806023 -0.359832 -1.318336 1.232600 0.234705 -0.733353
    37 1.789780 -0.000006 -0.000006 0.006050 -0.007743 0.181751
    38 1.207001 -0.000002 -0.000006 -0.000691 -0.006905 1.007276
    39 -7.518297 -19.834763 -4.705907 1.645833 -0.136224 -0.023508
    40 0.000007 -1.946088 0.068031 0.000000 0.000000 0.000000
    41 0.000007 -3.415848 -1.741976 0.000000 0.000000 0.000000
    42 -0.000028 1.420049 -7.723435 0.000000 0.000000 0.000000
    43 -9.614098 0.000005 38.566917 1.570796 0.000000 -1.570796
  time 111
    0 0.000000 -0.000006 0.000000 -1.570781 -1.391896 -1.570809
    1 -7.253906 8.789063 1.904297 1.596636 -1.286515 2.942963
    2 6.028145 0.000003 0.000002 -0.403597 -0.853353 -2.206900
    3 11.692553 0.000081 -0.000005 -0.000015 0.000024 -0.936392
    4 11.481672 -0.000089 -0.000024 1.796364 -0.652215 0.459597
    5 3.988611 0.033370 -1.223226 -0.453879 0.057687 -1.158924
    6 1.312563 -0.000008 0.000006 0.051030 0.013863 -0.339149
    7 0.729362 -0.000004 0.000003 0.022328 0.065433 -0.524272
    8 4.071238 0.222541 -0.462695 -0.129800 0.004770 -1.032417
    9 1.539093 0.000006 -0.000007 0.045671 -0.022944 -0.465507
    10 1.196323 -0.000004 0.000002 0.052326 0.005602 -0.634700
    11 4.012598 0.129005 0.400192 0.104107 -0.042007 -0.826807
    12 1.719578 -0.000011 0.000009 0.058439 -0.083843 -0.649570
    13 1.209183 -0.000004 0.000003 0.071476 -0.054399 -0.409907
    14 3.988768 0.037824 1.301216 0.383441 -0.108546 -0.823653
    15 1.719431 0.000002 -0.000004 0.087540 -0.177246 -0.672081
    16 1.099676 -0.000006 0.000004 0.098866 -0.104655 -0.412054
    17 0.806042 -0.348928 1.321258 -1.210759 -0.524180 -0.825209
    18 1.789782 0.000002 -0.000006 -0.005539 0.024292 0.307418
    19 1.206999 0.000000 -0.000002 -0.002767 0.002168 0.582528
    20 -1.810547 -1.376953 -8.546875 -1.668474 1.286518 2.942953
    21 6.028141 0.000000 -0.000002 1.027213 0.719244 -1.407548
    22 11.692554 0.000000 -0.000001 -0.000002 0.000000 -1.357785
    23 11.481705 -0.000001 -0.000008 -1.288553 0.626653 0.615446
    24 3.859676 -0.132545 1.193109 0.473565 -0.219108 -1.143527
    25 1.312559 -0.000004 -0.000001 0.047900 -0.090990 -1.111184
    26 0.729367 0.000000 -0.000001 0.013393 0.015514 -0.841307
    27 3.942295 0.050347 0.431044 0.145899 -0.109044 -0.920675
    28 1.539106 0.000000 0.000001 0.040823 -0.064360 -1.308311
    29 1.196321 -0.000004 -0.000002 0.003611 0.012231 -1.196050
    30 3.883663 -0.050304 -0.431042 -0.106388 -0.058782 -0.784527
    31 1.719584 0.000002 0.000006 -0.006657 -0.018596 -1.384683
    32 1.209183 0.000004 0.000006 0.006373 -0.004576 -1.241224
    33 3.859833 -0.148919 -1.331283 -0.212514 0.161161 -0.171346
    34 1.719427 0.000008 0.000011 0.003347 -0.017505 -0.712338
    35 1.099665 0.000002 0.000008 0.165439 -0.095774 -0.301787
    36 0.806023 -0.359832 -1.318336 1.232636 0.233162 -0.733365
    37 1.789780 -0.000006 -0.000006 0.006062 -0.008546 0.184999
    38 1.207001 -0.000002 -0.000006 -0.000955 -0.006881 1.054642
    39 -7.412825 -19.955861 -4.803566 1.658559 -0.113271 -0.020695
    40 0.000007 -1.946088 0.068031 0.000000 0.000000 0.000000
    41 0.000007 -3.415848 -1.741976 0.000000 0.000000 0.000000
    42 -0.000028 1.420049 -7.723435 0.000000 0.000000 0.000000
    43 -9.614098 0.000005 38.566917 1.570796 0.000000 -1.570796
  time 112
    0 0.000000 -0.000006 0.000000 -1.570781 -1.391896 -1.570809
    1 -7.253906 8.789063 1.904297 1.596636 -1.286515 2.942963
    2 6.028145 0.000003 0.000002 -0.365901 -0.871117 -2.258517
    3 11.692553 0.000081 -0.000005 -0.000015 0.000024 -0.884484
    4 11.481672 -0.000089 -0.000024 1.736992 -0.633737 0.523640
    5 3.988611 0.033370 -1.223226 -0.421473 -0.017049 -1.398523
    6 1.312563 -0.000008 0.000006 0.094978 0.021509 -0.253884
    7 0.729362 -0.000004 0.000003 0.026427 0.124565 -0.764312
    8 4.071238 0.222541 -0.462695 -0.099575 -0.048454 -1.222279
    9 1.539093 0.000006 -0.000007 0.087653 -0.034294 -0.651339
    10 1.196323 -0.000004 0.000002 0.095111 0.018617 -0.807426
    11 4.012598 0.129005 0.400192 0.131324 -0.091719 -1.032147
    12 1.719578 -0.000011 0.000009 0.127434 -0.144701 -0.898325
    13 1.209183 -0.000004 0.000003 0.140172 -0.091551 -0.577675
    14 3.988768 0.037824 1.301216 0.422906 -0.156269 -1.077374
    15 1.719431 0.000002 -0.000004 0.209735 -0.305163 -0.962307
    16 1.099676 -0.000006 0.000004 0.197260 -0.181285 -0.564273
    17 0.806042 -0.348928 1.321258 -1.206121 -0.392893 -0.852316
    18 1.789782 0.000002 -0.000006 -0.008703 0.045049 0.373801
    19 1.206999 0.000000 -0.000002 -0.004696 0.004457 0.769248
    20 -1.810547 -1.376953 -8.546875 -1.668474 1.286518 2.942953
    21 6.028141 0.000000 -0.000002 1.024855 0.726939 -1.412162
    22 11.692554 0.000000 -0.000001 -0.000002 0.000000 -1.343441
    23 11.481705 -0.000001 -0.000008 -1.310327 0.622649 0.609805
    24 3.859676 -0.132545 1.193109 0.473565 -0.219108 -1.143527
    25 1.312559 -0.000004 -0.000001 0.047900 -0.090990 -1.111184
    26 0.729367 0.000000 -0.000001 0.013393 0.015514 -0.841307
    27 3.942295 0.050347 0.431044 0.145899 -0.109044 -0.920675
    28 1.539106 0.000000 0.000001 0.040823 -0.064360 -1.308311
    29 1.196321 -0.000004 -0.000002 0.003611 0.012231 -1.196050
    30 3.883663 -0.050304 -0.431042 -0.106388 -0.058782 -0.784527
    31 1.719584 0.000002 0.000006 -0.006657 -0.018596 -1.384683
    32 1.209183 0.000004 0.000006 0.006373 -0.004576 -1.241224
    33 3.859833 -0.148919 -1.331283 -0.211089 0.168760 -0.168887
    34 1.719427 0.000008 0.000011 0.005672 -0.018464 -0.763077
    35 1.099665 0.000002 0.000008 0.171563 -0.095043 -0.317079
    36 0.806023 -0.359832 -1.318336 1.232671 0.232011 -0.733377
    37 1.789780 -0.000006 -0.000006 0.006074 -0.009289 0.187468
    38 1.207001 -0.000002 -0.000006 -0.001194 -0.006833 1.097266
    39 -7.303447 -20.076958 -4.834817 1.663407 -0.091768 -0.017676
    40 0.000007 -1.946088 0.068031 0.000000 0.000000 0.000000
    41 0.000007 -3.415848 -1.741976 0.000000 0.000000 0.000000
    42 -0.000028 1.420049 -7.723435 0.000000 0.000000 0.000000
    43 -9.614098 0.000005 38.566917 1.570796 0.000000 -1.570796
  time 113
    0 0.000000 -0.000006 0.000000 -1.570781 -1.391896 -1.570809
    1 -7.253906 8.789063 1.904297 1.596636 -1.286515 2.942963
    2 6.028145 0.000003 0.000002 -0.324744 -0.890375 -2.314622
    3 11.692553 0.000081 -0.000005 -0.000015 0.000024 -0.832450
    4 11.481672 -0.000089 -0.000024 1.696998 -0.613470 0.558981
    5 3.988611 0.033370 -1.223226 -0.381768 -0.071567 -1.598918
    6 1.312563 -0.000008 0.000006 0.132130 0.025009 -0.182337
    7 0.729362 -0.000004 0.000003 0.018949 0.173102 -0.964368
    8 4.071238 0.222541 -0.462695 -0.067073 -0.087679 -1.381715
    9 1.539093 0.000006 -0.000007 0.123703 -0.037686 -0.806200
    10 1.196323 -0.000004 0.000002 0.128596 0.034916 -0.950739
    11 4.012598 0.129005 0.400192 0.161405 -0.128032 -1.204405
    12 1.719578 -0.000011 0.000009 0.195003 -0.180822 -1.108338
    13 1.209183 -0.000004 0.000003 0.201629 -0.113303 -0.719412
    14 3.988768 0.037824 1.301216 0.464133 -0.187201 -1.289840
    15 1.719431 0.000002 -0.000004 0.339652 -0.379969 -1.220174
    16 1.099676 -0.000006 0.000004 0.288510 -0.232830 -0.697962
    17 0.806042 -0.348928 1.321258 -1.205234 -0.283255 -0.873497
    18 1.789782 0.000002 -0.000006 -0.010297 0.062547 0.429374
    19 1.206999 0.000000 -0.000002 -0.005954 0.006615 0.924564
    20 -1.810547 -1.376953 -8.546875 -1.668474 1.286518 2.942953
    21 6.028141 0.000000 -0.000002 1.021094 0.737403 -1.418957
    22 11.692554 0.000000 -0.000001 -0.000002 0.000000 -1.324961
    23 11.481705 -0.000001 -0.000008 -1.335941 0.622369 0.590036
    24 3.859676 -0.132545 1.193109 0.473565 -0.219108 -1.143527
    25 1.312559 -0.000004 -0.000001 0.047900 -0.090990 -1.111184
    26 0.729367 0.000000 -0.000001 0.013393 0.015514 -0.841307
    27 3.942295 0.050347 0.431044 0.145899 -0.109044 -0.920675
    28 1.539106 0.000000 0.000001 0.040823 -0.064360 -1.308311
    29 1.196321 -0.000004 -0.000002 0.003611 0.012231 -1.196050
    30 3.883663 -0.050304 -0.431042 -0.106388 -0.058782 -0.784527
    31 1.719584 0.000002 0.000006 -0.006657 -0.018596 -1.384683
    32 1.209183 0.000004 0.000006 0.006373 -0.004576 -1.241224
    33 3.859833 -0.148919 -1.331283 -0.209769 0.175627 -0.166651
    34 1.719427 0.000008 0.000011 0.007805 -0.019231 -0.808705
    35 1.099665 0.000002 0.000008 0.177088 -0.094312 -0.330885
    36 0.806023 -0.359832 -1.318336 1.232683 0.231185 -0.733389
    37 1.789780 -0.000006 -0.000006 0.006086 -0.009960 0.189290
    38 1.207001 -0.000002 -0.000006 -0.001398 -0.006785 1.134622
    39 -7.182349 -20.190243 -4.791847 1.656337 -0.072046 -0.014588
    40 0.000007 -1.946088 0.068031 0.000000 0.000000 0.000000
    41 0.000007 -3.415848 -1.741976 0.000000 0.000000 0.000000
    42 -0.000028 1.420049 -7.723435 0.000000 0.000000 0.000000
    43 -9.614098 0.000005 38.566917 1.570796 0.000000 -1.570796
  time 114
    0 0.000000 -0.000006 0.000000 -1.570781 -1.391896 -1.570809
    1 -7.253906 8.789063 1.904297 1.596636 -1.286515 2.942963
    2 6.028145 0.000003 0.000002 -0.285858 -0.908238 -2.367107
    3 11.692553 0.000081 -0.000005 -0.000015 0.000024 -0.787823
    4 11.481672 -0.000089 -0.000024 1.673609 -0.597207 0.570136
    5 3.988611 0.033370 -1.223226 -0.362413 -0.091426 -1.681954
    6 1.312563 -0.000008 0.000006 0.147710 0.025680 -0.152400
    7 0.729362 -0.000004 0.000003 0.013016 0.192434 -1.047146
    8 4.071238 0.222541 -0.462695 -0.051828 -0.102300 -1.448180
    9 1.539093 0.000006 -0.000007 0.138708 -0.037446 -0.870374
    10 1.196323 -0.000004 0.000002 0.141743 0.043054 -1.010023
    11 4.012598 0.129005 0.400192 0.175631 -0.141431 -1.276093
    12 1.719578 -0.000011 0.000009 0.224785 -0.191429 -1.195448
    13 1.209183 -0.000004 0.000003 0.227947 -0.119739 -0.778646
    14 3.988768 0.037824 1.301216 0.482877 -0.197268 -1.377640
    15 1.719431 0.000002 -0.000004 0.398505 -0.400737 -1.329311
    16 1.099676 -0.000006 0.000004 0.328575 -0.250567 -0.755122
    17 0.806042 -0.348928 1.321258 -1.205582 -0.237560 -0.882107
    18 1.789782 0.000002 -0.000006 -0.010668 0.069893 0.452648
    19 1.206999 0.000000 -0.000002 -0.006374 0.007549 0.988913
    20 -1.810547 -1.376953 -8.546875 -1.668474 1.286518 2.942953
    21 6.028141 0.000000 -0.000002 1.016121 0.750217 -1.427514
    22 11.692554 0.000000 -0.000001 -0.000002 0.000000 -1.305124
    23 11.481705 -0.000001 -0.000008 -1.362616 0.623405 0.564257
    24 3.859676 -0.132545 1.193109 0.473565 -0.219108 -1.143527
    25 1.312559 -0.000004 -0.000001 0.047900 -0.090990 -1.111184
    26 0.729367 0.000000 -0.000001 0.013393 0.015514 -0.841307
    27 3.942295 0.050347 0.431044 0.145899 -0.109044 -0.920675
    28 1.539106 0.000000 0.000001 0.040823 -0.064360 -1.308311
    29 1.196321 -0.000004 -0.000002 0.003611 0.012231 -1.196050
    30 3.883663 -0.050304 -0.431042 -0.106388 -0.058782 -0.784527
    31 1.719584 0.000002 0.000006 -0.006657 -0.018596 -1.384683
    32 1.209183 0.000004 0.000006 0.006373 -0.004576 -1.241224
    33 3.859833 -0.148919 -1.331283 -0.208614 0.181607 -0.164681
    34 1.719427 0.000008 0.000011 0.009687 -0.019818 -0.848169
    35 1.099665 0.000002 0.000008 0.181894 -0.093617 -0.342893
    36 0.806023 -0.359832 -1.318336 1.232695 0.230630 -0.733400
    37 1.789780 -0.000006 -0.000006 0.006098 -0.010548 0.190536
    38 1.207001 -0.000002 -0.000006 -0.001578 -0.006737 1.166260
    39 -7.061252 -20.295715 -4.678562 1.642651 -0.054189 -0.011432
    40 0.000007 -1.946088 0.068031 0.000000 0.000000 0.000000
    41 0.000007 -3.415848 -1.741976 0.000000 0.000000 0.000000
    42 -0.000028 1.420049 -7.723435 0.000000 0.000000 0.000000
    43 -9.614098 0.000005 38.566917 1.570796 0.000000 -1.570796
  time 115
    0 0.000000 -0.000006 0.000000 -1.570781 -1.391896 -1.570809
    1 -7.253906 8.789063 1.904297 1.596636 -1.286515 2.942963
    2 6.028145 0.000003 0.000002 -0.257302 -0.922649 -2.405693
    3 11.692553 0.000081 -0.000005 -0.000015 0.000024 -0.757193
    4 11.481672 -0.000089 -0.000024 1.664088 -0.588803 0.559632
    5 3.988611 0.033370 -1.223226 -0.362413 -0.091426 -1.681954
    6 1.312563 -0.000008 0.000006 0.147710 0.025680 -0.152400
    7 0.729362 -0.000004 0.000003 0.013016 0.192434 -1.047146
    8 4.071238 0.222541 -0.462695 -0.051828 -0.102300 -1.448180
    9 1.539093 0.000006 -0.000007 0.138708 -0.037446 -0.870374
    10 1.196323 -0.000004 0.000002 0.141743 0.043054 -1.010023
    11 4.012598 0.129005 0.400192 0.175631 -0.141431 -1.276093
    12 1.719578 -0.000011 0.000009 0.224773 -0.191429 -1.195448
    13 1.209183 -0.000004 0.000003 0.227947 -0.119739 -0.778646
    14 3.988768 0.037824 1.301216 0.482877 -0.197268 -1.377640
    15 1.719431 0.000002 -0.000004 0.398505 -0.400737 -1.329311
    16 1.099676 -0.000006 0.000004 0.328575 -0.250567 -0.755122
    17 0.806042 -0.348928 1.321258 -1.205582 -0.237560 -0.882107
    18 1.789782 0.000002 -0.000006 -0.010668 0.069893 0.452648
    19 1.206999 0.000000 -0.000002 -0.006374 0.007549 0.988913
    20 -1.810547 -1.376953 -8.546875 -1.668474 1.286518 2.942953
    21 6.028141 0.000000 -0.000002 1.010384 0.764222 -1.437162
    22 11.692554 0.000000 -0.000001 -0.000002 0.000000 -1.286256
    23 11.481705 -0.000001 -0.000008 -1.387927 0.624329 0.538734
    24 3.859676 -0.132545 1.193109 0.473565 -0.219108 -1.143527
    25 1.312559 -0.000004 -0.000001 0.047900 -0.090990 -1.111184
    26 0.729367 0.000000 -0.000001 0.013393 0.015514 -0.841307
    27 3.942295 0.050347 0.431044 0.145899 -0.109044 -0.920675
    28 1.539106 0.000000 0.000001 0.040823 -0.064360 -1.308311
    29 1.196321 -0.000004 -0.000002 0.003611 0.012231 -1.196050
    30 3.883663 -0.050304 -0.431042 -0.106388 -0.058782 -0.784527
    31 1.719584 0.000002 0.000006 -0.006657 -0.018596 -1.384683
    32 1.209183 0.000004 0.000006 0.006373 -0.004576 -1.241224
    33 3.859833 -0.148919 -1.331283 -0.207639 0.186545 -0.163066
    34 1.719427 0.000008 0.000011 0.011233 -0.020249 -0.880525
    35 1.099665 0.000002 0.000008 0.185837 -0.092994 -0.352792
    36 0.806023 -0.359832 -1.318336 1.232707 0.230292 -0.733400
    37 1.789780 -0.000006 -0.000006 0.006098 -0.011027 0.191339
    38 1.207001 -0.000002 -0.000006 -0.001722 -0.006702 1.191708
    39 -6.944061 -20.393374 -4.518401 1.626946 -0.038528 -0.008482
    40 0.000007 -1.946088 0.068031 0.000000 0.000000 0.000000
    41 0.000007 -3.415848 -1.741976 0.000000 0.000000 0.000000
    42 -0.000028 1.420049 -7.723435 0.000000 0.000000 0.000000
    43 -9.614098 0.000005 38.566917 1.570796 0.000000 -1.570796
  time 116
    0 0.000000 -0.000006 0.000000 -1.570781 -1.391896 -1.570809
    1 -7.253906 8.789063 1.904297 1.596636 -1.286515 2.942963
    2 6.028145 0.000003 0.000002 -0.235994 -0.934735 -2.434578
    3 11.692553 0.000081 -0.000005 -0.000015 0.000024 -0.736229
    4 11.481672 -0.000089 -0.000024 1.662364 -0.585344 0.539071
    5 3.988611 0.033370 -1.223226 -0.362413 -0.091426 -1.681954
    6 1.312563 -0.000008 0.000006 0.147710 0.025680 -0.152400
    7 0.729362 -0.000004 0.000003 0.013016 0.192434 -1.047146
    8 4.071238 0.222541 -0.462695 -0.051828 -0.102300 -1.448180
    9 1.539093 0.000006 -0.000007 0.138708 -0.037446 -0.870374
    10 1.196323 -0.000004 0.000002 0.141743 0.043054 -1.010023
    11 4.012598 0.129005 0.400192 0.175631 -0.141431 -1.276093
    12 1.719578 -0.000011 0.000009 0.224785 -0.191429 -1.195448
    13 1.209183 -0.000004 0.000003 0.227947 -0.119739 -0.778646
    14 3.988768 0.037824 1.301216 0.482877 -0.197268 -1.377640
    15 1.719431 0.000002 -0.000004 0.398505 -0.400737 -1.329311
    16 1.099676 -0.000006 0.000004 0.328575 -0.250567 -0.755122
    17 0.806042 -0.348928 1.321258 -1.205594 -0.237560 -0.882107
    18 1.789782 0.000002 -0.000006 -0.010668 0.069893 0.452648
    19 1.206999 0.000000 -0.000002 -0.006374 0.007549 0.988913
    20 -1.810547 -1.376953 -8.546875 -1.668474 1.286518 2.942953
    21 6.028141 0.000000 -0.000002 1.004073 0.778356 -1.447396
    22 11.692554 0.000000 -0.000001 -0.000002 0.000000 -1.269003
    23 11.481705 -0.000001 -0.000008 -1.410711 0.624945 0.515319
    24 3.859676 -0.132545 1.193109 0.473565 -0.219108 -1.143527
    25 1.312559 -0.000004 -0.000001 0.047900 -0.090990 -1.111184
    26 0.729367 0.000000 -0.000001 0.013393 0.015514 -0.841307
    27 3.942295 0.050347 0.431044 0.145899 -0.109044 -0.920675
    28 1.539106 0.000000 0.000001 0.040823 -0.064360 -1.308311
    29 1.196321 -0.000004 -0.000002 0.003611 0.012231 -1.196050
    30 3.883663 -0.050304 -0.431042 -0.106388 -0.058782 -0.784527
    31 1.719584 0.000002 0.000006 -0.006657 -0.018596 -1.384683
    32 1.209183 0.000004 0.000006 0.006373 -0.004576 -1.241224
    33 3.859833 -0.148919 -1.331283 -0.206904 0.190260 -0.161837
    34 1.719427 0.000008 0.000011 0.012407 -0.020525 -0.904827
    35 1.099665 0.000002 0.000008 0.188809 -0.092502 -0.360247
    36 0.806023 -0.359832 -1.318336 1.232707 0.230116 -0.733400
    37 1.789780 -0.000006 -0.000006 0.006110 -0.011398 0.191782
    38 1.207001 -0.000002 -0.000006 -0.001818 -0.006666 1.210491
    39 -6.826870 -20.475408 -4.330895 1.611038 -0.025228 -0.005806
    40 0.000007 -1.946088 0.068031 0.000000 0.000000 0.000000
    41 0.000007 -3.415848 -1.741976 0.000000 0.000000 0.000000
    42 -0.000028 1.420049 -7.723435 0.000000 0.000000 0.000000
    43 -9.614098 0.000005 38.566917 1.570796 0.000000 -1.570796
  time 117
    0 0.000000 -0.000006 0.000000 -1.570781 -1.391896 -1.570809
    1 -7.253906 8.789063 1.904297 1.596636 -1.286515 2.942963
    2 6.028145 0.000003 0.000002 -0.214847 -0.945758 -2.462812
    3 11.692553 0.000081 -0.000005 -0.000003 0.000024 -0.717713
    4 11.481672 -0.000089 -0.000024 1.662214 -0.582037 0.521279
    5 3.988611 0.033370 -1.223226 -0.362413 -0.091426 -1.681954
    6 1.312563 -0.000008 0.000006 0.147710 0.025680 -0.152400
    7 0.729362 -0.000004 0.000003 0.013016 0.192434 -1.047146
    8 4.071238 0.222541 -0.462695 -0.051828 -0.102300 -1.448180
    9 1.539093 0.000006 -0.000007 0.138708 -0.037446 -0.870374
    10 1.196323 -0.000004 0.000002 0.141743 0.043054 -1.010023
    11 4.012598 0.129005 0.400192 0.175631 -0.141431 -1.276093
    12 1.719578 -0.000011 0.000009 0.224773 -0.191429 -1.195448
    13 1.209183 -0.000004 0.000003 0.227947 -0.119739 -0.778646
    14 3.988768 0.037824 1.301216 0.482877 -0.197268 -1.377640
    15 1.719431 0.000002 -0.000004 0.398505 -0.400737 -1.329311
    16 1.099676 -0.000006 0.000004 0.328575 -0.250567 -0.755122
    17 0.806042 -0.348928 1.321258 -1.205582 -0.237560 -0.882107
    18 1.789782 0.000002 -0.000006 -0.010668 0.069893 0.452648
    19 1.206999 0.000000 -0.000002 -0.006374 0.007549 0.988913
    20 -1.810547 -1.376953 -8.546875 -1.668474 1.286518 2.942953
    21 6.028141 0.000000 -0.000002 0.997507 0.791460 -1.457547
    22 11.692554 0.000000 -0.000001 -0.000002 0.000000 -1.253754
    23 11.481705 -0.000001 -0.000008 -1.430162 0.625421 0.494752
    24 3.859676 -0.132545 1.193109 0.473565 -0.219108 -1.143527
    25 1.312559 -0.000004 -0.000001 0.047900 -0.090990 -1.111184
    26 0.729367 0.000000 -0.000001 0.013393 0.015514 -0.841307
    27 3.942295 0.050347 0.431044 0.145899 -0.109044 -0.920675
    28 1.539106 0.000000 0.000001 0.040823 -0.064360 -1.308311
    29 1.196321 -0.000004 -0.000002 0.003611 0.012231 -1.196050
    30 3.883663 -0.050304 -0.431042 -0.106388 -0.058782 -0.784527
    31 1.719584 0.000002 0.000006 -0.006657 -0.018596 -1.384683
    32 1.209183 0.000004 0.000006 0.006373 -0.004576 -1.241224
    33 3.859833 -0.148919 -1.331283 -0.206439 0.192609 -0.161052
    34 1.719427 0.000008 0.000011 0.013150 -0.020693 -0.920129
    35 1.099665 0.000002 0.000008 0.190691 -0.092179 -0.364968
    36 0.806023 -0.359832 -1.318336 1.232719 0.230048 -0.733400
    37 1.789780 -0.000006 -0.000006 0.006110 -0.011626 0.191974
    38 1.207001 -0.000002 -0.000006 -0.001890 -0.006642 1.222109
    39 -6.721398 -20.545722 -4.147296 1.596191 -0.014497 -0.003473
    40 0.000007 -1.946088 0.068031 0.000000 0.000000 0.000000
    41 0.000007 -3.415848 -1.741976 0.000000 0.000000 0.000000
    42 -0.000028 1.420049 -7.723435 0.000000 0.000000 0.000000
    43 -9.614098 0.000005 38.566917 1.570796 0.000000 -1.570796
  time 118
    0 0.000000 -0.000006 0.000000 -1.570781 -1.391896 -1.570809
    1 -7.253906 8.789063 1.904297 1.596636 -1.286515 2.942963
    2 6.028145 0.000003 0.000002 -0.196675 -0.954989 -2.486702
    3 11.692553 0.000081 -0.000005 -0.000003 0.000024 -0.703402
    4 11.481672 -0.000089 -0.000024 1.663151 -0.578973 0.507314
    5 3.988611 0.033370 -1.223226 -0.362413 -0.091426 -1.681954
    6 1.312563 -0.000008 0.000006 0.147710 0.025680 -0.152400
    7 0.729362 -0.000004 0.000003 0.013016 0.192434 -1.047146
    8 4.071238 0.222541 -0.462695 -0.051828 -0.102300 -1.448180
    9 1.539093 0.000006 -0.000007 0.138708 -0.037446 -0.870374
    10 1.196323 -0.000004 0.000002 0.141743 0.043054 -1.010023
    11 4.012598 0.129005 0.400192 0.175631 -0.141431 -1.276093
    12 1.719578 -0.000011 0.000009 0.224785 -0.191429 -1.195448
    13 1.209183 -0.000004 0.000003 0.227947 -0.119739 -0.778646
    14 3.988768 0.037824 1.301216 0.482877 -0.197268 -1.377640
    15 1.719431 0.000002 -0.000004 0.398505 -0.400737 -1.329311
    16 1.099676 -0.000006 0.000004 0.328575 -0.250567 -0.755122
    17 0.806042 -0.348928 1.321258 -1.205582 -0.237560 -0.882107
    18 1.789782 0.000002 -0.000006 -0.010668 0.069893 0.452648
    19 1.206999 0.000000 -0.000002 -0.006374 0.007549 0.988913
    20 -1.810547 -1.376953 -8.546875 -1.668474 1.286518 2.942953
    21 6.028141 0.000000 -0.000002 0.991005 0.802503 -1.467026
    22 11.692554 0.000000 -0.000001 -0.000002 0.000000 -1.241025
    23 11.481705 -0.000001 -0.000008 -1.445469 0.626121 0.477717
    24 3.859676 -0.132545 1.193109 0.473565 -0.219108 -1.143527
    25 1.312559 -0.000004 -0.000001 0.047900 -0.090990 -1.111184
    26 0.729367 0.000000 -0.000001 0.013393 0.015514 -0.841307
    27 3.942295 0.050347 0.431044 0.145899 -0.109044 -0.920675
    28 1.539106 0.000000 0.000001 0.040823 -0.064360 -1.308311
    29 1.196321 -0.000004 -0.000002 0.003611 0.012231 -1.196050
    30 3.883663 -0.050304 -0.431042 -0.106388 -0.058782 -0.784527
    31 1.719584 0.000002 0.000006 -0.006657 -0.018596 -1.384683
    32 1.209183 0.000004 0.000006 0.006373 -0.004576 -1.241224
    33 3.859833 -0.148919 -1.331283 -0.206274 0.193424 -0.160786
    34 1.719427 0.000008 0.000011 0.013414 -0.020753 -0.925452
    35 1.099665 0.000002 0.000008 0.191350 -0.092059 -0.366598
    36 0.806023 -0.359832 -1.318336 1.232719 0.230048 -0.733400
    37 1.789780 -0.000006 -0.000006 0.006110 -0.011698 0.192010
    38 1.207001 -0.000002 -0.000006 -0.001914 -0.006630 1.226087
    39 -6.623739 -20.596505 -3.987135 1.583566 -0.006584 -0.001621
    40 0.000007 -1.946088 0.068031 0.000000 0.000000 0.000000
    41 0.000007 -3.415848 -1.741976 0.000000 0.000000 0.000000
    42 -0.000028 1.420049 -7.723435 0.000000 0.000000 0.000000
    43 -9.614098 0.000005 38.566917 1.570796 0.000000 -1.570796
  time 119
    0 0.000000 -0.000006 0.000000 -1.570781 -1.391896 -1.570809
    1 -7.253906 8.789063 1.904297 1.596636 -1.286515 2.942963
    2 6.028145 0.000003 0.000002 -0.185102 -0.961630 -2.502049
    3 11.692553 0.000081 -0.000005 -0.000003 0.000024 -0.695556
    4 11.481672 -0.000089 -0.000024 1.664538 -0.576273 0.498520
    5 3.988611 0.033370 -1.223226 -0.362413 -0.091426 -1.681954
    6 1.312563 -0.000008 0.000006 0.147710 0.025680 -0.152400
    7 0.729362 -0.000004 0.000003 0.013016 0.192434 -1.047146
    8 4.071238 0.222541 -0.462695 -0.051828 -0.102300 -1.448180
    9 1.539093 0.000006 -0.000007 0.138708 -0.037446 -0.870374
    10 1.196323 -0.000004 0.000002 0.141743 0.043054 -1.010023
    11 4.012598 0.129005 0.400192 0.175631 -0.141431 -1.276093
    12 1.719578 -0.000011 0.000009 0.224785 -0.191429 -1.195448
    13 1.209183 -0.000004 0.000003 0.227947 -0.119739 -0.778646
    14 3.988768 0.037824 1.301216 0.482877 -0.197268 -1.377640
    15 1.719431 0.000002 -0.000004 0.398505 -0.400737 -1.329311
    16 1.099676 -0.000006 0.000004 0.328575 -0.250567 -0.755122
    17 0.806042 -0.348928 1.321258 -1.205582 -0.237560 -0.882107
    18 1.789782 0.000002 -0.000006 -0.010668 0.069893 0.452648
    19 1.206999 0.000000 -0.000002 -0.006374 0.007549 0.988913
    20 -1.810547 -1.376953 -8.546875 -1.668474 1.286518 2.942953
    21 6.028141 0.000000 -0.000002 0.985013 0.810262 -1.475080
    22 11.692554 0.000000 -0.000001 -0.000002 0.000000 -1.231332
    23 11.481705 -0.000001 -0.000008 -1.455876 0.627325 0.465212
    24 3.859676 -0.132545 1.193109 0.473565 -0.219108 -1.143527
    25 1.312559 -0.000004 -0.000001 0.047900 -0.090990 -1.111184
    26 0.729367 0.000000 -0.000001 0.013393 0.015514 -0.841307
    27 3.942295 0.050347 0.431044 0.145899 -0.109044 -0.920675
    28 1.539106 0.000000 0.000001 0.040823 -0.064360 -1.308311
    29 1.196321 -0.000004 -0.000002 0.003611 0.012231 -1.196050
    30 3.883663 -0.050304 -0.431042 -0.106388 -0.058782 -0.784527
    31 1.719584 0.000002 0.000006 -0.006657 -0.018596 -1.384683
    32 1.209183 0.000004 0.000006 0.006373 -0.004576 -1.241224
    33 3.859833 -0.148919 -1.331283 -0.206274 0.193424 -0.160786
    34 1.719427 0.000008 0.000011 0.013414 -0.020753 -0.925452
    35 1.099665 0.000002 0.000008 0.191350 -0.092059 -0.366598
    36 0.806023 -0.359832 -1.318336 1.232719 0.230048 -0.733400
    37 1.789780 -0.000006 -0.000006 0.006110 -0.011698 0.192010
    38 1.207001 -0.000002 -0.000006 -0.001914 -0.006630 1.226087
    39 -6.545611 -20.631662 -3.873850 1.574425 -0.001653 -0.000455
    40 0.000007 -1.946088 0.068031 0.000000 0.000000 0.000000
    41 0.000007 -3.415848 -1.741976 0.000000 0.000000 0.000000
    42 -0.000028 1.420049 -7.723435 0.000000 0.000000 0.000000
    43 -9.614098 0.000005 38.566917 1.570796 0.000000 -1.570796
  time 120
    0 0.000000 -0.000006 0.000000 -1.570781 -1.391896 -1.570809
    1 -7.253906 8.789063 1.904297 1.596636 -1.286515 2.942963
    2 6.028145 0.000003 0.000002 -0.184089 -0.964875 -2.503948
    3 11.692553 0.000081 -0.000005 -0.000013 0.000026 -0.696984
    4 11.481672 -0.000089 -0.000024 1.665373 -0.574086 0.497238
    5 3.990234 0.035553 -1.226563 -0.362407 -0.091435 -1.681970
    6 1.312563 -0.000008 0.000006 0.147720 0.025688 -0.152392
    7 0.729362 -0.000004 0.000003 0.013027 0.192433 -1.047154
    8 4.074219 0.224731 -0.466309 -0.051826 -0.102303 -1.448196
    9 1.539093 0.000006 -0.000007 0.138716 -0.037450 -0.870376
    10 1.196323 -0.000004 0.000002 0.141743 0.043064 -1.010060
    11 4.015625 0.131104 0.396484 0.175638 -0.141442 -1.276093
    12 1.719578 -0.000011 0.000009 0.224783 -0.191440 -1.195457
    13 1.209183 -0.000004 0.000003 0.227950 -0.119743 -0.778659
    14 3.990234 0.040009 1.296875 0.482876 -0.197276 -1.377665
    15 1.719431 0.000002 -0.000004 0.398515 -0.400750 -1.329313
    16 1.099676 -0.000006 0.000004 0.328579 -0.250571 -0.755154
    17 0.806042 -0.348928 1.321258 -1.205579 -0.237546 -0.882106
    18 1.789782 0.000002 -0.000006 -0.010676 0.069896 0.452658
    19 1.206999 0.000000 -0.000002 -0.006383 0.007558 0.988925
    20 -1.810547 -1.376953 -8.546875 -1.668474 1.286518 2.942953
    21 6.028141 0.000000 -0.000002 0.980131 0.813547 -1.480735
    22 11.692554 0.000000 -0.000001 0.000000 0.000000 -1.225874
    23 11.481705 -0.000001 -0.000008 -1.460231 0.629243 0.459468
    24 3.859676 -0.132545 1.193109 0.473563 -0.219108 -1.143529
    25 1.312559 -0.000004 -0.000001 0.047900 -0.090990 -1.111184
    26 0.729367 0.000000 -0.000001 0.013393 0.015514 -0.841309
    27 3.942295 0.050347 0.431044 0.145899 -0.109044 -0.920675
    28 1.539106 0.000000 0.000001 0.040823 -0.064360 -1.308311
    29 1.196321 -0.000004 -0.000002 0.003612 0.012233 -1.196050
    30 3.883663 -0.050304 -0.431042 -0.106388 -0.058782 -0.784527
    31 1.719584 0.000002 0.000006 -0.006657 -0.018596 -1.384683
    32 1.209183 0.000004 0.000006 0.006373 -0.004576 -1.241224
    33 3.859833 -0.148919 -1.331283 -0.206270 0.193432 -0.160773
    34 1.719427 0.000008 0.000011 0.013415 -0.020755 -0.925456
    35 1.099665 0.000002 0.000008 0.191349 -0.092067 -0.366620
    36 0.806023 -0.359832 -1.318336 1.232718 0.230034 -0.733396
    37 1.789780 -0.000006 -0.000006 0.006118 -0.011707 0.192005
    38 1.207001 -0.000002 -0.000006 -0.001914 -0.006636 1.226110
    39 -6.480469 -20.640625 -3.830078 1.570786 0.000007 -0.000005
    40 0.000007 -1.946088 0.068031 0.000000 0.000000 0.000000
    41 0.000007 -3.415848 -1.741976 0.000000 0.000000 0.000000
    42 -0.000028 1.420049 -7.723435 0.000000 0.000000 0.000000
    43 -9.614098 0.000005 38.566917 1.570796 0.000000 -1.570796
end
