// Created by Crowbar++ 0.74
version 1
nodes
  0 "root" -1
  1 "v_weapon" 0
  2 "v_weapon.Bip01_L_Forearm" -1
  3 "ValveBiped.Bip01_L_Forearm" 2
  4 "ValveBiped.Bip01_L_Ulna" 3
  5 "ValveBiped.Bip01_L_Wrist" 3
  6 "v_weapon.Bip01_L_Hand" 2
  7 "ValveBiped.Bip01_L_Hand" 6
  8 "v_weapon.Bip01_L_Finger4" 6
  9 "ValveBiped.Bip01_L_Finger4" 8
  10 "v_weapon.Bip01_L_Finger41" 8
  11 "ValveBiped.Bip01_L_Finger41" 10
  12 "v_weapon.Bip01_L_Finger42" 10
  13 "ValveBiped.Bip01_L_Finger42" 12
  14 "v_weapon.Bip01_L_Finger3" 6
  15 "ValveBiped.Bip01_L_Finger3" 14
  16 "v_weapon.Bip01_L_Finger31" 14
  17 "ValveBiped.Bip01_L_Finger31" 16
  18 "v_weapon.Bip01_L_Finger32" 16
  19 "ValveBiped.Bip01_L_Finger32" 18
  20 "v_weapon.Bip01_L_Finger2" 6
  21 "ValveBiped.Bip01_L_Finger2" 20
  22 "v_weapon.Bip01_L_Finger21" 20
  23 "ValveBiped.Bip01_L_Finger21" 22
  24 "v_weapon.Bip01_L_Finger22" 22
  25 "ValveBiped.Bip01_L_Finger22" 24
  26 "v_weapon.Bip01_L_Finger1" 6
  27 "ValveBiped.Bip01_L_Finger1" 26
  28 "v_weapon.Bip01_L_Finger11" 26
  29 "ValveBiped.Bip01_L_Finger11" 28
  30 "v_weapon.Bip01_L_Finger12" 28
  31 "ValveBiped.Bip01_L_Finger12" 30
  32 "v_weapon.Bip01_L_Finger0" 6
  33 "ValveBiped.Bip01_L_Finger0" 32
  34 "v_weapon.Bip01_L_Finger01" 32
  35 "ValveBiped.Bip01_L_Finger01" 34
  36 "v_weapon.Bip01_L_Finger02" 34
  37 "ValveBiped.Bip01_L_Finger02" 36
  38 "v_weapon.Bip01_L_ForeTwist" -1
  39 "ValveBiped.Bip01_L_UpperArm" 38
  40 "v_weapon.Bip01_R_Forearm" -1
  41 "ValveBiped.Bip01_R_Forearm" 40
  42 "ValveBiped.Bip01_R_Ulna" 41
  43 "ValveBiped.Bip01_R_Wrist" 41
  44 "v_weapon.Bip01_R_Hand" 40
  45 "v_weapon.awp_parent" 44
  46 "v_weapon.awp_trigger" 45
  47 "v_weapon.awp_clip" 45
  48 "v_weapon.awp_bolt_rail" 45
  49 "v_weapon.awp_bolt_action" 48
  50 "ValveBiped.Bip01_R_Hand" 44
  51 "v_weapon.Bip01_R_Finger4" 44
  52 "ValveBiped.Bip01_R_Finger4" 51
  53 "v_weapon.Bip01_R_Finger41" 51
  54 "ValveBiped.Bip01_R_Finger41" 53
  55 "v_weapon.Bip01_R_Finger42" 53
  56 "ValveBiped.Bip01_R_Finger42" 55
  57 "v_weapon.Bip01_R_Finger3" 44
  58 "ValveBiped.Bip01_R_Finger3" 57
  59 "v_weapon.Bip01_R_Finger31" 57
  60 "ValveBiped.Bip01_R_Finger31" 59
  61 "v_weapon.Bip01_R_Finger32" 59
  62 "ValveBiped.Bip01_R_Finger32" 61
  63 "v_weapon.Bip01_R_Finger2" 44
  64 "ValveBiped.Bip01_R_Finger2" 63
  65 "v_weapon.Bip01_R_Finger21" 63
  66 "ValveBiped.Bip01_R_Finger21" 65
  67 "v_weapon.Bip01_R_Finger22" 65
  68 "ValveBiped.Bip01_R_Finger22" 67
  69 "v_weapon.Bip01_R_Finger1" 44
  70 "ValveBiped.Bip01_R_Finger1" 69
  71 "v_weapon.Bip01_R_Finger11" 69
  72 "ValveBiped.Bip01_R_Finger11" 71
  73 "v_weapon.Bip01_R_Finger12" 71
  74 "ValveBiped.Bip01_R_Finger12" 73
  75 "v_weapon.Bip01_R_Finger0" 44
  76 "ValveBiped.Bip01_R_Finger0" 75
  77 "v_weapon.Bip01_R_Finger01" 75
  78 "ValveBiped.Bip01_R_Finger01" 77
  79 "v_weapon.Bip01_R_Finger02" 77
  80 "ValveBiped.Bip01_R_Finger02" 79
  81 "v_weapon.Bip01_R_ForeTwist" -1
  82 "ValveBiped.Bip01_R_UpperArm" 81
  83 "v_weapon.stattrack" -1
end
skeleton
  time 0
    0 0.000000 0.000000 0.000000 3.137881 0.003712 -0.000007
    1 0.000000 2.500000 -0.399902 -1.570970 0.000084 -0.000048
    2 3.439439 -16.542236 -10.017149 -1.019780 -0.301907 -2.300017
    3 0.237000 -0.019106 -0.353871 -0.031846 -0.060887 0.001610
    4 5.740851 0.000002 0.000000 0.000673 0.000000 0.000000
    5 10.321901 0.003155 0.187182 -0.229226 0.027369 0.027690
    6 10.295601 0.000000 0.000000 2.790997 0.088691 0.050038
    7 0.252449 -0.450151 0.014884 2.961090 -0.113350 -0.085454
    8 3.323328 0.233761 1.479089 -0.333184 0.246147 1.117870
    9 0.331326 -0.384609 -0.028515 2.751210 -0.062475 0.301804
    10 0.963098 0.000000 0.000000 -0.065385 0.021142 0.723302
    11 0.219801 -0.039763 0.000647 2.771360 0.018767 0.255174
    12 0.682896 0.000002 0.000000 -0.066755 -0.016344 0.172093
    13 0.237805 0.264544 -0.007074 2.776430 0.037665 -0.015667
    14 3.632759 0.059072 0.757512 -0.195403 0.113954 0.965144
    15 0.466810 -0.831947 0.013376 2.881400 0.028647 0.343212
    16 1.500140 0.000000 -0.000003 -0.047388 0.059112 1.173960
    17 0.319986 -0.324402 -0.027586 2.877640 0.022726 0.214012
    18 0.905666 0.000000 0.000001 -0.074893 -0.011152 0.131640
    19 0.492504 -0.086171 -0.084238 2.879510 0.064298 0.261627
    20 3.799519 0.014969 -0.039935 -0.133594 0.021537 0.762194
    21 0.217894 -0.825647 0.038806 3.038690 -0.013998 0.239370
    22 1.774879 -0.000002 0.000001 -0.003392 0.018567 1.449270
    23 -0.011930 -0.409492 0.022487 3.039220 -0.018455 0.224297
    24 1.008837 0.000001 -0.000001 -0.018804 0.000535 0.084431
    25 0.062305 -0.120462 0.017525 3.043570 -0.040149 0.014192
    26 3.773769 0.133240 -0.970558 -0.013186 0.169514 0.017054
    27 0.276640 -0.495263 -0.109455 -3.042850 -0.074739 0.140309
    28 1.433455 -0.000001 0.000002 0.000000 0.000000 1.027119
    29 0.534334 -0.269066 0.018936 -3.047540 -0.084662 0.175451
    30 1.019160 0.000002 -0.000001 0.000000 0.000000 0.420123
    31 0.591927 -0.092812 0.111916 -3.044020 -0.081575 0.092229
    32 1.149530 0.416493 -1.414110 1.637320 0.502658 0.152274
    33 -0.152565 -0.022695 0.475140 0.134276 0.161355 -0.294699
    34 1.263880 0.000000 -0.000001 0.000000 0.000000 0.095331
    35 0.204777 -0.431778 0.089654 0.168587 0.067859 -0.050505
    36 1.188936 0.000000 0.000001 -0.009661 -0.002767 -0.227690
    37 -0.017635 -0.420529 -0.022252 0.227339 0.046996 0.081353
    38 3.439439 -16.542236 -10.017149 -2.825793 -0.301881 -2.299993
    39 -10.722298 -0.506103 -0.017994 1.584990 0.010515 0.041378
    40 -10.306840 -1.846472 -10.673380 -2.138942 -0.283332 -1.130525
    41 0.294731 -0.017813 0.157481 0.029130 0.054919 0.004544
    42 5.740848 0.000000 -0.000001 0.000092 0.000000 -0.000008
    43 10.281296 -0.016083 0.132702 0.000149 0.000000 0.000000
    44 10.295597 0.000001 0.000000 2.132228 0.278526 0.313433
    45 3.184045 1.206980 0.401028 1.726735 0.024376 1.531556
    46 0.000000 1.663440 1.993458 0.000000 0.000000 0.000000
    47 0.000000 0.079149 6.178666 -0.027841 0.000000 0.000000
    48 0.000002 3.466950 2.698286 3.141590 0.001930 3.141580
    49 0.032274 0.082292 -0.974221 0.000000 0.000000 0.000000
    50 0.283657 -0.262681 -0.016718 3.136930 0.073998 -0.078846
    51 3.323318 0.233760 -1.479091 0.587809 0.106827 1.379020
    52 0.422707 -0.406992 0.168743 -2.735260 0.184776 0.303777
    53 0.963103 0.000001 -0.000001 0.038576 -0.004243 0.700106
    54 0.441121 -0.147523 -0.014119 -2.793600 0.005348 0.279055
    55 0.682898 0.000000 0.000000 0.038124 -0.007373 0.781204
    56 0.382509 0.011353 0.014142 -2.816920 -0.081657 0.157045
    57 3.632760 0.059067 -0.757513 0.326216 0.152019 1.274484
    58 0.489260 -0.525216 0.053914 -3.074870 0.011878 0.210808
    59 1.500140 -0.000002 0.000000 0.027828 -0.039158 1.247555
    60 0.467742 -0.219619 0.031131 -3.081490 -0.013760 0.185349
    61 0.905654 0.000000 0.000000 0.027829 -0.039184 1.247535
    62 0.503673 -0.044144 -0.005648 -3.101730 -0.045027 0.343288
    63 3.799520 0.014976 0.039936 0.274798 0.278797 1.147585
    64 0.352883 -0.530994 0.013656 3.048800 0.018771 0.168551
    65 1.774880 0.000001 0.000000 0.015520 -0.026741 1.207196
    66 0.123960 -0.267018 -0.045197 3.038230 0.016899 0.163207
    67 1.008841 0.000000 0.000000 0.015520 -0.026733 1.207180
    68 -0.091995 -0.117643 -0.068578 3.035060 0.049848 0.104967
    69 3.773758 0.133240 0.970555 0.009951 0.253070 0.024155
    70 0.266356 -0.315424 0.022796 2.894160 -0.011217 0.140937
    71 1.433460 -0.000001 0.000000 0.021727 -0.008109 0.379533
    72 0.232987 -0.175441 0.051954 2.850500 0.105025 0.006572
    73 1.019161 0.000000 0.000000 0.021729 -0.008111 0.379524
    74 0.199651 -0.182736 -0.019174 2.866800 0.015134 0.022335
    75 1.149521 0.416503 1.414108 -1.721269 0.212649 0.717961
    76 -0.259195 -0.126472 -0.187737 -0.320833 -0.178068 -0.144302
    77 1.263870 0.000000 0.000000 0.000000 0.000000 0.198813
    78 -0.023456 -0.272392 0.128637 -0.377946 -0.139541 -0.070537
    79 1.188940 0.000000 0.000000 0.006378 0.000155 0.052399
    80 -0.027065 -0.282838 0.274405 -0.453086 -0.085008 -0.010295
    81 -10.306840 -1.846472 -10.673380 -1.630899 -0.283505 -1.130700
    82 -10.722400 -0.506063 0.017998 0.014153 -0.011625 0.041372
    83 -3.999805 -12.483208 -4.764539 -0.000857 -0.021157 -0.003650
  time 1
    0 0.000000 0.000000 0.000000 3.137881 0.003712 -0.000007
    1 0.000000 1.253868 -0.200677 -1.570874 0.000036 0.785278
    2 3.439439 -16.542236 -10.017149 -1.019780 -0.301907 -2.300017
    3 0.237000 -0.019106 -0.353871 -0.031846 -0.060887 0.001610
    4 5.740851 0.000002 0.000000 0.000673 0.000000 0.000000
    5 10.321901 0.003155 0.187182 -0.229226 0.027369 0.027690
    6 10.295601 0.000000 0.000000 2.790997 0.088691 0.050038
    7 0.252449 -0.450151 0.014884 2.961090 -0.113350 -0.085454
    8 3.323328 0.233761 1.479089 -0.333184 0.246184 1.117913
    9 0.331326 -0.384609 -0.028515 2.751210 -0.062475 0.301804
    10 0.963098 0.000000 0.000000 -0.065385 0.021142 0.723355
    11 0.219801 -0.039763 0.000647 2.771360 0.018767 0.255174
    12 0.682896 0.000002 0.000000 -0.066743 -0.016344 0.171785
    13 0.237805 0.264544 -0.007074 2.776430 0.037665 -0.015667
    14 3.632759 0.059072 0.757512 -0.195403 0.113954 0.965239
    15 0.466810 -0.831947 0.013376 2.881400 0.028647 0.343212
    16 1.500140 0.000000 -0.000003 -0.047388 0.059112 1.174030
    17 0.319986 -0.324402 -0.027586 2.877640 0.022726 0.214012
    18 0.905666 0.000000 0.000001 -0.074893 -0.011140 0.132046
    19 0.492504 -0.086171 -0.084238 2.879510 0.064298 0.261627
    20 3.799519 0.014969 -0.039935 -0.133594 0.021549 0.762268
    21 0.217894 -0.825647 0.038806 3.038690 -0.013998 0.239370
    22 1.774879 -0.000002 0.000001 -0.003392 0.018567 1.449306
    23 -0.011930 -0.409492 0.022487 3.039220 -0.018455 0.224297
    24 1.008837 0.000001 -0.000001 -0.018804 0.000523 0.084882
    25 0.062305 -0.120462 0.017525 3.043570 -0.040149 0.014192
    26 3.773769 0.133240 -0.970558 -0.013186 0.169550 0.017150
    27 0.276640 -0.495263 -0.109455 -3.042850 -0.074739 0.140309
    28 1.433455 -0.000001 0.000002 0.000000 0.000000 1.027190
    29 0.534334 -0.269066 0.018936 -3.047540 -0.084662 0.175451
    30 1.019160 0.000002 -0.000001 0.000000 0.000000 0.420183
    31 0.591927 -0.092812 0.111916 -3.044020 -0.081575 0.092229
    32 1.149530 0.416493 -1.414110 1.637320 0.502658 0.152274
    33 -0.152565 -0.022695 0.475140 0.134276 0.161355 -0.294699
    34 1.263880 0.000000 -0.000001 0.000000 0.000000 0.095331
    35 0.204777 -0.431778 0.089654 0.168587 0.067859 -0.050505
    36 1.188936 0.000000 0.000001 -0.009661 -0.002767 -0.227690
    37 -0.017635 -0.420529 -0.022252 0.227339 0.046996 0.081353
    38 3.439439 -16.542236 -10.017149 -2.825793 -0.301881 -2.299993
    39 -10.722298 -0.506103 -0.017994 1.584990 0.010515 0.041378
    40 -10.306840 -1.846472 -10.673380 -2.138942 -0.283332 -1.130525
    41 0.294731 -0.017813 0.157481 0.029130 0.054919 0.004544
    42 5.740848 0.000000 -0.000001 0.000092 0.000000 -0.000008
    43 10.281296 -0.016083 0.132702 0.000149 0.000000 0.000000
    44 10.295597 0.000001 0.000000 2.132228 0.278526 0.313433
    45 3.184045 1.206980 0.401028 1.726735 0.024376 1.531556
    46 0.000000 1.663440 1.993458 0.000000 0.000000 0.000000
    47 0.000000 0.079149 6.178666 -0.027841 0.000000 0.000000
    48 0.000002 3.466950 2.698286 3.141590 0.001930 3.141580
    49 0.032274 0.082292 -0.974221 0.000000 0.000000 0.000000
    50 0.283657 -0.262681 -0.016718 3.136930 0.073998 -0.078846
    51 3.323318 0.233760 -1.479091 0.587833 0.106851 1.379020
    52 0.422707 -0.406992 0.168743 -2.735260 0.184776 0.303777
    53 0.963103 0.000001 -0.000001 0.038600 -0.004219 0.700106
    54 0.441121 -0.147523 -0.014119 -2.793600 0.005348 0.279055
    55 0.682898 0.000000 0.000000 0.038136 -0.007338 0.781218
    56 0.382509 0.011353 0.014142 -2.816920 -0.081657 0.157045
    57 3.632760 0.059067 -0.757513 0.326252 0.152007 1.274539
    58 0.489260 -0.525216 0.053914 -3.074870 0.011878 0.210808
    59 1.500140 -0.000002 0.000000 0.027840 -0.039218 1.247592
    60 0.467742 -0.219619 0.031131 -3.081490 -0.013760 0.185349
    61 0.905654 0.000000 0.000000 0.027829 -0.039184 1.247535
    62 0.503673 -0.044144 -0.005648 -3.101730 -0.045027 0.343288
    63 3.799520 0.014976 0.039936 0.274798 0.278797 1.147585
    64 0.352883 -0.530994 0.013656 3.048800 0.018771 0.168551
    65 1.774880 0.000001 0.000000 0.015532 -0.026801 1.207196
    66 0.123960 -0.267018 -0.045197 3.038230 0.016899 0.163207
    67 1.008841 0.000000 0.000000 0.015520 -0.026733 1.207180
    68 -0.091995 -0.117643 -0.068578 3.035060 0.049848 0.104967
    69 3.773758 0.133240 0.970555 0.009963 0.253082 0.024177
    70 0.266356 -0.315424 0.022796 2.894160 -0.011217 0.140937
    71 1.433460 -0.000001 0.000000 0.021751 -0.008157 0.379603
    72 0.232987 -0.175441 0.051954 2.850500 0.105025 0.006572
    73 1.019161 0.000000 0.000000 0.021729 -0.008111 0.379524
    74 0.199651 -0.182736 -0.019174 2.866800 0.015134 0.022335
    75 1.149521 0.416503 1.414108 -1.721269 0.212649 0.717961
    76 -0.259195 -0.126472 -0.187737 -0.320833 -0.178068 -0.144302
    77 1.263870 0.000000 0.000000 0.000000 0.000000 0.198813
    78 -0.023456 -0.272392 0.128637 -0.377946 -0.139541 -0.070537
    79 1.188940 0.000000 0.000000 0.006414 0.000203 0.052435
    80 -0.027065 -0.282838 0.274405 -0.453086 -0.085008 -0.010295
    81 -10.306840 -1.846472 -10.673380 -1.630899 -0.283505 -1.130700
    82 -10.722400 -0.506063 0.017998 0.014153 -0.011625 0.041372
    83 -3.999805 -12.483208 -4.764539 -0.000857 -0.021157 -0.003650
  time 2
    0 0.000000 0.000000 0.000000 3.137881 0.003712 -0.000007
    1 0.000000 0.003830 -0.001452 -1.570778 0.000000 1.570796
    2 3.439439 -16.542236 -10.017149 -1.019780 -0.301907 -2.300017
    3 0.237000 -0.019106 -0.353871 -0.031846 -0.060887 0.001610
    4 5.740851 0.000002 0.000000 0.000673 0.000000 0.000000
    5 10.321901 0.003155 0.187182 -0.229226 0.027369 0.027690
    6 10.295601 0.000000 0.000000 2.790997 0.088691 0.050038
    7 0.252449 -0.450151 0.014884 2.961090 -0.113350 -0.085454
    8 3.323328 0.233761 1.479089 -0.333184 0.246221 1.117956
    9 0.331326 -0.384609 -0.028515 2.751210 -0.062475 0.301804
    10 0.963098 0.000000 0.000000 -0.065385 0.021142 0.723408
    11 0.219801 -0.039763 0.000647 2.771360 0.018767 0.255174
    12 0.682896 0.000002 0.000000 -0.066755 -0.016356 0.171450
    13 0.237805 0.264544 -0.007074 2.776430 0.037665 -0.015667
    14 3.632759 0.059072 0.757512 -0.195391 0.113966 0.965287
    15 0.466810 -0.831947 0.013376 2.881400 0.028647 0.343212
    16 1.500140 0.000000 -0.000003 -0.047388 0.059112 1.174100
    17 0.319986 -0.324402 -0.027586 2.877640 0.022726 0.214012
    18 0.905666 0.000000 0.000001 -0.074893 -0.011128 0.132426
    19 0.492504 -0.086171 -0.084238 2.879510 0.064298 0.261627
    20 3.799519 0.014969 -0.039935 -0.133618 0.021573 0.762368
    21 0.217894 -0.825647 0.038806 3.038690 -0.013998 0.239370
    22 1.774879 -0.000002 0.000001 -0.003380 0.018567 1.449413
    23 -0.011930 -0.409492 0.022487 3.039220 -0.018455 0.224297
    24 1.008837 0.000001 -0.000001 -0.018804 0.000535 0.085378
    25 0.062305 -0.120462 0.017525 3.043570 -0.040149 0.014192
    26 3.773769 0.133240 -0.970558 -0.013186 0.169610 0.017270
    27 0.276640 -0.495263 -0.109455 -3.042850 -0.074739 0.140309
    28 1.433455 -0.000001 0.000002 0.000000 0.000000 1.027233
    29 0.534334 -0.269066 0.018936 -3.047540 -0.084662 0.175451
    30 1.019160 0.000002 -0.000001 0.000000 0.000000 0.420267
    31 0.591927 -0.092812 0.111916 -3.044020 -0.081575 0.092229
    32 1.149530 0.416493 -1.414110 1.637320 0.502658 0.152274
    33 -0.152565 -0.022695 0.475140 0.134276 0.161355 -0.294699
    34 1.263880 0.000000 -0.000001 0.000000 0.000000 0.095331
    35 0.204777 -0.431778 0.089654 0.168587 0.067859 -0.050505
    36 1.188936 0.000000 0.000001 -0.009661 -0.002767 -0.227690
    37 -0.017635 -0.420529 -0.022252 0.227339 0.046996 0.081353
    38 3.439439 -16.542236 -10.017149 -2.825793 -0.301881 -2.299993
    39 -10.722298 -0.506103 -0.017994 1.584990 0.010515 0.041378
    40 -10.306840 -1.846472 -10.673380 -2.138942 -0.283332 -1.130525
    41 0.294731 -0.017813 0.157481 0.029130 0.054919 0.004544
    42 5.740848 0.000000 -0.000001 0.000092 0.000000 -0.000008
    43 10.281296 -0.016083 0.132702 0.000149 0.000000 0.000000
    44 10.295597 0.000001 0.000000 2.132228 0.278526 0.313433
    45 3.184045 1.206980 0.401028 1.726735 0.024376 1.531556
    46 0.000000 1.663440 1.993458 0.000000 0.000000 0.000000
    47 0.000000 0.079149 6.178666 -0.027841 0.000000 0.000000
    48 0.000002 3.466950 2.698286 3.141590 0.001930 3.141580
    49 0.032274 0.082292 -0.974221 0.000000 0.000000 0.000000
    50 0.283657 -0.262681 -0.016718 3.136930 0.073998 -0.078846
    51 3.323318 0.233760 -1.479091 0.587868 0.106887 1.379020
    52 0.422707 -0.406992 0.168743 -2.735260 0.184776 0.303777
    53 0.963103 0.000001 -0.000001 0.038612 -0.004195 0.700134
    54 0.441121 -0.147523 -0.014119 -2.793600 0.005348 0.279055
    55 0.682898 0.000000 0.000000 0.038160 -0.007314 0.781218
    56 0.382509 0.011353 0.014142 -2.816920 -0.081657 0.157045
    57 3.632760 0.059067 -0.757513 0.326276 0.151995 1.274539
    58 0.489260 -0.525216 0.053914 -3.074870 0.011878 0.210808
    59 1.500140 -0.000002 0.000000 0.027852 -0.039266 1.247666
    60 0.467742 -0.219619 0.031131 -3.081490 -0.013760 0.185349
    61 0.905654 0.000000 0.000000 0.027829 -0.039184 1.247516
    62 0.503673 -0.044144 -0.005648 -3.101730 -0.045027 0.343288
    63 3.799520 0.014976 0.039936 0.274798 0.278797 1.147585
    64 0.352883 -0.530994 0.013656 3.048800 0.018771 0.168551
    65 1.774880 0.000001 0.000000 0.015544 -0.026837 1.207221
    66 0.123960 -0.267018 -0.045197 3.038230 0.016899 0.163207
    67 1.008841 0.000000 0.000000 0.015520 -0.026733 1.207180
    68 -0.091995 -0.117643 -0.068578 3.035060 0.049848 0.104967
    69 3.773758 0.133240 0.970555 0.009987 0.253119 0.024177
    70 0.266356 -0.315424 0.022796 2.894160 -0.011217 0.140937
    71 1.433460 -0.000001 0.000000 0.021775 -0.008193 0.379603
    72 0.232987 -0.175441 0.051954 2.850500 0.105025 0.006572
    73 1.019161 0.000000 0.000000 0.021729 -0.008111 0.379524
    74 0.199651 -0.182736 -0.019174 2.866800 0.015134 0.022335
    75 1.149521 0.416503 1.414108 -1.721269 0.212649 0.717961
    76 -0.259195 -0.126472 -0.187737 -0.320833 -0.178068 -0.144302
    77 1.263870 0.000000 0.000000 0.000000 0.000000 0.198825
    78 -0.023456 -0.272392 0.128637 -0.377946 -0.139541 -0.070537
    79 1.188940 0.000000 0.000000 0.006450 0.000251 0.052447
    80 -0.027065 -0.282838 0.274405 -0.453086 -0.085008 -0.010295
    81 -10.306840 -1.846472 -10.673380 -1.630899 -0.283505 -1.130700
    82 -10.722400 -0.506063 0.017998 0.014153 -0.011625 0.041372
    83 -3.999805 -12.483208 -4.764539 -0.000857 -0.021157 -0.003650
  time 3
    0 0.000000 0.000000 0.000000 3.137881 0.003712 -0.000007
    1 0.000000 0.023362 -0.001452 -1.570778 0.000000 1.560393
    2 3.537099 -16.487547 -10.134340 -1.023953 -0.281662 -2.289379
    3 0.237000 -0.019106 -0.353871 -0.031846 -0.060887 0.001610
    4 5.740851 0.000002 0.000000 0.000673 0.000000 0.000000
    5 10.321901 0.003155 0.187182 -0.229226 0.027369 0.027690
    6 10.295601 0.000000 0.000000 2.797567 0.096323 0.058648
    7 0.252449 -0.450151 0.014884 2.961090 -0.113350 -0.085454
    8 3.323328 0.233761 1.479089 -0.333184 0.246221 1.117956
    9 0.331326 -0.384609 -0.028515 2.751210 -0.062475 0.301804
    10 0.963098 0.000000 0.000000 -0.065385 0.021142 0.723381
    11 0.219801 -0.039763 0.000647 2.771360 0.018767 0.255174
    12 0.682896 0.000002 0.000000 -0.066755 -0.016356 0.171422
    13 0.237805 0.264544 -0.007074 2.776430 0.037665 -0.015667
    14 3.632759 0.059072 0.757512 -0.195391 0.113966 0.965287
    15 0.466810 -0.831947 0.013376 2.881400 0.028647 0.343212
    16 1.500140 0.000000 -0.000003 -0.047388 0.059112 1.174100
    17 0.319986 -0.324402 -0.027586 2.877640 0.022726 0.214012
    18 0.905666 0.000000 0.000001 -0.074893 -0.011128 0.132426
    19 0.492504 -0.086171 -0.084238 2.879510 0.064298 0.261627
    20 3.799519 0.014969 -0.039935 -0.133618 0.021573 0.762343
    21 0.217894 -0.825647 0.038806 3.038690 -0.013998 0.239370
    22 1.774879 -0.000002 0.000001 -0.003380 0.018567 1.449413
    23 -0.011930 -0.409492 0.022487 3.039220 -0.018455 0.224297
    24 1.008837 0.000001 -0.000001 -0.018804 0.000535 0.085378
    25 0.062305 -0.120462 0.017525 3.043570 -0.040149 0.014192
    26 3.773769 0.133240 -0.970558 -0.013186 0.169598 0.017270
    27 0.276640 -0.495263 -0.109455 -3.042850 -0.074739 0.140309
    28 1.433455 -0.000001 0.000002 0.000000 0.000000 1.027233
    29 0.534334 -0.269066 0.018936 -3.047540 -0.084662 0.175451
    30 1.019160 0.000002 -0.000001 0.000000 0.000000 0.420255
    31 0.591927 -0.092812 0.111916 -3.044020 -0.081575 0.092229
    32 1.149530 0.416493 -1.414110 1.637320 0.502658 0.152274
    33 -0.152565 -0.022695 0.475140 0.134276 0.161355 -0.294699
    34 1.263880 0.000000 -0.000001 0.000000 0.000000 0.095331
    35 0.204777 -0.431778 0.089654 0.168587 0.067859 -0.050505
    36 1.188936 0.000000 0.000001 -0.009661 -0.002767 -0.227690
    37 -0.017635 -0.420529 -0.022252 0.227339 0.046996 0.081353
    38 3.537099 -16.487547 -10.134340 -2.829919 -0.281725 -2.289415
    39 -10.722298 -0.506103 -0.017994 1.584990 0.010515 0.041378
    40 -10.263870 -1.885535 -10.685100 -2.134072 -0.274365 -1.132528
    41 0.294731 -0.017813 0.157481 0.029130 0.054919 0.004544
    42 5.740848 0.000000 -0.000001 0.000092 0.000000 -0.000008
    43 10.281296 -0.016083 0.132702 0.000149 0.000000 0.000000
    44 10.295597 0.000001 0.000000 2.157664 0.268104 0.320172
    45 3.184045 1.206980 0.401028 1.726757 0.024376 1.531556
    46 0.000000 1.663440 1.993458 0.000000 0.000000 0.000000
    47 0.000000 0.079149 6.178666 -0.027841 0.000000 0.000000
    48 0.000002 3.466950 2.698286 3.141590 0.001930 3.141580
    49 0.032274 0.082292 -0.974221 0.000000 0.000000 0.000000
    50 0.283657 -0.262681 -0.016718 3.136930 0.073998 -0.078846
    51 3.323318 0.233760 -1.479091 0.583230 0.106827 1.379020
    52 0.422707 -0.406992 0.168743 -2.735260 0.184776 0.303777
    53 0.963103 0.000001 -0.000001 0.038612 -0.004195 0.700134
    54 0.441121 -0.147523 -0.014119 -2.793600 0.005348 0.279055
    55 0.682898 0.000000 0.000000 0.038160 -0.007314 0.781218
    56 0.382509 0.011353 0.014142 -2.816920 -0.081657 0.157045
    57 3.632760 0.059067 -0.757513 0.326276 0.151995 1.274539
    58 0.489260 -0.525216 0.053914 -3.074870 0.011878 0.210808
    59 1.500140 -0.000002 0.000000 0.027852 -0.039266 1.247666
    60 0.467742 -0.219619 0.031131 -3.081490 -0.013760 0.185349
    61 0.905654 0.000000 0.000000 0.024737 -0.040862 1.225499
    62 0.503673 -0.044144 -0.005648 -3.101730 -0.045027 0.343288
    63 3.799520 0.014976 0.039936 0.276847 0.278809 1.147641
    64 0.352883 -0.530994 0.013656 3.048800 0.018771 0.168551
    65 1.774880 0.000001 0.000000 0.015544 -0.026837 1.207221
    66 0.123960 -0.267018 -0.045197 3.038230 0.016899 0.163207
    67 1.008841 0.000000 0.000000 0.015208 -0.027009 1.201376
    68 -0.091995 -0.117643 -0.068578 3.035060 0.049848 0.104967
    69 3.773758 0.133240 0.970555 0.009987 0.253119 0.024177
    70 0.266356 -0.315424 0.022796 2.894160 -0.011217 0.140937
    71 1.433460 -0.000001 0.000000 0.021775 -0.008193 0.379603
    72 0.232987 -0.175441 0.051954 2.850500 0.105025 0.006572
    73 1.019161 0.000000 0.000000 0.018361 -0.005942 0.400206
    74 0.199651 -0.182736 -0.019174 2.866800 0.015134 0.022335
    75 1.149521 0.416503 1.414108 -1.720514 0.213166 0.721491
    76 -0.259195 -0.126472 -0.187737 -0.320833 -0.178068 -0.144302
    77 1.263870 0.000000 0.000000 0.000000 0.000000 0.198825
    78 -0.023456 -0.272392 0.128637 -0.377946 -0.139541 -0.070537
    79 1.188940 0.000000 0.000000 0.006450 0.000239 0.052435
    80 -0.027065 -0.282838 0.274405 -0.453086 -0.085008 -0.010295
    81 -10.263870 -1.885535 -10.685100 -1.626020 -0.274464 -1.132549
    82 -10.722400 -0.506063 0.017998 0.014153 -0.011625 0.041372
    83 -4.015430 -12.600399 -4.842667 0.020706 -0.043876 0.004352
  time 4
    0 0.000000 0.000000 0.000000 3.137881 0.003712 -0.000007
    1 0.000000 0.042894 -0.009265 -1.570778 0.000000 1.545149
    2 3.771481 -16.487547 -10.360909 -1.029011 -0.254657 -2.274955
    3 0.237000 -0.019106 -0.353871 -0.031846 -0.060887 0.001610
    4 5.740851 0.000002 0.000000 0.000673 0.000000 -0.000012
    5 10.321901 0.003155 0.187182 -0.229226 0.027369 0.027690
    6 10.295601 0.000000 0.000000 2.812611 0.112545 0.092847
    7 0.252449 -0.450151 0.014884 2.961090 -0.113350 -0.085454
    8 3.323328 0.233761 1.479089 -0.333184 0.246221 1.117956
    9 0.331326 -0.384609 -0.028515 2.751210 -0.062475 0.301804
    10 0.963098 0.000000 0.000000 -0.065385 0.021142 0.723408
    11 0.219801 -0.039763 0.000647 2.771360 0.018767 0.255174
    12 0.682896 0.000002 0.000000 -0.066755 -0.016344 0.171422
    13 0.237805 0.264544 -0.007074 2.776430 0.037665 -0.015667
    14 3.632759 0.059072 0.757512 -0.195391 0.113954 0.965287
    15 0.466810 -0.831947 0.013376 2.881400 0.028647 0.343212
    16 1.500140 0.000000 -0.000003 -0.047388 0.059112 1.174100
    17 0.319986 -0.324402 -0.027586 2.877640 0.022726 0.214012
    18 0.905666 0.000000 0.000001 -0.074893 -0.011128 0.132426
    19 0.492504 -0.086171 -0.084238 2.879510 0.064298 0.261627
    20 3.799519 0.014969 -0.039935 -0.133618 0.021573 0.762343
    21 0.217894 -0.825647 0.038806 3.038690 -0.013998 0.239370
    22 1.774879 -0.000002 0.000001 -0.003380 0.018567 1.449413
    23 -0.011930 -0.409492 0.022487 3.039220 -0.018455 0.224297
    24 1.008837 0.000001 -0.000001 -0.018804 0.000523 0.085378
    25 0.062305 -0.120462 0.017525 3.043570 -0.040149 0.014192
    26 3.773769 0.133240 -0.970558 -0.013186 0.169610 0.017270
    27 0.276640 -0.495263 -0.109455 -3.042850 -0.074739 0.140309
    28 1.433455 -0.000001 0.000002 0.000000 0.000000 1.027233
    29 0.534334 -0.269066 0.018936 -3.047540 -0.084662 0.175451
    30 1.019160 0.000002 -0.000001 0.000000 0.000000 0.420267
    31 0.591927 -0.092812 0.111916 -3.044020 -0.081575 0.092229
    32 1.149530 0.416493 -1.414110 1.637320 0.502658 0.152274
    33 -0.152565 -0.022695 0.475140 0.134276 0.161355 -0.294699
    34 1.263880 0.000000 -0.000001 0.000000 0.000000 0.095331
    35 0.204777 -0.431778 0.089654 0.168587 0.067859 -0.050505
    36 1.188936 0.000000 0.000001 -0.009661 -0.002767 -0.227690
    37 -0.017635 -0.420529 -0.022252 0.227339 0.046996 0.081353
    38 3.771481 -16.487547 -10.360909 -2.834987 -0.254657 -2.274931
    39 -10.722298 -0.506103 -0.017994 1.584990 0.010515 0.041378
    40 -10.197461 -2.057416 -10.685100 -2.128437 -0.266776 -1.132374
    41 0.294731 -0.017813 0.157481 0.029130 0.054919 0.004544
    42 5.740848 0.000000 -0.000001 0.000092 0.000000 -0.000008
    43 10.281296 -0.016083 0.132702 0.000149 0.000000 0.000000
    44 10.295597 0.000001 0.000000 2.212460 0.242210 0.343023
    45 3.184045 1.206980 0.401028 1.726757 0.024376 1.531556
    46 0.000000 1.663440 1.993458 0.000000 0.000000 0.000000
    47 0.000000 0.079149 6.178666 -0.027841 0.000000 0.000000
    48 0.000002 3.466950 2.698286 3.141590 0.001930 3.141580
    49 0.032274 0.082292 -0.974221 0.000000 0.000000 0.000000
    50 0.283657 -0.262681 -0.016718 3.136930 0.073998 -0.078846
    51 3.323318 0.233760 -1.479091 0.549518 0.106827 1.378955
    52 0.422707 -0.406992 0.168743 -2.735260 0.184776 0.303777
    53 0.963103 0.000001 -0.000001 0.038612 -0.004195 0.700134
    54 0.441121 -0.147523 -0.014119 -2.793600 0.005348 0.279055
    55 0.682898 0.000000 0.000000 0.038160 -0.007314 0.781218
    56 0.382509 0.011353 0.014142 -2.816920 -0.081657 0.157045
    57 3.632760 0.059067 -0.757513 0.326276 0.151995 1.274539
    58 0.489260 -0.525216 0.053914 -3.074870 0.011878 0.210808
    59 1.500140 -0.000002 0.000000 0.027852 -0.039254 1.247666
    60 0.467742 -0.219619 0.031131 -3.081490 -0.013760 0.185349
    61 0.905654 0.000000 0.000000 0.002122 -0.053410 1.063979
    62 0.503673 -0.044144 -0.005648 -3.101730 -0.045027 0.343288
    63 3.799520 0.014976 0.039936 0.292068 0.278821 1.147585
    64 0.352883 -0.530994 0.013656 3.048800 0.018771 0.168551
    65 1.774880 0.000001 0.000000 0.015544 -0.026837 1.207221
    66 0.123960 -0.267018 -0.045197 3.038230 0.016899 0.163207
    67 1.008841 0.000000 0.000000 0.012859 -0.028831 1.158549
    68 -0.091995 -0.117643 -0.068578 3.035060 0.049848 0.104967
    69 3.773758 0.133240 0.970555 0.009987 0.253119 0.024177
    70 0.266356 -0.315424 0.022796 2.894160 -0.011217 0.140937
    71 1.433460 -0.000001 0.000000 0.021775 -0.008193 0.379603
    72 0.232987 -0.175441 0.051954 2.850500 0.105025 0.006572
    73 1.019161 0.000000 0.000000 -0.006028 0.010273 0.551274
    74 0.199651 -0.182736 -0.019174 2.866800 0.015134 0.022335
    75 1.149521 0.416503 1.414108 -1.714953 0.216764 0.747444
    76 -0.259195 -0.126472 -0.187737 -0.320833 -0.178068 -0.144302
    77 1.263870 0.000000 0.000000 0.000000 0.000000 0.198825
    78 -0.023456 -0.272392 0.128637 -0.377946 -0.139541 -0.070537
    79 1.188940 0.000000 0.000000 0.006450 0.000251 0.052447
    80 -0.027065 -0.282838 0.274405 -0.453086 -0.085008 -0.010295
    81 -10.197461 -2.057416 -10.685100 -1.620445 -0.266875 -1.132395
    82 -10.722400 -0.506063 0.017998 0.014153 -0.011625 0.041372
    83 -4.054494 -12.885564 -4.916888 0.063717 -0.091925 0.020039
  time 5
    0 0.000000 0.000000 0.000000 3.137881 0.003712 -0.000007
    1 0.000000 0.070238 -0.009265 -1.570778 0.000000 1.528371
    2 4.111335 -16.616457 -10.610917 -1.031179 -0.240450 -2.265940
    3 0.237000 -0.019106 -0.353871 -0.031846 -0.060887 0.001610
    4 5.740851 0.000002 0.000000 0.000673 0.000000 0.000000
    5 10.321901 0.003155 0.187182 -0.229226 0.027369 0.027690
    6 10.295601 0.000000 0.000000 2.832433 0.128519 0.146001
    7 0.252449 -0.450151 0.014884 2.961090 -0.113350 -0.085454
    8 3.323328 0.233761 1.479089 -0.333140 0.246331 1.118173
    9 0.331326 -0.384609 -0.028515 2.751210 -0.062475 0.301804
    10 0.963098 0.000000 0.000000 -0.065385 0.021142 0.723408
    11 0.219801 -0.039763 0.000647 2.771360 0.018767 0.255174
    12 0.682896 0.000002 0.000000 -0.066755 -0.016344 0.171422
    13 0.237805 0.264544 -0.007074 2.776430 0.037665 -0.015667
    14 3.632759 0.059072 0.757512 -0.195391 0.114026 0.965548
    15 0.466810 -0.831947 0.013376 2.881400 0.028647 0.343212
    16 1.500140 0.000000 -0.000003 -0.047376 0.059112 1.174333
    17 0.319986 -0.324402 -0.027586 2.877640 0.022726 0.214012
    18 0.905666 0.000000 0.000001 -0.074893 -0.011128 0.132426
    19 0.492504 -0.086171 -0.084238 2.879510 0.064298 0.261627
    20 3.799519 0.014969 -0.039935 -0.133618 0.021585 0.762617
    21 0.217894 -0.825647 0.038806 3.038690 -0.013998 0.239370
    22 1.774879 -0.000002 0.000001 -0.003380 0.018567 1.449984
    23 -0.011930 -0.409492 0.022487 3.039220 -0.018455 0.224297
    24 1.008837 0.000001 -0.000001 -0.018804 0.000523 0.085378
    25 0.062305 -0.120462 0.017525 3.043570 -0.040149 0.014192
    26 3.773769 0.133240 -0.970558 -0.013186 0.169610 0.017270
    27 0.276640 -0.495263 -0.109455 -3.042850 -0.074739 0.140309
    28 1.433455 -0.000001 0.000002 0.000000 0.000000 1.027347
    29 0.534334 -0.269066 0.018936 -3.047540 -0.084662 0.175451
    30 1.019160 0.000002 -0.000001 0.000000 0.000000 0.420267
    31 0.591927 -0.092812 0.111916 -3.044020 -0.081575 0.092229
    32 1.149530 0.416493 -1.414110 1.637320 0.502658 0.152274
    33 -0.152565 -0.022695 0.475140 0.134276 0.161355 -0.294699
    34 1.263880 0.000000 -0.000001 0.000000 0.000000 0.095331
    35 0.204777 -0.431778 0.089654 0.168587 0.067859 -0.050505
    36 1.188936 0.000000 0.000001 -0.009661 -0.002767 -0.227690
    37 -0.017635 -0.420529 -0.022252 0.227339 0.046996 0.081353
    38 4.111335 -16.616457 -10.610917 -2.837072 -0.240364 -2.265856
    39 -10.722298 -0.506103 -0.017994 1.584990 0.010515 0.041378
    40 -10.150585 -2.358206 -10.685100 -2.123758 -0.264626 -1.128573
    41 0.294731 -0.017813 0.157481 0.029130 0.054919 0.004544
    42 5.740848 0.000000 -0.000001 0.000092 0.000000 -0.000008
    43 10.281296 -0.016083 0.132702 0.000149 0.000000 0.000000
    44 10.295597 0.000001 0.000000 2.271276 0.211687 0.367907
    45 3.184045 1.206980 0.401028 1.726757 0.024376 1.531556
    46 0.000000 1.663440 1.993458 0.000000 0.000000 0.000000
    47 0.000000 0.079149 6.178666 -0.027841 0.000000 0.000000
    48 0.000002 3.466950 2.698286 3.141590 0.001930 3.141580
    49 0.032274 0.082292 -0.974221 0.000000 0.000000 0.000000
    50 0.283657 -0.262681 -0.016718 3.136930 0.073998 -0.078846
    51 3.323318 0.233760 -1.479091 0.499338 0.106851 1.378955
    52 0.422707 -0.406992 0.168743 -2.735260 0.184776 0.303777
    53 0.963103 0.000001 -0.000001 0.038600 -0.004195 0.700134
    54 0.441121 -0.147523 -0.014119 -2.793600 0.005348 0.279055
    55 0.682898 0.000000 0.000000 0.038160 -0.007314 0.781218
    56 0.382509 0.011353 0.014142 -2.816920 -0.081657 0.157045
    57 3.632760 0.059067 -0.757513 0.326276 0.151995 1.274539
    58 0.489260 -0.525216 0.053914 -3.074870 0.011878 0.210808
    59 1.500140 -0.000002 0.000000 0.027852 -0.039254 1.247666
    60 0.467742 -0.219619 0.031131 -3.081490 -0.013760 0.185349
    61 0.905654 0.000000 0.000000 -0.030835 -0.073064 0.823803
    62 0.503673 -0.044144 -0.005648 -3.101730 -0.045027 0.343288
    63 3.799520 0.014976 0.039936 0.314695 0.278821 1.147641
    64 0.352883 -0.530994 0.013656 3.048800 0.018771 0.168551
    65 1.774880 0.000001 0.000000 0.015544 -0.026837 1.207247
    66 0.123960 -0.267018 -0.045197 3.038230 0.016899 0.163207
    67 1.008841 0.000000 0.000000 0.009396 -0.031527 1.094833
    68 -0.091995 -0.117643 -0.068578 3.035060 0.049848 0.104967
    69 3.773758 0.133240 0.970555 0.009987 0.253119 0.024177
    70 0.266356 -0.315424 0.022796 2.894160 -0.011217 0.140937
    71 1.433460 -0.000001 0.000000 0.021775 -0.008193 0.379603
    72 0.232987 -0.175441 0.051954 2.850500 0.105025 0.006572
    73 1.019161 0.000000 0.000000 -0.041658 0.035476 0.775849
    74 0.199651 -0.182736 -0.019174 2.866800 0.015134 0.022335
    75 1.149521 0.416503 1.414108 -1.706540 0.222107 0.786064
    76 -0.259195 -0.126472 -0.187737 -0.320833 -0.178068 -0.144302
    77 1.263870 0.000000 0.000000 0.000000 0.000000 0.198825
    78 -0.023456 -0.272392 0.128637 -0.377946 -0.139541 -0.070537
    79 1.188940 0.000000 0.000000 0.006450 0.000239 0.052447
    80 -0.027065 -0.282838 0.274405 -0.453086 -0.085008 -0.010295
    81 -10.150585 -2.358206 -10.685100 -1.615773 -0.264670 -1.128491
    82 -10.722400 -0.506063 0.017998 0.014153 -0.011625 0.041372
    83 -4.089651 -13.260576 -4.916888 0.105700 -0.146069 0.038139
  time 6
    0 0.000000 0.000000 0.000000 3.137881 0.003712 -0.000007
    1 0.000000 0.097583 -0.013171 -1.570778 0.000000 1.511017
    2 4.517597 -16.870371 -10.829674 -1.029431 -0.243631 -2.262034
    3 0.237000 -0.019106 -0.353871 -0.031846 -0.060887 0.001610
    4 5.740851 0.000002 0.000000 0.000673 0.000000 0.000000
    5 10.321901 0.003155 0.187182 -0.229226 0.027369 0.027690
    6 10.295601 0.000000 0.000000 2.851956 0.138716 0.206010
    7 0.252449 -0.450151 0.014884 2.961090 -0.113350 -0.085454
    8 3.323328 0.233761 1.479089 -0.333052 0.246662 1.118778
    9 0.331326 -0.384609 -0.028515 2.751210 -0.062475 0.301804
    10 0.963098 0.000000 0.000000 -0.065385 0.021142 0.723461
    11 0.219801 -0.039763 0.000647 2.771360 0.018767 0.255174
    12 0.682896 0.000002 0.000000 -0.066755 -0.016344 0.171450
    13 0.237805 0.264544 -0.007074 2.776430 0.037665 -0.015667
    14 3.632759 0.059072 0.757512 -0.195391 0.114170 0.966215
    15 0.466810 -0.831947 0.013376 2.881400 0.028647 0.343212
    16 1.500140 0.000000 -0.000003 -0.047364 0.059136 1.174939
    17 0.319986 -0.324402 -0.027586 2.877640 0.022726 0.214012
    18 0.905666 0.000000 0.000001 -0.074893 -0.011128 0.132426
    19 0.492504 -0.086171 -0.084238 2.879510 0.064298 0.261627
    20 3.799519 0.014969 -0.039935 -0.133654 0.021645 0.763288
    21 0.217894 -0.825647 0.038806 3.038690 -0.013998 0.239370
    22 1.774879 -0.000002 0.000001 -0.003368 0.018567 1.450769
    23 -0.011930 -0.409492 0.022487 3.039220 -0.018455 0.224297
    24 1.008837 0.000001 -0.000001 -0.018804 0.000535 0.085378
    25 0.062305 -0.120462 0.017525 3.043570 -0.040149 0.014192
    26 3.773769 0.133240 -0.970558 -0.013174 0.169634 0.017366
    27 0.276640 -0.495263 -0.109455 -3.042850 -0.074739 0.140309
    28 1.433455 -0.000001 0.000002 0.000000 0.000000 1.027646
    29 0.534334 -0.269066 0.018936 -3.047540 -0.084662 0.175451
    30 1.019160 0.000002 -0.000001 0.000000 0.000000 0.420291
    31 0.591927 -0.092812 0.111916 -3.044020 -0.081575 0.092229
    32 1.149530 0.416493 -1.414110 1.637320 0.502658 0.152274
    33 -0.152565 -0.022695 0.475140 0.134276 0.161355 -0.294699
    34 1.263880 0.000000 -0.000001 0.000000 0.000000 0.095331
    35 0.204777 -0.431778 0.089654 0.168587 0.067859 -0.050505
    36 1.188936 0.000000 0.000001 -0.009661 -0.002767 -0.227690
    37 -0.017635 -0.420529 -0.022252 0.227339 0.046996 0.081353
    38 4.517597 -16.870371 -10.829674 -2.835368 -0.243548 -2.262070
    39 -10.722298 -0.506103 -0.017994 1.584990 0.010515 0.041378
    40 -10.119334 -2.772281 -10.673380 -2.120558 -0.268540 -1.121433
    41 0.294731 -0.017813 0.157481 0.029130 0.054919 0.004544
    42 5.740848 0.000000 -0.000001 0.000092 0.000000 -0.000008
    43 10.281296 -0.016083 0.132702 0.000149 0.000000 0.000000
    44 10.295597 0.000001 0.000000 2.318466 0.182472 0.386315
    45 3.184045 1.206980 0.397122 1.726757 0.024376 1.531556
    46 0.000000 1.663440 1.993458 0.000000 0.000000 0.000000
    47 0.000000 0.079149 6.178666 -0.027841 0.000000 0.000000
    48 0.000002 3.466950 2.698286 3.141590 0.001930 3.141580
    49 0.032274 0.082292 -0.974221 0.000000 0.000000 0.000000
    50 0.283657 -0.262681 -0.016718 3.136930 0.073998 -0.078846
    51 3.323318 0.233760 -1.479091 0.471091 0.106875 1.379072
    52 0.422707 -0.406992 0.168743 -2.735260 0.184776 0.303777
    53 0.963103 0.000001 -0.000001 0.038612 -0.004195 0.700134
    54 0.441121 -0.147523 -0.014119 -2.793600 0.005348 0.279055
    55 0.682898 0.000000 0.000000 0.038160 -0.007314 0.781218
    56 0.382509 0.011353 0.014142 -2.816920 -0.081657 0.157045
    57 3.632760 0.059067 -0.757513 0.326276 0.152007 1.274539
    58 0.489260 -0.525216 0.053914 -3.074870 0.011878 0.210808
    59 1.500140 -0.000002 0.000000 0.027852 -0.039254 1.247666
    60 0.467742 -0.219619 0.031131 -3.081490 -0.013760 0.185349
    61 0.905654 0.000000 0.000000 -0.049220 -0.084558 0.688378
    62 0.503673 -0.044144 -0.005648 -3.101730 -0.045027 0.343288
    63 3.799520 0.014976 0.039936 0.327494 0.278797 1.147669
    64 0.352883 -0.530994 0.013656 3.048800 0.018771 0.168551
    65 1.774880 0.000001 0.000000 0.015544 -0.026837 1.207247
    66 0.123960 -0.267018 -0.045197 3.038230 0.016899 0.163207
    67 1.008841 0.000000 0.000000 0.007382 -0.033013 1.058798
    68 -0.091995 -0.117643 -0.068578 3.035060 0.049848 0.104967
    69 3.773758 0.133240 0.970555 0.009987 0.253119 0.024177
    70 0.266356 -0.315424 0.022796 2.894160 -0.011217 0.140937
    71 1.433460 -0.000001 0.000000 0.021775 -0.008193 0.379603
    72 0.232987 -0.175441 0.051954 2.850500 0.105025 0.006572
    73 1.019161 0.000000 0.000000 -0.061468 0.050146 0.902392
    74 0.199651 -0.182736 -0.019174 2.866800 0.015134 0.022335
    75 1.149521 0.416503 1.414108 -1.701758 0.225080 0.807883
    76 -0.259195 -0.126472 -0.187737 -0.320833 -0.178068 -0.144302
    77 1.263870 0.000000 0.000000 0.000000 0.000000 0.198825
    78 -0.023456 -0.272392 0.128637 -0.377946 -0.139541 -0.070537
    79 1.188940 0.000000 0.000000 0.006450 0.000251 0.052447
    80 -0.027065 -0.282838 0.274405 -0.453086 -0.085008 -0.010295
    81 -10.119334 -2.772281 -10.673380 -1.612546 -0.268602 -1.121454
    82 -10.722400 -0.506063 0.017998 0.014153 -0.011625 0.041372
    83 -4.085745 -13.690276 -4.842667 0.135459 -0.192337 0.059034
  time 7
    0 0.000000 0.000000 0.000000 3.137881 0.003712 -0.000007
    1 0.000000 0.128834 -0.020984 -1.570778 0.000000 1.493184
    2 4.978549 -17.186787 -11.013273 -1.026284 -0.251548 -2.258368
    3 0.237000 -0.019106 -0.353871 -0.031846 -0.060887 0.001610
    4 5.740851 0.000002 0.000000 0.000673 0.000000 -0.000012
    5 10.321901 0.003155 0.187182 -0.229226 0.027369 0.027690
    6 10.295601 0.000000 0.000000 2.867150 0.143041 0.263708
    7 0.252449 -0.450151 0.014884 2.961090 -0.113350 -0.085454
    8 3.323328 0.233761 1.479089 -0.332994 0.247067 1.119427
    9 0.331326 -0.384609 -0.028515 2.751210 -0.062475 0.301804
    10 0.963098 0.000000 0.000000 -0.065385 0.021142 0.723567
    11 0.219801 -0.039763 0.000647 2.771360 0.018767 0.255174
    12 0.682896 0.000002 0.000000 -0.066755 -0.016356 0.171450
    13 0.237805 0.264544 -0.007074 2.776430 0.037665 -0.015667
    14 3.632759 0.059072 0.757512 -0.195355 0.114313 0.966929
    15 0.466810 -0.831947 0.013376 2.881400 0.028647 0.343212
    16 1.500140 0.000000 -0.000003 -0.047340 0.059172 1.175685
    17 0.319986 -0.324402 -0.027586 2.877640 0.022726 0.214012
    18 0.905666 0.000000 0.000001 -0.074893 -0.011128 0.132426
    19 0.492504 -0.086171 -0.084238 2.879510 0.064298 0.261627
    20 3.799519 0.014969 -0.039935 -0.133690 0.021728 0.764084
    21 0.217894 -0.825647 0.038806 3.038690 -0.013998 0.239370
    22 1.774879 -0.000002 0.000001 -0.003356 0.018567 1.451911
    23 -0.011930 -0.409492 0.022487 3.039220 -0.018455 0.224297
    24 1.008837 0.000001 -0.000001 -0.018804 0.000523 0.085378
    25 0.062305 -0.120462 0.017525 3.043570 -0.040149 0.014192
    26 3.773769 0.133240 -0.970558 -0.013102 0.169718 0.017617
    27 0.276640 -0.495263 -0.109455 -3.042850 -0.074739 0.140309
    28 1.433455 -0.000001 0.000002 0.000000 0.000000 1.028159
    29 0.534334 -0.269066 0.018936 -3.047540 -0.084662 0.175451
    30 1.019160 0.000002 -0.000001 0.000000 0.000000 0.420423
    31 0.591927 -0.092812 0.111916 -3.044020 -0.081575 0.092229
    32 1.149530 0.416493 -1.414110 1.637320 0.502658 0.152274
    33 -0.152565 -0.022695 0.475140 0.134276 0.161355 -0.294699
    34 1.263880 0.000000 -0.000001 0.000000 0.000000 0.095331
    35 0.204777 -0.431778 0.089654 0.168587 0.067859 -0.050505
    36 1.188936 0.000000 0.000001 -0.009661 -0.002767 -0.227690
    37 -0.017635 -0.420529 -0.022252 0.227339 0.046996 0.081353
    38 4.978549 -17.186787 -11.013273 -2.832296 -0.251473 -2.258404
    39 -10.722298 -0.506103 -0.017994 1.584990 0.010515 0.041378
    40 -10.080270 -3.291828 -10.649942 -2.116938 -0.274549 -1.112084
    41 0.294731 -0.017813 0.157481 0.029130 0.054919 0.004544
    42 5.740848 0.000000 -0.000001 0.000092 0.000000 -0.000008
    43 10.281296 -0.016083 0.132702 0.000149 0.000000 0.000000
    44 10.295597 0.000001 0.000000 2.354609 0.152744 0.400771
    45 3.184045 1.206980 0.401028 1.726757 0.024376 1.531556
    46 0.000000 1.663440 1.993458 0.000000 0.000000 0.000000
    47 0.000000 0.079149 6.178666 -0.027841 0.000000 0.000000
    48 0.000002 3.466950 2.698286 3.141590 0.001930 3.141580
    49 0.032274 0.082292 -0.974221 0.000000 0.000000 0.000000
    50 0.283657 -0.262681 -0.016718 3.136930 0.073998 -0.078846
    51 3.323318 0.233760 -1.479091 0.471091 0.106875 1.379072
    52 0.422707 -0.406992 0.168743 -2.735260 0.184776 0.303777
    53 0.963103 0.000001 -0.000001 0.038612 -0.004195 0.700134
    54 0.441121 -0.147523 -0.014119 -2.793600 0.005348 0.279055
    55 0.682898 0.000000 0.000000 0.038160 -0.007314 0.781218
    56 0.382509 0.011353 0.014142 -2.816920 -0.081657 0.157045
    57 3.632760 0.059067 -0.757513 0.326276 0.151995 1.274539
    58 0.489260 -0.525216 0.053914 -3.074870 0.011878 0.210808
    59 1.500140 -0.000002 0.000000 0.027852 -0.039254 1.247666
    60 0.467742 -0.219619 0.031131 -3.081490 -0.013760 0.185349
    61 0.905654 0.000000 0.000000 -0.049220 -0.084558 0.688378
    62 0.503673 -0.044144 -0.005648 -3.101730 -0.045027 0.343288
    63 3.799520 0.014976 0.039936 0.327494 0.278797 1.147669
    64 0.352883 -0.530994 0.013656 3.048800 0.018771 0.168551
    65 1.774880 0.000001 0.000000 0.015544 -0.026837 1.207221
    66 0.123960 -0.267018 -0.045197 3.038230 0.016899 0.163207
    67 1.008841 0.000000 0.000000 0.007394 -0.033013 1.058798
    68 -0.091995 -0.117643 -0.068578 3.035060 0.049848 0.104967
    69 3.773758 0.133240 0.970555 0.009987 0.253119 0.024177
    70 0.266356 -0.315424 0.022796 2.894160 -0.011217 0.140937
    71 1.433460 -0.000001 0.000000 0.021775 -0.008193 0.379603
    72 0.232987 -0.175441 0.051954 2.850500 0.105025 0.006572
    73 1.019161 0.000000 0.000000 -0.061468 0.050146 0.902392
    74 0.199651 -0.182736 -0.019174 2.866800 0.015134 0.022335
    75 1.149521 0.416503 1.414108 -1.701758 0.225080 0.807883
    76 -0.259195 -0.126472 -0.187737 -0.320833 -0.178068 -0.144302
    77 1.263870 0.000000 0.000000 0.000000 0.000000 0.198825
    78 -0.023456 -0.272392 0.128637 -0.377946 -0.139541 -0.070537
    79 1.188940 0.000000 0.000000 0.006450 0.000251 0.052447
    80 -0.027065 -0.282838 0.274405 -0.453086 -0.085008 -0.010295
    81 -10.080270 -3.291828 -10.649942 -1.608906 -0.274648 -1.112208
    82 -10.722400 -0.506063 0.017998 0.014153 -0.011625 0.041372
    83 -4.023243 -14.186385 -4.752820 0.160306 -0.230175 0.082977
  time 8
    0 0.000000 0.000000 0.000000 3.137881 0.003712 -0.000007
    1 0.000000 0.152272 -0.028797 -1.570778 0.000000 1.475111
    2 5.470751 -17.526641 -11.165622 -1.022857 -0.259357 -2.252418
    3 0.237000 -0.019106 -0.353871 -0.031846 -0.060887 0.001610
    4 5.740851 0.000002 0.000000 0.000673 0.000000 -0.000012
    5 10.321901 0.003155 0.187182 -0.229226 0.027369 0.027690
    6 10.295601 0.000000 0.000000 2.878703 0.143659 0.316841
    7 0.252449 -0.450151 0.014884 2.961090 -0.113350 -0.085454
    8 3.323328 0.233761 1.479089 -0.332876 0.247594 1.120293
    9 0.331326 -0.384609 -0.028515 2.751210 -0.062475 0.301804
    10 0.963098 0.000000 0.000000 -0.065385 0.021154 0.723779
    11 0.219801 -0.039763 0.000647 2.771360 0.018767 0.255174
    12 0.682896 0.000002 0.000000 -0.066755 -0.016356 0.171450
    13 0.237805 0.264544 -0.007074 2.776430 0.037665 -0.015667
    14 3.632759 0.059072 0.757512 -0.195319 0.114529 0.967928
    15 0.466810 -0.831947 0.013376 2.881400 0.028647 0.343212
    16 1.500140 0.000000 -0.000003 -0.047316 0.059232 1.176618
    17 0.319986 -0.324402 -0.027586 2.877640 0.022726 0.214012
    18 0.905666 0.000000 0.000001 -0.074893 -0.011128 0.132426
    19 0.492504 -0.086171 -0.084238 2.879510 0.064298 0.261627
    20 3.799519 0.014969 -0.039935 -0.133726 0.021872 0.765079
    21 0.217894 -0.825647 0.038806 3.038690 -0.013998 0.239370
    22 1.774879 -0.000002 0.000001 -0.003356 0.018567 1.453302
    23 -0.011930 -0.409492 0.022487 3.039220 -0.018455 0.224297
    24 1.008837 0.000001 -0.000001 -0.018804 0.000523 0.085378
    25 0.062305 -0.120462 0.017525 3.043570 -0.040149 0.014192
    26 3.773769 0.133240 -0.970558 -0.013042 0.169862 0.018061
    27 0.276640 -0.495263 -0.109455 -3.042850 -0.074739 0.140309
    28 1.433455 -0.000001 0.000002 0.000000 0.000000 1.028743
    29 0.534334 -0.269066 0.018936 -3.047540 -0.084662 0.175451
    30 1.019160 0.000002 -0.000001 0.000000 0.000000 0.420639
    31 0.591927 -0.092812 0.111916 -3.044020 -0.081575 0.092229
    32 1.149530 0.416493 -1.414110 1.637320 0.502658 0.152274
    33 -0.152565 -0.022695 0.475140 0.134276 0.161355 -0.294699
    34 1.263880 0.000000 -0.000001 0.000000 0.000000 0.095331
    35 0.204777 -0.431778 0.089654 0.168587 0.067859 -0.050505
    36 1.188936 0.000000 0.000001 -0.009661 -0.002767 -0.227690
    37 -0.017635 -0.420529 -0.022252 0.227339 0.046996 0.081353
    38 5.470751 -17.526641 -11.165622 -2.828798 -0.259289 -2.252454
    39 -10.722298 -0.506103 -0.017994 1.584990 0.010515 0.041378
    40 -10.041207 -3.877784 -10.618691 -2.112998 -0.281660 -1.101811
    41 0.294731 -0.017813 0.157481 0.029130 0.054919 0.004544
    42 5.740848 0.000000 -0.000001 0.000092 0.000000 -0.000008
    43 10.281296 -0.016083 0.132702 0.000149 0.000000 0.000000
    44 10.295597 0.000001 0.000000 2.383532 0.121727 0.412668
    45 3.184045 1.206980 0.397122 1.726757 0.024376 1.531556
    46 0.000000 1.663440 1.993458 0.000000 0.000000 0.000000
    47 0.000000 0.079149 6.178666 -0.027841 0.000000 0.000000
    48 0.000002 3.466950 2.698286 3.141590 0.001930 3.141580
    49 0.032274 0.082292 -0.974221 0.000000 0.000000 0.000000
    50 0.283657 -0.262681 -0.016718 3.136930 0.073998 -0.078846
    51 3.323318 0.233760 -1.479091 0.471091 0.106875 1.379072
    52 0.422707 -0.406992 0.168743 -2.735260 0.184776 0.303777
    53 0.963103 0.000001 -0.000001 0.038612 -0.004195 0.700134
    54 0.441121 -0.147523 -0.014119 -2.793600 0.005348 0.279055
    55 0.682898 0.000000 0.000000 0.038160 -0.007314 0.781218
    56 0.382509 0.011353 0.014142 -2.816920 -0.081657 0.157045
    57 3.632760 0.059067 -0.757513 0.326276 0.152007 1.274539
    58 0.489260 -0.525216 0.053914 -3.074870 0.011878 0.210808
    59 1.500140 -0.000002 0.000000 0.027852 -0.039254 1.247666
    60 0.467742 -0.219619 0.031131 -3.081490 -0.013760 0.185349
    61 0.905654 0.000000 0.000000 -0.049220 -0.084558 0.688378
    62 0.503673 -0.044144 -0.005648 -3.101730 -0.045027 0.343288
    63 3.799520 0.014976 0.039936 0.327494 0.278797 1.147669
    64 0.352883 -0.530994 0.013656 3.048800 0.018771 0.168551
    65 1.774880 0.000001 0.000000 0.015544 -0.026837 1.207221
    66 0.123960 -0.267018 -0.045197 3.038230 0.016899 0.163207
    67 1.008841 0.000000 0.000000 0.007382 -0.033013 1.058798
    68 -0.091995 -0.117643 -0.068578 3.035060 0.049848 0.104967
    69 3.773758 0.133240 0.970555 0.009987 0.253119 0.024177
    70 0.266356 -0.315424 0.022796 2.894160 -0.011217 0.140937
    71 1.433460 -0.000001 0.000000 0.021775 -0.008193 0.379603
    72 0.232987 -0.175441 0.051954 2.850500 0.105025 0.006572
    73 1.019161 0.000000 0.000000 -0.061468 0.050146 0.902392
    74 0.199651 -0.182736 -0.019174 2.866800 0.015134 0.022335
    75 1.149521 0.416503 1.414108 -1.701758 0.225080 0.807883
    76 -0.259195 -0.126472 -0.187737 -0.320833 -0.178068 -0.144302
    77 1.263870 0.000000 0.000000 0.000000 0.000000 0.198825
    78 -0.023456 -0.272392 0.128637 -0.377946 -0.139541 -0.070537
    79 1.188940 0.000000 0.000000 0.006450 0.000251 0.052447
    80 -0.027065 -0.282838 0.274405 -0.453086 -0.085008 -0.010295
    81 -10.041207 -3.877784 -10.618691 -1.604208 -0.281704 -1.101883
    82 -10.722400 -0.506063 0.017998 0.014153 -0.011625 0.041372
    83 -3.933396 -14.733277 -4.655161 0.182611 -0.262590 0.109778
  time 9
    0 0.000000 0.000000 0.000000 3.137881 0.003712 -0.000007
    1 0.000000 0.183523 -0.032703 -1.570778 0.000000 1.456847
    2 5.970767 -17.866495 -11.263281 -1.019314 -0.265249 -2.243223
    3 0.237000 -0.019106 -0.353871 -0.031846 -0.060887 0.001610
    4 5.740851 0.000002 0.000000 0.000673 0.000000 -0.000012
    5 10.321901 0.003155 0.187182 -0.229226 0.027369 0.027690
    6 10.295601 0.000000 0.000000 2.886748 0.141589 0.363099
    7 0.252449 -0.450151 0.014884 2.961090 -0.113350 -0.085454
    8 3.323328 0.233761 1.479089 -0.332759 0.248171 1.121309
    9 0.331326 -0.384609 -0.028515 2.751210 -0.062475 0.301804
    10 0.963098 0.000000 0.000000 -0.065385 0.021166 0.724097
    11 0.219801 -0.039763 0.000647 2.771360 0.018767 0.255174
    12 0.682896 0.000002 0.000000 -0.066755 -0.016344 0.171450
    13 0.237805 0.264544 -0.007074 2.776430 0.037665 -0.015667
    14 3.632759 0.059072 0.757512 -0.195295 0.114805 0.968975
    15 0.466810 -0.831947 0.013376 2.881400 0.028647 0.343212
    16 1.500140 0.000000 -0.000003 -0.047280 0.059304 1.177760
    17 0.319986 -0.324402 -0.027586 2.877640 0.022726 0.214012
    18 0.905666 0.000000 0.000001 -0.074893 -0.011128 0.132426
    19 0.492504 -0.086171 -0.084238 2.879510 0.064298 0.261627
    20 3.799519 0.014969 -0.039935 -0.133750 0.022004 0.766273
    21 0.217894 -0.825647 0.038806 3.038690 -0.013998 0.239370
    22 1.774879 -0.000002 0.000001 -0.003332 0.018567 1.454980
    23 -0.011930 -0.409492 0.022487 3.039220 -0.018455 0.224297
    24 1.008837 0.000001 -0.000001 -0.018804 0.000523 0.085378
    25 0.062305 -0.120462 0.017525 3.043570 -0.040149 0.014192
    26 3.773769 0.133240 -0.970558 -0.012970 0.170017 0.018540
    27 0.276640 -0.495263 -0.109455 -3.042850 -0.074739 0.140309
    28 1.433455 -0.000001 0.000002 0.000000 0.000000 1.029341
    29 0.534334 -0.269066 0.018936 -3.047540 -0.084662 0.175451
    30 1.019160 0.000002 -0.000001 0.000000 0.000000 0.420950
    31 0.591927 -0.092812 0.111916 -3.044020 -0.081575 0.092229
    32 1.149530 0.416493 -1.414110 1.637320 0.502658 0.152274
    33 -0.152565 -0.022695 0.475140 0.134276 0.161355 -0.294699
    34 1.263880 0.000000 -0.000001 0.000000 0.000000 0.095331
    35 0.204777 -0.431778 0.089654 0.168587 0.067859 -0.050505
    36 1.188936 0.000000 0.000001 -0.009661 -0.002767 -0.227690
    37 -0.017635 -0.420529 -0.022252 0.227339 0.046996 0.081353
    38 5.970767 -17.866495 -11.263281 -2.825322 -0.265152 -2.243259
    39 -10.722298 -0.506103 -0.017994 1.584990 0.010515 0.041378
    40 -9.990424 -4.522335 -10.583534 -2.109084 -0.289267 -1.091075
    41 0.294731 -0.017813 0.157481 0.029130 0.054919 0.004544
    42 5.740848 0.000000 -0.000001 0.000092 0.000000 -0.000008
    43 10.281296 -0.016083 0.132702 0.000149 0.000000 0.000000
    44 10.295597 0.000001 0.000000 2.406449 0.089774 0.421778
    45 3.184045 1.206980 0.401028 1.726757 0.024376 1.531556
    46 0.000000 1.663440 1.993458 0.000000 0.000000 0.000000
    47 0.000000 0.079149 6.178666 -0.027841 0.000000 0.000000
    48 0.000002 3.466950 2.698286 3.141590 0.001930 3.141592
    49 0.032274 0.082292 -0.974221 0.000000 0.000000 0.000000
    50 0.283657 -0.262681 -0.016718 3.136930 0.073998 -0.078846
    51 3.323318 0.233760 -1.479091 0.471091 0.106875 1.379072
    52 0.422707 -0.406992 0.168743 -2.735260 0.184776 0.303777
    53 0.963103 0.000001 -0.000001 0.038612 -0.004195 0.700134
    54 0.441121 -0.147523 -0.014119 -2.793600 0.005348 0.279055
    55 0.682898 0.000000 0.000000 0.038148 -0.007314 0.781218
    56 0.382509 0.011353 0.014142 -2.816920 -0.081657 0.157045
    57 3.632760 0.059067 -0.757513 0.326276 0.151995 1.274539
    58 0.489260 -0.525216 0.053914 -3.074870 0.011878 0.210808
    59 1.500140 -0.000002 0.000000 0.027852 -0.039266 1.247666
    60 0.467742 -0.219619 0.031131 -3.081490 -0.013760 0.185349
    61 0.905654 0.000000 0.000000 -0.049220 -0.084558 0.688378
    62 0.503673 -0.044144 -0.005648 -3.101730 -0.045027 0.343288
    63 3.799520 0.014976 0.039936 0.327494 0.278797 1.147669
    64 0.352883 -0.530994 0.013656 3.048800 0.018771 0.168551
    65 1.774880 0.000001 0.000000 0.015544 -0.026837 1.207221
    66 0.123960 -0.267018 -0.045197 3.038230 0.016899 0.163207
    67 1.008841 0.000000 0.000000 0.007382 -0.033013 1.058798
    68 -0.091995 -0.117643 -0.068578 3.035060 0.049848 0.104967
    69 3.773758 0.133240 0.970555 0.009987 0.253119 0.024177
    70 0.266356 -0.315424 0.022796 2.894160 -0.011217 0.140937
    71 1.433460 -0.000001 0.000000 0.021775 -0.008193 0.379603
    72 0.232987 -0.175441 0.051954 2.850500 0.105025 0.006572
    73 1.019161 0.000000 0.000000 -0.061468 0.050146 0.902392
    74 0.199651 -0.182736 -0.019174 2.866800 0.015134 0.022335
    75 1.149521 0.416503 1.414108 -1.701758 0.225080 0.807883
    76 -0.259195 -0.126472 -0.187737 -0.320833 -0.178068 -0.144302
    77 1.263870 0.000000 0.000000 0.000000 0.000000 0.198825
    78 -0.023456 -0.272392 0.128637 -0.377946 -0.139541 -0.070537
    79 1.188940 0.000000 0.000000 0.006450 0.000251 0.052447
    80 -0.027065 -0.282838 0.274405 -0.453086 -0.085008 -0.010295
    81 -9.990424 -4.522335 -10.583534 -1.595897 -0.289348 -1.091199
    82 -10.722400 -0.506063 0.017998 0.014153 -0.011625 0.041372
    83 -3.804486 -15.319232 -4.549689 0.202346 -0.290058 0.138866
  time 10
    0 0.000000 0.000000 0.000000 3.137881 0.003712 -0.000007
    1 0.000000 0.214774 -0.032703 -1.570778 0.000000 1.438342
    2 6.462969 -18.182911 -11.306251 -1.015864 -0.268214 -2.229761
    3 0.237000 -0.019106 -0.353871 -0.031846 -0.060887 0.001610
    4 5.740851 0.000002 0.000000 0.000673 0.000000 0.000000
    5 10.321901 0.003155 0.187182 -0.229226 0.027369 0.027690
    6 10.295601 0.000000 0.000000 2.892067 0.137820 0.401384
    7 0.252449 -0.450151 0.014884 2.961090 -0.113350 -0.085454
    8 3.323328 0.233761 1.479089 -0.332598 0.248796 1.122434
    9 0.331326 -0.384609 -0.028515 2.751210 -0.062475 0.301804
    10 0.963098 0.000000 0.000000 -0.065385 0.021202 0.724415
    11 0.219801 -0.039763 0.000647 2.771360 0.018767 0.255174
    12 0.682896 0.000002 0.000000 -0.066755 -0.016344 0.171450
    13 0.237805 0.264544 -0.007074 2.776430 0.037665 -0.015667
    14 3.632759 0.059072 0.757512 -0.195259 0.115092 0.970308
    15 0.466810 -0.831947 0.013376 2.881400 0.028647 0.343212
    16 1.500140 0.000000 -0.000003 -0.047220 0.059388 1.178996
    17 0.319986 -0.324402 -0.027586 2.877640 0.022726 0.214012
    18 0.905666 0.000000 0.000001 -0.074893 -0.011128 0.132426
    19 0.492504 -0.086171 -0.084238 2.879510 0.064298 0.261627
    20 3.799519 0.014969 -0.039935 -0.133786 0.022172 0.767667
    21 0.217894 -0.825647 0.038806 3.038690 -0.013998 0.239370
    22 1.774879 -0.000002 0.000001 -0.003260 0.018627 1.456907
    23 -0.011930 -0.409492 0.022487 3.039220 -0.018455 0.224297
    24 1.008837 0.000001 -0.000001 -0.018804 0.000523 0.085378
    25 0.062305 -0.120462 0.017525 3.043570 -0.040149 0.014192
    26 3.773769 0.133240 -0.970558 -0.012910 0.170161 0.019044
    27 0.276640 -0.495263 -0.109455 -3.042850 -0.074739 0.140309
    28 1.433455 -0.000001 0.000002 0.000000 0.000000 1.030096
    29 0.534334 -0.269066 0.018936 -3.047540 -0.084662 0.175451
    30 1.019160 0.000002 -0.000001 0.000000 0.000000 0.421382
    31 0.591927 -0.092812 0.111916 -3.044020 -0.081575 0.092229
    32 1.149530 0.416493 -1.414110 1.637332 0.502658 0.152274
    33 -0.152565 -0.022695 0.475140 0.134276 0.161355 -0.294699
    34 1.263880 0.000000 -0.000001 0.000000 0.000000 0.095331
    35 0.204777 -0.431778 0.089654 0.168587 0.067859 -0.050505
    36 1.188936 0.000000 0.000001 -0.009661 -0.002767 -0.227690
    37 -0.017635 -0.420529 -0.022252 0.227339 0.046996 0.081353
    38 6.462969 -18.182911 -11.306251 -2.821891 -0.268227 -2.229797
    39 -10.722298 -0.506103 -0.017994 1.584990 0.010515 0.041378
    40 -9.939641 -5.198137 -10.532751 -2.105425 -0.297168 -1.080750
    41 0.294731 -0.017813 0.157481 0.029130 0.054919 0.004544
    42 5.740848 0.000000 -0.000001 0.000092 0.000000 -0.000008
    43 10.281296 -0.016083 0.132702 0.000149 0.000000 0.000000
    44 10.295597 0.000001 0.000000 2.424472 0.056708 0.427989
    45 3.184045 1.206980 0.401028 1.726757 0.024376 1.531556
    46 0.000000 1.663440 1.993458 0.000000 0.000000 0.000000
    47 0.000000 0.079149 6.178666 -0.027841 0.000000 0.000000
    48 0.000002 3.466950 2.698286 3.141590 0.001930 3.141580
    49 0.032274 0.082292 -0.974221 0.000000 0.000000 0.000000
    50 0.283657 -0.262681 -0.016718 3.136930 0.073998 -0.078846
    51 3.323318 0.233760 -1.479091 0.471091 0.106875 1.379072
    52 0.422707 -0.406992 0.168743 -2.735260 0.184776 0.303777
    53 0.963103 0.000001 -0.000001 0.038612 -0.004195 0.700134
    54 0.441121 -0.147523 -0.014119 -2.793600 0.005348 0.279055
    55 0.682898 0.000000 0.000000 0.038160 -0.007314 0.781218
    56 0.382509 0.011353 0.014142 -2.816920 -0.081657 0.157045
    57 3.632760 0.059067 -0.757513 0.326276 0.151995 1.274539
    58 0.489260 -0.525216 0.053914 -3.074870 0.011878 0.210808
    59 1.500140 -0.000002 0.000000 0.027852 -0.039266 1.247666
    60 0.467742 -0.219619 0.031131 -3.081490 -0.013760 0.185349
    61 0.905654 0.000000 0.000000 -0.049220 -0.084558 0.688378
    62 0.503673 -0.044144 -0.005648 -3.101730 -0.045027 0.343288
    63 3.799520 0.014976 0.039936 0.327494 0.278797 1.147669
    64 0.352883 -0.530994 0.013656 3.048800 0.018771 0.168551
    65 1.774880 0.000001 0.000000 0.015544 -0.026837 1.207221
    66 0.123960 -0.267018 -0.045197 3.038230 0.016899 0.163207
    67 1.008841 0.000000 0.000000 0.007382 -0.033013 1.058798
    68 -0.091995 -0.117643 -0.068578 3.035060 0.049848 0.104967
    69 3.773758 0.133240 0.970555 0.009987 0.253119 0.024177
    70 0.266356 -0.315424 0.022796 2.894160 -0.011217 0.140937
    71 1.433460 -0.000001 0.000000 0.021775 -0.008193 0.379603
    72 0.232987 -0.175441 0.051954 2.850500 0.105025 0.006572
    73 1.019161 0.000000 0.000000 -0.061468 0.050146 0.902415
    74 0.199651 -0.182736 -0.019174 2.866800 0.015134 0.022335
    75 1.149521 0.416503 1.414108 -1.701758 0.225080 0.807883
    76 -0.259195 -0.126472 -0.187737 -0.320833 -0.178068 -0.144302
    77 1.263870 0.000000 0.000000 0.000000 0.000000 0.198825
    78 -0.023456 -0.272392 0.128637 -0.377946 -0.139541 -0.070537
    79 1.188940 0.000000 0.000000 0.006450 0.000251 0.052447
    80 -0.027065 -0.282838 0.274405 -0.453086 -0.085008 -0.010295
    81 -9.939641 -5.198137 -10.532751 -1.584023 -0.297231 -1.080720
    82 -10.722400 -0.506063 0.017998 0.014153 -0.011625 0.041372
    83 -3.663857 -15.928626 -4.428591 0.219396 -0.313291 0.170049
  time 11
    0 0.000000 0.000000 0.000000 3.137881 0.003712 -0.000007
    1 0.000000 0.246025 -0.040516 -1.570778 0.000000 1.419982
    2 6.920014 -18.448544 -11.282813 -1.012577 -0.267310 -2.210709
    3 0.237000 -0.019106 -0.353871 -0.031846 -0.060887 0.001610
    4 5.740851 0.000002 0.000000 0.000673 0.000000 0.000000
    5 10.321901 0.003155 0.187182 -0.229226 0.027369 0.027690
    6 10.295601 0.000000 0.000000 2.895128 0.133308 0.430263
    7 0.252449 -0.450151 0.014884 2.961090 -0.113350 -0.085454
    8 3.323328 0.233761 1.479089 -0.332422 0.249532 1.123776
    9 0.331326 -0.384609 -0.028515 2.751210 -0.062475 0.301804
    10 0.963098 0.000000 0.000000 -0.065373 0.021226 0.724892
    11 0.219801 -0.039763 0.000647 2.771360 0.018767 0.255174
    12 0.682896 0.000002 0.000000 -0.066755 -0.016344 0.171450
    13 0.237805 0.264544 -0.007074 2.776430 0.037665 -0.015667
    14 3.632759 0.059072 0.757512 -0.195223 0.115416 0.971783
    15 0.466810 -0.831947 0.013376 2.881400 0.028647 0.343212
    16 1.500140 0.000000 -0.000003 -0.047148 0.059459 1.180441
    17 0.319986 -0.324402 -0.027586 2.877640 0.022726 0.214012
    18 0.905666 0.000000 0.000001 -0.074893 -0.011128 0.132426
    19 0.492504 -0.086171 -0.084238 2.879510 0.064298 0.261627
    20 3.799519 0.014969 -0.039935 -0.133834 0.022400 0.769159
    21 0.217894 -0.825647 0.038806 3.038690 -0.013998 0.239370
    22 1.774879 -0.000002 0.000001 -0.003224 0.018627 1.458976
    23 -0.011930 -0.409492 0.022487 3.039220 -0.018455 0.224297
    24 1.008837 0.000001 -0.000001 -0.018804 0.000535 0.085355
    25 0.062305 -0.120462 0.017525 3.043570 -0.040149 0.014192
    26 3.773769 0.133240 -0.970558 -0.012862 0.170365 0.019583
    27 0.276640 -0.495263 -0.109455 -3.042850 -0.074739 0.140309
    28 1.433455 -0.000001 0.000002 0.000000 0.000000 1.030979
    29 0.534334 -0.269066 0.018936 -3.047540 -0.084662 0.175451
    30 1.019160 0.000002 -0.000001 0.000000 0.000000 0.421873
    31 0.591927 -0.092812 0.111916 -3.044020 -0.081575 0.092229
    32 1.149530 0.416493 -1.414110 1.637320 0.502658 0.152274
    33 -0.152565 -0.022695 0.475140 0.134276 0.161355 -0.294699
    34 1.263880 0.000000 -0.000001 0.000000 0.000000 0.095331
    35 0.204777 -0.431778 0.089654 0.168587 0.067859 -0.050505
    36 1.188936 0.000000 0.000001 -0.009661 -0.002767 -0.227690
    37 -0.017635 -0.420529 -0.022252 0.227339 0.046996 0.081353
    38 6.920014 -18.448544 -11.282813 -2.818550 -0.267250 -2.210745
    39 -10.722298 -0.506103 -0.017994 1.584990 0.010515 0.041378
    40 -9.877139 -5.893470 -10.489781 -2.102723 -0.304904 -1.071607
    41 0.294731 -0.017813 0.157481 0.029130 0.054919 0.004544
    42 5.740848 0.000000 -0.000001 0.000092 0.000000 -0.000008
    43 10.281296 -0.016083 0.132702 0.000149 0.000000 0.000000
    44 10.295597 0.000001 0.000000 2.438813 0.022247 0.430832
    45 3.184045 1.206980 0.401028 1.726757 0.024376 1.531556
    46 0.000000 1.663440 1.993458 0.000000 0.000000 0.000000
    47 0.000000 0.079149 6.178666 -0.027841 0.000000 0.000000
    48 0.000002 3.466950 2.698286 3.141590 0.001930 3.141580
    49 0.032274 0.082292 -0.974221 0.000000 0.000000 0.000000
    50 0.283657 -0.262681 -0.016718 3.136930 0.073998 -0.078846
    51 3.323318 0.233760 -1.479091 0.471091 0.106875 1.379072
    52 0.422707 -0.406992 0.168743 -2.735260 0.184776 0.303777
    53 0.963103 0.000001 -0.000001 0.038612 -0.004195 0.700134
    54 0.441121 -0.147523 -0.014119 -2.793600 0.005348 0.279055
    55 0.682898 0.000000 0.000000 0.038160 -0.007314 0.781218
    56 0.382509 0.011353 0.014142 -2.816920 -0.081657 0.157045
    57 3.632760 0.059067 -0.757513 0.326276 0.151995 1.274539
    58 0.489260 -0.525216 0.053914 -3.074870 0.011878 0.210808
    59 1.500140 -0.000002 0.000000 0.027852 -0.039266 1.247666
    60 0.467742 -0.219619 0.031131 -3.081490 -0.013760 0.185349
    61 0.905654 0.000000 0.000000 -0.049220 -0.084558 0.688378
    62 0.503673 -0.044144 -0.005648 -3.101730 -0.045027 0.343288
    63 3.799520 0.014976 0.039936 0.327494 0.278797 1.147669
    64 0.352883 -0.530994 0.013656 3.048800 0.018771 0.168551
    65 1.774880 0.000001 0.000000 0.015544 -0.026837 1.207221
    66 0.123960 -0.267018 -0.045197 3.038230 0.016899 0.163207
    67 1.008841 0.000000 0.000000 0.007382 -0.033013 1.058798
    68 -0.091995 -0.117643 -0.068578 3.035060 0.049848 0.104967
    69 3.773758 0.133240 0.970555 0.009987 0.253119 0.024177
    70 0.266356 -0.315424 0.022796 2.894160 -0.011217 0.140937
    71 1.433460 -0.000001 0.000000 0.021775 -0.008193 0.379603
    72 0.232987 -0.175441 0.051954 2.850500 0.105025 0.006572
    73 1.019161 0.000000 0.000000 -0.061468 0.050146 0.902415
    74 0.199651 -0.182736 -0.019174 2.866800 0.015134 0.022335
    75 1.149521 0.416503 1.414108 -1.701758 0.225080 0.807883
    76 -0.259195 -0.126472 -0.187737 -0.320833 -0.178068 -0.144302
    77 1.263870 0.000000 0.000000 0.000000 0.000000 0.198825
    78 -0.023456 -0.272392 0.128637 -0.377946 -0.139541 -0.070537
    79 1.188940 0.000000 0.000000 0.006450 0.000251 0.052447
    80 -0.027065 -0.282838 0.274405 -0.453086 -0.085008 -0.010295
    81 -9.877139 -5.893470 -10.489781 -1.569516 -0.305004 -1.071628
    82 -10.722400 -0.506063 0.017998 0.014153 -0.011625 0.041372
    83 -3.503696 -16.549739 -4.311400 0.233761 -0.332685 0.203392
  time 12
    0 0.000000 0.000000 0.000000 3.137881 0.003712 -0.000007
    1 0.000000 0.269463 -0.044422 -1.570778 0.000000 1.401478
    2 7.326277 -18.667301 -11.192966 -1.009710 -0.263080 -2.186850
    3 0.237000 -0.019106 -0.353871 -0.031846 -0.060887 0.001610
    4 5.740851 0.000002 0.000000 0.000673 0.000000 -0.000012
    5 10.321901 0.003155 0.187182 -0.229226 0.027369 0.027690
    6 10.295601 0.000000 0.000000 2.897070 0.129292 0.451150
    7 0.252449 -0.450151 0.014884 2.961090 -0.113350 -0.085454
    8 3.323328 0.233761 1.479089 -0.332261 0.250354 1.125247
    9 0.331326 -0.384609 -0.028515 2.751210 -0.062475 0.301804
    10 0.963098 0.000000 0.000000 -0.065373 0.021262 0.725448
    11 0.219801 -0.039763 0.000647 2.771360 0.018767 0.255174
    12 0.682896 0.000002 0.000000 -0.066755 -0.016344 0.171394
    13 0.237805 0.264544 -0.007074 2.776430 0.037665 -0.015667
    14 3.632759 0.059072 0.757512 -0.195175 0.115776 0.973330
    15 0.466810 -0.831947 0.013376 2.881400 0.028647 0.343212
    16 1.500140 0.000000 -0.000003 -0.047088 0.059543 1.182050
    17 0.319986 -0.324402 -0.027586 2.877640 0.022726 0.214012
    18 0.905666 0.000000 0.000001 -0.074893 -0.011128 0.132477
    19 0.492504 -0.086171 -0.084238 2.879510 0.064298 0.261627
    20 3.799519 0.014969 -0.039935 -0.133882 0.022603 0.770826
    21 0.217894 -0.825647 0.038806 3.038690 -0.013998 0.239370
    22 1.774879 -0.000002 0.000001 -0.003212 0.018651 1.461438
    23 -0.011930 -0.409492 0.022487 3.039220 -0.018455 0.224297
    24 1.008837 0.000001 -0.000001 -0.018804 0.000535 0.085378
    25 0.062305 -0.120462 0.017525 3.043570 -0.040149 0.014192
    26 3.773769 0.133240 -0.970558 -0.012814 0.170569 0.020158
    27 0.276640 -0.495263 -0.109455 -3.042850 -0.074739 0.140309
    28 1.433455 -0.000001 0.000002 0.000000 0.000000 1.031962
    29 0.534334 -0.269066 0.018936 -3.047540 -0.084662 0.175451
    30 1.019160 0.000002 -0.000001 0.000000 0.000000 0.422424
    31 0.591927 -0.092812 0.111916 -3.044020 -0.081575 0.092229
    32 1.149530 0.416493 -1.414110 1.637320 0.502658 0.152274
    33 -0.152565 -0.022695 0.475140 0.134276 0.161355 -0.294699
    34 1.263880 0.000000 -0.000001 0.000000 0.000000 0.095331
    35 0.204777 -0.431778 0.089654 0.168587 0.067859 -0.050505
    36 1.188936 0.000000 0.000001 -0.009661 -0.002767 -0.227690
    37 -0.017635 -0.420529 -0.022252 0.227339 0.046996 0.081353
    38 7.326277 -18.667301 -11.192966 -2.815702 -0.263053 -2.186946
    39 -10.722298 -0.506103 -0.017994 1.584990 0.010515 0.041378
    40 -9.802918 -6.584898 -10.431186 -2.101103 -0.311831 -1.064210
    41 0.294731 -0.017813 0.157481 0.029130 0.054919 0.004544
    42 5.740848 0.000000 -0.000001 0.000092 0.000000 -0.000008
    43 10.281296 -0.016083 0.132702 0.000149 0.000000 0.000000
    44 10.295597 0.000001 0.000000 2.451555 -0.013451 0.430116
    45 3.184045 1.206980 0.401028 1.726757 0.024376 1.531556
    46 0.000000 1.663440 1.993458 0.000000 0.000000 0.000000
    47 0.000000 0.079149 6.178666 -0.027841 0.000000 0.000000
    48 0.000002 3.466950 2.698286 3.141590 0.001930 3.141580
    49 0.032274 0.082292 -0.974221 0.000000 0.000000 0.000000
    50 0.283657 -0.262681 -0.016718 3.136930 0.073998 -0.078846
    51 3.323318 0.233760 -1.479091 0.471091 0.106875 1.379072
    52 0.422707 -0.406992 0.168743 -2.735260 0.184776 0.303777
    53 0.963103 0.000001 -0.000001 0.038612 -0.004195 0.700134
    54 0.441121 -0.147523 -0.014119 -2.793600 0.005348 0.279055
    55 0.682898 0.000000 0.000000 0.038160 -0.007314 0.781218
    56 0.382509 0.011353 0.014142 -2.816920 -0.081657 0.157045
    57 3.632760 0.059067 -0.757513 0.326276 0.151995 1.274539
    58 0.489260 -0.525216 0.053914 -3.074870 0.011878 0.210808
    59 1.500140 -0.000002 0.000000 0.027852 -0.039254 1.247666
    60 0.467742 -0.219619 0.031131 -3.081490 -0.013760 0.185349
    61 0.905654 0.000000 0.000000 -0.049220 -0.084558 0.688378
    62 0.503673 -0.044144 -0.005648 -3.101730 -0.045027 0.343288
    63 3.799520 0.014976 0.039936 0.327494 0.278797 1.147669
    64 0.352883 -0.530994 0.013656 3.048800 0.018771 0.168551
    65 1.774880 0.000001 0.000000 0.015544 -0.026837 1.207221
    66 0.123960 -0.267018 -0.045197 3.038230 0.016899 0.163207
    67 1.008841 0.000000 0.000000 0.007382 -0.033013 1.058798
    68 -0.091995 -0.117643 -0.068578 3.035060 0.049848 0.104967
    69 3.773758 0.133240 0.970555 0.009987 0.253119 0.024177
    70 0.266356 -0.315424 0.022796 2.894160 -0.011217 0.140937
    71 1.433460 -0.000001 0.000000 0.021775 -0.008193 0.379603
    72 0.232987 -0.175441 0.051954 2.850500 0.105025 0.006572
    73 1.019161 0.000000 0.000000 -0.061468 0.050146 0.902415
    74 0.199651 -0.182736 -0.019174 2.866800 0.015134 0.022335
    75 1.149521 0.416503 1.414108 -1.701758 0.225080 0.807900
    76 -0.259195 -0.126472 -0.187737 -0.320833 -0.178068 -0.144302
    77 1.263870 0.000000 0.000000 0.000000 0.000000 0.198825
    78 -0.023456 -0.272392 0.128637 -0.377946 -0.139541 -0.070537
    79 1.188940 0.000000 0.000000 0.006450 0.000251 0.052435
    80 -0.027065 -0.282838 0.274405 -0.453086 -0.085008 -0.010295
    81 -9.802918 -6.584898 -10.431186 -1.554545 -0.311931 -1.064334
    82 -10.722400 -0.506063 0.017998 0.014153 -0.011625 0.041372
    83 -3.343535 -17.166945 -4.190303 0.245757 -0.349704 0.237814
  time 13
    0 0.000000 0.000000 0.000000 3.137881 0.003712 -0.000007
    1 0.000000 0.300714 -0.052235 -1.570778 0.000000 1.382974
    2 7.673944 -18.839181 -11.060150 -1.007076 -0.256248 -2.158423
    3 0.237000 -0.019106 -0.353871 -0.031846 -0.060887 0.001610
    4 5.740851 0.000002 0.000000 0.000673 0.000000 -0.000012
    5 10.321901 0.003155 0.187182 -0.229226 0.027369 0.027690
    6 10.295601 0.000000 0.000000 2.898955 0.126264 0.464981
    7 0.252449 -0.450151 0.014884 2.961090 -0.113350 -0.085454
    8 3.323328 0.233761 1.479089 -0.332041 0.251286 1.126826
    9 0.331326 -0.384609 -0.028515 2.751210 -0.062475 0.301804
    10 0.963098 0.000000 0.000000 -0.065361 0.021298 0.725978
    11 0.219801 -0.039763 0.000647 2.771360 0.018767 0.255174
    12 0.682896 0.000002 0.000000 -0.066755 -0.016368 0.171310
    13 0.237805 0.264544 -0.007074 2.776430 0.037665 -0.015667
    14 3.632759 0.059072 0.757512 -0.195115 0.116123 0.975090
    15 0.466810 -0.831947 0.013376 2.881400 0.028647 0.343212
    16 1.500140 0.000000 -0.000003 -0.047041 0.059639 1.183729
    17 0.319986 -0.324402 -0.027586 2.877640 0.022726 0.214012
    18 0.905666 0.000000 0.000001 -0.074893 -0.011116 0.132477
    19 0.492504 -0.086171 -0.084238 2.879510 0.064298 0.261627
    20 3.799519 0.014969 -0.039935 -0.133942 0.022843 0.772642
    21 0.217894 -0.825647 0.038806 3.038690 -0.013998 0.239370
    22 1.774879 -0.000002 0.000001 -0.003200 0.018651 1.464008
    23 -0.011930 -0.409492 0.022487 3.039220 -0.018455 0.224297
    24 1.008837 0.000001 -0.000001 -0.018804 0.000523 0.085355
    25 0.062305 -0.120462 0.017525 3.043570 -0.040149 0.014192
    26 3.773769 0.133240 -0.970558 -0.012766 0.170772 0.020817
    27 0.276640 -0.495263 -0.109455 -3.042850 -0.074739 0.140309
    28 1.433455 -0.000001 0.000002 0.000000 0.000000 1.032973
    29 0.534334 -0.269066 0.018936 -3.047540 -0.084662 0.175451
    30 1.019160 0.000002 -0.000001 0.000000 0.000000 0.422976
    31 0.591927 -0.092812 0.111916 -3.044020 -0.081575 0.092229
    32 1.149530 0.416493 -1.414110 1.637320 0.502658 0.152274
    33 -0.152565 -0.022695 0.475140 0.134276 0.161355 -0.294699
    34 1.263880 0.000000 -0.000001 0.000000 0.000000 0.095331
    35 0.204777 -0.431778 0.089654 0.168587 0.067859 -0.050505
    36 1.188936 0.000000 0.000001 -0.009661 -0.002767 -0.227690
    37 -0.017635 -0.420529 -0.022252 0.227339 0.046996 0.081353
    38 7.673944 -18.839181 -11.060150 -2.813011 -0.256141 -2.158399
    39 -10.722298 -0.506103 -0.017994 1.584990 0.010515 0.041378
    40 -9.724791 -7.248980 -10.353058 -2.101103 -0.317619 -1.059587
    41 0.294731 -0.017813 0.157481 0.029130 0.054919 0.004544
    42 5.740848 0.000000 -0.000001 0.000092 0.000000 -0.000008
    43 10.281296 -0.016083 0.132702 0.000149 0.000000 0.000000
    44 10.295597 0.000001 0.000000 2.463861 -0.050509 0.425335
    45 3.184045 1.206980 0.401028 1.726735 0.024376 1.531556
    46 0.000000 1.663440 1.993458 0.000000 0.000000 0.000000
    47 0.000000 0.079149 6.178666 -0.027841 0.000000 0.000000
    48 0.000002 3.466950 2.698286 3.141590 0.001930 3.141580
    49 0.032274 0.082292 -0.974221 0.000000 0.000000 0.000000
    50 0.283657 -0.262681 -0.016718 3.136930 0.073998 -0.078846
    51 3.323318 0.233760 -1.479091 0.471091 0.106875 1.379072
    52 0.422707 -0.406992 0.168743 -2.735260 0.184776 0.303777
    53 0.963103 0.000001 -0.000001 0.038600 -0.004195 0.700134
    54 0.441121 -0.147523 -0.014119 -2.793600 0.005348 0.279055
    55 0.682898 0.000000 0.000000 0.038160 -0.007314 0.781218
    56 0.382509 0.011353 0.014142 -2.816920 -0.081657 0.157045
    57 3.632760 0.059067 -0.757513 0.326276 0.151995 1.274539
    58 0.489260 -0.525216 0.053914 -3.074870 0.011878 0.210808
    59 1.500140 -0.000002 0.000000 0.027852 -0.039254 1.247666
    60 0.467742 -0.219619 0.031131 -3.081490 -0.013760 0.185349
    61 0.905654 0.000000 0.000000 -0.049220 -0.084558 0.688378
    62 0.503673 -0.044144 -0.005648 -3.101730 -0.045027 0.343288
    63 3.799520 0.014976 0.039936 0.327494 0.278797 1.147669
    64 0.352883 -0.530994 0.013656 3.048800 0.018771 0.168551
    65 1.774880 0.000001 0.000000 0.015544 -0.026837 1.207221
    66 0.123960 -0.267018 -0.045197 3.038230 0.016899 0.163207
    67 1.008841 0.000000 0.000000 0.007382 -0.033013 1.058798
    68 -0.091995 -0.117643 -0.068578 3.035060 0.049848 0.104967
    69 3.773758 0.133240 0.970555 0.009987 0.253119 0.024177
    70 0.266356 -0.315424 0.022796 2.894160 -0.011217 0.140937
    71 1.433460 -0.000001 0.000000 0.021775 -0.008193 0.379603
    72 0.232987 -0.175441 0.051954 2.850500 0.105025 0.006572
    73 1.019161 0.000000 0.000000 -0.061468 0.050146 0.902392
    74 0.199651 -0.182736 -0.019174 2.866800 0.015134 0.022335
    75 1.149521 0.416503 1.414108 -1.701758 0.225080 0.807883
    76 -0.259195 -0.126472 -0.187737 -0.320833 -0.178068 -0.144302
    77 1.263870 0.000000 0.000000 0.000000 0.000000 0.198825
    78 -0.023456 -0.272392 0.128637 -0.377946 -0.139541 -0.070537
    79 1.188940 0.000000 0.000000 0.006450 0.000251 0.052435
    80 -0.027065 -0.282838 0.274405 -0.453086 -0.085008 -0.010295
    81 -9.724791 -7.248980 -10.353058 -1.540141 -0.317701 -1.059557
    82 -10.722400 -0.506063 0.017998 0.014153 -0.011625 0.041372
    83 -3.195093 -17.768526 -4.065299 0.255410 -0.364823 0.273062
  time 14
    0 0.000000 0.000000 0.000000 3.137881 0.003712 -0.000007
    1 0.000000 0.331965 -0.052235 -1.570778 0.000000 1.364326
    2 7.947389 -18.964185 -10.880457 -1.004652 -0.247463 -2.125969
    3 0.237000 -0.019106 -0.353871 -0.031846 -0.060887 0.001610
    4 5.740851 0.000002 0.000000 0.000673 0.000000 -0.000012
    5 10.321901 0.003155 0.187182 -0.229226 0.027369 0.027690
    6 10.295601 0.000000 0.000000 2.901512 0.124904 0.473132
    7 0.252449 -0.450151 0.014884 2.961090 -0.113350 -0.085454
    8 3.323328 0.233761 1.479089 -0.331836 0.252267 1.128492
    9 0.331326 -0.384609 -0.028515 2.751210 -0.062475 0.301804
    10 0.963098 0.000000 0.000000 -0.065349 0.021322 0.726455
    11 0.219801 -0.039763 0.000647 2.771360 0.018767 0.255174
    12 0.682896 0.000002 0.000000 -0.066755 -0.016356 0.171198
    13 0.237805 0.264544 -0.007074 2.776430 0.037665 -0.015667
    14 3.632759 0.059072 0.757512 -0.195055 0.116555 0.977018
    15 0.466810 -0.831947 0.013376 2.881400 0.028647 0.343212
    16 1.500140 0.000000 -0.000003 -0.046981 0.059759 1.185594
    17 0.319986 -0.324402 -0.027586 2.877640 0.022726 0.214012
    18 0.905666 0.000000 0.000001 -0.074893 -0.011116 0.132578
    19 0.492504 -0.086171 -0.084238 2.879510 0.064298 0.261627
    20 3.799519 0.014969 -0.039935 -0.133990 0.023119 0.774582
    21 0.217894 -0.825647 0.038806 3.038690 -0.013998 0.239370
    22 1.774879 -0.000002 0.000001 -0.003177 0.018735 1.466755
    23 -0.011930 -0.409492 0.022487 3.039220 -0.018455 0.224297
    24 1.008837 0.000001 -0.000001 -0.018804 0.000535 0.085378
    25 0.062305 -0.120462 0.017525 3.043570 -0.040149 0.014192
    26 3.773769 0.133240 -0.970558 -0.012719 0.171000 0.021548
    27 0.276640 -0.495263 -0.109455 -3.042850 -0.074739 0.140309
    28 1.433455 -0.000001 0.000002 0.000000 0.000000 1.034027
    29 0.534334 -0.269066 0.018936 -3.047540 -0.084662 0.175451
    30 1.019160 0.000002 -0.000001 0.000000 0.000000 0.423551
    31 0.591927 -0.092812 0.111916 -3.044020 -0.081575 0.092229
    32 1.149530 0.416493 -1.414110 1.637320 0.502658 0.152274
    33 -0.152565 -0.022695 0.475140 0.134276 0.161355 -0.294699
    34 1.263880 0.000000 -0.000001 0.000000 0.000000 0.095331
    35 0.204777 -0.431778 0.089654 0.168587 0.067859 -0.050505
    36 1.188936 0.000000 0.000001 -0.009661 -0.002767 -0.227690
    37 -0.017635 -0.420529 -0.022252 0.227339 0.046996 0.081353
    38 7.947389 -18.964185 -10.880457 -2.810567 -0.247456 -2.125945
    39 -10.722298 -0.506103 -0.017994 1.584990 0.010515 0.041378
    40 -9.634944 -7.870093 -10.278837 -2.102901 -0.321441 -1.058251
    41 0.294731 -0.017813 0.157481 0.029130 0.054919 0.004544
    42 5.740848 0.000000 -0.000001 0.000092 0.000000 -0.000008
    43 10.281296 -0.016083 0.132702 0.000149 0.000000 0.000000
    44 10.295597 0.000001 0.000000 2.477329 -0.088768 0.415547
    45 3.184045 1.206980 0.401028 1.726757 0.024376 1.531556
    46 0.000000 1.663440 1.993458 0.000000 0.000000 0.000000
    47 0.000000 0.079149 6.178666 -0.027841 0.000000 0.000000
    48 0.000002 3.466950 2.698286 3.141590 0.001930 3.141580
    49 0.032274 0.082292 -0.974221 0.000000 0.000000 0.000000
    50 0.283657 -0.262681 -0.016718 3.136930 0.073998 -0.078846
    51 3.323318 0.233760 -1.479091 0.471091 0.106875 1.379072
    52 0.422707 -0.406992 0.168743 -2.735260 0.184776 0.303777
    53 0.963103 0.000001 -0.000001 0.038600 -0.004195 0.700134
    54 0.441121 -0.147523 -0.014119 -2.793600 0.005348 0.279055
    55 0.682898 0.000000 0.000000 0.038160 -0.007314 0.781218
    56 0.382509 0.011353 0.014142 -2.816920 -0.081657 0.157045
    57 3.632760 0.059067 -0.757513 0.326276 0.151995 1.274539
    58 0.489260 -0.525216 0.053914 -3.074870 0.011878 0.210808
    59 1.500140 -0.000002 0.000000 0.027852 -0.039254 1.247666
    60 0.467742 -0.219619 0.031131 -3.081490 -0.013760 0.185349
    61 0.905654 0.000000 0.000000 -0.049220 -0.084558 0.688378
    62 0.503673 -0.044144 -0.005648 -3.101730 -0.045027 0.343288
    63 3.799520 0.014976 0.039936 0.327494 0.278797 1.147669
    64 0.352883 -0.530994 0.013656 3.048800 0.018771 0.168551
    65 1.774880 0.000001 0.000000 0.015544 -0.026837 1.207221
    66 0.123960 -0.267018 -0.045197 3.038230 0.016899 0.163207
    67 1.008841 0.000000 0.000000 0.007382 -0.033013 1.058798
    68 -0.091995 -0.117643 -0.068578 3.035060 0.049848 0.104967
    69 3.773758 0.133240 0.970555 0.009987 0.253119 0.024177
    70 0.266356 -0.315424 0.022796 2.894160 -0.011217 0.140937
    71 1.433460 -0.000001 0.000000 0.021775 -0.008193 0.379603
    72 0.232987 -0.175441 0.051954 2.850500 0.105025 0.006572
    73 1.019161 0.000000 0.000000 -0.061468 0.050146 0.902392
    74 0.199651 -0.182736 -0.019174 2.866800 0.015134 0.022335
    75 1.149521 0.416503 1.414108 -1.701758 0.225080 0.807883
    76 -0.259195 -0.126472 -0.187737 -0.320833 -0.178068 -0.144302
    77 1.263870 0.000000 0.000000 0.000000 0.000000 0.198825
    78 -0.023456 -0.272392 0.128637 -0.377946 -0.139541 -0.070537
    79 1.188940 0.000000 0.000000 0.006450 0.000251 0.052435
    80 -0.027065 -0.282838 0.274405 -0.453086 -0.085008 -0.010295
    81 -9.634944 -7.870093 -10.278837 -1.527699 -0.321505 -1.058324
    82 -10.722400 -0.506063 0.017998 0.014153 -0.011625 0.041372
    83 -3.062276 -18.334949 -3.948108 0.262664 -0.379111 0.308183
  time 15
    0 0.000000 0.000000 0.000000 3.137881 0.003712 -0.000007
    1 0.000000 0.363216 -0.060048 -1.570778 0.000012 1.345821
    2 8.134895 -19.030593 -10.673419 -1.002321 -0.237738 -2.089309
    3 0.237000 -0.019106 -0.353871 -0.031846 -0.060887 0.001610
    4 5.740851 0.000002 0.000000 0.000673 0.000000 0.000000
    5 10.321901 0.003155 0.187182 -0.229226 0.027369 0.027690
    6 10.295601 0.000000 0.000000 2.906215 0.126573 0.476062
    7 0.252449 -0.450151 0.014884 2.961090 -0.113350 -0.085454
    8 3.323328 0.233761 1.479089 -0.331631 0.253273 1.130287
    9 0.331326 -0.384609 -0.028515 2.751210 -0.062475 0.301804
    10 0.963098 0.000000 0.000000 -0.065337 0.021358 0.727011
    11 0.219801 -0.039763 0.000647 2.771360 0.018767 0.255174
    12 0.682896 0.000002 0.000000 -0.066743 -0.016368 0.171031
    13 0.237805 0.264544 -0.007074 2.776430 0.037665 -0.015667
    14 3.632759 0.059072 0.757512 -0.195008 0.116962 0.978945
    15 0.466810 -0.831947 0.013376 2.881400 0.028647 0.343212
    16 1.500140 0.000000 -0.000003 -0.046921 0.059915 1.187552
    17 0.319986 -0.324402 -0.027586 2.877640 0.022726 0.214012
    18 0.905666 0.000000 0.000001 -0.074905 -0.011104 0.132705
    19 0.492504 -0.086171 -0.084238 2.879510 0.064298 0.261627
    20 3.799519 0.014969 -0.039935 -0.134061 0.023370 0.776696
    21 0.217894 -0.825647 0.038806 3.038690 -0.013998 0.239370
    22 1.774879 -0.000002 0.000001 -0.003153 0.018783 1.469789
    23 -0.011930 -0.409492 0.022487 3.039220 -0.018455 0.224297
    24 1.008837 0.000001 -0.000001 -0.018804 0.000523 0.085378
    25 0.062305 -0.120462 0.017525 3.043570 -0.040149 0.014192
    26 3.773769 0.133240 -0.970558 -0.012659 0.171276 0.022339
    27 0.276640 -0.495263 -0.109455 -3.042850 -0.074739 0.140309
    28 1.433455 -0.000001 0.000002 0.000000 0.000000 1.035224
    29 0.534334 -0.269066 0.018936 -3.047540 -0.084662 0.175451
    30 1.019160 0.000002 -0.000001 0.000000 0.000000 0.424114
    31 0.591927 -0.092812 0.111916 -3.044020 -0.081575 0.092229
    32 1.149530 0.416493 -1.414110 1.637320 0.502658 0.152274
    33 -0.152565 -0.022695 0.475140 0.134276 0.161355 -0.294699
    34 1.263880 0.000000 -0.000001 0.000000 0.000000 0.095331
    35 0.204777 -0.431778 0.089654 0.168587 0.067859 -0.050505
    36 1.188936 0.000000 0.000001 -0.009661 -0.002767 -0.227690
    37 -0.017635 -0.420529 -0.022252 0.227339 0.046996 0.081353
    38 8.134895 -19.030593 -10.673419 -2.808347 -0.237722 -2.089224
    39 -10.722298 -0.506103 -0.017994 1.584990 0.010515 0.041378
    40 -9.525566 -8.416985 -10.165552 -2.106611 -0.322066 -1.061539
    41 0.294731 -0.017813 0.157481 0.029130 0.054919 0.004544
    42 5.740848 0.000000 -0.000001 0.000092 0.000000 -0.000008
    43 10.281296 -0.016083 0.132702 0.000149 0.000000 0.000000
    44 10.295597 0.000001 0.000000 2.493463 -0.127804 0.399172
    45 3.184045 1.206980 0.397122 1.726757 0.024376 1.531556
    46 0.000000 1.663440 1.993458 0.000000 0.000000 0.000000
    47 0.000000 0.079149 6.178666 -0.027841 0.000000 0.000000
    48 0.000002 3.466950 2.698286 3.141590 0.001930 3.141580
    49 0.032274 0.082292 -0.974221 0.000000 0.000000 0.000000
    50 0.283657 -0.262681 -0.016718 3.136930 0.073998 -0.078846
    51 3.323318 0.233760 -1.479091 0.471091 0.106875 1.379072
    52 0.422707 -0.406992 0.168743 -2.735260 0.184776 0.303777
    53 0.963103 0.000001 -0.000001 0.038612 -0.004195 0.700134
    54 0.441121 -0.147523 -0.014119 -2.793600 0.005348 0.279055
    55 0.682898 0.000000 0.000000 0.038160 -0.007314 0.781218
    56 0.382509 0.011353 0.014142 -2.816920 -0.081657 0.157045
    57 3.632760 0.059067 -0.757513 0.326276 0.151995 1.274539
    58 0.489260 -0.525216 0.053914 -3.074870 0.011878 0.210808
    59 1.500140 -0.000002 0.000000 0.027852 -0.039254 1.247666
    60 0.467742 -0.219619 0.031131 -3.081490 -0.013760 0.185349
    61 0.905654 0.000000 0.000000 -0.049220 -0.084558 0.688378
    62 0.503673 -0.044144 -0.005648 -3.101730 -0.045027 0.343288
    63 3.799520 0.014976 0.039936 0.327494 0.278797 1.147669
    64 0.352883 -0.530994 0.013656 3.048800 0.018771 0.168551
    65 1.774880 0.000001 0.000000 0.015544 -0.026837 1.207221
    66 0.123960 -0.267018 -0.045197 3.038230 0.016899 0.163207
    67 1.008841 0.000000 0.000000 0.007382 -0.033013 1.058798
    68 -0.091995 -0.117643 -0.068578 3.035060 0.049848 0.104967
    69 3.773758 0.133240 0.970555 0.009987 0.253119 0.024177
    70 0.266356 -0.315424 0.022796 2.894160 -0.011217 0.140937
    71 1.433460 -0.000001 0.000000 0.021775 -0.008193 0.379603
    72 0.232987 -0.175441 0.051954 2.850500 0.105025 0.006572
    73 1.019161 0.000000 0.000000 -0.061468 0.050146 0.902392
    74 0.199651 -0.182736 -0.019174 2.866800 0.015134 0.022335
    75 1.149521 0.416503 1.414108 -1.701758 0.225080 0.807883
    76 -0.259195 -0.126472 -0.187737 -0.320833 -0.178068 -0.144302
    77 1.263870 0.000000 0.000000 0.000000 0.000000 0.198825
    78 -0.023456 -0.272392 0.128637 -0.377946 -0.139541 -0.070537
    79 1.188940 0.000000 0.000000 0.006450 0.000251 0.052447
    80 -0.027065 -0.282838 0.274405 -0.453086 -0.085008 -0.010295
    81 -9.525566 -8.416985 -10.165552 -1.518458 -0.322148 -1.061560
    82 -10.722400 -0.506063 0.017998 0.014153 -0.011625 0.041372
    83 -2.948991 -18.858403 -3.830917 0.267491 -0.393320 0.342669
  time 16
    0 0.000000 0.000000 0.000000 3.137881 0.003712 -0.000007
    1 0.000000 0.394467 -0.063954 -1.570778 0.000012 1.327413
    2 8.255993 -19.034500 -10.446850 -1.000293 -0.228086 -2.050605
    3 0.237000 -0.019106 -0.353871 -0.031846 -0.060887 0.001610
    4 5.740851 0.000002 0.000000 0.000673 0.000000 0.000000
    5 10.321901 0.003155 0.187182 -0.229226 0.027369 0.027690
    6 10.295601 0.000000 0.000000 2.913215 0.130837 0.476241
    7 0.252449 -0.450151 0.014884 2.961090 -0.113350 -0.085454
    8 3.323328 0.233761 1.479089 -0.331412 0.254389 1.132147
    9 0.331326 -0.384609 -0.028515 2.751210 -0.062475 0.301804
    10 0.963098 0.000000 0.000000 -0.065337 0.021394 0.727594
    11 0.219801 -0.039763 0.000647 2.771360 0.018767 0.255174
    12 0.682896 0.000002 0.000000 -0.066743 -0.016392 0.170863
    13 0.237805 0.264544 -0.007074 2.776430 0.037665 -0.015667
    14 3.632759 0.059072 0.757512 -0.194912 0.117453 0.981087
    15 0.466810 -0.831947 0.013376 2.881400 0.028647 0.343212
    16 1.500140 0.000000 -0.000003 -0.046849 0.060047 1.189627
    17 0.319986 -0.324402 -0.027586 2.877640 0.022726 0.214012
    18 0.905666 0.000000 0.000001 -0.074905 -0.011092 0.132857
    19 0.492504 -0.086171 -0.084238 2.879510 0.064298 0.261627
    20 3.799519 0.014969 -0.039935 -0.134145 0.023658 0.778885
    21 0.217894 -0.825647 0.038806 3.038690 -0.013998 0.239370
    22 1.774879 -0.000002 0.000001 -0.003105 0.018819 1.472929
    23 -0.011930 -0.409492 0.022487 3.039220 -0.018455 0.224297
    24 1.008837 0.000001 -0.000001 -0.018804 0.000523 0.085400
    25 0.062305 -0.120462 0.017525 3.043570 -0.040149 0.014192
    26 3.773769 0.133240 -0.970558 -0.012587 0.171539 0.023154
    27 0.276640 -0.495263 -0.109455 -3.042850 -0.074739 0.140309
    28 1.433455 -0.000001 0.000002 0.000000 0.000000 1.036491
    29 0.534334 -0.269066 0.018936 -3.047540 -0.084662 0.175451
    30 1.019160 0.000002 -0.000001 0.000000 0.000000 0.424713
    31 0.591927 -0.092812 0.111916 -3.044020 -0.081575 0.092229
    32 1.149530 0.416493 -1.414110 1.637320 0.502658 0.152274
    33 -0.152565 -0.022695 0.475140 0.134276 0.161355 -0.294699
    34 1.263880 0.000000 -0.000001 0.000000 0.000000 0.095331
    35 0.204777 -0.431778 0.089654 0.168587 0.067859 -0.050505
    36 1.188936 0.000000 0.000001 -0.009661 -0.002767 -0.227690
    37 -0.017635 -0.420529 -0.022252 0.227339 0.046996 0.081353
    38 8.255993 -19.034500 -10.446850 -2.806284 -0.228060 -2.050701
    39 -10.722298 -0.506103 -0.017994 1.584990 0.010515 0.041378
    40 -9.400562 -8.881843 -10.044455 -2.111162 -0.319622 -1.068268
    41 0.294731 -0.017813 0.157481 0.029130 0.054919 0.004544
    42 5.740848 0.000000 -0.000001 0.000092 0.000000 -0.000008
    43 10.281296 -0.016083 0.132702 0.000149 0.000000 0.000000
    44 10.295597 0.000001 0.000000 2.512261 -0.165815 0.377262
    45 3.184045 1.206980 0.401028 1.726757 0.024376 1.531556
    46 0.000000 1.663440 1.993458 0.000000 0.000000 0.000000
    47 0.000000 0.079149 6.178666 -0.027841 0.000000 0.000000
    48 0.000002 3.466950 2.698286 3.141590 0.001930 3.141580
    49 0.032274 0.082292 -0.974221 0.000000 0.000000 0.000000
    50 0.283657 -0.262681 -0.016718 3.136930 0.073998 -0.078846
    51 3.323318 0.233760 -1.479091 0.471091 0.106875 1.379072
    52 0.422707 -0.406992 0.168743 -2.735260 0.184776 0.303777
    53 0.963103 0.000001 -0.000001 0.038612 -0.004195 0.700134
    54 0.441121 -0.147523 -0.014119 -2.793600 0.005348 0.279055
    55 0.682898 0.000000 0.000000 0.038160 -0.007314 0.781218
    56 0.382509 0.011353 0.014142 -2.816920 -0.081657 0.157045
    57 3.632760 0.059067 -0.757513 0.326276 0.151995 1.274539
    58 0.489260 -0.525216 0.053914 -3.074870 0.011878 0.210808
    59 1.500140 -0.000002 0.000000 0.027852 -0.039254 1.247666
    60 0.467742 -0.219619 0.031131 -3.081490 -0.013760 0.185349
    61 0.905654 0.000000 0.000000 -0.049220 -0.084558 0.688378
    62 0.503673 -0.044144 -0.005648 -3.101730 -0.045027 0.343288
    63 3.799520 0.014976 0.039936 0.327494 0.278797 1.147669
    64 0.352883 -0.530994 0.013656 3.048800 0.018771 0.168551
    65 1.774880 0.000001 0.000000 0.015544 -0.026837 1.207221
    66 0.123960 -0.267018 -0.045197 3.038230 0.016899 0.163207
    67 1.008841 0.000000 0.000000 0.007382 -0.033013 1.058798
    68 -0.091995 -0.117643 -0.068578 3.035060 0.049848 0.104967
    69 3.773758 0.133240 0.970555 0.009987 0.253119 0.024177
    70 0.266356 -0.315424 0.022796 2.894160 -0.011217 0.140937
    71 1.433460 -0.000001 0.000000 0.021775 -0.008193 0.379603
    72 0.232987 -0.175441 0.051954 2.850500 0.105025 0.006572
    73 1.019161 0.000000 0.000000 -0.061468 0.050146 0.902392
    74 0.199651 -0.182736 -0.019174 2.866800 0.015134 0.022335
    75 1.149521 0.416503 1.414108 -1.701758 0.225080 0.807883
    76 -0.259195 -0.126472 -0.187737 -0.320833 -0.178068 -0.144302
    77 1.263870 0.000000 0.000000 0.000000 0.000000 0.198825
    78 -0.023456 -0.272392 0.128637 -0.377946 -0.139541 -0.070537
    79 1.188940 0.000000 0.000000 0.006450 0.000251 0.052447
    80 -0.027065 -0.282838 0.274405 -0.453086 -0.085008 -0.010295
    81 -9.400562 -8.881843 -10.044455 -1.511386 -0.319704 -1.068238
    82 -10.722400 -0.506063 0.017998 0.014153 -0.011625 0.041372
    83 -2.851332 -19.323261 -3.717632 0.270318 -0.408004 0.375567
  time 17
    0 0.000000 0.000000 0.000000 3.137881 0.003712 -0.000007
    1 0.000000 0.417905 -0.071767 -1.570826 0.000012 1.308909
    2 8.345839 -19.014968 -10.235906 -0.998754 -0.219337 -2.015026
    3 0.237000 -0.019106 -0.353871 -0.031846 -0.060887 0.001610
    4 5.740851 0.000002 0.000000 0.000673 0.000000 0.000000
    5 10.321901 0.003155 0.187182 -0.229226 0.027369 0.027690
    6 10.295601 0.000000 0.000000 2.921465 0.134513 0.476979
    7 0.252449 -0.450151 0.014884 2.961090 -0.113350 -0.085454
    8 3.323328 0.233761 1.479089 -0.331162 0.255542 1.134203
    9 0.331326 -0.384609 -0.028515 2.751210 -0.062475 0.301804
    10 0.963098 0.000000 0.000000 -0.065325 0.021430 0.728177
    11 0.219801 -0.039763 0.000647 2.771360 0.018767 0.255174
    12 0.682896 0.000002 0.000000 -0.066743 -0.016404 0.170611
    13 0.237805 0.264544 -0.007074 2.776430 0.037665 -0.015667
    14 3.632759 0.059072 0.757512 -0.194840 0.117981 0.983347
    15 0.466810 -0.831947 0.013376 2.881400 0.028647 0.343212
    16 1.500140 0.000000 -0.000003 -0.046765 0.060191 1.191772
    17 0.319986 -0.324402 -0.027586 2.877640 0.022726 0.214012
    18 0.905666 0.000000 0.000001 -0.074905 -0.011080 0.133060
    19 0.492504 -0.086171 -0.084238 2.879510 0.064298 0.261627
    20 3.799519 0.014969 -0.039935 -0.134241 0.023958 0.781224
    21 0.217894 -0.825647 0.038806 3.038690 -0.013998 0.239370
    22 1.774879 -0.000002 0.000001 -0.003057 0.018867 1.476248
    23 -0.011930 -0.409492 0.022487 3.039220 -0.018455 0.224297
    24 1.008837 0.000001 -0.000001 -0.018804 0.000523 0.085445
    25 0.062305 -0.120462 0.017525 3.043570 -0.040149 0.014192
    26 3.773769 0.133240 -0.970558 -0.012503 0.171803 0.024005
    27 0.276640 -0.495263 -0.109455 -3.042850 -0.074739 0.140309
    28 1.433455 -0.000001 0.000002 0.000000 0.000000 1.037859
    29 0.534334 -0.269066 0.018936 -3.047540 -0.084662 0.175451
    30 1.019160 0.000002 -0.000001 0.000000 0.000000 0.425336
    31 0.591927 -0.092812 0.111916 -3.044020 -0.081575 0.092229
    32 1.149530 0.416493 -1.414110 1.637320 0.502658 0.152274
    33 -0.152565 -0.022695 0.475140 0.134276 0.161355 -0.294699
    34 1.263880 0.000000 -0.000001 0.000000 0.000000 0.095331
    35 0.204777 -0.431778 0.089654 0.168587 0.067859 -0.050505
    36 1.188936 0.000000 0.000001 -0.009661 -0.002767 -0.227690
    37 -0.017635 -0.420529 -0.022252 0.227339 0.046996 0.081353
    38 8.345839 -19.014968 -10.235906 -2.804737 -0.219303 -2.015122
    39 -10.722298 -0.506103 -0.017994 1.584990 0.010515 0.041378
    40 -9.275558 -9.272480 -9.911638 -2.115140 -0.315653 -1.075716
    41 0.294731 -0.017813 0.157481 0.029130 0.054919 0.004544
    42 5.740848 0.000000 -0.000001 0.000092 0.000000 -0.000008
    43 10.281296 -0.016083 0.132702 0.000149 0.000000 0.000000
    44 10.295597 0.000001 0.000000 2.531447 -0.200400 0.354091
    45 3.184045 1.206980 0.401028 1.726757 0.024376 1.531556
    46 0.000000 1.663440 1.993458 0.000000 0.000000 0.000000
    47 0.000000 0.079149 6.178666 -0.027841 0.000000 0.000000
    48 0.000002 3.466950 2.698286 3.141590 0.001930 3.141580
    49 0.032274 0.082292 -0.974221 0.000000 0.000000 0.000000
    50 0.283657 -0.262681 -0.016718 3.136930 0.073998 -0.078846
    51 3.323318 0.233760 -1.479091 0.471091 0.106875 1.379072
    52 0.422707 -0.406992 0.168743 -2.735260 0.184776 0.303777
    53 0.963103 0.000001 -0.000001 0.038612 -0.004195 0.700134
    54 0.441121 -0.147523 -0.014119 -2.793600 0.005348 0.279055
    55 0.682898 0.000000 0.000000 0.038160 -0.007314 0.781218
    56 0.382509 0.011353 0.014142 -2.816920 -0.081657 0.157045
    57 3.632760 0.059067 -0.757513 0.326276 0.151995 1.274539
    58 0.489260 -0.525216 0.053914 -3.074870 0.011878 0.210808
    59 1.500140 -0.000002 0.000000 0.027852 -0.039266 1.247666
    60 0.467742 -0.219619 0.031131 -3.081490 -0.013760 0.185349
    61 0.905654 0.000000 0.000000 -0.049220 -0.084558 0.688378
    62 0.503673 -0.044144 -0.005648 -3.101730 -0.045027 0.343288
    63 3.799520 0.014976 0.039936 0.327494 0.278797 1.147669
    64 0.352883 -0.530994 0.013656 3.048800 0.018771 0.168551
    65 1.774880 0.000001 0.000000 0.015544 -0.026837 1.207221
    66 0.123960 -0.267018 -0.045197 3.038230 0.016899 0.163207
    67 1.008841 0.000000 0.000000 0.007382 -0.033013 1.058798
    68 -0.091995 -0.117643 -0.068578 3.035060 0.049848 0.104967
    69 3.773758 0.133240 0.970555 0.009987 0.253119 0.024177
    70 0.266356 -0.315424 0.022796 2.894160 -0.011217 0.140937
    71 1.433460 -0.000001 0.000000 0.021775 -0.008193 0.379603
    72 0.232987 -0.175441 0.051954 2.850500 0.105025 0.006572
    73 1.019161 0.000000 0.000000 -0.061468 0.050146 0.902392
    74 0.199651 -0.182736 -0.019174 2.866800 0.015134 0.022335
    75 1.149521 0.416503 1.414108 -1.701758 0.225080 0.807883
    76 -0.259195 -0.126472 -0.187737 -0.320833 -0.178068 -0.144302
    77 1.263870 0.000000 0.000000 0.000000 0.000000 0.198825
    78 -0.023456 -0.272392 0.128637 -0.377946 -0.139541 -0.070537
    79 1.188940 0.000000 0.000000 0.006450 0.000251 0.052435
    80 -0.027065 -0.282838 0.274405 -0.453086 -0.085008 -0.010295
    81 -9.275558 -9.272480 -9.911638 -1.502842 -0.315735 -1.075686
    82 -10.722400 -0.506063 0.017998 0.014153 -0.011625 0.041372
    83 -2.765392 -19.725617 -3.619973 0.272403 -0.422569 0.405925
  time 18
    0 0.000000 0.000000 0.000000 3.137881 0.003712 -0.000007
    1 0.000000 0.449156 -0.071767 -1.570826 0.000012 1.290453
    2 8.435686 -18.979810 -10.048400 -0.997822 -0.212107 -1.985037
    3 0.237000 -0.019106 -0.353871 -0.031846 -0.060887 0.001610
    4 5.740851 0.000002 0.000000 0.000673 0.000000 -0.000012
    5 10.321901 0.003155 0.187182 -0.229226 0.027369 0.027690
    6 10.295601 0.000000 0.000000 2.930051 0.136522 0.479729
    7 0.252449 -0.450151 0.014884 2.961090 -0.113350 -0.085454
    8 3.323328 0.233761 1.479089 -0.330884 0.256744 1.136301
    9 0.331326 -0.384609 -0.028515 2.751210 -0.062475 0.301804
    10 0.963098 0.000000 0.000000 -0.065301 0.021465 0.728813
    11 0.219801 -0.039763 0.000647 2.771360 0.018767 0.255174
    12 0.682896 0.000002 0.000000 -0.066731 -0.016428 0.170388
    13 0.237805 0.264544 -0.007074 2.776430 0.037665 -0.015667
    14 3.632759 0.059072 0.757512 -0.194768 0.118484 0.985679
    15 0.466810 -0.831947 0.013376 2.881400 0.028647 0.343212
    16 1.500140 0.000000 -0.000003 -0.046657 0.060322 1.194127
    17 0.319986 -0.324402 -0.027586 2.877640 0.022726 0.214012
    18 0.905666 0.000000 0.000001 -0.074905 -0.011068 0.133288
    19 0.492504 -0.086171 -0.084238 2.879510 0.064298 0.261627
    20 3.799519 0.014969 -0.039935 -0.134337 0.024221 0.783637
    21 0.217894 -0.825647 0.038806 3.038690 -0.013998 0.239370
    22 1.774879 -0.000002 0.000001 -0.002985 0.018903 1.479745
    23 -0.011930 -0.409492 0.022487 3.039220 -0.018455 0.224297
    24 1.008837 0.000001 -0.000001 -0.018804 0.000547 0.085536
    25 0.062305 -0.120462 0.017525 3.043570 -0.040149 0.014192
    26 3.773769 0.133240 -0.970558 -0.012407 0.172127 0.024892
    27 0.276640 -0.495263 -0.109455 -3.042850 -0.074739 0.140309
    28 1.433455 -0.000001 0.000002 0.000000 0.000000 1.039269
    29 0.534334 -0.269066 0.018936 -3.047540 -0.084662 0.175451
    30 1.019160 0.000002 -0.000001 0.000000 0.000000 0.425996
    31 0.591927 -0.092812 0.111916 -3.044020 -0.081575 0.092229
    32 1.149530 0.416493 -1.414110 1.637320 0.502658 0.152274
    33 -0.152565 -0.022695 0.475140 0.134276 0.161355 -0.294699
    34 1.263880 0.000000 -0.000001 0.000000 0.000000 0.095331
    35 0.204777 -0.431778 0.089654 0.168587 0.067859 -0.050505
    36 1.188936 0.000000 0.000001 -0.009661 -0.002767 -0.227690
    37 -0.017635 -0.420529 -0.022252 0.227339 0.046996 0.081353
    38 8.435686 -18.979810 -10.048400 -2.803795 -0.212066 -1.985072
    39 -10.722298 -0.506103 -0.017994 1.584990 0.010515 0.041378
    40 -9.173993 -9.588896 -9.790541 -2.117881 -0.311776 -1.081829
    41 0.294731 -0.017813 0.157481 0.029130 0.054919 0.004544
    42 5.740848 0.000000 -0.000001 0.000092 0.000000 -0.000008
    43 10.281296 -0.016083 0.132702 0.000149 0.000000 0.000000
    44 10.295597 0.000001 0.000000 2.549809 -0.230252 0.332727
    45 3.187951 1.206980 0.401028 1.726757 0.024376 1.531556
    46 0.000000 1.663440 1.993458 0.000000 0.000000 0.000000
    47 0.000000 0.079149 6.178666 -0.027841 0.000000 0.000000
    48 0.000002 3.466950 2.698286 3.141590 0.001930 3.141580
    49 0.032274 0.082292 -0.974221 0.000000 0.000000 0.000000
    50 0.283657 -0.262681 -0.016718 3.136930 0.073998 -0.078846
    51 3.323318 0.233760 -1.479091 0.471091 0.106875 1.379072
    52 0.422707 -0.406992 0.168743 -2.735260 0.184776 0.303777
    53 0.963103 0.000001 -0.000001 0.038612 -0.004195 0.700134
    54 0.441121 -0.147523 -0.014119 -2.793600 0.005348 0.279055
    55 0.682898 0.000000 0.000000 0.038160 -0.007314 0.781218
    56 0.382509 0.011353 0.014142 -2.816920 -0.081657 0.157045
    57 3.632760 0.059067 -0.757513 0.326276 0.151995 1.274539
    58 0.489260 -0.525216 0.053914 -3.074870 0.011878 0.210808
    59 1.500140 -0.000002 0.000000 0.027852 -0.039266 1.247666
    60 0.467742 -0.219619 0.031131 -3.081490 -0.013760 0.185349
    61 0.905654 0.000000 0.000000 -0.049220 -0.084558 0.688378
    62 0.503673 -0.044144 -0.005648 -3.101730 -0.045027 0.343288
    63 3.799520 0.014976 0.039936 0.327494 0.278797 1.147669
    64 0.352883 -0.530994 0.013656 3.048800 0.018771 0.168551
    65 1.774880 0.000001 0.000000 0.015544 -0.026837 1.207221
    66 0.123960 -0.267018 -0.045197 3.038230 0.016899 0.163207
    67 1.008841 0.000000 0.000000 0.007382 -0.033013 1.058798
    68 -0.091995 -0.117643 -0.068578 3.035060 0.049848 0.104967
    69 3.773758 0.133240 0.970555 0.009987 0.253119 0.024177
    70 0.266356 -0.315424 0.022796 2.894160 -0.011217 0.140937
    71 1.433460 -0.000001 0.000000 0.021775 -0.008193 0.379603
    72 0.232987 -0.175441 0.051954 2.850500 0.105025 0.006572
    73 1.019161 0.000000 0.000000 -0.061468 0.050146 0.902415
    74 0.199651 -0.182736 -0.019174 2.866800 0.015134 0.022335
    75 1.149521 0.416503 1.414108 -1.701758 0.225080 0.807883
    76 -0.259195 -0.126472 -0.187737 -0.320833 -0.178068 -0.144302
    77 1.263870 0.000000 0.000000 0.000000 0.000000 0.198825
    78 -0.023456 -0.272392 0.128637 -0.377946 -0.139541 -0.070537
    79 1.188940 0.000000 0.000000 0.006450 0.000251 0.052435
    80 -0.027065 -0.282838 0.274405 -0.453086 -0.085008 -0.010295
    81 -9.173993 -9.588896 -9.790541 -1.492026 -0.311876 -1.081953
    82 -10.722400 -0.506063 0.017998 0.014153 -0.011625 0.041372
    83 -2.698984 -20.045939 -3.526220 0.274031 -0.436936 0.433107
  time 19
    0 0.000000 0.000000 0.000000 3.137881 0.003712 -0.000007
    1 0.000000 0.480407 -0.075673 -1.570826 0.000012 1.271948
    2 8.521626 -18.913402 -9.899958 -0.997169 -0.207046 -1.962500
    3 0.237000 -0.019106 -0.353871 -0.031846 -0.060887 0.001610
    4 5.740851 0.000002 0.000000 0.000673 0.000000 0.000000
    5 10.321901 0.003155 0.187182 -0.229226 0.027369 0.027690
    6 10.295601 0.000000 0.000000 2.938786 0.137047 0.484991
    7 0.252449 -0.450151 0.014884 2.961090 -0.113350 -0.085454
    8 3.323328 0.233761 1.479089 -0.330620 0.257983 1.138443
    9 0.331326 -0.384609 -0.028515 2.751210 -0.062475 0.301804
    10 0.963098 0.000000 0.000000 -0.065289 0.021489 0.729475
    11 0.219801 -0.039763 0.000647 2.771360 0.018767 0.255174
    12 0.682896 0.000002 0.000000 -0.066743 -0.016464 0.170108
    13 0.237805 0.264544 -0.007074 2.776430 0.037665 -0.015667
    14 3.632759 0.059072 0.757512 -0.194684 0.119011 0.988154
    15 0.466810 -0.831947 0.013376 2.881400 0.028647 0.343212
    16 1.500140 0.000000 -0.000003 -0.046573 0.060478 1.196528
    17 0.319986 -0.324402 -0.027586 2.877640 0.022726 0.214012
    18 0.905666 0.000000 0.000001 -0.074917 -0.011044 0.133516
    19 0.492504 -0.086171 -0.084238 2.879510 0.064298 0.261627
    20 3.799519 0.014969 -0.039935 -0.134433 0.024569 0.786199
    21 0.217894 -0.825647 0.038806 3.038690 -0.013998 0.239370
    22 1.774879 -0.000002 0.000001 -0.002925 0.018951 1.483349
    23 -0.011930 -0.409492 0.022487 3.039220 -0.018455 0.224297
    24 1.008837 0.000001 -0.000001 -0.018804 0.000535 0.085626
    25 0.062305 -0.120462 0.017525 3.043570 -0.040149 0.014192
    26 3.773769 0.133240 -0.970558 -0.012299 0.172402 0.025815
    27 0.276640 -0.495263 -0.109455 -3.042850 -0.074739 0.140309
    28 1.433455 -0.000001 0.000002 0.000000 0.000000 1.040736
    29 0.534334 -0.269066 0.018936 -3.047540 -0.084662 0.175451
    30 1.019160 0.000002 -0.000001 0.000000 0.000000 0.426691
    31 0.591927 -0.092812 0.111916 -3.044020 -0.081575 0.092229
    32 1.149530 0.416493 -1.414110 1.637320 0.502658 0.152274
    33 -0.152565 -0.022695 0.475140 0.134276 0.161355 -0.294699
    34 1.263880 0.000000 -0.000001 0.000000 0.000000 0.095331
    35 0.204777 -0.431778 0.089654 0.168587 0.067859 -0.050505
    36 1.188936 0.000000 0.000001 -0.009661 -0.002767 -0.227690
    37 -0.017635 -0.420529 -0.022252 0.227339 0.046996 0.081353
    38 8.521626 -18.913402 -9.899958 -2.803100 -0.207072 -1.962475
    39 -10.722298 -0.506103 -0.017994 1.584990 0.010515 0.041378
    40 -9.091959 -9.807652 -9.708507 -2.119398 -0.309222 -1.085784
    41 0.294731 -0.017813 0.157481 0.029130 0.054919 0.004544
    42 5.740848 0.000000 -0.000001 0.000092 0.000000 -0.000008
    43 10.281296 -0.016083 0.132702 0.000149 0.000000 0.000000
    44 10.295597 0.000001 0.000000 2.566185 -0.253585 0.316068
    45 3.184045 1.206980 0.397122 1.726757 0.024376 1.531556
    46 0.000000 1.663440 1.993458 0.000000 0.000000 0.000000
    47 0.000000 0.079149 6.178666 -0.027841 0.000000 0.000000
    48 0.000002 3.466950 2.698286 3.141590 0.001930 3.141580
    49 0.032274 0.082292 -0.974221 0.000000 0.000000 0.000000
    50 0.283657 -0.262681 -0.016718 3.136930 0.073998 -0.078846
    51 3.323318 0.233760 -1.479091 0.471091 0.106875 1.379072
    52 0.422707 -0.406992 0.168743 -2.735260 0.184776 0.303777
    53 0.963103 0.000001 -0.000001 0.038612 -0.004195 0.700134
    54 0.441121 -0.147523 -0.014119 -2.793600 0.005348 0.279055
    55 0.682898 0.000000 0.000000 0.038160 -0.007314 0.781218
    56 0.382509 0.011353 0.014142 -2.816920 -0.081657 0.157045
    57 3.632760 0.059067 -0.757513 0.326276 0.151995 1.274539
    58 0.489260 -0.525216 0.053914 -3.074870 0.011878 0.210808
    59 1.500140 -0.000002 0.000000 0.027852 -0.039254 1.247666
    60 0.467742 -0.219619 0.031131 -3.081490 -0.013760 0.185349
    61 0.905654 0.000000 0.000000 -0.049220 -0.084558 0.688378
    62 0.503673 -0.044144 -0.005648 -3.101730 -0.045027 0.343288
    63 3.799520 0.014976 0.039936 0.327494 0.278797 1.147669
    64 0.352883 -0.530994 0.013656 3.048800 0.018771 0.168551
    65 1.774880 0.000001 0.000000 0.015544 -0.026837 1.207221
    66 0.123960 -0.267018 -0.045197 3.038230 0.016899 0.163207
    67 1.008841 0.000000 0.000000 0.007382 -0.033013 1.058798
    68 -0.091995 -0.117643 -0.068578 3.035060 0.049848 0.104967
    69 3.773758 0.133240 0.970555 0.009987 0.253119 0.024177
    70 0.266356 -0.315424 0.022796 2.894160 -0.011217 0.140937
    71 1.433460 -0.000001 0.000000 0.021775 -0.008193 0.379603
    72 0.232987 -0.175441 0.051954 2.850500 0.105025 0.006572
    73 1.019161 0.000000 0.000000 -0.061468 0.050146 0.902392
    74 0.199651 -0.182736 -0.019174 2.866800 0.015134 0.022335
    75 1.149521 0.416503 1.414108 -1.701758 0.225080 0.807883
    76 -0.259195 -0.126472 -0.187737 -0.320833 -0.178068 -0.144302
    77 1.263870 0.000000 0.000000 0.000000 0.000000 0.198825
    78 -0.023456 -0.272392 0.128637 -0.377946 -0.139541 -0.070537
    79 1.188940 0.000000 0.000000 0.006450 0.000251 0.052435
    80 -0.027065 -0.282838 0.274405 -0.453086 -0.085008 -0.010295
    81 -9.091959 -9.807652 -9.708507 -1.480152 -0.309322 -1.085754
    82 -10.722400 -0.506063 0.017998 0.014153 -0.011625 0.041372
    83 -2.644295 -20.272508 -3.459812 0.275202 -0.450472 0.455272
  time 20
    0 0.000000 0.000000 0.000000 3.137881 0.003712 -0.000007
    1 0.000000 0.511658 -0.083486 -1.570826 0.000012 1.253684
    2 8.607566 -18.800117 -9.786673 -0.996726 -0.204009 -1.946453
    3 0.237000 -0.019106 -0.353871 -0.031846 -0.060887 0.001610
    4 5.740851 0.000002 0.000000 0.000673 0.000000 -0.000012
    5 10.321901 0.003155 0.187182 -0.229226 0.027369 0.027690
    6 10.295601 0.000000 0.000000 2.947428 0.136800 0.492245
    7 0.252449 -0.450151 0.014884 2.961090 -0.113350 -0.085454
    8 3.323328 0.233761 1.479089 -0.330327 0.259283 1.140736
    9 0.331326 -0.384609 -0.028515 2.751210 -0.062475 0.301804
    10 0.963098 0.000000 0.000000 -0.065277 0.021525 0.730111
    11 0.219801 -0.039763 0.000647 2.771360 0.018767 0.255174
    12 0.682896 0.000002 0.000000 -0.066731 -0.016464 0.169801
    13 0.237805 0.264544 -0.007074 2.776430 0.037665 -0.015667
    14 3.632759 0.059072 0.757512 -0.194612 0.119587 0.990652
    15 0.466810 -0.831947 0.013376 2.881400 0.028647 0.343212
    16 1.500140 0.000000 -0.000003 -0.046489 0.060658 1.198976
    17 0.319986 -0.324402 -0.027586 2.877640 0.022726 0.214012
    18 0.905666 0.000000 0.000001 -0.074917 -0.011020 0.133795
    19 0.492504 -0.086171 -0.084238 2.879510 0.064298 0.261627
    20 3.799519 0.014969 -0.039935 -0.134529 0.024880 0.788786
    21 0.217894 -0.825647 0.038806 3.038690 -0.013998 0.239370
    22 1.774879 -0.000002 0.000001 -0.002877 0.018987 1.487060
    23 -0.011930 -0.409492 0.022487 3.039220 -0.018455 0.224297
    24 1.008837 0.000001 -0.000001 -0.018804 0.000547 0.085739
    25 0.062305 -0.120462 0.017525 3.043570 -0.040149 0.014192
    26 3.773769 0.133240 -0.970558 -0.012203 0.172726 0.026738
    27 0.276640 -0.495263 -0.109455 -3.042850 -0.074739 0.140309
    28 1.433455 -0.000001 0.000002 0.000000 0.000000 1.042203
    29 0.534334 -0.269066 0.018936 -3.047540 -0.084662 0.175451
    30 1.019160 0.000002 -0.000001 0.000000 0.000000 0.427398
    31 0.591927 -0.092812 0.111916 -3.044020 -0.081575 0.092229
    32 1.149530 0.416493 -1.414110 1.637332 0.502658 0.152274
    33 -0.152565 -0.022695 0.475140 0.134276 0.161355 -0.294699
    34 1.263880 0.000000 -0.000001 0.000000 0.000000 0.095331
    35 0.204777 -0.431778 0.089654 0.168587 0.067859 -0.050505
    36 1.188936 0.000000 0.000001 -0.009661 -0.002767 -0.227690
    37 -0.017635 -0.420529 -0.022252 0.227339 0.046996 0.081353
    38 8.607566 -18.800117 -9.786673 -2.802629 -0.203996 -1.946428
    39 -10.722298 -0.506103 -0.017994 1.584990 0.010515 0.041378
    40 -9.033363 -9.928750 -9.657724 -2.119896 -0.308634 -1.086863
    41 0.294731 -0.017813 0.157481 0.029130 0.054919 0.004544
    42 5.740848 0.000000 -0.000001 0.000092 0.000000 -0.000008
    43 10.281296 -0.016083 0.132702 0.000149 0.000000 0.000000
    44 10.295597 0.000001 0.000000 2.580865 -0.270665 0.304906
    45 3.184045 1.206980 0.401028 1.726757 0.024376 1.531556
    46 0.000000 1.663440 1.993458 0.000000 0.000000 0.000000
    47 0.000000 0.079149 6.178666 -0.027841 0.000000 0.000000
    48 0.000002 3.466950 2.698286 3.141590 0.001930 3.141580
    49 0.032274 0.082292 -0.974221 0.000000 0.000000 0.000000
    50 0.283657 -0.262681 -0.016718 3.136930 0.073998 -0.078846
    51 3.323318 0.233760 -1.479091 0.471091 0.106875 1.379072
    52 0.422707 -0.406992 0.168743 -2.735260 0.184776 0.303777
    53 0.963103 0.000001 -0.000001 0.038612 -0.004195 0.700134
    54 0.441121 -0.147523 -0.014119 -2.793600 0.005348 0.279055
    55 0.682898 0.000000 0.000000 0.038160 -0.007314 0.781218
    56 0.382509 0.011353 0.014142 -2.816920 -0.081657 0.157045
    57 3.632760 0.059067 -0.757513 0.326276 0.151995 1.274539
    58 0.489260 -0.525216 0.053914 -3.074870 0.011878 0.210808
    59 1.500140 -0.000002 0.000000 0.027852 -0.039266 1.247666
    60 0.467742 -0.219619 0.031131 -3.081490 -0.013760 0.185349
    61 0.905654 0.000000 0.000000 -0.049220 -0.084558 0.688378
    62 0.503673 -0.044144 -0.005648 -3.101730 -0.045027 0.343288
    63 3.799520 0.014976 0.039936 0.327494 0.278797 1.147669
    64 0.352883 -0.530994 0.013656 3.048800 0.018771 0.168551
    65 1.774880 0.000001 0.000000 0.015544 -0.026837 1.207221
    66 0.123960 -0.267018 -0.045197 3.038230 0.016899 0.163207
    67 1.008841 0.000000 0.000000 0.007382 -0.033013 1.058798
    68 -0.091995 -0.117643 -0.068578 3.035060 0.049848 0.104967
    69 3.773758 0.133240 0.970555 0.009987 0.253119 0.024177
    70 0.266356 -0.315424 0.022796 2.894160 -0.011217 0.140937
    71 1.433460 -0.000001 0.000000 0.021775 -0.008193 0.379603
    72 0.232987 -0.175441 0.051954 2.850500 0.105025 0.006572
    73 1.019161 0.000000 0.000000 -0.061468 0.050146 0.902415
    74 0.199651 -0.182736 -0.019174 2.866800 0.015134 0.022335
    75 1.149521 0.416503 1.414108 -1.701758 0.225080 0.807883
    76 -0.259195 -0.126472 -0.187737 -0.320833 -0.178068 -0.144302
    77 1.263870 0.000000 0.000000 0.000000 0.000000 0.198825
    78 -0.023456 -0.272392 0.128637 -0.377946 -0.139541 -0.070537
    79 1.188940 0.000000 0.000000 0.006450 0.000251 0.052447
    80 -0.027065 -0.282838 0.274405 -0.453086 -0.085008 -0.010295
    81 -9.033363 -9.928750 -9.657724 -1.468511 -0.308697 -1.086884
    82 -10.722400 -0.506063 0.017998 0.014153 -0.011625 0.041372
    83 -2.597418 -20.385793 -3.409029 0.276173 -0.463375 0.472737
  time 21
    0 0.000000 0.000000 0.000000 3.137881 0.003712 -0.000007
    1 0.000000 0.535096 -0.083486 -1.570826 0.000012 1.235275
    2 8.677881 -18.675114 -9.712452 -0.996400 -0.202708 -1.936477
    3 0.237000 -0.019106 -0.353871 -0.031846 -0.060887 0.001610
    4 5.740851 0.000002 0.000000 0.000673 0.000000 -0.000012
    5 10.321901 0.003155 0.187182 -0.229226 0.027369 0.027690
    6 10.295601 0.000000 0.000000 2.955957 0.136800 0.500696
    7 0.252449 -0.450151 0.014884 2.961090 -0.113350 -0.085454
    8 3.323328 0.233761 1.479089 -0.330034 0.260632 1.143094
    9 0.331326 -0.384609 -0.028515 2.751210 -0.062475 0.301804
    10 0.963098 0.000000 0.000000 -0.065265 0.021573 0.730800
    11 0.219801 -0.039763 0.000647 2.771360 0.018767 0.255174
    12 0.682896 0.000002 0.000000 -0.066731 -0.016512 0.169437
    13 0.237805 0.264544 -0.007074 2.776430 0.037665 -0.015667
    14 3.632759 0.059072 0.757512 -0.194552 0.120162 0.993246
    15 0.466810 -0.831947 0.013376 2.881400 0.028647 0.343212
    16 1.500140 0.000000 -0.000003 -0.046393 0.060826 1.201541
    17 0.319986 -0.324402 -0.027586 2.877640 0.022726 0.214012
    18 0.905666 0.000000 0.000001 -0.074929 -0.010996 0.134099
    19 0.492504 -0.086171 -0.084238 2.879510 0.064298 0.261627
    20 3.799519 0.014969 -0.039935 -0.134613 0.025240 0.791497
    21 0.217894 -0.825647 0.038806 3.038690 -0.013998 0.239370
    22 1.774879 -0.000002 0.000001 -0.002805 0.019035 1.490878
    23 -0.011930 -0.409492 0.022487 3.039220 -0.018455 0.224297
    24 1.008837 0.000001 -0.000001 -0.018804 0.000547 0.085874
    25 0.062305 -0.120462 0.017525 3.043570 -0.040149 0.014192
    26 3.773769 0.133240 -0.970558 -0.012119 0.173037 0.027708
    27 0.276640 -0.495263 -0.109455 -3.042850 -0.074739 0.140309
    28 1.433455 -0.000001 0.000002 0.000000 0.000000 1.043756
    29 0.534334 -0.269066 0.018936 -3.047540 -0.084662 0.175451
    30 1.019160 0.000002 -0.000001 0.000000 0.000000 0.428141
    31 0.591927 -0.092812 0.111916 -3.044020 -0.081575 0.092229
    32 1.149530 0.416493 -1.414110 1.637320 0.502658 0.152274
    33 -0.152565 -0.022695 0.475140 0.134276 0.161355 -0.294699
    34 1.263880 0.000000 -0.000001 0.000000 0.000000 0.095331
    35 0.204777 -0.431778 0.089654 0.168587 0.067859 -0.050505
    36 1.188936 0.000000 0.000001 -0.009661 -0.002767 -0.227690
    37 -0.017635 -0.420529 -0.022252 0.227339 0.046996 0.081353
    38 8.677881 -18.675114 -9.712452 -2.802360 -0.202730 -1.936512
    39 -10.722298 -0.506103 -0.017994 1.584990 0.010515 0.041378
    40 -9.002112 -9.975626 -9.646005 -2.119692 -0.309773 -1.085630
    41 0.294731 -0.017813 0.157481 0.029130 0.054919 0.004544
    42 5.740848 0.000000 -0.000001 0.000092 0.000000 -0.000008
    43 10.281296 -0.016083 0.132702 0.000149 0.000000 0.000000
    44 10.295597 0.000001 0.000000 2.593171 -0.281317 0.299504
    45 3.184045 1.206980 0.401028 1.726757 0.024376 1.531556
    46 0.000000 1.663440 1.993458 0.000000 0.000000 0.000000
    47 0.000000 0.079149 6.178666 -0.027841 0.000000 0.000000
    48 0.000002 3.466950 2.698286 3.141590 0.001930 3.141580
    49 0.032274 0.082292 -0.974221 0.000000 0.000000 0.000000
    50 0.283657 -0.262681 -0.016718 3.136930 0.073998 -0.078846
    51 3.323318 0.233760 -1.479091 0.471091 0.106875 1.379072
    52 0.422707 -0.406992 0.168743 -2.735260 0.184776 0.303777
    53 0.963103 0.000001 -0.000001 0.038612 -0.004195 0.700134
    54 0.441121 -0.147523 -0.014119 -2.793600 0.005348 0.279055
    55 0.682898 0.000000 0.000000 0.038160 -0.007314 0.781218
    56 0.382509 0.011353 0.014142 -2.816920 -0.081657 0.157045
    57 3.632760 0.059067 -0.757513 0.326276 0.151995 1.274539
    58 0.489260 -0.525216 0.053914 -3.074870 0.011878 0.210808
    59 1.500140 -0.000002 0.000000 0.027852 -0.039254 1.247666
    60 0.467742 -0.219619 0.031131 -3.081490 -0.013760 0.185349
    61 0.905654 0.000000 0.000000 -0.049220 -0.084558 0.688378
    62 0.503673 -0.044144 -0.005648 -3.101730 -0.045027 0.343288
    63 3.799520 0.014976 0.039936 0.327494 0.278797 1.147669
    64 0.352883 -0.530994 0.013656 3.048800 0.018771 0.168551
    65 1.774880 0.000001 0.000000 0.015544 -0.026837 1.207221
    66 0.123960 -0.267018 -0.045197 3.038230 0.016899 0.163207
    67 1.008841 0.000000 0.000000 0.007382 -0.033013 1.058798
    68 -0.091995 -0.117643 -0.068578 3.035060 0.049848 0.104967
    69 3.773758 0.133240 0.970555 0.009987 0.253119 0.024177
    70 0.266356 -0.315424 0.022796 2.894160 -0.011217 0.140937
    71 1.433460 -0.000001 0.000000 0.021775 -0.008193 0.379603
    72 0.232987 -0.175441 0.051954 2.850500 0.105025 0.006572
    73 1.019161 0.000000 0.000000 -0.061468 0.050146 0.902392
    74 0.199651 -0.182736 -0.019174 2.866800 0.015134 0.022335
    75 1.149521 0.416503 1.414108 -1.701758 0.225080 0.807883
    76 -0.259195 -0.126472 -0.187737 -0.320833 -0.178068 -0.144302
    77 1.263870 0.000000 0.000000 0.000000 0.000000 0.198825
    78 -0.023456 -0.272392 0.128637 -0.377946 -0.139541 -0.070537
    79 1.188940 0.000000 0.000000 0.006450 0.000251 0.052435
    80 -0.027065 -0.282838 0.274405 -0.453086 -0.085008 -0.010295
    81 -9.002112 -9.975626 -9.646005 -1.458341 -0.309818 -1.085600
    82 -10.722400 -0.506063 0.017998 0.014153 -0.011625 0.041372
    83 -2.570074 -20.417044 -3.369965 0.276830 -0.475486 0.484550
  time 22
    0 0.000000 0.000000 0.000000 3.137881 0.003712 -0.000007
    1 0.000000 0.566347 -0.095205 -1.570826 0.000012 1.217107
    2 8.724757 -18.585267 -9.649950 -0.996190 -0.202346 -1.930347
    3 0.237000 -0.019106 -0.353871 -0.031846 -0.060887 0.001610
    4 5.740851 0.000002 0.000000 0.000673 0.000000 0.000000
    5 10.321901 0.003155 0.187182 -0.229226 0.027369 0.027690
    6 10.295601 0.000000 0.000000 2.964786 0.139025 0.507910
    7 0.252449 -0.450151 0.014884 2.961090 -0.113350 -0.085454
    8 3.323328 0.233761 1.479089 -0.329712 0.261993 1.145452
    9 0.331326 -0.384609 -0.028515 2.751210 -0.062475 0.301804
    10 0.963098 0.000000 0.000000 -0.065241 0.021621 0.731488
    11 0.219801 -0.039763 0.000647 2.771360 0.018767 0.255174
    12 0.682896 0.000002 0.000000 -0.066719 -0.016536 0.169130
    13 0.237805 0.264544 -0.007074 2.776430 0.037665 -0.015667
    14 3.632759 0.059072 0.757512 -0.194468 0.120725 0.995887
    15 0.466810 -0.831947 0.013376 2.881400 0.028647 0.343212
    16 1.500140 0.000000 -0.000003 -0.046310 0.060982 1.204175
    17 0.319986 -0.324402 -0.027586 2.877640 0.022726 0.214012
    18 0.905666 0.000000 0.000001 -0.074929 -0.010972 0.134454
    19 0.492504 -0.086171 -0.084238 2.879510 0.064298 0.261627
    20 3.799519 0.014969 -0.039935 -0.134697 0.025600 0.794308
    21 0.217894 -0.825647 0.038806 3.038690 -0.013998 0.239370
    22 1.774879 -0.000002 0.000001 -0.002757 0.019058 1.494911
    23 -0.011930 -0.409492 0.022487 3.039220 -0.018455 0.224297
    24 1.008837 0.000001 -0.000001 -0.018804 0.000535 0.086032
    25 0.062305 -0.120462 0.017525 3.043570 -0.040149 0.014192
    26 3.773769 0.133240 -0.970558 -0.012011 0.173361 0.028703
    27 0.276640 -0.495263 -0.109455 -3.042850 -0.074739 0.140309
    28 1.433455 -0.000001 0.000002 0.000000 0.000000 1.045308
    29 0.534334 -0.269066 0.018936 -3.047540 -0.084662 0.175451
    30 1.019160 0.000002 -0.000001 0.000000 0.000000 0.428896
    31 0.591927 -0.092812 0.111916 -3.044020 -0.081575 0.092229
    32 1.149530 0.416493 -1.414110 1.637320 0.502658 0.152274
    33 -0.152565 -0.022695 0.475140 0.134276 0.161355 -0.294699
    34 1.263880 0.000000 -0.000001 0.000000 0.000000 0.095331
    35 0.204777 -0.431778 0.089654 0.168587 0.067859 -0.050505
    36 1.188936 0.000000 0.000001 -0.009661 -0.002767 -0.227690
    37 -0.017635 -0.420529 -0.022252 0.227339 0.046996 0.081353
    38 8.724757 -18.585267 -9.649950 -2.802158 -0.202404 -1.930322
    39 -10.722298 -0.506103 -0.017994 1.584990 0.010515 0.041378
    40 -8.986487 -9.995158 -9.646005 -2.119233 -0.311188 -1.083832
    41 0.294731 -0.017813 0.157481 0.029130 0.054919 0.004544
    42 5.740848 0.000000 -0.000001 0.000092 0.000000 -0.000008
    43 10.281296 -0.016083 0.132702 0.000149 0.000000 0.000000
    44 10.295597 0.000001 0.000000 2.604169 -0.285821 0.297961
    45 3.184045 1.206980 0.397122 1.726735 0.024376 1.531556
    46 0.000000 1.663440 1.993458 0.000000 0.000000 0.000000
    47 0.000000 0.079149 6.178666 -0.027841 0.000000 0.000000
    48 0.000002 3.466950 2.698286 3.141590 0.001930 3.141580
    49 0.032274 0.082292 -0.974221 0.000000 0.000000 0.000000
    50 0.283657 -0.262681 -0.016718 3.136930 0.073998 -0.078846
    51 3.323318 0.233760 -1.479091 0.471091 0.106875 1.379072
    52 0.422707 -0.406992 0.168743 -2.735260 0.184776 0.303777
    53 0.963103 0.000001 -0.000001 0.038612 -0.004195 0.700134
    54 0.441121 -0.147523 -0.014119 -2.793600 0.005348 0.279055
    55 0.682898 0.000000 0.000000 0.038160 -0.007314 0.781218
    56 0.382509 0.011353 0.014142 -2.816920 -0.081657 0.157045
    57 3.632760 0.059067 -0.757513 0.326276 0.151995 1.274539
    58 0.489260 -0.525216 0.053914 -3.074870 0.011878 0.210808
    59 1.500140 -0.000002 0.000000 0.027852 -0.039254 1.247666
    60 0.467742 -0.219619 0.031131 -3.081490 -0.013760 0.185349
    61 0.905654 0.000000 0.000000 -0.049220 -0.084558 0.688378
    62 0.503673 -0.044144 -0.005648 -3.101730 -0.045027 0.343288
    63 3.799520 0.014976 0.039936 0.327494 0.278797 1.147669
    64 0.352883 -0.530994 0.013656 3.048800 0.018771 0.168551
    65 1.774880 0.000001 0.000000 0.015544 -0.026837 1.207221
    66 0.123960 -0.267018 -0.045197 3.038230 0.016899 0.163207
    67 1.008841 0.000000 0.000000 0.007382 -0.033013 1.058798
    68 -0.091995 -0.117643 -0.068578 3.035060 0.049848 0.104967
    69 3.773758 0.133240 0.970555 0.009987 0.253119 0.024177
    70 0.266356 -0.315424 0.022796 2.894160 -0.011217 0.140937
    71 1.433460 -0.000001 0.000000 0.021775 -0.008193 0.379603
    72 0.232987 -0.175441 0.051954 2.850500 0.105025 0.006572
    73 1.019161 0.000000 0.000000 -0.061468 0.050146 0.902392
    74 0.199651 -0.182736 -0.019174 2.866800 0.015134 0.022335
    75 1.149521 0.416503 1.414108 -1.701758 0.225080 0.807883
    76 -0.259195 -0.126472 -0.187737 -0.320833 -0.178068 -0.144302
    77 1.263870 0.000000 0.000000 0.000000 0.000000 0.198825
    78 -0.023456 -0.272392 0.128637 -0.377946 -0.139541 -0.070537
    79 1.188940 0.000000 0.000000 0.006450 0.000239 0.052435
    80 -0.027065 -0.282838 0.274405 -0.453086 -0.085008 -0.010295
    81 -8.986487 -9.995158 -9.646005 -1.451294 -0.311343 -1.083802
    82 -10.722400 -0.506063 0.017998 0.014153 -0.011625 0.041372
    83 -2.558354 -20.436576 -3.346527 0.277344 -0.486608 0.489885
  time 23
    0 0.000000 0.000000 0.000000 3.137881 0.003712 -0.000007
    1 0.000000 0.597598 -0.095205 -1.570826 0.000012 1.198794
    2 8.740382 -18.573548 -9.614793 -0.995817 -0.203467 -1.926921
    3 0.237000 -0.019106 -0.353871 -0.031846 -0.060887 0.001610
    4 5.740851 0.000002 0.000000 0.000673 0.000000 -0.000012
    5 10.321901 0.003155 0.187182 -0.229226 0.027369 0.027690
    6 10.295601 0.000000 0.000000 2.973204 0.143381 0.514388
    7 0.252449 -0.450151 0.014884 2.961090 -0.113350 -0.085454
    8 3.323328 0.233761 1.479089 -0.329419 0.263379 1.147918
    9 0.331326 -0.384609 -0.028515 2.751210 -0.062475 0.301804
    10 0.963098 0.000000 0.000000 -0.065241 0.021669 0.732257
    11 0.219801 -0.039763 0.000647 2.771360 0.018767 0.255174
    12 0.682896 0.000002 0.000000 -0.066719 -0.016548 0.168738
    13 0.237805 0.264544 -0.007074 2.776430 0.037665 -0.015667
    14 3.632759 0.059072 0.757512 -0.194396 0.121312 0.998576
    15 0.466810 -0.831947 0.013376 2.881400 0.028647 0.343212
    16 1.500140 0.000000 -0.000003 -0.046226 0.061149 1.206903
    17 0.319986 -0.324402 -0.027586 2.877640 0.022726 0.214012
    18 0.905666 0.000000 0.000001 -0.074941 -0.010948 0.134809
    19 0.492504 -0.086171 -0.084238 2.879510 0.064298 0.261627
    20 3.799519 0.014969 -0.039935 -0.134781 0.025947 0.797144
    21 0.217894 -0.825647 0.038806 3.038690 -0.013998 0.239370
    22 1.774879 -0.000002 0.000001 -0.002697 0.019118 1.498907
    23 -0.011930 -0.409492 0.022487 3.039220 -0.018455 0.224297
    24 1.008837 0.000001 -0.000001 -0.018804 0.000559 0.086189
    25 0.062305 -0.120462 0.017525 3.043570 -0.040149 0.014192
    26 3.773769 0.133240 -0.970558 -0.011916 0.173721 0.029746
    27 0.276640 -0.495263 -0.109455 -3.042850 -0.074739 0.140309
    28 1.433455 -0.000001 0.000002 0.000000 0.000000 1.046889
    29 0.534334 -0.269066 0.018936 -3.047540 -0.084662 0.175451
    30 1.019160 0.000002 -0.000001 0.000000 0.000000 0.429675
    31 0.591927 -0.092812 0.111916 -3.044020 -0.081575 0.092229
    32 1.149530 0.416493 -1.414110 1.637320 0.502658 0.152274
    33 -0.152565 -0.022695 0.475140 0.134276 0.161355 -0.294699
    34 1.263880 0.000000 -0.000001 0.000000 0.000000 0.095331
    35 0.204777 -0.431778 0.089654 0.168587 0.067859 -0.050505
    36 1.188936 0.000000 0.000001 -0.009661 -0.002767 -0.227690
    37 -0.017635 -0.420529 -0.022252 0.227339 0.046996 0.081353
    38 8.740382 -18.573548 -9.614793 -2.801777 -0.203490 -1.926836
    39 -10.722298 -0.506103 -0.017994 1.584990 0.010515 0.041378
    40 -8.963049 -10.014690 -9.646005 -2.118582 -0.312713 -1.081983
    41 0.294731 -0.017813 0.157481 0.029130 0.054919 0.004544
    42 5.740848 0.000000 -0.000001 0.000092 0.000000 -0.000008
    43 10.281296 -0.016083 0.132702 0.000149 0.000000 0.000000
    44 10.295597 0.000001 0.000000 2.613277 -0.286015 0.299165
    45 3.184045 1.206980 0.397122 1.726757 0.024376 1.531556
    46 0.000000 1.663440 1.993458 0.000000 0.000000 0.000000
    47 0.000000 0.079149 6.178666 -0.027841 0.000000 0.000000
    48 0.000002 3.466950 2.698286 3.141590 0.001930 3.141580
    49 0.032274 0.082292 -0.974221 0.000000 0.000000 0.000000
    50 0.283657 -0.262681 -0.016718 3.136930 0.073998 -0.078846
    51 3.323318 0.233760 -1.479091 0.471091 0.106875 1.379072
    52 0.422707 -0.406992 0.168743 -2.735260 0.184776 0.303777
    53 0.963103 0.000001 -0.000001 0.038612 -0.004195 0.700134
    54 0.441121 -0.147523 -0.014119 -2.793600 0.005348 0.279055
    55 0.682898 0.000000 0.000000 0.038160 -0.007314 0.781218
    56 0.382509 0.011353 0.014142 -2.816920 -0.081657 0.157045
    57 3.632760 0.059067 -0.757513 0.326276 0.151995 1.274539
    58 0.489260 -0.525216 0.053914 -3.074870 0.011878 0.210808
    59 1.500140 -0.000002 0.000000 0.027852 -0.039266 1.247666
    60 0.467742 -0.219619 0.031131 -3.081490 -0.013760 0.185349
    61 0.905654 0.000000 0.000000 -0.049220 -0.084558 0.688378
    62 0.503673 -0.044144 -0.005648 -3.101730 -0.045027 0.343288
    63 3.799520 0.014976 0.039936 0.327494 0.278797 1.147669
    64 0.352883 -0.530994 0.013656 3.048800 0.018771 0.168551
    65 1.774880 0.000001 0.000000 0.015544 -0.026837 1.207221
    66 0.123960 -0.267018 -0.045197 3.038230 0.016899 0.163207
    67 1.008841 0.000000 0.000000 0.007382 -0.033013 1.058798
    68 -0.091995 -0.117643 -0.068578 3.035060 0.049848 0.104967
    69 3.773758 0.133240 0.970555 0.009987 0.253119 0.024177
    70 0.266356 -0.315424 0.022796 2.894160 -0.011217 0.140937
    71 1.433460 -0.000001 0.000000 0.021775 -0.008193 0.379603
    72 0.232987 -0.175441 0.051954 2.850500 0.105025 0.006572
    73 1.019161 0.000000 0.000000 -0.061468 0.050146 0.902415
    74 0.199651 -0.182736 -0.019174 2.866800 0.015134 0.022335
    75 1.149521 0.416503 1.414108 -1.701758 0.225080 0.807883
    76 -0.259195 -0.126472 -0.187737 -0.320833 -0.178068 -0.144302
    77 1.263870 0.000000 0.000000 0.000000 0.000000 0.198825
    78 -0.023456 -0.272392 0.128637 -0.377946 -0.139541 -0.070537
    79 1.188940 0.000000 0.000000 0.006450 0.000251 0.052447
    80 -0.027065 -0.282838 0.274405 -0.453086 -0.085008 -0.010295
    81 -8.963049 -10.014690 -9.646005 -1.449022 -0.312758 -1.082004
    82 -10.722400 -0.506063 0.017998 0.014153 -0.011625 0.041372
    83 -2.546635 -20.456108 -3.323089 0.277915 -0.496503 0.490393
  time 24
    0 0.000000 0.000000 0.000000 3.137881 0.003712 -0.000007
    1 0.000000 0.621036 -0.103018 -1.570826 0.000012 1.180722
    2 8.756008 -18.569642 -9.595261 -0.995328 -0.206251 -1.924517
    3 0.237000 -0.019106 -0.353871 -0.031846 -0.060887 0.001610
    4 5.740851 0.000002 0.000000 0.000673 0.000000 -0.000012
    5 10.321901 0.003155 0.187182 -0.229226 0.027369 0.027690
    6 10.295601 0.000000 0.000000 2.982294 0.149407 0.522379
    7 0.252449 -0.450151 0.014884 2.961090 -0.113350 -0.085454
    8 3.323328 0.233761 1.479089 -0.329126 0.264802 1.150384
    9 0.331326 -0.384609 -0.028515 2.751210 -0.062475 0.301804
    10 0.963098 0.000000 0.000000 -0.065229 0.021717 0.732999
    11 0.219801 -0.039763 0.000647 2.771360 0.018767 0.255174
    12 0.682896 0.000002 0.000000 -0.066719 -0.016596 0.168291
    13 0.237805 0.264544 -0.007074 2.776430 0.037665 -0.015667
    14 3.632759 0.059072 0.757512 -0.194312 0.121948 1.001337
    15 0.466810 -0.831947 0.013376 2.881400 0.028647 0.343212
    16 1.500140 0.000000 -0.000003 -0.046130 0.061329 1.209654
    17 0.319986 -0.324402 -0.027586 2.877640 0.022726 0.214012
    18 0.905666 0.000000 0.000001 -0.074941 -0.010924 0.135240
    19 0.492504 -0.086171 -0.084238 2.879510 0.064298 0.261627
    20 3.799519 0.014969 -0.039935 -0.134864 0.026343 0.800055
    21 0.217894 -0.825647 0.038806 3.038690 -0.013998 0.239370
    22 1.774879 -0.000002 0.000001 -0.002649 0.019166 1.502975
    23 -0.011930 -0.409492 0.022487 3.039220 -0.018455 0.224297
    24 1.008837 0.000001 -0.000001 -0.018804 0.000559 0.086415
    25 0.062305 -0.120462 0.017525 3.043570 -0.040149 0.014192
    26 3.773769 0.133240 -0.970558 -0.011808 0.174044 0.030764
    27 0.276640 -0.495263 -0.109455 -3.042850 -0.074739 0.140309
    28 1.433455 -0.000001 0.000002 0.000000 0.000000 1.048527
    29 0.534334 -0.269066 0.018936 -3.047540 -0.084662 0.175451
    30 1.019160 0.000002 -0.000001 0.000000 0.000000 0.430502
    31 0.591927 -0.092812 0.111916 -3.044020 -0.081575 0.092229
    32 1.149530 0.416493 -1.414110 1.637320 0.502658 0.152274
    33 -0.152565 -0.022695 0.475140 0.134276 0.161355 -0.294699
    34 1.263880 0.000000 -0.000001 0.000000 0.000000 0.095331
    35 0.204777 -0.431778 0.089654 0.168587 0.067859 -0.050505
    36 1.188936 0.000000 0.000001 -0.009661 -0.002767 -0.227690
    37 -0.017635 -0.420529 -0.022252 0.227339 0.046996 0.081353
    38 8.756008 -18.565735 -9.595261 -2.801194 -0.206168 -1.924492
    39 -10.722298 -0.506103 -0.017994 1.584990 0.010515 0.041378
    40 -8.935704 -10.022503 -9.646005 -2.117792 -0.314183 -1.079877
    41 0.294731 -0.017813 0.157481 0.029130 0.054919 0.004544
    42 5.740848 0.000000 -0.000001 0.000092 0.000000 -0.000008
    43 10.281296 -0.016083 0.132702 0.000149 0.000000 0.000000
    44 10.295597 0.000001 0.000000 2.622240 -0.284673 0.301499
    45 3.184045 1.206980 0.401028 1.726757 0.024376 1.531556
    46 0.000000 1.663440 1.993458 0.000000 0.000000 0.000000
    47 0.000000 0.079149 6.178666 -0.027841 0.000000 0.000000
    48 0.000002 3.466950 2.698286 3.141590 0.001930 3.141580
    49 0.032274 0.082292 -0.974221 0.000000 0.000000 0.000000
    50 0.283657 -0.262681 -0.016718 3.136930 0.073998 -0.078846
    51 3.323318 0.233760 -1.479091 0.471091 0.106875 1.379072
    52 0.422707 -0.406992 0.168743 -2.735260 0.184776 0.303777
    53 0.963103 0.000001 -0.000001 0.038612 -0.004195 0.700134
    54 0.441121 -0.147523 -0.014119 -2.793600 0.005348 0.279055
    55 0.682898 0.000000 0.000000 0.038160 -0.007314 0.781218
    56 0.382509 0.011353 0.014142 -2.816920 -0.081657 0.157045
    57 3.632760 0.059067 -0.757513 0.326276 0.151995 1.274539
    58 0.489260 -0.525216 0.053914 -3.074870 0.011878 0.210808
    59 1.500140 -0.000002 0.000000 0.027852 -0.039254 1.247666
    60 0.467742 -0.219619 0.031131 -3.081490 -0.013760 0.185349
    61 0.905654 0.000000 0.000000 -0.049220 -0.084558 0.688378
    62 0.503673 -0.044144 -0.005648 -3.101730 -0.045027 0.343288
    63 3.799520 0.014976 0.039936 0.327494 0.278797 1.147669
    64 0.352883 -0.530994 0.013656 3.048800 0.018771 0.168551
    65 1.774880 0.000001 0.000000 0.015544 -0.026837 1.207221
    66 0.123960 -0.267018 -0.045197 3.038230 0.016899 0.163207
    67 1.008841 0.000000 0.000000 0.007394 -0.033013 1.058798
    68 -0.091995 -0.117643 -0.068578 3.035060 0.049848 0.104967
    69 3.773758 0.133240 0.970555 0.009987 0.253119 0.024177
    70 0.266356 -0.315424 0.022796 2.894160 -0.011217 0.140937
    71 1.433460 -0.000001 0.000000 0.021775 -0.008193 0.379603
    72 0.232987 -0.175441 0.051954 2.850500 0.105025 0.006572
    73 1.019161 0.000000 0.000000 -0.061468 0.050146 0.902392
    74 0.199651 -0.182736 -0.019174 2.866800 0.015134 0.022335
    75 1.149521 0.416503 1.414108 -1.701758 0.225080 0.807883
    76 -0.259195 -0.126472 -0.187737 -0.320833 -0.178068 -0.144302
    77 1.263870 0.000000 0.000000 0.000000 0.000000 0.198825
    78 -0.023456 -0.272392 0.128637 -0.377946 -0.139541 -0.070537
    79 1.188940 0.000000 0.000000 0.006450 0.000251 0.052435
    80 -0.027065 -0.282838 0.274405 -0.453086 -0.085008 -0.010295
    81 -8.935704 -10.022503 -9.646005 -1.447964 -0.314228 -1.079898
    82 -10.722400 -0.506063 0.017998 0.014153 -0.011625 0.041372
    83 -2.531010 -20.471733 -3.311370 0.278772 -0.506476 0.489313
  time 25
    0 0.000000 0.000000 0.000000 3.137881 0.003712 -0.000007
    1 0.000000 0.652287 -0.106924 -1.570826 0.000012 1.162649
    2 8.767727 -18.569642 -9.587448 -0.994698 -0.209107 -1.923015
    3 0.237000 -0.019106 -0.353871 -0.031846 -0.060887 0.001610
    4 5.740851 0.000002 0.000000 0.000673 0.000000 -0.000012
    5 10.321901 0.003155 0.187182 -0.229226 0.027369 0.027690
    6 10.295601 0.000000 0.000000 2.990880 0.155463 0.530212
    7 0.252449 -0.450151 0.014884 2.961090 -0.113350 -0.085454
    8 3.323328 0.233761 1.479089 -0.328819 0.266237 1.152872
    9 0.331326 -0.384609 -0.028515 2.751210 -0.062475 0.301804
    10 0.963098 0.000000 0.000000 -0.065205 0.021765 0.733767
    11 0.219801 -0.039763 0.000647 2.771360 0.018767 0.255174
    12 0.682896 0.000002 0.000000 -0.066695 -0.016608 0.167844
    13 0.237805 0.264544 -0.007074 2.776430 0.037665 -0.015667
    14 3.632759 0.059072 0.757512 -0.194253 0.122571 1.004192
    15 0.466810 -0.831947 0.013376 2.881400 0.028647 0.343212
    16 1.500140 0.000000 -0.000003 -0.046022 0.061521 1.212382
    17 0.319986 -0.324402 -0.027586 2.877640 0.022726 0.214012
    18 0.905666 0.000000 0.000001 -0.074953 -0.010900 0.135671
    19 0.492504 -0.086171 -0.084238 2.879510 0.064298 0.261627
    20 3.799519 0.014969 -0.039935 -0.134960 0.026690 0.802915
    21 0.217894 -0.825647 0.038806 3.038690 -0.013998 0.239370
    22 1.774879 -0.000002 0.000001 -0.002589 0.019214 1.507222
    23 -0.011930 -0.409492 0.022487 3.039220 -0.018455 0.224297
    24 1.008837 0.000001 -0.000001 -0.018804 0.000547 0.086618
    25 0.062305 -0.120462 0.017525 3.043570 -0.040149 0.014192
    26 3.773769 0.133240 -0.970558 -0.011700 0.174416 0.031843
    27 0.276640 -0.495263 -0.109455 -3.042850 -0.074739 0.140309
    28 1.433455 -0.000001 0.000002 0.000000 0.000000 1.050208
    29 0.534334 -0.269066 0.018936 -3.047540 -0.084662 0.175451
    30 1.019160 0.000002 -0.000001 0.000000 0.000000 0.431329
    31 0.591927 -0.092812 0.111916 -3.044020 -0.081575 0.092229
    32 1.149530 0.416493 -1.414110 1.637320 0.502658 0.152274
    33 -0.152565 -0.022695 0.475140 0.134276 0.161355 -0.294699
    34 1.263880 0.000000 -0.000001 0.000000 0.000000 0.095331
    35 0.204777 -0.431778 0.089654 0.168587 0.067859 -0.050505
    36 1.188936 0.000000 0.000001 -0.009661 -0.002767 -0.227690
    37 -0.017635 -0.420529 -0.022252 0.227339 0.046996 0.081353
    38 8.767727 -18.569642 -9.587448 -2.800656 -0.209099 -1.922990
    39 -10.722298 -0.506103 -0.017994 1.584990 0.010515 0.041378
    40 -8.920079 -10.018596 -9.653818 -2.116848 -0.315543 -1.077668
    41 0.294731 -0.017813 0.157481 0.029130 0.054919 0.004544
    42 5.740848 0.000000 -0.000001 0.000092 0.000000 -0.000008
    43 10.281296 -0.016083 0.132702 0.000149 0.000000 0.000000
    44 10.295597 0.000001 0.000000 2.630767 -0.282359 0.304586
    45 3.184045 1.206980 0.397122 1.726757 0.024376 1.531556
    46 0.000000 1.663440 1.993458 0.000000 0.000000 0.000000
    47 0.000000 0.079149 6.178666 -0.027841 0.000000 0.000000
    48 0.000002 3.466950 2.698286 3.141590 0.001930 3.141580
    49 0.032274 0.082292 -0.974221 0.000000 0.000000 0.000000
    50 0.283657 -0.262681 -0.016718 3.136930 0.073998 -0.078846
    51 3.323318 0.233760 -1.479091 0.471091 0.106875 1.379072
    52 0.422707 -0.406992 0.168743 -2.735260 0.184776 0.303777
    53 0.963103 0.000001 -0.000001 0.038612 -0.004195 0.700134
    54 0.441121 -0.147523 -0.014119 -2.793600 0.005348 0.279055
    55 0.682898 0.000000 0.000000 0.038160 -0.007314 0.781218
    56 0.382509 0.011353 0.014142 -2.816920 -0.081657 0.157045
    57 3.632760 0.059067 -0.757513 0.326276 0.151995 1.274539
    58 0.489260 -0.525216 0.053914 -3.074870 0.011878 0.210808
    59 1.500140 -0.000002 0.000000 0.027852 -0.039266 1.247666
    60 0.467742 -0.219619 0.031131 -3.081490 -0.013760 0.185349
    61 0.905654 0.000000 0.000000 -0.049220 -0.084558 0.688378
    62 0.503673 -0.044144 -0.005648 -3.101730 -0.045027 0.343288
    63 3.799520 0.014976 0.039936 0.327494 0.278797 1.147669
    64 0.352883 -0.530994 0.013656 3.048800 0.018771 0.168551
    65 1.774880 0.000001 0.000000 0.015544 -0.026837 1.207221
    66 0.123960 -0.267018 -0.045197 3.038230 0.016899 0.163207
    67 1.008841 0.000000 0.000000 0.007382 -0.033013 1.058798
    68 -0.091995 -0.117643 -0.068578 3.035060 0.049848 0.104967
    69 3.773758 0.133240 0.970555 0.009987 0.253119 0.024177
    70 0.266356 -0.315424 0.022796 2.894160 -0.011217 0.140937
    71 1.433460 -0.000001 0.000000 0.021775 -0.008193 0.379603
    72 0.232987 -0.175441 0.051954 2.850500 0.105025 0.006572
    73 1.019161 0.000000 0.000000 -0.061468 0.050146 0.902415
    74 0.199651 -0.182736 -0.019174 2.866800 0.015134 0.022335
    75 1.149521 0.416503 1.414108 -1.701758 0.225080 0.807883
    76 -0.259195 -0.126472 -0.187737 -0.320833 -0.178068 -0.144302
    77 1.263870 0.000000 0.000000 0.000000 0.000000 0.198825
    78 -0.023456 -0.272392 0.128637 -0.377946 -0.139541 -0.070537
    79 1.188940 0.000000 0.000000 0.006450 0.000251 0.052459
    80 -0.027065 -0.282838 0.274405 -0.453086 -0.085008 -0.010295
    81 -8.920079 -10.018596 -9.653818 -1.447318 -0.315643 -1.077792
    82 -10.722400 -0.506063 0.017998 0.014153 -0.011625 0.041372
    83 -2.531010 -20.471733 -3.295744 0.279743 -0.516332 0.487027
  time 26
    0 0.000000 0.000000 0.000000 3.137881 0.003712 -0.000007
    1 0.000000 0.679632 -0.106924 -1.570826 0.000012 1.144528
    2 8.771633 -18.573548 -9.587448 -0.994442 -0.211095 -1.922594
    3 0.237000 -0.019106 -0.353871 -0.031846 -0.060887 0.001610
    4 5.740851 0.000002 0.000000 0.000673 0.000000 0.000000
    5 10.321901 0.003155 0.187182 -0.229226 0.027369 0.027690
    6 10.295601 0.000000 0.000000 2.997543 0.160066 0.535972
    7 0.252449 -0.450151 0.014884 2.961090 -0.113350 -0.085454
    8 3.323328 0.233761 1.479089 -0.328496 0.267709 1.155446
    9 0.331326 -0.384609 -0.028515 2.751210 -0.062475 0.301804
    10 0.963098 0.000000 0.000000 -0.065205 0.021825 0.734562
    11 0.219801 -0.039763 0.000647 2.771360 0.018767 0.255174
    12 0.682896 0.000002 0.000000 -0.066695 -0.016644 0.167425
    13 0.237805 0.264544 -0.007074 2.776430 0.037665 -0.015667
    14 3.632759 0.059072 0.757512 -0.194169 0.123194 1.007024
    15 0.466810 -0.831947 0.013376 2.881400 0.028647 0.343212
    16 1.500140 0.000000 -0.000003 -0.045914 0.061701 1.215156
    17 0.319986 -0.324402 -0.027586 2.877640 0.022726 0.214012
    18 0.905666 0.000000 0.000001 -0.074965 -0.010865 0.136102
    19 0.492504 -0.086171 -0.084238 2.879510 0.064298 0.261627
    20 3.799519 0.014969 -0.039935 -0.135044 0.027098 0.805876
    21 0.217894 -0.825647 0.038806 3.038690 -0.013998 0.239370
    22 1.774879 -0.000002 0.000001 -0.002529 0.019274 1.511433
    23 -0.011930 -0.409492 0.022487 3.039220 -0.018455 0.224297
    24 1.008837 0.000001 -0.000001 -0.018804 0.000571 0.086821
    25 0.062305 -0.120462 0.017525 3.043570 -0.040149 0.014192
    26 3.773769 0.133240 -0.970558 -0.011592 0.174751 0.032958
    27 0.276640 -0.495263 -0.109455 -3.042850 -0.074739 0.140309
    28 1.433455 -0.000001 0.000002 0.000000 0.000000 1.051903
    29 0.534334 -0.269066 0.018936 -3.047540 -0.084662 0.175451
    30 1.019160 0.000002 -0.000001 0.000000 0.000000 0.432156
    31 0.591927 -0.092812 0.111916 -3.044020 -0.081575 0.092229
    32 1.149530 0.416493 -1.414110 1.637320 0.502658 0.152274
    33 -0.152565 -0.022695 0.475140 0.134276 0.161355 -0.294699
    34 1.263880 0.000000 -0.000001 0.000000 0.000000 0.095331
    35 0.204777 -0.431778 0.089654 0.168587 0.067859 -0.050505
    36 1.188936 0.000000 0.000001 -0.009661 -0.002767 -0.227690
    37 -0.017635 -0.420529 -0.022252 0.227339 0.046996 0.081353
    38 8.771633 -18.573548 -9.587448 -2.800252 -0.211125 -1.922509
    39 -10.722298 -0.506103 -0.017994 1.584990 0.010515 0.041378
    40 -8.912266 -10.006877 -9.657724 -2.116071 -0.316774 -1.075819
    41 0.294731 -0.017813 0.157481 0.029130 0.054919 0.004544
    42 5.740848 0.000000 -0.000001 0.000092 0.000000 -0.000008
    43 10.281296 -0.016083 0.132702 0.000149 0.000000 0.000000
    44 10.295597 0.000001 0.000000 2.637017 -0.279674 0.307786
    45 3.187951 1.206980 0.401028 1.726757 0.024376 1.531556
    46 0.000000 1.663440 1.993458 0.000000 0.000000 0.000000
    47 0.000000 0.079149 6.178666 -0.027841 0.000000 0.000000
    48 0.000002 3.466950 2.698286 3.141590 0.001930 3.141580
    49 0.032274 0.082292 -0.974221 0.000000 0.000000 0.000000
    50 0.283657 -0.262681 -0.016718 3.136930 0.073998 -0.078846
    51 3.323318 0.233760 -1.479091 0.471091 0.106875 1.379072
    52 0.422707 -0.406992 0.168743 -2.735260 0.184776 0.303777
    53 0.963103 0.000001 -0.000001 0.038612 -0.004195 0.700134
    54 0.441121 -0.147523 -0.014119 -2.793600 0.005348 0.279055
    55 0.682898 0.000000 0.000000 0.038160 -0.007314 0.781218
    56 0.382509 0.011353 0.014142 -2.816920 -0.081657 0.157045
    57 3.632760 0.059067 -0.757513 0.326276 0.151995 1.274539
    58 0.489260 -0.525216 0.053914 -3.074870 0.011878 0.210808
    59 1.500140 -0.000002 0.000000 0.027852 -0.039254 1.247666
    60 0.467742 -0.219619 0.031131 -3.081490 -0.013760 0.185349
    61 0.905654 0.000000 0.000000 -0.049220 -0.084558 0.688378
    62 0.503673 -0.044144 -0.005648 -3.101730 -0.045027 0.343288
    63 3.799520 0.014976 0.039936 0.327494 0.278797 1.147669
    64 0.352883 -0.530994 0.013656 3.048800 0.018771 0.168551
    65 1.774880 0.000001 0.000000 0.015544 -0.026837 1.207221
    66 0.123960 -0.267018 -0.045197 3.038230 0.016899 0.163207
    67 1.008841 0.000000 0.000000 0.007382 -0.033013 1.058798
    68 -0.091995 -0.117643 -0.068578 3.035060 0.049848 0.104967
    69 3.773758 0.133240 0.970555 0.009987 0.253119 0.024177
    70 0.266356 -0.315424 0.022796 2.894160 -0.011217 0.140937
    71 1.433460 -0.000001 0.000000 0.021775 -0.008193 0.379603
    72 0.232987 -0.175441 0.051954 2.850500 0.105025 0.006572
    73 1.019161 0.000000 0.000000 -0.061468 0.050146 0.902392
    74 0.199651 -0.182736 -0.019174 2.866800 0.015134 0.022335
    75 1.149521 0.416503 1.414108 -1.701758 0.225080 0.807883
    76 -0.259195 -0.126472 -0.187737 -0.320833 -0.178068 -0.144302
    77 1.263870 0.000000 0.000000 0.000000 0.000000 0.198825
    78 -0.023456 -0.272392 0.128637 -0.377946 -0.139541 -0.070537
    79 1.188940 0.000000 0.000000 0.006450 0.000251 0.052435
    80 -0.027065 -0.282838 0.274405 -0.453086 -0.085008 -0.010295
    81 -8.912266 -10.006877 -9.657724 -1.446492 -0.316764 -1.075840
    82 -10.722400 -0.506063 0.017998 0.014153 -0.011625 0.041372
    83 -2.531010 -20.463920 -3.291838 0.280657 -0.523575 0.484169
  time 27
    0 0.000000 0.000000 0.000000 3.137881 0.003712 -0.000007
    1 0.000000 0.710883 -0.114737 -1.570826 0.000024 1.126599
    2 8.771633 -18.573548 -9.587448 -0.994372 -0.211746 -1.923736
    3 0.237000 -0.019106 -0.353871 -0.031846 -0.060887 0.001610
    4 5.740851 0.000002 0.000000 0.000673 0.000000 -0.000012
    5 10.321901 0.003155 0.187182 -0.229226 0.027369 0.027690
    6 10.295601 0.000000 0.000000 2.999839 0.161550 0.537746
    7 0.252449 -0.450151 0.014884 2.961090 -0.113350 -0.085454
    8 3.323328 0.233761 1.479089 -0.328159 0.269193 1.158042
    9 0.331326 -0.384609 -0.028515 2.751210 -0.062475 0.301804
    10 0.963098 0.000000 0.000000 -0.065193 0.021861 0.735410
    11 0.219801 -0.039763 0.000647 2.771360 0.018767 0.255174
    12 0.682896 0.000002 0.000000 -0.066695 -0.016680 0.166921
    13 0.237805 0.264544 -0.007074 2.776430 0.037665 -0.015667
    14 3.632759 0.059072 0.757512 -0.194073 0.123829 1.009927
    15 0.466810 -0.831947 0.013376 2.881400 0.028647 0.343212
    16 1.500140 0.000000 -0.000003 -0.045818 0.061844 1.217954
    17 0.319986 -0.324402 -0.027586 2.877640 0.022726 0.214012
    18 0.905666 0.000000 0.000001 -0.074965 -0.010829 0.136533
    19 0.492504 -0.086171 -0.084238 2.879510 0.064298 0.261627
    20 3.799519 0.014969 -0.039935 -0.135128 0.027469 0.808861
    21 0.217894 -0.825647 0.038806 3.038690 -0.013998 0.239370
    22 1.774879 -0.000002 0.000001 -0.002481 0.019322 1.515715
    23 -0.011930 -0.409492 0.022487 3.039220 -0.018455 0.224297
    24 1.008837 0.000001 -0.000001 -0.018804 0.000547 0.087069
    25 0.062305 -0.120462 0.017525 3.043570 -0.040149 0.014192
    26 3.773769 0.133240 -0.970558 -0.011448 0.175147 0.034048
    27 0.276640 -0.495263 -0.109455 -3.042850 -0.074739 0.140309
    28 1.433455 -0.000001 0.000002 0.000000 0.000000 1.053598
    29 0.534334 -0.269066 0.018936 -3.047540 -0.084662 0.175451
    30 1.019160 0.000002 -0.000001 0.000000 0.000000 0.433019
    31 0.591927 -0.092812 0.111916 -3.044020 -0.081575 0.092229
    32 1.149530 0.416493 -1.414110 1.637332 0.502658 0.152274
    33 -0.152565 -0.022695 0.475140 0.134276 0.161355 -0.294699
    34 1.263880 0.000000 -0.000001 0.000000 0.000000 0.095331
    35 0.204777 -0.431778 0.089654 0.168587 0.067859 -0.050505
    36 1.188936 0.000000 0.000001 -0.009661 -0.002767 -0.227690
    37 -0.017635 -0.420529 -0.022252 0.227339 0.046996 0.081353
    38 8.771633 -18.573548 -9.587448 -2.800252 -0.211740 -1.923651
    39 -10.722298 -0.506103 -0.017994 1.584990 0.010515 0.041378
    40 -8.912266 -9.991252 -9.673350 -2.115637 -0.317619 -1.074689
    41 0.294731 -0.017813 0.157481 0.029130 0.054919 0.004544
    42 5.740848 0.000000 -0.000001 0.000092 0.000000 -0.000008
    43 10.281296 -0.016083 0.132702 0.000149 0.000000 0.000000
    44 10.295597 0.000001 0.000000 2.638616 -0.277219 0.310214
    45 3.184045 1.206980 0.397122 1.726757 0.024376 1.531556
    46 0.000000 1.663440 1.993458 0.000000 0.000000 0.000000
    47 0.000000 0.079149 6.178666 -0.027841 0.000000 0.000000
    48 0.000002 3.466950 2.698286 3.141590 0.001930 3.141580
    49 0.032274 0.082292 -0.974221 0.000000 0.000000 0.000000
    50 0.283657 -0.262681 -0.016718 3.136930 0.073998 -0.078846
    51 3.323318 0.233760 -1.479091 0.471091 0.106875 1.379072
    52 0.422707 -0.406992 0.168743 -2.735260 0.184776 0.303777
    53 0.963103 0.000001 -0.000001 0.038612 -0.004195 0.700134
    54 0.441121 -0.147523 -0.014119 -2.793600 0.005348 0.279055
    55 0.682898 0.000000 0.000000 0.038160 -0.007314 0.781218
    56 0.382509 0.011353 0.014142 -2.816920 -0.081657 0.157045
    57 3.632760 0.059067 -0.757513 0.326276 0.151995 1.274539
    58 0.489260 -0.525216 0.053914 -3.074870 0.011878 0.210808
    59 1.500140 -0.000002 0.000000 0.027852 -0.039266 1.247666
    60 0.467742 -0.219619 0.031131 -3.081490 -0.013760 0.185349
    61 0.905654 0.000000 0.000000 -0.049220 -0.084558 0.688378
    62 0.503673 -0.044144 -0.005648 -3.101730 -0.045027 0.343288
    63 3.799520 0.014976 0.039936 0.327494 0.278797 1.147669
    64 0.352883 -0.530994 0.013656 3.048800 0.018771 0.168551
    65 1.774880 0.000001 0.000000 0.015544 -0.026837 1.207221
    66 0.123960 -0.267018 -0.045197 3.038230 0.016899 0.163207
    67 1.008841 0.000000 0.000000 0.007382 -0.033013 1.058798
    68 -0.091995 -0.117643 -0.068578 3.035060 0.049848 0.104967
    69 3.773758 0.133240 0.970555 0.009987 0.253119 0.024177
    70 0.266356 -0.315424 0.022796 2.894160 -0.011217 0.140937
    71 1.433460 -0.000001 0.000000 0.021775 -0.008193 0.379603
    72 0.232987 -0.175441 0.051954 2.850500 0.105025 0.006572
    73 1.019161 0.000000 0.000000 -0.061468 0.050146 0.902392
    74 0.199651 -0.182736 -0.019174 2.866800 0.015134 0.022335
    75 1.149521 0.416503 1.414108 -1.701758 0.225080 0.807883
    76 -0.259195 -0.126472 -0.187737 -0.320833 -0.178068 -0.144302
    77 1.263870 0.000000 0.000000 0.000000 0.000000 0.198825
    78 -0.023456 -0.272392 0.128637 -0.377946 -0.139541 -0.070537
    79 1.188940 0.000000 0.000000 0.006450 0.000239 0.052435
    80 -0.027065 -0.282838 0.274405 -0.453086 -0.085008 -0.010295
    81 -8.912266 -9.991252 -9.673350 -1.446079 -0.317701 -1.074710
    82 -10.722400 -0.506063 0.017998 0.014153 -0.011625 0.041372
    83 -2.531010 -20.448295 -3.291838 0.280914 -0.525910 0.481946
  time 28
    0 0.000000 0.000000 0.000000 3.137881 0.003712 -0.000007
    1 0.000000 0.738227 -0.118643 -1.570826 0.000024 1.108718
    2 8.771633 -18.569642 -9.587448 -0.994372 -0.211999 -1.925238
    3 0.237000 -0.019106 -0.353871 -0.031846 -0.060887 0.001610
    4 5.740851 0.000002 0.000000 0.000673 0.000000 0.000000
    5 10.321901 0.003155 0.187182 -0.229226 0.027369 0.027690
    6 10.295601 0.000000 0.000000 3.000641 0.161982 0.538463
    7 0.252449 -0.450151 0.014884 2.961090 -0.113350 -0.085454
    8 3.323328 0.233761 1.479089 -0.327837 0.270713 1.160659
    9 0.331326 -0.384609 -0.028515 2.751210 -0.062475 0.301804
    10 0.963098 0.000000 0.000000 -0.065181 0.021945 0.736231
    11 0.219801 -0.039763 0.000647 2.771360 0.018767 0.255174
    12 0.682896 0.000002 0.000000 -0.066695 -0.016704 0.166418
    13 0.237805 0.264544 -0.007074 2.776430 0.037665 -0.015667
    14 3.632759 0.059072 0.757512 -0.193989 0.124488 1.012830
    15 0.466810 -0.831947 0.013376 2.881400 0.028647 0.343212
    16 1.500140 0.000000 -0.000003 -0.045710 0.062024 1.220658
    17 0.319986 -0.324402 -0.027586 2.877640 0.022726 0.214012
    18 0.905666 0.000000 0.000001 -0.074977 -0.010793 0.137040
    19 0.492504 -0.086171 -0.084238 2.879510 0.064298 0.261627
    20 3.799519 0.014969 -0.039935 -0.135260 0.027889 0.811871
    21 0.217894 -0.825647 0.038806 3.038690 -0.013998 0.239370
    22 1.774879 -0.000002 0.000001 -0.002421 0.019394 1.520033
    23 -0.011930 -0.409492 0.022487 3.039220 -0.018455 0.224297
    24 1.008837 0.000001 -0.000001 -0.018804 0.000583 0.087362
    25 0.062305 -0.120462 0.017525 3.043570 -0.040149 0.014192
    26 3.773769 0.133240 -0.970558 -0.011340 0.175482 0.035187
    27 0.276640 -0.495263 -0.109455 -3.042850 -0.074739 0.140309
    28 1.433455 -0.000001 0.000002 0.000000 0.000000 1.055350
    29 0.534334 -0.269066 0.018936 -3.047540 -0.084662 0.175451
    30 1.019160 0.000002 -0.000001 0.000000 0.000000 0.433858
    31 0.591927 -0.092812 0.111916 -3.044020 -0.081575 0.092229
    32 1.149530 0.416493 -1.414110 1.637320 0.502658 0.152274
    33 -0.152565 -0.022695 0.475140 0.134276 0.161355 -0.294699
    34 1.263880 0.000000 -0.000001 0.000000 0.000000 0.095331
    35 0.204777 -0.431778 0.089654 0.168587 0.067859 -0.050505
    36 1.188936 0.000000 0.000001 -0.009661 -0.002767 -0.227690
    37 -0.017635 -0.420529 -0.022252 0.227339 0.046996 0.081353
    38 8.771633 -18.569642 -9.587448 -2.800252 -0.211957 -1.925153
    39 -10.722298 -0.506103 -0.017994 1.584990 0.010515 0.041378
    40 -8.912266 -9.975626 -9.677256 -2.115382 -0.318207 -1.073867
    41 0.294731 -0.017813 0.157481 0.029130 0.054919 0.004544
    42 5.740848 0.000000 -0.000001 0.000092 0.000000 -0.000008
    43 10.281296 -0.016083 0.132702 0.000149 0.000000 0.000000
    44 10.295597 0.000001 0.000000 2.638422 -0.275329 0.311890
    45 3.184045 1.206980 0.401028 1.726757 0.024376 1.531556
    46 0.000000 1.663440 1.993458 0.000000 0.000000 0.000000
    47 0.000000 0.079149 6.178666 -0.027841 0.000000 0.000000
    48 0.000002 3.466950 2.698286 3.141590 0.001930 3.141580
    49 0.032274 0.082292 -0.974221 0.000000 0.000000 0.000000
    50 0.283657 -0.262681 -0.016718 3.136930 0.073998 -0.078846
    51 3.323318 0.233760 -1.479091 0.471091 0.106875 1.379072
    52 0.422707 -0.406992 0.168743 -2.735260 0.184776 0.303777
    53 0.963103 0.000001 -0.000001 0.038612 -0.004195 0.700134
    54 0.441121 -0.147523 -0.014119 -2.793600 0.005348 0.279055
    55 0.682898 0.000000 0.000000 0.038160 -0.007314 0.781218
    56 0.382509 0.011353 0.014142 -2.816920 -0.081657 0.157045
    57 3.632760 0.059067 -0.757513 0.326276 0.151995 1.274539
    58 0.489260 -0.525216 0.053914 -3.074870 0.011878 0.210808
    59 1.500140 -0.000002 0.000000 0.027852 -0.039266 1.247666
    60 0.467742 -0.219619 0.031131 -3.081490 -0.013760 0.185349
    61 0.905654 0.000000 0.000000 -0.049220 -0.084558 0.688378
    62 0.503673 -0.044144 -0.005648 -3.101730 -0.045027 0.343288
    63 3.799520 0.014976 0.039936 0.327494 0.278797 1.147669
    64 0.352883 -0.530994 0.013656 3.048800 0.018771 0.168551
    65 1.774880 0.000001 0.000000 0.015544 -0.026837 1.207221
    66 0.123960 -0.267018 -0.045197 3.038230 0.016899 0.163207
    67 1.008841 0.000000 0.000000 0.007382 -0.033013 1.058798
    68 -0.091995 -0.117643 -0.068578 3.035060 0.049848 0.104967
    69 3.773758 0.133240 0.970555 0.009987 0.253119 0.024177
    70 0.266356 -0.315424 0.022796 2.894160 -0.011217 0.140937
    71 1.433460 -0.000001 0.000000 0.021775 -0.008193 0.379603
    72 0.232987 -0.175441 0.051954 2.850500 0.105025 0.006572
    73 1.019161 0.000000 0.000000 -0.061468 0.050146 0.902415
    74 0.199651 -0.182736 -0.019174 2.866800 0.015134 0.022335
    75 1.149521 0.416503 1.414108 -1.701758 0.225080 0.807883
    76 -0.259195 -0.126472 -0.187737 -0.320833 -0.178068 -0.144302
    77 1.263870 0.000000 0.000000 0.000000 0.000000 0.198825
    78 -0.023456 -0.272392 0.128637 -0.377946 -0.139541 -0.070537
    79 1.188940 0.000000 0.000000 0.006450 0.000251 0.052447
    80 -0.027065 -0.282838 0.274405 -0.453086 -0.085008 -0.010295
    81 -8.912266 -9.975626 -9.677256 -1.445770 -0.318289 -1.073837
    82 -10.722400 -0.506063 0.017998 0.014153 -0.011625 0.041372
    83 -2.531010 -20.424857 -3.291838 0.280828 -0.526266 0.480422
  time 29
    0 0.000000 0.000000 0.000000 3.137881 0.003712 -0.000007
    1 0.000000 0.765572 -0.126456 -1.570826 0.000024 1.090981
    2 8.767727 -18.569642 -9.595261 -0.994372 -0.212216 -1.926380
    3 0.237000 -0.019106 -0.353871 -0.031846 -0.060887 0.001610
    4 5.740851 0.000002 0.000000 0.000673 0.000000 0.000000
    5 10.321901 0.003155 0.187182 -0.229226 0.027369 0.027690
    6 10.295601 0.000000 0.000000 3.001276 0.162198 0.538961
    7 0.252449 -0.450151 0.014884 2.961090 -0.113350 -0.085454
    8 3.323328 0.233761 1.479089 -0.327500 0.272222 1.163298
    9 0.331326 -0.384609 -0.028515 2.751210 -0.062475 0.301804
    10 0.963098 0.000000 0.000000 -0.065157 0.021993 0.737026
    11 0.219801 -0.039763 0.000647 2.771360 0.018767 0.255174
    12 0.682896 0.000002 0.000000 -0.066671 -0.016740 0.165915
    13 0.237805 0.264544 -0.007074 2.776430 0.037665 -0.015667
    14 3.632759 0.059072 0.757512 -0.193905 0.125160 1.015804
    15 0.466810 -0.831947 0.013376 2.881400 0.028647 0.343212
    16 1.500140 0.000000 -0.000003 -0.045614 0.062240 1.223456
    17 0.319986 -0.324402 -0.027586 2.877640 0.022726 0.214012
    18 0.905666 0.000000 0.000001 -0.074989 -0.010757 0.137547
    19 0.492504 -0.086171 -0.084238 2.879510 0.064298 0.261627
    20 3.799519 0.014969 -0.039935 -0.135356 0.028260 0.814905
    21 0.217894 -0.825647 0.038806 3.038690 -0.013998 0.239370
    22 1.774879 -0.000002 0.000001 -0.002374 0.019466 1.524351
    23 -0.011930 -0.409492 0.022487 3.039220 -0.018455 0.224297
    24 1.008837 0.000001 -0.000001 -0.018804 0.000583 0.087610
    25 0.062305 -0.120462 0.017525 3.043570 -0.040149 0.014192
    26 3.773769 0.133240 -0.970558 -0.011220 0.175878 0.036301
    27 0.276640 -0.495263 -0.109455 -3.042850 -0.074739 0.140309
    28 1.433455 -0.000001 0.000002 0.000000 0.000000 1.057059
    29 0.534334 -0.269066 0.018936 -3.047540 -0.084662 0.175451
    30 1.019160 0.000002 -0.000001 0.000000 0.000000 0.434720
    31 0.591927 -0.092812 0.111916 -3.044020 -0.081575 0.092229
    32 1.149530 0.416493 -1.414110 1.637320 0.502658 0.152274
    33 -0.152565 -0.022695 0.475140 0.134276 0.161355 -0.294699
    34 1.263880 0.000000 -0.000001 0.000000 0.000000 0.095331
    35 0.204777 -0.431778 0.089654 0.168587 0.067859 -0.050505
    36 1.188936 0.000000 0.000001 -0.009661 -0.002767 -0.227690
    37 -0.017635 -0.420529 -0.022252 0.227339 0.046996 0.081353
    38 8.767727 -18.569642 -9.595261 -2.800342 -0.212175 -1.926355
    39 -10.722298 -0.506103 -0.017994 1.584990 0.010515 0.041378
    40 -8.920079 -9.948282 -9.688975 -2.115229 -0.318648 -1.073302
    41 0.294731 -0.017813 0.157481 0.029130 0.054919 0.004544
    42 5.740848 0.000000 -0.000001 0.000092 0.000000 -0.000008
    43 10.281296 -0.016083 0.132702 0.000149 0.000000 0.000000
    44 10.295597 0.000001 0.000000 2.638422 -0.273916 0.313151
    45 3.184045 1.206980 0.401028 1.726735 0.024376 1.531556
    46 0.000000 1.663440 1.993458 0.000000 0.000000 0.000000
    47 0.000000 0.079149 6.178666 -0.027841 0.000000 0.000000
    48 0.000002 3.466950 2.698286 3.141590 0.001930 3.141580
    49 0.032274 0.082292 -0.974221 0.000000 0.000000 0.000000
    50 0.283657 -0.262681 -0.016718 3.136930 0.073998 -0.078846
    51 3.323318 0.233760 -1.479091 0.471091 0.106875 1.379072
    52 0.422707 -0.406992 0.168743 -2.735260 0.184776 0.303777
    53 0.963103 0.000001 -0.000001 0.038612 -0.004195 0.700134
    54 0.441121 -0.147523 -0.014119 -2.793600 0.005348 0.279055
    55 0.682898 0.000000 0.000000 0.038160 -0.007314 0.781218
    56 0.382509 0.011353 0.014142 -2.816920 -0.081657 0.157045
    57 3.632760 0.059067 -0.757513 0.326276 0.151995 1.274539
    58 0.489260 -0.525216 0.053914 -3.074870 0.011878 0.210808
    59 1.500140 -0.000002 0.000000 0.027852 -0.039254 1.247666
    60 0.467742 -0.219619 0.031131 -3.081490 -0.013760 0.185349
    61 0.905654 0.000000 0.000000 -0.049220 -0.084558 0.688378
    62 0.503673 -0.044144 -0.005648 -3.101730 -0.045027 0.343288
    63 3.799520 0.014976 0.039936 0.327494 0.278797 1.147669
    64 0.352883 -0.530994 0.013656 3.048800 0.018771 0.168551
    65 1.774880 0.000001 0.000000 0.015544 -0.026837 1.207221
    66 0.123960 -0.267018 -0.045197 3.038230 0.016899 0.163207
    67 1.008841 0.000000 0.000000 0.007382 -0.033013 1.058798
    68 -0.091995 -0.117643 -0.068578 3.035060 0.049848 0.104967
    69 3.773758 0.133240 0.970555 0.009987 0.253119 0.024177
    70 0.266356 -0.315424 0.022796 2.894160 -0.011217 0.140937
    71 1.433460 -0.000001 0.000000 0.021775 -0.008193 0.379603
    72 0.232987 -0.175441 0.051954 2.850500 0.105025 0.006572
    73 1.019161 0.000000 0.000000 -0.061468 0.050146 0.902415
    74 0.199651 -0.182736 -0.019174 2.866800 0.015134 0.022335
    75 1.149521 0.416503 1.414108 -1.701758 0.225080 0.807883
    76 -0.259195 -0.126472 -0.187737 -0.320833 -0.178068 -0.144302
    77 1.263870 0.000000 0.000000 0.000000 0.000000 0.198825
    78 -0.023456 -0.272392 0.128637 -0.377946 -0.139541 -0.070537
    79 1.188940 0.000000 0.000000 0.006450 0.000251 0.052435
    80 -0.027065 -0.282838 0.274405 -0.453086 -0.085008 -0.010295
    81 -8.920079 -9.948282 -9.688975 -1.445563 -0.318730 -1.073323
    82 -10.722400 -0.506063 0.017998 0.014153 -0.011625 0.041372
    83 -2.538823 -20.405325 -3.295744 0.280714 -0.526464 0.479215
  time 30
    0 0.000000 0.000000 0.000000 3.137881 0.003712 -0.000007
    1 0.000000 0.796823 -0.126456 -1.570826 0.000024 1.073244
    2 8.767727 -18.565735 -9.595261 -0.994302 -0.212469 -1.927282
    3 0.237000 -0.019106 -0.353871 -0.031846 -0.060887 0.001610
    4 5.740851 0.000002 0.000000 0.000673 0.000000 0.000000
    5 10.321901 0.003155 0.187182 -0.229226 0.027369 0.027690
    6 10.295601 0.000000 0.000000 3.001687 0.162384 0.539440
    7 0.252449 -0.450151 0.014884 2.961090 -0.113350 -0.085454
    8 3.323328 0.233761 1.479089 -0.327163 0.273743 1.165938
    9 0.331326 -0.384609 -0.028515 2.751210 -0.062475 0.301804
    10 0.963098 0.000000 0.000000 -0.065145 0.022053 0.737820
    11 0.219801 -0.039763 0.000647 2.771360 0.018767 0.255174
    12 0.682896 0.000002 0.000000 -0.066671 -0.016776 0.165468
    13 0.237805 0.264544 -0.007074 2.776430 0.037665 -0.015667
    14 3.632759 0.059072 0.757512 -0.193809 0.125831 1.018755
    15 0.466810 -0.831947 0.013376 2.881400 0.028647 0.343212
    16 1.500140 0.000000 -0.000003 -0.045519 0.062432 1.226277
    17 0.319986 -0.324402 -0.027586 2.877640 0.022726 0.214012
    18 0.905666 0.000000 0.000001 -0.074989 -0.010721 0.137978
    19 0.492504 -0.086171 -0.084238 2.879510 0.064298 0.261627
    20 3.799519 0.014969 -0.039935 -0.135452 0.028680 0.817990
    21 0.217894 -0.825647 0.038806 3.038690 -0.013998 0.239370
    22 1.774879 -0.000002 0.000001 -0.002314 0.019514 1.528740
    23 -0.011930 -0.409492 0.022487 3.039220 -0.018455 0.224297
    24 1.008837 0.000001 -0.000001 -0.018804 0.000595 0.087903
    25 0.062305 -0.120462 0.017525 3.043570 -0.040149 0.014192
    26 3.773769 0.133240 -0.970558 -0.011113 0.176237 0.037428
    27 0.276640 -0.495263 -0.109455 -3.042850 -0.074739 0.140309
    28 1.433455 -0.000001 0.000002 0.000000 0.000000 1.058797
    29 0.534334 -0.269066 0.018936 -3.047540 -0.084662 0.175451
    30 1.019160 0.000002 -0.000001 0.000000 0.000000 0.435595
    31 0.591927 -0.092812 0.111916 -3.044020 -0.081575 0.092229
    32 1.149530 0.416493 -1.414110 1.637320 0.502658 0.152274
    33 -0.152565 -0.022695 0.475140 0.134276 0.161355 -0.294699
    34 1.263880 0.000000 -0.000001 0.000000 0.000000 0.095331
    35 0.204777 -0.431778 0.089654 0.168587 0.067859 -0.050505
    36 1.188936 0.000000 0.000001 -0.009661 -0.002767 -0.227690
    37 -0.017635 -0.420529 -0.022252 0.227339 0.046996 0.081353
    38 8.767727 -18.565735 -9.595261 -2.800252 -0.212464 -1.927257
    39 -10.722298 -0.506103 -0.017994 1.584990 0.010515 0.041378
    40 -8.927891 -9.936562 -9.696788 -2.115140 -0.318942 -1.072737
    41 0.294731 -0.017813 0.157481 0.029130 0.054919 0.004544
    42 5.740848 0.000000 -0.000001 0.000092 0.000000 -0.000008
    43 10.281296 -0.016083 0.132702 0.000149 0.000000 0.000000
    44 10.295597 0.000001 0.000000 2.638519 -0.272767 0.314017
    45 3.185547 1.208984 0.395264 1.726761 0.024381 1.531556
    46 0.000000 1.663440 1.993458 0.000000 0.000000 0.000000
    47 0.000000 0.079149 6.178666 -0.027841 0.000000 0.000000
    48 0.000002 3.466950 2.698286 -3.141593 0.005167 -3.141593
    49 0.032274 0.082292 -0.974221 0.000000 0.000000 0.000000
    50 0.283657 -0.262681 -0.016718 3.136930 0.073998 -0.078846
    51 3.323318 0.233760 -1.479091 0.471079 0.106875 1.379084
    52 0.422707 -0.406992 0.168743 -2.735260 0.184776 0.303777
    53 0.963103 0.000001 -0.000001 0.038612 -0.004207 0.700147
    54 0.441121 -0.147523 -0.014119 -2.793600 0.005348 0.279055
    55 0.682898 0.000000 0.000000 0.038160 -0.007314 0.781218
    56 0.382509 0.011353 0.014142 -2.816920 -0.081657 0.157045
    57 3.632760 0.059067 -0.757513 0.326256 0.151989 1.274562
    58 0.489260 -0.525216 0.053914 -3.074870 0.011878 0.210808
    59 1.500140 -0.000002 0.000000 0.027884 -0.039270 1.247669
    60 0.467742 -0.219619 0.031131 -3.081490 -0.013760 0.185349
    61 0.905654 0.000000 0.000000 -0.049232 -0.084570 0.688415
    62 0.503673 -0.044144 -0.005648 -3.101730 -0.045027 0.343288
    63 3.799520 0.014976 0.039936 0.327518 0.278809 1.147697
    64 0.352883 -0.530994 0.013656 3.048800 0.018771 0.168551
    65 1.774880 0.000001 0.000000 0.015546 -0.026854 1.207274
    66 0.123960 -0.267018 -0.045197 3.038230 0.016899 0.163207
    67 1.008841 0.000000 0.000000 0.007382 -0.033001 1.058830
    68 -0.091995 -0.117643 -0.068578 3.035060 0.049848 0.104967
    69 3.773758 0.133240 0.970555 0.009999 0.253119 0.024199
    70 0.266356 -0.315424 0.022796 2.894160 -0.011217 0.140937
    71 1.433460 -0.000001 0.000000 0.021781 -0.008209 0.379577
    72 0.232987 -0.175441 0.051954 2.850500 0.105025 0.006572
    73 1.019161 0.000000 0.000000 -0.061492 0.050146 0.902438
    74 0.199651 -0.182736 -0.019174 2.866800 0.015134 0.022335
    75 1.149521 0.416503 1.414108 -1.701746 0.225102 0.807917
    76 -0.259195 -0.126472 -0.187737 -0.320833 -0.178068 -0.144302
    77 1.263870 0.000000 0.000000 0.000000 0.000000 0.198808
    78 -0.023456 -0.272392 0.128637 -0.377946 -0.139541 -0.070537
    79 1.188940 0.000000 0.000000 0.006461 0.000254 0.052438
    80 -0.027065 -0.282838 0.274405 -0.453086 -0.085008 -0.010295
    81 -8.927891 -9.936562 -9.696788 -1.445486 -0.319171 -1.072912
    82 -10.722400 -0.506063 0.017998 0.014153 -0.011625 0.041372
    83 -2.542729 -20.389699 -3.303557 0.280571 -0.526781 0.478326
  time 31
    0 0.000000 0.000000 0.000000 3.137881 0.003712 -0.000007
    1 0.000000 0.820261 -0.134269 -1.570826 0.000024 1.055555
    2 8.767727 -18.565735 -9.595261 -0.994302 -0.212686 -1.927642
    3 0.237000 -0.019106 -0.353871 -0.031846 -0.060887 0.001610
    4 5.740851 0.000002 0.000000 0.000673 0.000000 -0.000012
    5 10.321901 0.003155 0.187182 -0.229226 0.027369 0.027690
    6 10.295601 0.000000 0.000000 3.002116 0.162477 0.539818
    7 0.252449 -0.450151 0.014884 2.961090 -0.113350 -0.085454
    8 3.323328 0.233761 1.479089 -0.326826 0.275264 1.168598
    9 0.331326 -0.384609 -0.028515 2.751210 -0.062475 0.301804
    10 0.963098 0.000000 0.000000 -0.065133 0.022101 0.738642
    11 0.219801 -0.039763 0.000647 2.771360 0.018767 0.255174
    12 0.682896 0.000002 0.000000 -0.066659 -0.016812 0.164965
    13 0.237805 0.264544 -0.007074 2.776430 0.037665 -0.015667
    14 3.632759 0.059072 0.757512 -0.193713 0.126478 1.021681
    15 0.466810 -0.831947 0.013376 2.881400 0.028647 0.343212
    16 1.500140 0.000000 -0.000003 -0.045435 0.062611 1.229168
    17 0.319986 -0.324402 -0.027586 2.877640 0.022726 0.214012
    18 0.905666 0.000000 0.000001 -0.075001 -0.010685 0.138485
    19 0.492504 -0.086171 -0.084238 2.879510 0.064298 0.261627
    20 3.799519 0.014969 -0.039935 -0.135548 0.029063 0.821050
    21 0.217894 -0.825647 0.038806 3.038690 -0.013998 0.239370
    22 1.774879 -0.000002 0.000001 -0.002266 0.019574 1.533058
    23 -0.011930 -0.409492 0.022487 3.039220 -0.018455 0.224297
    24 1.008837 0.000001 -0.000001 -0.018804 0.000595 0.088219
    25 0.062305 -0.120462 0.017525 3.043570 -0.040149 0.014192
    26 3.773769 0.133240 -0.970558 -0.010993 0.176621 0.038542
    27 0.276640 -0.495263 -0.109455 -3.042850 -0.074739 0.140309
    28 1.433455 -0.000001 0.000002 0.000000 0.000000 1.060506
    29 0.534334 -0.269066 0.018936 -3.047540 -0.084662 0.175451
    30 1.019160 0.000002 -0.000001 0.000000 0.000000 0.436470
    31 0.591927 -0.092812 0.111916 -3.044020 -0.081575 0.092229
    32 1.149530 0.416493 -1.414110 1.637320 0.502658 0.152274
    33 -0.152565 -0.022695 0.475140 0.134276 0.161355 -0.294699
    34 1.263880 0.000000 -0.000001 0.000000 0.000000 0.095331
    35 0.204777 -0.431778 0.089654 0.168587 0.067859 -0.050505
    36 1.188936 0.000000 0.000001 -0.009661 -0.002767 -0.227690
    37 -0.017635 -0.420529 -0.022252 0.227339 0.046996 0.081353
    38 8.767727 -18.565735 -9.595261 -2.800252 -0.212753 -1.927617
    39 -10.722298 -0.506103 -0.017994 1.584990 0.010515 0.041378
    40 -8.931798 -9.932656 -9.696788 -2.115013 -0.319181 -1.072583
    41 0.294731 -0.017813 0.157481 0.029130 0.054919 0.004544
    42 5.740848 0.000000 -0.000001 0.000092 0.000000 -0.000008
    43 10.281296 -0.016083 0.132702 0.000149 0.000000 0.000000
    44 10.295597 0.000001 0.000000 2.638616 -0.272167 0.314412
    45 3.185547 1.208984 0.395264 1.726761 0.024381 1.531556
    46 0.000000 1.663440 1.993458 0.000000 0.000000 0.000000
    47 0.000000 0.079149 6.178666 -0.027841 0.000000 0.000000
    48 0.000002 3.466950 2.698286 -3.141593 0.005167 -3.141593
    49 0.032274 0.082292 -0.974221 0.000000 0.000000 0.000000
    50 0.283657 -0.262681 -0.016718 3.136930 0.073998 -0.078846
    51 3.323318 0.233760 -1.479091 0.471079 0.106875 1.379084
    52 0.422707 -0.406992 0.168743 -2.735260 0.184776 0.303777
    53 0.963103 0.000001 -0.000001 0.038612 -0.004207 0.700147
    54 0.441121 -0.147523 -0.014119 -2.793600 0.005348 0.279055
    55 0.682898 0.000000 0.000000 0.038160 -0.007314 0.781218
    56 0.382509 0.011353 0.014142 -2.816920 -0.081657 0.157045
    57 3.632760 0.059067 -0.757513 0.326256 0.151989 1.274562
    58 0.489260 -0.525216 0.053914 -3.074870 0.011878 0.210808
    59 1.500140 -0.000002 0.000000 0.027884 -0.039270 1.247669
    60 0.467742 -0.219619 0.031131 -3.081490 -0.013760 0.185349
    61 0.905654 0.000000 0.000000 -0.049232 -0.084570 0.688415
    62 0.503673 -0.044144 -0.005648 -3.101730 -0.045027 0.343288
    63 3.799520 0.014976 0.039936 0.327518 0.278809 1.147697
    64 0.352883 -0.530994 0.013656 3.048800 0.018771 0.168551
    65 1.774880 0.000001 0.000000 0.015546 -0.026854 1.207274
    66 0.123960 -0.267018 -0.045197 3.038230 0.016899 0.163207
    67 1.008841 0.000000 0.000000 0.007382 -0.033001 1.058830
    68 -0.091995 -0.117643 -0.068578 3.035060 0.049848 0.104967
    69 3.773758 0.133240 0.970555 0.009999 0.253119 0.024199
    70 0.266356 -0.315424 0.022796 2.894160 -0.011217 0.140937
    71 1.433460 -0.000001 0.000000 0.021781 -0.008209 0.379577
    72 0.232987 -0.175441 0.051954 2.850500 0.105025 0.006572
    73 1.019161 0.000000 0.000000 -0.061492 0.050146 0.902438
    74 0.199651 -0.182736 -0.019174 2.866800 0.015134 0.022335
    75 1.149521 0.416503 1.414108 -1.701746 0.225102 0.807917
    76 -0.259195 -0.126472 -0.187737 -0.320833 -0.178068 -0.144302
    77 1.263870 0.000000 0.000000 0.000000 0.000000 0.198808
    78 -0.023456 -0.272392 0.128637 -0.377946 -0.139541 -0.070537
    79 1.188940 0.000000 0.000000 0.006461 0.000254 0.052438
    80 -0.027065 -0.282838 0.274405 -0.453086 -0.085008 -0.010295
    81 -8.931798 -9.932656 -9.696788 -1.445382 -0.319318 -1.072604
    82 -10.722400 -0.506063 0.017998 0.014153 -0.011625 0.041372
    83 -2.546635 -20.385793 -3.303557 0.280371 -0.527058 0.478008
  time 32
    0 0.000000 0.000000 0.000000 3.137881 0.003712 -0.000007
    1 0.000000 0.851512 -0.138175 -1.570826 0.000024 1.037913
    2 8.763821 -18.561829 -9.595261 -0.994232 -0.212939 -1.927883
    3 0.237000 -0.019106 -0.353871 -0.031846 -0.060887 0.001610
    4 5.740851 0.000002 0.000000 0.000673 0.000000 -0.000012
    5 10.321901 0.003155 0.187182 -0.229226 0.027369 0.027690
    6 10.295601 0.000000 0.000000 3.002452 0.162600 0.540237
    7 0.252449 -0.450151 0.014884 2.961090 -0.113350 -0.085454
    8 3.323328 0.233761 1.479089 -0.326533 0.276760 1.171194
    9 0.331326 -0.384609 -0.028515 2.751210 -0.062475 0.301804
    10 0.963098 0.000000 0.000000 -0.065121 0.022149 0.739437
    11 0.219801 -0.039763 0.000647 2.771360 0.018767 0.255174
    12 0.682896 0.000002 0.000000 -0.066671 -0.016836 0.164434
    13 0.237805 0.264544 -0.007074 2.776430 0.037665 -0.015667
    14 3.632759 0.059072 0.757512 -0.193617 0.127101 1.024584
    15 0.466810 -0.831947 0.013376 2.881400 0.028647 0.343212
    16 1.500140 0.000000 -0.000003 -0.045327 0.062791 1.232059
    17 0.319986 -0.324402 -0.027586 2.877640 0.022726 0.214012
    18 0.905666 0.000000 0.000001 -0.075013 -0.010649 0.138941
    19 0.492504 -0.086171 -0.084238 2.879510 0.064298 0.261627
    20 3.799519 0.014969 -0.039935 -0.135631 0.029483 0.824085
    21 0.217894 -0.825647 0.038806 3.038690 -0.013998 0.239370
    22 1.774879 -0.000002 0.000001 -0.002206 0.019622 1.537340
    23 -0.011930 -0.409492 0.022487 3.039220 -0.018455 0.224297
    24 1.008837 0.000001 -0.000001 -0.018804 0.000607 0.088512
    25 0.062305 -0.120462 0.017525 3.043570 -0.040149 0.014192
    26 3.773769 0.133240 -0.970558 -0.010885 0.176980 0.039681
    27 0.276640 -0.495263 -0.109455 -3.042850 -0.074739 0.140309
    28 1.433455 -0.000001 0.000002 0.000000 0.000000 1.062244
    29 0.534334 -0.269066 0.018936 -3.047540 -0.084662 0.175451
    30 1.019160 0.000002 -0.000001 0.000000 0.000000 0.437333
    31 0.591927 -0.092812 0.111916 -3.044020 -0.081575 0.092229
    32 1.149530 0.416493 -1.414110 1.637332 0.502658 0.152274
    33 -0.152565 -0.022695 0.475140 0.134276 0.161355 -0.294699
    34 1.263880 0.000000 -0.000001 0.000000 0.000000 0.095331
    35 0.204777 -0.431778 0.089654 0.168587 0.067859 -0.050505
    36 1.188936 0.000000 0.000001 -0.009661 -0.002767 -0.227690
    37 -0.017635 -0.420529 -0.022252 0.227339 0.046996 0.081353
    38 8.763821 -18.561829 -9.595261 -2.800252 -0.212971 -1.927677
    39 -10.722298 -0.506103 -0.017994 1.584990 0.010515 0.041378
    40 -8.931798 -9.932656 -9.696788 -2.114962 -0.319273 -1.072583
    41 0.294731 -0.017813 0.157481 0.029130 0.054919 0.004544
    42 5.740848 0.000000 -0.000001 0.000092 0.000000 -0.000008
    43 10.281296 -0.016083 0.132702 0.000149 0.000000 0.000000
    44 10.295597 0.000001 0.000000 2.638858 -0.271814 0.314356
    45 3.185547 1.208984 0.395264 1.726761 0.024381 1.531556
    46 0.000000 1.663440 1.993458 0.000000 0.000000 0.000000
    47 0.000000 0.079149 6.178666 -0.027841 0.000000 0.000000
    48 0.000002 3.466950 2.698286 -3.141593 0.005167 -3.141593
    49 0.032274 0.082292 -0.974221 0.000000 0.000000 0.000000
    50 0.283657 -0.262681 -0.016718 3.136930 0.073998 -0.078846
    51 3.323318 0.233760 -1.479091 0.471079 0.106875 1.379084
    52 0.422707 -0.406992 0.168743 -2.735260 0.184776 0.303777
    53 0.963103 0.000001 -0.000001 0.038624 -0.004207 0.700147
    54 0.441121 -0.147523 -0.014119 -2.793600 0.005348 0.279055
    55 0.682898 0.000000 0.000000 0.038160 -0.007314 0.781218
    56 0.382509 0.011353 0.014142 -2.816920 -0.081657 0.157045
    57 3.632760 0.059067 -0.757513 0.326256 0.151989 1.274562
    58 0.489260 -0.525216 0.053914 -3.074870 0.011878 0.210808
    59 1.500140 -0.000002 0.000000 0.027884 -0.039270 1.247669
    60 0.467742 -0.219619 0.031131 -3.081490 -0.013760 0.185349
    61 0.905654 0.000000 0.000000 -0.049232 -0.084570 0.688415
    62 0.503673 -0.044144 -0.005648 -3.101730 -0.045027 0.343288
    63 3.799520 0.014976 0.039936 0.327518 0.278809 1.147697
    64 0.352883 -0.530994 0.013656 3.048800 0.018771 0.168551
    65 1.774880 0.000001 0.000000 0.015546 -0.026854 1.207274
    66 0.123960 -0.267018 -0.045197 3.038230 0.016899 0.163207
    67 1.008841 0.000000 0.000000 0.007382 -0.033001 1.058830
    68 -0.091995 -0.117643 -0.068578 3.035060 0.049848 0.104967
    69 3.773758 0.133240 0.970555 0.009999 0.253119 0.024199
    70 0.266356 -0.315424 0.022796 2.894160 -0.011217 0.140937
    71 1.433460 -0.000001 0.000000 0.021781 -0.008209 0.379577
    72 0.232987 -0.175441 0.051954 2.850500 0.105025 0.006572
    73 1.019161 0.000000 0.000000 -0.061492 0.050146 0.902438
    74 0.199651 -0.182736 -0.019174 2.866800 0.015134 0.022335
    75 1.149521 0.416503 1.414108 -1.701746 0.225102 0.807917
    76 -0.259195 -0.126472 -0.187737 -0.320833 -0.178068 -0.144302
    77 1.263870 0.000000 0.000000 0.000000 0.000000 0.198808
    78 -0.023456 -0.272392 0.128637 -0.377946 -0.139541 -0.070537
    79 1.188940 0.000000 0.000000 0.006461 0.000254 0.052438
    80 -0.027065 -0.282838 0.274405 -0.453086 -0.085008 -0.010295
    81 -8.931798 -9.932656 -9.696788 -1.445357 -0.319373 -1.072604
    82 -10.722400 -0.506063 0.017998 0.014153 -0.011625 0.041372
    83 -2.550542 -20.385793 -3.295744 0.280057 -0.527335 0.477818
  time 33
    0 0.000000 0.000000 0.000000 3.137881 0.003712 -0.000007
    1 0.000000 0.882763 -0.138175 -1.570826 0.000024 1.020464
    2 8.763821 -18.561829 -9.595261 -0.994232 -0.213264 -1.927642
    3 0.237000 -0.019106 -0.353871 -0.031846 -0.060887 0.001610
    4 5.740851 0.000002 0.000000 0.000673 0.000000 0.000000
    5 10.321901 0.003155 0.187182 -0.229226 0.027369 0.027690
    6 10.295601 0.000000 0.000000 3.002788 0.162693 0.540576
    7 0.252449 -0.450151 0.014884 2.961090 -0.113350 -0.085454
    8 3.323328 0.233761 1.479089 -0.326196 0.278244 1.173812
    9 0.331326 -0.384609 -0.028515 2.751210 -0.062475 0.301804
    10 0.963098 0.000000 0.000000 -0.065109 0.022209 0.740205
    11 0.219801 -0.039763 0.000647 2.771360 0.018767 0.255174
    12 0.682896 0.000002 0.000000 -0.066659 -0.016872 0.163930
    13 0.237805 0.264544 -0.007074 2.776430 0.037665 -0.015667
    14 3.632759 0.059072 0.757512 -0.193533 0.127736 1.027464
    15 0.466810 -0.831947 0.013376 2.881400 0.028647 0.343212
    16 1.500140 0.000000 -0.000003 -0.045219 0.063007 1.234857
    17 0.319986 -0.324402 -0.027586 2.877640 0.022726 0.214012
    18 0.905666 0.000000 0.000001 -0.075013 -0.010613 0.139448
    19 0.492504 -0.086171 -0.084238 2.879510 0.064298 0.261627
    20 3.799519 0.014969 -0.039935 -0.135727 0.029866 0.827119
    21 0.217894 -0.825647 0.038806 3.038690 -0.013998 0.239370
    22 1.774879 -0.000002 0.000001 -0.002158 0.019670 1.541551
    23 -0.011930 -0.409492 0.022487 3.039220 -0.018455 0.224297
    24 1.008837 0.000001 -0.000001 -0.018804 0.000607 0.088850
    25 0.062305 -0.120462 0.017525 3.043570 -0.040149 0.014192
    26 3.773769 0.133240 -0.970558 -0.010753 0.177340 0.040784
    27 0.276640 -0.495263 -0.109455 -3.042850 -0.074739 0.140309
    28 1.433455 -0.000001 0.000002 0.000000 0.000000 1.063925
    29 0.534334 -0.269066 0.018936 -3.047540 -0.084662 0.175451
    30 1.019160 0.000002 -0.000001 0.000000 0.000000 0.438196
    31 0.591927 -0.092812 0.111916 -3.044020 -0.081575 0.092229
    32 1.149530 0.416493 -1.414110 1.637320 0.502658 0.152274
    33 -0.152565 -0.022695 0.475140 0.134276 0.161355 -0.294699
    34 1.263880 0.000000 -0.000001 0.000000 0.000000 0.095331
    35 0.204777 -0.431778 0.089654 0.168587 0.067859 -0.050505
    36 1.188936 0.000000 0.000001 -0.009661 -0.002767 -0.227690
    37 -0.017635 -0.420529 -0.022252 0.227339 0.046996 0.081353
    38 8.763821 -18.561829 -9.595261 -2.800185 -0.213296 -1.927617
    39 -10.722298 -0.506103 -0.017994 1.584990 0.010515 0.041378
    40 -8.931798 -9.936562 -9.696788 -2.115013 -0.319236 -1.072583
    41 0.294731 -0.017813 0.157481 0.029130 0.054919 0.004544
    42 5.740848 0.000000 -0.000001 0.000092 0.000000 -0.000008
    43 10.281296 -0.016083 0.132702 0.000149 0.000000 0.000000
    44 10.295597 0.000001 0.000000 2.639246 -0.271867 0.314054
    45 3.185547 1.208984 0.395264 1.726761 0.024381 1.531556
    46 0.000000 1.663440 1.993458 0.000000 0.000000 0.000000
    47 0.000000 0.079149 6.178666 -0.027841 0.000000 0.000000
    48 0.000002 3.466950 2.698286 -3.141593 0.005167 -3.141593
    49 0.032274 0.082292 -0.974221 0.000000 0.000000 0.000000
    50 0.283657 -0.262681 -0.016718 3.136930 0.073998 -0.078846
    51 3.323318 0.233760 -1.479091 0.471079 0.106875 1.379084
    52 0.422707 -0.406992 0.168743 -2.735260 0.184776 0.303777
    53 0.963103 0.000001 -0.000001 0.038612 -0.004207 0.700147
    54 0.441121 -0.147523 -0.014119 -2.793600 0.005348 0.279055
    55 0.682898 0.000000 0.000000 0.038160 -0.007314 0.781218
    56 0.382509 0.011353 0.014142 -2.816920 -0.081657 0.157045
    57 3.632760 0.059067 -0.757513 0.326256 0.151989 1.274562
    58 0.489260 -0.525216 0.053914 -3.074870 0.011878 0.210808
    59 1.500140 -0.000002 0.000000 0.027884 -0.039270 1.247669
    60 0.467742 -0.219619 0.031131 -3.081490 -0.013760 0.185349
    61 0.905654 0.000000 0.000000 -0.049232 -0.084570 0.688415
    62 0.503673 -0.044144 -0.005648 -3.101730 -0.045027 0.343288
    63 3.799520 0.014976 0.039936 0.327518 0.278809 1.147697
    64 0.352883 -0.530994 0.013656 3.048800 0.018771 0.168551
    65 1.774880 0.000001 0.000000 0.015546 -0.026854 1.207274
    66 0.123960 -0.267018 -0.045197 3.038230 0.016899 0.163207
    67 1.008841 0.000000 0.000000 0.007382 -0.033013 1.058862
    68 -0.091995 -0.117643 -0.068578 3.035060 0.049848 0.104967
    69 3.773758 0.133240 0.970555 0.009999 0.253119 0.024199
    70 0.266356 -0.315424 0.022796 2.894160 -0.011217 0.140937
    71 1.433460 -0.000001 0.000000 0.021781 -0.008209 0.379577
    72 0.232987 -0.175441 0.051954 2.850500 0.105025 0.006572
    73 1.019161 0.000000 0.000000 -0.061492 0.050146 0.902438
    74 0.199651 -0.182736 -0.019174 2.866800 0.015134 0.022335
    75 1.149521 0.416503 1.414108 -1.701746 0.225102 0.807917
    76 -0.259195 -0.126472 -0.187737 -0.320833 -0.178068 -0.144302
    77 1.263870 0.000000 0.000000 0.000000 0.000000 0.198808
    78 -0.023456 -0.272392 0.128637 -0.377946 -0.139541 -0.070537
    79 1.188940 0.000000 0.000000 0.006461 0.000254 0.052438
    80 -0.027065 -0.282838 0.274405 -0.453086 -0.085008 -0.010295
    81 -8.931798 -9.936562 -9.696788 -1.445382 -0.319318 -1.072604
    82 -10.722400 -0.506063 0.017998 0.014153 -0.011625 0.041372
    83 -2.550542 -20.389699 -3.295744 0.279914 -0.527612 0.478072
  time 34
    0 0.000000 0.000000 0.000000 3.137881 0.003712 -0.000007
    1 0.000000 0.906201 -0.145988 -1.570826 0.000024 1.002966
    2 8.763821 -18.561829 -9.595261 -0.994209 -0.213662 -1.927342
    3 0.237000 -0.019106 -0.353871 -0.031846 -0.060887 0.001610
    4 5.740851 0.000002 0.000000 0.000673 0.000000 0.000000
    5 10.321901 0.003155 0.187182 -0.229226 0.027369 0.027690
    6 10.295601 0.000000 0.000000 3.003142 0.162755 0.540894
    7 0.252449 -0.450151 0.014884 2.961090 -0.113350 -0.085454
    8 3.323328 0.233761 1.479089 -0.325874 0.279716 1.176365
    9 0.331326 -0.384609 -0.028515 2.751210 -0.062475 0.301804
    10 0.963098 0.000000 0.000000 -0.065097 0.022244 0.741053
    11 0.219801 -0.039763 0.000647 2.771360 0.018767 0.255174
    12 0.682896 0.000002 0.000000 -0.066647 -0.016907 0.163427
    13 0.237805 0.264544 -0.007074 2.776430 0.037665 -0.015667
    14 3.632759 0.059072 0.757512 -0.193462 0.128359 1.030272
    15 0.466810 -0.831947 0.013376 2.881400 0.028647 0.343212
    16 1.500140 0.000000 -0.000003 -0.045087 0.063187 1.237701
    17 0.319986 -0.324402 -0.027586 2.877640 0.022726 0.214012
    18 0.905666 0.000000 0.000001 -0.075025 -0.010577 0.139930
    19 0.492504 -0.086171 -0.084238 2.879510 0.064298 0.261627
    20 3.799519 0.014969 -0.039935 -0.135823 0.030262 0.830080
    21 0.217894 -0.825647 0.038806 3.038690 -0.013998 0.239370
    22 1.774879 -0.000002 0.000001 -0.002110 0.019718 1.545761
    23 -0.011930 -0.409492 0.022487 3.039220 -0.018455 0.224297
    24 1.008837 0.000001 -0.000001 -0.018804 0.000619 0.089143
    25 0.062305 -0.120462 0.017525 3.043570 -0.040149 0.014192
    26 3.773769 0.133240 -0.970558 -0.010633 0.177700 0.041874
    27 0.276640 -0.495263 -0.109455 -3.042850 -0.074739 0.140309
    28 1.433455 -0.000001 0.000002 0.000000 0.000000 1.065563
    29 0.534334 -0.269066 0.018936 -3.047540 -0.084662 0.175451
    30 1.019160 0.000002 -0.000001 0.000000 0.000000 0.439023
    31 0.591927 -0.092812 0.111916 -3.044020 -0.081575 0.092229
    32 1.149530 0.416493 -1.414110 1.637320 0.502658 0.152274
    33 -0.152565 -0.022695 0.475140 0.134276 0.161355 -0.294699
    34 1.263880 0.000000 -0.000001 0.000000 0.000000 0.095331
    35 0.204777 -0.431778 0.089654 0.168587 0.067859 -0.050505
    36 1.188936 0.000000 0.000001 -0.009661 -0.002767 -0.227690
    37 -0.017635 -0.420529 -0.022252 0.227339 0.046996 0.081353
    38 8.763821 -18.561829 -9.595261 -2.800073 -0.213658 -1.927377
    39 -10.722298 -0.506103 -0.017994 1.584990 0.010515 0.041378
    40 -8.927891 -9.940469 -9.692882 -2.115038 -0.319071 -1.072737
    41 0.294731 -0.017813 0.157481 0.029130 0.054919 0.004544
    42 5.740848 0.000000 -0.000001 0.000092 0.000000 -0.000008
    43 10.281296 -0.016083 0.132702 0.000149 0.000000 0.000000
    44 10.295597 0.000001 0.000000 2.639585 -0.272167 0.313377
    45 3.185547 1.208984 0.395264 1.726761 0.024381 1.531556
    46 0.000000 1.663440 1.993458 0.000000 0.000000 0.000000
    47 0.000000 0.079149 6.178666 -0.027841 0.000000 0.000000
    48 0.000002 3.466950 2.698286 -3.141593 0.005167 -3.141593
    49 0.032274 0.082292 -0.974221 0.000000 0.000000 0.000000
    50 0.283657 -0.262681 -0.016718 3.136930 0.073998 -0.078846
    51 3.323318 0.233760 -1.479091 0.471079 0.106875 1.379084
    52 0.422707 -0.406992 0.168743 -2.735260 0.184776 0.303777
    53 0.963103 0.000001 -0.000001 0.038624 -0.004207 0.700147
    54 0.441121 -0.147523 -0.014119 -2.793600 0.005348 0.279055
    55 0.682898 0.000000 0.000000 0.038160 -0.007314 0.781218
    56 0.382509 0.011353 0.014142 -2.816920 -0.081657 0.157045
    57 3.632760 0.059067 -0.757513 0.326256 0.151989 1.274562
    58 0.489260 -0.525216 0.053914 -3.074870 0.011878 0.210808
    59 1.500140 -0.000002 0.000000 0.027884 -0.039270 1.247669
    60 0.467742 -0.219619 0.031131 -3.081490 -0.013760 0.185349
    61 0.905654 0.000000 0.000000 -0.049232 -0.084570 0.688415
    62 0.503673 -0.044144 -0.005648 -3.101730 -0.045027 0.343288
    63 3.799520 0.014976 0.039936 0.327518 0.278809 1.147697
    64 0.352883 -0.530994 0.013656 3.048800 0.018771 0.168551
    65 1.774880 0.000001 0.000000 0.015546 -0.026854 1.207274
    66 0.123960 -0.267018 -0.045197 3.038230 0.016899 0.163207
    67 1.008841 0.000000 0.000000 0.007382 -0.033001 1.058830
    68 -0.091995 -0.117643 -0.068578 3.035060 0.049848 0.104967
    69 3.773758 0.133240 0.970555 0.009999 0.253119 0.024199
    70 0.266356 -0.315424 0.022796 2.894160 -0.011217 0.140937
    71 1.433460 -0.000001 0.000000 0.021781 -0.008209 0.379577
    72 0.232987 -0.175441 0.051954 2.850500 0.105025 0.006572
    73 1.019161 0.000000 0.000000 -0.061492 0.050146 0.902438
    74 0.199651 -0.182736 -0.019174 2.866800 0.015134 0.022335
    75 1.149521 0.416503 1.414108 -1.701746 0.225102 0.807917
    76 -0.259195 -0.126472 -0.187737 -0.320833 -0.178068 -0.144302
    77 1.263870 0.000000 0.000000 0.000000 0.000000 0.198808
    78 -0.023456 -0.272392 0.128637 -0.377946 -0.139541 -0.070537
    79 1.188940 0.000000 0.000000 0.006461 0.000254 0.052438
    80 -0.027065 -0.282838 0.274405 -0.453086 -0.085008 -0.010295
    81 -8.927891 -9.940469 -9.692882 -1.445486 -0.319116 -1.072758
    82 -10.722400 -0.506063 0.017998 0.014153 -0.011625 0.041372
    83 -2.546635 -20.393606 -3.295744 0.279600 -0.527889 0.478580
  time 35
    0 0.000000 0.000000 0.000000 3.137881 0.003712 -0.000007
    1 0.000000 0.937452 -0.149894 -1.570826 0.000024 0.985613
    2 8.763821 -18.561829 -9.595261 -0.994069 -0.213987 -1.926741
    3 0.237000 -0.019106 -0.353871 -0.031846 -0.060887 0.001610
    4 5.740851 0.000002 0.000000 0.000673 0.000000 -0.000012
    5 10.321901 0.003155 0.187182 -0.229226 0.027369 0.027690
    6 10.295601 0.000000 0.000000 3.003441 0.162816 0.541193
    7 0.252449 -0.450151 0.014884 2.961090 -0.113350 -0.085454
    8 3.323328 0.233761 1.479089 -0.325566 0.281151 1.178852
    9 0.331326 -0.384609 -0.028515 2.751210 -0.062475 0.301804
    10 0.963098 0.000000 0.000000 -0.065085 0.022280 0.741795
    11 0.219801 -0.039763 0.000647 2.771360 0.018767 0.255174
    12 0.682896 0.000002 0.000000 -0.066635 -0.016931 0.163008
    13 0.237805 0.264544 -0.007074 2.776430 0.037665 -0.015667
    14 3.632759 0.059072 0.757512 -0.193378 0.128995 1.033056
    15 0.466810 -0.831947 0.013376 2.881400 0.028647 0.343212
    16 1.500140 0.000000 -0.000003 -0.044991 0.063366 1.240475
    17 0.319986 -0.324402 -0.027586 2.877640 0.022726 0.214012
    18 0.905666 0.000000 0.000001 -0.075037 -0.010529 0.140361
    19 0.492504 -0.086171 -0.084238 2.879510 0.064298 0.261627
    20 3.799519 0.014969 -0.039935 -0.135931 0.030609 0.832990
    21 0.217894 -0.825647 0.038806 3.038690 -0.013998 0.239370
    22 1.774879 -0.000002 0.000001 -0.002050 0.019766 1.549865
    23 -0.011930 -0.409492 0.022487 3.039220 -0.018455 0.224297
    24 1.008837 0.000001 -0.000001 -0.018804 0.000619 0.089436
    25 0.062305 -0.120462 0.017525 3.043570 -0.040149 0.014192
    26 3.773769 0.133240 -0.970558 -0.010525 0.178047 0.042965
    27 0.276640 -0.495263 -0.109455 -3.042850 -0.074739 0.140309
    28 1.433455 -0.000001 0.000002 0.000000 0.000000 1.067201
    29 0.534334 -0.269066 0.018936 -3.047540 -0.084662 0.175451
    30 1.019160 0.000002 -0.000001 0.000000 0.000000 0.439862
    31 0.591927 -0.092812 0.111916 -3.044020 -0.081575 0.092229
    32 1.149530 0.416493 -1.414110 1.637320 0.502658 0.152274
    33 -0.152565 -0.022695 0.475140 0.134276 0.161355 -0.294699
    34 1.263880 0.000000 -0.000001 0.000000 0.000000 0.095331
    35 0.204777 -0.431778 0.089654 0.168587 0.067859 -0.050505
    36 1.188936 0.000000 0.000001 -0.009661 -0.002767 -0.227690
    37 -0.017635 -0.420529 -0.022252 0.227339 0.046996 0.081353
    38 8.763821 -18.561829 -9.595261 -2.799983 -0.213984 -1.926656
    39 -10.722298 -0.506103 -0.017994 1.584990 0.010515 0.041378
    40 -8.923985 -9.948282 -9.688975 -2.115089 -0.318795 -1.073045
    41 0.294731 -0.017813 0.157481 0.029130 0.054919 0.004544
    42 5.740848 0.000000 -0.000001 0.000092 0.000000 -0.000008
    43 10.281296 -0.016083 0.132702 0.000149 0.000000 0.000000
    44 10.295597 0.000001 0.000000 2.640118 -0.272767 0.312398
    45 3.185547 1.208984 0.395264 1.726761 0.024381 1.531556
    46 0.000000 1.663440 1.993458 0.000000 0.000000 0.000000
    47 0.000000 0.079149 6.178666 -0.027841 0.000000 0.000000
    48 0.000002 3.466950 2.698286 -3.141593 0.005167 -3.141593
    49 0.032274 0.082292 -0.974221 0.000000 0.000000 0.000000
    50 0.283657 -0.262681 -0.016718 3.136930 0.073998 -0.078846
    51 3.323318 0.233760 -1.479091 0.471079 0.106875 1.379084
    52 0.422707 -0.406992 0.168743 -2.735260 0.184776 0.303777
    53 0.963103 0.000001 -0.000001 0.038612 -0.004207 0.700147
    54 0.441121 -0.147523 -0.014119 -2.793600 0.005348 0.279055
    55 0.682898 0.000000 0.000000 0.038160 -0.007314 0.781218
    56 0.382509 0.011353 0.014142 -2.816920 -0.081657 0.157045
    57 3.632760 0.059067 -0.757513 0.326256 0.151989 1.274562
    58 0.489260 -0.525216 0.053914 -3.074870 0.011878 0.210808
    59 1.500140 -0.000002 0.000000 0.027884 -0.039270 1.247669
    60 0.467742 -0.219619 0.031131 -3.081490 -0.013760 0.185349
    61 0.905654 0.000000 0.000000 -0.049232 -0.084570 0.688415
    62 0.503673 -0.044144 -0.005648 -3.101730 -0.045027 0.343288
    63 3.799520 0.014976 0.039936 0.327518 0.278809 1.147697
    64 0.352883 -0.530994 0.013656 3.048800 0.018771 0.168551
    65 1.774880 0.000001 0.000000 0.015546 -0.026854 1.207274
    66 0.123960 -0.267018 -0.045197 3.038230 0.016899 0.163207
    67 1.008841 0.000000 0.000000 0.007394 -0.033001 1.058830
    68 -0.091995 -0.117643 -0.068578 3.035060 0.049848 0.104967
    69 3.773758 0.133240 0.970555 0.009999 0.253119 0.024199
    70 0.266356 -0.315424 0.022796 2.894160 -0.011217 0.140937
    71 1.433460 -0.000001 0.000000 0.021781 -0.008209 0.379577
    72 0.232987 -0.175441 0.051954 2.850500 0.105025 0.006572
    73 1.019161 0.000000 0.000000 -0.061492 0.050146 0.902438
    74 0.199651 -0.182736 -0.019174 2.866800 0.015134 0.022335
    75 1.149521 0.416503 1.414108 -1.701746 0.225102 0.807917
    76 -0.259195 -0.126472 -0.187737 -0.320833 -0.178068 -0.144302
    77 1.263870 0.000000 0.000000 0.000000 0.000000 0.198808
    78 -0.023456 -0.272392 0.128637 -0.377946 -0.139541 -0.070537
    79 1.188940 0.000000 0.000000 0.006461 0.000254 0.052438
    80 -0.027065 -0.282838 0.274405 -0.453086 -0.085008 -0.010295
    81 -8.923985 -9.948282 -9.688975 -1.445537 -0.318822 -1.073169
    82 -10.722400 -0.506063 0.017998 0.014153 -0.011625 0.041372
    83 -2.546635 -20.405325 -3.291838 0.279343 -0.528087 0.479469
  time 36
    0 0.000000 0.000000 0.000000 3.137881 0.003712 -0.000007
    1 0.000000 0.964797 -0.157707 -1.570826 0.000024 0.968451
    2 8.763821 -18.561829 -9.595261 -0.993976 -0.214276 -1.925779
    3 0.237000 -0.019106 -0.353871 -0.031846 -0.060887 0.001610
    4 5.740851 0.000002 0.000000 0.000673 0.000000 0.000000
    5 10.321901 0.003155 0.187182 -0.229226 0.027369 0.027690
    6 10.295601 0.000000 0.000000 3.003758 0.162847 0.541492
    7 0.252449 -0.450151 0.014884 2.961090 -0.113350 -0.085454
    8 3.323328 0.233761 1.479089 -0.325244 0.282549 1.181254
    9 0.331326 -0.384609 -0.028515 2.751210 -0.062475 0.301804
    10 0.963098 0.000000 0.000000 -0.065073 0.022340 0.742563
    11 0.219801 -0.039763 0.000647 2.771360 0.018767 0.255174
    12 0.682896 0.000002 0.000000 -0.066635 -0.016967 0.162533
    13 0.237805 0.264544 -0.007074 2.776430 0.037665 -0.015667
    14 3.632759 0.059072 0.757512 -0.193294 0.129594 1.035816
    15 0.466810 -0.831947 0.013376 2.881400 0.028647 0.343212
    16 1.500140 0.000000 -0.000003 -0.044883 0.063522 1.243180
    17 0.319986 -0.324402 -0.027586 2.877640 0.022726 0.214012
    18 0.905666 0.000000 0.000001 -0.075037 -0.010493 0.140792
    19 0.492504 -0.086171 -0.084238 2.879510 0.064298 0.261627
    20 3.799519 0.014969 -0.039935 -0.136027 0.031005 0.835876
    21 0.217894 -0.825647 0.038806 3.038690 -0.013998 0.239370
    22 1.774879 -0.000002 0.000001 -0.002014 0.019814 1.553969
    23 -0.011930 -0.409492 0.022487 3.039220 -0.018455 0.224297
    24 1.008837 0.000001 -0.000001 -0.018804 0.000631 0.089752
    25 0.062305 -0.120462 0.017525 3.043570 -0.040149 0.014192
    26 3.773769 0.133240 -0.970558 -0.010417 0.178407 0.043983
    27 0.276640 -0.495263 -0.109455 -3.042850 -0.074739 0.140309
    28 1.433455 -0.000001 0.000002 0.000000 0.000000 1.068796
    29 0.534334 -0.269066 0.018936 -3.047540 -0.084662 0.175451
    30 1.019160 0.000002 -0.000001 0.000000 0.000000 0.440665
    31 0.591927 -0.092812 0.111916 -3.044020 -0.081575 0.092229
    32 1.149530 0.416493 -1.414110 1.637320 0.502658 0.152274
    33 -0.152565 -0.022695 0.475140 0.134276 0.161355 -0.294699
    34 1.263880 0.000000 -0.000001 0.000000 0.000000 0.095331
    35 0.204777 -0.431778 0.089654 0.168587 0.067859 -0.050505
    36 1.188936 0.000000 0.000001 -0.009661 -0.002767 -0.227690
    37 -0.017635 -0.420529 -0.022252 0.227339 0.046996 0.081353
    38 8.763821 -18.561829 -9.595261 -2.799871 -0.214346 -1.925754
    39 -10.722298 -0.506103 -0.017994 1.584990 0.010515 0.041378
    40 -8.920079 -9.963907 -9.685069 -2.115229 -0.318538 -1.073456
    41 0.294731 -0.017813 0.157481 0.029130 0.054919 0.004544
    42 5.740848 0.000000 -0.000001 0.000092 0.000000 -0.000008
    43 10.281296 -0.016083 0.132702 0.000149 0.000000 0.000000
    44 10.295597 0.000001 0.000000 2.640651 -0.273651 0.311156
    45 3.185547 1.208984 0.395264 1.726761 0.024381 1.531556
    46 0.000000 1.663440 1.993458 0.000000 0.000000 0.000000
    47 0.000000 0.079149 6.178666 -0.027841 0.000000 0.000000
    48 0.000002 3.466950 2.698286 -3.141593 0.005167 -3.141593
    49 0.032274 0.082292 -0.974221 0.000000 0.000000 0.000000
    50 0.283657 -0.262681 -0.016718 3.136930 0.073998 -0.078846
    51 3.323318 0.233760 -1.479091 0.471079 0.106875 1.379084
    52 0.422707 -0.406992 0.168743 -2.735260 0.184776 0.303777
    53 0.963103 0.000001 -0.000001 0.038624 -0.004207 0.700147
    54 0.441121 -0.147523 -0.014119 -2.793600 0.005348 0.279055
    55 0.682898 0.000000 0.000000 0.038160 -0.007314 0.781218
    56 0.382509 0.011353 0.014142 -2.816920 -0.081657 0.157045
    57 3.632760 0.059067 -0.757513 0.326256 0.151989 1.274562
    58 0.489260 -0.525216 0.053914 -3.074870 0.011878 0.210808
    59 1.500140 -0.000002 0.000000 0.027884 -0.039270 1.247669
    60 0.467742 -0.219619 0.031131 -3.081490 -0.013760 0.185349
    61 0.905654 0.000000 0.000000 -0.049232 -0.084570 0.688415
    62 0.503673 -0.044144 -0.005648 -3.101730 -0.045027 0.343288
    63 3.799520 0.014976 0.039936 0.327518 0.278809 1.147697
    64 0.352883 -0.530994 0.013656 3.048800 0.018771 0.168551
    65 1.774880 0.000001 0.000000 0.015546 -0.026854 1.207274
    66 0.123960 -0.267018 -0.045197 3.038230 0.016899 0.163207
    67 1.008841 0.000000 0.000000 0.007382 -0.033001 1.058862
    68 -0.091995 -0.117643 -0.068578 3.035060 0.049848 0.104967
    69 3.773758 0.133240 0.970555 0.009999 0.253119 0.024199
    70 0.266356 -0.315424 0.022796 2.894160 -0.011217 0.140937
    71 1.433460 -0.000001 0.000000 0.021781 -0.008209 0.379577
    72 0.232987 -0.175441 0.051954 2.850500 0.105025 0.006572
    73 1.019161 0.000000 0.000000 -0.061492 0.050146 0.902438
    74 0.199651 -0.182736 -0.019174 2.866800 0.015134 0.022335
    75 1.149521 0.416503 1.414108 -1.701746 0.225102 0.807917
    76 -0.259195 -0.126472 -0.187737 -0.320833 -0.178068 -0.144302
    77 1.263870 0.000000 0.000000 0.000000 0.000000 0.198808
    78 -0.023456 -0.272392 0.128637 -0.377946 -0.139541 -0.070537
    79 1.188940 0.000000 0.000000 0.006461 0.000254 0.052438
    80 -0.027065 -0.282838 0.274405 -0.453086 -0.085008 -0.010295
    81 -8.920079 -9.963907 -9.685069 -1.445666 -0.318583 -1.073477
    82 -10.722400 -0.506063 0.017998 0.014153 -0.011625 0.041372
    83 -2.546635 -20.413138 -3.291838 0.278972 -0.528364 0.480485
  time 37
    0 0.000000 0.000000 0.000000 3.137881 0.003712 -0.000007
    1 0.000000 0.988235 -0.157707 -1.570826 0.000024 0.951289
    2 8.763821 -18.565735 -9.595261 -0.993859 -0.214674 -1.924757
    3 0.237000 -0.019106 -0.353871 -0.031846 -0.060887 0.001610
    4 5.740851 0.000002 0.000000 0.000673 0.000000 -0.000012
    5 10.321901 0.003155 0.187182 -0.229226 0.027369 0.027690
    6 10.295601 0.000000 0.000000 3.004038 0.162909 0.541771
    7 0.252449 -0.450151 0.014884 2.961090 -0.113350 -0.085454
    8 3.323328 0.233761 1.479089 -0.324936 0.283935 1.183676
    9 0.331326 -0.384609 -0.028515 2.751210 -0.062475 0.301804
    10 0.963098 0.000000 0.000000 -0.065061 0.022388 0.743252
    11 0.219801 -0.039763 0.000647 2.771360 0.018767 0.255174
    12 0.682896 0.000002 0.000000 -0.066623 -0.017003 0.162113
    13 0.237805 0.264544 -0.007074 2.776430 0.037665 -0.015667
    14 3.632759 0.059072 0.757512 -0.193222 0.130157 1.038481
    15 0.466810 -0.831947 0.013376 2.881400 0.028647 0.343212
    16 1.500140 0.000000 -0.000003 -0.044787 0.063714 1.245861
    17 0.319986 -0.324402 -0.027586 2.877640 0.022726 0.214012
    18 0.905666 0.000000 0.000001 -0.075049 -0.010457 0.141223
    19 0.492504 -0.086171 -0.084238 2.879510 0.064298 0.261627
    20 3.799519 0.014969 -0.039935 -0.136111 0.031352 0.838687
    21 0.217894 -0.825647 0.038806 3.038690 -0.013998 0.239370
    22 1.774879 -0.000002 0.000001 -0.001966 0.019814 1.557858
    23 -0.011930 -0.409492 0.022487 3.039220 -0.018455 0.224297
    24 1.008837 0.000001 -0.000001 -0.018804 0.000631 0.090045
    25 0.062305 -0.120462 0.017525 3.043570 -0.040149 0.014192
    26 3.773769 0.133240 -0.970558 -0.010322 0.178730 0.045014
    27 0.276640 -0.495263 -0.109455 -3.042850 -0.074739 0.140309
    28 1.433455 -0.000001 0.000002 0.000000 0.000000 1.070363
    29 0.534334 -0.269066 0.018936 -3.047540 -0.084662 0.175451
    30 1.019160 0.000002 -0.000001 0.000000 0.000000 0.441444
    31 0.591927 -0.092812 0.111916 -3.044020 -0.081575 0.092229
    32 1.149530 0.416493 -1.414110 1.637320 0.502658 0.152274
    33 -0.152565 -0.022695 0.475140 0.134276 0.161355 -0.294699
    34 1.263880 0.000000 -0.000001 0.000000 0.000000 0.095331
    35 0.204777 -0.431778 0.089654 0.168587 0.067859 -0.050505
    36 1.188936 0.000000 0.000001 -0.009661 -0.002767 -0.227690
    37 -0.017635 -0.420529 -0.022252 0.227339 0.046996 0.081353
    38 8.763821 -18.565735 -9.595261 -2.799804 -0.214708 -1.924672
    39 -10.722298 -0.506103 -0.017994 1.584990 0.010515 0.041378
    40 -8.916172 -9.975626 -9.677256 -2.115421 -0.318152 -1.074021
    41 0.294731 -0.017813 0.157481 0.029130 0.054919 0.004544
    42 5.740848 0.000000 -0.000001 0.000092 0.000000 -0.000008
    43 10.281296 -0.016083 0.132702 0.000149 0.000000 0.000000
    44 10.295597 0.000001 0.000000 2.641232 -0.274746 0.309800
    45 3.185547 1.208984 0.395264 1.726761 0.024381 1.531556
    46 0.000000 1.663440 1.993458 0.000000 0.000000 0.000000
    47 0.000000 0.079149 6.178666 -0.027841 0.000000 0.000000
    48 0.000002 3.466950 2.698286 -3.141593 0.005167 -3.141593
    49 0.032274 0.082292 -0.974221 0.000000 0.000000 0.000000
    50 0.283657 -0.262681 -0.016718 3.136930 0.073998 -0.078846
    51 3.323318 0.233760 -1.479091 0.471079 0.106875 1.379084
    52 0.422707 -0.406992 0.168743 -2.735260 0.184776 0.303777
    53 0.963103 0.000001 -0.000001 0.038624 -0.004207 0.700147
    54 0.441121 -0.147523 -0.014119 -2.793600 0.005348 0.279055
    55 0.682898 0.000000 0.000000 0.038160 -0.007314 0.781218
    56 0.382509 0.011353 0.014142 -2.816920 -0.081657 0.157045
    57 3.632760 0.059067 -0.757513 0.326256 0.151989 1.274562
    58 0.489260 -0.525216 0.053914 -3.074870 0.011878 0.210808
    59 1.500140 -0.000002 0.000000 0.027884 -0.039270 1.247669
    60 0.467742 -0.219619 0.031131 -3.081490 -0.013760 0.185349
    61 0.905654 0.000000 0.000000 -0.049232 -0.084570 0.688415
    62 0.503673 -0.044144 -0.005648 -3.101730 -0.045027 0.343288
    63 3.799520 0.014976 0.039936 0.327518 0.278809 1.147697
    64 0.352883 -0.530994 0.013656 3.048800 0.018771 0.168551
    65 1.774880 0.000001 0.000000 0.015546 -0.026854 1.207274
    66 0.123960 -0.267018 -0.045197 3.038230 0.016899 0.163207
    67 1.008841 0.000000 0.000000 0.007382 -0.033001 1.058830
    68 -0.091995 -0.117643 -0.068578 3.035060 0.049848 0.104967
    69 3.773758 0.133240 0.970555 0.009999 0.253119 0.024199
    70 0.266356 -0.315424 0.022796 2.894160 -0.011217 0.140937
    71 1.433460 -0.000001 0.000000 0.021781 -0.008209 0.379577
    72 0.232987 -0.175441 0.051954 2.850500 0.105025 0.006572
    73 1.019161 0.000000 0.000000 -0.061492 0.050146 0.902438
    74 0.199651 -0.182736 -0.019174 2.866800 0.015134 0.022335
    75 1.149521 0.416503 1.414108 -1.701746 0.225102 0.807917
    76 -0.259195 -0.126472 -0.187737 -0.320833 -0.178068 -0.144302
    77 1.263870 0.000000 0.000000 0.000000 0.000000 0.198808
    78 -0.023456 -0.272392 0.128637 -0.377946 -0.139541 -0.070537
    79 1.188940 0.000000 0.000000 0.006461 0.000254 0.052438
    80 -0.027065 -0.282838 0.274405 -0.453086 -0.085008 -0.010295
    81 -8.916172 -9.975626 -9.677256 -1.445770 -0.318197 -1.074042
    82 -10.722400 -0.506063 0.017998 0.014153 -0.011625 0.041372
    83 -2.542729 -20.432670 -3.284025 0.278772 -0.528562 0.481565
  time 38
    0 0.000000 0.000000 0.000000 3.137881 0.003712 -0.000007
    1 0.000000 1.019486 -0.161613 -1.570826 0.000024 0.934223
    2 8.763821 -18.569642 -9.595261 -0.993789 -0.214999 -1.923616
    3 0.237000 -0.019106 -0.353871 -0.031846 -0.060887 0.001610
    4 5.740851 0.000002 0.000000 0.000673 0.000000 -0.000012
    5 10.321901 0.003155 0.187182 -0.229226 0.027369 0.027690
    6 10.295601 0.000000 0.000000 3.004244 0.163002 0.542030
    7 0.252449 -0.450151 0.014884 2.961090 -0.113350 -0.085454
    8 3.323328 0.233761 1.479089 -0.324643 0.285284 1.186034
    9 0.331326 -0.384609 -0.028515 2.751210 -0.062475 0.301804
    10 0.963098 0.000000 0.000000 -0.065049 0.022436 0.743967
    11 0.219801 -0.039763 0.000647 2.771360 0.018767 0.255174
    12 0.682896 0.000002 0.000000 -0.066623 -0.017027 0.161666
    13 0.237805 0.264544 -0.007074 2.776430 0.037665 -0.015667
    14 3.632759 0.059072 0.757512 -0.193114 0.130708 1.041122
    15 0.466810 -0.831947 0.013376 2.881400 0.028647 0.343212
    16 1.500140 0.000000 -0.000003 -0.044716 0.063894 1.248449
    17 0.319986 -0.324402 -0.027586 2.877640 0.022726 0.214012
    18 0.905666 0.000000 0.000001 -0.075061 -0.010433 0.141654
    19 0.492504 -0.086171 -0.084238 2.879510 0.064298 0.261627
    20 3.799519 0.014969 -0.039935 -0.136195 0.031724 0.841448
    21 0.217894 -0.825647 0.038806 3.038690 -0.013998 0.239370
    22 1.774879 -0.000002 0.000001 -0.001918 0.019849 1.561784
    23 -0.011930 -0.409492 0.022487 3.039220 -0.018455 0.224297
    24 1.008837 0.000001 -0.000001 -0.018804 0.000643 0.090338
    25 0.062305 -0.120462 0.017525 3.043570 -0.040149 0.014192
    26 3.773769 0.133240 -0.970558 -0.010214 0.179078 0.046021
    27 0.276640 -0.495263 -0.109455 -3.042850 -0.074739 0.140309
    28 1.433455 -0.000001 0.000002 0.000000 0.000000 1.071887
    29 0.534334 -0.269066 0.018936 -3.047540 -0.084662 0.175451
    30 1.019160 0.000002 -0.000001 0.000000 0.000000 0.442211
    31 0.591927 -0.092812 0.111916 -3.044020 -0.081575 0.092229
    32 1.149530 0.416493 -1.414110 1.637320 0.502658 0.152274
    33 -0.152565 -0.022695 0.475140 0.134276 0.161355 -0.294699
    34 1.263880 0.000000 -0.000001 0.000000 0.000000 0.095331
    35 0.204777 -0.431778 0.089654 0.168587 0.067859 -0.050505
    36 1.188936 0.000000 0.000001 -0.009661 -0.002767 -0.227690
    37 -0.017635 -0.420529 -0.022252 0.227339 0.046996 0.081353
    38 8.763821 -18.569642 -9.595261 -2.799714 -0.215069 -1.923410
    39 -10.722298 -0.506103 -0.017994 1.584990 0.010515 0.041378
    40 -8.912266 -9.995158 -9.673350 -2.115586 -0.317656 -1.074689
    41 0.294731 -0.017813 0.157481 0.029130 0.054919 0.004544
    42 5.740848 0.000000 -0.000001 0.000092 0.000000 -0.000008
    43 10.281296 -0.016083 0.132702 0.000149 0.000000 0.000000
    44 10.295597 0.000001 0.000000 2.641765 -0.276053 0.308106
    45 3.185547 1.208984 0.395264 1.726761 0.024381 1.531556
    46 0.000000 1.663440 1.993458 0.000000 0.000000 0.000000
    47 0.000000 0.079149 6.178666 -0.027841 0.000000 0.000000
    48 0.000002 3.466950 2.698286 -3.141593 0.005167 -3.141593
    49 0.032274 0.082292 -0.974221 0.000000 0.000000 0.000000
    50 0.283657 -0.262681 -0.016718 3.136930 0.073998 -0.078846
    51 3.323318 0.233760 -1.479091 0.471079 0.106875 1.379084
    52 0.422707 -0.406992 0.168743 -2.735260 0.184776 0.303777
    53 0.963103 0.000001 -0.000001 0.038624 -0.004207 0.700147
    54 0.441121 -0.147523 -0.014119 -2.793600 0.005348 0.279055
    55 0.682898 0.000000 0.000000 0.038160 -0.007314 0.781218
    56 0.382509 0.011353 0.014142 -2.816920 -0.081657 0.157045
    57 3.632760 0.059067 -0.757513 0.326256 0.151989 1.274562
    58 0.489260 -0.525216 0.053914 -3.074870 0.011878 0.210808
    59 1.500140 -0.000002 0.000000 0.027884 -0.039270 1.247669
    60 0.467742 -0.219619 0.031131 -3.081490 -0.013760 0.185349
    61 0.905654 0.000000 0.000000 -0.049232 -0.084570 0.688415
    62 0.503673 -0.044144 -0.005648 -3.101730 -0.045027 0.343288
    63 3.799520 0.014976 0.039936 0.327518 0.278809 1.147697
    64 0.352883 -0.530994 0.013656 3.048800 0.018771 0.168551
    65 1.774880 0.000001 0.000000 0.015546 -0.026854 1.207274
    66 0.123960 -0.267018 -0.045197 3.038230 0.016899 0.163207
    67 1.008841 0.000000 0.000000 0.007382 -0.033001 1.058830
    68 -0.091995 -0.117643 -0.068578 3.035060 0.049848 0.104967
    69 3.773758 0.133240 0.970555 0.009999 0.253119 0.024199
    70 0.266356 -0.315424 0.022796 2.894160 -0.011217 0.140937
    71 1.433460 -0.000001 0.000000 0.021781 -0.008209 0.379577
    72 0.232987 -0.175441 0.051954 2.850500 0.105025 0.006572
    73 1.019161 0.000000 0.000000 -0.061492 0.050146 0.902438
    74 0.199651 -0.182736 -0.019174 2.866800 0.015134 0.022335
    75 1.149521 0.416503 1.414108 -1.701746 0.225102 0.807917
    76 -0.259195 -0.126472 -0.187737 -0.320833 -0.178068 -0.144302
    77 1.263870 0.000000 0.000000 0.000000 0.000000 0.198808
    78 -0.023456 -0.272392 0.128637 -0.377946 -0.139541 -0.070537
    79 1.188940 0.000000 0.000000 0.006461 0.000254 0.052438
    80 -0.027065 -0.282838 0.274405 -0.453086 -0.085008 -0.010295
    81 -8.912266 -9.995158 -9.673350 -1.445950 -0.317701 -1.074710
    82 -10.722400 -0.506063 0.017998 0.014153 -0.011625 0.041372
    83 -2.542729 -20.452201 -3.280119 0.278429 -0.528759 0.482962
  time 39
    0 0.000000 0.000000 0.000000 3.137881 0.003712 -0.000007
    1 0.000000 1.042924 -0.169426 -1.570826 0.000036 0.917157
    2 8.763821 -18.577454 -9.587448 -0.993696 -0.215397 -1.922113
    3 0.237000 -0.019106 -0.353871 -0.031846 -0.060887 0.001610
    4 5.740851 0.000002 0.000000 0.000673 0.000000 -0.000012
    5 10.321901 0.003155 0.187182 -0.229226 0.027369 0.027690
    6 10.295601 0.000000 0.000000 3.004524 0.163064 0.542290
    7 0.252449 -0.450151 0.014884 2.961090 -0.113350 -0.085454
    8 3.323328 0.233761 1.479089 -0.324350 0.286609 1.188392
    9 0.331326 -0.384609 -0.028515 2.751210 -0.062475 0.301804
    10 0.963098 0.000000 0.000000 -0.065037 0.022484 0.744656
    11 0.219801 -0.039763 0.000647 2.771360 0.018767 0.255174
    12 0.682896 0.000002 0.000000 -0.066611 -0.017051 0.161247
    13 0.237805 0.264544 -0.007074 2.776430 0.037665 -0.015667
    14 3.632759 0.059072 0.757512 -0.193042 0.131284 1.043716
    15 0.466810 -0.831947 0.013376 2.881400 0.028647 0.343212
    16 1.500140 0.000000 -0.000003 -0.044632 0.064050 1.250943
    17 0.319986 -0.324402 -0.027586 2.877640 0.022726 0.214012
    18 0.905666 0.000000 0.000001 -0.075061 -0.010397 0.142009
    19 0.492504 -0.086171 -0.084238 2.879510 0.064298 0.261627
    20 3.799519 0.014969 -0.039935 -0.136279 0.032035 0.844110
    21 0.217894 -0.825647 0.038806 3.038690 -0.013998 0.239370
    22 1.774879 -0.000002 0.000001 -0.001882 0.019897 1.565531
    23 -0.011930 -0.409492 0.022487 3.039220 -0.018455 0.224297
    24 1.008837 0.000001 -0.000001 -0.018804 0.000643 0.090631
    25 0.062305 -0.120462 0.017525 3.043570 -0.040149 0.014192
    26 3.773769 0.133240 -0.970558 -0.010106 0.179377 0.046980
    27 0.276640 -0.495263 -0.109455 -3.042850 -0.074739 0.140309
    28 1.433455 -0.000001 0.000002 0.000000 0.000000 1.073411
    29 0.534334 -0.269066 0.018936 -3.047540 -0.084662 0.175451
    30 1.019160 0.000002 -0.000001 0.000000 0.000000 0.442942
    31 0.591927 -0.092812 0.111916 -3.044020 -0.081575 0.092229
    32 1.149530 0.416493 -1.414110 1.637320 0.502658 0.152274
    33 -0.152565 -0.022695 0.475140 0.134276 0.161355 -0.294699
    34 1.263880 0.000000 -0.000001 0.000000 0.000000 0.095331
    35 0.204777 -0.431778 0.089654 0.168587 0.067859 -0.050505
    36 1.188936 0.000000 0.000001 -0.009661 -0.002767 -0.227690
    37 -0.017635 -0.420529 -0.022252 0.227339 0.046996 0.081353
    38 8.763821 -18.577454 -9.587448 -2.799602 -0.215467 -1.922088
    39 -10.722298 -0.506103 -0.017994 1.584990 0.010515 0.041378
    40 -8.904453 -10.010783 -9.657724 -2.115790 -0.317123 -1.075254
    41 0.294731 -0.017813 0.157481 0.029130 0.054919 0.004544
    42 5.740848 0.000000 -0.000001 0.000092 0.000000 -0.000008
    43 10.281296 -0.016083 0.132702 0.000149 0.000000 0.000000
    44 10.295597 0.000001 0.000000 2.642492 -0.277484 0.306280
    45 3.185547 1.208984 0.395264 1.726761 0.024381 1.531556
    46 0.000000 1.663440 1.993458 0.000000 0.000000 0.000000
    47 0.000000 0.079149 6.178666 -0.027841 0.000000 0.000000
    48 0.000002 3.466950 2.698286 -3.141593 0.005167 -3.141593
    49 0.032274 0.082292 -0.974221 0.000000 0.000000 0.000000
    50 0.283657 -0.262681 -0.016718 3.136930 0.073998 -0.078846
    51 3.323318 0.233760 -1.479091 0.471079 0.106875 1.379084
    52 0.422707 -0.406992 0.168743 -2.735260 0.184776 0.303777
    53 0.963103 0.000001 -0.000001 0.038624 -0.004207 0.700147
    54 0.441121 -0.147523 -0.014119 -2.793600 0.005348 0.279055
    55 0.682898 0.000000 0.000000 0.038160 -0.007314 0.781218
    56 0.382509 0.011353 0.014142 -2.816920 -0.081657 0.157045
    57 3.632760 0.059067 -0.757513 0.326256 0.151989 1.274562
    58 0.489260 -0.525216 0.053914 -3.074870 0.011878 0.210808
    59 1.500140 -0.000002 0.000000 0.027884 -0.039270 1.247669
    60 0.467742 -0.219619 0.031131 -3.081490 -0.013760 0.185349
    61 0.905654 0.000000 0.000000 -0.049232 -0.084570 0.688415
    62 0.503673 -0.044144 -0.005648 -3.101730 -0.045027 0.343288
    63 3.799520 0.014976 0.039936 0.327518 0.278809 1.147697
    64 0.352883 -0.530994 0.013656 3.048800 0.018771 0.168551
    65 1.774880 0.000001 0.000000 0.015546 -0.026854 1.207274
    66 0.123960 -0.267018 -0.045197 3.038230 0.016899 0.163207
    67 1.008841 0.000000 0.000000 0.007382 -0.033001 1.058830
    68 -0.091995 -0.117643 -0.068578 3.035060 0.049848 0.104967
    69 3.773758 0.133240 0.970555 0.009999 0.253119 0.024199
    70 0.266356 -0.315424 0.022796 2.894160 -0.011217 0.140937
    71 1.433460 -0.000001 0.000000 0.021781 -0.008209 0.379577
    72 0.232987 -0.175441 0.051954 2.850500 0.105025 0.006572
    73 1.019161 0.000000 0.000000 -0.061492 0.050146 0.902438
    74 0.199651 -0.182736 -0.019174 2.866800 0.015134 0.022335
    75 1.149521 0.416503 1.414108 -1.701746 0.225102 0.807917
    76 -0.259195 -0.126472 -0.187737 -0.320833 -0.178068 -0.144302
    77 1.263870 0.000000 0.000000 0.000000 0.000000 0.198808
    78 -0.023456 -0.272392 0.128637 -0.377946 -0.139541 -0.070537
    79 1.188940 0.000000 0.000000 0.006461 0.000254 0.052438
    80 -0.027065 -0.282838 0.274405 -0.453086 -0.085008 -0.010295
    81 -8.904453 -10.010783 -9.657724 -1.446183 -0.317113 -1.075378
    82 -10.722400 -0.506063 0.017998 0.014153 -0.011625 0.041372
    83 -2.538823 -20.471733 -3.280119 0.278115 -0.529037 0.484423
  time 40
    0 0.000000 0.000000 0.000000 3.137881 0.003712 -0.000007
    1 0.000000 1.074175 -0.169426 -1.570826 0.000036 0.900234
    2 8.767727 -18.585267 -9.583542 -0.993556 -0.215686 -1.920731
    3 0.237000 -0.019106 -0.353871 -0.031846 -0.060887 0.001610
    4 5.740851 0.000002 0.000000 0.000673 0.000000 -0.000012
    5 10.321901 0.003155 0.187182 -0.229226 0.027369 0.027690
    6 10.295601 0.000000 0.000000 3.004804 0.163064 0.542509
    7 0.252449 -0.450151 0.014884 2.961090 -0.113350 -0.085454
    8 3.323328 0.233761 1.479089 -0.324072 0.287872 1.190621
    9 0.331326 -0.384609 -0.028515 2.751210 -0.062475 0.301804
    10 0.963098 0.000000 0.000000 -0.065037 0.022532 0.745292
    11 0.219801 -0.039763 0.000647 2.771360 0.018767 0.255174
    12 0.682896 0.000002 0.000000 -0.066611 -0.017075 0.160883
    13 0.237805 0.264544 -0.007074 2.776430 0.037665 -0.015667
    14 3.632759 0.059072 0.757512 -0.192970 0.131787 1.046143
    15 0.466810 -0.831947 0.013376 2.881400 0.028647 0.343212
    16 1.500140 0.000000 -0.000003 -0.044536 0.064169 1.253368
    17 0.319986 -0.324402 -0.027586 2.877640 0.022726 0.214012
    18 0.905666 0.000000 0.000001 -0.075061 -0.010373 0.142389
    19 0.492504 -0.086171 -0.084238 2.879510 0.064298 0.261627
    20 3.799519 0.014969 -0.039935 -0.136350 0.032371 0.846672
    21 0.217894 -0.825647 0.038806 3.038690 -0.013998 0.239370
    22 1.774879 -0.000002 0.000001 -0.001822 0.019945 1.569278
    23 -0.011930 -0.409492 0.022487 3.039220 -0.018455 0.224297
    24 1.008837 0.000001 -0.000001 -0.018804 0.000655 0.090879
    25 0.062305 -0.120462 0.017525 3.043570 -0.040149 0.014192
    26 3.773769 0.133240 -0.970558 -0.009986 0.179701 0.047914
    27 0.276640 -0.495263 -0.109455 -3.042850 -0.074739 0.140309
    28 1.433455 -0.000001 0.000002 0.000000 0.000000 1.074821
    29 0.534334 -0.269066 0.018936 -3.047540 -0.084662 0.175451
    30 1.019160 0.000002 -0.000001 0.000000 0.000000 0.443649
    31 0.591927 -0.092812 0.111916 -3.044020 -0.081575 0.092229
    32 1.149530 0.416493 -1.414110 1.637320 0.502658 0.152274
    33 -0.152565 -0.022695 0.475140 0.134276 0.161355 -0.294699
    34 1.263880 0.000000 -0.000001 0.000000 0.000000 0.095331
    35 0.204777 -0.431778 0.089654 0.168587 0.067859 -0.050505
    36 1.188936 0.000000 0.000001 -0.009661 -0.002767 -0.227690
    37 -0.017635 -0.420529 -0.022252 0.227339 0.046996 0.081353
    38 8.767727 -18.585267 -9.583542 -2.799400 -0.215793 -1.920646
    39 -10.722298 -0.506103 -0.017994 1.584990 0.010515 0.041378
    40 -8.896640 -10.030315 -9.653818 -2.116020 -0.316498 -1.075973
    41 0.294731 -0.017813 0.157481 0.029130 0.054919 0.004544
    42 5.740848 0.000000 -0.000001 0.000092 0.000000 -0.000008
    43 10.281296 -0.016083 0.132702 0.000149 0.000000 0.000000
    44 10.295597 0.000001 0.000000 2.643170 -0.279056 0.304248
    45 3.185547 1.208984 0.395264 1.726761 0.024381 1.531556
    46 0.000000 1.663440 1.993458 0.000000 0.000000 0.000000
    47 0.000000 0.079149 6.178666 -0.027841 0.000000 0.000000
    48 0.000002 3.466950 2.698286 -3.141593 0.005167 -3.141593
    49 0.032274 0.082292 -0.974221 0.000000 0.000000 0.000000
    50 0.283657 -0.262681 -0.016718 3.136930 0.073998 -0.078846
    51 3.323318 0.233760 -1.479091 0.471079 0.106875 1.379084
    52 0.422707 -0.406992 0.168743 -2.735260 0.184776 0.303777
    53 0.963103 0.000001 -0.000001 0.038612 -0.004207 0.700147
    54 0.441121 -0.147523 -0.014119 -2.793600 0.005348 0.279055
    55 0.682898 0.000000 0.000000 0.038160 -0.007314 0.781218
    56 0.382509 0.011353 0.014142 -2.816920 -0.081657 0.157045
    57 3.632760 0.059067 -0.757513 0.326256 0.151989 1.274562
    58 0.489260 -0.525216 0.053914 -3.074870 0.011878 0.210808
    59 1.500140 -0.000002 0.000000 0.027884 -0.039270 1.247669
    60 0.467742 -0.219619 0.031131 -3.081490 -0.013760 0.185349
    61 0.905654 0.000000 0.000000 -0.049232 -0.084570 0.688415
    62 0.503673 -0.044144 -0.005648 -3.101730 -0.045027 0.343288
    63 3.799520 0.014976 0.039936 0.327518 0.278809 1.147697
    64 0.352883 -0.530994 0.013656 3.048800 0.018771 0.168551
    65 1.774880 0.000001 0.000000 0.015546 -0.026854 1.207274
    66 0.123960 -0.267018 -0.045197 3.038230 0.016899 0.163207
    67 1.008841 0.000000 0.000000 0.007382 -0.033001 1.058830
    68 -0.091995 -0.117643 -0.068578 3.035060 0.049848 0.104967
    69 3.773758 0.133240 0.970555 0.009999 0.253119 0.024199
    70 0.266356 -0.315424 0.022796 2.894160 -0.011217 0.140937
    71 1.433460 -0.000001 0.000000 0.021781 -0.008209 0.379577
    72 0.232987 -0.175441 0.051954 2.850500 0.105025 0.006572
    73 1.019161 0.000000 0.000000 -0.061492 0.050146 0.902438
    74 0.199651 -0.182736 -0.019174 2.866800 0.015134 0.022335
    75 1.149521 0.416503 1.414108 -1.701746 0.225102 0.807917
    76 -0.259195 -0.126472 -0.187737 -0.320833 -0.178068 -0.144302
    77 1.263870 0.000000 0.000000 0.000000 0.000000 0.198808
    78 -0.023456 -0.272392 0.128637 -0.377946 -0.139541 -0.070537
    79 1.188940 0.000000 0.000000 0.006461 0.000254 0.052438
    80 -0.027065 -0.282838 0.274405 -0.453086 -0.085008 -0.010295
    81 -8.900547 -10.030315 -9.653818 -1.446363 -0.316488 -1.076148
    82 -10.722400 -0.506063 0.017998 0.014153 -0.011625 0.041372
    83 -2.534916 -20.491265 -3.272306 0.277743 -0.529195 0.486074
  time 41
    0 0.000000 0.000000 0.000000 3.137881 0.003712 -0.000007
    1 0.000000 1.093707 -0.177239 -1.570826 0.000036 0.883504
    2 8.767727 -18.596986 -9.579636 -0.993463 -0.216084 -1.919168
    3 0.237000 -0.019106 -0.353871 -0.031846 -0.060887 0.001610
    4 5.740851 0.000002 0.000000 0.000673 0.000000 0.000000
    5 10.321901 0.003155 0.187182 -0.229226 0.027369 0.027690
    6 10.295601 0.000000 0.000000 3.005009 0.163125 0.542688
    7 0.252449 -0.450151 0.014884 2.961090 -0.113350 -0.085454
    8 3.323328 0.233761 1.479089 -0.323808 0.289074 1.192762
    9 0.331326 -0.384609 -0.028515 2.751210 -0.062475 0.301804
    10 0.963098 0.000000 0.000000 -0.065025 0.022568 0.745928
    11 0.219801 -0.039763 0.000647 2.771360 0.018767 0.255174
    12 0.682896 0.000002 0.000000 -0.066611 -0.017099 0.160520
    13 0.237805 0.264544 -0.007074 2.776430 0.037665 -0.015667
    14 3.632759 0.059072 0.757512 -0.192910 0.132302 1.048522
    15 0.466810 -0.831947 0.013376 2.881400 0.028647 0.343212
    16 1.500140 0.000000 -0.000003 -0.044452 0.064313 1.255676
    17 0.319986 -0.324402 -0.027586 2.877640 0.022726 0.214012
    18 0.905666 0.000000 0.000001 -0.075061 -0.010349 0.142668
    19 0.492504 -0.086171 -0.084238 2.879510 0.064298 0.261627
    20 3.799519 0.014969 -0.039935 -0.136422 0.032658 0.849134
    21 0.217894 -0.825647 0.038806 3.038690 -0.013998 0.239370
    22 1.774879 -0.000002 0.000001 -0.001762 0.020005 1.572882
    23 -0.011930 -0.409492 0.022487 3.039220 -0.018455 0.224297
    24 1.008837 0.000001 -0.000001 -0.018804 0.000655 0.091172
    25 0.062305 -0.120462 0.017525 3.043570 -0.040149 0.014192
    26 3.773769 0.133240 -0.970558 -0.009902 0.180001 0.048837
    27 0.276640 -0.495263 -0.109455 -3.042850 -0.074739 0.140309
    28 1.433455 -0.000001 0.000002 0.000000 0.000000 1.076260
    29 0.534334 -0.269066 0.018936 -3.047540 -0.084662 0.175451
    30 1.019160 0.000002 -0.000001 0.000000 0.000000 0.444308
    31 0.591927 -0.092812 0.111916 -3.044020 -0.081575 0.092229
    32 1.149530 0.416493 -1.414110 1.637320 0.502658 0.152274
    33 -0.152565 -0.022695 0.475140 0.134276 0.161355 -0.294699
    34 1.263880 0.000000 -0.000001 0.000000 0.000000 0.095331
    35 0.204777 -0.431778 0.089654 0.168587 0.067859 -0.050505
    36 1.188936 0.000000 0.000001 -0.009661 -0.002767 -0.227690
    37 -0.017635 -0.420529 -0.022252 0.227339 0.046996 0.081353
    38 8.767727 -18.596986 -9.579636 -2.799333 -0.216155 -1.919083
    39 -10.722298 -0.506103 -0.017994 1.584990 0.010515 0.041378
    40 -8.892734 -10.053753 -9.642099 -2.116249 -0.315855 -1.076795
    41 0.294731 -0.017813 0.157481 0.029130 0.054919 0.004544
    42 5.740848 0.000000 -0.000001 0.000092 0.000000 -0.000008
    43 10.281296 -0.016083 0.132702 0.000149 0.000000 0.000000
    44 10.295597 0.000001 0.000000 2.643897 -0.280716 0.302121
    45 3.185547 1.208984 0.395264 1.726761 0.024381 1.531556
    46 0.000000 1.663440 1.993458 0.000000 0.000000 0.000000
    47 0.000000 0.079149 6.178666 -0.027841 0.000000 0.000000
    48 0.000002 3.466950 2.698286 -3.141593 0.005167 -3.141593
    49 0.032274 0.082292 -0.974221 0.000000 0.000000 0.000000
    50 0.283657 -0.262681 -0.016718 3.136930 0.073998 -0.078846
    51 3.323318 0.233760 -1.479091 0.471079 0.106875 1.379084
    52 0.422707 -0.406992 0.168743 -2.735260 0.184776 0.303777
    53 0.963103 0.000001 -0.000001 0.038624 -0.004207 0.700147
    54 0.441121 -0.147523 -0.014119 -2.793600 0.005348 0.279055
    55 0.682898 0.000000 0.000000 0.038160 -0.007314 0.781218
    56 0.382509 0.011353 0.014142 -2.816920 -0.081657 0.157045
    57 3.632760 0.059067 -0.757513 0.326256 0.151989 1.274562
    58 0.489260 -0.525216 0.053914 -3.074870 0.011878 0.210808
    59 1.500140 -0.000002 0.000000 0.027884 -0.039270 1.247669
    60 0.467742 -0.219619 0.031131 -3.081490 -0.013760 0.185349
    61 0.905654 0.000000 0.000000 -0.049232 -0.084570 0.688415
    62 0.503673 -0.044144 -0.005648 -3.101730 -0.045027 0.343288
    63 3.799520 0.014976 0.039936 0.327518 0.278809 1.147697
    64 0.352883 -0.530994 0.013656 3.048800 0.018771 0.168551
    65 1.774880 0.000001 0.000000 0.015546 -0.026854 1.207274
    66 0.123960 -0.267018 -0.045197 3.038230 0.016899 0.163207
    67 1.008841 0.000000 0.000000 0.007382 -0.033001 1.058830
    68 -0.091995 -0.117643 -0.068578 3.035060 0.049848 0.104967
    69 3.773758 0.133240 0.970555 0.009999 0.253119 0.024199
    70 0.266356 -0.315424 0.022796 2.894160 -0.011217 0.140937
    71 1.433460 -0.000001 0.000000 0.021781 -0.008209 0.379577
    72 0.232987 -0.175441 0.051954 2.850500 0.105025 0.006572
    73 1.019161 0.000000 0.000000 -0.061492 0.050146 0.902438
    74 0.199651 -0.182736 -0.019174 2.866800 0.015134 0.022335
    75 1.149521 0.416503 1.414108 -1.701746 0.225102 0.807917
    76 -0.259195 -0.126472 -0.187737 -0.320833 -0.178068 -0.144302
    77 1.263870 0.000000 0.000000 0.000000 0.000000 0.198808
    78 -0.023456 -0.272392 0.128637 -0.377946 -0.139541 -0.070537
    79 1.188940 0.000000 0.000000 0.006461 0.000254 0.052438
    80 -0.027065 -0.282838 0.274405 -0.453086 -0.085008 -0.010295
    81 -8.892734 -10.053753 -9.642099 -1.446596 -0.315845 -1.076970
    82 -10.722400 -0.506063 0.017998 0.014153 -0.011625 0.041372
    83 -2.534916 -20.518610 -3.264493 0.277458 -0.529393 0.487789
  time 42
    0 0.000000 0.000000 0.000000 3.137881 0.003712 -0.000007
    1 0.000000 1.124958 -0.181145 -1.570874 0.000036 0.866677
    2 8.767727 -18.608705 -9.571823 -0.993346 -0.216409 -1.917606
    3 0.237000 -0.019106 -0.353871 -0.031846 -0.060887 0.001610
    4 5.740851 0.000002 0.000000 0.000673 0.000000 -0.000012
    5 10.321901 0.003155 0.187182 -0.229226 0.027369 0.027690
    6 10.295601 0.000000 0.000000 3.005289 0.163156 0.542887
    7 0.252449 -0.450151 0.014884 2.961090 -0.113350 -0.085454
    8 3.323328 0.233761 1.479089 -0.323559 0.290227 1.194796
    9 0.331326 -0.384609 -0.028515 2.751210 -0.062475 0.301804
    10 0.963098 0.000000 0.000000 -0.065013 0.022628 0.746590
    11 0.219801 -0.039763 0.000647 2.771360 0.018767 0.255174
    12 0.682896 0.000002 0.000000 -0.066599 -0.017135 0.160241
    13 0.237805 0.264544 -0.007074 2.776430 0.037665 -0.015667
    14 3.632759 0.059072 0.757512 -0.192838 0.132854 1.050831
    15 0.466810 -0.831947 0.013376 2.881400 0.028647 0.343212
    16 1.500140 0.000000 -0.000003 -0.044356 0.064469 1.257961
    17 0.319986 -0.324402 -0.027586 2.877640 0.022726 0.214012
    18 0.905666 0.000000 0.000001 -0.075073 -0.010325 0.142947
    19 0.492504 -0.086171 -0.084238 2.879510 0.064298 0.261627
    20 3.799519 0.014969 -0.039935 -0.136494 0.032970 0.851522
    21 0.217894 -0.825647 0.038806 3.038690 -0.013998 0.239370
    22 1.774879 -0.000002 0.000001 -0.001714 0.020053 1.576272
    23 -0.011930 -0.409492 0.022487 3.039220 -0.018455 0.224297
    24 1.008837 0.000001 -0.000001 -0.018804 0.000667 0.091420
    25 0.062305 -0.120462 0.017525 3.043570 -0.040149 0.014192
    26 3.773769 0.133240 -0.970558 -0.009818 0.180276 0.049712
    27 0.276640 -0.495263 -0.109455 -3.042850 -0.074739 0.140309
    28 1.433455 -0.000001 0.000002 0.000000 0.000000 1.077656
    29 0.534334 -0.269066 0.018936 -3.047540 -0.084662 0.175451
    30 1.019160 0.000002 -0.000001 0.000000 0.000000 0.444979
    31 0.591927 -0.092812 0.111916 -3.044020 -0.081575 0.092229
    32 1.149530 0.416493 -1.414110 1.637320 0.502658 0.152274
    33 -0.152565 -0.022695 0.475140 0.134276 0.161355 -0.294699
    34 1.263880 0.000000 -0.000001 0.000000 0.000000 0.095331
    35 0.204777 -0.431778 0.089654 0.168587 0.067859 -0.050505
    36 1.188936 0.000000 0.000001 -0.009661 -0.002767 -0.227690
    37 -0.017635 -0.420529 -0.022252 0.227339 0.046996 0.081353
    38 8.767727 -18.608705 -9.571823 -2.799221 -0.216481 -1.917521
    39 -10.722298 -0.506103 -0.017994 1.584990 0.010515 0.041378
    40 -8.884921 -10.077192 -9.630380 -2.116479 -0.315157 -1.077668
    41 0.294731 -0.017813 0.157481 0.029130 0.054919 0.004544
    42 5.740848 0.000000 -0.000001 0.000092 0.000000 -0.000008
    43 10.281296 -0.016083 0.132702 0.000149 0.000000 0.000000
    44 10.295597 0.000001 0.000000 2.644575 -0.282412 0.299918
    45 3.185547 1.208984 0.395264 1.726761 0.024381 1.531556
    46 0.000000 1.663440 1.993458 0.000000 0.000000 0.000000
    47 0.000000 0.079149 6.178666 -0.027841 0.000000 0.000000
    48 0.000002 3.466950 2.698286 -3.141593 0.005167 -3.141593
    49 0.032274 0.082292 -0.974221 0.000000 0.000000 0.000000
    50 0.283657 -0.262681 -0.016718 3.136930 0.073998 -0.078846
    51 3.323318 0.233760 -1.479091 0.471079 0.106875 1.379084
    52 0.422707 -0.406992 0.168743 -2.735260 0.184776 0.303777
    53 0.963103 0.000001 -0.000001 0.038624 -0.004207 0.700147
    54 0.441121 -0.147523 -0.014119 -2.793600 0.005348 0.279055
    55 0.682898 0.000000 0.000000 0.038160 -0.007314 0.781218
    56 0.382509 0.011353 0.014142 -2.816920 -0.081657 0.157045
    57 3.632760 0.059067 -0.757513 0.326256 0.151989 1.274562
    58 0.489260 -0.525216 0.053914 -3.074870 0.011878 0.210808
    59 1.500140 -0.000002 0.000000 0.027884 -0.039270 1.247669
    60 0.467742 -0.219619 0.031131 -3.081490 -0.013760 0.185349
    61 0.905654 0.000000 0.000000 -0.049232 -0.084570 0.688415
    62 0.503673 -0.044144 -0.005648 -3.101730 -0.045027 0.343288
    63 3.799520 0.014976 0.039936 0.327518 0.278809 1.147697
    64 0.352883 -0.530994 0.013656 3.048800 0.018771 0.168551
    65 1.774880 0.000001 0.000000 0.015546 -0.026854 1.207274
    66 0.123960 -0.267018 -0.045197 3.038230 0.016899 0.163207
    67 1.008841 0.000000 0.000000 0.007382 -0.033013 1.058830
    68 -0.091995 -0.117643 -0.068578 3.035060 0.049848 0.104967
    69 3.773758 0.133240 0.970555 0.009987 0.253119 0.024199
    70 0.266356 -0.315424 0.022796 2.894160 -0.011217 0.140937
    71 1.433460 -0.000001 0.000000 0.021781 -0.008209 0.379577
    72 0.232987 -0.175441 0.051954 2.850500 0.105025 0.006572
    73 1.019161 0.000000 0.000000 -0.061492 0.050146 0.902438
    74 0.199651 -0.182736 -0.019174 2.866800 0.015134 0.022335
    75 1.149521 0.416503 1.414108 -1.701746 0.225102 0.807917
    76 -0.259195 -0.126472 -0.187737 -0.320833 -0.178068 -0.144302
    77 1.263870 0.000000 0.000000 0.000000 0.000000 0.198808
    78 -0.023456 -0.272392 0.128637 -0.377946 -0.139541 -0.070537
    79 1.188940 0.000000 0.000000 0.006461 0.000254 0.052438
    80 -0.027065 -0.282838 0.274405 -0.453086 -0.085008 -0.010295
    81 -8.884921 -10.077192 -9.630380 -1.446802 -0.315202 -1.077792
    82 -10.722400 -0.506063 0.017998 0.014153 -0.011625 0.041372
    83 -2.531010 -20.542048 -3.260587 0.277144 -0.529591 0.489504
  time 43
    0 0.000000 0.000000 0.000000 3.137881 0.003712 -0.000007
    1 0.000000 1.148396 -0.181145 -1.570874 0.000036 0.850139
    2 8.771633 -18.624331 -9.564010 -0.993183 -0.216807 -1.915863
    3 0.237000 -0.019106 -0.353871 -0.031846 -0.060887 0.001610
    4 5.740851 0.000002 0.000000 0.000673 0.000000 -0.000012
    5 10.321901 0.003155 0.187182 -0.229226 0.027369 0.027690
    6 10.295601 0.000000 0.000000 3.005513 0.163218 0.543107
    7 0.252449 -0.450151 0.014884 2.961090 -0.113350 -0.085454
    8 3.323328 0.233761 1.479089 -0.323310 0.291368 1.196743
    9 0.331326 -0.384609 -0.028515 2.751210 -0.062475 0.301804
    10 0.963098 0.000000 0.000000 -0.065013 0.022688 0.747173
    11 0.219801 -0.039763 0.000647 2.771360 0.018767 0.255174
    12 0.682896 0.000002 0.000000 -0.066599 -0.017135 0.159905
    13 0.237805 0.264544 -0.007074 2.776430 0.037665 -0.015667
    14 3.632759 0.059072 0.757512 -0.192790 0.133369 1.052925
    15 0.466810 -0.831947 0.013376 2.881400 0.028647 0.343212
    16 1.500140 0.000000 -0.000003 -0.044260 0.064613 1.260106
    17 0.319986 -0.324402 -0.027586 2.877640 0.022726 0.214012
    18 0.905666 0.000000 0.000001 -0.075073 -0.010313 0.143200
    19 0.492504 -0.086171 -0.084238 2.879510 0.064298 0.261627
    20 3.799519 0.014969 -0.039935 -0.136578 0.033294 0.853761
    21 0.217894 -0.825647 0.038806 3.038690 -0.013998 0.239370
    22 1.774879 -0.000002 0.000001 -0.001678 0.020113 1.579448
    23 -0.011930 -0.409492 0.022487 3.039220 -0.018455 0.224297
    24 1.008837 0.000001 -0.000001 -0.018804 0.000667 0.091623
    25 0.062305 -0.120462 0.017525 3.043570 -0.040149 0.014192
    26 3.773769 0.133240 -0.970558 -0.009734 0.180576 0.050587
    27 0.276640 -0.495263 -0.109455 -3.042850 -0.074739 0.140309
    28 1.433455 -0.000001 0.000002 0.000000 0.000000 1.078938
    29 0.534334 -0.269066 0.018936 -3.047540 -0.084662 0.175451
    30 1.019160 0.000002 -0.000001 0.000000 0.000000 0.445602
    31 0.591927 -0.092812 0.111916 -3.044020 -0.081575 0.092229
    32 1.149530 0.416493 -1.414110 1.637320 0.502658 0.152274
    33 -0.152565 -0.022695 0.475140 0.134276 0.161355 -0.294699
    34 1.263880 0.000000 -0.000001 0.000000 0.000000 0.095331
    35 0.204777 -0.431778 0.089654 0.168587 0.067859 -0.050505
    36 1.188936 0.000000 0.000001 -0.009661 -0.002767 -0.227690
    37 -0.017635 -0.420529 -0.022252 0.227339 0.046996 0.081353
    38 8.771633 -18.624331 -9.564010 -2.799131 -0.216806 -1.915838
    39 -10.722298 -0.506103 -0.017994 1.584990 0.010515 0.041378
    40 -8.873202 -10.104536 -9.614754 -2.116747 -0.314385 -1.078644
    41 0.294731 -0.017813 0.157481 0.029130 0.054919 0.004544
    42 5.740848 0.000000 -0.000001 0.000092 0.000000 -0.000008
    43 10.281296 -0.016083 0.132702 0.000149 0.000000 0.000000
    44 10.295597 0.000001 0.000000 2.645350 -0.284231 0.297678
    45 3.185547 1.208984 0.395264 1.726761 0.024381 1.531556
    46 0.000000 1.663440 1.993458 0.000000 0.000000 0.000000
    47 0.000000 0.079149 6.178666 -0.027841 0.000000 0.000000
    48 0.000002 3.466950 2.698286 -3.141593 0.005167 -3.141593
    49 0.032274 0.082292 -0.974221 0.000000 0.000000 0.000000
    50 0.283657 -0.262681 -0.016718 3.136930 0.073998 -0.078846
    51 3.323318 0.233760 -1.479091 0.471079 0.106875 1.379084
    52 0.422707 -0.406992 0.168743 -2.735260 0.184776 0.303777
    53 0.963103 0.000001 -0.000001 0.038612 -0.004207 0.700147
    54 0.441121 -0.147523 -0.014119 -2.793600 0.005348 0.279055
    55 0.682898 0.000000 0.000000 0.038160 -0.007314 0.781218
    56 0.382509 0.011353 0.014142 -2.816920 -0.081657 0.157045
    57 3.632760 0.059067 -0.757513 0.326256 0.151989 1.274562
    58 0.489260 -0.525216 0.053914 -3.074870 0.011878 0.210808
    59 1.500140 -0.000002 0.000000 0.027884 -0.039270 1.247669
    60 0.467742 -0.219619 0.031131 -3.081490 -0.013760 0.185349
    61 0.905654 0.000000 0.000000 -0.049232 -0.084570 0.688415
    62 0.503673 -0.044144 -0.005648 -3.101730 -0.045027 0.343288
    63 3.799520 0.014976 0.039936 0.327518 0.278809 1.147697
    64 0.352883 -0.530994 0.013656 3.048800 0.018771 0.168551
    65 1.774880 0.000001 0.000000 0.015546 -0.026854 1.207274
    66 0.123960 -0.267018 -0.045197 3.038230 0.016899 0.163207
    67 1.008841 0.000000 0.000000 0.007382 -0.033013 1.058830
    68 -0.091995 -0.117643 -0.068578 3.035060 0.049848 0.104967
    69 3.773758 0.133240 0.970555 0.009999 0.253119 0.024199
    70 0.266356 -0.315424 0.022796 2.894160 -0.011217 0.140937
    71 1.433460 -0.000001 0.000000 0.021781 -0.008209 0.379577
    72 0.232987 -0.175441 0.051954 2.850500 0.105025 0.006572
    73 1.019161 0.000000 0.000000 -0.061492 0.050146 0.902438
    74 0.199651 -0.182736 -0.019174 2.866800 0.015134 0.022335
    75 1.149521 0.416503 1.414108 -1.701746 0.225102 0.807917
    76 -0.259195 -0.126472 -0.187737 -0.320833 -0.178068 -0.144302
    77 1.263870 0.000000 0.000000 0.000000 0.000000 0.198808
    78 -0.023456 -0.272392 0.128637 -0.377946 -0.139541 -0.070537
    79 1.188940 0.000000 0.000000 0.006461 0.000254 0.052438
    80 -0.027065 -0.282838 0.274405 -0.453086 -0.085008 -0.010295
    81 -8.873202 -10.104536 -9.614754 -1.447060 -0.314430 -1.078614
    82 -10.722400 -0.506063 0.017998 0.014153 -0.011625 0.041372
    83 -2.527104 -20.573299 -3.252774 0.276887 -0.529789 0.491409
  time 44
    0 0.000000 0.000000 0.000000 3.137881 0.003712 -0.000007
    1 0.000000 1.179647 -0.188958 -1.570874 0.000036 0.833648
    2 8.771633 -18.636050 -9.552291 -0.993043 -0.217096 -1.914120
    3 0.237000 -0.019106 -0.353871 -0.031846 -0.060887 0.001610
    4 5.740851 0.000002 0.000000 0.000673 0.000000 -0.000012
    5 10.321901 0.003155 0.187182 -0.229226 0.027369 0.027690
    6 10.295601 0.000000 0.000000 3.005700 0.163311 0.543246
    7 0.252449 -0.450151 0.014884 2.961090 -0.113350 -0.085454
    8 3.323328 0.233761 1.479089 -0.323061 0.292398 1.198625
    9 0.331326 -0.384609 -0.028515 2.751210 -0.062475 0.301804
    10 0.963098 0.000000 0.000000 -0.065001 0.022712 0.747703
    11 0.219801 -0.039763 0.000647 2.771360 0.018767 0.255174
    12 0.682896 0.000002 0.000000 -0.066599 -0.017171 0.159681
    13 0.237805 0.264544 -0.007074 2.776430 0.037665 -0.015667
    14 3.632759 0.059072 0.757512 -0.192718 0.133824 1.054971
    15 0.466810 -0.831947 0.013376 2.881400 0.028647 0.343212
    16 1.500140 0.000000 -0.000003 -0.044188 0.064745 1.262064
    17 0.319986 -0.324402 -0.027586 2.877640 0.022726 0.214012
    18 0.905666 0.000000 0.000001 -0.075073 -0.010289 0.143454
    19 0.492504 -0.086171 -0.084238 2.879510 0.064298 0.261627
    20 3.799519 0.014969 -0.039935 -0.136650 0.033533 0.855901
    21 0.217894 -0.825647 0.038806 3.038690 -0.013998 0.239370
    22 1.774879 -0.000002 0.000001 -0.001642 0.020149 1.582588
    23 -0.011930 -0.409492 0.022487 3.039220 -0.018455 0.224297
    24 1.008837 0.000001 -0.000001 -0.018804 0.000679 0.091871
    25 0.062305 -0.120462 0.017525 3.043570 -0.040149 0.014192
    26 3.773769 0.133240 -0.970558 -0.009650 0.180839 0.051390
    27 0.276640 -0.495263 -0.109455 -3.042850 -0.074739 0.140309
    28 1.433455 -0.000001 0.000002 0.000000 0.000000 1.080091
    29 0.534334 -0.269066 0.018936 -3.047540 -0.084662 0.175451
    30 1.019160 0.000002 -0.000001 0.000000 0.000000 0.446214
    31 0.591927 -0.092812 0.111916 -3.044020 -0.081575 0.092229
    32 1.149530 0.416493 -1.414110 1.637320 0.502658 0.152274
    33 -0.152565 -0.022695 0.475140 0.134276 0.161355 -0.294699
    34 1.263880 0.000000 -0.000001 0.000000 0.000000 0.095331
    35 0.204777 -0.431778 0.089654 0.168587 0.067859 -0.050505
    36 1.188936 0.000000 0.000001 -0.009661 -0.002767 -0.227690
    37 -0.017635 -0.420529 -0.022252 0.227339 0.046996 0.081353
    38 8.771633 -18.636050 -9.552291 -2.799019 -0.217132 -1.914095
    39 -10.722298 -0.506103 -0.017994 1.584990 0.010515 0.041378
    40 -8.865389 -10.131881 -9.599129 -2.116963 -0.313632 -1.079569
    41 0.294731 -0.017813 0.157481 0.029130 0.054919 0.004544
    42 5.740848 0.000000 -0.000001 0.000092 0.000000 -0.000008
    43 10.281296 -0.016083 0.132702 0.000149 0.000000 0.000000
    44 10.295597 0.000001 0.000000 2.646077 -0.286086 0.295326
    45 3.185547 1.208984 0.395264 1.726761 0.024381 1.531556
    46 0.000000 1.663440 1.993458 0.000000 0.000000 0.000000
    47 0.000000 0.079149 6.178666 -0.027841 0.000000 0.000000
    48 0.000002 3.466950 2.698286 -3.141593 0.005167 -3.141593
    49 0.032274 0.082292 -0.974221 0.000000 0.000000 0.000000
    50 0.283657 -0.262681 -0.016718 3.136930 0.073998 -0.078846
    51 3.323318 0.233760 -1.479091 0.471079 0.106875 1.379084
    52 0.422707 -0.406992 0.168743 -2.735260 0.184776 0.303777
    53 0.963103 0.000001 -0.000001 0.038612 -0.004207 0.700147
    54 0.441121 -0.147523 -0.014119 -2.793600 0.005348 0.279055
    55 0.682898 0.000000 0.000000 0.038160 -0.007314 0.781218
    56 0.382509 0.011353 0.014142 -2.816920 -0.081657 0.157045
    57 3.632760 0.059067 -0.757513 0.326256 0.151989 1.274562
    58 0.489260 -0.525216 0.053914 -3.074870 0.011878 0.210808
    59 1.500140 -0.000002 0.000000 0.027884 -0.039270 1.247669
    60 0.467742 -0.219619 0.031131 -3.081490 -0.013760 0.185349
    61 0.905654 0.000000 0.000000 -0.049232 -0.084570 0.688415
    62 0.503673 -0.044144 -0.005648 -3.101730 -0.045027 0.343288
    63 3.799520 0.014976 0.039936 0.327518 0.278809 1.147697
    64 0.352883 -0.530994 0.013656 3.048800 0.018771 0.168551
    65 1.774880 0.000001 0.000000 0.015546 -0.026854 1.207274
    66 0.123960 -0.267018 -0.045197 3.038230 0.016899 0.163207
    67 1.008841 0.000000 0.000000 0.007382 -0.033001 1.058830
    68 -0.091995 -0.117643 -0.068578 3.035060 0.049848 0.104967
    69 3.773758 0.133240 0.970555 0.009999 0.253119 0.024199
    70 0.266356 -0.315424 0.022796 2.894160 -0.011217 0.140937
    71 1.433460 -0.000001 0.000000 0.021781 -0.008209 0.379577
    72 0.232987 -0.175441 0.051954 2.850500 0.105025 0.006572
    73 1.019161 0.000000 0.000000 -0.061492 0.050146 0.902438
    74 0.199651 -0.182736 -0.019174 2.866800 0.015134 0.022335
    75 1.149521 0.416503 1.414108 -1.701746 0.225102 0.807917
    76 -0.259195 -0.126472 -0.187737 -0.320833 -0.178068 -0.144302
    77 1.263870 0.000000 0.000000 0.000000 0.000000 0.198808
    78 -0.023456 -0.272392 0.128637 -0.377946 -0.139541 -0.070537
    79 1.188940 0.000000 0.000000 0.006461 0.000254 0.052438
    80 -0.027065 -0.282838 0.274405 -0.453086 -0.085008 -0.010295
    81 -8.865389 -10.131881 -9.599129 -1.447344 -0.313677 -1.079487
    82 -10.722400 -0.506063 0.017998 0.014153 -0.011625 0.041372
    83 -2.523197 -20.604550 -3.248868 0.276630 -0.529947 0.493187
  time 45
    0 0.000000 0.000000 0.000000 3.137881 0.003712 -0.000007
    1 0.000000 1.203085 -0.192864 -1.570874 0.000036 0.817109
    2 8.775540 -18.647769 -9.548385 -0.992950 -0.217385 -1.912377
    3 0.237000 -0.019106 -0.353871 -0.031846 -0.060887 0.001610
    4 5.740851 0.000002 0.000000 0.000673 0.000000 0.000000
    5 10.321901 0.003155 0.187182 -0.229226 0.027369 0.027690
    6 10.295601 0.000000 0.000000 3.005924 0.163342 0.543386
    7 0.252449 -0.450151 0.014884 2.961090 -0.113350 -0.085454
    8 3.323328 0.233761 1.479089 -0.322856 0.293379 1.200377
    9 0.331326 -0.384609 -0.028515 2.751210 -0.062475 0.301804
    10 0.963098 0.000000 0.000000 -0.065001 0.022760 0.748285
    11 0.219801 -0.039763 0.000647 2.771360 0.018767 0.255174
    12 0.682896 0.000002 0.000000 -0.066599 -0.017183 0.159430
    13 0.237805 0.264544 -0.007074 2.776430 0.037665 -0.015667
    14 3.632759 0.059072 0.757512 -0.192659 0.134292 1.056970
    15 0.466810 -0.831947 0.013376 2.881400 0.028647 0.343212
    16 1.500140 0.000000 -0.000003 -0.044116 0.064865 1.263999
    17 0.319986 -0.324402 -0.027586 2.877640 0.022726 0.214012
    18 0.905666 0.000000 0.000001 -0.075085 -0.010277 0.143606
    19 0.492504 -0.086171 -0.084238 2.879510 0.064298 0.261627
    20 3.799519 0.014969 -0.039935 -0.136722 0.033797 0.857940
    21 0.217894 -0.825647 0.038806 3.038690 -0.013998 0.239370
    22 1.774879 -0.000002 0.000001 -0.001619 0.020209 1.585407
    23 -0.011930 -0.409492 0.022487 3.039220 -0.018455 0.224297
    24 1.008837 0.000001 -0.000001 -0.018804 0.000679 0.092029
    25 0.062305 -0.120462 0.017525 3.043570 -0.040149 0.014192
    26 3.773769 0.133240 -0.970558 -0.009579 0.181079 0.052157
    27 0.276640 -0.495263 -0.109455 -3.042850 -0.074739 0.140309
    28 1.433455 -0.000001 0.000002 0.000000 0.000000 1.081188
    29 0.534334 -0.269066 0.018936 -3.047540 -0.084662 0.175451
    30 1.019160 0.000002 -0.000001 0.000000 0.000000 0.446801
    31 0.591927 -0.092812 0.111916 -3.044020 -0.081575 0.092229
    32 1.149530 0.416493 -1.414110 1.637320 0.502658 0.152274
    33 -0.152565 -0.022695 0.475140 0.134276 0.161355 -0.294699
    34 1.263880 0.000000 -0.000001 0.000000 0.000000 0.095331
    35 0.204777 -0.431778 0.089654 0.168587 0.067859 -0.050505
    36 1.188936 0.000000 0.000001 -0.009661 -0.002767 -0.227690
    37 -0.017635 -0.420529 -0.022252 0.227339 0.046996 0.081353
    38 8.775540 -18.647769 -9.548385 -2.798929 -0.217458 -1.912292
    39 -10.722298 -0.506103 -0.017994 1.584990 0.010515 0.041378
    40 -8.857577 -10.159225 -9.591316 -2.117256 -0.312860 -1.080442
    41 0.294731 -0.017813 0.157481 0.029130 0.054919 0.004544
    42 5.740848 0.000000 -0.000001 0.000092 0.000000 -0.000008
    43 10.281296 -0.016083 0.132702 0.000149 0.000000 0.000000
    44 10.295597 0.000001 0.000000 2.646852 -0.287958 0.292973
    45 3.185547 1.208984 0.395264 1.726761 0.024381 1.531556
    46 0.000000 1.663440 1.993458 0.000000 0.000000 0.000000
    47 0.000000 0.079149 6.178666 -0.027841 0.000000 0.000000
    48 0.000002 3.466950 2.698286 -3.141593 0.005167 -3.141593
    49 0.032274 0.082292 -0.974221 0.000000 0.000000 0.000000
    50 0.283657 -0.262681 -0.016718 3.136930 0.073998 -0.078846
    51 3.323318 0.233760 -1.479091 0.471079 0.106875 1.379084
    52 0.422707 -0.406992 0.168743 -2.735260 0.184776 0.303777
    53 0.963103 0.000001 -0.000001 0.038624 -0.004207 0.700147
    54 0.441121 -0.147523 -0.014119 -2.793600 0.005348 0.279055
    55 0.682898 0.000000 0.000000 0.038160 -0.007314 0.781218
    56 0.382509 0.011353 0.014142 -2.816920 -0.081657 0.157045
    57 3.632760 0.059067 -0.757513 0.326256 0.151989 1.274562
    58 0.489260 -0.525216 0.053914 -3.074870 0.011878 0.210808
    59 1.500140 -0.000002 0.000000 0.027884 -0.039270 1.247669
    60 0.467742 -0.219619 0.031131 -3.081490 -0.013760 0.185349
    61 0.905654 0.000000 0.000000 -0.049232 -0.084570 0.688415
    62 0.503673 -0.044144 -0.005648 -3.101730 -0.045027 0.343288
    63 3.799520 0.014976 0.039936 0.327518 0.278809 1.147697
    64 0.352883 -0.530994 0.013656 3.048800 0.018771 0.168551
    65 1.774880 0.000001 0.000000 0.015546 -0.026854 1.207274
    66 0.123960 -0.267018 -0.045197 3.038230 0.016899 0.163207
    67 1.008841 0.000000 0.000000 0.007382 -0.033001 1.058830
    68 -0.091995 -0.117643 -0.068578 3.035060 0.049848 0.104967
    69 3.773758 0.133240 0.970555 0.009999 0.253119 0.024199
    70 0.266356 -0.315424 0.022796 2.894160 -0.011217 0.140937
    71 1.433460 -0.000001 0.000000 0.021781 -0.008209 0.379577
    72 0.232987 -0.175441 0.051954 2.850500 0.105025 0.006572
    73 1.019161 0.000000 0.000000 -0.061492 0.050146 0.902438
    74 0.199651 -0.182736 -0.019174 2.866800 0.015134 0.022335
    75 1.149521 0.416503 1.414108 -1.701746 0.225102 0.807917
    76 -0.259195 -0.126472 -0.187737 -0.320833 -0.178068 -0.144302
    77 1.263870 0.000000 0.000000 0.000000 0.000000 0.198808
    78 -0.023456 -0.272392 0.128637 -0.377946 -0.139541 -0.070537
    79 1.188940 0.000000 0.000000 0.006461 0.000254 0.052438
    80 -0.027065 -0.282838 0.274405 -0.453086 -0.085008 -0.010295
    81 -8.857577 -10.159225 -9.591316 -1.447602 -0.312905 -1.080412
    82 -10.722400 -0.506063 0.017998 0.014153 -0.011625 0.041372
    83 -2.515384 -20.635801 -3.241055 0.276287 -0.530066 0.495029
  time 46
    0 0.000000 0.000000 0.000000 3.137881 0.003712 -0.000007
    1 0.000000 1.230430 -0.200677 -1.570874 0.000036 0.800762
    2 8.775540 -18.667301 -9.540572 -0.992857 -0.217711 -1.910634
    3 0.237000 -0.019106 -0.353871 -0.031846 -0.060887 0.001610
    4 5.740851 0.000002 0.000000 0.000673 0.000000 -0.000012
    5 10.321901 0.003155 0.187182 -0.229226 0.027369 0.027690
    6 10.295601 0.000000 0.000000 3.006129 0.163404 0.543505
    7 0.252449 -0.450151 0.014884 2.961090 -0.113350 -0.085454
    8 3.323328 0.233761 1.479089 -0.322636 0.294299 1.201956
    9 0.331326 -0.384609 -0.028515 2.751210 -0.062475 0.301804
    10 0.963098 0.000000 0.000000 -0.064989 0.022808 0.748789
    11 0.219801 -0.039763 0.000647 2.771360 0.018767 0.255174
    12 0.682896 0.000002 0.000000 -0.066587 -0.017195 0.159178
    13 0.237805 0.264544 -0.007074 2.776430 0.037665 -0.015667
    14 3.632759 0.059072 0.757512 -0.192611 0.134663 1.058731
    15 0.466810 -0.831947 0.013376 2.881400 0.028647 0.343212
    16 1.500140 0.000000 -0.000003 -0.044056 0.064984 1.265818
    17 0.319986 -0.324402 -0.027586 2.877640 0.022726 0.214012
    18 0.905666 0.000000 0.000001 -0.075085 -0.010265 0.143758
    19 0.492504 -0.086171 -0.084238 2.879510 0.064298 0.261627
    20 3.799519 0.014969 -0.039935 -0.136782 0.034025 0.859806
    21 0.217894 -0.825647 0.038806 3.038690 -0.013998 0.239370
    22 1.774879 -0.000002 0.000001 -0.001595 0.020209 1.588119
    23 -0.011930 -0.409492 0.022487 3.039220 -0.018455 0.224297
    24 1.008837 0.000001 -0.000001 -0.018804 0.000679 0.092231
    25 0.062305 -0.120462 0.017525 3.043570 -0.040149 0.014192
    26 3.773769 0.133240 -0.970558 -0.009519 0.181343 0.052840
    27 0.276640 -0.495263 -0.109455 -3.042850 -0.074739 0.140309
    28 1.433455 -0.000001 0.000002 0.000000 0.000000 1.082271
    29 0.534334 -0.269066 0.018936 -3.047540 -0.084662 0.175451
    30 1.019160 0.000002 -0.000001 0.000000 0.000000 0.447340
    31 0.591927 -0.092812 0.111916 -3.044020 -0.081575 0.092229
    32 1.149530 0.416493 -1.414110 1.637320 0.502658 0.152274
    33 -0.152565 -0.022695 0.475140 0.134276 0.161355 -0.294699
    34 1.263880 0.000000 -0.000001 0.000000 0.000000 0.095331
    35 0.204777 -0.431778 0.089654 0.168587 0.067859 -0.050505
    36 1.188936 0.000000 0.000001 -0.009661 -0.002767 -0.227690
    37 -0.017635 -0.420529 -0.022252 0.227339 0.046996 0.081353
    38 8.775540 -18.667301 -9.540572 -2.798817 -0.217711 -1.910609
    39 -10.722298 -0.506103 -0.017994 1.584990 0.010515 0.041378
    40 -8.849764 -10.186570 -9.579597 -2.117524 -0.312107 -1.081315
    41 0.294731 -0.017813 0.157481 0.029130 0.054919 0.004544
    42 5.740848 0.000000 -0.000001 0.000092 0.000000 -0.000008
    43 10.281296 -0.016083 0.132702 0.000149 0.000000 0.000000
    44 10.295597 0.000001 0.000000 2.647579 -0.289813 0.290639
    45 3.185547 1.208984 0.395264 1.726761 0.024381 1.531556
    46 0.000000 1.663440 1.993458 0.000000 0.000000 0.000000
    47 0.000000 0.079149 6.178666 -0.027841 0.000000 0.000000
    48 0.000002 3.466950 2.698286 -3.141593 0.005167 -3.141593
    49 0.032274 0.082292 -0.974221 0.000000 0.000000 0.000000
    50 0.283657 -0.262681 -0.016718 3.136930 0.073998 -0.078846
    51 3.323318 0.233760 -1.479091 0.471079 0.106875 1.379084
    52 0.422707 -0.406992 0.168743 -2.735260 0.184776 0.303777
    53 0.963103 0.000001 -0.000001 0.038612 -0.004207 0.700147
    54 0.441121 -0.147523 -0.014119 -2.793600 0.005348 0.279055
    55 0.682898 0.000000 0.000000 0.038160 -0.007314 0.781218
    56 0.382509 0.011353 0.014142 -2.816920 -0.081657 0.157045
    57 3.632760 0.059067 -0.757513 0.326256 0.151989 1.274562
    58 0.489260 -0.525216 0.053914 -3.074870 0.011878 0.210808
    59 1.500140 -0.000002 0.000000 0.027884 -0.039270 1.247669
    60 0.467742 -0.219619 0.031131 -3.081490 -0.013760 0.185349
    61 0.905654 0.000000 0.000000 -0.049232 -0.084570 0.688415
    62 0.503673 -0.044144 -0.005648 -3.101730 -0.045027 0.343288
    63 3.799520 0.014976 0.039936 0.327518 0.278809 1.147697
    64 0.352883 -0.530994 0.013656 3.048800 0.018771 0.168551
    65 1.774880 0.000001 0.000000 0.015546 -0.026854 1.207274
    66 0.123960 -0.267018 -0.045197 3.038230 0.016899 0.163207
    67 1.008841 0.000000 0.000000 0.007382 -0.033001 1.058830
    68 -0.091995 -0.117643 -0.068578 3.035060 0.049848 0.104967
    69 3.773758 0.133240 0.970555 0.009999 0.253119 0.024199
    70 0.266356 -0.315424 0.022796 2.894160 -0.011217 0.140937
    71 1.433460 -0.000001 0.000000 0.021781 -0.008209 0.379577
    72 0.232987 -0.175441 0.051954 2.850500 0.105025 0.006572
    73 1.019161 0.000000 0.000000 -0.061492 0.050146 0.902438
    74 0.199651 -0.182736 -0.019174 2.866800 0.015134 0.022335
    75 1.149521 0.416503 1.414108 -1.701746 0.225102 0.807917
    76 -0.259195 -0.126472 -0.187737 -0.320833 -0.178068 -0.144302
    77 1.263870 0.000000 0.000000 0.000000 0.000000 0.198808
    78 -0.023456 -0.272392 0.128637 -0.377946 -0.139541 -0.070537
    79 1.188940 0.000000 0.000000 0.006461 0.000254 0.052438
    80 -0.027065 -0.282838 0.274405 -0.453086 -0.085008 -0.010295
    81 -8.849764 -10.186570 -9.579597 -1.447886 -0.312207 -1.081285
    82 -10.722400 -0.506063 0.017998 0.014153 -0.011625 0.041372
    83 -2.511478 -20.659239 -3.237149 0.276058 -0.530224 0.496871
  time 47
    0 0.000000 0.000000 0.000000 3.137881 0.003712 -0.000007
    1 0.000000 1.253868 -0.200677 -1.570874 0.000036 0.784607
    2 8.779446 -18.682926 -9.532759 -0.992717 -0.218000 -1.908951
    3 0.237000 -0.019106 -0.353871 -0.031846 -0.060887 0.001610
    4 5.740851 0.000002 0.000000 0.000673 0.000000 -0.000012
    5 10.321901 0.003155 0.187182 -0.229226 0.027369 0.027690
    6 10.295601 0.000000 0.000000 3.006353 0.163465 0.543625
    7 0.252449 -0.450151 0.014884 2.961090 -0.113350 -0.085454
    8 3.323328 0.233761 1.479089 -0.322431 0.295182 1.203470
    9 0.331326 -0.384609 -0.028515 2.751210 -0.062475 0.301804
    10 0.963098 0.000000 0.000000 -0.064989 0.022856 0.749372
    11 0.219801 -0.039763 0.000647 2.771360 0.018767 0.255174
    12 0.682896 0.000002 0.000000 -0.066587 -0.017183 0.159039
    13 0.237805 0.264544 -0.007074 2.776430 0.037665 -0.015667
    14 3.632759 0.059072 0.757512 -0.192563 0.135035 1.060396
    15 0.466810 -0.831947 0.013376 2.881400 0.028647 0.343212
    16 1.500140 0.000000 -0.000003 -0.043996 0.065092 1.267380
    17 0.319986 -0.324402 -0.027586 2.877640 0.022726 0.214012
    18 0.905666 0.000000 0.000001 -0.075085 -0.010265 0.143885
    19 0.492504 -0.086171 -0.084238 2.879510 0.064298 0.261627
    20 3.799519 0.014969 -0.039935 -0.136830 0.034216 0.861547
    21 0.217894 -0.825647 0.038806 3.038690 -0.013998 0.239370
    22 1.774879 -0.000002 0.000001 -0.001559 0.020233 1.590546
    23 -0.011930 -0.409492 0.022487 3.039220 -0.018455 0.224297
    24 1.008837 0.000001 -0.000001 -0.018804 0.000679 0.092367
    25 0.062305 -0.120462 0.017525 3.043570 -0.040149 0.014192
    26 3.773769 0.133240 -0.970558 -0.009459 0.181547 0.053451
    27 0.276640 -0.495263 -0.109455 -3.042850 -0.074739 0.140309
    28 1.433455 -0.000001 0.000002 0.000000 0.000000 1.083282
    29 0.534334 -0.269066 0.018936 -3.047540 -0.084662 0.175451
    30 1.019160 0.000002 -0.000001 0.000000 0.000000 0.447844
    31 0.591927 -0.092812 0.111916 -3.044020 -0.081575 0.092229
    32 1.149530 0.416493 -1.414110 1.637320 0.502658 0.152274
    33 -0.152565 -0.022695 0.475140 0.134276 0.161355 -0.294699
    34 1.263880 0.000000 -0.000001 0.000000 0.000000 0.095331
    35 0.204777 -0.431778 0.089654 0.168587 0.067859 -0.050505
    36 1.188936 0.000000 0.000001 -0.009661 -0.002767 -0.227690
    37 -0.017635 -0.420529 -0.022252 0.227339 0.046996 0.081353
    38 8.779446 -18.682926 -9.532759 -2.798750 -0.217964 -1.908926
    39 -10.722298 -0.506103 -0.017994 1.584990 0.010515 0.041378
    40 -8.838045 -10.213915 -9.560065 -2.117766 -0.311372 -1.082240
    41 0.294731 -0.017813 0.157481 0.029130 0.054919 0.004544
    42 5.740848 0.000000 -0.000001 0.000092 0.000000 -0.000008
    43 10.281296 -0.016083 0.132702 0.000149 0.000000 0.000000
    44 10.295597 0.000001 0.000000 2.648305 -0.291597 0.288361
    45 3.185547 1.208984 0.395264 1.726761 0.024381 1.531556
    46 0.000000 1.663440 1.993458 0.000000 0.000000 0.000000
    47 0.000000 0.079149 6.178666 -0.027841 0.000000 0.000000
    48 0.000002 3.466950 2.698286 -3.141593 0.005167 -3.141593
    49 0.032274 0.082292 -0.974221 0.000000 0.000000 0.000000
    50 0.283657 -0.262681 -0.016718 3.136930 0.073998 -0.078846
    51 3.323318 0.233760 -1.479091 0.471079 0.106875 1.379084
    52 0.422707 -0.406992 0.168743 -2.735260 0.184776 0.303777
    53 0.963103 0.000001 -0.000001 0.038624 -0.004207 0.700147
    54 0.441121 -0.147523 -0.014119 -2.793600 0.005348 0.279055
    55 0.682898 0.000000 0.000000 0.038160 -0.007314 0.781218
    56 0.382509 0.011353 0.014142 -2.816920 -0.081657 0.157045
    57 3.632760 0.059067 -0.757513 0.326256 0.151989 1.274562
    58 0.489260 -0.525216 0.053914 -3.074870 0.011878 0.210808
    59 1.500140 -0.000002 0.000000 0.027884 -0.039270 1.247669
    60 0.467742 -0.219619 0.031131 -3.081490 -0.013760 0.185349
    61 0.905654 0.000000 0.000000 -0.049232 -0.084570 0.688415
    62 0.503673 -0.044144 -0.005648 -3.101730 -0.045027 0.343288
    63 3.799520 0.014976 0.039936 0.327518 0.278809 1.147697
    64 0.352883 -0.530994 0.013656 3.048800 0.018771 0.168551
    65 1.774880 0.000001 0.000000 0.015546 -0.026854 1.207274
    66 0.123960 -0.267018 -0.045197 3.038230 0.016899 0.163207
    67 1.008841 0.000000 0.000000 0.007382 -0.033001 1.058830
    68 -0.091995 -0.117643 -0.068578 3.035060 0.049848 0.104967
    69 3.773758 0.133240 0.970555 0.009999 0.253119 0.024199
    70 0.266356 -0.315424 0.022796 2.894160 -0.011217 0.140937
    71 1.433460 -0.000001 0.000000 0.021781 -0.008209 0.379577
    72 0.232987 -0.175441 0.051954 2.850500 0.105025 0.006572
    73 1.019161 0.000000 0.000000 -0.061492 0.050146 0.902438
    74 0.199651 -0.182736 -0.019174 2.866800 0.015134 0.022335
    75 1.149521 0.416503 1.414108 -1.701746 0.225102 0.807917
    76 -0.259195 -0.126472 -0.187737 -0.320833 -0.178068 -0.144302
    77 1.263870 0.000000 0.000000 0.000000 0.000000 0.198808
    78 -0.023456 -0.272392 0.128637 -0.377946 -0.139541 -0.070537
    79 1.188940 0.000000 0.000000 0.006461 0.000254 0.052438
    80 -0.027065 -0.282838 0.274405 -0.453086 -0.085008 -0.010295
    81 -8.838045 -10.213915 -9.560065 -1.448144 -0.311472 -1.082261
    82 -10.722400 -0.506063 0.017998 0.014153 -0.011625 0.041372
    83 -2.507572 -20.690490 -3.229336 0.275773 -0.530422 0.498649
  time 48
    0 0.000000 0.000000 0.000000 3.137881 0.003712 -0.000007
    1 0.000000 1.277306 -0.208490 -1.570874 0.000036 0.768500
    2 8.779446 -18.694645 -9.521040 -0.992624 -0.218253 -1.907449
    3 0.237000 -0.019106 -0.353871 -0.031846 -0.060887 0.001610
    4 5.740851 0.000002 0.000000 0.000673 0.000000 0.000000
    5 10.321901 0.003155 0.187182 -0.229226 0.027369 0.027690
    6 10.295601 0.000000 0.000000 3.006539 0.163558 0.543705
    7 0.252449 -0.450151 0.014884 2.961090 -0.113350 -0.085454
    8 3.323328 0.233761 1.479089 -0.322270 0.295967 1.204790
    9 0.331326 -0.384609 -0.028515 2.751210 -0.062475 0.301804
    10 0.963098 0.000000 0.000000 -0.064989 0.022904 0.749902
    11 0.219801 -0.039763 0.000647 2.771360 0.018767 0.255174
    12 0.682896 0.000002 0.000000 -0.066587 -0.017207 0.158927
    13 0.237805 0.264544 -0.007074 2.776430 0.037665 -0.015667
    14 3.632759 0.059072 0.757512 -0.192527 0.135310 1.061967
    15 0.466810 -0.831947 0.013376 2.881400 0.028647 0.343212
    16 1.500140 0.000000 -0.000003 -0.043961 0.065176 1.268942
    17 0.319986 -0.324402 -0.027586 2.877640 0.022726 0.214012
    18 0.905666 0.000000 0.000001 -0.075085 -0.010253 0.143986
    19 0.492504 -0.086171 -0.084238 2.879510 0.064298 0.261627
    20 3.799519 0.014969 -0.039935 -0.136878 0.034432 0.863139
    21 0.217894 -0.825647 0.038806 3.038690 -0.013998 0.239370
    22 1.774879 -0.000002 0.000001 -0.001511 0.020257 1.592794
    23 -0.011930 -0.409492 0.022487 3.039220 -0.018455 0.224297
    24 1.008837 0.000001 -0.000001 -0.018804 0.000691 0.092525
    25 0.062305 -0.120462 0.017525 3.043570 -0.040149 0.014192
    26 3.773769 0.133240 -0.970558 -0.009399 0.181702 0.054003
    27 0.276640 -0.495263 -0.109455 -3.042850 -0.074739 0.140309
    28 1.433455 -0.000001 0.000002 0.000000 0.000000 1.084165
    29 0.534334 -0.269066 0.018936 -3.047540 -0.084662 0.175451
    30 1.019160 0.000002 -0.000001 0.000000 0.000000 0.448287
    31 0.591927 -0.092812 0.111916 -3.044020 -0.081575 0.092229
    32 1.149530 0.416493 -1.414110 1.637320 0.502658 0.152274
    33 -0.152565 -0.022695 0.475140 0.134276 0.161355 -0.294699
    34 1.263880 0.000000 -0.000001 0.000000 0.000000 0.095331
    35 0.204777 -0.431778 0.089654 0.168587 0.067859 -0.050505
    36 1.188936 0.000000 0.000001 -0.009661 -0.002767 -0.227690
    37 -0.017635 -0.420529 -0.022252 0.227339 0.046996 0.081353
    38 8.779446 -18.694645 -9.521040 -2.798660 -0.218254 -1.907424
    39 -10.722298 -0.506103 -0.017994 1.584990 0.010515 0.041378
    40 -8.830232 -10.237353 -9.548346 -2.117970 -0.310692 -1.083010
    41 0.294731 -0.017813 0.157481 0.029130 0.054919 0.004544
    42 5.740848 0.000000 -0.000001 0.000092 0.000000 -0.000008
    43 10.281296 -0.016083 0.132702 0.000149 0.000000 0.000000
    44 10.295597 0.000001 0.000000 2.648984 -0.293292 0.286196
    45 3.185547 1.208984 0.395264 1.726761 0.024381 1.531556
    46 0.000000 1.663440 1.993458 0.000000 0.000000 0.000000
    47 0.000000 0.079149 6.178666 -0.027841 0.000000 0.000000
    48 0.000002 3.466950 2.698286 -3.141593 0.005167 -3.141593
    49 0.032274 0.082292 -0.974221 0.000000 0.000000 0.000000
    50 0.283657 -0.262681 -0.016718 3.136930 0.073998 -0.078846
    51 3.323318 0.233760 -1.479091 0.471079 0.106875 1.379084
    52 0.422707 -0.406992 0.168743 -2.735260 0.184776 0.303777
    53 0.963103 0.000001 -0.000001 0.038624 -0.004207 0.700147
    54 0.441121 -0.147523 -0.014119 -2.793600 0.005348 0.279055
    55 0.682898 0.000000 0.000000 0.038160 -0.007314 0.781218
    56 0.382509 0.011353 0.014142 -2.816920 -0.081657 0.157045
    57 3.632760 0.059067 -0.757513 0.326256 0.151989 1.274562
    58 0.489260 -0.525216 0.053914 -3.074870 0.011878 0.210808
    59 1.500140 -0.000002 0.000000 0.027884 -0.039270 1.247669
    60 0.467742 -0.219619 0.031131 -3.081490 -0.013760 0.185349
    61 0.905654 0.000000 0.000000 -0.049232 -0.084570 0.688415
    62 0.503673 -0.044144 -0.005648 -3.101730 -0.045027 0.343288
    63 3.799520 0.014976 0.039936 0.327518 0.278809 1.147697
    64 0.352883 -0.530994 0.013656 3.048800 0.018771 0.168551
    65 1.774880 0.000001 0.000000 0.015546 -0.026854 1.207274
    66 0.123960 -0.267018 -0.045197 3.038230 0.016899 0.163207
    67 1.008841 0.000000 0.000000 0.007382 -0.033001 1.058830
    68 -0.091995 -0.117643 -0.068578 3.035060 0.049848 0.104967
    69 3.773758 0.133240 0.970555 0.009999 0.253119 0.024199
    70 0.266356 -0.315424 0.022796 2.894160 -0.011217 0.140937
    71 1.433460 -0.000001 0.000000 0.021781 -0.008209 0.379577
    72 0.232987 -0.175441 0.051954 2.850500 0.105025 0.006572
    73 1.019161 0.000000 0.000000 -0.061492 0.050146 0.902438
    74 0.199651 -0.182736 -0.019174 2.866800 0.015134 0.022335
    75 1.149521 0.416503 1.414108 -1.701746 0.225102 0.807917
    76 -0.259195 -0.126472 -0.187737 -0.320833 -0.178068 -0.144302
    77 1.263870 0.000000 0.000000 0.000000 0.000000 0.198808
    78 -0.023456 -0.272392 0.128637 -0.377946 -0.139541 -0.070537
    79 1.188940 0.000000 0.000000 0.006461 0.000254 0.052438
    80 -0.027065 -0.282838 0.274405 -0.453086 -0.085008 -0.010295
    81 -8.830232 -10.237353 -9.548346 -1.448377 -0.310737 -1.082980
    82 -10.722400 -0.506063 0.017998 0.014153 -0.011625 0.041372
    83 -2.503665 -20.721741 -3.221523 0.275516 -0.530541 0.500427
  time 49
    0 0.000000 0.000000 0.000000 3.137881 0.003712 -0.000007
    1 0.000000 1.304651 -0.212396 -1.570874 0.000036 0.752345
    2 8.783352 -18.710271 -9.517134 -0.992484 -0.218470 -1.905946
    3 0.237000 -0.019106 -0.353871 -0.031846 -0.060887 0.001610
    4 5.740851 0.000002 0.000000 0.000673 0.000000 -0.000012
    5 10.321901 0.003155 0.187182 -0.229226 0.027369 0.027690
    6 10.295601 0.000000 0.000000 3.006745 0.163651 0.543744
    7 0.252449 -0.450151 0.014884 2.961090 -0.113350 -0.085454
    8 3.323328 0.233761 1.479089 -0.322094 0.296666 1.205980
    9 0.331326 -0.384609 -0.028515 2.751210 -0.062475 0.301804
    10 0.963098 0.000000 0.000000 -0.064989 0.022952 0.750378
    11 0.219801 -0.039763 0.000647 2.771360 0.018767 0.255174
    12 0.682896 0.000002 0.000000 -0.066587 -0.017207 0.158787
    13 0.237805 0.264544 -0.007074 2.776430 0.037665 -0.015667
    14 3.632759 0.059072 0.757512 -0.192503 0.135586 1.063275
    15 0.466810 -0.831947 0.013376 2.881400 0.028647 0.343212
    16 1.500140 0.000000 -0.000003 -0.043949 0.065236 1.270224
    17 0.319986 -0.324402 -0.027586 2.877640 0.022726 0.214012
    18 0.905666 0.000000 0.000001 -0.075085 -0.010253 0.144037
    19 0.492504 -0.086171 -0.084238 2.879510 0.064298 0.261627
    20 3.799519 0.014969 -0.039935 -0.136926 0.034648 0.864532
    21 0.217894 -0.825647 0.038806 3.038690 -0.013998 0.239370
    22 1.774879 -0.000002 0.000001 -0.001475 0.020281 1.594792
    23 -0.011930 -0.409492 0.022487 3.039220 -0.018455 0.224297
    24 1.008837 0.000001 -0.000001 -0.018804 0.000691 0.092615
    25 0.062305 -0.120462 0.017525 3.043570 -0.040149 0.014192
    26 3.773769 0.133240 -0.970558 -0.009351 0.181870 0.054518
    27 0.276640 -0.495263 -0.109455 -3.042850 -0.074739 0.140309
    28 1.433455 -0.000001 0.000002 0.000000 0.000000 1.084977
    29 0.534334 -0.269066 0.018936 -3.047540 -0.084662 0.175451
    30 1.019160 0.000002 -0.000001 0.000000 0.000000 0.448635
    31 0.591927 -0.092812 0.111916 -3.044020 -0.081575 0.092229
    32 1.149530 0.416493 -1.414110 1.637320 0.502658 0.152274
    33 -0.152565 -0.022695 0.475140 0.134276 0.161355 -0.294699
    34 1.263880 0.000000 -0.000001 0.000000 0.000000 0.095331
    35 0.204777 -0.431778 0.089654 0.168587 0.067859 -0.050505
    36 1.188936 0.000000 0.000001 -0.009661 -0.002767 -0.227690
    37 -0.017635 -0.420529 -0.022252 0.227339 0.046996 0.081353
    38 8.783352 -18.710271 -9.517134 -2.798459 -0.218471 -1.905861
    39 -10.722298 -0.506103 -0.017994 1.584990 0.010515 0.041378
    40 -8.822419 -10.260791 -9.536627 -2.118213 -0.310049 -1.083832
    41 0.294731 -0.017813 0.157481 0.029130 0.054919 0.004544
    42 5.740848 0.000000 -0.000001 0.000092 0.000000 -0.000008
    43 10.281296 -0.016083 0.132702 0.000149 0.000000 0.000000
    44 10.295597 0.000001 0.000000 2.649614 -0.294935 0.284164
    45 3.185547 1.208984 0.395264 1.726761 0.024381 1.531556
    46 0.000000 1.663440 1.993458 0.000000 0.000000 0.000000
    47 0.000000 0.079149 6.178666 -0.027841 0.000000 0.000000
    48 0.000002 3.466950 2.698286 -3.141593 0.005167 -3.141593
    49 0.032274 0.082292 -0.974221 0.000000 0.000000 0.000000
    50 0.283657 -0.262681 -0.016718 3.136930 0.073998 -0.078846
    51 3.323318 0.233760 -1.479091 0.471079 0.106875 1.379084
    52 0.422707 -0.406992 0.168743 -2.735260 0.184776 0.303777
    53 0.963103 0.000001 -0.000001 0.038624 -0.004207 0.700147
    54 0.441121 -0.147523 -0.014119 -2.793600 0.005348 0.279055
    55 0.682898 0.000000 0.000000 0.038160 -0.007314 0.781218
    56 0.382509 0.011353 0.014142 -2.816920 -0.081657 0.157045
    57 3.632760 0.059067 -0.757513 0.326256 0.151989 1.274562
    58 0.489260 -0.525216 0.053914 -3.074870 0.011878 0.210808
    59 1.500140 -0.000002 0.000000 0.027884 -0.039270 1.247669
    60 0.467742 -0.219619 0.031131 -3.081490 -0.013760 0.185349
    61 0.905654 0.000000 0.000000 -0.049232 -0.084570 0.688415
    62 0.503673 -0.044144 -0.005648 -3.101730 -0.045027 0.343288
    63 3.799520 0.014976 0.039936 0.327518 0.278809 1.147697
    64 0.352883 -0.530994 0.013656 3.048800 0.018771 0.168551
    65 1.774880 0.000001 0.000000 0.015546 -0.026854 1.207274
    66 0.123960 -0.267018 -0.045197 3.038230 0.016899 0.163207
    67 1.008841 0.000000 0.000000 0.007382 -0.033001 1.058862
    68 -0.091995 -0.117643 -0.068578 3.035060 0.049848 0.104967
    69 3.773758 0.133240 0.970555 0.009999 0.253119 0.024199
    70 0.266356 -0.315424 0.022796 2.894160 -0.011217 0.140937
    71 1.433460 -0.000001 0.000000 0.021781 -0.008209 0.379577
    72 0.232987 -0.175441 0.051954 2.850500 0.105025 0.006572
    73 1.019161 0.000000 0.000000 -0.061492 0.050146 0.902438
    74 0.199651 -0.182736 -0.019174 2.866800 0.015134 0.022335
    75 1.149521 0.416503 1.414108 -1.701746 0.225102 0.807917
    76 -0.259195 -0.126472 -0.187737 -0.320833 -0.178068 -0.144302
    77 1.263870 0.000000 0.000000 0.000000 0.000000 0.198808
    78 -0.023456 -0.272392 0.128637 -0.377946 -0.139541 -0.070537
    79 1.188940 0.000000 0.000000 0.006461 0.000254 0.052438
    80 -0.027065 -0.282838 0.274405 -0.453086 -0.085008 -0.010295
    81 -8.822419 -10.260791 -9.536627 -1.448583 -0.310112 -1.083802
    82 -10.722400 -0.506063 0.017998 0.014153 -0.011625 0.041372
    83 -2.499759 -20.749085 -3.217617 0.275202 -0.530620 0.502142
  time 50
    0 0.000000 0.000000 0.000000 3.137881 0.003712 -0.000007
    1 0.000000 1.328089 -0.212396 -1.570874 0.000036 0.736525
    2 8.783352 -18.718084 -9.513227 -0.992437 -0.218687 -1.904624
    3 0.237000 -0.019106 -0.353871 -0.031846 -0.060887 0.001610
    4 5.740851 0.000002 0.000000 0.000673 0.000000 -0.000012
    5 10.321901 0.003155 0.187182 -0.229226 0.027369 0.027690
    6 10.295601 0.000000 0.000000 3.006969 0.163682 0.543764
    7 0.252449 -0.450151 0.014884 2.961090 -0.113350 -0.085454
    8 3.323328 0.233761 1.479089 -0.321977 0.297279 1.207061
    9 0.331326 -0.384609 -0.028515 2.751210 -0.062475 0.301804
    10 0.963098 0.000000 0.000000 -0.064977 0.022988 0.750723
    11 0.219801 -0.039763 0.000647 2.771360 0.018767 0.255174
    12 0.682896 0.000002 0.000000 -0.066587 -0.017231 0.158675
    13 0.237805 0.264544 -0.007074 2.776430 0.037665 -0.015667
    14 3.632759 0.059072 0.757512 -0.192467 0.135886 1.064441
    15 0.466810 -0.831947 0.013376 2.881400 0.028647 0.343212
    16 1.500140 0.000000 -0.000003 -0.043913 0.065296 1.271413
    17 0.319986 -0.324402 -0.027586 2.877640 0.022726 0.214012
    18 0.905666 0.000000 0.000001 -0.075085 -0.010253 0.144037
    19 0.492504 -0.086171 -0.084238 2.879510 0.064298 0.261627
    20 3.799519 0.014969 -0.039935 -0.136998 0.034816 0.865776
    21 0.217894 -0.825647 0.038806 3.038690 -0.013998 0.239370
    22 1.774879 -0.000002 0.000001 -0.001487 0.020305 1.596541
    23 -0.011930 -0.409492 0.022487 3.039220 -0.018455 0.224297
    24 1.008837 0.000001 -0.000001 -0.018804 0.000691 0.092705
    25 0.062305 -0.120462 0.017525 3.043570 -0.040149 0.014192
    26 3.773769 0.133240 -0.970558 -0.009303 0.182050 0.054997
    27 0.276640 -0.495263 -0.109455 -3.042850 -0.074739 0.140309
    28 1.433455 -0.000001 0.000002 0.000000 0.000000 1.085675
    29 0.534334 -0.269066 0.018936 -3.047540 -0.084662 0.175451
    30 1.019160 0.000002 -0.000001 0.000000 0.000000 0.448946
    31 0.591927 -0.092812 0.111916 -3.044020 -0.081575 0.092229
    32 1.149530 0.416493 -1.414110 1.637332 0.502658 0.152274
    33 -0.152565 -0.022695 0.475140 0.134276 0.161355 -0.294699
    34 1.263880 0.000000 -0.000001 0.000000 0.000000 0.095331
    35 0.204777 -0.431778 0.089654 0.168587 0.067859 -0.050505
    36 1.188936 0.000000 0.000001 -0.009661 -0.002767 -0.227690
    37 -0.017635 -0.420529 -0.022252 0.227339 0.046996 0.081353
    38 8.783352 -18.718084 -9.513227 -2.798346 -0.218652 -1.904479
    39 -10.722298 -0.506103 -0.017994 1.584990 0.010515 0.041378
    40 -8.814607 -10.284229 -9.528814 -2.118391 -0.309461 -1.084500
    41 0.294731 -0.017813 0.157481 0.029130 0.054919 0.004544
    42 5.740848 0.000000 -0.000001 0.000092 0.000000 -0.000008
    43 10.281296 -0.016083 0.132702 0.000149 0.000000 0.000000
    44 10.295597 0.000001 0.000000 2.650147 -0.296366 0.282300
    45 3.185547 1.208984 0.395264 1.726761 0.024381 1.531556
    46 0.000000 1.663440 1.993458 0.000000 0.000000 0.000000
    47 0.000000 0.079149 6.178666 -0.027841 0.000000 0.000000
    48 0.000002 3.466950 2.698286 -3.141593 0.005167 -3.141593
    49 0.032274 0.082292 -0.974221 0.000000 0.000000 0.000000
    50 0.283657 -0.262681 -0.016718 3.136930 0.073998 -0.078846
    51 3.323318 0.233760 -1.479091 0.471079 0.106875 1.379084
    52 0.422707 -0.406992 0.168743 -2.735260 0.184776 0.303777
    53 0.963103 0.000001 -0.000001 0.038624 -0.004207 0.700147
    54 0.441121 -0.147523 -0.014119 -2.793600 0.005348 0.279055
    55 0.682898 0.000000 0.000000 0.038160 -0.007314 0.781218
    56 0.382509 0.011353 0.014142 -2.816920 -0.081657 0.157045
    57 3.632760 0.059067 -0.757513 0.326256 0.151989 1.274562
    58 0.489260 -0.525216 0.053914 -3.074870 0.011878 0.210808
    59 1.500140 -0.000002 0.000000 0.027884 -0.039270 1.247669
    60 0.467742 -0.219619 0.031131 -3.081490 -0.013760 0.185349
    61 0.905654 0.000000 0.000000 -0.049232 -0.084570 0.688415
    62 0.503673 -0.044144 -0.005648 -3.101730 -0.045027 0.343288
    63 3.799520 0.014976 0.039936 0.327518 0.278809 1.147697
    64 0.352883 -0.530994 0.013656 3.048800 0.018771 0.168551
    65 1.774880 0.000001 0.000000 0.015546 -0.026854 1.207274
    66 0.123960 -0.267018 -0.045197 3.038230 0.016899 0.163207
    67 1.008841 0.000000 0.000000 0.007394 -0.033001 1.058830
    68 -0.091995 -0.117643 -0.068578 3.035060 0.049848 0.104967
    69 3.773758 0.133240 0.970555 0.009999 0.253119 0.024199
    70 0.266356 -0.315424 0.022796 2.894160 -0.011217 0.140937
    71 1.433460 -0.000001 0.000000 0.021781 -0.008209 0.379577
    72 0.232987 -0.175441 0.051954 2.850500 0.105025 0.006572
    73 1.019161 0.000000 0.000000 -0.061492 0.050146 0.902438
    74 0.199651 -0.182736 -0.019174 2.866800 0.015134 0.022335
    75 1.149521 0.416503 1.414108 -1.701746 0.225102 0.807917
    76 -0.259195 -0.126472 -0.187737 -0.320833 -0.178068 -0.144302
    77 1.263870 0.000000 0.000000 0.000000 0.000000 0.198808
    78 -0.023456 -0.272392 0.128637 -0.377946 -0.139541 -0.070537
    79 1.188940 0.000000 0.000000 0.006461 0.000254 0.052438
    80 -0.027065 -0.282838 0.274405 -0.453086 -0.085008 -0.010295
    81 -8.814607 -10.284229 -9.528814 -1.448841 -0.309506 -1.084521
    82 -10.722400 -0.506063 0.017998 0.014153 -0.011625 0.041372
    83 -2.495853 -20.772524 -3.209804 0.275002 -0.530699 0.503603
  time 51
    0 0.000000 0.000000 0.000000 3.137881 0.003712 -0.000007
    1 0.000000 1.359340 -0.220209 -1.570874 0.000036 0.720609
    2 8.783352 -18.729803 -9.501508 -0.992367 -0.218795 -1.903422
    3 0.237000 -0.019106 -0.353871 -0.031846 -0.060887 0.001610
    4 5.740851 0.000002 0.000000 0.000673 0.000000 -0.000012
    5 10.321901 0.003155 0.187182 -0.229226 0.027369 0.027690
    6 10.295601 0.000000 0.000000 3.007155 0.163805 0.543784
    7 0.252449 -0.450151 0.014884 2.961090 -0.113350 -0.085454
    8 3.323328 0.233761 1.479089 -0.321845 0.297807 1.207970
    9 0.331326 -0.384609 -0.028515 2.751210 -0.062475 0.301804
    10 0.963098 0.000000 0.000000 -0.064977 0.023000 0.750935
    11 0.219801 -0.039763 0.000647 2.771360 0.018767 0.255174
    12 0.682896 0.000002 0.000000 -0.066587 -0.017219 0.158591
    13 0.237805 0.264544 -0.007074 2.776430 0.037665 -0.015667
    14 3.632759 0.059072 0.757512 -0.192443 0.136125 1.065465
    15 0.466810 -0.831947 0.013376 2.881400 0.028647 0.343212
    16 1.500140 0.000000 -0.000003 -0.043841 0.065380 1.272392
    17 0.319986 -0.324402 -0.027586 2.877640 0.022726 0.214012
    18 0.905666 0.000000 0.000001 -0.075085 -0.010253 0.144062
    19 0.492504 -0.086171 -0.084238 2.879510 0.064298 0.261627
    20 3.799519 0.014969 -0.039935 -0.137046 0.034924 0.866796
    21 0.217894 -0.825647 0.038806 3.038690 -0.013998 0.239370
    22 1.774879 -0.000002 0.000001 -0.001499 0.020341 1.598075
    23 -0.011930 -0.409492 0.022487 3.039220 -0.018455 0.224297
    24 1.008837 0.000001 -0.000001 -0.018804 0.000691 0.092773
    25 0.062305 -0.120462 0.017525 3.043570 -0.040149 0.014192
    26 3.773769 0.133240 -0.970558 -0.009231 0.182194 0.055453
    27 0.276640 -0.495263 -0.109455 -3.042850 -0.074739 0.140309
    28 1.433455 -0.000001 0.000002 0.000000 0.000000 1.086330
    29 0.534334 -0.269066 0.018936 -3.047540 -0.084662 0.175451
    30 1.019160 0.000002 -0.000001 0.000000 0.000000 0.449222
    31 0.591927 -0.092812 0.111916 -3.044020 -0.081575 0.092229
    32 1.149530 0.416493 -1.414110 1.637320 0.502658 0.152274
    33 -0.152565 -0.022695 0.475140 0.134276 0.161355 -0.294699
    34 1.263880 0.000000 -0.000001 0.000000 0.000000 0.095331
    35 0.204777 -0.431778 0.089654 0.168587 0.067859 -0.050505
    36 1.188936 0.000000 0.000001 -0.009661 -0.002767 -0.227690
    37 -0.017635 -0.420529 -0.022252 0.227339 0.046996 0.081353
    38 8.783352 -18.729803 -9.501508 -2.798346 -0.218797 -1.903337
    39 -10.722298 -0.506103 -0.017994 1.584990 0.010515 0.041378
    40 -8.810700 -10.303761 -9.517095 -2.118633 -0.308873 -1.085219
    41 0.294731 -0.017813 0.157481 0.029130 0.054919 0.004544
    42 5.740848 0.000000 -0.000001 0.000092 0.000000 -0.000008
    43 10.281296 -0.016083 0.132702 0.000149 0.000000 0.000000
    44 10.295597 0.000001 0.000000 2.650631 -0.297620 0.280644
    45 3.185547 1.208984 0.395264 1.726761 0.024381 1.531556
    46 0.000000 1.663440 1.993458 0.000000 0.000000 0.000000
    47 0.000000 0.079149 6.178666 -0.027841 0.000000 0.000000
    48 0.000002 3.466950 2.698286 -3.141593 0.005167 -3.141593
    49 0.032274 0.082292 -0.974221 0.000000 0.000000 0.000000
    50 0.283657 -0.262681 -0.016718 3.136930 0.073998 -0.078846
    51 3.323318 0.233760 -1.479091 0.471079 0.106875 1.379084
    52 0.422707 -0.406992 0.168743 -2.735260 0.184776 0.303777
    53 0.963103 0.000001 -0.000001 0.038624 -0.004207 0.700147
    54 0.441121 -0.147523 -0.014119 -2.793600 0.005348 0.279055
    55 0.682898 0.000000 0.000000 0.038160 -0.007314 0.781218
    56 0.382509 0.011353 0.014142 -2.816920 -0.081657 0.157045
    57 3.632760 0.059067 -0.757513 0.326256 0.151989 1.274562
    58 0.489260 -0.525216 0.053914 -3.074870 0.011878 0.210808
    59 1.500140 -0.000002 0.000000 0.027884 -0.039270 1.247669
    60 0.467742 -0.219619 0.031131 -3.081490 -0.013760 0.185349
    61 0.905654 0.000000 0.000000 -0.049232 -0.084570 0.688415
    62 0.503673 -0.044144 -0.005648 -3.101730 -0.045027 0.343288
    63 3.799520 0.014976 0.039936 0.327518 0.278809 1.147697
    64 0.352883 -0.530994 0.013656 3.048800 0.018771 0.168551
    65 1.774880 0.000001 0.000000 0.015546 -0.026854 1.207274
    66 0.123960 -0.267018 -0.045197 3.038230 0.016899 0.163207
    67 1.008841 0.000000 0.000000 0.007382 -0.033001 1.058862
    68 -0.091995 -0.117643 -0.068578 3.035060 0.049848 0.104967
    69 3.773758 0.133240 0.970555 0.009999 0.253119 0.024199
    70 0.266356 -0.315424 0.022796 2.894160 -0.011217 0.140937
    71 1.433460 -0.000001 0.000000 0.021781 -0.008209 0.379577
    72 0.232987 -0.175441 0.051954 2.850500 0.105025 0.006572
    73 1.019161 0.000000 0.000000 -0.061492 0.050146 0.902438
    74 0.199651 -0.182736 -0.019174 2.866800 0.015134 0.022335
    75 1.149521 0.416503 1.414108 -1.701746 0.225102 0.807917
    76 -0.259195 -0.126472 -0.187737 -0.320833 -0.178068 -0.144302
    77 1.263870 0.000000 0.000000 0.000000 0.000000 0.198808
    78 -0.023456 -0.272392 0.128637 -0.377946 -0.139541 -0.070537
    79 1.188940 0.000000 0.000000 0.006461 0.000254 0.052438
    80 -0.027065 -0.282838 0.274405 -0.453086 -0.085008 -0.010295
    81 -8.810700 -10.303761 -9.517095 -1.449022 -0.308918 -1.085240
    82 -10.722400 -0.506063 0.017998 0.014153 -0.011625 0.041372
    83 -2.491946 -20.788149 -3.209804 0.274745 -0.530818 0.504746
  time 52
    0 0.000000 0.000000 0.000000 3.137881 0.003712 -0.000007
    1 0.000000 1.382778 -0.220209 -1.570874 0.000036 0.704886
    2 8.783352 -18.733709 -9.501508 -0.992344 -0.218976 -1.902461
    3 0.237000 -0.019106 -0.353871 -0.031846 -0.060887 0.001610
    4 5.740851 0.000002 0.000000 0.000673 0.000000 -0.000012
    5 10.321901 0.003155 0.187182 -0.229226 0.027369 0.027690
    6 10.295601 0.000000 0.000000 3.007305 0.163929 0.543784
    7 0.252449 -0.450151 0.014884 2.961090 -0.113350 -0.085454
    8 3.323328 0.233761 1.479089 -0.321772 0.298248 1.208705
    9 0.331326 -0.384609 -0.028515 2.751210 -0.062475 0.301804
    10 0.963098 0.000000 0.000000 -0.064977 0.023012 0.751041
    11 0.219801 -0.039763 0.000647 2.771360 0.018767 0.255174
    12 0.682896 0.000002 0.000000 -0.066587 -0.017219 0.158535
    13 0.237805 0.264544 -0.007074 2.776430 0.037665 -0.015667
    14 3.632759 0.059072 0.757512 -0.192419 0.136317 1.066274
    15 0.466810 -0.831947 0.013376 2.881400 0.028647 0.343212
    16 1.500140 0.000000 -0.000003 -0.043793 0.065428 1.273185
    17 0.319986 -0.324402 -0.027586 2.877640 0.022726 0.214012
    18 0.905666 0.000000 0.000001 -0.075085 -0.010253 0.144037
    19 0.492504 -0.086171 -0.084238 2.879510 0.064298 0.261627
    20 3.799519 0.014969 -0.039935 -0.137058 0.035007 0.867692
    21 0.217894 -0.825647 0.038806 3.038690 -0.013998 0.239370
    22 1.774879 -0.000002 0.000001 -0.001463 0.020389 1.599253
    23 -0.011930 -0.409492 0.022487 3.039220 -0.018455 0.224297
    24 1.008837 0.000001 -0.000001 -0.018804 0.000691 0.092818
    25 0.062305 -0.120462 0.017525 3.043570 -0.040149 0.014192
    26 3.773769 0.133240 -0.970558 -0.009195 0.182302 0.055800
    27 0.276640 -0.495263 -0.109455 -3.042850 -0.074739 0.140309
    28 1.433455 -0.000001 0.000002 0.000000 0.000000 1.086900
    29 0.534334 -0.269066 0.018936 -3.047540 -0.084662 0.175451
    30 1.019160 0.000002 -0.000001 0.000000 0.000000 0.449461
    31 0.591927 -0.092812 0.111916 -3.044020 -0.081575 0.092229
    32 1.149530 0.416493 -1.414110 1.637320 0.502658 0.152274
    33 -0.152565 -0.022695 0.475140 0.134276 0.161355 -0.294699
    34 1.263880 0.000000 -0.000001 0.000000 0.000000 0.095331
    35 0.204777 -0.431778 0.089654 0.168587 0.067859 -0.050505
    36 1.188936 0.000000 0.000001 -0.009661 -0.002767 -0.227690
    37 -0.017635 -0.420529 -0.022252 0.227339 0.046996 0.081353
    38 8.783352 -18.733709 -9.501508 -2.798346 -0.218978 -1.902315
    39 -10.722298 -0.506103 -0.017994 1.584990 0.010515 0.041378
    40 -8.802887 -10.319387 -9.509282 -2.118799 -0.308358 -1.085784
    41 0.294731 -0.017813 0.157481 0.029130 0.054919 0.004544
    42 5.740848 0.000000 -0.000001 0.000092 0.000000 -0.000008
    43 10.281296 -0.016083 0.132702 0.000149 0.000000 0.000000
    44 10.295597 0.000001 0.000000 2.651115 -0.298680 0.279175
    45 3.185547 1.208984 0.395264 1.726761 0.024381 1.531556
    46 0.000000 1.663440 1.993458 0.000000 0.000000 0.000000
    47 0.000000 0.079149 6.178666 -0.027841 0.000000 0.000000
    48 0.000002 3.466950 2.698286 -3.141593 0.005167 -3.141593
    49 0.032274 0.082292 -0.974221 0.000000 0.000000 0.000000
    50 0.283657 -0.262681 -0.016718 3.136930 0.073998 -0.078846
    51 3.323318 0.233760 -1.479091 0.471079 0.106875 1.379084
    52 0.422707 -0.406992 0.168743 -2.735260 0.184776 0.303777
    53 0.963103 0.000001 -0.000001 0.038624 -0.004207 0.700147
    54 0.441121 -0.147523 -0.014119 -2.793600 0.005348 0.279055
    55 0.682898 0.000000 0.000000 0.038148 -0.007314 0.781218
    56 0.382509 0.011353 0.014142 -2.816920 -0.081657 0.157045
    57 3.632760 0.059067 -0.757513 0.326256 0.151989 1.274562
    58 0.489260 -0.525216 0.053914 -3.074870 0.011878 0.210808
    59 1.500140 -0.000002 0.000000 0.027884 -0.039270 1.247669
    60 0.467742 -0.219619 0.031131 -3.081490 -0.013760 0.185349
    61 0.905654 0.000000 0.000000 -0.049232 -0.084570 0.688415
    62 0.503673 -0.044144 -0.005648 -3.101730 -0.045027 0.343288
    63 3.799520 0.014976 0.039936 0.327518 0.278809 1.147697
    64 0.352883 -0.530994 0.013656 3.048800 0.018771 0.168551
    65 1.774880 0.000001 0.000000 0.015546 -0.026854 1.207274
    66 0.123960 -0.267018 -0.045197 3.038230 0.016899 0.163207
    67 1.008841 0.000000 0.000000 0.007382 -0.033001 1.058862
    68 -0.091995 -0.117643 -0.068578 3.035060 0.049848 0.104967
    69 3.773758 0.133240 0.970555 0.009999 0.253119 0.024199
    70 0.266356 -0.315424 0.022796 2.894160 -0.011217 0.140937
    71 1.433460 -0.000001 0.000000 0.021781 -0.008209 0.379577
    72 0.232987 -0.175441 0.051954 2.850500 0.105025 0.006572
    73 1.019161 0.000000 0.000000 -0.061492 0.050146 0.902438
    74 0.199651 -0.182736 -0.019174 2.866800 0.015134 0.022335
    75 1.149521 0.416503 1.414108 -1.701746 0.225102 0.807917
    76 -0.259195 -0.126472 -0.187737 -0.320833 -0.178068 -0.144302
    77 1.263870 0.000000 0.000000 0.000000 0.000000 0.198808
    78 -0.023456 -0.272392 0.128637 -0.377946 -0.139541 -0.070537
    79 1.188940 0.000000 0.000000 0.006461 0.000254 0.052438
    80 -0.027065 -0.282838 0.274405 -0.453086 -0.085008 -0.010295
    81 -8.802887 -10.319387 -9.509282 -1.449203 -0.308403 -1.085908
    82 -10.722400 -0.506063 0.017998 0.014153 -0.011625 0.041372
    83 -2.491946 -20.815494 -3.209804 0.274602 -0.530818 0.505889
  time 53
    0 0.000000 0.000000 0.000000 3.137881 0.003712 -0.000007
    1 0.000000 1.410123 -0.224115 -1.570874 0.000048 0.689354
    2 8.787259 -18.741522 -9.501508 -0.992344 -0.219157 -1.901499
    3 0.237000 -0.019106 -0.353871 -0.031846 -0.060887 0.001610
    4 5.740851 0.000002 0.000000 0.000673 0.000000 -0.000012
    5 10.321901 0.003155 0.187182 -0.229226 0.027369 0.027690
    6 10.295601 0.000000 0.000000 3.007435 0.163991 0.543804
    7 0.252449 -0.450151 0.014884 2.961090 -0.113350 -0.085454
    8 3.323328 0.233761 1.479089 -0.321728 0.298592 1.209290
    9 0.331326 -0.384609 -0.028515 2.751210 -0.062475 0.301804
    10 0.963098 0.000000 0.000000 -0.064977 0.023012 0.751147
    11 0.219801 -0.039763 0.000647 2.771360 0.018767 0.255174
    12 0.682896 0.000002 0.000000 -0.066587 -0.017219 0.158452
    13 0.237805 0.264544 -0.007074 2.776430 0.037665 -0.015667
    14 3.632759 0.059072 0.757512 -0.192431 0.136473 1.066940
    15 0.466810 -0.831947 0.013376 2.881400 0.028647 0.343212
    16 1.500140 0.000000 -0.000003 -0.043781 0.065524 1.273791
    17 0.319986 -0.324402 -0.027586 2.877640 0.022726 0.214012
    18 0.905666 0.000000 0.000001 -0.075085 -0.010253 0.144037
    19 0.492504 -0.086171 -0.084238 2.879510 0.064298 0.261627
    20 3.799519 0.014969 -0.039935 -0.137058 0.035079 0.868363
    21 0.217894 -0.825647 0.038806 3.038690 -0.013998 0.239370
    22 1.774879 -0.000002 0.000001 -0.001415 0.020401 1.600216
    23 -0.011930 -0.409492 0.022487 3.039220 -0.018455 0.224297
    24 1.008837 0.000001 -0.000001 -0.018804 0.000691 0.092863
    25 0.062305 -0.120462 0.017525 3.043570 -0.040149 0.014192
    26 3.773769 0.133240 -0.970558 -0.009171 0.182350 0.056040
    27 0.276640 -0.495263 -0.109455 -3.042850 -0.074739 0.140309
    28 1.433455 -0.000001 0.000002 0.000000 0.000000 1.087242
    29 0.534334 -0.269066 0.018936 -3.047540 -0.084662 0.175451
    30 1.019160 0.000002 -0.000001 0.000000 0.000000 0.449641
    31 0.591927 -0.092812 0.111916 -3.044020 -0.081575 0.092229
    32 1.149530 0.416493 -1.414110 1.637320 0.502658 0.152274
    33 -0.152565 -0.022695 0.475140 0.134276 0.161355 -0.294699
    34 1.263880 0.000000 -0.000001 0.000000 0.000000 0.095331
    35 0.204777 -0.431778 0.089654 0.168587 0.067859 -0.050505
    36 1.188936 0.000000 0.000001 -0.009661 -0.002767 -0.227690
    37 -0.017635 -0.420529 -0.022252 0.227339 0.046996 0.081353
    38 8.787259 -18.741522 -9.501508 -2.798279 -0.219086 -1.901474
    39 -10.722298 -0.506103 -0.017994 1.584990 0.010515 0.041378
    40 -8.798981 -10.335012 -9.505376 -2.118939 -0.307954 -1.086349
    41 0.294731 -0.017813 0.157481 0.029130 0.054919 0.004544
    42 5.740848 0.000000 -0.000001 0.000092 0.000000 -0.000008
    43 10.281296 -0.016083 0.132702 0.000149 0.000000 0.000000
    44 10.295597 0.000001 0.000000 2.651503 -0.299563 0.277971
    45 3.185547 1.208984 0.395264 1.726761 0.024381 1.531556
    46 0.000000 1.663440 1.993458 0.000000 0.000000 0.000000
    47 0.000000 0.079149 6.178666 -0.027841 0.000000 0.000000
    48 0.000002 3.466950 2.698286 -3.141593 0.005167 -3.141593
    49 0.032274 0.082292 -0.974221 0.000000 0.000000 0.000000
    50 0.283657 -0.262681 -0.016718 3.136930 0.073998 -0.078846
    51 3.323318 0.233760 -1.479091 0.471079 0.106875 1.379084
    52 0.422707 -0.406992 0.168743 -2.735260 0.184776 0.303777
    53 0.963103 0.000001 -0.000001 0.038624 -0.004207 0.700147
    54 0.441121 -0.147523 -0.014119 -2.793600 0.005348 0.279055
    55 0.682898 0.000000 0.000000 0.038160 -0.007314 0.781218
    56 0.382509 0.011353 0.014142 -2.816920 -0.081657 0.157045
    57 3.632760 0.059067 -0.757513 0.326256 0.151989 1.274562
    58 0.489260 -0.525216 0.053914 -3.074870 0.011878 0.210808
    59 1.500140 -0.000002 0.000000 0.027884 -0.039270 1.247669
    60 0.467742 -0.219619 0.031131 -3.081490 -0.013760 0.185349
    61 0.905654 0.000000 0.000000 -0.049232 -0.084570 0.688415
    62 0.503673 -0.044144 -0.005648 -3.101730 -0.045027 0.343288
    63 3.799520 0.014976 0.039936 0.327518 0.278809 1.147697
    64 0.352883 -0.530994 0.013656 3.048800 0.018771 0.168551
    65 1.774880 0.000001 0.000000 0.015546 -0.026854 1.207274
    66 0.123960 -0.267018 -0.045197 3.038230 0.016899 0.163207
    67 1.008841 0.000000 0.000000 0.007382 -0.033001 1.058830
    68 -0.091995 -0.117643 -0.068578 3.035060 0.049848 0.104967
    69 3.773758 0.133240 0.970555 0.009999 0.253119 0.024199
    70 0.266356 -0.315424 0.022796 2.894160 -0.011217 0.140937
    71 1.433460 -0.000001 0.000000 0.021781 -0.008209 0.379577
    72 0.232987 -0.175441 0.051954 2.850500 0.105025 0.006572
    73 1.019161 0.000000 0.000000 -0.061492 0.050146 0.902438
    74 0.199651 -0.182736 -0.019174 2.866800 0.015134 0.022335
    75 1.149521 0.416503 1.414108 -1.701746 0.225102 0.807917
    76 -0.259195 -0.126472 -0.187737 -0.320833 -0.178068 -0.144302
    77 1.263870 0.000000 0.000000 0.000000 0.000000 0.198808
    78 -0.023456 -0.272392 0.128637 -0.377946 -0.139541 -0.070537
    79 1.188940 0.000000 0.000000 0.006461 0.000254 0.052438
    80 -0.027065 -0.282838 0.274405 -0.453086 -0.085008 -0.010295
    81 -8.798981 -10.335012 -9.505376 -1.449306 -0.307962 -1.086473
    82 -10.722400 -0.506063 0.017998 0.014153 -0.011625 0.041372
    83 -2.488040 -20.831119 -3.205898 0.274545 -0.530897 0.506715
  time 54
    0 0.000000 0.000000 0.000000 3.137881 0.003712 -0.000007
    1 0.000000 1.433561 -0.231928 -1.570874 0.000048 0.673821
    2 8.787259 -18.745428 -9.493695 -0.992274 -0.219229 -1.900898
    3 0.237000 -0.019106 -0.353871 -0.031846 -0.060887 0.001610
    4 5.740851 0.000002 0.000000 0.000673 0.000000 0.000000
    5 10.321901 0.003155 0.187182 -0.229226 0.027369 0.027690
    6 10.295601 0.000000 0.000000 3.007585 0.164083 0.543804
    7 0.252449 -0.450151 0.014884 2.961090 -0.113350 -0.085454
    8 3.323328 0.233761 1.479089 -0.321684 0.298800 1.209744
    9 0.331326 -0.384609 -0.028515 2.751210 -0.062475 0.301804
    10 0.963098 0.000000 0.000000 -0.064977 0.023012 0.751147
    11 0.219801 -0.039763 0.000647 2.771360 0.018767 0.255174
    12 0.682896 0.000002 0.000000 -0.066587 -0.017219 0.158424
    13 0.237805 0.264544 -0.007074 2.776430 0.037665 -0.015667
    14 3.632759 0.059072 0.757512 -0.192431 0.136557 1.067344
    15 0.466810 -0.831947 0.013376 2.881400 0.028647 0.343212
    16 1.500140 0.000000 -0.000003 -0.043781 0.065572 1.274211
    17 0.319986 -0.324402 -0.027586 2.877640 0.022726 0.214012
    18 0.905666 0.000000 0.000001 -0.075085 -0.010253 0.144037
    19 0.492504 -0.086171 -0.084238 2.879510 0.064298 0.261627
    20 3.799519 0.014969 -0.039935 -0.137058 0.035139 0.868786
    21 0.217894 -0.825647 0.038806 3.038690 -0.013998 0.239370
    22 1.774879 -0.000002 0.000001 -0.001403 0.020401 1.600966
    23 -0.011930 -0.409492 0.022487 3.039220 -0.018455 0.224297
    24 1.008837 0.000001 -0.000001 -0.018804 0.000691 0.092863
    25 0.062305 -0.120462 0.017525 3.043570 -0.040149 0.014192
    26 3.773769 0.133240 -0.970558 -0.009171 0.182362 0.056112
    27 0.276640 -0.495263 -0.109455 -3.042850 -0.074739 0.140309
    28 1.433455 -0.000001 0.000002 0.000000 0.000000 1.087370
    29 0.534334 -0.269066 0.018936 -3.047540 -0.084662 0.175451
    30 1.019160 0.000002 -0.000001 0.000000 0.000000 0.449749
    31 0.591927 -0.092812 0.111916 -3.044020 -0.081575 0.092229
    32 1.149530 0.416493 -1.414110 1.637320 0.502658 0.152274
    33 -0.152565 -0.022695 0.475140 0.134276 0.161355 -0.294699
    34 1.263880 0.000000 -0.000001 0.000000 0.000000 0.095331
    35 0.204777 -0.431778 0.089654 0.168587 0.067859 -0.050505
    36 1.188936 0.000000 0.000001 -0.009661 -0.002767 -0.227690
    37 -0.017635 -0.420529 -0.022252 0.227339 0.046996 0.081353
    38 8.787259 -18.745428 -9.493695 -2.798167 -0.219158 -1.900813
    39 -10.722298 -0.506103 -0.017994 1.584990 0.010515 0.041378
    40 -8.795075 -10.350638 -9.497563 -2.119041 -0.307550 -1.086709
    41 0.294731 -0.017813 0.157481 0.029130 0.054919 0.004544
    42 5.740848 0.000000 -0.000001 0.000092 0.000000 -0.000008
    43 10.281296 -0.016083 0.132702 0.000149 0.000000 0.000000
    44 10.295597 0.000001 0.000000 2.651794 -0.300199 0.277067
    45 3.185547 1.208984 0.395264 1.726761 0.024381 1.531556
    46 0.000000 1.663440 1.993458 0.000000 0.000000 0.000000
    47 0.000000 0.079149 6.178666 -0.027841 0.000000 0.000000
    48 0.000002 3.466950 2.698286 -3.141593 0.005167 -3.141593
    49 0.032274 0.082292 -0.974221 0.000000 0.000000 0.000000
    50 0.283657 -0.262681 -0.016718 3.136930 0.073998 -0.078846
    51 3.323318 0.233760 -1.479091 0.471079 0.106875 1.379084
    52 0.422707 -0.406992 0.168743 -2.735260 0.184776 0.303777
    53 0.963103 0.000001 -0.000001 0.038612 -0.004207 0.700147
    54 0.441121 -0.147523 -0.014119 -2.793600 0.005348 0.279055
    55 0.682898 0.000000 0.000000 0.038160 -0.007314 0.781218
    56 0.382509 0.011353 0.014142 -2.816920 -0.081657 0.157045
    57 3.632760 0.059067 -0.757513 0.326256 0.151989 1.274562
    58 0.489260 -0.525216 0.053914 -3.074870 0.011878 0.210808
    59 1.500140 -0.000002 0.000000 0.027884 -0.039270 1.247669
    60 0.467742 -0.219619 0.031131 -3.081490 -0.013760 0.185349
    61 0.905654 0.000000 0.000000 -0.049232 -0.084570 0.688415
    62 0.503673 -0.044144 -0.005648 -3.101730 -0.045027 0.343288
    63 3.799520 0.014976 0.039936 0.327518 0.278809 1.147697
    64 0.352883 -0.530994 0.013656 3.048800 0.018771 0.168551
    65 1.774880 0.000001 0.000000 0.015546 -0.026854 1.207274
    66 0.123960 -0.267018 -0.045197 3.038230 0.016899 0.163207
    67 1.008841 0.000000 0.000000 0.007394 -0.033013 1.058830
    68 -0.091995 -0.117643 -0.068578 3.035060 0.049848 0.104967
    69 3.773758 0.133240 0.970555 0.009999 0.253119 0.024199
    70 0.266356 -0.315424 0.022796 2.894160 -0.011217 0.140937
    71 1.433460 -0.000001 0.000000 0.021781 -0.008209 0.379577
    72 0.232987 -0.175441 0.051954 2.850500 0.105025 0.006572
    73 1.019161 0.000000 0.000000 -0.061492 0.050146 0.902438
    74 0.199651 -0.182736 -0.019174 2.866800 0.015134 0.022335
    75 1.149521 0.416503 1.414108 -1.701746 0.225102 0.807917
    76 -0.259195 -0.126472 -0.187737 -0.320833 -0.178068 -0.144302
    77 1.263870 0.000000 0.000000 0.000000 0.000000 0.198808
    78 -0.023456 -0.272392 0.128637 -0.377946 -0.139541 -0.070537
    79 1.188940 0.000000 0.000000 0.006461 0.000254 0.052438
    80 -0.027065 -0.282838 0.274405 -0.453086 -0.085008 -0.010295
    81 -8.795075 -10.350638 -9.497563 -1.449383 -0.307650 -1.086781
    82 -10.722400 -0.506063 0.017998 0.014153 -0.011625 0.041372
    83 -2.488040 -20.846745 -3.198085 0.274488 -0.530976 0.507350
  time 55
    0 0.000000 0.000000 0.000000 3.137881 0.003712 -0.000007
    1 0.000000 1.453093 -0.231928 -1.570874 0.000048 0.658433
    2 8.787259 -18.745428 -9.493695 -0.992204 -0.219193 -1.900477
    3 0.237000 -0.019106 -0.353871 -0.031846 -0.060887 0.001610
    4 5.740851 0.000002 0.000000 0.000673 0.000000 -0.000012
    5 10.321901 0.003155 0.187182 -0.229226 0.027369 0.027690
    6 10.295601 0.000000 0.000000 3.007641 0.164176 0.543824
    7 0.252449 -0.450151 0.014884 2.961090 -0.113350 -0.085454
    8 3.323328 0.233761 1.479089 -0.321640 0.298874 1.209939
    9 0.331326 -0.384609 -0.028515 2.751210 -0.062475 0.301804
    10 0.963098 0.000000 0.000000 -0.064977 0.023012 0.751147
    11 0.219801 -0.039763 0.000647 2.771360 0.018767 0.255174
    12 0.682896 0.000002 0.000000 -0.066587 -0.017219 0.158424
    13 0.237805 0.264544 -0.007074 2.776430 0.037665 -0.015667
    14 3.632759 0.059072 0.757512 -0.192407 0.136629 1.067559
    15 0.466810 -0.831947 0.013376 2.881400 0.028647 0.343212
    16 1.500140 0.000000 -0.000003 -0.043781 0.065584 1.274421
    17 0.319986 -0.324402 -0.027586 2.877640 0.022726 0.214012
    18 0.905666 0.000000 0.000001 -0.075085 -0.010253 0.144037
    19 0.492504 -0.086171 -0.084238 2.879510 0.064298 0.261627
    20 3.799519 0.014969 -0.039935 -0.137106 0.035175 0.868985
    21 0.217894 -0.825647 0.038806 3.038690 -0.013998 0.239370
    22 1.774879 -0.000002 0.000001 -0.001403 0.020401 1.601215
    23 -0.011930 -0.409492 0.022487 3.039220 -0.018455 0.224297
    24 1.008837 0.000001 -0.000001 -0.018804 0.000691 0.092863
    25 0.062305 -0.120462 0.017525 3.043570 -0.040149 0.014192
    26 3.773769 0.133240 -0.970558 -0.009171 0.182362 0.056112
    27 0.276640 -0.495263 -0.109455 -3.042850 -0.074739 0.140309
    28 1.433455 -0.000001 0.000002 0.000000 0.000000 1.087370
    29 0.534334 -0.269066 0.018936 -3.047540 -0.084662 0.175451
    30 1.019160 0.000002 -0.000001 0.000000 0.000000 0.449809
    31 0.591927 -0.092812 0.111916 -3.044020 -0.081575 0.092229
    32 1.149530 0.416493 -1.414110 1.637320 0.502658 0.152274
    33 -0.152565 -0.022695 0.475140 0.134276 0.161355 -0.294699
    34 1.263880 0.000000 -0.000001 0.000000 0.000000 0.095331
    35 0.204777 -0.431778 0.089654 0.168587 0.067859 -0.050505
    36 1.188936 0.000000 0.000001 -0.009661 -0.002767 -0.227690
    37 -0.017635 -0.420529 -0.022252 0.227339 0.046996 0.081353
    38 8.787259 -18.745428 -9.493695 -2.798167 -0.219195 -1.900392
    39 -10.722298 -0.506103 -0.017994 1.584990 0.010515 0.041378
    40 -8.791168 -10.358450 -9.497563 -2.119092 -0.307329 -1.086914
    41 0.294731 -0.017813 0.157481 0.029130 0.054919 0.004544
    42 5.740848 0.000000 -0.000001 0.000092 0.000000 -0.000008
    43 10.281296 -0.016083 0.132702 0.000149 0.000000 0.000000
    44 10.295597 0.000001 0.000000 2.651988 -0.300552 0.276503
    45 3.185547 1.208984 0.395264 1.726761 0.024381 1.531556
    46 0.000000 1.663440 1.993458 0.000000 0.000000 0.000000
    47 0.000000 0.079149 6.178666 -0.027841 0.000000 0.000000
    48 0.000002 3.466950 2.698286 -3.141593 0.005167 -3.141593
    49 0.032274 0.082292 -0.974221 0.000000 0.000000 0.000000
    50 0.283657 -0.262681 -0.016718 3.136930 0.073998 -0.078846
    51 3.323318 0.233760 -1.479091 0.471079 0.106875 1.379084
    52 0.422707 -0.406992 0.168743 -2.735260 0.184776 0.303777
    53 0.963103 0.000001 -0.000001 0.038612 -0.004207 0.700147
    54 0.441121 -0.147523 -0.014119 -2.793600 0.005348 0.279055
    55 0.682898 0.000000 0.000000 0.038160 -0.007314 0.781218
    56 0.382509 0.011353 0.014142 -2.816920 -0.081657 0.157045
    57 3.632760 0.059067 -0.757513 0.326256 0.151989 1.274562
    58 0.489260 -0.525216 0.053914 -3.074870 0.011878 0.210808
    59 1.500140 -0.000002 0.000000 0.027884 -0.039270 1.247669
    60 0.467742 -0.219619 0.031131 -3.081490 -0.013760 0.185349
    61 0.905654 0.000000 0.000000 -0.049232 -0.084570 0.688415
    62 0.503673 -0.044144 -0.005648 -3.101730 -0.045027 0.343288
    63 3.799520 0.014976 0.039936 0.327518 0.278809 1.147697
    64 0.352883 -0.530994 0.013656 3.048800 0.018771 0.168551
    65 1.774880 0.000001 0.000000 0.015546 -0.026854 1.207274
    66 0.123960 -0.267018 -0.045197 3.038230 0.016899 0.163207
    67 1.008841 0.000000 0.000000 0.007382 -0.033001 1.058830
    68 -0.091995 -0.117643 -0.068578 3.035060 0.049848 0.104967
    69 3.773758 0.133240 0.970555 0.009999 0.253119 0.024199
    70 0.266356 -0.315424 0.022796 2.894160 -0.011217 0.140937
    71 1.433460 -0.000001 0.000000 0.021781 -0.008209 0.379577
    72 0.232987 -0.175441 0.051954 2.850500 0.105025 0.006572
    73 1.019161 0.000000 0.000000 -0.061492 0.050146 0.902438
    74 0.199651 -0.182736 -0.019174 2.866800 0.015134 0.022335
    75 1.149521 0.416503 1.414108 -1.701746 0.225102 0.807917
    76 -0.259195 -0.126472 -0.187737 -0.320833 -0.178068 -0.144302
    77 1.263870 0.000000 0.000000 0.000000 0.000000 0.198808
    78 -0.023456 -0.272392 0.128637 -0.377946 -0.139541 -0.070537
    79 1.188940 0.000000 0.000000 0.006461 0.000254 0.052438
    80 -0.027065 -0.282838 0.274405 -0.453086 -0.085008 -0.010295
    81 -8.791168 -10.358450 -9.497563 -1.449435 -0.307503 -1.087038
    82 -10.722400 -0.506063 0.017998 0.014153 -0.011625 0.041372
    83 -2.484133 -20.854557 -3.198085 0.274402 -0.531016 0.507604
  time 56
    0 0.000000 0.000000 0.000000 3.137881 0.003712 -0.000007
    1 0.000000 1.476531 -0.239741 -1.570874 0.000048 0.643237
    2 8.787259 -18.745428 -9.493695 -0.992204 -0.219193 -1.900297
    3 0.237000 -0.019106 -0.353871 -0.031846 -0.060887 0.001610
    4 5.740851 0.000002 0.000000 0.000673 0.000000 -0.000012
    5 10.321901 0.003155 0.187182 -0.229226 0.027369 0.027690
    6 10.295601 0.000000 0.000000 3.007734 0.164207 0.543824
    7 0.252449 -0.450151 0.014884 2.961090 -0.113350 -0.085454
    8 3.323328 0.233761 1.479089 -0.321640 0.298886 1.209874
    9 0.331326 -0.384609 -0.028515 2.751210 -0.062475 0.301804
    10 0.963098 0.000000 0.000000 -0.064977 0.023012 0.751147
    11 0.219801 -0.039763 0.000647 2.771360 0.018767 0.255174
    12 0.682896 0.000002 0.000000 -0.066587 -0.017231 0.158368
    13 0.237805 0.264544 -0.007074 2.776430 0.037665 -0.015667
    14 3.632759 0.059072 0.757512 -0.192371 0.136653 1.067630
    15 0.466810 -0.831947 0.013376 2.881400 0.028647 0.343212
    16 1.500140 0.000000 -0.000003 -0.043769 0.065584 1.274444
    17 0.319986 -0.324402 -0.027586 2.877640 0.022726 0.214012
    18 0.905666 0.000000 0.000001 -0.075085 -0.010253 0.144037
    19 0.492504 -0.086171 -0.084238 2.879510 0.064298 0.261627
    20 3.799519 0.014969 -0.039935 -0.137129 0.035187 0.869060
    21 0.217894 -0.825647 0.038806 3.038690 -0.013998 0.239370
    22 1.774879 -0.000002 0.000001 -0.001403 0.020401 1.601287
    23 -0.011930 -0.409492 0.022487 3.039220 -0.018455 0.224297
    24 1.008837 0.000001 -0.000001 -0.018804 0.000691 0.092863
    25 0.062305 -0.120462 0.017525 3.043570 -0.040149 0.014192
    26 3.773769 0.133240 -0.970558 -0.009171 0.182362 0.056088
    27 0.276640 -0.495263 -0.109455 -3.042850 -0.074739 0.140309
    28 1.433455 -0.000001 0.000002 0.000000 0.000000 1.087370
    29 0.534334 -0.269066 0.018936 -3.047540 -0.084662 0.175451
    30 1.019160 0.000002 -0.000001 0.000000 0.000000 0.449833
    31 0.591927 -0.092812 0.111916 -3.044020 -0.081575 0.092229
    32 1.149530 0.416493 -1.414110 1.637320 0.502658 0.152274
    33 -0.152565 -0.022695 0.475140 0.134276 0.161355 -0.294699
    34 1.263880 0.000000 -0.000001 0.000000 0.000000 0.095331
    35 0.204777 -0.431778 0.089654 0.168587 0.067859 -0.050505
    36 1.188936 0.000000 0.000001 -0.009661 -0.002767 -0.227690
    37 -0.017635 -0.420529 -0.022252 0.227339 0.046996 0.081353
    38 8.787259 -18.745428 -9.493695 -2.798167 -0.219195 -1.900272
    39 -10.722298 -0.506103 -0.017994 1.584990 0.010515 0.041378
    40 -8.791168 -10.362357 -9.497563 -2.119092 -0.307219 -1.087017
    41 0.294731 -0.017813 0.157481 0.029130 0.054919 0.004544
    42 5.740848 0.000000 -0.000001 0.000092 0.000000 -0.000008
    43 10.281296 -0.016083 0.132702 0.000149 0.000000 0.000000
    44 10.295597 0.000001 0.000000 2.652133 -0.300658 0.276239
    45 3.185547 1.208984 0.395264 1.726761 0.024381 1.531556
    46 0.000000 1.663440 1.993458 0.000000 0.000000 0.000000
    47 0.000000 0.079149 6.178666 -0.027841 0.000000 0.000000
    48 0.000002 3.466950 2.698286 -3.141593 0.005167 -3.141593
    49 0.032274 0.082292 -0.974221 0.000000 0.000000 0.000000
    50 0.283657 -0.262681 -0.016718 3.136930 0.073998 -0.078846
    51 3.323318 0.233760 -1.479091 0.471079 0.106875 1.379084
    52 0.422707 -0.406992 0.168743 -2.735260 0.184776 0.303777
    53 0.963103 0.000001 -0.000001 0.038624 -0.004207 0.700147
    54 0.441121 -0.147523 -0.014119 -2.793600 0.005348 0.279055
    55 0.682898 0.000000 0.000000 0.038160 -0.007314 0.781218
    56 0.382509 0.011353 0.014142 -2.816920 -0.081657 0.157045
    57 3.632760 0.059067 -0.757513 0.326256 0.151989 1.274562
    58 0.489260 -0.525216 0.053914 -3.074870 0.011878 0.210808
    59 1.500140 -0.000002 0.000000 0.027884 -0.039270 1.247669
    60 0.467742 -0.219619 0.031131 -3.081490 -0.013760 0.185349
    61 0.905654 0.000000 0.000000 -0.049232 -0.084570 0.688415
    62 0.503673 -0.044144 -0.005648 -3.101730 -0.045027 0.343288
    63 3.799520 0.014976 0.039936 0.327518 0.278809 1.147697
    64 0.352883 -0.530994 0.013656 3.048800 0.018771 0.168551
    65 1.774880 0.000001 0.000000 0.015546 -0.026854 1.207274
    66 0.123960 -0.267018 -0.045197 3.038230 0.016899 0.163207
    67 1.008841 0.000000 0.000000 0.007382 -0.033001 1.058830
    68 -0.091995 -0.117643 -0.068578 3.035060 0.049848 0.104967
    69 3.773758 0.133240 0.970555 0.009999 0.253119 0.024199
    70 0.266356 -0.315424 0.022796 2.894160 -0.011217 0.140937
    71 1.433460 -0.000001 0.000000 0.021781 -0.008209 0.379577
    72 0.232987 -0.175441 0.051954 2.850500 0.105025 0.006572
    73 1.019161 0.000000 0.000000 -0.061492 0.050146 0.902438
    74 0.199651 -0.182736 -0.019174 2.866800 0.015134 0.022335
    75 1.149521 0.416503 1.414108 -1.701746 0.225102 0.807917
    76 -0.259195 -0.126472 -0.187737 -0.320833 -0.178068 -0.144302
    77 1.263870 0.000000 0.000000 0.000000 0.000000 0.198808
    78 -0.023456 -0.272392 0.128637 -0.377946 -0.139541 -0.070537
    79 1.188940 0.000000 0.000000 0.006461 0.000254 0.052438
    80 -0.027065 -0.282838 0.274405 -0.453086 -0.085008 -0.010295
    81 -8.791168 -10.362357 -9.497563 -1.449435 -0.307429 -1.087141
    82 -10.722400 -0.506063 0.017998 0.014153 -0.011625 0.041372
    83 -2.484133 -20.858464 -3.198085 0.274288 -0.531095 0.507858
  time 57
    0 0.000000 0.000000 0.000000 3.137881 0.003712 -0.000007
    1 0.000000 1.503876 -0.243647 -1.570874 0.000048 0.627992
    2 8.787259 -18.745428 -9.501508 -0.992274 -0.219157 -1.900417
    3 0.237000 -0.019106 -0.353871 -0.031846 -0.060887 0.001610
    4 5.740851 0.000002 0.000000 0.000673 0.000000 0.000000
    5 10.321901 0.003155 0.187182 -0.229226 0.027369 0.027690
    6 10.295601 0.000000 0.000000 3.007734 0.164207 0.543844
    7 0.252449 -0.450151 0.014884 2.961090 -0.113350 -0.085454
    8 3.323328 0.233761 1.479089 -0.321684 0.298837 1.209744
    9 0.331326 -0.384609 -0.028515 2.751210 -0.062475 0.301804
    10 0.963098 0.000000 0.000000 -0.064977 0.023012 0.751147
    11 0.219801 -0.039763 0.000647 2.771360 0.018767 0.255174
    12 0.682896 0.000002 0.000000 -0.066587 -0.017231 0.158368
    13 0.237805 0.264544 -0.007074 2.776430 0.037665 -0.015667
    14 3.632759 0.059072 0.757512 -0.192371 0.136605 1.067535
    15 0.466810 -0.831947 0.013376 2.881400 0.028647 0.343212
    16 1.500140 0.000000 -0.000003 -0.043769 0.065524 1.274351
    17 0.319986 -0.324402 -0.027586 2.877640 0.022726 0.214012
    18 0.905666 0.000000 0.000001 -0.075085 -0.010253 0.144037
    19 0.492504 -0.086171 -0.084238 2.879510 0.064298 0.261627
    20 3.799519 0.014969 -0.039935 -0.137106 0.035175 0.868911
    21 0.217894 -0.825647 0.038806 3.038690 -0.013998 0.239370
    22 1.774879 -0.000002 0.000001 -0.001403 0.020401 1.601037
    23 -0.011930 -0.409492 0.022487 3.039220 -0.018455 0.224297
    24 1.008837 0.000001 -0.000001 -0.018804 0.000691 0.092863
    25 0.062305 -0.120462 0.017525 3.043570 -0.040149 0.014192
    26 3.773769 0.133240 -0.970558 -0.009171 0.182362 0.056004
    27 0.276640 -0.495263 -0.109455 -3.042850 -0.074739 0.140309
    28 1.433455 -0.000001 0.000002 0.000000 0.000000 1.087370
    29 0.534334 -0.269066 0.018936 -3.047540 -0.084662 0.175451
    30 1.019160 0.000002 -0.000001 0.000000 0.000000 0.449833
    31 0.591927 -0.092812 0.111916 -3.044020 -0.081575 0.092229
    32 1.149530 0.416493 -1.414110 1.637320 0.502658 0.152274
    33 -0.152565 -0.022695 0.475140 0.134276 0.161355 -0.294699
    34 1.263880 0.000000 -0.000001 0.000000 0.000000 0.095331
    35 0.204777 -0.431778 0.089654 0.168587 0.067859 -0.050505
    36 1.188936 0.000000 0.000001 -0.009661 -0.002767 -0.227690
    37 -0.017635 -0.420529 -0.022252 0.227339 0.046996 0.081353
    38 8.787259 -18.745428 -9.501508 -2.798279 -0.219158 -1.900392
    39 -10.722298 -0.506103 -0.017994 1.584990 0.010515 0.041378
    40 -8.791168 -10.362357 -9.497563 -2.119041 -0.307274 -1.087017
    41 0.294731 -0.017813 0.157481 0.029130 0.054919 0.004544
    42 5.740848 0.000000 -0.000001 0.000092 0.000000 -0.000008
    43 10.281296 -0.016083 0.132702 0.000149 0.000000 0.000000
    44 10.295597 0.000001 0.000000 2.652133 -0.300411 0.276427
    45 3.185547 1.208984 0.395264 1.726761 0.024381 1.531556
    46 0.000000 1.663440 1.993458 0.000000 0.000000 0.000000
    47 0.000000 0.079149 6.178666 -0.027841 0.000000 0.000000
    48 0.000002 3.466950 2.698286 -3.141593 0.005167 -3.141593
    49 0.032274 0.082292 -0.974221 0.000000 0.000000 0.000000
    50 0.283657 -0.262681 -0.016718 3.136930 0.073998 -0.078846
    51 3.323318 0.233760 -1.479091 0.471079 0.106875 1.379084
    52 0.422707 -0.406992 0.168743 -2.735260 0.184776 0.303777
    53 0.963103 0.000001 -0.000001 0.038624 -0.004207 0.700147
    54 0.441121 -0.147523 -0.014119 -2.793600 0.005348 0.279055
    55 0.682898 0.000000 0.000000 0.038160 -0.007314 0.781218
    56 0.382509 0.011353 0.014142 -2.816920 -0.081657 0.157045
    57 3.632760 0.059067 -0.757513 0.326256 0.151989 1.274562
    58 0.489260 -0.525216 0.053914 -3.074870 0.011878 0.210808
    59 1.500140 -0.000002 0.000000 0.027884 -0.039270 1.247669
    60 0.467742 -0.219619 0.031131 -3.081490 -0.013760 0.185349
    61 0.905654 0.000000 0.000000 -0.049232 -0.084570 0.688415
    62 0.503673 -0.044144 -0.005648 -3.101730 -0.045027 0.343288
    63 3.799520 0.014976 0.039936 0.327518 0.278809 1.147697
    64 0.352883 -0.530994 0.013656 3.048800 0.018771 0.168551
    65 1.774880 0.000001 0.000000 0.015546 -0.026854 1.207274
    66 0.123960 -0.267018 -0.045197 3.038230 0.016899 0.163207
    67 1.008841 0.000000 0.000000 0.007382 -0.033001 1.058862
    68 -0.091995 -0.117643 -0.068578 3.035060 0.049848 0.104967
    69 3.773758 0.133240 0.970555 0.009999 0.253119 0.024199
    70 0.266356 -0.315424 0.022796 2.894160 -0.011217 0.140937
    71 1.433460 -0.000001 0.000000 0.021781 -0.008209 0.379577
    72 0.232987 -0.175441 0.051954 2.850500 0.105025 0.006572
    73 1.019161 0.000000 0.000000 -0.061492 0.050146 0.902438
    74 0.199651 -0.182736 -0.019174 2.866800 0.015134 0.022335
    75 1.149521 0.416503 1.414108 -1.701746 0.225102 0.807917
    76 -0.259195 -0.126472 -0.187737 -0.320833 -0.178068 -0.144302
    77 1.263870 0.000000 0.000000 0.000000 0.000000 0.198808
    78 -0.023456 -0.272392 0.128637 -0.377946 -0.139541 -0.070537
    79 1.188940 0.000000 0.000000 0.006461 0.000254 0.052438
    80 -0.027065 -0.282838 0.274405 -0.453086 -0.085008 -0.010295
    81 -8.791168 -10.362357 -9.497563 -1.449435 -0.307429 -1.087141
    82 -10.722400 -0.506063 0.017998 0.014153 -0.011625 0.041372
    83 -2.484133 -20.858464 -3.198085 0.274288 -0.531174 0.507477
  time 58
    0 0.000000 0.000000 0.000000 3.137881 0.003712 -0.000007
    1 0.000000 1.531220 -0.243647 -1.570874 0.000048 0.613036
    2 8.783352 -18.741522 -9.501508 -0.992344 -0.218904 -1.900838
    3 0.237000 -0.019106 -0.353871 -0.031846 -0.060887 0.001610
    4 5.740851 0.000002 0.000000 0.000673 0.000000 0.000000
    5 10.321901 0.003155 0.187182 -0.229226 0.027369 0.027690
    6 10.295601 0.000000 0.000000 3.007585 0.164176 0.543625
    7 0.252449 -0.450151 0.014884 2.961090 -0.113350 -0.085454
    8 3.323328 0.233761 1.479089 -0.321728 0.298641 1.209398
    9 0.331326 -0.384609 -0.028515 2.751210 -0.062475 0.301804
    10 0.963098 0.000000 0.000000 -0.064977 0.023012 0.751147
    11 0.219801 -0.039763 0.000647 2.771360 0.018767 0.255174
    12 0.682896 0.000002 0.000000 -0.066587 -0.017231 0.158368
    13 0.237805 0.264544 -0.007074 2.776430 0.037665 -0.015667
    14 3.632759 0.059072 0.757512 -0.192383 0.136485 1.067083
    15 0.466810 -0.831947 0.013376 2.881400 0.028647 0.343212
    16 1.500140 0.000000 -0.000003 -0.043781 0.065452 1.273908
    17 0.319986 -0.324402 -0.027586 2.877640 0.022726 0.214012
    18 0.905666 0.000000 0.000001 -0.075085 -0.010253 0.143986
    19 0.492504 -0.086171 -0.084238 2.879510 0.064298 0.261627
    20 3.799519 0.014969 -0.039935 -0.137070 0.035115 0.868438
    21 0.217894 -0.825647 0.038806 3.038690 -0.013998 0.239370
    22 1.774879 -0.000002 0.000001 -0.001415 0.020401 1.600359
    23 -0.011930 -0.409492 0.022487 3.039220 -0.018455 0.224297
    24 1.008837 0.000001 -0.000001 -0.018804 0.000691 0.092818
    25 0.062305 -0.120462 0.017525 3.043570 -0.040149 0.014192
    26 3.773769 0.133240 -0.970558 -0.009195 0.182362 0.055920
    27 0.276640 -0.495263 -0.109455 -3.042850 -0.074739 0.140309
    28 1.433455 -0.000001 0.000002 0.000000 0.000000 1.087270
    29 0.534334 -0.269066 0.018936 -3.047540 -0.084662 0.175451
    30 1.019160 0.000002 -0.000001 0.000000 0.000000 0.449773
    31 0.591927 -0.092812 0.111916 -3.044020 -0.081575 0.092229
    32 1.149530 0.416493 -1.414110 1.637320 0.502658 0.152274
    33 -0.152565 -0.022695 0.475140 0.134276 0.161355 -0.294699
    34 1.263880 0.000000 -0.000001 0.000000 0.000000 0.095331
    35 0.204777 -0.431778 0.089654 0.168587 0.067859 -0.050505
    36 1.188936 0.000000 0.000001 -0.009661 -0.002767 -0.227690
    37 -0.017635 -0.420529 -0.022252 0.227339 0.046996 0.081353
    38 8.783352 -18.741522 -9.501508 -2.798279 -0.218905 -1.900873
    39 -10.722298 -0.506103 -0.017994 1.584990 0.010515 0.041378
    40 -8.791168 -10.358450 -9.497563 -2.118990 -0.307513 -1.086863
    41 0.294731 -0.017813 0.157481 0.029130 0.054919 0.004544
    42 5.740848 0.000000 -0.000001 0.000092 0.000000 -0.000008
    43 10.281296 -0.016083 0.132702 0.000149 0.000000 0.000000
    44 10.295597 0.000001 0.000000 2.651697 -0.299987 0.277143
    45 3.185547 1.208984 0.395264 1.726761 0.024381 1.531556
    46 0.000000 1.663440 1.993458 0.000000 0.000000 0.000000
    47 0.000000 0.079149 6.178666 -0.027841 0.000000 0.000000
    48 0.000002 3.466950 2.698286 -3.141593 0.005167 -3.141593
    49 0.032274 0.082292 -0.974221 0.000000 0.000000 0.000000
    50 0.283657 -0.262681 -0.016718 3.136930 0.073998 -0.078846
    51 3.323318 0.233760 -1.479091 0.471079 0.106875 1.379084
    52 0.422707 -0.406992 0.168743 -2.735260 0.184776 0.303777
    53 0.963103 0.000001 -0.000001 0.038612 -0.004207 0.700147
    54 0.441121 -0.147523 -0.014119 -2.793600 0.005348 0.279055
    55 0.682898 0.000000 0.000000 0.038160 -0.007314 0.781218
    56 0.382509 0.011353 0.014142 -2.816920 -0.081657 0.157045
    57 3.632760 0.059067 -0.757513 0.326256 0.151989 1.274562
    58 0.489260 -0.525216 0.053914 -3.074870 0.011878 0.210808
    59 1.500140 -0.000002 0.000000 0.027884 -0.039270 1.247669
    60 0.467742 -0.219619 0.031131 -3.081490 -0.013760 0.185349
    61 0.905654 0.000000 0.000000 -0.049232 -0.084570 0.688415
    62 0.503673 -0.044144 -0.005648 -3.101730 -0.045027 0.343288
    63 3.799520 0.014976 0.039936 0.327518 0.278809 1.147697
    64 0.352883 -0.530994 0.013656 3.048800 0.018771 0.168551
    65 1.774880 0.000001 0.000000 0.015546 -0.026854 1.207274
    66 0.123960 -0.267018 -0.045197 3.038230 0.016899 0.163207
    67 1.008841 0.000000 0.000000 0.007382 -0.033013 1.058830
    68 -0.091995 -0.117643 -0.068578 3.035060 0.049848 0.104967
    69 3.773758 0.133240 0.970555 0.009999 0.253119 0.024199
    70 0.266356 -0.315424 0.022796 2.894160 -0.011217 0.140937
    71 1.433460 -0.000001 0.000000 0.021781 -0.008209 0.379577
    72 0.232987 -0.175441 0.051954 2.850500 0.105025 0.006572
    73 1.019161 0.000000 0.000000 -0.061492 0.050146 0.902438
    74 0.199651 -0.182736 -0.019174 2.866800 0.015134 0.022335
    75 1.149521 0.416503 1.414108 -1.701746 0.225102 0.807917
    76 -0.259195 -0.126472 -0.187737 -0.320833 -0.178068 -0.144302
    77 1.263870 0.000000 0.000000 0.000000 0.000000 0.198808
    78 -0.023456 -0.272392 0.128637 -0.377946 -0.139541 -0.070537
    79 1.188940 0.000000 0.000000 0.006461 0.000254 0.052438
    80 -0.027065 -0.282838 0.274405 -0.453086 -0.085008 -0.010295
    81 -8.791168 -10.358450 -9.497563 -1.449435 -0.307558 -1.086884
    82 -10.722400 -0.506063 0.017998 0.014153 -0.011625 0.041372
    83 -2.484133 -20.858464 -3.198085 0.274488 -0.530976 0.506969
  time 59
    0 0.000000 0.000000 0.000000 3.137881 0.003712 -0.000007
    1 0.000000 1.550752 -0.251460 -1.570874 0.000048 0.598127
    2 8.783352 -18.737615 -9.501508 -0.992437 -0.218506 -1.901559
    3 0.237000 -0.019106 -0.353871 -0.031846 -0.060887 0.001610
    4 5.740851 0.000002 0.000000 0.000673 0.000000 -0.000012
    5 10.321901 0.003155 0.187182 -0.229226 0.027369 0.027690
    6 10.295601 0.000000 0.000000 3.007099 0.164021 0.543166
    7 0.252449 -0.450151 0.014884 2.961090 -0.113350 -0.085454
    8 3.323328 0.233761 1.479089 -0.321772 0.298224 1.208749
    9 0.331326 -0.384609 -0.028515 2.751210 -0.062475 0.301804
    10 0.963098 0.000000 0.000000 -0.064977 0.023012 0.751147
    11 0.219801 -0.039763 0.000647 2.771360 0.018767 0.255174
    12 0.682896 0.000002 0.000000 -0.066587 -0.017231 0.158368
    13 0.237805 0.264544 -0.007074 2.776430 0.037665 -0.015667
    14 3.632759 0.059072 0.757512 -0.192407 0.136317 1.066393
    15 0.466810 -0.831947 0.013376 2.881400 0.028647 0.343212
    16 1.500140 0.000000 -0.000003 -0.043793 0.065428 1.273255
    17 0.319986 -0.324402 -0.027586 2.877640 0.022726 0.214012
    18 0.905666 0.000000 0.000001 -0.075085 -0.010253 0.143961
    19 0.492504 -0.086171 -0.084238 2.879510 0.064298 0.261627
    20 3.799519 0.014969 -0.039935 -0.137034 0.035031 0.867741
    21 0.217894 -0.825647 0.038806 3.038690 -0.013998 0.239370
    22 1.774879 -0.000002 0.000001 -0.001463 0.020389 1.599360
    23 -0.011930 -0.409492 0.022487 3.039220 -0.018455 0.224297
    24 1.008837 0.000001 -0.000001 -0.018804 0.000691 0.092773
    25 0.062305 -0.120462 0.017525 3.043570 -0.040149 0.014192
    26 3.773769 0.133240 -0.970558 -0.009207 0.182338 0.055740
    27 0.276640 -0.495263 -0.109455 -3.042850 -0.074739 0.140309
    28 1.433455 -0.000001 0.000002 0.000000 0.000000 1.086843
    29 0.534334 -0.269066 0.018936 -3.047540 -0.084662 0.175451
    30 1.019160 0.000002 -0.000001 0.000000 0.000000 0.449617
    31 0.591927 -0.092812 0.111916 -3.044020 -0.081575 0.092229
    32 1.149530 0.416493 -1.414110 1.637320 0.502658 0.152274
    33 -0.152565 -0.022695 0.475140 0.134276 0.161355 -0.294699
    34 1.263880 0.000000 -0.000001 0.000000 0.000000 0.095331
    35 0.204777 -0.431778 0.089654 0.168587 0.067859 -0.050505
    36 1.188936 0.000000 0.000001 -0.009661 -0.002767 -0.227690
    37 -0.017635 -0.420529 -0.022252 0.227339 0.046996 0.081353
    38 8.783352 -18.737615 -9.501508 -2.798346 -0.218507 -1.901594
    39 -10.722298 -0.506103 -0.017994 1.584990 0.010515 0.041378
    40 -8.798981 -10.346731 -9.501470 -2.118939 -0.307770 -1.086452
    41 0.294731 -0.017813 0.157481 0.029130 0.054919 0.004544
    42 5.740848 0.000000 -0.000001 0.000092 0.000000 -0.000008
    43 10.281296 -0.016083 0.132702 0.000149 0.000000 0.000000
    44 10.295597 0.000001 0.000000 2.651164 -0.299263 0.278347
    45 3.185547 1.208984 0.395264 1.726761 0.024381 1.531556
    46 0.000000 1.663440 1.993458 0.000000 0.000000 0.000000
    47 0.000000 0.079149 6.178666 -0.027841 0.000000 0.000000
    48 0.000002 3.466950 2.698286 -3.141593 0.005167 -3.141593
    49 0.032274 0.082292 -0.974221 0.000000 0.000000 0.000000
    50 0.283657 -0.262681 -0.016718 3.136930 0.073998 -0.078846
    51 3.323318 0.233760 -1.479091 0.471079 0.106875 1.379084
    52 0.422707 -0.406992 0.168743 -2.735260 0.184776 0.303777
    53 0.963103 0.000001 -0.000001 0.038612 -0.004207 0.700147
    54 0.441121 -0.147523 -0.014119 -2.793600 0.005348 0.279055
    55 0.682898 0.000000 0.000000 0.038160 -0.007314 0.781218
    56 0.382509 0.011353 0.014142 -2.816920 -0.081657 0.157045
    57 3.632760 0.059067 -0.757513 0.326256 0.151989 1.274562
    58 0.489260 -0.525216 0.053914 -3.074870 0.011878 0.210808
    59 1.500140 -0.000002 0.000000 0.027884 -0.039270 1.247669
    60 0.467742 -0.219619 0.031131 -3.081490 -0.013760 0.185349
    61 0.905654 0.000000 0.000000 -0.049232 -0.084570 0.688415
    62 0.503673 -0.044144 -0.005648 -3.101730 -0.045027 0.343288
    63 3.799520 0.014976 0.039936 0.327518 0.278809 1.147697
    64 0.352883 -0.530994 0.013656 3.048800 0.018771 0.168551
    65 1.774880 0.000001 0.000000 0.015546 -0.026854 1.207274
    66 0.123960 -0.267018 -0.045197 3.038230 0.016899 0.163207
    67 1.008841 0.000000 0.000000 0.007382 -0.033001 1.058830
    68 -0.091995 -0.117643 -0.068578 3.035060 0.049848 0.104967
    69 3.773758 0.133240 0.970555 0.009999 0.253119 0.024199
    70 0.266356 -0.315424 0.022796 2.894160 -0.011217 0.140937
    71 1.433460 -0.000001 0.000000 0.021781 -0.008209 0.379577
    72 0.232987 -0.175441 0.051954 2.850500 0.105025 0.006572
    73 1.019161 0.000000 0.000000 -0.061492 0.050146 0.902438
    74 0.199651 -0.182736 -0.019174 2.866800 0.015134 0.022335
    75 1.149521 0.416503 1.414108 -1.701746 0.225102 0.807917
    76 -0.259195 -0.126472 -0.187737 -0.320833 -0.178068 -0.144302
    77 1.263870 0.000000 0.000000 0.000000 0.000000 0.198808
    78 -0.023456 -0.272392 0.128637 -0.377946 -0.139541 -0.070537
    79 1.188940 0.000000 0.000000 0.006461 0.000254 0.052438
    80 -0.027065 -0.282838 0.274405 -0.453086 -0.085008 -0.010295
    81 -8.798981 -10.346731 -9.501470 -1.449306 -0.307870 -1.086473
    82 -10.722400 -0.506063 0.017998 0.014153 -0.011625 0.041372
    83 -2.488040 -20.846745 -3.205898 0.274859 -0.530620 0.505953
  time 60
    0 0.000000 0.000000 0.000000 3.137881 0.003712 -0.000007
    1 0.000000 1.574190 -0.251460 -1.570874 0.000048 0.583314
    2 8.783352 -18.729803 -9.509321 -0.992577 -0.218036 -1.902581
    3 0.237000 -0.019106 -0.353871 -0.031846 -0.060887 0.001610
    4 5.740851 0.000002 0.000000 0.000673 0.000000 0.000000
    5 10.321901 0.003155 0.187182 -0.229226 0.027369 0.027690
    6 10.295601 0.000000 0.000000 3.006465 0.163867 0.542648
    7 0.252449 -0.450151 0.014884 2.961090 -0.113350 -0.085454
    8 3.323328 0.233761 1.479089 -0.321889 0.297770 1.207883
    9 0.331326 -0.384609 -0.028515 2.751210 -0.062475 0.301804
    10 0.963098 0.000000 0.000000 -0.064989 0.023012 0.751041
    11 0.219801 -0.039763 0.000647 2.771360 0.018767 0.255174
    12 0.682896 0.000002 0.000000 -0.066587 -0.017231 0.158368
    13 0.237805 0.264544 -0.007074 2.776430 0.037665 -0.015667
    14 3.632759 0.059072 0.757512 -0.192443 0.136113 1.065441
    15 0.466810 -0.831947 0.013376 2.881400 0.028647 0.343212
    16 1.500140 0.000000 -0.000003 -0.043829 0.065416 1.272276
    17 0.319986 -0.324402 -0.027586 2.877640 0.022726 0.214012
    18 0.905666 0.000000 0.000001 -0.075085 -0.010253 0.143910
    19 0.492504 -0.086171 -0.084238 2.879510 0.064298 0.261627
    20 3.799519 0.014969 -0.039935 -0.136998 0.034924 0.866746
    21 0.217894 -0.825647 0.038806 3.038690 -0.013998 0.239370
    22 1.774879 -0.000002 0.000001 -0.001499 0.020341 1.597932
    23 -0.011930 -0.409492 0.022487 3.039220 -0.018455 0.224297
    24 1.008837 0.000001 -0.000001 -0.018804 0.000691 0.092705
    25 0.062305 -0.120462 0.017525 3.043570 -0.040149 0.014192
    26 3.773769 0.133240 -0.970558 -0.009255 0.182242 0.055441
    27 0.276640 -0.495263 -0.109455 -3.042850 -0.074739 0.140309
    28 1.433455 -0.000001 0.000002 0.000000 0.000000 1.086216
    29 0.534334 -0.269066 0.018936 -3.047540 -0.084662 0.175451
    30 1.019160 0.000002 -0.000001 0.000000 0.000000 0.449318
    31 0.591927 -0.092812 0.111916 -3.044020 -0.081575 0.092229
    32 1.149530 0.416493 -1.414110 1.637313 0.502666 0.152269
    33 -0.152565 -0.022695 0.475140 0.134276 0.161355 -0.294699
    34 1.263880 0.000000 -0.000001 0.000000 0.000000 0.095331
    35 0.204777 -0.431778 0.089654 0.168587 0.067859 -0.050505
    36 1.188936 0.000000 0.000001 -0.009661 -0.002767 -0.227690
    37 -0.017635 -0.420529 -0.022252 0.227339 0.046996 0.081353
    38 8.783352 -18.729803 -9.509321 -2.798459 -0.217964 -1.902616
    39 -10.722298 -0.506103 -0.017994 1.584990 0.010515 0.041378
    40 -8.806794 -10.331106 -9.509282 -2.118799 -0.308248 -1.085938
    41 0.294731 -0.017813 0.157481 0.029130 0.054919 0.004544
    42 5.740848 0.000000 -0.000001 0.000092 0.000000 -0.000008
    43 10.281296 -0.016083 0.132702 0.000149 0.000000 0.000000
    44 10.295597 0.000001 0.000000 2.650389 -0.298362 0.279947
    45 3.185547 1.209961 0.395020 1.726761 0.024382 1.531558
    46 0.000000 1.663440 1.993458 0.000000 0.000000 0.000000
    47 0.000000 0.079149 6.178666 -0.027841 0.000000 0.000000
    48 0.000002 3.466950 2.698286 3.141590 0.004362 3.141592
    49 0.032274 0.082292 -0.974221 0.000000 0.000000 0.000000
    50 0.283657 -0.262681 -0.016718 3.136930 0.073998 -0.078846
    51 3.323318 0.233760 -1.479091 0.471077 0.106876 1.379081
    52 0.422707 -0.406992 0.168743 -2.735260 0.184776 0.303777
    53 0.963103 0.000001 -0.000001 0.038624 -0.004207 0.700147
    54 0.441121 -0.147523 -0.014119 -2.793600 0.005348 0.279055
    55 0.682898 0.000000 0.000000 0.038155 -0.007330 0.781279
    56 0.382509 0.011353 0.014142 -2.816920 -0.081657 0.157045
    57 3.632760 0.059067 -0.757513 0.326256 0.151989 1.274562
    58 0.489260 -0.525216 0.053914 -3.074870 0.011878 0.210808
    59 1.500140 -0.000002 0.000000 0.027886 -0.039274 1.247669
    60 0.467742 -0.219619 0.031131 -3.081490 -0.013760 0.185349
    61 0.905654 0.000000 0.000000 -0.049220 -0.084570 0.688415
    62 0.503673 -0.044144 -0.005648 -3.101730 -0.045027 0.343288
    63 3.799520 0.014976 0.039936 0.327506 0.278809 1.147697
    64 0.352883 -0.530994 0.013656 3.048800 0.018771 0.168551
    65 1.774880 0.000001 0.000000 0.015548 -0.026855 1.207276
    66 0.123960 -0.267018 -0.045197 3.038230 0.016899 0.163207
    67 1.008841 0.000000 0.000000 0.007382 -0.033001 1.058830
    68 -0.091995 -0.117643 -0.068578 3.035060 0.049848 0.104967
    69 3.773758 0.133240 0.970555 0.009971 0.253127 0.024189
    70 0.266356 -0.315424 0.022796 2.894160 -0.011217 0.140937
    71 1.433460 -0.000001 0.000000 0.021781 -0.008209 0.379577
    72 0.232987 -0.175441 0.051954 2.850500 0.105025 0.006572
    73 1.019161 0.000000 0.000000 -0.061480 0.050146 0.902415
    74 0.199651 -0.182736 -0.019174 2.866800 0.015134 0.022335
    75 1.149521 0.416503 1.414108 -1.701758 0.225123 0.807917
    76 -0.259195 -0.126472 -0.187737 -0.320833 -0.178068 -0.144302
    77 1.263870 0.000000 0.000000 0.000000 0.000000 0.198808
    78 -0.023456 -0.272392 0.128637 -0.377946 -0.139541 -0.070537
    79 1.188940 0.000000 0.000000 0.006461 0.000252 0.052442
    80 -0.027065 -0.282838 0.274405 -0.453086 -0.085008 -0.010295
    81 -8.806794 -10.331106 -9.509282 -1.449203 -0.308293 -1.085908
    82 -10.722400 -0.506063 0.017998 0.014153 -0.011625 0.041372
    83 -2.491946 -20.819400 -3.209804 0.275316 -0.530224 0.504873
  time 61
    0 0.000000 0.000000 0.000000 3.137881 0.003712 -0.000007
    1 0.000000 1.601535 -0.255366 -1.570874 0.000048 0.568597
    2 8.779446 -18.721990 -9.517134 -0.992647 -0.217349 -1.903783
    3 0.237000 -0.019106 -0.353871 -0.031846 -0.060887 0.001610
    4 5.740851 0.000002 0.000000 0.000673 0.000000 0.000000
    5 10.321901 0.003155 0.187182 -0.229226 0.027369 0.027690
    6 10.295601 0.000000 0.000000 3.005700 0.163620 0.542070
    7 0.252449 -0.450151 0.014884 2.961090 -0.113350 -0.085454
    8 3.323328 0.233761 1.479089 -0.322051 0.297169 1.206845
    9 0.331326 -0.384609 -0.028515 2.751210 -0.062475 0.301804
    10 0.963098 0.000000 0.000000 -0.065001 0.022988 0.750829
    11 0.219801 -0.039763 0.000647 2.771360 0.018767 0.255174
    12 0.682896 0.000002 0.000000 -0.066587 -0.017231 0.158368
    13 0.237805 0.264544 -0.007074 2.776430 0.037665 -0.015667
    14 3.632759 0.059072 0.757512 -0.192443 0.135874 1.064203
    15 0.466810 -0.831947 0.013376 2.881400 0.028647 0.343212
    16 1.500140 0.000000 -0.000003 -0.043853 0.065344 1.271110
    17 0.319986 -0.324402 -0.027586 2.877640 0.022726 0.214012
    18 0.905666 0.000000 0.000001 -0.075085 -0.010253 0.143885
    19 0.492504 -0.086171 -0.084238 2.879510 0.064298 0.261627
    20 3.799519 0.014969 -0.039935 -0.136950 0.034744 0.865528
    21 0.217894 -0.825647 0.038806 3.038690 -0.013998 0.239370
    22 1.774879 -0.000002 0.000001 -0.001487 0.020305 1.596184
    23 -0.011930 -0.409492 0.022487 3.039220 -0.018455 0.224297
    24 1.008837 0.000001 -0.000001 -0.018804 0.000691 0.092615
    25 0.062305 -0.120462 0.017525 3.043570 -0.040149 0.014192
    26 3.773769 0.133240 -0.970558 -0.009303 0.182062 0.054925
    27 0.276640 -0.495263 -0.109455 -3.042850 -0.074739 0.140309
    28 1.433455 -0.000001 0.000002 0.000000 0.000000 1.085504
    29 0.534334 -0.269066 0.018936 -3.047540 -0.084662 0.175451
    30 1.019160 0.000002 -0.000001 0.000000 0.000000 0.448898
    31 0.591927 -0.092812 0.111916 -3.044020 -0.081575 0.092229
    32 1.149530 0.416493 -1.414110 1.637313 0.502666 0.152269
    33 -0.152565 -0.022695 0.475140 0.134276 0.161355 -0.294699
    34 1.263880 0.000000 -0.000001 0.000000 0.000000 0.095331
    35 0.204777 -0.431778 0.089654 0.168587 0.067859 -0.050505
    36 1.188936 0.000000 0.000001 -0.009661 -0.002767 -0.227690
    37 -0.017635 -0.420529 -0.022252 0.227339 0.046996 0.081353
    38 8.779446 -18.721990 -9.517134 -2.798660 -0.217349 -1.903758
    39 -10.722298 -0.506103 -0.017994 1.584990 0.010515 0.041378
    40 -8.814607 -10.307667 -9.524908 -2.118672 -0.308799 -1.085219
    41 0.294731 -0.017813 0.157481 0.029130 0.054919 0.004544
    42 5.740848 0.000000 -0.000001 0.000092 0.000000 -0.000008
    43 10.281296 -0.016083 0.132702 0.000149 0.000000 0.000000
    44 10.295597 0.000001 0.000000 2.649420 -0.297302 0.281867
    45 3.185547 1.209961 0.395020 1.726761 0.024382 1.531558
    46 0.000000 1.663440 1.993458 0.000000 0.000000 0.000000
    47 0.000000 0.079149 6.178666 -0.027841 0.000000 0.000000
    48 0.000002 3.466950 2.698286 3.141590 0.004362 3.141592
    49 0.032274 0.082292 -0.974221 0.000000 0.000000 0.000000
    50 0.283657 -0.262681 -0.016718 3.136930 0.073998 -0.078846
    51 3.323318 0.233760 -1.479091 0.471077 0.106876 1.379081
    52 0.422707 -0.406992 0.168743 -2.735260 0.184776 0.303777
    53 0.963103 0.000001 -0.000001 0.038624 -0.004207 0.700147
    54 0.441121 -0.147523 -0.014119 -2.793600 0.005348 0.279055
    55 0.682898 0.000000 0.000000 0.038155 -0.007330 0.781279
    56 0.382509 0.011353 0.014142 -2.816920 -0.081657 0.157045
    57 3.632760 0.059067 -0.757513 0.326256 0.151989 1.274562
    58 0.489260 -0.525216 0.053914 -3.074870 0.011878 0.210808
    59 1.500140 -0.000002 0.000000 0.027886 -0.039274 1.247669
    60 0.467742 -0.219619 0.031131 -3.081490 -0.013760 0.185349
    61 0.905654 0.000000 0.000000 -0.049220 -0.084570 0.688415
    62 0.503673 -0.044144 -0.005648 -3.101730 -0.045027 0.343288
    63 3.799520 0.014976 0.039936 0.327506 0.278809 1.147697
    64 0.352883 -0.530994 0.013656 3.048800 0.018771 0.168551
    65 1.774880 0.000001 0.000000 0.015548 -0.026855 1.207276
    66 0.123960 -0.267018 -0.045197 3.038230 0.016899 0.163207
    67 1.008841 0.000000 0.000000 0.007394 -0.033001 1.058830
    68 -0.091995 -0.117643 -0.068578 3.035060 0.049848 0.104967
    69 3.773758 0.133240 0.970555 0.009971 0.253127 0.024189
    70 0.266356 -0.315424 0.022796 2.894160 -0.011217 0.140937
    71 1.433460 -0.000001 0.000000 0.021781 -0.008209 0.379577
    72 0.232987 -0.175441 0.051954 2.850500 0.105025 0.006572
    73 1.019161 0.000000 0.000000 -0.061480 0.050146 0.902415
    74 0.199651 -0.182736 -0.019174 2.866800 0.015134 0.022335
    75 1.149521 0.416503 1.414108 -1.701758 0.225123 0.807917
    76 -0.259195 -0.126472 -0.187737 -0.320833 -0.178068 -0.144302
    77 1.263870 0.000000 0.000000 0.000000 0.000000 0.198808
    78 -0.023456 -0.272392 0.128637 -0.377946 -0.139541 -0.070537
    79 1.188940 0.000000 0.000000 0.006461 0.000252 0.052442
    80 -0.027065 -0.282838 0.274405 -0.453086 -0.085008 -0.010295
    81 -8.814607 -10.307667 -9.524908 -1.449022 -0.308918 -1.085240
    82 -10.722400 -0.506063 0.017998 0.014153 -0.011625 0.041372
    83 -2.495853 -20.795962 -3.217617 0.275773 -0.529749 0.503476
  time 62
    0 0.000000 0.000000 0.000000 3.137881 0.003712 -0.000007
    1 0.000000 1.624973 -0.263179 -1.570874 0.000048 0.554024
    2 8.779446 -18.710271 -9.517134 -0.992787 -0.216626 -1.905165
    3 0.237000 -0.019106 -0.353871 -0.031846 -0.060887 0.001610
    4 5.740851 0.000002 0.000000 0.000673 0.000000 -0.000012
    5 10.321901 0.003155 0.187182 -0.229226 0.027369 0.027690
    6 10.295601 0.000000 0.000000 3.004897 0.163342 0.541472
    7 0.252449 -0.450151 0.014884 2.961090 -0.113350 -0.085454
    8 3.323328 0.233761 1.479089 -0.322182 0.296384 1.205569
    9 0.331326 -0.384609 -0.028515 2.751210 -0.062475 0.301804
    10 0.963098 0.000000 0.000000 -0.065013 0.022976 0.750431
    11 0.219801 -0.039763 0.000647 2.771360 0.018767 0.255174
    12 0.682896 0.000002 0.000000 -0.066587 -0.017219 0.158452
    13 0.237805 0.264544 -0.007074 2.776430 0.037665 -0.015667
    14 3.632759 0.059072 0.757512 -0.192467 0.135526 1.062776
    15 0.466810 -0.831947 0.013376 2.881400 0.028647 0.343212
    16 1.500140 0.000000 -0.000003 -0.043889 0.065212 1.269688
    17 0.319986 -0.324402 -0.027586 2.877640 0.022726 0.214012
    18 0.905666 0.000000 0.000001 -0.075085 -0.010253 0.143885
    19 0.492504 -0.086171 -0.084238 2.879510 0.064298 0.261627
    20 3.799519 0.014969 -0.039935 -0.136902 0.034504 0.863960
    21 0.217894 -0.825647 0.038806 3.038690 -0.013998 0.239370
    22 1.774879 -0.000002 0.000001 -0.001475 0.020281 1.594043
    23 -0.011930 -0.409492 0.022487 3.039220 -0.018455 0.224297
    24 1.008837 0.000001 -0.000001 -0.018804 0.000691 0.092479
    25 0.062305 -0.120462 0.017525 3.043570 -0.040149 0.014192
    26 3.773769 0.133240 -0.970558 -0.009363 0.181822 0.054350
    27 0.276640 -0.495263 -0.109455 -3.042850 -0.074739 0.140309
    28 1.433455 -0.000001 0.000002 0.000000 0.000000 1.084635
    29 0.534334 -0.269066 0.018936 -3.047540 -0.084662 0.175451
    30 1.019160 0.000002 -0.000001 0.000000 0.000000 0.448491
    31 0.591927 -0.092812 0.111916 -3.044020 -0.081575 0.092229
    32 1.149530 0.416493 -1.414110 1.637313 0.502666 0.152269
    33 -0.152565 -0.022695 0.475140 0.134276 0.161355 -0.294699
    34 1.263880 0.000000 -0.000001 0.000000 0.000000 0.095331
    35 0.204777 -0.431778 0.089654 0.168587 0.067859 -0.050505
    36 1.188936 0.000000 0.000001 -0.009661 -0.002767 -0.227690
    37 -0.017635 -0.420529 -0.022252 0.227339 0.046996 0.081353
    38 8.779446 -18.710271 -9.517134 -2.798750 -0.216589 -1.905140
    39 -10.722298 -0.506103 -0.017994 1.584990 0.010515 0.041378
    40 -8.822419 -10.284229 -9.532721 -2.118480 -0.309461 -1.084500
    41 0.294731 -0.017813 0.157481 0.029130 0.054919 0.004544
    42 5.740848 0.000000 -0.000001 0.000092 0.000000 -0.000008
    43 10.281296 -0.016083 0.132702 0.000149 0.000000 0.000000
    44 10.295597 0.000001 0.000000 2.648354 -0.296012 0.284069
    45 3.185547 1.209961 0.395020 1.726761 0.024382 1.531558
    46 0.000000 1.663440 1.993458 0.000000 0.000000 0.000000
    47 0.000000 0.079149 6.178666 -0.027841 0.000000 0.000000
    48 0.000002 3.466950 2.698286 3.141590 0.004362 3.141592
    49 0.032274 0.082292 -0.974221 0.000000 0.000000 0.000000
    50 0.283657 -0.262681 -0.016718 3.136930 0.073998 -0.078846
    51 3.323318 0.233760 -1.479091 0.471077 0.106876 1.379081
    52 0.422707 -0.406992 0.168743 -2.735260 0.184776 0.303777
    53 0.963103 0.000001 -0.000001 0.038624 -0.004207 0.700147
    54 0.441121 -0.147523 -0.014119 -2.793600 0.005348 0.279055
    55 0.682898 0.000000 0.000000 0.038155 -0.007330 0.781279
    56 0.382509 0.011353 0.014142 -2.816920 -0.081657 0.157045
    57 3.632760 0.059067 -0.757513 0.326256 0.151989 1.274562
    58 0.489260 -0.525216 0.053914 -3.074870 0.011878 0.210808
    59 1.500140 -0.000002 0.000000 0.027886 -0.039274 1.247669
    60 0.467742 -0.219619 0.031131 -3.081490 -0.013760 0.185349
    61 0.905654 0.000000 0.000000 -0.049220 -0.084570 0.688415
    62 0.503673 -0.044144 -0.005648 -3.101730 -0.045027 0.343288
    63 3.799520 0.014976 0.039936 0.327506 0.278809 1.147697
    64 0.352883 -0.530994 0.013656 3.048800 0.018771 0.168551
    65 1.774880 0.000001 0.000000 0.015548 -0.026855 1.207276
    66 0.123960 -0.267018 -0.045197 3.038230 0.016899 0.163207
    67 1.008841 0.000000 0.000000 0.007382 -0.033001 1.058830
    68 -0.091995 -0.117643 -0.068578 3.035060 0.049848 0.104967
    69 3.773758 0.133240 0.970555 0.009971 0.253127 0.024189
    70 0.266356 -0.315424 0.022796 2.894160 -0.011217 0.140937
    71 1.433460 -0.000001 0.000000 0.021781 -0.008209 0.379577
    72 0.232987 -0.175441 0.051954 2.850500 0.105025 0.006572
    73 1.019161 0.000000 0.000000 -0.061480 0.050146 0.902415
    74 0.199651 -0.182736 -0.019174 2.866800 0.015134 0.022335
    75 1.149521 0.416503 1.414108 -1.701758 0.225123 0.807917
    76 -0.259195 -0.126472 -0.187737 -0.320833 -0.178068 -0.144302
    77 1.263870 0.000000 0.000000 0.000000 0.000000 0.198808
    78 -0.023456 -0.272392 0.128637 -0.377946 -0.139541 -0.070537
    79 1.188940 0.000000 0.000000 0.006461 0.000252 0.052442
    80 -0.027065 -0.282838 0.274405 -0.453086 -0.085008 -0.010295
    81 -8.822419 -10.284229 -9.532721 -1.448764 -0.309561 -1.084521
    82 -10.722400 -0.506063 0.017998 0.014153 -0.011625 0.041372
    83 -2.495853 -20.772524 -3.221523 0.276373 -0.529195 0.501888
  time 63
    0 0.000000 0.000000 0.000000 3.137881 0.003712 -0.000007
    1 0.000000 1.644505 -0.263179 -1.570874 0.000048 0.539498
    2 8.779446 -18.698552 -9.524946 -0.992950 -0.215867 -1.906788
    3 0.237000 -0.019106 -0.353871 -0.031846 -0.060887 0.001610
    4 5.740851 0.000002 0.000000 0.000673 0.000000 -0.000012
    5 10.321901 0.003155 0.187182 -0.229226 0.027369 0.027690
    6 10.295601 0.000000 0.000000 3.003908 0.163064 0.540815
    7 0.252449 -0.450151 0.014884 2.961090 -0.113350 -0.085454
    8 3.323328 0.233761 1.479089 -0.322387 0.295501 1.203990
    9 0.331326 -0.384609 -0.028515 2.751210 -0.062475 0.301804
    10 0.963098 0.000000 0.000000 -0.065025 0.022928 0.749902
    11 0.219801 -0.039763 0.000647 2.771360 0.018767 0.255174
    12 0.682896 0.000002 0.000000 -0.066587 -0.017207 0.158591
    13 0.237805 0.264544 -0.007074 2.776430 0.037665 -0.015667
    14 3.632759 0.059072 0.757512 -0.192563 0.135143 1.061063
    15 0.466810 -0.831947 0.013376 2.881400 0.028647 0.343212
    16 1.500140 0.000000 -0.000003 -0.043973 0.065092 1.267986
    17 0.319986 -0.324402 -0.027586 2.877640 0.022726 0.214012
    18 0.905666 0.000000 0.000001 -0.075085 -0.010253 0.143783
    19 0.492504 -0.086171 -0.084238 2.879510 0.064298 0.261627
    20 3.799519 0.014969 -0.039935 -0.136842 0.034324 0.862244
    21 0.217894 -0.825647 0.038806 3.038690 -0.013998 0.239370
    22 1.774879 -0.000002 0.000001 -0.001523 0.020257 1.591438
    23 -0.011930 -0.409492 0.022487 3.039220 -0.018455 0.224297
    24 1.008837 0.000001 -0.000001 -0.018804 0.000691 0.092322
    25 0.062305 -0.120462 0.017525 3.043570 -0.040149 0.014192
    26 3.773769 0.133240 -0.970558 -0.009435 0.181618 0.053703
    27 0.276640 -0.495263 -0.109455 -3.042850 -0.074739 0.140309
    28 1.433455 -0.000001 0.000002 0.000000 0.000000 1.083624
    29 0.534334 -0.269066 0.018936 -3.047540 -0.084662 0.175451
    30 1.019160 0.000002 -0.000001 0.000000 0.000000 0.448011
    31 0.591927 -0.092812 0.111916 -3.044020 -0.081575 0.092229
    32 1.149530 0.416493 -1.414110 1.637313 0.502666 0.152269
    33 -0.152565 -0.022695 0.475140 0.134276 0.161355 -0.294699
    34 1.263880 0.000000 -0.000001 0.000000 0.000000 0.095331
    35 0.204777 -0.431778 0.089654 0.168587 0.067859 -0.050505
    36 1.188936 0.000000 0.000001 -0.009661 -0.002767 -0.227690
    37 -0.017635 -0.420529 -0.022252 0.227339 0.046996 0.081353
    38 8.779446 -18.698552 -9.524946 -2.798929 -0.215902 -1.906763
    39 -10.722298 -0.506103 -0.017994 1.584990 0.010515 0.041378
    40 -8.830232 -10.260791 -9.548346 -2.118264 -0.310214 -1.083627
    41 0.294731 -0.017813 0.157481 0.029130 0.054919 0.004544
    42 5.740848 0.000000 -0.000001 0.000092 0.000000 -0.000008
    43 10.281296 -0.016083 0.132702 0.000149 0.000000 0.000000
    44 10.295597 0.000001 0.000000 2.647143 -0.294599 0.286611
    45 3.185547 1.209961 0.395020 1.726761 0.024382 1.531558
    46 0.000000 1.663440 1.993458 0.000000 0.000000 0.000000
    47 0.000000 0.079149 6.178666 -0.027841 0.000000 0.000000
    48 0.000002 3.466950 2.698286 3.141590 0.004362 3.141592
    49 0.032274 0.082292 -0.974221 0.000000 0.000000 0.000000
    50 0.283657 -0.262681 -0.016718 3.136930 0.073998 -0.078846
    51 3.323318 0.233760 -1.479091 0.471077 0.106876 1.379081
    52 0.422707 -0.406992 0.168743 -2.735260 0.184776 0.303777
    53 0.963103 0.000001 -0.000001 0.038624 -0.004207 0.700147
    54 0.441121 -0.147523 -0.014119 -2.793600 0.005348 0.279055
    55 0.682898 0.000000 0.000000 0.038155 -0.007330 0.781279
    56 0.382509 0.011353 0.014142 -2.816920 -0.081657 0.157045
    57 3.632760 0.059067 -0.757513 0.326256 0.151989 1.274562
    58 0.489260 -0.525216 0.053914 -3.074870 0.011878 0.210808
    59 1.500140 -0.000002 0.000000 0.027886 -0.039274 1.247669
    60 0.467742 -0.219619 0.031131 -3.081490 -0.013760 0.185349
    61 0.905654 0.000000 0.000000 -0.049220 -0.084570 0.688415
    62 0.503673 -0.044144 -0.005648 -3.101730 -0.045027 0.343288
    63 3.799520 0.014976 0.039936 0.327506 0.278809 1.147697
    64 0.352883 -0.530994 0.013656 3.048800 0.018771 0.168551
    65 1.774880 0.000001 0.000000 0.015548 -0.026855 1.207276
    66 0.123960 -0.267018 -0.045197 3.038230 0.016899 0.163207
    67 1.008841 0.000000 0.000000 0.007382 -0.033001 1.058830
    68 -0.091995 -0.117643 -0.068578 3.035060 0.049848 0.104967
    69 3.773758 0.133240 0.970555 0.009971 0.253127 0.024189
    70 0.266356 -0.315424 0.022796 2.894160 -0.011217 0.140937
    71 1.433460 -0.000001 0.000000 0.021781 -0.008209 0.379577
    72 0.232987 -0.175441 0.051954 2.850500 0.105025 0.006572
    73 1.019161 0.000000 0.000000 -0.061480 0.050146 0.902415
    74 0.199651 -0.182736 -0.019174 2.866800 0.015134 0.022335
    75 1.149521 0.416503 1.414108 -1.701758 0.225123 0.807917
    76 -0.259195 -0.126472 -0.187737 -0.320833 -0.178068 -0.144302
    77 1.263870 0.000000 0.000000 0.000000 0.000000 0.198808
    78 -0.023456 -0.272392 0.128637 -0.377946 -0.139541 -0.070537
    79 1.188940 0.000000 0.000000 0.006461 0.000252 0.052442
    80 -0.027065 -0.282838 0.274405 -0.453086 -0.085008 -0.010295
    81 -8.830232 -10.260791 -9.548346 -1.448557 -0.310296 -1.083648
    82 -10.722400 -0.506063 0.017998 0.014153 -0.011625 0.041372
    83 -2.499759 -20.749085 -3.229336 0.277001 -0.528562 0.500110
  time 64
    0 0.000000 0.000000 0.000000 3.137881 0.003712 -0.000007
    1 0.000000 1.667943 -0.267085 -1.570874 0.000048 0.525261
    2 8.779446 -18.675114 -9.532759 -0.993160 -0.215072 -1.908531
    3 0.237000 -0.019106 -0.353871 -0.031846 -0.060887 0.001610
    4 5.740851 0.000002 0.000000 0.000673 0.000000 -0.000012
    5 10.321901 0.003155 0.187182 -0.229226 0.027369 0.027690
    6 10.295601 0.000000 0.000000 3.003012 0.162724 0.540117
    7 0.252449 -0.450151 0.014884 2.961090 -0.113350 -0.085454
    8 3.323328 0.233761 1.479089 -0.322636 0.294446 1.202172
    9 0.331326 -0.384609 -0.028515 2.751210 -0.062475 0.301804
    10 0.963098 0.000000 0.000000 -0.065037 0.022892 0.749372
    11 0.219801 -0.039763 0.000647 2.771360 0.018767 0.255174
    12 0.682896 0.000002 0.000000 -0.066587 -0.017195 0.158843
    13 0.237805 0.264544 -0.007074 2.776430 0.037665 -0.015667
    14 3.632759 0.059072 0.757512 -0.192611 0.134663 1.059040
    15 0.466810 -0.831947 0.013376 2.881400 0.028647 0.343212
    16 1.500140 0.000000 -0.000003 -0.044056 0.064972 1.266004
    17 0.319986 -0.324402 -0.027586 2.877640 0.022726 0.214012
    18 0.905666 0.000000 0.000001 -0.075073 -0.010265 0.143631
    19 0.492504 -0.086171 -0.084238 2.879510 0.064298 0.261627
    20 3.799519 0.014969 -0.039935 -0.136782 0.034097 0.860154
    21 0.217894 -0.825647 0.038806 3.038690 -0.013998 0.239370
    22 1.774879 -0.000002 0.000001 -0.001595 0.020209 1.588476
    23 -0.011930 -0.409492 0.022487 3.039220 -0.018455 0.224297
    24 1.008837 0.000001 -0.000001 -0.018804 0.000691 0.092164
    25 0.062305 -0.120462 0.017525 3.043570 -0.040149 0.014192
    26 3.773769 0.133240 -0.970558 -0.009507 0.181355 0.052936
    27 0.276640 -0.495263 -0.109455 -3.042850 -0.074739 0.140309
    28 1.433455 -0.000001 0.000002 0.000000 0.000000 1.082470
    29 0.534334 -0.269066 0.018936 -3.047540 -0.084662 0.175451
    30 1.019160 0.000002 -0.000001 0.000000 0.000000 0.447472
    31 0.591927 -0.092812 0.111916 -3.044020 -0.081575 0.092229
    32 1.149530 0.416493 -1.414110 1.637313 0.502666 0.152269
    33 -0.152565 -0.022695 0.475140 0.134276 0.161355 -0.294699
    34 1.263880 0.000000 -0.000001 0.000000 0.000000 0.095331
    35 0.204777 -0.431778 0.089654 0.168587 0.067859 -0.050505
    36 1.188936 0.000000 0.000001 -0.009661 -0.002767 -0.227690
    37 -0.017635 -0.420529 -0.022252 0.227339 0.046996 0.081353
    38 8.779446 -18.675114 -9.532759 -2.799131 -0.215106 -1.908506
    39 -10.722298 -0.506103 -0.017994 1.584990 0.010515 0.041378
    40 -8.838045 -10.233446 -9.560065 -2.117970 -0.310986 -1.082702
    41 0.294731 -0.017813 0.157481 0.029130 0.054919 0.004544
    42 5.740848 0.000000 -0.000001 0.000092 0.000000 -0.000008
    43 10.281296 -0.016083 0.132702 0.000149 0.000000 0.000000
    44 10.295597 0.000001 0.000000 2.645835 -0.293010 0.289321
    45 3.185547 1.209961 0.395020 1.726761 0.024382 1.531558
    46 0.000000 1.663440 1.993458 0.000000 0.000000 0.000000
    47 0.000000 0.079149 6.178666 -0.027841 0.000000 0.000000
    48 0.000002 3.466950 2.698286 3.141590 0.004362 3.141592
    49 0.032274 0.082292 -0.974221 0.000000 0.000000 0.000000
    50 0.283657 -0.262681 -0.016718 3.136930 0.073998 -0.078846
    51 3.323318 0.233760 -1.479091 0.471077 0.106876 1.379081
    52 0.422707 -0.406992 0.168743 -2.735260 0.184776 0.303777
    53 0.963103 0.000001 -0.000001 0.038624 -0.004207 0.700147
    54 0.441121 -0.147523 -0.014119 -2.793600 0.005348 0.279055
    55 0.682898 0.000000 0.000000 0.038155 -0.007330 0.781279
    56 0.382509 0.011353 0.014142 -2.816920 -0.081657 0.157045
    57 3.632760 0.059067 -0.757513 0.326256 0.151989 1.274562
    58 0.489260 -0.525216 0.053914 -3.074870 0.011878 0.210808
    59 1.500140 -0.000002 0.000000 0.027886 -0.039274 1.247669
    60 0.467742 -0.219619 0.031131 -3.081490 -0.013760 0.185349
    61 0.905654 0.000000 0.000000 -0.049220 -0.084570 0.688415
    62 0.503673 -0.044144 -0.005648 -3.101730 -0.045027 0.343288
    63 3.799520 0.014976 0.039936 0.327506 0.278809 1.147697
    64 0.352883 -0.530994 0.013656 3.048800 0.018771 0.168551
    65 1.774880 0.000001 0.000000 0.015548 -0.026855 1.207276
    66 0.123960 -0.267018 -0.045197 3.038230 0.016899 0.163207
    67 1.008841 0.000000 0.000000 0.007382 -0.033001 1.058830
    68 -0.091995 -0.117643 -0.068578 3.035060 0.049848 0.104967
    69 3.773758 0.133240 0.970555 0.009971 0.253127 0.024189
    70 0.266356 -0.315424 0.022796 2.894160 -0.011217 0.140937
    71 1.433460 -0.000001 0.000000 0.021781 -0.008209 0.379577
    72 0.232987 -0.175441 0.051954 2.850500 0.105025 0.006572
    73 1.019161 0.000000 0.000000 -0.061480 0.050146 0.902415
    74 0.199651 -0.182736 -0.019174 2.866800 0.015134 0.022335
    75 1.149521 0.416503 1.414108 -1.701758 0.225123 0.807917
    76 -0.259195 -0.126472 -0.187737 -0.320833 -0.178068 -0.144302
    77 1.263870 0.000000 0.000000 0.000000 0.000000 0.198808
    78 -0.023456 -0.272392 0.128637 -0.377946 -0.139541 -0.070537
    79 1.188940 0.000000 0.000000 0.006461 0.000252 0.052442
    80 -0.027065 -0.282838 0.274405 -0.453086 -0.085008 -0.010295
    81 -8.838045 -10.233446 -9.560065 -1.448299 -0.311141 -1.082723
    82 -10.722400 -0.506063 0.017998 0.014153 -0.011625 0.041372
    83 -2.499759 -20.717834 -3.237149 0.277743 -0.527968 0.498141
  time 65
    0 0.000000 0.000000 0.000000 3.137881 0.003712 -0.000007
    1 0.000000 1.687475 -0.274898 -1.570874 0.000048 0.511119
    2 8.779446 -18.655582 -9.544478 -0.993346 -0.214385 -1.910394
    3 0.237000 -0.019106 -0.353871 -0.031846 -0.060887 0.001610
    4 5.740851 0.000002 0.000000 0.000673 0.000000 -0.000012
    5 10.321901 0.003155 0.187182 -0.229226 0.027369 0.027690
    6 10.295601 0.000000 0.000000 3.002116 0.162446 0.539499
    7 0.252449 -0.450151 0.014884 2.961090 -0.113350 -0.085454
    8 3.323328 0.233761 1.479089 -0.322856 0.293318 1.200161
    9 0.331326 -0.384609 -0.028515 2.751210 -0.062475 0.301804
    10 0.963098 0.000000 0.000000 -0.065037 0.022844 0.748789
    11 0.219801 -0.039763 0.000647 2.771360 0.018767 0.255174
    12 0.682896 0.000002 0.000000 -0.066587 -0.017171 0.159150
    13 0.237805 0.264544 -0.007074 2.776430 0.037665 -0.015667
    14 3.632759 0.059072 0.757512 -0.192659 0.134196 1.056756
    15 0.466810 -0.831947 0.013376 2.881400 0.028647 0.343212
    16 1.500140 0.000000 -0.000003 -0.044128 0.064865 1.263813
    17 0.319986 -0.324402 -0.027586 2.877640 0.022726 0.214012
    18 0.905666 0.000000 0.000001 -0.075061 -0.010277 0.143378
    19 0.492504 -0.086171 -0.084238 2.879510 0.064298 0.261627
    20 3.799519 0.014969 -0.039935 -0.136698 0.033785 0.857741
    21 0.217894 -0.825647 0.038806 3.038690 -0.013998 0.239370
    22 1.774879 -0.000002 0.000001 -0.001619 0.020197 1.585122
    23 -0.011930 -0.409492 0.022487 3.039220 -0.018455 0.224297
    24 1.008837 0.000001 -0.000001 -0.018804 0.000691 0.091983
    25 0.062305 -0.120462 0.017525 3.043570 -0.040149 0.014192
    26 3.773769 0.133240 -0.970558 -0.009603 0.181019 0.052025
    27 0.276640 -0.495263 -0.109455 -3.042850 -0.074739 0.140309
    28 1.433455 -0.000001 0.000002 0.000000 0.000000 1.081074
    29 0.534334 -0.269066 0.018936 -3.047540 -0.084662 0.175451
    30 1.019160 0.000002 -0.000001 0.000000 0.000000 0.446777
    31 0.591927 -0.092812 0.111916 -3.044020 -0.081575 0.092229
    32 1.149530 0.416493 -1.414110 1.637313 0.502666 0.152269
    33 -0.152565 -0.022695 0.475140 0.134276 0.161355 -0.294699
    34 1.263880 0.000000 -0.000001 0.000000 0.000000 0.095331
    35 0.204777 -0.431778 0.089654 0.168587 0.067859 -0.050505
    36 1.188936 0.000000 0.000001 -0.009661 -0.002767 -0.227690
    37 -0.017635 -0.420529 -0.022252 0.227339 0.046996 0.081353
    38 8.779446 -18.655582 -9.544478 -2.799333 -0.214346 -1.910369
    39 -10.722298 -0.506103 -0.017994 1.584990 0.010515 0.041378
    40 -8.845858 -10.206102 -9.571784 -2.117715 -0.311776 -1.081726
    41 0.294731 -0.017813 0.157481 0.029130 0.054919 0.004544
    42 5.740848 0.000000 -0.000001 0.000092 0.000000 -0.000008
    43 10.281296 -0.016083 0.132702 0.000149 0.000000 0.000000
    44 10.295597 0.000001 0.000000 2.644575 -0.291332 0.292163
    45 3.185547 1.209961 0.395020 1.726761 0.024382 1.531558
    46 0.000000 1.663440 1.993458 0.000000 0.000000 0.000000
    47 0.000000 0.079149 6.178666 -0.027841 0.000000 0.000000
    48 0.000002 3.466950 2.698286 3.141590 0.004362 3.141592
    49 0.032274 0.082292 -0.974221 0.000000 0.000000 0.000000
    50 0.283657 -0.262681 -0.016718 3.136930 0.073998 -0.078846
    51 3.323318 0.233760 -1.479091 0.471077 0.106876 1.379081
    52 0.422707 -0.406992 0.168743 -2.735260 0.184776 0.303777
    53 0.963103 0.000001 -0.000001 0.038624 -0.004207 0.700147
    54 0.441121 -0.147523 -0.014119 -2.793600 0.005348 0.279055
    55 0.682898 0.000000 0.000000 0.038155 -0.007330 0.781279
    56 0.382509 0.011353 0.014142 -2.816920 -0.081657 0.157045
    57 3.632760 0.059067 -0.757513 0.326256 0.151989 1.274562
    58 0.489260 -0.525216 0.053914 -3.074870 0.011878 0.210808
    59 1.500140 -0.000002 0.000000 0.027886 -0.039274 1.247669
    60 0.467742 -0.219619 0.031131 -3.081490 -0.013760 0.185349
    61 0.905654 0.000000 0.000000 -0.049220 -0.084570 0.688415
    62 0.503673 -0.044144 -0.005648 -3.101730 -0.045027 0.343288
    63 3.799520 0.014976 0.039936 0.327506 0.278809 1.147697
    64 0.352883 -0.530994 0.013656 3.048800 0.018771 0.168551
    65 1.774880 0.000001 0.000000 0.015548 -0.026855 1.207276
    66 0.123960 -0.267018 -0.045197 3.038230 0.016899 0.163207
    67 1.008841 0.000000 0.000000 0.007382 -0.033013 1.058830
    68 -0.091995 -0.117643 -0.068578 3.035060 0.049848 0.104967
    69 3.773758 0.133240 0.970555 0.009971 0.253127 0.024189
    70 0.266356 -0.315424 0.022796 2.894160 -0.011217 0.140937
    71 1.433460 -0.000001 0.000000 0.021781 -0.008209 0.379577
    72 0.232987 -0.175441 0.051954 2.850500 0.105025 0.006572
    73 1.019161 0.000000 0.000000 -0.061480 0.050146 0.902415
    74 0.199651 -0.182736 -0.019174 2.866800 0.015134 0.022335
    75 1.149521 0.416503 1.414108 -1.701758 0.225123 0.807917
    76 -0.259195 -0.126472 -0.187737 -0.320833 -0.178068 -0.144302
    77 1.263870 0.000000 0.000000 0.000000 0.000000 0.198808
    78 -0.023456 -0.272392 0.128637 -0.377946 -0.139541 -0.070537
    79 1.188940 0.000000 0.000000 0.006461 0.000252 0.052442
    80 -0.027065 -0.282838 0.274405 -0.453086 -0.085008 -0.010295
    81 -8.845858 -10.206102 -9.571784 -1.448015 -0.311931 -1.081747
    82 -10.722400 -0.506063 0.017998 0.014153 -0.011625 0.041372
    83 -2.499759 -20.686584 -3.241055 0.278515 -0.527335 0.496172
  time 66
    0 0.000000 0.000000 0.000000 3.137881 0.003712 -0.000007
    1 0.000000 1.710913 -0.274898 -1.570874 0.000048 0.497025
    2 8.779446 -18.639956 -9.548385 -0.993533 -0.213662 -1.912257
    3 0.237000 -0.019106 -0.353871 -0.031846 -0.060887 0.001610
    4 5.740851 0.000002 0.000000 0.000673 0.000000 0.000000
    5 10.321901 0.003155 0.187182 -0.229226 0.027369 0.027690
    6 10.295601 0.000000 0.000000 3.001276 0.162168 0.538901
    7 0.252449 -0.450151 0.014884 2.961090 -0.113350 -0.085454
    8 3.323328 0.233761 1.479089 -0.323149 0.291993 1.197868
    9 0.331326 -0.384609 -0.028515 2.751210 -0.062475 0.301804
    10 0.963098 0.000000 0.000000 -0.065037 0.022784 0.748153
    11 0.219801 -0.039763 0.000647 2.771360 0.018767 0.255174
    12 0.682896 0.000002 0.000000 -0.066587 -0.017159 0.159570
    13 0.237805 0.264544 -0.007074 2.776430 0.037665 -0.015667
    14 3.632759 0.059072 0.757512 -0.192730 0.133645 1.054162
    15 0.466810 -0.831947 0.013376 2.881400 0.028647 0.343212
    16 1.500140 0.000000 -0.000003 -0.044236 0.064697 1.261225
    17 0.319986 -0.324402 -0.027586 2.877640 0.022726 0.214012
    18 0.905666 0.000000 0.000001 -0.075061 -0.010301 0.143099
    19 0.492504 -0.086171 -0.084238 2.879510 0.064298 0.261627
    20 3.799519 0.014969 -0.039935 -0.136602 0.033413 0.855080
    21 0.217894 -0.825647 0.038806 3.038690 -0.013998 0.239370
    22 1.774879 -0.000002 0.000001 -0.001654 0.020065 1.581268
    23 -0.011930 -0.409492 0.022487 3.039220 -0.018455 0.224297
    24 1.008837 0.000001 -0.000001 -0.018804 0.000691 0.091735
    25 0.062305 -0.120462 0.017525 3.043570 -0.040149 0.014192
    26 3.773769 0.133240 -0.970558 -0.009686 0.180708 0.051018
    27 0.276640 -0.495263 -0.109455 -3.042850 -0.074739 0.140309
    28 1.433455 -0.000001 0.000002 0.000000 0.000000 1.079550
    29 0.534334 -0.269066 0.018936 -3.047540 -0.084662 0.175451
    30 1.019160 0.000002 -0.000001 0.000000 0.000000 0.445998
    31 0.591927 -0.092812 0.111916 -3.044020 -0.081575 0.092229
    32 1.149530 0.416493 -1.414110 1.637313 0.502666 0.152269
    33 -0.152565 -0.022695 0.475140 0.134276 0.161355 -0.294699
    34 1.263880 0.000000 -0.000001 0.000000 0.000000 0.095331
    35 0.204777 -0.431778 0.089654 0.168587 0.067859 -0.050505
    36 1.188936 0.000000 0.000001 -0.009661 -0.002767 -0.227690
    37 -0.017635 -0.420529 -0.022252 0.227339 0.046996 0.081353
    38 8.779446 -18.639956 -9.548385 -2.799490 -0.213658 -1.912292
    39 -10.722298 -0.506103 -0.017994 1.584990 0.010515 0.041378
    40 -8.853670 -10.178757 -9.583503 -2.117397 -0.312658 -1.080596
    41 0.294731 -0.017813 0.157481 0.029130 0.054919 0.004544
    42 5.740848 0.000000 -0.000001 0.000092 0.000000 -0.000008
    43 10.281296 -0.016083 0.132702 0.000149 0.000000 0.000000
    44 10.295597 0.000001 0.000000 2.643267 -0.289495 0.295100
    45 3.185547 1.209961 0.395020 1.726761 0.024382 1.531558
    46 0.000000 1.663440 1.993458 0.000000 0.000000 0.000000
    47 0.000000 0.079149 6.178666 -0.027841 0.000000 0.000000
    48 0.000002 3.466950 2.698286 3.141590 0.004362 3.141592
    49 0.032274 0.082292 -0.974221 0.000000 0.000000 0.000000
    50 0.283657 -0.262681 -0.016718 3.136930 0.073998 -0.078846
    51 3.323318 0.233760 -1.479091 0.471077 0.106876 1.379081
    52 0.422707 -0.406992 0.168743 -2.735260 0.184776 0.303777
    53 0.963103 0.000001 -0.000001 0.038624 -0.004207 0.700147
    54 0.441121 -0.147523 -0.014119 -2.793600 0.005348 0.279055
    55 0.682898 0.000000 0.000000 0.038155 -0.007330 0.781279
    56 0.382509 0.011353 0.014142 -2.816920 -0.081657 0.157045
    57 3.632760 0.059067 -0.757513 0.326256 0.151989 1.274562
    58 0.489260 -0.525216 0.053914 -3.074870 0.011878 0.210808
    59 1.500140 -0.000002 0.000000 0.027886 -0.039274 1.247669
    60 0.467742 -0.219619 0.031131 -3.081490 -0.013760 0.185349
    61 0.905654 0.000000 0.000000 -0.049220 -0.084570 0.688415
    62 0.503673 -0.044144 -0.005648 -3.101730 -0.045027 0.343288
    63 3.799520 0.014976 0.039936 0.327506 0.278809 1.147697
    64 0.352883 -0.530994 0.013656 3.048800 0.018771 0.168551
    65 1.774880 0.000001 0.000000 0.015548 -0.026855 1.207276
    66 0.123960 -0.267018 -0.045197 3.038230 0.016899 0.163207
    67 1.008841 0.000000 0.000000 0.007382 -0.033013 1.058830
    68 -0.091995 -0.117643 -0.068578 3.035060 0.049848 0.104967
    69 3.773758 0.133240 0.970555 0.009971 0.253127 0.024189
    70 0.266356 -0.315424 0.022796 2.894160 -0.011217 0.140937
    71 1.433460 -0.000001 0.000000 0.021781 -0.008209 0.379577
    72 0.232987 -0.175441 0.051954 2.850500 0.105025 0.006572
    73 1.019161 0.000000 0.000000 -0.061480 0.050146 0.902415
    74 0.199651 -0.182736 -0.019174 2.866800 0.015134 0.022335
    75 1.149521 0.416503 1.414108 -1.701746 0.225123 0.807917
    76 -0.259195 -0.126472 -0.187737 -0.320833 -0.178068 -0.144302
    77 1.263870 0.000000 0.000000 0.000000 0.000000 0.198808
    78 -0.023456 -0.272392 0.128637 -0.377946 -0.139541 -0.070537
    79 1.188940 0.000000 0.000000 0.006461 0.000252 0.052442
    80 -0.027065 -0.282838 0.274405 -0.453086 -0.085008 -0.010295
    81 -8.853670 -10.178757 -9.583503 -1.447731 -0.312758 -1.080720
    82 -10.722400 -0.506063 0.017998 0.014153 -0.011625 0.041372
    83 -2.499759 -20.655333 -3.248868 0.279229 -0.526781 0.494013
  time 67
    0 0.000000 0.000000 0.000000 3.137881 0.003712 -0.000007
    1 0.000000 1.738258 -0.274898 -1.570874 0.000048 0.483123
    2 8.779446 -18.620424 -9.556197 -0.993719 -0.213011 -1.914240
    3 0.237000 -0.019106 -0.353871 -0.031846 -0.060887 0.001610
    4 5.740851 0.000002 0.000000 0.000673 0.000000 -0.000012
    5 10.321901 0.003155 0.187182 -0.229226 0.027369 0.027690
    6 10.295601 0.000000 0.000000 3.000585 0.161889 0.538403
    7 0.252449 -0.450151 0.014884 2.961090 -0.113350 -0.085454
    8 3.323328 0.233761 1.479089 -0.323442 0.290472 1.195207
    9 0.331326 -0.384609 -0.028515 2.751210 -0.062475 0.301804
    10 0.963098 0.000000 0.000000 -0.065037 0.022724 0.747438
    11 0.219801 -0.039763 0.000647 2.771360 0.018767 0.255174
    12 0.682896 0.000002 0.000000 -0.066599 -0.017123 0.159961
    13 0.237805 0.264544 -0.007074 2.776430 0.037665 -0.015667
    14 3.632759 0.059072 0.757512 -0.192838 0.132985 1.051283
    15 0.466810 -0.831947 0.013376 2.881400 0.028647 0.343212
    16 1.500140 0.000000 -0.000003 -0.044356 0.064493 1.258357
    17 0.319986 -0.324402 -0.027586 2.877640 0.022726 0.214012
    18 0.905666 0.000000 0.000001 -0.075049 -0.010325 0.142668
    19 0.492504 -0.086171 -0.084238 2.879510 0.064298 0.261627
    20 3.799519 0.014969 -0.039935 -0.136494 0.033006 0.851970
    21 0.217894 -0.825647 0.038806 3.038690 -0.013998 0.239370
    22 1.774879 -0.000002 0.000001 -0.001702 0.020053 1.576950
    23 -0.011930 -0.409492 0.022487 3.039220 -0.018455 0.224297
    24 1.008837 0.000001 -0.000001 -0.018804 0.000679 0.091488
    25 0.062305 -0.120462 0.017525 3.043570 -0.040149 0.014192
    26 3.773769 0.133240 -0.970558 -0.009794 0.180324 0.049952
    27 0.276640 -0.495263 -0.109455 -3.042850 -0.074739 0.140309
    28 1.433455 -0.000001 0.000002 0.000000 0.000000 1.077841
    29 0.534334 -0.269066 0.018936 -3.047540 -0.084662 0.175451
    30 1.019160 0.000002 -0.000001 0.000000 0.000000 0.445159
    31 0.591927 -0.092812 0.111916 -3.044020 -0.081575 0.092229
    32 1.149530 0.416493 -1.414110 1.637313 0.502666 0.152269
    33 -0.152565 -0.022695 0.475140 0.134276 0.161355 -0.294699
    34 1.263880 0.000000 -0.000001 0.000000 0.000000 0.095331
    35 0.204777 -0.431778 0.089654 0.168587 0.067859 -0.050505
    36 1.188936 0.000000 0.000001 -0.009661 -0.002767 -0.227690
    37 -0.017635 -0.420529 -0.022252 0.227339 0.046996 0.081353
    38 8.779446 -18.620424 -9.556197 -2.799714 -0.213007 -1.914215
    39 -10.722298 -0.506103 -0.017994 1.584990 0.010515 0.041378
    40 -8.857577 -10.147506 -9.599129 -2.117065 -0.313540 -1.079569
    41 0.294731 -0.017813 0.157481 0.029130 0.054919 0.004544
    42 5.740848 0.000000 -0.000001 0.000092 0.000000 -0.000008
    43 10.281296 -0.016083 0.132702 0.000149 0.000000 0.000000
    44 10.295597 0.000001 0.000000 2.642056 -0.287552 0.297980
    45 3.185547 1.209961 0.395020 1.726761 0.024382 1.531558
    46 0.000000 1.663440 1.993458 0.000000 0.000000 0.000000
    47 0.000000 0.079149 6.178666 -0.027841 0.000000 0.000000
    48 0.000002 3.466950 2.698286 3.141590 0.004362 3.141592
    49 0.032274 0.082292 -0.974221 0.000000 0.000000 0.000000
    50 0.283657 -0.262681 -0.016718 3.136930 0.073998 -0.078846
    51 3.323318 0.233760 -1.479091 0.471077 0.106876 1.379081
    52 0.422707 -0.406992 0.168743 -2.735260 0.184776 0.303777
    53 0.963103 0.000001 -0.000001 0.038624 -0.004207 0.700147
    54 0.441121 -0.147523 -0.014119 -2.793600 0.005348 0.279055
    55 0.682898 0.000000 0.000000 0.038155 -0.007330 0.781279
    56 0.382509 0.011353 0.014142 -2.816920 -0.081657 0.157045
    57 3.632760 0.059067 -0.757513 0.326256 0.151989 1.274562
    58 0.489260 -0.525216 0.053914 -3.074870 0.011878 0.210808
    59 1.500140 -0.000002 0.000000 0.027886 -0.039274 1.247669
    60 0.467742 -0.219619 0.031131 -3.081490 -0.013760 0.185349
    61 0.905654 0.000000 0.000000 -0.049220 -0.084570 0.688415
    62 0.503673 -0.044144 -0.005648 -3.101730 -0.045027 0.343288
    63 3.799520 0.014976 0.039936 0.327506 0.278809 1.147697
    64 0.352883 -0.530994 0.013656 3.048800 0.018771 0.168551
    65 1.774880 0.000001 0.000000 0.015548 -0.026855 1.207276
    66 0.123960 -0.267018 -0.045197 3.038230 0.016899 0.163207
    67 1.008841 0.000000 0.000000 0.007382 -0.033001 1.058830
    68 -0.091995 -0.117643 -0.068578 3.035060 0.049848 0.104967
    69 3.773758 0.133240 0.970555 0.009971 0.253127 0.024189
    70 0.266356 -0.315424 0.022796 2.894160 -0.011217 0.140937
    71 1.433460 -0.000001 0.000000 0.021781 -0.008209 0.379577
    72 0.232987 -0.175441 0.051954 2.850500 0.105025 0.006572
    73 1.019161 0.000000 0.000000 -0.061480 0.050146 0.902415
    74 0.199651 -0.182736 -0.019174 2.866800 0.015134 0.022335
    75 1.149521 0.416503 1.414108 -1.701758 0.225123 0.807917
    76 -0.259195 -0.126472 -0.187737 -0.320833 -0.178068 -0.144302
    77 1.263870 0.000000 0.000000 0.000000 0.000000 0.198808
    78 -0.023456 -0.272392 0.128637 -0.377946 -0.139541 -0.070537
    79 1.188940 0.000000 0.000000 0.006461 0.000252 0.052442
    80 -0.027065 -0.282838 0.274405 -0.453086 -0.085008 -0.010295
    81 -8.857577 -10.147506 -9.599129 -1.447422 -0.313640 -1.079641
    82 -10.722400 -0.506063 0.017998 0.014153 -0.011625 0.041372
    83 -2.499759 -20.624082 -3.260587 0.279743 -0.526385 0.491917
  time 68
    0 0.000000 0.000000 0.000000 3.137881 0.003712 -0.000007
    1 0.000000 1.753883 -0.282711 -1.570874 0.000060 0.469269
    2 8.779446 -18.604799 -9.564010 -0.993859 -0.212396 -1.916344
    3 0.237000 -0.019106 -0.353871 -0.031846 -0.060887 0.001610
    4 5.740851 0.000002 0.000000 0.000673 0.000000 0.000000
    5 10.321901 0.003155 0.187182 -0.229226 0.027369 0.027690
    6 10.295601 0.000000 0.000000 3.000044 0.161642 0.538005
    7 0.252449 -0.450151 0.014884 2.961090 -0.113350 -0.085454
    8 3.323328 0.233761 1.479089 -0.323823 0.288792 1.192330
    9 0.331326 -0.384609 -0.028515 2.751210 -0.062475 0.301804
    10 0.963098 0.000000 0.000000 -0.065049 0.022652 0.746643
    11 0.219801 -0.039763 0.000647 2.771360 0.018767 0.255174
    12 0.682896 0.000002 0.000000 -0.066599 -0.017087 0.160408
    13 0.237805 0.264544 -0.007074 2.776430 0.037665 -0.015667
    14 3.632759 0.059072 0.757512 -0.192934 0.132254 1.048047
    15 0.466810 -0.831947 0.013376 2.881400 0.028647 0.343212
    16 1.500140 0.000000 -0.000003 -0.044452 0.064265 1.255280
    17 0.319986 -0.324402 -0.027586 2.877640 0.022726 0.214012
    18 0.905666 0.000000 0.000001 -0.075037 -0.010361 0.142161
    19 0.492504 -0.086171 -0.084238 2.879510 0.064298 0.261627
    20 3.799519 0.014969 -0.039935 -0.136410 0.032610 0.848612
    21 0.217894 -0.825647 0.038806 3.038690 -0.013998 0.239370
    22 1.774879 -0.000002 0.000001 -0.001786 0.020029 1.572097
    23 -0.011930 -0.409492 0.022487 3.039220 -0.018455 0.224297
    24 1.008837 0.000001 -0.000001 -0.018804 0.000679 0.091240
    25 0.062305 -0.120462 0.017525 3.043570 -0.040149 0.014192
    26 3.773769 0.133240 -0.970558 -0.009890 0.179953 0.048729
    27 0.276640 -0.495263 -0.109455 -3.042850 -0.074739 0.140309
    28 1.433455 -0.000001 0.000002 0.000000 0.000000 1.075961
    29 0.534334 -0.269066 0.018936 -3.047540 -0.084662 0.175451
    30 1.019160 0.000002 -0.000001 0.000000 0.000000 0.444224
    31 0.591927 -0.092812 0.111916 -3.044020 -0.081575 0.092229
    32 1.149530 0.416493 -1.414110 1.637313 0.502666 0.152269
    33 -0.152565 -0.022695 0.475140 0.134276 0.161355 -0.294699
    34 1.263880 0.000000 -0.000001 0.000000 0.000000 0.095331
    35 0.204777 -0.431778 0.089654 0.168587 0.067859 -0.050505
    36 1.188936 0.000000 0.000001 -0.009661 -0.002767 -0.227690
    37 -0.017635 -0.420529 -0.022252 0.227339 0.046996 0.081353
    38 8.779446 -18.604799 -9.564010 -2.799871 -0.212464 -1.916319
    39 -10.722298 -0.506103 -0.017994 1.584990 0.010515 0.041378
    40 -8.865389 -10.116255 -9.614754 -2.116747 -0.314459 -1.078490
    41 0.294731 -0.017813 0.157481 0.029130 0.054919 0.004544
    42 5.740848 0.000000 -0.000001 0.000092 0.000000 -0.000008
    43 10.281296 -0.016083 0.132702 0.000149 0.000000 0.000000
    44 10.295597 0.000001 0.000000 2.640990 -0.285556 0.300765
    45 3.185547 1.209961 0.395020 1.726761 0.024382 1.531558
    46 0.000000 1.663440 1.993458 0.000000 0.000000 0.000000
    47 0.000000 0.079149 6.178666 -0.027841 0.000000 0.000000
    48 0.000002 3.466950 2.698286 3.141590 0.004362 3.141592
    49 0.032274 0.082292 -0.974221 0.000000 0.000000 0.000000
    50 0.283657 -0.262681 -0.016718 3.136930 0.073998 -0.078846
    51 3.323318 0.233760 -1.479091 0.471077 0.106876 1.379081
    52 0.422707 -0.406992 0.168743 -2.735260 0.184776 0.303777
    53 0.963103 0.000001 -0.000001 0.038624 -0.004207 0.700147
    54 0.441121 -0.147523 -0.014119 -2.793600 0.005348 0.279055
    55 0.682898 0.000000 0.000000 0.038155 -0.007330 0.781279
    56 0.382509 0.011353 0.014142 -2.816920 -0.081657 0.157045
    57 3.632760 0.059067 -0.757513 0.326256 0.151989 1.274562
    58 0.489260 -0.525216 0.053914 -3.074870 0.011878 0.210808
    59 1.500140 -0.000002 0.000000 0.027886 -0.039274 1.247669
    60 0.467742 -0.219619 0.031131 -3.081490 -0.013760 0.185349
    61 0.905654 0.000000 0.000000 -0.049220 -0.084570 0.688415
    62 0.503673 -0.044144 -0.005648 -3.101730 -0.045027 0.343288
    63 3.799520 0.014976 0.039936 0.327506 0.278809 1.147697
    64 0.352883 -0.530994 0.013656 3.048800 0.018771 0.168551
    65 1.774880 0.000001 0.000000 0.015548 -0.026855 1.207276
    66 0.123960 -0.267018 -0.045197 3.038230 0.016899 0.163207
    67 1.008841 0.000000 0.000000 0.007382 -0.033001 1.058862
    68 -0.091995 -0.117643 -0.068578 3.035060 0.049848 0.104967
    69 3.773758 0.133240 0.970555 0.009971 0.253127 0.024189
    70 0.266356 -0.315424 0.022796 2.894160 -0.011217 0.140937
    71 1.433460 -0.000001 0.000000 0.021781 -0.008209 0.379577
    72 0.232987 -0.175441 0.051954 2.850500 0.105025 0.006572
    73 1.019161 0.000000 0.000000 -0.061480 0.050146 0.902415
    74 0.199651 -0.182736 -0.019174 2.866800 0.015134 0.022335
    75 1.149521 0.416503 1.414108 -1.701758 0.225123 0.807917
    76 -0.259195 -0.126472 -0.187737 -0.320833 -0.178068 -0.144302
    77 1.263870 0.000000 0.000000 0.000000 0.000000 0.198808
    78 -0.023456 -0.272392 0.128637 -0.377946 -0.139541 -0.070537
    79 1.188940 0.000000 0.000000 0.006461 0.000252 0.052442
    80 -0.027065 -0.282838 0.274405 -0.453086 -0.085008 -0.010295
    81 -8.865389 -10.116255 -9.614754 -1.447060 -0.314504 -1.078460
    82 -10.722400 -0.506063 0.017998 0.014153 -0.011625 0.041372
    83 -2.499759 -20.588924 -3.260587 0.280200 -0.525989 0.489885
  time 69
    0 0.000000 0.000000 0.000000 3.137881 0.003712 -0.000007
    1 0.000000 1.781228 -0.286617 -1.570874 0.000060 0.455558
    2 8.775540 -18.593080 -9.575729 -0.994022 -0.212035 -1.918327
    3 0.237000 -0.019106 -0.353871 -0.031846 -0.060887 0.001610
    4 5.740851 0.000002 0.000000 0.000673 0.000000 0.000000
    5 10.321901 0.003155 0.187182 -0.229226 0.027369 0.027690
    6 10.295601 0.000000 0.000000 2.999615 0.161519 0.537706
    7 0.252449 -0.450151 0.014884 2.961090 -0.113350 -0.085454
    8 3.323328 0.233761 1.479089 -0.324233 0.287013 1.189150
    9 0.331326 -0.384609 -0.028515 2.751210 -0.062475 0.301804
    10 0.963098 0.000000 0.000000 -0.065049 0.022592 0.745716
    11 0.219801 -0.039763 0.000647 2.771360 0.018767 0.255174
    12 0.682896 0.000002 0.000000 -0.066599 -0.017063 0.160911
    13 0.237805 0.264544 -0.007074 2.776430 0.037665 -0.015667
    14 3.632759 0.059072 0.757512 -0.193042 0.131511 1.044549
    15 0.466810 -0.831947 0.013376 2.881400 0.028647 0.343212
    16 1.500140 0.000000 -0.000003 -0.044596 0.064050 1.251806
    17 0.319986 -0.324402 -0.027586 2.877640 0.022726 0.214012
    18 0.905666 0.000000 0.000001 -0.075025 -0.010397 0.141654
    19 0.492504 -0.086171 -0.084238 2.879510 0.064298 0.261627
    20 3.799519 0.014969 -0.039935 -0.136315 0.032143 0.844906
    21 0.217894 -0.825647 0.038806 3.038690 -0.013998 0.239370
    22 1.774879 -0.000002 0.000001 -0.001822 0.019945 1.566815
    23 -0.011930 -0.409492 0.022487 3.039220 -0.018455 0.224297
    24 1.008837 0.000001 -0.000001 -0.018804 0.000679 0.090946
    25 0.062305 -0.120462 0.017525 3.043570 -0.040149 0.014192
    26 3.773769 0.133240 -0.970558 -0.010058 0.179473 0.047351
    27 0.276640 -0.495263 -0.109455 -3.042850 -0.074739 0.140309
    28 1.433455 -0.000001 0.000002 0.000000 0.000000 1.073881
    29 0.534334 -0.269066 0.018936 -3.047540 -0.084662 0.175451
    30 1.019160 0.000002 -0.000001 0.000000 0.000000 0.443182
    31 0.591927 -0.092812 0.111916 -3.044020 -0.081575 0.092229
    32 1.149530 0.416493 -1.414110 1.637313 0.502666 0.152269
    33 -0.152565 -0.022695 0.475140 0.134276 0.161355 -0.294699
    34 1.263880 0.000000 -0.000001 0.000000 0.000000 0.095331
    35 0.204777 -0.431778 0.089654 0.168587 0.067859 -0.050505
    36 1.188936 0.000000 0.000001 -0.009661 -0.002767 -0.227690
    37 -0.017635 -0.420529 -0.022252 0.227339 0.046996 0.081353
    38 8.775540 -18.593080 -9.575729 -2.799983 -0.211994 -1.918362
    39 -10.722298 -0.506103 -0.017994 1.584990 0.010515 0.041378
    40 -8.877109 -10.081098 -9.630380 -2.116415 -0.315304 -1.077360
    41 0.294731 -0.017813 0.157481 0.029130 0.054919 0.004544
    42 5.740848 0.000000 -0.000001 0.000092 0.000000 -0.000008
    43 10.281296 -0.016083 0.132702 0.000149 0.000000 0.000000
    44 10.295597 0.000001 0.000000 2.640021 -0.283418 0.303514
    45 3.185547 1.209961 0.395020 1.726761 0.024382 1.531558
    46 0.000000 1.663440 1.993458 0.000000 0.000000 0.000000
    47 0.000000 0.079149 6.178666 -0.027841 0.000000 0.000000
    48 0.000002 3.466950 2.698286 3.141590 0.004362 3.141592
    49 0.032274 0.082292 -0.974221 0.000000 0.000000 0.000000
    50 0.283657 -0.262681 -0.016718 3.136930 0.073998 -0.078846
    51 3.323318 0.233760 -1.479091 0.471077 0.106876 1.379081
    52 0.422707 -0.406992 0.168743 -2.735260 0.184776 0.303777
    53 0.963103 0.000001 -0.000001 0.038624 -0.004207 0.700147
    54 0.441121 -0.147523 -0.014119 -2.793600 0.005348 0.279055
    55 0.682898 0.000000 0.000000 0.038155 -0.007330 0.781279
    56 0.382509 0.011353 0.014142 -2.816920 -0.081657 0.157045
    57 3.632760 0.059067 -0.757513 0.326256 0.151989 1.274562
    58 0.489260 -0.525216 0.053914 -3.074870 0.011878 0.210808
    59 1.500140 -0.000002 0.000000 0.027886 -0.039274 1.247669
    60 0.467742 -0.219619 0.031131 -3.081490 -0.013760 0.185349
    61 0.905654 0.000000 0.000000 -0.049220 -0.084570 0.688415
    62 0.503673 -0.044144 -0.005648 -3.101730 -0.045027 0.343288
    63 3.799520 0.014976 0.039936 0.327506 0.278809 1.147697
    64 0.352883 -0.530994 0.013656 3.048800 0.018771 0.168551
    65 1.774880 0.000001 0.000000 0.015548 -0.026855 1.207276
    66 0.123960 -0.267018 -0.045197 3.038230 0.016899 0.163207
    67 1.008841 0.000000 0.000000 0.007382 -0.033001 1.058862
    68 -0.091995 -0.117643 -0.068578 3.035060 0.049848 0.104967
    69 3.773758 0.133240 0.970555 0.009971 0.253127 0.024189
    70 0.266356 -0.315424 0.022796 2.894160 -0.011217 0.140937
    71 1.433460 -0.000001 0.000000 0.021781 -0.008209 0.379577
    72 0.232987 -0.175441 0.051954 2.850500 0.105025 0.006572
    73 1.019161 0.000000 0.000000 -0.061480 0.050146 0.902415
    74 0.199651 -0.182736 -0.019174 2.866800 0.015134 0.022335
    75 1.149521 0.416503 1.414108 -1.701758 0.225123 0.807917
    76 -0.259195 -0.126472 -0.187737 -0.320833 -0.178068 -0.144302
    77 1.263870 0.000000 0.000000 0.000000 0.000000 0.198808
    78 -0.023456 -0.272392 0.128637 -0.377946 -0.139541 -0.070537
    79 1.188940 0.000000 0.000000 0.006461 0.000252 0.052442
    80 -0.027065 -0.282838 0.274405 -0.453086 -0.085008 -0.010295
    81 -8.877109 -10.081098 -9.630380 -1.446776 -0.315404 -1.077381
    82 -10.722400 -0.506063 0.017998 0.014153 -0.011625 0.041372
    83 -2.503665 -20.549861 -3.272306 0.280571 -0.525712 0.487789
  time 70
    0 0.000000 0.000000 0.000000 3.137881 0.003712 -0.000007
    1 0.000000 1.800760 -0.286617 -1.570874 0.000060 0.442040
    2 8.775540 -18.581361 -9.579636 -0.994209 -0.211746 -1.920250
    3 0.237000 -0.019106 -0.353871 -0.031846 -0.060887 0.001610
    4 5.740851 0.000002 0.000000 0.000673 0.000000 -0.000012
    5 10.321901 0.003155 0.187182 -0.229226 0.027369 0.027690
    6 10.295601 0.000000 0.000000 2.999465 0.161426 0.537546
    7 0.252449 -0.450151 0.014884 2.961090 -0.113350 -0.085454
    8 3.323328 0.233761 1.479089 -0.324731 0.285027 1.185623
    9 0.331326 -0.384609 -0.028515 2.751210 -0.062475 0.301804
    10 0.963098 0.000000 0.000000 -0.065061 0.022520 0.744709
    11 0.219801 -0.039763 0.000647 2.771360 0.018767 0.255174
    12 0.682896 0.000002 0.000000 -0.066599 -0.017027 0.161415
    13 0.237805 0.264544 -0.007074 2.776430 0.037665 -0.015667
    14 3.632759 0.059072 0.757512 -0.193174 0.130660 1.040622
    15 0.466810 -0.831947 0.013376 2.881400 0.028647 0.343212
    16 1.500140 0.000000 -0.000003 -0.044740 0.063798 1.247959
    17 0.319986 -0.324402 -0.027586 2.877640 0.022726 0.214012
    18 0.905666 0.000000 0.000001 -0.075013 -0.010433 0.141096
    19 0.492504 -0.086171 -0.084238 2.879510 0.064298 0.261627
    20 3.799519 0.014969 -0.039935 -0.136183 0.031604 0.840950
    21 0.217894 -0.825647 0.038806 3.038690 -0.013998 0.239370
    22 1.774879 -0.000002 0.000001 -0.001918 0.019861 1.561034
    23 -0.011930 -0.409492 0.022487 3.039220 -0.018455 0.224297
    24 1.008837 0.000001 -0.000001 -0.018804 0.000667 0.090676
    25 0.062305 -0.120462 0.017525 3.043570 -0.040149 0.014192
    26 3.773769 0.133240 -0.970558 -0.010226 0.179030 0.045889
    27 0.276640 -0.495263 -0.109455 -3.042850 -0.074739 0.140309
    28 1.433455 -0.000001 0.000002 0.000000 0.000000 1.071574
    29 0.534334 -0.269066 0.018936 -3.047540 -0.084662 0.175451
    30 1.019160 0.000002 -0.000001 0.000000 0.000000 0.442019
    31 0.591927 -0.092812 0.111916 -3.044020 -0.081575 0.092229
    32 1.149530 0.416493 -1.414110 1.637313 0.502666 0.152269
    33 -0.152565 -0.022695 0.475140 0.134276 0.161355 -0.294699
    34 1.263880 0.000000 -0.000001 0.000000 0.000000 0.095331
    35 0.204777 -0.431778 0.089654 0.168587 0.067859 -0.050505
    36 1.188936 0.000000 0.000001 -0.009661 -0.002767 -0.227690
    37 -0.017635 -0.420529 -0.022252 0.227339 0.046996 0.081353
    38 8.775540 -18.581361 -9.579636 -2.800073 -0.211885 -1.920165
    39 -10.722298 -0.506103 -0.017994 1.584990 0.010515 0.041378
    40 -8.884921 -10.049847 -9.646005 -2.116147 -0.316186 -1.076230
    41 0.294731 -0.017813 0.157481 0.029130 0.054919 0.004544
    42 5.740848 0.000000 -0.000001 0.000092 0.000000 -0.000008
    43 10.281296 -0.016083 0.132702 0.000149 0.000000 0.000000
    44 10.295597 0.000001 0.000000 2.639294 -0.281264 0.306111
    45 3.185547 1.209961 0.395020 1.726761 0.024382 1.531558
    46 0.000000 1.663440 1.993458 0.000000 0.000000 0.000000
    47 0.000000 0.079149 6.178666 -0.027841 0.000000 0.000000
    48 0.000002 3.466950 2.698286 3.141590 0.004362 3.141592
    49 0.032274 0.082292 -0.974221 0.000000 0.000000 0.000000
    50 0.283657 -0.262681 -0.016718 3.136930 0.073998 -0.078846
    51 3.323318 0.233760 -1.479091 0.471077 0.106876 1.379081
    52 0.422707 -0.406992 0.168743 -2.735260 0.184776 0.303777
    53 0.963103 0.000001 -0.000001 0.038624 -0.004207 0.700147
    54 0.441121 -0.147523 -0.014119 -2.793600 0.005348 0.279055
    55 0.682898 0.000000 0.000000 0.038155 -0.007330 0.781279
    56 0.382509 0.011353 0.014142 -2.816920 -0.081657 0.157045
    57 3.632760 0.059067 -0.757513 0.326256 0.151989 1.274562
    58 0.489260 -0.525216 0.053914 -3.074870 0.011878 0.210808
    59 1.500140 -0.000002 0.000000 0.027886 -0.039274 1.247669
    60 0.467742 -0.219619 0.031131 -3.081490 -0.013760 0.185349
    61 0.905654 0.000000 0.000000 -0.049220 -0.084570 0.688415
    62 0.503673 -0.044144 -0.005648 -3.101730 -0.045027 0.343288
    63 3.799520 0.014976 0.039936 0.327506 0.278809 1.147697
    64 0.352883 -0.530994 0.013656 3.048800 0.018771 0.168551
    65 1.774880 0.000001 0.000000 0.015548 -0.026855 1.207276
    66 0.123960 -0.267018 -0.045197 3.038230 0.016899 0.163207
    67 1.008841 0.000000 0.000000 0.007382 -0.033001 1.058830
    68 -0.091995 -0.117643 -0.068578 3.035060 0.049848 0.104967
    69 3.773758 0.133240 0.970555 0.009971 0.253127 0.024189
    70 0.266356 -0.315424 0.022796 2.894160 -0.011217 0.140937
    71 1.433460 -0.000001 0.000000 0.021781 -0.008209 0.379577
    72 0.232987 -0.175441 0.051954 2.850500 0.105025 0.006572
    73 1.019161 0.000000 0.000000 -0.061480 0.050146 0.902415
    74 0.199651 -0.182736 -0.019174 2.866800 0.015134 0.022335
    75 1.149521 0.416503 1.414108 -1.701758 0.225123 0.807917
    76 -0.259195 -0.126472 -0.187737 -0.320833 -0.178068 -0.144302
    77 1.263870 0.000000 0.000000 0.000000 0.000000 0.198808
    78 -0.023456 -0.272392 0.128637 -0.377946 -0.139541 -0.070537
    79 1.188940 0.000000 0.000000 0.006461 0.000252 0.052442
    80 -0.027065 -0.282838 0.274405 -0.453086 -0.085008 -0.010295
    81 -8.884921 -10.049847 -9.646005 -1.446492 -0.316286 -1.076354
    82 -10.722400 -0.506063 0.017998 0.014153 -0.011625 0.041372
    83 -2.511478 -20.514703 -3.280119 0.280828 -0.525633 0.485566
  time 71
    0 0.000000 0.000000 0.000000 3.137881 0.003712 -0.000007
    1 0.000000 1.824198 -0.294430 -1.570922 0.000060 0.428761
    2 8.771633 -18.573548 -9.587448 -0.994302 -0.211637 -1.922233
    3 0.237000 -0.019106 -0.353871 -0.031846 -0.060887 0.001610
    4 5.740851 0.000002 0.000000 0.000673 0.000000 0.000000
    5 10.321901 0.003155 0.187182 -0.229226 0.027369 0.027690
    6 10.295601 0.000000 0.000000 2.999615 0.161488 0.537566
    7 0.252449 -0.450151 0.014884 2.961090 -0.113350 -0.085454
    8 3.323328 0.233761 1.479089 -0.325185 0.282819 1.181794
    9 0.331326 -0.384609 -0.028515 2.751210 -0.062475 0.301804
    10 0.963098 0.000000 0.000000 -0.065085 0.022460 0.743676
    11 0.219801 -0.039763 0.000647 2.771360 0.018767 0.255174
    12 0.682896 0.000002 0.000000 -0.066599 -0.016991 0.161946
    13 0.237805 0.264544 -0.007074 2.776430 0.037665 -0.015667
    14 3.632759 0.059072 0.757512 -0.193306 0.129702 1.036434
    15 0.466810 -0.831947 0.013376 2.881400 0.028647 0.343212
    16 1.500140 0.000000 -0.000003 -0.044847 0.063522 1.243809
    17 0.319986 -0.324402 -0.027586 2.877640 0.022726 0.214012
    18 0.905666 0.000000 0.000001 -0.075001 -0.010481 0.140564
    19 0.492504 -0.086171 -0.084238 2.879510 0.064298 0.261627
    20 3.799519 0.014969 -0.039935 -0.136015 0.031041 0.836522
    21 0.217894 -0.825647 0.038806 3.038690 -0.013998 0.239370
    22 1.774879 -0.000002 0.000001 -0.002038 0.019802 1.554790
    23 -0.011930 -0.409492 0.022487 3.039220 -0.018455 0.224297
    24 1.008837 0.000001 -0.000001 -0.018804 0.000667 0.090338
    25 0.062305 -0.120462 0.017525 3.043570 -0.040149 0.014192
    26 3.773769 0.133240 -0.970558 -0.010405 0.178502 0.044271
    27 0.276640 -0.495263 -0.109455 -3.042850 -0.074739 0.140309
    28 1.433455 -0.000001 0.000002 0.000000 0.000000 1.069124
    29 0.534334 -0.269066 0.018936 -3.047540 -0.084662 0.175451
    30 1.019160 0.000002 -0.000001 0.000000 0.000000 0.440821
    31 0.591927 -0.092812 0.111916 -3.044020 -0.081575 0.092229
    32 1.149530 0.416493 -1.414110 1.637313 0.502666 0.152269
    33 -0.152565 -0.022695 0.475140 0.134276 0.161355 -0.294699
    34 1.263880 0.000000 -0.000001 0.000000 0.000000 0.095331
    35 0.204777 -0.431778 0.089654 0.168587 0.067859 -0.050505
    36 1.188936 0.000000 0.000001 -0.009661 -0.002767 -0.227690
    37 -0.017635 -0.420529 -0.022252 0.227339 0.046996 0.081353
    38 8.771633 -18.573548 -9.587448 -2.800185 -0.211668 -1.922208
    39 -10.722298 -0.506103 -0.017994 1.584990 0.010515 0.041378
    40 -8.900547 -10.014690 -9.657724 -2.115931 -0.317013 -1.075408
    41 0.294731 -0.017813 0.157481 0.029130 0.054919 0.004544
    42 5.740848 0.000000 -0.000001 0.000092 0.000000 -0.000008
    43 10.281296 -0.016083 0.132702 0.000149 0.000000 0.000000
    44 10.295597 0.000001 0.000000 2.638858 -0.279003 0.308502
    45 3.185547 1.209961 0.395020 1.726761 0.024382 1.531558
    46 0.000000 1.663440 1.993458 0.000000 0.000000 0.000000
    47 0.000000 0.079149 6.178666 -0.027841 0.000000 0.000000
    48 0.000002 3.466950 2.698286 3.141590 0.004362 3.141592
    49 0.032274 0.082292 -0.974221 0.000000 0.000000 0.000000
    50 0.283657 -0.262681 -0.016718 3.136930 0.073998 -0.078846
    51 3.323318 0.233760 -1.479091 0.471077 0.106876 1.379081
    52 0.422707 -0.406992 0.168743 -2.735260 0.184776 0.303777
    53 0.963103 0.000001 -0.000001 0.038624 -0.004207 0.700147
    54 0.441121 -0.147523 -0.014119 -2.793600 0.005348 0.279055
    55 0.682898 0.000000 0.000000 0.038155 -0.007330 0.781279
    56 0.382509 0.011353 0.014142 -2.816920 -0.081657 0.157045
    57 3.632760 0.059067 -0.757513 0.326256 0.151989 1.274562
    58 0.489260 -0.525216 0.053914 -3.074870 0.011878 0.210808
    59 1.500140 -0.000002 0.000000 0.027886 -0.039274 1.247669
    60 0.467742 -0.219619 0.031131 -3.081490 -0.013760 0.185349
    61 0.905654 0.000000 0.000000 -0.049220 -0.084570 0.688415
    62 0.503673 -0.044144 -0.005648 -3.101730 -0.045027 0.343288
    63 3.799520 0.014976 0.039936 0.327506 0.278809 1.147697
    64 0.352883 -0.530994 0.013656 3.048800 0.018771 0.168551
    65 1.774880 0.000001 0.000000 0.015548 -0.026855 1.207276
    66 0.123960 -0.267018 -0.045197 3.038230 0.016899 0.163207
    67 1.008841 0.000000 0.000000 0.007382 -0.033013 1.058830
    68 -0.091995 -0.117643 -0.068578 3.035060 0.049848 0.104967
    69 3.773758 0.133240 0.970555 0.009971 0.253127 0.024189
    70 0.266356 -0.315424 0.022796 2.894160 -0.011217 0.140937
    71 1.433460 -0.000001 0.000000 0.021781 -0.008209 0.379577
    72 0.232987 -0.175441 0.051954 2.850500 0.105025 0.006572
    73 1.019161 0.000000 0.000000 -0.061480 0.050146 0.902415
    74 0.199651 -0.182736 -0.019174 2.866800 0.015134 0.022335
    75 1.149521 0.416503 1.414108 -1.701758 0.225123 0.807917
    76 -0.259195 -0.126472 -0.187737 -0.320833 -0.178068 -0.144302
    77 1.263870 0.000000 0.000000 0.000000 0.000000 0.198808
    78 -0.023456 -0.272392 0.128637 -0.377946 -0.139541 -0.070537
    79 1.188940 0.000000 0.000000 0.006461 0.000252 0.052442
    80 -0.027065 -0.282838 0.274405 -0.453086 -0.085008 -0.010295
    81 -8.900547 -10.014690 -9.657724 -1.446312 -0.317058 -1.075378
    82 -10.722400 -0.506063 0.017998 0.014153 -0.011625 0.041372
    83 -2.523197 -20.475640 -3.284025 0.280914 -0.525712 0.483534
  time 72
    0 0.000000 0.000000 0.000000 3.137881 0.003712 -0.000007
    1 0.000000 1.843730 -0.294430 -1.570922 0.000060 0.415530
    2 8.763821 -18.573548 -9.595261 -0.994535 -0.211059 -1.925058
    3 0.237000 -0.019106 -0.353871 -0.031846 -0.060887 0.001610
    4 5.740851 0.000002 0.000000 0.000673 0.000000 -0.000012
    5 10.321901 0.003155 0.187182 -0.229226 0.027369 0.027690
    6 10.295601 0.000000 0.000000 2.997319 0.160128 0.534995
    7 0.252449 -0.450151 0.014884 2.961090 -0.113350 -0.085454
    8 3.323328 0.233761 1.479089 -0.325698 0.280452 1.177727
    9 0.331326 -0.384609 -0.028515 2.751210 -0.062475 0.301804
    10 0.963098 0.000000 0.000000 -0.065121 0.022400 0.742457
    11 0.219801 -0.039763 0.000647 2.771360 0.018767 0.255174
    12 0.682896 0.000002 0.000000 -0.066611 -0.016943 0.162477
    13 0.237805 0.264544 -0.007074 2.776430 0.037665 -0.015667
    14 3.632759 0.059072 0.757512 -0.193426 0.128611 1.031818
    15 0.466810 -0.831947 0.013376 2.881400 0.028647 0.343212
    16 1.500140 0.000000 -0.000003 -0.044979 0.063271 1.239286
    17 0.319986 -0.324402 -0.027586 2.877640 0.022726 0.214012
    18 0.905666 0.000000 0.000001 -0.075001 -0.010517 0.140006
    19 0.492504 -0.086171 -0.084238 2.879510 0.064298 0.261627
    20 3.799519 0.014969 -0.039935 -0.135835 0.030417 0.831721
    21 0.217894 -0.825647 0.038806 3.038690 -0.013998 0.239370
    22 1.774879 -0.000002 0.000001 -0.002098 0.019718 1.548045
    23 -0.011930 -0.409492 0.022487 3.039220 -0.018455 0.224297
    24 1.008837 0.000001 -0.000001 -0.018804 0.000655 0.089977
    25 0.062305 -0.120462 0.017525 3.043570 -0.040149 0.014192
    26 3.773769 0.133240 -0.970558 -0.010597 0.177915 0.042497
    27 0.276640 -0.495263 -0.109455 -3.042850 -0.074739 0.140309
    28 1.433455 -0.000001 0.000002 0.000000 0.000000 1.066403
    29 0.534334 -0.269066 0.018936 -3.047540 -0.084662 0.175451
    30 1.019160 0.000002 -0.000001 0.000000 0.000000 0.439514
    31 0.591927 -0.092812 0.111916 -3.044020 -0.081575 0.092229
    32 1.149530 0.416493 -1.414110 1.637313 0.502666 0.152269
    33 -0.152565 -0.022695 0.475140 0.134276 0.161355 -0.294699
    34 1.263880 0.000000 -0.000001 0.000000 0.000000 0.095331
    35 0.204777 -0.431778 0.089654 0.168587 0.067859 -0.050505
    36 1.188936 0.000000 0.000001 -0.009661 -0.002767 -0.227690
    37 -0.017635 -0.420529 -0.022252 0.227339 0.046996 0.081353
    38 8.763821 -18.573548 -9.595261 -2.800454 -0.211089 -1.924973
    39 -10.722298 -0.506103 -0.017994 1.584990 0.010515 0.041378
    40 -8.920079 -9.979532 -9.677256 -2.115829 -0.317656 -1.074689
    41 0.294731 -0.017813 0.157481 0.029130 0.054919 0.004544
    42 5.740848 0.000000 -0.000001 0.000092 0.000000 -0.000008
    43 10.281296 -0.016083 0.132702 0.000149 0.000000 0.000000
    44 10.295597 0.000001 0.000000 2.635612 -0.276371 0.310629
    45 3.185547 1.209961 0.395020 1.726761 0.024382 1.531558
    46 0.000000 1.663440 1.993458 0.000000 0.000000 0.000000
    47 0.000000 0.079149 6.178666 -0.027841 0.000000 0.000000
    48 0.000002 3.466950 2.698286 3.141590 0.004362 3.141592
    49 0.032274 0.082292 -0.974221 0.000000 0.000000 0.000000
    50 0.283657 -0.262681 -0.016718 3.136930 0.073998 -0.078846
    51 3.323318 0.233760 -1.479091 0.471077 0.106876 1.379081
    52 0.422707 -0.406992 0.168743 -2.735260 0.184776 0.303777
    53 0.963103 0.000001 -0.000001 0.038624 -0.004207 0.700147
    54 0.441121 -0.147523 -0.014119 -2.793600 0.005348 0.279055
    55 0.682898 0.000000 0.000000 0.038155 -0.007330 0.781279
    56 0.382509 0.011353 0.014142 -2.816920 -0.081657 0.157045
    57 3.632760 0.059067 -0.757513 0.326256 0.151989 1.274562
    58 0.489260 -0.525216 0.053914 -3.074870 0.011878 0.210808
    59 1.500140 -0.000002 0.000000 0.027886 -0.039274 1.247669
    60 0.467742 -0.219619 0.031131 -3.081490 -0.013760 0.185349
    61 0.905654 0.000000 0.000000 -0.049220 -0.084570 0.688415
    62 0.503673 -0.044144 -0.005648 -3.101730 -0.045027 0.343288
    63 3.799520 0.014976 0.039936 0.327506 0.278809 1.147697
    64 0.352883 -0.530994 0.013656 3.048800 0.018771 0.168551
    65 1.774880 0.000001 0.000000 0.015548 -0.026855 1.207276
    66 0.123960 -0.267018 -0.045197 3.038230 0.016899 0.163207
    67 1.008841 0.000000 0.000000 0.007382 -0.033001 1.058830
    68 -0.091995 -0.117643 -0.068578 3.035060 0.049848 0.104967
    69 3.773758 0.133240 0.970555 0.009971 0.253127 0.024189
    70 0.266356 -0.315424 0.022796 2.894160 -0.011217 0.140937
    71 1.433460 -0.000001 0.000000 0.021781 -0.008209 0.379577
    72 0.232987 -0.175441 0.051954 2.850500 0.105025 0.006572
    73 1.019161 0.000000 0.000000 -0.061480 0.050146 0.902415
    74 0.199651 -0.182736 -0.019174 2.866800 0.015134 0.022335
    75 1.149521 0.416503 1.414108 -1.701746 0.225123 0.807917
    76 -0.259195 -0.126472 -0.187737 -0.320833 -0.178068 -0.144302
    77 1.263870 0.000000 0.000000 0.000000 0.000000 0.198808
    78 -0.023456 -0.272392 0.128637 -0.377946 -0.139541 -0.070537
    79 1.188940 0.000000 0.000000 0.006461 0.000252 0.052442
    80 -0.027065 -0.282838 0.274405 -0.453086 -0.085008 -0.010295
    81 -8.920079 -9.979532 -9.677256 -1.446234 -0.317756 -1.074813
    82 -10.722400 -0.506063 0.017998 0.014153 -0.011625 0.041372
    83 -2.534916 -20.432670 -3.291838 0.280371 -0.522823 0.481311
  time 73
    0 0.000000 0.000000 0.000000 3.137881 0.003712 -0.000007
    1 0.000000 1.859355 -0.298336 -1.570922 0.000060 0.402395
    2 8.713038 -18.608705 -9.606980 -0.995561 -0.207046 -1.932330
    3 0.237000 -0.019106 -0.353871 -0.031846 -0.060887 0.001610
    4 5.740851 0.000002 0.000000 0.000673 0.000000 0.000000
    5 10.321901 0.003155 0.187182 -0.229226 0.027369 0.027690
    6 10.295601 0.000000 0.000000 2.983955 0.153053 0.519828
    7 0.252449 -0.450151 0.014884 2.961090 -0.113350 -0.085454
    8 3.323328 0.233761 1.479089 -0.326240 0.277937 1.173358
    9 0.331326 -0.384609 -0.028515 2.751210 -0.062475 0.301804
    10 0.963098 0.000000 0.000000 -0.065145 0.022328 0.741159
    11 0.219801 -0.039763 0.000647 2.771360 0.018767 0.255174
    12 0.682896 0.000002 0.000000 -0.066611 -0.016895 0.163120
    13 0.237805 0.264544 -0.007074 2.776430 0.037665 -0.015667
    14 3.632759 0.059072 0.757512 -0.193545 0.127580 1.026940
    15 0.466810 -0.831947 0.013376 2.881400 0.028647 0.343212
    16 1.500140 0.000000 -0.000003 -0.045183 0.062995 1.234530
    17 0.319986 -0.324402 -0.027586 2.877640 0.022726 0.214012
    18 0.905666 0.000000 0.000001 -0.074989 -0.010565 0.139423
    19 0.492504 -0.086171 -0.084238 2.879510 0.064298 0.261627
    20 3.799519 0.014969 -0.039935 -0.135691 0.029770 0.826572
    21 0.217894 -0.825647 0.038806 3.038690 -0.013998 0.239370
    22 1.774879 -0.000002 0.000001 -0.002242 0.019634 1.540730
    23 -0.011930 -0.409492 0.022487 3.039220 -0.018455 0.224297
    24 1.008837 0.000001 -0.000001 -0.018804 0.000643 0.089549
    25 0.062305 -0.120462 0.017525 3.043570 -0.040149 0.014192
    26 3.773769 0.133240 -0.970558 -0.010789 0.177304 0.040652
    27 0.276640 -0.495263 -0.109455 -3.042850 -0.074739 0.140309
    28 1.433455 -0.000001 0.000002 0.000000 0.000000 1.063540
    29 0.534334 -0.269066 0.018936 -3.047540 -0.084662 0.175451
    30 1.019160 0.000002 -0.000001 0.000000 0.000000 0.438064
    31 0.591927 -0.092812 0.111916 -3.044020 -0.081575 0.092229
    32 1.149530 0.416493 -1.414110 1.637313 0.502666 0.152269
    33 -0.152565 -0.022695 0.475140 0.134276 0.161355 -0.294699
    34 1.263880 0.000000 -0.000001 0.000000 0.000000 0.095331
    35 0.204777 -0.431778 0.089654 0.168587 0.067859 -0.050505
    36 1.188936 0.000000 0.000001 -0.009661 -0.002767 -0.227690
    37 -0.017635 -0.420529 -0.022252 0.227339 0.046996 0.081353
    38 8.713038 -18.608705 -9.606980 -2.801396 -0.207072 -1.932245
    39 -10.722298 -0.506103 -0.017994 1.584990 0.010515 0.041378
    40 -8.963049 -9.932656 -9.688975 -2.116874 -0.317858 -1.075716
    41 0.294731 -0.017813 0.157481 0.029130 0.054919 0.004544
    42 5.740848 0.000000 -0.000001 0.000092 0.000000 -0.000008
    43 10.281296 -0.016083 0.132702 0.000149 0.000000 0.000000
    44 10.295597 0.000001 0.000000 2.619769 -0.271089 0.312774
    45 3.185547 1.209961 0.395020 1.726761 0.024382 1.531558
    46 0.000000 1.663440 1.993458 0.000000 0.000000 0.000000
    47 0.000000 0.079149 6.178666 -0.027841 0.000000 0.000000
    48 0.000002 3.466950 2.698286 3.141590 0.004362 3.141592
    49 0.032274 0.082292 -0.974221 0.000000 0.000000 0.000000
    50 0.283657 -0.262681 -0.016718 3.136930 0.073998 -0.078846
    51 3.323318 0.233760 -1.479091 0.471077 0.106876 1.379081
    52 0.422707 -0.406992 0.168743 -2.735260 0.184776 0.303777
    53 0.963103 0.000001 -0.000001 0.038624 -0.004207 0.700147
    54 0.441121 -0.147523 -0.014119 -2.793600 0.005348 0.279055
    55 0.682898 0.000000 0.000000 0.038155 -0.007330 0.781279
    56 0.382509 0.011353 0.014142 -2.816920 -0.081657 0.157045
    57 3.632760 0.059067 -0.757513 0.326256 0.151989 1.274562
    58 0.489260 -0.525216 0.053914 -3.074870 0.011878 0.210808
    59 1.500140 -0.000002 0.000000 0.027886 -0.039274 1.247669
    60 0.467742 -0.219619 0.031131 -3.081490 -0.013760 0.185349
    61 0.905654 0.000000 0.000000 -0.049220 -0.084570 0.688415
    62 0.503673 -0.044144 -0.005648 -3.101730 -0.045027 0.343288
    63 3.799520 0.014976 0.039936 0.327506 0.278809 1.147697
    64 0.352883 -0.530994 0.013656 3.048800 0.018771 0.168551
    65 1.774880 0.000001 0.000000 0.015548 -0.026855 1.207276
    66 0.123960 -0.267018 -0.045197 3.038230 0.016899 0.163207
    67 1.008841 0.000000 0.000000 0.007382 -0.033001 1.058830
    68 -0.091995 -0.117643 -0.068578 3.035060 0.049848 0.104967
    69 3.773758 0.133240 0.970555 0.009971 0.253127 0.024189
    70 0.266356 -0.315424 0.022796 2.894160 -0.011217 0.140937
    71 1.433460 -0.000001 0.000000 0.021781 -0.008209 0.379577
    72 0.232987 -0.175441 0.051954 2.850500 0.105025 0.006572
    73 1.019161 0.000000 0.000000 -0.061480 0.050146 0.902415
    74 0.199651 -0.182736 -0.019174 2.866800 0.015134 0.022335
    75 1.149521 0.416503 1.414108 -1.701758 0.225123 0.807917
    76 -0.259195 -0.126472 -0.187737 -0.320833 -0.178068 -0.144302
    77 1.263870 0.000000 0.000000 0.000000 0.000000 0.198808
    78 -0.023456 -0.272392 0.128637 -0.377946 -0.139541 -0.070537
    79 1.188940 0.000000 0.000000 0.006461 0.000252 0.052442
    80 -0.027065 -0.282838 0.274405 -0.453086 -0.085008 -0.010295
    81 -8.963049 -9.932656 -9.688975 -1.447318 -0.317848 -1.075789
    82 -10.722400 -0.506063 0.017998 0.014153 -0.011625 0.041372
    83 -2.550542 -20.374074 -3.311370 0.277601 -0.506279 0.477119
  time 74
    0 0.000000 0.000000 0.000000 3.137881 0.003712 -0.000007
    1 0.000000 1.886700 -0.298336 -1.570922 0.000060 0.389355
    2 8.607566 -18.729803 -9.595261 -0.997822 -0.197791 -1.945912
    3 0.237000 -0.019106 -0.353871 -0.031846 -0.060887 0.001610
    4 5.740851 0.000002 0.000000 0.000673 0.000000 -0.000012
    5 10.321901 0.003155 0.187182 -0.229226 0.027369 0.027690
    6 10.295601 0.000000 0.000000 2.957507 0.139550 0.487063
    7 0.252449 -0.450151 0.014884 2.961090 -0.113350 -0.085454
    8 3.323328 0.233761 1.479089 -0.326826 0.275215 1.168598
    9 0.331326 -0.384609 -0.028515 2.751210 -0.062475 0.301804
    10 0.963098 0.000000 0.000000 -0.065157 0.022244 0.739808
    11 0.219801 -0.039763 0.000647 2.771360 0.018767 0.255174
    12 0.682896 0.000002 0.000000 -0.066611 -0.016836 0.163847
    13 0.237805 0.264544 -0.007074 2.776430 0.037665 -0.015667
    14 3.632759 0.059072 0.757512 -0.193713 0.126466 1.021658
    15 0.466810 -0.831947 0.013376 2.881400 0.028647 0.343212
    16 1.500140 0.000000 -0.000003 -0.045411 0.062671 1.229378
    17 0.319986 -0.324402 -0.027586 2.877640 0.022726 0.214012
    18 0.905666 0.000000 0.000001 -0.074989 -0.010613 0.138764
    19 0.492504 -0.086171 -0.084238 2.879510 0.064298 0.261627
    20 3.799519 0.014969 -0.039935 -0.135560 0.029063 0.821124
    21 0.217894 -0.825647 0.038806 3.038690 -0.013998 0.239370
    22 1.774879 -0.000002 0.000001 -0.002266 0.019550 1.532951
    23 -0.011930 -0.409492 0.022487 3.039220 -0.018455 0.224297
    24 1.008837 0.000001 -0.000001 -0.018804 0.000619 0.089098
    25 0.062305 -0.120462 0.017525 3.043570 -0.040149 0.014192
    26 3.773769 0.133240 -0.970558 -0.010981 0.176645 0.038614
    27 0.276640 -0.495263 -0.109455 -3.042850 -0.074739 0.140309
    28 1.433455 -0.000001 0.000002 0.000000 0.000000 1.060435
    29 0.534334 -0.269066 0.018936 -3.047540 -0.084662 0.175451
    30 1.019160 0.000002 -0.000001 0.000000 0.000000 0.436530
    31 0.591927 -0.092812 0.111916 -3.044020 -0.081575 0.092229
    32 1.149530 0.416493 -1.414110 1.637313 0.502666 0.152269
    33 -0.152565 -0.022695 0.475140 0.134276 0.161355 -0.294699
    34 1.263880 0.000000 -0.000001 0.000000 0.000000 0.095331
    35 0.204777 -0.431778 0.089654 0.168587 0.067859 -0.050505
    36 1.188936 0.000000 0.000001 -0.009661 -0.002767 -0.227690
    37 -0.017635 -0.420529 -0.022252 0.227339 0.046996 0.081353
    38 8.607566 -18.729803 -9.595261 -2.803683 -0.197700 -1.945827
    39 -10.722298 -0.506103 -0.017994 1.584990 0.010515 0.041378
    40 -9.033363 -9.870154 -9.688975 -2.119398 -0.317270 -1.078798
    41 0.294731 -0.017813 0.157481 0.029130 0.054919 0.004544
    42 5.740848 0.000000 -0.000001 0.000092 0.000000 -0.000008
    43 10.281296 -0.016083 0.132702 0.000149 0.000000 0.000000
    44 10.295597 0.000001 0.000000 2.587696 -0.260103 0.316821
    45 3.185547 1.209961 0.395020 1.726761 0.024382 1.531558
    46 0.000000 1.663440 1.993458 0.000000 0.000000 0.000000
    47 0.000000 0.079149 6.178666 -0.027841 0.000000 0.000000
    48 0.000002 3.466950 2.698286 3.141590 0.004362 3.141592
    49 0.032274 0.082292 -0.974221 0.000000 0.000000 0.000000
    50 0.283657 -0.262681 -0.016718 3.136930 0.073998 -0.078846
    51 3.323318 0.233760 -1.479091 0.471077 0.106876 1.379081
    52 0.422707 -0.406992 0.168743 -2.735260 0.184776 0.303777
    53 0.963103 0.000001 -0.000001 0.038624 -0.004207 0.700147
    54 0.441121 -0.147523 -0.014119 -2.793600 0.005348 0.279055
    55 0.682898 0.000000 0.000000 0.038155 -0.007330 0.781279
    56 0.382509 0.011353 0.014142 -2.816920 -0.081657 0.157045
    57 3.632760 0.059067 -0.757513 0.326256 0.151989 1.274562
    58 0.489260 -0.525216 0.053914 -3.074870 0.011878 0.210808
    59 1.500140 -0.000002 0.000000 0.027886 -0.039274 1.247669
    60 0.467742 -0.219619 0.031131 -3.081490 -0.013760 0.185349
    61 0.905654 0.000000 0.000000 -0.049220 -0.084570 0.688415
    62 0.503673 -0.044144 -0.005648 -3.101730 -0.045027 0.343288
    63 3.799520 0.014976 0.039936 0.327506 0.278809 1.147697
    64 0.352883 -0.530994 0.013656 3.048800 0.018771 0.168551
    65 1.774880 0.000001 0.000000 0.015548 -0.026855 1.207276
    66 0.123960 -0.267018 -0.045197 3.038230 0.016899 0.163207
    67 1.008841 0.000000 0.000000 0.007382 -0.033001 1.058830
    68 -0.091995 -0.117643 -0.068578 3.035060 0.049848 0.104967
    69 3.773758 0.133240 0.970555 0.009971 0.253127 0.024189
    70 0.266356 -0.315424 0.022796 2.894160 -0.011217 0.140937
    71 1.433460 -0.000001 0.000000 0.021781 -0.008209 0.379577
    72 0.232987 -0.175441 0.051954 2.850500 0.105025 0.006572
    73 1.019161 0.000000 0.000000 -0.061480 0.050146 0.902415
    74 0.199651 -0.182736 -0.019174 2.866800 0.015134 0.022335
    75 1.149521 0.416503 1.414108 -1.701758 0.225123 0.807917
    76 -0.259195 -0.126472 -0.187737 -0.320833 -0.178068 -0.144302
    77 1.263870 0.000000 0.000000 0.000000 0.000000 0.198808
    78 -0.023456 -0.272392 0.128637 -0.377946 -0.139541 -0.070537
    79 1.188940 0.000000 0.000000 0.006461 0.000252 0.052442
    80 -0.027065 -0.282838 0.274405 -0.453086 -0.085008 -0.010295
    81 -9.033363 -9.870154 -9.688975 -1.449796 -0.317444 -1.078871
    82 -10.722400 -0.506063 0.017998 0.014153 -0.011625 0.041372
    83 -2.581793 -20.280321 -3.334808 0.272717 -0.472320 0.466767
  time 75
    0 0.000000 0.000000 0.000000 3.137881 0.003712 -0.000007
    1 0.000000 1.906232 -0.306149 -1.570922 0.000060 0.376652
    2 8.353652 -19.085282 -9.724171 -1.000013 -0.195803 -1.974219
    3 0.237000 -0.019106 -0.353871 -0.031846 -0.060887 0.001610
    4 5.740851 0.000002 0.000000 0.000673 0.000000 0.000000
    5 10.321901 0.003155 0.187182 -0.229226 0.027369 0.027690
    6 10.295601 0.000000 0.000000 2.920139 0.125337 0.446346
    7 0.252449 -0.450151 0.014884 2.961090 -0.113350 -0.085454
    8 3.323328 0.233761 1.479089 -0.327485 0.272345 1.163472
    9 0.331326 -0.384609 -0.028515 2.751210 -0.062475 0.301804
    10 0.963098 0.000000 0.000000 -0.065181 0.022149 0.738377
    11 0.219801 -0.039763 0.000647 2.771360 0.018767 0.255174
    12 0.682896 0.000002 0.000000 -0.066611 -0.016788 0.164573
    13 0.237805 0.264544 -0.007074 2.776430 0.037665 -0.015667
    14 3.632759 0.059072 0.757512 -0.193869 0.125172 1.015971
    15 0.466810 -0.831947 0.013376 2.881400 0.028647 0.343212
    16 1.500140 0.000000 -0.000003 -0.045578 0.062312 1.223782
    17 0.319986 -0.324402 -0.027586 2.877640 0.022726 0.214012
    18 0.905666 0.000000 0.000001 -0.074989 -0.010661 0.138003
    19 0.492504 -0.086171 -0.084238 2.879510 0.064298 0.261627
    20 3.799519 0.014969 -0.039935 -0.135344 0.028308 0.815179
    21 0.217894 -0.825647 0.038806 3.038690 -0.013998 0.239370
    22 1.774879 -0.000002 0.000001 -0.002398 0.019442 1.524458
    23 -0.011930 -0.409492 0.022487 3.039220 -0.018455 0.224297
    24 1.008837 0.000001 -0.000001 -0.018804 0.000607 0.088647
    25 0.062305 -0.120462 0.017525 3.043570 -0.040149 0.014192
    26 3.773769 0.133240 -0.970558 -0.011184 0.175914 0.036433
    27 0.276640 -0.495263 -0.109455 -3.042850 -0.074739 0.140309
    28 1.433455 -0.000001 0.000002 0.000000 0.000000 1.057102
    29 0.534334 -0.269066 0.018936 -3.047540 -0.084662 0.175451
    30 1.019160 0.000002 -0.000001 0.000000 0.000000 0.434900
    31 0.591927 -0.092812 0.111916 -3.044020 -0.081575 0.092229
    32 1.149530 0.416493 -1.414110 1.637313 0.502666 0.152269
    33 -0.152565 -0.022695 0.475140 0.134276 0.161355 -0.294699
    34 1.263880 0.000000 -0.000001 0.000000 0.000000 0.095331
    35 0.204777 -0.431778 0.089654 0.168587 0.067859 -0.050505
    36 1.188936 0.000000 0.000001 -0.009661 -0.002767 -0.227690
    37 -0.017635 -0.420529 -0.022252 0.227339 0.046996 0.081353
    38 8.353652 -19.085282 -9.724171 -2.805903 -0.195782 -1.974134
    39 -10.722298 -0.506103 -0.017994 1.584990 0.010515 0.041378
    40 -9.158367 -9.776401 -9.696788 -2.123860 -0.313926 -1.086452
    41 0.294731 -0.017813 0.157481 0.029130 0.054919 0.004544
    42 5.740848 0.000000 -0.000001 0.000092 0.000000 -0.000008
    43 10.281296 -0.016083 0.132702 0.000149 0.000000 0.000000
    44 10.295597 0.000001 0.000000 2.539102 -0.236275 0.323165
    45 3.185547 1.209961 0.395020 1.726761 0.024382 1.531558
    46 0.000000 1.663440 1.993458 0.000000 0.000000 0.000000
    47 0.000000 0.079149 6.178666 -0.027841 0.000000 0.000000
    48 0.000002 3.466950 2.698286 3.141590 0.004362 3.141592
    49 0.032274 0.082292 -0.974221 0.000000 0.000000 0.000000
    50 0.283657 -0.262681 -0.016718 3.136930 0.073998 -0.078846
    51 3.323318 0.233760 -1.479091 0.471077 0.106876 1.379081
    52 0.422707 -0.406992 0.168743 -2.735260 0.184776 0.303777
    53 0.963103 0.000001 -0.000001 0.038624 -0.004207 0.700147
    54 0.441121 -0.147523 -0.014119 -2.793600 0.005348 0.279055
    55 0.682898 0.000000 0.000000 0.038155 -0.007330 0.781279
    56 0.382509 0.011353 0.014142 -2.816920 -0.081657 0.157045
    57 3.632760 0.059067 -0.757513 0.326256 0.151989 1.274562
    58 0.489260 -0.525216 0.053914 -3.074870 0.011878 0.210808
    59 1.500140 -0.000002 0.000000 0.027886 -0.039274 1.247669
    60 0.467742 -0.219619 0.031131 -3.081490 -0.013760 0.185349
    61 0.905654 0.000000 0.000000 -0.049220 -0.084570 0.688415
    62 0.503673 -0.044144 -0.005648 -3.101730 -0.045027 0.343288
    63 3.799520 0.014976 0.039936 0.327506 0.278809 1.147697
    64 0.352883 -0.530994 0.013656 3.048800 0.018771 0.168551
    65 1.774880 0.000001 0.000000 0.015548 -0.026855 1.207276
    66 0.123960 -0.267018 -0.045197 3.038230 0.016899 0.163207
    67 1.008841 0.000000 0.000000 0.007382 -0.033013 1.058830
    68 -0.091995 -0.117643 -0.068578 3.035060 0.049848 0.104967
    69 3.773758 0.133240 0.970555 0.009971 0.253127 0.024189
    70 0.266356 -0.315424 0.022796 2.894160 -0.011217 0.140937
    71 1.433460 -0.000001 0.000000 0.021781 -0.008209 0.379577
    72 0.232987 -0.175441 0.051954 2.850500 0.105025 0.006572
    73 1.019161 0.000000 0.000000 -0.061480 0.050146 0.902415
    74 0.199651 -0.182736 -0.019174 2.866800 0.015134 0.022335
    75 1.149521 0.416503 1.414108 -1.701758 0.225123 0.807917
    76 -0.259195 -0.126472 -0.187737 -0.320833 -0.178068 -0.144302
    77 1.263870 0.000000 0.000000 0.000000 0.000000 0.198808
    78 -0.023456 -0.272392 0.128637 -0.377946 -0.139541 -0.070537
    79 1.188940 0.000000 0.000000 0.006461 0.000252 0.052442
    80 -0.027065 -0.282838 0.274405 -0.453086 -0.085008 -0.010295
    81 -9.158367 -9.776401 -9.696788 -1.454236 -0.314063 -1.086473
    82 -10.722400 -0.506063 0.017998 0.014153 -0.011625 0.041372
    83 -2.683358 -20.194381 -3.409029 0.264606 -0.419838 0.441490
  time 76
    0 0.000000 0.000000 0.000000 3.137881 0.003712 -0.000007
    1 0.000000 1.921857 -0.306149 -1.570922 0.000060 0.363996
    2 7.986453 -19.636080 -10.017149 -1.001062 -0.207769 -2.014786
    3 0.237000 -0.019106 -0.353871 -0.031846 -0.060887 0.001610
    4 5.740851 0.000002 0.000000 0.000673 0.000000 0.000000
    5 10.321901 0.003155 0.187182 -0.229226 0.027369 0.027690
    6 10.295601 0.000000 0.000000 2.875325 0.110814 0.406805
    7 0.252449 -0.450151 0.014884 2.961090 -0.113350 -0.085454
    8 3.323328 0.233761 1.479089 -0.328159 0.269217 1.158042
    9 0.331326 -0.384609 -0.028515 2.751210 -0.062475 0.301804
    10 0.963098 0.000000 0.000000 -0.065205 0.022029 0.736814
    11 0.219801 -0.039763 0.000647 2.771360 0.018767 0.255174
    12 0.682896 0.000002 0.000000 -0.066623 -0.016728 0.165356
    13 0.237805 0.264544 -0.007074 2.776430 0.037665 -0.015667
    14 3.632759 0.059072 0.757512 -0.194037 0.123793 1.009903
    15 0.466810 -0.831947 0.013376 2.881400 0.028647 0.343212
    16 1.500140 0.000000 -0.000003 -0.045794 0.061856 1.217791
    17 0.319986 -0.324402 -0.027586 2.877640 0.022726 0.214012
    18 0.905666 0.000000 0.000001 -0.074989 -0.010721 0.137243
    19 0.492504 -0.086171 -0.084238 2.879510 0.064298 0.261627
    20 3.799519 0.014969 -0.039935 -0.135128 0.027505 0.808886
    21 0.217894 -0.825647 0.038806 3.038690 -0.013998 0.239370
    22 1.774879 -0.000002 0.000001 -0.002517 0.019286 1.515501
    23 -0.011930 -0.409492 0.022487 3.039220 -0.018455 0.224297
    24 1.008837 0.000001 -0.000001 -0.018804 0.000583 0.088106
    25 0.062305 -0.120462 0.017525 3.043570 -0.040149 0.014192
    26 3.773769 0.133240 -0.970558 -0.011412 0.175159 0.034144
    27 0.276640 -0.495263 -0.109455 -3.042850 -0.074739 0.140309
    28 1.433455 -0.000001 0.000002 0.000000 0.000000 1.053527
    29 0.534334 -0.269066 0.018936 -3.047540 -0.084662 0.175451
    30 1.019160 0.000002 -0.000001 0.000000 0.000000 0.433162
    31 0.591927 -0.092812 0.111916 -3.044020 -0.081575 0.092229
    32 1.149530 0.416493 -1.414110 1.637313 0.502666 0.152269
    33 -0.152565 -0.022695 0.475140 0.134276 0.161355 -0.294699
    34 1.263880 0.000000 -0.000001 0.000000 0.000000 0.095331
    35 0.204777 -0.431778 0.089654 0.168587 0.067859 -0.050505
    36 1.188936 0.000000 0.000001 -0.009661 -0.002767 -0.227690
    37 -0.017635 -0.420529 -0.022252 0.227339 0.046996 0.081353
    38 7.986453 -19.636080 -10.017149 -2.807024 -0.207724 -2.014701
    39 -10.722298 -0.506103 -0.017994 1.584990 0.010515 0.041378
    40 -9.314622 -9.667023 -9.685069 -2.129712 -0.307899 -1.098215
    41 0.294731 -0.017813 0.157481 0.029130 0.054919 0.004544
    42 5.740848 0.000000 -0.000001 0.000092 0.000000 -0.000008
    43 10.281296 -0.016083 0.132702 0.000149 0.000000 0.000000
    44 10.295597 0.000001 0.000000 2.477669 -0.203386 0.328435
    45 3.185547 1.209961 0.395020 1.726761 0.024382 1.531558
    46 0.000000 1.663440 1.993458 0.000000 0.000000 0.000000
    47 0.000000 0.079149 6.178666 -0.027841 0.000000 0.000000
    48 0.000002 3.466950 2.698286 3.141590 0.004362 3.141592
    49 0.032274 0.082292 -0.974221 0.000000 0.000000 0.000000
    50 0.283657 -0.262681 -0.016718 3.136930 0.073998 -0.078846
    51 3.323318 0.233760 -1.479091 0.471077 0.106876 1.379081
    52 0.422707 -0.406992 0.168743 -2.735260 0.184776 0.303777
    53 0.963103 0.000001 -0.000001 0.038624 -0.004207 0.700147
    54 0.441121 -0.147523 -0.014119 -2.793600 0.005348 0.279055
    55 0.682898 0.000000 0.000000 0.038155 -0.007330 0.781279
    56 0.382509 0.011353 0.014142 -2.816920 -0.081657 0.157045
    57 3.632760 0.059067 -0.757513 0.326256 0.151989 1.274562
    58 0.489260 -0.525216 0.053914 -3.074870 0.011878 0.210808
    59 1.500140 -0.000002 0.000000 0.027886 -0.039274 1.247669
    60 0.467742 -0.219619 0.031131 -3.081490 -0.013760 0.185349
    61 0.905654 0.000000 0.000000 -0.049220 -0.084570 0.688415
    62 0.503673 -0.044144 -0.005648 -3.101730 -0.045027 0.343288
    63 3.799520 0.014976 0.039936 0.327506 0.278809 1.147697
    64 0.352883 -0.530994 0.013656 3.048800 0.018771 0.168551
    65 1.774880 0.000001 0.000000 0.015548 -0.026855 1.207276
    66 0.123960 -0.267018 -0.045197 3.038230 0.016899 0.163207
    67 1.008841 0.000000 0.000000 0.007382 -0.033001 1.058830
    68 -0.091995 -0.117643 -0.068578 3.035060 0.049848 0.104967
    69 3.773758 0.133240 0.970555 0.009971 0.253127 0.024189
    70 0.266356 -0.315424 0.022796 2.894160 -0.011217 0.140937
    71 1.433460 -0.000001 0.000000 0.021781 -0.008209 0.379577
    72 0.232987 -0.175441 0.051954 2.850500 0.105025 0.006572
    73 1.019161 0.000000 0.000000 -0.061480 0.050146 0.902415
    74 0.199651 -0.182736 -0.019174 2.866800 0.015134 0.022335
    75 1.149521 0.416503 1.414108 -1.701758 0.225123 0.807917
    76 -0.259195 -0.126472 -0.187737 -0.320833 -0.178068 -0.144302
    77 1.263870 0.000000 0.000000 0.000000 0.000000 0.198808
    78 -0.023456 -0.272392 0.128637 -0.377946 -0.139541 -0.070537
    79 1.188940 0.000000 0.000000 0.006461 0.000252 0.052442
    80 -0.027065 -0.282838 0.274405 -0.453086 -0.085008 -0.010295
    81 -9.314622 -9.667023 -9.685069 -1.461799 -0.307962 -1.098339
    82 -10.722400 -0.506063 0.017998 0.014153 -0.011625 0.041372
    83 -2.827894 -20.120160 -3.502782 0.252868 -0.352395 0.406052
  time 77
    0 0.000000 0.000000 0.000000 3.137881 0.003712 -0.000007
    1 0.000000 1.941389 -0.313962 -1.570922 0.000060 0.351484
    2 7.545033 -20.233755 -10.357003 -1.001738 -0.225519 -2.059199
    3 0.237000 -0.019106 -0.353871 -0.031846 -0.060887 0.001610
    4 5.740851 0.000002 0.000000 0.000673 0.000000 0.000000
    5 10.321901 0.003155 0.187182 -0.229226 0.027369 0.027690
    6 10.295601 0.000000 0.000000 2.821477 0.089402 0.361345
    7 0.252449 -0.450151 0.014884 2.961090 -0.113350 -0.085454
    8 3.323328 0.233761 1.479089 -0.328906 0.265869 1.152287
    9 0.331326 -0.384609 -0.028515 2.751210 -0.062475 0.301804
    10 0.963098 0.000000 0.000000 -0.065229 0.021873 0.735145
    11 0.219801 -0.039763 0.000647 2.771360 0.018767 0.255174
    12 0.682896 0.000002 0.000000 -0.066647 -0.016680 0.166223
    13 0.237805 0.264544 -0.007074 2.776430 0.037665 -0.015667
    14 3.632759 0.059072 0.757512 -0.194241 0.122391 1.003454
    15 0.466810 -0.831947 0.013376 2.881400 0.028647 0.343212
    16 1.500140 0.000000 -0.000003 -0.046046 0.061437 1.211566
    17 0.319986 -0.324402 -0.027586 2.877640 0.022726 0.214012
    18 0.905666 0.000000 0.000001 -0.074989 -0.010781 0.136406
    19 0.492504 -0.086171 -0.084238 2.879510 0.064298 0.261627
    20 3.799519 0.014969 -0.039935 -0.134912 0.026654 0.802119
    21 0.217894 -0.825647 0.038806 3.038690 -0.013998 0.239370
    22 1.774879 -0.000002 0.000001 -0.002673 0.019202 1.506009
    23 -0.011930 -0.409492 0.022487 3.039220 -0.018455 0.224297
    24 1.008837 0.000001 -0.000001 -0.018804 0.000559 0.087565
    25 0.062305 -0.120462 0.017525 3.043570 -0.040149 0.014192
    26 3.773769 0.133240 -0.970558 -0.011688 0.174356 0.031711
    27 0.276640 -0.495263 -0.109455 -3.042850 -0.074739 0.140309
    28 1.433455 -0.000001 0.000002 0.000000 0.000000 1.049724
    29 0.534334 -0.269066 0.018936 -3.047540 -0.084662 0.175451
    30 1.019160 0.000002 -0.000001 0.000000 0.000000 0.431281
    31 0.591927 -0.092812 0.111916 -3.044020 -0.081575 0.092229
    32 1.149530 0.416493 -1.414110 1.637313 0.502666 0.152269
    33 -0.152565 -0.022695 0.475140 0.134276 0.161355 -0.294699
    34 1.263880 0.000000 -0.000001 0.000000 0.000000 0.095331
    35 0.204777 -0.431778 0.089654 0.168587 0.067859 -0.050505
    36 1.188936 0.000000 0.000001 -0.009661 -0.002767 -0.227690
    37 -0.017635 -0.420529 -0.022252 0.227339 0.046996 0.081353
    38 7.545033 -20.233755 -10.357003 -2.807697 -0.225527 -2.059175
    39 -10.722298 -0.506103 -0.017994 1.584990 0.010515 0.041378
    40 -9.490408 -9.553738 -9.673350 -2.136265 -0.300806 -1.111930
    41 0.294731 -0.017813 0.157481 0.029130 0.054919 0.004544
    42 5.740848 0.000000 -0.000001 0.000092 0.000000 -0.000008
    43 10.281296 -0.016083 0.132702 0.000149 0.000000 0.000000
    44 10.295597 0.000001 0.000000 2.401071 -0.167811 0.330280
    45 3.185547 1.209961 0.395020 1.726761 0.024382 1.531558
    46 0.000000 1.663440 1.993458 0.000000 0.000000 0.000000
    47 0.000000 0.079149 6.178666 -0.027841 0.000000 0.000000
    48 0.000002 3.466950 2.698286 3.141590 0.004362 3.141592
    49 0.032274 0.082292 -0.974221 0.000000 0.000000 0.000000
    50 0.283657 -0.262681 -0.016718 3.136930 0.073998 -0.078846
    51 3.323318 0.233760 -1.479091 0.471077 0.106876 1.379081
    52 0.422707 -0.406992 0.168743 -2.735260 0.184776 0.303777
    53 0.963103 0.000001 -0.000001 0.038624 -0.004207 0.700147
    54 0.441121 -0.147523 -0.014119 -2.793600 0.005348 0.279055
    55 0.682898 0.000000 0.000000 0.038155 -0.007330 0.781279
    56 0.382509 0.011353 0.014142 -2.816920 -0.081657 0.157045
    57 3.632760 0.059067 -0.757513 0.326256 0.151989 1.274562
    58 0.489260 -0.525216 0.053914 -3.074870 0.011878 0.210808
    59 1.500140 -0.000002 0.000000 0.027886 -0.039274 1.247669
    60 0.467742 -0.219619 0.031131 -3.081490 -0.013760 0.185349
    61 0.905654 0.000000 0.000000 -0.049220 -0.084570 0.688415
    62 0.503673 -0.044144 -0.005648 -3.101730 -0.045027 0.343288
    63 3.799520 0.014976 0.039936 0.327506 0.278809 1.147697
    64 0.352883 -0.530994 0.013656 3.048800 0.018771 0.168551
    65 1.774880 0.000001 0.000000 0.015548 -0.026855 1.207276
    66 0.123960 -0.267018 -0.045197 3.038230 0.016899 0.163207
    67 1.008841 0.000000 0.000000 0.007382 -0.033001 1.058830
    68 -0.091995 -0.117643 -0.068578 3.035060 0.049848 0.104967
    69 3.773758 0.133240 0.970555 0.009971 0.253127 0.024189
    70 0.266356 -0.315424 0.022796 2.894160 -0.011217 0.140937
    71 1.433460 -0.000001 0.000000 0.021781 -0.008209 0.379577
    72 0.232987 -0.175441 0.051954 2.850500 0.105025 0.006572
    73 1.019161 0.000000 0.000000 -0.061480 0.050146 0.902415
    74 0.199651 -0.182736 -0.019174 2.866800 0.015134 0.022335
    75 1.149521 0.416503 1.414108 -1.701758 0.225123 0.807917
    76 -0.259195 -0.126472 -0.187737 -0.320833 -0.178068 -0.144302
    77 1.263870 0.000000 0.000000 0.000000 0.000000 0.198808
    78 -0.023456 -0.272392 0.128637 -0.377946 -0.139541 -0.070537
    79 1.188940 0.000000 0.000000 0.006461 0.000252 0.052442
    80 -0.027065 -0.282838 0.274405 -0.453086 -0.085008 -0.010295
    81 -9.490408 -9.553738 -9.673350 -1.476797 -0.300906 -1.111951
    82 -10.722400 -0.506063 0.017998 0.014153 -0.011625 0.041372
    83 -2.964617 -20.030313 -3.631692 0.237189 -0.268527 0.369216
  time 78
    0 0.000000 0.000000 0.000000 3.137881 0.003712 -0.000007
    1 0.000000 1.960921 -0.317868 -1.570922 0.000060 0.339116
    2 7.091895 -20.761115 -10.661700 -1.002810 -0.240088 -2.098444
    3 0.237000 -0.019106 -0.353871 -0.031846 -0.060887 0.001610
    4 5.740851 0.000002 0.000000 0.000673 0.000000 0.000000
    5 10.321901 0.003155 0.187182 -0.229226 0.027369 0.027690
    6 10.295601 0.000000 0.000000 2.757922 0.053529 0.301734
    7 0.252449 -0.450151 0.014884 2.961090 -0.113350 -0.085454
    8 3.323328 0.233761 1.479089 -0.329668 0.262386 1.146165
    9 0.331326 -0.384609 -0.028515 2.751210 -0.062475 0.301804
    10 0.963098 0.000000 0.000000 -0.065241 0.021753 0.733370
    11 0.219801 -0.039763 0.000647 2.771360 0.018767 0.255174
    12 0.682896 0.000002 0.000000 -0.066659 -0.016620 0.167005
    13 0.237805 0.264544 -0.007074 2.776430 0.037665 -0.015667
    14 3.632759 0.059072 0.757512 -0.194456 0.120905 0.996577
    15 0.466810 -0.831947 0.013376 2.881400 0.028647 0.343212
    16 1.500140 0.000000 -0.000003 -0.046286 0.061041 1.204828
    17 0.319986 -0.324402 -0.027586 2.877640 0.022726 0.214012
    18 0.905666 0.000000 0.000001 -0.074989 -0.010841 0.135595
    19 0.492504 -0.086171 -0.084238 2.879510 0.064298 0.261627
    20 3.799519 0.014969 -0.039935 -0.134709 0.025743 0.795055
    21 0.217894 -0.825647 0.038806 3.038690 -0.013998 0.239370
    22 1.774879 -0.000002 0.000001 -0.002793 0.019046 1.495803
    23 -0.011930 -0.409492 0.022487 3.039220 -0.018455 0.224297
    24 1.008837 0.000001 -0.000001 -0.018804 0.000535 0.087024
    25 0.062305 -0.120462 0.017525 3.043570 -0.040149 0.014192
    26 3.773769 0.133240 -0.970558 -0.011951 0.173493 0.029099
    27 0.276640 -0.495263 -0.109455 -3.042850 -0.074739 0.140309
    28 1.433455 -0.000001 0.000002 0.000000 0.000000 1.045693
    29 0.534334 -0.269066 0.018936 -3.047540 -0.084662 0.175451
    30 1.019160 0.000002 -0.000001 0.000000 0.000000 0.429291
    31 0.591927 -0.092812 0.111916 -3.044020 -0.081575 0.092229
    32 1.149530 0.416493 -1.414110 1.637313 0.502666 0.152269
    33 -0.152565 -0.022695 0.475140 0.134276 0.161355 -0.294699
    34 1.263880 0.000000 -0.000001 0.000000 0.000000 0.095331
    35 0.204777 -0.431778 0.089654 0.168587 0.067859 -0.050505
    36 1.188936 0.000000 0.000001 -0.009661 -0.002767 -0.227690
    37 -0.017635 -0.420529 -0.022252 0.227339 0.046996 0.081353
    38 7.091895 -20.761115 -10.661700 -2.808818 -0.240110 -2.098480
    39 -10.722298 -0.506103 -0.017994 1.584990 0.010515 0.041378
    40 -9.658382 -9.424828 -9.657724 -2.142678 -0.294651 -1.125029
    41 0.294731 -0.017813 0.157481 0.029130 0.054919 0.004544
    42 5.740848 0.000000 -0.000001 0.000092 0.000000 -0.000008
    43 10.281296 -0.016083 0.132702 0.000149 0.000000 0.000000
    44 10.295597 0.000001 0.000000 2.306063 -0.135770 0.326139
    45 3.185547 1.209961 0.395020 1.726761 0.024382 1.531558
    46 0.000000 1.663440 1.993458 0.000000 0.000000 0.000000
    47 0.000000 0.079149 6.178666 -0.027841 0.000000 0.000000
    48 0.000002 3.466950 2.698286 3.141590 0.004362 3.141592
    49 0.032274 0.082292 -0.974221 0.000000 0.000000 0.000000
    50 0.283657 -0.262681 -0.016718 3.136930 0.073998 -0.078846
    51 3.323318 0.233760 -1.479091 0.471077 0.106876 1.379081
    52 0.422707 -0.406992 0.168743 -2.735260 0.184776 0.303777
    53 0.963103 0.000001 -0.000001 0.038624 -0.004207 0.700147
    54 0.441121 -0.147523 -0.014119 -2.793600 0.005348 0.279055
    55 0.682898 0.000000 0.000000 0.038155 -0.007330 0.781279
    56 0.382509 0.011353 0.014142 -2.816920 -0.081657 0.157045
    57 3.632760 0.059067 -0.757513 0.326256 0.151989 1.274562
    58 0.489260 -0.525216 0.053914 -3.074870 0.011878 0.210808
    59 1.500140 -0.000002 0.000000 0.027886 -0.039274 1.247669
    60 0.467742 -0.219619 0.031131 -3.081490 -0.013760 0.185349
    61 0.905654 0.000000 0.000000 -0.049220 -0.084570 0.688415
    62 0.503673 -0.044144 -0.005648 -3.101730 -0.045027 0.343288
    63 3.799520 0.014976 0.039936 0.327506 0.278809 1.147697
    64 0.352883 -0.530994 0.013656 3.048800 0.018771 0.168551
    65 1.774880 0.000001 0.000000 0.015548 -0.026855 1.207276
    66 0.123960 -0.267018 -0.045197 3.038230 0.016899 0.163207
    67 1.008841 0.000000 0.000000 0.007382 -0.033001 1.058862
    68 -0.091995 -0.117643 -0.068578 3.035060 0.049848 0.104967
    69 3.773758 0.133240 0.970555 0.009971 0.253127 0.024189
    70 0.266356 -0.315424 0.022796 2.894160 -0.011217 0.140937
    71 1.433460 -0.000001 0.000000 0.021781 -0.008209 0.379577
    72 0.232987 -0.175441 0.051954 2.850500 0.105025 0.006572
    73 1.019161 0.000000 0.000000 -0.061480 0.050146 0.902415
    74 0.199651 -0.182736 -0.019174 2.866800 0.015134 0.022335
    75 1.149521 0.416503 1.414108 -1.701758 0.225123 0.807917
    76 -0.259195 -0.126472 -0.187737 -0.320833 -0.178068 -0.144302
    77 1.263870 0.000000 0.000000 0.000000 0.000000 0.198808
    78 -0.023456 -0.272392 0.128637 -0.377946 -0.139541 -0.070537
    79 1.188940 0.000000 0.000000 0.006461 0.000252 0.052442
    80 -0.027065 -0.282838 0.274405 -0.453086 -0.085008 -0.010295
    81 -9.658382 -9.424828 -9.657724 -1.498608 -0.294732 -1.124947
    82 -10.722400 -0.506063 0.017998 0.014153 -0.011625 0.041372
    83 -3.034932 -19.901403 -3.799666 0.217254 -0.166017 0.338922
  time 79
    0 0.000000 0.000000 0.000000 3.137881 0.003712 -0.000007
    1 0.000000 1.984359 -0.317868 -1.570922 0.000060 0.326892
    2 6.732509 -21.030654 -10.821861 -1.004978 -0.245330 -2.124407
    3 0.237000 -0.019106 -0.353871 -0.031846 -0.060887 0.001610
    4 5.740851 0.000002 0.000000 0.000673 0.000000 -0.000012
    5 10.321901 0.003155 0.187182 -0.229226 0.027369 0.027690
    6 10.295601 0.000000 0.000000 2.685241 -0.005858 0.224186
    7 0.252449 -0.450151 0.014884 2.961090 -0.113350 -0.085454
    8 3.323328 0.233761 1.479089 -0.330459 0.258633 1.139611
    9 0.331326 -0.384609 -0.028515 2.751210 -0.062475 0.301804
    10 0.963098 0.000000 0.000000 -0.065277 0.021609 0.731436
    11 0.219801 -0.039763 0.000647 2.771360 0.018767 0.255174
    12 0.682896 0.000002 0.000000 -0.066671 -0.016560 0.167928
    13 0.237805 0.264544 -0.007074 2.776430 0.037665 -0.015667
    14 3.632759 0.059072 0.757512 -0.194684 0.119239 0.989368
    15 0.466810 -0.831947 0.013376 2.881400 0.028647 0.343212
    16 1.500140 0.000000 -0.000003 -0.046525 0.060634 1.197717
    17 0.319986 -0.324402 -0.027586 2.877640 0.022726 0.214012
    18 0.905666 0.000000 0.000001 -0.074977 -0.010900 0.134885
    19 0.492504 -0.086171 -0.084238 2.879510 0.064298 0.261627
    20 3.799519 0.014969 -0.039935 -0.134433 0.024749 0.787443
    21 0.217894 -0.825647 0.038806 3.038690 -0.013998 0.239370
    22 1.774879 -0.000002 0.000001 -0.002961 0.018963 1.485169
    23 -0.011930 -0.409492 0.022487 3.039220 -0.018455 0.224297
    24 1.008837 0.000001 -0.000001 -0.018804 0.000547 0.086437
    25 0.062305 -0.120462 0.017525 3.043570 -0.040149 0.014192
    26 3.773769 0.133240 -0.970558 -0.012203 0.172570 0.026318
    27 0.276640 -0.495263 -0.109455 -3.042850 -0.074739 0.140309
    28 1.433455 -0.000001 0.000002 0.000000 0.000000 1.041391
    29 0.534334 -0.269066 0.018936 -3.047540 -0.084662 0.175451
    30 1.019160 0.000002 -0.000001 0.000000 0.000000 0.427194
    31 0.591927 -0.092812 0.111916 -3.044020 -0.081575 0.092229
    32 1.149530 0.416493 -1.414110 1.637313 0.502666 0.152269
    33 -0.152565 -0.022695 0.475140 0.134276 0.161355 -0.294699
    34 1.263880 0.000000 -0.000001 0.000000 0.000000 0.095331
    35 0.204777 -0.431778 0.089654 0.168587 0.067859 -0.050505
    36 1.188936 0.000000 0.000001 -0.009661 -0.002767 -0.227690
    37 -0.017635 -0.420529 -0.022252 0.227339 0.046996 0.081353
    38 6.732509 -21.030654 -10.821861 -2.810926 -0.245285 -2.124382
    39 -10.722298 -0.506103 -0.017994 1.584990 0.010515 0.041378
    40 -9.795105 -9.288105 -9.657724 -2.147880 -0.292023 -1.133453
    41 0.294731 -0.017813 0.157481 0.029130 0.054919 0.004544
    42 5.740848 0.000000 -0.000001 0.000092 0.000000 -0.000008
    43 10.281296 -0.016083 0.132702 0.000149 0.000000 0.000000
    44 10.295597 0.000001 0.000000 2.188623 -0.114962 0.314450
    45 3.185547 1.209961 0.395020 1.726761 0.024382 1.531558
    46 0.000000 1.663440 1.993458 0.000000 0.000000 0.000000
    47 0.000000 0.079149 6.178666 -0.027841 0.000000 0.000000
    48 0.000002 3.466950 2.698286 3.141590 0.004362 3.141592
    49 0.032274 0.082292 -0.974221 0.000000 0.000000 0.000000
    50 0.283657 -0.262681 -0.016718 3.136930 0.073998 -0.078846
    51 3.323318 0.233760 -1.479091 0.471077 0.106876 1.379081
    52 0.422707 -0.406992 0.168743 -2.735260 0.184776 0.303777
    53 0.963103 0.000001 -0.000001 0.038624 -0.004207 0.700147
    54 0.441121 -0.147523 -0.014119 -2.793600 0.005348 0.279055
    55 0.682898 0.000000 0.000000 0.038155 -0.007330 0.781279
    56 0.382509 0.011353 0.014142 -2.816920 -0.081657 0.157045
    57 3.632760 0.059067 -0.757513 0.326256 0.151989 1.274562
    58 0.489260 -0.525216 0.053914 -3.074870 0.011878 0.210808
    59 1.500140 -0.000002 0.000000 0.027886 -0.039274 1.247669
    60 0.467742 -0.219619 0.031131 -3.081490 -0.013760 0.185349
    61 0.905654 0.000000 0.000000 -0.049220 -0.084570 0.688415
    62 0.503673 -0.044144 -0.005648 -3.101730 -0.045027 0.343288
    63 3.799520 0.014976 0.039936 0.327506 0.278809 1.147697
    64 0.352883 -0.530994 0.013656 3.048800 0.018771 0.168551
    65 1.774880 0.000001 0.000000 0.015548 -0.026855 1.207276
    66 0.123960 -0.267018 -0.045197 3.038230 0.016899 0.163207
    67 1.008841 0.000000 0.000000 0.007382 -0.033001 1.058830
    68 -0.091995 -0.117643 -0.068578 3.035060 0.049848 0.104967
    69 3.773758 0.133240 0.970555 0.009971 0.253127 0.024189
    70 0.266356 -0.315424 0.022796 2.894160 -0.011217 0.140937
    71 1.433460 -0.000001 0.000000 0.021781 -0.008209 0.379577
    72 0.232987 -0.175441 0.051954 2.850500 0.105025 0.006572
    73 1.019161 0.000000 0.000000 -0.061480 0.050146 0.902415
    74 0.199651 -0.182736 -0.019174 2.866800 0.015134 0.022335
    75 1.149521 0.416503 1.414108 -1.701758 0.225123 0.807917
    76 -0.259195 -0.126472 -0.187737 -0.320833 -0.178068 -0.144302
    77 1.263870 0.000000 0.000000 0.000000 0.000000 0.198808
    78 -0.023456 -0.272392 0.128637 -0.377946 -0.139541 -0.070537
    79 1.188940 0.000000 0.000000 0.006461 0.000252 0.052442
    80 -0.027065 -0.282838 0.274405 -0.453086 -0.085008 -0.010295
    81 -9.795105 -9.288105 -9.657724 -1.523879 -0.292178 -1.133474
    82 -10.722400 -0.506063 0.017998 0.014153 -0.011625 0.041372
    83 -2.964617 -19.670928 -4.002797 0.193150 -0.042570 0.324886
  time 80
    0 0.000000 0.000000 0.000000 3.137881 0.003712 -0.000007
    1 0.000000 2.003891 -0.317868 -1.570922 0.000060 0.314763
    2 6.478595 -21.065812 -10.927333 -1.008708 -0.246595 -2.152293
    3 0.237000 -0.019106 -0.353871 -0.031846 -0.060887 0.001610
    4 5.740851 0.000002 0.000000 0.000673 0.000000 -0.000012
    5 10.321901 0.003155 0.187182 -0.229226 0.027369 0.027690
    6 10.295601 0.000000 0.000000 2.613381 -0.088264 0.141238
    7 0.252449 -0.450151 0.014884 2.961090 -0.113350 -0.085454
    8 3.323328 0.233761 1.479089 -0.331294 0.254671 1.132710
    9 0.331326 -0.384609 -0.028515 2.751210 -0.062475 0.301804
    10 0.963098 0.000000 0.000000 -0.065301 0.021477 0.729395
    11 0.219801 -0.039763 0.000647 2.771360 0.018767 0.255174
    12 0.682896 0.000002 0.000000 -0.066707 -0.016500 0.168822
    13 0.237805 0.264544 -0.007074 2.776430 0.037665 -0.015667
    14 3.632759 0.059072 0.757512 -0.194876 0.117573 0.981705
    15 0.466810 -0.831947 0.013376 2.881400 0.028647 0.343212
    16 1.500140 0.000000 -0.000003 -0.046837 0.060107 1.190140
    17 0.319986 -0.324402 -0.027586 2.877640 0.022726 0.214012
    18 0.905666 0.000000 0.000001 -0.074953 -0.010948 0.134378
    19 0.492504 -0.086171 -0.084238 2.879510 0.064298 0.261627
    20 3.799519 0.014969 -0.039935 -0.134181 0.023706 0.779482
    21 0.217894 -0.825647 0.038806 3.038690 -0.013998 0.239370
    22 1.774879 -0.000002 0.000001 -0.003093 0.018819 1.473678
    23 -0.011930 -0.409492 0.022487 3.039220 -0.018455 0.224297
    24 1.008837 0.000001 -0.000001 -0.018804 0.000535 0.086032
    25 0.062305 -0.120462 0.017525 3.043570 -0.040149 0.014192
    26 3.773769 0.133240 -0.970558 -0.012515 0.171587 0.023382
    27 0.276640 -0.495263 -0.109455 -3.042850 -0.074739 0.140309
    28 1.433455 -0.000001 0.000002 0.000000 0.000000 1.036862
    29 0.534334 -0.269066 0.018936 -3.047540 -0.084662 0.175451
    30 1.019160 0.000002 -0.000001 0.000000 0.000000 0.424953
    31 0.591927 -0.092812 0.111916 -3.044020 -0.081575 0.092229
    32 1.149530 0.416493 -1.414110 1.637313 0.502666 0.152269
    33 -0.152565 -0.022695 0.475140 0.134276 0.161355 -0.294699
    34 1.263880 0.000000 -0.000001 0.000000 0.000000 0.095331
    35 0.204777 -0.431778 0.089654 0.168587 0.067859 -0.050505
    36 1.188936 0.000000 0.000001 -0.009661 -0.002767 -0.227690
    37 -0.017635 -0.420529 -0.022252 0.227339 0.046996 0.081353
    38 6.478595 -21.065812 -10.927333 -2.814648 -0.246552 -2.152329
    39 -10.722298 -0.506103 -0.017994 1.584990 0.010515 0.041378
    40 -9.951360 -8.991221 -9.724133 -2.150608 -0.294522 -1.134429
    41 0.294731 -0.017813 0.157481 0.029130 0.054919 0.004544
    42 5.740848 0.000000 -0.000001 0.000092 0.000000 -0.000008
    43 10.281296 -0.016083 0.132702 0.000149 0.000000 0.000000
    44 10.295597 0.000001 0.000000 2.053450 -0.095268 0.303946
    45 3.185547 1.209961 0.395020 1.726761 0.024382 1.531558
    46 0.000000 1.663440 1.993458 0.000000 0.000000 0.000000
    47 0.000000 0.079149 6.178666 -0.027841 0.000000 0.000000
    48 0.000002 3.466950 2.698286 3.141590 0.004362 3.141592
    49 0.032274 0.082292 -0.974221 0.000000 0.000000 0.000000
    50 0.283657 -0.262681 -0.016718 3.136930 0.073998 -0.078846
    51 3.323318 0.233760 -1.479091 0.471077 0.106876 1.379081
    52 0.422707 -0.406992 0.168743 -2.735260 0.184776 0.303777
    53 0.963103 0.000001 -0.000001 0.038624 -0.004207 0.700147
    54 0.441121 -0.147523 -0.014119 -2.793600 0.005348 0.279055
    55 0.682898 0.000000 0.000000 0.038155 -0.007330 0.781279
    56 0.382509 0.011353 0.014142 -2.816920 -0.081657 0.157045
    57 3.632760 0.059067 -0.757513 0.326256 0.151989 1.274562
    58 0.489260 -0.525216 0.053914 -3.074870 0.011878 0.210808
    59 1.500140 -0.000002 0.000000 0.027886 -0.039274 1.247669
    60 0.467742 -0.219619 0.031131 -3.081490 -0.013760 0.185349
    61 0.905654 0.000000 0.000000 -0.049220 -0.084570 0.688415
    62 0.503673 -0.044144 -0.005648 -3.101730 -0.045027 0.343288
    63 3.799520 0.014976 0.039936 0.327506 0.278809 1.147697
    64 0.352883 -0.530994 0.013656 3.048800 0.018771 0.168551
    65 1.774880 0.000001 0.000000 0.015548 -0.026855 1.207276
    66 0.123960 -0.267018 -0.045197 3.038230 0.016899 0.163207
    67 1.008841 0.000000 0.000000 0.007382 -0.033013 1.058830
    68 -0.091995 -0.117643 -0.068578 3.035060 0.049848 0.104967
    69 3.773758 0.133240 0.970555 0.009971 0.253127 0.024189
    70 0.266356 -0.315424 0.022796 2.894160 -0.011217 0.140937
    71 1.433460 -0.000001 0.000000 0.021781 -0.008209 0.379577
    72 0.232987 -0.175441 0.051954 2.850500 0.105025 0.006572
    73 1.019161 0.000000 0.000000 -0.061480 0.050146 0.902415
    74 0.199651 -0.182736 -0.019174 2.866800 0.015134 0.022335
    75 1.149521 0.416503 1.414108 -1.701758 0.225123 0.807917
    76 -0.259195 -0.126472 -0.187737 -0.320833 -0.178068 -0.144302
    77 1.263870 0.000000 0.000000 0.000000 0.000000 0.198808
    78 -0.023456 -0.272392 0.128637 -0.377946 -0.139541 -0.070537
    79 1.188940 0.000000 0.000000 0.006461 0.000252 0.052442
    80 -0.027065 -0.282838 0.274405 -0.453086 -0.085008 -0.010295
    81 -9.951360 -8.991221 -9.724133 -1.550027 -0.294677 -1.134604
    82 -10.722400 -0.506063 0.017998 0.014153 -0.011625 0.041372
    83 -2.831800 -19.225601 -4.287962 0.165761 0.095443 0.314280
  time 81
    0 0.000000 0.000000 0.000000 3.137881 0.003712 -0.000007
    1 0.000000 2.023423 -0.325681 -1.570922 0.000060 0.302922
    2 6.298902 -20.948620 -11.083588 -1.013533 -0.253066 -2.192740
    3 0.237000 -0.019106 -0.353871 -0.031846 -0.060887 0.001610
    4 5.740851 0.000002 0.000000 0.000673 0.000000 0.000000
    5 10.321901 0.003155 0.187182 -0.229226 0.027369 0.027690
    6 10.295601 0.000000 0.000000 2.550200 -0.187758 0.064846
    7 0.252449 -0.450151 0.014884 2.961090 -0.113350 -0.085454
    8 3.323328 0.233761 1.479089 -0.332217 0.250501 1.125441
    9 0.331326 -0.384609 -0.028515 2.751210 -0.062475 0.301804
    10 0.963098 0.000000 0.000000 -0.065325 0.021370 0.727355
    11 0.219801 -0.039763 0.000647 2.771360 0.018767 0.255174
    12 0.682896 0.000002 0.000000 -0.066719 -0.016428 0.169968
    13 0.237805 0.264544 -0.007074 2.776430 0.037665 -0.015667
    14 3.632759 0.059072 0.757512 -0.195032 0.116555 0.977161
    15 0.466810 -0.831947 0.013376 2.881400 0.028647 0.343212
    16 1.500140 0.000000 -0.000003 -0.047100 0.059543 1.182260
    17 0.319986 -0.324402 -0.027586 2.877640 0.022726 0.214012
    18 0.905666 0.000000 0.000001 -0.074917 -0.011020 0.133389
    19 0.492504 -0.086171 -0.084238 2.879510 0.064298 0.261627
    20 3.799519 0.014969 -0.039935 -0.133954 0.022639 0.771025
    21 0.217894 -0.825647 0.038806 3.038690 -0.013998 0.239370
    22 1.774879 -0.000002 0.000001 -0.003212 0.018663 1.461760
    23 -0.011930 -0.409492 0.022487 3.039220 -0.018455 0.224297
    24 1.008837 0.000001 -0.000001 -0.018804 0.000523 0.085536
    25 0.062305 -0.120462 0.017525 3.043570 -0.040149 0.014192
    26 3.773769 0.133240 -0.970558 -0.012826 0.170605 0.020302
    27 0.276640 -0.495263 -0.109455 -3.042850 -0.074739 0.140309
    28 1.433455 -0.000001 0.000002 0.000000 0.000000 1.034027
    29 0.534334 -0.269066 0.018936 -3.047540 -0.084662 0.175451
    30 1.019160 0.000002 -0.000001 0.000000 0.000000 0.422616
    31 0.591927 -0.092812 0.111916 -3.044020 -0.081575 0.092229
    32 1.149530 0.416493 -1.414110 1.637313 0.502666 0.152269
    33 -0.152565 -0.022695 0.475140 0.134276 0.161355 -0.294699
    34 1.263880 0.000000 -0.000001 0.000000 0.000000 0.095331
    35 0.204777 -0.431778 0.089654 0.168587 0.067859 -0.050505
    36 1.188936 0.000000 0.000001 -0.009661 -0.002767 -0.227690
    37 -0.017635 -0.420529 -0.022252 0.227339 0.046996 0.081353
    38 6.298902 -20.948620 -11.083588 -2.819402 -0.253029 -2.192595
    39 -10.722298 -0.506103 -0.017994 1.584990 0.010515 0.041378
    40 -10.142772 -8.463861 -9.864762 -2.150225 -0.300402 -1.128676
    41 0.294731 -0.017813 0.157481 0.029130 0.054919 0.004544
    42 5.740848 0.000000 -0.000001 0.000092 0.000000 -0.000008
    43 10.281296 -0.016083 0.132702 0.000149 0.000000 0.000000
    44 10.295597 0.000001 0.000000 1.905342 -0.070345 0.296963
    45 3.185547 1.209961 0.395020 1.726761 0.024382 1.531558
    46 0.000000 1.663440 1.993458 0.000000 0.000000 0.000000
    47 0.000000 0.079149 6.178666 -0.027841 0.000000 0.000000
    48 0.000002 3.466950 2.698286 3.141590 0.004362 3.141592
    49 0.032274 0.082292 -0.974221 0.000000 0.000000 0.000000
    50 0.283657 -0.262681 -0.016718 3.136930 0.073998 -0.078846
    51 3.323318 0.233760 -1.479091 0.471077 0.106876 1.379081
    52 0.422707 -0.406992 0.168743 -2.735260 0.184776 0.303777
    53 0.963103 0.000001 -0.000001 0.038624 -0.004207 0.700147
    54 0.441121 -0.147523 -0.014119 -2.793600 0.005348 0.279055
    55 0.682898 0.000000 0.000000 0.038155 -0.007330 0.781279
    56 0.382509 0.011353 0.014142 -2.816920 -0.081657 0.157045
    57 3.632760 0.059067 -0.757513 0.326256 0.151989 1.274562
    58 0.489260 -0.525216 0.053914 -3.074870 0.011878 0.210808
    59 1.500140 -0.000002 0.000000 0.027886 -0.039274 1.247669
    60 0.467742 -0.219619 0.031131 -3.081490 -0.013760 0.185349
    61 0.905654 0.000000 0.000000 -0.049220 -0.084570 0.688415
    62 0.503673 -0.044144 -0.005648 -3.101730 -0.045027 0.343288
    63 3.799520 0.014976 0.039936 0.327506 0.278809 1.147697
    64 0.352883 -0.530994 0.013656 3.048800 0.018771 0.168551
    65 1.774880 0.000001 0.000000 0.015548 -0.026855 1.207276
    66 0.123960 -0.267018 -0.045197 3.038230 0.016899 0.163207
    67 1.008841 0.000000 0.000000 0.007382 -0.033013 1.058830
    68 -0.091995 -0.117643 -0.068578 3.035060 0.049848 0.104967
    69 3.773758 0.133240 0.970555 0.009971 0.253127 0.024189
    70 0.266356 -0.315424 0.022796 2.894160 -0.011217 0.140937
    71 1.433460 -0.000001 0.000000 0.021781 -0.008209 0.379577
    72 0.232987 -0.175441 0.051954 2.850500 0.105025 0.006572
    73 1.019161 0.000000 0.000000 -0.061480 0.050146 0.902415
    74 0.199651 -0.182736 -0.019174 2.866800 0.015134 0.022335
    75 1.149521 0.416503 1.414108 -1.701758 0.225123 0.807917
    76 -0.259195 -0.126472 -0.187737 -0.320833 -0.178068 -0.144302
    77 1.263870 0.000000 0.000000 0.000000 0.000000 0.198808
    78 -0.023456 -0.272392 0.128637 -0.377946 -0.139541 -0.070537
    79 1.188940 0.000000 0.000000 0.006461 0.000252 0.052442
    80 -0.027065 -0.282838 0.274405 -0.453086 -0.085008 -0.010295
    81 -10.142772 -8.463861 -9.864762 -1.576098 -0.300502 -1.128748
    82 -10.722400 -0.506063 0.017998 0.014153 -0.011625 0.041372
    83 -2.695077 -18.526361 -4.682505 0.134631 0.242163 0.297450
  time 82
    0 0.000000 0.000000 0.000000 3.137881 0.003712 -0.000007
    1 0.000000 2.039048 -0.325681 -1.570922 0.000060 0.291178
    2 6.166085 -20.729864 -11.306251 -1.018288 -0.269154 -2.243944
    3 0.237000 -0.019106 -0.353871 -0.031846 -0.060887 0.001610
    4 5.740851 0.000002 0.000000 0.000673 0.000000 -0.000012
    5 10.321901 0.003155 0.187182 -0.229226 0.027369 0.027690
    6 10.295601 0.000000 0.000000 2.499002 -0.296984 -0.002318
    7 0.252449 -0.450151 0.014884 2.961090 -0.113350 -0.085454
    8 3.323328 0.233761 1.479089 -0.333184 0.246147 1.117870
    9 0.331326 -0.384609 -0.028515 2.751210 -0.062475 0.301804
    10 0.963098 0.000000 0.000000 -0.065361 0.021286 0.725209
    11 0.219801 -0.039763 0.000647 2.771360 0.018767 0.255174
    12 0.682896 0.000002 0.000000 -0.066755 -0.016356 0.171198
    13 0.237805 0.264544 -0.007074 2.776430 0.037665 -0.015667
    14 3.632759 0.059072 0.757512 -0.195403 0.113954 0.965168
    15 0.466810 -0.831947 0.013376 2.881400 0.028647 0.343212
    16 1.500140 0.000000 -0.000003 -0.047388 0.059112 1.173960
    17 0.319986 -0.324402 -0.027586 2.877640 0.022726 0.214012
    18 0.905666 0.000000 0.000001 -0.074893 -0.011152 0.131640
    19 0.492504 -0.086171 -0.084238 2.879510 0.064298 0.261627
    20 3.799519 0.014969 -0.039935 -0.133594 0.021537 0.762194
    21 0.217894 -0.825647 0.038806 3.038690 -0.013998 0.239370
    22 1.774879 -0.000002 0.000001 -0.003392 0.018567 1.449270
    23 -0.011930 -0.409492 0.022487 3.039220 -0.018455 0.224297
    24 1.008837 0.000001 -0.000001 -0.018804 0.000523 0.084431
    25 0.062305 -0.120462 0.017525 3.043570 -0.040149 0.014192
    26 3.773769 0.133240 -0.970558 -0.013186 0.169514 0.017054
    27 0.276640 -0.495263 -0.109455 -3.042850 -0.074739 0.140309
    28 1.433455 -0.000001 0.000002 0.000000 0.000000 1.027119
    29 0.534334 -0.269066 0.018936 -3.047540 -0.084662 0.175451
    30 1.019160 0.000002 -0.000001 0.000000 0.000000 0.420123
    31 0.591927 -0.092812 0.111916 -3.044020 -0.081575 0.092229
    32 1.149530 0.416493 -1.414110 1.637313 0.502666 0.152269
    33 -0.152565 -0.022695 0.475140 0.134276 0.161355 -0.294699
    34 1.263880 0.000000 -0.000001 0.000000 0.000000 0.095331
    35 0.204777 -0.431778 0.089654 0.168587 0.067859 -0.050505
    36 1.188936 0.000000 0.000001 -0.009661 -0.002767 -0.227690
    37 -0.017635 -0.420529 -0.022252 0.227339 0.046996 0.081353
    38 6.166085 -20.729864 -11.306251 -2.824268 -0.269132 -2.243980
    39 -10.722298 -0.506103 -0.017994 1.584990 0.010515 0.041378
    40 -10.345903 -7.756808 -10.017110 -2.146337 -0.306374 -1.118505
    41 0.294731 -0.017813 0.157481 0.029130 0.054919 0.004544
    42 5.740848 0.000000 -0.000001 0.000092 0.000000 -0.000008
    43 10.281296 -0.016083 0.132702 0.000149 0.000000 0.000000
    44 10.295597 0.000001 0.000000 1.747835 -0.041253 0.289923
    45 3.185547 1.209961 0.395020 1.726761 0.024382 1.531558
    46 0.000000 1.663440 1.993458 0.000000 0.000000 0.000000
    47 0.000000 0.079149 6.178666 -0.027841 0.000000 0.000000
    48 0.000002 3.466950 2.698286 3.141590 0.004362 3.141592
    49 0.032274 0.082292 -0.974221 0.000000 0.000000 0.000000
    50 0.283657 -0.262681 -0.016718 3.136930 0.073998 -0.078846
    51 3.323318 0.233760 -1.479091 0.471077 0.106876 1.379081
    52 0.422707 -0.406992 0.168743 -2.735260 0.184776 0.303777
    53 0.963103 0.000001 -0.000001 0.038624 -0.004207 0.700147
    54 0.441121 -0.147523 -0.014119 -2.793600 0.005348 0.279055
    55 0.682898 0.000000 0.000000 0.038155 -0.007330 0.781279
    56 0.382509 0.011353 0.014142 -2.816920 -0.081657 0.157045
    57 3.632760 0.059067 -0.757513 0.326256 0.151989 1.274562
    58 0.489260 -0.525216 0.053914 -3.074870 0.011878 0.210808
    59 1.500140 -0.000002 0.000000 0.027886 -0.039274 1.247669
    60 0.467742 -0.219619 0.031131 -3.081490 -0.013760 0.185349
    61 0.905654 0.000000 0.000000 -0.049220 -0.084570 0.688415
    62 0.503673 -0.044144 -0.005648 -3.101730 -0.045027 0.343288
    63 3.799520 0.014976 0.039936 0.327506 0.278809 1.147697
    64 0.352883 -0.530994 0.013656 3.048800 0.018771 0.168551
    65 1.774880 0.000001 0.000000 0.015548 -0.026855 1.207276
    66 0.123960 -0.267018 -0.045197 3.038230 0.016899 0.163207
    67 1.008841 0.000000 0.000000 0.007382 -0.033001 1.058830
    68 -0.091995 -0.117643 -0.068578 3.035060 0.049848 0.104967
    69 3.773758 0.133240 0.970555 0.009971 0.253127 0.024189
    70 0.266356 -0.315424 0.022796 2.894160 -0.011217 0.140937
    71 1.433460 -0.000001 0.000000 0.021781 -0.008209 0.379577
    72 0.232987 -0.175441 0.051954 2.850500 0.105025 0.006572
    73 1.019161 0.000000 0.000000 -0.061480 0.050146 0.902415
    74 0.199651 -0.182736 -0.019174 2.866800 0.015134 0.022335
    75 1.149521 0.416503 1.414108 -1.701758 0.225123 0.807917
    76 -0.259195 -0.126472 -0.187737 -0.320833 -0.178068 -0.144302
    77 1.263870 0.000000 0.000000 0.000000 0.000000 0.198808
    78 -0.023456 -0.272392 0.128637 -0.377946 -0.139541 -0.070537
    79 1.188940 0.000000 0.000000 0.006461 0.000252 0.052442
    80 -0.027065 -0.282838 0.274405 -0.453086 -0.085008 -0.010295
    81 -10.345903 -7.756808 -10.017110 -1.600750 -0.306474 -1.118526
    82 -10.722400 -0.506063 0.017998 0.014153 -0.011625 0.041372
    83 -2.570074 -17.655241 -5.143457 0.098360 0.393474 0.272300
  time 83
    0 0.000000 0.000000 0.000000 3.137881 0.003712 -0.000007
    1 0.000000 2.054674 -0.329587 -1.570922 0.000060 0.279624
    2 6.048894 -20.452512 -11.560165 -1.023790 -0.293592 -2.304764
    3 0.237000 -0.019106 -0.353871 -0.031846 -0.060887 0.001610
    4 5.740851 0.000002 0.000000 0.000673 0.000000 -0.000012
    5 10.321901 0.003155 0.187182 -0.229226 0.027369 0.027690
    6 10.295601 0.000000 0.000000 2.464771 -0.411215 -0.065616
    7 0.252449 -0.450151 0.014884 2.961090 -0.113350 -0.085454
    8 3.323328 0.233761 1.479089 -0.336759 0.229724 1.089531
    9 0.331326 -0.384609 -0.028515 2.751210 -0.062475 0.301804
    10 0.963098 0.000000 0.000000 -0.065397 0.021046 0.721924
    11 0.219801 -0.039763 0.000647 2.771360 0.018767 0.255174
    12 0.682896 0.000002 0.000000 -0.066755 -0.016296 0.172792
    13 0.237805 0.264544 -0.007074 2.776430 0.037665 -0.015667
    14 3.632759 0.059072 0.757512 -0.196362 0.106919 0.931973
    15 0.466810 -0.831947 0.013376 2.881400 0.028647 0.343212
    16 1.500140 0.000000 -0.000003 -0.048395 0.057338 1.141460
    17 0.319986 -0.324402 -0.027586 2.877640 0.022726 0.214012
    18 0.905666 0.000000 0.000001 -0.074881 -0.011404 0.128243
    19 0.492504 -0.086171 -0.084238 2.879510 0.064298 0.261627
    20 3.799519 0.014969 -0.039935 -0.132791 0.017917 0.728885
    21 0.217894 -0.825647 0.038806 3.038690 -0.013998 0.239370
    22 1.774879 -0.000002 0.000001 -0.003872 0.018052 1.402594
    23 -0.011930 -0.409492 0.022487 3.039220 -0.018455 0.224297
    24 1.008837 0.000001 -0.000001 -0.018804 0.000499 0.082244
    25 0.062305 -0.120462 0.017525 3.043570 -0.040149 0.014192
    26 3.773769 0.133240 -0.970558 -0.014372 0.165583 0.005165
    27 0.276640 -0.495263 -0.109455 -3.042850 -0.074739 0.140309
    28 1.433455 -0.000001 0.000002 0.000000 0.000000 1.008588
    29 0.534334 -0.269066 0.018936 -3.047540 -0.084662 0.175451
    30 1.019160 0.000002 -0.000001 0.000000 0.000000 0.411015
    31 0.591927 -0.092812 0.111916 -3.044020 -0.081575 0.092229
    32 1.149530 0.416493 -1.414110 1.637313 0.502666 0.152269
    33 -0.152565 -0.022695 0.475140 0.134276 0.161355 -0.294699
    34 1.263880 0.000000 -0.000001 0.000000 0.000000 0.095331
    35 0.204777 -0.431778 0.089654 0.168587 0.067859 -0.050505
    36 1.188936 0.000000 0.000001 -0.009661 -0.002767 -0.227690
    37 -0.017635 -0.420529 -0.022252 0.227339 0.046996 0.081353
    38 6.048894 -20.452512 -11.560165 -2.829762 -0.293594 -2.304861
    39 -10.722298 -0.506103 -0.017994 1.584990 0.010515 0.041378
    40 -10.545128 -6.870063 -10.165552 -2.137617 -0.308248 -1.106896
    41 0.294731 -0.017813 0.157481 0.029130 0.054919 0.004544
    42 5.740848 0.000000 -0.000001 0.000092 0.000000 -0.000008
    43 10.281296 -0.016083 0.132702 0.000149 0.000000 0.000000
    44 10.295597 0.000001 0.000000 1.582818 -0.007851 0.278837
    45 3.185547 1.209961 0.395020 1.726761 0.024382 1.531558
    46 0.000000 1.663440 1.993458 0.000000 0.000000 0.000000
    47 0.000000 0.079149 6.178666 -0.027841 0.000000 0.000000
    48 0.000002 3.466950 2.698286 3.141590 0.004362 3.141592
    49 0.032274 0.082292 -0.974221 0.000000 0.000000 0.000000
    50 0.283657 -0.262681 -0.016718 3.136930 0.073998 -0.078846
    51 3.323318 0.233760 -1.479091 0.471077 0.106876 1.379081
    52 0.422707 -0.406992 0.168743 -2.735260 0.184776 0.303777
    53 0.963103 0.000001 -0.000001 0.038624 -0.004207 0.700147
    54 0.441121 -0.147523 -0.014119 -2.793600 0.005348 0.279055
    55 0.682898 0.000000 0.000000 0.038155 -0.007330 0.781279
    56 0.382509 0.011353 0.014142 -2.816920 -0.081657 0.157045
    57 3.632760 0.059067 -0.757513 0.326256 0.151989 1.274562
    58 0.489260 -0.525216 0.053914 -3.074870 0.011878 0.210808
    59 1.500140 -0.000002 0.000000 0.027886 -0.039274 1.247669
    60 0.467742 -0.219619 0.031131 -3.081490 -0.013760 0.185349
    61 0.905654 0.000000 0.000000 -0.049220 -0.084570 0.688415
    62 0.503673 -0.044144 -0.005648 -3.101730 -0.045027 0.343288
    63 3.799520 0.014976 0.039936 0.327506 0.278809 1.147697
    64 0.352883 -0.530994 0.013656 3.048800 0.018771 0.168551
    65 1.774880 0.000001 0.000000 0.015548 -0.026855 1.207276
    66 0.123960 -0.267018 -0.045197 3.038230 0.016899 0.163207
    67 1.008841 0.000000 0.000000 0.007382 -0.033013 1.058830
    68 -0.091995 -0.117643 -0.068578 3.035060 0.049848 0.104967
    69 3.773758 0.133240 0.970555 0.009971 0.253127 0.024189
    70 0.266356 -0.315424 0.022796 2.894160 -0.011217 0.140937
    71 1.433460 -0.000001 0.000000 0.021781 -0.008209 0.379577
    72 0.232987 -0.175441 0.051954 2.850500 0.105025 0.006572
    73 1.019161 0.000000 0.000000 -0.061480 0.050146 0.902415
    74 0.199651 -0.182736 -0.019174 2.866800 0.015134 0.022335
    75 1.149521 0.416503 1.414108 -1.701758 0.225123 0.807917
    76 -0.259195 -0.126472 -0.187737 -0.320833 -0.178068 -0.144302
    77 1.263870 0.000000 0.000000 0.000000 0.000000 0.198808
    78 -0.023456 -0.272392 0.128637 -0.377946 -0.139541 -0.070537
    79 1.188940 0.000000 0.000000 0.006461 0.000252 0.052442
    80 -0.027065 -0.282838 0.274405 -0.453086 -0.085008 -0.010295
    81 -10.545128 -6.870063 -10.165552 -1.621735 -0.308293 -1.106917
    82 -10.722400 -0.506063 0.017998 0.014153 -0.011625 0.041372
    83 -2.472414 -16.655210 -5.694255 0.054977 0.546486 0.235337
  time 84
    0 0.000000 0.000000 0.000000 3.137881 0.003712 -0.000007
    1 0.000000 2.078112 -0.329587 -1.570922 0.000060 0.268359
    2 5.931703 -20.159534 -11.821892 -1.029757 -0.322874 -2.370032
    3 0.237000 -0.019106 -0.353871 -0.031846 -0.060887 0.001610
    4 5.740851 0.000002 0.000000 0.000673 0.000000 0.000000
    5 10.321901 0.003155 0.187182 -0.229226 0.027369 0.027690
    6 10.295601 0.000000 0.000000 2.449298 -0.523037 -0.130229
    7 0.252449 -0.450151 0.014884 2.961090 -0.113350 -0.085454
    8 3.323328 0.233761 1.479089 -0.344200 0.196020 1.031642
    9 0.331326 -0.384609 -0.028515 2.751210 -0.062475 0.301804
    10 0.963098 0.000000 0.000000 -0.065493 0.020459 0.711724
    11 0.219801 -0.039763 0.000647 2.771360 0.018767 0.255174
    12 0.682896 0.000002 0.000000 -0.066767 -0.015985 0.177823
    13 0.237805 0.264544 -0.007074 2.776430 0.037665 -0.015667
    14 3.632759 0.059072 0.757512 -0.198339 0.092490 0.863538
    15 0.466810 -0.831947 0.013376 2.881400 0.028647 0.343212
    16 1.500140 0.000000 -0.000003 -0.050312 0.053982 1.074455
    17 0.319986 -0.324402 -0.027586 2.877640 0.022726 0.214012
    18 0.905666 0.000000 0.000001 -0.074725 -0.011907 0.121500
    19 0.492504 -0.086171 -0.084238 2.879510 0.064298 0.261627
    20 3.799519 0.014969 -0.039935 -0.130981 0.010679 0.660452
    21 0.217894 -0.825647 0.038806 3.038690 -0.013998 0.239370
    22 1.774879 -0.000002 0.000001 -0.004914 0.017045 1.306995
    23 -0.011930 -0.409492 0.022487 3.039220 -0.018455 0.224297
    24 1.008837 0.000001 -0.000001 -0.018804 0.000391 0.077780
    25 0.062305 -0.120462 0.017525 3.043570 -0.040149 0.014192
    26 3.773769 0.133240 -0.970558 -0.016865 0.157517 -0.019343
    27 0.276640 -0.495263 -0.109455 -3.042850 -0.074739 0.140309
    28 1.433455 -0.000001 0.000002 0.000000 0.000000 0.970671
    29 0.534334 -0.269066 0.018936 -3.047540 -0.084662 0.175451
    30 1.019160 0.000002 -0.000001 0.000000 0.000000 0.392319
    31 0.591927 -0.092812 0.111916 -3.044020 -0.081575 0.092229
    32 1.149530 0.416493 -1.414110 1.637313 0.502666 0.152269
    33 -0.152565 -0.022695 0.475140 0.134276 0.161355 -0.294699
    34 1.263880 0.000000 -0.000001 0.000000 0.000000 0.095331
    35 0.204777 -0.431778 0.089654 0.168587 0.067859 -0.050505
    36 1.188936 0.000000 0.000001 -0.009661 -0.002767 -0.227690
    37 -0.017635 -0.420529 -0.022252 0.227339 0.046996 0.081353
    38 5.931703 -20.159534 -11.821892 -2.835727 -0.322905 -2.369948
    39 -10.722298 -0.506103 -0.017994 1.584990 0.010515 0.041378
    40 -10.717008 -5.893470 -10.255399 -2.124319 -0.303691 -1.095801
    41 0.294731 -0.017813 0.157481 0.029130 0.054919 0.004544
    42 5.740848 0.000000 -0.000001 0.000092 0.000000 -0.000008
    43 10.281296 -0.016083 0.132702 0.000149 0.000000 0.000000
    44 10.295597 0.000001 0.000000 1.416348 0.028111 0.260597
    45 3.185547 1.209961 0.395020 1.726761 0.024382 1.531558
    46 0.000000 1.663440 1.993458 0.000000 0.000000 0.000000
    47 0.000000 0.079149 6.178666 -0.027841 0.000000 0.000000
    48 0.000002 3.466950 2.698286 3.141590 0.004362 3.141592
    49 0.032274 0.082292 -0.974221 0.000000 0.000000 0.000000
    50 0.283657 -0.262681 -0.016718 3.136930 0.073998 -0.078846
    51 3.323318 0.233760 -1.479091 0.471077 0.106876 1.379081
    52 0.422707 -0.406992 0.168743 -2.735260 0.184776 0.303777
    53 0.963103 0.000001 -0.000001 0.038624 -0.004207 0.700147
    54 0.441121 -0.147523 -0.014119 -2.793600 0.005348 0.279055
    55 0.682898 0.000000 0.000000 0.038155 -0.007330 0.781279
    56 0.382509 0.011353 0.014142 -2.816920 -0.081657 0.157045
    57 3.632760 0.059067 -0.757513 0.326256 0.151989 1.274562
    58 0.489260 -0.525216 0.053914 -3.074870 0.011878 0.210808
    59 1.500140 -0.000002 0.000000 0.027886 -0.039274 1.247669
    60 0.467742 -0.219619 0.031131 -3.081490 -0.013760 0.185349
    61 0.905654 0.000000 0.000000 -0.049220 -0.084570 0.688415
    62 0.503673 -0.044144 -0.005648 -3.101730 -0.045027 0.343288
    63 3.799520 0.014976 0.039936 0.327506 0.278809 1.147697
    64 0.352883 -0.530994 0.013656 3.048800 0.018771 0.168551
    65 1.774880 0.000001 0.000000 0.015548 -0.026855 1.207276
    66 0.123960 -0.267018 -0.045197 3.038230 0.016899 0.163207
    67 1.008841 0.000000 0.000000 0.007382 -0.033001 1.058830
    68 -0.091995 -0.117643 -0.068578 3.035060 0.049848 0.104967
    69 3.773758 0.133240 0.970555 0.009971 0.253127 0.024189
    70 0.266356 -0.315424 0.022796 2.894160 -0.011217 0.140937
    71 1.433460 -0.000001 0.000000 0.021781 -0.008209 0.379577
    72 0.232987 -0.175441 0.051954 2.850500 0.105025 0.006572
    73 1.019161 0.000000 0.000000 -0.061480 0.050146 0.902415
    74 0.199651 -0.182736 -0.019174 2.866800 0.015134 0.022335
    75 1.149521 0.416503 1.414108 -1.701746 0.225123 0.807917
    76 -0.259195 -0.126472 -0.187737 -0.320833 -0.178068 -0.144302
    77 1.263870 0.000000 0.000000 0.000000 0.000000 0.198808
    78 -0.023456 -0.272392 0.128637 -0.377946 -0.139541 -0.070537
    79 1.188940 0.000000 0.000000 0.006461 0.000252 0.052442
    80 -0.027065 -0.282838 0.274405 -0.453086 -0.085008 -0.010295
    81 -10.717008 -5.893470 -10.255399 -1.637713 -0.303846 -1.095822
    82 -10.722400 -0.506063 0.017998 0.014153 -0.011625 0.041372
    83 -2.409912 -15.639555 -6.264585 0.001114 0.694789 0.183894
  time 85
    0 0.000000 0.000000 0.000000 3.137881 0.003712 -0.000007
    1 0.000000 2.097644 -0.337400 -1.570922 0.000072 0.257045
    2 5.798886 -19.878275 -12.056274 -1.036144 -0.355627 -2.437103
    3 0.237000 -0.019106 -0.353871 -0.031846 -0.060887 0.001610
    4 5.740851 0.000002 0.000000 0.000673 0.000000 -0.000012
    5 10.321901 0.003155 0.187182 -0.229226 0.027369 0.027690
    6 10.295601 0.000000 0.000000 2.454169 -0.627226 -0.200622
    7 0.252449 -0.450151 0.014884 2.961090 -0.113350 -0.085454
    8 3.323328 0.233761 1.479089 -0.354309 0.149279 0.951298
    9 0.331326 -0.384609 -0.028515 2.751210 -0.062475 0.301804
    10 0.963098 0.000000 0.000000 -0.065696 0.019404 0.692781
    11 0.219801 -0.039763 0.000647 2.771360 0.018767 0.255174
    12 0.682896 0.000002 0.000000 -0.066899 -0.015445 0.187244
    13 0.237805 0.264544 -0.007074 2.776430 0.037665 -0.015667
    14 3.632759 0.059072 0.757512 -0.201012 0.072439 0.768833
    15 0.466810 -0.831947 0.013376 2.881400 0.028647 0.343212
    16 1.500140 0.000000 -0.000003 -0.053045 0.049201 0.981548
    17 0.319986 -0.324402 -0.027586 2.877640 0.022726 0.214012
    18 0.905666 0.000000 0.000001 -0.074581 -0.012590 0.112044
    19 0.492504 -0.086171 -0.084238 2.879510 0.064298 0.261627
    20 3.799519 0.014969 -0.039935 -0.128465 0.000516 0.565527
    21 0.217894 -0.825647 0.038806 3.038690 -0.013998 0.239370
    22 1.774879 -0.000002 0.000001 -0.006364 0.015739 1.174355
    23 -0.011930 -0.409492 0.022487 3.039220 -0.018455 0.224297
    24 1.008837 0.000001 -0.000001 -0.018804 0.000271 0.071580
    25 0.062305 -0.120462 0.017525 3.043570 -0.040149 0.014192
    26 3.773769 0.133240 -0.970558 -0.020365 0.146276 -0.053451
    27 0.276640 -0.495263 -0.109455 -3.042850 -0.074739 0.140309
    28 1.433455 -0.000001 0.000002 0.000000 0.000000 0.917969
    29 0.534334 -0.269066 0.018936 -3.047540 -0.084662 0.175451
    30 1.019160 0.000002 -0.000001 0.000000 0.000000 0.366360
    31 0.591927 -0.092812 0.111916 -3.044020 -0.081575 0.092229
    32 1.149530 0.416493 -1.414110 1.637313 0.502666 0.152269
    33 -0.152565 -0.022695 0.475140 0.134276 0.161355 -0.294699
    34 1.263880 0.000000 -0.000001 0.000000 0.000000 0.095331
    35 0.204777 -0.431778 0.089654 0.168587 0.067859 -0.050505
    36 1.188936 0.000000 0.000001 -0.009661 -0.002767 -0.227690
    37 -0.017635 -0.420529 -0.022252 0.227339 0.046996 0.081353
    38 5.798886 -19.878275 -12.056274 -2.842140 -0.355654 -2.437019
    39 -10.722298 -0.506103 -0.017994 1.584990 0.010515 0.041378
    40 -10.861544 -4.862189 -10.271024 -2.106241 -0.291196 -1.086452
    41 0.294731 -0.017813 0.157481 0.029130 0.054919 0.004544
    42 5.740848 0.000000 -0.000001 0.000092 0.000000 -0.000008
    43 10.281296 -0.016083 0.132702 0.000149 0.000000 0.000000
    44 10.295597 0.000001 0.000000 1.251089 0.065681 0.233775
    45 3.185547 1.209961 0.395020 1.726761 0.024382 1.531558
    46 0.000000 1.663440 1.993458 0.000000 0.000000 0.000000
    47 0.000000 0.079149 6.178666 -0.027841 0.000000 0.000000
    48 0.000002 3.466950 2.698286 3.141590 0.004362 3.141592
    49 0.032274 0.082292 -0.974221 0.000000 0.000000 0.000000
    50 0.283657 -0.262681 -0.016718 3.136930 0.073998 -0.078846
    51 3.323318 0.233760 -1.479091 0.471077 0.106876 1.379081
    52 0.422707 -0.406992 0.168743 -2.735260 0.184776 0.303777
    53 0.963103 0.000001 -0.000001 0.038624 -0.004207 0.700147
    54 0.441121 -0.147523 -0.014119 -2.793600 0.005348 0.279055
    55 0.682898 0.000000 0.000000 0.038155 -0.007330 0.781279
    56 0.382509 0.011353 0.014142 -2.816920 -0.081657 0.157045
    57 3.632760 0.059067 -0.757513 0.326256 0.151989 1.274562
    58 0.489260 -0.525216 0.053914 -3.074870 0.011878 0.210808
    59 1.500140 -0.000002 0.000000 0.027886 -0.039274 1.247669
    60 0.467742 -0.219619 0.031131 -3.081490 -0.013760 0.185349
    61 0.905654 0.000000 0.000000 -0.049220 -0.084570 0.688415
    62 0.503673 -0.044144 -0.005648 -3.101730 -0.045027 0.343288
    63 3.799520 0.014976 0.039936 0.327506 0.278809 1.147697
    64 0.352883 -0.530994 0.013656 3.048800 0.018771 0.168551
    65 1.774880 0.000001 0.000000 0.015548 -0.026855 1.207276
    66 0.123960 -0.267018 -0.045197 3.038230 0.016899 0.163207
    67 1.008841 0.000000 0.000000 0.007382 -0.033001 1.058862
    68 -0.091995 -0.117643 -0.068578 3.035060 0.049848 0.104967
    69 3.773758 0.133240 0.970555 0.009971 0.253127 0.024189
    70 0.266356 -0.315424 0.022796 2.894160 -0.011217 0.140937
    71 1.433460 -0.000001 0.000000 0.021781 -0.008209 0.379577
    72 0.232987 -0.175441 0.051954 2.850500 0.105025 0.006572
    73 1.019161 0.000000 0.000000 -0.061480 0.050146 0.902415
    74 0.199651 -0.182736 -0.019174 2.866800 0.015134 0.022335
    75 1.149521 0.416503 1.414108 -1.701758 0.225123 0.807917
    76 -0.259195 -0.126472 -0.187737 -0.320833 -0.178068 -0.144302
    77 1.263870 0.000000 0.000000 0.000000 0.000000 0.198808
    78 -0.023456 -0.272392 0.128637 -0.377946 -0.139541 -0.070537
    79 1.188940 0.000000 0.000000 0.006461 0.000252 0.052442
    80 -0.027065 -0.282838 0.274405 -0.453086 -0.085008 -0.010295
    81 -10.861544 -4.862189 -10.271024 -1.647909 -0.291351 -1.086370
    82 -10.722400 -0.506063 0.017998 0.014153 -0.011625 0.041372
    83 -2.382568 -14.639524 -6.834915 -0.067801 0.834702 0.113843
  time 86
    0 0.000000 0.000000 0.000000 3.137881 0.003712 -0.000007
    1 0.000000 2.109363 -0.337400 -1.570922 0.000072 0.246116
    2 5.650444 -19.620455 -12.255499 -1.042461 -0.390007 -2.502551
    3 0.237000 -0.019106 -0.353871 -0.031846 -0.060887 0.001610
    4 5.740851 0.000002 0.000000 0.000673 0.000000 0.000000
    5 10.321901 0.003155 0.187182 -0.229226 0.027369 0.027690
    6 10.295601 0.000000 0.000000 2.479050 -0.718408 -0.279147
    7 0.252449 -0.450151 0.014884 2.961090 -0.113350 -0.085454
    8 3.323328 0.233761 1.479089 -0.365999 0.093768 0.856114
    9 0.331326 -0.384609 -0.028515 2.751210 -0.062475 0.301804
    10 0.963098 0.000000 0.000000 -0.066056 0.017978 0.667453
    11 0.219801 -0.039763 0.000647 2.771360 0.018767 0.255174
    12 0.682896 0.000002 0.000000 -0.066983 -0.014714 0.199879
    13 0.237805 0.264544 -0.007074 2.776430 0.037665 -0.015667
    14 3.632759 0.059072 0.757512 -0.203960 0.048722 0.657281
    15 0.466810 -0.831947 0.013376 2.881400 0.028647 0.343212
    16 1.500140 0.000000 -0.000003 -0.056281 0.043376 0.872205
    17 0.319986 -0.324402 -0.027586 2.877640 0.022726 0.214012
    18 0.905666 0.000000 0.000001 -0.074413 -0.013441 0.100610
    19 0.492504 -0.086171 -0.084238 2.879510 0.064298 0.261627
    20 3.799519 0.014969 -0.039935 -0.125325 -0.011721 0.453287
    21 0.217894 -0.825647 0.038806 3.038690 -0.013998 0.239370
    22 1.774879 -0.000002 0.000001 -0.008150 0.014061 1.017022
    23 -0.011930 -0.409492 0.022487 3.039220 -0.018455 0.224297
    24 1.008837 0.000001 -0.000001 -0.018804 0.000175 0.064005
    25 0.062305 -0.120462 0.017525 3.043570 -0.040149 0.014192
    26 3.773769 0.133240 -0.970558 -0.024439 0.133021 -0.093959
    27 0.276640 -0.495263 -0.109455 -3.042850 -0.074739 0.140309
    28 1.433455 -0.000001 0.000002 0.000000 0.000000 0.855439
    29 0.534334 -0.269066 0.018936 -3.047540 -0.084662 0.175451
    30 1.019160 0.000002 -0.000001 0.000000 0.000000 0.335584
    31 0.591927 -0.092812 0.111916 -3.044020 -0.081575 0.092229
    32 1.149530 0.416493 -1.414110 1.637313 0.502666 0.152269
    33 -0.152565 -0.022695 0.475140 0.134276 0.161355 -0.294699
    34 1.263880 0.000000 -0.000001 0.000000 0.000000 0.095331
    35 0.204777 -0.431778 0.089654 0.168587 0.067859 -0.050505
    36 1.188936 0.000000 0.000001 -0.009661 -0.002767 -0.227690
    37 -0.017635 -0.420529 -0.022252 0.227339 0.046996 0.081353
    38 5.650444 -19.620455 -12.255499 -2.848508 -0.390031 -2.502347
    39 -10.722298 -0.506103 -0.017994 1.584990 0.010515 0.041378
    40 -10.978735 -3.846533 -10.196803 -2.084198 -0.271002 -1.078490
    41 0.294731 -0.017813 0.157481 0.029130 0.054919 0.004544
    42 5.740848 0.000000 -0.000001 0.000092 0.000000 -0.000008
    43 10.281296 -0.016083 0.132702 0.000149 0.000000 0.000000
    44 10.295597 0.000001 0.000000 1.091256 0.103640 0.198613
    45 3.185547 1.209961 0.395020 1.726761 0.024382 1.531558
    46 0.000000 1.663440 1.993458 0.000000 0.000000 0.000000
    47 0.000000 0.079149 6.178666 -0.027841 0.000000 0.000000
    48 0.000002 3.466950 2.698286 3.141590 0.004362 3.141592
    49 0.032274 0.082292 -0.974221 0.000000 0.000000 0.000000
    50 0.283657 -0.262681 -0.016718 3.136930 0.073998 -0.078846
    51 3.323318 0.233760 -1.479091 0.471077 0.106876 1.379081
    52 0.422707 -0.406992 0.168743 -2.735260 0.184776 0.303777
    53 0.963103 0.000001 -0.000001 0.038624 -0.004207 0.700147
    54 0.441121 -0.147523 -0.014119 -2.793600 0.005348 0.279055
    55 0.682898 0.000000 0.000000 0.038155 -0.007330 0.781279
    56 0.382509 0.011353 0.014142 -2.816920 -0.081657 0.157045
    57 3.632760 0.059067 -0.757513 0.326256 0.151989 1.274562
    58 0.489260 -0.525216 0.053914 -3.074870 0.011878 0.210808
    59 1.500140 -0.000002 0.000000 0.027886 -0.039274 1.247669
    60 0.467742 -0.219619 0.031131 -3.081490 -0.013760 0.185349
    61 0.905654 0.000000 0.000000 -0.049220 -0.084570 0.688415
    62 0.503673 -0.044144 -0.005648 -3.101730 -0.045027 0.343288
    63 3.799520 0.014976 0.039936 0.327506 0.278809 1.147697
    64 0.352883 -0.530994 0.013656 3.048800 0.018771 0.168551
    65 1.774880 0.000001 0.000000 0.015548 -0.026855 1.207276
    66 0.123960 -0.267018 -0.045197 3.038230 0.016899 0.163207
    67 1.008841 0.000000 0.000000 0.007382 -0.033001 1.058830
    68 -0.091995 -0.117643 -0.068578 3.035060 0.049848 0.104967
    69 3.773758 0.133240 0.970555 0.009971 0.253127 0.024189
    70 0.266356 -0.315424 0.022796 2.894160 -0.011217 0.140937
    71 1.433460 -0.000001 0.000000 0.021781 -0.008209 0.379577
    72 0.232987 -0.175441 0.051954 2.850500 0.105025 0.006572
    73 1.019161 0.000000 0.000000 -0.061480 0.050146 0.902415
    74 0.199651 -0.182736 -0.019174 2.866800 0.015134 0.022335
    75 1.149521 0.416503 1.414108 -1.701746 0.225123 0.807917
    76 -0.259195 -0.126472 -0.187737 -0.320833 -0.178068 -0.144302
    77 1.263870 0.000000 0.000000 0.000000 0.000000 0.198808
    78 -0.023456 -0.272392 0.128637 -0.377946 -0.139541 -0.070537
    79 1.188940 0.000000 0.000000 0.006461 0.000252 0.052442
    80 -0.027065 -0.282838 0.274405 -0.453086 -0.085008 -0.010295
    81 -10.978735 -3.846533 -10.196803 -1.652065 -0.270936 -1.078460
    82 -10.722400 -0.506063 0.017998 0.014153 -0.011625 0.041372
    83 -2.398193 -13.709808 -7.373994 -0.158478 0.961078 0.019404
  time 87
    0 0.000000 0.000000 0.000000 3.137881 0.003712 -0.000007
    1 0.000000 2.132801 -0.341306 -1.570922 0.000072 0.235186
    2 5.482471 -19.413417 -12.407847 -1.048545 -0.423664 -2.561508
    3 0.237000 -0.019106 -0.353871 -0.031846 -0.060887 0.001610
    4 5.740851 0.000002 0.000000 0.000673 0.000000 -0.000012
    5 10.321901 0.003155 0.187182 -0.229226 0.027369 0.027690
    6 10.295601 0.000000 0.000000 2.519721 -0.790216 -0.363471
    7 0.252449 -0.450151 0.014884 2.961090 -0.113350 -0.085454
    8 3.323328 0.233761 1.479089 -0.379301 0.034026 0.752689
    9 0.331326 -0.384609 -0.028515 2.751210 -0.062475 0.301804
    10 0.963098 0.000000 0.000000 -0.066344 0.016252 0.637330
    11 0.219801 -0.039763 0.000647 2.771360 0.018767 0.255174
    12 0.682896 0.000002 0.000000 -0.067163 -0.013851 0.214918
    13 0.237805 0.264544 -0.007074 2.776430 0.037665 -0.015667
    14 3.632759 0.059072 0.757512 -0.207615 0.023015 0.537806
    15 0.466810 -0.831947 0.013376 2.881400 0.028647 0.343212
    16 1.500140 0.000000 -0.000003 -0.059984 0.036880 0.755028
    17 0.319986 -0.324402 -0.027586 2.877640 0.022726 0.214012
    18 0.905666 0.000000 0.000001 -0.074270 -0.014388 0.087630
    19 0.492504 -0.086171 -0.084238 2.879510 0.064298 0.261627
    20 3.799519 0.014969 -0.039935 -0.121957 -0.025527 0.331969
    21 0.217894 -0.825647 0.038806 3.038690 -0.013998 0.239370
    22 1.774879 -0.000002 0.000001 -0.010152 0.012155 0.846592
    23 -0.011930 -0.409492 0.022487 3.039220 -0.018455 0.224297
    24 1.008837 0.000001 -0.000001 -0.018804 0.000044 0.055596
    25 0.062305 -0.120462 0.017525 3.043570 -0.040149 0.014192
    26 3.773769 0.133240 -0.970558 -0.028970 0.118580 -0.137751
    27 0.276640 -0.495263 -0.109455 -3.042850 -0.074739 0.140309
    28 1.433455 -0.000001 0.000002 0.000000 0.000000 0.787753
    29 0.534334 -0.269066 0.018936 -3.047540 -0.084662 0.175451
    30 1.019160 0.000002 -0.000001 0.000000 0.000000 0.302171
    31 0.591927 -0.092812 0.111916 -3.044020 -0.081575 0.092229
    32 1.149530 0.416493 -1.414110 1.637313 0.502666 0.152269
    33 -0.152565 -0.022695 0.475140 0.134276 0.161355 -0.294699
    34 1.263880 0.000000 -0.000001 0.000000 0.000000 0.095331
    35 0.204777 -0.431778 0.089654 0.168587 0.067859 -0.050505
    36 1.188936 0.000000 0.000001 -0.009661 -0.002767 -0.227690
    37 -0.017635 -0.420529 -0.022252 0.227339 0.046996 0.081353
    38 5.482471 -19.413417 -12.407847 -2.854518 -0.423612 -2.561485
    39 -10.722298 -0.506103 -0.017994 1.584990 0.010515 0.041378
    40 -11.064675 -2.936349 -10.044455 -2.059542 -0.244120 -1.071042
    41 0.294731 -0.017813 0.157481 0.029130 0.054919 0.004544
    42 5.740848 0.000000 -0.000001 0.000092 0.000000 -0.000008
    43 10.281296 -0.016083 0.132702 0.000149 0.000000 0.000000
    44 10.295597 0.000001 0.000000 0.943730 0.141104 0.158634
    45 3.185547 1.209961 0.395020 1.726761 0.024382 1.531558
    46 0.000000 1.663440 1.993458 0.000000 0.000000 0.000000
    47 0.000000 0.079149 6.178666 -0.027841 0.000000 0.000000
    48 0.000002 3.466950 2.698286 3.141590 0.004362 3.141592
    49 0.032274 0.082292 -0.974221 0.000000 0.000000 0.000000
    50 0.283657 -0.262681 -0.016718 3.136930 0.073998 -0.078846
    51 3.323318 0.233760 -1.479091 0.471077 0.106876 1.379081
    52 0.422707 -0.406992 0.168743 -2.735260 0.184776 0.303777
    53 0.963103 0.000001 -0.000001 0.038624 -0.004207 0.700147
    54 0.441121 -0.147523 -0.014119 -2.793600 0.005348 0.279055
    55 0.682898 0.000000 0.000000 0.038155 -0.007330 0.781279
    56 0.382509 0.011353 0.014142 -2.816920 -0.081657 0.157045
    57 3.632760 0.059067 -0.757513 0.326256 0.151989 1.274562
    58 0.489260 -0.525216 0.053914 -3.074870 0.011878 0.210808
    59 1.500140 -0.000002 0.000000 0.027886 -0.039274 1.247669
    60 0.467742 -0.219619 0.031131 -3.081490 -0.013760 0.185349
    61 0.905654 0.000000 0.000000 -0.049220 -0.084570 0.688415
    62 0.503673 -0.044144 -0.005648 -3.101730 -0.045027 0.343288
    63 3.799520 0.014976 0.039936 0.327506 0.278809 1.147697
    64 0.352883 -0.530994 0.013656 3.048800 0.018771 0.168551
    65 1.774880 0.000001 0.000000 0.015548 -0.026855 1.207276
    66 0.123960 -0.267018 -0.045197 3.038230 0.016899 0.163207
    67 1.008841 0.000000 0.000000 0.007382 -0.033001 1.058830
    68 -0.091995 -0.117643 -0.068578 3.035060 0.049848 0.104967
    69 3.773758 0.133240 0.970555 0.009971 0.253127 0.024189
    70 0.266356 -0.315424 0.022796 2.894160 -0.011217 0.140937
    71 1.433460 -0.000001 0.000000 0.021781 -0.008209 0.379577
    72 0.232987 -0.175441 0.051954 2.850500 0.105025 0.006572
    73 1.019161 0.000000 0.000000 -0.061480 0.050146 0.902415
    74 0.199651 -0.182736 -0.019174 2.866800 0.015134 0.022335
    75 1.149521 0.416503 1.414108 -1.701746 0.225123 0.807917
    76 -0.259195 -0.126472 -0.187737 -0.320833 -0.178068 -0.144302
    77 1.263870 0.000000 0.000000 0.000000 0.000000 0.198808
    78 -0.023456 -0.272392 0.128637 -0.377946 -0.139541 -0.070537
    79 1.188940 0.000000 0.000000 0.006461 0.000252 0.052442
    80 -0.027065 -0.282838 0.274405 -0.453086 -0.085008 -0.010295
    81 -11.064675 -2.936349 -10.044455 -1.649691 -0.244163 -1.070960
    82 -10.722400 -0.506063 0.017998 0.014153 -0.011625 0.041372
    83 -2.425538 -12.924628 -7.842758 -0.272746 1.067546 -0.101646
  time 88
    0 0.000000 0.000000 0.000000 3.137881 0.003712 -0.000007
    1 0.000000 2.144520 -0.341306 -1.570922 0.000072 0.224495
    2 5.322309 -19.253256 -12.521132 -1.053114 -0.453669 -2.610309
    3 0.237000 -0.019106 -0.353871 -0.031846 -0.060887 0.001610
    4 5.740851 0.000002 0.000000 0.000673 0.000000 0.000000
    5 10.321901 0.003155 0.187182 -0.229226 0.027369 0.027690
    6 10.295601 0.000000 0.000000 2.565151 -0.843454 -0.446399
    7 0.252449 -0.450151 0.014884 2.961090 -0.113350 -0.085454
    8 3.323328 0.233761 1.479089 -0.392090 -0.024367 0.651469
    9 0.331326 -0.384609 -0.028515 2.751210 -0.062475 0.301804
    10 0.963098 0.000000 0.000000 -0.066739 0.014383 0.605961
    11 0.219801 -0.039763 0.000647 2.771360 0.018767 0.255174
    12 0.682896 0.000002 0.000000 -0.067306 -0.012905 0.230516
    13 0.237805 0.264544 -0.007074 2.776430 0.037665 -0.015667
    14 3.632759 0.059072 0.757512 -0.210995 -0.002093 0.422446
    15 0.466810 -0.831947 0.013376 2.881400 0.028647 0.343212
    16 1.500140 0.000000 -0.000003 -0.063711 0.030157 0.641861
    17 0.319986 -0.324402 -0.027586 2.877640 0.022726 0.214012
    18 0.905666 0.000000 0.000001 -0.074078 -0.015395 0.074397
    19 0.492504 -0.086171 -0.084238 2.879510 0.064298 0.261627
    20 3.799519 0.014969 -0.039935 -0.118434 -0.039705 0.213535
    21 0.217894 -0.825647 0.038806 3.038690 -0.013998 0.239370
    22 1.774879 -0.000002 0.000001 -0.012189 0.010286 0.679373
    23 -0.011930 -0.409492 0.022487 3.039220 -0.018455 0.224297
    24 1.008837 0.000001 -0.000001 -0.018816 -0.000124 0.046781
    25 0.062305 -0.120462 0.017525 3.043570 -0.040149 0.014192
    26 3.773769 0.133240 -0.970558 -0.033308 0.104402 -0.180764
    27 0.276640 -0.495263 -0.109455 -3.042850 -0.074739 0.140309
    28 1.433455 -0.000001 0.000002 0.000000 0.000000 0.721249
    29 0.534334 -0.269066 0.018936 -3.047540 -0.084662 0.175451
    30 1.019160 0.000002 -0.000001 0.000000 0.000000 0.269465
    31 0.591927 -0.092812 0.111916 -3.044020 -0.081575 0.092229
    32 1.149530 0.416493 -1.414110 1.637313 0.502666 0.152269
    33 -0.152565 -0.022695 0.475140 0.134276 0.161355 -0.294699
    34 1.263880 0.000000 -0.000001 0.000000 0.000000 0.095331
    35 0.204777 -0.431778 0.089654 0.168587 0.067859 -0.050505
    36 1.188936 0.000000 0.000001 -0.009661 -0.002767 -0.227690
    37 -0.017635 -0.420529 -0.022252 0.227339 0.046996 0.081353
    38 5.322309 -19.253256 -12.521132 -2.858958 -0.453755 -2.610285
    39 -10.722298 -0.506103 -0.017994 1.584990 0.010515 0.041378
    40 -11.123271 -2.201951 -9.864762 -2.035650 -0.217238 -1.062977
    41 0.294731 -0.017813 0.157481 0.029130 0.054919 0.004544
    42 5.740848 0.000000 -0.000001 0.000092 0.000000 -0.000008
    43 10.281296 -0.016083 0.132702 0.000149 0.000000 0.000000
    44 10.295597 0.000001 0.000000 0.813451 0.174523 0.120065
    45 3.185547 1.209961 0.395020 1.726761 0.024382 1.531558
    46 0.000000 1.663440 1.993458 0.000000 0.000000 0.000000
    47 0.000000 0.079149 6.178666 -0.027841 0.000000 0.000000
    48 0.000002 3.466950 2.698286 3.141590 0.004362 3.141592
    49 0.032274 0.082292 -0.974221 0.000000 0.000000 0.000000
    50 0.283657 -0.262681 -0.016718 3.136930 0.073998 -0.078846
    51 3.323318 0.233760 -1.479091 0.471077 0.106876 1.379081
    52 0.422707 -0.406992 0.168743 -2.735260 0.184776 0.303777
    53 0.963103 0.000001 -0.000001 0.038624 -0.004207 0.700147
    54 0.441121 -0.147523 -0.014119 -2.793600 0.005348 0.279055
    55 0.682898 0.000000 0.000000 0.038155 -0.007330 0.781279
    56 0.382509 0.011353 0.014142 -2.816920 -0.081657 0.157045
    57 3.632760 0.059067 -0.757513 0.326256 0.151989 1.274562
    58 0.489260 -0.525216 0.053914 -3.074870 0.011878 0.210808
    59 1.500140 -0.000002 0.000000 0.027886 -0.039274 1.247669
    60 0.467742 -0.219619 0.031131 -3.081490 -0.013760 0.185349
    61 0.905654 0.000000 0.000000 -0.049220 -0.084570 0.688415
    62 0.503673 -0.044144 -0.005648 -3.101730 -0.045027 0.343288
    63 3.799520 0.014976 0.039936 0.327506 0.278809 1.147697
    64 0.352883 -0.530994 0.013656 3.048800 0.018771 0.168551
    65 1.774880 0.000001 0.000000 0.015548 -0.026855 1.207276
    66 0.123960 -0.267018 -0.045197 3.038230 0.016899 0.163207
    67 1.008841 0.000000 0.000000 0.007382 -0.033001 1.058862
    68 -0.091995 -0.117643 -0.068578 3.035060 0.049848 0.104967
    69 3.773758 0.133240 0.970555 0.009971 0.253127 0.024189
    70 0.266356 -0.315424 0.022796 2.894160 -0.011217 0.140937
    71 1.433460 -0.000001 0.000000 0.021781 -0.008209 0.379577
    72 0.232987 -0.175441 0.051954 2.850500 0.105025 0.006572
    73 1.019161 0.000000 0.000000 -0.061480 0.050146 0.902415
    74 0.199651 -0.182736 -0.019174 2.866800 0.015134 0.022335
    75 1.149521 0.416503 1.414108 -1.701758 0.225123 0.807917
    76 -0.259195 -0.126472 -0.187737 -0.320833 -0.178068 -0.144302
    77 1.263870 0.000000 0.000000 0.000000 0.000000 0.198808
    78 -0.023456 -0.272392 0.128637 -0.377946 -0.139541 -0.070537
    79 1.188940 0.000000 0.000000 0.006461 0.000252 0.052442
    80 -0.027065 -0.282838 0.274405 -0.453086 -0.085008 -0.010295
    81 -11.123271 -2.201951 -9.864762 -1.643650 -0.217225 -1.062947
    82 -10.722400 -0.506063 0.017998 0.014153 -0.011625 0.041372
    83 -2.452883 -12.307422 -8.221676 -0.412917 1.151137 -0.248989
  time 89
    0 0.000000 0.000000 0.000000 3.137881 0.003712 -0.000007
    1 0.000000 2.164052 -0.349119 -1.570922 0.000072 0.214141
    2 5.189493 -19.163410 -12.587540 -1.055212 -0.477420 -2.644926
    3 0.237000 -0.019106 -0.353871 -0.031846 -0.060887 0.001610
    4 5.740851 0.000002 0.000000 0.000673 0.000000 -0.000012
    5 10.321901 0.003155 0.187182 -0.229226 0.027369 0.027690
    6 10.295601 0.000000 0.000000 2.602518 -0.880099 -0.517769
    7 0.252449 -0.450151 0.014884 2.961090 -0.113350 -0.085454
    8 3.323328 0.233761 1.479089 -0.403531 -0.077253 0.559184
    9 0.331326 -0.384609 -0.028515 2.751210 -0.062475 0.301804
    10 0.963098 0.000000 0.000000 -0.067183 0.012429 0.575308
    11 0.219801 -0.039763 0.000647 2.771360 0.018767 0.255174
    12 0.682896 0.000002 0.000000 -0.067534 -0.011946 0.245751
    13 0.237805 0.264544 -0.007074 2.776430 0.037665 -0.015667
    14 3.632759 0.059072 0.757512 -0.213895 -0.024804 0.320079
    15 0.466810 -0.831947 0.013376 2.881400 0.028647 0.343212
    16 1.500140 0.000000 -0.000003 -0.067402 0.023650 0.541470
    17 0.319986 -0.324402 -0.027586 2.877640 0.022726 0.214012
    18 0.905666 0.000000 0.000001 -0.073862 -0.016377 0.061417
    19 0.492504 -0.086171 -0.084238 2.879510 0.064298 0.261627
    20 3.799519 0.014969 -0.039935 -0.114862 -0.053559 0.106595
    21 0.217894 -0.825647 0.038806 3.038690 -0.013998 0.239370
    22 1.774879 -0.000002 0.000001 -0.014154 0.008356 0.527107
    23 -0.011930 -0.409492 0.022487 3.039220 -0.018455 0.224297
    24 1.008837 0.000001 -0.000001 -0.018816 -0.000328 0.038214
    25 0.062305 -0.120462 0.017525 3.043570 -0.040149 0.014192
    26 3.773769 0.133240 -0.970558 -0.037335 0.091506 -0.219977
    27 0.276640 -0.495263 -0.109455 -3.042850 -0.074739 0.140309
    28 1.433455 -0.000001 0.000002 0.000000 0.000000 0.660771
    29 0.534334 -0.269066 0.018936 -3.047540 -0.084662 0.175451
    30 1.019160 0.000002 -0.000001 0.000000 0.000000 0.239647
    31 0.591927 -0.092812 0.111916 -3.044020 -0.081575 0.092229
    32 1.149530 0.416493 -1.414110 1.637313 0.502666 0.152269
    33 -0.152565 -0.022695 0.475140 0.134276 0.161355 -0.294699
    34 1.263880 0.000000 -0.000001 0.000000 0.000000 0.095331
    35 0.204777 -0.431778 0.089654 0.168587 0.067859 -0.050505
    36 1.188936 0.000000 0.000001 -0.009661 -0.002767 -0.227690
    37 -0.017635 -0.420529 -0.022252 0.227339 0.046996 0.081353
    38 5.189493 -19.163410 -12.587540 -2.861155 -0.477494 -2.644963
    39 -10.722298 -0.506103 -0.017994 1.584990 0.010515 0.041378
    40 -11.162334 -1.713655 -9.716320 -2.015673 -0.196989 -1.053731
    41 0.294731 -0.017813 0.157481 0.029130 0.054919 0.004544
    42 5.740848 0.000000 -0.000001 0.000092 0.000000 -0.000008
    43 10.281296 -0.016083 0.132702 0.000149 0.000000 0.000000
    44 10.295597 0.000001 0.000000 0.707202 0.201336 0.090946
    45 3.185547 1.209961 0.395020 1.726761 0.024382 1.531558
    46 0.000000 1.663440 1.993458 0.000000 0.000000 0.000000
    47 0.000000 0.079149 6.178666 -0.027841 0.000000 0.000000
    48 0.000002 3.466950 2.698286 3.141590 0.004362 3.141592
    49 0.032274 0.082292 -0.974221 0.000000 0.000000 0.000000
    50 0.283657 -0.262681 -0.016718 3.136930 0.073998 -0.078846
    51 3.323318 0.233760 -1.479091 0.471077 0.106876 1.379081
    52 0.422707 -0.406992 0.168743 -2.735260 0.184776 0.303777
    53 0.963103 0.000001 -0.000001 0.038624 -0.004207 0.700147
    54 0.441121 -0.147523 -0.014119 -2.793600 0.005348 0.279055
    55 0.682898 0.000000 0.000000 0.038155 -0.007330 0.781279
    56 0.382509 0.011353 0.014142 -2.816920 -0.081657 0.157045
    57 3.632760 0.059067 -0.757513 0.326256 0.151989 1.274562
    58 0.489260 -0.525216 0.053914 -3.074870 0.011878 0.210808
    59 1.500140 -0.000002 0.000000 0.027886 -0.039274 1.247669
    60 0.467742 -0.219619 0.031131 -3.081490 -0.013760 0.185349
    61 0.905654 0.000000 0.000000 -0.049220 -0.084570 0.688415
    62 0.503673 -0.044144 -0.005648 -3.101730 -0.045027 0.343288
    63 3.799520 0.014976 0.039936 0.327506 0.278809 1.147697
    64 0.352883 -0.530994 0.013656 3.048800 0.018771 0.168551
    65 1.774880 0.000001 0.000000 0.015548 -0.026855 1.207276
    66 0.123960 -0.267018 -0.045197 3.038230 0.016899 0.163207
    67 1.008841 0.000000 0.000000 0.007382 -0.033013 1.058830
    68 -0.091995 -0.117643 -0.068578 3.035060 0.049848 0.104967
    69 3.773758 0.133240 0.970555 0.009971 0.253127 0.024189
    70 0.266356 -0.315424 0.022796 2.894160 -0.011217 0.140937
    71 1.433460 -0.000001 0.000000 0.021781 -0.008209 0.379577
    72 0.232987 -0.175441 0.051954 2.850500 0.105025 0.006572
    73 1.019161 0.000000 0.000000 -0.061480 0.050146 0.902415
    74 0.199651 -0.182736 -0.019174 2.866800 0.015134 0.022335
    75 1.149521 0.416503 1.414108 -1.701758 0.225123 0.807917
    76 -0.259195 -0.126472 -0.187737 -0.320833 -0.178068 -0.144302
    77 1.263870 0.000000 0.000000 0.000000 0.000000 0.198808
    78 -0.023456 -0.272392 0.128637 -0.377946 -0.139541 -0.070537
    79 1.188940 0.000000 0.000000 0.006461 0.000252 0.052442
    80 -0.027065 -0.282838 0.274405 -0.453086 -0.085008 -0.010295
    81 -11.162334 -1.713655 -9.716320 -1.636139 -0.196939 -1.053855
    82 -10.722400 -0.506063 0.017998 0.014153 -0.011625 0.041372
    83 -2.468508 -11.905066 -8.514654 -0.566283 1.210268 -0.409351
  time 90
    0 0.000000 0.000000 0.000000 3.137881 0.003712 -0.000007
    1 0.000000 2.175771 -0.349119 -1.570922 0.000072 0.203834
    2 5.107459 -19.151691 -12.599259 -1.054279 -0.491700 -2.660852
    3 0.237000 -0.019106 -0.353871 -0.031846 -0.060887 0.001610
    4 5.740851 0.000002 0.000000 0.000673 0.000000 0.000000
    5 10.321901 0.003155 0.187182 -0.229226 0.027369 0.027690
    6 10.295601 0.000000 0.000000 2.618029 -0.903397 -0.566278
    7 0.252449 -0.450151 0.014884 2.961090 -0.113350 -0.085454
    8 3.323328 0.233761 1.479089 -0.412804 -0.120278 0.483102
    9 0.331326 -0.384609 -0.028515 2.751210 -0.062475 0.301804
    10 0.963098 0.000000 0.000000 -0.067638 0.010500 0.547781
    11 0.219801 -0.039763 0.000647 2.771360 0.018767 0.255174
    12 0.682896 0.000002 0.000000 -0.067702 -0.011023 0.259532
    13 0.237805 0.264544 -0.007074 2.776430 0.037665 -0.015667
    14 3.632759 0.059072 0.757512 -0.216328 -0.043392 0.239699
    15 0.466810 -0.831947 0.013376 2.881400 0.028647 0.343212
    16 1.500140 0.000000 -0.000003 -0.070830 0.017501 0.462762
    17 0.319986 -0.324402 -0.027586 2.877640 0.022726 0.214012
    18 0.905666 0.000000 0.000001 -0.073670 -0.017252 0.049350
    19 0.492504 -0.086171 -0.084238 2.879510 0.064298 0.261627
    20 3.799519 0.014969 -0.039935 -0.111530 -0.066430 0.019629
    21 0.217894 -0.825647 0.038806 3.038690 -0.013998 0.239370
    22 1.774879 -0.000002 0.000001 -0.015976 0.006618 0.401675
    23 -0.011930 -0.409492 0.022487 3.039220 -0.018455 0.224297
    24 1.008837 0.000001 -0.000001 -0.018828 -0.000472 0.030301
    25 0.062305 -0.120462 0.017525 3.043570 -0.040149 0.014192
    26 3.773769 0.133240 -0.970558 -0.040643 0.080876 -0.252216
    27 0.276640 -0.495263 -0.109455 -3.042850 -0.074739 0.140309
    28 1.433455 -0.000001 0.000002 0.000000 0.000000 0.610946
    29 0.534334 -0.269066 0.018936 -3.047540 -0.084662 0.175451
    30 1.019160 0.000002 -0.000001 0.000000 0.000000 0.215079
    31 0.591927 -0.092812 0.111916 -3.044020 -0.081575 0.092229
    32 1.149530 0.416493 -1.414110 1.637320 0.502658 0.152274
    33 -0.152565 -0.022695 0.475140 0.134276 0.161355 -0.294699
    34 1.263880 0.000000 -0.000001 0.000000 0.000000 0.095331
    35 0.204777 -0.431778 0.089654 0.168587 0.067859 -0.050505
    36 1.188936 0.000000 0.000001 -0.009661 -0.002767 -0.227690
    37 -0.017635 -0.420529 -0.022252 0.227339 0.046996 0.081353
    38 5.107459 -19.151691 -12.599259 -2.860236 -0.491751 -2.660829
    39 -10.722298 -0.506103 -0.017994 1.584990 0.010515 0.041378
    40 -11.158428 -1.533962 -9.665537 -2.003026 -0.190245 -1.043971
    41 0.294731 -0.017813 0.157481 0.029130 0.054919 0.004544
    42 5.740848 0.000000 -0.000001 0.000092 0.000000 -0.000008
    43 10.281296 -0.016083 0.132702 0.000149 0.000000 0.000000
    44 10.295597 0.000001 0.000000 0.632494 0.218664 0.079766
    45 3.183594 1.208008 0.395508 1.726758 0.024383 1.531556
    46 0.000000 1.663440 1.993458 0.000000 0.000000 0.000000
    47 0.000000 0.079149 6.178666 -0.027841 0.000000 0.000000
    48 0.000002 3.466950 2.698286 3.141590 0.003380 3.141580
    49 0.032274 0.082292 -0.974221 0.000000 0.000000 0.000000
    50 0.283657 -0.262681 -0.016718 3.136930 0.073998 -0.078846
    51 3.323318 0.233760 -1.479091 0.471091 0.106875 1.379072
    52 0.422707 -0.406992 0.168743 -2.735260 0.184776 0.303777
    53 0.963103 0.000001 -0.000001 0.038612 -0.004207 0.700147
    54 0.441121 -0.147523 -0.014119 -2.793600 0.005348 0.279055
    55 0.682898 0.000000 0.000000 0.038155 -0.007330 0.781276
    56 0.382509 0.011353 0.014142 -2.816920 -0.081657 0.157045
    57 3.632760 0.059067 -0.757513 0.326256 0.151989 1.274562
    58 0.489260 -0.525216 0.053914 -3.074870 0.011878 0.210808
    59 1.500140 -0.000002 0.000000 0.027886 -0.039271 1.247669
    60 0.467742 -0.219619 0.031131 -3.081490 -0.013760 0.185349
    61 0.905654 0.000000 0.000000 -0.049220 -0.084558 0.688378
    62 0.503673 -0.044144 -0.005648 -3.101730 -0.045027 0.343288
    63 3.799520 0.014976 0.039936 0.327494 0.278797 1.147669
    64 0.352883 -0.530994 0.013656 3.048800 0.018771 0.168551
    65 1.774880 0.000001 0.000000 0.015548 -0.026855 1.207276
    66 0.123960 -0.267018 -0.045197 3.038230 0.016899 0.163207
    67 1.008841 0.000000 0.000000 0.007382 -0.033013 1.058798
    68 -0.091995 -0.117643 -0.068578 3.035060 0.049848 0.104967
    69 3.773758 0.133240 0.970555 0.009971 0.253127 0.024189
    70 0.266356 -0.315424 0.022796 2.894160 -0.011217 0.140937
    71 1.433460 -0.000001 0.000000 0.021781 -0.008209 0.379577
    72 0.232987 -0.175441 0.051954 2.850500 0.105025 0.006572
    73 1.019161 0.000000 0.000000 -0.061468 0.050146 0.902415
    74 0.199651 -0.182736 -0.019174 2.866800 0.015134 0.022335
    75 1.149521 0.416503 1.414108 -1.701746 0.225080 0.807883
    76 -0.259195 -0.126472 -0.187737 -0.320833 -0.178068 -0.144302
    77 1.263870 0.000000 0.000000 0.000000 0.000000 0.198808
    78 -0.023456 -0.272392 0.128637 -0.377946 -0.139541 -0.070537
    79 1.188940 0.000000 0.000000 0.006461 0.000252 0.052438
    80 -0.027065 -0.282838 0.274405 -0.453086 -0.085008 -0.010295
    81 -11.158428 -1.533962 -9.665537 -1.629582 -0.190287 -1.044044
    82 -10.722400 -0.506063 0.017998 0.014153 -0.011625 0.041372
    83 -2.441163 -11.760530 -8.694347 -0.702884 1.246681 -0.551931
  time 91
    0 0.000000 0.000000 0.000000 3.137881 0.003712 -0.000007
    1 0.000000 2.195303 -0.349119 -1.570922 0.000072 0.193719
    2 5.084021 -19.186848 -12.575821 -1.051412 -0.498352 -2.663496
    3 0.237000 -0.019106 -0.353871 -0.031846 -0.060887 0.001610
    4 5.740851 0.000002 0.000000 0.000673 0.000000 0.000000
    5 10.321901 0.003155 0.187182 -0.229226 0.027369 0.027690
    6 10.295601 0.000000 0.000000 2.615938 -0.916282 -0.589836
    7 0.252449 -0.450151 0.014884 2.961090 -0.113350 -0.085454
    8 3.323328 0.233761 1.479089 -0.418664 -0.145507 0.436375
    9 0.331326 -0.384609 -0.028515 2.751210 -0.062475 0.301804
    10 0.963098 0.000000 0.000000 -0.067914 0.008822 0.526957
    11 0.219801 -0.039763 0.000647 2.771360 0.018767 0.255174
    12 0.682896 0.000002 0.000000 -0.067894 -0.010136 0.269847
    13 0.237805 0.264544 -0.007074 2.776430 0.037665 -0.015667
    14 3.632759 0.059072 0.757512 -0.217874 -0.054370 0.197819
    15 0.466810 -0.831947 0.013376 2.881400 0.028647 0.343212
    16 1.500140 0.000000 -0.000003 -0.073598 0.012648 0.421612
    17 0.319986 -0.324402 -0.027586 2.877640 0.022726 0.214012
    18 0.905666 0.000000 0.000001 -0.073527 -0.018007 0.039539
    19 0.492504 -0.086171 -0.084238 2.879510 0.064298 0.261627
    20 3.799519 0.014969 -0.039935 -0.108894 -0.076965 -0.031416
    21 0.217894 -0.825647 0.038806 3.038690 -0.013998 0.239370
    22 1.774879 -0.000002 0.000001 -0.017522 0.005192 0.324739
    23 -0.011930 -0.409492 0.022487 3.039220 -0.018455 0.224297
    24 1.008837 0.000001 -0.000001 -0.018828 -0.000616 0.023853
    25 0.062305 -0.120462 0.017525 3.043570 -0.040149 0.014192
    26 3.773769 0.133240 -0.970558 -0.042560 0.074320 -0.272074
    27 0.276640 -0.495263 -0.109455 -3.042850 -0.074739 0.140309
    28 1.433455 -0.000001 0.000002 0.000000 0.000000 0.580265
    29 0.534334 -0.269066 0.018936 -3.047540 -0.084662 0.175451
    30 1.019160 0.000002 -0.000001 0.000000 0.000000 0.199966
    31 0.591927 -0.092812 0.111916 -3.044020 -0.081575 0.092229
    32 1.149530 0.416493 -1.414110 1.637320 0.502658 0.152274
    33 -0.152565 -0.022695 0.475140 0.134276 0.161355 -0.294699
    34 1.263880 0.000000 -0.000001 0.000000 0.000000 0.095331
    35 0.204777 -0.431778 0.089654 0.168587 0.067859 -0.050505
    36 1.188936 0.000000 0.000001 -0.009661 -0.002767 -0.227690
    37 -0.017635 -0.420529 -0.022252 0.227339 0.046996 0.081353
    38 5.084021 -19.186848 -12.575821 -2.857343 -0.498337 -2.663533
    39 -10.722298 -0.506103 -0.017994 1.584990 0.010515 0.041378
    40 -11.142803 -1.537869 -9.677256 -1.996498 -0.193461 -1.035393
    41 0.294731 -0.017813 0.157481 0.029130 0.054919 0.004544
    42 5.740848 0.000000 -0.000001 0.000092 0.000000 -0.000008
    43 10.281296 -0.016083 0.132702 0.000149 0.000000 0.000000
    44 10.295597 0.000001 0.000000 0.589665 0.228361 0.081704
    45 3.183594 1.208008 0.395508 1.726758 0.024383 1.531556
    46 0.000000 1.663440 1.993458 0.000000 0.000000 0.000000
    47 0.000000 0.079149 6.178666 -0.027841 0.000000 0.000000
    48 0.000002 3.466950 2.698286 3.141590 0.003380 3.141580
    49 0.032274 0.082292 -0.974221 0.000000 0.000000 0.000000
    50 0.283657 -0.262681 -0.016718 3.136930 0.073998 -0.078846
    51 3.323318 0.233760 -1.479091 0.471091 0.106875 1.379072
    52 0.422707 -0.406992 0.168743 -2.735260 0.184776 0.303777
    53 0.963103 0.000001 -0.000001 0.038612 -0.004207 0.700147
    54 0.441121 -0.147523 -0.014119 -2.793600 0.005348 0.279055
    55 0.682898 0.000000 0.000000 0.038155 -0.007330 0.781276
    56 0.382509 0.011353 0.014142 -2.816920 -0.081657 0.157045
    57 3.632760 0.059067 -0.757513 0.326256 0.151989 1.274562
    58 0.489260 -0.525216 0.053914 -3.074870 0.011878 0.210808
    59 1.500140 -0.000002 0.000000 0.027886 -0.039271 1.247669
    60 0.467742 -0.219619 0.031131 -3.081490 -0.013760 0.185349
    61 0.905654 0.000000 0.000000 -0.049220 -0.084558 0.688378
    62 0.503673 -0.044144 -0.005648 -3.101730 -0.045027 0.343288
    63 3.799520 0.014976 0.039936 0.327494 0.278797 1.147669
    64 0.352883 -0.530994 0.013656 3.048800 0.018771 0.168551
    65 1.774880 0.000001 0.000000 0.015548 -0.026855 1.207276
    66 0.123960 -0.267018 -0.045197 3.038230 0.016899 0.163207
    67 1.008841 0.000000 0.000000 0.007382 -0.033013 1.058798
    68 -0.091995 -0.117643 -0.068578 3.035060 0.049848 0.104967
    69 3.773758 0.133240 0.970555 0.009971 0.253127 0.024189
    70 0.266356 -0.315424 0.022796 2.894160 -0.011217 0.140937
    71 1.433460 -0.000001 0.000000 0.021781 -0.008209 0.379577
    72 0.232987 -0.175441 0.051954 2.850500 0.105025 0.006572
    73 1.019161 0.000000 0.000000 -0.061468 0.050146 0.902392
    74 0.199651 -0.182736 -0.019174 2.866800 0.015134 0.022335
    75 1.149521 0.416503 1.414108 -1.701758 0.225080 0.807883
    76 -0.259195 -0.126472 -0.187737 -0.320833 -0.178068 -0.144302
    77 1.263870 0.000000 0.000000 0.000000 0.000000 0.198808
    78 -0.023456 -0.272392 0.128637 -0.377946 -0.139541 -0.070537
    79 1.188940 0.000000 0.000000 0.006461 0.000252 0.052438
    80 -0.027065 -0.282838 0.274405 -0.453086 -0.085008 -0.010295
    81 -11.142803 -1.537869 -9.677256 -1.624884 -0.193521 -1.035363
    82 -10.722400 -0.506063 0.017998 0.014153 -0.011625 0.041372
    83 -2.398193 -11.760530 -8.768568 -0.793904 1.265125 -0.646878
  time 92
    0 0.000000 0.000000 0.000000 3.137881 0.003712 -0.000007
    1 0.000000 2.210929 -0.356932 -1.570922 0.000072 0.183796
    2 5.084021 -19.206380 -12.568008 -1.048988 -0.503630 -2.665179
    3 0.237000 -0.019106 -0.353871 -0.031846 -0.060887 0.001610
    4 5.740851 0.000002 0.000000 0.000673 0.000000 -0.000012
    5 10.321901 0.003155 0.187182 -0.229226 0.027369 0.027690
    6 10.295601 0.000000 0.000000 2.613531 -0.922894 -0.601595
    7 0.252449 -0.450151 0.014884 2.961090 -0.113350 -0.085454
    8 3.323328 0.233761 1.479089 -0.421154 -0.154362 0.416906
    9 0.331326 -0.384609 -0.028515 2.751210 -0.062475 0.301804
    10 0.963098 0.000000 0.000000 -0.068201 0.007384 0.514134
    11 0.219801 -0.039763 0.000647 2.771360 0.018767 0.255174
    12 0.682896 0.000002 0.000000 -0.068026 -0.009441 0.276192
    13 0.237805 0.264544 -0.007074 2.776430 0.037665 -0.015667
    14 3.632759 0.059072 0.757512 -0.218509 -0.058396 0.189301
    15 0.466810 -0.831947 0.013376 2.881400 0.028647 0.343212
    16 1.500140 0.000000 -0.000003 -0.075720 0.008908 0.413219
    17 0.319986 -0.324402 -0.027586 2.877640 0.022726 0.214012
    18 0.905666 0.000000 0.000001 -0.073467 -0.018499 0.032162
    19 0.492504 -0.086171 -0.084238 2.879510 0.064298 0.261627
    20 3.799519 0.014969 -0.039935 -0.106952 -0.084767 -0.049376
    21 0.217894 -0.825647 0.038806 3.038690 -0.013998 0.239370
    22 1.774879 -0.000002 0.000001 -0.018613 0.004114 0.292873
    23 -0.011930 -0.409492 0.022487 3.039220 -0.018455 0.224297
    24 1.008837 0.000001 -0.000001 -0.018804 -0.000663 0.019028
    25 0.062305 -0.120462 0.017525 3.043570 -0.040149 0.014192
    26 3.773769 0.133240 -0.970558 -0.043435 0.071540 -0.280391
    27 0.276640 -0.495263 -0.109455 -3.042850 -0.074739 0.140309
    28 1.433455 -0.000001 0.000002 0.000000 0.000000 0.567346
    29 0.534334 -0.269066 0.018936 -3.047540 -0.084662 0.175451
    30 1.019160 0.000002 -0.000001 0.000000 0.000000 0.193614
    31 0.591927 -0.092812 0.111916 -3.044020 -0.081575 0.092229
    32 1.149530 0.416493 -1.414110 1.637320 0.502658 0.152274
    33 -0.152565 -0.022695 0.475140 0.134276 0.161355 -0.294699
    34 1.263880 0.000000 -0.000001 0.000000 0.000000 0.095331
    35 0.204777 -0.431778 0.089654 0.168587 0.067859 -0.050505
    36 1.188936 0.000000 0.000001 -0.009661 -0.002767 -0.227690
    37 -0.017635 -0.420529 -0.022252 0.227339 0.046996 0.081353
    38 5.084021 -19.206380 -12.568008 -2.854899 -0.503548 -2.665216
    39 -10.722298 -0.506103 -0.017994 1.584990 0.010515 0.041378
    40 -11.111552 -1.561307 -9.708507 -1.990736 -0.195776 -1.028099
    41 0.294731 -0.017813 0.157481 0.029130 0.054919 0.004544
    42 5.740848 0.000000 -0.000001 0.000092 0.000000 -0.000008
    43 10.281296 -0.016083 0.132702 0.000149 0.000000 0.000000
    44 10.295597 0.000001 0.000000 0.562340 0.236716 0.082777
    45 3.183594 1.208008 0.395508 1.726758 0.024383 1.531556
    46 0.000000 1.663440 1.993458 0.000000 0.000000 0.000000
    47 0.000000 0.079149 6.178666 -0.027841 0.000000 0.000000
    48 0.000002 3.466950 2.698286 3.141590 0.003380 3.141580
    49 0.032274 0.082292 -0.974221 0.000000 0.000000 0.000000
    50 0.283657 -0.262681 -0.016718 3.136930 0.073998 -0.078846
    51 3.323318 0.233760 -1.479091 0.471091 0.106875 1.379072
    52 0.422707 -0.406992 0.168743 -2.735260 0.184776 0.303777
    53 0.963103 0.000001 -0.000001 0.038612 -0.004207 0.700147
    54 0.441121 -0.147523 -0.014119 -2.793600 0.005348 0.279055
    55 0.682898 0.000000 0.000000 0.038155 -0.007330 0.781276
    56 0.382509 0.011353 0.014142 -2.816920 -0.081657 0.157045
    57 3.632760 0.059067 -0.757513 0.326256 0.151989 1.274562
    58 0.489260 -0.525216 0.053914 -3.074870 0.011878 0.210808
    59 1.500140 -0.000002 0.000000 0.027886 -0.039271 1.247669
    60 0.467742 -0.219619 0.031131 -3.081490 -0.013760 0.185349
    61 0.905654 0.000000 0.000000 -0.049220 -0.084558 0.688378
    62 0.503673 -0.044144 -0.005648 -3.101730 -0.045027 0.343288
    63 3.799520 0.014976 0.039936 0.327494 0.278797 1.147669
    64 0.352883 -0.530994 0.013656 3.048800 0.018771 0.168551
    65 1.774880 0.000001 0.000000 0.015548 -0.026855 1.207276
    66 0.123960 -0.267018 -0.045197 3.038230 0.016899 0.163207
    67 1.008841 0.000000 0.000000 0.007382 -0.033013 1.058798
    68 -0.091995 -0.117643 -0.068578 3.035060 0.049848 0.104967
    69 3.773758 0.133240 0.970555 0.009971 0.253127 0.024189
    70 0.266356 -0.315424 0.022796 2.894160 -0.011217 0.140937
    71 1.433460 -0.000001 0.000000 0.021781 -0.008209 0.379577
    72 0.232987 -0.175441 0.051954 2.850500 0.105025 0.006572
    73 1.019161 0.000000 0.000000 -0.061468 0.050146 0.902415
    74 0.199651 -0.182736 -0.019174 2.866800 0.015134 0.022335
    75 1.149521 0.416503 1.414108 -1.701758 0.225080 0.807883
    76 -0.259195 -0.126472 -0.187737 -0.320833 -0.178068 -0.144302
    77 1.263870 0.000000 0.000000 0.000000 0.000000 0.198808
    78 -0.023456 -0.272392 0.128637 -0.377946 -0.139541 -0.070537
    79 1.188940 0.000000 0.000000 0.006461 0.000252 0.052438
    80 -0.027065 -0.282838 0.274405 -0.453086 -0.085008 -0.010295
    81 -11.111552 -1.561307 -9.708507 -1.620445 -0.195726 -1.028069
    82 -10.722400 -0.506063 0.017998 0.014153 -0.011625 0.041372
    83 -2.331785 -11.768343 -8.819350 -0.852737 1.273555 -0.708419
  time 93
    0 0.000000 0.000000 0.000000 3.137881 0.003712 -0.000007
    1 0.000000 2.226554 -0.360838 -1.570922 0.000072 0.174016
    2 5.107459 -19.202473 -12.568008 -1.046960 -0.507209 -2.665900
    3 0.237000 -0.019106 -0.353871 -0.031846 -0.060887 0.001610
    4 5.740851 0.000002 0.000000 0.000673 0.000000 -0.000012
    5 10.321901 0.003155 0.187182 -0.229226 0.027369 0.027690
    6 10.295601 0.000000 0.000000 2.610693 -0.923759 -0.602850
    7 0.252449 -0.450151 0.014884 2.961090 -0.113350 -0.085454
    8 3.323328 0.233761 1.479089 -0.422004 -0.155748 0.410222
    9 0.331326 -0.384609 -0.028515 2.751210 -0.062475 0.301804
    10 0.963098 0.000000 0.000000 -0.068477 0.006317 0.509339
    11 0.219801 -0.039763 0.000647 2.771360 0.018767 0.255174
    12 0.682896 0.000002 0.000000 -0.068073 -0.008926 0.278540
    13 0.237805 0.264544 -0.007074 2.776430 0.037665 -0.015667
    14 3.632759 0.059072 0.757512 -0.218749 -0.059511 0.188373
    15 0.466810 -0.831947 0.013376 2.881400 0.028647 0.343212
    16 1.500140 0.000000 -0.000003 -0.076846 0.006859 0.412567
    17 0.319986 -0.324402 -0.027586 2.877640 0.022726 0.214012
    18 0.905666 0.000000 0.000001 -0.073359 -0.018858 0.028055
    19 0.492504 -0.086171 -0.084238 2.879510 0.064298 0.261627
    20 3.799519 0.014969 -0.039935 -0.105886 -0.089201 -0.052933
    21 0.217894 -0.825647 0.038806 3.038690 -0.013998 0.239370
    22 1.774879 -0.000002 0.000001 -0.019272 0.003514 0.281953
    23 -0.011930 -0.409492 0.022487 3.039220 -0.018455 0.224297
    24 1.008837 0.000001 -0.000001 -0.018804 -0.000747 0.016323
    25 0.062305 -0.120462 0.017525 3.043570 -0.040149 0.014192
    26 3.773769 0.133240 -0.970558 -0.043795 0.070509 -0.283603
    27 0.276640 -0.495263 -0.109455 -3.042850 -0.074739 0.140309
    28 1.433455 -0.000001 0.000002 0.000000 0.000000 0.562432
    29 0.534334 -0.269066 0.018936 -3.047540 -0.084662 0.175451
    30 1.019160 0.000002 -0.000001 0.000000 0.000000 0.191194
    31 0.591927 -0.092812 0.111916 -3.044020 -0.081575 0.092229
    32 1.149530 0.416493 -1.414110 1.637332 0.502658 0.152274
    33 -0.152565 -0.022695 0.475140 0.134276 0.161355 -0.294699
    34 1.263880 0.000000 -0.000001 0.000000 0.000000 0.095331
    35 0.204777 -0.431778 0.089654 0.168587 0.067859 -0.050505
    36 1.188936 0.000000 0.000001 -0.009661 -0.002767 -0.227690
    37 -0.017635 -0.420529 -0.022252 0.227339 0.046996 0.081353
    38 5.107459 -19.202473 -12.568008 -2.852881 -0.507167 -2.665937
    39 -10.722298 -0.506103 -0.017994 1.584990 0.010515 0.041378
    40 -11.084207 -1.580839 -9.728039 -1.985916 -0.197136 -1.022397
    41 0.294731 -0.017813 0.157481 0.029130 0.054919 0.004544
    42 5.740848 0.000000 -0.000001 0.000092 0.000000 -0.000008
    43 10.281296 -0.016083 0.132702 0.000149 0.000000 0.000000
    44 10.295597 0.000001 0.000000 0.549598 0.243570 0.083267
    45 3.183594 1.208008 0.395508 1.726758 0.024383 1.531556
    46 0.000000 1.663440 1.993458 0.000000 0.000000 0.000000
    47 0.000000 0.079149 6.178666 -0.027841 0.000000 0.000000
    48 0.000002 3.466950 2.698286 3.141590 0.003380 3.141580
    49 0.032274 0.082292 -0.974221 0.000000 0.000000 0.000000
    50 0.283657 -0.262681 -0.016718 3.136930 0.073998 -0.078846
    51 3.323318 0.233760 -1.479091 0.471091 0.106875 1.379072
    52 0.422707 -0.406992 0.168743 -2.735260 0.184776 0.303777
    53 0.963103 0.000001 -0.000001 0.038612 -0.004207 0.700147
    54 0.441121 -0.147523 -0.014119 -2.793600 0.005348 0.279055
    55 0.682898 0.000000 0.000000 0.038155 -0.007330 0.781276
    56 0.382509 0.011353 0.014142 -2.816920 -0.081657 0.157045
    57 3.632760 0.059067 -0.757513 0.326256 0.151989 1.274562
    58 0.489260 -0.525216 0.053914 -3.074870 0.011878 0.210808
    59 1.500140 -0.000002 0.000000 0.027886 -0.039271 1.247669
    60 0.467742 -0.219619 0.031131 -3.081490 -0.013760 0.185349
    61 0.905654 0.000000 0.000000 -0.049220 -0.084558 0.688378
    62 0.503673 -0.044144 -0.005648 -3.101730 -0.045027 0.343288
    63 3.799520 0.014976 0.039936 0.327494 0.278797 1.147669
    64 0.352883 -0.530994 0.013656 3.048800 0.018771 0.168551
    65 1.774880 0.000001 0.000000 0.015548 -0.026855 1.207276
    66 0.123960 -0.267018 -0.045197 3.038230 0.016899 0.163207
    67 1.008841 0.000000 0.000000 0.007382 -0.033013 1.058798
    68 -0.091995 -0.117643 -0.068578 3.035060 0.049848 0.104967
    69 3.773758 0.133240 0.970555 0.009971 0.253127 0.024189
    70 0.266356 -0.315424 0.022796 2.894160 -0.011217 0.140937
    71 1.433460 -0.000001 0.000000 0.021781 -0.008209 0.379577
    72 0.232987 -0.175441 0.051954 2.850500 0.105025 0.006572
    73 1.019161 0.000000 0.000000 -0.061468 0.050146 0.902392
    74 0.199651 -0.182736 -0.019174 2.866800 0.015134 0.022335
    75 1.149521 0.416503 1.414108 -1.701758 0.225080 0.807883
    76 -0.259195 -0.126472 -0.187737 -0.320833 -0.178068 -0.144302
    77 1.263870 0.000000 0.000000 0.000000 0.000000 0.198808
    78 -0.023456 -0.272392 0.128637 -0.377946 -0.139541 -0.070537
    79 1.188940 0.000000 0.000000 0.006461 0.000252 0.052438
    80 -0.027065 -0.282838 0.274405 -0.453086 -0.085008 -0.010295
    81 -11.084207 -1.580839 -9.728039 -1.616908 -0.197141 -1.022367
    82 -10.722400 -0.506063 0.017998 0.014153 -0.011625 0.041372
    83 -2.269283 -11.772249 -8.842789 -0.874785 1.275059 -0.731854
  time 94
    0 0.000000 0.000000 0.000000 3.137881 0.003712 -0.000007
    1 0.000000 2.238273 -0.360838 -1.570922 0.000072 0.164524
    2 5.150429 -19.186848 -12.568008 -1.045538 -0.508980 -2.665660
    3 0.237000 -0.019106 -0.353871 -0.031846 -0.060887 0.001610
    4 5.740851 0.000002 0.000000 0.000673 0.000000 -0.000012
    5 10.321901 0.003155 0.187182 -0.229226 0.027369 0.027690
    6 10.295601 0.000000 0.000000 2.607483 -0.919340 -0.594998
    7 0.252449 -0.450151 0.014884 2.961090 -0.113350 -0.085454
    8 3.323328 0.233761 1.479089 -0.422121 -0.155074 0.409010
    9 0.331326 -0.384609 -0.028515 2.751210 -0.062475 0.301804
    10 0.963098 0.000000 0.000000 -0.068573 0.005945 0.508067
    11 0.219801 -0.039763 0.000647 2.771360 0.018767 0.255174
    12 0.682896 0.000002 0.000000 -0.068157 -0.008746 0.279183
    13 0.237805 0.264544 -0.007074 2.776430 0.037665 -0.015667
    14 3.632759 0.059072 0.757512 -0.218773 -0.059667 0.185422
    15 0.466810 -0.831947 0.013376 2.881400 0.028647 0.343212
    16 1.500140 0.000000 -0.000003 -0.077038 0.006524 0.410002
    17 0.319986 -0.324402 -0.027586 2.877640 0.022726 0.214012
    18 0.905666 0.000000 0.000001 -0.073335 -0.018918 0.027396
    19 0.492504 -0.086171 -0.084238 2.879510 0.064298 0.261627
    20 3.799519 0.014969 -0.039935 -0.105658 -0.089872 -0.052610
    21 0.217894 -0.825647 0.038806 3.038690 -0.013998 0.239370
    22 1.774879 -0.000002 0.000001 -0.019380 0.003443 0.279955
    23 -0.011930 -0.409492 0.022487 3.039220 -0.018455 0.224297
    24 1.008837 0.000001 -0.000001 -0.018816 -0.000771 0.015872
    25 0.062305 -0.120462 0.017525 3.043570 -0.040149 0.014192
    26 3.773769 0.133240 -0.970558 -0.043890 0.070078 -0.284922
    27 0.276640 -0.495263 -0.109455 -3.042850 -0.074739 0.140309
    28 1.433455 -0.000001 0.000002 0.000000 0.000000 0.560452
    29 0.534334 -0.269066 0.018936 -3.047540 -0.084662 0.175451
    30 1.019160 0.000002 -0.000001 0.000000 0.000000 0.190211
    31 0.591927 -0.092812 0.111916 -3.044020 -0.081575 0.092229
    32 1.149530 0.416493 -1.414110 1.637332 0.502658 0.152274
    33 -0.152565 -0.022695 0.475140 0.134276 0.161355 -0.294699
    34 1.263880 0.000000 -0.000001 0.000000 0.000000 0.095331
    35 0.204777 -0.431778 0.089654 0.168587 0.067859 -0.050505
    36 1.188936 0.000000 0.000001 -0.009661 -0.002767 -0.227690
    37 -0.017635 -0.420529 -0.022252 0.227339 0.046996 0.081353
    38 5.150429 -19.186848 -12.568008 -2.851558 -0.508976 -2.665697
    39 -10.722298 -0.506103 -0.017994 1.584990 0.010515 0.041378
    40 -11.064675 -1.588651 -9.739758 -1.982296 -0.197687 -1.018236
    41 0.294731 -0.017813 0.157481 0.029130 0.054919 0.004544
    42 5.740848 0.000000 -0.000001 0.000092 0.000000 -0.000008
    43 10.281296 -0.016083 0.132702 0.000149 0.000000 0.000000
    44 10.295597 0.000001 0.000000 0.550470 0.248833 0.083173
    45 3.183594 1.208008 0.395508 1.726758 0.024383 1.531556
    46 0.000000 1.663440 1.993458 0.000000 0.000000 0.000000
    47 0.000000 0.079149 6.178666 -0.027841 0.000000 0.000000
    48 0.000002 3.466950 2.698286 3.141590 0.003380 3.141580
    49 0.032274 0.082292 -0.974221 0.000000 0.000000 0.000000
    50 0.283657 -0.262681 -0.016718 3.136930 0.073998 -0.078846
    51 3.323318 0.233760 -1.479091 0.471091 0.106875 1.379072
    52 0.422707 -0.406992 0.168743 -2.735260 0.184776 0.303777
    53 0.963103 0.000001 -0.000001 0.038612 -0.004207 0.700147
    54 0.441121 -0.147523 -0.014119 -2.793600 0.005348 0.279055
    55 0.682898 0.000000 0.000000 0.038155 -0.007330 0.781276
    56 0.382509 0.011353 0.014142 -2.816920 -0.081657 0.157045
    57 3.632760 0.059067 -0.757513 0.326256 0.151989 1.274562
    58 0.489260 -0.525216 0.053914 -3.074870 0.011878 0.210808
    59 1.500140 -0.000002 0.000000 0.027886 -0.039271 1.247669
    60 0.467742 -0.219619 0.031131 -3.081490 -0.013760 0.185349
    61 0.905654 0.000000 0.000000 -0.049220 -0.084558 0.688378
    62 0.503673 -0.044144 -0.005648 -3.101730 -0.045027 0.343288
    63 3.799520 0.014976 0.039936 0.327494 0.278797 1.147669
    64 0.352883 -0.530994 0.013656 3.048800 0.018771 0.168551
    65 1.774880 0.000001 0.000000 0.015548 -0.026855 1.207276
    66 0.123960 -0.267018 -0.045197 3.038230 0.016899 0.163207
    67 1.008841 0.000000 0.000000 0.007382 -0.033013 1.058798
    68 -0.091995 -0.117643 -0.068578 3.035060 0.049848 0.104967
    69 3.773758 0.133240 0.970555 0.009971 0.253127 0.024189
    70 0.266356 -0.315424 0.022796 2.894160 -0.011217 0.140937
    71 1.433460 -0.000001 0.000000 0.021781 -0.008209 0.379577
    72 0.232987 -0.175441 0.051954 2.850500 0.105025 0.006572
    73 1.019161 0.000000 0.000000 -0.061468 0.050146 0.902392
    74 0.199651 -0.182736 -0.019174 2.866800 0.015134 0.022335
    75 1.149521 0.416503 1.414108 -1.701758 0.225080 0.807883
    76 -0.259195 -0.126472 -0.187737 -0.320833 -0.178068 -0.144302
    77 1.263870 0.000000 0.000000 0.000000 0.000000 0.198808
    78 -0.023456 -0.272392 0.128637 -0.377946 -0.139541 -0.070537
    79 1.188940 0.000000 0.000000 0.006461 0.000252 0.052438
    80 -0.027065 -0.282838 0.274405 -0.453086 -0.085008 -0.010295
    81 -11.064675 -1.588651 -9.739758 -1.614095 -0.197729 -1.018309
    82 -10.722400 -0.506063 0.017998 0.014153 -0.011625 0.041372
    83 -2.210688 -11.756624 -8.831070 -0.861876 1.270745 -0.719343
  time 95
    0 0.000000 0.000000 0.000000 3.137881 0.003712 -0.000007
    1 0.000000 2.257805 -0.360838 -1.570922 0.000072 0.155224
    2 5.205118 -19.163410 -12.583634 -1.045002 -0.508872 -2.664398
    3 0.237000 -0.019106 -0.353871 -0.031846 -0.060887 0.001610
    4 5.740851 0.000002 0.000000 0.000673 0.000000 0.000000
    5 10.321901 0.003155 0.187182 -0.229226 0.027369 0.027690
    6 10.295601 0.000000 0.000000 2.604310 -0.909855 -0.578217
    7 0.252449 -0.450151 0.014884 2.961090 -0.113350 -0.085454
    8 3.323328 0.233761 1.479089 -0.421403 -0.153884 0.414764
    9 0.331326 -0.384609 -0.028515 2.751210 -0.062475 0.301804
    10 0.963098 0.000000 0.000000 -0.068477 0.006329 0.509286
    11 0.219801 -0.039763 0.000647 2.771360 0.018767 0.255174
    12 0.682896 0.000002 0.000000 -0.068073 -0.008926 0.278540
    13 0.237805 0.264544 -0.007074 2.776430 0.037665 -0.015667
    14 3.632759 0.059072 0.757512 -0.218557 -0.058696 0.185874
    15 0.466810 -0.831947 0.013376 2.881400 0.028647 0.343212
    16 1.500140 0.000000 -0.000003 -0.076079 0.008273 0.410328
    17 0.319986 -0.324402 -0.027586 2.877640 0.022726 0.214012
    18 0.905666 0.000000 0.000001 -0.073455 -0.018655 0.030920
    19 0.492504 -0.086171 -0.084238 2.879510 0.064298 0.261627
    20 3.799519 0.014969 -0.039935 -0.106581 -0.086145 -0.049426
    21 0.217894 -0.825647 0.038806 3.038690 -0.013998 0.239370
    22 1.774879 -0.000002 0.000001 -0.018852 0.003970 0.289340
    23 -0.011930 -0.409492 0.022487 3.039220 -0.018455 0.224297
    24 1.008837 0.000001 -0.000001 -0.018816 -0.000663 0.018194
    25 0.062305 -0.120462 0.017525 3.043570 -0.040149 0.014192
    26 3.773769 0.133240 -0.970558 -0.043783 0.070425 -0.283759
    27 0.276640 -0.495263 -0.109455 -3.042850 -0.074739 0.140309
    28 1.433455 -0.000001 0.000002 0.000000 0.000000 0.562218
    29 0.534334 -0.269066 0.018936 -3.047540 -0.084662 0.175451
    30 1.019160 0.000002 -0.000001 0.000000 0.000000 0.191110
    31 0.591927 -0.092812 0.111916 -3.044020 -0.081575 0.092229
    32 1.149530 0.416493 -1.414110 1.637320 0.502658 0.152274
    33 -0.152565 -0.022695 0.475140 0.134276 0.161355 -0.294699
    34 1.263880 0.000000 -0.000001 0.000000 0.000000 0.095331
    35 0.204777 -0.431778 0.089654 0.168587 0.067859 -0.050505
    36 1.188936 0.000000 0.000001 -0.009661 -0.002767 -0.227690
    37 -0.017635 -0.420529 -0.022252 0.227339 0.046996 0.081353
    38 5.205118 -19.163410 -12.583634 -2.850975 -0.508867 -2.664435
    39 -10.722298 -0.506103 -0.017994 1.584990 0.010515 0.041378
    40 -11.056863 -1.588651 -9.747571 -1.980269 -0.197430 -1.016336
    41 0.294731 -0.017813 0.157481 0.029130 0.054919 0.004544
    42 5.740848 0.000000 -0.000001 0.000092 0.000000 -0.000008
    43 10.281296 -0.016083 0.132702 0.000149 0.000000 0.000000
    44 10.295597 0.000001 0.000000 0.565683 0.252083 0.082834
    45 3.183594 1.208008 0.395508 1.726758 0.024383 1.531556
    46 0.000000 1.663440 1.993458 0.000000 0.000000 0.000000
    47 0.000000 0.079149 6.178666 -0.027841 0.000000 0.000000
    48 0.000002 3.466950 2.698286 3.141590 0.003380 3.141580
    49 0.032274 0.082292 -0.974221 0.000000 0.000000 0.000000
    50 0.283657 -0.262681 -0.016718 3.136930 0.073998 -0.078846
    51 3.323318 0.233760 -1.479091 0.471091 0.106875 1.379072
    52 0.422707 -0.406992 0.168743 -2.735260 0.184776 0.303777
    53 0.963103 0.000001 -0.000001 0.038612 -0.004207 0.700147
    54 0.441121 -0.147523 -0.014119 -2.793600 0.005348 0.279055
    55 0.682898 0.000000 0.000000 0.038155 -0.007330 0.781276
    56 0.382509 0.011353 0.014142 -2.816920 -0.081657 0.157045
    57 3.632760 0.059067 -0.757513 0.326256 0.151989 1.274562
    58 0.489260 -0.525216 0.053914 -3.074870 0.011878 0.210808
    59 1.500140 -0.000002 0.000000 0.027886 -0.039271 1.247669
    60 0.467742 -0.219619 0.031131 -3.081490 -0.013760 0.185349
    61 0.905654 0.000000 0.000000 -0.049220 -0.084558 0.688378
    62 0.503673 -0.044144 -0.005648 -3.101730 -0.045027 0.343288
    63 3.799520 0.014976 0.039936 0.327494 0.278797 1.147669
    64 0.352883 -0.530994 0.013656 3.048800 0.018771 0.168551
    65 1.774880 0.000001 0.000000 0.015548 -0.026855 1.207276
    66 0.123960 -0.267018 -0.045197 3.038230 0.016899 0.163207
    67 1.008841 0.000000 0.000000 0.007382 -0.033013 1.058798
    68 -0.091995 -0.117643 -0.068578 3.035060 0.049848 0.104967
    69 3.773758 0.133240 0.970555 0.009971 0.253127 0.024189
    70 0.266356 -0.315424 0.022796 2.894160 -0.011217 0.140937
    71 1.433460 -0.000001 0.000000 0.021781 -0.008209 0.379577
    72 0.232987 -0.175441 0.051954 2.850500 0.105025 0.006572
    73 1.019161 0.000000 0.000000 -0.061468 0.050146 0.902392
    74 0.199651 -0.182736 -0.019174 2.866800 0.015134 0.022335
    75 1.149521 0.416503 1.414108 -1.701758 0.225080 0.807883
    76 -0.259195 -0.126472 -0.187737 -0.320833 -0.178068 -0.144302
    77 1.263870 0.000000 0.000000 0.000000 0.000000 0.198808
    78 -0.023456 -0.272392 0.128637 -0.377946 -0.139541 -0.070537
    79 1.188940 0.000000 0.000000 0.006461 0.000252 0.052438
    80 -0.027065 -0.282838 0.274405 -0.453086 -0.085008 -0.010295
    81 -11.056863 -1.588651 -9.747571 -1.612365 -0.197472 -1.016306
    82 -10.722400 -0.506063 0.017998 0.014153 -0.011625 0.041372
    83 -2.159905 -11.733185 -8.784193 -0.814981 1.260494 -0.671901
  time 96
    0 0.000000 0.000000 0.000000 3.137881 0.003712 -0.000007
    1 0.000000 2.269524 -0.360838 -1.570922 0.000072 0.146212
    2 5.275433 -19.136065 -12.607072 -1.044582 -0.507932 -2.662174
    3 0.237000 -0.019106 -0.353871 -0.031846 -0.060887 0.001610
    4 5.740851 0.000002 0.000000 0.000673 0.000000 -0.000012
    5 10.321901 0.003155 0.187182 -0.229226 0.027369 0.027690
    6 10.295601 0.000000 0.000000 2.600913 -0.891903 -0.547684
    7 0.252449 -0.450151 0.014884 2.961090 -0.113350 -0.085454
    8 3.323328 0.233761 1.479089 -0.419499 -0.150008 0.430318
    9 0.331326 -0.384609 -0.028515 2.751210 -0.062475 0.301804
    10 0.963098 0.000000 0.000000 -0.068225 0.007372 0.513949
    11 0.219801 -0.039763 0.000647 2.771360 0.018767 0.255174
    12 0.682896 0.000002 0.000000 -0.068026 -0.009405 0.276304
    13 0.237805 0.264544 -0.007074 2.776430 0.037665 -0.015667
    14 3.632759 0.059072 0.757512 -0.218066 -0.055832 0.197819
    15 0.466810 -0.831947 0.013376 2.881400 0.028647 0.343212
    16 1.500140 0.000000 -0.000003 -0.074126 0.011761 0.421146
    17 0.319986 -0.324402 -0.027586 2.877640 0.022726 0.214012
    18 0.905666 0.000000 0.000001 -0.073515 -0.018115 0.037714
    19 0.492504 -0.086171 -0.084238 2.879510 0.064298 0.261627
    20 3.799519 0.014969 -0.039935 -0.108426 -0.078762 -0.039202
    21 0.217894 -0.825647 0.038806 3.038690 -0.013998 0.239370
    22 1.774879 -0.000002 0.000001 -0.017774 0.004941 0.314748
    23 -0.011930 -0.409492 0.022487 3.039220 -0.018455 0.224297
    24 1.008837 0.000001 -0.000001 -0.018816 -0.000628 0.022748
    25 0.062305 -0.120462 0.017525 3.043570 -0.040149 0.014192
    26 3.773769 0.133240 -0.970558 -0.043435 0.071516 -0.280451
    27 0.276640 -0.495263 -0.109455 -3.042850 -0.074739 0.140309
    28 1.433455 -0.000001 0.000002 0.000000 0.000000 0.567246
    29 0.534334 -0.269066 0.018936 -3.047540 -0.084662 0.175451
    30 1.019160 0.000002 -0.000001 0.000000 0.000000 0.193542
    31 0.591927 -0.092812 0.111916 -3.044020 -0.081575 0.092229
    32 1.149530 0.416493 -1.414110 1.637332 0.502658 0.152274
    33 -0.152565 -0.022695 0.475140 0.134276 0.161355 -0.294699
    34 1.263880 0.000000 -0.000001 0.000000 0.000000 0.095331
    35 0.204777 -0.431778 0.089654 0.168587 0.067859 -0.050505
    36 1.188936 0.000000 0.000001 -0.009661 -0.002767 -0.227690
    37 -0.017635 -0.420529 -0.022252 0.227339 0.046996 0.081353
    38 5.275433 -19.136065 -12.607072 -2.850504 -0.507890 -2.662151
    39 -10.722298 -0.506103 -0.017994 1.584990 0.010515 0.041378
    40 -11.056863 -1.588651 -9.747571 -1.979963 -0.196658 -1.016387
    41 0.294731 -0.017813 0.157481 0.029130 0.054919 0.004544
    42 5.740848 0.000000 -0.000001 0.000092 0.000000 -0.000008
    43 10.281296 -0.016083 0.132702 0.000149 0.000000 0.000000
    44 10.295597 0.000001 0.000000 0.599888 0.253920 0.081930
    45 3.183594 1.208008 0.395508 1.726758 0.024383 1.531556
    46 0.000000 1.663440 1.993458 0.000000 0.000000 0.000000
    47 0.000000 0.079149 6.178666 -0.027841 0.000000 0.000000
    48 0.000002 3.466950 2.698286 3.141590 0.003380 3.141580
    49 0.032274 0.082292 -0.974221 0.000000 0.000000 0.000000
    50 0.283657 -0.262681 -0.016718 3.136930 0.073998 -0.078846
    51 3.323318 0.233760 -1.479091 0.471091 0.106875 1.379072
    52 0.422707 -0.406992 0.168743 -2.735260 0.184776 0.303777
    53 0.963103 0.000001 -0.000001 0.038612 -0.004207 0.700147
    54 0.441121 -0.147523 -0.014119 -2.793600 0.005348 0.279055
    55 0.682898 0.000000 0.000000 0.038155 -0.007330 0.781276
    56 0.382509 0.011353 0.014142 -2.816920 -0.081657 0.157045
    57 3.632760 0.059067 -0.757513 0.326256 0.151989 1.274562
    58 0.489260 -0.525216 0.053914 -3.074870 0.011878 0.210808
    59 1.500140 -0.000002 0.000000 0.027886 -0.039271 1.247669
    60 0.467742 -0.219619 0.031131 -3.081490 -0.013760 0.185349
    61 0.905654 0.000000 0.000000 -0.049220 -0.084558 0.688378
    62 0.503673 -0.044144 -0.005648 -3.101730 -0.045027 0.343288
    63 3.799520 0.014976 0.039936 0.327494 0.278797 1.147669
    64 0.352883 -0.530994 0.013656 3.048800 0.018771 0.168551
    65 1.774880 0.000001 0.000000 0.015548 -0.026855 1.207276
    66 0.123960 -0.267018 -0.045197 3.038230 0.016899 0.163207
    67 1.008841 0.000000 0.000000 0.007382 -0.033013 1.058798
    68 -0.091995 -0.117643 -0.068578 3.035060 0.049848 0.104967
    69 3.773758 0.133240 0.970555 0.009971 0.253127 0.024189
    70 0.266356 -0.315424 0.022796 2.894160 -0.011217 0.140937
    71 1.433460 -0.000001 0.000000 0.021781 -0.008209 0.379577
    72 0.232987 -0.175441 0.051954 2.850500 0.105025 0.006572
    73 1.019161 0.000000 0.000000 -0.061468 0.050146 0.902415
    74 0.199651 -0.182736 -0.019174 2.866800 0.015134 0.022335
    75 1.149521 0.416503 1.414108 -1.701746 0.225080 0.807883
    76 -0.259195 -0.126472 -0.187737 -0.320833 -0.178068 -0.144302
    77 1.263870 0.000000 0.000000 0.000000 0.000000 0.198808
    78 -0.023456 -0.272392 0.128637 -0.377946 -0.139541 -0.070537
    79 1.188940 0.000000 0.000000 0.006461 0.000252 0.052438
    80 -0.027065 -0.282838 0.274405 -0.453086 -0.085008 -0.010295
    81 -11.056863 -1.588651 -9.747571 -1.610997 -0.196700 -1.016460
    82 -10.722400 -0.506063 0.017998 0.014153 -0.011625 0.041372
    83 -2.116935 -11.701934 -8.686534 -0.730730 1.239161 -0.585972
  time 97
    0 0.000000 0.000000 0.000000 3.137881 0.003712 -0.000007
    1 0.000000 2.281243 -0.368651 -1.570922 0.000072 0.137248
    2 5.408249 -19.085282 -12.626604 -1.042065 -0.509125 -2.658869
    3 0.237000 -0.019106 -0.353871 -0.031846 -0.060887 0.001610
    4 5.740851 0.000002 0.000000 0.000673 0.000000 0.000000
    5 10.321901 0.003155 0.187182 -0.229226 0.027369 0.027690
    6 10.295601 0.000000 0.000000 2.597236 -0.851333 -0.480619
    7 0.252449 -0.450151 0.014884 2.961090 -0.113350 -0.085454
    8 3.323328 0.233761 1.479089 -0.414899 -0.133230 0.467007
    9 0.331326 -0.384609 -0.028515 2.751210 -0.062475 0.301804
    10 0.963098 0.000000 0.000000 -0.067938 0.008678 0.525129
    11 0.219801 -0.039763 0.000647 2.771360 0.018767 0.255174
    12 0.682896 0.000002 0.000000 -0.067906 -0.010088 0.270769
    13 0.237805 0.264544 -0.007074 2.776430 0.037665 -0.015667
    14 3.632759 0.059072 0.757512 -0.216903 -0.047526 0.235344
    15 0.466810 -0.831947 0.013376 2.881400 0.028647 0.343212
    16 1.500140 0.000000 -0.000003 -0.071645 0.016159 0.457143
    17 0.319986 -0.324402 -0.027586 2.877640 0.022726 0.214012
    18 0.905666 0.000000 0.000001 -0.073622 -0.017432 0.046612
    19 0.492504 -0.086171 -0.084238 2.879510 0.064298 0.261627
    20 3.799519 0.014969 -0.039935 -0.110859 -0.069330 -0.003182
    21 0.217894 -0.825647 0.038806 3.038690 -0.013998 0.239370
    22 1.774879 -0.000002 0.000001 -0.016419 0.006187 0.375197
    23 -0.011930 -0.409492 0.022487 3.039220 -0.018455 0.224297
    24 1.008837 0.000001 -0.000001 -0.018816 -0.000508 0.028497
    25 0.062305 -0.120462 0.017525 3.043570 -0.040149 0.014192
    26 3.773769 0.133240 -0.970558 -0.042560 0.074380 -0.271918
    27 0.276640 -0.495263 -0.109455 -3.042850 -0.074739 0.140309
    28 1.433455 -0.000001 0.000002 0.000000 0.000000 0.580507
    29 0.534334 -0.269066 0.018936 -3.047540 -0.084662 0.175451
    30 1.019160 0.000002 -0.000001 0.000000 0.000000 0.200074
    31 0.591927 -0.092812 0.111916 -3.044020 -0.081575 0.092229
    32 1.149530 0.416493 -1.414110 1.637320 0.502658 0.152274
    33 -0.152565 -0.022695 0.475140 0.134276 0.161355 -0.294699
    34 1.263880 0.000000 -0.000001 0.000000 0.000000 0.095331
    35 0.204777 -0.431778 0.089654 0.168587 0.067859 -0.050505
    36 1.188936 0.000000 0.000001 -0.009661 -0.002767 -0.227690
    37 -0.017635 -0.420529 -0.022252 0.227339 0.046996 0.081353
    38 5.408249 -19.085282 -12.626604 -2.848015 -0.509084 -2.658846
    39 -10.722298 -0.506103 -0.017994 1.584990 0.010515 0.041378
    40 -11.064675 -1.592558 -9.739758 -1.981747 -0.196107 -1.018493
    41 0.294731 -0.017813 0.157481 0.029130 0.054919 0.004544
    42 5.740848 0.000000 -0.000001 0.000092 0.000000 -0.000008
    43 10.281296 -0.016083 0.132702 0.000149 0.000000 0.000000
    44 10.295597 0.000001 0.000000 0.677552 0.255334 0.079483
    45 3.183594 1.208008 0.395508 1.726758 0.024383 1.531556
    46 0.000000 1.663440 1.993458 0.000000 0.000000 0.000000
    47 0.000000 0.079149 6.178666 -0.027841 0.000000 0.000000
    48 0.000002 3.466950 2.698286 3.141590 0.003380 3.141592
    49 0.032274 0.082292 -0.974221 0.000000 0.000000 0.000000
    50 0.283657 -0.262681 -0.016718 3.136930 0.073998 -0.078846
    51 3.323318 0.233760 -1.479091 0.471091 0.106875 1.379072
    52 0.422707 -0.406992 0.168743 -2.735260 0.184776 0.303777
    53 0.963103 0.000001 -0.000001 0.038612 -0.004207 0.700147
    54 0.441121 -0.147523 -0.014119 -2.793600 0.005348 0.279055
    55 0.682898 0.000000 0.000000 0.038155 -0.007330 0.781276
    56 0.382509 0.011353 0.014142 -2.816920 -0.081657 0.157045
    57 3.632760 0.059067 -0.757513 0.326256 0.151989 1.274562
    58 0.489260 -0.525216 0.053914 -3.074870 0.011878 0.210808
    59 1.500140 -0.000002 0.000000 0.027886 -0.039271 1.247669
    60 0.467742 -0.219619 0.031131 -3.081490 -0.013760 0.185349
    61 0.905654 0.000000 0.000000 -0.049220 -0.084558 0.688378
    62 0.503673 -0.044144 -0.005648 -3.101730 -0.045027 0.343288
    63 3.799520 0.014976 0.039936 0.327494 0.278797 1.147669
    64 0.352883 -0.530994 0.013656 3.048800 0.018771 0.168551
    65 1.774880 0.000001 0.000000 0.015548 -0.026855 1.207276
    66 0.123960 -0.267018 -0.045197 3.038230 0.016899 0.163207
    67 1.008841 0.000000 0.000000 0.007382 -0.033013 1.058798
    68 -0.091995 -0.117643 -0.068578 3.035060 0.049848 0.104967
    69 3.773758 0.133240 0.970555 0.009971 0.253127 0.024189
    70 0.266356 -0.315424 0.022796 2.894160 -0.011217 0.140937
    71 1.433460 -0.000001 0.000000 0.021781 -0.008209 0.379577
    72 0.232987 -0.175441 0.051954 2.850500 0.105025 0.006572
    73 1.019161 0.000000 0.000000 -0.061468 0.050146 0.902392
    74 0.199651 -0.182736 -0.019174 2.866800 0.015134 0.022335
    75 1.149521 0.416503 1.414108 -1.701746 0.225080 0.807883
    76 -0.259195 -0.126472 -0.187737 -0.320833 -0.178068 -0.144302
    77 1.263870 0.000000 0.000000 0.000000 0.000000 0.198808
    78 -0.023456 -0.272392 0.128637 -0.377946 -0.139541 -0.070537
    79 1.188940 0.000000 0.000000 0.006461 0.000252 0.052438
    80 -0.027065 -0.282838 0.274405 -0.453086 -0.085008 -0.010295
    81 -11.064675 -1.592558 -9.739758 -1.606609 -0.196167 -1.018566
    82 -10.722400 -0.506063 0.017998 0.014153 -0.011625 0.041372
    83 -2.058339 -11.651152 -8.444339 -0.584618 1.184700 -0.435009
  time 98
    0 0.000000 0.000000 0.000000 3.137881 0.003712 -0.000007
    1 0.000000 2.300775 -0.368651 -1.570922 0.000072 0.128667
    2 5.599662 -19.011061 -12.646135 -1.036191 -0.515126 -2.654902
    3 0.237000 -0.019106 -0.353871 -0.031846 -0.060887 0.001610
    4 5.740851 0.000002 0.000000 0.000673 0.000000 -0.000012
    5 10.321901 0.003155 0.187182 -0.229226 0.027369 0.027690
    6 10.295601 0.000000 0.000000 2.599457 -0.785581 -0.377302
    7 0.252449 -0.450151 0.014884 2.961090 -0.113350 -0.085454
    8 3.323328 0.233761 1.479089 -0.407413 -0.101452 0.526129
    9 0.331326 -0.384609 -0.028515 2.751210 -0.062475 0.301804
    10 0.963098 0.000000 0.000000 -0.067602 0.010140 0.543145
    11 0.219801 -0.039763 0.000647 2.771360 0.018767 0.255174
    12 0.682896 0.000002 0.000000 -0.067786 -0.010855 0.261740
    13 0.237805 0.264544 -0.007074 2.776430 0.037665 -0.015667
    14 3.632759 0.059072 0.757512 -0.214878 -0.033409 0.299520
    15 0.466810 -0.831947 0.013376 2.881400 0.028647 0.343212
    16 1.500140 0.000000 -0.000003 -0.068793 0.021181 0.519695
    17 0.319986 -0.324402 -0.027586 2.877640 0.022726 0.214012
    18 0.905666 0.000000 0.000001 -0.073802 -0.016737 0.056626
    19 0.492504 -0.086171 -0.084238 2.879510 0.064298 0.261627
    20 3.799519 0.014969 -0.039935 -0.113544 -0.058640 0.062266
    21 0.217894 -0.825647 0.038806 3.038690 -0.013998 0.239370
    22 1.774879 -0.000002 0.000001 -0.014909 0.007673 0.472545
    23 -0.011930 -0.409492 0.022487 3.039220 -0.018455 0.224297
    24 1.008837 0.000001 -0.000001 -0.018816 -0.000352 0.035080
    25 0.062305 -0.120462 0.017525 3.043570 -0.040149 0.014192
    26 3.773769 0.133240 -0.970558 -0.040559 0.080912 -0.252012
    27 0.276640 -0.495263 -0.109455 -3.042850 -0.074739 0.140309
    28 1.433455 -0.000001 0.000002 0.000000 0.000000 0.611245
    29 0.534334 -0.269066 0.018936 -3.047540 -0.084662 0.175451
    30 1.019160 0.000002 -0.000001 0.000000 0.000000 0.215295
    31 0.591927 -0.092812 0.111916 -3.044020 -0.081575 0.092229
    32 1.149530 0.416493 -1.414110 1.637332 0.502658 0.152274
    33 -0.152565 -0.022695 0.475140 0.134276 0.161355 -0.294699
    34 1.263880 0.000000 -0.000001 0.000000 0.000000 0.095331
    35 0.204777 -0.431778 0.089654 0.168587 0.067859 -0.050505
    36 1.188936 0.000000 0.000001 -0.009661 -0.002767 -0.227690
    37 -0.017635 -0.420529 -0.022252 0.227339 0.046996 0.081353
    38 5.599662 -19.011061 -12.646135 -2.842028 -0.515164 -2.654879
    39 -10.722298 -0.506103 -0.017994 1.584990 0.010515 0.041378
    40 -11.072488 -1.600371 -9.739758 -1.985457 -0.195960 -1.022397
    41 0.294731 -0.017813 0.157481 0.029130 0.054919 0.004544
    42 5.740848 0.000000 -0.000001 0.000092 0.000000 -0.000008
    43 10.281296 -0.016083 0.132702 0.000149 0.000000 0.000000
    44 10.295597 0.000001 0.000000 0.801145 0.256959 0.075418
    45 3.183594 1.208008 0.395508 1.726758 0.024383 1.531556
    46 0.000000 1.663440 1.993458 0.000000 0.000000 0.000000
    47 0.000000 0.079149 6.178666 -0.027841 0.000000 0.000000
    48 0.000002 3.466950 2.698286 3.141590 0.003380 3.141580
    49 0.032274 0.082292 -0.974221 0.000000 0.000000 0.000000
    50 0.283657 -0.262681 -0.016718 3.136930 0.073998 -0.078846
    51 3.323318 0.233760 -1.479091 0.471091 0.106875 1.379072
    52 0.422707 -0.406992 0.168743 -2.735260 0.184776 0.303777
    53 0.963103 0.000001 -0.000001 0.038612 -0.004207 0.700147
    54 0.441121 -0.147523 -0.014119 -2.793600 0.005348 0.279055
    55 0.682898 0.000000 0.000000 0.038155 -0.007330 0.781276
    56 0.382509 0.011353 0.014142 -2.816920 -0.081657 0.157045
    57 3.632760 0.059067 -0.757513 0.326256 0.151989 1.274562
    58 0.489260 -0.525216 0.053914 -3.074870 0.011878 0.210808
    59 1.500140 -0.000002 0.000000 0.027886 -0.039271 1.247669
    60 0.467742 -0.219619 0.031131 -3.081490 -0.013760 0.185349
    61 0.905654 0.000000 0.000000 -0.049220 -0.084558 0.688378
    62 0.503673 -0.044144 -0.005648 -3.101730 -0.045027 0.343288
    63 3.799520 0.014976 0.039936 0.327494 0.278797 1.147669
    64 0.352883 -0.530994 0.013656 3.048800 0.018771 0.168551
    65 1.774880 0.000001 0.000000 0.015548 -0.026855 1.207276
    66 0.123960 -0.267018 -0.045197 3.038230 0.016899 0.163207
    67 1.008841 0.000000 0.000000 0.007382 -0.033013 1.058798
    68 -0.091995 -0.117643 -0.068578 3.035060 0.049848 0.104967
    69 3.773758 0.133240 0.970555 0.009971 0.253127 0.024189
    70 0.266356 -0.315424 0.022796 2.894160 -0.011217 0.140937
    71 1.433460 -0.000001 0.000000 0.021781 -0.008209 0.379577
    72 0.232987 -0.175441 0.051954 2.850500 0.105025 0.006572
    73 1.019161 0.000000 0.000000 -0.061468 0.050146 0.902415
    74 0.199651 -0.182736 -0.019174 2.866800 0.015134 0.022335
    75 1.149521 0.416503 1.414108 -1.701758 0.225080 0.807883
    76 -0.259195 -0.126472 -0.187737 -0.320833 -0.178068 -0.144302
    77 1.263870 0.000000 0.000000 0.000000 0.000000 0.198808
    78 -0.023456 -0.272392 0.128637 -0.377946 -0.139541 -0.070537
    79 1.188940 0.000000 0.000000 0.006461 0.000252 0.052438
    80 -0.027065 -0.282838 0.274405 -0.453086 -0.085008 -0.010295
    81 -11.072488 -1.600371 -9.739758 -1.598607 -0.196057 -1.022367
    82 -10.722400 -0.506063 0.017998 0.014153 -0.011625 0.041372
    83 -2.011463 -11.580837 -8.053702 -0.429196 1.086069 -0.271154
  time 99
    0 0.000000 0.000000 0.000000 3.137881 0.003712 -0.000007
    1 0.000000 2.312494 -0.368651 -1.570922 0.000072 0.120181
    2 5.830137 -18.971998 -12.661761 -1.025072 -0.529442 -2.652378
    3 0.237000 -0.019106 -0.353871 -0.031846 -0.060887 0.001610
    4 5.740851 0.000002 0.000000 0.000673 0.000000 0.000000
    5 10.321901 0.003155 0.187182 -0.229226 0.027369 0.027690
    6 10.295601 0.000000 0.000000 2.614706 -0.696995 -0.243771
    7 0.252449 -0.450151 0.014884 2.961090 -0.113350 -0.085454
    8 3.323328 0.233761 1.479089 -0.397730 -0.055900 0.605478
    9 0.331326 -0.384609 -0.028515 2.751210 -0.062475 0.301804
    10 0.963098 0.000000 0.000000 -0.067314 0.011830 0.567254
    11 0.219801 -0.039763 0.000647 2.771360 0.018767 0.255174
    12 0.682896 0.000002 0.000000 -0.067558 -0.011682 0.249748
    13 0.237805 0.264544 -0.007074 2.776430 0.037665 -0.015667
    14 3.632759 0.059072 0.757512 -0.212373 -0.013754 0.387919
    15 0.466810 -0.831947 0.013376 2.881400 0.028647 0.343212
    16 1.500140 0.000000 -0.000003 -0.065605 0.026813 0.606377
    17 0.319986 -0.324402 -0.027586 2.877640 0.022726 0.214012
    18 0.905666 0.000000 0.000001 -0.073910 -0.015874 0.067628
    19 0.492504 -0.086171 -0.084238 2.879510 0.064298 0.261627
    20 3.799519 0.014969 -0.039935 -0.116576 -0.046871 0.154456
    21 0.217894 -0.825647 0.038806 3.038690 -0.013998 0.239370
    22 1.774879 -0.000002 0.000001 -0.013208 0.009291 0.603472
    23 -0.011930 -0.409492 0.022487 3.039220 -0.018455 0.224297
    24 1.008837 0.000001 -0.000001 -0.018828 -0.000268 0.042362
    25 0.062305 -0.120462 0.017525 3.043570 -0.040149 0.014192
    26 3.773769 0.133240 -0.970558 -0.037323 0.091554 -0.219582
    27 0.276640 -0.495263 -0.109455 -3.042850 -0.074739 0.140309
    28 1.433455 -0.000001 0.000002 0.000000 0.000000 0.661355
    29 0.534334 -0.269066 0.018936 -3.047540 -0.084662 0.175451
    30 1.019160 0.000002 -0.000001 0.000000 0.000000 0.239947
    31 0.591927 -0.092812 0.111916 -3.044020 -0.081575 0.092229
    32 1.149530 0.416493 -1.414110 1.637320 0.502658 0.152274
    33 -0.152565 -0.022695 0.475140 0.134276 0.161355 -0.294699
    34 1.263880 0.000000 -0.000001 0.000000 0.000000 0.095331
    35 0.204777 -0.431778 0.089654 0.168587 0.067859 -0.050505
    36 1.188936 0.000000 0.000001 -0.009661 -0.002767 -0.227690
    37 -0.017635 -0.420529 -0.022252 0.227339 0.046996 0.081353
    38 5.830137 -18.971998 -12.661761 -2.830973 -0.529385 -2.652355
    39 -10.722298 -0.506103 -0.017994 1.584990 0.010515 0.041378
    40 -11.088113 -1.612090 -9.735852 -1.991003 -0.196456 -1.027996
    41 0.294731 -0.017813 0.157481 0.029130 0.054919 0.004544
    42 5.740848 0.000000 -0.000001 0.000092 0.000000 -0.000008
    43 10.281296 -0.016083 0.132702 0.000149 0.000000 0.000000
    44 10.295597 0.000001 0.000000 0.964950 0.258707 0.070429
    45 3.183594 1.208008 0.395508 1.726758 0.024383 1.531556
    46 0.000000 1.663440 1.993458 0.000000 0.000000 0.000000
    47 0.000000 0.079149 6.178666 -0.027841 0.000000 0.000000
    48 0.000002 3.466950 2.698286 3.141590 0.003380 3.141580
    49 0.032274 0.082292 -0.974221 0.000000 0.000000 0.000000
    50 0.283657 -0.262681 -0.016718 3.136930 0.073998 -0.078846
    51 3.323318 0.233760 -1.479091 0.471091 0.106875 1.379072
    52 0.422707 -0.406992 0.168743 -2.735260 0.184776 0.303777
    53 0.963103 0.000001 -0.000001 0.038612 -0.004207 0.700147
    54 0.441121 -0.147523 -0.014119 -2.793600 0.005348 0.279055
    55 0.682898 0.000000 0.000000 0.038155 -0.007330 0.781276
    56 0.382509 0.011353 0.014142 -2.816920 -0.081657 0.157045
    57 3.632760 0.059067 -0.757513 0.326256 0.151989 1.274562
    58 0.489260 -0.525216 0.053914 -3.074870 0.011878 0.210808
    59 1.500140 -0.000002 0.000000 0.027886 -0.039271 1.247669
    60 0.467742 -0.219619 0.031131 -3.081490 -0.013760 0.185349
    61 0.905654 0.000000 0.000000 -0.049220 -0.084558 0.688378
    62 0.503673 -0.044144 -0.005648 -3.101730 -0.045027 0.343288
    63 3.799520 0.014976 0.039936 0.327494 0.278797 1.147669
    64 0.352883 -0.530994 0.013656 3.048800 0.018771 0.168551
    65 1.774880 0.000001 0.000000 0.015548 -0.026855 1.207276
    66 0.123960 -0.267018 -0.045197 3.038230 0.016899 0.163207
    67 1.008841 0.000000 0.000000 0.007382 -0.033013 1.058798
    68 -0.091995 -0.117643 -0.068578 3.035060 0.049848 0.104967
    69 3.773758 0.133240 0.970555 0.009971 0.253127 0.024189
    70 0.266356 -0.315424 0.022796 2.894160 -0.011217 0.140937
    71 1.433460 -0.000001 0.000000 0.021781 -0.008209 0.379577
    72 0.232987 -0.175441 0.051954 2.850500 0.105025 0.006572
    73 1.019161 0.000000 0.000000 -0.061468 0.050146 0.902415
    74 0.199651 -0.182736 -0.019174 2.866800 0.015134 0.022335
    75 1.149521 0.416503 1.414108 -1.701758 0.225080 0.807883
    76 -0.259195 -0.126472 -0.187737 -0.320833 -0.178068 -0.144302
    77 1.263870 0.000000 0.000000 0.000000 0.000000 0.198808
    78 -0.023456 -0.272392 0.128637 -0.377946 -0.139541 -0.070537
    79 1.188940 0.000000 0.000000 0.006461 0.000252 0.052438
    80 -0.027065 -0.282838 0.274405 -0.453086 -0.085008 -0.010295
    81 -11.088113 -1.612090 -9.735852 -1.587817 -0.196498 -1.027915
    82 -10.722400 -0.506063 0.017998 0.014153 -0.011625 0.041372
    83 -2.023182 -11.498803 -7.502904 -0.305732 0.944336 -0.134862
  time 100
    0 0.000000 0.000000 0.000000 3.137881 0.003712 -0.000007
    1 0.000000 2.324213 -0.372557 -1.570922 0.000072 0.112080
    2 6.044988 -18.948559 -12.642229 -1.009104 -0.552036 -2.653039
    3 0.237000 -0.019106 -0.353871 -0.031846 -0.060887 0.001610
    4 5.740851 0.000002 0.000000 0.000673 0.000000 0.000000
    5 10.321901 0.003155 0.187182 -0.229226 0.027369 0.027690
    6 10.295601 0.000000 0.000000 2.646511 -0.596421 -0.095232
    7 0.252449 -0.450151 0.014884 2.961090 -0.113350 -0.085454
    8 3.323328 0.233761 1.479089 -0.386449 -0.002474 0.696465
    9 0.331326 -0.384609 -0.028515 2.751210 -0.062475 0.301804
    10 0.963098 0.000000 0.000000 -0.066967 0.013556 0.595046
    11 0.219801 -0.039763 0.000647 2.771360 0.018767 0.255174
    12 0.682896 0.000002 0.000000 -0.067402 -0.012485 0.235939
    13 0.237805 0.264544 -0.007074 2.776430 0.037665 -0.015667
    14 3.632759 0.059072 0.757512 -0.209461 0.008909 0.490191
    15 0.466810 -0.831947 0.013376 2.881400 0.028647 0.343212
    16 1.500140 0.000000 -0.000003 -0.062333 0.032686 0.706954
    17 0.319986 -0.324402 -0.027586 2.877640 0.022726 0.214012
    18 0.905666 0.000000 0.000001 -0.074090 -0.015011 0.079366
    19 0.492504 -0.086171 -0.084238 2.879510 0.064298 0.261627
    20 3.799519 0.014969 -0.039935 -0.119728 -0.034419 0.261919
    21 0.217894 -0.825647 0.038806 3.038690 -0.013998 0.239370
    22 1.774879 -0.000002 0.000001 -0.011446 0.010957 0.753812
    23 -0.011930 -0.409492 0.022487 3.039220 -0.018455 0.224297
    24 1.008837 0.000001 -0.000001 -0.018816 -0.000112 0.050073
    25 0.062305 -0.120462 0.017525 3.043570 -0.040149 0.014192
    26 3.773769 0.133240 -0.970558 -0.033236 0.104725 -0.179661
    27 0.276640 -0.495263 -0.109455 -3.042850 -0.074739 0.140309
    28 1.433455 -0.000001 0.000002 0.000000 0.000000 0.723030
    29 0.534334 -0.269066 0.018936 -3.047540 -0.084662 0.175451
    30 1.019160 0.000002 -0.000001 0.000000 0.000000 0.270316
    31 0.591927 -0.092812 0.111916 -3.044020 -0.081575 0.092229
    32 1.149530 0.416493 -1.414110 1.637320 0.502658 0.152274
    33 -0.152565 -0.022695 0.475140 0.134276 0.161355 -0.294699
    34 1.263880 0.000000 -0.000001 0.000000 0.000000 0.095331
    35 0.204777 -0.431778 0.089654 0.168587 0.067859 -0.050505
    36 1.188936 0.000000 0.000001 -0.009661 -0.002767 -0.227690
    37 -0.017635 -0.420529 -0.022252 0.227339 0.046996 0.081353
    38 6.044988 -18.948559 -12.642229 -2.814917 -0.552074 -2.653076
    39 -10.722298 -0.506103 -0.017994 1.584990 0.010515 0.041378
    40 -11.103739 -1.631621 -9.728039 -1.997556 -0.197246 -1.034263
    41 0.294731 -0.017813 0.157481 0.029130 0.054919 0.004544
    42 5.740848 0.000000 -0.000001 0.000092 0.000000 -0.000008
    43 10.281296 -0.016083 0.132702 0.000149 0.000000 0.000000
    44 10.295597 0.000001 0.000000 1.150606 0.260809 0.065724
    45 3.183594 1.208008 0.395508 1.726758 0.024383 1.531556
    46 0.000000 1.663440 1.993458 0.000000 0.000000 0.000000
    47 0.000000 0.079149 6.178666 -0.027841 0.000000 0.000000
    48 0.000002 3.466950 2.698286 3.141590 0.003380 3.141580
    49 0.032274 0.082292 -0.974221 0.000000 0.000000 0.000000
    50 0.283657 -0.262681 -0.016718 3.136930 0.073998 -0.078846
    51 3.323318 0.233760 -1.479091 0.471091 0.106875 1.379072
    52 0.422707 -0.406992 0.168743 -2.735260 0.184776 0.303777
    53 0.963103 0.000001 -0.000001 0.038612 -0.004207 0.700147
    54 0.441121 -0.147523 -0.014119 -2.793600 0.005348 0.279055
    55 0.682898 0.000000 0.000000 0.038155 -0.007330 0.781276
    56 0.382509 0.011353 0.014142 -2.816920 -0.081657 0.157045
    57 3.632760 0.059067 -0.757513 0.326256 0.151989 1.274562
    58 0.489260 -0.525216 0.053914 -3.074870 0.011878 0.210808
    59 1.500140 -0.000002 0.000000 0.027886 -0.039271 1.247669
    60 0.467742 -0.219619 0.031131 -3.081490 -0.013760 0.185349
    61 0.905654 0.000000 0.000000 -0.049220 -0.084558 0.688378
    62 0.503673 -0.044144 -0.005648 -3.101730 -0.045027 0.343288
    63 3.799520 0.014976 0.039936 0.327494 0.278797 1.147669
    64 0.352883 -0.530994 0.013656 3.048800 0.018771 0.168551
    65 1.774880 0.000001 0.000000 0.015548 -0.026855 1.207276
    66 0.123960 -0.267018 -0.045197 3.038230 0.016899 0.163207
    67 1.008841 0.000000 0.000000 0.007382 -0.033013 1.058798
    68 -0.091995 -0.117643 -0.068578 3.035060 0.049848 0.104967
    69 3.773758 0.133240 0.970555 0.009971 0.253127 0.024189
    70 0.266356 -0.315424 0.022796 2.894160 -0.011217 0.140937
    71 1.433460 -0.000001 0.000000 0.021781 -0.008209 0.379577
    72 0.232987 -0.175441 0.051954 2.850500 0.105025 0.006572
    73 1.019161 0.000000 0.000000 -0.061468 0.050146 0.902415
    74 0.199651 -0.182736 -0.019174 2.866800 0.015134 0.022335
    75 1.149521 0.416503 1.414108 -1.701758 0.225080 0.807883
    76 -0.259195 -0.126472 -0.187737 -0.320833 -0.178068 -0.144302
    77 1.263870 0.000000 0.000000 0.000000 0.000000 0.198808
    78 -0.023456 -0.272392 0.128637 -0.377946 -0.139541 -0.070537
    79 1.188940 0.000000 0.000000 0.006461 0.000252 0.052438
    80 -0.027065 -0.282838 0.274405 -0.453086 -0.085008 -0.010295
    81 -11.103739 -1.631621 -9.724133 -1.575582 -0.197233 -1.034387
    82 -10.722400 -0.506063 0.017998 0.014153 -0.011625 0.041372
    83 -2.144279 -11.432395 -6.877885 -0.223251 0.776679 -0.036485
  time 101
    0 0.000000 0.000000 0.000000 3.137881 0.003712 -0.000007
    1 0.000000 2.335932 -0.372557 -1.570922 0.000072 0.104026
    2 6.212962 -18.971998 -12.599259 -0.987705 -0.582765 -2.658568
    3 0.237000 -0.019106 -0.353871 -0.031846 -0.060887 0.001610
    4 5.740851 0.000002 0.000000 0.000673 0.000000 0.000000
    5 10.321901 0.003155 0.187182 -0.229226 0.027369 0.027690
    6 10.295601 0.000000 0.000000 2.695152 -0.490964 0.062693
    7 0.252449 -0.450151 0.014884 2.961090 -0.113350 -0.085454
    8 3.323328 0.233761 1.479089 -0.374027 0.055833 0.794807
    9 0.331326 -0.384609 -0.028515 2.751210 -0.062475 0.301804
    10 0.963098 0.000000 0.000000 -0.066535 0.015281 0.624984
    11 0.219801 -0.039763 0.000647 2.771360 0.018767 0.255174
    12 0.682896 0.000002 0.000000 -0.067247 -0.013408 0.221040
    13 0.237805 0.264544 -0.007074 2.776430 0.037665 -0.015667
    14 3.632759 0.059072 0.757512 -0.206189 0.033465 0.601244
    15 0.466810 -0.831947 0.013376 2.881400 0.028647 0.343212
    16 1.500140 0.000000 -0.000003 -0.058905 0.038726 0.816181
    17 0.319986 -0.324402 -0.027586 2.877640 0.022726 0.214012
    18 0.905666 0.000000 0.000001 -0.074294 -0.014124 0.091382
    19 0.492504 -0.086171 -0.084238 2.879510 0.064298 0.261627
    20 3.799519 0.014969 -0.039935 -0.122964 -0.021584 0.379058
    21 0.217894 -0.825647 0.038806 3.038690 -0.013998 0.239370
    22 1.774879 -0.000002 0.000001 -0.009564 0.012743 0.916213
    23 -0.011930 -0.409492 0.022487 3.039220 -0.018455 0.224297
    24 1.008837 0.000001 -0.000001 -0.018804 0.000020 0.057918
    25 0.062305 -0.120462 0.017525 3.043570 -0.040149 0.014192
    26 3.773769 0.133240 -0.970558 -0.028706 0.119526 -0.134779
    27 0.276640 -0.495263 -0.109455 -3.042850 -0.074739 0.140309
    28 1.433455 -0.000001 0.000002 0.000000 0.000000 0.792368
    29 0.534334 -0.269066 0.018936 -3.047540 -0.084662 0.175451
    30 1.019160 0.000002 -0.000001 0.000000 0.000000 0.304484
    31 0.591927 -0.092812 0.111916 -3.044020 -0.081575 0.092229
    32 1.149530 0.416493 -1.414110 1.637320 0.502658 0.152274
    33 -0.152565 -0.022695 0.475140 0.134276 0.161355 -0.294699
    34 1.263880 0.000000 -0.000001 0.000000 0.000000 0.095331
    35 0.204777 -0.431778 0.089654 0.168587 0.067859 -0.050505
    36 1.188936 0.000000 0.000001 -0.009661 -0.002767 -0.227690
    37 -0.017635 -0.420529 -0.022252 0.227339 0.046996 0.081353
    38 6.212962 -18.971998 -12.599259 -2.793615 -0.582724 -2.658545
    39 -10.722298 -0.506103 -0.017994 1.584990 0.010515 0.041378
    40 -11.127177 -1.655060 -9.720226 -2.004657 -0.198330 -1.041146
    41 0.294731 -0.017813 0.157481 0.029130 0.054919 0.004544
    42 5.740848 0.000000 -0.000001 0.000092 0.000000 -0.000008
    43 10.281296 -0.016083 0.132702 0.000149 0.000000 0.000000
    44 10.295597 0.000001 0.000000 1.347841 0.263370 0.061922
    45 3.183594 1.208008 0.395508 1.726758 0.024383 1.531556
    46 0.000000 1.663440 1.993458 0.000000 0.000000 0.000000
    47 0.000000 0.079149 6.178666 -0.027841 0.000000 0.000000
    48 0.000002 3.466950 2.698286 3.141590 0.003380 3.141580
    49 0.032274 0.082292 -0.974221 0.000000 0.000000 0.000000
    50 0.283657 -0.262681 -0.016718 3.136930 0.073998 -0.078846
    51 3.323318 0.233760 -1.479091 0.471091 0.106875 1.379072
    52 0.422707 -0.406992 0.168743 -2.735260 0.184776 0.303777
    53 0.963103 0.000001 -0.000001 0.038612 -0.004207 0.700147
    54 0.441121 -0.147523 -0.014119 -2.793600 0.005348 0.279055
    55 0.682898 0.000000 0.000000 0.038155 -0.007330 0.781276
    56 0.382509 0.011353 0.014142 -2.816920 -0.081657 0.157045
    57 3.632760 0.059067 -0.757513 0.326256 0.151989 1.274562
    58 0.489260 -0.525216 0.053914 -3.074870 0.011878 0.210808
    59 1.500140 -0.000002 0.000000 0.027886 -0.039271 1.247669
    60 0.467742 -0.219619 0.031131 -3.081490 -0.013760 0.185349
    61 0.905654 0.000000 0.000000 -0.049220 -0.084558 0.688378
    62 0.503673 -0.044144 -0.005648 -3.101730 -0.045027 0.343288
    63 3.799520 0.014976 0.039936 0.327494 0.278797 1.147669
    64 0.352883 -0.530994 0.013656 3.048800 0.018771 0.168551
    65 1.774880 0.000001 0.000000 0.015548 -0.026855 1.207276
    66 0.123960 -0.267018 -0.045197 3.038230 0.016899 0.163207
    67 1.008841 0.000000 0.000000 0.007394 -0.033013 1.058798
    68 -0.091995 -0.117643 -0.068578 3.035060 0.049848 0.104967
    69 3.773758 0.133240 0.970555 0.009971 0.253127 0.024189
    70 0.266356 -0.315424 0.022796 2.894160 -0.011217 0.140937
    71 1.433460 -0.000001 0.000000 0.021781 -0.008209 0.379577
    72 0.232987 -0.175441 0.051954 2.850500 0.105025 0.006572
    73 1.019161 0.000000 0.000000 -0.061468 0.050146 0.902392
    74 0.199651 -0.182736 -0.019174 2.866800 0.015134 0.022335
    75 1.149521 0.416503 1.414108 -1.701758 0.225080 0.807883
    76 -0.259195 -0.126472 -0.187737 -0.320833 -0.178068 -0.144302
    77 1.263870 0.000000 0.000000 0.000000 0.000000 0.198808
    78 -0.023456 -0.272392 0.128637 -0.377946 -0.139541 -0.070537
    79 1.188940 0.000000 0.000000 0.006461 0.000252 0.052438
    80 -0.027065 -0.282838 0.274405 -0.453086 -0.085008 -0.010295
    81 -11.127177 -1.655060 -9.720226 -1.562753 -0.198372 -1.041219
    82 -10.722400 -0.506063 0.017998 0.014153 -0.011625 0.041372
    83 -2.394287 -11.389425 -6.229428 -0.170302 0.594813 0.035853
  time 102
    0 0.000000 0.000000 0.000000 3.137881 0.003712 -0.000007
    1 0.000000 2.351558 -0.380370 -1.570922 0.000072 0.096260
    2 6.310621 -19.073563 -12.525038 -0.961691 -0.619350 -2.670167
    3 0.237000 -0.019106 -0.353871 -0.031846 -0.060887 0.001610
    4 5.740851 0.000002 0.000000 0.000673 0.000000 0.000000
    5 10.321901 0.003155 0.187182 -0.229226 0.027369 0.027690
    6 10.295601 0.000000 0.000000 2.758538 -0.388350 0.224386
    7 0.252449 -0.450151 0.014884 2.961090 -0.113350 -0.085454
    8 3.323328 0.233761 1.479089 -0.360989 0.116078 0.896243
    9 0.331326 -0.384609 -0.028515 2.751210 -0.062475 0.301804
    10 0.963098 0.000000 0.000000 -0.066236 0.017067 0.655849
    11 0.219801 -0.039763 0.000647 2.771360 0.018767 0.255174
    12 0.682896 0.000002 0.000000 -0.067091 -0.014283 0.205665
    13 0.237805 0.264544 -0.007074 2.776430 0.037665 -0.015667
    14 3.632759 0.059072 0.757512 -0.202690 0.058849 0.715841
    15 0.466810 -0.831947 0.013376 2.881400 0.028647 0.343212
    16 1.500140 0.000000 -0.000003 -0.055382 0.044850 0.928998
    17 0.319986 -0.324402 -0.027586 2.877640 0.022726 0.214012
    18 0.905666 0.000000 0.000001 -0.074473 -0.013249 0.103450
    19 0.492504 -0.086171 -0.084238 2.879510 0.064298 0.261627
    20 3.799519 0.014969 -0.039935 -0.126128 -0.008545 0.500153
    21 0.217894 -0.825647 0.038806 3.038690 -0.013998 0.239370
    22 1.774879 -0.000002 0.000001 -0.007719 0.014420 1.083502
    23 -0.011930 -0.409492 0.022487 3.039220 -0.018455 0.224297
    24 1.008837 0.000001 -0.000001 -0.018804 0.000187 0.065899
    25 0.062305 -0.120462 0.017525 3.043570 -0.040149 0.014192
    26 3.773769 0.133240 -0.970558 -0.023828 0.135094 -0.087428
    27 0.276640 -0.495263 -0.109455 -3.042850 -0.074739 0.140309
    28 1.433455 -0.000001 0.000002 0.000000 0.000000 0.865538
    29 0.534334 -0.269066 0.018936 -3.047540 -0.084662 0.175451
    30 1.019160 0.000002 -0.000001 0.000000 0.000000 0.340510
    31 0.591927 -0.092812 0.111916 -3.044020 -0.081575 0.092229
    32 1.149530 0.416493 -1.414110 1.637320 0.502658 0.152274
    33 -0.152565 -0.022695 0.475140 0.134276 0.161355 -0.294699
    34 1.263880 0.000000 -0.000001 0.000000 0.000000 0.095331
    35 0.204777 -0.431778 0.089654 0.168587 0.067859 -0.050505
    36 1.188936 0.000000 0.000001 -0.009661 -0.002767 -0.227690
    37 -0.017635 -0.420529 -0.022252 0.227339 0.046996 0.081353
    38 6.310621 -19.073563 -12.525038 -2.767491 -0.619381 -2.670144
    39 -10.722298 -0.506103 -0.017994 1.584990 0.010515 0.041378
    40 -11.150615 -1.678498 -9.716320 -2.012039 -0.199745 -1.048286
    41 0.294731 -0.017813 0.157481 0.029130 0.054919 0.004544
    42 5.740848 0.000000 -0.000001 0.000092 0.000000 -0.000008
    43 10.281296 -0.016083 0.132702 0.000149 0.000000 0.000000
    44 10.295597 0.000001 0.000000 1.546966 0.266320 0.059738
    45 3.183594 1.208008 0.395508 1.726758 0.024383 1.531556
    46 0.000000 1.663440 1.993458 0.000000 0.000000 0.000000
    47 0.000000 0.079149 6.178666 -0.027841 0.000000 0.000000
    48 0.000002 3.466950 2.698286 3.141590 0.003380 3.141580
    49 0.032274 0.082292 -0.974221 0.000000 0.000000 0.000000
    50 0.283657 -0.262681 -0.016718 3.136930 0.073998 -0.078846
    51 3.323318 0.233760 -1.479091 0.471091 0.106875 1.379072
    52 0.422707 -0.406992 0.168743 -2.735260 0.184776 0.303777
    53 0.963103 0.000001 -0.000001 0.038612 -0.004207 0.700147
    54 0.441121 -0.147523 -0.014119 -2.793600 0.005348 0.279055
    55 0.682898 0.000000 0.000000 0.038155 -0.007330 0.781276
    56 0.382509 0.011353 0.014142 -2.816920 -0.081657 0.157045
    57 3.632760 0.059067 -0.757513 0.326256 0.151989 1.274562
    58 0.489260 -0.525216 0.053914 -3.074870 0.011878 0.210808
    59 1.500140 -0.000002 0.000000 0.027886 -0.039271 1.247669
    60 0.467742 -0.219619 0.031131 -3.081490 -0.013760 0.185349
    61 0.905654 0.000000 0.000000 -0.049220 -0.084558 0.688378
    62 0.503673 -0.044144 -0.005648 -3.101730 -0.045027 0.343288
    63 3.799520 0.014976 0.039936 0.327494 0.278797 1.147669
    64 0.352883 -0.530994 0.013656 3.048800 0.018771 0.168551
    65 1.774880 0.000001 0.000000 0.015548 -0.026855 1.207276
    66 0.123960 -0.267018 -0.045197 3.038230 0.016899 0.163207
    67 1.008841 0.000000 0.000000 0.007382 -0.033013 1.058798
    68 -0.091995 -0.117643 -0.068578 3.035060 0.049848 0.104967
    69 3.773758 0.133240 0.970555 0.009971 0.253127 0.024189
    70 0.266356 -0.315424 0.022796 2.894160 -0.011217 0.140937
    71 1.433460 -0.000001 0.000000 0.021781 -0.008209 0.379577
    72 0.232987 -0.175441 0.051954 2.850500 0.105025 0.006572
    73 1.019161 0.000000 0.000000 -0.061468 0.050146 0.902415
    74 0.199651 -0.182736 -0.019174 2.866800 0.015134 0.022335
    75 1.149521 0.416503 1.414108 -1.701758 0.225080 0.807883
    76 -0.259195 -0.126472 -0.187737 -0.320833 -0.178068 -0.144302
    77 1.263870 0.000000 0.000000 0.000000 0.000000 0.198808
    78 -0.023456 -0.272392 0.128637 -0.377946 -0.139541 -0.070537
    79 1.188940 0.000000 0.000000 0.006461 0.000252 0.052438
    80 -0.027065 -0.282838 0.274405 -0.453086 -0.085008 -0.010295
    81 -11.150615 -1.678498 -9.716320 -1.550234 -0.199732 -1.048256
    82 -10.722400 -0.506063 0.017998 0.014153 -0.011625 0.041372
    83 -2.761486 -11.385518 -5.604409 -0.137344 0.409622 0.090789
  time 103
    0 0.000000 0.000000 0.000000 3.137881 0.003712 -0.000007
    1 0.000000 2.363277 -0.380370 -1.570922 0.000072 0.088878
    2 6.302808 -19.237631 -12.423472 -0.933486 -0.656802 -2.687596
    3 0.237000 -0.019106 -0.353871 -0.031846 -0.060887 0.001610
    4 5.740851 0.000002 0.000000 0.000673 0.000000 -0.000012
    5 10.321901 0.003155 0.187182 -0.229226 0.027369 0.027690
    6 10.295601 0.000000 0.000000 2.829111 -0.297941 0.377887
    7 0.252449 -0.450151 0.014884 2.961090 -0.113350 -0.085454
    8 3.323328 0.233761 1.479089 -0.349035 0.173907 0.993763
    9 0.331326 -0.384609 -0.028515 2.751210 -0.062475 0.301804
    10 0.963098 0.000000 0.000000 -0.065852 0.018733 0.685601
    11 0.219801 -0.039763 0.000647 2.771360 0.018767 0.255174
    12 0.682896 0.000002 0.000000 -0.066911 -0.015110 0.190906
    13 0.237805 0.264544 -0.007074 2.776430 0.037665 -0.015667
    14 3.632759 0.059072 0.757512 -0.199598 0.083201 0.826013
    15 0.466810 -0.831947 0.013376 2.881400 0.028647 0.343212
    16 1.500140 0.000000 -0.000003 -0.052002 0.050938 1.037339
    17 0.319986 -0.324402 -0.027586 2.877640 0.022726 0.214012
    18 0.905666 0.000000 0.000001 -0.074677 -0.012363 0.115542
    19 0.492504 -0.086171 -0.084238 2.879510 0.064298 0.261627
    20 3.799519 0.014969 -0.039935 -0.129387 0.004207 0.616248
    21 0.217894 -0.825647 0.038806 3.038690 -0.013998 0.239370
    22 1.774879 -0.000002 0.000001 -0.005837 0.016218 1.244618
    23 -0.011930 -0.409492 0.022487 3.039220 -0.018455 0.224297
    24 1.008837 0.000001 -0.000001 -0.018816 0.000355 0.073812
    25 0.062305 -0.120462 0.017525 3.043570 -0.040149 0.014192
    26 3.773769 0.133240 -0.970558 -0.019118 0.150327 -0.041311
    27 0.276640 -0.495263 -0.109455 -3.042850 -0.074739 0.140309
    28 1.433455 -0.000001 0.000002 0.000000 0.000000 0.936743
    29 0.534334 -0.269066 0.018936 -3.047540 -0.084662 0.175451
    30 1.019160 0.000002 -0.000001 0.000000 0.000000 0.375612
    31 0.591927 -0.092812 0.111916 -3.044020 -0.081575 0.092229
    32 1.149530 0.416493 -1.414110 1.637320 0.502658 0.152274
    33 -0.152565 -0.022695 0.475140 0.134276 0.161355 -0.294699
    34 1.263880 0.000000 -0.000001 0.000000 0.000000 0.095331
    35 0.204777 -0.431778 0.089654 0.168587 0.067859 -0.050505
    36 1.188936 0.000000 0.000001 -0.009661 -0.002767 -0.227690
    37 -0.017635 -0.420529 -0.022252 0.227339 0.046996 0.081353
    38 6.302808 -19.237631 -12.423472 -2.739417 -0.656834 -2.687573
    39 -10.722298 -0.506103 -0.017994 1.584990 0.010515 0.041378
    40 -11.170147 -1.713655 -9.708507 -2.019064 -0.201325 -1.054964
    41 0.294731 -0.017813 0.157481 0.029130 0.054919 0.004544
    42 5.740848 0.000000 -0.000001 0.000092 0.000000 -0.000008
    43 10.281296 -0.016083 0.132702 0.000149 0.000000 0.000000
    44 10.295597 0.000001 0.000000 1.731992 0.269729 0.060547
    45 3.183594 1.208008 0.395508 1.726758 0.024383 1.531556
    46 0.000000 1.663440 1.993458 0.000000 0.000000 0.000000
    47 0.000000 0.079149 6.178666 -0.027841 0.000000 0.000000
    48 0.000002 3.466950 2.698286 3.141590 0.003380 3.141580
    49 0.032274 0.082292 -0.974221 0.000000 0.000000 0.000000
    50 0.283657 -0.262681 -0.016718 3.136930 0.073998 -0.078846
    51 3.323318 0.233760 -1.479091 0.471091 0.106875 1.379072
    52 0.422707 -0.406992 0.168743 -2.735260 0.184776 0.303777
    53 0.963103 0.000001 -0.000001 0.038612 -0.004207 0.700147
    54 0.441121 -0.147523 -0.014119 -2.793600 0.005348 0.279055
    55 0.682898 0.000000 0.000000 0.038155 -0.007330 0.781276
    56 0.382509 0.011353 0.014142 -2.816920 -0.081657 0.157045
    57 3.632760 0.059067 -0.757513 0.326256 0.151989 1.274562
    58 0.489260 -0.525216 0.053914 -3.074870 0.011878 0.210808
    59 1.500140 -0.000002 0.000000 0.027886 -0.039271 1.247669
    60 0.467742 -0.219619 0.031131 -3.081490 -0.013760 0.185349
    61 0.905654 0.000000 0.000000 -0.049220 -0.084558 0.688378
    62 0.503673 -0.044144 -0.005648 -3.101730 -0.045027 0.343288
    63 3.799520 0.014976 0.039936 0.327494 0.278797 1.147669
    64 0.352883 -0.530994 0.013656 3.048800 0.018771 0.168551
    65 1.774880 0.000001 0.000000 0.015548 -0.026855 1.207276
    66 0.123960 -0.267018 -0.045197 3.038230 0.016899 0.163207
    67 1.008841 0.000000 0.000000 0.007382 -0.033013 1.058798
    68 -0.091995 -0.117643 -0.068578 3.035060 0.049848 0.104967
    69 3.773758 0.133240 0.970555 0.009971 0.253127 0.024189
    70 0.266356 -0.315424 0.022796 2.894160 -0.011217 0.140937
    71 1.433460 -0.000001 0.000000 0.021781 -0.008209 0.379577
    72 0.232987 -0.175441 0.051954 2.850500 0.105025 0.006572
    73 1.019161 0.000000 0.000000 -0.061468 0.050146 0.902392
    74 0.199651 -0.182736 -0.019174 2.866800 0.015134 0.022335
    75 1.149521 0.416503 1.414108 -1.701758 0.225080 0.807883
    76 -0.259195 -0.126472 -0.187737 -0.320833 -0.178068 -0.144302
    77 1.263870 0.000000 0.000000 0.000000 0.000000 0.198808
    78 -0.023456 -0.272392 0.128637 -0.377946 -0.139541 -0.070537
    79 1.188940 0.000000 0.000000 0.006461 0.000252 0.052438
    80 -0.027065 -0.282838 0.274405 -0.453086 -0.085008 -0.010295
    81 -11.170147 -1.713655 -9.708507 -1.539547 -0.201312 -1.054934
    82 -10.722400 -0.506063 0.017998 0.014153 -0.011625 0.041372
    83 -3.198999 -11.420676 -5.077049 -0.117552 0.237057 0.132451
  time 104
    0 0.000000 0.000000 0.000000 3.137881 0.003712 -0.000007
    1 0.000000 2.374996 -0.380370 -1.570922 0.000072 0.081543
    2 6.212962 -19.386073 -12.290656 -0.907122 -0.686916 -2.701419
    3 0.237000 -0.019106 -0.353871 -0.031846 -0.060887 0.001610
    4 5.740851 0.000002 0.000000 0.000673 0.000000 -0.000012
    5 10.321901 0.003155 0.187182 -0.229226 0.027369 0.027690
    6 10.295601 0.000000 0.000000 2.897686 -0.220881 0.510222
    7 0.252449 -0.450151 0.014884 2.961090 -0.113350 -0.085454
    8 3.323328 0.233761 1.479089 -0.337769 0.226597 1.083907
    9 0.331326 -0.384609 -0.028515 2.751210 -0.062475 0.301804
    10 0.963098 0.000000 0.000000 -0.065541 0.020471 0.713022
    11 0.219801 -0.039763 0.000647 2.771360 0.018767 0.255174
    12 0.682896 0.000002 0.000000 -0.066803 -0.016009 0.177180
    13 0.237805 0.264544 -0.007074 2.776430 0.037665 -0.015667
    14 3.632759 0.059072 0.757512 -0.196625 0.105601 0.927214
    15 0.466810 -0.831947 0.013376 2.881400 0.028647 0.343212
    16 1.500140 0.000000 -0.000003 -0.048694 0.056859 1.136751
    17 0.319986 -0.324402 -0.027586 2.877640 0.022726 0.214012
    18 0.905666 0.000000 0.000001 -0.074857 -0.011488 0.127128
    19 0.492504 -0.086171 -0.084238 2.879510 0.064298 0.261627
    20 3.799519 0.014969 -0.039935 -0.132515 0.016659 0.722542
    21 0.217894 -0.825647 0.038806 3.038690 -0.013998 0.239370
    22 1.774879 -0.000002 0.000001 -0.004075 0.017896 1.393388
    23 -0.011930 -0.409492 0.022487 3.039220 -0.018455 0.224297
    24 1.008837 0.000001 -0.000001 -0.018804 0.000463 0.081500
    25 0.062305 -0.120462 0.017525 3.043570 -0.040149 0.014192
    26 3.773769 0.133240 -0.970558 -0.014840 0.164325 0.001187
    27 0.276640 -0.495263 -0.109455 -3.042850 -0.074739 0.140309
    28 1.433455 -0.000001 0.000002 0.000000 0.000000 1.002520
    29 0.534334 -0.269066 0.018936 -3.047540 -0.084662 0.175451
    30 1.019160 0.000002 -0.000001 0.000000 0.000000 0.408007
    31 0.591927 -0.092812 0.111916 -3.044020 -0.081575 0.092229
    32 1.149530 0.416493 -1.414110 1.637320 0.502658 0.152274
    33 -0.152565 -0.022695 0.475140 0.134276 0.161355 -0.294699
    34 1.263880 0.000000 -0.000001 0.000000 0.000000 0.095331
    35 0.204777 -0.431778 0.089654 0.168587 0.067859 -0.050505
    36 1.188936 0.000000 0.000001 -0.009661 -0.002767 -0.227690
    37 -0.017635 -0.420529 -0.022252 0.227339 0.046996 0.081353
    38 6.212962 -19.386073 -12.290656 -2.713114 -0.686977 -2.701336
    39 -10.722298 -0.506103 -0.017994 1.584990 0.010515 0.041378
    40 -11.177960 -1.756625 -9.747571 -2.028179 -0.206856 -1.061436
    41 0.294731 -0.017813 0.157481 0.029130 0.054919 0.004544
    42 5.740848 0.000000 -0.000001 0.000092 0.000000 -0.000008
    43 10.281296 -0.016083 0.132702 0.000149 0.000000 0.000000
    44 10.295597 0.000001 0.000000 1.897784 0.271231 0.068811
    45 3.183594 1.208008 0.395508 1.726758 0.024383 1.531556
    46 0.000000 1.663440 1.993458 0.000000 0.000000 0.000000
    47 0.000000 0.079149 6.178666 -0.027841 0.000000 0.000000
    48 0.000002 3.466950 2.698286 3.141590 0.003380 3.141580
    49 0.032274 0.082292 -0.974221 0.000000 0.000000 0.000000
    50 0.283657 -0.262681 -0.016718 3.136930 0.073998 -0.078846
    51 3.323318 0.233760 -1.479091 0.471091 0.106875 1.379072
    52 0.422707 -0.406992 0.168743 -2.735260 0.184776 0.303777
    53 0.963103 0.000001 -0.000001 0.038612 -0.004207 0.700147
    54 0.441121 -0.147523 -0.014119 -2.793600 0.005348 0.279055
    55 0.682898 0.000000 0.000000 0.038155 -0.007330 0.781276
    56 0.382509 0.011353 0.014142 -2.816920 -0.081657 0.157045
    57 3.632760 0.059067 -0.757513 0.326256 0.151989 1.274562
    58 0.489260 -0.525216 0.053914 -3.074870 0.011878 0.210808
    59 1.500140 -0.000002 0.000000 0.027886 -0.039271 1.247669
    60 0.467742 -0.219619 0.031131 -3.081490 -0.013760 0.185349
    61 0.905654 0.000000 0.000000 -0.049220 -0.084558 0.688378
    62 0.503673 -0.044144 -0.005648 -3.101730 -0.045027 0.343288
    63 3.799520 0.014976 0.039936 0.327494 0.278797 1.147669
    64 0.352883 -0.530994 0.013656 3.048800 0.018771 0.168551
    65 1.774880 0.000001 0.000000 0.015548 -0.026855 1.207276
    66 0.123960 -0.267018 -0.045197 3.038230 0.016899 0.163207
    67 1.008841 0.000000 0.000000 0.007382 -0.033013 1.058798
    68 -0.091995 -0.117643 -0.068578 3.035060 0.049848 0.104967
    69 3.773758 0.133240 0.970555 0.009971 0.253127 0.024189
    70 0.266356 -0.315424 0.022796 2.894160 -0.011217 0.140937
    71 1.433460 -0.000001 0.000000 0.021781 -0.008209 0.379577
    72 0.232987 -0.175441 0.051954 2.850500 0.105025 0.006572
    73 1.019161 0.000000 0.000000 -0.061468 0.050146 0.902392
    74 0.199651 -0.182736 -0.019174 2.866800 0.015134 0.022335
    75 1.149521 0.416503 1.414108 -1.701746 0.225080 0.807883
    76 -0.259195 -0.126472 -0.187737 -0.320833 -0.178068 -0.144302
    77 1.263870 0.000000 0.000000 0.000000 0.000000 0.198808
    78 -0.023456 -0.272392 0.128637 -0.377946 -0.139541 -0.070537
    79 1.188940 0.000000 0.000000 0.006461 0.000252 0.052438
    80 -0.027065 -0.282838 0.274405 -0.453086 -0.085008 -0.010295
    81 -11.177960 -1.756625 -9.747571 -1.534127 -0.206843 -1.061406
    82 -10.722400 -0.506063 0.017998 0.014153 -0.011625 0.041372
    83 -3.652138 -11.502710 -4.682505 -0.105614 0.085113 0.163444
  time 105
    0 0.000000 0.000000 0.000000 3.137881 0.003712 -0.000007
    1 0.000000 2.382809 -0.380370 -1.570922 0.000072 0.074688
    2 6.068426 -19.335290 -12.091431 -0.888917 -0.697002 -2.688498
    3 0.237000 -0.019106 -0.353871 -0.031846 -0.060887 0.001610
    4 5.740851 0.000002 0.000000 0.000673 0.000000 0.000000
    5 10.321901 0.003155 0.187182 -0.229226 0.027369 0.027690
    6 10.295601 0.000000 0.000000 2.948827 -0.149104 0.594646
    7 0.252449 -0.450151 0.014884 2.961090 -0.113350 -0.085454
    8 3.323328 0.233761 1.479089 -0.333184 0.246147 1.117870
    9 0.331326 -0.384609 -0.028515 2.751210 -0.062475 0.301804
    10 0.963098 0.000000 0.000000 -0.065385 0.021142 0.723302
    11 0.219801 -0.039763 0.000647 2.771360 0.018767 0.255174
    12 0.682896 0.000002 0.000000 -0.066743 -0.016344 0.172093
    13 0.237805 0.264544 -0.007074 2.776430 0.037665 -0.015667
    14 3.632759 0.059072 0.757512 -0.195403 0.113954 0.965144
    15 0.466810 -0.831947 0.013376 2.881400 0.028647 0.343212
    16 1.500140 0.000000 -0.000003 -0.047388 0.059112 1.173960
    17 0.319986 -0.324402 -0.027586 2.877640 0.022726 0.214012
    18 0.905666 0.000000 0.000001 -0.074893 -0.011152 0.131640
    19 0.492504 -0.086171 -0.084238 2.879510 0.064298 0.261627
    20 3.799519 0.014969 -0.039935 -0.133594 0.021537 0.762194
    21 0.217894 -0.825647 0.038806 3.038690 -0.013998 0.239370
    22 1.774879 -0.000002 0.000001 -0.003392 0.018567 1.449270
    23 -0.011930 -0.409492 0.022487 3.039220 -0.018455 0.224297
    24 1.008837 0.000001 -0.000001 -0.018804 0.000523 0.084431
    25 0.062305 -0.120462 0.017525 3.043570 -0.040149 0.014192
    26 3.773769 0.133240 -0.970558 -0.013186 0.169514 0.017054
    27 0.276640 -0.495263 -0.109455 -3.042850 -0.074739 0.140309
    28 1.433455 -0.000001 0.000002 0.000000 0.000000 1.027119
    29 0.534334 -0.269066 0.018936 -3.047540 -0.084662 0.175451
    30 1.019160 0.000002 -0.000001 0.000000 0.000000 0.420123
    31 0.591927 -0.092812 0.111916 -3.044020 -0.081575 0.092229
    32 1.149530 0.416493 -1.414110 1.637320 0.502658 0.152274
    33 -0.152565 -0.022695 0.475140 0.134276 0.161355 -0.294699
    34 1.263880 0.000000 -0.000001 0.000000 0.000000 0.095331
    35 0.204777 -0.431778 0.089654 0.168587 0.067859 -0.050505
    36 1.188936 0.000000 0.000001 -0.009661 -0.002767 -0.227690
    37 -0.017635 -0.420529 -0.022252 0.227339 0.046996 0.081353
    38 6.068426 -19.335290 -12.091431 -2.694861 -0.697037 -2.688354
    39 -10.722298 -0.506103 -0.017994 1.584990 0.010515 0.041378
    40 -11.146709 -1.819127 -9.935077 -2.046602 -0.226425 -1.068987
    41 0.294731 -0.017813 0.157481 0.029130 0.054919 0.004544
    42 5.740848 0.000000 -0.000001 0.000092 0.000000 -0.000008
    43 10.281296 -0.016083 0.132702 0.000149 0.000000 0.000000
    44 10.295597 0.000001 0.000000 2.040466 0.263600 0.095313
    45 3.183594 1.208008 0.395508 1.726758 0.024383 1.531556
    46 0.000000 1.663440 1.993458 0.000000 0.000000 0.000000
    47 0.000000 0.079149 6.178666 -0.027841 0.000000 0.000000
    48 0.000002 3.466950 2.698286 3.141590 0.003380 3.141580
    49 0.032274 0.082292 -0.974221 0.000000 0.000000 0.000000
    50 0.283657 -0.262681 -0.016718 3.136930 0.073998 -0.078846
    51 3.323318 0.233760 -1.479091 0.471091 0.106875 1.379072
    52 0.422707 -0.406992 0.168743 -2.735260 0.184776 0.303777
    53 0.963103 0.000001 -0.000001 0.038612 -0.004207 0.700147
    54 0.441121 -0.147523 -0.014119 -2.793600 0.005348 0.279055
    55 0.682898 0.000000 0.000000 0.038155 -0.007330 0.781276
    56 0.382509 0.011353 0.014142 -2.816920 -0.081657 0.157045
    57 3.632760 0.059067 -0.757513 0.326256 0.151989 1.274562
    58 0.489260 -0.525216 0.053914 -3.074870 0.011878 0.210808
    59 1.500140 -0.000002 0.000000 0.027886 -0.039271 1.247669
    60 0.467742 -0.219619 0.031131 -3.081490 -0.013760 0.185349
    61 0.905654 0.000000 0.000000 -0.049220 -0.084558 0.688378
    62 0.503673 -0.044144 -0.005648 -3.101730 -0.045027 0.343288
    63 3.799520 0.014976 0.039936 0.327494 0.278797 1.147669
    64 0.352883 -0.530994 0.013656 3.048800 0.018771 0.168551
    65 1.774880 0.000001 0.000000 0.015548 -0.026855 1.207276
    66 0.123960 -0.267018 -0.045197 3.038230 0.016899 0.163207
    67 1.008841 0.000000 0.000000 0.007382 -0.033013 1.058798
    68 -0.091995 -0.117643 -0.068578 3.035060 0.049848 0.104967
    69 3.773758 0.133240 0.970555 0.009971 0.253127 0.024189
    70 0.266356 -0.315424 0.022796 2.894160 -0.011217 0.140937
    71 1.433460 -0.000001 0.000000 0.021781 -0.008209 0.379577
    72 0.232987 -0.175441 0.051954 2.850500 0.105025 0.006572
    73 1.019161 0.000000 0.000000 -0.061468 0.050146 0.902392
    74 0.199651 -0.182736 -0.019174 2.866800 0.015134 0.022335
    75 1.149521 0.416503 1.414108 -1.701758 0.225080 0.807883
    76 -0.259195 -0.126472 -0.187737 -0.320833 -0.178068 -0.144302
    77 1.263870 0.000000 0.000000 0.000000 0.000000 0.198808
    78 -0.023456 -0.272392 0.128637 -0.377946 -0.139541 -0.070537
    79 1.188940 0.000000 0.000000 0.006461 0.000252 0.052438
    80 -0.027065 -0.282838 0.274405 -0.453086 -0.085008 -0.010295
    81 -11.146709 -1.819127 -9.935077 -1.542593 -0.226413 -1.068957
    82 -10.722400 -0.506063 0.017998 0.014153 -0.011625 0.041372
    83 -4.046681 -11.608181 -4.412966 -0.097246 -0.034733 0.183513
  time 106
    0 0.000000 0.000000 0.000000 3.137881 0.003712 -0.000007
    1 0.000000 2.394528 -0.380370 -1.570922 0.000072 0.067977
    2 5.892639 -19.026687 -11.845330 -0.886609 -0.680409 -2.641560
    3 0.237000 -0.019106 -0.353871 -0.031846 -0.060887 0.001610
    4 5.740851 0.000002 0.000000 0.000673 0.000000 -0.000012
    5 10.321901 0.003155 0.187182 -0.229226 0.027369 0.027690
    6 10.295601 0.000000 0.000000 2.974174 -0.083352 0.614536
    7 0.252449 -0.450151 0.014884 2.961090 -0.113350 -0.085454
    8 3.323328 0.233761 1.479089 -0.333184 0.246147 1.117870
    9 0.331326 -0.384609 -0.028515 2.751210 -0.062475 0.301804
    10 0.963098 0.000000 0.000000 -0.065385 0.021142 0.723302
    11 0.219801 -0.039763 0.000647 2.771360 0.018767 0.255174
    12 0.682896 0.000002 0.000000 -0.066755 -0.016344 0.172093
    13 0.237805 0.264544 -0.007074 2.776430 0.037665 -0.015667
    14 3.632759 0.059072 0.757512 -0.195403 0.113954 0.965168
    15 0.466810 -0.831947 0.013376 2.881400 0.028647 0.343212
    16 1.500140 0.000000 -0.000003 -0.047388 0.059112 1.173960
    17 0.319986 -0.324402 -0.027586 2.877640 0.022726 0.214012
    18 0.905666 0.000000 0.000001 -0.074905 -0.011164 0.131640
    19 0.492504 -0.086171 -0.084238 2.879510 0.064298 0.261627
    20 3.799519 0.014969 -0.039935 -0.133606 0.021537 0.762219
    21 0.217894 -0.825647 0.038806 3.038690 -0.013998 0.239370
    22 1.774879 -0.000002 0.000001 -0.003380 0.018567 1.449270
    23 -0.011930 -0.409492 0.022487 3.039220 -0.018455 0.224297
    24 1.008837 0.000001 -0.000001 -0.018816 0.000523 0.084454
    25 0.062305 -0.120462 0.017525 3.043570 -0.040149 0.014192
    26 3.773769 0.133240 -0.970558 -0.013186 0.169514 0.017054
    27 0.276640 -0.495263 -0.109455 -3.042850 -0.074739 0.140309
    28 1.433455 -0.000001 0.000002 0.000000 0.000000 1.027147
    29 0.534334 -0.269066 0.018936 -3.047540 -0.084662 0.175451
    30 1.019160 0.000002 -0.000001 0.000000 0.000000 0.420147
    31 0.591927 -0.092812 0.111916 -3.044020 -0.081575 0.092229
    32 1.149530 0.416493 -1.414110 1.637332 0.502658 0.152274
    33 -0.152565 -0.022695 0.475140 0.134276 0.161355 -0.294699
    34 1.263880 0.000000 -0.000001 0.000000 0.000000 0.095331
    35 0.204777 -0.431778 0.089654 0.168587 0.067859 -0.050505
    36 1.188936 0.000000 0.000001 -0.009661 -0.002767 -0.227690
    37 -0.017635 -0.420529 -0.022252 0.227339 0.046996 0.081353
    38 5.892639 -19.026687 -11.845330 -2.692484 -0.680464 -2.641537
    39 -10.722298 -0.506103 -0.017994 1.584990 0.010515 0.041378
    40 -11.072488 -1.905067 -10.216335 -2.072278 -0.255071 -1.077257
    41 0.294731 -0.017813 0.157481 0.029130 0.054919 0.004544
    42 5.740848 0.000000 -0.000001 0.000092 0.000000 -0.000008
    43 10.281296 -0.016083 0.132702 0.000149 0.000000 0.000000
    44 10.295597 0.000001 0.000000 2.147199 0.247721 0.135180
    45 3.183594 1.208008 0.395508 1.726758 0.024383 1.531556
    46 0.000000 1.663440 1.993458 0.000000 0.000000 0.000000
    47 0.000000 0.079149 6.178666 -0.027841 0.000000 0.000000
    48 0.000002 3.466950 2.698286 3.141590 0.003380 3.141580
    49 0.032274 0.082292 -0.974221 0.000000 0.000000 0.000000
    50 0.283657 -0.262681 -0.016718 3.136930 0.073998 -0.078846
    51 3.323318 0.233760 -1.479091 0.471091 0.106875 1.379072
    52 0.422707 -0.406992 0.168743 -2.735260 0.184776 0.303777
    53 0.963103 0.000001 -0.000001 0.038612 -0.004207 0.700147
    54 0.441121 -0.147523 -0.014119 -2.793600 0.005348 0.279055
    55 0.682898 0.000000 0.000000 0.038155 -0.007330 0.781276
    56 0.382509 0.011353 0.014142 -2.816920 -0.081657 0.157045
    57 3.632760 0.059067 -0.757513 0.326256 0.151989 1.274562
    58 0.489260 -0.525216 0.053914 -3.074870 0.011878 0.210808
    59 1.500140 -0.000002 0.000000 0.027886 -0.039271 1.247669
    60 0.467742 -0.219619 0.031131 -3.081490 -0.013760 0.185349
    61 0.905654 0.000000 0.000000 -0.049220 -0.084558 0.688378
    62 0.503673 -0.044144 -0.005648 -3.101730 -0.045027 0.343288
    63 3.799520 0.014976 0.039936 0.327494 0.278797 1.147669
    64 0.352883 -0.530994 0.013656 3.048800 0.018771 0.168551
    65 1.774880 0.000001 0.000000 0.015548 -0.026855 1.207276
    66 0.123960 -0.267018 -0.045197 3.038230 0.016899 0.163207
    67 1.008841 0.000000 0.000000 0.007382 -0.033013 1.058798
    68 -0.091995 -0.117643 -0.068578 3.035060 0.049848 0.104967
    69 3.773758 0.133240 0.970555 0.009971 0.253127 0.024189
    70 0.266356 -0.315424 0.022796 2.894160 -0.011217 0.140937
    71 1.433460 -0.000001 0.000000 0.021781 -0.008209 0.379577
    72 0.232987 -0.175441 0.051954 2.850500 0.105025 0.006572
    73 1.019161 0.000000 0.000000 -0.061468 0.050146 0.902392
    74 0.199651 -0.182736 -0.019174 2.866800 0.015134 0.022335
    75 1.149521 0.416503 1.414108 -1.701758 0.225080 0.807883
    76 -0.259195 -0.126472 -0.187737 -0.320833 -0.178068 -0.144302
    77 1.263870 0.000000 0.000000 0.000000 0.000000 0.198808
    78 -0.023456 -0.272392 0.128637 -0.377946 -0.139541 -0.070537
    79 1.188940 0.000000 0.000000 0.006461 0.000252 0.052438
    80 -0.027065 -0.282838 0.274405 -0.453086 -0.085008 -0.010295
    81 -11.072488 -1.901161 -10.216335 -1.564379 -0.255133 -1.077330
    82 -10.722400 -0.506063 0.017998 0.014153 -0.011625 0.041372
    83 -4.320127 -11.725373 -4.268430 -0.088364 -0.112902 0.190817
  time 107
    0 0.000000 0.000000 0.000000 3.137881 0.003712 -0.000007
    1 0.000000 2.406247 -0.388183 -1.570922 0.000072 0.061505
    2 5.681695 -18.475889 -11.575790 -0.905747 -0.632256 -2.564693
    3 0.237000 -0.019106 -0.353871 -0.031846 -0.060887 0.001610
    4 5.740851 0.000002 0.000000 0.000673 0.000000 -0.000012
    5 10.321901 0.003155 0.187182 -0.229226 0.027369 0.027690
    6 10.295601 0.000000 0.000000 2.962285 -0.033698 0.556440
    7 0.252449 -0.450151 0.014884 2.961090 -0.113350 -0.085454
    8 3.323328 0.233761 1.479089 -0.333184 0.246184 1.117870
    9 0.331326 -0.384609 -0.028515 2.751210 -0.062475 0.301804
    10 0.963098 0.000000 0.000000 -0.065397 0.021142 0.723302
    11 0.219801 -0.039763 0.000647 2.771360 0.018767 0.255174
    12 0.682896 0.000002 0.000000 -0.066755 -0.016344 0.172093
    13 0.237805 0.264544 -0.007074 2.776430 0.037665 -0.015667
    14 3.632759 0.059072 0.757512 -0.195403 0.113966 0.965168
    15 0.466810 -0.831947 0.013376 2.881400 0.028647 0.343212
    16 1.500140 0.000000 -0.000003 -0.047388 0.059112 1.173960
    17 0.319986 -0.324402 -0.027586 2.877640 0.022726 0.214012
    18 0.905666 0.000000 0.000001 -0.074917 -0.011164 0.131640
    19 0.492504 -0.086171 -0.084238 2.879510 0.064298 0.261627
    20 3.799519 0.014969 -0.039935 -0.133630 0.021537 0.762219
    21 0.217894 -0.825647 0.038806 3.038690 -0.013998 0.239370
    22 1.774879 -0.000002 0.000001 -0.003380 0.018567 1.449270
    23 -0.011930 -0.409492 0.022487 3.039220 -0.018455 0.224297
    24 1.008837 0.000001 -0.000001 -0.018804 0.000523 0.084454
    25 0.062305 -0.120462 0.017525 3.043570 -0.040149 0.014192
    26 3.773769 0.133240 -0.970558 -0.013186 0.169550 0.017078
    27 0.276640 -0.495263 -0.109455 -3.042850 -0.074739 0.140309
    28 1.433455 -0.000001 0.000002 0.000000 0.000000 1.027147
    29 0.534334 -0.269066 0.018936 -3.047540 -0.084662 0.175451
    30 1.019160 0.000002 -0.000001 0.000000 0.000000 0.420147
    31 0.591927 -0.092812 0.111916 -3.044020 -0.081575 0.092229
    32 1.149530 0.416493 -1.414110 1.637320 0.502658 0.152274
    33 -0.152565 -0.022695 0.475140 0.134276 0.161355 -0.294699
    34 1.263880 0.000000 -0.000001 0.000000 0.000000 0.095331
    35 0.204777 -0.431778 0.089654 0.168587 0.067859 -0.050505
    36 1.188936 0.000000 0.000001 -0.009661 -0.002767 -0.227690
    37 -0.017635 -0.420529 -0.022252 0.227339 0.046996 0.081353
    38 5.681695 -18.475889 -11.575790 -2.711679 -0.632299 -2.564670
    39 -10.722298 -0.506103 -0.017994 1.584990 0.010515 0.041378
    40 -10.963110 -1.975382 -10.466343 -2.098171 -0.279712 -1.086863
    41 0.294731 -0.017813 0.157481 0.029130 0.054919 0.004544
    42 5.740848 0.000000 -0.000001 0.000092 0.000000 -0.000008
    43 10.281296 -0.016083 0.132702 0.000149 0.000000 0.000000
    44 10.295597 0.000001 0.000000 2.195018 0.228838 0.176534
    45 3.183594 1.208008 0.395508 1.726758 0.024383 1.531556
    46 0.000000 1.663440 1.993458 0.000000 0.000000 0.000000
    47 0.000000 0.079149 6.178666 -0.027841 0.000000 0.000000
    48 0.000002 3.466950 2.698286 3.141590 0.003380 3.141580
    49 0.032274 0.082292 -0.974221 0.000000 0.000000 0.000000
    50 0.283657 -0.262681 -0.016718 3.136930 0.073998 -0.078846
    51 3.323318 0.233760 -1.479091 0.471091 0.106875 1.379072
    52 0.422707 -0.406992 0.168743 -2.735260 0.184776 0.303777
    53 0.963103 0.000001 -0.000001 0.038612 -0.004207 0.700147
    54 0.441121 -0.147523 -0.014119 -2.793600 0.005348 0.279055
    55 0.682898 0.000000 0.000000 0.038155 -0.007330 0.781276
    56 0.382509 0.011353 0.014142 -2.816920 -0.081657 0.157045
    57 3.632760 0.059067 -0.757513 0.326256 0.151989 1.274562
    58 0.489260 -0.525216 0.053914 -3.074870 0.011878 0.210808
    59 1.500140 -0.000002 0.000000 0.027886 -0.039271 1.247669
    60 0.467742 -0.219619 0.031131 -3.081490 -0.013760 0.185349
    61 0.905654 0.000000 0.000000 -0.049220 -0.084558 0.688378
    62 0.503673 -0.044144 -0.005648 -3.101730 -0.045027 0.343288
    63 3.799520 0.014976 0.039936 0.327494 0.278797 1.147669
    64 0.352883 -0.530994 0.013656 3.048800 0.018771 0.168551
    65 1.774880 0.000001 0.000000 0.015548 -0.026855 1.207276
    66 0.123960 -0.267018 -0.045197 3.038230 0.016899 0.163207
    67 1.008841 0.000000 0.000000 0.007382 -0.033013 1.058798
    68 -0.091995 -0.117643 -0.068578 3.035060 0.049848 0.104967
    69 3.773758 0.133240 0.970555 0.009971 0.253127 0.024189
    70 0.266356 -0.315424 0.022796 2.894160 -0.011217 0.140937
    71 1.433460 -0.000001 0.000000 0.021781 -0.008209 0.379577
    72 0.232987 -0.175441 0.051954 2.850500 0.105025 0.006572
    73 1.019161 0.000000 0.000000 -0.061468 0.050146 0.902392
    74 0.199651 -0.182736 -0.019174 2.866800 0.015134 0.022335
    75 1.149521 0.416503 1.414108 -1.701758 0.225080 0.807883
    76 -0.259195 -0.126472 -0.187737 -0.320833 -0.178068 -0.144302
    77 1.263870 0.000000 0.000000 0.000000 0.000000 0.198808
    78 -0.023456 -0.272392 0.128637 -0.377946 -0.139541 -0.070537
    79 1.188940 0.000000 0.000000 0.006461 0.000252 0.052438
    80 -0.027065 -0.282838 0.274405 -0.453086 -0.085008 -0.010295
    81 -10.963110 -1.975382 -10.466343 -1.590141 -0.279738 -1.086781
    82 -10.722400 -0.506063 0.017998 0.014153 -0.011625 0.041372
    83 -4.390442 -11.858189 -4.256711 -0.074541 -0.133047 0.180973
  time 108
    0 0.000000 0.000000 0.000000 3.137881 0.003712 -0.000007
    1 0.000000 2.417966 -0.388183 -1.570922 0.000072 0.055321
    2 5.427781 -17.823525 -11.294532 -0.933276 -0.565376 -2.479713
    3 0.237000 -0.019106 -0.353871 -0.031846 -0.060887 0.001610
    4 5.740851 0.000002 0.000000 0.000673 0.000000 -0.000012
    5 10.321901 0.003155 0.187182 -0.229226 0.027369 0.027690
    6 10.295601 0.000000 0.000000 2.929099 0.003010 0.459879
    7 0.252449 -0.450151 0.014884 2.961090 -0.113350 -0.085454
    8 3.323328 0.233761 1.479089 -0.333184 0.246184 1.117870
    9 0.331326 -0.384609 -0.028515 2.751210 -0.062475 0.301804
    10 0.963098 0.000000 0.000000 -0.065397 0.021142 0.723355
    11 0.219801 -0.039763 0.000647 2.771360 0.018767 0.255174
    12 0.682896 0.000002 0.000000 -0.066755 -0.016344 0.172093
    13 0.237805 0.264544 -0.007074 2.776430 0.037665 -0.015667
    14 3.632759 0.059072 0.757512 -0.195403 0.113978 0.965168
    15 0.466810 -0.831947 0.013376 2.881400 0.028647 0.343212
    16 1.500140 0.000000 -0.000003 -0.047388 0.059112 1.173960
    17 0.319986 -0.324402 -0.027586 2.877640 0.022726 0.214012
    18 0.905666 0.000000 0.000001 -0.074917 -0.011164 0.131640
    19 0.492504 -0.086171 -0.084238 2.879510 0.064298 0.261627
    20 3.799519 0.014969 -0.039935 -0.133642 0.021537 0.762219
    21 0.217894 -0.825647 0.038806 3.038690 -0.013998 0.239370
    22 1.774879 -0.000002 0.000001 -0.003380 0.018567 1.449270
    23 -0.011930 -0.409492 0.022487 3.039220 -0.018455 0.224297
    24 1.008837 0.000001 -0.000001 -0.018804 0.000523 0.084476
    25 0.062305 -0.120462 0.017525 3.043570 -0.040149 0.014192
    26 3.773769 0.133240 -0.970558 -0.013186 0.169550 0.017078
    27 0.276640 -0.495263 -0.109455 -3.042850 -0.074739 0.140309
    28 1.433455 -0.000001 0.000002 0.000000 0.000000 1.027147
    29 0.534334 -0.269066 0.018936 -3.047540 -0.084662 0.175451
    30 1.019160 0.000002 -0.000001 0.000000 0.000000 0.420147
    31 0.591927 -0.092812 0.111916 -3.044020 -0.081575 0.092229
    32 1.149530 0.416493 -1.414110 1.637320 0.502658 0.152274
    33 -0.152565 -0.022695 0.475140 0.134276 0.161355 -0.294699
    34 1.263880 0.000000 -0.000001 0.000000 0.000000 0.095331
    35 0.204777 -0.431778 0.089654 0.168587 0.067859 -0.050505
    36 1.188936 0.000000 0.000001 -0.009661 -0.002767 -0.227690
    37 -0.017635 -0.420529 -0.022252 0.227339 0.046996 0.081353
    38 5.427781 -17.823525 -11.294532 -2.739215 -0.565499 -2.479750
    39 -10.722298 -0.506103 -0.017994 1.584990 0.010515 0.041378
    40 -10.822480 -2.006633 -10.618691 -2.118799 -0.293530 -1.098472
    41 0.294731 -0.017813 0.157481 0.029130 0.054919 0.004544
    42 5.740848 0.000000 -0.000001 0.000092 0.000000 -0.000008
    43 10.281296 -0.016083 0.132702 0.000149 0.000000 0.000000
    44 10.295597 0.000001 0.000000 2.207954 0.210892 0.210622
    45 3.183594 1.208008 0.395508 1.726758 0.024383 1.531556
    46 0.000000 1.663440 1.993458 0.000000 0.000000 0.000000
    47 0.000000 0.079149 6.178666 -0.027841 0.000000 0.000000
    48 0.000002 3.466950 2.698286 3.141590 0.003380 3.141580
    49 0.032274 0.082292 -0.974221 0.000000 0.000000 0.000000
    50 0.283657 -0.262681 -0.016718 3.136930 0.073998 -0.078846
    51 3.323318 0.233760 -1.479091 0.474338 0.106875 1.379072
    52 0.422707 -0.406992 0.168743 -2.735260 0.184776 0.303777
    53 0.963103 0.000001 -0.000001 0.038612 -0.004207 0.700147
    54 0.441121 -0.147523 -0.014119 -2.793600 0.005348 0.279055
    55 0.682898 0.000000 0.000000 0.038155 -0.007330 0.781276
    56 0.382509 0.011353 0.014142 -2.816920 -0.081657 0.157045
    57 3.632760 0.059067 -0.757513 0.326256 0.151989 1.274562
    58 0.489260 -0.525216 0.053914 -3.074870 0.011878 0.210808
    59 1.500140 -0.000002 0.000000 0.027886 -0.039271 1.247669
    60 0.467742 -0.219619 0.031131 -3.081490 -0.013760 0.185349
    61 0.905654 0.000000 0.000000 -0.047098 -0.083287 0.703936
    62 0.503673 -0.044144 -0.005648 -3.101730 -0.045027 0.343288
    63 3.799520 0.014976 0.039936 0.325972 0.278797 1.147641
    64 0.352883 -0.530994 0.013656 3.048800 0.018771 0.168551
    65 1.774880 0.000001 0.000000 0.015548 -0.026855 1.207276
    66 0.123960 -0.267018 -0.045197 3.038230 0.016899 0.163207
    67 1.008841 0.000000 0.000000 0.007622 -0.032845 1.063008
    68 -0.091995 -0.117643 -0.068578 3.035060 0.049848 0.104967
    69 3.773758 0.133240 0.970555 0.009971 0.253127 0.024189
    70 0.266356 -0.315424 0.022796 2.894160 -0.011217 0.140937
    71 1.433460 -0.000001 0.000000 0.021781 -0.008209 0.379577
    72 0.232987 -0.175441 0.051954 2.850500 0.105025 0.006572
    73 1.019161 0.000000 0.000000 -0.059191 0.048492 0.887894
    74 0.199651 -0.182736 -0.019174 2.866800 0.015134 0.022335
    75 1.149521 0.416503 1.414108 -1.702297 0.224757 0.805407
    76 -0.259195 -0.126472 -0.187737 -0.320833 -0.178068 -0.144302
    77 1.263870 0.000000 0.000000 0.000000 0.000000 0.198808
    78 -0.023456 -0.272392 0.128637 -0.377946 -0.139541 -0.070537
    79 1.188940 0.000000 0.000000 0.006461 0.000252 0.052438
    80 -0.027065 -0.282838 0.274405 -0.453086 -0.085008 -0.010295
    81 -10.822480 -2.006633 -10.618691 -1.610842 -0.293593 -1.098493
    82 -10.722400 -0.506063 0.017998 0.014153 -0.011625 0.041372
    83 -4.347472 -11.994912 -4.319213 -0.055749 -0.123232 0.162682
  time 109
    0 0.000000 0.000000 0.000000 3.137881 0.003712 -0.000007
    1 0.000000 2.425779 -0.392089 -1.570922 0.000072 0.049377
    2 5.119178 -17.194600 -10.997648 -0.960502 -0.489712 -2.399841
    3 0.237000 -0.019106 -0.353871 -0.031846 -0.060887 0.001610
    4 5.740851 0.000002 0.000000 0.000673 0.000000 0.000000
    5 10.321901 0.003155 0.187182 -0.229226 0.027369 0.027690
    6 10.295601 0.000000 0.000000 2.887924 0.029551 0.350842
    7 0.252449 -0.450151 0.014884 2.961090 -0.113350 -0.085454
    8 3.323328 0.233761 1.479089 -0.333184 0.246184 1.117870
    9 0.331326 -0.384609 -0.028515 2.751210 -0.062475 0.301804
    10 0.963098 0.000000 0.000000 -0.065397 0.021142 0.723355
    11 0.219801 -0.039763 0.000647 2.771360 0.018767 0.255174
    12 0.682896 0.000002 0.000000 -0.066755 -0.016344 0.172093
    13 0.237805 0.264544 -0.007074 2.776430 0.037665 -0.015667
    14 3.632759 0.059072 0.757512 -0.195403 0.113978 0.965168
    15 0.466810 -0.831947 0.013376 2.881400 0.028647 0.343212
    16 1.500140 0.000000 -0.000003 -0.047388 0.059124 1.173983
    17 0.319986 -0.324402 -0.027586 2.877640 0.022726 0.214012
    18 0.905666 0.000000 0.000001 -0.074917 -0.011164 0.131640
    19 0.492504 -0.086171 -0.084238 2.879510 0.064298 0.261627
    20 3.799519 0.014969 -0.039935 -0.133654 0.021537 0.762219
    21 0.217894 -0.825647 0.038806 3.038690 -0.013998 0.239370
    22 1.774879 -0.000002 0.000001 -0.003380 0.018567 1.449270
    23 -0.011930 -0.409492 0.022487 3.039220 -0.018455 0.224297
    24 1.008837 0.000001 -0.000001 -0.018804 0.000523 0.084476
    25 0.062305 -0.120462 0.017525 3.043570 -0.040149 0.014192
    26 3.773769 0.133240 -0.970558 -0.013186 0.169562 0.017078
    27 0.276640 -0.495263 -0.109455 -3.042850 -0.074739 0.140309
    28 1.433455 -0.000001 0.000002 0.000000 0.000000 1.027147
    29 0.534334 -0.269066 0.018936 -3.047540 -0.084662 0.175451
    30 1.019160 0.000002 -0.000001 0.000000 0.000000 0.420171
    31 0.591927 -0.092812 0.111916 -3.044020 -0.081575 0.092229
    32 1.149530 0.416493 -1.414110 1.637320 0.502658 0.152274
    33 -0.152565 -0.022695 0.475140 0.134276 0.161355 -0.294699
    34 1.263880 0.000000 -0.000001 0.000000 0.000000 0.095331
    35 0.204777 -0.431778 0.089654 0.168587 0.067859 -0.050505
    36 1.188936 0.000000 0.000001 -0.009661 -0.002767 -0.227690
    37 -0.017635 -0.420529 -0.022252 0.227339 0.046996 0.081353
    38 5.119178 -17.194600 -10.997648 -2.766460 -0.489761 -2.399878
    39 -10.722298 -0.506103 -0.017994 1.584990 0.010515 0.041378
    40 -10.654506 -1.994914 -10.681193 -2.132938 -0.296139 -1.112187
    41 0.294731 -0.017813 0.157481 0.029130 0.054919 0.004544
    42 5.740848 0.000000 -0.000001 0.000092 0.000000 -0.000008
    43 10.281296 -0.016083 0.132702 0.000149 0.000000 0.000000
    44 10.295597 0.000001 0.000000 2.203545 0.196143 0.235506
    45 3.183594 1.208008 0.395508 1.726758 0.024383 1.531556
    46 0.000000 1.663440 1.993458 0.000000 0.000000 0.000000
    47 0.000000 0.079149 6.178666 -0.027841 0.000000 0.000000
    48 0.000002 3.466950 2.698286 3.141590 0.003380 3.141592
    49 0.032274 0.082292 -0.974221 0.000000 0.000000 0.000000
    50 0.283657 -0.262681 -0.016718 3.136930 0.073998 -0.078846
    51 3.323318 0.233760 -1.479091 0.490110 0.106839 1.379020
    52 0.422707 -0.406992 0.168743 -2.735260 0.184776 0.303777
    53 0.963103 0.000001 -0.000001 0.038612 -0.004207 0.700147
    54 0.441121 -0.147523 -0.014119 -2.793600 0.005348 0.279055
    55 0.682898 0.000000 0.000000 0.038155 -0.007330 0.781276
    56 0.382509 0.011353 0.014142 -2.816920 -0.081657 0.157045
    57 3.632760 0.059067 -0.757513 0.326256 0.151989 1.274562
    58 0.489260 -0.525216 0.053914 -3.074870 0.011878 0.210808
    59 1.500140 -0.000002 0.000000 0.027886 -0.039271 1.247669
    60 0.467742 -0.219619 0.031131 -3.081490 -0.013760 0.185349
    61 0.905654 0.000000 0.000000 -0.036744 -0.077103 0.779510
    62 0.503673 -0.044144 -0.005648 -3.101730 -0.045027 0.343288
    63 3.799520 0.014976 0.039936 0.318889 0.278809 1.147641
    64 0.352883 -0.530994 0.013656 3.048800 0.018771 0.168551
    65 1.774880 0.000001 0.000000 0.015548 -0.026855 1.207276
    66 0.123960 -0.267018 -0.045197 3.038230 0.016899 0.163207
    67 1.008841 0.000000 0.000000 0.008724 -0.032018 1.083002
    68 -0.091995 -0.117643 -0.068578 3.035060 0.049848 0.104967
    69 3.773758 0.133240 0.970555 0.009971 0.253127 0.024189
    70 0.266356 -0.315424 0.022796 2.894160 -0.011217 0.140937
    71 1.433460 -0.000001 0.000000 0.021781 -0.008209 0.379577
    72 0.232987 -0.175441 0.051954 2.850500 0.105025 0.006572
    73 1.019161 0.000000 0.000000 -0.048010 0.040462 0.817235
    74 0.199651 -0.182736 -0.019174 2.866800 0.015134 0.022335
    75 1.149521 0.416503 1.414108 -1.704970 0.223055 0.793192
    76 -0.259195 -0.126472 -0.187737 -0.320833 -0.178068 -0.144302
    77 1.263870 0.000000 0.000000 0.000000 0.000000 0.198808
    78 -0.023456 -0.272392 0.128637 -0.377946 -0.139541 -0.070537
    79 1.188940 0.000000 0.000000 0.006461 0.000252 0.052438
    80 -0.027065 -0.282838 0.274405 -0.453086 -0.085008 -0.010295
    81 -10.654506 -1.994914 -10.681193 -1.624936 -0.296294 -1.112208
    82 -10.722400 -0.506063 0.017998 0.014153 -0.011625 0.041372
    83 -4.245906 -12.131635 -4.428591 -0.033929 -0.101305 0.141660
  time 110
    0 0.000000 0.000000 0.000000 3.137881 0.003712 -0.000007
    1 0.000000 2.437498 -0.392089 -1.570922 0.000072 0.043816
    2 4.791043 -16.667240 -10.712483 -0.983346 -0.414409 -2.334033
    3 0.237000 -0.019106 -0.353871 -0.031846 -0.060887 0.001610
    4 5.740851 0.000002 0.000000 0.000673 0.000000 0.000000
    5 10.321901 0.003155 0.187182 -0.229226 0.027369 0.027690
    6 10.295601 0.000000 0.000000 2.845032 0.045680 0.244017
    7 0.252449 -0.450151 0.014884 2.961090 -0.113350 -0.085454
    8 3.323328 0.233761 1.479089 -0.333184 0.246196 1.117870
    9 0.331326 -0.384609 -0.028515 2.751210 -0.062475 0.301804
    10 0.963098 0.000000 0.000000 -0.065397 0.021142 0.723328
    11 0.219801 -0.039763 0.000647 2.771360 0.018767 0.255174
    12 0.682896 0.000002 0.000000 -0.066755 -0.016344 0.172093
    13 0.237805 0.264544 -0.007074 2.776430 0.037665 -0.015667
    14 3.632759 0.059072 0.757512 -0.195403 0.113978 0.965168
    15 0.466810 -0.831947 0.013376 2.881400 0.028647 0.343212
    16 1.500140 0.000000 -0.000003 -0.047388 0.059124 1.173983
    17 0.319986 -0.324402 -0.027586 2.877640 0.022726 0.214012
    18 0.905666 0.000000 0.000001 -0.074929 -0.011164 0.131640
    19 0.492504 -0.086171 -0.084238 2.879510 0.064298 0.261627
    20 3.799519 0.014969 -0.039935 -0.133666 0.021537 0.762244
    21 0.217894 -0.825647 0.038806 3.038690 -0.013998 0.239370
    22 1.774879 -0.000002 0.000001 -0.003380 0.018567 1.449270
    23 -0.011930 -0.409492 0.022487 3.039220 -0.018455 0.224297
    24 1.008837 0.000001 -0.000001 -0.018828 0.000523 0.084454
    25 0.062305 -0.120462 0.017525 3.043570 -0.040149 0.014192
    26 3.773769 0.133240 -0.970558 -0.013198 0.169574 0.017078
    27 0.276640 -0.495263 -0.109455 -3.042850 -0.074739 0.140309
    28 1.433455 -0.000001 0.000002 0.000000 0.000000 1.027190
    29 0.534334 -0.269066 0.018936 -3.047540 -0.084662 0.175451
    30 1.019160 0.000002 -0.000001 0.000000 0.000000 0.420171
    31 0.591927 -0.092812 0.111916 -3.044020 -0.081575 0.092229
    32 1.149530 0.416493 -1.414110 1.637320 0.502658 0.152274
    33 -0.152565 -0.022695 0.475140 0.134276 0.161355 -0.294699
    34 1.263880 0.000000 -0.000001 0.000000 0.000000 0.095331
    35 0.204777 -0.431778 0.089654 0.168587 0.067859 -0.050505
    36 1.188936 0.000000 0.000001 -0.009661 -0.002767 -0.227690
    37 -0.017635 -0.420529 -0.022252 0.227339 0.046996 0.081353
    38 4.791043 -16.667240 -10.712483 -2.789332 -0.414421 -2.333949
    39 -10.722298 -0.506103 -0.017994 1.584990 0.010515 0.041378
    40 -10.486533 -1.955850 -10.669474 -2.140651 -0.291068 -1.125748
    41 0.294731 -0.017813 0.157481 0.029130 0.054919 0.004544
    42 5.740848 0.000000 -0.000001 0.000092 0.000000 -0.000008
    43 10.281296 -0.016083 0.132702 0.000149 0.000000 0.000000
    44 10.295597 0.000001 0.000000 2.187024 0.186587 0.253162
    45 3.183594 1.208008 0.395508 1.726758 0.024383 1.531556
    46 0.000000 1.663440 1.993458 0.000000 0.000000 0.000000
    47 0.000000 0.079149 6.178666 -0.027841 0.000000 0.000000
    48 0.000002 3.466950 2.698286 3.141590 0.003380 3.141580
    49 0.032274 0.082292 -0.974221 0.000000 0.000000 0.000000
    50 0.283657 -0.262681 -0.016718 3.136930 0.073998 -0.078846
    51 3.323318 0.233760 -1.479091 0.517052 0.106899 1.379072
    52 0.422707 -0.406992 0.168743 -2.735260 0.184776 0.303777
    53 0.963103 0.000001 -0.000001 0.038612 -0.004207 0.700147
    54 0.441121 -0.147523 -0.014119 -2.793600 0.005348 0.279055
    55 0.682898 0.000000 0.000000 0.038155 -0.007330 0.781276
    56 0.382509 0.011353 0.014142 -2.816920 -0.081657 0.157045
    57 3.632760 0.059067 -0.757513 0.326256 0.151989 1.274562
    58 0.489260 -0.525216 0.053914 -3.074870 0.011878 0.210808
    59 1.500140 -0.000002 0.000000 0.027886 -0.039271 1.247669
    60 0.467742 -0.219619 0.031131 -3.081490 -0.013760 0.185349
    61 0.905654 0.000000 0.000000 -0.018899 -0.066653 0.908475
    62 0.503673 -0.044144 -0.005648 -3.101730 -0.045027 0.343288
    63 3.799520 0.014976 0.039936 0.306725 0.278845 1.147669
    64 0.352883 -0.530994 0.013656 3.048800 0.018771 0.168551
    65 1.774880 0.000001 0.000000 0.015548 -0.026855 1.207276
    66 0.123960 -0.267018 -0.045197 3.038230 0.016899 0.163207
    67 1.008841 0.000000 0.000000 0.010582 -0.030616 1.117347
    68 -0.091995 -0.117643 -0.068578 3.035060 0.049848 0.104967
    69 3.773758 0.133240 0.970555 0.009971 0.253127 0.024189
    70 0.266356 -0.315424 0.022796 2.894160 -0.011217 0.140937
    71 1.433460 -0.000001 0.000000 0.021781 -0.008209 0.379577
    72 0.232987 -0.175441 0.051954 2.850500 0.105025 0.006572
    73 1.019161 0.000000 0.000000 -0.028691 0.027111 0.696598
    74 0.199651 -0.182736 -0.019174 2.866800 0.015134 0.022335
    75 1.149521 0.416503 1.414108 -1.709464 0.220211 0.772410
    76 -0.259195 -0.126472 -0.187737 -0.320833 -0.178068 -0.144302
    77 1.263870 0.000000 0.000000 0.000000 0.000000 0.198808
    78 -0.023456 -0.272392 0.128637 -0.377946 -0.139541 -0.070537
    79 1.188940 0.000000 0.000000 0.006461 0.000252 0.052438
    80 -0.027065 -0.282838 0.274405 -0.453086 -0.085008 -0.010295
    81 -10.486533 -1.955850 -10.669474 -1.632680 -0.291094 -1.125820
    82 -10.722400 -0.506063 0.017998 0.014153 -0.011625 0.041372
    83 -4.116996 -12.264452 -4.561408 -0.011967 -0.072650 0.120003
  time 111
    0 0.000000 0.000000 0.000000 3.137881 0.003712 -0.000007
    1 0.000000 2.441404 -0.392089 -1.570922 0.000084 0.038447
    2 4.505878 -16.358637 -10.536696 -0.999617 -0.354579 -2.294067
    3 0.237000 -0.019106 -0.353871 -0.031846 -0.060887 0.001610
    4 5.740851 0.000002 0.000000 0.000673 0.000000 0.000000
    5 10.321901 0.003155 0.187182 -0.229226 0.027369 0.027690
    6 10.295601 0.000000 0.000000 2.808262 0.051304 0.161287
    7 0.252449 -0.450151 0.014884 2.961090 -0.113350 -0.085454
    8 3.323328 0.233761 1.479089 -0.333184 0.246196 1.117870
    9 0.331326 -0.384609 -0.028515 2.751210 -0.062475 0.301804
    10 0.963098 0.000000 0.000000 -0.065409 0.021130 0.723355
    11 0.219801 -0.039763 0.000647 2.771360 0.018767 0.255174
    12 0.682896 0.000002 0.000000 -0.066755 -0.016344 0.172093
    13 0.237805 0.264544 -0.007074 2.776430 0.037665 -0.015667
    14 3.632759 0.059072 0.757512 -0.195403 0.113978 0.965168
    15 0.466810 -0.831947 0.013376 2.881400 0.028647 0.343212
    16 1.500140 0.000000 -0.000003 -0.047388 0.059124 1.173983
    17 0.319986 -0.324402 -0.027586 2.877640 0.022726 0.214012
    18 0.905666 0.000000 0.000001 -0.074929 -0.011164 0.131640
    19 0.492504 -0.086171 -0.084238 2.879510 0.064298 0.261627
    20 3.799519 0.014969 -0.039935 -0.133678 0.021537 0.762244
    21 0.217894 -0.825647 0.038806 3.038690 -0.013998 0.239370
    22 1.774879 -0.000002 0.000001 -0.003380 0.018567 1.449270
    23 -0.011930 -0.409492 0.022487 3.039220 -0.018455 0.224297
    24 1.008837 0.000001 -0.000001 -0.018828 0.000523 0.084476
    25 0.062305 -0.120462 0.017525 3.043570 -0.040149 0.014192
    26 3.773769 0.133240 -0.970558 -0.013198 0.169586 0.017078
    27 0.276640 -0.495263 -0.109455 -3.042850 -0.074739 0.140309
    28 1.433455 -0.000001 0.000002 0.000000 0.000000 1.027190
    29 0.534334 -0.269066 0.018936 -3.047540 -0.084662 0.175451
    30 1.019160 0.000002 -0.000001 0.000000 0.000000 0.420171
    31 0.591927 -0.092812 0.111916 -3.044020 -0.081575 0.092229
    32 1.149530 0.416493 -1.414110 1.637320 0.502658 0.152274
    33 -0.152565 -0.022695 0.475140 0.134276 0.161355 -0.294699
    34 1.263880 0.000000 -0.000001 0.000000 0.000000 0.095331
    35 0.204777 -0.431778 0.089654 0.168587 0.067859 -0.050505
    36 1.188936 0.000000 0.000001 -0.009661 -0.002767 -0.227690
    37 -0.017635 -0.420529 -0.022252 0.227339 0.046996 0.081353
    38 4.505878 -16.358637 -10.536696 -2.805589 -0.354604 -2.294043
    39 -10.722298 -0.506103 -0.017994 1.584990 0.010515 0.041378
    40 -10.361529 -1.916786 -10.646036 -2.142028 -0.283571 -1.134121
    41 0.294731 -0.017813 0.157481 0.029130 0.054919 0.004544
    42 5.740848 0.000000 -0.000001 0.000092 0.000000 -0.000008
    43 10.281296 -0.016083 0.132702 0.000149 0.000000 0.000000
    44 10.295597 0.000001 0.000000 2.163575 0.185687 0.268333
    45 3.183594 1.208008 0.395508 1.726758 0.024383 1.531556
    46 0.000000 1.663440 1.993458 0.000000 0.000000 0.000000
    47 0.000000 0.079149 6.178666 -0.027841 0.000000 0.000000
    48 0.000002 3.466950 2.698286 3.141590 0.003380 3.141580
    49 0.032274 0.082292 -0.974221 0.000000 0.000000 0.000000
    50 0.283657 -0.262681 -0.016718 3.136930 0.073998 -0.078846
    51 3.323318 0.233760 -1.479091 0.547624 0.106863 1.379072
    52 0.422707 -0.406992 0.168743 -2.735260 0.184776 0.303777
    53 0.963103 0.000001 -0.000001 0.038612 -0.004207 0.700147
    54 0.441121 -0.147523 -0.014119 -2.793600 0.005348 0.279055
    55 0.682898 0.000000 0.000000 0.038155 -0.007330 0.781276
    56 0.382509 0.011353 0.014142 -2.816920 -0.081657 0.157045
    57 3.632760 0.059067 -0.757513 0.326256 0.151989 1.274562
    58 0.489260 -0.525216 0.053914 -3.074870 0.011878 0.210808
    59 1.500140 -0.000002 0.000000 0.027886 -0.039271 1.247669
    60 0.467742 -0.219619 0.031131 -3.081490 -0.013760 0.185349
    61 0.905654 0.000000 0.000000 0.001164 -0.054656 1.055010
    62 0.503673 -0.044144 -0.005648 -3.101730 -0.045027 0.343288
    63 3.799520 0.014976 0.039936 0.292931 0.278809 1.147641
    64 0.352883 -0.530994 0.013656 3.048800 0.018771 0.168551
    65 1.774880 0.000001 0.000000 0.015548 -0.026855 1.207276
    66 0.123960 -0.267018 -0.045197 3.038230 0.016899 0.163207
    67 1.008841 0.000000 0.000000 0.012739 -0.028926 1.156093
    68 -0.091995 -0.117643 -0.068578 3.035060 0.049848 0.104967
    69 3.773758 0.133240 0.970555 0.009971 0.253127 0.024189
    70 0.266356 -0.315424 0.022796 2.894160 -0.011217 0.140937
    71 1.433460 -0.000001 0.000000 0.021781 -0.008209 0.379577
    72 0.232987 -0.175441 0.051954 2.850500 0.105025 0.006572
    73 1.019161 0.000000 0.000000 -0.006998 0.011639 0.559657
    74 0.199651 -0.182736 -0.019174 2.866800 0.015134 0.022335
    75 1.149521 0.416503 1.414108 -1.714617 0.216958 0.748900
    76 -0.259195 -0.126472 -0.187737 -0.320833 -0.178068 -0.144302
    77 1.263870 0.000000 0.000000 0.000000 0.000000 0.198808
    78 -0.023456 -0.272392 0.128637 -0.377946 -0.139541 -0.070537
    79 1.188940 0.000000 0.000000 0.006461 0.000252 0.052438
    80 -0.027065 -0.282838 0.274405 -0.453086 -0.085008 -0.010295
    81 -10.361529 -1.916786 -10.646036 -1.634022 -0.283670 -1.134090
    82 -10.722400 -0.506063 0.017998 0.014153 -0.011625 0.041372
    83 -3.991992 -12.373830 -4.702037 0.007168 -0.043757 0.099299
  time 112
    0 0.000000 0.000000 0.000000 3.137881 0.003712 -0.000007
    1 0.000000 2.449217 -0.392089 -1.570922 0.000084 0.033509
    2 4.318372 -16.268790 -10.501539 -1.009873 -0.318392 -2.280304
    3 0.237000 -0.019106 -0.353871 -0.031846 -0.060887 0.001610
    4 5.740851 0.000002 0.000000 0.000673 0.000000 -0.000012
    5 10.321901 0.003155 0.187182 -0.229226 0.027369 0.027690
    6 10.295601 0.000000 0.000000 2.783120 0.050315 0.112379
    7 0.252449 -0.450151 0.014884 2.961090 -0.113350 -0.085454
    8 3.323328 0.233761 1.479089 -0.333199 0.246196 1.117870
    9 0.331326 -0.384609 -0.028515 2.751210 -0.062475 0.301804
    10 0.963098 0.000000 0.000000 -0.065409 0.021130 0.723355
    11 0.219801 -0.039763 0.000647 2.771360 0.018767 0.255174
    12 0.682896 0.000002 0.000000 -0.066755 -0.016344 0.172121
    13 0.237805 0.264544 -0.007074 2.776430 0.037665 -0.015667
    14 3.632759 0.059072 0.757512 -0.195403 0.113978 0.965168
    15 0.466810 -0.831947 0.013376 2.881400 0.028647 0.343212
    16 1.500140 0.000000 -0.000003 -0.047388 0.059124 1.173983
    17 0.319986 -0.324402 -0.027586 2.877640 0.022726 0.214012
    18 0.905666 0.000000 0.000001 -0.074929 -0.011164 0.131640
    19 0.492504 -0.086171 -0.084238 2.879510 0.064298 0.261627
    20 3.799519 0.014969 -0.039935 -0.133678 0.021537 0.762244
    21 0.217894 -0.825647 0.038806 3.038690 -0.013998 0.239370
    22 1.774879 -0.000002 0.000001 -0.003380 0.018567 1.449270
    23 -0.011930 -0.409492 0.022487 3.039220 -0.018455 0.224297
    24 1.008837 0.000001 -0.000001 -0.018840 0.000523 0.084454
    25 0.062305 -0.120462 0.017525 3.043570 -0.040149 0.014192
    26 3.773769 0.133240 -0.970558 -0.013198 0.169586 0.017078
    27 0.276640 -0.495263 -0.109455 -3.042850 -0.074739 0.140309
    28 1.433455 -0.000001 0.000002 0.000000 0.000000 1.027190
    29 0.534334 -0.269066 0.018936 -3.047540 -0.084662 0.175451
    30 1.019160 0.000002 -0.000001 0.000000 0.000000 0.420171
    31 0.591927 -0.092812 0.111916 -3.044020 -0.081575 0.092229
    32 1.149530 0.416493 -1.414110 1.637320 0.502658 0.152274
    33 -0.152565 -0.022695 0.475140 0.134276 0.161355 -0.294699
    34 1.263880 0.000000 -0.000001 0.000000 0.000000 0.095331
    35 0.204777 -0.431778 0.089654 0.168587 0.067859 -0.050505
    36 1.188936 0.000000 0.000001 -0.009661 -0.002767 -0.227690
    37 -0.017635 -0.420529 -0.022252 0.227339 0.046996 0.081353
    38 4.318372 -16.268790 -10.501539 -2.815859 -0.318418 -2.280280
    39 -10.722298 -0.506103 -0.017994 1.584990 0.010515 0.041378
    40 -10.302933 -1.905067 -10.653849 -2.139312 -0.278444 -1.135302
    41 0.294731 -0.017813 0.157481 0.029130 0.054919 0.004544
    42 5.740848 0.000000 -0.000001 0.000092 0.000000 -0.000008
    43 10.281296 -0.016083 0.132702 0.000149 0.000000 0.000000
    44 10.295597 0.000001 0.000000 2.141337 0.193529 0.284182
    45 3.183594 1.208008 0.395508 1.726758 0.024383 1.531556
    46 0.000000 1.663440 1.993458 0.000000 0.000000 0.000000
    47 0.000000 0.079149 6.178666 -0.027841 0.000000 0.000000
    48 0.000002 3.466950 2.698286 3.141590 0.003380 3.141580
    49 0.032274 0.082292 -0.974221 0.000000 0.000000 0.000000
    50 0.283657 -0.262681 -0.016718 3.136930 0.073998 -0.078846
    51 3.323318 0.233760 -1.479091 0.573056 0.106887 1.379072
    52 0.422707 -0.406992 0.168743 -2.735260 0.184776 0.303777
    53 0.963103 0.000001 -0.000001 0.038612 -0.004207 0.700147
    54 0.441121 -0.147523 -0.014119 -2.793600 0.005348 0.279055
    55 0.682898 0.000000 0.000000 0.038155 -0.007330 0.781276
    56 0.382509 0.011353 0.014142 -2.816920 -0.081657 0.157045
    57 3.632760 0.059067 -0.757513 0.326256 0.151989 1.274562
    58 0.489260 -0.525216 0.053914 -3.074870 0.011878 0.210808
    59 1.500140 -0.000002 0.000000 0.027886 -0.039271 1.247669
    60 0.467742 -0.219619 0.031131 -3.081490 -0.013760 0.185349
    61 0.905654 0.000000 0.000000 0.018002 -0.044805 1.176722
    62 0.503673 -0.044144 -0.005648 -3.101730 -0.045027 0.343288
    63 3.799520 0.014976 0.039936 0.281449 0.278809 1.147641
    64 0.352883 -0.530994 0.013656 3.048800 0.018771 0.168551
    65 1.774880 0.000001 0.000000 0.015548 -0.026855 1.207276
    66 0.123960 -0.267018 -0.045197 3.038230 0.016899 0.163207
    67 1.008841 0.000000 0.000000 0.014549 -0.027572 1.188461
    68 -0.091995 -0.117643 -0.068578 3.035060 0.049848 0.104967
    69 3.773758 0.133240 0.970555 0.009971 0.253127 0.024189
    70 0.266356 -0.315424 0.022796 2.894160 -0.011217 0.140937
    71 1.433460 -0.000001 0.000000 0.021781 -0.008209 0.379577
    72 0.232987 -0.175441 0.051954 2.850500 0.105025 0.006572
    73 1.019161 0.000000 0.000000 0.011110 -0.000909 0.445806
    74 0.199651 -0.182736 -0.019174 2.866800 0.015134 0.022335
    75 1.149521 0.416503 1.414108 -1.718824 0.214222 0.729306
    76 -0.259195 -0.126472 -0.187737 -0.320833 -0.178068 -0.144302
    77 1.263870 0.000000 0.000000 0.000000 0.000000 0.198808
    78 -0.023456 -0.272392 0.128637 -0.377946 -0.139541 -0.070537
    79 1.188940 0.000000 0.000000 0.006461 0.000252 0.052438
    80 -0.027065 -0.282838 0.274405 -0.453086 -0.085008 -0.010295
    81 -10.302933 -1.905067 -10.653849 -1.631312 -0.278562 -1.135426
    82 -10.722400 -0.506063 0.017998 0.014153 -0.011625 0.041372
    83 -3.894333 -12.455864 -4.827041 0.021563 -0.021355 0.080310
  time 113
    0 0.000000 0.000000 0.000000 3.137881 0.003712 -0.000007
    1 0.000000 2.460936 -0.392089 -1.570922 0.000084 0.028811
    2 4.177743 -16.260977 -10.485913 -1.016260 -0.298436 -2.278501
    3 0.237000 -0.019106 -0.353871 -0.031846 -0.060887 0.001610
    4 5.740851 0.000002 0.000000 0.000673 0.000000 0.000000
    5 10.321901 0.003155 0.187182 -0.229226 0.027369 0.027690
    6 10.295601 0.000000 0.000000 2.771847 0.051860 0.085234
    7 0.252449 -0.450151 0.014884 2.961090 -0.113350 -0.085454
    8 3.323328 0.233761 1.479089 -0.333199 0.246196 1.117870
    9 0.331326 -0.384609 -0.028515 2.751210 -0.062475 0.301804
    10 0.963098 0.000000 0.000000 -0.065409 0.021142 0.723355
    11 0.219801 -0.039763 0.000647 2.771360 0.018767 0.255174
    12 0.682896 0.000002 0.000000 -0.066755 -0.016344 0.172121
    13 0.237805 0.264544 -0.007074 2.776430 0.037665 -0.015667
    14 3.632759 0.059072 0.757512 -0.195403 0.113990 0.965168
    15 0.466810 -0.831947 0.013376 2.881400 0.028647 0.343212
    16 1.500140 0.000000 -0.000003 -0.047388 0.059124 1.173983
    17 0.319986 -0.324402 -0.027586 2.877640 0.022726 0.214012
    18 0.905666 0.000000 0.000001 -0.074929 -0.011164 0.131640
    19 0.492504 -0.086171 -0.084238 2.879510 0.064298 0.261627
    20 3.799519 0.014969 -0.039935 -0.133678 0.021537 0.762244
    21 0.217894 -0.825647 0.038806 3.038690 -0.013998 0.239370
    22 1.774879 -0.000002 0.000001 -0.003380 0.018567 1.449270
    23 -0.011930 -0.409492 0.022487 3.039220 -0.018455 0.224297
    24 1.008837 0.000001 -0.000001 -0.018840 0.000523 0.084454
    25 0.062305 -0.120462 0.017525 3.043570 -0.040149 0.014192
    26 3.773769 0.133240 -0.970558 -0.013198 0.169586 0.017102
    27 0.276640 -0.495263 -0.109455 -3.042850 -0.074739 0.140309
    28 1.433455 -0.000001 0.000002 0.000000 0.000000 1.027190
    29 0.534334 -0.269066 0.018936 -3.047540 -0.084662 0.175451
    30 1.019160 0.000002 -0.000001 0.000000 0.000000 0.420171
    31 0.591927 -0.092812 0.111916 -3.044020 -0.081575 0.092229
    32 1.149530 0.416493 -1.414110 1.637320 0.502658 0.152274
    33 -0.152565 -0.022695 0.475140 0.134276 0.161355 -0.294699
    34 1.263880 0.000000 -0.000001 0.000000 0.000000 0.095331
    35 0.204777 -0.431778 0.089654 0.168587 0.067859 -0.050505
    36 1.188936 0.000000 0.000001 -0.009661 -0.002767 -0.227690
    37 -0.017635 -0.420529 -0.022252 0.227339 0.046996 0.081353
    38 4.177743 -16.260977 -10.485913 -2.822160 -0.298443 -2.278477
    39 -10.722298 -0.506103 -0.017994 1.584990 0.010515 0.041378
    40 -10.271682 -1.877723 -10.681193 -2.135449 -0.274494 -1.134275
    41 0.294731 -0.017813 0.157481 0.029130 0.054919 0.004544
    42 5.740848 0.000000 -0.000001 0.000092 0.000000 -0.000008
    43 10.281296 -0.016083 0.132702 0.000149 0.000000 0.000000
    44 10.295597 0.000001 0.000000 2.128885 0.207377 0.295438
    45 3.183594 1.208008 0.395508 1.726758 0.024383 1.531556
    46 0.000000 1.663440 1.993458 0.000000 0.000000 0.000000
    47 0.000000 0.079149 6.178666 -0.027841 0.000000 0.000000
    48 0.000002 3.466950 2.698286 3.141590 0.003380 3.141580
    49 0.032274 0.082292 -0.974221 0.000000 0.000000 0.000000
    50 0.283657 -0.262681 -0.016718 3.136930 0.073998 -0.078846
    51 3.323318 0.233760 -1.479091 0.586239 0.106875 1.379020
    52 0.422707 -0.406992 0.168743 -2.735260 0.184776 0.303777
    53 0.963103 0.000001 -0.000001 0.038612 -0.004207 0.700147
    54 0.441121 -0.147523 -0.014119 -2.793600 0.005348 0.279055
    55 0.682898 0.000000 0.000000 0.038155 -0.007330 0.781276
    56 0.382509 0.011353 0.014142 -2.816920 -0.081657 0.157045
    57 3.632760 0.059067 -0.757513 0.326256 0.151989 1.274562
    58 0.489260 -0.525216 0.053914 -3.074870 0.011878 0.210808
    59 1.500140 -0.000002 0.000000 0.027886 -0.039271 1.247669
    60 0.467742 -0.219619 0.031131 -3.081490 -0.013760 0.185349
    61 0.905654 0.000000 0.000000 0.026799 -0.039783 1.239784
    62 0.503673 -0.044144 -0.005648 -3.101730 -0.045027 0.343288
    63 3.799520 0.014976 0.039936 0.275517 0.278809 1.147641
    64 0.352883 -0.530994 0.013656 3.048800 0.018771 0.168551
    65 1.774880 0.000001 0.000000 0.015548 -0.026855 1.207276
    66 0.123960 -0.267018 -0.045197 3.038230 0.016899 0.163207
    67 1.008841 0.000000 0.000000 0.015424 -0.026829 1.205107
    68 -0.091995 -0.117643 -0.068578 3.035060 0.049848 0.104967
    69 3.773758 0.133240 0.970555 0.009971 0.253127 0.024189
    70 0.266356 -0.315424 0.022796 2.894160 -0.011217 0.140937
    71 1.433460 -0.000001 0.000000 0.021781 -0.008209 0.379577
    72 0.232987 -0.175441 0.051954 2.850500 0.105025 0.006572
    73 1.019161 0.000000 0.000000 0.020554 -0.007332 0.386796
    74 0.199651 -0.182736 -0.019174 2.866800 0.015134 0.022335
    75 1.149521 0.416503 1.414108 -1.720993 0.212843 0.719182
    76 -0.259195 -0.126472 -0.187737 -0.320833 -0.178068 -0.144302
    77 1.263870 0.000000 0.000000 0.000000 0.000000 0.198808
    78 -0.023456 -0.272392 0.128637 -0.377946 -0.139541 -0.070537
    79 1.188940 0.000000 0.000000 0.006461 0.000252 0.052438
    80 -0.027065 -0.282838 0.274405 -0.453086 -0.085008 -0.010295
    81 -10.271682 -1.877723 -10.681193 -1.627492 -0.274538 -1.134347
    82 -10.722400 -0.506063 0.017998 0.014153 -0.011625 0.041372
    83 -3.843550 -12.494927 -4.920794 0.028674 -0.010985 0.063035
  time 114
    0 0.000000 0.000000 0.000000 3.137881 0.003712 -0.000007
    1 0.000000 2.460936 -0.392089 -1.570922 0.000084 0.024401
    2 4.033208 -16.292228 -10.450756 -1.019827 -0.288097 -2.279823
    3 0.237000 -0.019106 -0.353871 -0.031846 -0.060887 0.001610
    4 5.740851 0.000002 0.000000 0.000673 0.000000 0.000000
    5 10.321901 0.003155 0.187182 -0.229226 0.027369 0.027690
    6 10.295601 0.000000 0.000000 2.771791 0.058998 0.069968
    7 0.252449 -0.450151 0.014884 2.961090 -0.113350 -0.085454
    8 3.323328 0.233761 1.479089 -0.333199 0.246184 1.117870
    9 0.331326 -0.384609 -0.028515 2.751210 -0.062475 0.301804
    10 0.963098 0.000000 0.000000 -0.065409 0.021118 0.723355
    11 0.219801 -0.039763 0.000647 2.771360 0.018767 0.255174
    12 0.682896 0.000002 0.000000 -0.066755 -0.016344 0.172121
    13 0.237805 0.264544 -0.007074 2.776430 0.037665 -0.015667
    14 3.632759 0.059072 0.757512 -0.195403 0.113990 0.965168
    15 0.466810 -0.831947 0.013376 2.881400 0.028647 0.343212
    16 1.500140 0.000000 -0.000003 -0.047388 0.059124 1.173983
    17 0.319986 -0.324402 -0.027586 2.877640 0.022726 0.214012
    18 0.905666 0.000000 0.000001 -0.074929 -0.011164 0.131640
    19 0.492504 -0.086171 -0.084238 2.879510 0.064298 0.261627
    20 3.799519 0.014969 -0.039935 -0.133690 0.021537 0.762244
    21 0.217894 -0.825647 0.038806 3.038690 -0.013998 0.239370
    22 1.774879 -0.000002 0.000001 -0.003380 0.018567 1.449270
    23 -0.011930 -0.409492 0.022487 3.039220 -0.018455 0.224297
    24 1.008837 0.000001 -0.000001 -0.018852 0.000499 0.084454
    25 0.062305 -0.120462 0.017525 3.043570 -0.040149 0.014192
    26 3.773769 0.133240 -0.970558 -0.013198 0.169586 0.017114
    27 0.276640 -0.495263 -0.109455 -3.042850 -0.074739 0.140309
    28 1.433455 -0.000001 0.000002 0.000000 0.000000 1.027190
    29 0.534334 -0.269066 0.018936 -3.047540 -0.084662 0.175451
    30 1.019160 0.000002 -0.000001 0.000000 0.000000 0.420171
    31 0.591927 -0.092812 0.111916 -3.044020 -0.081575 0.092229
    32 1.149530 0.416493 -1.414110 1.637320 0.502658 0.152274
    33 -0.152565 -0.022695 0.475140 0.134276 0.161355 -0.294699
    34 1.263880 0.000000 -0.000001 0.000000 0.000000 0.095331
    35 0.204777 -0.431778 0.089654 0.168587 0.067859 -0.050505
    36 1.188936 0.000000 0.000001 -0.009661 -0.002767 -0.227690
    37 -0.017635 -0.420529 -0.022252 0.227339 0.046996 0.081353
    38 4.033208 -16.292228 -10.450756 -2.825860 -0.288058 -2.279859
    39 -10.722298 -0.506103 -0.017994 1.584990 0.010515 0.041378
    40 -10.252150 -1.858191 -10.689006 -2.132390 -0.271388 -1.133145
    41 0.294731 -0.017813 0.157481 0.029130 0.054919 0.004544
    42 5.740848 0.000000 -0.000001 0.000092 0.000000 -0.000008
    43 10.281296 -0.016083 0.132702 0.000149 0.000000 0.000000
    44 10.295597 0.000001 0.000000 2.126947 0.224423 0.301819
    45 3.183594 1.208008 0.395508 1.726758 0.024383 1.531556
    46 0.000000 1.663440 1.993458 0.000000 0.000000 0.000000
    47 0.000000 0.079149 6.178666 -0.027841 0.000000 0.000000
    48 0.000002 3.466950 2.698286 3.141590 0.003380 3.141580
    49 0.032274 0.082292 -0.974221 0.000000 0.000000 0.000000
    50 0.283657 -0.262681 -0.016718 3.136930 0.073998 -0.078846
    51 3.323318 0.233760 -1.479091 0.587868 0.106887 1.379020
    52 0.422707 -0.406992 0.168743 -2.735260 0.184776 0.303777
    53 0.963103 0.000001 -0.000001 0.038612 -0.004207 0.700147
    54 0.441121 -0.147523 -0.014119 -2.793600 0.005348 0.279055
    55 0.682898 0.000000 0.000000 0.038155 -0.007330 0.781276
    56 0.382509 0.011353 0.014142 -2.816920 -0.081657 0.157045
    57 3.632760 0.059067 -0.757513 0.326256 0.151989 1.274562
    58 0.489260 -0.525216 0.053914 -3.074870 0.011878 0.210808
    59 1.500140 -0.000002 0.000000 0.027886 -0.039271 1.247669
    60 0.467742 -0.219619 0.031131 -3.081490 -0.013760 0.185349
    61 0.905654 0.000000 0.000000 0.027829 -0.039172 1.247535
    62 0.503673 -0.044144 -0.005648 -3.101730 -0.045027 0.343288
    63 3.799520 0.014976 0.039936 0.274798 0.278797 1.147585
    64 0.352883 -0.530994 0.013656 3.048800 0.018771 0.168551
    65 1.774880 0.000001 0.000000 0.015548 -0.026855 1.207276
    66 0.123960 -0.267018 -0.045197 3.038230 0.016899 0.163207
    67 1.008841 0.000000 0.000000 0.015532 -0.026733 1.207180
    68 -0.091995 -0.117643 -0.068578 3.035060 0.049848 0.104967
    69 3.773758 0.133240 0.970555 0.009971 0.253127 0.024189
    70 0.266356 -0.315424 0.022796 2.894160 -0.011217 0.140937
    71 1.433460 -0.000001 0.000000 0.021781 -0.008209 0.379577
    72 0.232987 -0.175441 0.051954 2.850500 0.105025 0.006572
    73 1.019161 0.000000 0.000000 0.021729 -0.008111 0.379524
    74 0.199651 -0.182736 -0.019174 2.866800 0.015134 0.022335
    75 1.149521 0.416503 1.414108 -1.721269 0.212649 0.717961
    76 -0.259195 -0.126472 -0.187737 -0.320833 -0.178068 -0.144302
    77 1.263870 0.000000 0.000000 0.000000 0.000000 0.198808
    78 -0.023456 -0.272392 0.128637 -0.377946 -0.139541 -0.070537
    79 1.188940 0.000000 0.000000 0.006461 0.000252 0.052438
    80 -0.027065 -0.282838 0.274405 -0.453086 -0.085008 -0.010295
    81 -10.252150 -1.858191 -10.689006 -1.624420 -0.271542 -1.133217
    82 -10.722400 -0.506063 0.017998 0.014153 -0.011625 0.041372
    83 -3.839644 -12.514459 -4.971577 0.029531 -0.011658 0.046713
  time 115
    0 0.000000 0.000000 0.000000 3.137881 0.003712 -0.000007
    1 0.000000 2.468749 -0.399902 -1.570922 0.000084 0.020374
    2 3.876953 -16.331292 -10.376535 -1.022228 -0.282385 -2.282708
    3 0.237000 -0.019106 -0.353871 -0.031846 -0.060887 0.001610
    4 5.740851 0.000002 0.000000 0.000673 0.000000 0.000000
    5 10.321901 0.003155 0.187182 -0.229226 0.027369 0.027690
    6 10.295601 0.000000 0.000000 2.774068 0.067958 0.058727
    7 0.252449 -0.450151 0.014884 2.961090 -0.113350 -0.085454
    8 3.323328 0.233761 1.479089 -0.333199 0.246196 1.117870
    9 0.331326 -0.384609 -0.028515 2.751210 -0.062475 0.301804
    10 0.963098 0.000000 0.000000 -0.065409 0.021118 0.723355
    11 0.219801 -0.039763 0.000647 2.771360 0.018767 0.255174
    12 0.682896 0.000002 0.000000 -0.066755 -0.016344 0.172121
    13 0.237805 0.264544 -0.007074 2.776430 0.037665 -0.015667
    14 3.632759 0.059072 0.757512 -0.195403 0.113990 0.965168
    15 0.466810 -0.831947 0.013376 2.881400 0.028647 0.343212
    16 1.500140 0.000000 -0.000003 -0.047388 0.059124 1.173983
    17 0.319986 -0.324402 -0.027586 2.877640 0.022726 0.214012
    18 0.905666 0.000000 0.000001 -0.074929 -0.011164 0.131640
    19 0.492504 -0.086171 -0.084238 2.879510 0.064298 0.261627
    20 3.799519 0.014969 -0.039935 -0.133690 0.021537 0.762244
    21 0.217894 -0.825647 0.038806 3.038690 -0.013998 0.239370
    22 1.774879 -0.000002 0.000001 -0.003380 0.018567 1.449270
    23 -0.011930 -0.409492 0.022487 3.039220 -0.018455 0.224297
    24 1.008837 0.000001 -0.000001 -0.018840 0.000499 0.084454
    25 0.062305 -0.120462 0.017525 3.043570 -0.040149 0.014192
    26 3.773769 0.133240 -0.970558 -0.013198 0.169586 0.017102
    27 0.276640 -0.495263 -0.109455 -3.042850 -0.074739 0.140309
    28 1.433455 -0.000001 0.000002 0.000000 0.000000 1.027190
    29 0.534334 -0.269066 0.018936 -3.047540 -0.084662 0.175451
    30 1.019160 0.000002 -0.000001 0.000000 0.000000 0.420171
    31 0.591927 -0.092812 0.111916 -3.044020 -0.081575 0.092229
    32 1.149530 0.416493 -1.414110 1.637320 0.502658 0.152274
    33 -0.152565 -0.022695 0.475140 0.134276 0.161355 -0.294699
    34 1.263880 0.000000 -0.000001 0.000000 0.000000 0.095331
    35 0.204777 -0.431778 0.089654 0.168587 0.067859 -0.050505
    36 1.188936 0.000000 0.000001 -0.009661 -0.002767 -0.227690
    37 -0.017635 -0.420529 -0.022252 0.227339 0.046996 0.081353
    38 3.876953 -16.331292 -10.376535 -2.828215 -0.282304 -2.282684
    39 -10.722298 -0.506103 -0.017994 1.584990 0.010515 0.041378
    40 -10.236525 -1.842565 -10.700725 -2.130962 -0.271039 -1.131758
    41 0.294731 -0.017813 0.157481 0.029130 0.054919 0.004544
    42 5.740848 0.000000 -0.000001 0.000092 0.000000 -0.000008
    43 10.281296 -0.016083 0.132702 0.000149 0.000000 0.000000
    44 10.295597 0.000001 0.000000 2.127771 0.241238 0.308840
    45 3.183594 1.208008 0.395508 1.726758 0.024383 1.531556
    46 0.000000 1.663440 1.993458 0.000000 0.000000 0.000000
    47 0.000000 0.079149 6.178666 -0.027841 0.000000 0.000000
    48 0.000002 3.466950 2.698286 3.141590 0.003380 3.141580
    49 0.032274 0.082292 -0.974221 0.000000 0.000000 0.000000
    50 0.283657 -0.262681 -0.016718 3.136930 0.073998 -0.078846
    51 3.323318 0.233760 -1.479091 0.587868 0.106887 1.379020
    52 0.422707 -0.406992 0.168743 -2.735260 0.184776 0.303777
    53 0.963103 0.000001 -0.000001 0.038612 -0.004207 0.700147
    54 0.441121 -0.147523 -0.014119 -2.793600 0.005348 0.279055
    55 0.682898 0.000000 0.000000 0.038155 -0.007330 0.781276
    56 0.382509 0.011353 0.014142 -2.816920 -0.081657 0.157045
    57 3.632760 0.059067 -0.757513 0.326256 0.151989 1.274562
    58 0.489260 -0.525216 0.053914 -3.074870 0.011878 0.210808
    59 1.500140 -0.000002 0.000000 0.027886 -0.039271 1.247669
    60 0.467742 -0.219619 0.031131 -3.081490 -0.013760 0.185349
    61 0.905654 0.000000 0.000000 0.027829 -0.039184 1.247535
    62 0.503673 -0.044144 -0.005648 -3.101730 -0.045027 0.343288
    63 3.799520 0.014976 0.039936 0.274786 0.278797 1.147585
    64 0.352883 -0.530994 0.013656 3.048800 0.018771 0.168551
    65 1.774880 0.000001 0.000000 0.015548 -0.026855 1.207276
    66 0.123960 -0.267018 -0.045197 3.038230 0.016899 0.163207
    67 1.008841 0.000000 0.000000 0.015532 -0.026733 1.207212
    68 -0.091995 -0.117643 -0.068578 3.035060 0.049848 0.104967
    69 3.773758 0.133240 0.970555 0.009971 0.253127 0.024189
    70 0.266356 -0.315424 0.022796 2.894160 -0.011217 0.140937
    71 1.433460 -0.000001 0.000000 0.021781 -0.008209 0.379577
    72 0.232987 -0.175441 0.051954 2.850500 0.105025 0.006572
    73 1.019161 0.000000 0.000000 0.021729 -0.008111 0.379524
    74 0.199651 -0.182736 -0.019174 2.866800 0.015134 0.022335
    75 1.149521 0.416503 1.414108 -1.721269 0.212649 0.717961
    76 -0.259195 -0.126472 -0.187737 -0.320833 -0.178068 -0.144302
    77 1.263870 0.000000 0.000000 0.000000 0.000000 0.198808
    78 -0.023456 -0.272392 0.128637 -0.377946 -0.139541 -0.070537
    79 1.188940 0.000000 0.000000 0.006461 0.000252 0.052438
    80 -0.027065 -0.282838 0.274405 -0.453086 -0.085008 -0.010295
    81 -10.236525 -1.842565 -10.700725 -1.622974 -0.271083 -1.131830
    82 -10.722400 -0.506063 0.017998 0.014153 -0.011625 0.041372
    83 -3.847456 -12.526178 -4.983296 0.027903 -0.014468 0.030645
  time 116
    0 0.000000 0.000000 0.000000 3.137881 0.003712 -0.000007
    1 0.000000 2.480468 -0.399902 -1.570922 0.000084 0.016635
    2 3.720698 -16.385981 -10.278876 -1.023580 -0.280686 -2.286254
    3 0.237000 -0.019106 -0.353871 -0.031846 -0.060887 0.001610
    4 5.740851 0.000002 0.000000 0.000673 0.000000 0.000000
    5 10.321901 0.003155 0.187182 -0.229226 0.027369 0.027690
    6 10.295601 0.000000 0.000000 2.777782 0.077135 0.049161
    7 0.252449 -0.450151 0.014884 2.961090 -0.113350 -0.085454
    8 3.323328 0.233761 1.479089 -0.333199 0.246184 1.117870
    9 0.331326 -0.384609 -0.028515 2.751210 -0.062475 0.301804
    10 0.963098 0.000000 0.000000 -0.065409 0.021118 0.723355
    11 0.219801 -0.039763 0.000647 2.771360 0.018767 0.255174
    12 0.682896 0.000002 0.000000 -0.066755 -0.016344 0.172121
    13 0.237805 0.264544 -0.007074 2.776430 0.037665 -0.015667
    14 3.632759 0.059072 0.757512 -0.195403 0.113978 0.965168
    15 0.466810 -0.831947 0.013376 2.881400 0.028647 0.343212
    16 1.500140 0.000000 -0.000003 -0.047388 0.059124 1.173983
    17 0.319986 -0.324402 -0.027586 2.877640 0.022726 0.214012
    18 0.905666 0.000000 0.000001 -0.074929 -0.011164 0.131640
    19 0.492504 -0.086171 -0.084238 2.879510 0.064298 0.261627
    20 3.799519 0.014969 -0.039935 -0.133690 0.021537 0.762244
    21 0.217894 -0.825647 0.038806 3.038690 -0.013998 0.239370
    22 1.774879 -0.000002 0.000001 -0.003380 0.018567 1.449270
    23 -0.011930 -0.409492 0.022487 3.039220 -0.018455 0.224297
    24 1.008837 0.000001 -0.000001 -0.018852 0.000523 0.084454
    25 0.062305 -0.120462 0.017525 3.043570 -0.040149 0.014192
    26 3.773769 0.133240 -0.970558 -0.013198 0.169598 0.017102
    27 0.276640 -0.495263 -0.109455 -3.042850 -0.074739 0.140309
    28 1.433455 -0.000001 0.000002 0.000000 0.000000 1.027190
    29 0.534334 -0.269066 0.018936 -3.047540 -0.084662 0.175451
    30 1.019160 0.000002 -0.000001 0.000000 0.000000 0.420171
    31 0.591927 -0.092812 0.111916 -3.044020 -0.081575 0.092229
    32 1.149530 0.416493 -1.414110 1.637320 0.502658 0.152274
    33 -0.152565 -0.022695 0.475140 0.134276 0.161355 -0.294699
    34 1.263880 0.000000 -0.000001 0.000000 0.000000 0.095331
    35 0.204777 -0.431778 0.089654 0.168587 0.067859 -0.050505
    36 1.188936 0.000000 0.000001 -0.009661 -0.002767 -0.227690
    37 -0.017635 -0.420529 -0.022252 0.227339 0.046996 0.081353
    38 3.720698 -16.385981 -10.278876 -2.829560 -0.280639 -2.286230
    39 -10.722298 -0.506103 -0.017994 1.584990 0.010515 0.041378
    40 -10.232619 -1.838659 -10.708538 -2.130554 -0.272013 -1.130371
    41 0.294731 -0.017813 0.157481 0.029130 0.054919 0.004544
    42 5.740848 0.000000 -0.000001 0.000092 0.000000 -0.000008
    43 10.281296 -0.016083 0.132702 0.000149 0.000000 0.000000
    44 10.295597 0.000001 0.000000 2.128643 0.258354 0.313810
    45 3.183594 1.208008 0.395508 1.726758 0.024383 1.531556
    46 0.000000 1.663440 1.993458 0.000000 0.000000 0.000000
    47 0.000000 0.079149 6.178666 -0.027841 0.000000 0.000000
    48 0.000002 3.466950 2.698286 3.141590 0.003380 3.141580
    49 0.032274 0.082292 -0.974221 0.000000 0.000000 0.000000
    50 0.283657 -0.262681 -0.016718 3.136930 0.073998 -0.078846
    51 3.323318 0.233760 -1.479091 0.587868 0.106887 1.379007
    52 0.422707 -0.406992 0.168743 -2.735260 0.184776 0.303777
    53 0.963103 0.000001 -0.000001 0.038612 -0.004207 0.700147
    54 0.441121 -0.147523 -0.014119 -2.793600 0.005348 0.279055
    55 0.682898 0.000000 0.000000 0.038155 -0.007330 0.781276
    56 0.382509 0.011353 0.014142 -2.816920 -0.081657 0.157045
    57 3.632760 0.059067 -0.757513 0.326256 0.151989 1.274562
    58 0.489260 -0.525216 0.053914 -3.074870 0.011878 0.210808
    59 1.500140 -0.000002 0.000000 0.027886 -0.039271 1.247669
    60 0.467742 -0.219619 0.031131 -3.081490 -0.013760 0.185349
    61 0.905654 0.000000 0.000000 0.027829 -0.039184 1.247516
    62 0.503673 -0.044144 -0.005648 -3.101730 -0.045027 0.343288
    63 3.799520 0.014976 0.039936 0.274798 0.278797 1.147585
    64 0.352883 -0.530994 0.013656 3.048800 0.018771 0.168551
    65 1.774880 0.000001 0.000000 0.015548 -0.026855 1.207276
    66 0.123960 -0.267018 -0.045197 3.038230 0.016899 0.163207
    67 1.008841 0.000000 0.000000 0.015532 -0.026733 1.207212
    68 -0.091995 -0.117643 -0.068578 3.035060 0.049848 0.104967
    69 3.773758 0.133240 0.970555 0.009971 0.253127 0.024189
    70 0.266356 -0.315424 0.022796 2.894160 -0.011217 0.140937
    71 1.433460 -0.000001 0.000000 0.021781 -0.008209 0.379577
    72 0.232987 -0.175441 0.051954 2.850500 0.105025 0.006572
    73 1.019161 0.000000 0.000000 0.021729 -0.008111 0.379524
    74 0.199651 -0.182736 -0.019174 2.866800 0.015134 0.022335
    75 1.149521 0.416503 1.414108 -1.721269 0.212649 0.717961
    76 -0.259195 -0.126472 -0.187737 -0.320833 -0.178068 -0.144302
    77 1.263870 0.000000 0.000000 0.000000 0.000000 0.198808
    78 -0.023456 -0.272392 0.128637 -0.377946 -0.139541 -0.070537
    79 1.188940 0.000000 0.000000 0.006461 0.000252 0.052438
    80 -0.027065 -0.282838 0.274405 -0.453086 -0.085008 -0.010295
    81 -10.232619 -1.838659 -10.708538 -1.622536 -0.272130 -1.130392
    82 -10.722400 -0.506063 0.017998 0.014153 -0.011625 0.041372
    83 -3.866988 -12.530085 -4.959858 0.022848 -0.017199 0.015085
  time 117
    0 0.000000 0.000000 0.000000 3.137881 0.003712 -0.000007
    1 0.000000 2.484375 -0.399902 -1.570922 0.000084 0.013231
    2 3.591788 -16.464109 -10.161685 -1.022531 -0.287627 -2.291242
    3 0.237000 -0.019106 -0.353871 -0.031846 -0.060887 0.001610
    4 5.740851 0.000002 0.000000 0.000673 0.000000 -0.000012
    5 10.321901 0.003155 0.187182 -0.229226 0.027369 0.027690
    6 10.295601 0.000000 0.000000 2.784875 0.084674 0.043840
    7 0.252449 -0.450151 0.014884 2.961090 -0.113350 -0.085454
    8 3.323328 0.233761 1.479089 -0.333199 0.246221 1.117870
    9 0.331326 -0.384609 -0.028515 2.751210 -0.062475 0.301804
    10 0.963098 0.000000 0.000000 -0.065421 0.021106 0.723328
    11 0.219801 -0.039763 0.000647 2.771360 0.018767 0.255174
    12 0.682896 0.000002 0.000000 -0.066755 -0.016344 0.172121
    13 0.237805 0.264544 -0.007074 2.776430 0.037665 -0.015667
    14 3.632759 0.059072 0.757512 -0.195403 0.113990 0.965168
    15 0.466810 -0.831947 0.013376 2.881400 0.028647 0.343212
    16 1.500140 0.000000 -0.000003 -0.047388 0.059124 1.173983
    17 0.319986 -0.324402 -0.027586 2.877640 0.022726 0.214012
    18 0.905666 0.000000 0.000001 -0.074929 -0.011164 0.131640
    19 0.492504 -0.086171 -0.084238 2.879510 0.064298 0.261627
    20 3.799519 0.014969 -0.039935 -0.133690 0.021525 0.762244
    21 0.217894 -0.825647 0.038806 3.038690 -0.013998 0.239370
    22 1.774879 -0.000002 0.000001 -0.003380 0.018567 1.449270
    23 -0.011930 -0.409492 0.022487 3.039220 -0.018455 0.224297
    24 1.008837 0.000001 -0.000001 -0.018864 0.000499 0.084454
    25 0.062305 -0.120462 0.017525 3.043570 -0.040149 0.014192
    26 3.773769 0.133240 -0.970558 -0.013198 0.169598 0.017102
    27 0.276640 -0.495263 -0.109455 -3.042850 -0.074739 0.140309
    28 1.433455 -0.000001 0.000002 0.000000 0.000000 1.027190
    29 0.534334 -0.269066 0.018936 -3.047540 -0.084662 0.175451
    30 1.019160 0.000002 -0.000001 0.000000 0.000000 0.420171
    31 0.591927 -0.092812 0.111916 -3.044020 -0.081575 0.092229
    32 1.149530 0.416493 -1.414110 1.637332 0.502658 0.152274
    33 -0.152565 -0.022695 0.475140 0.134276 0.161355 -0.294699
    34 1.263880 0.000000 -0.000001 0.000000 0.000000 0.095331
    35 0.204777 -0.431778 0.089654 0.168587 0.067859 -0.050505
    36 1.188936 0.000000 0.000001 -0.009661 -0.002767 -0.227690
    37 -0.017635 -0.420529 -0.022252 0.227339 0.046996 0.081353
    38 3.591788 -16.464109 -10.161685 -2.828417 -0.287515 -2.291278
    39 -10.722298 -0.506103 -0.017994 1.584990 0.010515 0.041378
    40 -10.232619 -1.838659 -10.708538 -2.130630 -0.273207 -1.129446
    41 0.294731 -0.017813 0.157481 0.029130 0.054919 0.004544
    42 5.740848 0.000000 -0.000001 0.000092 0.000000 -0.000008
    43 10.281296 -0.016083 0.132702 0.000149 0.000000 0.000000
    44 10.295597 0.000001 0.000000 2.127383 0.275611 0.310214
    45 3.183594 1.208008 0.395508 1.726758 0.024383 1.531556
    46 0.000000 1.663440 1.993458 0.000000 0.000000 0.000000
    47 0.000000 0.079149 6.178666 -0.027841 0.000000 0.000000
    48 0.000002 3.466950 2.698286 3.141590 0.003380 3.141580
    49 0.032274 0.082292 -0.974221 0.000000 0.000000 0.000000
    50 0.283657 -0.262681 -0.016718 3.136930 0.073998 -0.078846
    51 3.323318 0.233760 -1.479091 0.587868 0.106887 1.379020
    52 0.422707 -0.406992 0.168743 -2.735260 0.184776 0.303777
    53 0.963103 0.000001 -0.000001 0.038612 -0.004207 0.700147
    54 0.441121 -0.147523 -0.014119 -2.793600 0.005348 0.279055
    55 0.682898 0.000000 0.000000 0.038155 -0.007330 0.781276
    56 0.382509 0.011353 0.014142 -2.816920 -0.081657 0.157045
    57 3.632760 0.059067 -0.757513 0.326256 0.151989 1.274562
    58 0.489260 -0.525216 0.053914 -3.074870 0.011878 0.210808
    59 1.500140 -0.000002 0.000000 0.027886 -0.039271 1.247669
    60 0.467742 -0.219619 0.031131 -3.081490 -0.013760 0.185349
    61 0.905654 0.000000 0.000000 0.027829 -0.039184 1.247535
    62 0.503673 -0.044144 -0.005648 -3.101730 -0.045027 0.343288
    63 3.799520 0.014976 0.039936 0.274798 0.278797 1.147585
    64 0.352883 -0.530994 0.013656 3.048800 0.018771 0.168551
    65 1.774880 0.000001 0.000000 0.015548 -0.026855 1.207276
    66 0.123960 -0.267018 -0.045197 3.038230 0.016899 0.163207
    67 1.008841 0.000000 0.000000 0.015532 -0.026733 1.207180
    68 -0.091995 -0.117643 -0.068578 3.035060 0.049848 0.104967
    69 3.773758 0.133240 0.970555 0.009971 0.253127 0.024189
    70 0.266356 -0.315424 0.022796 2.894160 -0.011217 0.140937
    71 1.433460 -0.000001 0.000000 0.021781 -0.008209 0.379577
    72 0.232987 -0.175441 0.051954 2.850500 0.105025 0.006572
    73 1.019161 0.000000 0.000000 0.021729 -0.008111 0.379524
    74 0.199651 -0.182736 -0.019174 2.866800 0.015134 0.022335
    75 1.149521 0.416503 1.414108 -1.721269 0.212649 0.717961
    76 -0.259195 -0.126472 -0.187737 -0.320833 -0.178068 -0.144302
    77 1.263870 0.000000 0.000000 0.000000 0.000000 0.198808
    78 -0.023456 -0.272392 0.128637 -0.377946 -0.139541 -0.070537
    79 1.188940 0.000000 0.000000 0.006461 0.000252 0.052438
    80 -0.027065 -0.282838 0.274405 -0.453086 -0.085008 -0.010295
    81 -10.232619 -1.838659 -10.708538 -1.622665 -0.273380 -1.129467
    82 -10.722400 -0.506063 0.017998 0.014153 -0.011625 0.041372
    83 -3.890426 -12.514459 -4.920794 0.010139 -0.019653 0.003082
  time 118
    0 0.000000 0.000000 0.000000 3.137881 0.003712 -0.000007
    1 0.000000 2.488281 -0.399902 -1.570922 0.000084 0.010211
    2 3.509754 -16.510985 -10.075745 -1.020759 -0.295797 -2.295629
    3 0.237000 -0.019106 -0.353871 -0.031846 -0.060887 0.001610
    4 5.740851 0.000002 0.000000 0.000673 0.000000 -0.000012
    5 10.321901 0.003155 0.187182 -0.229226 0.027369 0.027690
    6 10.295601 0.000000 0.000000 2.790810 0.089000 0.042604
    7 0.252449 -0.450151 0.014884 2.961090 -0.113350 -0.085454
    8 3.323328 0.233761 1.479089 -0.333199 0.246221 1.117870
    9 0.331326 -0.384609 -0.028515 2.751210 -0.062475 0.301804
    10 0.963098 0.000000 0.000000 -0.065421 0.021118 0.723355
    11 0.219801 -0.039763 0.000647 2.771360 0.018767 0.255174
    12 0.682896 0.000002 0.000000 -0.066755 -0.016344 0.172121
    13 0.237805 0.264544 -0.007074 2.776430 0.037665 -0.015667
    14 3.632759 0.059072 0.757512 -0.195403 0.113990 0.965168
    15 0.466810 -0.831947 0.013376 2.881400 0.028647 0.343212
    16 1.500140 0.000000 -0.000003 -0.047388 0.059124 1.173983
    17 0.319986 -0.324402 -0.027586 2.877640 0.022726 0.214012
    18 0.905666 0.000000 0.000001 -0.074929 -0.011164 0.131640
    19 0.492504 -0.086171 -0.084238 2.879510 0.064298 0.261627
    20 3.799519 0.014969 -0.039935 -0.133690 0.021525 0.762244
    21 0.217894 -0.825647 0.038806 3.038690 -0.013998 0.239370
    22 1.774879 -0.000002 0.000001 -0.003380 0.018567 1.449270
    23 -0.011930 -0.409492 0.022487 3.039220 -0.018455 0.224297
    24 1.008837 0.000001 -0.000001 -0.018864 0.000487 0.084454
    25 0.062305 -0.120462 0.017525 3.043570 -0.040149 0.014192
    26 3.773769 0.133240 -0.970558 -0.013198 0.169598 0.017102
    27 0.276640 -0.495263 -0.109455 -3.042850 -0.074739 0.140309
    28 1.433455 -0.000001 0.000002 0.000000 0.000000 1.027190
    29 0.534334 -0.269066 0.018936 -3.047540 -0.084662 0.175451
    30 1.019160 0.000002 -0.000001 0.000000 0.000000 0.420171
    31 0.591927 -0.092812 0.111916 -3.044020 -0.081575 0.092229
    32 1.149530 0.416493 -1.414110 1.637320 0.502658 0.152274
    33 -0.152565 -0.022695 0.475140 0.134276 0.161355 -0.294699
    34 1.263880 0.000000 -0.000001 0.000000 0.000000 0.095331
    35 0.204777 -0.431778 0.089654 0.168587 0.067859 -0.050505
    36 1.188936 0.000000 0.000001 -0.009661 -0.002767 -0.227690
    37 -0.017635 -0.420529 -0.022252 0.227339 0.046996 0.081353
    38 3.509754 -16.510985 -10.075745 -2.826802 -0.295801 -2.295605
    39 -10.722298 -0.506103 -0.017994 1.584990 0.010515 0.041378
    40 -10.236525 -1.834753 -10.708538 -2.131370 -0.274659 -1.128984
    41 0.294731 -0.017813 0.157481 0.029130 0.054919 0.004544
    42 5.740848 0.000000 -0.000001 0.000092 0.000000 -0.000008
    43 10.281296 -0.016083 0.132702 0.000149 0.000000 0.000000
    44 10.295597 0.000001 0.000000 2.126172 0.286456 0.305189
    45 3.183594 1.208008 0.395508 1.726758 0.024383 1.531556
    46 0.000000 1.663440 1.993458 0.000000 0.000000 0.000000
    47 0.000000 0.079149 6.178666 -0.027841 0.000000 0.000000
    48 0.000002 3.466950 2.698286 3.141590 0.003380 3.141580
    49 0.032274 0.082292 -0.974221 0.000000 0.000000 0.000000
    50 0.283657 -0.262681 -0.016718 3.136930 0.073998 -0.078846
    51 3.323318 0.233760 -1.479091 0.587868 0.106887 1.379020
    52 0.422707 -0.406992 0.168743 -2.735260 0.184776 0.303777
    53 0.963103 0.000001 -0.000001 0.038612 -0.004207 0.700147
    54 0.441121 -0.147523 -0.014119 -2.793600 0.005348 0.279055
    55 0.682898 0.000000 0.000000 0.038155 -0.007330 0.781276
    56 0.382509 0.011353 0.014142 -2.816920 -0.081657 0.157045
    57 3.632760 0.059067 -0.757513 0.326256 0.151989 1.274562
    58 0.489260 -0.525216 0.053914 -3.074870 0.011878 0.210808
    59 1.500140 -0.000002 0.000000 0.027886 -0.039271 1.247669
    60 0.467742 -0.219619 0.031131 -3.081490 -0.013760 0.185349
    61 0.905654 0.000000 0.000000 0.027829 -0.039184 1.247535
    62 0.503673 -0.044144 -0.005648 -3.101730 -0.045027 0.343288
    63 3.799520 0.014976 0.039936 0.274810 0.278797 1.147585
    64 0.352883 -0.530994 0.013656 3.048800 0.018771 0.168551
    65 1.774880 0.000001 0.000000 0.015548 -0.026855 1.207276
    66 0.123960 -0.267018 -0.045197 3.038230 0.016899 0.163207
    67 1.008841 0.000000 0.000000 0.015532 -0.026733 1.207180
    68 -0.091995 -0.117643 -0.068578 3.035060 0.049848 0.104967
    69 3.773758 0.133240 0.970555 0.009971 0.253127 0.024189
    70 0.266356 -0.315424 0.022796 2.894160 -0.011217 0.140937
    71 1.433460 -0.000001 0.000000 0.021781 -0.008209 0.379577
    72 0.232987 -0.175441 0.051954 2.850500 0.105025 0.006572
    73 1.019161 0.000000 0.000000 0.021729 -0.008111 0.379524
    74 0.199651 -0.182736 -0.019174 2.866800 0.015134 0.022335
    75 1.149521 0.416503 1.414108 -1.721269 0.212649 0.717961
    76 -0.259195 -0.126472 -0.187737 -0.320833 -0.178068 -0.144302
    77 1.263870 0.000000 0.000000 0.000000 0.000000 0.198808
    78 -0.023456 -0.272392 0.128637 -0.377946 -0.139541 -0.070537
    79 1.188940 0.000000 0.000000 0.006461 0.000252 0.052438
    80 -0.027065 -0.282838 0.274405 -0.453086 -0.085008 -0.010295
    81 -10.236525 -1.834753 -10.708538 -1.623284 -0.274795 -1.129159
    82 -10.722400 -0.506063 0.017998 0.014153 -0.011625 0.041372
    83 -3.906052 -12.487115 -4.885637 -0.000857 -0.021157 -0.003460
  time 119
    0 0.000000 0.000000 0.000000 3.137881 0.003712 -0.000007
    1 0.000000 2.488281 -0.399902 -1.570922 0.000084 0.007478
    2 3.474597 -16.546142 -10.032774 -1.019081 -0.303172 -2.298995
    3 0.237000 -0.019106 -0.353871 -0.031846 -0.060887 0.001610
    4 5.740851 0.000002 0.000000 0.000673 0.000000 -0.000012
    5 10.321901 0.003155 0.187182 -0.229226 0.027369 0.027690
    6 10.295601 0.000000 0.000000 2.791277 0.091101 0.048344
    7 0.252449 -0.450151 0.014884 2.961090 -0.113350 -0.085454
    8 3.323328 0.233761 1.479089 -0.333199 0.246221 1.117870
    9 0.331326 -0.384609 -0.028515 2.751210 -0.062475 0.301804
    10 0.963098 0.000000 0.000000 -0.065421 0.021118 0.723355
    11 0.219801 -0.039763 0.000647 2.771360 0.018767 0.255174
    12 0.682896 0.000002 0.000000 -0.066755 -0.016344 0.172121
    13 0.237805 0.264544 -0.007074 2.776430 0.037665 -0.015667
    14 3.632759 0.059072 0.757512 -0.195403 0.113990 0.965168
    15 0.466810 -0.831947 0.013376 2.881400 0.028647 0.343212
    16 1.500140 0.000000 -0.000003 -0.047388 0.059124 1.173983
    17 0.319986 -0.324402 -0.027586 2.877640 0.022726 0.214012
    18 0.905666 0.000000 0.000001 -0.074929 -0.011164 0.131640
    19 0.492504 -0.086171 -0.084238 2.879510 0.064298 0.261627
    20 3.799519 0.014969 -0.039935 -0.133690 0.021525 0.762244
    21 0.217894 -0.825647 0.038806 3.038690 -0.013998 0.239370
    22 1.774879 -0.000002 0.000001 -0.003380 0.018567 1.449270
    23 -0.011930 -0.409492 0.022487 3.039220 -0.018455 0.224297
    24 1.008837 0.000001 -0.000001 -0.018876 0.000487 0.084454
    25 0.062305 -0.120462 0.017525 3.043570 -0.040149 0.014192
    26 3.773769 0.133240 -0.970558 -0.013198 0.169598 0.017102
    27 0.276640 -0.495263 -0.109455 -3.042850 -0.074739 0.140309
    28 1.433455 -0.000001 0.000002 0.000000 0.000000 1.027190
    29 0.534334 -0.269066 0.018936 -3.047540 -0.084662 0.175451
    30 1.019160 0.000002 -0.000001 0.000000 0.000000 0.420171
    31 0.591927 -0.092812 0.111916 -3.044020 -0.081575 0.092229
    32 1.149530 0.416493 -1.414110 1.637320 0.502658 0.152274
    33 -0.152565 -0.022695 0.475140 0.134276 0.161355 -0.294699
    34 1.263880 0.000000 -0.000001 0.000000 0.000000 0.095331
    35 0.204777 -0.431778 0.089654 0.168587 0.067859 -0.050505
    36 1.188936 0.000000 0.000001 -0.009661 -0.002767 -0.227690
    37 -0.017635 -0.420529 -0.022252 0.227339 0.046996 0.081353
    38 3.474597 -16.546142 -10.032774 -2.825120 -0.303075 -2.299031
    39 -10.722298 -0.506103 -0.017994 1.584990 0.010515 0.041378
    40 -10.263870 -1.846472 -10.689006 -2.135551 -0.282101 -1.127597
    41 0.294731 -0.017813 0.157481 0.029130 0.054919 0.004544
    42 5.740848 0.000000 -0.000001 0.000092 0.000000 -0.000008
    43 10.281296 -0.016083 0.132702 0.000149 0.000000 0.000000
    44 10.295597 0.000001 0.000000 2.128643 0.285344 0.311890
    45 3.183594 1.208008 0.395508 1.726758 0.024383 1.531556
    46 0.000000 1.663440 1.993458 0.000000 0.000000 0.000000
    47 0.000000 0.079149 6.178666 -0.027841 0.000000 0.000000
    48 0.000002 3.466950 2.698286 3.141590 0.003380 3.141580
    49 0.032274 0.082292 -0.974221 0.000000 0.000000 0.000000
    50 0.283657 -0.262681 -0.016718 3.136930 0.073998 -0.078846
    51 3.323318 0.233760 -1.479091 0.587868 0.106887 1.379020
    52 0.422707 -0.406992 0.168743 -2.735260 0.184776 0.303777
    53 0.963103 0.000001 -0.000001 0.038612 -0.004207 0.700147
    54 0.441121 -0.147523 -0.014119 -2.793600 0.005348 0.279055
    55 0.682898 0.000000 0.000000 0.038155 -0.007330 0.781276
    56 0.382509 0.011353 0.014142 -2.816920 -0.081657 0.157045
    57 3.632760 0.059067 -0.757513 0.326256 0.151989 1.274562
    58 0.489260 -0.525216 0.053914 -3.074870 0.011878 0.210808
    59 1.500140 -0.000002 0.000000 0.027886 -0.039271 1.247669
    60 0.467742 -0.219619 0.031131 -3.081490 -0.013760 0.185349
    61 0.905654 0.000000 0.000000 0.027829 -0.039184 1.247535
    62 0.503673 -0.044144 -0.005648 -3.101730 -0.045027 0.343288
    63 3.799520 0.014976 0.039936 0.274786 0.278797 1.147585
    64 0.352883 -0.530994 0.013656 3.048800 0.018771 0.168551
    65 1.774880 0.000001 0.000000 0.015548 -0.026855 1.207276
    66 0.123960 -0.267018 -0.045197 3.038230 0.016899 0.163207
    67 1.008841 0.000000 0.000000 0.015520 -0.026733 1.207180
    68 -0.091995 -0.117643 -0.068578 3.035060 0.049848 0.104967
    69 3.773758 0.133240 0.970555 0.009971 0.253127 0.024189
    70 0.266356 -0.315424 0.022796 2.894160 -0.011217 0.140937
    71 1.433460 -0.000001 0.000000 0.021781 -0.008209 0.379577
    72 0.232987 -0.175441 0.051954 2.850500 0.105025 0.006572
    73 1.019161 0.000000 0.000000 0.021729 -0.008111 0.379524
    74 0.199651 -0.182736 -0.019174 2.866800 0.015134 0.022335
    75 1.149521 0.416503 1.414108 -1.721269 0.212649 0.717961
    76 -0.259195 -0.126472 -0.187737 -0.320833 -0.178068 -0.144302
    77 1.263870 0.000000 0.000000 0.000000 0.000000 0.198808
    78 -0.023456 -0.272392 0.128637 -0.377946 -0.139541 -0.070537
    79 1.188940 0.000000 0.000000 0.006461 0.000252 0.052438
    80 -0.027065 -0.282838 0.274405 -0.453086 -0.085008 -0.010295
    81 -10.263870 -1.846472 -10.689006 -1.627466 -0.282200 -1.127618
    82 -10.722400 -0.506063 0.017998 0.014153 -0.011625 0.041372
    83 -3.929490 -12.467583 -4.795790 -0.003142 -0.021553 -0.005111
  time 120
    0 0.000000 0.000000 0.000000 3.137881 0.003712 -0.000007
    1 0.000000 2.492187 -0.399902 -1.570922 0.000084 0.005177
    2 3.455065 -16.557861 -10.013243 -1.018661 -0.305486 -2.300437
    3 0.237000 -0.019106 -0.353871 -0.031846 -0.060887 0.001610
    4 5.740851 0.000002 0.000000 0.000673 0.000000 0.000000
    5 10.321901 0.003155 0.187182 -0.229226 0.027369 0.027690
    6 10.295601 0.000000 0.000000 2.791221 0.090978 0.051214
    7 0.252449 -0.450151 0.014884 2.961090 -0.113350 -0.085454
    8 3.323328 0.233761 1.479089 -0.333209 0.246217 1.117906
    9 0.331326 -0.384609 -0.028515 2.751210 -0.062475 0.301804
    10 0.963098 0.000000 0.000000 -0.065421 0.021118 0.723381
    11 0.219801 -0.039763 0.000647 2.771360 0.018767 0.255174
    12 0.682896 0.000002 0.000000 -0.066772 -0.016348 0.172137
    13 0.237805 0.264544 -0.007074 2.776430 0.037665 -0.015667
    14 3.632759 0.059072 0.757512 -0.195412 0.113991 0.965182
    15 0.466810 -0.831947 0.013376 2.881400 0.028647 0.343212
    16 1.500140 0.000000 -0.000003 -0.047410 0.059127 1.174020
    17 0.319986 -0.324402 -0.027586 2.877640 0.022726 0.214012
    18 0.905666 0.000000 0.000001 -0.074935 -0.011189 0.131692
    19 0.492504 -0.086171 -0.084238 2.879510 0.064298 0.261627
    20 3.799519 0.014969 -0.039935 -0.133690 0.021525 0.762244
    21 0.217894 -0.825647 0.038806 3.038690 -0.013998 0.239370
    22 1.774879 -0.000002 0.000001 -0.003387 0.018587 1.449295
    23 -0.011930 -0.409492 0.022487 3.039220 -0.018455 0.224297
    24 1.008837 0.000001 -0.000001 -0.018876 0.000487 0.084476
    25 0.062305 -0.120462 0.017525 3.043570 -0.040149 0.014192
    26 3.773769 0.133240 -0.970558 -0.013200 0.169597 0.017129
    27 0.276640 -0.495263 -0.109455 -3.042850 -0.074739 0.140309
    28 1.433455 -0.000001 0.000002 0.000000 0.000000 1.027190
    29 0.534334 -0.269066 0.018936 -3.047540 -0.084662 0.175451
    30 1.019160 0.000002 -0.000001 0.000000 0.000000 0.420183
    31 0.591927 -0.092812 0.111916 -3.044020 -0.081575 0.092229
    32 1.149530 0.416493 -1.414110 1.637313 0.502666 0.152269
    33 -0.152565 -0.022695 0.475140 0.134276 0.161355 -0.294699
    34 1.263880 0.000000 -0.000001 0.000000 0.000000 0.095331
    35 0.204777 -0.431778 0.089654 0.168587 0.067859 -0.050505
    36 1.188936 0.000000 0.000001 -0.009661 -0.002767 -0.227692
    37 -0.017635 -0.420529 -0.022252 0.227339 0.046996 0.081353
    38 3.455065 -16.557861 -10.013243 -2.824649 -0.305427 -2.300473
    39 -10.722298 -0.506103 -0.017994 1.584990 0.010515 0.041378
    40 -10.291214 -1.854285 -10.681193 -2.138229 -0.285445 -1.127854
    41 0.294731 -0.017813 0.157481 0.029130 0.054919 0.004544
    42 5.740848 0.000000 -0.000001 0.000092 0.000000 -0.000008
    43 10.281296 -0.016083 0.132702 0.000149 0.000000 0.000000
    44 10.295597 0.000001 0.000000 2.130823 0.282253 0.315240
    45 3.183594 1.209961 0.395508 1.726761 0.024381 1.531556
    46 0.000000 1.663440 1.993458 0.000000 0.000000 0.000000
    47 0.000000 0.079149 6.178666 -0.027841 0.000000 0.000000
    48 0.000002 3.466950 2.698286 3.141593 0.004367 3.141593
    49 0.032274 0.082292 -0.974221 0.000000 0.000000 0.000000
    50 0.283657 -0.262681 -0.016718 3.136930 0.073998 -0.078846
    51 3.323318 0.233760 -1.479091 0.587868 0.106887 1.379020
    52 0.422707 -0.406992 0.168743 -2.735260 0.184776 0.303777
    53 0.963103 0.000001 -0.000001 0.038624 -0.004207 0.700147
    54 0.441121 -0.147523 -0.014119 -2.793600 0.005348 0.279055
    55 0.682898 0.000000 0.000000 0.038155 -0.007330 0.781276
    56 0.382509 0.011353 0.014142 -2.816920 -0.081657 0.157045
    57 3.632760 0.059067 -0.757513 0.326256 0.151989 1.274562
    58 0.489260 -0.525216 0.053914 -3.074870 0.011878 0.210808
    59 1.500140 -0.000002 0.000000 0.027886 -0.039274 1.247669
    60 0.467742 -0.219619 0.031131 -3.081490 -0.013760 0.185349
    61 0.905654 0.000000 0.000000 0.027829 -0.039184 1.247516
    62 0.503673 -0.044144 -0.005648 -3.101730 -0.045027 0.343288
    63 3.799520 0.014976 0.039936 0.274798 0.278797 1.147585
    64 0.352883 -0.530994 0.013656 3.048800 0.018771 0.168551
    65 1.774880 0.000001 0.000000 0.015546 -0.026858 1.207274
    66 0.123960 -0.267018 -0.045197 3.038230 0.016899 0.163207
    67 1.008841 0.000000 0.000000 0.015532 -0.026733 1.207180
    68 -0.091995 -0.117643 -0.068578 3.035060 0.049848 0.104967
    69 3.773758 0.133240 0.970555 0.009971 0.253127 0.024189
    70 0.266356 -0.315424 0.022796 2.894160 -0.011217 0.140937
    71 1.433460 -0.000001 0.000000 0.021781 -0.008209 0.379577
    72 0.232987 -0.175441 0.051954 2.850500 0.105025 0.006572
    73 1.019161 0.000000 0.000000 0.021729 -0.008111 0.379524
    74 0.199651 -0.182736 -0.019174 2.866800 0.015134 0.022335
    75 1.149521 0.416503 1.414108 -1.721269 0.212649 0.717961
    76 -0.259195 -0.126472 -0.187737 -0.320833 -0.178068 -0.144302
    77 1.263870 0.000000 0.000000 0.000000 0.000000 0.198808
    78 -0.023456 -0.272392 0.128637 -0.377946 -0.139541 -0.070537
    79 1.188940 0.000000 0.000000 0.006461 0.000252 0.052438
    80 -0.027065 -0.282838 0.274405 -0.453086 -0.085008 -0.010295
    81 -10.291214 -1.854285 -10.681193 -1.630254 -0.285563 -1.127875
    82 -10.722400 -0.506063 0.017998 0.014153 -0.011625 0.041372
    83 -3.968554 -12.471489 -4.741101 -0.002885 -0.021553 -0.004984
  time 121
    0 0.000000 0.000000 0.000000 3.137881 0.003712 -0.000007
    1 0.000000 2.500000 -0.399902 -1.570970 0.000084 0.003356
    2 3.443346 -16.546142 -10.017149 -1.019407 -0.303244 -2.300197
    3 0.237000 -0.019106 -0.353871 -0.031846 -0.060887 0.001610
    4 5.740851 0.000002 0.000000 0.000673 0.000000 -0.000012
    5 10.321901 0.003155 0.187182 -0.229226 0.027369 0.027690
    6 10.295601 0.000000 0.000000 2.791127 0.089494 0.050396
    7 0.252449 -0.450151 0.014884 2.961090 -0.113350 -0.085454
    8 3.323328 0.233761 1.479089 -0.333209 0.246217 1.117906
    9 0.331326 -0.384609 -0.028515 2.751210 -0.062475 0.301804
    10 0.963098 0.000000 0.000000 -0.065421 0.021118 0.723381
    11 0.219801 -0.039763 0.000647 2.771360 0.018767 0.255174
    12 0.682896 0.000002 0.000000 -0.066772 -0.016348 0.172137
    13 0.237805 0.264544 -0.007074 2.776430 0.037665 -0.015667
    14 3.632759 0.059072 0.757512 -0.195412 0.113991 0.965182
    15 0.466810 -0.831947 0.013376 2.881400 0.028647 0.343212
    16 1.500140 0.000000 -0.000003 -0.047410 0.059127 1.174020
    17 0.319986 -0.324402 -0.027586 2.877640 0.022726 0.214012
    18 0.905666 0.000000 0.000001 -0.074935 -0.011189 0.131692
    19 0.492504 -0.086171 -0.084238 2.879510 0.064298 0.261627
    20 3.799519 0.014969 -0.039935 -0.133690 0.021525 0.762244
    21 0.217894 -0.825647 0.038806 3.038690 -0.013998 0.239370
    22 1.774879 -0.000002 0.000001 -0.003387 0.018587 1.449295
    23 -0.011930 -0.409492 0.022487 3.039220 -0.018455 0.224297
    24 1.008837 0.000001 -0.000001 -0.018876 0.000511 0.084476
    25 0.062305 -0.120462 0.017525 3.043570 -0.040149 0.014192
    26 3.773769 0.133240 -0.970558 -0.013200 0.169597 0.017129
    27 0.276640 -0.495263 -0.109455 -3.042850 -0.074739 0.140309
    28 1.433455 -0.000001 0.000002 0.000000 0.000000 1.027190
    29 0.534334 -0.269066 0.018936 -3.047540 -0.084662 0.175451
    30 1.019160 0.000002 -0.000001 0.000000 0.000000 0.420183
    31 0.591927 -0.092812 0.111916 -3.044020 -0.081575 0.092229
    32 1.149530 0.416493 -1.414110 1.637313 0.502666 0.152269
    33 -0.152565 -0.022695 0.475140 0.134276 0.161355 -0.294699
    34 1.263880 0.000000 -0.000001 0.000000 0.000000 0.095331
    35 0.204777 -0.431778 0.089654 0.168587 0.067859 -0.050505
    36 1.188936 0.000000 0.000001 -0.009661 -0.002767 -0.227692
    37 -0.017635 -0.420529 -0.022252 0.227339 0.046996 0.081353
    38 3.443346 -16.546142 -10.017149 -2.825389 -0.303220 -2.300173
    39 -10.722298 -0.506103 -0.017994 1.584990 0.010515 0.041378
    40 -10.302933 -1.850378 -10.673380 -2.138777 -0.284159 -1.129652
    41 0.294731 -0.017813 0.157481 0.029130 0.054919 0.004544
    42 5.740848 0.000000 -0.000001 0.000092 0.000000 -0.000008
    43 10.281296 -0.016083 0.132702 0.000149 0.000000 0.000000
    44 10.295597 0.000001 0.000000 2.131695 0.279797 0.314054
    45 3.183594 1.209961 0.395508 1.726761 0.024381 1.531556
    46 0.000000 1.663440 1.993458 0.000000 0.000000 0.000000
    47 0.000000 0.079149 6.178666 -0.027841 0.000000 0.000000
    48 0.000002 3.466950 2.698286 3.141593 0.004367 3.141593
    49 0.032274 0.082292 -0.974221 0.000000 0.000000 0.000000
    50 0.283657 -0.262681 -0.016718 3.136930 0.073998 -0.078846
    51 3.323318 0.233760 -1.479091 0.587868 0.106887 1.379020
    52 0.422707 -0.406992 0.168743 -2.735260 0.184776 0.303777
    53 0.963103 0.000001 -0.000001 0.038624 -0.004207 0.700147
    54 0.441121 -0.147523 -0.014119 -2.793600 0.005348 0.279055
    55 0.682898 0.000000 0.000000 0.038155 -0.007330 0.781276
    56 0.382509 0.011353 0.014142 -2.816920 -0.081657 0.157045
    57 3.632760 0.059067 -0.757513 0.326256 0.151989 1.274562
    58 0.489260 -0.525216 0.053914 -3.074870 0.011878 0.210808
    59 1.500140 -0.000002 0.000000 0.027886 -0.039274 1.247669
    60 0.467742 -0.219619 0.031131 -3.081490 -0.013760 0.185349
    61 0.905654 0.000000 0.000000 0.027829 -0.039184 1.247516
    62 0.503673 -0.044144 -0.005648 -3.101730 -0.045027 0.343288
    63 3.799520 0.014976 0.039936 0.274798 0.278797 1.147585
    64 0.352883 -0.530994 0.013656 3.048800 0.018771 0.168551
    65 1.774880 0.000001 0.000000 0.015546 -0.026858 1.207274
    66 0.123960 -0.267018 -0.045197 3.038230 0.016899 0.163207
    67 1.008841 0.000000 0.000000 0.015532 -0.026733 1.207180
    68 -0.091995 -0.117643 -0.068578 3.035060 0.049848 0.104967
    69 3.773758 0.133240 0.970555 0.009971 0.253127 0.024189
    70 0.266356 -0.315424 0.022796 2.894160 -0.011217 0.140937
    71 1.433460 -0.000001 0.000000 0.021781 -0.008209 0.379577
    72 0.232987 -0.175441 0.051954 2.850500 0.105025 0.006572
    73 1.019161 0.000000 0.000000 0.021729 -0.008111 0.379524
    74 0.199651 -0.182736 -0.019174 2.866800 0.015134 0.022335
    75 1.149521 0.416503 1.414108 -1.721269 0.212649 0.717961
    76 -0.259195 -0.126472 -0.187737 -0.320833 -0.178068 -0.144302
    77 1.263870 0.000000 0.000000 0.000000 0.000000 0.198808
    78 -0.023456 -0.272392 0.128637 -0.377946 -0.139541 -0.070537
    79 1.188940 0.000000 0.000000 0.006461 0.000252 0.052438
    80 -0.027065 -0.282838 0.274405 -0.453086 -0.085008 -0.010295
    81 -10.302933 -1.850378 -10.673380 -1.630692 -0.284258 -1.129724
    82 -10.722400 -0.506063 0.017998 0.014153 -0.011625 0.041372
    83 -3.991992 -12.479302 -4.752820 -0.001714 -0.021316 -0.004095
  time 122
    0 0.000000 0.000000 0.000000 3.137881 0.003712 -0.000007
    1 0.000000 2.500000 -0.399902 -1.570970 0.000084 0.001870
    2 3.439439 -16.542236 -10.017149 -1.019780 -0.301907 -2.300017
    3 0.237000 -0.019106 -0.353871 -0.031846 -0.060887 0.001610
    4 5.740851 0.000002 0.000000 0.000673 0.000000 0.000000
    5 10.321901 0.003155 0.187182 -0.229226 0.027369 0.027690
    6 10.295601 0.000000 0.000000 2.790997 0.088691 0.050038
    7 0.252449 -0.450151 0.014884 2.961090 -0.113350 -0.085454
    8 3.323328 0.233761 1.479089 -0.333209 0.246217 1.117906
    9 0.331326 -0.384609 -0.028515 2.751210 -0.062475 0.301804
    10 0.963098 0.000000 0.000000 -0.065421 0.021118 0.723381
    11 0.219801 -0.039763 0.000647 2.771360 0.018767 0.255174
    12 0.682896 0.000002 0.000000 -0.066772 -0.016348 0.172137
    13 0.237805 0.264544 -0.007074 2.776430 0.037665 -0.015667
    14 3.632759 0.059072 0.757512 -0.195412 0.113991 0.965182
    15 0.466810 -0.831947 0.013376 2.881400 0.028647 0.343212
    16 1.500140 0.000000 -0.000003 -0.047410 0.059127 1.174020
    17 0.319986 -0.324402 -0.027586 2.877640 0.022726 0.214012
    18 0.905666 0.000000 0.000001 -0.074935 -0.011189 0.131692
    19 0.492504 -0.086171 -0.084238 2.879510 0.064298 0.261627
    20 3.799519 0.014969 -0.039935 -0.133678 0.021525 0.762244
    21 0.217894 -0.825647 0.038806 3.038690 -0.013998 0.239370
    22 1.774879 -0.000002 0.000001 -0.003387 0.018587 1.449295
    23 -0.011930 -0.409492 0.022487 3.039220 -0.018455 0.224297
    24 1.008837 0.000001 -0.000001 -0.018876 0.000487 0.084454
    25 0.062305 -0.120462 0.017525 3.043570 -0.040149 0.014192
    26 3.773769 0.133240 -0.970558 -0.013200 0.169597 0.017129
    27 0.276640 -0.495263 -0.109455 -3.042850 -0.074739 0.140309
    28 1.433455 -0.000001 0.000002 0.000000 0.000000 1.027190
    29 0.534334 -0.269066 0.018936 -3.047540 -0.084662 0.175451
    30 1.019160 0.000002 -0.000001 0.000000 0.000000 0.420183
    31 0.591927 -0.092812 0.111916 -3.044020 -0.081575 0.092229
    32 1.149530 0.416493 -1.414110 1.637313 0.502666 0.152269
    33 -0.152565 -0.022695 0.475140 0.134276 0.161355 -0.294699
    34 1.263880 0.000000 -0.000001 0.000000 0.000000 0.095331
    35 0.204777 -0.431778 0.089654 0.168587 0.067859 -0.050505
    36 1.188936 0.000000 0.000001 -0.009661 -0.002767 -0.227692
    37 -0.017635 -0.420529 -0.022252 0.227339 0.046996 0.081353
    38 3.439439 -16.542236 -10.017149 -2.825793 -0.301881 -2.299993
    39 -10.722298 -0.506103 -0.017994 1.584990 0.010515 0.041378
    40 -10.306840 -1.846472 -10.673380 -2.138942 -0.283332 -1.130525
    41 0.294731 -0.017813 0.157481 0.029130 0.054919 0.004544
    42 5.740848 0.000000 -0.000001 0.000092 0.000000 -0.000008
    43 10.281296 -0.016083 0.132702 0.000149 0.000000 0.000000
    44 10.295597 0.000001 0.000000 2.132228 0.278526 0.313433
    45 3.183594 1.209961 0.395508 1.726761 0.024381 1.531556
    46 0.000000 1.663440 1.993458 0.000000 0.000000 0.000000
    47 0.000000 0.079149 6.178666 -0.027841 0.000000 0.000000
    48 0.000002 3.466950 2.698286 3.141593 0.004367 3.141593
    49 0.032274 0.082292 -0.974221 0.000000 0.000000 0.000000
    50 0.283657 -0.262681 -0.016718 3.136930 0.073998 -0.078846
    51 3.323318 0.233760 -1.479091 0.587868 0.106887 1.379020
    52 0.422707 -0.406992 0.168743 -2.735260 0.184776 0.303777
    53 0.963103 0.000001 -0.000001 0.038624 -0.004207 0.700147
    54 0.441121 -0.147523 -0.014119 -2.793600 0.005348 0.279055
    55 0.682898 0.000000 0.000000 0.038155 -0.007330 0.781276
    56 0.382509 0.011353 0.014142 -2.816920 -0.081657 0.157045
    57 3.632760 0.059067 -0.757513 0.326256 0.151989 1.274562
    58 0.489260 -0.525216 0.053914 -3.074870 0.011878 0.210808
    59 1.500140 -0.000002 0.000000 0.027886 -0.039274 1.247669
    60 0.467742 -0.219619 0.031131 -3.081490 -0.013760 0.185349
    61 0.905654 0.000000 0.000000 0.027829 -0.039184 1.247516
    62 0.503673 -0.044144 -0.005648 -3.101730 -0.045027 0.343288
    63 3.799520 0.014976 0.039936 0.274798 0.278797 1.147585
    64 0.352883 -0.530994 0.013656 3.048800 0.018771 0.168551
    65 1.774880 0.000001 0.000000 0.015546 -0.026858 1.207274
    66 0.123960 -0.267018 -0.045197 3.038230 0.016899 0.163207
    67 1.008841 0.000000 0.000000 0.015520 -0.026733 1.207180
    68 -0.091995 -0.117643 -0.068578 3.035060 0.049848 0.104967
    69 3.773758 0.133240 0.970555 0.009971 0.253127 0.024189
    70 0.266356 -0.315424 0.022796 2.894160 -0.011217 0.140937
    71 1.433460 -0.000001 0.000000 0.021781 -0.008209 0.379577
    72 0.232987 -0.175441 0.051954 2.850500 0.105025 0.006572
    73 1.019161 0.000000 0.000000 0.021729 -0.008111 0.379524
    74 0.199651 -0.182736 -0.019174 2.866800 0.015134 0.022335
    75 1.149521 0.416503 1.414108 -1.721269 0.212649 0.717961
    76 -0.259195 -0.126472 -0.187737 -0.320833 -0.178068 -0.144302
    77 1.263870 0.000000 0.000000 0.000000 0.000000 0.198808
    78 -0.023456 -0.272392 0.128637 -0.377946 -0.139541 -0.070537
    79 1.188940 0.000000 0.000000 0.006461 0.000252 0.052438
    80 -0.027065 -0.282838 0.274405 -0.453086 -0.085008 -0.010295
    81 -10.306840 -1.846472 -10.673380 -1.630899 -0.283505 -1.130700
    82 -10.722400 -0.506063 0.017998 0.014153 -0.011625 0.041372
    83 -3.999805 -12.483208 -4.764539 -0.000857 -0.021157 -0.003650
  time 123
    0 0.000000 0.000000 0.000000 3.137881 0.003712 -0.000007
    1 0.000000 2.500000 -0.399902 -1.570970 0.000084 0.000671
    2 3.439439 -16.542236 -10.017149 -1.019780 -0.301907 -2.300017
    3 0.237000 -0.019106 -0.353871 -0.031846 -0.060887 0.001610
    4 5.740851 0.000002 0.000000 0.000673 0.000000 0.000000
    5 10.321901 0.003155 0.187182 -0.229226 0.027369 0.027690
    6 10.295601 0.000000 0.000000 2.790941 0.088691 0.050038
    7 0.252449 -0.450151 0.014884 2.961090 -0.113350 -0.085454
    8 3.323328 0.233761 1.479089 -0.333209 0.246217 1.117906
    9 0.331326 -0.384609 -0.028515 2.751210 -0.062475 0.301804
    10 0.963098 0.000000 0.000000 -0.065421 0.021118 0.723381
    11 0.219801 -0.039763 0.000647 2.771360 0.018767 0.255174
    12 0.682896 0.000002 0.000000 -0.066772 -0.016348 0.172137
    13 0.237805 0.264544 -0.007074 2.776430 0.037665 -0.015667
    14 3.632759 0.059072 0.757512 -0.195412 0.113991 0.965182
    15 0.466810 -0.831947 0.013376 2.881400 0.028647 0.343212
    16 1.500140 0.000000 -0.000003 -0.047410 0.059127 1.174020
    17 0.319986 -0.324402 -0.027586 2.877640 0.022726 0.214012
    18 0.905666 0.000000 0.000001 -0.074935 -0.011189 0.131692
    19 0.492504 -0.086171 -0.084238 2.879510 0.064298 0.261627
    20 3.799519 0.014969 -0.039935 -0.133690 0.021513 0.762244
    21 0.217894 -0.825647 0.038806 3.038690 -0.013998 0.239370
    22 1.774879 -0.000002 0.000001 -0.003387 0.018587 1.449295
    23 -0.011930 -0.409492 0.022487 3.039220 -0.018455 0.224297
    24 1.008837 0.000001 -0.000001 -0.018888 0.000511 0.084454
    25 0.062305 -0.120462 0.017525 3.043570 -0.040149 0.014192
    26 3.773769 0.133240 -0.970558 -0.013200 0.169597 0.017129
    27 0.276640 -0.495263 -0.109455 -3.042850 -0.074739 0.140309
    28 1.433455 -0.000001 0.000002 0.000000 0.000000 1.027190
    29 0.534334 -0.269066 0.018936 -3.047540 -0.084662 0.175451
    30 1.019160 0.000002 -0.000001 0.000000 0.000000 0.420183
    31 0.591927 -0.092812 0.111916 -3.044020 -0.081575 0.092229
    32 1.149530 0.416493 -1.414110 1.637313 0.502666 0.152269
    33 -0.152565 -0.022695 0.475140 0.134276 0.161355 -0.294699
    34 1.263880 0.000000 -0.000001 0.000000 0.000000 0.095331
    35 0.204777 -0.431778 0.089654 0.168587 0.067859 -0.050505
    36 1.188936 0.000000 0.000001 -0.009661 -0.002767 -0.227692
    37 -0.017635 -0.420529 -0.022252 0.227339 0.046996 0.081353
    38 3.439439 -16.542236 -10.017149 -2.825793 -0.301881 -2.299993
    39 -10.722298 -0.506103 -0.017994 1.584990 0.010515 0.041378
    40 -10.306840 -1.846472 -10.673380 -2.138942 -0.283332 -1.130525
    41 0.294731 -0.017813 0.157481 0.029130 0.054919 0.004544
    42 5.740848 0.000000 -0.000001 0.000092 0.000000 -0.000008
    43 10.281296 -0.016083 0.132702 0.000149 0.000000 0.000000
    44 10.295597 0.000001 0.000000 2.132228 0.278526 0.313414
    45 3.183594 1.209961 0.395508 1.726761 0.024381 1.531556
    46 0.000000 1.663440 1.993458 0.000000 0.000000 0.000000
    47 0.000000 0.079149 6.178666 -0.027841 0.000000 0.000000
    48 0.000002 3.466950 2.698286 3.141593 0.004367 3.141593
    49 0.032274 0.082292 -0.974221 0.000000 0.000000 0.000000
    50 0.283657 -0.262681 -0.016718 3.136930 0.073998 -0.078846
    51 3.323318 0.233760 -1.479091 0.587868 0.106875 1.379072
    52 0.422707 -0.406992 0.168743 -2.735260 0.184776 0.303777
    53 0.963103 0.000001 -0.000001 0.038624 -0.004207 0.700147
    54 0.441121 -0.147523 -0.014119 -2.793600 0.005348 0.279055
    55 0.682898 0.000000 0.000000 0.038155 -0.007330 0.781276
    56 0.382509 0.011353 0.014142 -2.816920 -0.081657 0.157045
    57 3.632760 0.059067 -0.757513 0.326256 0.151989 1.274562
    58 0.489260 -0.525216 0.053914 -3.074870 0.011878 0.210808
    59 1.500140 -0.000002 0.000000 0.027886 -0.039274 1.247669
    60 0.467742 -0.219619 0.031131 -3.081490 -0.013760 0.185349
    61 0.905654 0.000000 0.000000 0.027829 -0.039208 1.247572
    62 0.503673 -0.044144 -0.005648 -3.101730 -0.045027 0.343288
    63 3.799520 0.014976 0.039936 0.274810 0.278809 1.147641
    64 0.352883 -0.530994 0.013656 3.048800 0.018771 0.168551
    65 1.774880 0.000001 0.000000 0.015546 -0.026858 1.207274
    66 0.123960 -0.267018 -0.045197 3.038230 0.016899 0.163207
    67 1.008841 0.000000 0.000000 0.015532 -0.026757 1.207180
    68 -0.091995 -0.117643 -0.068578 3.035060 0.049848 0.104967
    69 3.773758 0.133240 0.970555 0.009971 0.253127 0.024189
    70 0.266356 -0.315424 0.022796 2.894160 -0.011217 0.140937
    71 1.433460 -0.000001 0.000000 0.021781 -0.008209 0.379577
    72 0.232987 -0.175441 0.051954 2.850500 0.105025 0.006572
    73 1.019161 0.000000 0.000000 0.021741 -0.008123 0.379571
    74 0.199651 -0.182736 -0.019174 2.866800 0.015134 0.022335
    75 1.149521 0.416503 1.414108 -1.721269 0.212649 0.717961
    76 -0.259195 -0.126472 -0.187737 -0.320833 -0.178068 -0.144302
    77 1.263870 0.000000 0.000000 0.000000 0.000000 0.198808
    78 -0.023456 -0.272392 0.128637 -0.377946 -0.139541 -0.070537
    79 1.188940 0.000000 0.000000 0.006461 0.000252 0.052438
    80 -0.027065 -0.282838 0.274405 -0.453086 -0.085008 -0.010295
    81 -10.306840 -1.846472 -10.673380 -1.630899 -0.283505 -1.130700
    82 -10.722400 -0.506063 0.017998 0.014153 -0.011625 0.041372
    83 -3.999805 -12.483208 -4.764539 -0.000857 -0.021157 -0.003650
  time 124
    0 0.000000 0.000000 0.000000 3.137881 0.003712 -0.000007
    1 0.000000 2.500000 -0.399902 -1.570970 0.000084 0.000096
    2 3.439439 -16.542236 -10.017149 -1.019780 -0.301907 -2.300017
    3 0.237000 -0.019106 -0.353871 -0.031846 -0.060887 0.001610
    4 5.740851 0.000002 0.000000 0.000673 0.000000 0.000000
    5 10.321901 0.003155 0.187182 -0.229226 0.027369 0.027690
    6 10.295601 0.000000 0.000000 2.790941 0.088722 0.050058
    7 0.252449 -0.450151 0.014884 2.961090 -0.113350 -0.085454
    8 3.323328 0.233761 1.479089 -0.333209 0.246217 1.117906
    9 0.331326 -0.384609 -0.028515 2.751210 -0.062475 0.301804
    10 0.963098 0.000000 0.000000 -0.065421 0.021106 0.723381
    11 0.219801 -0.039763 0.000647 2.771360 0.018767 0.255174
    12 0.682896 0.000002 0.000000 -0.066772 -0.016348 0.172137
    13 0.237805 0.264544 -0.007074 2.776430 0.037665 -0.015667
    14 3.632759 0.059072 0.757512 -0.195412 0.113991 0.965182
    15 0.466810 -0.831947 0.013376 2.881400 0.028647 0.343212
    16 1.500140 0.000000 -0.000003 -0.047410 0.059127 1.174020
    17 0.319986 -0.324402 -0.027586 2.877640 0.022726 0.214012
    18 0.905666 0.000000 0.000001 -0.074935 -0.011189 0.131692
    19 0.492504 -0.086171 -0.084238 2.879510 0.064298 0.261627
    20 3.799519 0.014969 -0.039935 -0.133690 0.021513 0.762244
    21 0.217894 -0.825647 0.038806 3.038690 -0.013998 0.239370
    22 1.774879 -0.000002 0.000001 -0.003387 0.018587 1.449295
    23 -0.011930 -0.409492 0.022487 3.039220 -0.018455 0.224297
    24 1.008837 0.000001 -0.000001 -0.018888 0.000499 0.084454
    25 0.062305 -0.120462 0.017525 3.043570 -0.040149 0.014192
    26 3.773769 0.133240 -0.970558 -0.013200 0.169597 0.017129
    27 0.276640 -0.495263 -0.109455 -3.042850 -0.074739 0.140309
    28 1.433455 -0.000001 0.000002 0.000000 0.000000 1.027190
    29 0.534334 -0.269066 0.018936 -3.047540 -0.084662 0.175451
    30 1.019160 0.000002 -0.000001 0.000000 0.000000 0.420183
    31 0.591927 -0.092812 0.111916 -3.044020 -0.081575 0.092229
    32 1.149530 0.416493 -1.414110 1.637313 0.502666 0.152269
    33 -0.152565 -0.022695 0.475140 0.134276 0.161355 -0.294699
    34 1.263880 0.000000 -0.000001 0.000000 0.000000 0.095331
    35 0.204777 -0.431778 0.089654 0.168587 0.067859 -0.050505
    36 1.188936 0.000000 0.000001 -0.009661 -0.002767 -0.227692
    37 -0.017635 -0.420529 -0.022252 0.227339 0.046996 0.081353
    38 3.439439 -16.542236 -10.017149 -2.825793 -0.301881 -2.299993
    39 -10.722298 -0.506103 -0.017994 1.584990 0.010515 0.041378
    40 -10.306840 -1.846472 -10.673380 -2.138942 -0.283332 -1.130525
    41 0.294731 -0.017813 0.157481 0.029130 0.054919 0.004544
    42 5.740848 0.000000 -0.000001 0.000092 0.000000 -0.000008
    43 10.281296 -0.016083 0.132702 0.000149 0.000000 0.000000
    44 10.295597 0.000001 0.000000 2.132131 0.278526 0.313414
    45 3.183594 1.209961 0.395508 1.726761 0.024381 1.531556
    46 0.000000 1.663440 1.993458 0.000000 0.000000 0.000000
    47 0.000000 0.079149 6.178666 -0.027841 0.000000 0.000000
    48 0.000002 3.466950 2.698286 3.141593 0.004367 3.141593
    49 0.032274 0.082292 -0.974221 0.000000 0.000000 0.000000
    50 0.283657 -0.262681 -0.016718 3.136930 0.073998 -0.078846
    51 3.323318 0.233760 -1.479091 0.587868 0.106863 1.379072
    52 0.422707 -0.406992 0.168743 -2.735260 0.184776 0.303777
    53 0.963103 0.000001 -0.000001 0.038624 -0.004207 0.700147
    54 0.441121 -0.147523 -0.014119 -2.793600 0.005348 0.279055
    55 0.682898 0.000000 0.000000 0.038155 -0.007330 0.781276
    56 0.382509 0.011353 0.014142 -2.816920 -0.081657 0.157045
    57 3.632760 0.059067 -0.757513 0.326256 0.151989 1.274562
    58 0.489260 -0.525216 0.053914 -3.074870 0.011878 0.210808
    59 1.500140 -0.000002 0.000000 0.027886 -0.039274 1.247669
    60 0.467742 -0.219619 0.031131 -3.081490 -0.013760 0.185349
    61 0.905654 0.000000 0.000000 0.027853 -0.039256 1.247646
    62 0.503673 -0.044144 -0.005648 -3.101730 -0.045027 0.343288
    63 3.799520 0.014976 0.039936 0.274846 0.278809 1.147669
    64 0.352883 -0.530994 0.013656 3.048800 0.018771 0.168551
    65 1.774880 0.000001 0.000000 0.015546 -0.026858 1.207274
    66 0.123960 -0.267018 -0.045197 3.038230 0.016899 0.163207
    67 1.008841 0.000000 0.000000 0.015532 -0.026817 1.207244
    68 -0.091995 -0.117643 -0.068578 3.035060 0.049848 0.104967
    69 3.773758 0.133240 0.970555 0.009971 0.253127 0.024189
    70 0.266356 -0.315424 0.022796 2.894160 -0.011217 0.140937
    71 1.433460 -0.000001 0.000000 0.021781 -0.008209 0.379577
    72 0.232987 -0.175441 0.051954 2.850500 0.105025 0.006572
    73 1.019161 0.000000 0.000000 0.021765 -0.008159 0.379571
    74 0.199651 -0.182736 -0.019174 2.866800 0.015134 0.022335
    75 1.149521 0.416503 1.414108 -1.721269 0.212649 0.717977
    76 -0.259195 -0.126472 -0.187737 -0.320833 -0.178068 -0.144302
    77 1.263870 0.000000 0.000000 0.000000 0.000000 0.198808
    78 -0.023456 -0.272392 0.128637 -0.377946 -0.139541 -0.070537
    79 1.188940 0.000000 0.000000 0.006461 0.000252 0.052438
    80 -0.027065 -0.282838 0.274405 -0.453086 -0.085008 -0.010295
    81 -10.306840 -1.846472 -10.673380 -1.630899 -0.283505 -1.130700
    82 -10.722400 -0.506063 0.017998 0.014153 -0.011625 0.041372
    83 -3.999805 -12.483208 -4.764539 -0.000857 -0.021157 -0.003650
  time 125
    0 0.000000 0.000000 0.000000 3.137881 0.003712 -0.000007
    1 0.000000 2.500000 -0.399902 -1.570970 0.000084 -0.000048
    2 3.439439 -16.542236 -10.017149 -1.019780 -0.301907 -2.300017
    3 0.237000 -0.019106 -0.353871 -0.031846 -0.060887 0.001610
    4 5.740851 0.000002 0.000000 0.000673 0.000000 0.000000
    5 10.321901 0.003155 0.187182 -0.229226 0.027369 0.027690
    6 10.295601 0.000000 0.000000 2.790941 0.088722 0.050058
    7 0.252449 -0.450151 0.014884 2.961090 -0.113350 -0.085454
    8 3.323328 0.233761 1.479089 -0.333209 0.246217 1.117906
    9 0.331326 -0.384609 -0.028515 2.751210 -0.062475 0.301804
    10 0.963098 0.000000 0.000000 -0.065421 0.021106 0.723381
    11 0.219801 -0.039763 0.000647 2.771360 0.018767 0.255174
    12 0.682896 0.000002 0.000000 -0.066772 -0.016348 0.172137
    13 0.237805 0.264544 -0.007074 2.776430 0.037665 -0.015667
    14 3.632759 0.059072 0.757512 -0.195412 0.113991 0.965182
    15 0.466810 -0.831947 0.013376 2.881400 0.028647 0.343212
    16 1.500140 0.000000 -0.000003 -0.047410 0.059127 1.174020
    17 0.319986 -0.324402 -0.027586 2.877640 0.022726 0.214012
    18 0.905666 0.000000 0.000001 -0.074935 -0.011189 0.131692
    19 0.492504 -0.086171 -0.084238 2.879510 0.064298 0.261627
    20 3.799519 0.014969 -0.039935 -0.133690 0.021513 0.762244
    21 0.217894 -0.825647 0.038806 3.038690 -0.013998 0.239370
    22 1.774879 -0.000002 0.000001 -0.003387 0.018587 1.449295
    23 -0.011930 -0.409492 0.022487 3.039220 -0.018455 0.224297
    24 1.008837 0.000001 -0.000001 -0.018888 0.000499 0.084454
    25 0.062305 -0.120462 0.017525 3.043570 -0.040149 0.014192
    26 3.773769 0.133240 -0.970558 -0.013200 0.169597 0.017129
    27 0.276640 -0.495263 -0.109455 -3.042850 -0.074739 0.140309
    28 1.433455 -0.000001 0.000002 0.000000 0.000000 1.027190
    29 0.534334 -0.269066 0.018936 -3.047540 -0.084662 0.175451
    30 1.019160 0.000002 -0.000001 0.000000 0.000000 0.420183
    31 0.591927 -0.092812 0.111916 -3.044020 -0.081575 0.092229
    32 1.149530 0.416493 -1.414110 1.637313 0.502666 0.152269
    33 -0.152565 -0.022695 0.475140 0.134276 0.161355 -0.294699
    34 1.263880 0.000000 -0.000001 0.000000 0.000000 0.095331
    35 0.204777 -0.431778 0.089654 0.168587 0.067859 -0.050505
    36 1.188936 0.000000 0.000001 -0.009661 -0.002767 -0.227692
    37 -0.017635 -0.420529 -0.022252 0.227339 0.046996 0.081353
    38 3.439439 -16.542236 -10.017149 -2.825793 -0.301881 -2.299993
    39 -10.722298 -0.506103 -0.017994 1.584990 0.010515 0.041378
    40 -10.306840 -1.846472 -10.673380 -2.138942 -0.283332 -1.130525
    41 0.294731 -0.017813 0.157481 0.029130 0.054919 0.004544
    42 5.740848 0.000000 -0.000001 0.000092 0.000000 -0.000008
    43 10.281296 -0.016083 0.132702 0.000149 0.000000 0.000000
    44 10.295597 0.000001 0.000000 2.132131 0.278526 0.313414
    45 3.183594 1.209961 0.395508 1.726761 0.024381 1.531556
    46 0.000000 1.663440 1.993458 0.000000 0.000000 0.000000
    47 0.000000 0.079149 6.178666 -0.027841 0.000000 0.000000
    48 0.000002 3.466950 2.698286 3.141593 0.004367 3.141593
    49 0.032274 0.082292 -0.974221 0.000000 0.000000 0.000000
    50 0.283657 -0.262681 -0.016718 3.136930 0.073998 -0.078846
    51 3.323318 0.233760 -1.479091 0.587868 0.106851 1.379110
    52 0.422707 -0.406992 0.168743 -2.735260 0.184776 0.303777
    53 0.963103 0.000001 -0.000001 0.038612 -0.004207 0.700147
    54 0.441121 -0.147523 -0.014119 -2.793600 0.005348 0.279055
    55 0.682898 0.000000 0.000000 0.038155 -0.007330 0.781276
    56 0.382509 0.011353 0.014142 -2.816920 -0.081657 0.157045
    57 3.632760 0.059067 -0.757513 0.326256 0.151989 1.274562
    58 0.489260 -0.525216 0.053914 -3.074870 0.011878 0.210808
    59 1.500140 -0.000002 0.000000 0.027886 -0.039274 1.247669
    60 0.467742 -0.219619 0.031131 -3.081490 -0.013760 0.185349
    61 0.905654 0.000000 0.000000 0.027853 -0.039256 1.247646
    62 0.503673 -0.044144 -0.005648 -3.101730 -0.045027 0.343288
    63 3.799520 0.014976 0.039936 0.274870 0.278809 1.147725
    64 0.352883 -0.530994 0.013656 3.048800 0.018771 0.168551
    65 1.774880 0.000001 0.000000 0.015546 -0.026858 1.207274
    66 0.123960 -0.267018 -0.045197 3.038230 0.016899 0.163207
    67 1.008841 0.000000 0.000000 0.015544 -0.026829 1.207212
    68 -0.091995 -0.117643 -0.068578 3.035060 0.049848 0.104967
    69 3.773758 0.133240 0.970555 0.009971 0.253127 0.024189
    70 0.266356 -0.315424 0.022796 2.894160 -0.011217 0.140937
    71 1.433460 -0.000001 0.000000 0.021781 -0.008209 0.379577
    72 0.232987 -0.175441 0.051954 2.850500 0.105025 0.006572
    73 1.019161 0.000000 0.000000 0.021777 -0.008183 0.379571
    74 0.199651 -0.182736 -0.019174 2.866800 0.015134 0.022335
    75 1.149521 0.416503 1.414108 -1.721257 0.212606 0.717977
    76 -0.259195 -0.126472 -0.187737 -0.320833 -0.178068 -0.144302
    77 1.263870 0.000000 0.000000 0.000000 0.000000 0.198808
    78 -0.023456 -0.272392 0.128637 -0.377946 -0.139541 -0.070537
    79 1.188940 0.000000 0.000000 0.006461 0.000252 0.052438
    80 -0.027065 -0.282838 0.274405 -0.453086 -0.085008 -0.010295
    81 -10.306840 -1.846472 -10.673380 -1.630899 -0.283505 -1.130700
    82 -10.722400 -0.506063 0.017998 0.014153 -0.011625 0.041372
    83 -3.999805 -12.483208 -4.764539 -0.000857 -0.021157 -0.003650
end
